MDTU,|Tr(Lx)|,|Tr(Ly)|
1,0.247087,0.188626
2,0.247087,0.188626
3,0.244344,0.214262
4,0.244344,0.214262
5,0.265216,0.198967
6,0.223515,0.231552
7,0.223515,0.231552
8,0.162742,0.197217
9,0.168169,0.233864
10,0.193383,0.187727
11,0.193383,0.187727
12,0.189655,0.11643
13,0.169314,0.171381
14,0.169314,0.171381
15,0.169314,0.171381
16,0.169314,0.171381
17,0.169314,0.171381
18,0.169314,0.171381
19,0.149086,0.195583
20,0.149086,0.195583
21,0.0875392,0.182622
22,0.102962,0.165296
23,0.102962,0.165296
24,0.0855568,0.198838
25,0.0855568,0.198838
26,0.0855568,0.198838
27,0.0855568,0.198838
28,0.0855568,0.198838
29,0.0269477,0.202022
30,0.0680239,0.236997
31,0.121618,0.176602
32,0.121618,0.176602
33,0.121618,0.176602
34,0.11884,0.168541
35,0.11884,0.168541
36,0.11884,0.168541
37,0.0534033,0.141348
38,0.075122,0.113042
39,0.075122,0.113042
40,0.075122,0.113042
41,0.075122,0.113042
42,0.075122,0.113042
43,0.00286989,0.106026
44,0.00550108,0.128302
45,0.0957937,0.16316
46,0.121945,0.241797
47,0.121945,0.241797
48,0.121945,0.241797
49,0.121945,0.241797
50,0.121945,0.241797
51,0.0673995,0.238546
52,0.0673995,0.238546
53,0.0913095,0.267327
54,0.0913095,0.267327
55,0.0506169,0.223873
56,0.0506169,0.223873
57,0.0506169,0.223873
58,0.0342593,0.225123
59,0.0342593,0.225123
60,0.123716,0.190597
61,0.123716,0.190597
62,0.109148,0.244675
63,0.114596,0.260146
64,0.114596,0.260146
65,0.0933404,0.240871
66,0.174128,0.241188
67,0.189321,0.235986
68,0.189321,0.235986
69,0.197376,0.096957
70,0.197376,0.096957
71,0.208776,0.12941
72,0.208776,0.12941
73,0.23202,0.0821519
74,0.248953,0.0901152
75,0.248953,0.0901152
76,0.248953,0.0901152
77,0.248953,0.0901152
78,0.280836,0.18079
79,0.245131,0.0981158
80,0.297242,0.107024
81,0.297242,0.107024
82,0.304266,0.0435382
83,0.304266,0.0435382
84,0.304266,0.0435382
85,0.304266,0.0435382
86,0.304266,0.0435382
87,0.304266,0.0435382
88,0.304266,0.0435382
89,0.316609,0.0329311
90,0.316609,0.0329311
91,0.319777,0.0389992
92,0.229738,0.0951654
93,0.229738,0.0951654
94,0.247651,0.0428092
95,0.247651,0.0428092
96,0.1791,0.0890704
97,0.1791,0.0890704
98,0.181745,0.0971462
99,0.272544,0.130444
100,0.198676,0.114381
101,0.224275,0.130963
102,0.224275,0.130963
103,0.224275,0.130963
104,0.181147,0.165895
105,0.183435,0.120191
106,0.183435,0.120191
107,0.183435,0.120191
108,0.234776,0.0588548
109,0.198546,0.0635634
110,0.183396,0.114846
111,0.16694,0.0822302
112,0.202088,0.140393
113,0.195522,0.121345
114,0.177698,0.11623
115,0.177698,0.11623
116,0.172827,0.142158
117,0.182493,0.145459
118,0.201769,0.139662
119,0.201769,0.139662
120,0.198175,0.18043
121,0.127329,0.188176
122,0.152919,0.168403
123,0.145154,0.212364
124,0.155469,0.171314
125,0.155469,0.171314
126,0.155469,0.171314
127,0.16687,0.21462
128,0.209289,0.200215
129,0.209289,0.200215
130,0.161701,0.26699
131,0.249182,0.267852
132,0.249182,0.267852
133,0.234704,0.263478
134,0.234704,0.263478
135,0.14345,0.305625
136,0.223994,0.401094
137,0.223994,0.401094
138,0.294308,0.381206
139,0.243573,0.355398
140,0.215061,0.320824
141,0.252821,0.335113
142,0.299799,0.306575
143,0.294924,0.229596
144,0.233104,0.314277
145,0.235922,0.317299
146,0.200441,0.327212
147,0.258641,0.266497
148,0.230902,0.280263
149,0.230902,0.280263
150,0.279184,0.313748
151,0.279184,0.313748
152,0.279184,0.313748
153,0.29228,0.34839
154,0.254219,0.352955
155,0.247668,0.304542
156,0.326922,0.332581
157,0.326922,0.332581
158,0.326922,0.332581
159,0.326922,0.332581
160,0.293932,0.259462
161,0.27275,0.212956
162,0.218841,0.230497
163,0.186378,0.347478
164,0.186378,0.347478
165,0.132704,0.422958
166,0.196221,0.461148
167,0.196221,0.461148
168,0.196221,0.461148
169,0.112262,0.502023
170,0.112262,0.502023
171,0.152221,0.47613
172,0.120607,0.493329
173,0.153871,0.529183
174,0.137142,0.560592
175,0.137142,0.560592
176,0.0745799,0.593049
177,0.0937438,0.664456
178,0.137963,0.60097
179,0.194362,0.658901
180,0.160559,0.647434
181,0.15727,0.63027
182,0.15727,0.63027
183,0.151832,0.639982
184,0.184493,0.527054
185,0.184493,0.527054
186,0.184493,0.527054
187,0.184493,0.527054
188,0.184493,0.527054
189,0.260252,0.514343
190,0.260252,0.514343
191,0.242505,0.603506
192,0.207221,0.583269
193,0.20118,0.552919
194,0.237712,0.56951
195,0.237712,0.56951
196,0.266093,0.532818
197,0.325247,0.552126
198,0.325247,0.552126
199,0.32395,0.566122
200,0.32395,0.566122
201,0.32395,0.566122
202,0.275705,0.529686
203,0.240692,0.500031
204,0.240692,0.500031
205,0.206863,0.569468
206,0.206863,0.569468
207,0.206863,0.569468
208,0.188047,0.511355
209,0.18394,0.5481
210,0.139081,0.539094
211,0.139081,0.539094
212,0.139081,0.539094
213,0.186248,0.523767
214,0.186248,0.523767
215,0.103858,0.576751
216,0.148416,0.526646
217,0.0528422,0.444719
218,0.180699,0.462739
219,0.231444,0.43088
220,0.231444,0.43088
221,0.331148,0.453326
222,0.331148,0.453326
223,0.295816,0.48008
224,0.331283,0.448772
225,0.366316,0.370064
226,0.366316,0.370064
227,0.339943,0.38407
228,0.339943,0.38407
229,0.364842,0.354294
230,0.312571,0.369508
231,0.312571,0.369508
232,0.312571,0.369508
233,0.374992,0.424701
234,0.390988,0.396231
235,0.397075,0.400996
236,0.380628,0.34289
237,0.330799,0.226854
238,0.268667,0.281477
239,0.268667,0.281477
240,0.324891,0.300297
241,0.404339,0.241959
242,0.429037,0.187772
243,0.429037,0.187772
244,0.474717,0.189917
245,0.474717,0.189917
246,0.414561,0.14598
247,0.414561,0.14598
248,0.414561,0.14598
249,0.366178,0.156464
250,0.303502,0.165019
251,0.303502,0.165019
252,0.302743,0.0646341
253,0.360969,0.0737612
254,0.373951,0.158808
255,0.267993,0.102009
256,0.267993,0.102009
257,0.394262,0.100922
258,0.467925,0.1198
259,0.448371,0.198535
260,0.440835,0.177124
261,0.481623,0.191744
262,0.481623,0.191744
263,0.467732,0.257146
264,0.488704,0.252811
265,0.407851,0.184434
266,0.407965,0.127865
267,0.414592,0.0868074
268,0.414592,0.0868074
269,0.421005,0.0969297
270,0.488207,0.150965
271,0.488207,0.150965
272,0.488207,0.150965
273,0.481455,0.193885
274,0.505768,0.124608
275,0.588513,0.138012
276,0.53852,0.142564
277,0.53852,0.142564
278,0.578489,0.172732
279,0.578489,0.172732
280,0.526069,0.194806
281,0.526069,0.194806
282,0.526069,0.194806
283,0.451983,0.193755
284,0.446825,0.220121
285,0.446825,0.220121
286,0.486805,0.197265
287,0.432485,0.234571
288,0.421869,0.275524
289,0.421869,0.275524
290,0.350461,0.246506
291,0.390739,0.263739
292,0.39405,0.342039
293,0.39405,0.342039
294,0.387593,0.380914
295,0.387593,0.380914
296,0.387593,0.380914
297,0.387593,0.380914
298,0.387721,0.396229
299,0.387721,0.396229
300,0.412388,0.357698
301,0.41973,0.315115
302,0.41973,0.315115
303,0.421521,0.352377
304,0.485417,0.312642
305,0.534751,0.381554
306,0.585917,0.327916
307,0.585917,0.327916
308,0.585917,0.327916
309,0.508896,0.439009
310,0.522142,0.393847
311,0.493301,0.363859
312,0.504116,0.383758
313,0.457642,0.49377
314,0.457642,0.49377
315,0.457642,0.49377
316,0.475135,0.496298
317,0.475135,0.496298
318,0.545393,0.484178
319,0.544694,0.487231
320,0.418527,0.529454
321,0.423223,0.572625
322,0.452803,0.503334
323,0.373498,0.479785
324,0.309012,0.542573
325,0.309012,0.542573
326,0.328758,0.548811
327,0.216981,0.548311
328,0.314346,0.58624
329,0.268497,0.599296
330,0.251113,0.572958
331,0.251113,0.572958
332,0.32423,0.566479
333,0.316827,0.509577
334,0.316827,0.509577
335,0.300541,0.536616
336,0.332303,0.485649
337,0.373423,0.461817
338,0.373423,0.461817
339,0.37187,0.467551
340,0.388954,0.488859
341,0.388954,0.488859
342,0.400782,0.432323
343,0.381023,0.377477
344,0.415869,0.419424
345,0.344167,0.43602
346,0.344167,0.43602
347,0.344167,0.43602
348,0.344167,0.43602
349,0.441321,0.412072
350,0.499928,0.42838
351,0.499928,0.42838
352,0.440711,0.478967
353,0.440711,0.478967
354,0.440711,0.478967
355,0.440711,0.478967
356,0.421617,0.443272
357,0.439787,0.445216
358,0.405142,0.505081
359,0.43315,0.559575
360,0.421547,0.564049
361,0.421547,0.564049
362,0.43071,0.528621
363,0.43071,0.528621
364,0.480166,0.564116
365,0.480166,0.564116
366,0.402661,0.600035
367,0.331659,0.518493
368,0.408106,0.52476
369,0.372054,0.44603
370,0.412599,0.499636
371,0.366749,0.488453
372,0.430328,0.512052
373,0.37061,0.550558
374,0.38697,0.565229
375,0.38697,0.565229
376,0.38697,0.565229
377,0.268085,0.497043
378,0.31813,0.526744
379,0.31813,0.526744
380,0.31813,0.526744
381,0.43259,0.511811
382,0.346401,0.520582
383,0.326407,0.490855
384,0.238604,0.519797
385,0.306424,0.566802
386,0.375904,0.590295
387,0.375904,0.590295
388,0.369867,0.537423
389,0.327046,0.545961
390,0.339917,0.598295
391,0.29964,0.613009
392,0.263742,0.702083
393,0.263742,0.702083
394,0.306748,0.684469
395,0.310197,0.653114
396,0.31895,0.578857
397,0.31895,0.578857
398,0.336609,0.566727
399,0.432966,0.540057
400,0.482225,0.440165
401,0.442017,0.510346
402,0.442017,0.510346
403,0.425603,0.489826
404,0.425603,0.489826
405,0.425603,0.489826
406,0.366553,0.431438
407,0.399056,0.480118
408,0.354289,0.44343
409,0.373669,0.473238
410,0.3447,0.465934
411,0.3447,0.465934
412,0.30915,0.537535
413,0.268882,0.571821
414,0.268882,0.571821
415,0.279191,0.588821
416,0.238568,0.535934
417,0.282788,0.536791
418,0.282788,0.536791
419,0.355867,0.492376
420,0.293892,0.497827
421,0.314686,0.474167
422,0.314686,0.474167
423,0.298798,0.433007
424,0.323843,0.483645
425,0.314388,0.504834
426,0.275179,0.578167
427,0.228544,0.582563
428,0.228544,0.582563
429,0.191888,0.594468
430,0.191888,0.594468
431,0.206373,0.609858
432,0.199763,0.565491
433,0.199763,0.565491
434,0.178626,0.527907
435,0.155923,0.542412
436,0.180549,0.543161
437,0.248949,0.54623
438,0.218954,0.494953
439,0.218954,0.494953
440,0.220293,0.47957
441,0.127211,0.585066
442,0.212698,0.501228
443,0.212698,0.501228
444,0.243714,0.496523
445,0.247309,0.522673
446,0.247309,0.522673
447,0.247309,0.522673
448,0.247309,0.522673
449,0.247309,0.522673
450,0.204097,0.611036
451,0.204097,0.611036
452,0.143483,0.564882
453,0.143483,0.564882
454,0.143483,0.564882
455,0.198936,0.589551
456,0.198936,0.589551
457,0.194612,0.651782
458,0.185479,0.654718
459,0.209115,0.636597
460,0.235709,0.599338
461,0.205013,0.580152
462,0.205013,0.580152
463,0.205013,0.580152
464,0.16669,0.571219
465,0.16669,0.571219
466,0.16669,0.571219
467,0.13777,0.592472
468,0.13777,0.592472
469,0.12674,0.537884
470,0.12674,0.537884
471,0.183562,0.495354
472,0.17181,0.457725
473,0.175199,0.452858
474,0.175199,0.452858
475,0.186655,0.559586
476,0.184442,0.578859
477,0.184442,0.578859
478,0.275983,0.532627
479,0.339668,0.54543
480,0.311705,0.503023
481,0.335208,0.558708
482,0.304341,0.570179
483,0.372914,0.50605
484,0.371645,0.55067
485,0.398603,0.577766
486,0.301707,0.57733
487,0.301707,0.57733
488,0.260718,0.585999
489,0.268826,0.628839
490,0.324112,0.567492
491,0.324112,0.567492
492,0.435189,0.61575
493,0.479494,0.568792
494,0.447777,0.559869
495,0.447777,0.559869
496,0.417035,0.574497
497,0.417035,0.574497
498,0.417035,0.574497
499,0.428408,0.48369
500,0.428408,0.48369
501,0.47263,0.527603
502,0.47263,0.527603
503,0.445648,0.493717
504,0.445648,0.493717
505,0.466573,0.461194
506,0.466573,0.461194
507,0.437363,0.496931
508,0.437363,0.496931
509,0.487902,0.468466
510,0.519613,0.459155
511,0.450151,0.515623
512,0.520933,0.532966
513,0.520933,0.532966
514,0.512897,0.517159
515,0.615711,0.476539
516,0.615711,0.476539
517,0.60782,0.465039
518,0.60782,0.465039
519,0.60782,0.465039
520,0.60782,0.465039
521,0.586665,0.359375
522,0.586665,0.359375
523,0.625945,0.362002
524,0.625945,0.362002
525,0.523763,0.363803
526,0.493481,0.39346
527,0.530925,0.3359
528,0.566804,0.349456
529,0.527854,0.388375
530,0.517516,0.319332
531,0.517516,0.319332
532,0.517516,0.319332
533,0.520772,0.282764
534,0.504063,0.280391
535,0.496958,0.27967
536,0.417578,0.277904
537,0.487415,0.270178
538,0.498156,0.315209
539,0.520407,0.365614
540,0.566024,0.366937
541,0.566024,0.366937
542,0.564995,0.358893
543,0.586633,0.359962
544,0.606877,0.335617
545,0.534236,0.312256
546,0.575291,0.347889
547,0.531602,0.272916
548,0.531602,0.272916
549,0.555297,0.26758
550,0.555297,0.26758
551,0.640192,0.311063
552,0.648435,0.237401
553,0.643707,0.183725
554,0.576129,0.227175
555,0.576129,0.227175
556,0.576129,0.227175
557,0.546356,0.195185
558,0.546356,0.195185
559,0.527367,0.301643
560,0.516597,0.251836
561,0.516597,0.251836
562,0.45661,0.304582
563,0.440781,0.327144
564,0.447994,0.341902
565,0.434471,0.245523
566,0.490802,0.249304
567,0.534533,0.271238
568,0.560358,0.250866
569,0.5001,0.192593
570,0.519181,0.266881
571,0.519181,0.266881
572,0.440596,0.237052
573,0.440596,0.237052
574,0.440596,0.237052
575,0.440596,0.237052
576,0.439808,0.251217
577,0.468872,0.252675
578,0.529727,0.237428
579,0.545862,0.31662
580,0.545862,0.31662
581,0.545862,0.31662
582,0.497354,0.321181
583,0.518613,0.240031
584,0.574996,0.309758
585,0.581293,0.352962
586,0.581293,0.352962
587,0.570157,0.327781
588,0.593851,0.31595
589,0.495715,0.323832
590,0.557956,0.402053
591,0.390351,0.355406
592,0.497748,0.378722
593,0.497748,0.378722
594,0.435131,0.468682
595,0.447062,0.407318
596,0.379736,0.374646
597,0.379736,0.374646
598,0.383556,0.374956
599,0.383556,0.374956
600,0.467786,0.392542
601,0.457632,0.447642
602,0.40691,0.432791
603,0.343169,0.41659
604,0.343169,0.41659
605,0.300473,0.44326
606,0.365045,0.378452
607,0.381466,0.321294
608,0.425383,0.320164
609,0.438359,0.289157
610,0.458298,0.333653
611,0.492824,0.277544
612,0.452701,0.236407
613,0.524416,0.153722
614,0.480476,0.148977
615,0.46073,0.117333
616,0.493332,0.153299
617,0.493332,0.153299
618,0.493332,0.153299
619,0.454961,0.179668
620,0.472452,0.22649
621,0.472452,0.22649
622,0.442879,0.262937
623,0.525963,0.228917
624,0.525963,0.228917
625,0.506138,0.261635
626,0.507109,0.223977
627,0.460816,0.128358
628,0.460816,0.128358
629,0.460816,0.128358
630,0.489859,0.180675
631,0.489859,0.180675
632,0.489859,0.180675
633,0.452662,0.181731
634,0.452662,0.181731
635,0.412072,0.303152
636,0.417417,0.333198
637,0.417417,0.333198
638,0.52893,0.323601
639,0.52893,0.323601
640,0.52893,0.323601
641,0.580846,0.283784
642,0.514554,0.264266
643,0.514554,0.264266
644,0.612845,0.286059
645,0.622003,0.268961
646,0.622003,0.268961
647,0.606967,0.279204
648,0.548535,0.27942
649,0.556299,0.271312
650,0.57537,0.338108
651,0.590759,0.338639
652,0.599674,0.361715
653,0.599674,0.361715
654,0.641368,0.318586
655,0.59641,0.229493
656,0.59641,0.229493
657,0.580562,0.227743
658,0.523032,0.312438
659,0.523032,0.312438
660,0.543749,0.376845
661,0.572952,0.361933
662,0.566177,0.343189
663,0.546725,0.364975
664,0.532971,0.435428
665,0.496216,0.512093
666,0.512075,0.510135
667,0.464915,0.543179
668,0.464915,0.543179
669,0.421255,0.555186
670,0.444476,0.622859
671,0.432923,0.548865
672,0.429819,0.541706
673,0.427252,0.590994
674,0.427252,0.590994
675,0.403927,0.529036
676,0.403927,0.529036
677,0.403927,0.529036
678,0.403359,0.511136
679,0.435933,0.491732
680,0.426681,0.591854
681,0.426681,0.591854
682,0.456329,0.543087
683,0.399919,0.552646
684,0.399919,0.552646
685,0.399919,0.552646
686,0.355689,0.565339
687,0.467924,0.617714
688,0.467924,0.617714
689,0.487304,0.578349
690,0.481052,0.542417
691,0.46596,0.562249
692,0.46596,0.562249
693,0.46596,0.562249
694,0.40358,0.580616
695,0.40358,0.580616
696,0.40358,0.580616
697,0.40358,0.580616
698,0.40358,0.580616
699,0.40358,0.580616
700,0.40358,0.580616
701,0.379566,0.584406
702,0.403678,0.58694
703,0.436959,0.606754
704,0.436959,0.606754
705,0.436959,0.606754
706,0.436959,0.606754
707,0.436959,0.606754
708,0.436959,0.606754
709,0.425785,0.550198
710,0.398034,0.537775
711,0.398034,0.537775
712,0.413,0.512888
713,0.405968,0.561678
714,0.379332,0.530874
715,0.379332,0.530874
716,0.330937,0.481747
717,0.330937,0.481747
718,0.32675,0.497513
719,0.379788,0.471064
720,0.375663,0.558629
721,0.36759,0.512284
722,0.408265,0.497248
723,0.393075,0.547702
724,0.47369,0.600173
725,0.495755,0.632006
726,0.408661,0.630621
727,0.40874,0.647037
728,0.400673,0.693293
729,0.382569,0.617076
730,0.330791,0.614671
731,0.382874,0.630325
732,0.369054,0.666542
733,0.374049,0.684473
734,0.349385,0.650438
735,0.349385,0.650438
736,0.335683,0.62921
737,0.335683,0.62921
738,0.322432,0.650237
739,0.322432,0.650237
740,0.322432,0.650237
741,0.375098,0.658392
742,0.40771,0.651828
743,0.396305,0.654677
744,0.396305,0.654677
745,0.380908,0.665482
746,0.380908,0.665482
747,0.35381,0.666967
748,0.32453,0.656811
749,0.276834,0.638744
750,0.276834,0.638744
751,0.286538,0.583522
752,0.286538,0.583522
753,0.286538,0.583522
754,0.21129,0.634536
755,0.20543,0.672128
756,0.20543,0.672128
757,0.261003,0.630604
758,0.294071,0.682942
759,0.303265,0.683435
760,0.343816,0.627635
761,0.438087,0.578808
762,0.404905,0.587896
763,0.404905,0.587896
764,0.404905,0.587896
765,0.364843,0.525404
766,0.387618,0.528028
767,0.387618,0.528028
768,0.424778,0.538688
769,0.424778,0.538688
770,0.424778,0.538688
771,0.456652,0.500346
772,0.394412,0.511764
773,0.394412,0.511764
774,0.405483,0.48375
775,0.455537,0.511535
776,0.476062,0.552302
777,0.492913,0.568068
778,0.564307,0.536292
779,0.564307,0.536292
780,0.564307,0.536292
781,0.564307,0.536292
782,0.522398,0.556224
783,0.522398,0.556224
784,0.461005,0.554466
785,0.401605,0.560874
786,0.381633,0.465024
787,0.381633,0.465024
788,0.431488,0.475839
789,0.52213,0.492218
790,0.509847,0.4313
791,0.52873,0.467169
792,0.52873,0.467169
793,0.561782,0.467703
794,0.561782,0.467703
795,0.504015,0.516074
796,0.504015,0.516074
797,0.504015,0.516074
798,0.540919,0.517852
799,0.540919,0.517852
800,0.451076,0.465552
801,0.419897,0.467153
802,0.527024,0.48763
803,0.534379,0.486781
804,0.534379,0.486781
805,0.534379,0.486781
806,0.517517,0.45627
807,0.513217,0.454605
808,0.415199,0.4091
809,0.398075,0.368855
810,0.419324,0.327399
811,0.419324,0.327399
812,0.478566,0.398359
813,0.504356,0.338843
814,0.528675,0.320886
815,0.540969,0.193762
816,0.526264,0.282291
817,0.50417,0.317084
818,0.50417,0.317084
819,0.464018,0.357898
820,0.535429,0.411367
821,0.509118,0.313004
822,0.474678,0.383121
823,0.474678,0.383121
824,0.494909,0.301172
825,0.466576,0.341927
826,0.440639,0.358184
827,0.440639,0.358184
828,0.352996,0.431671
829,0.422426,0.378658
830,0.405202,0.336992
831,0.365249,0.415209
832,0.412785,0.451201
833,0.355601,0.457707
834,0.355601,0.457707
835,0.355601,0.457707
836,0.455169,0.414464
837,0.394896,0.448712
838,0.394896,0.448712
839,0.394896,0.448712
840,0.342548,0.36263
841,0.342548,0.36263
842,0.334836,0.348015
843,0.334836,0.348015
844,0.33846,0.294814
845,0.363465,0.233842
846,0.449706,0.209526
847,0.414097,0.230887
848,0.492159,0.214812
849,0.491775,0.244189
850,0.491775,0.244189
851,0.511226,0.3569
852,0.46499,0.300484
853,0.470235,0.297722
854,0.470235,0.297722
855,0.470235,0.297722
856,0.561306,0.340741
857,0.552406,0.353421
858,0.552406,0.353421
859,0.609235,0.32156
860,0.590691,0.229118
861,0.590691,0.229118
862,0.590691,0.229118
863,0.590691,0.229118
864,0.578289,0.1963
865,0.586922,0.172626
866,0.586922,0.172626
867,0.586922,0.172626
868,0.607322,0.105234
869,0.627824,0.148272
870,0.536941,0.230917
871,0.576064,0.235855
872,0.576064,0.235855
873,0.576064,0.235855
874,0.576064,0.235855
875,0.561215,0.22997
876,0.556151,0.155627
877,0.566573,0.127879
878,0.564171,0.165688
879,0.527053,0.185432
880,0.541064,0.17754
881,0.541064,0.17754
882,0.53516,0.207942
883,0.53516,0.207942
884,0.524068,0.20049
885,0.488907,0.144554
886,0.514168,0.187927
887,0.508254,0.16456
888,0.479497,0.179282
889,0.479497,0.179282
890,0.479497,0.179282
891,0.479497,0.179282
892,0.49044,0.204578
893,0.478306,0.189397
894,0.480903,0.1757
895,0.480903,0.1757
896,0.458572,0.158018
897,0.458572,0.158018
898,0.442453,0.100763
899,0.435719,0.100635
900,0.500945,0.0552785
901,0.485952,0.0963563
902,0.589922,0.159276
903,0.579411,0.14758
904,0.620171,0.14066
905,0.620171,0.14066
906,0.596871,0.153765
907,0.606817,0.119678
908,0.567633,0.172647
909,0.659274,0.214335
910,0.643851,0.167912
911,0.692499,0.204387
912,0.652456,0.181337
913,0.638917,0.249192
914,0.630314,0.209492
915,0.613988,0.169249
916,0.593181,0.172908
917,0.614813,0.286675
918,0.591379,0.306343
919,0.500325,0.323292
920,0.500325,0.323292
921,0.579185,0.268515
922,0.529448,0.30759
923,0.529448,0.30759
924,0.448604,0.320362
925,0.448604,0.320362
926,0.448604,0.320362
927,0.448604,0.320362
928,0.493809,0.273747
929,0.506823,0.252439
930,0.606185,0.152788
931,0.611665,0.224677
932,0.611665,0.224677
933,0.540664,0.212987
934,0.540664,0.212987
935,0.540664,0.212987
936,0.57654,0.246978
937,0.568892,0.182994
938,0.428882,0.128277
939,0.474982,0.192297
940,0.474982,0.192297
941,0.524113,0.160616
942,0.473166,0.165706
943,0.538043,0.15456
944,0.538043,0.15456
945,0.542856,0.204622
946,0.601197,0.280917
947,0.602879,0.274228
948,0.602879,0.274228
949,0.584961,0.209006
950,0.643915,0.209499
951,0.665573,0.121738
952,0.665573,0.121738
953,0.656774,0.101982
954,0.731305,0.151074
955,0.687653,0.115093
956,0.687653,0.115093
957,0.687653,0.115093
958,0.687653,0.115093
959,0.698041,0.102364
960,0.698041,0.102364
961,0.6408,0.052893
962,0.6408,0.052893
963,0.723753,0.115311
964,0.723753,0.115311
965,0.723753,0.115311
966,0.612078,0.16522
967,0.640914,0.168069
968,0.653013,0.133311
969,0.586377,0.135406
970,0.548964,0.110523
971,0.612617,0.184662
972,0.61347,0.115043
973,0.61347,0.115043
974,0.586759,0.153692
975,0.586759,0.153692
976,0.533149,0.193468
977,0.533149,0.193468
978,0.533149,0.193468
979,0.533149,0.193468
980,0.532141,0.178056
981,0.567985,0.213569
982,0.515837,0.131067
983,0.531479,0.110313
984,0.602497,0.0633077
985,0.586791,0.123643
986,0.586791,0.123643
987,0.586791,0.123643
988,0.622487,0.108042
989,0.644385,0.160199
990,0.601802,0.1616
991,0.605319,0.140458
992,0.686671,0.134357
993,0.63492,0.124097
994,0.63492,0.124097
995,0.563436,0.0946612
996,0.586498,0.100365
997,0.572566,0.0944342
998,0.572566,0.0944342
999,0.559482,0.0541115
1000,0.559482,0.0541115
1001,0.563693,0.0470499
1002,0.563693,0.0470499
1003,0.563693,0.0470499
1004,0.641682,0.0507752
1005,0.641682,0.0507752
1006,0.606582,0.105094
1007,0.636949,0.137376
1008,0.656881,0.0553361
1009,0.578863,0.0121951
1010,0.573917,0.048462
1011,0.573917,0.048462
1012,0.569791,0.0541171
1013,0.569791,0.0541171
1014,0.578717,0.0587912
1015,0.584983,0.0762349
1016,0.581341,0.112113
1017,0.629555,0.0897619
1018,0.493804,0.161152
1019,0.478102,0.136955
1020,0.478102,0.136955
1021,0.569751,0.123096
1022,0.484424,0.10705
1023,0.544204,0.124147
1024,0.569951,0.114508
1025,0.601492,0.105015
1026,0.648076,0.121467
1027,0.643125,0.157955
1028,0.653932,0.177649
1029,0.559924,0.139137
1030,0.574599,0.126367
1031,0.527394,0.108893
1032,0.519506,0.139652
1033,0.519506,0.139652
1034,0.585423,0.052203
1035,0.585423,0.052203
1036,0.585423,0.052203
1037,0.585423,0.052203
1038,0.564599,0.0863405
1039,0.57632,0.073112
1040,0.504116,0.114355
1041,0.524268,0.160716
1042,0.52092,0.219818
1043,0.549203,0.175426
1044,0.551736,0.101889
1045,0.574147,0.116556
1046,0.574147,0.116556
1047,0.514862,0.136939
1048,0.483425,0.0728342
1049,0.544967,0.1906
1050,0.567261,0.209558
1051,0.595331,0.207045
1052,0.620699,0.206945
1053,0.631224,0.233574
1054,0.589378,0.238148
1055,0.578958,0.210753
1056,0.5964,0.142496
1057,0.5964,0.142496
1058,0.519624,0.167058
1059,0.519624,0.167058
1060,0.51682,0.209792
1061,0.527985,0.269838
1062,0.52556,0.325975
1063,0.52556,0.325975
1064,0.52556,0.325975
1065,0.52556,0.325975
1066,0.456982,0.216264
1067,0.412249,0.28376
1068,0.424269,0.29452
1069,0.400495,0.307666
1070,0.528856,0.298825
1071,0.475764,0.392754
1072,0.45771,0.351691
1073,0.45771,0.351691
1074,0.45771,0.351691
1075,0.45771,0.351691
1076,0.464745,0.368937
1077,0.480692,0.411915
1078,0.439364,0.426443
1079,0.34239,0.432257
1080,0.34239,0.432257
1081,0.281284,0.482039
1082,0.281284,0.482039
1083,0.281284,0.482039
1084,0.281284,0.482039
1085,0.320837,0.427494
1086,0.301413,0.429474
1087,0.36827,0.371093
1088,0.408003,0.331266
1089,0.373281,0.336849
1090,0.421969,0.336059
1091,0.391509,0.388397
1092,0.355127,0.39319
1093,0.355127,0.39319
1094,0.355127,0.39319
1095,0.395173,0.395477
1096,0.413436,0.413604
1097,0.341567,0.382514
1098,0.367902,0.394241
1099,0.367902,0.394241
1100,0.420681,0.401244
1101,0.453428,0.389229
1102,0.450263,0.336722
1103,0.406541,0.290997
1104,0.425792,0.238649
1105,0.497885,0.310002
1106,0.485363,0.266611
1107,0.485363,0.266611
1108,0.509156,0.327119
1109,0.509156,0.327119
1110,0.509156,0.327119
1111,0.452524,0.310339
1112,0.528227,0.334615
1113,0.506584,0.333363
1114,0.506584,0.333363
1115,0.453037,0.357849
1116,0.46423,0.38345
1117,0.483175,0.4242
1118,0.483175,0.4242
1119,0.483175,0.4242
1120,0.483175,0.4242
1121,0.434548,0.450043
1122,0.430256,0.383483
1123,0.430256,0.383483
1124,0.430256,0.383483
1125,0.495743,0.350435
1126,0.499985,0.404044
1127,0.499985,0.404044
1128,0.499985,0.404044
1129,0.518196,0.453452
1130,0.541407,0.402969
1131,0.541407,0.402969
1132,0.570986,0.406035
1133,0.617389,0.415493
1134,0.620595,0.465722
1135,0.610777,0.423218
1136,0.651741,0.497908
1137,0.65082,0.428591
1138,0.65082,0.428591
1139,0.65082,0.428591
1140,0.65082,0.428591
1141,0.620305,0.452731
1142,0.528147,0.48832
1143,0.539924,0.468039
1144,0.591912,0.485864
1145,0.594692,0.449236
1146,0.606998,0.350064
1147,0.596161,0.32682
1148,0.582619,0.344221
1149,0.548695,0.303177
1150,0.549816,0.316405
1151,0.597309,0.348739
1152,0.607411,0.302972
1153,0.552319,0.272561
1154,0.551707,0.2594
1155,0.551707,0.2594
1156,0.539317,0.253858
1157,0.553864,0.23245
1158,0.454667,0.410673
1159,0.475614,0.411308
1160,0.470009,0.415186
1161,0.481926,0.447791
1162,0.481926,0.447791
1163,0.481926,0.447791
1164,0.487123,0.507936
1165,0.444564,0.457235
1166,0.420125,0.441755
1167,0.420125,0.441755
1168,0.429084,0.374564
1169,0.429084,0.374564
1170,0.348217,0.427107
1171,0.456302,0.511186
1172,0.358329,0.451845
1173,0.358329,0.451845
1174,0.358329,0.451845
1175,0.358329,0.451845
1176,0.358329,0.451845
1177,0.434108,0.44945
1178,0.399961,0.428514
1179,0.419545,0.460058
1180,0.436748,0.383423
1181,0.523644,0.417232
1182,0.507944,0.419077
1183,0.535053,0.419044
1184,0.535053,0.419044
1185,0.527273,0.423234
1186,0.540275,0.468586
1187,0.593532,0.379611
1188,0.612798,0.371069
1189,0.612798,0.371069
1190,0.610005,0.404987
1191,0.636136,0.387259
1192,0.556494,0.379044
1193,0.568505,0.321742
1194,0.560369,0.353773
1195,0.500702,0.294432
1196,0.450282,0.356525
1197,0.531635,0.34575
1198,0.483783,0.300586
1199,0.483783,0.300586
1200,0.483783,0.300586
1201,0.426639,0.363982
1202,0.438884,0.313713
1203,0.450637,0.442851
1204,0.427046,0.492947
1205,0.441726,0.492789
1206,0.482744,0.511687
1207,0.482744,0.511687
1208,0.43372,0.508746
1209,0.432496,0.489742
1210,0.432496,0.489742
1211,0.432496,0.489742
1212,0.465123,0.577647
1213,0.465123,0.577647
1214,0.509123,0.573011
1215,0.389681,0.610645
1216,0.389681,0.610645
1217,0.433531,0.625223
1218,0.515394,0.635807
1219,0.497581,0.613603
1220,0.503182,0.553809
1221,0.570198,0.540651
1222,0.570449,0.616797
1223,0.571229,0.606381
1224,0.571229,0.606381
1225,0.636423,0.563619
1226,0.633039,0.541728
1227,0.605767,0.54041
1228,0.616535,0.567344
1229,0.616535,0.567344
1230,0.616535,0.567344
1231,0.616535,0.567344
1232,0.609425,0.518536
1233,0.609425,0.518536
1234,0.610668,0.531012
1235,0.588056,0.524172
1236,0.588056,0.524172
1237,0.689565,0.551062
1238,0.684504,0.559886
1239,0.625055,0.533411
1240,0.686977,0.498366
1241,0.648093,0.529461
1242,0.61544,0.510754
1243,0.61544,0.510754
1244,0.640682,0.563846
1245,0.607121,0.589667
1246,0.550352,0.628824
1247,0.550352,0.628824
1248,0.559594,0.632163
1249,0.58971,0.56253
1250,0.58971,0.56253
1251,0.571624,0.515095
1252,0.571624,0.515095
1253,0.617123,0.557962
1254,0.579305,0.52341
1255,0.578601,0.546518
1256,0.563823,0.524325
1257,0.513674,0.556938
1258,0.526581,0.572327
1259,0.532507,0.504842
1260,0.532507,0.504842
1261,0.505343,0.620019
1262,0.479882,0.640511
1263,0.479882,0.640511
1264,0.479882,0.640511
1265,0.479882,0.640511
1266,0.455304,0.600967
1267,0.455304,0.600967
1268,0.408139,0.641549
1269,0.411478,0.616729
1270,0.427694,0.556695
1271,0.49033,0.595307
1272,0.491661,0.589633
1273,0.524391,0.458528
1274,0.462122,0.462678
1275,0.475259,0.477065
1276,0.451533,0.438008
1277,0.451533,0.438008
1278,0.372058,0.406806
1279,0.372058,0.406806
1280,0.352087,0.478823
1281,0.401855,0.461079
1282,0.331469,0.433856
1283,0.331469,0.433856
1284,0.331469,0.433856
1285,0.331469,0.433856
1286,0.362805,0.450697
1287,0.407612,0.450111
1288,0.407612,0.450111
1289,0.426716,0.343841
1290,0.426716,0.343841
1291,0.426716,0.343841
1292,0.425414,0.357427
1293,0.382203,0.371464
1294,0.398309,0.421312
1295,0.412901,0.423704
1296,0.447756,0.472202
1297,0.399247,0.436809
1298,0.399247,0.436809
1299,0.389524,0.432632
1300,0.389524,0.432632
1301,0.378622,0.476656
1302,0.447161,0.460756
1303,0.374879,0.472327
1304,0.345251,0.512301
1305,0.379186,0.497086
1306,0.379186,0.497086
1307,0.385765,0.52873
1308,0.385021,0.518458
1309,0.385021,0.518458
1310,0.385021,0.518458
1311,0.388093,0.598035
1312,0.388093,0.598035
1313,0.388093,0.598035
1314,0.314076,0.597845
1315,0.314076,0.597845
1316,0.356403,0.611027
1317,0.313676,0.575024
1318,0.318073,0.508109
1319,0.425926,0.523155
1320,0.434752,0.526027
1321,0.348091,0.478313
1322,0.348091,0.478313
1323,0.345431,0.556081
1324,0.345431,0.556081
1325,0.363686,0.652464
1326,0.363686,0.652464
1327,0.307704,0.670318
1328,0.321121,0.70048
1329,0.328075,0.667275
1330,0.317375,0.618974
1331,0.400001,0.512157
1332,0.408064,0.566428
1333,0.393983,0.52841
1334,0.42148,0.560518
1335,0.419065,0.459319
1336,0.419065,0.459319
1337,0.419065,0.459319
1338,0.419065,0.459319
1339,0.427673,0.468765
1340,0.427673,0.468765
1341,0.462589,0.455332
1342,0.431928,0.474278
1343,0.456533,0.507348
1344,0.456533,0.507348
1345,0.421438,0.448972
1346,0.382171,0.472323
1347,0.289863,0.466479
1348,0.322786,0.43085
1349,0.314748,0.438146
1350,0.362347,0.44905
1351,0.362347,0.44905
1352,0.374402,0.43774
1353,0.374402,0.43774
1354,0.406801,0.443053
1355,0.406801,0.443053
1356,0.426575,0.456377
1357,0.389549,0.489754
1358,0.447057,0.446239
1359,0.447057,0.446239
1360,0.437353,0.407551
1361,0.437353,0.407551
1362,0.437353,0.407551
1363,0.406515,0.423306
1364,0.489866,0.504713
1365,0.50848,0.481819
1366,0.50848,0.481819
1367,0.52083,0.516647
1368,0.52083,0.516647
1369,0.455117,0.548886
1370,0.455117,0.548886
1371,0.458513,0.552729
1372,0.508381,0.547261
1373,0.520221,0.553738
1374,0.528749,0.540942
1375,0.60428,0.556428
1376,0.60384,0.45881
1377,0.654348,0.496381
1378,0.654348,0.496381
1379,0.657239,0.426558
1380,0.639462,0.405906
1381,0.701734,0.428722
1382,0.71307,0.351994
1383,0.71307,0.351994
1384,0.666566,0.330005
1385,0.690329,0.313378
1386,0.74367,0.363044
1387,0.732021,0.348041
1388,0.690373,0.389666
1389,0.690373,0.389666
1390,0.690373,0.389666
1391,0.673542,0.355937
1392,0.654211,0.376549
1393,0.654211,0.376549
1394,0.627986,0.388644
1395,0.627986,0.388644
1396,0.625248,0.430259
1397,0.675477,0.567878
1398,0.64745,0.572455
1399,0.653964,0.556357
1400,0.64497,0.52156
1401,0.64515,0.538266
1402,0.626318,0.519079
1403,0.5837,0.543488
1404,0.580132,0.602656
1405,0.64858,0.554494
1406,0.661041,0.534813
1407,0.648243,0.605698
1408,0.662788,0.575728
1409,0.662788,0.575728
1410,0.662788,0.575728
1411,0.704579,0.458739
1412,0.654036,0.399518
1413,0.658005,0.431429
1414,0.658005,0.431429
1415,0.628313,0.498679
1416,0.632722,0.543736
1417,0.651871,0.59668
1418,0.635161,0.5722
1419,0.635161,0.5722
1420,0.635161,0.5722
1421,0.603416,0.566134
1422,0.626252,0.562724
1423,0.57964,0.548912
1424,0.575014,0.616386
1425,0.49421,0.537419
1426,0.514879,0.620835
1427,0.514879,0.620835
1428,0.514879,0.620835
1429,0.554796,0.615016
1430,0.523326,0.599998
1431,0.493764,0.636867
1432,0.548222,0.527383
1433,0.548222,0.527383
1434,0.548222,0.527383
1435,0.548222,0.527383
1436,0.598662,0.552661
1437,0.548719,0.562057
1438,0.547066,0.570751
1439,0.540888,0.557924
1440,0.540888,0.557924
1441,0.511138,0.570447
1442,0.546942,0.514117
1443,0.546942,0.514117
1444,0.546942,0.514117
1445,0.431374,0.432422
1446,0.431374,0.432422
1447,0.520551,0.468158
1448,0.54101,0.448325
1449,0.482595,0.486456
1450,0.501795,0.468301
1451,0.511473,0.419373
1452,0.511473,0.419373
1453,0.466238,0.426821
1454,0.543835,0.386663
1455,0.553344,0.364906
1456,0.609534,0.372364
1457,0.609534,0.372364
1458,0.650014,0.370935
1459,0.592121,0.374912
1460,0.592121,0.374912
1461,0.576035,0.297318
1462,0.576035,0.297318
1463,0.629583,0.384101
1464,0.569944,0.353016
1465,0.569944,0.353016
1466,0.569944,0.353016
1467,0.527638,0.329965
1468,0.552468,0.259076
1469,0.571135,0.257299
1470,0.522974,0.289321
1471,0.56439,0.266094
1472,0.52097,0.303005
1473,0.551909,0.234657
1474,0.549886,0.181736
1475,0.616916,0.173329
1476,0.568555,0.105046
1477,0.570364,0.156273
1478,0.593386,0.164655
1479,0.691459,0.0920618
1480,0.691459,0.0920618
1481,0.582222,0.0179321
1482,0.618711,0.056704
1483,0.629828,0.035451
1484,0.61318,0.104362
1485,0.679805,0.0168643
1486,0.679805,0.0168643
1487,0.679805,0.0168643
1488,0.654861,0.0993698
1489,0.684169,0.0618353
1490,0.684169,0.0618353
1491,0.684169,0.0618353
1492,0.703743,0.0540525
1493,0.680884,0.03002
1494,0.680884,0.03002
1495,0.678314,0.0386664
1496,0.676926,0.0310251
1497,0.701358,0.0267076
1498,0.685414,0.044916
1499,0.6778,0.0770902
1500,0.615042,0.0154861
1501,0.615042,0.0154861
1502,0.615042,0.0154861
1503,0.664425,0.025478
1504,0.630503,0.0338078
1505,0.630503,0.0338078
1506,0.654772,0.0428093
1507,0.654772,0.0428093
1508,0.567795,0.0656351
1509,0.571552,0.117908
1510,0.575517,0.113585
1511,0.476345,0.0440594
1512,0.440746,0.068923
1513,0.424081,0.160384
1514,0.325758,0.160301
1515,0.325758,0.160301
1516,0.325758,0.160301
1517,0.322288,0.161951
1518,0.322288,0.161951
1519,0.322288,0.161951
1520,0.416868,0.16502
1521,0.478129,0.0972834
1522,0.500577,0.0989629
1523,0.500577,0.0989629
1524,0.52506,0.0709808
1525,0.52506,0.0709808
1526,0.449955,0.0769281
1527,0.397557,0.0602929
1528,0.453472,0.0469811
1529,0.412358,0.130459
1530,0.435849,0.147858
1531,0.435849,0.147858
1532,0.435849,0.147858
1533,0.435849,0.147858
1534,0.445237,0.154329
1535,0.445237,0.154329
1536,0.513424,0.151593
1537,0.523631,0.15306
1538,0.508968,0.0922864
1539,0.508968,0.0922864
1540,0.518547,0.154976
1541,0.518547,0.154976
1542,0.518547,0.154976
1543,0.489488,0.12782
1544,0.454529,0.172055
1545,0.507104,0.103546
1546,0.546671,0.109094
1547,0.509639,0.115524
1548,0.589606,0.162672
1549,0.589606,0.162672
1550,0.589606,0.162672
1551,0.589606,0.162672
1552,0.589606,0.162672
1553,0.56188,0.130515
1554,0.53551,0.134419
1555,0.568538,0.137725
1556,0.580044,0.167018
1557,0.591651,0.147532
1558,0.599992,0.191349
1559,0.599992,0.191349
1560,0.589106,0.192082
1561,0.589106,0.192082
1562,0.578485,0.175311
1563,0.578485,0.175311
1564,0.584995,0.151124
1565,0.626488,0.174143
1566,0.626488,0.174143
1567,0.626488,0.174143
1568,0.668752,0.221356
1569,0.675371,0.106649
1570,0.675371,0.106649
1571,0.711241,0.185626
1572,0.711241,0.185626
1573,0.711241,0.185626
1574,0.677987,0.200374
1575,0.677987,0.200374
1576,0.646315,0.210242
1577,0.582186,0.238024
1578,0.582186,0.238024
1579,0.651892,0.305533
1580,0.644268,0.298574
1581,0.644268,0.298574
1582,0.614001,0.34609
1583,0.666912,0.374556
1584,0.703739,0.462781
1585,0.703739,0.462781
1586,0.628432,0.448748
1587,0.660372,0.368078
1588,0.60288,0.347577
1589,0.57039,0.427895
1590,0.581035,0.381726
1591,0.543323,0.440085
1592,0.593316,0.470781
1593,0.593316,0.470781
1594,0.593316,0.470781
1595,0.563949,0.452174
1596,0.57605,0.436786
1597,0.642547,0.395698
1598,0.654002,0.482704
1599,0.63903,0.347843
1600,0.628968,0.359136
1601,0.5864,0.360306
1602,0.5864,0.360306
1603,0.551435,0.451121
1604,0.492323,0.447923
1605,0.492323,0.447923
1606,0.409759,0.513009
1607,0.453862,0.440501
1608,0.460182,0.420028
1609,0.457796,0.454041
1610,0.457796,0.454041
1611,0.502971,0.464901
1612,0.502971,0.464901
1613,0.606289,0.484778
1614,0.55743,0.551862
1615,0.611535,0.626162
1616,0.512454,0.555476
1617,0.552142,0.509273
1618,0.514679,0.568774
1619,0.514679,0.568774
1620,0.516848,0.554235
1621,0.516848,0.554235
1622,0.514218,0.53055
1623,0.514218,0.53055
1624,0.55707,0.491386
1625,0.491729,0.5346
1626,0.451881,0.531006
1627,0.451881,0.531006
1628,0.560323,0.584012
1629,0.477555,0.576954
1630,0.437142,0.600002
1631,0.412681,0.59134
1632,0.452575,0.583114
1633,0.459136,0.587064
1634,0.473569,0.585592
1635,0.484433,0.579844
1636,0.484433,0.579844
1637,0.484433,0.579844
1638,0.450919,0.6157
1639,0.436472,0.590417
1640,0.43415,0.583148
1641,0.375364,0.633968
1642,0.419703,0.667136
1643,0.463123,0.644393
1644,0.466102,0.572456
1645,0.403668,0.528601
1646,0.430685,0.580174
1647,0.430685,0.580174
1648,0.430685,0.580174
1649,0.501071,0.615287
1650,0.437158,0.618378
1651,0.437158,0.618378
1652,0.437158,0.618378
1653,0.400777,0.566736
1654,0.400777,0.566736
1655,0.47244,0.542562
1656,0.438145,0.601903
1657,0.395507,0.550146
1658,0.392793,0.554176
1659,0.387889,0.540783
1660,0.386358,0.574737
1661,0.386358,0.574737
1662,0.386358,0.574737
1663,0.351714,0.544021
1664,0.336948,0.52926
1665,0.357006,0.516203
1666,0.33679,0.555714
1667,0.416087,0.59175
1668,0.407703,0.616851
1669,0.309366,0.610696
1670,0.351109,0.619965
1671,0.351109,0.619965
1672,0.383095,0.556316
1673,0.454165,0.565282
1674,0.439225,0.552322
1675,0.448512,0.525082
1676,0.421261,0.505599
1677,0.421261,0.505599
1678,0.443415,0.497309
1679,0.443415,0.497309
1680,0.443415,0.497309
1681,0.443415,0.497309
1682,0.441874,0.498058
1683,0.441874,0.498058
1684,0.406391,0.491731
1685,0.429935,0.503868
1686,0.448501,0.503098
1687,0.448501,0.503098
1688,0.448501,0.503098
1689,0.410565,0.469141
1690,0.452131,0.516332
1691,0.518384,0.430803
1692,0.518384,0.430803
1693,0.518384,0.430803
1694,0.484013,0.436914
1695,0.482037,0.513609
1696,0.49189,0.51512
1697,0.566567,0.457885
1698,0.572629,0.435733
1699,0.56654,0.426809
1700,0.571377,0.358919
1701,0.470503,0.346898
1702,0.47491,0.33061
1703,0.45319,0.379399
1704,0.531159,0.372684
1705,0.531159,0.372684
1706,0.482941,0.336883
1707,0.463779,0.337778
1708,0.473284,0.279618
1709,0.450441,0.314225
1710,0.437357,0.323321
1711,0.423604,0.297158
1712,0.433797,0.256822
1713,0.328661,0.199866
1714,0.413115,0.234611
1715,0.433568,0.194055
1716,0.478279,0.176981
1717,0.478279,0.176981
1718,0.439346,0.13647
1719,0.462392,0.124741
1720,0.421432,0.0747191
1721,0.421432,0.0747191
1722,0.405932,0.060074
1723,0.450834,0.15888
1724,0.467519,0.185806
1725,0.481567,0.19025
1726,0.432418,0.15459
1727,0.432418,0.15459
1728,0.432418,0.15459
1729,0.432418,0.15459
1730,0.509387,0.169693
1731,0.4675,0.162366
1732,0.4675,0.162366
1733,0.4675,0.162366
1734,0.498702,0.255842
1735,0.529041,0.329303
1736,0.529041,0.329303
1737,0.529041,0.329303
1738,0.519244,0.232228
1739,0.526333,0.283236
1740,0.564505,0.372265
1741,0.620083,0.363551
1742,0.560045,0.347306
1743,0.560045,0.347306
1744,0.588988,0.313307
1745,0.588988,0.313307
1746,0.588988,0.313307
1747,0.58995,0.305001
1748,0.572489,0.333665
1749,0.591359,0.323147
1750,0.651316,0.380047
1751,0.641692,0.324312
1752,0.669139,0.267096
1753,0.644403,0.310679
1754,0.644403,0.310679
1755,0.622746,0.247838
1756,0.580285,0.216575
1757,0.573576,0.257784
1758,0.541638,0.340166
1759,0.47023,0.310989
1760,0.564452,0.410787
1761,0.507651,0.417604
1762,0.496978,0.44359
1763,0.496978,0.44359
1764,0.485756,0.472878
1765,0.481498,0.412173
1766,0.398929,0.42589
1767,0.398929,0.42589
1768,0.435137,0.40228
1769,0.435137,0.40228
1770,0.435625,0.419562
1771,0.506017,0.36545
1772,0.506017,0.36545
1773,0.496977,0.369969
1774,0.492028,0.298357
1775,0.492028,0.298357
1776,0.478449,0.3182
1777,0.478449,0.3182
1778,0.369362,0.333217
1779,0.369362,0.333217
1780,0.454869,0.299139
1781,0.544589,0.305105
1782,0.585672,0.251018
1783,0.479865,0.225562
1784,0.479865,0.225562
1785,0.427489,0.216063
1786,0.427489,0.216063
1787,0.481607,0.218891
1788,0.481607,0.218891
1789,0.453245,0.233238
1790,0.510782,0.241429
1791,0.484568,0.258058
1792,0.484568,0.258058
1793,0.462158,0.278037
1794,0.467423,0.296024
1795,0.431577,0.204157
1796,0.431577,0.204157
1797,0.431577,0.204157
1798,0.461804,0.190047
1799,0.461804,0.190047
1800,0.440433,0.223724
1801,0.440433,0.223724
1802,0.417427,0.164495
1803,0.378757,0.180845
1804,0.470916,0.199877
1805,0.412992,0.221076
1806,0.426943,0.290933
1807,0.493965,0.203434
1808,0.493965,0.203434
1809,0.504916,0.186594
1810,0.525113,0.264341
1811,0.527121,0.176724
1812,0.547787,0.179924
1813,0.596401,0.210412
1814,0.615914,0.225109
1815,0.615914,0.225109
1816,0.622756,0.192868
1817,0.591924,0.197325
1818,0.591924,0.197325
1819,0.620585,0.205401
1820,0.62114,0.190814
1821,0.566984,0.220608
1822,0.54488,0.210641
1823,0.548436,0.111725
1824,0.607738,0.152966
1825,0.552812,0.196465
1826,0.568172,0.14692
1827,0.568172,0.14692
1828,0.568172,0.14692
1829,0.541243,0.18744
1830,0.53351,0.105896
1831,0.53351,0.105896
1832,0.545096,0.160739
1833,0.592191,0.190477
1834,0.561805,0.144861
1835,0.681694,0.133109
1836,0.647129,0.111039
1837,0.64225,0.159678
1838,0.582306,0.190248
1839,0.582306,0.190248
1840,0.569507,0.248504
1841,0.569507,0.248504
1842,0.592469,0.232284
1843,0.643953,0.246713
1844,0.611953,0.205003
1845,0.561917,0.204151
1846,0.583084,0.208981
1847,0.58593,0.197404
1848,0.590202,0.283646
1849,0.590202,0.283646
1850,0.590202,0.283646
1851,0.575156,0.317778
1852,0.507601,0.351988
1853,0.550668,0.328987
1854,0.594111,0.259668
1855,0.581116,0.260826
1856,0.581116,0.260826
1857,0.570131,0.310812
1858,0.570131,0.310812
1859,0.49675,0.327409
1860,0.49675,0.327409
1861,0.591397,0.366853
1862,0.614956,0.370715
1863,0.614956,0.370715
1864,0.65569,0.341191
1865,0.65569,0.341191
1866,0.604832,0.322131
1867,0.578887,0.37429
1868,0.643822,0.30409
1869,0.643822,0.30409
1870,0.658011,0.169905
1871,0.678521,0.209311
1872,0.675884,0.206212
1873,0.634062,0.263684
1874,0.634062,0.263684
1875,0.608975,0.219462
1876,0.601056,0.311551
1877,0.5287,0.249662
1878,0.515359,0.294475
1879,0.541423,0.277159
1880,0.583276,0.298803
1881,0.583276,0.298803
1882,0.591705,0.299096
1883,0.509313,0.224189
1884,0.482022,0.204252
1885,0.553982,0.169154
1886,0.547038,0.142361
1887,0.549457,0.229445
1888,0.515734,0.13888
1889,0.496752,0.14451
1890,0.479262,0.0692509
1891,0.55396,0.0141498
1892,0.552264,0.053312
1893,0.512956,0.104428
1894,0.51394,0.123597
1895,0.478759,0.197734
1896,0.478759,0.197734
1897,0.514205,0.176319
1898,0.514205,0.176319
1899,0.589624,0.19724
1900,0.574287,0.243479
1901,0.574287,0.243479
1902,0.599825,0.226326
1903,0.65204,0.244043
1904,0.6253,0.207224
1905,0.653601,0.205787
1906,0.681687,0.219832
1907,0.679407,0.211054
1908,0.679407,0.211054
1909,0.65682,0.164226
1910,0.649496,0.208084
1911,0.649496,0.208084
1912,0.611105,0.185994
1913,0.611105,0.185994
1914,0.611105,0.185994
1915,0.611105,0.185994
1916,0.722126,0.166068
1917,0.722126,0.166068
1918,0.643259,0.117045
1919,0.587864,0.068982
1920,0.587864,0.068982
1921,0.576825,0.0860576
1922,0.576825,0.0860576
1923,0.536448,0.134464
1924,0.548198,0.183721
1925,0.569944,0.144466
1926,0.632145,0.151102
1927,0.643495,0.130118
1928,0.667436,0.179489
1929,0.667436,0.179489
1930,0.64989,0.256717
1931,0.64989,0.256717
1932,0.64989,0.256717
1933,0.61818,0.225097
1934,0.571222,0.195997
1935,0.605864,0.227254
1936,0.635011,0.163397
1937,0.673755,0.183455
1938,0.673755,0.183455
1939,0.673755,0.183455
1940,0.684583,0.148423
1941,0.631892,0.166458
1942,0.606585,0.229605
1943,0.606585,0.229605
1944,0.579557,0.220894
1945,0.650771,0.249142
1946,0.663365,0.244849
1947,0.654353,0.256706
1948,0.596899,0.273643
1949,0.610893,0.248904
1950,0.616259,0.228404
1951,0.616259,0.228404
1952,0.616259,0.228404
1953,0.549244,0.327337
1954,0.553233,0.315427
1955,0.584398,0.343085
1956,0.585142,0.303582
1957,0.585142,0.303582
1958,0.567896,0.311803
1959,0.567896,0.311803
1960,0.531617,0.276079
1961,0.553849,0.314651
1962,0.518176,0.352694
1963,0.518176,0.352694
1964,0.401732,0.338504
1965,0.401732,0.338504
1966,0.401732,0.338504
1967,0.419913,0.30045
1968,0.411015,0.404317
1969,0.411015,0.404317
1970,0.411015,0.404317
1971,0.43627,0.373586
1972,0.43627,0.373586
1973,0.421165,0.314306
1974,0.443682,0.347681
1975,0.444578,0.31867
1976,0.424254,0.388597
1977,0.424254,0.388597
1978,0.43298,0.391914
1979,0.504474,0.426327
1980,0.561299,0.424887
1981,0.512826,0.399791
1982,0.603605,0.329584
1983,0.61729,0.291036
1984,0.638154,0.264247
1985,0.610643,0.306255
1986,0.610643,0.306255
1987,0.610643,0.306255
1988,0.610643,0.306255
1989,0.610643,0.306255
1990,0.62024,0.288603
1991,0.599462,0.232132
1992,0.611189,0.215937
1993,0.611189,0.215937
1994,0.576771,0.229561
1995,0.61897,0.198889
1996,0.619571,0.127745
1997,0.626884,0.0902486
1998,0.626884,0.0902486
1999,0.626884,0.0902486
2000,0.636824,0.0485014
2001,0.624879,0.0182094
2002,0.624879,0.0182094
2003,0.550292,0.132414
2004,0.52906,0.119552
2005,0.60174,0.120603
2006,0.554565,0.0866973
2007,0.554565,0.0866973
2008,0.555416,0.0953276
2009,0.597029,0.0853401
2010,0.597029,0.0853401
2011,0.597029,0.0853401
2012,0.597029,0.0853401
2013,0.570592,0.109581
2014,0.570592,0.109581
2015,0.621748,0.154811
2016,0.621748,0.154811
2017,0.621748,0.154811
2018,0.648486,0.173811
2019,0.626353,0.19382
2020,0.626353,0.19382
2021,0.664124,0.300022
2022,0.631105,0.210581
2023,0.597149,0.250559
2024,0.609195,0.265368
2025,0.583699,0.318172
2026,0.547844,0.282717
2027,0.540685,0.295532
2028,0.558086,0.309764
2029,0.513102,0.325006
2030,0.535063,0.338039
2031,0.484934,0.369949
2032,0.406533,0.392932
2033,0.374276,0.399048
2034,0.295971,0.379402
2035,0.2997,0.368833
2036,0.306311,0.370624
2037,0.336679,0.353727
2038,0.304842,0.337398
2039,0.393431,0.326575
2040,0.366004,0.269633
2041,0.366004,0.269633
2042,0.366004,0.269633
2043,0.366004,0.269633
2044,0.366004,0.269633
2045,0.366004,0.269633
2046,0.315791,0.235052
2047,0.335443,0.310879
2048,0.335443,0.310879
2049,0.315622,0.308026
2050,0.341117,0.278468
2051,0.341117,0.278468
2052,0.35413,0.240976
2053,0.432435,0.271087
2054,0.358913,0.309043
2055,0.358913,0.309043
2056,0.437124,0.265282
2057,0.366688,0.328926
2058,0.366688,0.328926
2059,0.366688,0.328926
2060,0.366688,0.328926
2061,0.397624,0.342158
2062,0.393425,0.327321
2063,0.424031,0.295231
2064,0.40643,0.276651
2065,0.454761,0.27792
2066,0.456414,0.289546
2067,0.482631,0.296422
2068,0.483881,0.294442
2069,0.483881,0.294442
2070,0.604393,0.278367
2071,0.595155,0.224919
2072,0.577493,0.230508
2073,0.617313,0.223171
2074,0.617313,0.223171
2075,0.604072,0.185044
2076,0.647576,0.181424
2077,0.644653,0.155929
2078,0.687697,0.190237
2079,0.703994,0.162987
2080,0.650403,0.251134
2081,0.60582,0.208195
2082,0.563947,0.231654
2083,0.578245,0.278472
2084,0.496764,0.280694
2085,0.424818,0.268117
2086,0.424818,0.268117
2087,0.470996,0.33617
2088,0.41914,0.282893
2089,0.41914,0.282893
2090,0.41914,0.282893
2091,0.417898,0.339649
2092,0.417898,0.339649
2093,0.385505,0.294416
2094,0.447315,0.375256
2095,0.447315,0.375256
2096,0.447315,0.375256
2097,0.474426,0.36096
2098,0.393369,0.272982
2099,0.402535,0.330108
2100,0.402535,0.330108
2101,0.499325,0.298707
2102,0.496025,0.269534
2103,0.477348,0.263169
2104,0.351814,0.261012
2105,0.351814,0.261012
2106,0.537461,0.270835
2107,0.48106,0.278935
2108,0.440215,0.26909
2109,0.450631,0.231037
2110,0.452055,0.233966
2111,0.44344,0.322174
2112,0.437847,0.189328
2113,0.507573,0.191442
2114,0.514822,0.237119
2115,0.524682,0.294445
2116,0.524682,0.294445
2117,0.524682,0.294445
2118,0.563362,0.170159
2119,0.563362,0.170159
2120,0.584477,0.193948
2121,0.614038,0.220606
2122,0.580025,0.228486
2123,0.617236,0.2452
2124,0.615822,0.239772
2125,0.647681,0.275554
2126,0.666231,0.311411
2127,0.664721,0.305355
2128,0.664721,0.305355
2129,0.664721,0.305355
2130,0.641928,0.245273
2131,0.66554,0.252647
2132,0.689287,0.336606
2133,0.638998,0.279588
2134,0.613132,0.211268
2135,0.613132,0.211268
2136,0.594691,0.21358
2137,0.636034,0.244209
2138,0.622595,0.241072
2139,0.603086,0.272632
2140,0.551996,0.305931
2141,0.547681,0.328679
2142,0.60363,0.373336
2143,0.556379,0.368638
2144,0.568669,0.361196
2145,0.568669,0.361196
2146,0.602808,0.383655
2147,0.618151,0.378145
2148,0.576807,0.401683
2149,0.531321,0.438568
2150,0.531321,0.438568
2151,0.508542,0.319527
2152,0.465393,0.261073
2153,0.430322,0.284374
2154,0.362907,0.35412
2155,0.362907,0.35412
2156,0.348558,0.36979
2157,0.348558,0.36979
2158,0.342453,0.379013
2159,0.342453,0.379013
2160,0.342453,0.379013
2161,0.342453,0.379013
2162,0.335937,0.372169
2163,0.335937,0.372169
2164,0.335937,0.372169
2165,0.367999,0.306144
2166,0.381153,0.380783
2167,0.361046,0.372133
2168,0.361046,0.372133
2169,0.361046,0.372133
2170,0.37524,0.365282
2171,0.3492,0.255168
2172,0.334667,0.297246
2173,0.350429,0.393222
2174,0.350429,0.393222
2175,0.350429,0.393222
2176,0.324861,0.376079
2177,0.324861,0.376079
2178,0.284277,0.414263
2179,0.320338,0.392536
2180,0.275177,0.476136
2181,0.247755,0.459021
2182,0.232002,0.465164
2183,0.305177,0.450358
2184,0.252802,0.463217
2185,0.255942,0.454974
2186,0.263091,0.432717
2187,0.239222,0.450754
2188,0.291624,0.442154
2189,0.203269,0.446249
2190,0.148987,0.412497
2191,0.139347,0.431785
2192,0.149804,0.521299
2193,0.245989,0.424027
2194,0.25568,0.412564
2195,0.164504,0.421692
2196,0.198098,0.333613
2197,0.351648,0.327868
2198,0.281696,0.388262
2199,0.317809,0.406507
2200,0.341613,0.329382
2201,0.277914,0.237879
2202,0.249085,0.276617
2203,0.311998,0.356962
2204,0.360224,0.296021
2205,0.360224,0.296021
2206,0.360224,0.296021
2207,0.312964,0.283218
2208,0.289402,0.287013
2209,0.321475,0.210438
2210,0.280061,0.231531
2211,0.321066,0.200646
2212,0.323024,0.132533
2213,0.302311,0.175616
2214,0.302311,0.175616
2215,0.295556,0.193602
2216,0.270214,0.167875
2217,0.270214,0.167875
2218,0.270214,0.167875
2219,0.345619,0.0320179
2220,0.388636,0.104498
2221,0.384427,0.262015
2222,0.372224,0.307521
2223,0.372224,0.307521
2224,0.380714,0.333356
2225,0.408562,0.191015
2226,0.468289,0.166611
2227,0.410512,0.286499
2228,0.43895,0.3011
2229,0.43895,0.3011
2230,0.34568,0.303933
2231,0.34568,0.303933
2232,0.34568,0.303933
2233,0.34568,0.303933
2234,0.34568,0.303933
2235,0.375644,0.35037
2236,0.313537,0.296356
2237,0.41908,0.382634
2238,0.394151,0.316735
2239,0.373805,0.39478
2240,0.391986,0.379018
2241,0.391986,0.379018
2242,0.393717,0.310424
2243,0.393717,0.310424
2244,0.393717,0.310424
2245,0.425988,0.251856
2246,0.425988,0.251856
2247,0.406176,0.248077
2248,0.406176,0.248077
2249,0.426216,0.246824
2250,0.381946,0.169618
2251,0.416516,0.141717
2252,0.492213,0.0906809
2253,0.492213,0.0906809
2254,0.492213,0.0906809
2255,0.520805,0.134592
2256,0.507601,0.129801
2257,0.507601,0.129801
2258,0.507601,0.129801
2259,0.58727,0.201604
2260,0.58727,0.201604
2261,0.599228,0.149485
2262,0.559034,0.113524
2263,0.577682,0.166106
2264,0.581515,0.257456
2265,0.572691,0.224874
2266,0.567725,0.203629
2267,0.580207,0.209948
2268,0.623031,0.318426
2269,0.584063,0.338159
2270,0.568978,0.342736
2271,0.568978,0.342736
2272,0.568978,0.342736
2273,0.550439,0.382257
2274,0.540317,0.398254
2275,0.540317,0.398254
2276,0.540317,0.398254
2277,0.540317,0.398254
2278,0.549532,0.380545
2279,0.549532,0.380545
2280,0.567451,0.463907
2281,0.515684,0.438645
2282,0.522605,0.539842
2283,0.495619,0.520338
2284,0.495619,0.520338
2285,0.481951,0.468688
2286,0.513844,0.482494
2287,0.44137,0.496453
2288,0.443045,0.448856
2289,0.464239,0.490012
2290,0.474416,0.523635
2291,0.474416,0.523635
2292,0.466282,0.483387
2293,0.42415,0.479444
2294,0.42415,0.479444
2295,0.42415,0.479444
2296,0.39053,0.448856
2297,0.434889,0.52186
2298,0.42259,0.495949
2299,0.411378,0.610432
2300,0.411378,0.610432
2301,0.411378,0.610432
2302,0.341087,0.555492
2303,0.296317,0.540528
2304,0.296317,0.540528
2305,0.296317,0.540528
2306,0.260393,0.541718
2307,0.26546,0.516911
2308,0.198113,0.55168
2309,0.177668,0.575828
2310,0.139221,0.593433
2311,0.139221,0.593433
2312,0.126847,0.612106
2313,0.0817149,0.579533
2314,0.0817149,0.579533
2315,0.148831,0.636625
2316,0.178099,0.631316
2317,0.196221,0.603839
2318,0.257086,0.545546
2319,0.257086,0.545546
2320,0.281389,0.603601
2321,0.281389,0.603601
2322,0.281389,0.603601
2323,0.281389,0.603601
2324,0.248238,0.515662
2325,0.250708,0.489713
2326,0.250708,0.489713
2327,0.192433,0.518104
2328,0.192433,0.518104
2329,0.249512,0.519174
2330,0.185328,0.508693
2331,0.212061,0.497865
2332,0.235982,0.489903
2333,0.266249,0.50786
2334,0.266249,0.50786
2335,0.324078,0.493586
2336,0.332844,0.48025
2337,0.359291,0.526221
2338,0.359291,0.526221
2339,0.390874,0.431425
2340,0.464535,0.467333
2341,0.464535,0.467333
2342,0.431296,0.485297
2343,0.500321,0.577313
2344,0.446222,0.488238
2345,0.394568,0.496445
2346,0.412041,0.4921
2347,0.435201,0.516989
2348,0.480355,0.527549
2349,0.419391,0.604003
2350,0.513806,0.499766
2351,0.495838,0.604341
2352,0.492373,0.591632
2353,0.492373,0.591632
2354,0.556281,0.59058
2355,0.516593,0.601499
2356,0.481923,0.582542
2357,0.410226,0.651639
2358,0.454791,0.560524
2359,0.454791,0.560524
2360,0.454791,0.560524
2361,0.454791,0.560524
2362,0.393723,0.617762
2363,0.373977,0.684601
2364,0.373977,0.684601
2365,0.38389,0.630976
2366,0.38389,0.630976
2367,0.38389,0.630976
2368,0.383325,0.627209
2369,0.383325,0.627209
2370,0.340605,0.614454
2371,0.354985,0.665377
2372,0.284045,0.658003
2373,0.216184,0.636116
2374,0.260403,0.65526
2375,0.171447,0.631443
2376,0.257012,0.605019
2377,0.258369,0.614918
2378,0.258369,0.614918
2379,0.285342,0.589443
2380,0.241133,0.608663
2381,0.270491,0.58079
2382,0.359119,0.629219
2383,0.324393,0.582502
2384,0.294861,0.540205
2385,0.31814,0.486254
2386,0.306894,0.596602
2387,0.32267,0.558213
2388,0.32267,0.558213
2389,0.341968,0.501187
2390,0.333737,0.546409
2391,0.356716,0.520514
2392,0.264425,0.604066
2393,0.361274,0.682652
2394,0.321163,0.676274
2395,0.315216,0.651542
2396,0.300935,0.658922
2397,0.276698,0.576605
2398,0.29512,0.538878
2399,0.335211,0.584734
2400,0.28572,0.647527
2401,0.28572,0.647527
2402,0.28572,0.647527
2403,0.272451,0.593359
2404,0.272451,0.593359
2405,0.263826,0.606074
2406,0.263826,0.606074
2407,0.200302,0.55542
2408,0.200302,0.55542
2409,0.200302,0.55542
2410,0.246828,0.557769
2411,0.258357,0.570277
2412,0.258245,0.582319
2413,0.281889,0.511746
2414,0.281889,0.511746
2415,0.288763,0.575256
2416,0.300177,0.59236
2417,0.151027,0.563632
2418,0.210553,0.574035
2419,0.210553,0.574035
2420,0.210553,0.574035
2421,0.207955,0.568554
2422,0.207955,0.568554
2423,0.168791,0.62056
2424,0.168791,0.62056
2425,0.243923,0.598071
2426,0.215066,0.684978
2427,0.179687,0.712486
2428,0.180957,0.678988
2429,0.162288,0.644449
2430,0.24899,0.664926
2431,0.259599,0.686243
2432,0.218621,0.642928
2433,0.211339,0.633422
2434,0.211339,0.633422
2435,0.263057,0.59308
2436,0.263057,0.59308
2437,0.263057,0.59308
2438,0.307143,0.650653
2439,0.27421,0.679402
2440,0.31077,0.713055
2441,0.267845,0.670473
2442,0.267845,0.670473
2443,0.281598,0.666087
2444,0.281598,0.666087
2445,0.265868,0.674877
2446,0.241549,0.623963
2447,0.241549,0.623963
2448,0.259481,0.575797
2449,0.259481,0.575797
2450,0.220753,0.560176
2451,0.276032,0.633593
2452,0.163875,0.630776
2453,0.174402,0.645891
2454,0.174402,0.645891
2455,0.0419395,0.641599
2456,0.0419395,0.641599
2457,0.0402412,0.677927
2458,0.0306665,0.648182
2459,0.0306665,0.648182
2460,0.0711369,0.657342
2461,0.101824,0.645636
2462,0.05982,0.620604
2463,0.05982,0.620604
2464,0.05982,0.620604
2465,0.05982,0.620604
2466,0.05982,0.620604
2467,0.05982,0.620604
2468,0.05982,0.620604
2469,0.0279975,0.6573
2470,0.0323376,0.657345
2471,0.0852551,0.634281
2472,0.0852551,0.634281
2473,0.0789396,0.6371
2474,0.0789396,0.6371
2475,0.0789396,0.6371
2476,0.0789396,0.6371
2477,0.0603337,0.614466
2478,0.0257266,0.609999
2479,0.0718937,0.641358
2480,0.0131527,0.648658
2481,0.072811,0.620988
2482,0.0657903,0.636687
2483,0.138528,0.582985
2484,0.138528,0.582985
2485,0.138528,0.582985
2486,0.0952945,0.638076
2487,0.136951,0.635731
2488,0.136951,0.635731
2489,0.161054,0.639073
2490,0.185333,0.604695
2491,0.185333,0.604695
2492,0.233636,0.638805
2493,0.233636,0.638805
2494,0.287738,0.673023
2495,0.275317,0.643599
2496,0.285918,0.724447
2497,0.213595,0.6939
2498,0.199343,0.744367
2499,0.178079,0.636835
2500,0.119414,0.59837
2501,0.161171,0.649586
2502,0.165847,0.61625
2503,0.150862,0.555293
2504,0.203763,0.602716
2505,0.163547,0.578006
2506,0.122437,0.56497
2507,0.0782107,0.566908
2508,0.156128,0.581755
2509,0.156128,0.581755
2510,0.113126,0.596524
2511,0.113126,0.596524
2512,0.109352,0.516356
2513,0.125604,0.561703
2514,0.125604,0.561703
2515,0.177848,0.573194
2516,0.177677,0.601491
2517,0.177677,0.601491
2518,0.224692,0.509381
2519,0.243159,0.568769
2520,0.265413,0.522163
2521,0.362174,0.523155
2522,0.388871,0.49129
2523,0.39249,0.468816
2524,0.271922,0.503256
2525,0.332635,0.485388
2526,0.349073,0.439062
2527,0.40336,0.428293
2528,0.317693,0.476308
2529,0.330869,0.503782
2530,0.31067,0.515507
2531,0.332832,0.403772
2532,0.332832,0.403772
2533,0.321856,0.426785
2534,0.321856,0.426785
2535,0.329745,0.438244
2536,0.265043,0.432294
2537,0.326011,0.427613
2538,0.331821,0.474089
2539,0.29925,0.426818
2540,0.262553,0.458735
2541,0.262553,0.458735
2542,0.355602,0.455623
2543,0.355602,0.455623
2544,0.39216,0.423147
2545,0.389851,0.396434
2546,0.389851,0.396434
2547,0.371772,0.392272
2548,0.322724,0.420101
2549,0.322724,0.420101
2550,0.322724,0.420101
2551,0.365209,0.441812
2552,0.329522,0.441403
2553,0.329522,0.441403
2554,0.308321,0.457251
2555,0.327313,0.398194
2556,0.327313,0.398194
2557,0.360773,0.369544
2558,0.408274,0.412822
2559,0.295848,0.44037
2560,0.259156,0.408057
2561,0.239255,0.468984
2562,0.239255,0.468984
2563,0.2212,0.467884
2564,0.237008,0.369866
2565,0.271311,0.376339
2566,0.292917,0.352331
2567,0.292917,0.352331
2568,0.292917,0.352331
2569,0.264413,0.416842
2570,0.259889,0.456782
2571,0.259889,0.456782
2572,0.234865,0.49104
2573,0.234865,0.49104
2574,0.155966,0.555034
2575,0.152253,0.51166
2576,0.180773,0.472557
2577,0.180773,0.472557
2578,0.138675,0.426186
2579,0.138675,0.426186
2580,0.0776235,0.422385
2581,0.0808968,0.519482
2582,0.120799,0.559078
2583,0.0888958,0.541118
2584,0.0463565,0.566308
2585,0.0463565,0.566308
2586,0.135546,0.538711
2587,0.066477,0.538295
2588,0.0962596,0.526276
2589,0.0962596,0.526276
2590,0.0543369,0.479826
2591,0.0606765,0.50589
2592,0.0499936,0.471822
2593,0.0499936,0.471822
2594,0.0499936,0.471822
2595,0.0256764,0.430567
2596,0.0719411,0.457038
2597,0.0719411,0.457038
2598,0.152742,0.451067
2599,0.201666,0.387078
2600,0.137398,0.420547
2601,0.137398,0.420547
2602,0.137398,0.420547
2603,0.137398,0.420547
2604,0.208798,0.333126
2605,0.186643,0.285602
2606,0.17024,0.293352
2607,0.17024,0.293352
2608,0.17024,0.293352
2609,0.0873475,0.372778
2610,0.193126,0.406416
2611,0.230018,0.443679
2612,0.259394,0.371297
2613,0.259394,0.371297
2614,0.32869,0.42488
2615,0.263467,0.434689
2616,0.263467,0.434689
2617,0.246529,0.451479
2618,0.246529,0.451479
2619,0.217541,0.434094
2620,0.234921,0.345688
2621,0.234921,0.345688
2622,0.202535,0.381764
2623,0.118139,0.398145
2624,0.118139,0.398145
2625,0.118139,0.398145
2626,0.120143,0.363342
2627,0.182623,0.370386
2628,0.164801,0.350316
2629,0.201713,0.394976
2630,0.201713,0.394976
2631,0.205967,0.330431
2632,0.221777,0.422289
2633,0.229279,0.465918
2634,0.253215,0.50571
2635,0.253215,0.50571
2636,0.253215,0.50571
2637,0.269701,0.534181
2638,0.299087,0.542011
2639,0.299087,0.542011
2640,0.250489,0.567929
2641,0.251475,0.5654
2642,0.285692,0.507586
2643,0.255042,0.522377
2644,0.3126,0.54235
2645,0.292622,0.540138
2646,0.248479,0.522869
2647,0.32875,0.523422
2648,0.270874,0.532138
2649,0.291423,0.538925
2650,0.291423,0.538925
2651,0.273133,0.518391
2652,0.262052,0.567239
2653,0.34714,0.520996
2654,0.439656,0.515171
2655,0.431349,0.590176
2656,0.379909,0.5445
2657,0.340619,0.626391
2658,0.316825,0.668943
2659,0.331448,0.573712
2660,0.393555,0.630408
2661,0.393555,0.630408
2662,0.393555,0.630408
2663,0.364988,0.627574
2664,0.344084,0.636831
2665,0.360127,0.618194
2666,0.332543,0.665853
2667,0.361429,0.627673
2668,0.361429,0.627673
2669,0.308678,0.659763
2670,0.353636,0.663767
2671,0.244271,0.614998
2672,0.244271,0.614998
2673,0.162108,0.59833
2674,0.170598,0.650514
2675,0.151744,0.591611
2676,0.187303,0.612541
2677,0.187303,0.612541
2678,0.176921,0.572967
2679,0.117291,0.560554
2680,0.117291,0.560554
2681,0.20303,0.505962
2682,0.279292,0.551083
2683,0.279292,0.551083
2684,0.263844,0.578367
2685,0.319721,0.582895
2686,0.362103,0.602521
2687,0.362103,0.602521
2688,0.362103,0.602521
2689,0.352872,0.539507
2690,0.308227,0.538675
2691,0.270707,0.503068
2692,0.270636,0.55531
2693,0.238941,0.561791
2694,0.239516,0.566617
2695,0.239516,0.566617
2696,0.204776,0.622746
2697,0.184952,0.616226
2698,0.196978,0.608172
2699,0.266554,0.594571
2700,0.244443,0.59908
2701,0.280434,0.55997
2702,0.289026,0.64618
2703,0.288571,0.641228
2704,0.288571,0.641228
2705,0.290584,0.661429
2706,0.290584,0.661429
2707,0.35811,0.581274
2708,0.363771,0.532095
2709,0.375049,0.523779
2710,0.375049,0.523779
2711,0.417311,0.512679
2712,0.417311,0.512679
2713,0.390191,0.552656
2714,0.389351,0.504041
2715,0.312298,0.567326
2716,0.354441,0.522404
2717,0.353822,0.497825
2718,0.347482,0.539345
2719,0.322545,0.473991
2720,0.386784,0.532359
2721,0.417243,0.525342
2722,0.36255,0.558067
2723,0.359882,0.538733
2724,0.409734,0.557656
2725,0.434833,0.547017
2726,0.434833,0.547017
2727,0.329924,0.563986
2728,0.359196,0.577394
2729,0.418526,0.631219
2730,0.388821,0.622198
2731,0.391727,0.667953
2732,0.391727,0.667953
2733,0.433923,0.611544
2734,0.415502,0.664834
2735,0.371185,0.586589
2736,0.31147,0.639024
2737,0.31147,0.639024
2738,0.31147,0.639024
2739,0.326311,0.608566
2740,0.353748,0.646566
2741,0.353748,0.646566
2742,0.353748,0.646566
2743,0.353748,0.646566
2744,0.260516,0.59429
2745,0.260019,0.541535
2746,0.294933,0.500011
2747,0.370943,0.497878
2748,0.376573,0.563468
2749,0.477491,0.480525
2750,0.510752,0.500143
2751,0.500218,0.47302
2752,0.480958,0.47321
2753,0.406881,0.442915
2754,0.450745,0.47018
2755,0.429496,0.496138
2756,0.413544,0.484032
2757,0.417755,0.450876
2758,0.529755,0.421616
2759,0.510779,0.421702
2760,0.510779,0.421702
2761,0.404236,0.438599
2762,0.404236,0.438599
2763,0.404236,0.438599
2764,0.404236,0.438599
2765,0.374202,0.506171
2766,0.420739,0.465923
2767,0.507176,0.511397
2768,0.507176,0.511397
2769,0.50453,0.556132
2770,0.50453,0.556132
2771,0.44254,0.55642
2772,0.489511,0.587547
2773,0.453791,0.539989
2774,0.453791,0.539989
2775,0.458473,0.61643
2776,0.458473,0.61643
2777,0.458473,0.61643
2778,0.448092,0.560446
2779,0.344254,0.513831
2780,0.344254,0.513831
2781,0.432078,0.51303
2782,0.391771,0.463105
2783,0.391771,0.463105
2784,0.391771,0.463105
2785,0.408618,0.524945
2786,0.392882,0.559166
2787,0.336192,0.51145
2788,0.410583,0.46588
2789,0.452618,0.50447
2790,0.412989,0.501733
2791,0.336086,0.456044
2792,0.361231,0.462178
2793,0.291664,0.442979
2794,0.273395,0.44311
2795,0.244791,0.483785
2796,0.263861,0.480478
2797,0.263861,0.480478
2798,0.384972,0.362446
2799,0.411929,0.314187
2800,0.383558,0.290249
2801,0.339669,0.316439
2802,0.339669,0.316439
2803,0.388795,0.343133
2804,0.365822,0.343315
2805,0.365822,0.343315
2806,0.267015,0.264252
2807,0.29225,0.289289
2808,0.290752,0.266784
2809,0.320787,0.217078
2810,0.302433,0.160389
2811,0.358353,0.115674
2812,0.414619,0.102068
2813,0.433636,0.0913549
2814,0.457369,0.135216
2815,0.461019,0.13788
2816,0.461019,0.13788
2817,0.480912,0.199165
2818,0.497708,0.19669
2819,0.503712,0.228402
2820,0.503712,0.228402
2821,0.503712,0.228402
2822,0.528952,0.231907
2823,0.574211,0.276911
2824,0.574211,0.276911
2825,0.536453,0.213459
2826,0.484363,0.203492
2827,0.428222,0.255838
2828,0.45182,0.279212
2829,0.461319,0.200514
2830,0.426841,0.217875
2831,0.426841,0.217875
2832,0.426841,0.217875
2833,0.361078,0.281513
2834,0.271586,0.333812
2835,0.271586,0.333812
2836,0.330114,0.331448
2837,0.330114,0.331448
2838,0.330114,0.331448
2839,0.321207,0.351055
2840,0.321207,0.351055
2841,0.329385,0.40047
2842,0.369972,0.310394
2843,0.369972,0.310394
2844,0.369972,0.310394
2845,0.420062,0.353088
2846,0.452575,0.356415
2847,0.443867,0.374112
2848,0.406715,0.342993
2849,0.412082,0.359437
2850,0.391804,0.354365
2851,0.389825,0.40619
2852,0.386721,0.446518
2853,0.4084,0.459037
2854,0.366632,0.432369
2855,0.366632,0.432369
2856,0.426014,0.448702
2857,0.426014,0.448702
2858,0.393223,0.399561
2859,0.44061,0.410388
2860,0.533562,0.385557
2861,0.533562,0.385557
2862,0.465912,0.313368
2863,0.409449,0.304764
2864,0.481835,0.314771
2865,0.487838,0.302116
2866,0.487838,0.302116
2867,0.499768,0.327954
2868,0.499768,0.327954
2869,0.485157,0.346193
2870,0.478868,0.372699
2871,0.478868,0.372699
2872,0.535623,0.366174
2873,0.518353,0.331336
2874,0.557894,0.353666
2875,0.561362,0.365546
2876,0.498422,0.362947
2877,0.483479,0.274382
2878,0.483479,0.274382
2879,0.469245,0.220849
2880,0.491442,0.189303
2881,0.456092,0.181529
2882,0.456092,0.181529
2883,0.516902,0.152739
2884,0.510966,0.185869
2885,0.581,0.182602
2886,0.581,0.182602
2887,0.587321,0.10733
2888,0.587321,0.10733
2889,0.493226,0.168265
2890,0.533665,0.236744
2891,0.533665,0.236744
2892,0.545933,0.220317
2893,0.545933,0.220317
2894,0.53795,0.204044
2895,0.632474,0.215669
2896,0.574771,0.25579
2897,0.581607,0.317697
2898,0.540014,0.343929
2899,0.684737,0.266974
2900,0.585593,0.241995
2901,0.585593,0.241995
2902,0.603245,0.194598
2903,0.607865,0.179585
2904,0.612777,0.12634
2905,0.584301,0.0856182
2906,0.558656,0.0804601
2907,0.509979,0.0900688
2908,0.528579,0.045861
2909,0.518467,0.0681475
2910,0.449056,0.0776745
2911,0.375848,0.0874268
2912,0.424166,0.0982027
2913,0.424166,0.0982027
2914,0.424166,0.0982027
2915,0.419778,0.121436
2916,0.360021,0.143339
2917,0.354799,0.12434
2918,0.354799,0.12434
2919,0.306982,0.16502
2920,0.386983,0.234787
2921,0.386983,0.234787
2922,0.351289,0.149913
2923,0.351289,0.149913
2924,0.351289,0.149913
2925,0.412438,0.215671
2926,0.455441,0.275569
2927,0.455441,0.275569
2928,0.455441,0.275569
2929,0.455441,0.275569
2930,0.502972,0.267749
2931,0.476416,0.222405
2932,0.486976,0.237729
2933,0.486976,0.237729
2934,0.486719,0.249163
2935,0.478706,0.249159
2936,0.434272,0.228772
2937,0.487897,0.279788
2938,0.471361,0.327843
2939,0.432021,0.323474
2940,0.432021,0.323474
2941,0.383857,0.27007
2942,0.375345,0.179133
2943,0.390576,0.160482
2944,0.384657,0.150793
2945,0.448769,0.0275893
2946,0.450873,0.0397579
2947,0.394173,0.0497772
2948,0.511798,0.116484
2949,0.511798,0.116484
2950,0.58875,0.202182
2951,0.526868,0.215619
2952,0.494206,0.322159
2953,0.459348,0.315529
2954,0.459348,0.315529
2955,0.482417,0.319624
2956,0.482417,0.319624
2957,0.433374,0.252344
2958,0.408235,0.2673
2959,0.35803,0.242266
2960,0.308497,0.288555
2961,0.310732,0.317019
2962,0.383934,0.321864
2963,0.434403,0.296902
2964,0.472526,0.304754
2965,0.472526,0.304754
2966,0.472526,0.304754
2967,0.472526,0.304754
2968,0.472526,0.304754
2969,0.479336,0.298587
2970,0.479336,0.298587
2971,0.448862,0.277472
2972,0.477139,0.259085
2973,0.506115,0.199249
2974,0.516133,0.188459
2975,0.540691,0.22883
2976,0.550613,0.22731
2977,0.550613,0.22731
2978,0.539077,0.290517
2979,0.479341,0.314151
2980,0.479341,0.314151
2981,0.474255,0.346381
2982,0.400787,0.375719
2983,0.411971,0.410247
2984,0.455833,0.451963
2985,0.455833,0.451963
2986,0.382431,0.468425
2987,0.382431,0.468425
2988,0.382431,0.468425
2989,0.377038,0.403934
2990,0.413896,0.418325
2991,0.416412,0.348736
2992,0.427428,0.406294
2993,0.429714,0.420292
2994,0.4385,0.302462
2995,0.4385,0.302462
2996,0.415539,0.32753
2997,0.38792,0.319036
2998,0.32519,0.308748
2999,0.383384,0.41503
3000,0.391133,0.420627
3001,0.359508,0.452514
3002,0.359508,0.452514
3003,0.327665,0.470931
3004,0.337143,0.412717
3005,0.399995,0.458037
3006,0.402221,0.428652
3007,0.411756,0.43028
3008,0.411756,0.43028
3009,0.468802,0.421479
3010,0.459431,0.446635
3011,0.459431,0.446635
3012,0.426195,0.474178
3013,0.426195,0.474178
3014,0.426195,0.474178
3015,0.501883,0.459618
3016,0.486715,0.539122
3017,0.464731,0.494864
3018,0.464731,0.494864
3019,0.45171,0.544829
3020,0.45171,0.544829
3021,0.45171,0.544829
3022,0.456837,0.506841
3023,0.456837,0.506841
3024,0.482162,0.513025
3025,0.4285,0.543733
3026,0.386515,0.557169
3027,0.340014,0.558658
3028,0.340014,0.558658
3029,0.421616,0.549734
3030,0.447044,0.59381
3031,0.382992,0.568692
3032,0.396847,0.560751
3033,0.432391,0.53625
3034,0.360592,0.490786
3035,0.329888,0.465725
3036,0.345443,0.416728
3037,0.261766,0.456657
3038,0.336466,0.366312
3039,0.345562,0.46497
3040,0.345562,0.46497
3041,0.308591,0.512479
3042,0.308591,0.512479
3043,0.317226,0.571622
3044,0.285881,0.59598
3045,0.285881,0.59598
3046,0.199881,0.580901
3047,0.122519,0.592893
3048,0.107848,0.504785
3049,0.114436,0.480157
3050,0.12526,0.554397
3051,0.0838838,0.593462
3052,0.084122,0.589198
3053,0.0779256,0.561068
3054,0.0797066,0.504413
3055,0.176987,0.594242
3056,0.176987,0.594242
3057,0.086343,0.560284
3058,0.161568,0.466666
3059,0.1749,0.527412
3060,0.159472,0.617576
3061,0.244357,0.600242
3062,0.209798,0.63613
3063,0.219715,0.658115
3064,0.256133,0.742422
3065,0.245359,0.66123
3066,0.293143,0.661226
3067,0.318057,0.619316
3068,0.318057,0.619316
3069,0.318057,0.619316
3070,0.318057,0.619316
3071,0.318057,0.619316
3072,0.322621,0.630428
3073,0.322621,0.630428
3074,0.327167,0.609055
3075,0.305665,0.58337
3076,0.386434,0.563299
3077,0.432184,0.552577
3078,0.432184,0.552577
3079,0.424972,0.524514
3080,0.423992,0.50119
3081,0.356843,0.578559
3082,0.356843,0.578559
3083,0.454122,0.544309
3084,0.457233,0.502953
3085,0.447748,0.461897
3086,0.432565,0.442565
3087,0.432565,0.442565
3088,0.432565,0.442565
3089,0.498069,0.456286
3090,0.498069,0.456286
3091,0.573136,0.517138
3092,0.573136,0.517138
3093,0.513129,0.516103
3094,0.479125,0.536759
3095,0.479125,0.536759
3096,0.476233,0.51104
3097,0.455886,0.45298
3098,0.476533,0.364446
3099,0.358393,0.41864
3100,0.476767,0.439292
3101,0.482061,0.457921
3102,0.482061,0.457921
3103,0.482765,0.460331
3104,0.424144,0.467346
3105,0.477643,0.584741
3106,0.469083,0.614949
3107,0.417618,0.537092
3108,0.446463,0.505324
3109,0.392043,0.482227
3110,0.363107,0.56178
3111,0.363107,0.56178
3112,0.406206,0.467543
3113,0.416712,0.425861
3114,0.49998,0.448902
3115,0.499882,0.494982
3116,0.450989,0.486347
3117,0.447236,0.48031
3118,0.491195,0.42567
3119,0.485899,0.437737
3120,0.459849,0.417242
3121,0.495019,0.449207
3122,0.490343,0.394758
3123,0.47655,0.403821
3124,0.47655,0.403821
3125,0.50494,0.417409
3126,0.50494,0.417409
3127,0.50494,0.417409
3128,0.557428,0.366332
3129,0.563535,0.412967
3130,0.581126,0.39739
3131,0.542592,0.37856
3132,0.573559,0.372878
3133,0.585759,0.345152
3134,0.619468,0.283127
3135,0.619468,0.283127
3136,0.696431,0.27121
3137,0.623947,0.285368
3138,0.623947,0.285368
3139,0.610569,0.184841
3140,0.580595,0.140797
3141,0.602957,0.20639
3142,0.612726,0.154105
3143,0.578139,0.125124
3144,0.620515,0.15814
3145,0.568861,0.106708
3146,0.58556,0.0133544
3147,0.562457,0.0162966
3148,0.562457,0.0162966
3149,0.58431,0.0481603
3150,0.602699,0.0184267
3151,0.624203,0.0942563
3152,0.599417,0.0562059
3153,0.650122,0.0219055
3154,0.650122,0.0219055
3155,0.645739,0.0537781
3156,0.62623,0.0583911
3157,0.62623,0.0583911
3158,0.6004,0.137243
3159,0.51968,0.132812
3160,0.581629,0.0537393
3161,0.581629,0.0537393
3162,0.581629,0.0537393
3163,0.615313,0.123403
3164,0.615313,0.123403
3165,0.60016,0.138064
3166,0.617466,0.180509
3167,0.491057,0.208205
3168,0.528238,0.149504
3169,0.528238,0.149504
3170,0.504534,0.156683
3171,0.576308,0.18056
3172,0.576308,0.18056
3173,0.626223,0.23188
3174,0.626223,0.23188
3175,0.613668,0.292302
3176,0.578978,0.279659
3177,0.555819,0.294576
3178,0.507012,0.252643
3179,0.538196,0.340785
3180,0.502842,0.361344
3181,0.510756,0.395194
3182,0.481252,0.406609
3183,0.488651,0.418543
3184,0.449968,0.411969
3185,0.449968,0.411969
3186,0.399545,0.393153
3187,0.399545,0.393153
3188,0.386922,0.445157
3189,0.386922,0.445157
3190,0.433674,0.438852
3191,0.431404,0.44631
3192,0.478019,0.445702
3193,0.478019,0.445702
3194,0.478019,0.445702
3195,0.47073,0.439926
3196,0.552129,0.455331
3197,0.491301,0.429439
3198,0.399512,0.429818
3199,0.398258,0.481016
3200,0.357259,0.499759
3201,0.339679,0.538711
3202,0.339679,0.538711
3203,0.339679,0.538711
3204,0.337686,0.477465
3205,0.389988,0.431379
3206,0.389988,0.431379
3207,0.409334,0.536897
3208,0.472118,0.500533
3209,0.437324,0.549503
3210,0.434999,0.498467
3211,0.438668,0.47707
3212,0.43286,0.502275
3213,0.43286,0.502275
3214,0.423344,0.549223
3215,0.484244,0.470056
3216,0.484244,0.470056
3217,0.484244,0.470056
3218,0.484244,0.470056
3219,0.424464,0.404269
3220,0.432454,0.450251
3221,0.43577,0.336629
3222,0.422892,0.366129
3223,0.352606,0.316477
3224,0.329881,0.391098
3225,0.302812,0.409244
3226,0.28423,0.351366
3227,0.211671,0.372976
3228,0.231508,0.322857
3229,0.322428,0.409091
3230,0.23553,0.414564
3231,0.243726,0.434146
3232,0.198797,0.478919
3233,0.200845,0.505974
3234,0.200845,0.505974
3235,0.259142,0.492084
3236,0.236485,0.506011
3237,0.300106,0.532115
3238,0.300106,0.532115
3239,0.320581,0.512291
3240,0.267386,0.508653
3241,0.308522,0.538273
3242,0.308522,0.538273
3243,0.308522,0.538273
3244,0.316603,0.556913
3245,0.266655,0.574635
3246,0.237873,0.564536
3247,0.237873,0.564536
3248,0.237873,0.564536
3249,0.237873,0.564536
3250,0.237873,0.564536
3251,0.235368,0.597438
3252,0.196479,0.661018
3253,0.243852,0.642274
3254,0.288164,0.590873
3255,0.377778,0.605288
3256,0.333934,0.593712
3257,0.333934,0.593712
3258,0.333934,0.593712
3259,0.305175,0.62345
3260,0.242551,0.573416
3261,0.228842,0.551734
3262,0.228842,0.551734
3263,0.268716,0.546143
3264,0.25194,0.65486
3265,0.264919,0.60428
3266,0.32703,0.645547
3267,0.32703,0.645547
3268,0.32703,0.645547
3269,0.340311,0.65313
3270,0.287092,0.666377
3271,0.273637,0.704449
3272,0.273637,0.704449
3273,0.273637,0.704449
3274,0.306363,0.674187
3275,0.298795,0.616099
3276,0.298795,0.616099
3277,0.305591,0.674072
3278,0.291768,0.648904
3279,0.291768,0.648904
3280,0.291768,0.648904
3281,0.274454,0.644113
3282,0.335616,0.598939
3283,0.335616,0.598939
3284,0.335616,0.598939
3285,0.354083,0.55909
3286,0.366325,0.492491
3287,0.366325,0.492491
3288,0.366325,0.492491
3289,0.289376,0.497636
3290,0.279153,0.404816
3291,0.279153,0.404816
3292,0.246629,0.383622
3293,0.30065,0.415627
3294,0.278811,0.432545
3295,0.238791,0.442051
3296,0.238791,0.442051
3297,0.238791,0.442051
3298,0.241235,0.49391
3299,0.276327,0.3962
3300,0.276327,0.3962
3301,0.167819,0.437379
3302,0.250816,0.424711
3303,0.250816,0.424711
3304,0.279016,0.410488
3305,0.330025,0.381881
3306,0.249582,0.424223
3307,0.321633,0.449809
3308,0.321633,0.449809
3309,0.321633,0.449809
3310,0.321633,0.449809
3311,0.251839,0.419002
3312,0.277507,0.419146
3313,0.281691,0.40566
3314,0.281691,0.40566
3315,0.280648,0.490828
3316,0.306328,0.481534
3317,0.289999,0.5263
3318,0.273478,0.543959
3319,0.356071,0.465359
3320,0.361018,0.506275
3321,0.414948,0.47738
3322,0.414948,0.47738
3323,0.414948,0.47738
3324,0.414948,0.47738
3325,0.39021,0.487367
3326,0.378425,0.507825
3327,0.429276,0.515779
3328,0.429276,0.515779
3329,0.42565,0.563815
3330,0.427756,0.579231
3331,0.45498,0.628332
3332,0.40951,0.644867
3333,0.403977,0.658481
3334,0.482428,0.632939
3335,0.482428,0.632939
3336,0.466569,0.669324
3337,0.466569,0.669324
3338,0.488929,0.612243
3339,0.465167,0.602464
3340,0.459671,0.680467
3341,0.509579,0.66017
3342,0.509579,0.66017
3343,0.509579,0.66017
3344,0.509579,0.66017
3345,0.540788,0.636293
3346,0.533308,0.619553
3347,0.560358,0.607454
3348,0.501053,0.593624
3349,0.526173,0.554798
3350,0.519534,0.624653
3351,0.510606,0.585753
3352,0.503546,0.606967
3353,0.482468,0.590255
3354,0.482468,0.590255
3355,0.494376,0.606243
3356,0.494376,0.606243
3357,0.50071,0.633751
3358,0.38672,0.560357
3359,0.385967,0.585599
3360,0.444995,0.570985
3361,0.408107,0.587647
3362,0.408107,0.587647
3363,0.367888,0.670767
3364,0.364364,0.633236
3365,0.372245,0.54356
3366,0.426277,0.53211
3367,0.44036,0.519466
3368,0.44036,0.519466
3369,0.469759,0.517508
3370,0.421617,0.503848
3371,0.421617,0.503848
3372,0.411278,0.587634
3373,0.397494,0.622091
3374,0.320729,0.602902
3375,0.346443,0.635712
3376,0.285741,0.576122
3377,0.300872,0.552018
3378,0.390505,0.529615
3379,0.390505,0.529615
3380,0.390505,0.529615
3381,0.393611,0.491264
3382,0.51226,0.53026
3383,0.51226,0.53026
3384,0.387051,0.535533
3385,0.387051,0.535533
3386,0.344007,0.600678
3387,0.430146,0.575214
3388,0.430146,0.575214
3389,0.428918,0.604767
3390,0.387927,0.626413
3391,0.389128,0.606133
3392,0.389128,0.606133
3393,0.389128,0.606133
3394,0.482265,0.59207
3395,0.405778,0.498467
3396,0.463274,0.541595
3397,0.538821,0.513462
3398,0.538821,0.513462
3399,0.557396,0.505143
3400,0.527674,0.464174
3401,0.58775,0.387103
3402,0.514495,0.428707
3403,0.514495,0.428707
3404,0.498317,0.469727
3405,0.504258,0.425829
3406,0.425109,0.454994
3407,0.425109,0.454994
3408,0.425109,0.454994
3409,0.425109,0.454994
3410,0.428099,0.501632
3411,0.524991,0.470321
3412,0.524565,0.444971
3413,0.573962,0.488945
3414,0.514841,0.440624
3415,0.483762,0.448152
3416,0.4538,0.447818
3417,0.4538,0.447818
3418,0.4907,0.476159
3419,0.466307,0.504643
3420,0.466307,0.504643
3421,0.485518,0.496822
3422,0.404208,0.576183
3423,0.385024,0.56284
3424,0.402514,0.498328
3425,0.420556,0.544393
3426,0.473035,0.557436
3427,0.494919,0.585411
3428,0.446069,0.608689
3429,0.503509,0.611216
3430,0.501995,0.555762
3431,0.522305,0.608069
3432,0.470537,0.561505
3433,0.424256,0.478155
3434,0.424256,0.478155
3435,0.486692,0.512166
3436,0.443379,0.524332
3437,0.489492,0.448025
3438,0.504537,0.462114
3439,0.485639,0.533391
3440,0.487715,0.594101
3441,0.487715,0.594101
3442,0.487715,0.594101
3443,0.403925,0.444105
3444,0.458029,0.51716
3445,0.451222,0.483574
3446,0.407879,0.572454
3447,0.407879,0.572454
3448,0.407879,0.572454
3449,0.511768,0.581936
3450,0.496225,0.590805
3451,0.470354,0.589636
3452,0.470354,0.589636
3453,0.470354,0.589636
3454,0.492418,0.592884
3455,0.516813,0.654775
3456,0.467071,0.630349
3457,0.467071,0.630349
3458,0.539075,0.638061
3459,0.539075,0.638061
3460,0.521267,0.549461
3461,0.521267,0.549461
3462,0.521267,0.549461
3463,0.521267,0.549461
3464,0.556333,0.565042
3465,0.533982,0.594185
3466,0.504787,0.520652
3467,0.602132,0.571677
3468,0.619724,0.558273
3469,0.619724,0.558273
3470,0.631789,0.556632
3471,0.631789,0.556632
3472,0.570291,0.541353
3473,0.535365,0.564571
3474,0.569254,0.633311
3475,0.56141,0.584449
3476,0.534426,0.633131
3477,0.5994,0.561246
3478,0.524496,0.509324
3479,0.568515,0.47017
3480,0.495911,0.467737
3481,0.54873,0.540845
3482,0.480973,0.461405
3483,0.480973,0.461405
3484,0.41763,0.437233
3485,0.35329,0.486173
3486,0.409939,0.456761
3487,0.388728,0.526862
3488,0.38043,0.486296
3489,0.360847,0.543064
3490,0.345237,0.517209
3491,0.345237,0.517209
3492,0.379655,0.483432
3493,0.379655,0.483432
3494,0.347569,0.427298
3495,0.392496,0.434115
3496,0.44372,0.456631
3497,0.506397,0.481434
3498,0.50198,0.525634
3499,0.54499,0.520239
3500,0.562074,0.432856
3501,0.562074,0.432856
3502,0.527898,0.377547
3503,0.541289,0.316299
3504,0.54917,0.248546
3505,0.571806,0.309905
3506,0.503665,0.33885
3507,0.523806,0.324624
3508,0.558436,0.329916
3509,0.512138,0.309189
3510,0.512138,0.309189
3511,0.518428,0.24711
3512,0.518428,0.24711
3513,0.43033,0.307288
3514,0.43033,0.307288
3515,0.43647,0.343918
3516,0.434381,0.345995
3517,0.468393,0.286578
3518,0.495059,0.288257
3519,0.472382,0.366187
3520,0.46961,0.344728
3521,0.496085,0.291022
3522,0.496085,0.291022
3523,0.496085,0.291022
3524,0.488141,0.333075
3525,0.473487,0.242414
3526,0.500936,0.217719
3527,0.515769,0.294851
3528,0.53895,0.302866
3529,0.605926,0.326095
3530,0.605926,0.326095
3531,0.496537,0.383523
3532,0.496537,0.383523
3533,0.496537,0.383523
3534,0.496537,0.383523
3535,0.512612,0.307925
3536,0.512612,0.307925
3537,0.512612,0.307925
3538,0.512612,0.307925
3539,0.532602,0.32937
3540,0.532602,0.32937
3541,0.556287,0.33358
3542,0.532393,0.320507
3543,0.552601,0.259397
3544,0.552601,0.259397
3545,0.552601,0.259397
3546,0.561378,0.211389
3547,0.561378,0.211389
3548,0.54782,0.273709
3549,0.598968,0.262751
3550,0.573993,0.219318
3551,0.573993,0.219318
3552,0.573993,0.219318
3553,0.573993,0.219318
3554,0.638801,0.163592
3555,0.638801,0.163592
3556,0.638801,0.163592
3557,0.638801,0.163592
3558,0.62648,0.142016
3559,0.535906,0.188221
3560,0.580343,0.169189
3561,0.607844,0.195477
3562,0.607844,0.195477
3563,0.605407,0.259198
3564,0.586452,0.29681
3565,0.637258,0.283106
3566,0.637258,0.283106
3567,0.653818,0.27611
3568,0.653818,0.27611
3569,0.653818,0.27611
3570,0.653818,0.27611
3571,0.653818,0.27611
3572,0.653818,0.27611
3573,0.674708,0.239734
3574,0.615853,0.253093
3575,0.615853,0.253093
3576,0.615853,0.253093
3577,0.568311,0.244884
3578,0.548222,0.315892
3579,0.528055,0.348751
3580,0.500509,0.270085
3581,0.497156,0.246006
3582,0.497156,0.246006
3583,0.539247,0.269792
3584,0.539247,0.269792
3585,0.574515,0.32172
3586,0.53109,0.370495
3587,0.53109,0.370495
3588,0.522156,0.440648
3589,0.522156,0.440648
3590,0.50662,0.422226
3591,0.435183,0.464018
3592,0.435183,0.464018
3593,0.44296,0.419519
3594,0.44296,0.419519
3595,0.456364,0.451791
3596,0.468854,0.472234
3597,0.469614,0.480344
3598,0.455031,0.482152
3599,0.455031,0.482152
3600,0.467025,0.511612
3601,0.46193,0.547507
3602,0.427316,0.581926
3603,0.485594,0.560361
3604,0.493656,0.565574
3605,0.547111,0.55998
3606,0.560762,0.591601
3607,0.426364,0.58323
3608,0.392891,0.590432
3609,0.43204,0.585625
3610,0.538226,0.529843
3611,0.483143,0.578752
3612,0.483143,0.578752
3613,0.483143,0.578752
3614,0.424171,0.561936
3615,0.442876,0.575027
3616,0.421289,0.642821
3617,0.405029,0.647366
3618,0.382792,0.718587
3619,0.407216,0.712028
3620,0.370704,0.628659
3621,0.370704,0.628659
3622,0.368459,0.672122
3623,0.368459,0.672122
3624,0.368459,0.672122
3625,0.41601,0.666576
3626,0.41601,0.666576
3627,0.41601,0.666576
3628,0.406174,0.640136
3629,0.406174,0.640136
3630,0.436943,0.659669
3631,0.337871,0.600636
3632,0.405488,0.679508
3633,0.405488,0.679508
3634,0.405488,0.679508
3635,0.40704,0.649286
3636,0.429331,0.613522
3637,0.454023,0.580959
3638,0.454023,0.580959
3639,0.461625,0.59391
3640,0.50038,0.568172
3641,0.50038,0.568172
3642,0.496118,0.608774
3643,0.410391,0.54548
3644,0.438086,0.578586
3645,0.433254,0.594568
3646,0.492245,0.608006
3647,0.492245,0.608006
3648,0.514228,0.562827
3649,0.54949,0.535564
3650,0.54949,0.535564
3651,0.537912,0.552709
3652,0.513431,0.58135
3653,0.515155,0.528524
3654,0.537851,0.5294
3655,0.464309,0.503777
3656,0.468048,0.493051
3657,0.41305,0.555823
3658,0.476241,0.552821
3659,0.500757,0.536285
3660,0.581147,0.530437
3661,0.581147,0.530437
3662,0.522038,0.48233
3663,0.522038,0.48233
3664,0.577336,0.43733
3665,0.617269,0.445176
3666,0.581198,0.462756
3667,0.673013,0.419792
3668,0.576882,0.454496
3669,0.576882,0.454496
3670,0.576882,0.454496
3671,0.576882,0.454496
3672,0.596261,0.479544
3673,0.571913,0.407841
3674,0.543948,0.316298
3675,0.543948,0.316298
3676,0.545451,0.335757
3677,0.573614,0.309496
3678,0.615492,0.304854
3679,0.633928,0.32871
3680,0.604716,0.261106
3681,0.64074,0.252539
3682,0.646545,0.16885
3683,0.681925,0.191065
3684,0.613176,0.216453
3685,0.613176,0.216453
3686,0.566092,0.284967
3687,0.565068,0.313519
3688,0.600819,0.290596
3689,0.566874,0.258333
3690,0.581083,0.283354
3691,0.581083,0.283354
3692,0.571465,0.261027
3693,0.606705,0.214796
3694,0.596105,0.224774
3695,0.596105,0.224774
3696,0.594976,0.258215
3697,0.657682,0.26748
3698,0.657682,0.26748
3699,0.584544,0.235659
3700,0.630544,0.254213
3701,0.608593,0.299694
3702,0.618535,0.341226
3703,0.618535,0.341226
3704,0.525234,0.339906
3705,0.525234,0.339906
3706,0.513259,0.314943
3707,0.546076,0.313453
3708,0.530816,0.361663
3709,0.530305,0.303848
3710,0.50531,0.353736
3711,0.499253,0.332425
3712,0.482603,0.390303
3713,0.477096,0.402596
3714,0.49705,0.380934
3715,0.554931,0.340216
3716,0.559416,0.329125
3717,0.540973,0.270823
3718,0.540973,0.270823
3719,0.540973,0.270823
3720,0.51021,0.258368
3721,0.521343,0.319857
3722,0.52547,0.289838
3723,0.553575,0.280445
3724,0.559577,0.327429
3725,0.619349,0.192413
3726,0.583267,0.20425
3727,0.630965,0.225884
3728,0.588328,0.220948
3729,0.588328,0.220948
3730,0.578719,0.240854
3731,0.578719,0.240854
3732,0.578945,0.234652
3733,0.563241,0.278035
3734,0.563241,0.278035
3735,0.563241,0.278035
3736,0.563241,0.278035
3737,0.562654,0.237451
3738,0.561028,0.247175
3739,0.599421,0.217803
3740,0.599421,0.217803
3741,0.599421,0.217803
3742,0.62521,0.24632
3743,0.62521,0.24632
3744,0.654419,0.259105
3745,0.638533,0.273194
3746,0.638533,0.273194
3747,0.638533,0.273194
3748,0.635628,0.246994
3749,0.635628,0.246994
3750,0.56131,0.246924
3751,0.56131,0.246924
3752,0.51517,0.279592
3753,0.553895,0.303236
3754,0.553895,0.303236
3755,0.513879,0.271786
3756,0.555971,0.241799
3757,0.540483,0.243589
3758,0.540483,0.243589
3759,0.577778,0.316406
3760,0.515195,0.264756
3761,0.524859,0.194368
3762,0.593717,0.148241
3763,0.593717,0.148241
3764,0.593717,0.148241
3765,0.593717,0.148241
3766,0.607389,0.176894
3767,0.607389,0.176894
3768,0.607389,0.176894
3769,0.576416,0.186139
3770,0.549952,0.219881
3771,0.511559,0.221581
3772,0.46392,0.26558
3773,0.477041,0.298135
3774,0.472317,0.332575
3775,0.472317,0.332575
3776,0.472317,0.332575
3777,0.472317,0.332575
3778,0.472317,0.332575
3779,0.472317,0.332575
3780,0.472317,0.332575
3781,0.485908,0.263421
3782,0.485908,0.263421
3783,0.566866,0.267025
3784,0.494015,0.28969
3785,0.631562,0.294175
3786,0.541459,0.212595
3787,0.563149,0.317914
3788,0.563149,0.317914
3789,0.563149,0.317914
3790,0.563149,0.317914
3791,0.606788,0.354405
3792,0.564165,0.36529
3793,0.487055,0.34319
3794,0.486333,0.323795
3795,0.486333,0.323795
3796,0.543648,0.326289
3797,0.589271,0.327375
3798,0.589271,0.327375
3799,0.589271,0.327375
3800,0.578246,0.270062
3801,0.618978,0.269261
3802,0.618978,0.269261
3803,0.580718,0.283793
3804,0.638886,0.270558
3805,0.591929,0.245033
3806,0.591929,0.245033
3807,0.591929,0.245033
3808,0.635901,0.205101
3809,0.596893,0.215867
3810,0.497946,0.22759
3811,0.484153,0.284412
3812,0.503601,0.268029
3813,0.503601,0.268029
3814,0.503601,0.268029
3815,0.504019,0.276123
3816,0.504019,0.276123
3817,0.504019,0.276123
3818,0.493032,0.236361
3819,0.493032,0.236361
3820,0.564046,0.23509
3821,0.564046,0.23509
3822,0.550372,0.243691
3823,0.551324,0.312037
3824,0.551324,0.312037
3825,0.551324,0.312037
3826,0.551324,0.312037
3827,0.524122,0.312292
3828,0.588169,0.22631
3829,0.635947,0.219842
3830,0.635947,0.219842
3831,0.603039,0.184924
3832,0.603039,0.184924
3833,0.641865,0.226756
3834,0.619337,0.224688
3835,0.631652,0.250918
3836,0.662604,0.263778
3837,0.662604,0.263778
3838,0.627028,0.260221
3839,0.627028,0.260221
3840,0.662319,0.284047
3841,0.662319,0.284047
3842,0.595125,0.25564
3843,0.586168,0.302773
3844,0.586168,0.302773
3845,0.586258,0.321024
3846,0.549373,0.256026
3847,0.631158,0.26609
3848,0.631158,0.26609
3849,0.582133,0.330029
3850,0.582133,0.330029
3851,0.511922,0.317741
3852,0.532604,0.377996
3853,0.606611,0.333547
3854,0.606611,0.333547
3855,0.606611,0.333547
3856,0.606611,0.333547
3857,0.628621,0.411369
3858,0.628621,0.411369
3859,0.628621,0.411369
3860,0.618457,0.421836
3861,0.626884,0.413352
3862,0.625975,0.410792
3863,0.625975,0.410792
3864,0.589255,0.389406
3865,0.526669,0.429839
3866,0.526669,0.429839
3867,0.50526,0.487099
3868,0.427309,0.535055
3869,0.441517,0.521049
3870,0.441517,0.521049
3871,0.44145,0.581907
3872,0.367884,0.571791
3873,0.367884,0.571791
3874,0.367884,0.571791
3875,0.315289,0.51956
3876,0.374097,0.511888
3877,0.374097,0.511888
3878,0.374097,0.511888
3879,0.324896,0.484038
3880,0.30565,0.537204
3881,0.275714,0.528874
3882,0.273839,0.452569
3883,0.287534,0.548663
3884,0.276758,0.488816
3885,0.276758,0.488816
3886,0.191464,0.501772
3887,0.133926,0.48427
3888,0.133926,0.48427
3889,0.171508,0.457671
3890,0.229827,0.485277
3891,0.229827,0.485277
3892,0.252624,0.490116
3893,0.274944,0.468729
3894,0.248583,0.432975
3895,0.303434,0.459435
3896,0.27533,0.40971
3897,0.308807,0.34879
3898,0.371839,0.313104
3899,0.357253,0.328514
3900,0.357253,0.328514
3901,0.357253,0.328514
3902,0.357253,0.328514
3903,0.419754,0.320304
3904,0.390821,0.313441
3905,0.390821,0.313441
3906,0.43565,0.266109
3907,0.456103,0.316646
3908,0.42028,0.283116
3909,0.438766,0.297512
3910,0.454192,0.321904
3911,0.454192,0.321904
3912,0.465647,0.207614
3913,0.465647,0.207614
3914,0.455255,0.13385
3915,0.441596,0.124041
3916,0.441596,0.124041
3917,0.441596,0.124041
3918,0.441596,0.124041
3919,0.487209,0.1567
3920,0.487209,0.1567
3921,0.539823,0.199494
3922,0.50764,0.188312
3923,0.50764,0.188312
3924,0.460349,0.187939
3925,0.497054,0.253522
3926,0.489171,0.310027
3927,0.478239,0.325957
3928,0.45828,0.267254
3929,0.504009,0.396379
3930,0.517978,0.335578
3931,0.468569,0.337495
3932,0.468569,0.337495
3933,0.468569,0.337495
3934,0.467687,0.299084
3935,0.485461,0.306133
3936,0.360075,0.210189
3937,0.360075,0.210189
3938,0.360075,0.210189
3939,0.413963,0.290191
3940,0.413963,0.290191
3941,0.413963,0.290191
3942,0.424889,0.341107
3943,0.392686,0.361603
3944,0.392686,0.361603
3945,0.382734,0.399949
3946,0.417434,0.337112
3947,0.417434,0.337112
3948,0.411833,0.396656
3949,0.411833,0.396656
3950,0.432268,0.428812
3951,0.513013,0.453031
3952,0.497297,0.446639
3953,0.42821,0.39994
3954,0.480286,0.466136
3955,0.480286,0.466136
3956,0.469335,0.482267
3957,0.499388,0.474095
3958,0.506669,0.504328
3959,0.460557,0.560394
3960,0.460557,0.560394
3961,0.460557,0.560394
3962,0.513609,0.519044
3963,0.513609,0.519044
3964,0.513609,0.519044
3965,0.499757,0.502681
3966,0.499757,0.502681
3967,0.517307,0.496297
3968,0.531292,0.51276
3969,0.506366,0.560315
3970,0.506366,0.560315
3971,0.4918,0.565138
3972,0.454367,0.533127
3973,0.476031,0.570571
3974,0.476917,0.554081
3975,0.501234,0.507244
3976,0.57397,0.477058
3977,0.563104,0.540234
3978,0.523343,0.568162
3979,0.523343,0.568162
3980,0.600132,0.543335
3981,0.608114,0.449645
3982,0.571184,0.45144
3983,0.563028,0.552042
3984,0.552781,0.512841
3985,0.555724,0.498143
3986,0.555724,0.498143
3987,0.525492,0.417683
3988,0.565598,0.464417
3989,0.499275,0.487136
3990,0.511374,0.441686
3991,0.4643,0.52576
3992,0.456083,0.536942
3993,0.490931,0.525465
3994,0.490931,0.525465
3995,0.516292,0.502515
3996,0.516292,0.502515
3997,0.36559,0.494825
3998,0.36559,0.494825
3999,0.492065,0.563754
4000,0.599547,0.541182
4001,0.531393,0.609136
4002,0.548731,0.54127
4003,0.548731,0.54127
4004,0.497846,0.589172
4005,0.440656,0.599038
4006,0.522665,0.559602
4007,0.565202,0.573781
4008,0.565202,0.573781
4009,0.614488,0.513069
4010,0.597506,0.541685
4011,0.530501,0.483261
4012,0.536736,0.569549
4013,0.536736,0.569549
4014,0.536736,0.569549
4015,0.536736,0.569549
4016,0.529274,0.553539
4017,0.529274,0.553539
4018,0.58179,0.473557
4019,0.566737,0.533201
4020,0.539519,0.495245
4021,0.553891,0.499494
4022,0.51811,0.486257
4023,0.557856,0.555268
4024,0.581174,0.459607
4025,0.573904,0.496488
4026,0.573904,0.496488
4027,0.548165,0.452216
4028,0.543041,0.462647
4029,0.543041,0.462647
4030,0.543041,0.462647
4031,0.463216,0.47873
4032,0.40355,0.550616
4033,0.408288,0.579242
4034,0.466954,0.54302
4035,0.520328,0.587827
4036,0.520328,0.587827
4037,0.499182,0.633357
4038,0.499182,0.633357
4039,0.499182,0.633357
4040,0.499182,0.633357
4041,0.505294,0.572598
4042,0.505294,0.572598
4043,0.459881,0.5715
4044,0.530618,0.554814
4045,0.480912,0.533937
4046,0.490339,0.496621
4047,0.491481,0.512632
4048,0.513087,0.504752
4049,0.549591,0.525582
4050,0.549591,0.525582
4051,0.572637,0.454106
4052,0.554625,0.404622
4053,0.594768,0.466068
4054,0.631623,0.464674
4055,0.599645,0.431213
4056,0.590737,0.44516
4057,0.590737,0.44516
4058,0.618159,0.460104
4059,0.618159,0.460104
4060,0.637736,0.449024
4061,0.653686,0.34849
4062,0.604665,0.295421
4063,0.596142,0.287493
4064,0.609987,0.324986
4065,0.622483,0.347718
4066,0.666985,0.393488
4067,0.666985,0.393488
4068,0.705196,0.328584
4069,0.61508,0.298291
4070,0.61508,0.298291
4071,0.61508,0.298291
4072,0.664489,0.416275
4073,0.664489,0.416275
4074,0.614819,0.450705
4075,0.583007,0.452573
4076,0.597888,0.428085
4077,0.597888,0.428085
4078,0.560953,0.449057
4079,0.603853,0.475703
4080,0.575471,0.415395
4081,0.629424,0.493963
4082,0.629424,0.493963
4083,0.629424,0.493963
4084,0.640063,0.475122
4085,0.601195,0.481613
4086,0.601195,0.481613
4087,0.516071,0.452244
4088,0.516071,0.452244
4089,0.508245,0.432556
4090,0.549562,0.46495
4091,0.549562,0.46495
4092,0.496202,0.458084
4093,0.514808,0.452734
4094,0.514808,0.452734
4095,0.558746,0.501154
4096,0.530458,0.542948
4097,0.555675,0.471464
4098,0.48338,0.429168
4099,0.46486,0.528895
4100,0.46486,0.528895
4101,0.46486,0.528895
4102,0.46486,0.528895
4103,0.487546,0.488565
4104,0.480259,0.496209
4105,0.49623,0.343785
4106,0.519175,0.397371
4107,0.551742,0.378486
4108,0.524485,0.335491
4109,0.515625,0.312364
4110,0.515625,0.312364
4111,0.515625,0.312364
4112,0.52106,0.343271
4113,0.567344,0.245785
4114,0.543422,0.215922
4115,0.543422,0.215922
4116,0.573539,0.246867
4117,0.486478,0.242666
4118,0.486478,0.242666
4119,0.486478,0.242666
4120,0.486478,0.242666
4121,0.504324,0.250038
4122,0.505494,0.276825
4123,0.553972,0.284436
4124,0.569369,0.278803
4125,0.602663,0.258407
4126,0.572157,0.287904
4127,0.536517,0.208769
4128,0.531626,0.250625
4129,0.580137,0.277677
4130,0.553028,0.32426
4131,0.578176,0.39488
4132,0.611755,0.389433
4133,0.611755,0.389433
4134,0.604167,0.340197
4135,0.604167,0.340197
4136,0.604167,0.340197
4137,0.641395,0.298764
4138,0.641395,0.298764
4139,0.658488,0.382695
4140,0.641221,0.390931
4141,0.59522,0.478306
4142,0.595882,0.449042
4143,0.595882,0.449042
4144,0.645605,0.460699
4145,0.645605,0.460699
4146,0.645605,0.460699
4147,0.632877,0.401689
4148,0.659516,0.440489
4149,0.646443,0.455147
4150,0.624703,0.458114
4151,0.624703,0.458114
4152,0.573424,0.502638
4153,0.590968,0.513498
4154,0.52318,0.572557
4155,0.537224,0.524431
4156,0.504042,0.577877
4157,0.474391,0.605962
4158,0.537045,0.61128
4159,0.571979,0.609926
4160,0.477128,0.578753
4161,0.41728,0.615754
4162,0.410902,0.659457
4163,0.406693,0.687782
4164,0.42015,0.700116
4165,0.42015,0.700116
4166,0.42015,0.700116
4167,0.42015,0.700116
4168,0.423342,0.690843
4169,0.423342,0.690843
4170,0.426857,0.677351
4171,0.426857,0.677351
4172,0.322298,0.65531
4173,0.326856,0.609261
4174,0.406066,0.635274
4175,0.333643,0.625007
4176,0.355243,0.642554
4177,0.355243,0.642554
4178,0.296983,0.692171
4179,0.362005,0.691396
4180,0.362005,0.691396
4181,0.362005,0.691396
4182,0.429911,0.696309
4183,0.426286,0.633552
4184,0.444828,0.551154
4185,0.452557,0.594521
4186,0.460282,0.679314
4187,0.42559,0.654141
4188,0.525713,0.586359
4189,0.525713,0.586359
4190,0.571112,0.615819
4191,0.571112,0.615819
4192,0.516619,0.571209
4193,0.554637,0.575384
4194,0.626194,0.513405
4195,0.626194,0.513405
4196,0.643404,0.527912
4197,0.598277,0.512406
4198,0.598277,0.512406
4199,0.566814,0.544078
4200,0.566814,0.544078
4201,0.566814,0.544078
4202,0.594182,0.580601
4203,0.541757,0.51585
4204,0.55112,0.474005
4205,0.584535,0.602879
4206,0.584091,0.613067
4207,0.64177,0.605952
4208,0.565853,0.633689
4209,0.565853,0.633689
4210,0.565853,0.633689
4211,0.555383,0.612403
4212,0.554173,0.699014
4213,0.554173,0.699014
4214,0.54591,0.614339
4215,0.494257,0.588162
4216,0.494257,0.588162
4217,0.519546,0.610836
4218,0.48693,0.590684
4219,0.460374,0.623145
4220,0.460374,0.623145
4221,0.361374,0.594769
4222,0.412093,0.540627
4223,0.412093,0.540627
4224,0.380896,0.580287
4225,0.380896,0.580287
4226,0.380896,0.580287
4227,0.313989,0.603176
4228,0.439272,0.609407
4229,0.439272,0.609407
4230,0.439272,0.609407
4231,0.387427,0.628261
4232,0.280232,0.633227
4233,0.215971,0.638682
4234,0.196265,0.611991
4235,0.188646,0.598574
4236,0.213433,0.61767
4237,0.194526,0.562053
4238,0.194526,0.562053
4239,0.12788,0.567521
4240,0.160994,0.598512
4241,0.160994,0.598512
4242,0.2851,0.61792
4243,0.308506,0.63777
4244,0.285015,0.675976
4245,0.280713,0.658191
4246,0.290103,0.66366
4247,0.331333,0.635275
4248,0.43869,0.665711
4249,0.496786,0.727243
4250,0.486138,0.674993
4251,0.396024,0.619145
4252,0.486043,0.652672
4253,0.486043,0.652672
4254,0.470882,0.617001
4255,0.440515,0.568144
4256,0.42823,0.561404
4257,0.444822,0.554048
4258,0.472646,0.651774
4259,0.472646,0.651774
4260,0.356237,0.612449
4261,0.35409,0.62112
4262,0.35409,0.62112
4263,0.406757,0.627641
4264,0.389405,0.618495
4265,0.389405,0.618495
4266,0.340633,0.617458
4267,0.291014,0.603434
4268,0.381714,0.577674
4269,0.381714,0.577674
4270,0.381714,0.577674
4271,0.308827,0.59823
4272,0.308827,0.59823
4273,0.362201,0.647868
4274,0.399288,0.619494
4275,0.399288,0.619494
4276,0.378454,0.582938
4277,0.37726,0.640467
4278,0.387576,0.5953
4279,0.421518,0.613248
4280,0.437315,0.626444
4281,0.437315,0.626444
4282,0.404909,0.662723
4283,0.399446,0.620229
4284,0.314354,0.62064
4285,0.303287,0.575229
4286,0.341088,0.596198
4287,0.341088,0.596198
4288,0.341088,0.596198
4289,0.309617,0.606928
4290,0.309617,0.606928
4291,0.263243,0.633888
4292,0.335339,0.566129
4293,0.335339,0.566129
4294,0.297473,0.600764
4295,0.183341,0.622621
4296,0.274584,0.561352
4297,0.291435,0.581246
4298,0.371571,0.605594
4299,0.352599,0.566266
4300,0.361905,0.554692
4301,0.302175,0.577261
4302,0.302175,0.577261
4303,0.234386,0.558347
4304,0.234331,0.605042
4305,0.257134,0.530014
4306,0.257134,0.530014
4307,0.226362,0.559059
4308,0.258862,0.501079
4309,0.138242,0.542737
4310,0.179135,0.537748
4311,0.187285,0.535387
4312,0.212296,0.63491
4313,0.253732,0.544544
4314,0.365276,0.511237
4315,0.365276,0.511237
4316,0.365276,0.511237
4317,0.283485,0.518438
4318,0.283485,0.518438
4319,0.298239,0.466868
4320,0.332173,0.480144
4321,0.332173,0.480144
4322,0.318643,0.491604
4323,0.287193,0.500609
4324,0.315462,0.490587
4325,0.306488,0.520932
4326,0.308603,0.409464
4327,0.308603,0.409464
4328,0.308603,0.409464
4329,0.356362,0.478404
4330,0.372061,0.457573
4331,0.307845,0.500948
4332,0.307845,0.500948
4333,0.269947,0.492671
4334,0.282213,0.476149
4335,0.280266,0.506196
4336,0.194463,0.478717
4337,0.151959,0.495528
4338,0.196279,0.495814
4339,0.196258,0.501687
4340,0.196258,0.501687
4341,0.170701,0.477214
4342,0.108473,0.491201
4343,0.163008,0.544156
4344,0.050448,0.500817
4345,0.123862,0.459599
4346,0.24336,0.506561
4347,0.24336,0.506561
4348,0.188524,0.455118
4349,0.211026,0.479942
4350,0.21309,0.466027
4351,0.235166,0.399918
4352,0.35294,0.38987
4353,0.348753,0.282969
4354,0.348753,0.282969
4355,0.332174,0.26263
4356,0.29158,0.327813
4357,0.279142,0.321752
4358,0.266269,0.327612
4359,0.266269,0.327612
4360,0.303413,0.366757
4361,0.276594,0.350481
4362,0.236783,0.315834
4363,0.272976,0.262275
4364,0.309526,0.251241
4365,0.268379,0.237838
4366,0.268379,0.237838
4367,0.370639,0.340228
4368,0.334635,0.298074
4369,0.295623,0.256128
4370,0.335799,0.194207
4371,0.35779,0.198774
4372,0.35779,0.198774
4373,0.306291,0.198783
4374,0.31895,0.189825
4375,0.316507,0.20469
4376,0.30452,0.220315
4377,0.298625,0.222853
4378,0.335006,0.293475
4379,0.338584,0.374732
4380,0.338584,0.374732
4381,0.2636,0.434923
4382,0.2636,0.434923
4383,0.391389,0.380339
4384,0.43789,0.392255
4385,0.43789,0.392255
4386,0.435079,0.430287
4387,0.449846,0.403355
4388,0.449846,0.403355
4389,0.422165,0.368098
4390,0.405493,0.383875
4391,0.405493,0.383875
4392,0.387585,0.345931
4393,0.451473,0.355333
4394,0.417668,0.327582
4395,0.384408,0.357874
4396,0.38466,0.307151
4397,0.38466,0.307151
4398,0.38466,0.307151
4399,0.38466,0.307151
4400,0.351468,0.254625
4401,0.37903,0.289642
4402,0.37903,0.289642
4403,0.410337,0.338691
4404,0.410337,0.338691
4405,0.448744,0.348774
4406,0.433128,0.411023
4407,0.433128,0.411023
4408,0.447127,0.411142
4409,0.446667,0.411833
4410,0.479638,0.43085
4411,0.46705,0.468702
4412,0.436208,0.4537
4413,0.47983,0.458475
4414,0.444244,0.486222
4415,0.398076,0.45222
4416,0.398076,0.45222
4417,0.419174,0.417746
4418,0.35069,0.414337
4419,0.336707,0.39058
4420,0.336707,0.39058
4421,0.37362,0.372766
4422,0.364336,0.45128
4423,0.385314,0.454131
4424,0.449261,0.371611
4425,0.403895,0.425158
4426,0.466172,0.467257
4427,0.462705,0.374329
4428,0.462705,0.374329
4429,0.486247,0.353537
4430,0.486247,0.353537
4431,0.486247,0.353537
4432,0.460699,0.43835
4433,0.460699,0.43835
4434,0.460699,0.43835
4435,0.434953,0.438619
4436,0.412109,0.490101
4437,0.457679,0.487472
4438,0.457679,0.487472
4439,0.435597,0.543569
4440,0.439961,0.549222
4441,0.400125,0.530833
4442,0.421757,0.569002
4443,0.394195,0.631937
4444,0.385077,0.57831
4445,0.291194,0.561621
4446,0.311727,0.524253
4447,0.344691,0.532059
4448,0.349494,0.515133
4449,0.349494,0.515133
4450,0.349494,0.515133
4451,0.345533,0.575948
4452,0.345533,0.575948
4453,0.327045,0.505737
4454,0.403685,0.470749
4455,0.403685,0.470749
4456,0.348063,0.48802
4457,0.328133,0.496877
4458,0.391434,0.421496
4459,0.30167,0.37882
4460,0.30167,0.37882
4461,0.342407,0.377921
4462,0.342407,0.377921
4463,0.342407,0.377921
4464,0.34759,0.362059
4465,0.34759,0.362059
4466,0.392479,0.3513
4467,0.392479,0.3513
4468,0.409676,0.343281
4469,0.409676,0.343281
4470,0.447111,0.368693
4471,0.47289,0.331081
4472,0.522264,0.303535
4473,0.48851,0.295187
4474,0.494659,0.275801
4475,0.494659,0.275801
4476,0.56555,0.20152
4477,0.519413,0.226982
4478,0.519413,0.226982
4479,0.468765,0.237158
4480,0.469404,0.296081
4481,0.438747,0.299369
4482,0.445234,0.304461
4483,0.468956,0.371898
4484,0.468956,0.371898
4485,0.51106,0.398163
4486,0.51106,0.398163
4487,0.509615,0.377943
4488,0.481629,0.317948
4489,0.463453,0.337543
4490,0.463453,0.337543
4491,0.443639,0.350628
4492,0.447485,0.374097
4493,0.438846,0.342146
4494,0.485122,0.35372
4495,0.454209,0.352289
4496,0.481226,0.392489
4497,0.445734,0.338077
4498,0.41382,0.273908
4499,0.402662,0.290932
4500,0.322657,0.368748
4501,0.322657,0.368748
4502,0.322657,0.368748
4503,0.391783,0.27813
4504,0.391783,0.27813
4505,0.414716,0.306268
4506,0.408316,0.240413
4507,0.408316,0.240413
4508,0.42564,0.290899
4509,0.409935,0.301105
4510,0.482426,0.290584
4511,0.462729,0.330855
4512,0.462729,0.330855
4513,0.476117,0.352823
4514,0.476117,0.352823
4515,0.456886,0.39903
4516,0.51461,0.382554
4517,0.452547,0.339006
4518,0.452547,0.339006
4519,0.452547,0.339006
4520,0.492639,0.36536
4521,0.466603,0.29317
4522,0.508722,0.271091
4523,0.508722,0.271091
4524,0.508722,0.271091
4525,0.508722,0.271091
4526,0.508722,0.271091
4527,0.508722,0.271091
4528,0.512972,0.313735
4529,0.478669,0.296641
4530,0.456234,0.280077
4531,0.494938,0.209554
4532,0.494938,0.209554
4533,0.514077,0.230567
4534,0.490236,0.333192
4535,0.531033,0.327008
4536,0.460572,0.342151
4537,0.570141,0.327069
4538,0.526431,0.331796
4539,0.496921,0.326767
4540,0.47257,0.387592
4541,0.443244,0.381026
4542,0.547079,0.373979
4543,0.545903,0.45833
4544,0.545903,0.45833
4545,0.545903,0.45833
4546,0.478372,0.495869
4547,0.48623,0.544993
4548,0.48623,0.544993
4549,0.525066,0.550213
4550,0.555645,0.45898
4551,0.555645,0.45898
4552,0.555645,0.45898
4553,0.555645,0.45898
4554,0.583722,0.471227
4555,0.583722,0.471227
4556,0.583722,0.471227
4557,0.583722,0.471227
4558,0.546048,0.501435
4559,0.546048,0.501435
4560,0.552388,0.513135
4561,0.517565,0.53828
4562,0.549697,0.554379
4563,0.549697,0.554379
4564,0.535689,0.47737
4565,0.633206,0.444833
4566,0.584838,0.412944
4567,0.528071,0.449601
4568,0.589636,0.383505
4569,0.557508,0.340324
4570,0.557508,0.340324
4571,0.509362,0.422817
4572,0.530581,0.422773
4573,0.530581,0.422773
4574,0.530581,0.422773
4575,0.472696,0.384451
4576,0.472696,0.384451
4577,0.552085,0.398446
4578,0.530828,0.395612
4579,0.612762,0.391479
4580,0.668632,0.399222
4581,0.654891,0.337397
4582,0.629961,0.366264
4583,0.629961,0.366264
4584,0.663337,0.359001
4585,0.669783,0.380323
4586,0.669783,0.380323
4587,0.655202,0.345394
4588,0.637416,0.301548
4589,0.586561,0.314863
4590,0.655141,0.302688
4591,0.586155,0.306413
4592,0.582055,0.360075
4593,0.565188,0.408292
4594,0.584217,0.358378
4595,0.573597,0.370942
4596,0.594107,0.4036
4597,0.632633,0.381095
4598,0.632633,0.381095
4599,0.643118,0.386972
4600,0.664478,0.271576
4601,0.631864,0.251896
4602,0.631864,0.251896
4603,0.645473,0.275233
4604,0.650356,0.254531
4605,0.628242,0.30384
4606,0.653853,0.250552
4607,0.61432,0.363109
4608,0.677886,0.292278
4609,0.699335,0.286449
4610,0.697097,0.32114
4611,0.752125,0.301964
4612,0.70881,0.301666
4613,0.719058,0.204425
4614,0.730721,0.223797
4615,0.686074,0.229982
4616,0.689825,0.295826
4617,0.657817,0.263015
4618,0.657817,0.263015
4619,0.657817,0.263015
4620,0.655285,0.21538
4621,0.625441,0.188158
4622,0.57229,0.226898
4623,0.57229,0.226898
4624,0.598149,0.211048
4625,0.675809,0.195577
4626,0.632695,0.174664
4627,0.632695,0.174664
4628,0.651779,0.134892
4629,0.651779,0.134892
4630,0.663162,0.133805
4631,0.624266,0.194503
4632,0.529606,0.198679
4633,0.572396,0.229185
4634,0.645391,0.269021
4635,0.645391,0.269021
4636,0.61496,0.161566
4637,0.61496,0.161566
4638,0.61496,0.161566
4639,0.557012,0.164848
4640,0.545978,0.0910075
4641,0.585028,0.0593117
4642,0.585028,0.0593117
4643,0.607532,0.0748698
4644,0.639489,0.0281665
4645,0.639489,0.0281665
4646,0.639489,0.0281665
4647,0.625275,0.110136
4648,0.643259,0.0990314
4649,0.643259,0.0990314
4650,0.661167,0.0939237
4651,0.658975,0.0486817
4652,0.588224,0.0956068
4653,0.551149,0.0690865
4654,0.572179,0.0931809
4655,0.543912,0.0525437
4656,0.543912,0.0525437
4657,0.529956,0.0388481
4658,0.527146,0.138839
4659,0.522305,0.18716
4660,0.471216,0.148604
4661,0.471216,0.148604
4662,0.498415,0.166663
4663,0.547695,0.174107
4664,0.551032,0.133364
4665,0.553685,0.187384
4666,0.558005,0.148721
4667,0.43032,0.236041
4668,0.511572,0.25389
4669,0.504092,0.197891
4670,0.570123,0.223881
4671,0.585501,0.257509
4672,0.545318,0.271808
4673,0.542452,0.338861
4674,0.566608,0.398654
4675,0.566608,0.398654
4676,0.587824,0.402197
4677,0.560701,0.398844
4678,0.52663,0.379768
4679,0.57158,0.401237
4680,0.523591,0.427264
4681,0.554219,0.476563
4682,0.494528,0.525173
4683,0.465058,0.561942
4684,0.465058,0.561942
4685,0.493028,0.620401
4686,0.511636,0.614556
4687,0.511636,0.614556
4688,0.499765,0.632232
4689,0.499765,0.632232
4690,0.572791,0.626177
4691,0.477724,0.609046
4692,0.477724,0.609046
4693,0.405163,0.507177
4694,0.405163,0.507177
4695,0.366707,0.469278
4696,0.330847,0.559241
4697,0.330847,0.559241
4698,0.330847,0.559241
4699,0.293065,0.582816
4700,0.313686,0.538577
4701,0.313686,0.538577
4702,0.313686,0.538577
4703,0.314625,0.519127
4704,0.314625,0.519127
4705,0.26651,0.468401
4706,0.26651,0.468401
4707,0.261817,0.466191
4708,0.284799,0.38993
4709,0.288438,0.414069
4710,0.306822,0.4234
4711,0.306822,0.4234
4712,0.306822,0.4234
4713,0.318134,0.40273
4714,0.31324,0.302757
4715,0.228387,0.356961
4716,0.243457,0.35109
4717,0.30461,0.334988
4718,0.30461,0.334988
4719,0.262757,0.352698
4720,0.256559,0.367381
4721,0.310888,0.378496
4722,0.310888,0.378496
4723,0.28547,0.406242
4724,0.265769,0.449455
4725,0.289147,0.522285
4726,0.289147,0.522285
4727,0.346985,0.548293
4728,0.346985,0.548293
4729,0.319177,0.539852
4730,0.329749,0.496741
4731,0.291528,0.556866
4732,0.291528,0.556866
4733,0.260532,0.581514
4734,0.282156,0.570349
4735,0.388507,0.587606
4736,0.401448,0.581192
4737,0.34047,0.606054
4738,0.324841,0.563448
4739,0.324841,0.563448
4740,0.47737,0.548691
4741,0.47737,0.548691
4742,0.441851,0.575956
4743,0.480467,0.631226
4744,0.539257,0.593262
4745,0.548231,0.633199
4746,0.548231,0.633199
4747,0.486949,0.565992
4748,0.457468,0.586339
4749,0.450141,0.580341
4750,0.458879,0.634062
4751,0.51373,0.683178
4752,0.474644,0.69175
4753,0.385294,0.638142
4754,0.420893,0.62678
4755,0.420893,0.62678
4756,0.425693,0.597204
4757,0.388637,0.595191
4758,0.427233,0.556304
4759,0.460326,0.548111
4760,0.460326,0.548111
4761,0.450942,0.495822
4762,0.419657,0.427693
4763,0.393461,0.451844
4764,0.389159,0.45373
4765,0.454804,0.426628
4766,0.429059,0.37047
4767,0.462406,0.442507
4768,0.45491,0.39897
4769,0.45491,0.39897
4770,0.487061,0.364081
4771,0.602274,0.30294
4772,0.602274,0.30294
4773,0.573326,0.325293
4774,0.519496,0.367283
4775,0.590074,0.387248
4776,0.570763,0.394242
4777,0.570763,0.394242
4778,0.575027,0.397909
4779,0.575027,0.397909
4780,0.624886,0.419431
4781,0.603568,0.411548
4782,0.634902,0.382413
4783,0.642591,0.33725
4784,0.586692,0.421462
4785,0.614574,0.364434
4786,0.614574,0.364434
4787,0.614574,0.364434
4788,0.633039,0.389782
4789,0.633039,0.389782
4790,0.526313,0.392865
4791,0.506121,0.447045
4792,0.490826,0.340959
4793,0.47674,0.323389
4794,0.481529,0.283772
4795,0.481529,0.283772
4796,0.481529,0.283772
4797,0.495619,0.319462
4798,0.474514,0.327071
4799,0.48828,0.269995
4800,0.48828,0.269995
4801,0.501613,0.311052
4802,0.501613,0.311052
4803,0.5302,0.335622
4804,0.5302,0.335622
4805,0.445379,0.374039
4806,0.417237,0.314259
4807,0.431727,0.33316
4808,0.42539,0.37117
4809,0.365532,0.277001
4810,0.389969,0.281074
4811,0.408433,0.282882
4812,0.393938,0.260722
4813,0.390428,0.249353
4814,0.390428,0.249353
4815,0.467559,0.255278
4816,0.416592,0.150397
4817,0.42968,0.152793
4818,0.437629,0.24943
4819,0.437629,0.24943
4820,0.437629,0.24943
4821,0.432095,0.262614
4822,0.432095,0.262614
4823,0.387998,0.185349
4824,0.389881,0.2471
4825,0.402878,0.159359
4826,0.391987,0.125164
4827,0.333441,0.11777
4828,0.333441,0.11777
4829,0.313813,0.174635
4830,0.361279,0.173918
4831,0.419577,0.212426
4832,0.38408,0.262954
4833,0.38408,0.262954
4834,0.39025,0.366469
4835,0.39025,0.366469
4836,0.414844,0.382025
4837,0.414844,0.382025
4838,0.414844,0.382025
4839,0.391617,0.447237
4840,0.391617,0.447237
4841,0.374383,0.366494
4842,0.324039,0.478861
4843,0.324039,0.478861
4844,0.324039,0.478861
4845,0.306714,0.474243
4846,0.306714,0.474243
4847,0.293234,0.578988
4848,0.293234,0.578988
4849,0.365447,0.550167
4850,0.385012,0.591718
4851,0.385012,0.591718
4852,0.407744,0.560595
4853,0.368605,0.58616
4854,0.367808,0.599038
4855,0.367808,0.599038
4856,0.343658,0.563191
4857,0.328271,0.585207
4858,0.406241,0.600836
4859,0.406241,0.600836
4860,0.341007,0.595882
4861,0.381606,0.592218
4862,0.267966,0.589346
4863,0.347289,0.578886
4864,0.333796,0.566474
4865,0.333796,0.566474
4866,0.337715,0.610434
4867,0.337715,0.610434
4868,0.337715,0.610434
4869,0.361263,0.515973
4870,0.453392,0.47617
4871,0.406611,0.470997
4872,0.406611,0.470997
4873,0.431363,0.511505
4874,0.396,0.532104
4875,0.402276,0.482671
4876,0.382252,0.480389
4877,0.372801,0.558831
4878,0.265305,0.514924
4879,0.218085,0.456516
4880,0.218085,0.456516
4881,0.201122,0.477587
4882,0.180755,0.429787
4883,0.164922,0.463757
4884,0.20163,0.465053
4885,0.20163,0.465053
4886,0.232672,0.48134
4887,0.232672,0.48134
4888,0.260806,0.388031
4889,0.307414,0.398858
4890,0.307414,0.398858
4891,0.296522,0.403992
4892,0.349316,0.442083
4893,0.31302,0.392859
4894,0.334737,0.433689
4895,0.357345,0.461739
4896,0.38806,0.507694
4897,0.38806,0.507694
4898,0.320036,0.490125
4899,0.336122,0.558021
4900,0.372308,0.601164
4901,0.449587,0.555065
4902,0.39027,0.492993
4903,0.398149,0.560475
4904,0.374511,0.521014
4905,0.407802,0.543369
4906,0.434936,0.566413
4907,0.391377,0.617816
4908,0.425973,0.470381
4909,0.425973,0.470381
4910,0.425973,0.470381
4911,0.407096,0.38845
4912,0.499749,0.356577
4913,0.499749,0.356577
4914,0.512481,0.425441
4915,0.512481,0.425441
4916,0.535116,0.40991
4917,0.500674,0.477659
4918,0.507111,0.502074
4919,0.529894,0.460367
4920,0.545324,0.499109
4921,0.550415,0.485055
4922,0.575695,0.472738
4923,0.575695,0.472738
4924,0.577485,0.458851
4925,0.563144,0.470248
4926,0.5323,0.46277
4927,0.5323,0.46277
4928,0.529648,0.51885
4929,0.490149,0.520196
4930,0.468717,0.523276
4931,0.530812,0.512101
4932,0.512326,0.496509
4933,0.465725,0.563796
4934,0.506866,0.541395
4935,0.532521,0.508363
4936,0.546382,0.52168
4937,0.545626,0.498055
4938,0.595624,0.57593
4939,0.508235,0.57102
4940,0.497099,0.644632
4941,0.47972,0.645539
4942,0.473589,0.644129
4943,0.425807,0.65515
4944,0.474018,0.644682
4945,0.482647,0.641768
4946,0.482647,0.641768
4947,0.482647,0.641768
4948,0.448088,0.620615
4949,0.436675,0.55666
4950,0.440314,0.604343
4951,0.438059,0.53242
4952,0.41953,0.554946
4953,0.409858,0.624414
4954,0.40562,0.557005
4955,0.391652,0.576882
4956,0.477173,0.565324
4957,0.416731,0.638847
4958,0.410801,0.587811
4959,0.410801,0.587811
4960,0.410801,0.587811
4961,0.492982,0.563644
4962,0.523135,0.615257
4963,0.518887,0.565396
4964,0.518887,0.565396
4965,0.462408,0.557724
4966,0.515912,0.617134
4967,0.485698,0.536253
4968,0.444443,0.538639
4969,0.493928,0.524016
4970,0.523494,0.470539
4971,0.454629,0.405539
4972,0.485784,0.360988
4973,0.519573,0.315872
4974,0.519573,0.315872
4975,0.570208,0.329538
4976,0.570208,0.329538
4977,0.55793,0.354828
4978,0.606447,0.377054
4979,0.563152,0.390991
4980,0.604802,0.402264
4981,0.582689,0.35905
4982,0.555681,0.439412
4983,0.535374,0.417597
4984,0.481326,0.4363
4985,0.502197,0.443779
4986,0.508255,0.443358
4987,0.579301,0.404266
4988,0.533978,0.388671
4989,0.569003,0.465046
4990,0.569003,0.465046
4991,0.629916,0.500855
4992,0.55205,0.5091
4993,0.55205,0.5091
4994,0.555817,0.577911
4995,0.544766,0.627826
4996,0.547958,0.570179
4997,0.515503,0.514789
4998,0.515503,0.514789
4999,0.515503,0.514789
5000,0.571874,0.535458
5001,0.571874,0.535458
5002,0.589465,0.51864
5003,0.5678,0.520734
5004,0.647066,0.566571
5005,0.65276,0.572316
5006,0.65276,0.572316
5007,0.669496,0.559886
5008,0.634355,0.562351
5009,0.634355,0.562351
5010,0.680004,0.587413
5011,0.680004,0.587413
5012,0.686811,0.533066
5013,0.686811,0.533066
5014,0.67691,0.526332
5015,0.580552,0.516791
5016,0.628478,0.488805
5017,0.628478,0.488805
5018,0.535011,0.46128
5019,0.548334,0.489083
5020,0.620829,0.513694
5021,0.616634,0.522348
5022,0.605681,0.49429
5023,0.586006,0.565459
5024,0.586006,0.565459
5025,0.615768,0.542844
5026,0.598748,0.478545
5027,0.589003,0.524383
5028,0.570889,0.628095
5029,0.561266,0.588241
5030,0.561266,0.588241
5031,0.544158,0.609112
5032,0.50003,0.611548
5033,0.501209,0.624499
5034,0.52631,0.609486
5035,0.509676,0.694175
5036,0.517441,0.716897
5037,0.52463,0.66245
5038,0.52463,0.66245
5039,0.468156,0.647532
5040,0.468156,0.647532
5041,0.518696,0.622047
5042,0.476319,0.547923
5043,0.526124,0.574865
5044,0.526124,0.574865
5045,0.526124,0.574865
5046,0.588548,0.58355
5047,0.588548,0.58355
5048,0.599357,0.536783
5049,0.578795,0.563886
5050,0.598847,0.58222
5051,0.598847,0.58222
5052,0.656774,0.508772
5053,0.640168,0.543855
5054,0.574718,0.49943
5055,0.574718,0.49943
5056,0.574718,0.49943
5057,0.543106,0.516521
5058,0.530409,0.491053
5059,0.530409,0.491053
5060,0.503304,0.505602
5061,0.465853,0.474301
5062,0.502115,0.559534
5063,0.443168,0.578021
5064,0.443168,0.578021
5065,0.402284,0.55031
5066,0.402284,0.55031
5067,0.402284,0.55031
5068,0.42575,0.595787
5069,0.324767,0.653812
5070,0.307195,0.632502
5071,0.279909,0.637707
5072,0.365766,0.659757
5073,0.386127,0.661431
5074,0.425704,0.668376
5075,0.394504,0.613698
5076,0.388594,0.626191
5077,0.403172,0.63179
5078,0.442275,0.648358
5079,0.442275,0.648358
5080,0.458726,0.606543
5081,0.461478,0.551594
5082,0.430345,0.550809
5083,0.46256,0.482064
5084,0.446565,0.475723
5085,0.387424,0.492701
5086,0.387424,0.492701
5087,0.387424,0.492701
5088,0.501941,0.470526
5089,0.486986,0.519573
5090,0.514578,0.465391
5091,0.514578,0.465391
5092,0.537594,0.515469
5093,0.477389,0.479006
5094,0.515816,0.469949
5095,0.558465,0.548546
5096,0.596077,0.588208
5097,0.497334,0.608493
5098,0.512097,0.611399
5099,0.615802,0.57747
5100,0.528761,0.595716
5101,0.417511,0.570108
5102,0.481834,0.567646
5103,0.472571,0.574232
5104,0.523845,0.60891
5105,0.523845,0.60891
5106,0.547585,0.558544
5107,0.522969,0.576139
5108,0.600276,0.588367
5109,0.564916,0.579167
5110,0.537958,0.607906
5111,0.589657,0.614598
5112,0.565477,0.599711
5113,0.507949,0.55693
5114,0.559657,0.625046
5115,0.579006,0.64494
5116,0.494499,0.646345
5117,0.494499,0.646345
5118,0.494499,0.646345
5119,0.490824,0.608561
5120,0.443918,0.624292
5121,0.469653,0.588115
5122,0.469653,0.588115
5123,0.39795,0.603769
5124,0.43805,0.562281
5125,0.501479,0.506446
5126,0.482338,0.507928
5127,0.482338,0.507928
5128,0.495569,0.456467
5129,0.495569,0.456467
5130,0.462134,0.39424
5131,0.462134,0.39424
5132,0.616362,0.335944
5133,0.562306,0.329844
5134,0.633236,0.374222
5135,0.646064,0.349214
5136,0.622905,0.339397
5137,0.595672,0.311033
5138,0.576403,0.310251
5139,0.596226,0.428614
5140,0.601549,0.43077
5141,0.536609,0.349582
5142,0.556181,0.349058
5143,0.538663,0.353946
5144,0.49487,0.431606
5145,0.49487,0.431606
5146,0.442968,0.345239
5147,0.405494,0.427907
5148,0.374007,0.446067
5149,0.331414,0.446328
5150,0.341002,0.418725
5151,0.287103,0.433459
5152,0.282168,0.477448
5153,0.282168,0.477448
5154,0.257931,0.482727
5155,0.201707,0.486807
5156,0.201707,0.486807
5157,0.201707,0.486807
5158,0.281629,0.492186
5159,0.201958,0.500645
5160,0.10703,0.4454
5161,0.108532,0.44866
5162,0.108532,0.44866
5163,0.0991812,0.431752
5164,0.0897588,0.413606
5165,0.175919,0.363516
5166,0.0944246,0.440247
5167,0.190239,0.440496
5168,0.129862,0.447654
5169,0.154004,0.416733
5170,0.194586,0.363638
5171,0.194586,0.363638
5172,0.194586,0.363638
5173,0.265658,0.358326
5174,0.315863,0.376125
5175,0.232609,0.300668
5176,0.232609,0.300668
5177,0.232609,0.300668
5178,0.157038,0.364414
5179,0.254117,0.353807
5180,0.254117,0.353807
5181,0.30204,0.404614
5182,0.30204,0.404614
5183,0.278195,0.400991
5184,0.315395,0.43414
5185,0.315395,0.43414
5186,0.351404,0.418456
5187,0.291488,0.38705
5188,0.320063,0.356222
5189,0.294595,0.373677
5190,0.294595,0.373677
5191,0.331554,0.364518
5192,0.336851,0.376843
5193,0.336851,0.376843
5194,0.346163,0.48511
5195,0.346163,0.48511
5196,0.342795,0.488754
5197,0.324447,0.48992
5198,0.324447,0.48992
5199,0.324447,0.48992
5200,0.416513,0.526257
5201,0.350933,0.578081
5202,0.364846,0.602293
5203,0.388164,0.600224
5204,0.422272,0.640736
5205,0.422272,0.640736
5206,0.472604,0.653049
5207,0.481489,0.67975
5208,0.392052,0.64366
5209,0.460535,0.544187
5210,0.460535,0.544187
5211,0.574275,0.538968
5212,0.574275,0.538968
5213,0.511368,0.603356
5214,0.44499,0.633554
5215,0.44499,0.633554
5216,0.517144,0.609776
5217,0.517144,0.609776
5218,0.487383,0.627194
5219,0.46187,0.566812
5220,0.509547,0.483986
5221,0.502851,0.523968
5222,0.497513,0.456804
5223,0.511788,0.427624
5224,0.572618,0.421381
5225,0.585294,0.40977
5226,0.584841,0.446285
5227,0.584841,0.446285
5228,0.576673,0.436988
5229,0.578022,0.444749
5230,0.578022,0.444749
5231,0.555937,0.493814
5232,0.522736,0.502483
5233,0.522736,0.502483
5234,0.522736,0.502483
5235,0.506586,0.490674
5236,0.506586,0.490674
5237,0.506586,0.490674
5238,0.506586,0.490674
5239,0.638723,0.585728
5240,0.47329,0.491803
5241,0.587785,0.442068
5242,0.587785,0.442068
5243,0.587785,0.442068
5244,0.582529,0.371926
5245,0.582529,0.371926
5246,0.603237,0.321994
5247,0.552534,0.276336
5248,0.573995,0.210686
5249,0.638192,0.302549
5250,0.640173,0.234238
5251,0.666657,0.290363
5252,0.666657,0.290363
5253,0.65182,0.33999
5254,0.610643,0.378201
5255,0.630802,0.410101
5256,0.64684,0.475387
5257,0.584928,0.479228
5258,0.562937,0.465958
5259,0.562937,0.465958
5260,0.521521,0.503789
5261,0.521521,0.503789
5262,0.508718,0.574001
5263,0.468673,0.554048
5264,0.468673,0.554048
5265,0.398588,0.488273
5266,0.398588,0.488273
5267,0.406625,0.475526
5268,0.435078,0.424784
5269,0.432495,0.414626
5270,0.403329,0.443448
5271,0.34623,0.489984
5272,0.315213,0.514863
5273,0.280827,0.467659
5274,0.267828,0.469528
5275,0.239166,0.392381
5276,0.231067,0.383408
5277,0.231067,0.383408
5278,0.262851,0.41918
5279,0.282176,0.429746
5280,0.284201,0.435255
5281,0.216613,0.41039
5282,0.153997,0.328791
5283,0.153997,0.328791
5284,0.131206,0.388075
5285,0.131206,0.388075
5286,0.0562115,0.380767
5287,0.0669624,0.476581
5288,0.14051,0.462719
5289,0.111758,0.453922
5290,0.112611,0.450047
5291,0.0791743,0.425349
5292,0.159292,0.411921
5293,0.159292,0.411921
5294,0.0542512,0.422145
5295,0.084332,0.481627
5296,0.102437,0.54186
5297,0.102437,0.54186
5298,0.143824,0.484253
5299,0.152525,0.519718
5300,0.172735,0.475128
5301,0.209644,0.465424
5302,0.22972,0.549789
5303,0.22972,0.549789
5304,0.21251,0.573802
5305,0.21251,0.573802
5306,0.190741,0.603711
5307,0.190741,0.603711
5308,0.159625,0.64693
5309,0.1958,0.630816
5310,0.1958,0.630816
5311,0.204974,0.645074
5312,0.192334,0.631603
5313,0.251922,0.577206
5314,0.251922,0.577206
5315,0.251922,0.577206
5316,0.226194,0.54281
5317,0.24813,0.519054
5318,0.24813,0.519054
5319,0.208623,0.565356
5320,0.234875,0.549941
5321,0.234875,0.549941
5322,0.248166,0.584411
5323,0.248166,0.584411
5324,0.265282,0.528882
5325,0.29467,0.517199
5326,0.310433,0.609925
5327,0.3107,0.550253
5328,0.3107,0.550253
5329,0.214698,0.491292
5330,0.259999,0.564444
5331,0.267025,0.478249
5332,0.206442,0.514361
5333,0.198699,0.448762
5334,0.198699,0.448762
5335,0.171709,0.48517
5336,0.15497,0.566161
5337,0.207218,0.579755
5338,0.158256,0.60119
5339,0.264305,0.573089
5340,0.140907,0.550407
5341,0.237381,0.603376
5342,0.310877,0.569684
5343,0.355067,0.569721
5344,0.333079,0.52595
5345,0.394846,0.478393
5346,0.394846,0.478393
5347,0.436282,0.422613
5348,0.432063,0.443661
5349,0.432063,0.443661
5350,0.373154,0.485073
5351,0.392066,0.407223
5352,0.397097,0.403002
5353,0.397097,0.403002
5354,0.397097,0.403002
5355,0.331134,0.404119
5356,0.39765,0.3941
5357,0.348128,0.352642
5358,0.362598,0.344448
5359,0.362598,0.344448
5360,0.40267,0.399966
5361,0.40267,0.399966
5362,0.40267,0.399966
5363,0.38827,0.318157
5364,0.446881,0.294892
5365,0.40773,0.302296
5366,0.382922,0.337096
5367,0.382922,0.337096
5368,0.382922,0.337096
5369,0.348377,0.326745
5370,0.348377,0.326745
5371,0.373141,0.336367
5372,0.373141,0.336367
5373,0.337786,0.298459
5374,0.336059,0.309465
5375,0.421385,0.35489
5376,0.483677,0.382644
5377,0.413546,0.39087
5378,0.439001,0.36692
5379,0.471128,0.387749
5380,0.445114,0.323211
5381,0.445114,0.323211
5382,0.372458,0.340686
5383,0.398061,0.327161
5384,0.385431,0.306134
5385,0.440729,0.300134
5386,0.440729,0.300134
5387,0.39454,0.335115
5388,0.39454,0.335115
5389,0.380572,0.378397
5390,0.487972,0.350782
5391,0.481271,0.311628
5392,0.506384,0.324113
5393,0.484424,0.336108
5394,0.505461,0.361183
5395,0.569029,0.34236
5396,0.547151,0.336675
5397,0.52729,0.369232
5398,0.52729,0.369232
5399,0.554751,0.371081
5400,0.508034,0.352037
5401,0.508034,0.352037
5402,0.522047,0.429431
5403,0.482666,0.38271
5404,0.482666,0.38271
5405,0.541307,0.419241
5406,0.541307,0.419241
5407,0.497444,0.361871
5408,0.441679,0.392039
5409,0.34401,0.346576
5410,0.360339,0.386211
5411,0.360339,0.386211
5412,0.350896,0.394994
5413,0.3738,0.388785
5414,0.367296,0.326942
5415,0.367296,0.326942
5416,0.420845,0.316851
5417,0.420845,0.316851
5418,0.46633,0.293001
5419,0.489005,0.303399
5420,0.489005,0.303399
5421,0.469228,0.284584
5422,0.445681,0.287263
5423,0.50068,0.266397
5424,0.512932,0.191182
5425,0.408386,0.24377
5426,0.419534,0.271106
5427,0.457497,0.198136
5428,0.465713,0.273759
5429,0.465713,0.273759
5430,0.483957,0.324868
5431,0.483957,0.324868
5432,0.525903,0.378212
5433,0.490506,0.326121
5434,0.48718,0.428169
5435,0.514557,0.353339
5436,0.514557,0.353339
5437,0.507652,0.398373
5438,0.507652,0.398373
5439,0.507652,0.398373
5440,0.507652,0.398373
5441,0.507652,0.398373
5442,0.53492,0.412043
5443,0.501393,0.413863
5444,0.587646,0.39202
5445,0.527393,0.432954
5446,0.514173,0.559244
5447,0.505445,0.516899
5448,0.524875,0.568956
5449,0.524875,0.568956
5450,0.524875,0.568956
5451,0.572593,0.558693
5452,0.609431,0.576098
5453,0.595992,0.572016
5454,0.528745,0.604832
5455,0.488388,0.600678
5456,0.488388,0.600678
5457,0.488388,0.600678
5458,0.473288,0.603387
5459,0.458388,0.622076
5460,0.458388,0.622076
5461,0.490574,0.616387
5462,0.514338,0.63623
5463,0.468644,0.632283
5464,0.472934,0.664773
5465,0.478306,0.634175
5466,0.416886,0.666656
5467,0.355863,0.65343
5468,0.355863,0.65343
5469,0.4222,0.550148
5470,0.331723,0.52718
5471,0.331723,0.52718
5472,0.331723,0.52718
5473,0.331723,0.52718
5474,0.335245,0.495624
5475,0.316955,0.58036
5476,0.316955,0.58036
5477,0.310516,0.55538
5478,0.310516,0.55538
5479,0.349399,0.624142
5480,0.349399,0.624142
5481,0.351381,0.611032
5482,0.354471,0.49398
5483,0.396369,0.523122
5484,0.396369,0.523122
5485,0.323348,0.57695
5486,0.319398,0.634559
5487,0.35308,0.605949
5488,0.305252,0.587385
5489,0.305252,0.587385
5490,0.266257,0.566783
5491,0.215868,0.56877
5492,0.231458,0.578354
5493,0.231458,0.578354
5494,0.287167,0.537094
5495,0.281752,0.5215
5496,0.222493,0.591489
5497,0.222493,0.591489
5498,0.233193,0.594903
5499,0.21043,0.535104
5500,0.264548,0.605656
5501,0.264548,0.605656
5502,0.261811,0.569455
5503,0.255792,0.565788
5504,0.255792,0.565788
5505,0.234376,0.56634
5506,0.259567,0.546544
5507,0.259567,0.546544
5508,0.262812,0.561784
5509,0.289239,0.576232
5510,0.289239,0.576232
5511,0.289239,0.576232
5512,0.289239,0.576232
5513,0.245986,0.586976
5514,0.274516,0.573179
5515,0.226974,0.451918
5516,0.250214,0.578632
5517,0.2231,0.614555
5518,0.2231,0.614555
5519,0.2231,0.614555
5520,0.204744,0.572887
5521,0.204744,0.572887
5522,0.204744,0.572887
5523,0.204744,0.572887
5524,0.184062,0.592863
5525,0.223762,0.649318
5526,0.341398,0.632839
5527,0.341398,0.632839
5528,0.272745,0.66452
5529,0.27851,0.635995
5530,0.339496,0.654009
5531,0.375721,0.634295
5532,0.269466,0.561608
5533,0.269466,0.561608
5534,0.210562,0.639514
5535,0.228234,0.623474
5536,0.233354,0.569552
5537,0.233354,0.569552
5538,0.218859,0.577052
5539,0.230244,0.60796
5540,0.157842,0.599007
5541,0.173422,0.55669
5542,0.14278,0.585158
5543,0.145348,0.58437
5544,0.16507,0.588978
5545,0.204406,0.61008
5546,0.191401,0.584026
5547,0.226591,0.553989
5548,0.206546,0.555532
5549,0.206546,0.555532
5550,0.191618,0.571521
5551,0.191618,0.571521
5552,0.219102,0.580734
5553,0.172867,0.602059
5554,0.177398,0.576766
5555,0.177398,0.576766
5556,0.216389,0.549016
5557,0.216389,0.549016
5558,0.200468,0.535809
5559,0.182907,0.539005
5560,0.256665,0.578517
5561,0.244768,0.569832
5562,0.251404,0.572134
5563,0.315361,0.598085
5564,0.21226,0.647538
5565,0.247725,0.641966
5566,0.191766,0.645479
5567,0.144808,0.642429
5568,0.13167,0.703683
5569,0.177371,0.647372
5570,0.278121,0.70956
5571,0.285573,0.676844
5572,0.327038,0.649943
5573,0.327038,0.649943
5574,0.327038,0.649943
5575,0.411827,0.622333
5576,0.338735,0.632723
5577,0.277248,0.644243
5578,0.186387,0.645513
5579,0.23387,0.693769
5580,0.157349,0.642552
5581,0.175754,0.674603
5582,0.124643,0.685545
5583,0.10727,0.678857
5584,0.0898826,0.688173
5585,0.111531,0.717773
5586,0.111531,0.717773
5587,0.0948044,0.724898
5588,0.0897659,0.705515
5589,0.119367,0.720815
5590,0.106345,0.699728
5591,0.0788432,0.669443
5592,0.170286,0.733973
5593,0.115547,0.681691
5594,0.114665,0.707746
5595,0.136152,0.657897
5596,0.0803711,0.5894
5597,0.16225,0.6153
5598,0.197322,0.640581
5599,0.228147,0.626617
5600,0.228147,0.626617
5601,0.228147,0.626617
5602,0.160456,0.649048
5603,0.17248,0.648306
5604,0.17248,0.648306
5605,0.0600498,0.689008
5606,0.145352,0.709654
5607,0.122292,0.67706
5608,0.122292,0.67706
5609,0.122292,0.67706
5610,0.108768,0.698337
5611,0.136881,0.700608
5612,0.136881,0.700608
5613,0.226585,0.670986
5614,0.186757,0.667827
5615,0.186757,0.667827
5616,0.218318,0.714898
5617,0.176733,0.712312
5618,0.189526,0.694055
5619,0.177208,0.645998
5620,0.17242,0.623595
5621,0.17242,0.623595
5622,0.17242,0.623595
5623,0.17242,0.623595
5624,0.17242,0.623595
5625,0.123058,0.663554
5626,0.123058,0.663554
5627,0.136636,0.657503
5628,0.145229,0.572381
5629,0.0354161,0.629281
5630,0.135609,0.614893
5631,0.135609,0.614893
5632,0.181608,0.599756
5633,0.180122,0.617971
5634,0.113072,0.583672
5635,0.138698,0.537673
5636,0.105701,0.550428
5637,0.105701,0.550428
5638,0.0822865,0.504098
5639,0.166153,0.593969
5640,0.166153,0.593969
5641,0.110638,0.654431
5642,0.0270445,0.673656
5643,0.0377167,0.667945
5644,0.106456,0.641878
5645,0.113663,0.707347
5646,0.157766,0.643734
5647,0.177889,0.687511
5648,0.164998,0.726794
5649,0.164998,0.726794
5650,0.164998,0.726794
5651,0.164998,0.726794
5652,0.156241,0.64653
5653,0.202516,0.652346
5654,0.190652,0.649661
5655,0.202461,0.695483
5656,0.188227,0.640566
5657,0.235437,0.672797
5658,0.173313,0.597242
5659,0.313992,0.565161
5660,0.305808,0.643903
5661,0.275687,0.628395
5662,0.289317,0.611031
5663,0.28371,0.607138
5664,0.249143,0.574022
5665,0.190294,0.509114
5666,0.190294,0.509114
5667,0.212852,0.520842
5668,0.212852,0.520842
5669,0.0871383,0.480176
5670,0.1874,0.568731
5671,0.1874,0.568731
5672,0.210146,0.532595
5673,0.210146,0.532595
5674,0.210146,0.532595
5675,0.220481,0.553216
5676,0.220481,0.553216
5677,0.182969,0.555436
5678,0.150704,0.532935
5679,0.150704,0.532935
5680,0.153495,0.554676
5681,0.153495,0.554676
5682,0.206227,0.505603
5683,0.266846,0.52552
5684,0.266846,0.52552
5685,0.27264,0.604448
5686,0.27264,0.604448
5687,0.267693,0.607452
5688,0.268856,0.581044
5689,0.283678,0.572268
5690,0.287889,0.615257
5691,0.287889,0.615257
5692,0.287889,0.615257
5693,0.268202,0.649236
5694,0.253938,0.599628
5695,0.253938,0.599628
5696,0.338202,0.619759
5697,0.332843,0.566249
5698,0.316429,0.614342
5699,0.387222,0.488907
5700,0.399117,0.60795
5701,0.328172,0.598062
5702,0.374563,0.572968
5703,0.36833,0.647545
5704,0.399404,0.6018
5705,0.333327,0.577934
5706,0.35996,0.617914
5707,0.35996,0.617914
5708,0.35996,0.617914
5709,0.339564,0.635603
5710,0.339564,0.635603
5711,0.43949,0.63342
5712,0.396196,0.602292
5713,0.396196,0.602292
5714,0.406024,0.677913
5715,0.434342,0.673138
5716,0.434342,0.673138
5717,0.411786,0.666001
5718,0.404403,0.660149
5719,0.412217,0.687844
5720,0.377915,0.634785
5721,0.47525,0.587205
5722,0.492576,0.620182
5723,0.418231,0.580531
5724,0.418231,0.580531
5725,0.408431,0.595283
5726,0.408431,0.595283
5727,0.400621,0.512046
5728,0.421452,0.571339
5729,0.370297,0.614748
5730,0.376796,0.634732
5731,0.420612,0.589177
5732,0.503432,0.605816
5733,0.383203,0.61858
5734,0.406986,0.565197
5735,0.406986,0.565197
5736,0.364221,0.491091
5737,0.382655,0.475628
5738,0.410536,0.417004
5739,0.410536,0.417004
5740,0.410536,0.417004
5741,0.424106,0.357676
5742,0.453228,0.346073
5743,0.427962,0.364775
5744,0.376786,0.401909
5745,0.476666,0.389307
5746,0.410531,0.317834
5747,0.410531,0.317834
5748,0.416379,0.392138
5749,0.397683,0.391824
5750,0.40035,0.411814
5751,0.499717,0.398133
5752,0.436864,0.372331
5753,0.436864,0.372331
5754,0.432961,0.382725
5755,0.430695,0.352898
5756,0.402666,0.435835
5757,0.347272,0.506287
5758,0.347272,0.506287
5759,0.363872,0.434473
5760,0.33221,0.384396
5761,0.393381,0.461769
5762,0.302546,0.499064
5763,0.367214,0.461253
5764,0.492732,0.47173
5765,0.414623,0.437829
5766,0.403896,0.456439
5767,0.403896,0.456439
5768,0.403896,0.456439
5769,0.416249,0.417512
5770,0.393315,0.432278
5771,0.48683,0.460476
5772,0.457989,0.387528
5773,0.485436,0.350374
5774,0.48383,0.375739
5775,0.48383,0.375739
5776,0.480944,0.43125
5777,0.50931,0.33687
5778,0.454578,0.314729
5779,0.431723,0.340617
5780,0.35662,0.368572
5781,0.361125,0.30154
5782,0.361125,0.30154
5783,0.361125,0.30154
5784,0.407363,0.257765
5785,0.367912,0.295724
5786,0.469666,0.302349
5787,0.469666,0.302349
5788,0.519166,0.349237
5789,0.543986,0.432237
5790,0.543986,0.432237
5791,0.490835,0.353195
5792,0.329907,0.355516
5793,0.365815,0.380473
5794,0.380206,0.37446
5795,0.375085,0.40269
5796,0.400236,0.366694
5797,0.36643,0.38015
5798,0.441337,0.389322
5799,0.441337,0.389322
5800,0.46906,0.403371
5801,0.485652,0.43559
5802,0.485652,0.43559
5803,0.435452,0.412794
5804,0.370105,0.454312
5805,0.384293,0.408295
5806,0.397602,0.438894
5807,0.439666,0.416506
5808,0.446091,0.377272
5809,0.378554,0.323621
5810,0.492023,0.287709
5811,0.492023,0.287709
5812,0.492023,0.287709
5813,0.492023,0.287709
5814,0.537992,0.292179
5815,0.514415,0.335985
5816,0.542414,0.34468
5817,0.542414,0.34468
5818,0.542414,0.34468
5819,0.533973,0.355071
5820,0.529197,0.349467
5821,0.517613,0.360979
5822,0.561843,0.327463
5823,0.561843,0.327463
5824,0.561843,0.327463
5825,0.547942,0.356365
5826,0.5033,0.299961
5827,0.553016,0.344899
5828,0.613784,0.37662
5829,0.613084,0.406636
5830,0.589096,0.395786
5831,0.589096,0.395786
5832,0.605211,0.417209
5833,0.606072,0.430171
5834,0.598574,0.44911
5835,0.665065,0.42201
5836,0.600217,0.450581
5837,0.600217,0.450581
5838,0.600217,0.450581
5839,0.602665,0.45482
5840,0.603258,0.404738
5841,0.589983,0.414077
5842,0.585323,0.417462
5843,0.580279,0.444039
5844,0.580279,0.444039
5845,0.580279,0.444039
5846,0.580279,0.444039
5847,0.573414,0.452192
5848,0.573414,0.452192
5849,0.533342,0.424863
5850,0.533342,0.424863
5851,0.508404,0.397768
5852,0.525611,0.389839
5853,0.490202,0.352549
5854,0.490202,0.352549
5855,0.492206,0.325661
5856,0.492206,0.325661
5857,0.50929,0.385191
5858,0.484389,0.361963
5859,0.552148,0.383181
5860,0.477351,0.38721
5861,0.479427,0.4554
5862,0.479427,0.4554
5863,0.549173,0.486848
5864,0.559641,0.424038
5865,0.550046,0.393316
5866,0.509047,0.437644
5867,0.509047,0.437644
5868,0.517778,0.413342
5869,0.517778,0.413342
5870,0.572143,0.401734
5871,0.585704,0.410417
5872,0.644209,0.402457
5873,0.669465,0.355919
5874,0.680925,0.380297
5875,0.680925,0.380297
5876,0.658948,0.365217
5877,0.542321,0.464305
5878,0.599569,0.47089
5879,0.611353,0.433117
5880,0.611353,0.433117
5881,0.611353,0.433117
5882,0.579224,0.355036
5883,0.606957,0.398674
5884,0.606957,0.398674
5885,0.601045,0.384059
5886,0.570403,0.446607
5887,0.570403,0.446607
5888,0.599226,0.376628
5889,0.613246,0.438092
5890,0.582623,0.39298
5891,0.560167,0.365682
5892,0.557772,0.304707
5893,0.558559,0.31115
5894,0.558559,0.31115
5895,0.61941,0.315253
5896,0.552633,0.203163
5897,0.568672,0.217998
5898,0.504728,0.18854
5899,0.511364,0.200826
5900,0.545679,0.234978
5901,0.510882,0.202969
5902,0.554807,0.164365
5903,0.554807,0.164365
5904,0.504691,0.129315
5905,0.492336,0.165468
5906,0.509421,0.184411
5907,0.498266,0.115807
5908,0.495443,0.146032
5909,0.539901,0.0922201
5910,0.539901,0.0922201
5911,0.587065,0.145744
5912,0.587065,0.145744
5913,0.555196,0.199383
5914,0.601145,0.121766
5915,0.601145,0.121766
5916,0.601145,0.121766
5917,0.53881,0.0965919
5918,0.493768,0.0796096
5919,0.52649,0.0919701
5920,0.52649,0.0919701
5921,0.542884,0.0951484
5922,0.542884,0.0951484
5923,0.473997,0.0288528
5924,0.590668,0.108368
5925,0.637523,0.159304
5926,0.631243,0.138283
5927,0.557902,0.133869
5928,0.563077,0.130656
5929,0.5563,0.170979
5930,0.580657,0.0934092
5931,0.566897,0.108827
5932,0.615099,0.141175
5933,0.606514,0.127921
5934,0.606514,0.127921
5935,0.606514,0.127921
5936,0.570134,0.0867316
5937,0.570134,0.0867316
5938,0.560608,0.043071
5939,0.540145,0.053113
5940,0.478829,0.180022
5941,0.518595,0.206278
5942,0.587615,0.213886
5943,0.539917,0.295046
5944,0.531225,0.318917
5945,0.501232,0.282167
5946,0.529629,0.236809
5947,0.529046,0.239094
5948,0.555447,0.204538
5949,0.555447,0.204538
5950,0.53829,0.26817
5951,0.497239,0.236115
5952,0.497239,0.236115
5953,0.497239,0.236115
5954,0.466978,0.199076
5955,0.464613,0.273146
5956,0.459213,0.280038
5957,0.449098,0.208676
5958,0.449098,0.208676
5959,0.416325,0.250999
5960,0.360594,0.319994
5961,0.327767,0.32522
5962,0.366774,0.338077
5963,0.366774,0.338077
5964,0.366774,0.338077
5965,0.365368,0.249086
5966,0.362958,0.277713
5967,0.362958,0.277713
5968,0.397245,0.243025
5969,0.397245,0.243025
5970,0.372413,0.108882
5971,0.335995,0.198264
5972,0.335995,0.198264
5973,0.352948,0.160844
5974,0.320776,0.179358
5975,0.280386,0.180844
5976,0.285541,0.231975
5977,0.288914,0.272208
5978,0.325005,0.333563
5979,0.325005,0.333563
5980,0.255551,0.342484
5981,0.341082,0.323754
5982,0.341082,0.323754
5983,0.301527,0.298317
5984,0.301527,0.298317
5985,0.323856,0.341155
5986,0.259482,0.38214
5987,0.266933,0.323094
5988,0.353529,0.378812
5989,0.30518,0.391475
5990,0.30518,0.391475
5991,0.397124,0.32859
5992,0.370138,0.319136
5993,0.465773,0.331139
5994,0.465773,0.331139
5995,0.380158,0.302984
5996,0.380158,0.302984
5997,0.380158,0.302984
5998,0.426032,0.328271
5999,0.435622,0.241082
6000,0.435622,0.241082
6001,0.448,0.302516
6002,0.448,0.302516
6003,0.47866,0.344106
6004,0.423718,0.414395
6005,0.472536,0.375902
6006,0.429753,0.431725
6007,0.401292,0.429932
6008,0.417424,0.392208
6009,0.417424,0.392208
6010,0.419215,0.322674
6011,0.496426,0.337594
6012,0.433748,0.358158
6013,0.453118,0.319862
6014,0.453118,0.319862
6015,0.433042,0.353506
6016,0.450232,0.325745
6017,0.394629,0.395629
6018,0.416341,0.451043
6019,0.429215,0.4578
6020,0.449809,0.494176
6021,0.409433,0.437987
6022,0.419058,0.435302
6023,0.419058,0.435302
6024,0.419058,0.435302
6025,0.430907,0.505262
6026,0.424692,0.433866
6027,0.424692,0.433866
6028,0.424692,0.433866
6029,0.424692,0.433866
6030,0.424692,0.433866
6031,0.424692,0.433866
6032,0.424692,0.433866
6033,0.424692,0.433866
6034,0.43844,0.498732
6035,0.41727,0.476404
6036,0.41727,0.476404
6037,0.41727,0.476404
6038,0.36451,0.486973
6039,0.321186,0.499472
6040,0.395513,0.429006
6041,0.443902,0.374767
6042,0.472429,0.408906
6043,0.472429,0.408906
6044,0.472429,0.408906
6045,0.50198,0.42436
6046,0.526176,0.427087
6047,0.556203,0.456992
6048,0.504151,0.482066
6049,0.539408,0.396512
6050,0.605638,0.37679
6051,0.558386,0.36965
6052,0.558386,0.36965
6053,0.558386,0.36965
6054,0.583534,0.376688
6055,0.514198,0.396846
6056,0.595876,0.375885
6057,0.60101,0.33475
6058,0.561952,0.367448
6059,0.605882,0.393831
6060,0.533941,0.386292
6061,0.523009,0.425803
6062,0.53993,0.46579
6063,0.582954,0.531515
6064,0.534418,0.55551
6065,0.534418,0.55551
6066,0.461582,0.61202
6067,0.450869,0.634367
6068,0.431594,0.613695
6069,0.444161,0.632663
6070,0.422993,0.638733
6071,0.422993,0.638733
6072,0.380428,0.647706
6073,0.380658,0.61224
6074,0.336428,0.612243
6075,0.363996,0.610045
6076,0.404868,0.544596
6077,0.36526,0.562738
6078,0.36938,0.61416
6079,0.331852,0.589917
6080,0.442882,0.644531
6081,0.442882,0.644531
6082,0.442882,0.644531
6083,0.464517,0.631949
6084,0.452561,0.582683
6085,0.426117,0.619826
6086,0.50565,0.616461
6087,0.471816,0.551292
6088,0.473595,0.541151
6089,0.484284,0.547022
6090,0.484284,0.547022
6091,0.53876,0.490898
6092,0.47644,0.456229
6093,0.421243,0.465602
6094,0.421243,0.465602
6095,0.421243,0.465602
6096,0.459083,0.451491
6097,0.474895,0.519343
6098,0.474895,0.519343
6099,0.474895,0.519343
6100,0.474895,0.519343
6101,0.544809,0.506654
6102,0.587933,0.4884
6103,0.593696,0.507874
6104,0.593696,0.507874
6105,0.572038,0.467723
6106,0.562305,0.49936
6107,0.563977,0.468185
6108,0.605874,0.511491
6109,0.592563,0.544667
6110,0.592563,0.544667
6111,0.601353,0.565231
6112,0.601353,0.565231
6113,0.587067,0.501905
6114,0.579309,0.614152
6115,0.617024,0.524755
6116,0.541756,0.443442
6117,0.541756,0.443442
6118,0.588142,0.432246
6119,0.556805,0.42133
6120,0.556787,0.333578
6121,0.53411,0.325063
6122,0.586545,0.347167
6123,0.586545,0.347167
6124,0.637982,0.414771
6125,0.582965,0.458163
6126,0.582965,0.458163
6127,0.602108,0.430488
6128,0.602108,0.430488
6129,0.568004,0.386515
6130,0.492091,0.446251
6131,0.504759,0.438139
6132,0.478408,0.411485
6133,0.533207,0.44402
6134,0.53327,0.327741
6135,0.619313,0.408064
6136,0.666006,0.396062
6137,0.702341,0.396472
6138,0.684073,0.376892
6139,0.684365,0.362043
6140,0.655173,0.268611
6141,0.710093,0.226902
6142,0.710093,0.226902
6143,0.694812,0.252292
6144,0.641361,0.346353
6145,0.731034,0.354994
6146,0.731034,0.354994
6147,0.662246,0.469409
6148,0.662246,0.469409
6149,0.731799,0.487371
6150,0.707195,0.478955
6151,0.708744,0.462127
6152,0.644008,0.412994
6153,0.650628,0.406605
6154,0.650628,0.406605
6155,0.641056,0.433741
6156,0.660229,0.506115
6157,0.663035,0.49787
6158,0.636891,0.495327
6159,0.586179,0.500564
6160,0.592486,0.486103
6161,0.592486,0.486103
6162,0.592615,0.433105
6163,0.592615,0.433105
6164,0.535399,0.411489
6165,0.540352,0.394265
6166,0.616721,0.397929
6167,0.616721,0.397929
6168,0.557386,0.32981
6169,0.526114,0.341326
6170,0.611551,0.346718
6171,0.606743,0.340842
6172,0.584761,0.330758
6173,0.574846,0.323255
6174,0.636972,0.316085
6175,0.560549,0.346285
6176,0.560549,0.346285
6177,0.605855,0.389321
6178,0.605855,0.389321
6179,0.674964,0.406112
6180,0.684029,0.402798
6181,0.671562,0.355552
6182,0.637472,0.318467
6183,0.599821,0.287242
6184,0.623826,0.245708
6185,0.59123,0.221823
6186,0.609709,0.216705
6187,0.576606,0.21468
6188,0.609318,0.211864
6189,0.609318,0.211864
6190,0.60868,0.289731
6191,0.660261,0.239178
6192,0.622335,0.262707
6193,0.572377,0.28498
6194,0.524264,0.260637
6195,0.519272,0.275608
6196,0.515124,0.318877
6197,0.498714,0.352595
6198,0.495231,0.37291
6199,0.519546,0.307212
6200,0.536912,0.309798
6201,0.58024,0.311451
6202,0.58024,0.311451
6203,0.614599,0.323819
6204,0.572005,0.377759
6205,0.540098,0.376978
6206,0.578467,0.447585
6207,0.604907,0.451123
6208,0.667255,0.408604
6209,0.638816,0.372744
6210,0.680696,0.360326
6211,0.690274,0.341506
6212,0.648747,0.289689
6213,0.653207,0.300045
6214,0.653207,0.300045
6215,0.641318,0.304282
6216,0.678419,0.277127
6217,0.617564,0.35914
6218,0.617564,0.35914
6219,0.618372,0.331162
6220,0.659696,0.398685
6221,0.679091,0.44283
6222,0.682031,0.432658
6223,0.682031,0.432658
6224,0.599047,0.382205
6225,0.544628,0.389837
6226,0.520887,0.362428
6227,0.520887,0.362428
6228,0.520887,0.362428
6229,0.598685,0.305717
6230,0.563146,0.35204
6231,0.563146,0.35204
6232,0.565667,0.376281
6233,0.607578,0.419581
6234,0.607578,0.419581
6235,0.614052,0.301003
6236,0.58312,0.307188
6237,0.568959,0.319114
6238,0.576587,0.329453
6239,0.576587,0.329453
6240,0.56697,0.420863
6241,0.56697,0.420863
6242,0.56697,0.420863
6243,0.589614,0.357465
6244,0.561549,0.359213
6245,0.475788,0.34858
6246,0.455467,0.314181
6247,0.455467,0.314181
6248,0.501816,0.336904
6249,0.473664,0.365843
6250,0.473664,0.365843
6251,0.441151,0.358292
6252,0.467054,0.356923
6253,0.451771,0.318083
6254,0.454237,0.326525
6255,0.491372,0.334522
6256,0.56665,0.361981
6257,0.56665,0.361981
6258,0.501752,0.347508
6259,0.501752,0.347508
6260,0.496038,0.351452
6261,0.496038,0.351452
6262,0.388518,0.358897
6263,0.4405,0.444257
6264,0.4405,0.444257
6265,0.437493,0.441029
6266,0.33709,0.375519
6267,0.436936,0.383142
6268,0.436936,0.383142
6269,0.391637,0.41293
6270,0.391637,0.41293
6271,0.414915,0.468979
6272,0.388048,0.340397
6273,0.442315,0.396537
6274,0.442315,0.396537
6275,0.442315,0.396537
6276,0.432686,0.403604
6277,0.503754,0.43268
6278,0.503754,0.43268
6279,0.590346,0.416546
6280,0.567451,0.429998
6281,0.520081,0.469083
6282,0.554482,0.462082
6283,0.536113,0.442509
6284,0.591829,0.352348
6285,0.621703,0.340538
6286,0.621703,0.340538
6287,0.603984,0.360724
6288,0.61641,0.379358
6289,0.543805,0.32748
6290,0.52185,0.359658
6291,0.587087,0.397087
6292,0.587087,0.397087
6293,0.523345,0.393442
6294,0.59469,0.389439
6295,0.589406,0.391345
6296,0.576231,0.332139
6297,0.576231,0.332139
6298,0.576231,0.332139
6299,0.576231,0.332139
6300,0.554253,0.312727
6301,0.494485,0.319783
6302,0.558419,0.300504
6303,0.558419,0.300504
6304,0.583959,0.274403
6305,0.583959,0.274403
6306,0.583959,0.274403
6307,0.583959,0.274403
6308,0.62201,0.299059
6309,0.62201,0.299059
6310,0.656189,0.207411
6311,0.658339,0.264152
6312,0.681451,0.272395
6313,0.626706,0.129185
6314,0.626706,0.129185
6315,0.626706,0.129185
6316,0.64508,0.122899
6317,0.666243,0.128502
6318,0.670365,0.0918059
6319,0.670365,0.0918059
6320,0.643745,0.118593
6321,0.586178,0.172536
6322,0.598092,0.130512
6323,0.593753,0.152166
6324,0.593753,0.152166
6325,0.648181,0.182143
6326,0.63252,0.174381
6327,0.6642,0.215339
6328,0.677586,0.176478
6329,0.677586,0.176478
6330,0.677586,0.176478
6331,0.677586,0.176478
6332,0.670287,0.198146
6333,0.6143,0.135952
6334,0.6143,0.135952
6335,0.6593,0.155014
6336,0.573125,0.221184
6337,0.6304,0.309856
6338,0.565672,0.356601
6339,0.565672,0.356601
6340,0.615211,0.319666
6341,0.594856,0.378583
6342,0.594856,0.378583
6343,0.583244,0.344615
6344,0.583244,0.344615
6345,0.552136,0.353354
6346,0.552136,0.353354
6347,0.556096,0.307072
6348,0.556096,0.307072
6349,0.528885,0.294519
6350,0.524666,0.267549
6351,0.464478,0.290672
6352,0.547529,0.316089
6353,0.547529,0.316089
6354,0.502276,0.307741
6355,0.539764,0.287914
6356,0.539764,0.287914
6357,0.52259,0.393305
6358,0.544005,0.403401
6359,0.523324,0.423316
6360,0.523324,0.423316
6361,0.572893,0.396131
6362,0.588007,0.355618
6363,0.588007,0.355618
6364,0.503328,0.323434
6365,0.503328,0.323434
6366,0.54974,0.359551
6367,0.54974,0.359551
6368,0.587963,0.382333
6369,0.623233,0.399515
6370,0.604101,0.370671
6371,0.601158,0.389666
6372,0.601158,0.389666
6373,0.648089,0.414354
6374,0.648089,0.414354
6375,0.58152,0.513223
6376,0.58152,0.513223
6377,0.572435,0.481858
6378,0.572435,0.481858
6379,0.572435,0.481858
6380,0.603546,0.465062
6381,0.603546,0.465062
6382,0.582215,0.529855
6383,0.530065,0.49488
6384,0.530065,0.49488
6385,0.512712,0.504044
6386,0.512712,0.504044
6387,0.541868,0.449345
6388,0.600115,0.427125
6389,0.600115,0.427125
6390,0.600115,0.427125
6391,0.608587,0.445166
6392,0.566695,0.51682
6393,0.582082,0.451814
6394,0.582082,0.451814
6395,0.582082,0.451814
6396,0.582082,0.451814
6397,0.629181,0.419013
6398,0.632124,0.400143
6399,0.596922,0.370932
6400,0.601261,0.452862
6401,0.601261,0.452862
6402,0.584772,0.492644
6403,0.584772,0.492644
6404,0.584772,0.492644
6405,0.584772,0.492644
6406,0.577239,0.447544
6407,0.553475,0.481044
6408,0.499622,0.417043
6409,0.499622,0.417043
6410,0.489451,0.498305
6411,0.577703,0.531248
6412,0.577703,0.531248
6413,0.577703,0.531248
6414,0.518836,0.5671
6415,0.518836,0.5671
6416,0.481581,0.531949
6417,0.467911,0.53993
6418,0.467199,0.554062
6419,0.467199,0.554062
6420,0.555586,0.57841
6421,0.51239,0.546043
6422,0.465523,0.604977
6423,0.466205,0.615562
6424,0.474886,0.650947
6425,0.544792,0.582138
6426,0.544792,0.582138
6427,0.544792,0.582138
6428,0.540395,0.507399
6429,0.547879,0.482929
6430,0.554503,0.539773
6431,0.582028,0.470376
6432,0.518231,0.510671
6433,0.504561,0.512685
6434,0.504561,0.512685
6435,0.55186,0.518596
6436,0.55186,0.518596
6437,0.605906,0.600272
6438,0.61417,0.590151
6439,0.62133,0.520433
6440,0.590627,0.508931
6441,0.573987,0.49112
6442,0.573987,0.49112
6443,0.553766,0.527142
6444,0.553766,0.527142
6445,0.553766,0.527142
6446,0.525157,0.608558
6447,0.525157,0.608558
6448,0.511544,0.509028
6449,0.511544,0.509028
6450,0.5422,0.524662
6451,0.495113,0.555489
6452,0.451942,0.521016
6453,0.458311,0.571936
6454,0.414936,0.575574
6455,0.355455,0.583035
6456,0.387411,0.531936
6457,0.387411,0.531936
6458,0.475633,0.552199
6459,0.397198,0.467396
6460,0.397198,0.467396
6461,0.392399,0.444698
6462,0.392399,0.444698
6463,0.392399,0.444698
6464,0.412978,0.462081
6465,0.485865,0.404337
6466,0.516219,0.463357
6467,0.548763,0.394368
6468,0.548763,0.394368
6469,0.548763,0.394368
6470,0.477896,0.401269
6471,0.469773,0.404582
6472,0.440955,0.409187
6473,0.464423,0.37464
6474,0.470555,0.43506
6475,0.489893,0.373142
6476,0.490035,0.387263
6477,0.490035,0.387263
6478,0.484311,0.364836
6479,0.484311,0.364836
6480,0.484311,0.364836
6481,0.524725,0.417189
6482,0.551982,0.350232
6483,0.511682,0.42008
6484,0.511682,0.42008
6485,0.484611,0.4421
6486,0.484611,0.4421
6487,0.468391,0.452343
6488,0.449686,0.480516
6489,0.433245,0.451751
6490,0.433245,0.451751
6491,0.470494,0.444069
6492,0.565626,0.404816
6493,0.565626,0.404816
6494,0.565626,0.404816
6495,0.594603,0.427857
6496,0.594603,0.427857
6497,0.577932,0.390794
6498,0.49945,0.355119
6499,0.545258,0.316797
6500,0.530057,0.354784
6501,0.452359,0.347462
6502,0.497242,0.33882
6503,0.497242,0.33882
6504,0.503266,0.330794
6505,0.503266,0.330794
6506,0.471339,0.373978
6507,0.492403,0.397282
6508,0.492403,0.397282
6509,0.492403,0.397282
6510,0.488919,0.445889
6511,0.488919,0.445889
6512,0.488919,0.445889
6513,0.488919,0.445889
6514,0.488919,0.445889
6515,0.509798,0.365709
6516,0.457947,0.410837
6517,0.42896,0.36321
6518,0.460389,0.30754
6519,0.506526,0.327955
6520,0.514355,0.333978
6521,0.530525,0.370997
6522,0.562129,0.391093
6523,0.52553,0.422758
6524,0.52553,0.422758
6525,0.551141,0.423739
6526,0.512113,0.45497
6527,0.518174,0.504834
6528,0.54081,0.490026
6529,0.520902,0.56928
6530,0.493338,0.509916
6531,0.478096,0.483676
6532,0.465595,0.553653
6533,0.464816,0.48643
6534,0.533344,0.593492
6535,0.445284,0.572068
6536,0.445284,0.572068
6537,0.456009,0.572298
6538,0.411509,0.547074
6539,0.411509,0.547074
6540,0.371784,0.479053
6541,0.334971,0.455587
6542,0.382399,0.41427
6543,0.376958,0.432469
6544,0.376958,0.432469
6545,0.376958,0.432469
6546,0.376958,0.432469
6547,0.376958,0.432469
6548,0.342092,0.43333
6549,0.342092,0.43333
6550,0.340342,0.492846
6551,0.257124,0.43745
6552,0.257124,0.43745
6553,0.195035,0.418396
6554,0.192728,0.508452
6555,0.162536,0.462759
6556,0.123635,0.502276
6557,0.123635,0.502276
6558,0.121303,0.557323
6559,0.153408,0.533739
6560,0.0810438,0.54458
6561,0.0810438,0.54458
6562,0.0539961,0.543882
6563,0.0539961,0.543882
6564,0.0152006,0.645537
6565,0.0547218,0.577561
6566,0.0783083,0.59034
6567,0.0783083,0.59034
6568,0.0952796,0.551967
6569,0.0969873,0.575704
6570,0.0969873,0.575704
6571,0.12314,0.577068
6572,0.110276,0.587689
6573,0.152158,0.621317
6574,0.152158,0.621317
6575,0.1567,0.676576
6576,0.189022,0.686404
6577,0.19919,0.641577
6578,0.19919,0.641577
6579,0.115825,0.635609
6580,0.0432031,0.622133
6581,0.0432031,0.622133
6582,0.0432031,0.622133
6583,0.133929,0.666298
6584,0.134837,0.641167
6585,0.134837,0.641167
6586,0.119551,0.646179
6587,0.119551,0.646179
6588,0.0945746,0.666229
6589,0.178458,0.620948
6590,0.112411,0.641861
6591,0.112411,0.641861
6592,0.126277,0.660044
6593,0.19623,0.58621
6594,0.130467,0.616773
6595,0.130467,0.616773
6596,0.184253,0.652637
6597,0.184253,0.652637
6598,0.188783,0.63694
6599,0.188783,0.63694
6600,0.219993,0.650381
6601,0.219993,0.650381
6602,0.21488,0.671413
6603,0.136837,0.672594
6604,0.084165,0.658501
6605,0.112336,0.645651
6606,0.156459,0.573593
6607,0.0555821,0.595348
6608,0.103251,0.61515
6609,0.0851348,0.601372
6610,0.0895744,0.622066
6611,0.0965133,0.645049
6612,0.0965133,0.645049
6613,0.175096,0.667837
6614,0.259952,0.709272
6615,0.259952,0.709272
6616,0.147863,0.644561
6617,0.158142,0.666193
6618,0.158142,0.666193
6619,0.227198,0.698928
6620,0.178902,0.703068
6621,0.212178,0.62683
6622,0.177922,0.613816
6623,0.179891,0.516374
6624,0.147576,0.51729
6625,0.147576,0.51729
6626,0.156729,0.523805
6627,0.166171,0.500204
6628,0.223251,0.573508
6629,0.140271,0.601415
6630,0.140271,0.601415
6631,0.205263,0.5949
6632,0.178071,0.627784
6633,0.300222,0.621268
6634,0.300222,0.621268
6635,0.300222,0.621268
6636,0.359575,0.56936
6637,0.427172,0.477577
6638,0.50577,0.441305
6639,0.50577,0.441305
6640,0.504077,0.474205
6641,0.500672,0.5192
6642,0.566849,0.500236
6643,0.565957,0.470571
6644,0.574712,0.444182
6645,0.652003,0.468455
6646,0.652003,0.468455
6647,0.585892,0.521105
6648,0.546785,0.569491
6649,0.549339,0.505961
6650,0.606202,0.492411
6651,0.588652,0.52436
6652,0.551399,0.587315
6653,0.511123,0.543167
6654,0.537859,0.550336
6655,0.44814,0.590174
6656,0.488356,0.615541
6657,0.557247,0.598721
6658,0.557247,0.598721
6659,0.542097,0.57945
6660,0.542097,0.57945
6661,0.541883,0.56954
6662,0.575816,0.589834
6663,0.598761,0.525875
6664,0.586256,0.463325
6665,0.583948,0.51249
6666,0.583948,0.51249
6667,0.60634,0.502611
6668,0.60634,0.502611
6669,0.60634,0.502611
6670,0.62999,0.479407
6671,0.571803,0.467646
6672,0.583074,0.433074
6673,0.56825,0.429677
6674,0.56825,0.429677
6675,0.538704,0.411306
6676,0.541811,0.397507
6677,0.605717,0.320528
6678,0.605717,0.320528
6679,0.607915,0.287498
6680,0.607915,0.287498
6681,0.607915,0.287498
6682,0.607915,0.287498
6683,0.607915,0.287498
6684,0.579448,0.287816
6685,0.566035,0.280546
6686,0.563085,0.251702
6687,0.608106,0.163541
6688,0.608106,0.163541
6689,0.547272,0.262404
6690,0.600552,0.179187
6691,0.600552,0.179187
6692,0.583592,0.199435
6693,0.583592,0.199435
6694,0.608431,0.250364
6695,0.632323,0.239941
6696,0.632323,0.239941
6697,0.595547,0.2759
6698,0.591662,0.238686
6699,0.586651,0.217183
6700,0.564732,0.238183
6701,0.580656,0.303942
6702,0.582616,0.353718
6703,0.582584,0.325015
6704,0.582584,0.325015
6705,0.548021,0.312579
6706,0.548021,0.312579
6707,0.519748,0.35382
6708,0.556153,0.374424
6709,0.556153,0.374424
6710,0.492222,0.374416
6711,0.45824,0.362395
6712,0.45824,0.362395
6713,0.402287,0.335624
6714,0.462037,0.408595
6715,0.462037,0.408595
6716,0.457771,0.378763
6717,0.497635,0.455397
6718,0.505411,0.443213
6719,0.446628,0.538621
6720,0.528428,0.494558
6721,0.547125,0.471203
6722,0.549192,0.440752
6723,0.498951,0.53105
6724,0.476882,0.503497
6725,0.476882,0.503497
6726,0.48685,0.567308
6727,0.565726,0.589747
6728,0.593871,0.566515
6729,0.593871,0.566515
6730,0.502532,0.619853
6731,0.526827,0.619584
6732,0.526827,0.619584
6733,0.526827,0.619584
6734,0.506694,0.584131
6735,0.461293,0.522262
6736,0.461293,0.522262
6737,0.461293,0.522262
6738,0.448712,0.550208
6739,0.448712,0.550208
6740,0.470064,0.641896
6741,0.447333,0.547169
6742,0.447333,0.547169
6743,0.411379,0.471214
6744,0.411379,0.471214
6745,0.351888,0.500733
6746,0.358539,0.505741
6747,0.358539,0.505741
6748,0.360983,0.498848
6749,0.360983,0.498848
6750,0.328173,0.471054
6751,0.287367,0.528434
6752,0.350549,0.554127
6753,0.370751,0.510057
6754,0.485376,0.512772
6755,0.461578,0.490002
6756,0.427801,0.469111
6757,0.427801,0.469111
6758,0.449216,0.401832
6759,0.492503,0.375678
6760,0.446059,0.362527
6761,0.446059,0.362527
6762,0.538205,0.369144
6763,0.503062,0.424897
6764,0.47554,0.432374
6765,0.411108,0.385567
6766,0.506755,0.415155
6767,0.430364,0.379048
6768,0.530837,0.374666
6769,0.530837,0.374666
6770,0.530837,0.374666
6771,0.511615,0.399154
6772,0.561179,0.369431
6773,0.641126,0.390498
6774,0.680698,0.417077
6775,0.643805,0.409722
6776,0.563925,0.476907
6777,0.575206,0.442804
6778,0.575206,0.442804
6779,0.523692,0.40087
6780,0.543969,0.464194
6781,0.5957,0.352476
6782,0.5957,0.352476
6783,0.5957,0.352476
6784,0.555782,0.359383
6785,0.551173,0.313926
6786,0.59985,0.35699
6787,0.59985,0.35699
6788,0.580426,0.355504
6789,0.584513,0.317281
6790,0.549808,0.297077
6791,0.580989,0.368513
6792,0.580989,0.368513
6793,0.58911,0.357685
6794,0.58911,0.357685
6795,0.605715,0.333369
6796,0.570157,0.419287
6797,0.541915,0.404162
6798,0.541915,0.404162
6799,0.514199,0.503708
6800,0.514199,0.503708
6801,0.550421,0.521273
6802,0.550421,0.521273
6803,0.473482,0.576905
6804,0.465406,0.538847
6805,0.425319,0.564315
6806,0.428003,0.503443
6807,0.40665,0.55894
6808,0.336182,0.598522
6809,0.397728,0.638405
6810,0.410453,0.647739
6811,0.430154,0.573156
6812,0.468933,0.573244
6813,0.433353,0.509682
6814,0.487386,0.555619
6815,0.479356,0.535894
6816,0.479356,0.535894
6817,0.479356,0.535894
6818,0.479356,0.535894
6819,0.479356,0.535894
6820,0.439308,0.536763
6821,0.502805,0.509122
6822,0.503167,0.60571
6823,0.503167,0.60571
6824,0.430362,0.544919
6825,0.484501,0.519107
6826,0.458123,0.562534
6827,0.458123,0.562534
6828,0.458123,0.562534
6829,0.458123,0.562534
6830,0.420454,0.549967
6831,0.40326,0.454609
6832,0.382042,0.551406
6833,0.391757,0.547008
6834,0.428233,0.523201
6835,0.428233,0.523201
6836,0.411358,0.503215
6837,0.411358,0.503215
6838,0.433799,0.576738
6839,0.454692,0.523969
6840,0.481314,0.599009
6841,0.481314,0.599009
6842,0.384196,0.615078
6843,0.401116,0.598179
6844,0.471551,0.573119
6845,0.471551,0.573119
6846,0.451472,0.52836
6847,0.462776,0.554587
6848,0.4757,0.583943
6849,0.339767,0.570165
6850,0.339767,0.570165
6851,0.339767,0.570165
6852,0.339767,0.570165
6853,0.302465,0.61325
6854,0.322167,0.687416
6855,0.322167,0.687416
6856,0.343828,0.600291
6857,0.290737,0.613443
6858,0.290737,0.613443
6859,0.223093,0.62029
6860,0.206481,0.630879
6861,0.227479,0.63938
6862,0.230447,0.582508
6863,0.230447,0.582508
6864,0.115246,0.584859
6865,0.086812,0.619795
6866,0.109589,0.615419
6867,0.0800168,0.630892
6868,0.120039,0.618708
6869,0.161582,0.546581
6870,0.161582,0.546581
6871,0.207495,0.623498
6872,0.135192,0.679083
6873,0.200382,0.648328
6874,0.188457,0.652427
6875,0.188457,0.652427
6876,0.193623,0.669891
6877,0.209679,0.690158
6878,0.209679,0.690158
6879,0.209679,0.690158
6880,0.122397,0.701393
6881,0.122397,0.701393
6882,0.134214,0.669451
6883,0.134214,0.669451
6884,0.122762,0.657543
6885,0.0921073,0.648961
6886,0.0921073,0.648961
6887,0.0921073,0.648961
6888,0.170807,0.616082
6889,0.221691,0.662672
6890,0.178453,0.563116
6891,0.178453,0.563116
6892,0.252412,0.552688
6893,0.255684,0.607648
6894,0.255684,0.607648
6895,0.180686,0.576593
6896,0.180686,0.576593
6897,0.205339,0.607027
6898,0.176747,0.596539
6899,0.180084,0.550187
6900,0.180084,0.550187
6901,0.180084,0.550187
6902,0.180084,0.550187
6903,0.158401,0.540931
6904,0.158401,0.540931
6905,0.281031,0.527716
6906,0.281817,0.480502
6907,0.281817,0.480502
6908,0.263259,0.412927
6909,0.275859,0.433007
6910,0.275859,0.433007
6911,0.275859,0.433007
6912,0.34011,0.403643
6913,0.292077,0.425
6914,0.245164,0.356983
6915,0.308516,0.351726
6916,0.316339,0.363086
6917,0.375964,0.355782
6918,0.420684,0.307167
6919,0.347525,0.33449
6920,0.304552,0.261666
6921,0.363982,0.25421
6922,0.439258,0.220303
6923,0.394969,0.216086
6924,0.409036,0.226
6925,0.409036,0.226
6926,0.434718,0.215235
6927,0.375859,0.241554
6928,0.339884,0.327986
6929,0.435681,0.316251
6930,0.402408,0.290037
6931,0.362707,0.348373
6932,0.34844,0.345484
6933,0.333171,0.306418
6934,0.395123,0.389362
6935,0.352486,0.441473
6936,0.352486,0.441473
6937,0.30593,0.497224
6938,0.279755,0.493019
6939,0.232255,0.452925
6940,0.232255,0.452925
6941,0.254915,0.480845
6942,0.248088,0.385911
6943,0.282778,0.469904
6944,0.245719,0.438932
6945,0.176974,0.409779
6946,0.176974,0.409779
6947,0.176974,0.409779
6948,0.240443,0.424784
6949,0.179346,0.369558
6950,0.217146,0.324883
6951,0.235889,0.390494
6952,0.235889,0.390494
6953,0.275915,0.425241
6954,0.309037,0.393944
6955,0.309037,0.393944
6956,0.309037,0.393944
6957,0.293718,0.424486
6958,0.30138,0.375306
6959,0.30138,0.375306
6960,0.310519,0.422708
6961,0.310519,0.422708
6962,0.231993,0.463873
6963,0.214694,0.465554
6964,0.314093,0.467533
6965,0.314093,0.467533
6966,0.246805,0.50405
6967,0.238199,0.50494
6968,0.238199,0.50494
6969,0.238199,0.50494
6970,0.277494,0.516842
6971,0.179933,0.501642
6972,0.231253,0.508189
6973,0.196799,0.466452
6974,0.138482,0.47715
6975,0.157373,0.459981
6976,0.105765,0.407222
6977,0.105765,0.407222
6978,0.0581838,0.400745
6979,0.103029,0.491035
6980,0.154937,0.450719
6981,0.142405,0.485012
6982,0.19423,0.552174
6983,0.155433,0.543803
6984,0.155433,0.543803
6985,0.176523,0.557075
6986,0.176523,0.557075
6987,0.176611,0.596925
6988,0.102701,0.545737
6989,0.102701,0.545737
6990,0.106014,0.522091
6991,0.106014,0.522091
6992,0.122802,0.527605
6993,0.163145,0.565278
6994,0.163145,0.565278
6995,0.061605,0.533906
6996,0.119806,0.528569
6997,0.0867657,0.549924
6998,0.0932452,0.530062
6999,0.0932452,0.530062
7000,0.079429,0.511867
7001,0.0786799,0.481559
7002,0.0786799,0.481559
7003,0.106234,0.425581
7004,0.128981,0.429897
7005,0.128981,0.429897
7006,0.108332,0.443309
7007,0.136742,0.502829
7008,0.17754,0.495212
7009,0.270638,0.453127
7010,0.293961,0.48004
7011,0.199065,0.529444
7012,0.331767,0.531654
7013,0.372536,0.500634
7014,0.459238,0.524907
7015,0.496995,0.487424
7016,0.507816,0.546218
7017,0.436984,0.507468
7018,0.476729,0.536313
7019,0.476729,0.536313
7020,0.451584,0.55079
7021,0.451593,0.545188
7022,0.451593,0.545188
7023,0.499335,0.58883
7024,0.499335,0.58883
7025,0.499335,0.58883
7026,0.53396,0.618878
7027,0.53396,0.618878
7028,0.53396,0.618878
7029,0.53396,0.618878
7030,0.462719,0.644654
7031,0.488467,0.590167
7032,0.517746,0.537463
7033,0.517746,0.537463
7034,0.542889,0.508666
7035,0.563994,0.482519
7036,0.586691,0.434987
7037,0.643707,0.49544
7038,0.613756,0.508102
7039,0.613756,0.508102
7040,0.569238,0.552372
7041,0.60484,0.513652
7042,0.60484,0.513652
7043,0.58369,0.527283
7044,0.58369,0.527283
7045,0.542157,0.537265
7046,0.589314,0.527433
7047,0.613277,0.588771
7048,0.647184,0.506419
7049,0.630394,0.529707
7050,0.603274,0.537883
7051,0.481076,0.577124
7052,0.481076,0.577124
7053,0.504959,0.576042
7054,0.508954,0.575729
7055,0.4207,0.573232
7056,0.4207,0.573232
7057,0.453345,0.57789
7058,0.468543,0.594735
7059,0.517228,0.548895
7060,0.582268,0.473468
7061,0.582268,0.473468
7062,0.473181,0.478544
7063,0.473181,0.478544
7064,0.473181,0.478544
7065,0.473181,0.478544
7066,0.547652,0.499539
7067,0.530946,0.456435
7068,0.530946,0.456435
7069,0.522752,0.487145
7070,0.458158,0.500193
7071,0.434866,0.544899
7072,0.405251,0.559022
7073,0.405251,0.559022
7074,0.405251,0.559022
7075,0.302007,0.569111
7076,0.302007,0.569111
7077,0.345642,0.590445
7078,0.241745,0.542911
7079,0.241745,0.542911
7080,0.241745,0.542911
7081,0.196359,0.507119
7082,0.196359,0.507119
7083,0.140474,0.558837
7084,0.135005,0.597158
7085,0.135005,0.597158
7086,0.1268,0.623733
7087,0.1268,0.623733
7088,0.103543,0.577611
7089,0.106065,0.566143
7090,0.106065,0.566143
7091,0.106065,0.566143
7092,0.0904801,0.5735
7093,0.0994151,0.590035
7094,0.122074,0.585836
7095,0.115578,0.585911
7096,0.115578,0.585911
7097,0.128086,0.545474
7098,0.167692,0.605765
7099,0.138388,0.6551
7100,0.183018,0.579698
7101,0.183018,0.579698
7102,0.193497,0.545936
7103,0.144488,0.485584
7104,0.150196,0.464451
7105,0.124636,0.441216
7106,0.124636,0.441216
7107,0.162315,0.505935
7108,0.181928,0.463803
7109,0.181928,0.463803
7110,0.165665,0.490001
7111,0.264498,0.472384
7112,0.264498,0.472384
7113,0.264498,0.472384
7114,0.273928,0.483147
7115,0.273928,0.483147
7116,0.273928,0.483147
7117,0.275851,0.455579
7118,0.306866,0.464557
7119,0.306866,0.464557
7120,0.374646,0.518467
7121,0.349753,0.526185
7122,0.349753,0.526185
7123,0.376405,0.497768
7124,0.354203,0.529906
7125,0.319393,0.554908
7126,0.416498,0.571124
7127,0.416498,0.571124
7128,0.410994,0.540932
7129,0.418517,0.582918
7130,0.418517,0.582918
7131,0.418517,0.582918
7132,0.418517,0.582918
7133,0.418517,0.582918
7134,0.418517,0.582918
7135,0.399352,0.584165
7136,0.341116,0.606827
7137,0.357626,0.604703
7138,0.286899,0.563716
7139,0.268894,0.607132
7140,0.268894,0.607132
7141,0.28154,0.557968
7142,0.28154,0.557968
7143,0.28154,0.557968
7144,0.28154,0.557968
7145,0.28154,0.557968
7146,0.287061,0.593292
7147,0.287061,0.593292
7148,0.360805,0.575751
7149,0.360805,0.575751
7150,0.314275,0.630048
7151,0.314275,0.630048
7152,0.293367,0.578359
7153,0.34009,0.578067
7154,0.323939,0.564334
7155,0.323939,0.564334
7156,0.369439,0.532416
7157,0.370355,0.532809
7158,0.385635,0.544036
7159,0.368473,0.478699
7160,0.312258,0.414338
7161,0.295742,0.351171
7162,0.295742,0.351171
7163,0.290851,0.342338
7164,0.37881,0.414924
7165,0.45141,0.486558
7166,0.45141,0.486558
7167,0.45141,0.486558
7168,0.360712,0.454976
7169,0.360712,0.454976
7170,0.34794,0.448283
7171,0.338066,0.432156
7172,0.336406,0.378336
7173,0.378894,0.410583
7174,0.376075,0.437706
7175,0.424617,0.461814
7176,0.367091,0.483605
7177,0.378932,0.510672
7178,0.393526,0.544525
7179,0.355641,0.589082
7180,0.321518,0.629642
7181,0.390349,0.671533
7182,0.385274,0.638862
7183,0.30386,0.585905
7184,0.302768,0.602353
7185,0.379935,0.662441
7186,0.434543,0.627797
7187,0.369545,0.636507
7188,0.338463,0.678422
7189,0.338463,0.678422
7190,0.338463,0.678422
7191,0.358574,0.619047
7192,0.38514,0.561953
7193,0.38514,0.561953
7194,0.38514,0.561953
7195,0.38514,0.561953
7196,0.38514,0.561953
7197,0.38514,0.561953
7198,0.398882,0.526863
7199,0.372649,0.514216
7200,0.336656,0.536975
7201,0.372904,0.527123
7202,0.335359,0.54988
7203,0.304913,0.522776
7204,0.304913,0.522776
7205,0.312276,0.480099
7206,0.312276,0.480099
7207,0.336131,0.475184
7208,0.408242,0.434643
7209,0.408242,0.434643
7210,0.425285,0.462006
7211,0.415011,0.522882
7212,0.415011,0.522882
7213,0.388677,0.475832
7214,0.388677,0.475832
7215,0.424853,0.479322
7216,0.434331,0.50824
7217,0.389659,0.538633
7218,0.380746,0.524781
7219,0.39637,0.470564
7220,0.39637,0.470564
7221,0.39637,0.470564
7222,0.39637,0.470564
7223,0.420385,0.45349
7224,0.437485,0.444903
7225,0.400973,0.46182
7226,0.445313,0.506778
7227,0.389165,0.513328
7228,0.397091,0.438094
7229,0.442872,0.432364
7230,0.442872,0.432364
7231,0.508021,0.409046
7232,0.563468,0.416513
7233,0.563468,0.416513
7234,0.496174,0.393974
7235,0.553679,0.416101
7236,0.615413,0.378727
7237,0.615413,0.378727
7238,0.65564,0.469661
7239,0.65564,0.469661
7240,0.65564,0.469661
7241,0.624075,0.448047
7242,0.623847,0.479399
7243,0.616564,0.466364
7244,0.587862,0.36869
7245,0.597375,0.443253
7246,0.593915,0.437972
7247,0.642721,0.515281
7248,0.635407,0.468789
7249,0.620155,0.41093
7250,0.620155,0.41093
7251,0.652469,0.432281
7252,0.656591,0.432681
7253,0.653778,0.395741
7254,0.674521,0.347447
7255,0.669662,0.304081
7256,0.635367,0.356259
7257,0.635367,0.356259
7258,0.635367,0.356259
7259,0.646687,0.301972
7260,0.620188,0.30773
7261,0.620188,0.30773
7262,0.620188,0.30773
7263,0.620188,0.30773
7264,0.620188,0.30773
7265,0.582918,0.312677
7266,0.512493,0.272836
7267,0.600864,0.282981
7268,0.597615,0.300952
7269,0.597615,0.300952
7270,0.575906,0.220294
7271,0.575906,0.220294
7272,0.572246,0.20849
7273,0.578304,0.244367
7274,0.574216,0.125097
7275,0.591359,0.118787
7276,0.584779,0.127446
7277,0.584779,0.127446
7278,0.533078,0.0366245
7279,0.533078,0.0366245
7280,0.536618,0.141289
7281,0.545561,0.247369
7282,0.545561,0.247369
7283,0.441152,0.302739
7284,0.423984,0.289554
7285,0.491735,0.240657
7286,0.460325,0.294981
7287,0.460325,0.294981
7288,0.460325,0.294981
7289,0.553783,0.293775
7290,0.563568,0.237928
7291,0.544326,0.193719
7292,0.544326,0.193719
7293,0.536841,0.207088
7294,0.536841,0.207088
7295,0.547911,0.215159
7296,0.547911,0.215159
7297,0.519452,0.263286
7298,0.491173,0.255544
7299,0.487838,0.238626
7300,0.614907,0.217842
7301,0.580581,0.175345
7302,0.533448,0.229125
7303,0.510773,0.198563
7304,0.531199,0.242308
7305,0.543411,0.242645
7306,0.447282,0.262825
7307,0.445119,0.240451
7308,0.432654,0.256888
7309,0.432654,0.256888
7310,0.514424,0.302776
7311,0.514424,0.302776
7312,0.496291,0.293272
7313,0.510507,0.23064
7314,0.457174,0.293836
7315,0.457174,0.293836
7316,0.457174,0.293836
7317,0.415773,0.262625
7318,0.415773,0.262625
7319,0.417039,0.247544
7320,0.417039,0.247544
7321,0.445225,0.258182
7322,0.445225,0.258182
7323,0.461541,0.240205
7324,0.461541,0.240205
7325,0.438011,0.302394
7326,0.437741,0.254153
7327,0.459744,0.170647
7328,0.494479,0.173649
7329,0.535174,0.228159
7330,0.535174,0.228159
7331,0.535174,0.228159
7332,0.454278,0.232462
7333,0.497669,0.169522
7334,0.497669,0.169522
7335,0.497669,0.169522
7336,0.539715,0.148293
7337,0.500454,0.150356
7338,0.47366,0.176733
7339,0.456219,0.0998467
7340,0.456219,0.0998467
7341,0.478698,0.146546
7342,0.485482,0.156078
7343,0.485482,0.156078
7344,0.488437,0.228043
7345,0.488437,0.228043
7346,0.472379,0.233223
7347,0.458622,0.246833
7348,0.458622,0.246833
7349,0.448059,0.239974
7350,0.478366,0.263438
7351,0.52658,0.303623
7352,0.52658,0.303623
7353,0.536345,0.313684
7354,0.536345,0.313684
7355,0.536345,0.313684
7356,0.540965,0.31231
7357,0.539233,0.284414
7358,0.52524,0.258662
7359,0.52524,0.258662
7360,0.462156,0.300247
7361,0.533968,0.262674
7362,0.509418,0.217906
7363,0.509418,0.217906
7364,0.550039,0.224071
7365,0.550039,0.224071
7366,0.594542,0.150598
7367,0.594542,0.150598
7368,0.550693,0.239672
7369,0.550693,0.239672
7370,0.602177,0.275829
7371,0.609404,0.286193
7372,0.609404,0.286193
7373,0.559402,0.323145
7374,0.559402,0.323145
7375,0.586834,0.304059
7376,0.586834,0.304059
7377,0.586834,0.304059
7378,0.586834,0.304059
7379,0.611902,0.291103
7380,0.611902,0.291103
7381,0.647649,0.342779
7382,0.630838,0.32948
7383,0.615648,0.287363
7384,0.627505,0.340604
7385,0.627505,0.340604
7386,0.625006,0.313024
7387,0.590785,0.281201
7388,0.600421,0.260056
7389,0.666988,0.252424
7390,0.643437,0.216833
7391,0.666069,0.226839
7392,0.634282,0.226026
7393,0.63391,0.167676
7394,0.618809,0.160239
7395,0.719851,0.235624
7396,0.719851,0.235624
7397,0.658012,0.20513
7398,0.682375,0.221303
7399,0.713437,0.200018
7400,0.713437,0.200018
7401,0.713437,0.200018
7402,0.686135,0.146017
7403,0.6259,0.167323
7404,0.627818,0.113006
7405,0.568556,0.127024
7406,0.547029,0.119193
7407,0.589,0.116767
7408,0.615605,0.146715
7409,0.615605,0.146715
7410,0.615605,0.146715
7411,0.594824,0.197771
7412,0.594824,0.197771
7413,0.645763,0.225577
7414,0.644047,0.260207
7415,0.644047,0.260207
7416,0.647078,0.223196
7417,0.647078,0.223196
7418,0.647078,0.223196
7419,0.712544,0.216969
7420,0.607403,0.205337
7421,0.666194,0.186358
7422,0.666194,0.186358
7423,0.666194,0.186358
7424,0.643948,0.126552
7425,0.643948,0.126552
7426,0.638259,0.111054
7427,0.595232,0.0869294
7428,0.524846,0.0715849
7429,0.544742,0.0253365
7430,0.602988,0.00636767
7431,0.515135,0.12137
7432,0.553424,0.172064
7433,0.553424,0.172064
7434,0.631948,0.149893
7435,0.588286,0.14967
7436,0.588286,0.14967
7437,0.629931,0.179507
7438,0.68176,0.203727
7439,0.690396,0.212011
7440,0.635542,0.223286
7441,0.635542,0.223286
7442,0.626044,0.188608
7443,0.613841,0.216622
7444,0.587934,0.211128
7445,0.583138,0.203722
7446,0.631,0.264
7447,0.638021,0.166623
7448,0.638021,0.166623
7449,0.668743,0.130718
7450,0.676057,0.0641748
7451,0.676057,0.0641748
7452,0.676057,0.0641748
7453,0.657383,0.0267852
7454,0.657383,0.0267852
7455,0.621318,0.129695
7456,0.654424,0.141595
7457,0.654424,0.141595
7458,0.654424,0.141595
7459,0.68973,0.125662
7460,0.68973,0.125662
7461,0.6847,0.109998
7462,0.707404,0.0549549
7463,0.707404,0.0549549
7464,0.707404,0.0549549
7465,0.68604,0.125012
7466,0.68604,0.125012
7467,0.730923,0.181127
7468,0.723008,0.199935
7469,0.723008,0.199935
7470,0.702161,0.225065
7471,0.675288,0.223204
7472,0.703288,0.160284
7473,0.670931,0.190837
7474,0.600556,0.1835
7475,0.550923,0.18644
7476,0.550923,0.18644
7477,0.580693,0.240668
7478,0.536267,0.195007
7479,0.624237,0.192524
7480,0.60177,0.197961
7481,0.676855,0.197793
7482,0.676855,0.197793
7483,0.676855,0.197793
7484,0.655893,0.208483
7485,0.655893,0.208483
7486,0.654644,0.211678
7487,0.701178,0.227427
7488,0.702317,0.205762
7489,0.702317,0.205762
7490,0.702317,0.205762
7491,0.65962,0.243806
7492,0.669491,0.334533
7493,0.653369,0.268701
7494,0.653369,0.268701
7495,0.653369,0.268701
7496,0.66532,0.286821
7497,0.63307,0.224575
7498,0.63307,0.224575
7499,0.639739,0.194436
7500,0.65879,0.140579
7501,0.641348,0.221151
7502,0.605089,0.243116
7503,0.625394,0.255039
7504,0.625394,0.255039
7505,0.559982,0.332385
7506,0.535028,0.357308
7507,0.529942,0.359278
7508,0.529942,0.359278
7509,0.53509,0.373291
7510,0.505138,0.30232
7511,0.505138,0.30232
7512,0.505138,0.30232
7513,0.505138,0.30232
7514,0.509449,0.357011
7515,0.509449,0.357011
7516,0.544674,0.452703
7517,0.544674,0.452703
7518,0.519825,0.514991
7519,0.485494,0.503684
7520,0.485494,0.503684
7521,0.485494,0.503684
7522,0.485494,0.503684
7523,0.485214,0.580895
7524,0.448471,0.643943
7525,0.448471,0.643943
7526,0.448471,0.643943
7527,0.438812,0.684034
7528,0.479578,0.625347
7529,0.43814,0.609617
7530,0.417951,0.481869
7531,0.432935,0.467331
7532,0.455293,0.516824
7533,0.380549,0.432413
7534,0.379279,0.47157
7535,0.379279,0.47157
7536,0.497721,0.484178
7537,0.568745,0.40808
7538,0.528044,0.425874
7539,0.527085,0.496249
7540,0.449944,0.448178
7541,0.449944,0.448178
7542,0.449944,0.448178
7543,0.385878,0.375395
7544,0.368082,0.422171
7545,0.331457,0.393048
7546,0.30919,0.468116
7547,0.30919,0.468116
7548,0.316231,0.435984
7549,0.340516,0.471189
7550,0.218552,0.508386
7551,0.18264,0.468155
7552,0.205219,0.505868
7553,0.252114,0.517592
7554,0.223871,0.502802
7555,0.201399,0.446337
7556,0.221319,0.475579
7557,0.221319,0.475579
7558,0.221319,0.475579
7559,0.270319,0.36125
7560,0.348899,0.401058
7561,0.348899,0.401058
7562,0.290977,0.308261
7563,0.346459,0.278361
7564,0.385277,0.303008
7565,0.466974,0.316676
7566,0.466974,0.316676
7567,0.525827,0.29703
7568,0.523692,0.268156
7569,0.50712,0.202107
7570,0.507705,0.211079
7571,0.507705,0.211079
7572,0.507705,0.211079
7573,0.507705,0.211079
7574,0.548518,0.195353
7575,0.55436,0.220588
7576,0.55436,0.220588
7577,0.554192,0.225422
7578,0.554192,0.225422
7579,0.554192,0.225422
7580,0.554192,0.225422
7581,0.530351,0.20813
7582,0.530351,0.20813
7583,0.502015,0.215205
7584,0.448955,0.177363
7585,0.53636,0.182751
7586,0.487877,0.252648
7587,0.46606,0.242833
7588,0.415869,0.324724
7589,0.438276,0.345278
7590,0.438276,0.345278
7591,0.472647,0.360285
7592,0.388277,0.343076
7593,0.445479,0.344926
7594,0.445479,0.344926
7595,0.439983,0.40012
7596,0.454118,0.382581
7597,0.437955,0.360314
7598,0.437955,0.360314
7599,0.474267,0.430431
7600,0.497515,0.402325
7601,0.466738,0.410007
7602,0.4724,0.416772
7603,0.47732,0.338165
7604,0.453496,0.361596
7605,0.407582,0.340464
7606,0.411206,0.308615
7607,0.411206,0.308615
7608,0.357863,0.346084
7609,0.417974,0.332373
7610,0.417974,0.332373
7611,0.417974,0.332373
7612,0.397288,0.35714
7613,0.389623,0.352231
7614,0.388576,0.354693
7615,0.385636,0.347891
7616,0.424075,0.321501
7617,0.351368,0.336925
7618,0.313734,0.355279
7619,0.275586,0.394289
7620,0.357241,0.380599
7621,0.357241,0.380599
7622,0.285558,0.416646
7623,0.285558,0.416646
7624,0.285558,0.416646
7625,0.285558,0.416646
7626,0.285802,0.382528
7627,0.312965,0.405882
7628,0.448073,0.402502
7629,0.3964,0.391914
7630,0.288704,0.444302
7631,0.31452,0.437781
7632,0.336666,0.437007
7633,0.31536,0.49198
7634,0.272999,0.441914
7635,0.2985,0.478714
7636,0.2985,0.478714
7637,0.335949,0.401566
7638,0.33327,0.310948
7639,0.30251,0.359442
7640,0.322862,0.353763
7641,0.363233,0.406662
7642,0.370499,0.4233
7643,0.396949,0.444236
7644,0.464885,0.427143
7645,0.474559,0.383671
7646,0.474559,0.383671
7647,0.48237,0.400788
7648,0.45857,0.356088
7649,0.45857,0.356088
7650,0.414432,0.445913
7651,0.414432,0.445913
7652,0.414432,0.445913
7653,0.385434,0.484979
7654,0.427495,0.531874
7655,0.476273,0.503413
7656,0.476273,0.503413
7657,0.486229,0.470035
7658,0.482095,0.42695
7659,0.508836,0.360676
7660,0.570833,0.399177
7661,0.570833,0.399177
7662,0.600534,0.420415
7663,0.654384,0.426144
7664,0.643109,0.39101
7665,0.57194,0.420482
7666,0.622262,0.391268
7667,0.605251,0.443845
7668,0.634002,0.444662
7669,0.634525,0.441263
7670,0.624596,0.462899
7671,0.624596,0.462899
7672,0.583683,0.391238
7673,0.54835,0.479971
7674,0.529664,0.521261
7675,0.529182,0.552671
7676,0.4613,0.586751
7677,0.415563,0.606319
7678,0.468254,0.627734
7679,0.482788,0.59851
7680,0.481754,0.583198
7681,0.416711,0.549416
7682,0.412473,0.521891
7683,0.38764,0.480648
7684,0.472448,0.479504
7685,0.534315,0.443432
7686,0.534315,0.443432
7687,0.534315,0.443432
7688,0.580355,0.499191
7689,0.526466,0.504141
7690,0.485261,0.43439
7691,0.471732,0.509567
7692,0.531725,0.578387
7693,0.531725,0.578387
7694,0.531725,0.578387
7695,0.531725,0.578387
7696,0.531725,0.578387
7697,0.531725,0.578387
7698,0.388887,0.551035
7699,0.388887,0.551035
7700,0.433122,0.492578
7701,0.433122,0.492578
7702,0.406202,0.513109
7703,0.406202,0.513109
7704,0.412995,0.513143
7705,0.412995,0.513143
7706,0.412995,0.513143
7707,0.412995,0.513143
7708,0.348479,0.489156
7709,0.332409,0.494333
7710,0.332409,0.494333
7711,0.332409,0.494333
7712,0.332409,0.494333
7713,0.332409,0.494333
7714,0.332409,0.494333
7715,0.332409,0.494333
7716,0.348849,0.509582
7717,0.35458,0.530871
7718,0.328366,0.516922
7719,0.328366,0.516922
7720,0.328366,0.516922
7721,0.328366,0.516922
7722,0.328366,0.516922
7723,0.251088,0.500115
7724,0.261474,0.495895
7725,0.283491,0.54195
7726,0.283491,0.54195
7727,0.283491,0.54195
7728,0.357007,0.436427
7729,0.290909,0.400587
7730,0.25807,0.451788
7731,0.203,0.382993
7732,0.242881,0.436221
7733,0.258952,0.452273
7734,0.258952,0.452273
7735,0.206272,0.471559
7736,0.179545,0.441825
7737,0.146595,0.371793
7738,0.146595,0.371793
7739,0.138927,0.41801
7740,0.157002,0.390338
7741,0.216648,0.430861
7742,0.207461,0.390877
7743,0.207461,0.390877
7744,0.207461,0.390877
7745,0.207461,0.390877
7746,0.207461,0.390877
7747,0.280454,0.404883
7748,0.22664,0.339762
7749,0.160639,0.396031
7750,0.183492,0.431336
7751,0.183492,0.431336
7752,0.23251,0.373847
7753,0.251277,0.349622
7754,0.277553,0.408778
7755,0.301099,0.353528
7756,0.295259,0.442493
7757,0.27405,0.495014
7758,0.303126,0.503164
7759,0.303126,0.503164
7760,0.303126,0.503164
7761,0.271054,0.515209
7762,0.251951,0.500035
7763,0.297635,0.537265
7764,0.322962,0.511435
7765,0.276929,0.51228
7766,0.276929,0.51228
7767,0.268192,0.538596
7768,0.224837,0.535096
7769,0.277207,0.547774
7770,0.277207,0.547774
7771,0.269155,0.54113
7772,0.269155,0.54113
7773,0.257244,0.481081
7774,0.244782,0.49789
7775,0.226091,0.472369
7776,0.226091,0.472369
7777,0.226091,0.472369
7778,0.226091,0.472369
7779,0.265322,0.515011
7780,0.114917,0.482527
7781,0.0997831,0.501707
7782,0.130171,0.501103
7783,0.120661,0.4768
7784,0.127797,0.393946
7785,0.162784,0.437717
7786,0.262113,0.464112
7787,0.262113,0.464112
7788,0.267655,0.427726
7789,0.21204,0.386406
7790,0.26167,0.324321
7791,0.26167,0.324321
7792,0.267277,0.355825
7793,0.314369,0.365421
7794,0.314369,0.365421
7795,0.284965,0.426632
7796,0.284965,0.426632
7797,0.279125,0.432315
7798,0.237584,0.531236
7799,0.237584,0.531236
7800,0.237584,0.531236
7801,0.237584,0.531236
7802,0.227576,0.514195
7803,0.191532,0.534442
7804,0.128973,0.517287
7805,0.125437,0.471968
7806,0.0848213,0.518822
7807,0.0848213,0.518822
7808,0.072411,0.492628
7809,0.0745076,0.515666
7810,0.0938081,0.534529
7811,0.112549,0.49372
7812,0.147711,0.376815
7813,0.168402,0.410136
7814,0.172922,0.474425
7815,0.184621,0.481601
7816,0.0128397,0.528763
7817,0.0800491,0.499915
7818,0.0800491,0.499915
7819,0.0393674,0.534069
7820,0.0393674,0.534069
7821,0.0393674,0.534069
7822,0.0393674,0.534069
7823,0.0393674,0.534069
7824,0.114195,0.549835
7825,0.0785016,0.480753
7826,0.121081,0.504274
7827,0.0485519,0.617759
7828,0.0485519,0.617759
7829,0.0676748,0.594717
7830,0.123938,0.541581
7831,0.157731,0.469328
7832,0.152942,0.500372
7833,0.153277,0.429975
7834,0.16182,0.494187
7835,0.16182,0.494187
7836,0.245934,0.518105
7837,0.239395,0.507814
7838,0.320522,0.497793
7839,0.315888,0.445341
7840,0.315888,0.445341
7841,0.315888,0.445341
7842,0.294354,0.507187
7843,0.302586,0.436862
7844,0.302586,0.436862
7845,0.327183,0.465551
7846,0.296543,0.519988
7847,0.338712,0.488164
7848,0.466275,0.521326
7849,0.400406,0.498233
7850,0.400406,0.498233
7851,0.400406,0.498233
7852,0.400406,0.498233
7853,0.406537,0.579286
7854,0.427598,0.593005
7855,0.469371,0.521878
7856,0.400294,0.533679
7857,0.463436,0.542895
7858,0.457317,0.525768
7859,0.457317,0.525768
7860,0.457317,0.525768
7861,0.457317,0.525768
7862,0.457317,0.525768
7863,0.480555,0.461931
7864,0.502578,0.483764
7865,0.520687,0.492363
7866,0.487408,0.454824
7867,0.492944,0.450067
7868,0.53497,0.462025
7869,0.526032,0.467547
7870,0.512124,0.54257
7871,0.555909,0.455252
7872,0.555909,0.455252
7873,0.549265,0.518967
7874,0.549265,0.518967
7875,0.530337,0.512313
7876,0.602547,0.590622
7877,0.534187,0.622957
7878,0.56004,0.626166
7879,0.586913,0.508494
7880,0.586913,0.508494
7881,0.618846,0.515102
7882,0.667232,0.533198
7883,0.611769,0.488495
7884,0.642055,0.377227
7885,0.605012,0.360839
7886,0.605012,0.360839
7887,0.675076,0.315396
7888,0.641301,0.366791
7889,0.621744,0.349414
7890,0.596458,0.256807
7891,0.611364,0.233177
7892,0.604939,0.261581
7893,0.61913,0.166872
7894,0.644213,0.221084
7895,0.644213,0.221084
7896,0.614442,0.274317
7897,0.582884,0.237536
7898,0.582884,0.237536
7899,0.631943,0.319735
7900,0.563901,0.353678
7901,0.583083,0.370333
7902,0.560394,0.308529
7903,0.569624,0.271037
7904,0.62623,0.296641
7905,0.610898,0.286724
7906,0.610898,0.286724
7907,0.623324,0.240601
7908,0.623324,0.240601
7909,0.675166,0.207131
7910,0.675166,0.207131
7911,0.606515,0.183989
7912,0.646454,0.159509
7913,0.68457,0.10755
7914,0.660499,0.0789054
7915,0.660499,0.0789054
7916,0.669637,0.105949
7917,0.665815,0.118139
7918,0.681631,0.155032
7919,0.671367,0.176673
7920,0.635415,0.254519
7921,0.630437,0.250044
7922,0.630437,0.250044
7923,0.657503,0.19356
7924,0.606834,0.147923
7925,0.649718,0.182994
7926,0.649718,0.182994
7927,0.68124,0.207559
7928,0.674876,0.250005
7929,0.674876,0.250005
7930,0.674876,0.250005
7931,0.651394,0.208379
7932,0.598944,0.19263
7933,0.598944,0.19263
7934,0.623279,0.254252
7935,0.651479,0.203135
7936,0.656606,0.190475
7937,0.654952,0.241874
7938,0.574822,0.211902
7939,0.564451,0.230008
7940,0.564451,0.230008
7941,0.564451,0.230008
7942,0.478747,0.290101
7943,0.539631,0.301744
7944,0.49713,0.240382
7945,0.49713,0.240382
7946,0.49713,0.240382
7947,0.502112,0.217431
7948,0.517494,0.28576
7949,0.520775,0.345939
7950,0.566412,0.424742
7951,0.613363,0.420364
7952,0.555984,0.340776
7953,0.543645,0.407908
7954,0.574614,0.44966
7955,0.574614,0.44966
7956,0.569348,0.385964
7957,0.569348,0.385964
7958,0.555295,0.413618
7959,0.580844,0.440619
7960,0.640422,0.481168
7961,0.640422,0.481168
7962,0.636805,0.422845
7963,0.636805,0.422845
7964,0.637722,0.430583
7965,0.590576,0.342373
7966,0.590576,0.342373
7967,0.634506,0.362063
7968,0.634791,0.340457
7969,0.623255,0.366959
7970,0.623255,0.366959
7971,0.619044,0.377476
7972,0.620922,0.392757
7973,0.620922,0.392757
7974,0.553985,0.341912
7975,0.507852,0.44822
7976,0.507852,0.44822
7977,0.507852,0.44822
7978,0.507852,0.44822
7979,0.507852,0.44822
7980,0.476222,0.412896
7981,0.433488,0.469793
7982,0.433488,0.469793
7983,0.433488,0.469793
7984,0.415893,0.441642
7985,0.485678,0.411155
7986,0.437845,0.428198
7987,0.437845,0.428198
7988,0.335745,0.396794
7989,0.301734,0.361727
7990,0.320275,0.345959
7991,0.250536,0.34987
7992,0.250536,0.34987
7993,0.250536,0.34987
7994,0.32258,0.340412
7995,0.360661,0.324088
7996,0.365611,0.311937
7997,0.365611,0.311937
7998,0.365611,0.311937
7999,0.398858,0.24317
8000,0.39432,0.28978
8001,0.408176,0.322397
8002,0.386679,0.41018
8003,0.408653,0.390416
8004,0.393311,0.369004
8005,0.340385,0.34344
8006,0.340385,0.34344
8007,0.340385,0.34344
8008,0.402905,0.326492
8009,0.402905,0.326492
8010,0.388479,0.326223
8011,0.338478,0.340263
8012,0.40633,0.366616
8013,0.40633,0.366616
8014,0.40633,0.366616
8015,0.40633,0.366616
8016,0.402513,0.340467
8017,0.380704,0.42569
8018,0.380704,0.42569
8019,0.403056,0.476846
8020,0.403056,0.476846
8021,0.403056,0.476846
8022,0.403056,0.476846
8023,0.373158,0.430728
8024,0.373379,0.524956
8025,0.365176,0.473926
8026,0.493509,0.544068
8027,0.453571,0.515448
8028,0.49078,0.53791
8029,0.448438,0.559081
8030,0.482047,0.485807
8031,0.524598,0.479679
8032,0.605922,0.389728
8033,0.597186,0.448281
8034,0.523599,0.432633
8035,0.576641,0.407324
8036,0.576641,0.407324
8037,0.542932,0.44311
8038,0.601491,0.428385
8039,0.586307,0.5079
8040,0.586307,0.5079
8041,0.576197,0.54517
8042,0.604647,0.512063
8043,0.604647,0.512063
8044,0.611195,0.576742
8045,0.611195,0.576742
8046,0.611195,0.576742
8047,0.568306,0.543476
8048,0.630634,0.445358
8049,0.630634,0.445358
8050,0.630634,0.445358
8051,0.693451,0.5304
8052,0.693451,0.5304
8053,0.693451,0.5304
8054,0.625361,0.448197
8055,0.625361,0.448197
8056,0.625361,0.448197
8057,0.624756,0.454194
8058,0.624756,0.454194
8059,0.604046,0.477057
8060,0.590572,0.494819
8061,0.5447,0.458435
8062,0.48811,0.403021
8063,0.48811,0.403021
8064,0.455521,0.504814
8065,0.532862,0.586611
8066,0.514914,0.585956
8067,0.531452,0.513996
8068,0.531452,0.513996
8069,0.563276,0.447145
8070,0.608311,0.445199
8071,0.608609,0.476238
8072,0.647454,0.492767
8073,0.636463,0.570104
8074,0.636463,0.570104
8075,0.613884,0.625914
8076,0.614749,0.589298
8077,0.614749,0.589298
8078,0.63787,0.610597
8079,0.628229,0.605345
8080,0.628229,0.605345
8081,0.592446,0.617494
8082,0.535612,0.554108
8083,0.471284,0.540219
8084,0.542858,0.549301
8085,0.51736,0.571421
8086,0.433548,0.598303
8087,0.447972,0.560238
8088,0.442547,0.559417
8089,0.396857,0.510128
8090,0.396884,0.469159
8091,0.396884,0.469159
8092,0.366521,0.505658
8093,0.366521,0.505658
8094,0.352271,0.543871
8095,0.339276,0.53905
8096,0.340916,0.49791
8097,0.340916,0.49791
8098,0.340916,0.49791
8099,0.319486,0.476995
8100,0.356997,0.515875
8101,0.365422,0.533079
8102,0.283527,0.604083
8103,0.341294,0.546513
8104,0.24612,0.529858
8105,0.24612,0.529858
8106,0.254245,0.527832
8107,0.241247,0.526089
8108,0.289333,0.460492
8109,0.289333,0.460492
8110,0.300281,0.477556
8111,0.292112,0.473746
8112,0.268871,0.487678
8113,0.253249,0.401524
8114,0.282685,0.471551
8115,0.282685,0.471551
8116,0.299257,0.420143
8117,0.359352,0.331398
8118,0.359352,0.331398
8119,0.407881,0.383304
8120,0.331327,0.382586
8121,0.331327,0.382586
8122,0.283953,0.447475
8123,0.283953,0.447475
8124,0.239609,0.369436
8125,0.251352,0.426741
8126,0.212291,0.380685
8127,0.262468,0.352505
8128,0.144772,0.358055
8129,0.172222,0.418372
8130,0.078343,0.426167
8131,0.078343,0.426167
8132,0.157717,0.454627
8133,0.221826,0.46483
8134,0.267819,0.503018
8135,0.267819,0.503018
8136,0.276823,0.420536
8137,0.290631,0.46832
8138,0.290631,0.46832
8139,0.290631,0.46832
8140,0.295674,0.463487
8141,0.276606,0.472399
8142,0.28702,0.492083
8143,0.33061,0.433181
8144,0.365757,0.47765
8145,0.365757,0.47765
8146,0.368607,0.507462
8147,0.368607,0.507462
8148,0.389811,0.410965
8149,0.406163,0.443731
8150,0.448725,0.524737
8151,0.401485,0.500801
8152,0.401485,0.500801
8153,0.491165,0.5301
8154,0.532995,0.530416
8155,0.562077,0.482064
8156,0.5364,0.506786
8157,0.515511,0.495592
8158,0.518259,0.452462
8159,0.545111,0.504788
8160,0.595641,0.463059
8161,0.56557,0.383801
8162,0.56813,0.325589
8163,0.562495,0.373896
8164,0.50107,0.355747
8165,0.535766,0.394039
8166,0.468739,0.388663
8167,0.519414,0.386665
8168,0.489268,0.394293
8169,0.421764,0.385007
8170,0.421764,0.385007
8171,0.421764,0.385007
8172,0.457124,0.402381
8173,0.407596,0.473052
8174,0.3948,0.44033
8175,0.3948,0.44033
8176,0.304664,0.488006
8177,0.304664,0.488006
8178,0.343484,0.511224
8179,0.332874,0.436998
8180,0.294579,0.407532
8181,0.266489,0.442821
8182,0.266489,0.442821
8183,0.33743,0.422595
8184,0.223613,0.443984
8185,0.292006,0.431219
8186,0.358446,0.454815
8187,0.369251,0.418292
8188,0.360639,0.4423
8189,0.360162,0.392336
8190,0.367667,0.433428
8191,0.458718,0.440158
8192,0.39152,0.419848
8193,0.36941,0.492837
8194,0.36941,0.492837
8195,0.313352,0.494332
8196,0.313352,0.494332
8197,0.313352,0.494332
8198,0.377156,0.399799
8199,0.413041,0.41258
8200,0.402275,0.403763
8201,0.417742,0.418139
8202,0.410412,0.384373
8203,0.406506,0.414856
8204,0.406506,0.414856
8205,0.406506,0.414856
8206,0.38688,0.39911
8207,0.338892,0.338893
8208,0.326151,0.303654
8209,0.337509,0.345263
8210,0.297082,0.379548
8211,0.297082,0.379548
8212,0.297082,0.379548
8213,0.279147,0.335484
8214,0.320698,0.346212
8215,0.321772,0.41515
8216,0.321772,0.41515
8217,0.324482,0.437239
8218,0.302477,0.466087
8219,0.168072,0.490475
8220,0.259315,0.550111
8221,0.206481,0.549256
8222,0.206481,0.549256
8223,0.206481,0.549256
8224,0.238767,0.558649
8225,0.238767,0.558649
8226,0.238767,0.558649
8227,0.222874,0.570803
8228,0.196081,0.53347
8229,0.142954,0.490966
8230,0.0997015,0.494364
8231,0.0862842,0.481153
8232,0.0862842,0.481153
8233,0.0862842,0.481153
8234,0.0862842,0.481153
8235,0.0862842,0.481153
8236,0.0888072,0.490729
8237,0.0888072,0.490729
8238,0.0617584,0.525979
8239,0.102323,0.551779
8240,0.211276,0.602796
8241,0.155206,0.647433
8242,0.109286,0.691048
8243,0.184793,0.622773
8244,0.184793,0.622773
8245,0.191844,0.722553
8246,0.191844,0.722553
8247,0.162722,0.6642
8248,0.162722,0.6642
8249,0.191396,0.615387
8250,0.0880322,0.622391
8251,0.0880323,0.622391
8252,0.160279,0.56524
8253,0.104041,0.597631
8254,0.104041,0.597631
8255,0.104041,0.597631
8256,0.0393385,0.545873
8257,0.113815,0.586067
8258,0.156596,0.553239
8259,0.153939,0.471314
8260,0.153939,0.471314
8261,0.150673,0.565983
8262,0.150673,0.565983
8263,0.150673,0.565983
8264,0.150673,0.565983
8265,0.115792,0.47756
8266,0.115792,0.47756
8267,0.115792,0.47756
8268,0.115792,0.47756
8269,0.115792,0.47756
8270,0.180846,0.470612
8271,0.180846,0.470612
8272,0.141902,0.481457
8273,0.141902,0.481457
8274,0.172521,0.53028
8275,0.255023,0.499421
8276,0.255023,0.499421
8277,0.255023,0.499421
8278,0.292903,0.491075
8279,0.292903,0.491075
8280,0.262754,0.501667
8281,0.310017,0.513628
8282,0.310017,0.513628
8283,0.296413,0.541194
8284,0.325229,0.544181
8285,0.338578,0.598674
8286,0.32547,0.523553
8287,0.302203,0.469002
8288,0.347106,0.465409
8289,0.327484,0.525016
8290,0.393951,0.609052
8291,0.424194,0.578118
8292,0.459626,0.514452
8293,0.454951,0.515565
8294,0.489513,0.526581
8295,0.489513,0.526581
8296,0.490587,0.480099
8297,0.471709,0.430882
8298,0.511528,0.442535
8299,0.48202,0.439799
8300,0.48202,0.439799
8301,0.486413,0.376406
8302,0.468961,0.343947
8303,0.468961,0.343947
8304,0.524095,0.401857
8305,0.524095,0.401857
8306,0.507986,0.394419
8307,0.507986,0.394419
8308,0.517607,0.404333
8309,0.505504,0.374092
8310,0.552735,0.403813
8311,0.552735,0.403813
8312,0.552735,0.403813
8313,0.506801,0.444289
8314,0.466467,0.398275
8315,0.40829,0.438233
8316,0.466752,0.444476
8317,0.456717,0.406634
8318,0.427924,0.41803
8319,0.346459,0.467507
8320,0.350209,0.548456
8321,0.363165,0.537132
8322,0.363165,0.537132
8323,0.363165,0.537132
8324,0.363165,0.537132
8325,0.355577,0.496891
8326,0.434632,0.505536
8327,0.33483,0.481994
8328,0.399909,0.370102
8329,0.379341,0.352585
8330,0.379341,0.352585
8331,0.420013,0.33814
8332,0.445252,0.36237
8333,0.412054,0.428253
8334,0.451734,0.453472
8335,0.451734,0.453472
8336,0.499512,0.415119
8337,0.499512,0.415119
8338,0.534215,0.445264
8339,0.544989,0.385636
8340,0.606908,0.352586
8341,0.606908,0.352586
8342,0.59192,0.433179
8343,0.59192,0.433179
8344,0.587773,0.426884
8345,0.538178,0.406404
8346,0.42166,0.472883
8347,0.452836,0.419954
8348,0.452836,0.419954
8349,0.469243,0.373228
8350,0.469243,0.373228
8351,0.466036,0.365451
8352,0.466036,0.365451
8353,0.466036,0.365451
8354,0.466036,0.365451
8355,0.42924,0.466976
8356,0.47329,0.41022
8357,0.440215,0.333656
8358,0.480098,0.289677
8359,0.449561,0.253507
8360,0.449545,0.298064
8361,0.528235,0.327349
8362,0.51909,0.383222
8363,0.51909,0.383222
8364,0.511225,0.418675
8365,0.441687,0.386724
8366,0.441687,0.386724
8367,0.401517,0.404772
8368,0.436676,0.492094
8369,0.442527,0.50631
8370,0.442527,0.50631
8371,0.513274,0.461851
8372,0.513274,0.461851
8373,0.513274,0.461851
8374,0.494849,0.425971
8375,0.494849,0.425971
8376,0.441735,0.464406
8377,0.441735,0.464406
8378,0.459165,0.537669
8379,0.471706,0.482386
8380,0.458731,0.458016
8381,0.458731,0.458016
8382,0.458731,0.458016
8383,0.464554,0.453044
8384,0.440139,0.510334
8385,0.498837,0.523425
8386,0.498837,0.523425
8387,0.46532,0.540834
8388,0.46532,0.540834
8389,0.47219,0.493925
8390,0.496162,0.531061
8391,0.403352,0.563423
8392,0.385117,0.595919
8393,0.401982,0.578372
8394,0.401982,0.578372
8395,0.401665,0.671182
8396,0.383633,0.632959
8397,0.383633,0.632959
8398,0.383655,0.60809
8399,0.368254,0.613766
8400,0.328875,0.648685
8401,0.378603,0.646112
8402,0.379052,0.669116
8403,0.379052,0.669116
8404,0.379052,0.669116
8405,0.400974,0.643308
8406,0.400974,0.643308
8407,0.400974,0.643308
8408,0.459537,0.601635
8409,0.33805,0.622584
8410,0.421417,0.629579
8411,0.414877,0.631857
8412,0.414877,0.631857
8413,0.350689,0.684525
8414,0.350689,0.684525
8415,0.454555,0.671673
8416,0.465088,0.644993
8417,0.444502,0.58172
8418,0.493476,0.568756
8419,0.448513,0.620201
8420,0.479979,0.64789
8421,0.479979,0.64789
8422,0.479979,0.64789
8423,0.479979,0.64789
8424,0.488379,0.661325
8425,0.488379,0.661325
8426,0.488379,0.661325
8427,0.53657,0.645903
8428,0.466923,0.65345
8429,0.431031,0.591521
8430,0.467194,0.605114
8431,0.46112,0.625586
8432,0.46112,0.625586
8433,0.46112,0.625586
8434,0.46112,0.625586
8435,0.47585,0.638669
8436,0.428807,0.623793
8437,0.428807,0.623793
8438,0.428807,0.623793
8439,0.505574,0.613986
8440,0.505574,0.613986
8441,0.41426,0.645708
8442,0.435362,0.665028
8443,0.377335,0.63875
8444,0.429826,0.644782
8445,0.353105,0.692463
8446,0.355526,0.662862
8447,0.394255,0.65303
8448,0.418655,0.601359
8449,0.41238,0.584179
8450,0.422821,0.598787
8451,0.534135,0.699726
8452,0.446186,0.673009
8453,0.422066,0.670735
8454,0.422066,0.670735
8455,0.455406,0.667089
8456,0.455406,0.667089
8457,0.455406,0.667089
8458,0.455406,0.667089
8459,0.434015,0.636929
8460,0.45105,0.670518
8461,0.440692,0.66748
8462,0.417279,0.626758
8463,0.377679,0.648817
8464,0.332972,0.5745
8465,0.322802,0.557577
8466,0.322802,0.557577
8467,0.349106,0.526324
8468,0.349106,0.526324
8469,0.39578,0.467659
8470,0.383375,0.496657
8471,0.383375,0.496657
8472,0.374597,0.541934
8473,0.374597,0.541934
8474,0.374597,0.541934
8475,0.44662,0.515721
8476,0.397606,0.611197
8477,0.386044,0.578728
8478,0.404931,0.607596
8479,0.302934,0.566522
8480,0.338581,0.574401
8481,0.296246,0.568216
8482,0.280536,0.502137
8483,0.31637,0.52581
8484,0.31637,0.52581
8485,0.31637,0.52581
8486,0.392892,0.550566
8487,0.35621,0.504505
8488,0.356313,0.533607
8489,0.355805,0.530539
8490,0.289072,0.532584
8491,0.31108,0.487276
8492,0.27898,0.473809
8493,0.282248,0.489177
8494,0.292098,0.592486
8495,0.326797,0.542612
8496,0.33773,0.571249
8497,0.33773,0.571249
8498,0.356829,0.546569
8499,0.342995,0.546862
8500,0.342995,0.546862
8501,0.342995,0.546862
8502,0.326428,0.592537
8503,0.393695,0.537963
8504,0.350472,0.6286
8505,0.295065,0.630297
8506,0.354898,0.579629
8507,0.370414,0.608793
8508,0.370414,0.608793
8509,0.370414,0.608793
8510,0.370414,0.608793
8511,0.316504,0.525989
8512,0.31928,0.523768
8513,0.343215,0.466751
8514,0.343215,0.466751
8515,0.381888,0.403494
8516,0.381888,0.403494
8517,0.32633,0.481137
8518,0.345662,0.495766
8519,0.345662,0.495766
8520,0.382985,0.499017
8521,0.378837,0.485583
8522,0.354472,0.504868
8523,0.300738,0.531721
8524,0.274822,0.487617
8525,0.351628,0.495805
8526,0.365162,0.536697
8527,0.405315,0.468525
8528,0.405315,0.468525
8529,0.37938,0.464056
8530,0.409218,0.520115
8531,0.335178,0.541237
8532,0.370734,0.558267
8533,0.370734,0.558267
8534,0.428661,0.600772
8535,0.413353,0.580618
8536,0.413353,0.580618
8537,0.462867,0.577933
8538,0.470072,0.619179
8539,0.46777,0.602709
8540,0.457659,0.599102
8541,0.4111,0.60333
8542,0.426836,0.5973
8543,0.4314,0.579147
8544,0.4314,0.579147
8545,0.374293,0.591547
8546,0.441078,0.587856
8547,0.441078,0.587856
8548,0.420816,0.595188
8549,0.452436,0.595605
8550,0.48377,0.560337
8551,0.48377,0.560337
8552,0.482749,0.581796
8553,0.503407,0.482919
8554,0.551181,0.457628
8555,0.569615,0.493513
8556,0.569615,0.493513
8557,0.542705,0.471306
8558,0.49093,0.457059
8559,0.49093,0.457059
8560,0.547501,0.52298
8561,0.543623,0.516296
8562,0.543623,0.516296
8563,0.569452,0.518234
8564,0.620307,0.517385
8565,0.564344,0.448049
8566,0.634555,0.46324
8567,0.609627,0.383961
8568,0.643372,0.446852
8569,0.631899,0.476097
8570,0.551951,0.489173
8571,0.551951,0.489173
8572,0.542097,0.474026
8573,0.526677,0.501938
8574,0.55037,0.438771
8575,0.570722,0.358067
8576,0.511051,0.382894
8577,0.523076,0.388894
8578,0.606032,0.39662
8579,0.606032,0.39662
8580,0.566747,0.400217
8581,0.575296,0.385313
8582,0.602681,0.40787
8583,0.680972,0.397879
8584,0.651191,0.296422
8585,0.62533,0.342588
8586,0.625699,0.33935
8587,0.540199,0.335936
8588,0.540199,0.335936
8589,0.548898,0.272868
8590,0.559636,0.402496
8591,0.57292,0.359832
8592,0.530284,0.304458
8593,0.520453,0.330165
8594,0.542475,0.347758
8595,0.542475,0.347758
8596,0.535891,0.443503
8597,0.535891,0.443503
8598,0.535891,0.443503
8599,0.571336,0.531763
8600,0.560294,0.547065
8601,0.560294,0.547065
8602,0.611241,0.456297
8603,0.611241,0.456297
8604,0.611241,0.456297
8605,0.627156,0.456258
8606,0.627156,0.456258
8607,0.594169,0.498583
8608,0.594169,0.498583
8609,0.559016,0.444343
8610,0.545357,0.438702
8611,0.590678,0.433855
8612,0.537384,0.400734
8613,0.597719,0.508871
8614,0.565889,0.550489
8615,0.565889,0.550489
8616,0.483174,0.553766
8617,0.444842,0.597642
8618,0.54332,0.545518
8619,0.490824,0.582141
8620,0.489306,0.58634
8621,0.46096,0.61314
8622,0.416933,0.604275
8623,0.40346,0.563232
8624,0.337985,0.558409
8625,0.346525,0.541217
8626,0.346525,0.541217
8627,0.369402,0.553478
8628,0.397314,0.547713
8629,0.390825,0.512964
8630,0.390825,0.512964
8631,0.457792,0.528826
8632,0.457792,0.528826
8633,0.457792,0.528826
8634,0.399697,0.554295
8635,0.450535,0.57172
8636,0.487822,0.487759
8637,0.487822,0.487759
8638,0.461961,0.522568
8639,0.542712,0.575283
8640,0.542712,0.575283
8641,0.521862,0.578794
8642,0.550095,0.5268
8643,0.551322,0.537659
8644,0.424942,0.525677
8645,0.447493,0.543855
8646,0.441207,0.5846
8647,0.441207,0.5846
8648,0.404418,0.515017
8649,0.404418,0.515017
8650,0.404418,0.515017
8651,0.347233,0.509762
8652,0.356502,0.50673
8653,0.356502,0.50673
8654,0.356502,0.50673
8655,0.356502,0.50673
8656,0.356502,0.50673
8657,0.392378,0.514611
8658,0.438233,0.561885
8659,0.438233,0.561885
8660,0.438233,0.561885
8661,0.429204,0.582767
8662,0.429204,0.582767
8663,0.427674,0.549154
8664,0.376895,0.527991
8665,0.376895,0.527991
8666,0.320059,0.498252
8667,0.320059,0.498252
8668,0.320059,0.498252
8669,0.376623,0.451196
8670,0.309847,0.481658
8671,0.265435,0.444622
8672,0.256719,0.421686
8673,0.256719,0.421686
8674,0.256719,0.421686
8675,0.256719,0.421686
8676,0.332484,0.46309
8677,0.360261,0.437115
8678,0.33781,0.399661
8679,0.362392,0.457728
8680,0.362392,0.457728
8681,0.362392,0.457728
8682,0.337682,0.525599
8683,0.337682,0.525599
8684,0.337682,0.525599
8685,0.332561,0.563472
8686,0.336302,0.621844
8687,0.344743,0.578753
8688,0.37232,0.555452
8689,0.319144,0.528607
8690,0.319144,0.528607
8691,0.214153,0.549901
8692,0.224586,0.574195
8693,0.224586,0.574195
8694,0.224586,0.574195
8695,0.205465,0.53393
8696,0.130661,0.540219
8697,0.130661,0.540219
8698,0.130661,0.540219
8699,0.147697,0.472427
8700,0.17937,0.378322
8701,0.145203,0.431964
8702,0.173912,0.447799
8703,0.156048,0.405175
8704,0.156048,0.405175
8705,0.166854,0.453846
8706,0.219198,0.435754
8707,0.219198,0.435754
8708,0.219198,0.435754
8709,0.177407,0.507534
8710,0.280284,0.390058
8711,0.213044,0.411827
8712,0.249979,0.477767
8713,0.261537,0.467105
8714,0.257976,0.479751
8715,0.245592,0.510531
8716,0.282287,0.562257
8717,0.282287,0.562257
8718,0.218851,0.426745
8719,0.218851,0.426745
8720,0.218851,0.426745
8721,0.218851,0.426745
8722,0.214735,0.463292
8723,0.252582,0.512567
8724,0.252582,0.512567
8725,0.291683,0.461668
8726,0.291683,0.461668
8727,0.244836,0.4734
8728,0.258534,0.42684
8729,0.148217,0.513187
8730,0.217943,0.559357
8731,0.180549,0.567094
8732,0.182488,0.533181
8733,0.182488,0.533181
8734,0.107207,0.562025
8735,0.167187,0.628206
8736,0.185153,0.602115
8737,0.185153,0.602115
8738,0.185153,0.602115
8739,0.135979,0.546274
8740,0.135979,0.546274
8741,0.135979,0.546274
8742,0.104101,0.61836
8743,0.132706,0.572164
8744,0.132706,0.572164
8745,0.163736,0.636484
8746,0.116946,0.641619
8747,0.159783,0.642599
8748,0.159783,0.642599
8749,0.159783,0.642599
8750,0.159783,0.642599
8751,0.198971,0.59503
8752,0.198971,0.59503
8753,0.188383,0.635915
8754,0.192739,0.5624
8755,0.201396,0.603433
8756,0.163143,0.655988
8757,0.167715,0.701774
8758,0.185423,0.659554
8759,0.243466,0.664494
8760,0.243466,0.664494
8761,0.214985,0.643279
8762,0.214985,0.643279
8763,0.233983,0.699881
8764,0.172241,0.647617
8765,0.172241,0.647617
8766,0.191489,0.662327
8767,0.211861,0.694182
8768,0.199214,0.674525
8769,0.245374,0.713911
8770,0.250971,0.666115
8771,0.284805,0.665465
8772,0.239832,0.627983
8773,0.239832,0.627983
8774,0.250878,0.633819
8775,0.271617,0.649355
8776,0.271617,0.649355
8777,0.271617,0.649355
8778,0.247641,0.636771
8779,0.229972,0.652709
8780,0.228828,0.59806
8781,0.228828,0.59806
8782,0.228828,0.59806
8783,0.280204,0.608218
8784,0.336539,0.624788
8785,0.336539,0.624788
8786,0.336539,0.624788
8787,0.281496,0.602731
8788,0.314076,0.620615
8789,0.37557,0.619907
8790,0.402501,0.629148
8791,0.402501,0.629148
8792,0.446857,0.539473
8793,0.446857,0.539473
8794,0.492446,0.56506
8795,0.492446,0.56506
8796,0.506575,0.622829
8797,0.506575,0.622829
8798,0.563659,0.551794
8799,0.563659,0.551794
8800,0.585207,0.499702
8801,0.585207,0.499702
8802,0.585207,0.499702
8803,0.585207,0.499702
8804,0.556442,0.50633
8805,0.556442,0.50633
8806,0.530716,0.525111
8807,0.525829,0.550032
8808,0.519518,0.562086
8809,0.519518,0.562086
8810,0.519518,0.562086
8811,0.54828,0.523351
8812,0.535251,0.506846
8813,0.538032,0.581174
8814,0.509604,0.575562
8815,0.509604,0.575562
8816,0.505048,0.591082
8817,0.505843,0.534253
8818,0.505843,0.534253
8819,0.452709,0.540992
8820,0.565847,0.541828
8821,0.565847,0.541828
8822,0.503575,0.505997
8823,0.533256,0.490501
8824,0.492601,0.506818
8825,0.518346,0.491233
8826,0.468829,0.517864
8827,0.502529,0.518025
8828,0.502529,0.518025
8829,0.435889,0.530966
8830,0.435889,0.530966
8831,0.37539,0.512427
8832,0.423981,0.45939
8833,0.446069,0.421298
8834,0.404496,0.523075
8835,0.404496,0.523075
8836,0.404496,0.523075
8837,0.457543,0.486242
8838,0.457543,0.486242
8839,0.472415,0.525105
8840,0.418693,0.471585
8841,0.418693,0.471585
8842,0.418693,0.471585
8843,0.423903,0.494112
8844,0.484754,0.509864
8845,0.484754,0.509864
8846,0.371844,0.529051
8847,0.3864,0.538886
8848,0.3864,0.538886
8849,0.345545,0.50483
8850,0.345545,0.50483
8851,0.345545,0.50483
8852,0.348117,0.502495
8853,0.406214,0.527788
8854,0.45124,0.51638
8855,0.46981,0.476958
8856,0.474154,0.534773
8857,0.383148,0.54745
8858,0.397135,0.474481
8859,0.48842,0.544722
8860,0.468362,0.489367
8861,0.477044,0.458556
8862,0.449336,0.401952
8863,0.391539,0.345687
8864,0.467044,0.294457
8865,0.475967,0.264709
8866,0.475967,0.264709
8867,0.475778,0.29016
8868,0.458474,0.337773
8869,0.497765,0.358907
8870,0.444529,0.366314
8871,0.44736,0.404075
8872,0.502091,0.413996
8873,0.488583,0.471386
8874,0.488583,0.471386
8875,0.5039,0.462605
8876,0.486587,0.423599
8877,0.486587,0.423599
8878,0.513432,0.427047
8879,0.487211,0.439632
8880,0.462623,0.415775
8881,0.496829,0.406473
8882,0.48224,0.380518
8883,0.370196,0.403687
8884,0.444941,0.401362
8885,0.444941,0.401362
8886,0.396263,0.355354
8887,0.350382,0.414946
8888,0.36453,0.407625
8889,0.414415,0.353761
8890,0.414415,0.353761
8891,0.378057,0.380939
8892,0.450192,0.333614
8893,0.4717,0.320242
8894,0.519051,0.329277
8895,0.519051,0.329277
8896,0.438498,0.294607
8897,0.410788,0.217072
8898,0.410788,0.217072
8899,0.416385,0.191229
8900,0.443394,0.259855
8901,0.50693,0.224911
8902,0.500583,0.233188
8903,0.500583,0.233188
8904,0.574326,0.191216
8905,0.591743,0.194151
8906,0.594767,0.151286
8907,0.594767,0.151286
8908,0.533767,0.226602
8909,0.529668,0.208377
8910,0.548155,0.221268
8911,0.56426,0.18149
8912,0.648402,0.224907
8913,0.648402,0.224907
8914,0.61667,0.207763
8915,0.624756,0.278836
8916,0.564393,0.274468
8917,0.59951,0.27269
8918,0.60663,0.328894
8919,0.569973,0.270382
8920,0.61445,0.239549
8921,0.602793,0.239624
8922,0.612781,0.259782
8923,0.587109,0.281779
8924,0.596158,0.236919
8925,0.616645,0.224452
8926,0.560867,0.304762
8927,0.594644,0.281875
8928,0.587733,0.323289
8929,0.58199,0.288781
8930,0.619099,0.311946
8931,0.619099,0.311946
8932,0.619099,0.311946
8933,0.601661,0.273463
8934,0.55554,0.296168
8935,0.469022,0.266277
8936,0.48244,0.265869
8937,0.518991,0.246147
8938,0.558671,0.275351
8939,0.558671,0.275351
8940,0.527311,0.191494
8941,0.496973,0.16202
8942,0.499697,0.161089
8943,0.547076,0.144792
8944,0.475372,0.153888
8945,0.459569,0.130216
8946,0.388323,0.119553
8947,0.388323,0.119553
8948,0.375107,0.150605
8949,0.442065,0.209846
8950,0.446859,0.237768
8951,0.479429,0.260295
8952,0.479429,0.260295
8953,0.566159,0.223633
8954,0.529797,0.255119
8955,0.529797,0.255119
8956,0.529797,0.255119
8957,0.585457,0.218429
8958,0.585457,0.218429
8959,0.621404,0.238993
8960,0.656737,0.280422
8961,0.60817,0.227416
8962,0.590492,0.265204
8963,0.590492,0.265204
8964,0.633217,0.30792
8965,0.581758,0.289097
8966,0.581758,0.289097
8967,0.581758,0.289097
8968,0.581758,0.289097
8969,0.650936,0.282937
8970,0.650936,0.282937
8971,0.647172,0.295519
8972,0.64526,0.217013
8973,0.64526,0.217013
8974,0.630019,0.215843
8975,0.630019,0.215843
8976,0.609371,0.237234
8977,0.609371,0.237234
8978,0.609371,0.237234
8979,0.609371,0.237234
8980,0.56098,0.277526
8981,0.56098,0.277526
8982,0.595851,0.288378
8983,0.560368,0.288527
8984,0.559109,0.325782
8985,0.559109,0.325782
8986,0.559109,0.325782
8987,0.550687,0.338092
8988,0.608718,0.238655
8989,0.627807,0.300446
8990,0.627807,0.300446
8991,0.588165,0.319703
8992,0.593702,0.273684
8993,0.573159,0.255569
8994,0.536121,0.305922
8995,0.572289,0.308116
8996,0.572289,0.308116
8997,0.59648,0.316731
8998,0.584736,0.336686
8999,0.637391,0.432508
9000,0.637391,0.432508
9001,0.676234,0.391988
9002,0.654501,0.461122
9003,0.657083,0.480716
9004,0.703609,0.492435
9005,0.703609,0.492435
9006,0.664638,0.460225
9007,0.664638,0.460225
9008,0.646875,0.427882
9009,0.646875,0.427882
9010,0.610323,0.367643
9011,0.587548,0.327161
9012,0.587548,0.327161
9013,0.547466,0.372079
9014,0.659606,0.473277
9015,0.611981,0.423773
9016,0.614644,0.415634
9017,0.614644,0.415634
9018,0.592876,0.465879
9019,0.595586,0.469763
9020,0.604284,0.404329
9021,0.553681,0.380774
9022,0.553681,0.380774
9023,0.554482,0.408859
9024,0.53546,0.455877
9025,0.498434,0.437299
9026,0.485564,0.398839
9027,0.485564,0.398839
9028,0.471913,0.351716
9029,0.539673,0.404327
9030,0.539673,0.404327
9031,0.539673,0.404327
9032,0.522901,0.342052
9033,0.551959,0.348071
9034,0.530195,0.32362
9035,0.530195,0.32362
9036,0.524973,0.306074
9037,0.524973,0.306074
9038,0.500783,0.30386
9039,0.443485,0.309396
9040,0.469603,0.357278
9041,0.469603,0.357278
9042,0.478937,0.374697
9043,0.483581,0.418982
9044,0.424474,0.371655
9045,0.424474,0.371655
9046,0.413192,0.426078
9047,0.402805,0.449328
9048,0.402805,0.449328
9049,0.507968,0.4495
9050,0.452198,0.453012
9051,0.452198,0.453012
9052,0.456655,0.402838
9053,0.503745,0.369044
9054,0.503745,0.369044
9055,0.536458,0.340076
9056,0.494045,0.343483
9057,0.589782,0.310574
9058,0.579177,0.289192
9059,0.501539,0.28998
9060,0.501539,0.28998
9061,0.501539,0.28998
9062,0.501539,0.28998
9063,0.501246,0.248403
9064,0.56166,0.235851
9065,0.56166,0.235851
9066,0.636847,0.220682
9067,0.559949,0.264806
9068,0.560735,0.316194
9069,0.612908,0.297855
9070,0.63389,0.36438
9071,0.63389,0.36438
9072,0.580901,0.32564
9073,0.580091,0.276109
9074,0.580091,0.276109
9075,0.596716,0.261339
9076,0.558739,0.262086
9077,0.516095,0.20593
9078,0.521409,0.242793
9079,0.521409,0.242793
9080,0.521409,0.242793
9081,0.541689,0.214437
9082,0.541689,0.214437
9083,0.541689,0.214437
9084,0.600253,0.2802
9085,0.621651,0.299051
9086,0.615287,0.310817
9087,0.582921,0.36022
9088,0.582921,0.36022
9089,0.582921,0.36022
9090,0.635084,0.351435
9091,0.634192,0.283395
9092,0.665204,0.337628
9093,0.604102,0.444077
9094,0.598931,0.39223
9095,0.608004,0.341623
9096,0.608004,0.341623
9097,0.608004,0.341623
9098,0.608004,0.341623
9099,0.607543,0.388388
9100,0.607543,0.388388
9101,0.607543,0.388388
9102,0.597938,0.425613
9103,0.514984,0.459389
9104,0.514984,0.459389
9105,0.514984,0.459389
9106,0.495746,0.433635
9107,0.495746,0.433635
9108,0.495746,0.433635
9109,0.495746,0.433635
9110,0.495746,0.433635
9111,0.583319,0.419039
9112,0.594844,0.381333
9113,0.60217,0.463738
9114,0.548323,0.47269
9115,0.548587,0.484406
9116,0.497088,0.528823
9117,0.497088,0.528823
9118,0.473395,0.538924
9119,0.536582,0.522992
9120,0.536099,0.454705
9121,0.536099,0.454705
9122,0.536099,0.454705
9123,0.497436,0.483772
9124,0.497436,0.483772
9125,0.497436,0.483772
9126,0.497436,0.483772
9127,0.490994,0.527461
9128,0.525774,0.602756
9129,0.500367,0.621129
9130,0.47627,0.646908
9131,0.47627,0.646908
9132,0.47627,0.646908
9133,0.494285,0.592253
9134,0.502913,0.521877
9135,0.483557,0.538226
9136,0.46322,0.495805
9137,0.481593,0.441912
9138,0.464644,0.420563
9139,0.464644,0.420563
9140,0.511315,0.426906
9141,0.511315,0.426906
9142,0.481437,0.428405
9143,0.563208,0.417237
9144,0.543812,0.434653
9145,0.57644,0.293753
9146,0.627561,0.29513
9147,0.627561,0.29513
9148,0.606054,0.301707
9149,0.593055,0.359703
9150,0.565362,0.371552
9151,0.654297,0.304673
9152,0.654297,0.304673
9153,0.55067,0.324691
9154,0.559598,0.319636
9155,0.578915,0.376336
9156,0.613155,0.315723
9157,0.613155,0.315723
9158,0.595376,0.357634
9159,0.595376,0.357634
9160,0.615621,0.379103
9161,0.569163,0.412248
9162,0.585774,0.478776
9163,0.5726,0.495818
9164,0.572034,0.466284
9165,0.58785,0.502546
9166,0.579422,0.532794
9167,0.55322,0.541957
9168,0.584451,0.574816
9169,0.594362,0.490589
9170,0.584351,0.475619
9171,0.61478,0.487126
9172,0.61478,0.487126
9173,0.549002,0.407698
9174,0.591529,0.35584
9175,0.591529,0.35584
9176,0.591529,0.35584
9177,0.598116,0.412937
9178,0.562479,0.389455
9179,0.561819,0.427162
9180,0.571963,0.410875
9181,0.592502,0.363581
9182,0.559963,0.365641
9183,0.499849,0.386004
9184,0.499849,0.386004
9185,0.52593,0.42107
9186,0.525879,0.480406
9187,0.433017,0.433857
9188,0.53142,0.467063
9189,0.53142,0.467063
9190,0.563426,0.473771
9191,0.563426,0.473771
9192,0.50239,0.419641
9193,0.501133,0.450885
9194,0.512436,0.481797
9195,0.512436,0.481797
9196,0.517403,0.465928
9197,0.543415,0.429535
9198,0.47476,0.412407
9199,0.47476,0.412407
9200,0.490351,0.429424
9201,0.476356,0.429665
9202,0.47556,0.42566
9203,0.479166,0.40168
9204,0.388607,0.429525
9205,0.391372,0.38411
9206,0.391372,0.38411
9207,0.437828,0.375123
9208,0.437828,0.375123
9209,0.428187,0.403593
9210,0.409307,0.403783
9211,0.435121,0.381999
9212,0.410858,0.350326
9213,0.473492,0.420939
9214,0.482764,0.360571
9215,0.529799,0.449924
9216,0.529799,0.449924
9217,0.529799,0.449924
9218,0.482997,0.40499
9219,0.503372,0.339152
9220,0.503668,0.368516
9221,0.492209,0.364762
9222,0.452365,0.28435
9223,0.42818,0.309091
9224,0.437431,0.249253
9225,0.437431,0.249253
9226,0.364039,0.198056
9227,0.309876,0.199809
9228,0.309876,0.199809
9229,0.309876,0.199809
9230,0.285033,0.223937
9231,0.335793,0.221954
9232,0.428365,0.205225
9233,0.428365,0.205225
9234,0.433501,0.148224
9235,0.523454,0.155979
9236,0.552016,0.153731
9237,0.516876,0.140162
9238,0.545955,0.148243
9239,0.503497,0.20343
9240,0.503497,0.20343
9241,0.474257,0.217768
9242,0.522838,0.220997
9243,0.574289,0.192773
9244,0.583728,0.250341
9245,0.579704,0.216392
9246,0.549328,0.161111
9247,0.549328,0.161111
9248,0.549328,0.161111
9249,0.526081,0.0605224
9250,0.526081,0.0605224
9251,0.462217,0.0360734
9252,0.465983,0.0824918
9253,0.392968,0.0642651
9254,0.460945,0.154547
9255,0.460945,0.154547
9256,0.450694,0.12627
9257,0.450694,0.12627
9258,0.450694,0.12627
9259,0.433667,0.0884914
9260,0.390036,0.144678
9261,0.362576,0.197324
9262,0.337207,0.242433
9263,0.28616,0.245129
9264,0.309911,0.216414
9265,0.317522,0.140497
9266,0.327996,0.128193
9267,0.327996,0.128193
9268,0.268737,0.146244
9269,0.268737,0.146244
9270,0.268737,0.146244
9271,0.337325,0.115571
9272,0.337325,0.115571
9273,0.353338,0.0373091
9274,0.353338,0.0373091
9275,0.320501,0.0645805
9276,0.394102,0.0776281
9277,0.394102,0.0776281
9278,0.374495,0.0414534
9279,0.364547,0.0349592
9280,0.36172,0.0233359
9281,0.372296,0.0429218
9282,0.242616,0.0158639
9283,0.179299,0.0425552
9284,0.179299,0.0425552
9285,0.221404,0.0482238
9286,0.209532,0.0867386
9287,0.315192,0.114505
9288,0.326379,0.1226
9289,0.326379,0.1226
9290,0.298844,0.101517
9291,0.325207,0.059754
9292,0.315336,0.0405893
9293,0.418414,0.115137
9294,0.448524,0.15064
9295,0.495479,0.16149
9296,0.519114,0.187928
9297,0.527884,0.196254
9298,0.527884,0.196254
9299,0.527884,0.196254
9300,0.500553,0.183548
9301,0.500553,0.183548
9302,0.513089,0.199506
9303,0.506388,0.275729
9304,0.529944,0.23
9305,0.553362,0.223202
9306,0.559648,0.244792
9307,0.530527,0.226179
9308,0.530573,0.171506
9309,0.530573,0.171506
9310,0.530573,0.171506
9311,0.575993,0.159478
9312,0.562196,0.204789
9313,0.506086,0.15627
9314,0.535375,0.222792
9315,0.535375,0.222792
9316,0.537339,0.204792
9317,0.576704,0.193778
9318,0.573705,0.189418
9319,0.573705,0.189418
9320,0.564993,0.203918
9321,0.620923,0.136641
9322,0.620923,0.136641
9323,0.550156,0.202796
9324,0.551292,0.203574
9325,0.551292,0.203574
9326,0.551292,0.203574
9327,0.586255,0.256234
9328,0.587264,0.273846
9329,0.587264,0.273846
9330,0.526582,0.227704
9331,0.526582,0.227704
9332,0.541415,0.239452
9333,0.480763,0.162181
9334,0.457232,0.181596
9335,0.474001,0.14999
9336,0.493279,0.197295
9337,0.493279,0.197295
9338,0.418332,0.141642
9339,0.500057,0.186365
9340,0.592475,0.22437
9341,0.59974,0.128946
9342,0.542656,0.0447612
9343,0.542656,0.0447612
9344,0.571958,0.106019
9345,0.571958,0.106019
9346,0.532676,0.140181
9347,0.560034,0.247289
9348,0.529761,0.210383
9349,0.529761,0.210383
9350,0.598081,0.190078
9351,0.642915,0.19578
9352,0.62121,0.159528
9353,0.585559,0.163658
9354,0.599736,0.119604
9355,0.511485,0.129329
9356,0.471895,0.165825
9357,0.471895,0.165825
9358,0.501478,0.28917
9359,0.501478,0.28917
9360,0.434673,0.351757
9361,0.483591,0.298178
9362,0.413178,0.35059
9363,0.398283,0.326318
9364,0.478381,0.375049
9365,0.392062,0.299319
9366,0.464233,0.289718
9367,0.466921,0.331561
9368,0.466921,0.331561
9369,0.407179,0.269764
9370,0.489615,0.272585
9371,0.41387,0.273892
9372,0.386347,0.267632
9373,0.386347,0.267632
9374,0.46905,0.289711
9375,0.444025,0.362704
9376,0.465955,0.406379
9377,0.414927,0.371635
9378,0.414927,0.371635
9379,0.361823,0.282492
9380,0.369332,0.277319
9381,0.369332,0.277319
9382,0.359672,0.310595
9383,0.381811,0.267766
9384,0.330133,0.301278
9385,0.41192,0.307155
9386,0.437569,0.243847
9387,0.437569,0.243847
9388,0.42123,0.285845
9389,0.404264,0.298149
9390,0.47272,0.251774
9391,0.501768,0.213307
9392,0.501768,0.213307
9393,0.478586,0.154793
9394,0.439764,0.144246
9395,0.426141,0.248147
9396,0.37211,0.173999
9397,0.436487,0.124806
9398,0.436487,0.124806
9399,0.472736,0.160617
9400,0.449814,0.114767
9401,0.448177,0.127272
9402,0.465202,0.20366
9403,0.459591,0.160711
9404,0.489971,0.152564
9405,0.489971,0.152564
9406,0.472132,0.0886197
9407,0.472132,0.0886197
9408,0.472132,0.0886197
9409,0.477374,0.240902
9410,0.400215,0.287494
9411,0.365547,0.310529
9412,0.346906,0.287018
9413,0.401494,0.289241
9414,0.372512,0.305792
9415,0.396246,0.237588
9416,0.410763,0.214827
9417,0.415626,0.208227
9418,0.434583,0.199173
9419,0.477308,0.156544
9420,0.497696,0.231787
9421,0.497696,0.231787
9422,0.499813,0.173997
9423,0.541426,0.239027
9424,0.541426,0.239027
9425,0.595204,0.225435
9426,0.595204,0.225435
9427,0.603393,0.244659
9428,0.603393,0.244659
9429,0.639532,0.258115
9430,0.593832,0.225072
9431,0.622982,0.213027
9432,0.590952,0.228051
9433,0.632484,0.160575
9434,0.632484,0.160575
9435,0.625834,0.120842
9436,0.636156,0.166951
9437,0.556556,0.105976
9438,0.556556,0.105976
9439,0.556556,0.105976
9440,0.583355,0.162709
9441,0.583355,0.162709
9442,0.588242,0.195725
9443,0.633706,0.229846
9444,0.612147,0.239317
9445,0.612147,0.239317
9446,0.603448,0.297693
9447,0.603448,0.297693
9448,0.603448,0.297693
9449,0.557759,0.343081
9450,0.630589,0.27634
9451,0.631619,0.335157
9452,0.65096,0.28634
9453,0.630673,0.224306
9454,0.630673,0.224306
9455,0.630673,0.224306
9456,0.634977,0.20763
9457,0.634977,0.20763
9458,0.634977,0.20763
9459,0.609711,0.210788
9460,0.632906,0.179848
9461,0.632906,0.179848
9462,0.632906,0.179848
9463,0.603255,0.243565
9464,0.608578,0.262214
9465,0.570865,0.224857
9466,0.570865,0.224857
9467,0.570865,0.224857
9468,0.519909,0.249035
9469,0.519909,0.249035
9470,0.519909,0.249035
9471,0.50948,0.214239
9472,0.525809,0.252585
9473,0.525809,0.252585
9474,0.532608,0.243277
9475,0.534825,0.252022
9476,0.534825,0.252022
9477,0.585656,0.231919
9478,0.619827,0.265576
9479,0.619827,0.265576
9480,0.570924,0.186341
9481,0.570924,0.186341
9482,0.540387,0.21745
9483,0.542704,0.225788
9484,0.521268,0.227073
9485,0.46448,0.277995
9486,0.46448,0.277995
9487,0.441533,0.273538
9488,0.445826,0.263294
9489,0.445826,0.263294
9490,0.429586,0.411014
9491,0.530865,0.397311
9492,0.530865,0.397311
9493,0.545777,0.349454
9494,0.545777,0.349454
9495,0.547289,0.405026
9496,0.587367,0.427672
9497,0.554822,0.450265
9498,0.538695,0.407618
9499,0.538219,0.406055
9500,0.48957,0.386561
9501,0.489679,0.328685
9502,0.418549,0.284397
9503,0.418549,0.284397
9504,0.428951,0.291989
9505,0.428248,0.264674
9506,0.323924,0.225304
9507,0.323924,0.225304
9508,0.354357,0.170763
9509,0.30838,0.137109
9510,0.337811,0.0717653
9511,0.311773,0.0889104
9512,0.311773,0.0889104
9513,0.290929,0.0185023
9514,0.304574,0.0948512
9515,0.298694,0.0654967
9516,0.273334,0.065036
9517,0.273334,0.065036
9518,0.266354,0.0561334
9519,0.266354,0.0561334
9520,0.315394,0.0372975
9521,0.370753,0.0464094
9522,0.370753,0.0464094
9523,0.370753,0.0464094
9524,0.439204,0.0697226
9525,0.501651,0.135793
9526,0.541496,0.0941017
9527,0.521482,0.101273
9528,0.543225,0.102275
9529,0.543225,0.102275
9530,0.543225,0.102275
9531,0.486766,0.154996
9532,0.486766,0.154996
9533,0.496102,0.196444
9534,0.529414,0.10511
9535,0.529414,0.10511
9536,0.561289,0.176037
9537,0.561289,0.176037
9538,0.561289,0.176037
9539,0.557888,0.162391
9540,0.589113,0.147298
9541,0.553649,0.247296
9542,0.613075,0.327898
9543,0.604691,0.256221
9544,0.603726,0.296986
9545,0.605206,0.290368
9546,0.588059,0.259147
9547,0.535998,0.338429
9548,0.55273,0.263359
9549,0.55273,0.263359
9550,0.561233,0.273378
9551,0.503291,0.211812
9552,0.459846,0.19156
9553,0.441428,0.1572
9554,0.441428,0.1572
9555,0.441428,0.1572
9556,0.451562,0.217795
9557,0.428362,0.242802
9558,0.395065,0.262658
9559,0.395065,0.262658
9560,0.395065,0.262658
9561,0.382645,0.246957
9562,0.382645,0.246957
9563,0.407519,0.213241
9564,0.45525,0.238826
9565,0.454495,0.202832
9566,0.395142,0.210547
9567,0.395142,0.210547
9568,0.34015,0.145262
9569,0.349636,0.21889
9570,0.355621,0.196954
9571,0.365607,0.209756
9572,0.365616,0.237038
9573,0.36876,0.2799
9574,0.36876,0.2799
9575,0.343008,0.234481
9576,0.370572,0.205029
9577,0.331405,0.170508
9578,0.405459,0.143383
9579,0.405459,0.143383
9580,0.424663,0.171788
9581,0.475016,0.153813
9582,0.520033,0.1485
9583,0.544251,0.0604586
9584,0.521995,0.0203087
9585,0.512025,0.0563237
9586,0.541264,0.0231889
9587,0.541264,0.0231889
9588,0.541264,0.0231889
9589,0.541264,0.0231889
9590,0.548654,0.100252
9591,0.506535,0.145688
9592,0.483063,0.16437
9593,0.515252,0.162981
9594,0.515742,0.127993
9595,0.537296,0.192442
9596,0.496981,0.238084
9597,0.554542,0.30079
9598,0.572981,0.218169
9599,0.497243,0.215001
9600,0.574413,0.195201
9601,0.54986,0.14873
9602,0.533015,0.243367
9603,0.506464,0.31761
9604,0.506464,0.31761
9605,0.560649,0.226662
9606,0.579781,0.18847
9607,0.579781,0.18847
9608,0.526128,0.212346
9609,0.526128,0.212346
9610,0.502983,0.214148
9611,0.555501,0.268898
9612,0.516652,0.264558
9613,0.484841,0.245265
9614,0.535968,0.276151
9615,0.535968,0.276151
9616,0.520741,0.243716
9617,0.520741,0.243716
9618,0.470171,0.222541
9619,0.470171,0.222541
9620,0.474982,0.265792
9621,0.523553,0.246836
9622,0.494736,0.33008
9623,0.494736,0.33008
9624,0.541668,0.326827
9625,0.608843,0.378264
9626,0.608843,0.378264
9627,0.585785,0.338313
9628,0.532328,0.344604
9629,0.528433,0.329805
9630,0.523153,0.282265
9631,0.526899,0.356888
9632,0.526899,0.356888
9633,0.439434,0.411953
9634,0.411195,0.379683
9635,0.397523,0.422555
9636,0.397523,0.422555
9637,0.314849,0.400065
9638,0.366068,0.422732
9639,0.437813,0.407606
9640,0.501439,0.403488
9641,0.536773,0.416935
9642,0.499045,0.340198
9643,0.499045,0.340198
9644,0.504327,0.311596
9645,0.406798,0.240907
9646,0.406798,0.240907
9647,0.440889,0.307714
9648,0.440889,0.307714
9649,0.454251,0.302478
9650,0.449428,0.198469
9651,0.474214,0.212987
9652,0.500003,0.219612
9653,0.519484,0.243869
9654,0.48163,0.257655
9655,0.517916,0.320901
9656,0.517916,0.320901
9657,0.517916,0.320901
9658,0.574903,0.32
9659,0.606976,0.354055
9660,0.583976,0.360797
9661,0.639291,0.366848
9662,0.684766,0.469469
9663,0.684766,0.469469
9664,0.684766,0.469469
9665,0.666223,0.385807
9666,0.628482,0.480718
9667,0.628275,0.50038
9668,0.608824,0.516207
9669,0.595094,0.499114
9670,0.587579,0.473527
9671,0.605308,0.570418
9672,0.518733,0.564418
9673,0.543955,0.564967
9674,0.455727,0.588498
9675,0.592081,0.55988
9676,0.485851,0.597534
9677,0.485851,0.597534
9678,0.483864,0.5456
9679,0.483864,0.5456
9680,0.526531,0.585105
9681,0.526531,0.585105
9682,0.498347,0.546399
9683,0.498347,0.546399
9684,0.475014,0.522859
9685,0.495925,0.513693
9686,0.495925,0.513693
9687,0.44633,0.538948
9688,0.469745,0.595419
9689,0.499991,0.605876
9690,0.489974,0.603194
9691,0.49549,0.579765
9692,0.556408,0.58243
9693,0.570402,0.609839
9694,0.570402,0.609839
9695,0.538622,0.645699
9696,0.488558,0.559978
9697,0.488558,0.559978
9698,0.485326,0.50736
9699,0.513809,0.436978
9700,0.470484,0.440533
9701,0.470484,0.440533
9702,0.510733,0.433734
9703,0.444465,0.381478
9704,0.561378,0.438484
9705,0.508985,0.347296
9706,0.553163,0.294696
9707,0.552816,0.334418
9708,0.496971,0.349364
9709,0.488738,0.247209
9710,0.46617,0.334347
9711,0.46617,0.334347
9712,0.487544,0.324973
9713,0.485455,0.348014
9714,0.485455,0.348014
9715,0.518395,0.459918
9716,0.518395,0.459918
9717,0.415296,0.504685
9718,0.515857,0.53893
9719,0.520207,0.511976
9720,0.520207,0.511976
9721,0.51078,0.50574
9722,0.575926,0.464478
9723,0.494104,0.448557
9724,0.494104,0.448557
9725,0.547416,0.44555
9726,0.547416,0.44555
9727,0.547416,0.44555
9728,0.547416,0.44555
9729,0.547416,0.44555
9730,0.530272,0.481797
9731,0.555602,0.499928
9732,0.555602,0.499928
9733,0.555602,0.499928
9734,0.555602,0.499928
9735,0.555602,0.499928
9736,0.539291,0.496317
9737,0.504268,0.564309
9738,0.469293,0.492201
9739,0.462341,0.537619
9740,0.40203,0.535997
9741,0.437934,0.481934
9742,0.479478,0.439604
9743,0.479478,0.439604
9744,0.479478,0.439604
9745,0.407463,0.448532
9746,0.443892,0.520326
9747,0.479022,0.531954
9748,0.42833,0.485776
9749,0.420697,0.418886
9750,0.420697,0.418886
9751,0.420697,0.418886
9752,0.452434,0.470651
9753,0.452434,0.470651
9754,0.452434,0.470651
9755,0.452434,0.470651
9756,0.452434,0.470651
9757,0.417193,0.4498
9758,0.417193,0.4498
9759,0.389888,0.499515
9760,0.37729,0.659703
9761,0.37729,0.659703
9762,0.399253,0.552258
9763,0.389974,0.555577
9764,0.389974,0.555577
9765,0.3948,0.54168
9766,0.357263,0.519109
9767,0.292424,0.521888
9768,0.292424,0.521888
9769,0.365101,0.500427
9770,0.365101,0.500427
9771,0.360606,0.537102
9772,0.37587,0.585212
9773,0.37587,0.585212
9774,0.37587,0.585212
9775,0.378538,0.641869
9776,0.376682,0.588472
9777,0.376682,0.588472
9778,0.376682,0.588472
9779,0.340947,0.630926
9780,0.329418,0.584662
9781,0.375562,0.629357
9782,0.424866,0.613597
9783,0.391402,0.597117
9784,0.391402,0.597117
9785,0.391402,0.597117
9786,0.390612,0.568959
9787,0.390612,0.568959
9788,0.483369,0.51227
9789,0.487356,0.445726
9790,0.54022,0.379424
9791,0.54022,0.379424
9792,0.508529,0.371009
9793,0.547659,0.439478
9794,0.547659,0.439478
9795,0.547659,0.439478
9796,0.547659,0.439478
9797,0.547659,0.439478
9798,0.547659,0.439478
9799,0.577996,0.439276
9800,0.577996,0.439276
9801,0.494515,0.405631
9802,0.494515,0.405631
9803,0.542821,0.420365
9804,0.49877,0.474133
9805,0.522884,0.499992
9806,0.58916,0.359108
9807,0.58916,0.359108
9808,0.623601,0.457362
9809,0.626386,0.318227
9810,0.561339,0.363153
9811,0.561339,0.363153
9812,0.561339,0.363153
9813,0.520705,0.417624
9814,0.483387,0.424644
9815,0.438904,0.354908
9816,0.438904,0.354908
9817,0.438904,0.354908
9818,0.498103,0.409159
9819,0.474574,0.408137
9820,0.582226,0.391237
9821,0.481657,0.418145
9822,0.481657,0.418145
9823,0.486399,0.40873
9824,0.494559,0.368833
9825,0.494576,0.369069
9826,0.494576,0.369069
9827,0.434996,0.378501
9828,0.497645,0.266584
9829,0.540571,0.237508
9830,0.548605,0.211518
9831,0.567144,0.222086
9832,0.546858,0.195297
9833,0.556158,0.237807
9834,0.556158,0.237807
9835,0.586074,0.182227
9836,0.567247,0.22234
9837,0.537626,0.211537
9838,0.57469,0.213042
9839,0.57469,0.213042
9840,0.577675,0.277308
9841,0.592739,0.310862
9842,0.620161,0.277328
9843,0.620161,0.277328
9844,0.622803,0.200688
9845,0.622803,0.200688
9846,0.633897,0.224611
9847,0.641858,0.244098
9848,0.641858,0.244098
9849,0.548789,0.248881
9850,0.525618,0.248158
9851,0.525618,0.248158
9852,0.481165,0.270639
9853,0.524385,0.328221
9854,0.470282,0.296313
9855,0.410947,0.360631
9856,0.39708,0.352443
9857,0.40308,0.309727
9858,0.40308,0.309727
9859,0.420306,0.257594
9860,0.45683,0.245501
9861,0.445431,0.173992
9862,0.445431,0.173992
9863,0.385445,0.218529
9864,0.385445,0.218529
9865,0.35472,0.241959
9866,0.320205,0.333853
9867,0.329056,0.317936
9868,0.295581,0.298439
9869,0.261438,0.335082
9870,0.266436,0.325038
9871,0.273671,0.393188
9872,0.261421,0.359289
9873,0.276759,0.402565
9874,0.272973,0.352935
9875,0.22575,0.354505
9876,0.241417,0.278503
9877,0.241417,0.278503
9878,0.288661,0.279578
9879,0.262692,0.310305
9880,0.297879,0.349918
9881,0.281729,0.349519
9882,0.281729,0.349519
9883,0.321279,0.311369
9884,0.321279,0.311369
9885,0.321279,0.311369
9886,0.321279,0.311369
9887,0.321279,0.311369
9888,0.316467,0.397539
9889,0.381076,0.379921
9890,0.446292,0.329914
9891,0.420508,0.391396
9892,0.451021,0.437531
9893,0.463715,0.392222
9894,0.463715,0.392222
9895,0.463715,0.392222
9896,0.418817,0.47397
9897,0.453817,0.478251
9898,0.458272,0.509613
9899,0.436544,0.533005
9900,0.434715,0.566499
9901,0.467564,0.58745
9902,0.414766,0.600366
9903,0.444354,0.601109
9904,0.444354,0.601109
9905,0.399152,0.627683
9906,0.346777,0.635181
9907,0.346777,0.635181
9908,0.391081,0.619694
9909,0.367539,0.663301
9910,0.34141,0.656308
9911,0.333159,0.594733
9912,0.298222,0.591912
9913,0.30828,0.494794
9914,0.30828,0.494794
9915,0.315345,0.513194
9916,0.315345,0.513194
9917,0.282939,0.484089
9918,0.293063,0.459428
9919,0.351384,0.480215
9920,0.351384,0.480215
9921,0.292766,0.49674
9922,0.404938,0.510708
9923,0.420667,0.556754
9924,0.476025,0.620543
9925,0.389398,0.616303
9926,0.389398,0.616303
9927,0.440895,0.571057
9928,0.395152,0.573019
9929,0.350598,0.592123
9930,0.350598,0.592123
9931,0.373749,0.558495
9932,0.425626,0.502158
9933,0.401719,0.495024
9934,0.336747,0.475909
9935,0.336747,0.475909
9936,0.38477,0.572106
9937,0.38477,0.572106
9938,0.38477,0.572106
9939,0.35527,0.549169
9940,0.507933,0.57431
9941,0.427316,0.572229
9942,0.427316,0.572229
9943,0.414018,0.485205
9944,0.487416,0.415335
9945,0.422767,0.369436
9946,0.530955,0.370195
9947,0.510278,0.333019
9948,0.571657,0.323541
9949,0.515773,0.299778
9950,0.515773,0.299778
9951,0.515773,0.299778
9952,0.506872,0.264816
9953,0.45873,0.365005
9954,0.457889,0.351087
9955,0.48136,0.338653
9956,0.48136,0.338653
9957,0.48136,0.338653
9958,0.509715,0.314297
9959,0.509715,0.314297
9960,0.500479,0.30841
9961,0.500479,0.30841
9962,0.452318,0.317472
9963,0.452318,0.317472
9964,0.452318,0.317472
9965,0.52606,0.294689
9966,0.560605,0.290653
9967,0.522642,0.298663
9968,0.541153,0.282612
9969,0.550764,0.317715
9970,0.550764,0.317715
9971,0.572324,0.319637
9972,0.628515,0.40821
9973,0.577613,0.330678
9974,0.634399,0.350912
9975,0.634399,0.350912
9976,0.60678,0.390981
9977,0.603322,0.378128
9978,0.612542,0.325615
9979,0.580944,0.322466
9980,0.538834,0.326469
9981,0.538834,0.326469
9982,0.508903,0.347715
9983,0.513649,0.382688
9984,0.482386,0.356141
9985,0.501069,0.421434
9986,0.606166,0.402829
9987,0.631847,0.415157
9988,0.572042,0.447698
9989,0.622609,0.380238
9990,0.534375,0.425623
9991,0.594915,0.438116
9992,0.594915,0.438116
9993,0.597831,0.421876
9994,0.533503,0.376551
9995,0.507147,0.38128
9996,0.477708,0.418741
9997,0.4548,0.415205
9998,0.503217,0.392286
9999,0.450964,0.392994
10000,0.450964,0.392994
