T,G,F
1,0.02313,0.03172
2,0.01627,0.02772
3,0.01587,0.02736
4,0.01587,0.0274
5,0.01586,0.0274
6,0.01584,0.02742
7,0.01583,0.02737
8,0.01592,0.02743
9,0.01589,0.02737
10,0.01591,0.02731
11,0.0159,0.02716
12,0.01597,0.02725
13,0.01596,0.02727
14,0.01601,0.02727
15,0.01592,0.0272
16,0.01599,0.02726
17,0.01601,0.02718
18,0.01598,0.0272
19,0.01598,0.02719
20,0.01597,0.02718
21,0.01593,0.02714
22,0.01599,0.02716
23,0.01592,0.02715
24,0.01595,0.02717
25,0.01598,0.02711
26,0.01604,0.02707
27,0.01599,0.02706
28,0.01603,0.02712
29,0.01601,0.02708
30,0.01598,0.02707
31,0.01609,0.02709
32,0.01605,0.02704
33,0.01606,0.02708
34,0.01602,0.02705
35,0.01604,0.02698
36,0.01604,0.02701
37,0.0161,0.02703
38,0.01607,0.02699
39,0.01601,0.027
40,0.01606,0.02698
41,0.01611,0.02684
42,0.01606,0.02683
43,0.01613,0.02688
44,0.01621,0.02684
45,0.01616,0.02688
46,0.01619,0.02675
47,0.01621,0.02673
48,0.01628,0.02669
49,0.01623,0.0267
50,0.01628,0.02659
51,0.01629,0.02666
52,0.01623,0.0267
53,0.01624,0.02667
54,0.01624,0.02657
55,0.01637,0.02661
56,0.01635,0.02661
57,0.01634,0.02657
58,0.0163,0.02659
59,0.01638,0.02658
60,0.01638,0.02645
61,0.01637,0.0264
62,0.01644,0.0264
63,0.01652,0.02643
64,0.01638,0.02641
65,0.01646,0.02639
66,0.01645,0.02639
67,0.01647,0.0264
68,0.01637,0.0263
69,0.01645,0.02639
70,0.01642,0.02632
71,0.01644,0.02631
72,0.01645,0.02637
73,0.01645,0.0263
74,0.01642,0.02626
75,0.01648,0.02623
76,0.01649,0.02627
77,0.01649,0.02625
78,0.01651,0.02624
79,0.01653,0.02625
80,0.01645,0.02623
81,0.01651,0.02619
82,0.01649,0.02623
83,0.01653,0.02615
84,0.01655,0.02613
85,0.01655,0.02604
86,0.01662,0.026
87,0.01659,0.02604
88,0.01659,0.02606
89,0.01656,0.02602
90,0.01663,0.02606
91,0.0166,0.02605
92,0.0166,0.02601
93,0.01661,0.02592
94,0.01667,0.02595
95,0.0167,0.02587
96,0.01668,0.02589
97,0.01673,0.02589
98,0.01679,0.02587
99,0.0167,0.02587
100,0.01675,0.02589
101,0.01674,0.0259
102,0.01673,0.02589
103,0.01678,0.02593
104,0.01672,0.02589
105,0.01678,0.02587
106,0.0167,0.02589
107,0.0167,0.02588
108,0.01672,0.02578
109,0.01682,0.02583
110,0.01672,0.02575
111,0.01682,0.02577
112,0.0168,0.02574
113,0.01676,0.02574
114,0.0168,0.02574
115,0.01679,0.02573
116,0.01678,0.02572
117,0.01678,0.02571
118,0.0168,0.02574
119,0.01679,0.0257
120,0.01679,0.02565
121,0.01686,0.02563
122,0.01685,0.02566
123,0.01681,0.02566
124,0.01689,0.0256
125,0.0168,0.02557
126,0.01681,0.02558
127,0.01684,0.02559
128,0.01691,0.02555
129,0.01684,0.02553
130,0.0169,0.0255
131,0.01686,0.02549
132,0.01688,0.02551
133,0.01697,0.02548
134,0.01707,0.02533
135,0.01699,0.02533
136,0.01698,0.02534
137,0.01702,0.0253
138,0.01707,0.02526
139,0.01708,0.02524
140,0.01703,0.02534
141,0.01699,0.0253
142,0.01704,0.02534
143,0.017,0.0253
144,0.01708,0.02535
145,0.01697,0.02529
146,0.01699,0.02539
147,0.01697,0.02531
148,0.01707,0.02533
149,0.01702,0.02537
150,0.01705,0.02535
151,0.01702,0.02532
152,0.01708,0.02534
153,0.01701,0.02536
154,0.01708,0.02532
155,0.01698,0.0253
156,0.017,0.02532
157,0.01708,0.02534
158,0.01707,0.02532
159,0.01711,0.0252
160,0.01707,0.0252
161,0.01708,0.02519
162,0.01714,0.02521
163,0.01712,0.02509
164,0.01713,0.02514
165,0.0172,0.02509
166,0.01715,0.0251
167,0.01718,0.02509
168,0.01718,0.02505
169,0.0172,0.0251
170,0.0172,0.02498
171,0.01728,0.02504
172,0.01723,0.02501
173,0.01727,0.02494
174,0.01726,0.02491
175,0.01723,0.02496
176,0.01723,0.02493
177,0.01727,0.02498
178,0.0173,0.02482
179,0.0173,0.02491
180,0.01729,0.02488
181,0.01729,0.0249
182,0.0174,0.02488
183,0.01736,0.02488
184,0.01728,0.02487
185,0.01728,0.02494
186,0.01725,0.02494
187,0.01725,0.02492
188,0.01723,0.02496
189,0.01723,0.02493
190,0.01728,0.0249
191,0.01725,0.02491
192,0.0173,0.02495
193,0.01732,0.02494
194,0.01735,0.02483
195,0.01735,0.02478
196,0.01734,0.02478
197,0.01731,0.02485
198,0.01731,0.02474
199,0.01741,0.02472
200,0.01742,0.0247
201,0.01738,0.02475
202,0.01738,0.02478
203,0.0174,0.0247
204,0.01741,0.02472
205,0.01745,0.02459
206,0.01742,0.02456
207,0.0175,0.0246
208,0.01741,0.02464
209,0.01748,0.02458
210,0.01746,0.02459
211,0.01744,0.0245
212,0.01753,0.02456
213,0.01754,0.02454
214,0.01753,0.02451
215,0.01749,0.02452
216,0.0175,0.02452
217,0.01755,0.02454
218,0.01758,0.02454
219,0.01749,0.02453
220,0.01752,0.0245
221,0.01754,0.02447
222,0.0176,0.02437
223,0.01761,0.02437
224,0.01757,0.02435
225,0.01759,0.02435
226,0.01758,0.02435
227,0.01758,0.02434
228,0.01759,0.02432
229,0.01762,0.02439
230,0.01767,0.02425
231,0.01768,0.02422
232,0.01775,0.0242
233,0.01769,0.02416
234,0.01772,0.02416
235,0.01775,0.02411
236,0.01779,0.02412
237,0.01775,0.02407
238,0.01778,0.02405
239,0.01781,0.024
240,0.01784,0.02398
241,0.01778,0.02401
242,0.01791,0.02398
243,0.01787,0.02391
244,0.01791,0.0239
245,0.01786,0.02389
246,0.01793,0.02395
247,0.01793,0.0239
248,0.01785,0.02392
249,0.01794,0.02391
250,0.01794,0.02382
251,0.01794,0.02381
252,0.01791,0.02385
253,0.01791,0.02385
254,0.01795,0.02381
255,0.01798,0.02379
256,0.01805,0.02379
257,0.01803,0.02371
258,0.01805,0.02363
259,0.01808,0.02365
260,0.0181,0.02359
261,0.01808,0.02356
262,0.01811,0.02359
263,0.01814,0.02355
264,0.01818,0.02352
265,0.01816,0.02351
266,0.0182,0.02358
267,0.01815,0.02357
268,0.01812,0.02355
269,0.01816,0.02349
270,0.01813,0.02349
271,0.01813,0.02351
272,0.01818,0.02347
273,0.01816,0.0234
274,0.01828,0.02346
275,0.01828,0.02337
276,0.01827,0.02338
277,0.01831,0.02334
278,0.01833,0.02327
279,0.01833,0.02324
280,0.01835,0.02322
281,0.01831,0.02322
282,0.01833,0.02321
283,0.01834,0.02322
284,0.01837,0.02325
285,0.01836,0.02316
286,0.01839,0.02323
287,0.0184,0.02316
288,0.01843,0.02315
289,0.01846,0.02321
290,0.01845,0.02309
291,0.01846,0.02309
292,0.0185,0.02305
293,0.01848,0.02304
294,0.01851,0.02304
295,0.01845,0.02311
296,0.01847,0.02315
297,0.01848,0.02304
298,0.01847,0.02305
299,0.01851,0.02308
300,0.01845,0.02306
301,0.01844,0.02307
302,0.01844,0.02311
303,0.01855,0.02312
304,0.01849,0.0231
305,0.01847,0.02303
306,0.01846,0.02301
307,0.01849,0.02301
308,0.01847,0.02306
309,0.01846,0.02306
310,0.01849,0.02302
311,0.01848,0.02301
312,0.01851,0.02307
313,0.0185,0.02299
314,0.01847,0.02298
315,0.01857,0.02302
316,0.01859,0.02294
317,0.01859,0.0229
318,0.01861,0.02285
319,0.01863,0.02282
320,0.01871,0.02277
321,0.01868,0.02269
322,0.01869,0.0227
323,0.01874,0.02269
324,0.01877,0.02262
325,0.01875,0.02264
326,0.01882,0.02265
327,0.01874,0.02268
328,0.01875,0.02267
329,0.01877,0.02263
330,0.01879,0.02267
331,0.01881,0.02262
332,0.01885,0.02258
333,0.01878,0.0226
334,0.0188,0.02261
335,0.01889,0.0226
336,0.01891,0.02264
337,0.01887,0.02258
338,0.01885,0.02258
339,0.01881,0.02259
340,0.0188,0.02255
341,0.01882,0.02254
342,0.01879,0.02262
343,0.01879,0.02266
344,0.01884,0.02257
345,0.01889,0.02253
346,0.01886,0.0225
347,0.01898,0.02248
348,0.01894,0.02238
349,0.01899,0.02241
350,0.01908,0.02234
351,0.01913,0.02231
352,0.01906,0.02229
353,0.01902,0.02231
354,0.01902,0.02229
355,0.01903,0.02231
356,0.01898,0.02237
357,0.01905,0.02234
358,0.01902,0.02231
359,0.01899,0.02233
360,0.01902,0.0223
361,0.01902,0.02229
362,0.01903,0.0223
363,0.01897,0.02229
364,0.019,0.02231
365,0.019,0.02225
366,0.01914,0.02234
367,0.01904,0.02225
368,0.01901,0.02236
369,0.01905,0.02235
370,0.019,0.02235
371,0.01897,0.02237
372,0.019,0.02238
373,0.01903,0.0223
374,0.01905,0.02233
375,0.01899,0.02237
376,0.01902,0.02235
377,0.01903,0.0223
378,0.01906,0.02231
379,0.01905,0.02227
380,0.01904,0.02226
381,0.01903,0.0223
382,0.01906,0.02224
383,0.01906,0.02226
384,0.01906,0.02225
385,0.01905,0.0222
386,0.01909,0.02221
387,0.01915,0.0222
388,0.01907,0.02222
389,0.01906,0.02226
390,0.01904,0.02224
391,0.01906,0.02224
392,0.01915,0.02224
393,0.01909,0.02216
394,0.01917,0.0222
395,0.0191,0.02223
396,0.01913,0.02223
397,0.01913,0.02216
398,0.01908,0.02218
399,0.01914,0.0222
400,0.01924,0.02211
401,0.01913,0.02217
402,0.01913,0.02217
403,0.01922,0.02219
404,0.01913,0.02217
405,0.01913,0.02219
406,0.01917,0.0221
407,0.01916,0.02215
408,0.01914,0.02212
409,0.01914,0.02215
410,0.01925,0.02209
411,0.01917,0.02212
412,0.01921,0.02208
413,0.01921,0.0221
414,0.01921,0.02202
415,0.0193,0.02204
416,0.01927,0.02203
417,0.01925,0.022
418,0.01924,0.02203
419,0.01918,0.02203
420,0.01922,0.02198
421,0.01924,0.02201
422,0.01923,0.02204
423,0.01923,0.02204
424,0.01923,0.0221
425,0.01918,0.02205
426,0.01919,0.02207
427,0.01918,0.02212
428,0.01916,0.02206
429,0.01918,0.0221
430,0.01912,0.02218
431,0.01921,0.02215
432,0.01921,0.02216
433,0.01916,0.02213
434,0.01915,0.02217
435,0.01908,0.02218
436,0.01918,0.02215
437,0.01914,0.02212
438,0.01911,0.02217
439,0.01911,0.02219
440,0.0192,0.02216
441,0.01911,0.02214
442,0.01915,0.02211
443,0.0191,0.02217
444,0.01918,0.02214
445,0.01911,0.02217
446,0.01918,0.02217
447,0.01915,0.02211
448,0.01915,0.02212
449,0.01916,0.02211
450,0.01917,0.02206
451,0.01925,0.02213
452,0.01921,0.02212
453,0.01915,0.02209
454,0.01913,0.02215
455,0.01916,0.02213
456,0.01915,0.02218
457,0.01912,0.02218
458,0.01914,0.02214
459,0.01913,0.02214
460,0.01915,0.02216
461,0.01915,0.02212
462,0.01912,0.02208
463,0.0192,0.02208
464,0.01915,0.0221
465,0.01923,0.02214
466,0.01912,0.02212
467,0.01913,0.02212
468,0.01915,0.02222
469,0.01917,0.02209
470,0.01915,0.0221
471,0.01917,0.02204
472,0.01917,0.02206
473,0.01919,0.0221
474,0.01933,0.02205
475,0.01922,0.02204
476,0.01924,0.02202
477,0.01923,0.02208
478,0.01916,0.0221
479,0.0192,0.0221
480,0.01919,0.02206
481,0.0192,0.02209
482,0.0192,0.02209
483,0.01918,0.02214
484,0.01922,0.0221
485,0.01915,0.02211
486,0.01917,0.02211
487,0.01919,0.02208
488,0.0192,0.02209
489,0.01926,0.02204
490,0.01924,0.02201
491,0.01923,0.02203
492,0.01925,0.02202
493,0.01923,0.02201
494,0.01923,0.02202
495,0.0193,0.02208
496,0.01929,0.02197
497,0.01925,0.02206
498,0.0192,0.02203
499,0.01925,0.02208
500,0.01925,0.02207
501,0.01921,0.02204
502,0.01921,0.02203
503,0.01922,0.02209
504,0.01923,0.02195
505,0.01928,0.02198
506,0.01924,0.02195
507,0.01923,0.02203
508,0.01923,0.022
509,0.01927,0.02199
510,0.01926,0.02202
511,0.01928,0.02201
512,0.01928,0.02196
513,0.01925,0.02201
514,0.01929,0.022
515,0.01927,0.02202
516,0.0193,0.02198
517,0.01929,0.022
518,0.01924,0.02202
519,0.01924,0.02204
520,0.01923,0.02208
521,0.01922,0.02201
522,0.01924,0.02202
523,0.01925,0.02198
524,0.01922,0.02206
525,0.01923,0.02201
526,0.01923,0.02207
527,0.01924,0.02211
528,0.01922,0.02207
529,0.01923,0.02204
530,0.01925,0.022
531,0.01922,0.02203
532,0.01927,0.02202
533,0.01924,0.02204
534,0.01922,0.02204
535,0.01922,0.02203
536,0.01924,0.02206
537,0.01926,0.0221
538,0.01925,0.02199
539,0.01935,0.02204
540,0.01928,0.022
541,0.01932,0.02198
542,0.0193,0.02194
543,0.01929,0.02194
544,0.01932,0.02196
545,0.01926,0.02197
546,0.01928,0.02201
547,0.01929,0.02204
548,0.01923,0.02204
549,0.01929,0.02204
550,0.01925,0.02204
551,0.01923,0.02203
552,0.01925,0.02204
553,0.01922,0.02206
554,0.01925,0.02203
555,0.01922,0.022
556,0.01924,0.02196
557,0.01924,0.022
558,0.01924,0.02198
559,0.01926,0.02205
560,0.01926,0.02205
561,0.01923,0.02203
562,0.01921,0.02202
563,0.01924,0.02207
564,0.01926,0.02207
565,0.01921,0.02204
566,0.01922,0.02202
567,0.01927,0.02205
568,0.01925,0.02208
569,0.01927,0.02207
570,0.0192,0.02206
571,0.01918,0.02215
572,0.01924,0.0221
573,0.01926,0.02209
574,0.01921,0.02205
575,0.01923,0.02206
576,0.01924,0.022
577,0.01922,0.02204
578,0.01927,0.02198
579,0.01923,0.02202
580,0.01929,0.02203
581,0.01928,0.022
582,0.01929,0.02195
583,0.01926,0.02199
584,0.01924,0.02201
585,0.01929,0.02203
586,0.01926,0.02203
587,0.01927,0.02199
588,0.01923,0.02207
589,0.01925,0.022
590,0.01931,0.02204
591,0.01926,0.02204
592,0.01924,0.02206
593,0.01926,0.02204
594,0.01923,0.02206
595,0.01923,0.02204
596,0.01924,0.02207
597,0.01919,0.02212
598,0.01916,0.02214
599,0.01913,0.02213
600,0.01912,0.02218
601,0.01913,0.02217
602,0.01914,0.02217
603,0.01915,0.02217
604,0.01916,0.02219
605,0.0191,0.02218
606,0.01912,0.02214
607,0.01912,0.02218
608,0.01911,0.0222
609,0.01913,0.02219
610,0.01913,0.02215
611,0.01909,0.02223
612,0.01908,0.02222
613,0.01909,0.02227
614,0.01909,0.02224
615,0.0191,0.02227
616,0.01908,0.02227
617,0.01909,0.02222
618,0.01908,0.02226
619,0.01913,0.02222
620,0.01913,0.02224
621,0.01919,0.02219
622,0.01912,0.02221
623,0.01908,0.02223
624,0.01909,0.02225
625,0.01909,0.02227
626,0.01909,0.02223
627,0.01914,0.02224
628,0.0191,0.02227
629,0.01909,0.02224
630,0.0191,0.02228
631,0.01907,0.02227
632,0.01908,0.02224
633,0.01912,0.02219
634,0.0191,0.02223
635,0.01909,0.02222
636,0.01906,0.02217
637,0.01905,0.02223
638,0.0191,0.02222
639,0.0191,0.02226
640,0.01906,0.02223
641,0.01904,0.0222
642,0.01906,0.02226
643,0.01906,0.02223
644,0.01908,0.0223
645,0.01908,0.02228
646,0.01903,0.02229
647,0.01903,0.02234
648,0.01902,0.02225
649,0.019,0.02228
650,0.01901,0.02232
651,0.01903,0.02227
652,0.01907,0.02228
653,0.01903,0.02228
654,0.01906,0.02225
655,0.01908,0.02227
656,0.01903,0.02229
657,0.019,0.02236
658,0.01898,0.02227
659,0.01897,0.02236
660,0.01901,0.02233
661,0.01897,0.02229
662,0.01902,0.02234
663,0.01899,0.02233
664,0.01901,0.02234
665,0.019,0.02234
666,0.01905,0.02237
667,0.01898,0.02239
668,0.01903,0.02234
669,0.01897,0.02232
670,0.01899,0.02235
671,0.01898,0.02233
672,0.01899,0.02232
673,0.01903,0.02229
674,0.01899,0.02242
675,0.01901,0.02239
676,0.019,0.02231
677,0.01903,0.02228
678,0.01901,0.02229
679,0.01898,0.02231
680,0.019,0.02229
681,0.019,0.02232
682,0.0191,0.02232
683,0.01909,0.02224
684,0.01908,0.02223
685,0.01914,0.0222
686,0.01914,0.02219
687,0.01908,0.02218
688,0.0191,0.02217
689,0.01913,0.02221
690,0.01913,0.02223
691,0.01903,0.02223
692,0.01912,0.0222
693,0.01908,0.02218
694,0.01911,0.02218
695,0.01911,0.0222
696,0.01915,0.0222
697,0.01907,0.02218
698,0.01907,0.02219
699,0.0191,0.02217
700,0.01907,0.02216
701,0.01909,0.0222
702,0.01912,0.02222
703,0.01905,0.02226
704,0.01905,0.02222
705,0.01906,0.0222
706,0.01913,0.02221
707,0.0191,0.02218
708,0.0191,0.02221
709,0.0191,0.02223
710,0.01908,0.02223
711,0.01911,0.02221
712,0.01905,0.02222
713,0.01908,0.02232
714,0.01901,0.02228
715,0.01903,0.02227
716,0.01907,0.02225
717,0.01908,0.02227
718,0.01907,0.02219
719,0.01917,0.02221
720,0.0191,0.02224
721,0.01912,0.02216
722,0.0191,0.02218
723,0.01907,0.02221
724,0.01911,0.02221
725,0.01911,0.02215
726,0.01909,0.02221
727,0.01908,0.02222
728,0.01904,0.02225
729,0.01909,0.02233
730,0.01903,0.02225
731,0.01909,0.02226
732,0.01911,0.02214
733,0.01912,0.02213
734,0.01917,0.02219
735,0.01913,0.02217
736,0.01912,0.02214
737,0.01914,0.02211
738,0.01917,0.02213
739,0.01924,0.02211
740,0.01919,0.02207
741,0.01923,0.02206
742,0.01925,0.02199
743,0.01926,0.02202
744,0.01926,0.02198
745,0.01927,0.02198
746,0.01931,0.02197
747,0.01928,0.02197
748,0.01928,0.02205
749,0.01934,0.02205
750,0.01929,0.02201
751,0.01924,0.02199
752,0.0193,0.02202
753,0.01929,0.02201
754,0.01928,0.02206
755,0.01929,0.022
756,0.01927,0.02202
757,0.0192,0.02209
758,0.01925,0.02207
759,0.0192,0.02209
760,0.01926,0.02208
761,0.01916,0.02208
762,0.01918,0.02207
763,0.01918,0.02206
764,0.01915,0.02209
765,0.01916,0.02213
766,0.01918,0.02208
767,0.01921,0.02206
768,0.01919,0.02204
769,0.01918,0.02204
770,0.01926,0.02205
771,0.01925,0.02201
772,0.01925,0.022
773,0.01922,0.02201
774,0.01919,0.02202
775,0.01928,0.022
776,0.01925,0.02199
777,0.01927,0.02204
778,0.01929,0.02194
779,0.01933,0.02193
780,0.01934,0.02196
781,0.01933,0.022
782,0.01927,0.02197
783,0.01928,0.02196
784,0.01937,0.02193
785,0.01929,0.02195
786,0.01933,0.02195
787,0.01938,0.02192
788,0.01935,0.0219
789,0.01936,0.0219
790,0.01936,0.02183
791,0.01938,0.02186
792,0.01939,0.0218
793,0.01939,0.02185
794,0.0194,0.02184
795,0.0194,0.02187
796,0.01939,0.02187
797,0.01937,0.02187
798,0.0194,0.02183
799,0.01938,0.02186
800,0.01934,0.02187
801,0.0194,0.02183
802,0.01936,0.02186
803,0.01935,0.02186
804,0.01937,0.02188
805,0.01934,0.02184
806,0.01946,0.0219
807,0.01942,0.0218
808,0.01948,0.0218
809,0.01941,0.02182
810,0.01946,0.0218
811,0.01942,0.02181
812,0.01944,0.0218
813,0.01946,0.02181
814,0.01944,0.02183
815,0.01937,0.02189
816,0.01938,0.02183
817,0.01941,0.02184
818,0.01942,0.02178
819,0.01942,0.02176
820,0.01941,0.02185
821,0.01944,0.02181
822,0.01941,0.02188
823,0.01931,0.02192
824,0.01934,0.0219
825,0.01932,0.02198
826,0.01933,0.02191
827,0.01936,0.02192
828,0.01937,0.02192
829,0.01934,0.02195
830,0.01935,0.0219
831,0.01946,0.02185
832,0.01932,0.02184
833,0.01937,0.02184
834,0.01936,0.02184
835,0.01939,0.02188
836,0.01934,0.02187
837,0.01932,0.02189
838,0.01935,0.02189
839,0.01938,0.02187
840,0.0193,0.02189
841,0.01933,0.02189
842,0.01935,0.02189
843,0.01934,0.02191
844,0.01937,0.0219
845,0.01937,0.02186
846,0.01944,0.02191
847,0.01935,0.02187
848,0.01934,0.0219
849,0.0193,0.02189
850,0.01929,0.02196
851,0.01927,0.022
852,0.01931,0.02197
853,0.01934,0.02197
854,0.01933,0.02194
855,0.01933,0.02191
856,0.01935,0.02189
857,0.0193,0.02192
858,0.01934,0.02194
859,0.01928,0.02195
860,0.0193,0.02196
861,0.01925,0.02195
862,0.01931,0.02198
863,0.01926,0.02197
864,0.01928,0.02197
865,0.01926,0.02197
866,0.01925,0.02206
867,0.01928,0.02205
868,0.01928,0.02203
869,0.01923,0.02203
870,0.01919,0.02202
871,0.01922,0.02207
872,0.0192,0.02207
873,0.01925,0.02204
874,0.01924,0.02204
875,0.01922,0.02206
876,0.01924,0.02198
877,0.01921,0.022
878,0.0192,0.02205
879,0.01929,0.02208
880,0.01925,0.02204
881,0.01926,0.02209
882,0.01921,0.02208
883,0.01923,0.02204
884,0.01921,0.02207
885,0.01919,0.02212
886,0.01915,0.02214
887,0.01918,0.02215
888,0.0192,0.02214
889,0.01916,0.02215
890,0.01916,0.02216
891,0.01913,0.02213
892,0.01916,0.02213
893,0.01918,0.02211
894,0.01918,0.02211
895,0.01915,0.02215
896,0.01915,0.02216
897,0.01911,0.02218
898,0.01912,0.02215
899,0.01916,0.0221
900,0.01916,0.02214
901,0.01923,0.02215
902,0.01915,0.02217
903,0.01916,0.02212
904,0.01917,0.02219
905,0.01916,0.02215
906,0.01915,0.02219
907,0.01916,0.02209
908,0.01916,0.02209
909,0.01921,0.0221
910,0.01914,0.02217
911,0.01917,0.02206
912,0.01916,0.02211
913,0.01918,0.02204
914,0.01919,0.02208
915,0.01917,0.02211
916,0.01913,0.02216
917,0.01909,0.02219
918,0.01909,0.02222
919,0.01908,0.02224
920,0.01911,0.02227
921,0.01912,0.02224
922,0.01908,0.02219
923,0.01907,0.02225
924,0.01906,0.02222
925,0.01907,0.02224
926,0.01912,0.0222
927,0.01908,0.02225
928,0.01903,0.02224
929,0.0191,0.02229
930,0.01907,0.02223
931,0.01905,0.02223
932,0.01909,0.02225
933,0.0191,0.0222
934,0.01911,0.02226
935,0.01909,0.02222
936,0.01915,0.02219
937,0.01916,0.02212
938,0.01915,0.02218
939,0.01914,0.02212
940,0.01913,0.02227
941,0.01915,0.0222
942,0.01914,0.02226
943,0.01909,0.02221
944,0.01913,0.02219
945,0.01907,0.02223
946,0.01905,0.02224
947,0.01907,0.02219
948,0.01907,0.02224
949,0.01903,0.02225
950,0.0191,0.02228
951,0.01907,0.02222
952,0.01907,0.02218
953,0.01907,0.0222
954,0.01911,0.02221
955,0.0191,0.02218
956,0.0191,0.02216
957,0.01917,0.02216
958,0.0191,0.02217
959,0.01908,0.02218
960,0.01908,0.02216
961,0.01915,0.02213
962,0.01916,0.02211
963,0.01918,0.02209
964,0.0192,0.02213
965,0.01915,0.02217
966,0.01914,0.02213
967,0.01915,0.02214
968,0.01914,0.02211
969,0.01914,0.02217
970,0.01917,0.02205
971,0.01915,0.02213
972,0.01911,0.02214
973,0.01913,0.02221
974,0.01914,0.02217
975,0.01908,0.0222
976,0.01908,0.02219
977,0.01909,0.02216
978,0.01918,0.02217
979,0.01909,0.02217
980,0.0191,0.02221
981,0.01913,0.02219
982,0.01916,0.0222
983,0.01908,0.02223
984,0.01913,0.02219
985,0.01912,0.02217
986,0.01911,0.02216
987,0.01913,0.02217
988,0.01914,0.02216
989,0.0192,0.02214
990,0.01916,0.02216
991,0.01911,0.02221
992,0.01916,0.02214
993,0.01915,0.02216
994,0.01915,0.02217
995,0.0191,0.02219
996,0.01913,0.02221
997,0.01907,0.02218
998,0.01919,0.02217
999,0.01918,0.02208
1000,0.01918,0.0221
1001,0.01916,0.02214
1002,0.01918,0.02205
1003,0.01915,0.02207
1004,0.01919,0.02204
1005,0.01923,0.02202
1006,0.01922,0.02202
1007,0.01921,0.02201
1008,0.01929,0.02201
1009,0.01923,0.02202
1010,0.01924,0.02198
1011,0.01925,0.02205
1012,0.01918,0.02208
1013,0.01917,0.02211
1014,0.01923,0.02204
1015,0.0192,0.02206
1016,0.01922,0.02205
1017,0.01925,0.02204
1018,0.01927,0.022
1019,0.01934,0.02194
1020,0.01933,0.02188
1021,0.01937,0.02185
1022,0.01936,0.022
1023,0.01931,0.02194
1024,0.01934,0.02191
1025,0.01937,0.02187
1026,0.01933,0.02191
1027,0.01937,0.02186
1028,0.01936,0.02195
1029,0.0193,0.02191
1030,0.01935,0.02194
1031,0.01931,0.02194
1032,0.01931,0.02194
1033,0.01936,0.02198
1034,0.01938,0.02195
1035,0.01935,0.02195
1036,0.01934,0.02191
1037,0.01934,0.02188
1038,0.01934,0.02188
1039,0.01933,0.02189
1040,0.01934,0.02197
1041,0.01936,0.02193
1042,0.01931,0.02189
1043,0.01929,0.02191
1044,0.01938,0.02189
1045,0.01937,0.02185
1046,0.01937,0.0219
1047,0.01943,0.02191
1048,0.01943,0.02184
1049,0.01945,0.02183
1050,0.01941,0.02177
1051,0.01945,0.02179
1052,0.01942,0.0218
1053,0.01939,0.02182
1054,0.01943,0.0218
1055,0.01949,0.02178
1056,0.01945,0.02176
1057,0.01941,0.02176
1058,0.01946,0.02177
1059,0.01942,0.02184
1060,0.01947,0.02182
1061,0.01942,0.02183
1062,0.01942,0.02177
1063,0.01944,0.02176
1064,0.01941,0.02176
1065,0.01942,0.02183
1066,0.01942,0.0218
1067,0.01943,0.02183
1068,0.0194,0.02175
1069,0.01948,0.02174
1070,0.01944,0.02177
1071,0.0195,0.02176
1072,0.01942,0.02178
1073,0.01948,0.02176
1074,0.01944,0.02174
1075,0.01948,0.02178
1076,0.01946,0.02178
1077,0.01944,0.02184
1078,0.01945,0.02177
1079,0.01943,0.02175
1080,0.01943,0.02177
1081,0.01938,0.02182
1082,0.01948,0.02179
1083,0.01954,0.02175
1084,0.01948,0.02168
1085,0.01949,0.02173
1086,0.01944,0.02174
1087,0.01948,0.02173
1088,0.01949,0.0217
1089,0.01951,0.02171
1090,0.0195,0.02173
1091,0.01951,0.02174
1092,0.01951,0.02169
1093,0.01949,0.02171
1094,0.01949,0.02169
1095,0.01948,0.02176
1096,0.01948,0.02177
1097,0.01951,0.02173
1098,0.01942,0.02174
1099,0.01944,0.02173
1100,0.01949,0.02173
1101,0.01945,0.02185
1102,0.01936,0.02185
1103,0.01943,0.02186
1104,0.01941,0.02187
1105,0.01943,0.02178
1106,0.01943,0.02184
1107,0.01945,0.02181
1108,0.01944,0.02186
1109,0.01939,0.02186
1110,0.01936,0.02185
1111,0.01937,0.02192
1112,0.01941,0.02188
1113,0.01938,0.02189
1114,0.01937,0.02184
1115,0.0194,0.02181
1116,0.01939,0.02185
1117,0.01937,0.02193
1118,0.01933,0.02191
1119,0.01932,0.0219
1120,0.01932,0.02197
1121,0.01934,0.02194
1122,0.01925,0.02196
1123,0.01929,0.02197
1124,0.01932,0.02194
1125,0.01932,0.02189
1126,0.0193,0.02193
1127,0.01936,0.02189
1128,0.01939,0.02198
1129,0.0194,0.02188
1130,0.01941,0.02184
1131,0.01942,0.02183
1132,0.01939,0.02188
1133,0.01937,0.02188
1134,0.01936,0.02191
1135,0.01941,0.02186
1136,0.01944,0.0218
1137,0.0194,0.02186
1138,0.01943,0.02176
1139,0.01942,0.02179
1140,0.01941,0.02178
1141,0.01941,0.0218
1142,0.01945,0.0219
1143,0.0194,0.02182
1144,0.01939,0.02185
1145,0.01939,0.02183
1146,0.01943,0.02182
1147,0.01939,0.02182
1148,0.01939,0.02178
1149,0.0194,0.02179
1150,0.01939,0.02182
1151,0.01938,0.02178
1152,0.01946,0.02183
1153,0.01945,0.02178
1154,0.01942,0.02177
1155,0.0194,0.02178
1156,0.01943,0.02185
1157,0.01939,0.02178
1158,0.01945,0.02179
1159,0.01948,0.02174
1160,0.01952,0.02172
1161,0.01951,0.02176
1162,0.01947,0.02176
1163,0.0195,0.02171
1164,0.01946,0.02178
1165,0.01943,0.02177
1166,0.01942,0.02179
1167,0.01945,0.02177
1168,0.01947,0.02179
1169,0.01945,0.02171
1170,0.01945,0.0217
1171,0.01945,0.02172
1172,0.01947,0.02173
1173,0.01948,0.02184
1174,0.01947,0.02185
1175,0.01938,0.02179
1176,0.01946,0.02179
1177,0.01949,0.02177
1178,0.01944,0.02187
1179,0.01937,0.02183
1180,0.01941,0.02182
1181,0.01945,0.02177
1182,0.01941,0.02188
1183,0.01943,0.02175
1184,0.01944,0.02181
1185,0.01947,0.02176
1186,0.01951,0.02179
1187,0.01947,0.02181
1188,0.01945,0.02177
1189,0.0195,0.02176
1190,0.01946,0.02175
1191,0.01945,0.02172
1192,0.01947,0.02179
1193,0.01947,0.02175
1194,0.01948,0.02173
1195,0.01953,0.02181
1196,0.01947,0.02174
1197,0.01945,0.02178
1198,0.0195,0.02174
1199,0.01951,0.02172
1200,0.01952,0.02176
1201,0.01948,0.02173
1202,0.01948,0.02177
1203,0.01953,0.02176
1204,0.01946,0.02178
1205,0.01946,0.02178
1206,0.01949,0.02171
1207,0.01941,0.02178
1208,0.01942,0.02176
1209,0.01945,0.02174
1210,0.01945,0.02173
1211,0.01943,0.02182
1212,0.01942,0.02182
1213,0.01937,0.0218
1214,0.01939,0.02182
1215,0.01941,0.02181
1216,0.01939,0.02179
1217,0.01942,0.02177
1218,0.01942,0.02178
1219,0.01942,0.02181
1220,0.01943,0.02183
1221,0.01934,0.02191
1222,0.01937,0.02181
1223,0.01945,0.02185
1224,0.01938,0.02184
1225,0.01938,0.02186
1226,0.0194,0.02192
1227,0.01938,0.02185
1228,0.01934,0.02188
1229,0.0193,0.02192
1230,0.01934,0.02197
1231,0.01933,0.02186
1232,0.01935,0.02191
1233,0.01932,0.02197
1234,0.01929,0.02199
1235,0.01935,0.02195
1236,0.01931,0.02191
1237,0.01934,0.02188
1238,0.01936,0.0219
1239,0.01946,0.02183
1240,0.01947,0.02177
1241,0.01938,0.02182
1242,0.01943,0.02182
1243,0.01938,0.0218
1244,0.0194,0.02185
1245,0.01943,0.02185
1246,0.0194,0.02183
1247,0.01939,0.02188
1248,0.01934,0.02191
1249,0.01934,0.02191
1250,0.01942,0.02188
1251,0.01939,0.02184
1252,0.0194,0.02187
1253,0.01937,0.02186
1254,0.01939,0.02191
1255,0.01936,0.02192
1256,0.01937,0.02183
1257,0.01938,0.02184
1258,0.0194,0.02181
1259,0.01934,0.02187
1260,0.01939,0.02185
1261,0.01941,0.02185
1262,0.01933,0.02186
1263,0.01935,0.02187
1264,0.01937,0.02187
1265,0.01934,0.02187
1266,0.01932,0.02186
1267,0.01937,0.02187
1268,0.01942,0.02187
1269,0.01941,0.0218
1270,0.01945,0.02179
1271,0.01942,0.0218
1272,0.01943,0.02178
1273,0.01942,0.02179
1274,0.0194,0.02177
1275,0.01946,0.02179
1276,0.0194,0.0218
1277,0.01939,0.02183
1278,0.0195,0.02181
1279,0.01938,0.02183
1280,0.0194,0.02188
1281,0.01936,0.0219
1282,0.01931,0.0219
1283,0.01932,0.02186
1284,0.01934,0.02185
1285,0.01936,0.02186
1286,0.01937,0.02182
1287,0.01941,0.02187
1288,0.01938,0.02189
1289,0.01937,0.02188
1290,0.01936,0.02188
1291,0.01936,0.02194
1292,0.01931,0.02189
1293,0.0193,0.02199
1294,0.01926,0.022
1295,0.01927,0.022
1296,0.0193,0.02193
1297,0.01933,0.02189
1298,0.01932,0.02191
1299,0.01933,0.0219
1300,0.01936,0.0219
1301,0.01937,0.02185
1302,0.01936,0.02187
1303,0.01936,0.02186
1304,0.01934,0.02186
1305,0.01934,0.02185
1306,0.01935,0.0218
1307,0.01938,0.02188
1308,0.01935,0.02184
1309,0.01943,0.02191
1310,0.01939,0.0219
1311,0.01941,0.02185
1312,0.0194,0.0218
1313,0.01938,0.02187
1314,0.0194,0.02194
1315,0.01937,0.02196
1316,0.01935,0.02192
1317,0.01937,0.02194
1318,0.01934,0.02185
1319,0.01934,0.02188
1320,0.01934,0.02191
1321,0.01935,0.02184
1322,0.01933,0.02188
1323,0.01934,0.02188
1324,0.01939,0.02188
1325,0.0194,0.02191
1326,0.0194,0.02182
1327,0.01935,0.02186
1328,0.01933,0.0219
1329,0.01935,0.02186
1330,0.01933,0.0219
1331,0.01934,0.0219
1332,0.01939,0.02193
1333,0.01937,0.02194
1334,0.01932,0.02194
1335,0.01932,0.02188
1336,0.0193,0.02192
1337,0.01937,0.02194
1338,0.01931,0.02186
1339,0.01935,0.02192
1340,0.01937,0.02189
1341,0.01932,0.02194
1342,0.01927,0.02198
1343,0.01931,0.02194
1344,0.01931,0.02198
1345,0.01927,0.02196
1346,0.01929,0.02206
1347,0.01923,0.022
1348,0.01923,0.02202
1349,0.01931,0.02201
1350,0.01924,0.02198
1351,0.01922,0.02204
1352,0.01922,0.02204
1353,0.01922,0.02204
1354,0.01925,0.02202
1355,0.01925,0.02198
1356,0.01925,0.02193
1357,0.01929,0.02204
1358,0.01932,0.02194
1359,0.01929,0.0219
1360,0.01928,0.02206
1361,0.01925,0.02201
1362,0.01926,0.02199
1363,0.01933,0.02199
1364,0.0193,0.02196
1365,0.01928,0.022
1366,0.01922,0.02201
1367,0.01922,0.02204
1368,0.01928,0.02202
1369,0.01922,0.02201
1370,0.01922,0.022
1371,0.01931,0.022
1372,0.01925,0.02197
1373,0.01932,0.02198
1374,0.01928,0.02194
1375,0.0193,0.02192
1376,0.01931,0.02192
1377,0.01931,0.02193
1378,0.01932,0.02195
1379,0.01932,0.02198
1380,0.01936,0.02193
1381,0.01935,0.02185
1382,0.01938,0.02186
1383,0.01932,0.02188
1384,0.01936,0.02188
1385,0.01944,0.02183
1386,0.01942,0.02181
1387,0.01941,0.02192
1388,0.01943,0.02183
1389,0.01934,0.0219
1390,0.01937,0.02184
1391,0.01937,0.02183
1392,0.01935,0.02184
1393,0.0194,0.02184
1394,0.01944,0.02183
1395,0.01944,0.0218
1396,0.01942,0.02181
1397,0.01939,0.02187
1398,0.01942,0.02181
1399,0.01942,0.02178
1400,0.01941,0.0218
1401,0.0194,0.02187
1402,0.01939,0.02185
1403,0.01936,0.02183
1404,0.01937,0.02182
1405,0.01941,0.02184
1406,0.01938,0.02184
1407,0.01943,0.02189
1408,0.01938,0.02179
1409,0.0194,0.02183
1410,0.01942,0.02183
1411,0.01945,0.02182
1412,0.01943,0.02185
1413,0.01943,0.0219
1414,0.01937,0.0219
1415,0.01935,0.02187
1416,0.01939,0.02184
1417,0.01937,0.02185
1418,0.01936,0.02187
1419,0.01937,0.02184
1420,0.01934,0.02187
1421,0.01932,0.02188
1422,0.01933,0.02191
1423,0.01938,0.02187
1424,0.01937,0.02191
1425,0.01934,0.02193
1426,0.01933,0.02189
1427,0.01932,0.02191
1428,0.01937,0.02188
1429,0.01933,0.02185
1430,0.01934,0.02183
1431,0.01939,0.02186
1432,0.0194,0.02183
1433,0.01946,0.02192
1434,0.01943,0.02186
1435,0.01941,0.02186
1436,0.01936,0.02186
1437,0.01941,0.02184
1438,0.01939,0.02181
1439,0.01945,0.02183
1440,0.01943,0.02182
1441,0.01943,0.02179
1442,0.01941,0.02181
1443,0.01947,0.02175
1444,0.01946,0.02181
1445,0.01949,0.02178
1446,0.01947,0.02185
1447,0.01941,0.02185
1448,0.01941,0.02186
1449,0.01945,0.02175
1450,0.01942,0.02178
1451,0.01944,0.02175
1452,0.01943,0.02177
1453,0.01942,0.02183
1454,0.01942,0.02184
1455,0.01938,0.02185
1456,0.01941,0.02179
1457,0.01944,0.02183
1458,0.0194,0.02183
1459,0.01939,0.0218
1460,0.01941,0.02178
1461,0.01942,0.02178
1462,0.01939,0.02181
1463,0.01941,0.0218
1464,0.01943,0.0218
1465,0.01943,0.02177
1466,0.01947,0.02185
1467,0.0194,0.02176
1468,0.01951,0.02178
1469,0.01946,0.02178
1470,0.01943,0.02179
1471,0.01948,0.02181
1472,0.01942,0.02185
1473,0.0194,0.02182
1474,0.01936,0.02183
1475,0.01936,0.02188
1476,0.01937,0.02182
1477,0.01936,0.02187
1478,0.01941,0.02183
1479,0.01937,0.02183
1480,0.01936,0.02184
1481,0.01939,0.02186
1482,0.01937,0.02186
1483,0.01938,0.02182
1484,0.01938,0.0219
1485,0.01933,0.02188
1486,0.01936,0.0218
1487,0.01942,0.02185
1488,0.01943,0.02189
1489,0.01939,0.02183
1490,0.01938,0.02182
1491,0.01938,0.02182
1492,0.01943,0.02185
1493,0.01941,0.02182
1494,0.01941,0.02184
1495,0.01939,0.02182
1496,0.01942,0.0218
1497,0.01936,0.02182
1498,0.01942,0.02182
1499,0.0194,0.02185
1500,0.01937,0.02181
1501,0.01941,0.02184
1502,0.01943,0.02181
1503,0.01942,0.02177
1504,0.01947,0.02179
1505,0.01946,0.02174
1506,0.01944,0.02176
1507,0.01944,0.0218
1508,0.01943,0.02176
1509,0.01944,0.02177
1510,0.01942,0.02179
1511,0.01942,0.02182
1512,0.01944,0.02178
1513,0.01945,0.02182
1514,0.01943,0.02176
1515,0.01945,0.02177
1516,0.01949,0.02172
1517,0.01949,0.02171
1518,0.01948,0.02172
1519,0.01952,0.02176
1520,0.0195,0.02176
1521,0.01944,0.02173
1522,0.01945,0.02182
1523,0.0194,0.02179
1524,0.01945,0.02182
1525,0.01949,0.02179
1526,0.01943,0.02181
1527,0.01942,0.02178
1528,0.0195,0.02176
1529,0.0195,0.02177
1530,0.01944,0.02175
1531,0.01946,0.02176
1532,0.01948,0.02176
1533,0.01947,0.02179
1534,0.01948,0.02173
1535,0.01948,0.02172
1536,0.01949,0.02173
1537,0.01954,0.02171
1538,0.01954,0.02171
1539,0.01948,0.02174
1540,0.01945,0.02174
1541,0.01944,0.02186
1542,0.0194,0.02184
1543,0.01944,0.02186
1544,0.01944,0.02187
1545,0.01935,0.02187
1546,0.01931,0.02194
1547,0.01933,0.02192
1548,0.0193,0.02199
1549,0.01927,0.02193
1550,0.01938,0.02194
1551,0.01937,0.02187
1552,0.01939,0.02182
1553,0.01939,0.02185
1554,0.01937,0.02184
1555,0.01938,0.02187
1556,0.01937,0.02186
1557,0.01939,0.0219
1558,0.01945,0.02188
1559,0.01933,0.0219
1560,0.01933,0.02191
1561,0.01936,0.0219
1562,0.01928,0.0219
1563,0.01928,0.02197
1564,0.01928,0.02196
1565,0.01924,0.02197
1566,0.01928,0.02201
1567,0.01922,0.02197
1568,0.01931,0.02197
1569,0.01931,0.02194
1570,0.01931,0.02192
1571,0.01933,0.02197
1572,0.01928,0.02199
1573,0.01921,0.02203
1574,0.01926,0.02198
1575,0.01927,0.02202
1576,0.0192,0.02207
1577,0.01923,0.02213
1578,0.01915,0.02213
1579,0.0192,0.02213
1580,0.01915,0.02216
1581,0.01919,0.02217
1582,0.01915,0.02213
1583,0.01916,0.02215
1584,0.01913,0.02212
1585,0.01917,0.02211
1586,0.01918,0.02205
1587,0.01918,0.02207
1588,0.01921,0.02212
1589,0.01922,0.02207
1590,0.0192,0.02205
1591,0.01921,0.02208
1592,0.01913,0.0221
1593,0.01918,0.02214
1594,0.01916,0.02217
1595,0.01917,0.02211
1596,0.01919,0.02206
1597,0.01919,0.02214
1598,0.01912,0.02215
1599,0.01917,0.02213
1600,0.01915,0.0221
1601,0.01917,0.02214
1602,0.01923,0.02212
1603,0.01928,0.02204
1604,0.01922,0.02201
1605,0.01921,0.02202
1606,0.01924,0.02205
1607,0.01924,0.02207
1608,0.01924,0.02203
1609,0.01923,0.02202
1610,0.01922,0.02204
1611,0.01923,0.02219
1612,0.01908,0.02219
1613,0.01911,0.02212
1614,0.01917,0.02213
1615,0.01924,0.02217
1616,0.01918,0.02211
1617,0.01918,0.02218
1618,0.01916,0.02211
1619,0.01916,0.02212
1620,0.01916,0.02211
1621,0.01912,0.02217
1622,0.01912,0.02214
1623,0.01914,0.02215
1624,0.01916,0.02211
1625,0.01914,0.02216
1626,0.01919,0.02219
1627,0.01915,0.02218
1628,0.01913,0.02215
1629,0.01911,0.0222
1630,0.01908,0.02224
1631,0.01907,0.02223
1632,0.01911,0.02219
1633,0.01912,0.02222
1634,0.01916,0.02215
1635,0.01914,0.02216
1636,0.01916,0.02216
1637,0.01914,0.02219
1638,0.01914,0.02222
1639,0.01911,0.02222
1640,0.01912,0.02222
1641,0.01913,0.02218
1642,0.01913,0.0222
1643,0.01906,0.02217
1644,0.01911,0.02215
1645,0.01911,0.02219
1646,0.01919,0.02217
1647,0.01917,0.0221
1648,0.01914,0.02215
1649,0.01914,0.02219
1650,0.01914,0.02218
1651,0.01913,0.02219
1652,0.01915,0.0221
1653,0.01916,0.02213
1654,0.01921,0.02217
1655,0.01919,0.02213
1656,0.01915,0.02214
1657,0.01918,0.02212
1658,0.0192,0.02213
1659,0.01925,0.02209
1660,0.01918,0.02208
1661,0.01915,0.02215
1662,0.01914,0.02216
1663,0.01914,0.02218
1664,0.01913,0.02214
1665,0.01913,0.0221
1666,0.01914,0.02209
1667,0.01921,0.02216
1668,0.01917,0.0221
1669,0.01922,0.02209
1670,0.01914,0.02218
1671,0.01911,0.02221
1672,0.0191,0.02222
1673,0.0191,0.02221
1674,0.01906,0.02226
1675,0.0191,0.02223
1676,0.01906,0.02228
1677,0.01917,0.02222
1678,0.01907,0.02219
1679,0.01918,0.02218
1680,0.01918,0.02208
1681,0.01914,0.02209
1682,0.01918,0.02203
1683,0.0192,0.0221
1684,0.01918,0.0221
1685,0.01922,0.02207
1686,0.01916,0.02206
1687,0.01921,0.02206
1688,0.01924,0.02209
1689,0.01915,0.02212
1690,0.01918,0.02205
1691,0.0192,0.02204
1692,0.01925,0.02202
1693,0.01922,0.02201
1694,0.01924,0.02205
1695,0.01921,0.02207
1696,0.01925,0.02205
1697,0.0192,0.02204
1698,0.01923,0.02209
1699,0.01918,0.02204
1700,0.01922,0.02204
1701,0.01921,0.02205
1702,0.01923,0.02205
1703,0.01923,0.02208
1704,0.01922,0.02201
1705,0.01922,0.02209
1706,0.01921,0.02207
1707,0.01923,0.02203
1708,0.01925,0.02209
1709,0.01927,0.02205
1710,0.01925,0.02208
1711,0.0192,0.02204
1712,0.01918,0.02204
1713,0.01931,0.02199
1714,0.01921,0.02206
1715,0.01919,0.02207
1716,0.01922,0.02205
1717,0.01923,0.02205
1718,0.01927,0.02207
1719,0.01926,0.02201
1720,0.01929,0.02198
1721,0.01931,0.022
1722,0.01928,0.02195
1723,0.01928,0.02198
1724,0.01935,0.0219
1725,0.01938,0.02194
1726,0.01927,0.02196
1727,0.01926,0.02196
1728,0.01926,0.02192
1729,0.01927,0.02201
1730,0.01923,0.022
1731,0.0192,0.02203
1732,0.0193,0.02201
1733,0.01924,0.02198
1734,0.01922,0.02194
1735,0.01926,0.02201
1736,0.01924,0.02201
1737,0.01929,0.02196
1738,0.01933,0.02195
1739,0.01928,0.02191
1740,0.01933,0.02195
1741,0.01932,0.02196
1742,0.01932,0.02196
1743,0.01928,0.02195
1744,0.01927,0.02204
1745,0.01921,0.0221
1746,0.01925,0.02203
1747,0.01925,0.0221
1748,0.0192,0.02205
1749,0.01917,0.02206
1750,0.01922,0.02205
1751,0.01919,0.02207
1752,0.01917,0.0221
1753,0.01922,0.02206
1754,0.01922,0.02204
1755,0.01927,0.02201
1756,0.01924,0.02205
1757,0.01923,0.02206
1758,0.01919,0.02208
1759,0.01926,0.0221
1760,0.01918,0.02209
1761,0.01922,0.02208
1762,0.01922,0.02203
1763,0.01924,0.02201
1764,0.01921,0.02203
1765,0.01923,0.02205
1766,0.0192,0.02206
1767,0.01918,0.02211
1768,0.01917,0.02208
1769,0.01924,0.02207
1770,0.01918,0.02207
1771,0.01921,0.02209
1772,0.01918,0.02216
1773,0.01922,0.02216
1774,0.01918,0.02215
1775,0.01919,0.02214
1776,0.01914,0.02214
1777,0.01916,0.0221
1778,0.01918,0.02206
1779,0.01923,0.02205
1780,0.01921,0.0221
1781,0.0192,0.02205
1782,0.01921,0.02209
1783,0.01916,0.02209
1784,0.01913,0.02212
1785,0.0192,0.02215
1786,0.0192,0.0221
1787,0.01921,0.0222
1788,0.01912,0.02216
1789,0.01917,0.02218
1790,0.01915,0.02219
1791,0.01909,0.02216
1792,0.01913,0.02215
1793,0.01909,0.02216
1794,0.01917,0.02208
1795,0.01918,0.02207
1796,0.01918,0.02212
1797,0.01916,0.02215
1798,0.01916,0.02219
1799,0.01911,0.02217
1800,0.01912,0.02217
1801,0.01912,0.02215
1802,0.01913,0.02212
1803,0.01918,0.02215
1804,0.01924,0.02218
1805,0.01923,0.02211
1806,0.01922,0.02207
1807,0.01921,0.02211
1808,0.01914,0.02215
1809,0.01915,0.02216
1810,0.01917,0.02216
1811,0.01913,0.02209
1812,0.01916,0.02215
1813,0.01917,0.02216
1814,0.01913,0.02215
1815,0.0191,0.02212
1816,0.01921,0.02216
1817,0.01913,0.02214
1818,0.01918,0.02214
1819,0.01923,0.02223
1820,0.01917,0.02216
1821,0.01915,0.02216
1822,0.01913,0.02211
1823,0.01914,0.0221
1824,0.01917,0.02211
1825,0.01915,0.02218
1826,0.01911,0.02211
1827,0.01915,0.02216
1828,0.01923,0.02211
1829,0.0192,0.0221
1830,0.01918,0.0221
1831,0.01917,0.02206
1832,0.01923,0.02201
1833,0.01924,0.02206
1834,0.01924,0.02201
1835,0.0192,0.02197
1836,0.01927,0.02202
1837,0.01926,0.02201
1838,0.01926,0.02202
1839,0.01925,0.02201
1840,0.0193,0.02196
1841,0.01924,0.022
1842,0.01921,0.02202
1843,0.0192,0.02201
1844,0.01933,0.02199
1845,0.01924,0.02204
1846,0.01922,0.02207
1847,0.01917,0.02207
1848,0.01919,0.02208
1849,0.01919,0.02209
1850,0.01922,0.02214
1851,0.01924,0.02207
1852,0.01915,0.02208
1853,0.01919,0.02209
1854,0.01925,0.02213
1855,0.01919,0.02204
1856,0.01923,0.02204
1857,0.0192,0.02199
1858,0.01922,0.022
1859,0.01931,0.02201
1860,0.01923,0.02198
1861,0.01925,0.02201
1862,0.01931,0.022
1863,0.01931,0.02199
1864,0.01932,0.02188
1865,0.01928,0.02191
1866,0.01931,0.02192
1867,0.01931,0.02193
1868,0.0193,0.02195
1869,0.0193,0.022
1870,0.01924,0.02197
1871,0.01931,0.02194
1872,0.01932,0.02194
1873,0.01928,0.02191
1874,0.01933,0.02196
1875,0.01931,0.02192
1876,0.01932,0.02195
1877,0.01934,0.022
1878,0.01925,0.02194
1879,0.01925,0.02198
1880,0.01922,0.02201
1881,0.01929,0.02196
1882,0.01927,0.02195
1883,0.01925,0.022
1884,0.01925,0.02199
1885,0.01929,0.02202
1886,0.01928,0.02195
1887,0.01929,0.02196
1888,0.01925,0.02195
1889,0.01929,0.02197
1890,0.01931,0.022
1891,0.01923,0.02197
1892,0.01935,0.02201
1893,0.01934,0.02198
1894,0.01931,0.02199
1895,0.01931,0.02193
1896,0.0193,0.02198
1897,0.01934,0.02194
1898,0.01937,0.02186
1899,0.01939,0.02199
1900,0.01939,0.02193
1901,0.01938,0.02193
1902,0.01936,0.0219
1903,0.01931,0.02192
1904,0.01938,0.02191
1905,0.01933,0.02192
1906,0.01932,0.02199
1907,0.01928,0.02197
1908,0.01924,0.022
1909,0.01924,0.02196
1910,0.01931,0.02198
1911,0.01928,0.022
1912,0.01928,0.02193
1913,0.01923,0.02201
1914,0.0193,0.02208
1915,0.01923,0.02204
1916,0.01925,0.02202
1917,0.01935,0.022
1918,0.0193,0.02202
1919,0.01926,0.02195
1920,0.01934,0.02199
1921,0.01929,0.02196
1922,0.01929,0.02197
1923,0.01927,0.02198
1924,0.01925,0.02203
1925,0.01924,0.02201
1926,0.01926,0.02202
1927,0.01926,0.02203
1928,0.01924,0.02208
1929,0.01921,0.02205
1930,0.01918,0.02207
1931,0.01921,0.02206
1932,0.01919,0.02208
1933,0.0192,0.02205
1934,0.01925,0.02206
1935,0.01926,0.02197
1936,0.01928,0.02194
1937,0.01924,0.02193
1938,0.01932,0.02198
1939,0.01926,0.02205
1940,0.01925,0.02203
1941,0.01927,0.02196
1942,0.01932,0.02194
1943,0.01928,0.02193
1944,0.01932,0.02195
1945,0.01934,0.02192
1946,0.01934,0.02193
1947,0.01937,0.02182
1948,0.01935,0.02189
1949,0.01938,0.02187
1950,0.01936,0.02191
1951,0.01937,0.02185
1952,0.01945,0.02182
1953,0.01945,0.02181
1954,0.01939,0.02182
1955,0.01938,0.02185
1956,0.01939,0.02184
1957,0.01936,0.02188
1958,0.01935,0.02191
1959,0.01938,0.02192
1960,0.01938,0.02189
1961,0.0194,0.02185
1962,0.01937,0.02189
1963,0.01936,0.02186
1964,0.01936,0.02188
1965,0.01939,0.02191
1966,0.01932,0.02193
1967,0.01933,0.02189
1968,0.01931,0.02199
1969,0.01927,0.02201
1970,0.01929,0.02201
1971,0.01931,0.02194
1972,0.01928,0.02194
1973,0.01931,0.02194
1974,0.01927,0.02195
1975,0.01924,0.02199
1976,0.01925,0.02193
1977,0.01932,0.02194
1978,0.01927,0.02198
1979,0.01933,0.02193
1980,0.01932,0.02196
1981,0.01926,0.022
1982,0.01928,0.02199
1983,0.01923,0.02203
1984,0.01923,0.02207
1985,0.01921,0.02206
1986,0.01921,0.02206
1987,0.01919,0.0221
1988,0.01917,0.02205
1989,0.01929,0.02206
1990,0.01927,0.02196
1991,0.01927,0.02199
1992,0.0193,0.02198
1993,0.01932,0.02197
1994,0.01927,0.02201
1995,0.01926,0.02199
1996,0.01925,0.022
1997,0.01927,0.02196
1998,0.01923,0.02205
1999,0.01926,0.02201
2000,0.0193,0.022
2001,0.0193,0.02197
2002,0.01926,0.02197
2003,0.01926,0.02198
2004,0.01934,0.02195
2005,0.01933,0.02199
2006,0.01939,0.02191
2007,0.01932,0.02193
2008,0.01937,0.02196
2009,0.01932,0.02189
2010,0.01931,0.02192
2011,0.01931,0.02192
2012,0.01933,0.02193
2013,0.01938,0.02194
2014,0.01929,0.02192
2015,0.01934,0.02193
2016,0.01932,0.02194
2017,0.01933,0.02192
2018,0.01932,0.02191
2019,0.01935,0.02194
2020,0.01936,0.0219
2021,0.01931,0.02193
2022,0.01932,0.0219
2023,0.01935,0.02187
2024,0.01933,0.02188
2025,0.01935,0.02193
2026,0.01936,0.02187
2027,0.01935,0.02188
2028,0.01934,0.02194
2029,0.0193,0.0219
2030,0.01932,0.02189
2031,0.01935,0.0219
2032,0.01933,0.02188
2033,0.01934,0.02188
2034,0.01934,0.02186
2035,0.01935,0.0219
2036,0.01936,0.02187
2037,0.01935,0.02187
2038,0.01933,0.02191
2039,0.01933,0.02193
2040,0.0194,0.02186
2041,0.01932,0.02192
2042,0.01931,0.02201
2043,0.01927,0.02193
2044,0.01929,0.02194
2045,0.0193,0.02192
2046,0.01931,0.02199
2047,0.0193,0.02194
2048,0.0193,0.02189
2049,0.01936,0.02191
2050,0.01931,0.02186
2051,0.01931,0.02192
2052,0.0194,0.02192
2053,0.0194,0.02181
2054,0.01938,0.02196
2055,0.01932,0.02188
2056,0.01934,0.0219
2057,0.01936,0.02188
2058,0.01943,0.02193
2059,0.01932,0.0219
2060,0.01939,0.02189
2061,0.01936,0.02187
2062,0.01935,0.02188
2063,0.01939,0.02187
2064,0.01938,0.02184
2065,0.01935,0.02189
2066,0.01938,0.02192
2067,0.01939,0.02185
2068,0.01935,0.02185
2069,0.01941,0.02186
2070,0.01942,0.02192
2071,0.01936,0.02185
2072,0.01937,0.02188
2073,0.01939,0.02186
2074,0.01936,0.02186
2075,0.01936,0.02182
2076,0.01938,0.02186
2077,0.01937,0.02185
2078,0.01937,0.02188
2079,0.0194,0.02187
2080,0.01947,0.02183
2081,0.01938,0.02185
2082,0.01941,0.02181
2083,0.0194,0.02186
2084,0.01942,0.02184
2085,0.01938,0.02183
2086,0.01943,0.02183
2087,0.01945,0.02182
2088,0.01946,0.02183
2089,0.01946,0.02181
2090,0.01945,0.02184
2091,0.01944,0.02175
2092,0.01942,0.02181
2093,0.01941,0.02183
2094,0.01938,0.02186
2095,0.01937,0.02181
2096,0.01935,0.02181
2097,0.01937,0.02185
2098,0.01935,0.02187
2099,0.01942,0.02189
2100,0.01945,0.02175
2101,0.01944,0.02173
2102,0.01947,0.02177
2103,0.01949,0.02173
2104,0.01949,0.02171
2105,0.01948,0.02185
2106,0.01944,0.02182
2107,0.01939,0.02181
2108,0.01947,0.02177
2109,0.01948,0.02176
2110,0.01945,0.0217
2111,0.0195,0.02174
2112,0.01946,0.02174
2113,0.01951,0.0217
2114,0.01948,0.02165
2115,0.01947,0.02171
2116,0.01949,0.02171
2117,0.0195,0.02171
2118,0.01946,0.02183
2119,0.01945,0.02176
2120,0.01944,0.02176
2121,0.01949,0.02176
2122,0.01944,0.02182
2123,0.01945,0.02181
2124,0.0194,0.02177
2125,0.01944,0.02184
2126,0.01945,0.02186
2127,0.01937,0.02188
2128,0.01942,0.02183
2129,0.01939,0.02181
2130,0.01941,0.0218
2131,0.01938,0.02187
2132,0.01942,0.02185
2133,0.0194,0.02181
2134,0.01939,0.02185
2135,0.01937,0.02188
2136,0.01932,0.0219
2137,0.01942,0.02189
2138,0.01938,0.02189
2139,0.01943,0.02183
2140,0.01935,0.02183
2141,0.01937,0.02182
2142,0.0194,0.02181
2143,0.01943,0.02187
2144,0.01946,0.02179
2145,0.0194,0.02182
2146,0.01942,0.02174
2147,0.01941,0.02181
2148,0.01943,0.02179
2149,0.01938,0.02179
2150,0.01938,0.02185
2151,0.01946,0.02176
2152,0.01949,0.0218
2153,0.01954,0.02168
2154,0.01952,0.02168
2155,0.01952,0.02166
2156,0.01956,0.0217
2157,0.0195,0.02169
2158,0.01946,0.02173
2159,0.01948,0.02173
2160,0.01946,0.0217
2161,0.01951,0.02174
2162,0.01949,0.02169
2163,0.01945,0.02173
2164,0.01945,0.02178
2165,0.01942,0.0218
2166,0.01942,0.02182
2167,0.01939,0.02187
2168,0.01941,0.0218
2169,0.01943,0.02177
2170,0.01937,0.0218
2171,0.01936,0.02186
2172,0.01947,0.02182
2173,0.01949,0.02175
2174,0.01944,0.02182
2175,0.01945,0.02176
2176,0.01943,0.0218
2177,0.01946,0.0218
2178,0.01943,0.02184
2179,0.01941,0.02181
2180,0.01944,0.02182
2181,0.01941,0.02182
2182,0.01936,0.02192
2183,0.01933,0.02193
2184,0.01935,0.02184
2185,0.01936,0.02189
2186,0.01938,0.0219
2187,0.01936,0.02191
2188,0.01935,0.0219
2189,0.01933,0.02192
2190,0.01932,0.02194
2191,0.01929,0.02192
2192,0.01938,0.02196
2193,0.01931,0.02187
2194,0.01933,0.02188
2195,0.01937,0.02199
2196,0.01939,0.02186
2197,0.01936,0.0219
2198,0.01937,0.02187
2199,0.01936,0.0219
2200,0.01936,0.02189
2201,0.01934,0.02189
2202,0.01933,0.02188
2203,0.01934,0.02187
2204,0.01934,0.02194
2205,0.01934,0.02198
2206,0.01938,0.02197
2207,0.01932,0.02197
2208,0.01933,0.02194
2209,0.01928,0.022
2210,0.01929,0.022
2211,0.01929,0.02199
2212,0.01939,0.0219
2213,0.0194,0.02192
2214,0.01931,0.02194
2215,0.01932,0.02196
2216,0.01938,0.02188
2217,0.01935,0.02187
2218,0.01936,0.02184
2219,0.01933,0.02192
2220,0.01936,0.0219
2221,0.01933,0.02191
2222,0.01932,0.02195
2223,0.01934,0.02197
2224,0.01931,0.022
2225,0.01934,0.02194
2226,0.01932,0.02207
2227,0.01921,0.02203
2228,0.01921,0.02206
2229,0.01924,0.02216
2230,0.01919,0.02207
2231,0.01928,0.02207
2232,0.01922,0.02206
2233,0.01925,0.02201
2234,0.0193,0.02197
2235,0.01928,0.022
2236,0.01934,0.02195
2237,0.01939,0.02192
2238,0.01937,0.02196
2239,0.01938,0.0219
2240,0.01932,0.02189
2241,0.01936,0.02189
2242,0.01931,0.02191
2243,0.01934,0.02187
2244,0.01936,0.02193
2245,0.0193,0.02192
2246,0.0193,0.02188
2247,0.01929,0.02194
2248,0.01929,0.02198
2249,0.01933,0.02189
2250,0.01935,0.02192
2251,0.01936,0.02191
2252,0.0193,0.0219
2253,0.01936,0.02189
2254,0.01933,0.02187
2255,0.01937,0.02187
2256,0.01935,0.02187
2257,0.01935,0.02194
2258,0.0193,0.02194
2259,0.01929,0.02199
2260,0.01926,0.02195
2261,0.01926,0.02195
2262,0.0193,0.02197
2263,0.01929,0.02197
2264,0.01926,0.02191
2265,0.0193,0.02194
2266,0.01934,0.02191
2267,0.01937,0.02193
2268,0.01933,0.02189
2269,0.01934,0.02191
2270,0.01932,0.02187
2271,0.01931,0.02193
2272,0.01933,0.02185
2273,0.01933,0.02193
2274,0.01939,0.02192
2275,0.0194,0.02183
2276,0.01936,0.02188
2277,0.01934,0.02188
2278,0.01937,0.02187
2279,0.01937,0.02188
2280,0.01932,0.02192
2281,0.01929,0.022
2282,0.01927,0.02204
2283,0.01923,0.02204
2284,0.01929,0.02201
2285,0.01927,0.02196
2286,0.0193,0.02198
2287,0.01935,0.02187
2288,0.01936,0.02187
2289,0.01933,0.02191
2290,0.01933,0.02191
2291,0.01934,0.02184
2292,0.01939,0.02188
2293,0.01933,0.02187
2294,0.01937,0.02191
2295,0.01937,0.02195
2296,0.01939,0.02187
2297,0.01938,0.02191
2298,0.0194,0.02189
2299,0.01934,0.02187
2300,0.01932,0.02188
2301,0.01932,0.02196
2302,0.01935,0.02188
2303,0.01937,0.02183
2304,0.01937,0.02191
2305,0.01944,0.02188
2306,0.01932,0.02185
2307,0.01934,0.02183
2308,0.01935,0.02187
2309,0.01935,0.02187
2310,0.01938,0.02184
2311,0.01942,0.0219
2312,0.01942,0.02185
2313,0.01943,0.02184
2314,0.01939,0.02182
2315,0.01939,0.0219
2316,0.01936,0.02182
2317,0.0194,0.02182
2318,0.01939,0.02191
2319,0.01935,0.02189
2320,0.01936,0.02196
2321,0.01936,0.02185
2322,0.01938,0.02184
2323,0.01936,0.02186
2324,0.01935,0.0219
2325,0.01936,0.02191
2326,0.01939,0.02192
2327,0.01941,0.02189
2328,0.01941,0.02189
2329,0.01933,0.02185
2330,0.0194,0.02192
2331,0.0194,0.02183
2332,0.01941,0.0218
2333,0.01944,0.02177
2334,0.01944,0.02178
2335,0.01945,0.0218
2336,0.01946,0.02182
2337,0.01947,0.02178
2338,0.01945,0.02177
2339,0.01945,0.02175
2340,0.01942,0.02176
2341,0.01943,0.02177
2342,0.01943,0.02177
2343,0.01948,0.0218
2344,0.01947,0.02179
2345,0.01943,0.02182
2346,0.01944,0.02183
2347,0.01942,0.0218
2348,0.01943,0.02179
2349,0.01945,0.02173
2350,0.01946,0.02181
2351,0.01944,0.02175
2352,0.01941,0.02178
2353,0.01945,0.02181
2354,0.01953,0.0218
2355,0.01947,0.02176
2356,0.01947,0.02175
2357,0.01947,0.02175
2358,0.0195,0.02178
2359,0.01948,0.02175
2360,0.01945,0.02177
2361,0.01948,0.02182
2362,0.01946,0.02178
2363,0.01945,0.0218
2364,0.01942,0.02191
2365,0.01934,0.02189
2366,0.01932,0.02187
2367,0.01936,0.02196
2368,0.01933,0.02195
2369,0.01935,0.02189
2370,0.01932,0.0219
2371,0.01931,0.02192
2372,0.0194,0.02191
2373,0.01937,0.02191
2374,0.01931,0.0219
2375,0.01933,0.02197
2376,0.0193,0.02193
2377,0.01929,0.0219
2378,0.01931,0.02192
2379,0.01931,0.02196
2380,0.01934,0.02197
2381,0.01922,0.02196
2382,0.01931,0.02199
2383,0.0193,0.02198
2384,0.01927,0.02198
2385,0.01924,0.02192
2386,0.01926,0.02199
2387,0.01926,0.02203
2388,0.01923,0.02203
2389,0.01927,0.02207
2390,0.01925,0.02207
2391,0.01923,0.02199
2392,0.01922,0.02199
2393,0.01932,0.02202
2394,0.01926,0.022
2395,0.01927,0.02201
2396,0.01934,0.02203
2397,0.01928,0.02202
2398,0.01924,0.022
2399,0.01928,0.02198
2400,0.01923,0.02203
2401,0.01925,0.02206
2402,0.01925,0.02203
2403,0.01921,0.02209
2404,0.01915,0.02208
2405,0.01922,0.0221
2406,0.01923,0.02205
2407,0.01924,0.02208
2408,0.0192,0.02206
2409,0.01928,0.022
2410,0.01925,0.02203
2411,0.01926,0.02204
2412,0.01929,0.02202
2413,0.01927,0.02199
2414,0.01925,0.022
2415,0.01925,0.02195
2416,0.01923,0.02206
2417,0.01917,0.02208
2418,0.01918,0.02209
2419,0.0192,0.0221
2420,0.01922,0.0221
2421,0.01917,0.02209
2422,0.01916,0.02211
2423,0.01913,0.02213
2424,0.0192,0.02213
2425,0.01914,0.02215
2426,0.01915,0.02212
2427,0.01918,0.02209
2428,0.01914,0.02212
2429,0.01915,0.02215
2430,0.01914,0.02213
2431,0.01912,0.0222
2432,0.01914,0.02213
2433,0.01918,0.02208
2434,0.01918,0.02212
2435,0.01917,0.02207
2436,0.01913,0.02209
2437,0.01918,0.02211
2438,0.01921,0.02207
2439,0.0192,0.02205
2440,0.0192,0.02204
2441,0.01922,0.02202
2442,0.01921,0.02205
2443,0.01922,0.02206
2444,0.01926,0.02203
2445,0.0193,0.02197
2446,0.01924,0.02196
2447,0.01928,0.02197
2448,0.0193,0.02199
2449,0.01928,0.02194
2450,0.01927,0.02195
2451,0.01929,0.022
2452,0.01929,0.022
2453,0.01931,0.02202
2454,0.01924,0.02204
2455,0.01929,0.022
2456,0.01926,0.02195
2457,0.01926,0.02204
2458,0.01921,0.02203
2459,0.01931,0.02206
2460,0.01925,0.02203
2461,0.01926,0.02201
2462,0.01923,0.02198
2463,0.01928,0.02199
2464,0.0193,0.022
2465,0.01932,0.02196
2466,0.01933,0.02193
2467,0.01928,0.02195
2468,0.01929,0.02194
2469,0.01939,0.02194
2470,0.01939,0.02197
2471,0.0194,0.02185
2472,0.01937,0.02191
2473,0.01938,0.02191
2474,0.01933,0.02201
2475,0.01926,0.02193
2476,0.01936,0.022
2477,0.01936,0.02185
2478,0.01937,0.02197
2479,0.0193,0.02198
2480,0.01926,0.02198
2481,0.01925,0.02198
2482,0.01929,0.02199
2483,0.01931,0.02198
2484,0.01936,0.02195
2485,0.0194,0.02188
2486,0.01937,0.02188
2487,0.0194,0.0218
2488,0.01939,0.02185
2489,0.01936,0.02184
2490,0.01934,0.02192
2491,0.01936,0.02193
2492,0.01937,0.02186
2493,0.01934,0.02186
2494,0.01936,0.02189
2495,0.01937,0.02189
2496,0.01933,0.02188
2497,0.01934,0.02192
2498,0.01937,0.02189
2499,0.01944,0.0219
2500,0.0194,0.02182
2501,0.0194,0.02185
2502,0.01939,0.02185
2503,0.01934,0.02184
2504,0.01942,0.02182
2505,0.0194,0.02181
2506,0.01935,0.02185
2507,0.01938,0.02185
2508,0.01936,0.02181
2509,0.01942,0.02184
2510,0.01935,0.02187
2511,0.01937,0.02184
2512,0.01934,0.02186
2513,0.01941,0.02184
2514,0.01939,0.02185
2515,0.01943,0.02181
2516,0.01942,0.02178
2517,0.01942,0.0218
2518,0.01945,0.02176
2519,0.0194,0.02181
2520,0.01943,0.02179
2521,0.01939,0.02185
2522,0.01945,0.02176
2523,0.01944,0.02184
2524,0.01941,0.0218
2525,0.01942,0.02178
2526,0.01945,0.02175
2527,0.01946,0.02173
2528,0.01949,0.02172
2529,0.01946,0.02174
2530,0.01948,0.02175
2531,0.01944,0.02174
2532,0.01953,0.02176
2533,0.01952,0.02176
2534,0.01944,0.02177
2535,0.01946,0.02183
2536,0.01945,0.02178
2537,0.01946,0.02174
2538,0.01947,0.02176
2539,0.01949,0.02183
2540,0.01943,0.02179
2541,0.01949,0.02181
2542,0.01947,0.02168
2543,0.01949,0.02179
2544,0.01942,0.0218
2545,0.01943,0.02182
2546,0.01935,0.02185
2547,0.01938,0.02181
2548,0.01936,0.02178
2549,0.01938,0.02185
2550,0.01934,0.02188
2551,0.0194,0.02184
2552,0.0194,0.02184
2553,0.01935,0.02189
2554,0.0194,0.02185
2555,0.01939,0.02181
2556,0.0194,0.02181
2557,0.0194,0.02184
2558,0.01937,0.02185
2559,0.01936,0.02183
2560,0.01947,0.02185
2561,0.0194,0.02184
2562,0.01939,0.02186
2563,0.01941,0.02187
2564,0.0194,0.02188
2565,0.01942,0.02182
2566,0.01941,0.02183
2567,0.01936,0.02189
2568,0.01938,0.02181
2569,0.01939,0.02186
2570,0.01936,0.02188
2571,0.01936,0.02189
2572,0.0194,0.02188
2573,0.01932,0.02192
2574,0.01935,0.02188
2575,0.01933,0.02194
2576,0.01929,0.0219
2577,0.01932,0.02194
2578,0.01933,0.022
2579,0.01923,0.02203
2580,0.01928,0.02201
2581,0.01926,0.02198
2582,0.01926,0.02203
2583,0.01928,0.02195
2584,0.01928,0.02197
2585,0.01924,0.02197
2586,0.01927,0.02203
2587,0.01928,0.02207
2588,0.01919,0.02205
2589,0.01918,0.02214
2590,0.01915,0.0222
2591,0.01912,0.0222
2592,0.01915,0.02223
2593,0.01915,0.02214
2594,0.0191,0.02226
2595,0.01914,0.02214
2596,0.01914,0.02216
2597,0.01916,0.02219
2598,0.01914,0.02215
2599,0.01915,0.02217
2600,0.01909,0.02222
2601,0.01913,0.02216
2602,0.01909,0.02217
2603,0.01913,0.02219
2604,0.0191,0.02221
2605,0.01907,0.02219
2606,0.01908,0.02214
2607,0.01915,0.0222
2608,0.01914,0.02221
2609,0.0191,0.02217
2610,0.01911,0.02219
2611,0.01908,0.02218
2612,0.0191,0.02221
2613,0.01911,0.02221
2614,0.01914,0.02217
2615,0.01918,0.02217
2616,0.01918,0.02214
2617,0.01914,0.02217
2618,0.01915,0.02211
2619,0.01917,0.0221
2620,0.01919,0.02215
2621,0.01913,0.02217
2622,0.01914,0.02217
2623,0.01915,0.02212
2624,0.01919,0.02214
2625,0.01916,0.0221
2626,0.01925,0.02212
2627,0.01918,0.02211
2628,0.01923,0.02207
2629,0.01917,0.02212
2630,0.01924,0.02212
2631,0.0192,0.02205
2632,0.01925,0.02203
2633,0.01923,0.02203
2634,0.01931,0.02206
2635,0.01928,0.0221
2636,0.01921,0.02204
2637,0.01916,0.02209
2638,0.01916,0.02209
2639,0.01912,0.02212
2640,0.01919,0.02211
2641,0.0192,0.02207
2642,0.0192,0.0221
2643,0.01919,0.02205
2644,0.01919,0.02206
2645,0.01919,0.02207
2646,0.0192,0.02209
2647,0.01921,0.02206
2648,0.01924,0.02211
2649,0.0192,0.02207
2650,0.01923,0.02202
2651,0.0192,0.02201
2652,0.01926,0.02205
2653,0.01923,0.02201
2654,0.01925,0.02204
2655,0.01919,0.02214
2656,0.01917,0.02208
2657,0.01922,0.02212
2658,0.01921,0.02208
2659,0.01924,0.02206
2660,0.01924,0.0221
2661,0.01925,0.02206
2662,0.0192,0.02207
2663,0.0192,0.02209
2664,0.01919,0.02204
2665,0.01921,0.0221
2666,0.01917,0.02205
2667,0.01919,0.02204
2668,0.01924,0.02211
2669,0.01925,0.02207
2670,0.0192,0.02213
2671,0.01917,0.02213
2672,0.01916,0.02214
2673,0.01913,0.0221
2674,0.01921,0.02212
2675,0.01918,0.0221
2676,0.01921,0.0221
2677,0.01917,0.02209
2678,0.01915,0.02212
2679,0.01917,0.0221
2680,0.01923,0.02212
2681,0.01924,0.02205
2682,0.01928,0.022
2683,0.01932,0.02194
2684,0.01925,0.022
2685,0.01927,0.02198
2686,0.01922,0.02198
2687,0.01928,0.02199
2688,0.01933,0.02192
2689,0.01932,0.02195
2690,0.0193,0.0219
2691,0.01935,0.02188
2692,0.01931,0.02191
2693,0.01931,0.02189
2694,0.0193,0.02192
2695,0.01934,0.02194
2696,0.01933,0.0219
2697,0.01933,0.02196
2698,0.01941,0.02188
2699,0.01938,0.02186
2700,0.01943,0.02181
2701,0.01943,0.0218
2702,0.01938,0.02182
2703,0.0194,0.02184
2704,0.01943,0.02184
2705,0.0194,0.02184
2706,0.0194,0.02184
2707,0.01942,0.02183
2708,0.01939,0.02191
2709,0.01933,0.02188
2710,0.01943,0.02191
2711,0.0194,0.02189
2712,0.01943,0.02189
2713,0.0194,0.0219
2714,0.01934,0.02185
2715,0.01931,0.02191
2716,0.0194,0.02187
2717,0.01944,0.02189
2718,0.01941,0.02195
2719,0.01936,0.02187
2720,0.0194,0.02181
2721,0.01941,0.02186
2722,0.01941,0.02188
2723,0.01938,0.02187
2724,0.01933,0.02186
2725,0.01935,0.02185
2726,0.0194,0.02183
2727,0.01947,0.02189
2728,0.01945,0.02177
2729,0.01948,0.02177
2730,0.01949,0.02172
2731,0.01947,0.02175
2732,0.0195,0.0218
2733,0.01938,0.0218
2734,0.01942,0.0218
2735,0.01941,0.02181
2736,0.01944,0.02182
2737,0.01939,0.02182
2738,0.01941,0.02177
2739,0.01938,0.02183
2740,0.0194,0.02178
2741,0.01943,0.02178
2742,0.01944,0.02182
2743,0.01938,0.02193
2744,0.01932,0.0219
2745,0.01932,0.02189
2746,0.01934,0.02197
2747,0.01936,0.02184
2748,0.01935,0.02185
2749,0.01937,0.02185
2750,0.01936,0.02185
2751,0.01943,0.02182
2752,0.01939,0.02178
2753,0.01943,0.02177
2754,0.0194,0.02177
2755,0.01946,0.02177
2756,0.01945,0.02181
2757,0.01943,0.02178
2758,0.01947,0.02173
2759,0.01949,0.02173
2760,0.01956,0.0217
2761,0.01951,0.02171
2762,0.01951,0.02178
2763,0.01949,0.02176
2764,0.01948,0.02173
2765,0.01945,0.02177
2766,0.01942,0.0218
2767,0.0194,0.02187
2768,0.01939,0.02182
2769,0.01941,0.02186
2770,0.01942,0.02184
2771,0.01944,0.02184
2772,0.01945,0.02181
2773,0.0194,0.0218
2774,0.01941,0.02183
2775,0.01942,0.02178
2776,0.01939,0.02183
2777,0.01937,0.02183
2778,0.01939,0.02183
2779,0.01939,0.02184
2780,0.01939,0.02186
2781,0.0194,0.02197
2782,0.0193,0.02197
2783,0.01925,0.02193
2784,0.01925,0.02205
2785,0.01926,0.02203
2786,0.01927,0.02196
2787,0.01933,0.022
2788,0.01928,0.02201
2789,0.01931,0.02198
2790,0.01929,0.02195
2791,0.01927,0.02201
2792,0.01927,0.02198
2793,0.01928,0.02197
2794,0.01933,0.02196
2795,0.0193,0.02193
2796,0.01931,0.02191
2797,0.01939,0.02191
2798,0.01935,0.02193
2799,0.0193,0.02197
2800,0.01927,0.02198
2801,0.0193,0.02196
2802,0.01931,0.02189
2803,0.01927,0.022
2804,0.0193,0.02199
2805,0.01935,0.02199
2806,0.01929,0.02199
2807,0.01933,0.02197
2808,0.0193,0.02199
2809,0.01931,0.02199
2810,0.0193,0.022
2811,0.01926,0.02199
2812,0.01927,0.02206
2813,0.01922,0.02204
2814,0.01927,0.02204
2815,0.01927,0.02207
2816,0.01921,0.02206
2817,0.01923,0.02206
2818,0.01923,0.02202
2819,0.01922,0.02202
2820,0.01924,0.022
2821,0.01923,0.02198
2822,0.01925,0.02202
2823,0.01929,0.02202
2824,0.01923,0.02201
2825,0.01923,0.02202
2826,0.01928,0.02206
2827,0.0193,0.02198
2828,0.01928,0.02197
2829,0.01929,0.02197
2830,0.01927,0.02195
2831,0.01929,0.02194
2832,0.01926,0.02198
2833,0.01925,0.02201
2834,0.01923,0.02203
2835,0.01926,0.02203
2836,0.01925,0.022
2837,0.01927,0.022
2838,0.01925,0.02198
2839,0.01925,0.02199
2840,0.01926,0.02202
2841,0.01926,0.02202
2842,0.01928,0.02199
2843,0.01925,0.02193
2844,0.01926,0.022
2845,0.01928,0.02196
2846,0.01927,0.02195
2847,0.01929,0.02198
2848,0.01929,0.02196
2849,0.01925,0.02202
2850,0.01918,0.02211
2851,0.01916,0.02209
2852,0.01921,0.02202
2853,0.01922,0.02209
2854,0.01919,0.02208
2855,0.01918,0.02204
2856,0.01919,0.02204
2857,0.0192,0.02211
2858,0.01923,0.02208
2859,0.01918,0.02207
2860,0.0192,0.02208
2861,0.01915,0.02212
2862,0.01913,0.02211
2863,0.01922,0.02214
2864,0.01919,0.02213
2865,0.01915,0.02218
2866,0.01914,0.02218
2867,0.01912,0.02221
2868,0.01915,0.02217
2869,0.01916,0.02219
2870,0.01914,0.02216
2871,0.01915,0.02218
2872,0.01916,0.02212
2873,0.01913,0.02208
2874,0.01917,0.0221
2875,0.01916,0.02209
2876,0.0192,0.02214
2877,0.01916,0.02212
2878,0.01919,0.02209
2879,0.01921,0.02208
2880,0.01921,0.02206
2881,0.01923,0.02207
2882,0.01924,0.02208
2883,0.01932,0.022
2884,0.01931,0.02189
2885,0.01933,0.02191
2886,0.01935,0.02189
2887,0.01934,0.02184
2888,0.01936,0.02185
2889,0.01944,0.02185
2890,0.01936,0.02196
2891,0.01939,0.02184
2892,0.01942,0.02185
2893,0.01942,0.02184
2894,0.01941,0.0219
2895,0.01942,0.02187
2896,0.01933,0.02185
2897,0.01935,0.02186
2898,0.01936,0.02189
2899,0.01935,0.02194
2900,0.01934,0.02192
2901,0.01932,0.02192
2902,0.01938,0.02187
2903,0.01935,0.0219
2904,0.01932,0.02193
2905,0.01929,0.02194
2906,0.01931,0.02202
2907,0.01922,0.022
2908,0.01924,0.02199
2909,0.01924,0.02195
2910,0.01924,0.02197
2911,0.01927,0.02202
2912,0.01928,0.02197
2913,0.0193,0.02201
2914,0.01922,0.02204
2915,0.0192,0.02205
2916,0.01929,0.02206
2917,0.01927,0.02202
2918,0.01924,0.02199
2919,0.01923,0.022
2920,0.01927,0.02203
2921,0.01926,0.02203
2922,0.01927,0.022
2923,0.01925,0.02195
2924,0.01928,0.02199
2925,0.01929,0.02195
2926,0.01931,0.02198
2927,0.01929,0.02193
2928,0.01929,0.02195
2929,0.01935,0.02191
2930,0.01938,0.02202
2931,0.01932,0.02196
2932,0.01934,0.02194
2933,0.01928,0.02196
2934,0.01927,0.022
2935,0.01921,0.02205
2936,0.01923,0.02204
2937,0.0192,0.02209
2938,0.01918,0.02206
2939,0.01926,0.02204
2940,0.0192,0.02211
2941,0.01917,0.02212
2942,0.01917,0.02216
2943,0.01913,0.0221
2944,0.01913,0.02214
2945,0.01915,0.02216
2946,0.01914,0.02214
2947,0.01918,0.02216
2948,0.01913,0.02218
2949,0.01909,0.02214
2950,0.01913,0.02214
2951,0.01914,0.02213
2952,0.01912,0.02216
2953,0.01915,0.02215
2954,0.01913,0.02217
2955,0.01909,0.02219
2956,0.01911,0.02218
2957,0.01912,0.0222
2958,0.01909,0.0222
2959,0.01913,0.02221
2960,0.01909,0.02225
2961,0.01916,0.0222
2962,0.01913,0.0222
2963,0.0191,0.02216
2964,0.0191,0.02218
2965,0.01911,0.02219
2966,0.01918,0.02215
2967,0.01915,0.02215
2968,0.01912,0.02219
2969,0.01912,0.02217
2970,0.01914,0.0222
2971,0.0192,0.02214
2972,0.01918,0.02207
2973,0.01921,0.02203
2974,0.0192,0.02211
2975,0.01921,0.02207
2976,0.01919,0.02206
2977,0.01924,0.02203
2978,0.01921,0.022
2979,0.01928,0.022
2980,0.01926,0.02202
2981,0.01928,0.02202
2982,0.01921,0.02206
2983,0.0192,0.02204
2984,0.01919,0.02204
2985,0.0192,0.02208
2986,0.01918,0.02211
2987,0.01915,0.02208
2988,0.0192,0.02208
2989,0.01919,0.02205
2990,0.0192,0.02207
2991,0.01924,0.02212
2992,0.01923,0.02202
2993,0.01924,0.02208
2994,0.0192,0.02207
2995,0.01918,0.02204
2996,0.01918,0.02206
2997,0.01915,0.02211
2998,0.01914,0.02213
2999,0.01914,0.02216
3000,0.0192,0.02211
3001,0.01922,0.02212
3002,0.01916,0.02211
3003,0.01927,0.0221
3004,0.0192,0.02209
3005,0.01919,0.02209
3006,0.0192,0.02217
3007,0.0192,0.02205
3008,0.01922,0.02203
3009,0.01923,0.02211
3010,0.01917,0.02207
3011,0.01918,0.02203
3012,0.01925,0.02202
3013,0.01922,0.02203
3014,0.01928,0.02209
3015,0.01919,0.02202
3016,0.0192,0.02208
3017,0.01927,0.02208
3018,0.01926,0.02201
3019,0.01926,0.02199
3020,0.01925,0.02204
3021,0.01918,0.02205
3022,0.01922,0.02212
3023,0.01917,0.02212
3024,0.01919,0.02214
3025,0.01912,0.02217
3026,0.01912,0.0221
3027,0.01922,0.02217
3028,0.01922,0.02215
3029,0.01916,0.0221
3030,0.01911,0.02211
3031,0.0192,0.02213
3032,0.01917,0.02205
3033,0.01919,0.02206
3034,0.0192,0.02208
3035,0.01919,0.02203
3036,0.01923,0.02207
3037,0.01921,0.02204
3038,0.01923,0.02208
3039,0.01919,0.02209
3040,0.01927,0.02203
3041,0.0193,0.02205
3042,0.01921,0.02206
3043,0.01924,0.02201
3044,0.01924,0.02197
3045,0.01923,0.02198
3046,0.01925,0.02209
3047,0.01915,0.02207
3048,0.0192,0.02204
3049,0.01929,0.02205
3050,0.01915,0.02211
3051,0.01915,0.02216
3052,0.01914,0.02214
3053,0.01911,0.0222
3054,0.01904,0.02217
3055,0.01914,0.02217
3056,0.01912,0.02214
3057,0.01919,0.02215
3058,0.01921,0.02219
3059,0.01911,0.02219
3060,0.01909,0.02218
3061,0.01911,0.0222
3062,0.01913,0.02215
3063,0.01914,0.02211
3064,0.01915,0.02213
3065,0.01918,0.02212
3066,0.01914,0.02214
3067,0.01912,0.02215
3068,0.0191,0.02219
3069,0.01911,0.02221
3070,0.01911,0.02226
3071,0.01909,0.02224
3072,0.01904,0.02221
3073,0.01906,0.02222
3074,0.01903,0.02222
3075,0.01907,0.02224
3076,0.0191,0.02222
3077,0.01913,0.02216
3078,0.0191,0.02229
3079,0.0191,0.02218
3080,0.01909,0.02225
3081,0.01906,0.02226
3082,0.01902,0.02225
3083,0.01906,0.02225
3084,0.01908,0.02221
3085,0.01904,0.0222
3086,0.01906,0.02222
3087,0.01904,0.02223
3088,0.01907,0.02223
3089,0.01912,0.02223
3090,0.01908,0.02222
3091,0.01911,0.02217
3092,0.01907,0.02224
3093,0.01908,0.0222
3094,0.0191,0.02212
3095,0.01915,0.02216
3096,0.01916,0.02216
3097,0.01909,0.02217
3098,0.01912,0.02217
3099,0.01912,0.02217
3100,0.0191,0.02221
3101,0.01911,0.02218
3102,0.01918,0.02216
3103,0.01915,0.02215
3104,0.01916,0.02217
3105,0.01907,0.02222
3106,0.01909,0.02217
3107,0.01914,0.02213
3108,0.01913,0.02216
3109,0.01914,0.02216
3110,0.01914,0.02219
3111,0.01916,0.0221
3112,0.01917,0.02212
3113,0.0192,0.02213
3114,0.01919,0.02213
3115,0.01921,0.02213
3116,0.01916,0.02203
3117,0.01925,0.02213
3118,0.01921,0.02209
3119,0.01931,0.02201
3120,0.01924,0.02198
3121,0.0193,0.02195
3122,0.01928,0.02203
3123,0.01927,0.02197
3124,0.01929,0.0219
3125,0.01928,0.02199
3126,0.01929,0.02198
3127,0.01928,0.02192
3128,0.01929,0.02196
3129,0.01934,0.02197
3130,0.01933,0.02188
3131,0.01933,0.02186
3132,0.01932,0.02194
3133,0.01936,0.02193
3134,0.01935,0.02186
3135,0.01934,0.02185
3136,0.01936,0.02183
3137,0.01939,0.02189
3138,0.01935,0.02186
3139,0.01936,0.02192
3140,0.01932,0.02192
3141,0.01934,0.02192
3142,0.01932,0.02194
3143,0.01927,0.02192
3144,0.01928,0.02202
3145,0.01929,0.02195
3146,0.01926,0.02201
3147,0.01931,0.022
3148,0.01922,0.02198
3149,0.01926,0.022
3150,0.01925,0.02203
3151,0.01922,0.022
3152,0.01924,0.02204
3153,0.01927,0.02201
3154,0.01925,0.02196
3155,0.01924,0.02202
3156,0.01925,0.02194
3157,0.01929,0.022
3158,0.01924,0.02204
3159,0.01924,0.02203
3160,0.0193,0.02197
3161,0.0193,0.02198
3162,0.01925,0.02205
3163,0.01923,0.02201
3164,0.01924,0.02207
3165,0.01917,0.02208
3166,0.01915,0.02217
3167,0.0191,0.02226
3168,0.01904,0.02222
3169,0.01906,0.02219
3170,0.01906,0.02217
3171,0.0191,0.0222
3172,0.01908,0.02221
3173,0.01907,0.02218
3174,0.01908,0.02225
3175,0.01904,0.02225
3176,0.01902,0.02224
3177,0.01903,0.02227
3178,0.01911,0.02223
3179,0.01907,0.02223
3180,0.01907,0.02217
3181,0.0191,0.02225
3182,0.01912,0.02229
3183,0.01911,0.02221
3184,0.01906,0.02224
3185,0.019,0.02224
3186,0.01914,0.02223
3187,0.01911,0.02215
3188,0.0191,0.02217
3189,0.01911,0.02225
3190,0.01921,0.0222
3191,0.0191,0.02218
3192,0.01914,0.02218
3193,0.01927,0.0222
3194,0.0191,0.02221
3195,0.0191,0.02223
3196,0.01906,0.02222
3197,0.01906,0.02223
3198,0.01917,0.02221
3199,0.01909,0.0222
3200,0.0191,0.02229
3201,0.01908,0.02225
3202,0.019,0.02226
3203,0.01907,0.02225
3204,0.01903,0.02224
3205,0.01902,0.02224
3206,0.01902,0.02229
3207,0.01902,0.02227
3208,0.01899,0.0223
3209,0.01903,0.02228
3210,0.01903,0.02228
3211,0.01904,0.02225
3212,0.01902,0.02235
3213,0.01904,0.02233
3214,0.01901,0.02227
3215,0.01904,0.02229
3216,0.01911,0.02225
3217,0.01909,0.02221
3218,0.01908,0.02221
3219,0.01906,0.02229
3220,0.01909,0.0222
3221,0.01909,0.02221
3222,0.0191,0.02221
3223,0.01915,0.02223
3224,0.01914,0.02226
3225,0.01911,0.02223
3226,0.01911,0.0222
3227,0.01913,0.0221
3228,0.01911,0.02215
3229,0.01912,0.02218
3230,0.01909,0.02218
3231,0.01913,0.02217
3232,0.01913,0.02218
3233,0.01915,0.02215
3234,0.01913,0.02211
3235,0.01918,0.02215
3236,0.01917,0.02211
3237,0.01916,0.02205
3238,0.01914,0.02207
3239,0.01916,0.0221
3240,0.01921,0.02206
3241,0.01924,0.02205
3242,0.01921,0.02213
3243,0.01924,0.022
3244,0.01921,0.02203
3245,0.01923,0.02203
3246,0.01923,0.02202
3247,0.01923,0.02209
3248,0.01922,0.02207
3249,0.0192,0.02203
3250,0.01923,0.022
3251,0.01925,0.02205
3252,0.01923,0.02207
3253,0.01926,0.02205
3254,0.01925,0.02203
3255,0.01925,0.02204
3256,0.01926,0.022
3257,0.01924,0.02201
3258,0.01922,0.02204
3259,0.01919,0.02211
3260,0.01924,0.02209
3261,0.0192,0.02206
3262,0.01916,0.02215
3263,0.01919,0.0221
3264,0.01921,0.02209
3265,0.01926,0.02201
3266,0.01926,0.02197
3267,0.01927,0.02196
3268,0.01925,0.02195
3269,0.01932,0.02201
3270,0.01922,0.02203
3271,0.01926,0.02202
3272,0.01925,0.02207
3273,0.01922,0.02207
3274,0.01928,0.02201
3275,0.01929,0.02204
3276,0.01924,0.02204
3277,0.01924,0.02206
3278,0.01921,0.02203
3279,0.01925,0.02206
3280,0.0193,0.022
3281,0.01923,0.02197
3282,0.01922,0.02196
3283,0.01928,0.02198
3284,0.01924,0.02201
3285,0.01927,0.02197
3286,0.01933,0.02188
3287,0.01932,0.02192
3288,0.0193,0.02193
3289,0.0193,0.02196
3290,0.01935,0.02194
3291,0.01936,0.02191
3292,0.01933,0.02193
3293,0.01934,0.02185
3294,0.01936,0.02187
3295,0.01933,0.02191
3296,0.01942,0.02183
3297,0.01942,0.02181
3298,0.01939,0.02183
3299,0.01938,0.02186
3300,0.01942,0.0218
3301,0.0194,0.02185
3302,0.01941,0.02176
3303,0.01939,0.02182
3304,0.01937,0.02182
3305,0.01936,0.02181
3306,0.01939,0.02184
3307,0.0194,0.02177
3308,0.01946,0.02186
3309,0.01946,0.02178
3310,0.01944,0.02176
3311,0.01946,0.02179
3312,0.01943,0.02178
3313,0.0194,0.0218
3314,0.01941,0.02178
3315,0.01945,0.02178
3316,0.01948,0.02177
3317,0.01946,0.02177
3318,0.01944,0.02178
3319,0.01942,0.02183
3320,0.01945,0.02174
3321,0.01946,0.0218
3322,0.01941,0.02181
3323,0.01939,0.02184
3324,0.01939,0.02181
3325,0.01936,0.02185
3326,0.01941,0.0218
3327,0.0194,0.02185
3328,0.01937,0.02188
3329,0.01937,0.02182
3330,0.01948,0.02183
3331,0.01947,0.02177
3332,0.01944,0.02181
3333,0.01945,0.02177
3334,0.01945,0.02175
3335,0.01945,0.02172
3336,0.01945,0.02174
3337,0.0195,0.02173
3338,0.01948,0.02172
3339,0.01949,0.02171
3340,0.01952,0.02169
3341,0.01949,0.02166
3342,0.01951,0.02171
3343,0.01954,0.02164
3344,0.01951,0.02168
3345,0.01953,0.02166
3346,0.01952,0.02175
3347,0.01945,0.0217
3348,0.01948,0.0217
3349,0.0195,0.02174
3350,0.01956,0.02169
3351,0.01951,0.0217
3352,0.01949,0.0217
3353,0.01953,0.0217
3354,0.01953,0.02163
3355,0.01951,0.02167
3356,0.01948,0.02165
3357,0.0195,0.02174
3358,0.01943,0.02171
3359,0.01947,0.02172
3360,0.01945,0.02175
3361,0.01947,0.02175
3362,0.01948,0.02175
3363,0.01948,0.02178
3364,0.01951,0.02178
3365,0.01948,0.0217
3366,0.01949,0.02181
3367,0.0195,0.02174
3368,0.01947,0.02183
3369,0.01938,0.02182
3370,0.01941,0.02181
3371,0.01943,0.0218
3372,0.01943,0.02188
3373,0.01942,0.02183
3374,0.01937,0.02185
3375,0.01935,0.02185
3376,0.01937,0.02182
3377,0.0194,0.02181
3378,0.01941,0.02191
3379,0.01934,0.02188
3380,0.01937,0.02187
3381,0.01933,0.02187
3382,0.01932,0.02192
3383,0.01936,0.02187
3384,0.01931,0.02185
3385,0.01934,0.02191
3386,0.01939,0.02183
3387,0.01938,0.02189
3388,0.01938,0.02191
3389,0.01941,0.02188
3390,0.01943,0.02182
3391,0.0194,0.02192
3392,0.01938,0.02188
3393,0.01934,0.02191
3394,0.01939,0.02187
3395,0.01938,0.02188
3396,0.01941,0.02181
3397,0.01942,0.0218
3398,0.01941,0.02187
3399,0.01941,0.02187
3400,0.01934,0.02188
3401,0.01934,0.02191
3402,0.01941,0.02185
3403,0.01935,0.02189
3404,0.01936,0.0219
3405,0.01942,0.02183
3406,0.01938,0.02183
3407,0.01943,0.02186
3408,0.01942,0.02189
3409,0.01936,0.02191
3410,0.01938,0.02185
3411,0.01937,0.02186
3412,0.01937,0.02185
3413,0.01938,0.02187
3414,0.01938,0.02195
3415,0.01933,0.02197
3416,0.01926,0.02194
3417,0.01929,0.02197
3418,0.01929,0.02193
3419,0.0193,0.02195
3420,0.0193,0.02204
3421,0.01927,0.02207
3422,0.0192,0.02209
3423,0.01923,0.02208
3424,0.01922,0.02204
3425,0.01927,0.02204
3426,0.01923,0.02204
3427,0.01923,0.02203
3428,0.01925,0.02199
3429,0.01924,0.02203
3430,0.01923,0.02201
3431,0.01921,0.02203
3432,0.01921,0.02204
3433,0.01924,0.022
3434,0.01921,0.02208
3435,0.01924,0.02202
3436,0.01934,0.02204
3437,0.01934,0.02195
3438,0.01935,0.02192
3439,0.01932,0.02193
3440,0.01929,0.02196
3441,0.01932,0.02193
3442,0.01928,0.02199
3443,0.01927,0.02197
3444,0.01926,0.02203
3445,0.01926,0.02201
3446,0.01934,0.02195
3447,0.01934,0.02196
3448,0.01935,0.02198
3449,0.01925,0.022
3450,0.01932,0.022
3451,0.01925,0.02205
3452,0.01926,0.02196
3453,0.01928,0.02195
3454,0.01927,0.02196
3455,0.01926,0.02193
3456,0.01926,0.022
3457,0.01926,0.02203
3458,0.01931,0.02199
3459,0.01927,0.02197
3460,0.01935,0.02195
3461,0.01929,0.02201
3462,0.01923,0.02204
3463,0.01929,0.02199
3464,0.01934,0.022
3465,0.01924,0.02196
3466,0.0193,0.02196
3467,0.0193,0.02194
3468,0.01939,0.0219
3469,0.0193,0.02196
3470,0.01929,0.02197
3471,0.0193,0.02196
3472,0.01932,0.02192
3473,0.01928,0.02195
3474,0.01925,0.02195
3475,0.01925,0.02198
3476,0.01931,0.02203
3477,0.01926,0.02203
3478,0.01934,0.02202
3479,0.01927,0.02199
3480,0.01927,0.02192
3481,0.01928,0.022
3482,0.01929,0.02196
3483,0.01931,0.02196
3484,0.01934,0.02189
3485,0.01939,0.02186
3486,0.01938,0.02189
3487,0.01935,0.0219
3488,0.01933,0.02197
3489,0.01927,0.02202
3490,0.01922,0.02198
3491,0.01927,0.02198
3492,0.01926,0.02198
3493,0.0193,0.02192
3494,0.01936,0.02197
3495,0.01935,0.0219
3496,0.01937,0.02188
3497,0.01929,0.02192
3498,0.01937,0.02193
3499,0.01936,0.02183
3500,0.01945,0.02185
3501,0.01939,0.02181
3502,0.0194,0.02188
3503,0.0194,0.02182
3504,0.01945,0.02185
3505,0.01937,0.02184
3506,0.01936,0.02192
3507,0.01931,0.02186
3508,0.01936,0.02193
3509,0.0194,0.02189
3510,0.01932,0.02189
3511,0.0193,0.02199
3512,0.01927,0.02196
3513,0.0192,0.02205
3514,0.01921,0.02201
3515,0.0192,0.02205
3516,0.01917,0.02207
3517,0.01918,0.02209
3518,0.01917,0.02209
3519,0.01921,0.022
3520,0.01926,0.02205
3521,0.01923,0.02205
3522,0.01926,0.02202
3523,0.01918,0.02202
3524,0.01919,0.02203
3525,0.01923,0.02207
3526,0.01921,0.02204
3527,0.01921,0.02204
3528,0.01919,0.02207
3529,0.01918,0.02213
3530,0.01922,0.02199
3531,0.01922,0.02198
3532,0.01923,0.02202
3533,0.01924,0.02205
3534,0.01929,0.02197
3535,0.0193,0.02198
3536,0.01925,0.02204
3537,0.01924,0.02202
3538,0.01923,0.02208
3539,0.01922,0.02204
3540,0.01923,0.02204
3541,0.01924,0.02202
3542,0.01929,0.02195
3543,0.01927,0.02199
3544,0.01927,0.02197
3545,0.01927,0.02194
3546,0.01928,0.02196
3547,0.01928,0.02195
3548,0.01925,0.022
3549,0.01924,0.022
3550,0.01925,0.02202
3551,0.01926,0.02196
3552,0.01923,0.02199
3553,0.01932,0.02197
3554,0.01932,0.02206
3555,0.01927,0.02204
3556,0.01927,0.02199
3557,0.01928,0.02198
3558,0.01925,0.02199
3559,0.01928,0.02198
3560,0.01929,0.02197
3561,0.01929,0.02198
3562,0.01931,0.02194
3563,0.01934,0.02192
3564,0.01931,0.022
3565,0.01926,0.02201
3566,0.01922,0.02206
3567,0.01917,0.02208
3568,0.01916,0.0221
3569,0.0192,0.02208
3570,0.01916,0.0221
3571,0.01918,0.02208
3572,0.01915,0.02208
3573,0.01914,0.02217
3574,0.01917,0.02208
3575,0.01914,0.02214
3576,0.01917,0.02208
3577,0.01915,0.02214
3578,0.01917,0.02215
3579,0.0192,0.02214
3580,0.01915,0.02223
3581,0.01916,0.02217
3582,0.01916,0.02211
3583,0.01916,0.02212
3584,0.01912,0.02215
3585,0.0191,0.02214
3586,0.01913,0.02213
3587,0.01912,0.02217
3588,0.01914,0.02214
3589,0.01915,0.02213
3590,0.01913,0.02218
3591,0.01911,0.02218
3592,0.01917,0.02222
3593,0.01907,0.02219
3594,0.01913,0.02221
3595,0.01916,0.02218
3596,0.01909,0.0222
3597,0.01913,0.02221
3598,0.01917,0.0222
3599,0.01915,0.02214
3600,0.01916,0.02212
3601,0.01916,0.02215
3602,0.01919,0.02215
3603,0.01919,0.02211
3604,0.01917,0.02212
3605,0.01912,0.02221
3606,0.01918,0.02214
3607,0.01912,0.02216
3608,0.01912,0.02215
3609,0.01917,0.02213
3610,0.01913,0.02215
3611,0.01914,0.02212
3612,0.01914,0.02213
3613,0.01914,0.0221
3614,0.01915,0.02213
3615,0.01915,0.0221
3616,0.01919,0.02206
3617,0.01923,0.02204
3618,0.01921,0.02201
3619,0.01921,0.02205
3620,0.01918,0.02205
3621,0.01919,0.02205
3622,0.01927,0.02206
3623,0.01926,0.02202
3624,0.01928,0.02205
3625,0.01929,0.02204
3626,0.0193,0.02195
3627,0.01929,0.02192
3628,0.01931,0.02203
3629,0.01925,0.02201
3630,0.01924,0.02198
3631,0.01924,0.022
3632,0.01925,0.02202
3633,0.0192,0.02206
3634,0.01924,0.02197
3635,0.0193,0.02196
3636,0.01921,0.02202
3637,0.01934,0.02204
3638,0.01933,0.02195
3639,0.01933,0.02206
3640,0.01929,0.02216
3641,0.01919,0.02211
3642,0.01913,0.02207
3643,0.01915,0.02212
3644,0.01913,0.02209
3645,0.01915,0.0221
3646,0.01922,0.02209
3647,0.0192,0.02206
3648,0.01923,0.02207
3649,0.01922,0.02203
3650,0.01922,0.02207
3651,0.01923,0.02204
3652,0.01921,0.02207
3653,0.0192,0.02207
3654,0.01922,0.02204
3655,0.01923,0.02201
3656,0.01921,0.02204
3657,0.01923,0.02202
3658,0.01933,0.02203
3659,0.0192,0.02204
3660,0.01924,0.02205
3661,0.01927,0.02214
3662,0.01917,0.02207
3663,0.01922,0.02213
3664,0.01924,0.02212
3665,0.01921,0.02203
3666,0.0192,0.02206
3667,0.0192,0.02201
3668,0.01921,0.02203
3669,0.01927,0.02206
3670,0.0193,0.02197
3671,0.01926,0.02205
3672,0.01923,0.02216
3673,0.01916,0.02218
3674,0.01912,0.02212
3675,0.01911,0.02216
3676,0.01909,0.0222
3677,0.01907,0.02224
3678,0.01907,0.02225
3679,0.01905,0.02222
3680,0.01904,0.02223
3681,0.01906,0.02219
3682,0.01912,0.02223
3683,0.01911,0.02217
3684,0.01905,0.02216
3685,0.01906,0.0222
3686,0.01917,0.02218
3687,0.01911,0.02221
3688,0.0191,0.02218
3689,0.01912,0.02216
3690,0.01917,0.02215
3691,0.01916,0.02213
3692,0.01916,0.02207
3693,0.01918,0.0221
3694,0.01919,0.02208
3695,0.01921,0.0221
3696,0.01921,0.02211
3697,0.01927,0.02205
3698,0.01927,0.02204
3699,0.01923,0.02204
3700,0.01925,0.02202
3701,0.01923,0.02201
3702,0.01926,0.02203
3703,0.01927,0.02202
3704,0.01921,0.02205
3705,0.01919,0.02215
3706,0.01915,0.02214
3707,0.01919,0.02205
3708,0.01919,0.0221
3709,0.0192,0.02212
3710,0.01913,0.02212
3711,0.01912,0.02209
3712,0.01917,0.02208
3713,0.0192,0.02208
3714,0.01926,0.02214
3715,0.01928,0.02204
3716,0.01926,0.02205
3717,0.0192,0.02211
3718,0.01928,0.02203
3719,0.01923,0.02201
3720,0.01923,0.02199
3721,0.01926,0.02202
3722,0.01924,0.022
3723,0.01924,0.02204
3724,0.01928,0.02197
3725,0.01924,0.022
3726,0.01924,0.02199
3727,0.01926,0.02217
3728,0.01919,0.02211
3729,0.01917,0.02215
3730,0.01918,0.02209
3731,0.01917,0.0221
3732,0.01922,0.02205
3733,0.01922,0.02205
3734,0.01924,0.02201
3735,0.01924,0.02206
3736,0.01919,0.02206
3737,0.01922,0.02209
3738,0.01917,0.02206
3739,0.01919,0.02213
3740,0.01924,0.02207
3741,0.01918,0.02208
3742,0.0192,0.0221
3743,0.01917,0.02212
3744,0.01913,0.02216
3745,0.01926,0.02213
3746,0.01919,0.02211
3747,0.0192,0.02204
3748,0.01917,0.02207
3749,0.01921,0.02206
3750,0.01922,0.02202
3751,0.01927,0.02206
3752,0.01924,0.02205
3753,0.01921,0.02201
3754,0.01925,0.02204
3755,0.01926,0.02204
3756,0.01924,0.02205
3757,0.01925,0.02213
3758,0.01925,0.02211
3759,0.01919,0.02212
3760,0.0192,0.02208
3761,0.01919,0.02204
3762,0.01922,0.02202
3763,0.01923,0.02207
3764,0.01921,0.02201
3765,0.01933,0.02205
3766,0.01929,0.022
3767,0.01924,0.02198
3768,0.01928,0.02198
3769,0.01926,0.022
3770,0.01925,0.02196
3771,0.01925,0.02206
3772,0.01924,0.02204
3773,0.01924,0.022
3774,0.01928,0.02201
3775,0.01927,0.02205
3776,0.01926,0.02202
3777,0.01924,0.02205
3778,0.01923,0.02211
3779,0.01919,0.02211
3780,0.01918,0.02206
3781,0.0192,0.02203
3782,0.01921,0.02203
3783,0.01918,0.02204
3784,0.01926,0.02209
3785,0.0192,0.02209
3786,0.01921,0.02202
3787,0.01927,0.02214
3788,0.01922,0.02208
3789,0.0192,0.02221
3790,0.0191,0.02218
3791,0.01908,0.02216
3792,0.01916,0.02221
3793,0.01914,0.02215
3794,0.01912,0.02211
3795,0.01922,0.02218
3796,0.01921,0.02204
3797,0.0192,0.02207
3798,0.01921,0.02208
3799,0.01918,0.02216
3800,0.01918,0.02204
3801,0.01919,0.02206
3802,0.01917,0.02207
3803,0.0192,0.02207
3804,0.01922,0.02206
3805,0.01923,0.02209
3806,0.01922,0.02208
3807,0.0192,0.0221
3808,0.01922,0.0221
3809,0.01919,0.02208
3810,0.01923,0.02205
3811,0.01924,0.02206
3812,0.01925,0.02204
3813,0.01927,0.02201
3814,0.01918,0.02213
3815,0.01921,0.022
3816,0.01918,0.0221
3817,0.01921,0.02203
3818,0.01931,0.02202
3819,0.01932,0.02192
3820,0.01929,0.02197
3821,0.01929,0.02196
3822,0.01928,0.02208
3823,0.01922,0.02199
3824,0.01926,0.022
3825,0.01927,0.02201
3826,0.01929,0.022
3827,0.0193,0.02194
3828,0.01926,0.02198
3829,0.01929,0.02196
3830,0.01928,0.02207
3831,0.01923,0.02204
3832,0.01926,0.02202
3833,0.01924,0.02206
3834,0.01924,0.02204
3835,0.01924,0.02207
3836,0.01929,0.02197
3837,0.0193,0.02198
3838,0.01924,0.02212
3839,0.01924,0.02212
3840,0.0192,0.02206
3841,0.01924,0.02206
3842,0.01918,0.02204
3843,0.01918,0.02206
3844,0.01915,0.0221
3845,0.01916,0.0221
3846,0.01923,0.02211
3847,0.0192,0.02213
3848,0.01919,0.02205
3849,0.01926,0.02205
3850,0.01923,0.022
3851,0.01924,0.02199
3852,0.01934,0.02198
3853,0.01928,0.02205
3854,0.01928,0.02206
3855,0.01925,0.02195
3856,0.01931,0.02198
3857,0.0193,0.02193
3858,0.01927,0.022
3859,0.0193,0.02193
3860,0.01936,0.02192
3861,0.01933,0.0219
3862,0.01928,0.02198
3863,0.01924,0.02201
3864,0.01929,0.02195
3865,0.01928,0.02197
3866,0.01929,0.02199
3867,0.01929,0.02195
3868,0.01928,0.02196
3869,0.01923,0.022
3870,0.01925,0.02198
3871,0.01928,0.02199
3872,0.01925,0.02193
3873,0.01934,0.02196
3874,0.01933,0.02199
3875,0.01927,0.02196
3876,0.0193,0.02194
3877,0.01927,0.022
3878,0.01929,0.02199
3879,0.01924,0.02199
3880,0.01925,0.02195
3881,0.01934,0.02198
3882,0.01935,0.02187
3883,0.01933,0.02189
3884,0.0193,0.02192
3885,0.01935,0.02189
3886,0.01935,0.0219
3887,0.01932,0.02185
3888,0.01935,0.02188
3889,0.01935,0.02192
3890,0.01939,0.02187
3891,0.01936,0.0219
3892,0.0193,0.02191
3893,0.01937,0.02187
3894,0.01931,0.02189
3895,0.01934,0.02185
3896,0.01935,0.02188
3897,0.01937,0.02188
3898,0.01935,0.02185
3899,0.01938,0.02184
3900,0.01942,0.02188
3901,0.01942,0.02181
3902,0.01941,0.02177
3903,0.01939,0.02187
3904,0.0194,0.02185
3905,0.01936,0.02186
3906,0.0194,0.02192
3907,0.01938,0.02188
3908,0.01937,0.02193
3909,0.01938,0.02186
3910,0.01943,0.0218
3911,0.01943,0.02182
3912,0.01942,0.02182
3913,0.01938,0.02186
3914,0.01937,0.02183
3915,0.01941,0.02181
3916,0.01944,0.02182
3917,0.01944,0.02185
3918,0.01943,0.0218
3919,0.01943,0.02187
3920,0.01943,0.02184
3921,0.01939,0.02183
3922,0.01941,0.02184
3923,0.01942,0.02179
3924,0.0194,0.02181
3925,0.01937,0.0219
3926,0.01939,0.02189
3927,0.0194,0.02192
3928,0.01939,0.02185
3929,0.01936,0.02185
3930,0.01935,0.02189
3931,0.01932,0.02198
3932,0.01929,0.02199
3933,0.01924,0.02198
3934,0.01925,0.02199
3935,0.01927,0.02201
3936,0.01929,0.02198
3937,0.01928,0.02196
3938,0.01927,0.022
3939,0.01927,0.022
3940,0.01928,0.02197
3941,0.01925,0.02197
3942,0.01922,0.02205
3943,0.01926,0.02197
3944,0.0192,0.02203
3945,0.0192,0.02205
3946,0.01922,0.02212
3947,0.01923,0.022
3948,0.01919,0.02204
3949,0.01924,0.02209
3950,0.0192,0.02208
3951,0.01922,0.022
3952,0.01923,0.02207
3953,0.01927,0.02201
3954,0.01923,0.02204
3955,0.01925,0.022
3956,0.01923,0.02201
3957,0.01922,0.02202
3958,0.01927,0.022
3959,0.01924,0.02204
3960,0.01921,0.02203
3961,0.01918,0.022
3962,0.01925,0.02205
3963,0.0193,0.02197
3964,0.01929,0.02199
3965,0.01929,0.02198
3966,0.01925,0.02196
3967,0.01926,0.022
3968,0.01923,0.02198
3969,0.01926,0.02196
3970,0.01924,0.02195
3971,0.01927,0.022
3972,0.01928,0.02194
3973,0.01928,0.02193
3974,0.01932,0.02194
3975,0.01931,0.02196
3976,0.01931,0.02194
3977,0.01932,0.02196
3978,0.01933,0.02194
3979,0.01933,0.02201
3980,0.01932,0.02194
3981,0.0193,0.02198
3982,0.01924,0.02201
3983,0.01925,0.02199
3984,0.01923,0.02202
3985,0.01923,0.02202
3986,0.01924,0.02199
3987,0.01926,0.02201
3988,0.01922,0.02202
3989,0.01927,0.022
3990,0.01923,0.02204
3991,0.0192,0.02205
3992,0.01926,0.02209
3993,0.01925,0.02204
3994,0.01926,0.02201
3995,0.01927,0.02201
3996,0.01927,0.02207
3997,0.01925,0.02207
3998,0.01927,0.02203
3999,0.01927,0.02199
4000,0.01922,0.02203
4001,0.01929,0.02203
4002,0.01925,0.02211
4003,0.01926,0.02206
4004,0.01923,0.02204
4005,0.01924,0.02205
4006,0.01923,0.02198
4007,0.01922,0.02201
4008,0.01921,0.02203
4009,0.01924,0.022
4010,0.01926,0.022
4011,0.01929,0.02195
4012,0.01928,0.02194
4013,0.01929,0.02197
4014,0.0193,0.02198
4015,0.01927,0.022
4016,0.01927,0.02197
4017,0.01929,0.02199
4018,0.01925,0.02201
4019,0.01924,0.02202
4020,0.01925,0.02202
4021,0.01927,0.02204
4022,0.01928,0.02198
4023,0.01924,0.02197
4024,0.01929,0.022
4025,0.01925,0.02203
4026,0.01918,0.022
4027,0.01923,0.02208
4028,0.01921,0.02208
4029,0.01925,0.02203
4030,0.01929,0.02203
4031,0.01929,0.02201
4032,0.01924,0.02203
4033,0.01919,0.02203
4034,0.01923,0.022
4035,0.01926,0.02203
4036,0.01931,0.02201
4037,0.0193,0.02195
4038,0.01934,0.02189
4039,0.01941,0.02185
4040,0.01939,0.0219
4041,0.0194,0.02184
4042,0.0194,0.02184
4043,0.01936,0.02187
4044,0.01933,0.02189
4045,0.01934,0.02187
4046,0.01935,0.02186
4047,0.01929,0.02188
4048,0.01939,0.02191
4049,0.01935,0.02188
4050,0.01934,0.02194
4051,0.01936,0.02185
4052,0.01938,0.02183
4053,0.01944,0.02181
4054,0.01938,0.02182
4055,0.01938,0.02186
4056,0.01942,0.02179
4057,0.01941,0.02177
4058,0.01941,0.02178
4059,0.01936,0.02187
4060,0.01934,0.02186
4061,0.01934,0.02186
4062,0.01936,0.02183
4063,0.01941,0.02184
4064,0.0194,0.02182
4065,0.01944,0.02189
4066,0.01942,0.02185
4067,0.01947,0.02179
4068,0.01939,0.02185
4069,0.01943,0.02185
4070,0.01939,0.0218
4071,0.01937,0.02182
4072,0.01942,0.02186
4073,0.01937,0.02186
4074,0.01938,0.02186
4075,0.01937,0.02185
4076,0.01936,0.02183
4077,0.01938,0.02187
4078,0.01943,0.02186
4079,0.01935,0.02184
4080,0.01938,0.02186
4081,0.01941,0.02184
4082,0.01944,0.02185
4083,0.0194,0.02181
4084,0.01934,0.02189
4085,0.01942,0.02189
4086,0.01942,0.02188
4087,0.01945,0.02192
4088,0.01933,0.02192
4089,0.01932,0.02184
4090,0.01936,0.02188
4091,0.01934,0.02183
4092,0.01938,0.02187
4093,0.0194,0.02191
4094,0.01941,0.02181
4095,0.0194,0.02176
4096,0.0194,0.02179
4097,0.01942,0.02184
4098,0.01938,0.02181
4099,0.01936,0.02184
4100,0.01936,0.02193
4101,0.01938,0.02185
4102,0.01935,0.02196
4103,0.01932,0.02185
4104,0.01935,0.02186
4105,0.01935,0.02186
4106,0.01933,0.02188
4107,0.01939,0.02187
4108,0.0194,0.02186
4109,0.01941,0.02191
4110,0.01935,0.0219
4111,0.01937,0.0219
4112,0.01931,0.0219
4113,0.01937,0.02187
4114,0.01932,0.02194
4115,0.01928,0.02196
4116,0.0193,0.02195
4117,0.01929,0.02198
4118,0.01927,0.02199
4119,0.01926,0.02198
4120,0.0193,0.02203
4121,0.01927,0.02201
4122,0.01924,0.02201
4123,0.01925,0.02201
4124,0.01921,0.02209
4125,0.01918,0.02206
4126,0.01922,0.02205
4127,0.01923,0.02209
4128,0.01919,0.02208
4129,0.01917,0.02209
4130,0.01921,0.02211
4131,0.01914,0.02214
4132,0.01911,0.02219
4133,0.01914,0.02211
4134,0.01918,0.02211
4135,0.01913,0.02214
4136,0.01914,0.02212
4137,0.01921,0.02212
4138,0.01923,0.0221
4139,0.01913,0.02214
4140,0.01916,0.02214
4141,0.01918,0.02215
4142,0.01916,0.02209
4143,0.0192,0.02211
4144,0.01922,0.02211
4145,0.01929,0.02199
4146,0.01927,0.02197
4147,0.01926,0.02195
4148,0.01929,0.02194
4149,0.0193,0.02201
4150,0.01925,0.02198
4151,0.01932,0.02198
4152,0.01926,0.02199
4153,0.0193,0.02197
4154,0.01933,0.02194
4155,0.01932,0.02192
4156,0.01932,0.02191
4157,0.01938,0.02192
4158,0.01943,0.02192
4159,0.01933,0.02185
4160,0.01936,0.0219
4161,0.01934,0.02196
4162,0.01928,0.02204
4163,0.0192,0.02204
4164,0.01931,0.02203
4165,0.01928,0.02202
4166,0.0193,0.02199
4167,0.01926,0.02198
4168,0.01931,0.02196
4169,0.0193,0.02196
4170,0.01933,0.02194
4171,0.01934,0.02193
4172,0.01927,0.02198
4173,0.01929,0.02201
4174,0.01931,0.02203
4175,0.01933,0.02197
4176,0.01932,0.02198
4177,0.01929,0.02198
4178,0.01924,0.022
4179,0.01929,0.02198
4180,0.01926,0.02198
4181,0.01929,0.02198
4182,0.01927,0.02197
4183,0.01925,0.022
4184,0.01926,0.02195
4185,0.01931,0.02204
4186,0.01923,0.02204
4187,0.01921,0.02206
4188,0.0192,0.02207
4189,0.01919,0.02208
4190,0.01926,0.02205
4191,0.01921,0.02208
4192,0.01923,0.02203
4193,0.01921,0.02203
4194,0.01922,0.02204
4195,0.01924,0.02208
4196,0.01927,0.02207
4197,0.01921,0.02205
4198,0.01927,0.02208
4199,0.01919,0.02205
4200,0.01921,0.02203
4201,0.01922,0.02205
4202,0.01922,0.02205
4203,0.01921,0.02204
4204,0.01921,0.02205
4205,0.01923,0.022
4206,0.01927,0.02204
4207,0.01925,0.02202
4208,0.01921,0.02204
4209,0.01924,0.022
4210,0.01924,0.02206
4211,0.01921,0.02203
4212,0.01925,0.02207
4213,0.01923,0.02209
4214,0.01929,0.02193
4215,0.01924,0.02203
4216,0.01919,0.02207
4217,0.01922,0.02201
4218,0.01918,0.02208
4219,0.01921,0.02209
4220,0.01917,0.02207
4221,0.01914,0.0221
4222,0.01916,0.02211
4223,0.01914,0.02214
4224,0.01918,0.02211
4225,0.01913,0.02221
4226,0.01915,0.02217
4227,0.01917,0.02206
4228,0.01915,0.02217
4229,0.01917,0.02208
4230,0.01919,0.02208
4231,0.01924,0.02214
4232,0.01925,0.02202
4233,0.01927,0.02203
4234,0.01923,0.02207
4235,0.01926,0.02209
4236,0.01918,0.02206
4237,0.0192,0.02212
4238,0.01917,0.02211
4239,0.01919,0.02213
4240,0.01911,0.02209
4241,0.01915,0.02213
4242,0.01914,0.02212
4243,0.0192,0.02211
4244,0.01916,0.02214
4245,0.01914,0.02213
4246,0.01922,0.02217
4247,0.01923,0.02205
4248,0.01919,0.02215
4249,0.01923,0.02209
4250,0.0192,0.02204
4251,0.01918,0.02203
4252,0.01923,0.02202
4253,0.01919,0.02205
4254,0.01923,0.02208
4255,0.01928,0.02209
4256,0.01917,0.02208
4257,0.01919,0.02203
4258,0.01915,0.02214
4259,0.01921,0.02214
4260,0.0192,0.02207
4261,0.01923,0.02209
4262,0.01928,0.02203
4263,0.01927,0.02206
4264,0.01924,0.022
4265,0.01925,0.02206
4266,0.01922,0.02208
4267,0.01923,0.02202
4268,0.01919,0.02209
4269,0.01925,0.02213
4270,0.01922,0.02207
4271,0.01919,0.022
4272,0.01921,0.0221
4273,0.01917,0.0221
4274,0.01921,0.02208
4275,0.01918,0.0221
4276,0.01917,0.02213
4277,0.01915,0.02207
4278,0.01917,0.02209
4279,0.01914,0.02214
4280,0.01916,0.02206
4281,0.01917,0.02209
4282,0.01926,0.02212
4283,0.01926,0.02201
4284,0.01926,0.02207
4285,0.01922,0.02205
4286,0.01924,0.02206
4287,0.01921,0.02208
4288,0.01915,0.02213
4289,0.01918,0.02212
4290,0.01923,0.02202
4291,0.0192,0.02211
4292,0.01921,0.02216
4293,0.01916,0.02213
4294,0.01912,0.02211
4295,0.01918,0.02213
4296,0.01917,0.02211
4297,0.01921,0.02211
4298,0.0192,0.02201
4299,0.01917,0.02209
4300,0.01921,0.02204
4301,0.01922,0.02207
4302,0.01921,0.02214
4303,0.01911,0.02214
4304,0.01914,0.02213
4305,0.0191,0.02215
4306,0.01917,0.02217
4307,0.01919,0.02208
4308,0.01918,0.02207
4309,0.01914,0.0221
4310,0.01915,0.02215
4311,0.01914,0.02214
4312,0.01917,0.02212
4313,0.01919,0.02212
4314,0.01919,0.02209
4315,0.01918,0.02209
4316,0.01917,0.02214
4317,0.01922,0.02216
4318,0.0192,0.0221
4319,0.01919,0.0221
4320,0.0192,0.02208
4321,0.01924,0.02209
4322,0.01921,0.02203
4323,0.01922,0.02202
4324,0.01925,0.02201
4325,0.01921,0.02204
4326,0.01927,0.02198
4327,0.01921,0.02205
4328,0.01924,0.02203
4329,0.01921,0.02201
4330,0.01924,0.02203
4331,0.01925,0.02207
4332,0.01917,0.0221
4333,0.01917,0.0221
4334,0.01919,0.02208
4335,0.01919,0.02212
4336,0.01918,0.02206
4337,0.01916,0.02212
4338,0.01916,0.02209
4339,0.01918,0.02209
4340,0.0192,0.02207
4341,0.01917,0.02211
4342,0.01923,0.02206
4343,0.01918,0.02206
4344,0.0192,0.02209
4345,0.01923,0.02208
4346,0.01918,0.02222
4347,0.01912,0.02212
4348,0.01914,0.02216
4349,0.01916,0.02214
4350,0.01914,0.02215
4351,0.01911,0.02213
4352,0.01918,0.02212
4353,0.01912,0.02213
4354,0.01918,0.02215
4355,0.01921,0.02206
4356,0.0192,0.0221
4357,0.01924,0.02208
4358,0.0193,0.022
4359,0.01926,0.022
4360,0.01926,0.02195
4361,0.01929,0.02197
4362,0.01926,0.02197
4363,0.01932,0.02195
4364,0.01933,0.02196
4365,0.01935,0.02197
4366,0.01928,0.02192
4367,0.01926,0.02196
4368,0.01925,0.02197
4369,0.01933,0.02198
4370,0.01932,0.02193
4371,0.01929,0.02191
4372,0.01928,0.02197
4373,0.01933,0.02195
4374,0.01937,0.02192
4375,0.0193,0.02198
4376,0.01926,0.02191
4377,0.01933,0.02196
4378,0.0193,0.02187
4379,0.0193,0.02195
4380,0.01932,0.02196
4381,0.01928,0.02198
4382,0.01928,0.02195
4383,0.01933,0.02195
4384,0.01928,0.02197
4385,0.01931,0.02193
4386,0.01932,0.02189
4387,0.01935,0.02191
4388,0.01933,0.02192
4389,0.01936,0.02185
4390,0.01934,0.02193
4391,0.01935,0.02188
4392,0.01939,0.02184
4393,0.01936,0.02185
4394,0.01938,0.02181
4395,0.01937,0.02188
4396,0.01939,0.02188
4397,0.01933,0.02193
4398,0.01935,0.02187
4399,0.01943,0.02189
4400,0.01939,0.02189
4401,0.01938,0.02185
4402,0.01937,0.02185
4403,0.01939,0.02187
4404,0.01939,0.02193
4405,0.01939,0.02191
4406,0.0194,0.02188
4407,0.01932,0.02187
4408,0.01935,0.0219
4409,0.01937,0.02189
4410,0.01935,0.0219
4411,0.01936,0.02189
4412,0.0194,0.02185
4413,0.01936,0.02189
4414,0.0194,0.02187
4415,0.01945,0.02183
4416,0.01943,0.02182
4417,0.01944,0.02182
4418,0.01937,0.02188
4419,0.01938,0.02183
4420,0.0194,0.02181
4421,0.01941,0.02182
4422,0.01943,0.02183
4423,0.01938,0.02184
4424,0.01937,0.02183
4425,0.0194,0.02187
4426,0.01937,0.02184
4427,0.01932,0.02184
4428,0.01937,0.02186
4429,0.0194,0.02185
4430,0.0194,0.02185
4431,0.01946,0.02182
4432,0.01942,0.02188
4433,0.01938,0.02186
4434,0.01935,0.02187
4435,0.01938,0.02191
4436,0.0193,0.02196
4437,0.01927,0.02194
4438,0.01928,0.02197
4439,0.01933,0.02199
4440,0.01929,0.02193
4441,0.0193,0.02196
4442,0.01927,0.022
4443,0.01928,0.02202
4444,0.01927,0.022
4445,0.01923,0.02203
4446,0.01932,0.02203
4447,0.01931,0.02199
4448,0.01928,0.02198
4449,0.01929,0.02194
4450,0.01931,0.02196
4451,0.01928,0.022
4452,0.01924,0.02199
4453,0.01932,0.022
4454,0.0193,0.02196
4455,0.01934,0.02189
4456,0.01933,0.0219
4457,0.01934,0.02186
4458,0.01929,0.02196
4459,0.01935,0.02191
4460,0.01932,0.02188
4461,0.0194,0.02189
4462,0.0194,0.02181
4463,0.01942,0.02181
4464,0.01941,0.02183
4465,0.01944,0.02183
4466,0.0194,0.02186
4467,0.01936,0.02188
4468,0.01939,0.0219
4469,0.01931,0.02192
4470,0.01932,0.0219
4471,0.01937,0.02192
4472,0.01928,0.02189
4473,0.01929,0.02195
4474,0.01933,0.02192
4475,0.01927,0.02196
4476,0.01934,0.02192
4477,0.01934,0.02193
4478,0.0193,0.02201
4479,0.01931,0.02196
4480,0.0193,0.02199
4481,0.01928,0.02203
4482,0.01929,0.02193
4483,0.01929,0.02193
4484,0.0193,0.02197
4485,0.01932,0.02194
4486,0.01933,0.022
4487,0.01927,0.02194
4488,0.01936,0.02196
4489,0.01936,0.02191
4490,0.0193,0.02193
4491,0.01935,0.02196
4492,0.01933,0.02191
4493,0.01935,0.02192
4494,0.01935,0.02189
4495,0.01933,0.02192
4496,0.01935,0.02196
4497,0.01928,0.02195
4498,0.01935,0.02197
4499,0.01935,0.02187
4500,0.01937,0.02187
4501,0.01937,0.02186
4502,0.01939,0.02188
4503,0.01938,0.02192
4504,0.01933,0.02189
4505,0.01931,0.02191
4506,0.01938,0.02188
4507,0.01931,0.02187
4508,0.01942,0.02189
4509,0.01941,0.02183
4510,0.0194,0.02188
4511,0.01939,0.02183
4512,0.01944,0.02182
4513,0.01947,0.02185
4514,0.01948,0.02187
4515,0.01938,0.02188
4516,0.01944,0.02181
4517,0.01942,0.02179
4518,0.0194,0.02186
4519,0.01938,0.02178
4520,0.01934,0.02188
4521,0.01936,0.02183
4522,0.01935,0.02184
4523,0.01936,0.02191
4524,0.01933,0.02189
4525,0.01932,0.02197
4526,0.0193,0.02195
4527,0.01928,0.02199
4528,0.01929,0.02193
4529,0.01934,0.02196
4530,0.01927,0.02195
4531,0.01935,0.0219
4532,0.01939,0.02189
4533,0.01933,0.02183
4534,0.01938,0.02188
4535,0.01938,0.0219
4536,0.01938,0.02183
4537,0.01936,0.02192
4538,0.01937,0.02191
4539,0.01934,0.0219
4540,0.01941,0.02194
4541,0.01935,0.02191
4542,0.01941,0.02188
4543,0.01941,0.02181
4544,0.01942,0.02181
4545,0.01943,0.02184
4546,0.01937,0.02188
4547,0.01933,0.02186
4548,0.01934,0.02187
4549,0.01937,0.02186
4550,0.01937,0.02188
4551,0.01939,0.02186
4552,0.01935,0.02182
4553,0.0194,0.02186
4554,0.01937,0.02185
4555,0.01937,0.0218
4556,0.01937,0.02182
4557,0.01943,0.02184
4558,0.01937,0.02182
4559,0.01935,0.02187
4560,0.01943,0.02186
4561,0.01936,0.02185
4562,0.01936,0.02184
4563,0.01935,0.02186
4564,0.0194,0.02179
4565,0.01938,0.02182
4566,0.01939,0.02186
4567,0.01936,0.02193
4568,0.01932,0.02191
4569,0.01932,0.0219
4570,0.01938,0.02188
4571,0.0194,0.02186
4572,0.01936,0.02183
4573,0.01934,0.02187
4574,0.01938,0.02185
4575,0.01942,0.02183
4576,0.01941,0.02177
4577,0.01941,0.02183
4578,0.01947,0.02178
4579,0.01943,0.02178
4580,0.0194,0.02177
4581,0.01942,0.02174
4582,0.01938,0.02182
4583,0.01941,0.0218
4584,0.01936,0.02184
4585,0.01945,0.02181
4586,0.01947,0.02177
4587,0.01943,0.02179
4588,0.01943,0.02177
4589,0.01945,0.02178
4590,0.01943,0.02174
4591,0.01944,0.02176
4592,0.01944,0.02179
4593,0.01946,0.02177
4594,0.01942,0.02187
4595,0.01943,0.02179
4596,0.01943,0.02187
4597,0.01939,0.02185
4598,0.01941,0.02183
4599,0.01942,0.02184
4600,0.01939,0.02185
4601,0.01933,0.02188
4602,0.01933,0.02189
4603,0.01935,0.0219
4604,0.01937,0.02182
4605,0.01937,0.02181
4606,0.01939,0.02184
4607,0.01945,0.02181
4608,0.01942,0.02188
4609,0.01941,0.02186
4610,0.01942,0.02187
4611,0.01942,0.02187
4612,0.01937,0.02181
4613,0.01945,0.02188
4614,0.01939,0.02182
4615,0.0194,0.02181
4616,0.01939,0.02182
4617,0.01939,0.02186
4618,0.01943,0.0218
4619,0.0194,0.0218
4620,0.01941,0.02178
4621,0.01941,0.02177
4622,0.01939,0.02184
4623,0.01943,0.02186
4624,0.01944,0.02183
4625,0.01942,0.02188
4626,0.01941,0.02178
4627,0.01941,0.02181
4628,0.01944,0.02181
4629,0.01945,0.02177
4630,0.01946,0.02178
4631,0.01947,0.02175
4632,0.01945,0.02179
4633,0.0194,0.0218
4634,0.01941,0.02179
4635,0.01947,0.02179
4636,0.01946,0.02176
4637,0.01947,0.02171
4638,0.01947,0.02178
4639,0.0194,0.02177
4640,0.01946,0.02182
4641,0.01948,0.02177
4642,0.0194,0.02183
4643,0.01943,0.02177
4644,0.0195,0.0218
4645,0.01947,0.02168
4646,0.01946,0.02166
4647,0.0195,0.02166
4648,0.01951,0.02171
4649,0.01948,0.02179
4650,0.0195,0.02168
4651,0.0195,0.02169
4652,0.01956,0.02167
4653,0.0195,0.02168
4654,0.01953,0.0217
4655,0.01952,0.02177
4656,0.01949,0.02175
4657,0.01947,0.02177
4658,0.01947,0.02175
4659,0.01946,0.02175
4660,0.01953,0.02171
4661,0.01951,0.0217
4662,0.01949,0.02171
4663,0.01947,0.02167
4664,0.01954,0.02171
4665,0.01951,0.02166
4666,0.0195,0.02166
4667,0.01951,0.0217
4668,0.0195,0.02168
4669,0.0195,0.02167
4670,0.0195,0.02173
4671,0.01954,0.0217
4672,0.0195,0.02169
4673,0.01954,0.0217
4674,0.01947,0.02173
4675,0.01948,0.02177
4676,0.01945,0.02179
4677,0.01946,0.02178
4678,0.01946,0.02183
4679,0.01945,0.02177
4680,0.01945,0.02176
4681,0.01948,0.02173
4682,0.01944,0.02176
4683,0.01948,0.02176
4684,0.01946,0.02171
4685,0.01948,0.02178
4686,0.01945,0.02181
4687,0.01941,0.02183
4688,0.01945,0.02178
4689,0.01941,0.02177
4690,0.01944,0.0218
4691,0.01952,0.02186
4692,0.01951,0.02174
4693,0.01949,0.0217
4694,0.01945,0.02178
4695,0.01949,0.02174
4696,0.01949,0.02178
4697,0.0194,0.02181
4698,0.01942,0.02177
4699,0.01944,0.02181
4700,0.01943,0.02183
4701,0.01938,0.02182
4702,0.01947,0.02182
4703,0.01944,0.0218
4704,0.01945,0.02173
4705,0.01946,0.02178
4706,0.0194,0.02177
4707,0.01946,0.02179
4708,0.01942,0.0218
4709,0.01939,0.0218
4710,0.01946,0.02176
4711,0.01943,0.02175
4712,0.01943,0.02174
4713,0.0195,0.02174
4714,0.01941,0.02185
4715,0.01939,0.02185
4716,0.01947,0.02176
4717,0.01943,0.02184
4718,0.01938,0.02184
4719,0.01947,0.02185
4720,0.01936,0.02191
4721,0.01937,0.02182
4722,0.01941,0.02188
4723,0.01942,0.02177
4724,0.01945,0.02174
4725,0.01941,0.02178
4726,0.01939,0.02178
4727,0.01939,0.02178
4728,0.01938,0.02183
4729,0.01937,0.02181
4730,0.01938,0.02183
4731,0.01937,0.02182
4732,0.01933,0.02184
4733,0.01932,0.02188
4734,0.01934,0.02192
4735,0.01931,0.02192
4736,0.01938,0.02189
4737,0.01935,0.02191
4738,0.01935,0.02183
4739,0.01931,0.02189
4740,0.0193,0.02188
4741,0.01935,0.02188
4742,0.01942,0.02189
4743,0.01937,0.02186
4744,0.01945,0.02184
4745,0.01942,0.0218
4746,0.01951,0.02177
4747,0.01946,0.02175
4748,0.01949,0.0218
4749,0.01946,0.02177
4750,0.01948,0.02178
4751,0.01951,0.0217
4752,0.01949,0.02166
4753,0.01952,0.02174
4754,0.01942,0.02183
4755,0.01942,0.02184
4756,0.01941,0.02177
4757,0.01943,0.0218
4758,0.01937,0.02185
4759,0.01942,0.02182
4760,0.01939,0.02183
4761,0.01945,0.02178
4762,0.01941,0.02181
4763,0.01938,0.02188
4764,0.01933,0.02195
4765,0.01933,0.02197
4766,0.01933,0.02197
4767,0.01931,0.02191
4768,0.01936,0.02189
4769,0.01933,0.02186
4770,0.01931,0.02195
4771,0.0193,0.02191
4772,0.01932,0.02202
4773,0.01928,0.02198
4774,0.01928,0.02198
4775,0.01925,0.02198
4776,0.01934,0.02202
4777,0.01935,0.02196
4778,0.01935,0.02191
4779,0.01935,0.02199
4780,0.01927,0.02196
4781,0.01924,0.02196
4782,0.01928,0.02198
4783,0.01927,0.02202
4784,0.01935,0.02197
4785,0.01931,0.02198
4786,0.01931,0.02202
4787,0.01926,0.02202
4788,0.01928,0.02198
4789,0.01927,0.02199
4790,0.01928,0.02197
4791,0.01926,0.02202
4792,0.01928,0.02197
4793,0.01924,0.02205
4794,0.01923,0.02205
4795,0.01924,0.02206
4796,0.01929,0.02206
4797,0.01928,0.02201
4798,0.01926,0.02199
4799,0.01925,0.02196
4800,0.01928,0.02201
4801,0.01926,0.02206
4802,0.01922,0.02214
4803,0.01922,0.02211
4804,0.01918,0.02211
4805,0.01919,0.02205
4806,0.01919,0.02215
4807,0.01918,0.02209
4808,0.01919,0.02212
4809,0.01917,0.02212
4810,0.01914,0.02218
4811,0.01917,0.0221
4812,0.01912,0.02216
4813,0.01908,0.02218
4814,0.01913,0.02213
4815,0.01917,0.02217
4816,0.01917,0.02217
4817,0.01919,0.02208
4818,0.01923,0.02211
4819,0.01924,0.02204
4820,0.01923,0.02204
4821,0.01927,0.02203
4822,0.01929,0.02195
4823,0.01929,0.02193
4824,0.01934,0.02195
4825,0.01933,0.0219
4826,0.01934,0.02197
4827,0.01928,0.02198
4828,0.01931,0.02192
4829,0.01934,0.02196
4830,0.01934,0.02189
4831,0.01932,0.02191
4832,0.01931,0.02193
4833,0.01934,0.02195
4834,0.01933,0.02191
4835,0.01935,0.02192
4836,0.01934,0.02191
4837,0.01933,0.02192
4838,0.01928,0.02197
4839,0.01934,0.02193
4840,0.01934,0.0219
4841,0.01931,0.02194
4842,0.01932,0.02194
4843,0.01929,0.02198
4844,0.01932,0.02197
4845,0.0194,0.0219
4846,0.01938,0.02195
4847,0.01932,0.02196
4848,0.01932,0.02191
4849,0.01938,0.02191
4850,0.01929,0.02194
4851,0.01932,0.02194
4852,0.01931,0.02191
4853,0.01936,0.02187
4854,0.01932,0.02188
4855,0.01932,0.02195
4856,0.01934,0.02202
4857,0.01926,0.02199
4858,0.01919,0.02202
4859,0.01923,0.02203
4860,0.01926,0.02195
4861,0.01926,0.02196
4862,0.0193,0.02193
4863,0.01929,0.02196
4864,0.01925,0.02199
4865,0.01924,0.02199
4866,0.01926,0.02197
4867,0.01924,0.02207
4868,0.01929,0.02197
4869,0.01936,0.02196
4870,0.0193,0.02203
4871,0.01926,0.02199
4872,0.01926,0.02204
4873,0.01925,0.022
4874,0.0193,0.02203
4875,0.01931,0.022
4876,0.01928,0.02196
4877,0.01929,0.02194
4878,0.0193,0.02199
4879,0.01934,0.02192
4880,0.01929,0.02193
4881,0.0193,0.02197
4882,0.01934,0.02191
4883,0.01933,0.02194
4884,0.01936,0.02186
4885,0.01934,0.02188
4886,0.01932,0.02183
4887,0.01934,0.02184
4888,0.01935,0.02198
4889,0.01934,0.02196
4890,0.01937,0.02198
4891,0.01936,0.02181
4892,0.01938,0.02195
4893,0.0193,0.02195
4894,0.01934,0.02192
4895,0.01943,0.02184
4896,0.01944,0.02185
4897,0.01942,0.02179
4898,0.01939,0.02179
4899,0.01939,0.02182
4900,0.01939,0.02184
4901,0.01943,0.02176
4902,0.01942,0.02178
4903,0.01941,0.02174
4904,0.01941,0.02179
4905,0.01941,0.02179
4906,0.01939,0.02182
4907,0.01943,0.02179
4908,0.01944,0.02173
4909,0.01953,0.02177
4910,0.01948,0.02173
4911,0.01951,0.02169
4912,0.01949,0.0217
4913,0.01952,0.02172
4914,0.01956,0.02176
4915,0.01944,0.02178
4916,0.01945,0.02172
4917,0.01947,0.02175
4918,0.01948,0.0218
4919,0.01944,0.02182
4920,0.01944,0.02183
4921,0.0194,0.02182
4922,0.01941,0.02181
4923,0.01938,0.02188
4924,0.01933,0.02189
4925,0.01937,0.02192
4926,0.01938,0.02187
4927,0.01934,0.02187
4928,0.01935,0.02182
4929,0.01941,0.02188
4930,0.01938,0.02184
4931,0.01944,0.02183
4932,0.01942,0.02184
4933,0.01943,0.02177
4934,0.01943,0.02177
4935,0.01949,0.02184
4936,0.01943,0.0218
4937,0.01938,0.02186
4938,0.01939,0.02186
4939,0.01939,0.02179
4940,0.01939,0.02188
4941,0.0194,0.02181
4942,0.01939,0.02183
4943,0.01937,0.02187
4944,0.01939,0.02185
4945,0.01938,0.02188
4946,0.01933,0.02188
4947,0.01941,0.02184
4948,0.01943,0.02179
4949,0.01942,0.02178
4950,0.01943,0.02185
4951,0.01948,0.02185
4952,0.01947,0.02179
4953,0.01942,0.02183
4954,0.0194,0.02189
4955,0.01935,0.02189
4956,0.01937,0.02188
4957,0.0194,0.0219
4958,0.01939,0.02186
4959,0.01947,0.02179
4960,0.01941,0.02185
4961,0.01937,0.02194
4962,0.01938,0.02193
4963,0.01938,0.02191
4964,0.01938,0.02183
4965,0.0194,0.02185
4966,0.01936,0.02187
4967,0.01935,0.02189
4968,0.01934,0.0219
4969,0.01934,0.02189
4970,0.01934,0.02193
4971,0.01927,0.02196
4972,0.01927,0.02198
4973,0.0193,0.022
4974,0.01927,0.02197
4975,0.01935,0.02193
4976,0.01933,0.02189
4977,0.01938,0.02185
4978,0.01936,0.02191
4979,0.01938,0.02186
4980,0.01934,0.02188
4981,0.01934,0.02191
4982,0.01936,0.02188
4983,0.01933,0.02192
4984,0.01929,0.02191
4985,0.01929,0.02198
4986,0.01929,0.02195
4987,0.01926,0.02201
4988,0.01937,0.02201
4989,0.01929,0.02197
4990,0.01935,0.02193
4991,0.01924,0.02195
4992,0.01924,0.022
4993,0.01931,0.02199
4994,0.01925,0.02198
4995,0.01921,0.02204
4996,0.01927,0.02203
4997,0.01933,0.02202
4998,0.01923,0.02201
4999,0.01926,0.02203
5000,0.01925,0.02197
5001,0.0193,0.02197
5002,0.01934,0.02196
5003,0.01928,0.02191
5004,0.0193,0.02197
5005,0.01931,0.02194
5006,0.01929,0.02194
5007,0.01931,0.02192
5008,0.01937,0.02194
5009,0.01934,0.02193
5010,0.01928,0.02197
5011,0.0193,0.02197
5012,0.0193,0.0219
5013,0.01931,0.02199
5014,0.01927,0.02198
5015,0.01927,0.02207
5016,0.01921,0.02205
5017,0.01923,0.02205
5018,0.01921,0.0221
5019,0.0192,0.02211
5020,0.0192,0.02208
5021,0.0192,0.02209
5022,0.0193,0.02203
5023,0.01928,0.02207
5024,0.0193,0.02194
5025,0.01929,0.02196
5026,0.01927,0.02199
5027,0.01924,0.02197
5028,0.01928,0.02196
5029,0.01929,0.02196
5030,0.01927,0.022
5031,0.01928,0.02195
5032,0.01934,0.02193
5033,0.01932,0.02199
5034,0.01932,0.02197
5035,0.01924,0.02196
5036,0.01926,0.022
5037,0.01923,0.02205
5038,0.01928,0.022
5039,0.01923,0.02203
5040,0.01922,0.02202
5041,0.01927,0.02198
5042,0.01931,0.02198
5043,0.01929,0.02198
5044,0.01927,0.02199
5045,0.01927,0.02198
5046,0.01928,0.02198
5047,0.01925,0.022
5048,0.01925,0.022
5049,0.01934,0.02199
5050,0.01929,0.02203
5051,0.01933,0.02198
5052,0.01932,0.02192
5053,0.01936,0.02188
5054,0.01933,0.02191
5055,0.01937,0.02187
5056,0.01936,0.02188
5057,0.01932,0.02192
5058,0.01933,0.02188
5059,0.01931,0.0219
5060,0.01931,0.02191
5061,0.01928,0.02191
5062,0.01927,0.02194
5063,0.01929,0.0219
5064,0.01929,0.02195
5065,0.01926,0.02194
5066,0.01928,0.02192
5067,0.01929,0.02201
5068,0.01924,0.02199
5069,0.01931,0.022
5070,0.01928,0.02199
5071,0.01928,0.02195
5072,0.01934,0.022
5073,0.01928,0.02205
5074,0.01929,0.02203
5075,0.01925,0.02202
5076,0.0193,0.02201
5077,0.01924,0.02204
5078,0.01924,0.02205
5079,0.01928,0.022
5080,0.01927,0.02202
5081,0.01925,0.02207
5082,0.01925,0.02197
5083,0.01928,0.02194
5084,0.01931,0.022
5085,0.01933,0.02192
5086,0.01931,0.02197
5087,0.01932,0.02199
5088,0.01927,0.02197
5089,0.01932,0.022
5090,0.01933,0.02201
5091,0.01925,0.02197
5092,0.01927,0.02201
5093,0.01921,0.02203
5094,0.01926,0.02201
5095,0.01926,0.02201
5096,0.01926,0.02204
5097,0.01925,0.02203
5098,0.01925,0.02197
5099,0.01924,0.02204
5100,0.01925,0.02201
5101,0.01925,0.02199
5102,0.01919,0.02199
5103,0.01926,0.02201
5104,0.01933,0.02205
5105,0.01922,0.02197
5106,0.01935,0.022
5107,0.01935,0.02192
5108,0.01938,0.02187
5109,0.01931,0.02189
5110,0.01931,0.02186
5111,0.01941,0.02188
5112,0.01932,0.02196
5113,0.01929,0.02192
5114,0.01937,0.02188
5115,0.01932,0.02188
5116,0.01937,0.02192
5117,0.01934,0.02191
5118,0.01937,0.0219
5119,0.01936,0.02187
5120,0.01936,0.02191
5121,0.01936,0.0219
5122,0.01933,0.02196
5123,0.01943,0.0219
5124,0.01942,0.02184
5125,0.01938,0.02184
5126,0.01941,0.02184
5127,0.01939,0.02182
5128,0.01941,0.02182
5129,0.01944,0.02188
5130,0.01937,0.02184
5131,0.01936,0.02189
5132,0.01938,0.0219
5133,0.0194,0.02185
5134,0.01938,0.02193
5135,0.01935,0.02192
5136,0.01933,0.0219
5137,0.01927,0.02196
5138,0.01928,0.02197
5139,0.01936,0.02199
5140,0.01934,0.02187
5141,0.01934,0.02187
5142,0.01938,0.02187
5143,0.01928,0.02192
5144,0.01937,0.02195
5145,0.01929,0.0219
5146,0.01933,0.02188
5147,0.01929,0.02193
5148,0.01934,0.02191
5149,0.01935,0.02192
5150,0.01934,0.02191
5151,0.01931,0.02192
5152,0.01936,0.02192
5153,0.01932,0.02191
5154,0.01935,0.02188
5155,0.01935,0.02187
5156,0.01936,0.02191
5157,0.01936,0.02183
5158,0.01937,0.02186
5159,0.01938,0.02182
5160,0.01935,0.02185
5161,0.01935,0.02187
5162,0.01935,0.02184
5163,0.01939,0.02185
5164,0.01941,0.02186
5165,0.01937,0.0218
5166,0.01939,0.02183
5167,0.01945,0.02182
5168,0.01943,0.02183
5169,0.01945,0.02176
5170,0.01943,0.02179
5171,0.01942,0.02175
5172,0.01946,0.02178
5173,0.01943,0.02179
5174,0.01943,0.02179
5175,0.01944,0.02183
5176,0.01944,0.02184
5177,0.01938,0.02181
5178,0.01941,0.02186
5179,0.01946,0.02177
5180,0.01943,0.02177
5181,0.01947,0.02177
5182,0.01945,0.02179
5183,0.01946,0.02188
5184,0.01935,0.0219
5185,0.01939,0.02188
5186,0.01939,0.02187
5187,0.01937,0.02184
5188,0.01937,0.02192
5189,0.01933,0.0219
5190,0.01931,0.02193
5191,0.01935,0.0219
5192,0.01941,0.02185
5193,0.01938,0.0219
5194,0.01942,0.02182
5195,0.01939,0.02183
5196,0.01944,0.02184
5197,0.01944,0.02177
5198,0.01944,0.02184
5199,0.01945,0.02182
5200,0.01942,0.02179
5201,0.01939,0.02183
5202,0.01938,0.02181
5203,0.01943,0.02183
5204,0.01938,0.02184
5205,0.01941,0.02189
5206,0.01937,0.02183
5207,0.01941,0.02191
5208,0.01946,0.02177
5209,0.01942,0.02177
5210,0.01937,0.02183
5211,0.01938,0.02183
5212,0.01934,0.02186
5213,0.0194,0.02184
5214,0.01943,0.02187
5215,0.01944,0.02181
5216,0.01944,0.02184
5217,0.01938,0.02186
5218,0.01938,0.02184
5219,0.01936,0.02187
5220,0.01939,0.02184
5221,0.01941,0.02187
5222,0.01943,0.02184
5223,0.01942,0.02186
5224,0.01935,0.0219
5225,0.01939,0.02183
5226,0.01937,0.02183
5227,0.01937,0.0219
5228,0.01936,0.02191
5229,0.01936,0.02189
5230,0.01935,0.02196
5231,0.01936,0.02185
5232,0.01936,0.02189
5233,0.01929,0.02196
5234,0.01927,0.022
5235,0.01925,0.02194
5236,0.01925,0.02195
5237,0.01931,0.02195
5238,0.01933,0.02197
5239,0.01932,0.02196
5240,0.01928,0.02195
5241,0.01934,0.02192
5242,0.0193,0.02198
5243,0.01939,0.022
5244,0.01927,0.022
5245,0.01924,0.02204
5246,0.01925,0.02205
5247,0.01924,0.02206
5248,0.01926,0.02205
5249,0.01926,0.02205
5250,0.01926,0.02206
5251,0.01926,0.02201
5252,0.0193,0.022
5253,0.01926,0.02197
5254,0.01926,0.02202
5255,0.01925,0.02198
5256,0.01924,0.02201
5257,0.01928,0.02195
5258,0.01931,0.02199
5259,0.01928,0.02197
5260,0.0193,0.02193
5261,0.01938,0.0219
5262,0.01937,0.0219
5263,0.01934,0.02193
5264,0.01937,0.02192
5265,0.01934,0.0219
5266,0.01936,0.02189
5267,0.01935,0.02191
5268,0.01937,0.02191
5269,0.01933,0.02193
5270,0.01933,0.02195
5271,0.01937,0.02196
5272,0.01933,0.02193
5273,0.01932,0.02188
5274,0.0193,0.02199
5275,0.01926,0.02195
5276,0.01924,0.022
5277,0.01922,0.02203
5278,0.0192,0.02204
5279,0.01919,0.02205
5280,0.01923,0.02209
5281,0.01926,0.02209
5282,0.01919,0.02211
5283,0.01914,0.02207
5284,0.01912,0.0221
5285,0.0192,0.02208
5286,0.01922,0.02205
5287,0.0192,0.022
5288,0.01923,0.02199
5289,0.01929,0.022
5290,0.01925,0.02197
5291,0.01923,0.02197
5292,0.01925,0.02199
5293,0.01924,0.02197
5294,0.01924,0.02203
5295,0.01926,0.02212
5296,0.01919,0.0221
5297,0.0192,0.02209
5298,0.01919,0.02206
5299,0.0192,0.02204
5300,0.01926,0.02204
5301,0.01924,0.02209
5302,0.01919,0.02207
5303,0.01922,0.02206
5304,0.01921,0.02211
5305,0.01919,0.02214
5306,0.01917,0.0221
5307,0.01914,0.02212
5308,0.01915,0.02213
5309,0.01916,0.02213
5310,0.01915,0.02209
5311,0.01915,0.02225
5312,0.0192,0.02223
5313,0.01911,0.0222
5314,0.0191,0.02221
5315,0.01912,0.02221
5316,0.01911,0.02215
5317,0.01912,0.0222
5318,0.01907,0.02217
5319,0.01914,0.02221
5320,0.01912,0.02222
5321,0.01915,0.02216
5322,0.01916,0.02219
5323,0.01916,0.02216
5324,0.01913,0.02214
5325,0.01911,0.02216
5326,0.01909,0.02219
5327,0.01913,0.02219
5328,0.0192,0.02214
5329,0.01919,0.02214
5330,0.01916,0.02214
5331,0.0191,0.02223
5332,0.01911,0.02218
5333,0.01911,0.02219
5334,0.01908,0.02215
5335,0.01906,0.02218
5336,0.01908,0.02222
5337,0.01912,0.02225
5338,0.01911,0.02222
5339,0.01904,0.02222
5340,0.01904,0.02221
5341,0.01914,0.02218
5342,0.01915,0.0222
5343,0.01913,0.02211
5344,0.01915,0.02217
5345,0.01915,0.02221
5346,0.01915,0.02219
5347,0.01915,0.02212
5348,0.01917,0.02218
5349,0.01916,0.02213
5350,0.01919,0.02216
5351,0.01915,0.02215
5352,0.01913,0.02211
5353,0.01915,0.02213
5354,0.01921,0.0221
5355,0.01921,0.02212
5356,0.01923,0.02206
5357,0.01921,0.02204
5358,0.01924,0.02205
5359,0.0192,0.02209
5360,0.01927,0.02207
5361,0.01925,0.02205
5362,0.01922,0.02213
5363,0.01923,0.0221
5364,0.01921,0.02207
5365,0.01923,0.02209
5366,0.01916,0.02207
5367,0.01919,0.02209
5368,0.01918,0.02203
5369,0.01917,0.02209
5370,0.01917,0.02208
5371,0.01923,0.02207
5372,0.01926,0.02205
5373,0.01927,0.02202
5374,0.0192,0.022
5375,0.01926,0.02201
5376,0.01924,0.02202
5377,0.01922,0.02201
5378,0.01926,0.02202
5379,0.01926,0.02197
5380,0.01925,0.02204
5381,0.01925,0.02202
5382,0.01926,0.02202
5383,0.01923,0.02207
5384,0.01927,0.02208
5385,0.0192,0.02212
5386,0.01919,0.02205
5387,0.01923,0.02208
5388,0.01924,0.02202
5389,0.01924,0.02202
5390,0.01927,0.02205
5391,0.01932,0.02208
5392,0.01931,0.02205
5393,0.01921,0.02202
5394,0.01924,0.02201
5395,0.01923,0.02198
5396,0.01926,0.02199
5397,0.01924,0.02201
5398,0.01922,0.02207
5399,0.01923,0.02205
5400,0.01921,0.02205
5401,0.01924,0.02199
5402,0.01928,0.02201
5403,0.01928,0.02198
5404,0.01923,0.02205
5405,0.01928,0.02204
5406,0.01928,0.02204
5407,0.01923,0.02206
5408,0.01927,0.02203
5409,0.01925,0.02208
5410,0.01923,0.02208
5411,0.01919,0.02204
5412,0.0192,0.022
5413,0.01927,0.02208
5414,0.01921,0.02202
5415,0.01923,0.02213
5416,0.01923,0.02206
5417,0.01925,0.02203
5418,0.0192,0.02203
5419,0.01924,0.02204
5420,0.01922,0.02202
5421,0.0192,0.02207
5422,0.01915,0.02209
5423,0.01916,0.02213
5424,0.0192,0.02208
5425,0.01921,0.02208
5426,0.0192,0.02209
5427,0.01922,0.02208
5428,0.01918,0.02208
5429,0.01922,0.02204
5430,0.0192,0.02203
5431,0.01921,0.02205
5432,0.01918,0.02209
5433,0.01924,0.02202
5434,0.01919,0.02206
5435,0.01919,0.02208
5436,0.0192,0.02203
5437,0.01919,0.02203
5438,0.01916,0.02204
5439,0.0193,0.02207
5440,0.01928,0.02198
5441,0.01926,0.02194
5442,0.01927,0.02196
5443,0.01931,0.02199
5444,0.01931,0.0219
5445,0.01931,0.02191
5446,0.01932,0.02193
5447,0.01928,0.02197
5448,0.01932,0.02193
5449,0.01935,0.02189
5450,0.01934,0.02195
5451,0.01934,0.02189
5452,0.01929,0.02193
5453,0.01932,0.02193
5454,0.0193,0.02193
5455,0.01935,0.02189
5456,0.01935,0.02191
5457,0.01934,0.0219
5458,0.01928,0.02191
5459,0.01929,0.02191
5460,0.01934,0.02194
5461,0.01938,0.02191
5462,0.01938,0.02191
5463,0.01935,0.02186
5464,0.01932,0.02189
5465,0.01937,0.02183
5466,0.01941,0.02185
5467,0.0194,0.02192
5468,0.01935,0.02187
5469,0.01937,0.02188
5470,0.01932,0.02187
5471,0.0193,0.02189
5472,0.01931,0.02188
5473,0.0193,0.02195
5474,0.01933,0.02193
5475,0.0193,0.02192
5476,0.01931,0.02194
5477,0.01935,0.02191
5478,0.01933,0.02194
5479,0.0193,0.02193
5480,0.01934,0.02192
5481,0.01934,0.02192
5482,0.0193,0.0219
5483,0.01931,0.02199
5484,0.01927,0.02198
5485,0.01931,0.02197
5486,0.0193,0.022
5487,0.01929,0.02195
5488,0.01929,0.02194
5489,0.01931,0.02194
5490,0.01928,0.02198
5491,0.0193,0.02191
5492,0.01934,0.02192
5493,0.01935,0.0219
5494,0.0193,0.02189
5495,0.01932,0.02188
5496,0.01929,0.02194
5497,0.01937,0.02197
5498,0.01936,0.02184
5499,0.01938,0.02187
5500,0.0194,0.02182
5501,0.01937,0.02181
5502,0.01944,0.02179
5503,0.01938,0.02179
5504,0.01938,0.02182
5505,0.01939,0.02192
5506,0.01941,0.02188
5507,0.01932,0.02188
5508,0.01931,0.02191
5509,0.01932,0.02189
5510,0.0193,0.02186
5511,0.01935,0.02191
5512,0.01932,0.0219
5513,0.0193,0.0219
5514,0.01935,0.0219
5515,0.01938,0.02194
5516,0.0193,0.02198
5517,0.0193,0.02193
5518,0.01933,0.02193
5519,0.01934,0.02199
5520,0.01926,0.02196
5521,0.01922,0.022
5522,0.01925,0.02197
5523,0.01928,0.02203
5524,0.01926,0.02201
5525,0.01925,0.02197
5526,0.01923,0.02195
5527,0.01928,0.02195
5528,0.01925,0.02194
5529,0.01928,0.02199
5530,0.01929,0.022
5531,0.01924,0.02201
5532,0.01926,0.02204
5533,0.01927,0.02201
5534,0.01928,0.02195
5535,0.01933,0.02194
5536,0.01934,0.02193
5537,0.01933,0.02193
5538,0.01935,0.02198
5539,0.01931,0.02193
5540,0.01928,0.02193
5541,0.01932,0.02198
5542,0.01927,0.02194
5543,0.01929,0.02199
5544,0.01929,0.02203
5545,0.01921,0.02206
5546,0.01921,0.02207
5547,0.01921,0.02204
5548,0.01925,0.02203
5549,0.01921,0.02206
5550,0.01927,0.02205
5551,0.01932,0.02201
5552,0.01922,0.02202
5553,0.01923,0.02204
5554,0.01921,0.02206
5555,0.01922,0.02203
5556,0.01918,0.02208
5557,0.01922,0.02211
5558,0.01916,0.02218
5559,0.01927,0.02214
5560,0.01919,0.0221
5561,0.01926,0.02208
5562,0.01926,0.02196
5563,0.01922,0.02197
5564,0.01923,0.02204
5565,0.01922,0.0221
5566,0.01919,0.02208
5567,0.01922,0.02203
5568,0.01919,0.02207
5569,0.01919,0.02209
5570,0.01921,0.02208
5571,0.01919,0.02212
5572,0.01921,0.02209
5573,0.01921,0.02205
5574,0.01917,0.02202
5575,0.01919,0.02205
5576,0.01918,0.02214
5577,0.01926,0.02205
5578,0.01924,0.02206
5579,0.01922,0.02215
5580,0.01916,0.0221
5581,0.01923,0.02214
5582,0.01912,0.0221
5583,0.01916,0.0221
5584,0.01916,0.02208
5585,0.01919,0.02211
5586,0.01913,0.02213
5587,0.01916,0.0222
5588,0.01918,0.02218
5589,0.01916,0.02216
5590,0.01915,0.02214
5591,0.0191,0.02215
5592,0.01913,0.02212
5593,0.01912,0.02216
5594,0.01915,0.0221
5595,0.01917,0.02207
5596,0.01917,0.02212
5597,0.01918,0.02214
5598,0.01916,0.02209
5599,0.01914,0.0221
5600,0.01922,0.02208
5601,0.0192,0.02208
5602,0.01922,0.02207
5603,0.0192,0.02212
5604,0.01914,0.02217
5605,0.01917,0.02213
5606,0.01921,0.02211
5607,0.01915,0.02207
5608,0.01912,0.02212
5609,0.01919,0.02211
5610,0.01915,0.02217
5611,0.01919,0.0221
5612,0.01918,0.02211
5613,0.01917,0.02202
5614,0.01918,0.02202
5615,0.01917,0.0221
5616,0.01919,0.02207
5617,0.01921,0.02209
5618,0.01919,0.02211
5619,0.01921,0.02208
5620,0.0192,0.02208
5621,0.01918,0.0222
5622,0.0191,0.02213
5623,0.01918,0.02218
5624,0.01911,0.02219
5625,0.01911,0.02221
5626,0.01914,0.0222
5627,0.01924,0.02211
5628,0.01915,0.02218
5629,0.01907,0.02227
5630,0.0191,0.02225
5631,0.01911,0.02222
5632,0.01913,0.02215
5633,0.01912,0.02213
5634,0.01915,0.02214
5635,0.01913,0.02215
5636,0.01919,0.02217
5637,0.01913,0.02218
5638,0.01915,0.02219
5639,0.01914,0.02219
5640,0.01908,0.02216
5641,0.0191,0.02216
5642,0.01912,0.02215
5643,0.01914,0.02215
5644,0.01918,0.02213
5645,0.01924,0.02208
5646,0.01919,0.02209
5647,0.01918,0.0221
5648,0.01919,0.02212
5649,0.01918,0.0221
5650,0.01913,0.0221
5651,0.01913,0.02211
5652,0.01914,0.02216
5653,0.01916,0.02216
5654,0.01922,0.02209
5655,0.01918,0.02209
5656,0.01923,0.02207
5657,0.0192,0.02204
5658,0.01921,0.02211
5659,0.01916,0.02216
5660,0.01913,0.02212
5661,0.01913,0.02212
5662,0.01915,0.02213
5663,0.01918,0.02212
5664,0.01919,0.02209
5665,0.01919,0.02209
5666,0.01922,0.02208
5667,0.01933,0.022
5668,0.01921,0.02204
5669,0.01922,0.02212
5670,0.0192,0.02214
5671,0.01922,0.02212
5672,0.01918,0.02209
5673,0.01917,0.02207
5674,0.01919,0.02211
5675,0.01919,0.02207
5676,0.01926,0.02202
5677,0.01921,0.02206
5678,0.01923,0.0221
5679,0.0193,0.0221
5680,0.01927,0.02199
5681,0.01923,0.02198
5682,0.01929,0.02198
5683,0.01929,0.02202
5684,0.01924,0.02197
5685,0.01931,0.022
5686,0.01928,0.02195
5687,0.01931,0.02197
5688,0.01929,0.02198
5689,0.01932,0.02194
5690,0.01926,0.02195
5691,0.01929,0.02199
5692,0.01928,0.022
5693,0.0193,0.02199
5694,0.01924,0.02197
5695,0.0193,0.02201
5696,0.01921,0.02203
5697,0.01923,0.02205
5698,0.01919,0.02204
5699,0.01925,0.02203
5700,0.01923,0.02197
5701,0.01932,0.022
5702,0.01924,0.02198
5703,0.01925,0.02198
5704,0.01922,0.02196
5705,0.01926,0.02201
5706,0.01927,0.02199
5707,0.01926,0.02203
5708,0.01923,0.02203
5709,0.01923,0.02197
5710,0.01925,0.02198
5711,0.01927,0.02203
5712,0.01926,0.02199
5713,0.01925,0.02203
5714,0.01924,0.02205
5715,0.01928,0.02202
5716,0.01924,0.02206
5717,0.01922,0.02206
5718,0.01923,0.02198
5719,0.01931,0.02198
5720,0.01933,0.02195
5721,0.0193,0.02196
5722,0.01931,0.02196
5723,0.01926,0.02201
5724,0.01926,0.02203
5725,0.01924,0.02195
5726,0.01928,0.02193
5727,0.01924,0.02199
5728,0.01925,0.02196
5729,0.01926,0.02197
5730,0.01929,0.02201
5731,0.01929,0.02199
5732,0.01924,0.02201
5733,0.01925,0.02202
5734,0.01926,0.02199
5735,0.01927,0.022
5736,0.01925,0.02194
5737,0.01929,0.02196
5738,0.01925,0.02195
5739,0.01929,0.02189
5740,0.0193,0.02198
5741,0.01934,0.02197
5742,0.01931,0.02194
5743,0.01928,0.02197
5744,0.0193,0.02194
5745,0.01928,0.02194
5746,0.01931,0.02191
5747,0.01932,0.02194
5748,0.01929,0.02192
5749,0.01935,0.02195
5750,0.01934,0.02198
5751,0.01932,0.02194
5752,0.01931,0.02197
5753,0.0193,0.02201
5754,0.01925,0.02199
5755,0.01928,0.02199
5756,0.01931,0.02196
5757,0.01933,0.02189
5758,0.01935,0.02188
5759,0.01933,0.02189
5760,0.01935,0.02188
5761,0.01943,0.02191
5762,0.01936,0.0219
5763,0.01941,0.02191
5764,0.0194,0.02185
5765,0.01939,0.02183
5766,0.0194,0.02179
5767,0.01937,0.02183
5768,0.01936,0.02189
5769,0.01937,0.02184
5770,0.01936,0.02181
5771,0.01939,0.02185
5772,0.01941,0.0218
5773,0.01945,0.02184
5774,0.01946,0.02182
5775,0.0194,0.02183
5776,0.01937,0.02178
5777,0.01938,0.02191
5778,0.01937,0.0219
5779,0.0194,0.02188
5780,0.01938,0.02196
5781,0.01943,0.02187
5782,0.01941,0.02187
5783,0.0194,0.02193
5784,0.01945,0.02193
5785,0.0194,0.02186
5786,0.01943,0.02182
5787,0.01943,0.02179
5788,0.01946,0.02176
5789,0.01942,0.0218
5790,0.01943,0.02179
5791,0.01941,0.02179
5792,0.01945,0.02184
5793,0.01945,0.02182
5794,0.01937,0.02184
5795,0.01935,0.02186
5796,0.01937,0.02188
5797,0.01936,0.02191
5798,0.01935,0.02189
5799,0.01937,0.02189
5800,0.01939,0.02188
5801,0.01937,0.02193
5802,0.0194,0.02186
5803,0.01939,0.02187
5804,0.0194,0.02179
5805,0.01935,0.02186
5806,0.01939,0.02186
5807,0.01942,0.02186
5808,0.01931,0.02192
5809,0.01935,0.0219
5810,0.0193,0.02188
5811,0.0193,0.02195
5812,0.0193,0.02192
5813,0.01929,0.02189
5814,0.01928,0.02194
5815,0.01933,0.02192
5816,0.01934,0.02193
5817,0.01933,0.02188
5818,0.01933,0.02193
5819,0.01932,0.02193
5820,0.01929,0.02197
5821,0.0193,0.02195
5822,0.01929,0.02202
5823,0.01928,0.02196
5824,0.01928,0.02202
5825,0.01927,0.02207
5826,0.01921,0.02208
5827,0.01919,0.02208
5828,0.01918,0.02212
5829,0.01917,0.02207
5830,0.01922,0.02207
5831,0.01921,0.02212
5832,0.01923,0.02207
5833,0.01924,0.02213
5834,0.01923,0.02214
5835,0.01922,0.02207
5836,0.01921,0.02215
5837,0.01918,0.02215
5838,0.01912,0.0222
5839,0.01912,0.02217
5840,0.01918,0.02217
5841,0.0192,0.02209
5842,0.01918,0.02205
5843,0.01923,0.02205
5844,0.01928,0.02202
5845,0.0193,0.02201
5846,0.01925,0.02207
5847,0.01926,0.02202
5848,0.01925,0.02208
5849,0.01927,0.02201
5850,0.01928,0.02196
5851,0.01933,0.02195
5852,0.01936,0.02188
5853,0.01938,0.02191
5854,0.01938,0.0219
5855,0.01936,0.02187
5856,0.01936,0.02187
5857,0.01944,0.02186
5858,0.01937,0.02181
5859,0.01932,0.02191
5860,0.01935,0.02185
5861,0.01937,0.02189
5862,0.01939,0.02185
5863,0.01937,0.0219
5864,0.01931,0.02189
5865,0.01935,0.02194
5866,0.01935,0.02187
5867,0.01938,0.02185
5868,0.0194,0.02191
5869,0.01938,0.02192
5870,0.0193,0.02199
5871,0.01929,0.02189
5872,0.01932,0.0219
5873,0.01931,0.02191
5874,0.01933,0.02195
5875,0.01936,0.02194
5876,0.01932,0.02191
5877,0.01931,0.02193
5878,0.01933,0.02194
5879,0.01936,0.02186
5880,0.01937,0.02191
5881,0.01931,0.02196
5882,0.0194,0.02191
5883,0.01938,0.02186
5884,0.01939,0.02184
5885,0.01931,0.02192
5886,0.01933,0.02188
5887,0.01932,0.02188
5888,0.01936,0.02192
5889,0.01933,0.02189
5890,0.0193,0.02196
5891,0.01931,0.02192
5892,0.01928,0.02199
5893,0.01929,0.02195
5894,0.01924,0.02196
5895,0.0193,0.02196
5896,0.01926,0.02197
5897,0.01928,0.02197
5898,0.01932,0.02197
5899,0.01933,0.02197
5900,0.01936,0.02192
5901,0.01934,0.02192
5902,0.01932,0.0219
5903,0.01937,0.02187
5904,0.01935,0.0219
5905,0.01943,0.0219
5906,0.01937,0.02194
5907,0.01938,0.02192
5908,0.01935,0.02182
5909,0.0194,0.02187
5910,0.01941,0.02182
5911,0.01941,0.02184
5912,0.01941,0.02185
5913,0.0194,0.02182
5914,0.01944,0.02183
5915,0.01945,0.02178
5916,0.01942,0.02183
5917,0.01944,0.0218
5918,0.01946,0.02185
5919,0.01944,0.02183
5920,0.01945,0.02178
5921,0.01946,0.02174
5922,0.01945,0.02179
5923,0.01946,0.02175
5924,0.01945,0.02176
5925,0.01945,0.02175
5926,0.01943,0.02184
5927,0.01939,0.0218
5928,0.0194,0.0218
5929,0.01946,0.02177
5930,0.01949,0.02177
5931,0.01944,0.02171
5932,0.01946,0.02178
5933,0.01949,0.02177
5934,0.01946,0.02175
5935,0.0195,0.02175
5936,0.01947,0.0218
5937,0.01938,0.02179
5938,0.0195,0.02176
5939,0.01948,0.0217
5940,0.01948,0.02173
5941,0.01962,0.02174
5942,0.01961,0.02171
5943,0.0195,0.02174
5944,0.01951,0.02169
5945,0.0195,0.02168
5946,0.01951,0.02167
5947,0.01958,0.02169
5948,0.01954,0.02171
5949,0.0195,0.0217
5950,0.01953,0.0217
5951,0.01953,0.0217
5952,0.01948,0.02172
5953,0.01947,0.02168
5954,0.01951,0.02171
5955,0.01952,0.02174
5956,0.01954,0.02174
5957,0.01949,0.02173
5958,0.01946,0.02179
5959,0.01943,0.02178
5960,0.01946,0.02176
5961,0.01942,0.02171
5962,0.01944,0.02179
5963,0.01949,0.02175
5964,0.01946,0.0218
5965,0.01941,0.02178
5966,0.01943,0.02176
5967,0.01942,0.02176
5968,0.01946,0.02172
5969,0.01943,0.02181
5970,0.01947,0.02178
5971,0.01943,0.02179
5972,0.01938,0.02181
5973,0.01942,0.02182
5974,0.01951,0.02183
5975,0.01951,0.02176
5976,0.01953,0.02169
5977,0.01949,0.02173
5978,0.01949,0.02171
5979,0.01949,0.02175
5980,0.01952,0.02168
5981,0.01949,0.02171
5982,0.01955,0.02169
5983,0.01951,0.02167
5984,0.01949,0.02169
5985,0.01947,0.02168
5986,0.01946,0.02171
5987,0.01953,0.02174
5988,0.01946,0.0217
5989,0.01944,0.02171
5990,0.01946,0.02174
5991,0.01947,0.02172
5992,0.01948,0.02172
5993,0.01957,0.02173
5994,0.01955,0.02168
5995,0.01952,0.02172
5996,0.01955,0.02168
5997,0.01946,0.0217
5998,0.01949,0.0217
5999,0.0195,0.02169
6000,0.01954,0.02165
6001,0.0195,0.0217
6002,0.01952,0.0217
6003,0.01953,0.0217
6004,0.01949,0.02173
6005,0.01949,0.0217
6006,0.01945,0.02177
6007,0.01944,0.02176
6008,0.01946,0.02173
6009,0.0195,0.02173
6010,0.01944,0.02178
6011,0.01943,0.02175
6012,0.01946,0.02174
6013,0.01947,0.02181
6014,0.01942,0.02184
6015,0.0194,0.0218
6016,0.01945,0.02179
6017,0.0195,0.02174
6018,0.01944,0.02179
6019,0.01943,0.02188
6020,0.01939,0.02183
6021,0.01936,0.02188
6022,0.01933,0.02184
6023,0.01941,0.02188
6024,0.01938,0.02185
6025,0.01937,0.02185
6026,0.0194,0.02181
6027,0.01937,0.02183
6028,0.01937,0.02182
6029,0.01936,0.02185
6030,0.01939,0.02184
6031,0.01943,0.02181
6032,0.01941,0.0218
6033,0.01946,0.02179
6034,0.01941,0.02182
6035,0.01941,0.0218
6036,0.01942,0.0218
6037,0.01945,0.02175
6038,0.01944,0.02178
6039,0.01946,0.02184
6040,0.01942,0.02176
6041,0.01942,0.02183
6042,0.0194,0.02182
6043,0.01945,0.02179
6044,0.01949,0.02177
6045,0.01947,0.02181
6046,0.01944,0.02175
6047,0.01943,0.02175
6048,0.01945,0.02178
6049,0.01943,0.02178
6050,0.01941,0.02187
6051,0.01938,0.02183
6052,0.0194,0.02185
6053,0.01937,0.02181
6054,0.01939,0.02186
6055,0.01939,0.02181
6056,0.01946,0.02182
6057,0.01943,0.02179
6058,0.01945,0.02173
6059,0.01944,0.02177
6060,0.01941,0.02181
6061,0.01942,0.02177
6062,0.01944,0.02176
6063,0.01944,0.02177
6064,0.01944,0.02178
6065,0.01942,0.02177
6066,0.01953,0.02179
6067,0.01946,0.02178
6068,0.01948,0.02174
6069,0.01949,0.02175
6070,0.01946,0.02173
6071,0.01948,0.02172
6072,0.01949,0.02168
6073,0.0195,0.02173
6074,0.01948,0.02177
6075,0.01954,0.02175
6076,0.01953,0.02174
6077,0.01952,0.0217
6078,0.01952,0.02169
6079,0.01949,0.02169
6080,0.01951,0.02171
6081,0.01955,0.02166
6082,0.01951,0.02165
6083,0.01949,0.0217
6084,0.01951,0.02166
6085,0.01948,0.02172
6086,0.01949,0.02171
6087,0.01949,0.02174
6088,0.0195,0.02177
6089,0.01948,0.02169
6090,0.01948,0.02174
6091,0.01946,0.02177
6092,0.01951,0.0217
6093,0.0195,0.02167
6094,0.0195,0.02167
6095,0.01954,0.02167
6096,0.01952,0.02171
6097,0.01954,0.02168
6098,0.01954,0.02165
6099,0.01954,0.02163
6100,0.01955,0.02164
6101,0.0196,0.02161
6102,0.01958,0.02159
6103,0.01955,0.02161
6104,0.01956,0.02161
6105,0.01962,0.02159
6106,0.01958,0.0216
6107,0.01959,0.02167
6108,0.01957,0.02158
6109,0.01959,0.02162
6110,0.01961,0.02159
6111,0.01961,0.02158
6112,0.01959,0.02159
6113,0.01962,0.02156
6114,0.01959,0.02163
6115,0.01962,0.02162
6116,0.01962,0.02162
6117,0.01961,0.02166
6118,0.01961,0.02161
6119,0.0196,0.02161
6120,0.01957,0.02162
6121,0.01954,0.02164
6122,0.01952,0.02164
6123,0.01951,0.0217
6124,0.01952,0.02173
6125,0.01951,0.02171
6126,0.01954,0.02171
6127,0.01952,0.02172
6128,0.01953,0.02177
6129,0.01951,0.02171
6130,0.01948,0.0217
6131,0.01947,0.02172
6132,0.01951,0.02173
6133,0.01953,0.02173
6134,0.01953,0.02168
6135,0.0195,0.02167
6136,0.0195,0.02172
6137,0.01952,0.02168
6138,0.01957,0.02172
6139,0.01954,0.02173
6140,0.01955,0.02162
6141,0.01958,0.02162
6142,0.01956,0.02155
6143,0.01964,0.02158
6144,0.01957,0.02156
6145,0.01957,0.02161
6146,0.01955,0.02156
6147,0.01959,0.0216
6148,0.01964,0.02156
6149,0.01962,0.02156
6150,0.01969,0.02158
6151,0.01971,0.02149
6152,0.01969,0.02147
6153,0.01968,0.02148
6154,0.01978,0.02148
6155,0.01968,0.02149
6156,0.01971,0.0215
6157,0.0197,0.02159
6158,0.01964,0.02153
6159,0.01969,0.02148
6160,0.01964,0.02154
6161,0.01964,0.02157
6162,0.01963,0.02154
6163,0.01964,0.02157
6164,0.01963,0.02155
6165,0.01967,0.02159
6166,0.01968,0.02157
6167,0.01961,0.02153
6168,0.0196,0.02156
6169,0.01958,0.02161
6170,0.01961,0.02156
6171,0.01957,0.02163
6172,0.0196,0.02163
6173,0.01961,0.02158
6174,0.01961,0.02157
6175,0.01962,0.02157
6176,0.01961,0.02162
6177,0.01961,0.02158
6178,0.01964,0.0216
6179,0.01964,0.02152
6180,0.01968,0.02158
6181,0.01966,0.02153
6182,0.01967,0.02152
6183,0.01971,0.02153
6184,0.01967,0.02155
6185,0.01966,0.02155
6186,0.01963,0.02154
6187,0.0197,0.02155
6188,0.01968,0.02154
6189,0.01969,0.02155
6190,0.01973,0.02159
6191,0.01962,0.02157
6192,0.01965,0.02159
6193,0.01964,0.02158
6194,0.01959,0.02156
6195,0.01965,0.02156
6196,0.01967,0.0215
6197,0.01971,0.02153
6198,0.01971,0.02146
6199,0.01968,0.02146
6200,0.01973,0.02146
6201,0.01965,0.02153
6202,0.01966,0.02152
6203,0.01965,0.02156
6204,0.01962,0.02154
6205,0.01958,0.02157
6206,0.01966,0.02157
6207,0.01962,0.02166
6208,0.01962,0.0216
6209,0.01955,0.02162
6210,0.01957,0.02165
6211,0.01951,0.02168
6212,0.01951,0.02171
6213,0.01947,0.02171
6214,0.01952,0.02171
6215,0.01952,0.02173
6216,0.01946,0.02181
6217,0.01947,0.02179
6218,0.01942,0.02176
6219,0.01944,0.02177
6220,0.01945,0.02179
6221,0.0194,0.02179
6222,0.01943,0.02185
6223,0.01939,0.02185
6224,0.01943,0.02187
6225,0.01944,0.02182
6226,0.01943,0.02186
6227,0.01944,0.02183
6228,0.01939,0.02184
6229,0.0194,0.02188
6230,0.01939,0.02186
6231,0.01935,0.02189
6232,0.01934,0.02187
6233,0.01934,0.02194
6234,0.01937,0.02185
6235,0.01944,0.02188
6236,0.01936,0.02188
6237,0.01935,0.02191
6238,0.01934,0.02194
6239,0.01926,0.02199
6240,0.01935,0.02199
6241,0.01936,0.02194
6242,0.0193,0.02192
6243,0.01934,0.02189
6244,0.01934,0.0219
6245,0.01937,0.02187
6246,0.01937,0.02194
6247,0.01934,0.02194
6248,0.01933,0.0219
6249,0.01931,0.02206
6250,0.01932,0.02199
6251,0.01925,0.02201
6252,0.01926,0.02199
6253,0.01928,0.02201
6254,0.01927,0.02199
6255,0.01929,0.02201
6256,0.01923,0.02198
6257,0.01928,0.02195
6258,0.01927,0.02202
6259,0.01929,0.02198
6260,0.01928,0.02206
6261,0.01924,0.02205
6262,0.0192,0.02209
6263,0.01918,0.02218
6264,0.01911,0.0221
6265,0.01918,0.02216
6266,0.01918,0.02216
6267,0.01917,0.02216
6268,0.0192,0.02213
6269,0.01918,0.02217
6270,0.01909,0.02214
6271,0.01913,0.02213
6272,0.0191,0.02225
6273,0.01906,0.02222
6274,0.01911,0.02221
6275,0.01913,0.02215
6276,0.01921,0.02214
6277,0.01916,0.02215
6278,0.01925,0.02212
6279,0.01923,0.02201
6280,0.01922,0.02204
6281,0.01923,0.02202
6282,0.01933,0.02203
6283,0.01921,0.02208
6284,0.01924,0.02198
6285,0.0193,0.02202
6286,0.01923,0.02204
6287,0.01924,0.02202
6288,0.01927,0.02201
6289,0.0192,0.02203
6290,0.01926,0.02198
6291,0.01922,0.02203
6292,0.01929,0.02202
6293,0.01929,0.02197
6294,0.01931,0.02196
6295,0.0193,0.02192
6296,0.01927,0.02193
6297,0.01927,0.02191
6298,0.01931,0.02193
6299,0.01934,0.02196
6300,0.0193,0.02192
6301,0.01937,0.0219
6302,0.01935,0.02186
6303,0.01937,0.02192
6304,0.01931,0.02191
6305,0.01931,0.02193
6306,0.01935,0.02188
6307,0.01939,0.02187
6308,0.01937,0.02191
6309,0.01936,0.02185
6310,0.01936,0.02189
6311,0.01934,0.02192
6312,0.01934,0.0219
6313,0.01929,0.02193
6314,0.01931,0.02193
6315,0.0193,0.02194
6316,0.01932,0.02192
6317,0.01934,0.022
6318,0.01926,0.022
6319,0.01926,0.02193
6320,0.01926,0.02199
6321,0.01935,0.02203
6322,0.01924,0.02198
6323,0.01928,0.02197
6324,0.01933,0.02195
6325,0.01926,0.02196
6326,0.01923,0.0221
6327,0.01924,0.02199
6328,0.01923,0.02198
6329,0.01922,0.02201
6330,0.01924,0.02201
6331,0.01924,0.02199
6332,0.01927,0.02195
6333,0.01931,0.02196
6334,0.01928,0.02199
6335,0.01927,0.02203
6336,0.01924,0.022
6337,0.01926,0.02195
6338,0.01933,0.02196
6339,0.01931,0.02203
6340,0.01926,0.02202
6341,0.01923,0.02204
6342,0.01921,0.02203
6343,0.0192,0.02202
6344,0.0192,0.02212
6345,0.01923,0.02212
6346,0.01925,0.022
6347,0.01925,0.02201
6348,0.01925,0.02204
6349,0.01924,0.02203
6350,0.01927,0.02205
6351,0.01927,0.02203
6352,0.01924,0.02207
6353,0.01926,0.02208
6354,0.01927,0.02206
6355,0.01922,0.02204
6356,0.01924,0.02204
6357,0.01919,0.02209
6358,0.01927,0.02202
6359,0.01925,0.02201
6360,0.01935,0.02204
6361,0.01926,0.022
6362,0.01925,0.022
6363,0.01925,0.02203
6364,0.01921,0.02211
6365,0.0192,0.02208
6366,0.01928,0.02209
6367,0.01921,0.0221
6368,0.01923,0.02207
6369,0.01919,0.02205
6370,0.01925,0.02203
6371,0.01925,0.02203
6372,0.01924,0.02199
6373,0.01926,0.02206
6374,0.01922,0.02205
6375,0.01923,0.02206
6376,0.01926,0.02203
6377,0.01925,0.02201
6378,0.01928,0.02196
6379,0.01931,0.02197
6380,0.01927,0.02196
6381,0.01927,0.02198
6382,0.01926,0.022
6383,0.01926,0.02198
6384,0.01928,0.02196
6385,0.01932,0.02197
6386,0.01925,0.02198
6387,0.01929,0.022
6388,0.01924,0.02201
6389,0.01922,0.02198
6390,0.0192,0.02203
6391,0.01923,0.02197
6392,0.01925,0.022
6393,0.01923,0.02203
6394,0.01921,0.02203
6395,0.01919,0.02206
6396,0.01919,0.02205
6397,0.01917,0.02204
6398,0.01921,0.02203
6399,0.01925,0.02204
6400,0.01932,0.02196
6401,0.01933,0.02196
6402,0.01932,0.02194
6403,0.0194,0.0219
6404,0.01934,0.02188
6405,0.01933,0.02196
6406,0.01932,0.02199
6407,0.01942,0.02195
6408,0.01935,0.02194
6409,0.01933,0.02191
6410,0.01934,0.02203
6411,0.01934,0.02201
6412,0.01933,0.02188
6413,0.0193,0.02191
6414,0.0193,0.0219
6415,0.01932,0.02192
6416,0.01928,0.02192
6417,0.0193,0.02194
6418,0.01933,0.02196
6419,0.01929,0.02205
6420,0.01925,0.02202
6421,0.01928,0.02202
6422,0.01924,0.02208
6423,0.01923,0.02202
6424,0.01921,0.02202
6425,0.01924,0.02202
6426,0.01923,0.02199
6427,0.01927,0.02196
6428,0.01928,0.02199
6429,0.01929,0.02198
6430,0.01928,0.022
6431,0.01927,0.02194
6432,0.01934,0.02198
6433,0.01932,0.02192
6434,0.01938,0.02197
6435,0.01938,0.022
6436,0.01937,0.02189
6437,0.01941,0.02186
6438,0.01934,0.02186
6439,0.01936,0.02186
6440,0.01939,0.02187
6441,0.0194,0.02187
6442,0.01937,0.02189
6443,0.01936,0.02188
6444,0.01934,0.0219
6445,0.01931,0.02186
6446,0.01938,0.02188
6447,0.0194,0.02188
6448,0.01941,0.02194
6449,0.01926,0.02195
6450,0.01938,0.02194
6451,0.01939,0.02183
6452,0.0194,0.02185
6453,0.01941,0.02194
6454,0.01931,0.02193
6455,0.01931,0.02193
6456,0.01931,0.02195
6457,0.01937,0.0219
6458,0.01934,0.02188
6459,0.01932,0.02192
6460,0.01929,0.0219
6461,0.01936,0.02192
6462,0.01934,0.02195
6463,0.01933,0.02194
6464,0.01937,0.02195
6465,0.01931,0.02196
6466,0.01934,0.02193
6467,0.01936,0.02191
6468,0.01934,0.02189
6469,0.01934,0.0219
6470,0.01937,0.02193
6471,0.01934,0.02196
6472,0.01939,0.02195
6473,0.01937,0.02187
6474,0.01933,0.02191
6475,0.01936,0.02192
6476,0.01933,0.02194
6477,0.0193,0.02194
6478,0.01928,0.0219
6479,0.01932,0.0219
6480,0.01929,0.02193
6481,0.01933,0.02194
6482,0.01929,0.02192
6483,0.0193,0.02195
6484,0.01927,0.02203
6485,0.01917,0.02205
6486,0.01926,0.02207
6487,0.01936,0.02195
6488,0.01935,0.02189
6489,0.01935,0.02191
6490,0.01938,0.02186
6491,0.01939,0.02187
6492,0.0194,0.02183
6493,0.01938,0.0218
6494,0.01938,0.02181
6495,0.01937,0.02183
6496,0.0194,0.02184
6497,0.01937,0.02184
6498,0.01935,0.02186
6499,0.01938,0.02186
6500,0.01936,0.02183
6501,0.01938,0.02184
6502,0.01939,0.02184
6503,0.01938,0.02179
6504,0.01938,0.02183
6505,0.01938,0.02186
6506,0.0194,0.02183
6507,0.01937,0.02187
6508,0.01932,0.02187
6509,0.01935,0.02186
6510,0.01934,0.02185
6511,0.01936,0.02185
6512,0.01937,0.02185
6513,0.01935,0.02191
6514,0.01938,0.02182
6515,0.01939,0.02186
6516,0.01937,0.02189
6517,0.01937,0.02189
6518,0.01933,0.02188
6519,0.01938,0.02188
6520,0.01935,0.02179
6521,0.01938,0.02183
6522,0.01941,0.02184
6523,0.0194,0.02182
6524,0.01939,0.02182
6525,0.01936,0.02185
6526,0.0194,0.02187
6527,0.0194,0.02181
6528,0.01941,0.02181
6529,0.01943,0.0218
6530,0.01946,0.02176
6531,0.01942,0.02173
6532,0.01943,0.02183
6533,0.01941,0.02184
6534,0.01941,0.02189
6535,0.01937,0.02182
6536,0.01938,0.02185
6537,0.01943,0.02183
6538,0.01941,0.02177
6539,0.0195,0.02181
6540,0.01948,0.02176
6541,0.01941,0.02178
6542,0.01944,0.02178
6543,0.01942,0.02184
6544,0.01946,0.02174
6545,0.01945,0.02178
6546,0.01952,0.02169
6547,0.01952,0.02169
6548,0.01954,0.0217
6549,0.01952,0.0217
6550,0.01956,0.02167
6551,0.01952,0.02175
6552,0.01954,0.02173
6553,0.0195,0.02168
6554,0.01951,0.02175
6555,0.01947,0.02176
6556,0.01945,0.02179
6557,0.01947,0.02179
6558,0.01949,0.02175
6559,0.01951,0.02183
6560,0.01945,0.02183
6561,0.01938,0.0218
6562,0.01941,0.0218
6563,0.01936,0.02184
6564,0.01934,0.02183
6565,0.01936,0.02189
6566,0.01938,0.02193
6567,0.01934,0.0219
6568,0.01934,0.02186
6569,0.01938,0.02193
6570,0.01933,0.02191
6571,0.01936,0.0219
6572,0.01931,0.02191
6573,0.01934,0.02193
6574,0.01931,0.02192
6575,0.01932,0.02187
6576,0.0194,0.02187
6577,0.01939,0.02184
6578,0.01938,0.02182
6579,0.01935,0.02184
6580,0.01936,0.02183
6581,0.0194,0.02184
6582,0.01936,0.02181
6583,0.01939,0.02183
6584,0.01941,0.02185
6585,0.01937,0.02188
6586,0.01934,0.02184
6587,0.01936,0.02184
6588,0.01935,0.02188
6589,0.01938,0.02188
6590,0.01936,0.02196
6591,0.01935,0.02196
6592,0.01931,0.02194
6593,0.01928,0.02192
6594,0.0193,0.02193
6595,0.01926,0.02194
6596,0.01926,0.02197
6597,0.01929,0.02194
6598,0.01928,0.02195
6599,0.01926,0.02197
6600,0.01928,0.02198
6601,0.01925,0.02196
6602,0.01923,0.02195
6603,0.01924,0.02198
6604,0.01921,0.02203
6605,0.01923,0.02208
6606,0.01925,0.02201
6607,0.01931,0.02202
6608,0.01926,0.02196
6609,0.01926,0.022
6610,0.01935,0.02192
6611,0.01929,0.02187
6612,0.01929,0.02194
6613,0.01932,0.02186
6614,0.01931,0.02188
6615,0.0193,0.02188
6616,0.01935,0.02193
6617,0.01932,0.02191
6618,0.01931,0.0219
6619,0.0193,0.02196
6620,0.01929,0.02196
6621,0.0193,0.02198
6622,0.01928,0.02197
6623,0.01933,0.02194
6624,0.01927,0.02193
6625,0.01925,0.02197
6626,0.01934,0.02194
6627,0.01932,0.02191
6628,0.01934,0.02186
6629,0.01932,0.02191
6630,0.01932,0.02198
6631,0.01934,0.02187
6632,0.01932,0.02185
6633,0.01935,0.02189
6634,0.01941,0.02185
6635,0.01934,0.02187
6636,0.01935,0.02188
6637,0.01937,0.02186
6638,0.01936,0.02193
6639,0.01928,0.02193
6640,0.01932,0.02189
6641,0.01932,0.02189
6642,0.01932,0.02195
6643,0.01935,0.02191
6644,0.01931,0.02191
6645,0.01929,0.0219
6646,0.01931,0.02195
6647,0.01933,0.02191
6648,0.01934,0.02193
6649,0.01936,0.02186
6650,0.01938,0.02181
6651,0.0194,0.02187
6652,0.01937,0.02188
6653,0.01934,0.02189
6654,0.01938,0.02183
6655,0.01937,0.02186
6656,0.01941,0.02183
6657,0.01944,0.02178
6658,0.01941,0.02182
6659,0.01947,0.02184
6660,0.01942,0.02179
6661,0.01938,0.02182
6662,0.01937,0.02179
6663,0.01939,0.02183
6664,0.01943,0.02179
6665,0.01941,0.02177
6666,0.01939,0.02183
6667,0.01948,0.02182
6668,0.01947,0.02177
6669,0.01943,0.0218
6670,0.01944,0.0218
6671,0.01941,0.0218
6672,0.01937,0.02183
6673,0.0194,0.02189
6674,0.01941,0.02191
6675,0.01935,0.02189
6676,0.01933,0.02184
6677,0.01936,0.0219
6678,0.01942,0.02183
6679,0.0194,0.02181
6680,0.01942,0.02189
6681,0.01933,0.02184
6682,0.01944,0.02189
6683,0.0194,0.02181
6684,0.01942,0.02187
6685,0.01939,0.02189
6686,0.0194,0.02181
6687,0.01941,0.02185
6688,0.01941,0.0218
6689,0.01942,0.02176
6690,0.01941,0.02184
6691,0.01941,0.0218
6692,0.01941,0.02187
6693,0.01938,0.02185
6694,0.01939,0.0219
6695,0.01932,0.02187
6696,0.01933,0.02189
6697,0.0193,0.02192
6698,0.01934,0.02197
6699,0.01931,0.02189
6700,0.0193,0.02191
6701,0.01934,0.02189
6702,0.01939,0.02189
6703,0.01936,0.02189
6704,0.01935,0.02196
6705,0.01934,0.02198
6706,0.01935,0.02193
6707,0.01932,0.02193
6708,0.01941,0.02193
6709,0.01936,0.02196
6710,0.01933,0.02189
6711,0.01935,0.02194
6712,0.01933,0.02194
6713,0.01937,0.02186
6714,0.01937,0.02197
6715,0.01933,0.02186
6716,0.01934,0.02189
6717,0.01935,0.02186
6718,0.01932,0.02193
6719,0.01929,0.02193
6720,0.01929,0.02196
6721,0.0193,0.02196
6722,0.01936,0.0219
6723,0.01931,0.02192
6724,0.01935,0.0219
6725,0.01935,0.02197
6726,0.0193,0.02197
6727,0.01929,0.02189
6728,0.0193,0.02189
6729,0.01934,0.02189
6730,0.01943,0.02188
6731,0.01937,0.02186
6732,0.01937,0.02183
6733,0.01938,0.02185
6734,0.01939,0.02182
6735,0.01935,0.02187
6736,0.01942,0.02187
6737,0.01948,0.02183
6738,0.01936,0.02185
6739,0.01939,0.02184
6740,0.0194,0.02185
6741,0.01949,0.02178
6742,0.01945,0.02175
6743,0.01946,0.02172
6744,0.01942,0.02175
6745,0.01944,0.02174
6746,0.01947,0.02175
6747,0.01942,0.02182
6748,0.01945,0.02182
6749,0.01945,0.02178
6750,0.01953,0.0218
6751,0.01944,0.02174
6752,0.01943,0.02181
6753,0.01944,0.02178
6754,0.01943,0.02179
6755,0.01944,0.02177
6756,0.01947,0.02177
6757,0.01943,0.02179
6758,0.01945,0.02177
6759,0.01943,0.02174
6760,0.01942,0.02177
6761,0.01948,0.02173
6762,0.01945,0.02181
6763,0.01942,0.0218
6764,0.01939,0.02185
6765,0.01936,0.02182
6766,0.01932,0.02185
6767,0.01938,0.02181
6768,0.01937,0.02181
6769,0.01935,0.02184
6770,0.01935,0.02184
6771,0.01934,0.02186
6772,0.01936,0.02195
6773,0.0193,0.02193
6774,0.0193,0.02194
6775,0.01932,0.02203
6776,0.01927,0.02197
6777,0.01926,0.02202
6778,0.01924,0.02197
6779,0.01933,0.02201
6780,0.01932,0.02193
6781,0.01931,0.02199
6782,0.01927,0.02195
6783,0.01928,0.02198
6784,0.01927,0.02197
6785,0.01929,0.02196
6786,0.01925,0.02204
6787,0.01933,0.02198
6788,0.0193,0.02196
6789,0.01929,0.02197
6790,0.0193,0.02199
6791,0.01932,0.02196
6792,0.01935,0.02198
6793,0.01932,0.02196
6794,0.01927,0.02197
6795,0.01928,0.02201
6796,0.01928,0.02199
6797,0.01923,0.02206
6798,0.01929,0.022
6799,0.01931,0.0219
6800,0.01931,0.0219
6801,0.01941,0.02188
6802,0.01936,0.02186
6803,0.01935,0.02191
6804,0.01932,0.02192
6805,0.0194,0.0219
6806,0.01934,0.02192
6807,0.01931,0.02192
6808,0.0193,0.02198
6809,0.01934,0.02189
6810,0.01938,0.02186
6811,0.01936,0.02187
6812,0.0194,0.02187
6813,0.0194,0.02182
6814,0.01937,0.02186
6815,0.01939,0.02186
6816,0.01933,0.02191
6817,0.01932,0.0219
6818,0.01934,0.02191
6819,0.01934,0.0219
6820,0.0193,0.02192
6821,0.01932,0.02194
6822,0.01932,0.0219
6823,0.01935,0.02193
6824,0.01941,0.02184
6825,0.01936,0.02187
6826,0.01935,0.02185
6827,0.01935,0.02195
6828,0.01928,0.02193
6829,0.01927,0.02192
6830,0.01929,0.02195
6831,0.01927,0.02196
6832,0.01929,0.02194
6833,0.01931,0.02193
6834,0.0193,0.02196
6835,0.01934,0.0219
6836,0.01932,0.02197
6837,0.0193,0.02199
6838,0.0193,0.02199
6839,0.01931,0.02194
6840,0.01929,0.02193
6841,0.01937,0.02192
6842,0.01936,0.02189
6843,0.01935,0.02184
6844,0.01943,0.02185
6845,0.01941,0.02192
6846,0.01928,0.0219
6847,0.0193,0.0219
6848,0.01929,0.02196
6849,0.01933,0.02197
6850,0.01926,0.022
6851,0.01926,0.02203
6852,0.01926,0.02198
6853,0.01928,0.022
6854,0.0193,0.02201
6855,0.01925,0.022
6856,0.01927,0.02197
6857,0.01932,0.02195
6858,0.01929,0.02194
6859,0.0193,0.02195
6860,0.01933,0.02196
6861,0.01925,0.022
6862,0.01928,0.02197
6863,0.0193,0.02192
6864,0.01928,0.02195
6865,0.01931,0.02187
6866,0.01936,0.02193
6867,0.01935,0.02185
6868,0.01937,0.0219
6869,0.01932,0.02191
6870,0.01937,0.0219
6871,0.01938,0.0219
6872,0.01939,0.02186
6873,0.01936,0.02185
6874,0.01936,0.02188
6875,0.01939,0.02184
6876,0.01936,0.02184
6877,0.01938,0.02191
6878,0.01934,0.02193
6879,0.01937,0.02187
6880,0.01934,0.02185
6881,0.01935,0.02192
6882,0.01931,0.02194
6883,0.01932,0.02194
6884,0.01929,0.02193
6885,0.01935,0.02196
6886,0.01937,0.02193
6887,0.01934,0.02195
6888,0.01925,0.02196
6889,0.01926,0.02196
6890,0.01924,0.02202
6891,0.01921,0.02209
6892,0.01923,0.02213
6893,0.01926,0.02206
6894,0.0192,0.02207
6895,0.01923,0.02203
6896,0.01923,0.02201
6897,0.01927,0.02201
6898,0.01928,0.02198
6899,0.01929,0.02194
6900,0.01927,0.02196
6901,0.01932,0.022
6902,0.01934,0.02188
6903,0.0193,0.02189
6904,0.01934,0.02189
6905,0.01932,0.02192
6906,0.01932,0.02186
6907,0.01931,0.02193
6908,0.01934,0.02192
6909,0.0194,0.02196
6910,0.01931,0.02191
6911,0.01935,0.02197
6912,0.01931,0.02195
6913,0.01929,0.02193
6914,0.01938,0.02196
6915,0.01939,0.0219
6916,0.01933,0.02187
6917,0.01936,0.02188
6918,0.01933,0.02201
6919,0.01932,0.02195
6920,0.01929,0.02196
6921,0.01928,0.02195
6922,0.01924,0.02194
6923,0.0193,0.02195
6924,0.01924,0.02204
6925,0.01927,0.022
6926,0.01929,0.02196
6927,0.01926,0.02205
6928,0.01921,0.022
6929,0.01921,0.02205
6930,0.01921,0.02204
6931,0.01923,0.02208
6932,0.01923,0.02209
6933,0.0192,0.02205
6934,0.01923,0.02204
6935,0.01923,0.02204
6936,0.01924,0.02205
6937,0.01919,0.02208
6938,0.01918,0.02207
6939,0.01927,0.02208
6940,0.01924,0.02201
6941,0.01927,0.02204
6942,0.01927,0.02201
6943,0.01923,0.02201
6944,0.01927,0.022
6945,0.01927,0.02201
6946,0.01921,0.02204
6947,0.01924,0.02203
6948,0.01927,0.02199
6949,0.01924,0.02205
6950,0.01923,0.022
6951,0.01923,0.022
6952,0.01927,0.02205
6953,0.01925,0.02202
6954,0.01927,0.02208
6955,0.01924,0.02205
6956,0.01919,0.02211
6957,0.01917,0.02212
6958,0.01921,0.02208
6959,0.0192,0.02207
6960,0.01918,0.02211
6961,0.01918,0.0221
6962,0.01921,0.02209
6963,0.01919,0.02207
6964,0.01921,0.02209
6965,0.01923,0.02206
6966,0.01921,0.02206
6967,0.01918,0.02201
6968,0.01923,0.02205
6969,0.01922,0.02206
6970,0.01921,0.02206
6971,0.01922,0.02204
6972,0.01924,0.02206
6973,0.01919,0.02204
6974,0.01919,0.02203
6975,0.01921,0.02204
6976,0.01913,0.0221
6977,0.01924,0.02207
6978,0.01923,0.02204
6979,0.01922,0.02204
6980,0.01922,0.02209
6981,0.01919,0.02209
6982,0.01914,0.02212
6983,0.01918,0.02209
6984,0.01921,0.02209
6985,0.01918,0.02208
6986,0.01921,0.0221
6987,0.01918,0.02202
6988,0.01925,0.02202
6989,0.01925,0.02205
6990,0.01925,0.02205
6991,0.01929,0.02207
6992,0.01916,0.02212
6993,0.01927,0.02206
6994,0.01919,0.02203
6995,0.01932,0.02205
6996,0.01926,0.02195
6997,0.01927,0.02195
6998,0.01929,0.02196
6999,0.01926,0.02197
7000,0.01927,0.02199
7001,0.01928,0.02196
7002,0.01931,0.02199
7003,0.01927,0.02207
7004,0.0192,0.02214
7005,0.01912,0.02208
7006,0.01919,0.02212
7007,0.01922,0.02217
7008,0.01922,0.02205
7009,0.01919,0.02212
7010,0.01917,0.02208
7011,0.01915,0.02212
7012,0.01914,0.02212
7013,0.01917,0.02209
7014,0.01923,0.02208
7015,0.01921,0.02208
7016,0.01922,0.02204
7017,0.01923,0.02208
7018,0.01921,0.02203
7019,0.01922,0.02205
7020,0.01918,0.02209
7021,0.01929,0.02208
7022,0.01928,0.02195
7023,0.01927,0.02198
7024,0.01926,0.02198
7025,0.01926,0.02198
7026,0.01924,0.02203
7027,0.01925,0.022
7028,0.01927,0.02199
7029,0.01928,0.02201
7030,0.01926,0.02201
7031,0.01931,0.02195
7032,0.0193,0.022
7033,0.01924,0.02199
7034,0.0193,0.02199
7035,0.01929,0.022
7036,0.01929,0.02199
7037,0.01923,0.02203
7038,0.01929,0.02203
7039,0.01928,0.02204
7040,0.01929,0.022
7041,0.01929,0.02194
7042,0.01927,0.02198
7043,0.01926,0.02202
7044,0.01923,0.02206
7045,0.01923,0.02202
7046,0.01923,0.02204
7047,0.01921,0.02203
7048,0.01925,0.02201
7049,0.01922,0.0221
7050,0.01919,0.02209
7051,0.01921,0.02206
7052,0.01919,0.02206
7053,0.01927,0.02206
7054,0.01923,0.02207
7055,0.01921,0.02204
7056,0.01924,0.02203
7057,0.0192,0.0221
7058,0.0192,0.02206
7059,0.01921,0.02204
7060,0.01921,0.02208
7061,0.01922,0.02207
7062,0.01916,0.02215
7063,0.01911,0.02213
7064,0.01915,0.02215
7065,0.01914,0.02217
7066,0.01912,0.02215
7067,0.01914,0.02216
7068,0.01916,0.02217
7069,0.01915,0.02217
7070,0.01923,0.02208
7071,0.01922,0.02207
7072,0.01919,0.02209
7073,0.01918,0.02205
7074,0.01921,0.02211
7075,0.01921,0.022
7076,0.01921,0.02204
7077,0.01921,0.02209
7078,0.01924,0.02202
7079,0.01923,0.02206
7080,0.01926,0.02205
7081,0.01917,0.0221
7082,0.01917,0.02206
7083,0.01918,0.02206
7084,0.01926,0.0221
7085,0.01925,0.02209
7086,0.01922,0.02205
7087,0.01924,0.02205
7088,0.01926,0.02207
7089,0.01917,0.02205
7090,0.01919,0.02208
7091,0.01917,0.02211
7092,0.01921,0.02206
7093,0.01918,0.02209
7094,0.01914,0.02212
7095,0.01917,0.02207
7096,0.01915,0.02211
7097,0.01918,0.02215
7098,0.01916,0.0221
7099,0.01917,0.02214
7100,0.01915,0.02212
7101,0.01917,0.02214
7102,0.01916,0.02212
7103,0.01916,0.02218
7104,0.01916,0.02218
7105,0.01915,0.02213
7106,0.0192,0.02209
7107,0.01922,0.0221
7108,0.01915,0.02214
7109,0.01917,0.02213
7110,0.01917,0.02216
7111,0.01914,0.02208
7112,0.01917,0.0221
7113,0.01914,0.02217
7114,0.01911,0.02216
7115,0.01912,0.02219
7116,0.01914,0.02214
7117,0.01919,0.02209
7118,0.01914,0.02211
7119,0.01918,0.02205
7120,0.01918,0.02209
7121,0.01918,0.02213
7122,0.01916,0.02211
7123,0.01921,0.02206
7124,0.01926,0.02203
7125,0.01924,0.022
7126,0.0193,0.02197
7127,0.01929,0.02198
7128,0.0193,0.02203
7129,0.01931,0.02193
7130,0.0193,0.02193
7131,0.01929,0.02199
7132,0.01934,0.02189
7133,0.01935,0.0219
7134,0.01931,0.02187
7135,0.01932,0.02193
7136,0.01935,0.02191
7137,0.01933,0.0219
7138,0.01936,0.02191
7139,0.01935,0.02189
7140,0.01934,0.02191
7141,0.01933,0.02195
7142,0.01935,0.02196
7143,0.01927,0.022
7144,0.01927,0.02199
7145,0.01925,0.02202
7146,0.01926,0.02203
7147,0.01922,0.02203
7148,0.01929,0.022
7149,0.0193,0.022
7150,0.01929,0.02195
7151,0.01934,0.02194
7152,0.01926,0.02197
7153,0.01926,0.02198
7154,0.01936,0.02201
7155,0.01933,0.02194
7156,0.01928,0.02197
7157,0.01932,0.02199
7158,0.01931,0.02198
7159,0.01928,0.02199
7160,0.01931,0.02199
7161,0.01932,0.02194
7162,0.01932,0.02195
7163,0.01931,0.02192
7164,0.01932,0.02192
7165,0.0193,0.02192
7166,0.01929,0.02196
7167,0.01931,0.02194
7168,0.01925,0.02199
7169,0.01931,0.02197
7170,0.0193,0.02198
7171,0.0193,0.02198
7172,0.01931,0.02199
7173,0.01926,0.02203
7174,0.01921,0.02206
7175,0.01925,0.02206
7176,0.01932,0.022
7177,0.01931,0.022
7178,0.01927,0.022
7179,0.01926,0.02203
7180,0.01919,0.02208
7181,0.01917,0.02206
7182,0.01922,0.02203
7183,0.01922,0.02208
7184,0.01921,0.02209
7185,0.01921,0.02212
7186,0.01918,0.0221
7187,0.01919,0.02203
7188,0.01923,0.02205
7189,0.01922,0.02207
7190,0.01926,0.02209
7191,0.01918,0.02209
7192,0.01917,0.02212
7193,0.01918,0.0221
7194,0.01923,0.02208
7195,0.0192,0.02207
7196,0.01921,0.02206
7197,0.01917,0.02207
7198,0.01919,0.02212
7199,0.01922,0.02211
7200,0.01922,0.02202
7201,0.01927,0.02204
7202,0.01926,0.022
7203,0.01929,0.02198
7204,0.01924,0.02198
7205,0.01927,0.02202
7206,0.01925,0.02202
7207,0.01925,0.02198
7208,0.0193,0.02201
7209,0.01924,0.02207
7210,0.01923,0.02202
7211,0.01929,0.02203
7212,0.01923,0.02206
7213,0.01923,0.02201
7214,0.01927,0.02202
7215,0.01925,0.02198
7216,0.01929,0.02198
7217,0.01927,0.02196
7218,0.01923,0.02198
7219,0.01925,0.02197
7220,0.01922,0.02198
7221,0.01933,0.022
7222,0.01932,0.02195
7223,0.01937,0.02194
7224,0.01938,0.02188
7225,0.0193,0.02194
7226,0.01931,0.0219
7227,0.01932,0.02185
7228,0.01933,0.02185
7229,0.01944,0.02185
7230,0.0194,0.02179
7231,0.01938,0.02181
7232,0.01941,0.02188
7233,0.01947,0.02176
7234,0.01949,0.02173
7235,0.01944,0.02179
7236,0.01941,0.02183
7237,0.01937,0.02183
7238,0.01937,0.02184
7239,0.01944,0.02186
7240,0.01944,0.02178
7241,0.01946,0.02182
7242,0.01939,0.02186
7243,0.01935,0.02192
7244,0.01935,0.02182
7245,0.0194,0.02183
7246,0.01944,0.02188
7247,0.01937,0.02186
7248,0.01945,0.02178
7249,0.01946,0.0218
7250,0.01942,0.02185
7251,0.0194,0.0219
7252,0.01939,0.02187
7253,0.01938,0.02182
7254,0.01941,0.02185
7255,0.01939,0.02185
7256,0.01939,0.02184
7257,0.0194,0.02181
7258,0.01939,0.02191
7259,0.01931,0.0219
7260,0.01934,0.02187
7261,0.01935,0.02192
7262,0.01934,0.02193
7263,0.01935,0.02193
7264,0.01931,0.02191
7265,0.01927,0.02191
7266,0.01935,0.02192
7267,0.01933,0.02193
7268,0.01933,0.02196
7269,0.01933,0.02191
7270,0.01933,0.02194
7271,0.01927,0.02194
7272,0.01927,0.02197
7273,0.01927,0.02198
7274,0.01935,0.02201
7275,0.01937,0.02189
7276,0.01934,0.0219
7277,0.01936,0.02194
7278,0.01933,0.02189
7279,0.01941,0.0219
7280,0.01939,0.02186
7281,0.01938,0.02189
7282,0.01937,0.0219
7283,0.01936,0.02184
7284,0.01935,0.02188
7285,0.01942,0.02182
7286,0.0194,0.02177
7287,0.01941,0.02183
7288,0.01943,0.02184
7289,0.01939,0.02187
7290,0.01939,0.02181
7291,0.01939,0.02184
7292,0.01935,0.02184
7293,0.01934,0.02181
7294,0.01936,0.0219
7295,0.01936,0.02188
7296,0.01939,0.0219
7297,0.0194,0.02188
7298,0.01937,0.0219
7299,0.01941,0.02189
7300,0.01938,0.02184
7301,0.01932,0.02184
7302,0.01932,0.02187
7303,0.01933,0.02187
7304,0.01944,0.02192
7305,0.01942,0.02177
7306,0.01944,0.02184
7307,0.0194,0.02186
7308,0.01945,0.02184
7309,0.01941,0.02179
7310,0.01939,0.02186
7311,0.01938,0.02185
7312,0.01939,0.02188
7313,0.01932,0.02197
7314,0.01934,0.02195
7315,0.01936,0.0219
7316,0.01941,0.02183
7317,0.01937,0.02187
7318,0.01938,0.02183
7319,0.01935,0.02188
7320,0.01936,0.02185
7321,0.01935,0.02184
7322,0.01936,0.02186
7323,0.01936,0.02185
7324,0.01938,0.02187
7325,0.01935,0.02188
7326,0.0194,0.02193
7327,0.01941,0.02186
7328,0.0194,0.02184
7329,0.01938,0.02184
7330,0.01938,0.02187
7331,0.01934,0.02186
7332,0.01934,0.02191
7333,0.01931,0.02201
7334,0.01922,0.02196
7335,0.01925,0.02199
7336,0.01925,0.02195
7337,0.01925,0.02198
7338,0.01931,0.02202
7339,0.01928,0.02195
7340,0.01932,0.02196
7341,0.01932,0.02197
7342,0.01924,0.02198
7343,0.01927,0.02203
7344,0.01922,0.02202
7345,0.01922,0.02204
7346,0.01922,0.02204
7347,0.01922,0.02204
7348,0.01927,0.02206
7349,0.01922,0.02206
7350,0.01925,0.02205
7351,0.01926,0.02208
7352,0.01927,0.02202
7353,0.01921,0.02199
7354,0.01928,0.02198
7355,0.01928,0.02204
7356,0.01928,0.02194
7357,0.01929,0.02194
7358,0.0193,0.02189
7359,0.01936,0.02195
7360,0.01934,0.02189
7361,0.0194,0.02194
7362,0.0193,0.022
7363,0.01926,0.02199
7364,0.01924,0.02198
7365,0.01923,0.02209
7366,0.0192,0.02206
7367,0.01923,0.02209
7368,0.01921,0.02207
7369,0.01921,0.02205
7370,0.01921,0.02211
7371,0.01922,0.02207
7372,0.01918,0.02206
7373,0.01918,0.02211
7374,0.01914,0.0221
7375,0.01914,0.02213
7376,0.0192,0.02212
7377,0.01917,0.02214
7378,0.01913,0.02212
7379,0.01918,0.02216
7380,0.01919,0.02216
7381,0.01923,0.02211
7382,0.01923,0.02214
7383,0.01916,0.02213
7384,0.01912,0.02221
7385,0.01917,0.02225
7386,0.01907,0.02221
7387,0.01903,0.02225
7388,0.01909,0.02225
7389,0.01908,0.02225
7390,0.01909,0.02216
7391,0.01912,0.02218
7392,0.01912,0.02214
7393,0.01915,0.02213
7394,0.01915,0.02214
7395,0.01915,0.02211
7396,0.01916,0.02214
7397,0.01919,0.02215
7398,0.01917,0.02211
7399,0.01914,0.02212
7400,0.01916,0.0221
7401,0.01916,0.02213
7402,0.01919,0.02211
7403,0.01918,0.02208
7404,0.01924,0.02207
7405,0.01917,0.02207
7406,0.01921,0.02206
7407,0.01925,0.02204
7408,0.01924,0.02204
7409,0.01928,0.02204
7410,0.01925,0.02203
7411,0.0192,0.02198
7412,0.01927,0.02206
7413,0.01921,0.02204
7414,0.01923,0.02203
7415,0.01926,0.02201
7416,0.01925,0.02203
7417,0.01936,0.02197
7418,0.01925,0.02197
7419,0.01926,0.02198
7420,0.01929,0.02193
7421,0.01932,0.02197
7422,0.01927,0.02192
7423,0.01927,0.02199
7424,0.01925,0.022
7425,0.01934,0.022
7426,0.01929,0.02197
7427,0.0193,0.02196
7428,0.01929,0.02196
7429,0.01927,0.02203
7430,0.01929,0.02203
7431,0.01928,0.02203
7432,0.01927,0.0221
7433,0.01915,0.0221
7434,0.0192,0.02208
7435,0.01927,0.02201
7436,0.01925,0.022
7437,0.01926,0.02199
7438,0.01932,0.02198
7439,0.01928,0.02199
7440,0.0193,0.02199
7441,0.01931,0.02197
7442,0.01931,0.022
7443,0.01927,0.02201
7444,0.01929,0.02201
7445,0.01928,0.02196
7446,0.01931,0.02198
7447,0.01928,0.02193
7448,0.01929,0.02192
7449,0.01933,0.02195
7450,0.01931,0.02188
7451,0.01933,0.02187
7452,0.01933,0.02193
7453,0.01937,0.02186
7454,0.01936,0.02184
7455,0.01936,0.02187
7456,0.01937,0.02194
7457,0.01937,0.02189
7458,0.01932,0.0219
7459,0.01933,0.02191
7460,0.01936,0.02183
7461,0.01934,0.02185
7462,0.0194,0.02192
7463,0.01932,0.02185
7464,0.01935,0.02186
7465,0.01936,0.0219
7466,0.01936,0.02188
7467,0.01937,0.02189
7468,0.01937,0.02189
7469,0.01931,0.02192
7470,0.01932,0.02188
7471,0.01936,0.02191
7472,0.01936,0.02185
7473,0.01937,0.02196
7474,0.01931,0.0219
7475,0.01933,0.02194
7476,0.01933,0.02194
7477,0.01937,0.02189
7478,0.01936,0.02188
7479,0.01936,0.02188
7480,0.01933,0.02198
7481,0.01933,0.0219
7482,0.01933,0.02193
7483,0.01935,0.02186
7484,0.01935,0.02195
7485,0.01932,0.02193
7486,0.0193,0.02197
7487,0.01926,0.02195
7488,0.01931,0.02197
7489,0.01933,0.02191
7490,0.01934,0.0219
7491,0.01936,0.0219
7492,0.0194,0.02187
7493,0.01936,0.02184
7494,0.01936,0.0219
7495,0.01935,0.02189
7496,0.01931,0.02194
7497,0.0193,0.02181
7498,0.01932,0.02191
7499,0.01935,0.02188
7500,0.01939,0.02181
7501,0.01939,0.02187
7502,0.01935,0.02192
7503,0.01944,0.02183
7504,0.01944,0.02177
7505,0.0195,0.02172
7506,0.01946,0.02178
7507,0.01942,0.02177
7508,0.01944,0.02177
7509,0.01945,0.02174
7510,0.01943,0.02176
7511,0.01945,0.02178
7512,0.01945,0.02178
7513,0.01951,0.02173
7514,0.01951,0.02174
7515,0.01949,0.02171
7516,0.01951,0.02169
7517,0.01948,0.02173
7518,0.01946,0.02178
7519,0.01942,0.02183
7520,0.01935,0.02187
7521,0.01939,0.02185
7522,0.01937,0.02186
7523,0.01936,0.0219
7524,0.01933,0.02191
7525,0.01931,0.02199
7526,0.01933,0.02194
7527,0.01932,0.02195
7528,0.01933,0.02204
7529,0.01923,0.02204
7530,0.01925,0.02205
7531,0.01928,0.0221
7532,0.01929,0.02204
7533,0.01925,0.02199
7534,0.0192,0.02204
7535,0.01922,0.02202
7536,0.01922,0.022
7537,0.01924,0.02198
7538,0.01924,0.022
7539,0.0193,0.02199
7540,0.01925,0.02204
7541,0.01926,0.02199
7542,0.01929,0.02202
7543,0.01924,0.02199
7544,0.01922,0.02201
7545,0.01922,0.02202
7546,0.01922,0.022
7547,0.01929,0.02204
7548,0.01926,0.02197
7549,0.01926,0.022
7550,0.01928,0.02191
7551,0.01933,0.02196
7552,0.01938,0.02191
7553,0.01941,0.02183
7554,0.01937,0.02184
7555,0.01943,0.02188
7556,0.01938,0.02182
7557,0.01943,0.02183
7558,0.01942,0.02181
7559,0.01946,0.02175
7560,0.01946,0.02177
7561,0.01941,0.02184
7562,0.01945,0.02177
7563,0.01948,0.02175
7564,0.01942,0.02177
7565,0.01942,0.0218
7566,0.01949,0.02177
7567,0.01949,0.0217
7568,0.01948,0.02172
7569,0.01949,0.02174
7570,0.01951,0.02171
7571,0.01946,0.0217
7572,0.01949,0.02168
7573,0.01947,0.02173
7574,0.01944,0.02172
7575,0.01948,0.02175
7576,0.01942,0.02175
7577,0.01945,0.02182
7578,0.01943,0.0218
7579,0.01939,0.02178
7580,0.01939,0.0218
7581,0.01944,0.02176
7582,0.01941,0.02174
7583,0.01942,0.02179
7584,0.01939,0.02184
7585,0.01945,0.02177
7586,0.01945,0.02178
7587,0.01947,0.02177
7588,0.01942,0.02177
7589,0.01947,0.02174
7590,0.01944,0.02173
7591,0.01946,0.02175
7592,0.01942,0.02174
7593,0.01945,0.02178
7594,0.01944,0.02176
7595,0.01947,0.02171
7596,0.0195,0.02173
7597,0.01947,0.02176
7598,0.01942,0.02178
7599,0.01943,0.02177
7600,0.01946,0.02177
7601,0.01945,0.02177
7602,0.01942,0.02173
7603,0.01941,0.02179
7604,0.01941,0.02187
7605,0.01938,0.02186
7606,0.01934,0.02184
7607,0.01937,0.02187
7608,0.01934,0.02184
7609,0.01934,0.02187
7610,0.01937,0.02188
7611,0.01933,0.0219
7612,0.01938,0.02186
7613,0.01937,0.02185
7614,0.01933,0.02182
7615,0.01935,0.02183
7616,0.01933,0.02194
7617,0.01935,0.0219
7618,0.01932,0.02192
7619,0.01934,0.02188
7620,0.01934,0.02192
7621,0.01934,0.02193
7622,0.01933,0.0219
7623,0.01933,0.02192
7624,0.01931,0.0219
7625,0.01935,0.02194
7626,0.01926,0.02193
7627,0.01929,0.02196
7628,0.01932,0.02193
7629,0.01931,0.02194
7630,0.0193,0.02205
7631,0.01926,0.022
7632,0.01929,0.02196
7633,0.01927,0.02197
7634,0.01933,0.022
7635,0.01929,0.022
7636,0.0193,0.02201
7637,0.01929,0.0219
7638,0.01934,0.0219
7639,0.0193,0.02187
7640,0.01934,0.0219
7641,0.01929,0.02192
7642,0.01932,0.0219
7643,0.0194,0.02189
7644,0.01928,0.0219
7645,0.01933,0.0219
7646,0.01935,0.02195
7647,0.0193,0.0219
7648,0.0193,0.02194
7649,0.01932,0.02193
7650,0.0193,0.02193
7651,0.01928,0.02197
7652,0.01929,0.02193
7653,0.01927,0.02194
7654,0.01928,0.02198
7655,0.01928,0.02198
7656,0.0193,0.02194
7657,0.01926,0.02199
7658,0.01923,0.02202
7659,0.01926,0.02205
7660,0.01919,0.02206
7661,0.01919,0.02205
7662,0.01925,0.02202
7663,0.01929,0.02198
7664,0.01928,0.02202
7665,0.01925,0.02195
7666,0.01921,0.02202
7667,0.01928,0.02203
7668,0.01933,0.02196
7669,0.01928,0.02199
7670,0.01927,0.02196
7671,0.01925,0.022
7672,0.01925,0.02206
7673,0.01922,0.02204
7674,0.01925,0.02209
7675,0.01916,0.02205
7676,0.01926,0.02211
7677,0.01929,0.02202
7678,0.01927,0.02203
7679,0.01922,0.02203
7680,0.01927,0.022
7681,0.01929,0.02197
7682,0.01928,0.022
7683,0.0193,0.022
7684,0.01928,0.02209
7685,0.01922,0.02209
7686,0.01924,0.02209
7687,0.01916,0.02212
7688,0.01914,0.02213
7689,0.01921,0.02215
7690,0.01921,0.02214
7691,0.01926,0.02206
7692,0.0192,0.02204
7693,0.0192,0.02206
7694,0.01922,0.02208
7695,0.01924,0.02203
7696,0.01925,0.02208
7697,0.01919,0.02207
7698,0.01932,0.02207
7699,0.01926,0.02207
7700,0.01929,0.02202
7701,0.01927,0.02199
7702,0.01927,0.02198
7703,0.01924,0.022
7704,0.01931,0.02199
7705,0.01928,0.02201
7706,0.01928,0.02198
7707,0.01927,0.02202
7708,0.0192,0.02203
7709,0.0193,0.02207
7710,0.0192,0.02203
7711,0.01929,0.02207
7712,0.01918,0.022
7713,0.01925,0.02205
7714,0.01925,0.02202
7715,0.01924,0.02198
7716,0.01923,0.02203
7717,0.01929,0.02198
7718,0.0193,0.02201
7719,0.01929,0.02201
7720,0.01924,0.02204
7721,0.01925,0.02203
7722,0.01929,0.02202
7723,0.01922,0.02202
7724,0.01924,0.02199
7725,0.0193,0.02205
7726,0.01922,0.02201
7727,0.01925,0.022
7728,0.01922,0.02205
7729,0.01924,0.02206
7730,0.01919,0.02203
7731,0.01925,0.02205
7732,0.0192,0.02208
7733,0.01921,0.02205
7734,0.01917,0.02207
7735,0.01918,0.02204
7736,0.01919,0.02205
7737,0.01925,0.02205
7738,0.0192,0.02203
7739,0.01924,0.02204
7740,0.01921,0.02205
7741,0.0192,0.02201
7742,0.0192,0.02205
7743,0.01922,0.02204
7744,0.01925,0.02204
7745,0.01924,0.02208
7746,0.01924,0.02201
7747,0.01923,0.02203
7748,0.01922,0.02207
7749,0.01925,0.02202
7750,0.01924,0.02205
7751,0.01923,0.022
7752,0.01924,0.02199
7753,0.01925,0.02204
7754,0.01932,0.02204
7755,0.01935,0.02203
7756,0.01926,0.02203
7757,0.01929,0.02199
7758,0.01928,0.02198
7759,0.01926,0.02198
7760,0.01931,0.02193
7761,0.01933,0.0219
7762,0.01932,0.02193
7763,0.01935,0.02193
7764,0.01931,0.02192
7765,0.01926,0.02193
7766,0.01927,0.0219
7767,0.01929,0.022
7768,0.01928,0.02193
7769,0.01931,0.02192
7770,0.01928,0.02195
7771,0.01931,0.0219
7772,0.01933,0.022
7773,0.01937,0.02191
7774,0.01937,0.02193
7775,0.01933,0.02194
7776,0.01933,0.02191
7777,0.01929,0.02198
7778,0.01928,0.02195
7779,0.01927,0.02193
7780,0.01927,0.02195
7781,0.0193,0.02191
7782,0.01932,0.02194
7783,0.01931,0.02193
7784,0.01927,0.02199
7785,0.01927,0.02202
7786,0.01936,0.02187
7787,0.0193,0.02199
7788,0.01928,0.02192
7789,0.01931,0.02192
7790,0.01931,0.022
7791,0.0193,0.02195
7792,0.0194,0.02197
7793,0.01937,0.02192
7794,0.01932,0.0219
7795,0.01931,0.02188
7796,0.01938,0.02194
7797,0.01937,0.02182
7798,0.01937,0.02184
7799,0.01938,0.02184
7800,0.01933,0.02192
7801,0.01933,0.02189
7802,0.01933,0.02193
7803,0.01936,0.02187
7804,0.01933,0.02189
7805,0.01936,0.02191
7806,0.0193,0.02191
7807,0.01936,0.0219
7808,0.0193,0.02194
7809,0.0193,0.02195
7810,0.01928,0.02196
7811,0.01937,0.02189
7812,0.01935,0.02191
7813,0.01938,0.02192
7814,0.01935,0.02186
7815,0.01935,0.02187
7816,0.01938,0.02191
7817,0.01942,0.02187
7818,0.01939,0.02181
7819,0.01941,0.02182
7820,0.01942,0.02179
7821,0.01947,0.02181
7822,0.01948,0.02169
7823,0.01949,0.02165
7824,0.0195,0.0217
7825,0.01951,0.0217
7826,0.01948,0.02169
7827,0.01956,0.02169
7828,0.01957,0.02161
7829,0.01953,0.02166
7830,0.01953,0.02163
7831,0.01956,0.02163
7832,0.01956,0.02165
7833,0.01954,0.02167
7834,0.01952,0.02172
7835,0.01947,0.02175
7836,0.01944,0.02176
7837,0.01951,0.02173
7838,0.01954,0.02168
7839,0.01952,0.02166
7840,0.01948,0.02171
7841,0.01952,0.02165
7842,0.01951,0.02167
7843,0.01952,0.02166
7844,0.01949,0.02169
7845,0.01949,0.02171
7846,0.0195,0.02176
7847,0.01952,0.02166
7848,0.01952,0.02174
7849,0.01946,0.02173
7850,0.01949,0.02173
7851,0.01945,0.02171
7852,0.0195,0.02171
7853,0.01951,0.02172
7854,0.01951,0.02174
7855,0.01946,0.02179
7856,0.01939,0.02175
7857,0.01939,0.02176
7858,0.0194,0.02178
7859,0.01941,0.02178
7860,0.0194,0.02185
7861,0.01942,0.02189
7862,0.0194,0.02188
7863,0.0194,0.02184
7864,0.01939,0.02182
7865,0.01938,0.02189
7866,0.01932,0.02192
7867,0.01935,0.02184
7868,0.01933,0.0219
7869,0.0193,0.02194
7870,0.01927,0.0219
7871,0.0193,0.02191
7872,0.01929,0.02189
7873,0.01933,0.0219
7874,0.01935,0.02184
7875,0.01929,0.02186
7876,0.01933,0.02192
7877,0.01928,0.02199
7878,0.01926,0.02197
7879,0.01932,0.02194
7880,0.01935,0.02192
7881,0.01936,0.02189
7882,0.01932,0.02193
7883,0.01936,0.02189
7884,0.01932,0.02187
7885,0.01937,0.02188
7886,0.01938,0.02188
7887,0.01935,0.02195
7888,0.01932,0.02194
7889,0.0193,0.02196
7890,0.01926,0.02197
7891,0.01928,0.02203
7892,0.01923,0.02201
7893,0.01929,0.022
7894,0.01927,0.02204
7895,0.01931,0.02195
7896,0.01929,0.02193
7897,0.01928,0.02196
7898,0.01928,0.02193
7899,0.01929,0.02198
7900,0.01931,0.02197
7901,0.01931,0.022
7902,0.01928,0.022
7903,0.0192,0.02204
7904,0.01925,0.02204
7905,0.01928,0.02204
7906,0.01924,0.02201
7907,0.01924,0.02202
7908,0.01927,0.02203
7909,0.01926,0.02199
7910,0.01926,0.02197
7911,0.01929,0.02201
7912,0.01921,0.02202
7913,0.01928,0.02207
7914,0.01928,0.022
7915,0.01924,0.02202
7916,0.01918,0.02203
7917,0.01924,0.02205
7918,0.01925,0.02203
7919,0.01924,0.02201
7920,0.01924,0.02207
7921,0.01928,0.02198
7922,0.01929,0.02201
7923,0.01929,0.02203
7924,0.01921,0.02199
7925,0.01925,0.02204
7926,0.0193,0.02198
7927,0.01931,0.02193
7928,0.01929,0.02202
7929,0.01925,0.02199
7930,0.01931,0.02205
7931,0.0193,0.02196
7932,0.01926,0.02195
7933,0.01928,0.02196
7934,0.01929,0.02197
7935,0.01932,0.02197
7936,0.01928,0.02195
7937,0.0193,0.02197
7938,0.01928,0.02198
7939,0.01927,0.02198
7940,0.01924,0.02199
7941,0.01924,0.02203
7942,0.01924,0.02207
7943,0.01934,0.02203
7944,0.01927,0.02203
7945,0.0192,0.02203
7946,0.01921,0.02204
7947,0.01929,0.022
7948,0.0193,0.02197
7949,0.01924,0.02202
7950,0.01923,0.02201
7951,0.01929,0.02195
7952,0.01924,0.02204
7953,0.01925,0.02197
7954,0.01923,0.02197
7955,0.0193,0.02191
7956,0.0193,0.02194
7957,0.0193,0.02192
7958,0.01929,0.02199
7959,0.01929,0.02196
7960,0.01931,0.02196
7961,0.0193,0.02195
7962,0.01926,0.02197
7963,0.01926,0.02196
7964,0.01927,0.02199
7965,0.01925,0.022
7966,0.01928,0.02194
7967,0.01927,0.02201
7968,0.01923,0.02196
7969,0.01926,0.02196
7970,0.01924,0.02202
7971,0.01925,0.022
7972,0.01928,0.02197
7973,0.01929,0.02199
7974,0.01929,0.02195
7975,0.01929,0.02201
7976,0.01932,0.02199
7977,0.01926,0.02195
7978,0.01929,0.02197
7979,0.01932,0.02194
7980,0.01936,0.02198
7981,0.01933,0.02192
7982,0.01933,0.02187
7983,0.01946,0.02183
7984,0.01945,0.02177
7985,0.01945,0.02174
7986,0.01945,0.02172
7987,0.01944,0.02171
7988,0.01944,0.02171
7989,0.01949,0.02175
7990,0.01946,0.02173
7991,0.01947,0.02179
7992,0.01944,0.02174
7993,0.01943,0.02181
7994,0.01949,0.02171
7995,0.01949,0.02175
7996,0.01951,0.02169
7997,0.01955,0.02169
7998,0.01953,0.02175
7999,0.01944,0.02177
8000,0.01953,0.02171
8001,0.01952,0.02171
8002,0.01948,0.02168
8003,0.01954,0.02175
8004,0.0195,0.02171
8005,0.01946,0.0217
8006,0.01947,0.02176
8007,0.01948,0.02171
8008,0.01952,0.02171
8009,0.0195,0.02169
8010,0.01949,0.02169
8011,0.01949,0.02169
8012,0.0195,0.02177
8013,0.01953,0.02169
8014,0.01958,0.02172
8015,0.01951,0.02169
8016,0.01954,0.02163
8017,0.01952,0.02169
8018,0.01953,0.02165
8019,0.01952,0.02169
8020,0.01959,0.02167
8021,0.01951,0.02173
8022,0.01947,0.02169
8023,0.01953,0.02168
8024,0.01957,0.02162
8025,0.01951,0.02168
8026,0.01955,0.02167
8027,0.01954,0.02172
8028,0.01955,0.02168
8029,0.01945,0.02173
8030,0.0195,0.02174
8031,0.01949,0.02177
8032,0.01948,0.02177
8033,0.01946,0.02183
8034,0.01946,0.02186
8035,0.01943,0.02175
8036,0.01946,0.02172
8037,0.01946,0.0217
8038,0.01947,0.02178
8039,0.01944,0.02178
8040,0.01948,0.02172
8041,0.01946,0.02175
8042,0.01949,0.02179
8043,0.01944,0.02179
8044,0.01943,0.02187
8045,0.01945,0.02173
8046,0.01953,0.02171
8047,0.01946,0.02174
8048,0.01947,0.0218
8049,0.01944,0.02177
8050,0.01944,0.02185
8051,0.01944,0.02183
8052,0.01941,0.02183
8053,0.01937,0.02181
8054,0.01935,0.02186
8055,0.01941,0.02186
8056,0.01939,0.0218
8057,0.01941,0.02182
8058,0.01944,0.02185
8059,0.01938,0.02183
8060,0.01939,0.02183
8061,0.01943,0.02177
8062,0.01944,0.02177
8063,0.01949,0.02177
8064,0.01951,0.02175
8065,0.01948,0.02178
8066,0.01951,0.0217
8067,0.01947,0.02175
8068,0.01948,0.02167
8069,0.0195,0.02169
8070,0.01947,0.02172
8071,0.0195,0.02173
8072,0.01949,0.02172
8073,0.01949,0.02174
8074,0.01947,0.02176
8075,0.01948,0.02172
8076,0.01947,0.02173
8077,0.01947,0.02176
8078,0.01946,0.02173
8079,0.01943,0.02175
8080,0.01943,0.02178
8081,0.0194,0.02182
8082,0.01941,0.02177
8083,0.01942,0.02176
8084,0.01941,0.02172
8085,0.01948,0.02171
8086,0.01951,0.02174
8087,0.0195,0.0217
8088,0.01947,0.02172
8089,0.01944,0.02177
8090,0.01947,0.02171
8091,0.01944,0.02183
8092,0.01946,0.02177
8093,0.01943,0.02176
8094,0.01943,0.02177
8095,0.01941,0.02181
8096,0.01944,0.02177
8097,0.01945,0.02186
8098,0.01938,0.02187
8099,0.01938,0.02181
8100,0.0194,0.02183
8101,0.0194,0.0218
8102,0.01944,0.02185
8103,0.01939,0.02179
8104,0.01941,0.02181
8105,0.01942,0.02183
8106,0.0194,0.02184
8107,0.0194,0.02186
8108,0.01939,0.02184
8109,0.01936,0.02187
8110,0.01939,0.02184
8111,0.01932,0.02195
8112,0.01935,0.02189
8113,0.01936,0.02194
8114,0.01932,0.02195
8115,0.01932,0.02198
8116,0.01931,0.02188
8117,0.01932,0.02192
8118,0.01933,0.02199
8119,0.01929,0.02202
8120,0.01929,0.02201
8121,0.0193,0.022
8122,0.01928,0.022
8123,0.01931,0.02195
8124,0.01928,0.02198
8125,0.0193,0.02195
8126,0.01926,0.02196
8127,0.01926,0.02194
8128,0.0193,0.022
8129,0.01933,0.02194
8130,0.0193,0.02197
8131,0.01932,0.022
8132,0.0193,0.02197
8133,0.01929,0.02194
8134,0.0193,0.02196
8135,0.0193,0.02194
8136,0.01931,0.02194
8137,0.01931,0.02194
8138,0.01927,0.02202
8139,0.01931,0.02197
8140,0.01931,0.02195
8141,0.01928,0.02194
8142,0.01933,0.0219
8143,0.01931,0.02194
8144,0.01929,0.02198
8145,0.01925,0.02205
8146,0.01919,0.02204
8147,0.01919,0.02203
8148,0.01924,0.02202
8149,0.01927,0.02202
8150,0.01923,0.02204
8151,0.01924,0.02206
8152,0.01922,0.02206
8153,0.0192,0.02207
8154,0.01922,0.02207
8155,0.01923,0.02206
8156,0.01925,0.02206
8157,0.01924,0.02205
8158,0.01927,0.02202
8159,0.01924,0.02199
8160,0.01924,0.02198
8161,0.01931,0.02197
8162,0.01932,0.02193
8163,0.01934,0.02194
8164,0.01937,0.022
8165,0.01938,0.02191
8166,0.01932,0.02192
8167,0.01925,0.02198
8168,0.01927,0.02195
8169,0.01926,0.02195
8170,0.01927,0.02199
8171,0.01931,0.02197
8172,0.01925,0.02201
8173,0.01926,0.02212
8174,0.0192,0.02208
8175,0.01921,0.02207
8176,0.01921,0.02206
8177,0.01919,0.02208
8178,0.01924,0.02206
8179,0.01926,0.02209
8180,0.01923,0.02204
8181,0.01927,0.02206
8182,0.01926,0.022
8183,0.01928,0.02199
8184,0.01929,0.02202
8185,0.01929,0.02199
8186,0.01923,0.022
8187,0.01927,0.02194
8188,0.01927,0.022
8189,0.0193,0.02193
8190,0.01929,0.02195
8191,0.01929,0.02196
8192,0.01932,0.02195
8193,0.01933,0.02196
8194,0.0193,0.02198
8195,0.01932,0.022
8196,0.01933,0.02192
8197,0.01933,0.02191
8198,0.01938,0.02195
8199,0.01937,0.02201
8200,0.0193,0.02198
8201,0.01934,0.02195
8202,0.01933,0.02195
8203,0.0193,0.02192
8204,0.01935,0.02191
8205,0.01931,0.02191
8206,0.01935,0.0219
8207,0.01933,0.02203
8208,0.01927,0.022
8209,0.0193,0.02192
8210,0.01927,0.02199
8211,0.01925,0.02197
8212,0.01931,0.02199
8213,0.01925,0.02195
8214,0.0193,0.02199
8215,0.01933,0.02187
8216,0.01936,0.02189
8217,0.01934,0.02195
8218,0.01928,0.02197
8219,0.01928,0.02191
8220,0.01935,0.02191
8221,0.01928,0.02193
8222,0.01929,0.02196
8223,0.01926,0.02198
8224,0.01926,0.022
8225,0.01927,0.02197
8226,0.01927,0.02197
8227,0.01928,0.02193
8228,0.01927,0.02192
8229,0.01931,0.02201
8230,0.01928,0.02199
8231,0.01926,0.02201
8232,0.01927,0.022
8233,0.01925,0.02199
8234,0.01921,0.02198
8235,0.01923,0.02199
8236,0.01923,0.02197
8237,0.01922,0.022
8238,0.01923,0.02199
8239,0.01926,0.02204
8240,0.01919,0.02203
8241,0.01928,0.02205
8242,0.01921,0.02205
8243,0.01927,0.022
8244,0.01929,0.02196
8245,0.01927,0.022
8246,0.01926,0.02201
8247,0.0193,0.02195
8248,0.01933,0.02195
8249,0.01935,0.02194
8250,0.01931,0.02192
8251,0.01935,0.0219
8252,0.0193,0.02191
8253,0.01934,0.02195
8254,0.01928,0.02194
8255,0.01935,0.02193
8256,0.01932,0.02191
8257,0.01932,0.02195
8258,0.01936,0.02187
8259,0.01936,0.02193
8260,0.01931,0.02202
8261,0.01925,0.022
8262,0.01928,0.022
8263,0.01927,0.02201
8264,0.01925,0.02201
8265,0.01924,0.02205
8266,0.01922,0.02202
8267,0.01922,0.02208
8268,0.01925,0.02203
8269,0.01924,0.02203
8270,0.01932,0.02203
8271,0.01932,0.02205
8272,0.0192,0.02203
8273,0.01924,0.022
8274,0.01924,0.02203
8275,0.01927,0.02199
8276,0.01925,0.02204
8277,0.01927,0.02204
8278,0.01927,0.02203
8279,0.01922,0.02202
8280,0.01926,0.02209
8281,0.01924,0.02208
8282,0.01932,0.02202
8283,0.01929,0.02201
8284,0.01931,0.022
8285,0.01928,0.02201
8286,0.01931,0.02193
8287,0.0193,0.02192
8288,0.01929,0.02192
8289,0.01929,0.02201
8290,0.01923,0.022
8291,0.01924,0.02198
8292,0.01926,0.022
8293,0.01929,0.02193
8294,0.01927,0.02197
8295,0.01928,0.02197
8296,0.01934,0.02195
8297,0.0193,0.02193
8298,0.01926,0.02194
8299,0.01926,0.02197
8300,0.01926,0.02197
8301,0.01921,0.02204
8302,0.01922,0.02202
8303,0.01926,0.02197
8304,0.01925,0.02201
8305,0.01925,0.02197
8306,0.01928,0.02202
8307,0.0193,0.02196
8308,0.01932,0.02192
8309,0.01935,0.02191
8310,0.0194,0.0219
8311,0.01935,0.02191
8312,0.0193,0.02201
8313,0.01924,0.02195
8314,0.01927,0.02193
8315,0.01927,0.02191
8316,0.01931,0.02196
8317,0.01929,0.02201
8318,0.0193,0.022
8319,0.0193,0.022
8320,0.01932,0.022
8321,0.01935,0.02195
8322,0.01925,0.02204
8323,0.01928,0.02206
8324,0.01927,0.02201
8325,0.01923,0.02209
8326,0.01923,0.0221
8327,0.01925,0.02201
8328,0.01922,0.02199
8329,0.0192,0.02207
8330,0.01925,0.02205
8331,0.01925,0.02199
8332,0.01923,0.02199
8333,0.01929,0.02199
8334,0.01926,0.02201
8335,0.01921,0.02201
8336,0.01918,0.02209
8337,0.01921,0.0221
8338,0.01913,0.02215
8339,0.01917,0.02214
8340,0.01916,0.02206
8341,0.01917,0.02213
8342,0.0192,0.02215
8343,0.01925,0.02212
8344,0.01911,0.02218
8345,0.01918,0.02215
8346,0.01919,0.02216
8347,0.01915,0.02215
8348,0.01916,0.02215
8349,0.01913,0.02208
8350,0.01923,0.02209
8351,0.01913,0.02211
8352,0.01918,0.02211
8353,0.01917,0.0221
8354,0.01915,0.02208
8355,0.01915,0.0221
8356,0.01913,0.02212
8357,0.01913,0.02215
8358,0.01914,0.02219
8359,0.01909,0.02217
8360,0.01909,0.02215
8361,0.0191,0.02216
8362,0.01913,0.02218
8363,0.01916,0.02221
8364,0.01906,0.02221
8365,0.0192,0.0222
8366,0.0192,0.02203
8367,0.01922,0.02208
8368,0.01917,0.02211
8369,0.01918,0.02207
8370,0.01921,0.02212
8371,0.01917,0.02211
8372,0.01915,0.02212
8373,0.01917,0.02206
8374,0.01916,0.02209
8375,0.01914,0.02214
8376,0.01917,0.02208
8377,0.01926,0.02211
8378,0.01919,0.0221
8379,0.01919,0.02207
8380,0.01924,0.02208
8381,0.0192,0.02208
8382,0.01918,0.02207
8383,0.01917,0.02208
8384,0.01915,0.02214
8385,0.01915,0.02216
8386,0.01916,0.02209
8387,0.01923,0.02207
8388,0.01921,0.02204
8389,0.01924,0.02207
8390,0.01924,0.02205
8391,0.01927,0.02204
8392,0.01922,0.02205
8393,0.01926,0.02205
8394,0.01926,0.02202
8395,0.01923,0.02205
8396,0.01926,0.02199
8397,0.01925,0.02193
8398,0.01926,0.02193
8399,0.01931,0.02196
8400,0.01933,0.02196
8401,0.01931,0.02196
8402,0.01933,0.02192
8403,0.01933,0.02191
8404,0.01935,0.02194
8405,0.01934,0.02197
8406,0.01938,0.02197
8407,0.01938,0.02197
8408,0.01933,0.0219
8409,0.01929,0.02195
8410,0.01929,0.02196
8411,0.01932,0.02195
8412,0.01928,0.02197
8413,0.01936,0.02196
8414,0.01931,0.02194
8415,0.01933,0.02191
8416,0.01935,0.02194
8417,0.01933,0.02191
8418,0.01932,0.02199
8419,0.01927,0.02198
8420,0.01925,0.02196
8421,0.01923,0.02197
8422,0.01935,0.02203
8423,0.01934,0.02191
8424,0.01934,0.02193
8425,0.01933,0.02193
8426,0.01933,0.02186
8427,0.01935,0.02192
8428,0.0193,0.02188
8429,0.01932,0.02195
8430,0.01929,0.02193
8431,0.01933,0.02197
8432,0.01932,0.02192
8433,0.01931,0.02195
8434,0.01934,0.02191
8435,0.01927,0.02194
8436,0.01936,0.02196
8437,0.01935,0.02185
8438,0.01935,0.0219
8439,0.01936,0.02189
8440,0.01937,0.02197
8441,0.01931,0.02192
8442,0.01926,0.02196
8443,0.01933,0.02195
8444,0.01927,0.02195
8445,0.01933,0.02195
8446,0.01933,0.02194
8447,0.01939,0.0219
8448,0.01937,0.02189
8449,0.01934,0.02179
8450,0.01946,0.02184
8451,0.01942,0.02179
8452,0.01945,0.02175
8453,0.01945,0.02174
8454,0.01947,0.02174
8455,0.01951,0.02168
8456,0.01953,0.02168
8457,0.01952,0.02171
8458,0.01951,0.02174
8459,0.01942,0.02174
8460,0.01949,0.02174
8461,0.01944,0.02175
8462,0.01945,0.02172
8463,0.01945,0.02172
8464,0.01945,0.02177
8465,0.0195,0.02176
8466,0.01947,0.02174
8467,0.01944,0.02177
8468,0.01947,0.02175
8469,0.01941,0.02174
8470,0.01942,0.02176
8471,0.01943,0.02177
8472,0.0194,0.02178
8473,0.01945,0.02176
8474,0.01944,0.02175
8475,0.01941,0.02193
8476,0.01937,0.02191
8477,0.01936,0.02186
8478,0.01937,0.02188
8479,0.01935,0.02185
8480,0.01944,0.02189
8481,0.0194,0.02185
8482,0.01942,0.02187
8483,0.0194,0.02182
8484,0.01937,0.02187
8485,0.01943,0.02185
8486,0.0194,0.02185
8487,0.01938,0.02182
8488,0.01941,0.02182
8489,0.01941,0.02183
8490,0.01935,0.02184
8491,0.01944,0.02179
8492,0.01943,0.02178
8493,0.01945,0.0218
8494,0.01947,0.02179
8495,0.01947,0.0217
8496,0.01943,0.02173
8497,0.01946,0.0217
8498,0.01951,0.02175
8499,0.01944,0.02173
8500,0.01942,0.02175
8501,0.01942,0.02171
8502,0.01951,0.02177
8503,0.0195,0.0218
8504,0.01945,0.02174
8505,0.01942,0.02188
8506,0.01944,0.02185
8507,0.01944,0.02175
8508,0.01944,0.02173
8509,0.01947,0.02169
8510,0.01943,0.02178
8511,0.01944,0.02177
8512,0.01938,0.02184
8513,0.01935,0.02185
8514,0.01937,0.02186
8515,0.01933,0.02189
8516,0.01937,0.02188
8517,0.01933,0.02188
8518,0.01936,0.02185
8519,0.01935,0.02189
8520,0.01935,0.0219
8521,0.01932,0.02198
8522,0.01932,0.02191
8523,0.01934,0.02193
8524,0.01931,0.02189
8525,0.01932,0.02195
8526,0.01929,0.02189
8527,0.01933,0.02193
8528,0.01932,0.0219
8529,0.01933,0.02189
8530,0.0194,0.0219
8531,0.01933,0.02191
8532,0.01934,0.02191
8533,0.01934,0.02191
8534,0.01935,0.02188
8535,0.01937,0.02188
8536,0.01935,0.02186
8537,0.01933,0.02188
8538,0.01938,0.02187
8539,0.01935,0.02193
8540,0.0193,0.02192
8541,0.01932,0.02191
8542,0.01934,0.02193
8543,0.01928,0.02199
8544,0.01928,0.02198
8545,0.01922,0.02201
8546,0.0192,0.02202
8547,0.01921,0.02202
8548,0.01927,0.02199
8549,0.01927,0.02197
8550,0.01932,0.02195
8551,0.01933,0.02194
8552,0.01938,0.02187
8553,0.0194,0.02184
8554,0.01937,0.02184
8555,0.01935,0.02191
8556,0.01938,0.02187
8557,0.01938,0.02185
8558,0.0194,0.02189
8559,0.01942,0.02187
8560,0.01935,0.02186
8561,0.01934,0.02189
8562,0.01934,0.02191
8563,0.01935,0.02192
8564,0.01931,0.02189
8565,0.01934,0.0219
8566,0.01935,0.02194
8567,0.01941,0.0219
8568,0.01934,0.02187
8569,0.0193,0.02193
8570,0.01929,0.02195
8571,0.01934,0.02191
8572,0.01929,0.02196
8573,0.01928,0.02199
8574,0.01931,0.02195
8575,0.01934,0.02199
8576,0.01934,0.02187
8577,0.01932,0.02192
8578,0.0193,0.02189
8579,0.01932,0.02196
8580,0.0193,0.02192
8581,0.01929,0.02192
8582,0.01927,0.02193
8583,0.01927,0.02196
8584,0.01934,0.02196
8585,0.01932,0.02195
8586,0.01927,0.02203
8587,0.01927,0.02206
8588,0.01928,0.02197
8589,0.01927,0.02192
8590,0.01929,0.02195
8591,0.01928,0.02191
8592,0.01932,0.02191
8593,0.01936,0.02192
8594,0.01932,0.02202
8595,0.01925,0.02201
8596,0.01926,0.02202
8597,0.01925,0.02202
8598,0.0193,0.02201
8599,0.01924,0.02203
8600,0.01924,0.02204
8601,0.01922,0.02202
8602,0.01924,0.02203
8603,0.01921,0.02199
8604,0.01924,0.02202
8605,0.01923,0.02203
8606,0.01929,0.02195
8607,0.01926,0.02202
8608,0.01924,0.02203
8609,0.01925,0.022
8610,0.01933,0.022
8611,0.01929,0.02193
8612,0.01927,0.02192
8613,0.01936,0.02192
8614,0.01934,0.02187
8615,0.01932,0.02186
8616,0.01932,0.02184
8617,0.01933,0.02185
8618,0.01939,0.0219
8619,0.01941,0.02187
8620,0.01943,0.02188
8621,0.01938,0.02185
8622,0.01939,0.02183
8623,0.01939,0.02182
8624,0.01946,0.02182
8625,0.01947,0.0219
8626,0.01942,0.02186
8627,0.01939,0.02181
8628,0.0194,0.02187
8629,0.01937,0.02182
8630,0.01939,0.02186
8631,0.01943,0.02184
8632,0.01938,0.02183
8633,0.01936,0.02184
8634,0.01936,0.02187
8635,0.01943,0.02185
8636,0.0194,0.02183
8637,0.01938,0.02187
8638,0.01939,0.0219
8639,0.01938,0.02191
8640,0.01935,0.02185
8641,0.01933,0.02191
8642,0.01935,0.02186
8643,0.01935,0.02186
8644,0.01936,0.02184
8645,0.01936,0.02189
8646,0.01939,0.0219
8647,0.01932,0.02197
8648,0.01929,0.02193
8649,0.01929,0.02193
8650,0.01929,0.02194
8651,0.01924,0.02194
8652,0.01936,0.02195
8653,0.0193,0.02197
8654,0.01929,0.02197
8655,0.01931,0.02196
8656,0.01932,0.02191
8657,0.01936,0.02194
8658,0.0193,0.02189
8659,0.01931,0.02189
8660,0.01938,0.02189
8661,0.0194,0.02182
8662,0.01942,0.02186
8663,0.0194,0.02186
8664,0.01942,0.02189
8665,0.01941,0.02185
8666,0.01936,0.02182
8667,0.01938,0.02185
8668,0.01937,0.02181
8669,0.01939,0.02182
8670,0.01943,0.02184
8671,0.01939,0.02184
8672,0.01946,0.02184
8673,0.01943,0.02178
8674,0.01942,0.02178
8675,0.01946,0.02178
8676,0.01947,0.02174
8677,0.01947,0.02172
8678,0.01946,0.02175
8679,0.01943,0.02173
8680,0.01945,0.02178
8681,0.01942,0.02185
8682,0.0194,0.02186
8683,0.01941,0.02186
8684,0.01937,0.02181
8685,0.01946,0.02178
8686,0.01942,0.02179
8687,0.01944,0.02178
8688,0.01944,0.02174
8689,0.01944,0.02176
8690,0.01945,0.02178
8691,0.01941,0.02186
8692,0.0194,0.02178
8693,0.01937,0.02179
8694,0.01944,0.02182
8695,0.01944,0.02174
8696,0.01944,0.0218
8697,0.01941,0.02179
8698,0.01944,0.02176
8699,0.01944,0.02175
8700,0.01944,0.02178
8701,0.01944,0.02175
8702,0.01942,0.02181
8703,0.01944,0.0218
8704,0.01939,0.02185
8705,0.01943,0.02181
8706,0.01946,0.02177
8707,0.01945,0.02189
8708,0.01935,0.02185
8709,0.01938,0.02186
8710,0.01935,0.02181
8711,0.01949,0.02186
8712,0.01949,0.02173
8713,0.01944,0.02171
8714,0.01945,0.02174
8715,0.0195,0.02173
8716,0.0195,0.02169
8717,0.01951,0.02171
8718,0.01949,0.02169
8719,0.01951,0.02167
8720,0.01947,0.02173
8721,0.01945,0.02173
8722,0.01947,0.02167
8723,0.01947,0.02171
8724,0.01948,0.02168
8725,0.01948,0.02169
8726,0.0195,0.02171
8727,0.01948,0.02177
8728,0.01943,0.02179
8729,0.01941,0.02181
8730,0.01938,0.02179
8731,0.01944,0.02178
8732,0.01951,0.02175
8733,0.01954,0.02172
8734,0.01947,0.02171
8735,0.01944,0.02177
8736,0.01951,0.02173
8737,0.01953,0.02169
8738,0.01951,0.02167
8739,0.01952,0.02177
8740,0.01954,0.02171
8741,0.01954,0.02169
8742,0.0195,0.02175
8743,0.01945,0.02172
8744,0.01946,0.02173
8745,0.01949,0.0217
8746,0.01952,0.02175
8747,0.01949,0.02174
8748,0.01949,0.02175
8749,0.01946,0.02175
8750,0.01951,0.02174
8751,0.01946,0.02175
8752,0.01943,0.02176
8753,0.01941,0.02187
8754,0.01947,0.02181
8755,0.01947,0.02179
8756,0.01942,0.02179
8757,0.01951,0.0218
8758,0.01951,0.02178
8759,0.01942,0.02177
8760,0.01943,0.02185
8761,0.01941,0.02183
8762,0.01947,0.02173
8763,0.01941,0.02183
8764,0.01937,0.0218
8765,0.01939,0.0218
8766,0.01942,0.02186
8767,0.01941,0.02181
8768,0.01941,0.02181
8769,0.01938,0.02186
8770,0.01936,0.02188
8771,0.01934,0.02191
8772,0.01936,0.02187
8773,0.01934,0.02186
8774,0.01936,0.02192
8775,0.01925,0.02193
8776,0.01932,0.02194
8777,0.01925,0.02197
8778,0.01929,0.02198
8779,0.01925,0.02195
8780,0.01927,0.02195
8781,0.01929,0.02197
8782,0.0193,0.022
8783,0.01931,0.02204
8784,0.01925,0.02197
8785,0.01927,0.02195
8786,0.0193,0.02196
8787,0.01931,0.02198
8788,0.0193,0.02196
8789,0.01931,0.02195
8790,0.01929,0.02198
8791,0.01929,0.02195
8792,0.01928,0.022
8793,0.01931,0.02199
8794,0.01935,0.02202
8795,0.01935,0.02195
8796,0.01928,0.02194
8797,0.0193,0.02192
8798,0.01928,0.02194
8799,0.01934,0.02192
8800,0.01938,0.02189
8801,0.01933,0.02189
8802,0.01938,0.02185
8803,0.01932,0.02186
8804,0.0194,0.02185
8805,0.01937,0.0218
8806,0.01942,0.02179
8807,0.01948,0.02187
8808,0.01935,0.02186
8809,0.0194,0.02185
8810,0.01947,0.0218
8811,0.0194,0.02178
8812,0.01942,0.02181
8813,0.01944,0.02187
8814,0.01937,0.02186
8815,0.01938,0.02185
8816,0.01942,0.02189
8817,0.01938,0.02182
8818,0.01932,0.02193
8819,0.01932,0.02189
8820,0.01933,0.02188
8821,0.01936,0.02192
8822,0.0194,0.02193
8823,0.01937,0.02187
8824,0.01939,0.02187
8825,0.01941,0.02182
8826,0.01936,0.02194
8827,0.01933,0.02192
8828,0.01932,0.02187
8829,0.01939,0.02188
8830,0.0194,0.02189
8831,0.01937,0.02192
8832,0.01934,0.02186
8833,0.01935,0.02189
8834,0.01933,0.02187
8835,0.01937,0.0219
8836,0.01933,0.02189
8837,0.01935,0.02189
8838,0.01935,0.02189
8839,0.01937,0.02182
8840,0.01935,0.02185
8841,0.01943,0.02183
8842,0.01936,0.02185
8843,0.01934,0.02191
8844,0.01937,0.0219
8845,0.01935,0.02188
8846,0.01936,0.0219
8847,0.01934,0.02191
8848,0.01933,0.0219
8849,0.01934,0.02194
8850,0.01935,0.0219
8851,0.01933,0.02194
8852,0.01927,0.02192
8853,0.0193,0.02195
8854,0.01935,0.0219
8855,0.01933,0.02199
8856,0.01928,0.02198
8857,0.01926,0.02198
8858,0.01923,0.022
8859,0.01932,0.02195
8860,0.01935,0.02188
8861,0.01933,0.02189
8862,0.0193,0.02191
8863,0.01939,0.02188
8864,0.01939,0.02195
8865,0.01928,0.02195
8866,0.01932,0.022
8867,0.01926,0.02193
8868,0.01932,0.02197
8869,0.01932,0.02194
8870,0.01933,0.02194
8871,0.01928,0.022
8872,0.01923,0.02203
8873,0.01925,0.022
8874,0.01927,0.02202
8875,0.01926,0.02198
8876,0.01931,0.02198
8877,0.01925,0.02202
8878,0.01932,0.02206
8879,0.01927,0.02204
8880,0.01923,0.02204
8881,0.01921,0.02199
8882,0.01924,0.022
8883,0.01924,0.02198
8884,0.01926,0.02198
8885,0.01925,0.022
8886,0.01929,0.02197
8887,0.01928,0.02196
8888,0.01924,0.022
8889,0.01929,0.02194
8890,0.01924,0.02202
8891,0.01925,0.02202
8892,0.0193,0.02199
8893,0.01927,0.02202
8894,0.0193,0.02194
8895,0.01932,0.02192
8896,0.01929,0.02195
8897,0.0193,0.02194
8898,0.01928,0.02202
8899,0.01928,0.02199
8900,0.01927,0.02218
8901,0.0192,0.02213
8902,0.01928,0.02211
8903,0.01922,0.02206
8904,0.0192,0.02204
8905,0.01926,0.02203
8906,0.01926,0.02203
8907,0.01928,0.022
8908,0.01928,0.02196
8909,0.0193,0.02199
8910,0.01929,0.02194
8911,0.01929,0.02194
8912,0.01929,0.02193
8913,0.01932,0.02194
8914,0.01931,0.02196
8915,0.01931,0.0219
8916,0.01931,0.0219
8917,0.0193,0.02188
8918,0.01928,0.02187
8919,0.01931,0.02188
8920,0.01935,0.02187
8921,0.01937,0.02196
8922,0.01935,0.02185
8923,0.01943,0.02187
8924,0.01933,0.02189
8925,0.01931,0.0219
8926,0.01937,0.02188
8927,0.0194,0.0219
8928,0.01934,0.02185
8929,0.01939,0.02186
8930,0.01936,0.02191
8931,0.01936,0.02189
8932,0.01931,0.02198
8933,0.01937,0.02188
8934,0.01934,0.02189
8935,0.01929,0.02192
8936,0.01928,0.02196
8937,0.0193,0.02192
8938,0.01934,0.0219
8939,0.01931,0.0219
8940,0.01933,0.02192
8941,0.01935,0.02196
8942,0.01937,0.02191
8943,0.01936,0.02192
8944,0.01934,0.02188
8945,0.01941,0.02189
8946,0.01942,0.02179
8947,0.01947,0.0218
8948,0.01942,0.02181
8949,0.0195,0.02182
8950,0.01944,0.02179
8951,0.01944,0.02176
8952,0.01943,0.0218
8953,0.0194,0.02178
8954,0.0195,0.02183
8955,0.0194,0.02179
8956,0.01942,0.02182
8957,0.01941,0.0218
8958,0.01947,0.02177
8959,0.01946,0.02174
8960,0.01943,0.02181
8961,0.01941,0.02181
8962,0.0194,0.0218
8963,0.01942,0.02179
8964,0.01942,0.02176
8965,0.01943,0.02182
8966,0.01941,0.02182
8967,0.0194,0.02173
8968,0.0194,0.02182
8969,0.01939,0.02182
8970,0.01937,0.02191
8971,0.01937,0.02191
8972,0.01931,0.02193
8973,0.01926,0.02192
8974,0.01936,0.02194
8975,0.01932,0.02192
8976,0.01931,0.02197
8977,0.01926,0.02198
8978,0.01928,0.02198
8979,0.01928,0.02197
8980,0.01931,0.02201
8981,0.01929,0.02201
8982,0.01932,0.02198
8983,0.01932,0.02196
8984,0.0193,0.02194
8985,0.01933,0.02192
8986,0.01932,0.0219
8987,0.01936,0.02189
8988,0.01934,0.02193
8989,0.01931,0.02191
8990,0.01936,0.0219
8991,0.01941,0.02184
8992,0.01939,0.02184
8993,0.01934,0.02184
8994,0.01936,0.0219
8995,0.0193,0.02191
8996,0.01934,0.02192
8997,0.01935,0.02187
8998,0.01935,0.02183
8999,0.01938,0.02187
9000,0.01939,0.02182
9001,0.01936,0.02181
9002,0.01938,0.02186
9003,0.01938,0.02187
9004,0.01935,0.02186
9005,0.01937,0.02185
9006,0.01934,0.02187
9007,0.01941,0.02183
9008,0.0194,0.02181
9009,0.01939,0.02189
9010,0.01937,0.02188
9011,0.01937,0.02187
9012,0.01932,0.02186
9013,0.01937,0.02193
9014,0.01933,0.02191
9015,0.01934,0.02188
9016,0.01935,0.02191
9017,0.01933,0.02195
9018,0.01934,0.02193
9019,0.01932,0.02196
9020,0.01932,0.02193
9021,0.01931,0.02199
9022,0.01932,0.02193
9023,0.01932,0.022
9024,0.01931,0.02198
9025,0.01925,0.02197
9026,0.01926,0.022
9027,0.01925,0.02196
9028,0.01921,0.02201
9029,0.01924,0.022
9030,0.01921,0.02203
9031,0.01921,0.02199
9032,0.01927,0.02202
9033,0.01924,0.02205
9034,0.01926,0.02206
9035,0.01925,0.02212
9036,0.01921,0.02211
9037,0.01918,0.02206
9038,0.01921,0.02206
9039,0.01921,0.02203
9040,0.01922,0.02199
9041,0.01922,0.02208
9042,0.01931,0.02205
9043,0.01922,0.02206
9044,0.01924,0.0221
9045,0.01922,0.02203
9046,0.01923,0.0221
9047,0.01917,0.02211
9048,0.01928,0.0221
9049,0.01929,0.02208
9050,0.01922,0.02203
9051,0.0192,0.02211
9052,0.01913,0.02214
9053,0.01917,0.02209
9054,0.01915,0.02212
9055,0.0192,0.02213
9056,0.01922,0.02211
9057,0.01919,0.02213
9058,0.01914,0.02208
9059,0.01916,0.02214
9060,0.01923,0.0221
9061,0.01915,0.02213
9062,0.01917,0.02212
9063,0.01919,0.02213
9064,0.01914,0.02214
9065,0.01913,0.02215
9066,0.0192,0.02214
9067,0.01916,0.02212
9068,0.01917,0.02214
9069,0.01912,0.02213
9070,0.01912,0.02221
9071,0.01912,0.02213
9072,0.01913,0.02215
9073,0.0191,0.02223
9074,0.01904,0.02224
9075,0.01908,0.0222
9076,0.01907,0.02219
9077,0.0191,0.02225
9078,0.01909,0.02222
9079,0.0191,0.02221
9080,0.01906,0.02223
9081,0.0191,0.02223
9082,0.01913,0.02223
9083,0.01907,0.0222
9084,0.01913,0.02221
9085,0.01911,0.02222
9086,0.01913,0.02227
9087,0.01906,0.02228
9088,0.01903,0.02229
9089,0.0191,0.02228
9090,0.01904,0.02235
9091,0.01904,0.02236
9092,0.01896,0.02232
9093,0.01903,0.02235
9094,0.01905,0.02227
9095,0.01912,0.02225
9096,0.01907,0.02223
9097,0.01912,0.02226
9098,0.01907,0.02224
9099,0.01909,0.02225
9100,0.01903,0.02225
9101,0.01904,0.02224
9102,0.01908,0.02228
9103,0.01904,0.02231
9104,0.01904,0.0223
9105,0.01899,0.02227
9106,0.01902,0.02234
9107,0.019,0.0223
9108,0.01898,0.02229
9109,0.01904,0.02231
9110,0.01905,0.02228
9111,0.01904,0.02226
9112,0.01906,0.02229
9113,0.01903,0.02227
9114,0.01901,0.0223
9115,0.01904,0.02227
9116,0.01904,0.02231
9117,0.01902,0.02234
9118,0.01905,0.0223
9119,0.01902,0.02225
9120,0.01902,0.02229
9121,0.01908,0.02229
9122,0.0191,0.02231
9123,0.01905,0.02224
9124,0.01908,0.02229
9125,0.01902,0.02231
9126,0.01901,0.02234
9127,0.01898,0.02235
9128,0.01902,0.02229
9129,0.019,0.02235
9130,0.01903,0.02239
9131,0.01898,0.02237
9132,0.01895,0.02239
9133,0.019,0.02237
9134,0.01899,0.02232
9135,0.01898,0.02229
9136,0.019,0.02234
9137,0.01898,0.02234
9138,0.01898,0.02237
9139,0.01902,0.02232
9140,0.01899,0.02236
9141,0.01896,0.02239
9142,0.01893,0.02237
9143,0.01899,0.02237
9144,0.01892,0.02243
9145,0.01893,0.0224
9146,0.01898,0.02241
9147,0.01899,0.02243
9148,0.019,0.02231
9149,0.01899,0.02233
9150,0.01899,0.0223
9151,0.01903,0.02229
9152,0.01901,0.02233
9153,0.01901,0.02232
9154,0.01906,0.02229
9155,0.01899,0.02237
9156,0.01896,0.02237
9157,0.01907,0.02233
9158,0.019,0.02236
9159,0.01899,0.02229
9160,0.01905,0.02226
9161,0.01904,0.02228
9162,0.01904,0.02223
9163,0.01903,0.02225
9164,0.01904,0.02226
9165,0.01903,0.02226
9166,0.0191,0.02225
9167,0.01907,0.02221
9168,0.01905,0.02227
9169,0.01912,0.02226
9170,0.01912,0.0222
9171,0.01911,0.02211
9172,0.01913,0.02216
9173,0.01918,0.02213
9174,0.0192,0.02211
9175,0.0192,0.0221
9176,0.01915,0.02214
9177,0.01918,0.02217
9178,0.01923,0.02209
9179,0.01918,0.02207
9180,0.01918,0.02216
9181,0.01912,0.02211
9182,0.01913,0.02211
9183,0.01914,0.02217
9184,0.01915,0.02218
9185,0.01921,0.02215
9186,0.01912,0.02216
9187,0.01911,0.02218
9188,0.01912,0.02219
9189,0.01916,0.02213
9190,0.01912,0.02216
9191,0.01912,0.02215
9192,0.01911,0.02211
9193,0.01914,0.02217
9194,0.01916,0.02217
9195,0.01913,0.02219
9196,0.01913,0.02213
9197,0.01925,0.02218
9198,0.01923,0.02213
9199,0.01917,0.02212
9200,0.01922,0.0221
9201,0.01918,0.02211
9202,0.01919,0.02213
9203,0.01916,0.02213
9204,0.01921,0.02207
9205,0.01918,0.0221
9206,0.01923,0.02206
9207,0.01917,0.02213
9208,0.01919,0.02209
9209,0.01922,0.02211
9210,0.01921,0.0221
9211,0.01921,0.02201
9212,0.0192,0.02207
9213,0.01927,0.02208
9214,0.01915,0.02205
9215,0.01918,0.02209
9216,0.01918,0.0221
9217,0.01922,0.02212
9218,0.01925,0.02209
9219,0.01923,0.02204
9220,0.01917,0.02204
9221,0.01917,0.02204
9222,0.01915,0.0221
9223,0.01927,0.02206
9224,0.01927,0.02201
9225,0.01928,0.02197
9226,0.01928,0.02198
9227,0.0193,0.022
9228,0.0193,0.02199
9229,0.01923,0.02199
9230,0.01922,0.02198
9231,0.01927,0.02201
9232,0.01926,0.02211
9233,0.0193,0.02207
9234,0.01921,0.02208
9235,0.01922,0.02203
9236,0.01922,0.02204
9237,0.01926,0.02198
9238,0.01928,0.02208
9239,0.01918,0.02206
9240,0.01921,0.02204
9241,0.01922,0.02205
9242,0.01921,0.02203
9243,0.0192,0.02202
9244,0.01922,0.02203
9245,0.01933,0.02199
9246,0.01925,0.02205
9247,0.01929,0.02199
9248,0.01926,0.02201
9249,0.01929,0.02199
9250,0.01932,0.02191
9251,0.01928,0.02197
9252,0.01929,0.02195
9253,0.01929,0.02197
9254,0.01928,0.02198
9255,0.01927,0.02195
9256,0.01928,0.02193
9257,0.01928,0.02192
9258,0.01934,0.02191
9259,0.01935,0.02194
9260,0.01932,0.02194
9261,0.01934,0.02192
9262,0.01933,0.02187
9263,0.01931,0.02186
9264,0.0193,0.02189
9265,0.01933,0.02187
9266,0.01933,0.0219
9267,0.01939,0.02182
9268,0.01937,0.02184
9269,0.01941,0.02181
9270,0.01944,0.02182
9271,0.01944,0.02182
9272,0.0194,0.02181
9273,0.01944,0.02184
9274,0.01936,0.02182
9275,0.01939,0.02182
9276,0.01944,0.02178
9277,0.01944,0.02186
9278,0.0194,0.02188
9279,0.01942,0.02186
9280,0.0194,0.02181
9281,0.0194,0.02185
9282,0.01942,0.02188
9283,0.01943,0.02186
9284,0.01938,0.02193
9285,0.01931,0.02187
9286,0.01944,0.02191
9287,0.0194,0.02194
9288,0.0194,0.02201
9289,0.01929,0.02197
9290,0.01932,0.02189
9291,0.01929,0.02193
9292,0.01931,0.02191
9293,0.01931,0.02191
9294,0.01931,0.02197
9295,0.01933,0.02203
9296,0.01922,0.02204
9297,0.01923,0.02197
9298,0.01924,0.02203
9299,0.01924,0.02201
9300,0.01924,0.02211
9301,0.0192,0.022
9302,0.0192,0.02202
9303,0.01927,0.02202
9304,0.01929,0.02199
9305,0.01926,0.02194
9306,0.0193,0.02203
9307,0.01934,0.02193
9308,0.01935,0.02189
9309,0.01933,0.02189
9310,0.01936,0.02189
9311,0.01934,0.02188
9312,0.01937,0.0219
9313,0.01936,0.02187
9314,0.01931,0.02185
9315,0.01933,0.02187
9316,0.01932,0.02191
9317,0.01932,0.02189
9318,0.01938,0.0219
9319,0.01934,0.02187
9320,0.01938,0.02187
9321,0.01936,0.02195
9322,0.01942,0.02187
9323,0.0194,0.02176
9324,0.01946,0.02179
9325,0.01947,0.02179
9326,0.01943,0.02179
9327,0.01939,0.02181
9328,0.01947,0.02175
9329,0.01943,0.0218
9330,0.01942,0.02183
9331,0.01942,0.0218
9332,0.01942,0.0218
9333,0.01945,0.02185
9334,0.01937,0.02182
9335,0.0194,0.0218
9336,0.01939,0.0218
9337,0.0194,0.0218
9338,0.01941,0.02184
9339,0.01934,0.02191
9340,0.01931,0.02187
9341,0.01933,0.02186
9342,0.01933,0.0219
9343,0.01936,0.02193
9344,0.01937,0.0219
9345,0.01929,0.02193
9346,0.01935,0.02192
9347,0.01933,0.02191
9348,0.01935,0.02193
9349,0.01937,0.02194
9350,0.01936,0.0219
9351,0.01939,0.02184
9352,0.01931,0.02193
9353,0.01931,0.02193
9354,0.01933,0.02189
9355,0.01932,0.02192
9356,0.01935,0.02189
9357,0.01933,0.02194
9358,0.0193,0.0219
9359,0.01935,0.02195
9360,0.01929,0.02191
9361,0.01933,0.02191
9362,0.01929,0.02192
9363,0.01931,0.02191
9364,0.01935,0.02191
9365,0.01935,0.02191
9366,0.01932,0.02191
9367,0.01931,0.0219
9368,0.01936,0.02189
9369,0.01938,0.02189
9370,0.01936,0.02185
9371,0.01933,0.02188
9372,0.01931,0.02184
9373,0.01937,0.02186
9374,0.01936,0.02187
9375,0.01939,0.02188
9376,0.01932,0.02185
9377,0.01936,0.02191
9378,0.0193,0.02196
9379,0.01927,0.02196
9380,0.01928,0.02193
9381,0.0193,0.02191
9382,0.01935,0.02194
9383,0.01937,0.02188
9384,0.01939,0.02187
9385,0.01936,0.02191
9386,0.0194,0.02183
9387,0.01938,0.02186
9388,0.01941,0.02185
9389,0.01936,0.02184
9390,0.0194,0.02187
9391,0.0194,0.02181
9392,0.01942,0.02176
9393,0.01944,0.02182
9394,0.01939,0.02186
9395,0.01944,0.02183
9396,0.01944,0.02183
9397,0.01942,0.02184
9398,0.01945,0.02184
9399,0.01945,0.02189
9400,0.01938,0.02194
9401,0.01934,0.02194
9402,0.01935,0.02185
9403,0.01935,0.02188
9404,0.01933,0.0219
9405,0.01929,0.02194
9406,0.01941,0.02194
9407,0.01938,0.02188
9408,0.01939,0.02191
9409,0.01933,0.02187
9410,0.0194,0.02189
9411,0.01934,0.0219
9412,0.01937,0.02182
9413,0.0194,0.02182
9414,0.0194,0.02182
9415,0.01937,0.02187
9416,0.01936,0.02185
9417,0.01937,0.02185
9418,0.01936,0.02181
9419,0.01938,0.02187
9420,0.01938,0.02183
9421,0.01937,0.02188
9422,0.01942,0.02188
9423,0.01943,0.02182
9424,0.01942,0.02176
9425,0.01946,0.02177
9426,0.01949,0.02172
9427,0.01946,0.02174
9428,0.01951,0.02178
9429,0.01951,0.0217
9430,0.01947,0.02172
9431,0.01952,0.02173
9432,0.01949,0.02171
9433,0.01945,0.02179
9434,0.01943,0.02184
9435,0.01945,0.02177
9436,0.01942,0.02175
9437,0.01943,0.02176
9438,0.01948,0.02175
9439,0.01946,0.02178
9440,0.01946,0.02173
9441,0.01944,0.02175
9442,0.01947,0.02171
9443,0.01947,0.02174
9444,0.01952,0.02174
9445,0.0195,0.02175
9446,0.01947,0.02177
9447,0.01957,0.02176
9448,0.01943,0.02176
9449,0.01944,0.02169
9450,0.01954,0.02174
9451,0.01957,0.02171
9452,0.01964,0.02167
9453,0.01962,0.02161
9454,0.0196,0.02161
9455,0.01957,0.0216
9456,0.01958,0.02165
9457,0.01958,0.02159
9458,0.01959,0.02161
9459,0.01962,0.02163
9460,0.01956,0.02166
9461,0.01963,0.02169
9462,0.01958,0.02162
9463,0.01958,0.02161
9464,0.01951,0.02165
9465,0.01954,0.02163
9466,0.01955,0.02165
9467,0.0196,0.02164
9468,0.01958,0.02162
9469,0.01964,0.02159
9470,0.01961,0.02162
9471,0.01959,0.02164
9472,0.01956,0.02164
9473,0.01962,0.02166
9474,0.01962,0.02176
9475,0.01949,0.02168
9476,0.01952,0.02175
9477,0.01949,0.0217
9478,0.01947,0.02179
9479,0.01954,0.02176
9480,0.01958,0.02173
9481,0.0195,0.02171
9482,0.01949,0.02169
9483,0.01953,0.0217
9484,0.01951,0.02161
9485,0.01955,0.02169
9486,0.01955,0.02171
9487,0.01948,0.02169
9488,0.01954,0.0217
9489,0.01953,0.02173
9490,0.01955,0.02172
9491,0.01952,0.02166
9492,0.01955,0.02163
9493,0.01959,0.02162
9494,0.01954,0.02165
9495,0.0196,0.02157
9496,0.01957,0.02164
9497,0.01965,0.02158
9498,0.01964,0.02149
9499,0.01963,0.02161
9500,0.01956,0.0216
9501,0.01957,0.02161
9502,0.01958,0.0216
9503,0.01954,0.02167
9504,0.01955,0.02165
9505,0.01956,0.02164
9506,0.01955,0.02166
9507,0.01956,0.02165
9508,0.01953,0.02166
9509,0.01959,0.02167
9510,0.01958,0.02165
9511,0.01957,0.02162
9512,0.01955,0.02169
9513,0.01951,0.02162
9514,0.01955,0.02169
9515,0.01956,0.02165
9516,0.01952,0.02164
9517,0.0195,0.02167
9518,0.01952,0.02171
9519,0.0195,0.0217
9520,0.01948,0.02175
9521,0.01944,0.02182
9522,0.01941,0.02179
9523,0.01941,0.02185
9524,0.01935,0.02185
9525,0.01937,0.02188
9526,0.01933,0.02188
9527,0.01931,0.02191
9528,0.01935,0.02191
9529,0.01933,0.02197
9530,0.0193,0.02195
9531,0.0193,0.02189
9532,0.01932,0.02192
9533,0.01928,0.02195
9534,0.0193,0.02191
9535,0.01925,0.02199
9536,0.01931,0.02194
9537,0.01929,0.02197
9538,0.01931,0.022
9539,0.01931,0.02188
9540,0.01934,0.02191
9541,0.01934,0.02191
9542,0.01935,0.02187
9543,0.01933,0.02191
9544,0.01933,0.02193
9545,0.01929,0.02194
9546,0.01937,0.02196
9547,0.01933,0.02191
9548,0.01932,0.02198
9549,0.0193,0.0219
9550,0.01928,0.02191
9551,0.01929,0.02199
9552,0.01929,0.02206
9553,0.01919,0.02202
9554,0.01924,0.02199
9555,0.0193,0.02199
9556,0.01925,0.02202
9557,0.01934,0.02202
9558,0.01933,0.02189
9559,0.01934,0.02189
9560,0.01937,0.0219
9561,0.01934,0.02186
9562,0.01933,0.02194
9563,0.01939,0.02189
9564,0.0194,0.02186
9565,0.01938,0.02184
9566,0.01941,0.02191
9567,0.01938,0.02186
9568,0.01941,0.02182
9569,0.01947,0.02176
9570,0.01946,0.02178
9571,0.01944,0.02185
9572,0.01939,0.02186
9573,0.0194,0.0218
9574,0.01947,0.0218
9575,0.01944,0.0218
9576,0.0195,0.02179
9577,0.01944,0.02176
9578,0.01945,0.02179
9579,0.01946,0.0218
9580,0.01942,0.02175
9581,0.01942,0.0218
9582,0.01947,0.02177
9583,0.01945,0.02177
9584,0.01945,0.02176
9585,0.01944,0.02178
9586,0.01944,0.02183
9587,0.0194,0.02176
9588,0.0194,0.02177
9589,0.01944,0.02176
9590,0.01941,0.02179
9591,0.01939,0.02181
9592,0.01941,0.02182
9593,0.01939,0.0218
9594,0.01939,0.02184
9595,0.01935,0.02192
9596,0.01938,0.02181
9597,0.01944,0.02182
9598,0.01943,0.02191
9599,0.01935,0.02187
9600,0.0193,0.0219
9601,0.01931,0.02186
9602,0.01932,0.02187
9603,0.0193,0.02186
9604,0.0193,0.0219
9605,0.01932,0.02192
9606,0.01931,0.02194
9607,0.01932,0.02192
9608,0.01931,0.0219
9609,0.01931,0.02192
9610,0.01935,0.02192
9611,0.01935,0.02193
9612,0.01929,0.02197
9613,0.01928,0.02193
9614,0.01927,0.02197
9615,0.01928,0.02193
9616,0.01927,0.02199
9617,0.01927,0.02194
9618,0.01928,0.02198
9619,0.0193,0.02196
9620,0.01924,0.02197
9621,0.01933,0.02198
9622,0.0193,0.02196
9623,0.01932,0.02198
9624,0.01926,0.02197
9625,0.01922,0.02196
9626,0.01924,0.022
9627,0.01931,0.02196
9628,0.01929,0.02195
9629,0.01926,0.022
9630,0.01932,0.02195
9631,0.01932,0.02191
9632,0.01934,0.02198
9633,0.01929,0.02194
9634,0.01925,0.02197
9635,0.01935,0.02195
9636,0.01939,0.02187
9637,0.01938,0.02186
9638,0.01934,0.02185
9639,0.01944,0.02191
9640,0.01937,0.02191
9641,0.01944,0.02188
9642,0.01942,0.02185
9643,0.01942,0.02187
9644,0.01938,0.0219
9645,0.01941,0.02183
9646,0.01937,0.02187
9647,0.01935,0.02192
9648,0.01935,0.0219
9649,0.01935,0.02193
9650,0.01934,0.02193
9651,0.01932,0.02192
9652,0.01933,0.0219
9653,0.01931,0.02194
9654,0.01929,0.02199
9655,0.01931,0.02199
9656,0.01926,0.02199
9657,0.01927,0.02194
9658,0.0193,0.022
9659,0.0193,0.02199
9660,0.0193,0.02197
9661,0.01928,0.02199
9662,0.01928,0.022
9663,0.01931,0.02197
9664,0.01924,0.02197
9665,0.01927,0.022
9666,0.01926,0.02194
9667,0.01926,0.02193
9668,0.01923,0.02202
9669,0.01929,0.02201
9670,0.01927,0.02195
9671,0.01925,0.02198
9672,0.01925,0.02204
9673,0.01923,0.022
9674,0.01927,0.02199
9675,0.01927,0.022
9676,0.0193,0.02199
9677,0.01927,0.022
9678,0.01923,0.02206
9679,0.01927,0.02198
9680,0.01929,0.022
9681,0.01936,0.02197
9682,0.0193,0.02203
9683,0.01923,0.02203
9684,0.01923,0.02202
9685,0.01922,0.02201
9686,0.01922,0.022
9687,0.01922,0.02197
9688,0.01926,0.022
9689,0.01929,0.02198
9690,0.01926,0.02197
9691,0.01929,0.02199
9692,0.01931,0.02197
9693,0.01933,0.02193
9694,0.01925,0.02198
9695,0.01925,0.02199
9696,0.01925,0.02202
9697,0.01924,0.02205
9698,0.01924,0.02203
9699,0.01921,0.02199
9700,0.01922,0.02203
9701,0.01921,0.02203
9702,0.0192,0.02207
9703,0.01928,0.02205
9704,0.01921,0.02203
9705,0.01923,0.02196
9706,0.01929,0.02197
9707,0.01931,0.02196
9708,0.01927,0.02194
9709,0.01932,0.02196
9710,0.01933,0.02194
9711,0.01928,0.02194
9712,0.01932,0.02192
9713,0.01932,0.02199
9714,0.01933,0.02202
9715,0.01932,0.02198
9716,0.01933,0.02193
9717,0.01928,0.02199
9718,0.01929,0.02198
9719,0.01929,0.02191
9720,0.01931,0.02191
9721,0.0193,0.02197
9722,0.01928,0.02205
9723,0.01925,0.02198
9724,0.01923,0.02204
9725,0.01921,0.02201
9726,0.01922,0.02206
9727,0.01921,0.02206
9728,0.01919,0.02209
9729,0.01921,0.02203
9730,0.01922,0.02201
9731,0.01924,0.02202
9732,0.01923,0.02198
9733,0.0193,0.02203
9734,0.0193,0.02206
9735,0.01931,0.02197
9736,0.01928,0.02196
9737,0.0193,0.02204
9738,0.01924,0.02206
9739,0.01924,0.022
9740,0.01929,0.02204
9741,0.01927,0.02195
9742,0.01934,0.02194
9743,0.01932,0.02195
9744,0.01932,0.02195
9745,0.01929,0.02201
9746,0.01932,0.02194
9747,0.01933,0.02192
9748,0.01936,0.02191
9749,0.01936,0.0219
9750,0.01936,0.0219
9751,0.01935,0.02195
9752,0.01934,0.02189
9753,0.01934,0.02192
9754,0.01932,0.02203
9755,0.0193,0.02198
9756,0.01929,0.02204
9757,0.01928,0.0219
9758,0.01932,0.02201
9759,0.01929,0.02202
9760,0.01928,0.02201
9761,0.01929,0.02198
9762,0.01929,0.02196
9763,0.0193,0.02199
9764,0.01929,0.02194
9765,0.01938,0.02195
9766,0.01937,0.02193
9767,0.01936,0.02186
9768,0.01938,0.02192
9769,0.01936,0.02184
9770,0.01939,0.02186
9771,0.01939,0.02181
9772,0.0194,0.02186
9773,0.01937,0.02186
9774,0.01941,0.02188
9775,0.0194,0.02184
9776,0.01939,0.02187
9777,0.01939,0.02187
9778,0.0194,0.02187
9779,0.01942,0.02191
9780,0.01928,0.02193
9781,0.01931,0.0219
9782,0.01932,0.02193
9783,0.01936,0.02194
9784,0.01935,0.02185
9785,0.01935,0.0219
9786,0.01927,0.02191
9787,0.01928,0.02195
9788,0.01932,0.02198
9789,0.01931,0.02198
9790,0.01932,0.02193
9791,0.01931,0.02196
9792,0.01928,0.02198
9793,0.01927,0.02197
9794,0.0193,0.02195
9795,0.01932,0.02192
9796,0.01935,0.02196
9797,0.01934,0.02192
9798,0.01935,0.02191
9799,0.01933,0.02188
9800,0.01936,0.02187
9801,0.01934,0.02188
9802,0.01939,0.02188
9803,0.0194,0.02188
9804,0.01939,0.02189
9805,0.01934,0.02187
9806,0.01942,0.02188
9807,0.01941,0.02187
9808,0.01935,0.02187
9809,0.01937,0.02184
9810,0.01944,0.02182
9811,0.01937,0.02181
9812,0.01939,0.02182
9813,0.0194,0.0218
9814,0.01938,0.02181
9815,0.01937,0.02185
9816,0.01938,0.02183
9817,0.0194,0.02182
9818,0.01943,0.02179
9819,0.0194,0.02185
9820,0.01938,0.02189
9821,0.01933,0.02189
9822,0.01941,0.02194
9823,0.01945,0.02178
9824,0.01948,0.02179
9825,0.01945,0.02178
9826,0.01941,0.02182
9827,0.01942,0.02177
9828,0.01941,0.02179
9829,0.01941,0.02188
9830,0.01936,0.02195
9831,0.01935,0.02187
9832,0.01939,0.02189
9833,0.01934,0.02188
9834,0.01936,0.0219
9835,0.01932,0.02194
9836,0.01933,0.02194
9837,0.01931,0.02197
9838,0.01928,0.02197
9839,0.01934,0.02192
9840,0.01929,0.02196
9841,0.0193,0.02193
9842,0.01931,0.02187
9843,0.01936,0.02189
9844,0.01938,0.02181
9845,0.01941,0.0218
9846,0.01946,0.02181
9847,0.01941,0.02181
9848,0.01941,0.02179
9849,0.01947,0.02185
9850,0.01946,0.02175
9851,0.01944,0.02183
9852,0.01941,0.02184
9853,0.01938,0.02181
9854,0.01941,0.0218
9855,0.01938,0.02181
9856,0.01939,0.02184
9857,0.01936,0.02184
9858,0.01939,0.02181
9859,0.01939,0.02185
9860,0.01942,0.02187
9861,0.01937,0.02181
9862,0.01939,0.02183
9863,0.01937,0.02184
9864,0.01934,0.02186
9865,0.01932,0.0219
9866,0.01932,0.02189
9867,0.01934,0.02189
9868,0.0194,0.02185
9869,0.01948,0.0218
9870,0.01939,0.02179
9871,0.0194,0.02182
9872,0.01941,0.02184
9873,0.01942,0.0218
9874,0.01941,0.02181
9875,0.01941,0.0218
9876,0.01948,0.02181
9877,0.01944,0.02178
9878,0.01943,0.02176
9879,0.0195,0.02177
9880,0.01943,0.02175
9881,0.0195,0.02178
9882,0.01944,0.02175
9883,0.01952,0.02176
9884,0.01952,0.02169
9885,0.01945,0.02171
9886,0.01942,0.02178
9887,0.01947,0.02174
9888,0.01952,0.02177
9889,0.01949,0.02173
9890,0.01951,0.02177
9891,0.01949,0.0217
9892,0.01948,0.02171
9893,0.01948,0.0217
9894,0.01952,0.02166
9895,0.01952,0.02165
9896,0.01952,0.02172
9897,0.01948,0.02165
9898,0.01948,0.02169
9899,0.01951,0.0217
9900,0.01949,0.0217
9901,0.01955,0.02168
9902,0.01952,0.02165
9903,0.01952,0.02173
9904,0.01951,0.02168
9905,0.0195,0.02173
9906,0.01953,0.02176
9907,0.01952,0.02165
9908,0.01954,0.02168
9909,0.01955,0.02166
9910,0.01951,0.02172
9911,0.01954,0.02169
9912,0.01952,0.02166
9913,0.01949,0.02165
9914,0.01952,0.02167
9915,0.01954,0.02164
9916,0.01953,0.02176
9917,0.01949,0.02169
9918,0.01953,0.02172
9919,0.01944,0.02176
9920,0.01945,0.02175
9921,0.01943,0.02176
9922,0.01942,0.02175
9923,0.01941,0.02184
9924,0.0195,0.0218
9925,0.0194,0.02186
9926,0.01939,0.0218
9927,0.01941,0.02183
9928,0.01941,0.02181
9929,0.0194,0.02184
9930,0.01944,0.0218
9931,0.01941,0.02181
9932,0.01937,0.02183
9933,0.0193,0.02192
9934,0.01936,0.02188
9935,0.01937,0.02187
9936,0.01934,0.02184
9937,0.01934,0.0219
9938,0.01931,0.02195
9939,0.01928,0.02192
9940,0.01929,0.02189
9941,0.0193,0.02196
9942,0.01926,0.02194
9943,0.01928,0.02202
9944,0.01924,0.02201
9945,0.01925,0.02207
9946,0.01918,0.02208
9947,0.01927,0.02201
9948,0.01923,0.02201
9949,0.0193,0.022
9950,0.01932,0.02196
9951,0.01927,0.02197
9952,0.01929,0.02199
9953,0.01927,0.02198
9954,0.0193,0.02194
9955,0.01933,0.02197
9956,0.01931,0.02195
9957,0.01932,0.02198
9958,0.01931,0.02197
9959,0.01931,0.02193
9960,0.01926,0.02196
9961,0.01927,0.02192
9962,0.01929,0.02199
9963,0.01933,0.02193
9964,0.01939,0.02196
9965,0.0193,0.02196
9966,0.01932,0.02195
9967,0.01926,0.02201
9968,0.01927,0.02199
9969,0.01932,0.02201
9970,0.01927,0.02198
9971,0.01929,0.02194
9972,0.01931,0.02198
9973,0.01927,0.02195
9974,0.01927,0.02196
9975,0.01931,0.02196
9976,0.01936,0.02197
9977,0.01937,0.02191
9978,0.0194,0.02184
9979,0.01937,0.02184
9980,0.01935,0.02187
9981,0.01935,0.02187
9982,0.01934,0.02188
9983,0.01941,0.02185
9984,0.0194,0.02184
9985,0.01937,0.02186
9986,0.01938,0.02185
9987,0.01935,0.02188
9988,0.01935,0.02187
9989,0.01941,0.0219
9990,0.01941,0.02191
9991,0.01933,0.02187
9992,0.01936,0.02191
9993,0.01938,0.02189
9994,0.01938,0.02189
9995,0.01932,0.02188
9996,0.01933,0.0219
9997,0.01937,0.02184
9998,0.01939,0.0218
9999,0.0194,0.0218
10000,0.01941,0.02177
