MDTU,|Tr(Lx)|,|Tr(Ly)|
1,0.00844797,0.00781255
2,0.00641215,0.00414734
3,0.00641215,0.00414734
4,0.00641215,0.00414734
5,0.00641215,0.00414734
6,0.00641215,0.00414734
7,0.00588613,0.0043884
8,0.0020789,0.00449496
9,0.0020789,0.00449496
10,0.00407646,0.00456836
11,0.00702124,0.00568313
12,0.00702124,0.00568313
13,0.00702124,0.00568313
14,0.00702124,0.00568313
15,0.00606741,0.00293553
16,0.00606741,0.00293553
17,0.00606741,0.00293553
18,0.00606741,0.00293553
19,0.00606741,0.00293553
20,0.00606741,0.00293553
21,0.00619787,0.00383744
22,0.00619787,0.00383744
23,0.005843,0.00147914
24,0.005843,0.00147914
25,0.00604978,0.00172148
26,0.00604978,0.00172148
27,0.00604978,0.00172148
28,0.00604978,0.00172148
29,0.00604978,0.00172148
30,0.00546438,0.00207908
31,0.00546438,0.00207908
32,0.00546438,0.00207908
33,0.00546438,0.00207908
34,0.00786319,0.000755342
35,0.00786319,0.000755342
36,0.00786319,0.000755342
37,0.00786319,0.000755342
38,0.00786319,0.000755342
39,0.00982641,0.0011304
40,0.00946429,0.00233076
41,0.00946429,0.00233076
42,0.00956891,0.00298235
43,0.00743348,0.00223074
44,0.00743348,0.00223074
45,0.00871229,0.00150289
46,0.00871229,0.00150289
47,0.00579313,0.00129623
48,0.00579313,0.00129623
49,0.00294114,0.000302015
50,0.00294114,0.000302015
51,0.00294114,0.000302015
52,0.00388288,0.00164898
53,0.00388288,0.00164898
54,0.00225511,0.00123186
55,0.00225511,0.00123186
56,0.00225511,0.00123186
57,0.00225511,0.00123186
58,0.00225511,0.00123186
59,0.00256294,0.000478383
60,0.00296484,0.00231936
61,0.00293801,0.000770251
62,0.00293801,0.000770251
63,0.00293801,0.000770251
64,0.00293801,0.000770251
65,0.00293801,0.000770251
66,0.00293801,0.000770251
67,0.00293801,0.000770251
68,0.00260997,0.00117474
69,0.00260997,0.00117474
70,0.00260997,0.00117474
71,0.00260997,0.00117474
72,0.00260997,0.00117474
73,0.00281749,0.00121346
74,0.00281749,0.00121346
75,0.00281749,0.00121346
76,0.00281749,0.00121346
77,0.00281749,0.00121346
78,0.00281749,0.00121346
79,0.00281749,0.00121346
80,0.00281749,0.00121346
81,0.00281749,0.00121346
82,0.0049586,0.000480455
83,0.00304057,0.00142121
84,0.00272517,0.00138563
85,0.00271321,0.00398576
86,0.00271321,0.00398576
87,0.00271321,0.00398576
88,0.00271321,0.00398576
89,0.00271321,0.00398576
90,0.00271321,0.00398576
91,0.00271321,0.00398576
92,0.0028983,0.00124849
93,0.00158751,0.000795122
94,0.00175519,0.0014794
95,0.00175519,0.0014794
96,0.00205878,0.00142434
97,0.00205878,0.00142434
98,0.00205878,0.00142434
99,0.00205878,0.00142434
100,0.00205878,0.00142434
101,0.00205878,0.00142434
102,0.00205878,0.00142434
103,0.00205878,0.00142434
104,0.00205878,0.00142434
105,0.00205878,0.00142434
106,0.00205878,0.00142434
107,0.00181425,0.00380692
108,0.00181425,0.00380692
109,0.00181425,0.00380692
110,0.00164897,0.00354049
111,0.00164897,0.00354049
112,0.00164897,0.00354049
113,0.00164897,0.00354049
114,0.00164897,0.00354049
115,0.00164897,0.00354049
116,0.00164897,0.00354049
117,0.00164897,0.00354049
118,0.00164897,0.00354049
119,0.0053822,0.00206307
120,0.0050145,0.00184891
121,0.0050145,0.00184891
122,0.0050145,0.00184891
123,0.00433056,0.00186668
124,0.00433056,0.00186668
125,0.00323691,0.000225454
126,0.00368717,0.00345568
127,0.0046984,0.00114116
128,0.0046984,0.00114116
129,0.0035699,0.00299475
130,0.0035699,0.00299475
131,0.0010898,0.00726068
132,0.000495251,0.00411513
133,0.00156509,0.0057631
134,0.00156509,0.0057631
135,6.79371e-05,0.00574991
136,0.000601816,0.00539201
137,0.000601816,0.00539201
138,0.000601816,0.00539201
139,0.000601816,0.00539201
140,0.000500043,0.00847445
141,0.000500043,0.00847445
142,0.000500043,0.00847445
143,0.00192502,0.00367301
144,0.00192502,0.00367301
145,0.00239466,0.00726363
146,0.00133847,0.00369954
147,0.00117864,0.00129848
148,0.00117864,0.00129848
149,0.00117864,0.00129848
150,0.00117864,0.00129848
151,0.00117864,0.00129848
152,0.00117864,0.00129848
153,0.00117864,0.00129848
154,0.00117864,0.00129848
155,0.0015548,0.00527848
156,0.0015548,0.00527848
157,0.0015548,0.00527848
158,0.00319447,0.00307172
159,0.00319447,0.00307172
160,0.00319447,0.00307172
161,0.00215905,0.00653924
162,0.00253842,0.0045735
163,0.00253842,0.0045735
164,0.00159954,0.00365038
165,0.00159954,0.00365038
166,0.00159954,0.00365038
167,0.00159954,0.00365038
168,0.00159954,0.00365038
169,0.00111593,0.0107053
170,0.00238852,0.00950635
171,0.00238852,0.00950635
172,0.00254093,0.00805808
173,0.00254093,0.00805808
174,0.00254093,0.00805808
175,0.0033724,0.00835754
176,0.00212094,0.00497606
177,0.0038898,0.00712038
178,0.0038898,0.00712038
179,0.0038898,0.00712038
180,0.00315693,0.00639777
181,0.00315693,0.00639777
182,0.00315693,0.00639777
183,0.00315693,0.00639777
184,0.00344788,0.00764127
185,0.00463221,0.00678257
186,0.00463221,0.00678257
187,0.00639513,0.00906673
188,0.00639513,0.00906673
189,0.00639513,0.00906673
190,0.00639513,0.00906673
191,0.00639513,0.00906673
192,0.00639513,0.00906673
193,0.00626041,0.00612753
194,0.00626041,0.00612753
195,0.00626041,0.00612753
196,0.00626041,0.00612753
197,0.00528977,0.00628165
198,0.00256866,0.00722196
199,0.00441757,0.00325171
200,0.00441757,0.00325171
201,0.00441757,0.00325171
202,0.00410501,0.00469209
203,0.00176983,0.00610279
204,0.00230486,0.0100705
205,0.00230486,0.0100705
206,0.00195016,0.0150445
207,0.00195016,0.0150445
208,0.00325188,0.0179789
209,0.00325188,0.0179789
210,0.00355926,0.00997549
211,0.000329218,0.00769843
212,0.000329218,0.00769843
213,0.000329218,0.00769843
214,0.000329218,0.00769843
215,0.000329218,0.00769843
216,0.000329218,0.00769843
217,0.000329218,0.00769843
218,0.000329218,0.00769843
219,0.0014181,0.0129166
220,0.0014181,0.0129166
221,0.00370261,0.00987633
222,0.00467749,0.00645852
223,0.00612148,0.00738231
224,0.00439433,0.00413141
225,0.00439433,0.00413141
226,0.00508932,0.00915032
227,0.00754537,0.00900222
228,0.00754537,0.00900222
229,0.00881724,0.00301394
230,0.00665209,0.0105252
231,0.00853822,0.00393662
232,0.00983061,0.00908677
233,0.0131345,0.00819953
234,0.00233681,0.00913135
235,0.0150263,0.0098495
236,0.0150263,0.0098495
237,0.009474,0.00776961
238,0.00276223,0.0118425
239,0.00276223,0.0118425
240,0.00276223,0.0118425
241,0.00276223,0.0118425
242,0.0079061,0.0103125
243,0.0155777,0.0131289
244,0.0155777,0.0131289
245,0.0155777,0.0131289
246,0.0155777,0.0131289
247,0.0155777,0.0131289
248,0.00581999,0.00860828
249,0.0207716,0.00509236
250,0.016846,0.0136256
251,0.016846,0.0136256
252,0.016846,0.0136256
253,0.016846,0.0136256
254,0.016846,0.0136256
255,0.0257194,0.0145597
256,0.0184208,0.0155946
257,0.0120973,0.0109112
258,0.00766988,0.0149984
259,0.0158903,0.0156599
260,0.0158903,0.0156599
261,0.0158903,0.0156599
262,0.0182211,0.0131893
263,0.0149805,0.0136254
264,0.0149805,0.0136254
265,0.023864,0.00571941
266,0.023864,0.00571941
267,0.023864,0.00571941
268,0.0222019,0.00676483
269,0.0222019,0.00676483
270,0.0294667,0.0166452
271,0.0260465,0.0193252
272,0.0275727,0.0216351
273,0.0323538,0.029189
274,0.037383,0.0268122
275,0.0422048,0.0285229
276,0.0422048,0.0285229
277,0.0393485,0.0255263
278,0.0297392,0.0222376
279,0.0502653,0.0253238
280,0.0380206,0.0154242
281,0.0439663,0.0138308
282,0.0439663,0.0138308
283,0.0439663,0.0138308
284,0.0365213,0.00507218
285,0.0330389,0.0218455
286,0.0385258,0.0231672
287,0.0264472,0.0221966
288,0.0264472,0.0221966
289,0.0276881,0.00709965
290,0.0276881,0.00709965
291,0.0457805,0.024949
292,0.0457805,0.024949
293,0.0457805,0.024949
294,0.0457805,0.024949
295,0.0441592,0.0126201
296,0.0353814,0.0135836
297,0.0136653,0.0310341
298,0.0221813,0.00555617
299,0.0221813,0.00555617
300,0.0011763,0.0178834
301,0.0130398,0.0126811
302,0.0026042,0.00922965
303,0.0026042,0.00922965
304,0.0158586,0.0081892
305,0.0158586,0.0081892
306,0.0129047,0.00951706
307,0.01432,0.0280132
308,0.01432,0.0280132
309,0.00905543,0.026729
310,0.00905543,0.026729
311,0.0187571,0.0239189
312,0.0187571,0.0239189
313,0.0124031,0.0355257
314,0.0142517,0.0257164
315,0.0202038,0.0373197
316,0.0202038,0.0373197
317,0.0202038,0.0373197
318,0.0770731,0.0340725
319,0.0817219,0.044448
320,0.0939063,0.0639627
321,0.0802923,0.0347809
322,0.0909185,0.0237569
323,0.0725499,0.0366323
324,0.069882,0.0408654
325,0.0676926,0.0449788
326,0.0676926,0.0449788
327,0.0676926,0.0449788
328,0.0711973,0.0298949
329,0.0529134,0.0288385
330,0.0493754,0.0261342
331,0.0685109,0.0348005
332,0.0685109,0.0348005
333,0.0708384,0.0154674
334,0.0604412,0.0290226
335,0.0604412,0.0290226
336,0.0604412,0.0290226
337,0.0604412,0.0290226
338,0.0604412,0.0290226
339,0.0629418,0.0378971
340,0.0512493,0.04321
341,0.0669374,0.00549103
342,0.0577897,0.0250798
343,0.0436067,0.00516842
344,0.0698382,0.0244478
345,0.062341,0.0343245
346,0.062341,0.0343245
347,0.0856898,0.0426651
348,0.108157,0.0450618
349,0.0990013,0.027661
350,0.0973078,0.0662778
351,0.0973078,0.0662778
352,0.0973078,0.0662778
353,0.0757192,0.0621415
354,0.0757192,0.0621415
355,0.0554996,0.031508
356,0.0467469,0.0138464
357,0.0703494,0.0634944
358,0.0666578,0.0632326
359,0.0771222,0.0401978
360,0.105224,0.0471504
361,0.109982,0.074537
362,0.0614212,0.0920576
363,0.0859555,0.0524132
364,0.114951,0.0441726
365,0.0952053,0.0719197
366,0.0952053,0.0719197
367,0.0751395,0.062252
368,0.0743758,0.082417
369,0.0743758,0.082417
370,0.0743758,0.082417
371,0.0552185,0.0664317
372,0.0103532,0.0657955
373,0.03275,0.023842
374,0.03275,0.023842
375,0.066554,0.0266406
376,0.0800659,0.00125518
377,0.0912471,0.0218424
378,0.0969482,0.0150826
379,0.0819901,0.014598
380,0.11018,0.0566309
381,0.100215,0.0511395
382,0.0876621,0.0518582
383,0.0876621,0.0518582
384,0.146945,0.0747802
385,0.200941,0.0668354
386,0.200941,0.0668354
387,0.200941,0.0668354
388,0.203341,0.0755077
389,0.14613,0.0703178
390,0.117492,0.0837552
391,0.106857,0.0898324
392,0.106857,0.0898324
393,0.0645814,0.112628
394,0.125126,0.117911
395,0.134411,0.0938132
396,0.0829128,0.0942918
397,0.11437,0.0551438
398,0.0760433,0.0707521
399,0.0942393,0.0959047
400,0.0942393,0.0959047
401,0.0701729,0.0893587
402,0.0664312,0.108052
403,0.0664312,0.108052
404,0.0664312,0.108052
405,0.121613,0.128869
406,0.121613,0.128869
407,0.0589829,0.114436
408,0.0589829,0.114436
409,0.127951,0.149297
410,0.127951,0.149297
411,0.0661016,0.124888
412,0.0471776,0.12298
413,0.0351938,0.130123
414,0.0627047,0.121286
415,0.0627047,0.121286
416,0.0627047,0.121286
417,0.111346,0.0876348
418,0.126904,0.066801
419,0.0889778,0.0603582
420,0.0956103,0.0523616
421,0.0935542,0.0582707
422,0.0632127,0.0723046
423,0.0713128,0.0786877
424,0.127689,0.0680994
425,0.130621,0.0595664
426,0.209926,0.0750194
427,0.161311,0.0643901
428,0.135187,0.0728232
429,0.149209,0.0520016
430,0.156864,0.0781342
431,0.0750089,0.0914238
432,0.115832,0.0647191
433,0.150771,0.0755469
434,0.185918,0.0436601
435,0.202239,0.0619318
436,0.202239,0.0619318
437,0.202239,0.0619318
438,0.225848,0.0760557
439,0.237334,0.0835079
440,0.237334,0.0835079
441,0.237334,0.0835079
442,0.237334,0.0835079
443,0.201508,0.109985
444,0.201508,0.109985
445,0.166301,0.0995531
446,0.166301,0.0995531
447,0.189676,0.100657
448,0.161251,0.12468
449,0.128963,0.152788
450,0.13282,0.148768
451,0.13282,0.148768
452,0.13282,0.148768
453,0.13282,0.148768
454,0.106755,0.115113
455,0.118112,0.112194
456,0.146214,0.0888678
457,0.149349,0.112263
458,0.179631,0.0891833
459,0.189385,0.0636053
460,0.189385,0.0636053
461,0.149406,0.0640792
462,0.149406,0.0640792
463,0.16843,0.0387469
464,0.205663,0.0297222
465,0.205663,0.0297222
466,0.252981,0.036831
467,0.236271,0.052736
468,0.240303,0.0449455
469,0.157203,0.0358443
470,0.193828,0.0713711
471,0.181943,0.0726275
472,0.181943,0.0726275
473,0.158558,0.0620829
474,0.158558,0.0620829
475,0.134988,0.0624708
476,0.205136,0.0767084
477,0.184634,0.10539
478,0.201691,0.105919
479,0.14736,0.0848605
480,0.14736,0.0848605
481,0.12769,0.0867131
482,0.155712,0.0259756
483,0.170047,0.0499869
484,0.181691,0.067713
485,0.147146,0.0535623
486,0.125305,0.101447
487,0.135405,0.10739
488,0.119507,0.118731
489,0.119507,0.118731
490,0.119507,0.118731
491,0.119507,0.118731
492,0.17932,0.115452
493,0.168607,0.159351
494,0.197962,0.14669
495,0.197962,0.14669
496,0.181438,0.155243
497,0.195606,0.140824
498,0.195606,0.140824
499,0.218106,0.0874014
500,0.21221,0.106009
501,0.224818,0.0993119
502,0.224818,0.0993119
503,0.248709,0.0584729
504,0.238054,0.0608874
505,0.238054,0.0608874
506,0.252187,0.0523125
507,0.229244,0.0198354
508,0.230504,0.074422
509,0.185566,0.0854008
510,0.216936,0.100874
511,0.210738,0.0557232
512,0.210738,0.0557232
513,0.210738,0.0557232
514,0.228892,0.122678
515,0.275844,0.107734
516,0.290065,0.111996
517,0.290065,0.111996
518,0.282153,0.0930655
519,0.282072,0.0810778
520,0.278932,0.0904592
521,0.282422,0.047542
522,0.282422,0.047542
523,0.282422,0.047542
524,0.282422,0.047542
525,0.282422,0.047542
526,0.30354,0.060377
527,0.303915,0.0805224
528,0.208672,0.0630779
529,0.208672,0.0630779
530,0.208672,0.0630779
531,0.175973,0.0637497
532,0.175973,0.0637497
533,0.157953,0.0528201
534,0.190626,0.0619677
535,0.139856,0.0485975
536,0.132978,0.0617944
537,0.110131,0.0191927
538,0.139415,0.0313444
539,0.139415,0.0313444
540,0.129075,0.0602237
541,0.129075,0.0602237
542,0.129075,0.0602237
543,0.111881,0.0513665
544,0.126533,0.0480378
545,0.134102,0.0638047
546,0.152724,0.0998199
547,0.173525,0.0389932
548,0.15255,0.0306316
549,0.15255,0.0306316
550,0.15255,0.0306316
551,0.117093,0.0364718
552,0.116021,0.0389269
553,0.116021,0.0389269
554,0.151495,0.0626484
555,0.124986,0.0603973
556,0.124986,0.0603973
557,0.16054,0.060091
558,0.16054,0.060091
559,0.164315,0.0456308
560,0.185915,0.0303206
561,0.194116,0.054641
562,0.199738,0.0523308
563,0.199738,0.0523308
564,0.199738,0.0523308
565,0.181885,0.0830507
566,0.250287,0.0746139
567,0.191998,0.0608371
568,0.191998,0.0608371
569,0.115135,0.0479633
570,0.116197,0.116111
571,0.0938095,0.109431
572,0.0938095,0.109431
573,0.0938095,0.109431
574,0.103365,0.147593
575,0.121129,0.134159
576,0.121129,0.134159
577,0.0990085,0.112888
578,0.0990085,0.112888
579,0.126809,0.126986
580,0.126973,0.134726
581,0.126973,0.134726
582,0.126973,0.134726
583,0.127851,0.147774
584,0.142304,0.118718
585,0.142304,0.118718
586,0.136539,0.15523
587,0.136539,0.15523
588,0.136539,0.15523
589,0.136539,0.15523
590,0.136539,0.15523
591,0.0844691,0.171876
592,0.0729638,0.136915
593,0.0565161,0.140127
594,0.0565161,0.140127
595,0.0644888,0.140405
596,0.0538764,0.156642
597,0.0149949,0.181201
598,0.0500672,0.189371
599,0.0385006,0.190241
600,0.0584283,0.178791
601,0.0584283,0.178791
602,0.0584283,0.178791
603,0.0584283,0.178791
604,0.0584283,0.178791
605,0.081495,0.193907
606,0.0581953,0.175066
607,0.0800336,0.160269
608,0.0430062,0.228692
609,0.0295101,0.184947
610,0.0593997,0.20445
611,0.0584197,0.189405
612,0.0563974,0.206845
613,0.0563974,0.206845
614,0.0563974,0.206845
615,0.0602141,0.190106
616,0.0602141,0.190106
617,0.0582269,0.188237
618,0.0804011,0.206784
619,0.0926046,0.204162
620,0.105892,0.1842
621,0.105892,0.1842
622,0.0806622,0.201509
623,0.0262384,0.192456
624,0.0407766,0.14586
625,0.0407766,0.14586
626,0.0407766,0.14586
627,0.0407766,0.14586
628,0.091064,0.118307
629,0.091064,0.118307
630,0.150021,0.108739
631,0.135588,0.106482
632,0.133275,0.103717
633,0.119761,0.126725
634,0.0849496,0.154964
635,0.092592,0.152077
636,0.0801563,0.188188
637,0.0607346,0.167745
638,0.0631478,0.180566
639,0.0668823,0.165972
640,0.0668823,0.165972
641,0.0549553,0.183865
642,0.0326772,0.223741
643,0.0542371,0.191289
644,0.0542371,0.191289
645,0.0542371,0.191289
646,0.0689596,0.148007
647,0.0960418,0.180215
648,0.0636763,0.159052
649,0.0811242,0.185783
650,0.101956,0.173486
651,0.11241,0.198432
652,0.11241,0.198432
653,0.11241,0.198432
654,0.133329,0.148985
655,0.143409,0.13127
656,0.148939,0.128853
657,0.0783712,0.146392
658,0.0783712,0.146392
659,0.117825,0.140739
660,0.088095,0.147932
661,0.0935514,0.12754
662,0.0935514,0.12754
663,0.0935514,0.12754
664,0.0923233,0.124964
665,0.0923233,0.124964
666,0.0923233,0.124964
667,0.0923233,0.124964
668,0.107562,0.122277
669,0.0793683,0.176525
670,0.0793683,0.176525
671,0.0793683,0.176525
672,0.0421601,0.197893
673,0.0421601,0.197893
674,0.0583837,0.18936
675,0.0976541,0.18134
676,0.0934325,0.143866
677,0.0934325,0.143866
678,0.11851,0.150745
679,0.071105,0.147841
680,0.071105,0.147841
681,0.0862178,0.161885
682,0.109127,0.207053
683,0.119703,0.215728
684,0.117007,0.210422
685,0.0809894,0.209743
686,0.116708,0.189819
687,0.163909,0.195479
688,0.128117,0.252453
689,0.128117,0.252453
690,0.147122,0.181988
691,0.103218,0.160989
692,0.12584,0.166873
693,0.0918032,0.17512
694,0.0918032,0.17512
695,0.0918032,0.17512
696,0.0918032,0.17512
697,0.0869914,0.180899
698,0.0710889,0.124317
699,0.0710889,0.124317
700,0.123931,0.161161
701,0.129588,0.175468
702,0.0968435,0.158737
703,0.0902238,0.191869
704,0.127332,0.1849
705,0.155521,0.187641
706,0.155521,0.187641
707,0.144113,0.182836
708,0.160609,0.166838
709,0.160609,0.166838
710,0.172016,0.191408
711,0.172016,0.191408
712,0.161977,0.194481
713,0.199573,0.181025
714,0.211272,0.166311
715,0.161257,0.135856
716,0.166948,0.125803
717,0.167324,0.118389
718,0.217385,0.11121
719,0.243321,0.107402
720,0.243321,0.107402
721,0.26384,0.0789794
722,0.26384,0.0789794
723,0.187838,0.117275
724,0.156573,0.12262
725,0.156573,0.12262
726,0.192559,0.160832
727,0.18649,0.153635
728,0.193961,0.14753
729,0.161092,0.0923821
730,0.173038,0.145703
731,0.149629,0.117665
732,0.157526,0.147126
733,0.157526,0.147126
734,0.157526,0.147126
735,0.157526,0.147126
736,0.163526,0.174342
737,0.163526,0.174342
738,0.174929,0.138689
739,0.160702,0.153898
740,0.13456,0.149585
741,0.129289,0.0734799
742,0.12164,0.187907
743,0.10946,0.193673
744,0.100842,0.156802
745,0.114024,0.0951071
746,0.114024,0.0951071
747,0.0797668,0.117296
748,0.109154,0.130643
749,0.160299,0.166915
750,0.172112,0.10042
751,0.172112,0.10042
752,0.172112,0.10042
753,0.172112,0.10042
754,0.148677,0.10364
755,0.145618,0.107636
756,0.130127,0.153093
757,0.113908,0.130751
758,0.0990087,0.163733
759,0.132831,0.187049
760,0.132831,0.187049
761,0.098138,0.173515
762,0.059706,0.211799
763,0.059706,0.211799
764,0.0377412,0.160064
765,0.0377412,0.160064
766,0.0486294,0.125667
767,0.0235704,0.238639
768,0.0235704,0.238639
769,0.0257748,0.173086
770,0.0460021,0.134178
771,0.0350452,0.136266
772,0.0857005,0.183832
773,0.0904242,0.138806
774,0.0564171,0.199513
775,0.0564171,0.199513
776,0.0385861,0.161647
777,0.0845055,0.183046
778,0.0826222,0.162355
779,0.0826222,0.162355
780,0.105551,0.154292
781,0.0617499,0.168694
782,0.0733062,0.206041
783,0.0733062,0.206041
784,0.0733062,0.206041
785,0.0888562,0.182583
786,0.0856653,0.208875
787,0.0856653,0.208875
788,0.0333097,0.181774
789,0.0333097,0.181774
790,0.0486421,0.195857
791,0.109067,0.127609
792,0.0735003,0.100015
793,0.0827566,0.0926741
794,0.175279,0.14798
795,0.154297,0.16405
796,0.0817622,0.199497
797,0.16988,0.238666
798,0.107693,0.295122
799,0.107693,0.295122
800,0.110847,0.22225
801,0.110847,0.22225
802,0.110847,0.22225
803,0.0783814,0.158351
804,0.0783814,0.158351
805,0.0574087,0.190135
806,0.141212,0.205149
807,0.153466,0.238344
808,0.153466,0.238344
809,0.103566,0.22743
810,0.103566,0.22743
811,0.0905804,0.188395
812,0.0905804,0.188395
813,0.127593,0.254775
814,0.0807906,0.275224
815,0.0842319,0.301949
816,0.152038,0.280985
817,0.112105,0.325474
818,0.160025,0.292623
819,0.160025,0.292623
820,0.136819,0.315645
821,0.044768,0.294565
822,0.072993,0.338435
823,0.0977396,0.254441
824,0.108095,0.321981
825,0.108095,0.321981
826,0.109691,0.279269
827,0.131412,0.294374
828,0.139565,0.320051
829,0.16808,0.339511
830,0.181547,0.299218
831,0.181547,0.299218
832,0.152571,0.238336
833,0.143455,0.236389
834,0.143455,0.236389
835,0.0566281,0.200128
836,0.0494096,0.134456
837,0.0457871,0.146983
838,0.0365897,0.199397
839,0.0373338,0.214264
840,0.0859815,0.158966
841,0.0859815,0.158966
842,0.145625,0.103108
843,0.109715,0.116649
844,0.123286,0.177956
845,0.13832,0.166482
846,0.13832,0.166482
847,0.13832,0.166482
848,0.13832,0.166482
849,0.116199,0.177305
850,0.159606,0.165008
851,0.159606,0.165008
852,0.159606,0.165008
853,0.159606,0.165008
854,0.12259,0.174943
855,0.12259,0.174943
856,0.136608,0.166039
857,0.0828319,0.230105
858,0.0828319,0.230105
859,0.107618,0.198185
860,0.107618,0.198185
861,0.0787574,0.245573
862,0.0787574,0.245573
863,0.0697049,0.214595
864,0.0343933,0.247935
865,0.050148,0.224242
866,0.0935596,0.171603
867,0.0624356,0.201066
868,0.0502527,0.162634
869,0.0436205,0.171558
870,0.0284741,0.172903
871,0.0503813,0.156581
872,0.097902,0.169722
873,0.111096,0.123736
874,0.123886,0.13796
875,0.11508,0.0864092
876,0.0924521,0.12073
877,0.0744158,0.114305
878,0.0572903,0.174417
879,0.0572903,0.174417
880,0.0339719,0.12666
881,0.0394008,0.127145
882,0.0484764,0.133377
883,0.053293,0.108778
884,0.0379665,0.111299
885,0.0925694,0.0963972
886,0.070744,0.103712
887,0.0953454,0.130122
888,0.075593,0.131593
889,0.0828015,0.139633
890,0.10884,0.13566
891,0.0871633,0.159292
892,0.0871633,0.159292
893,0.0871633,0.159292
894,0.0871633,0.159292
895,0.0871633,0.159292
896,0.10283,0.151498
897,0.0799172,0.15899
898,0.0799172,0.15899
899,0.0799172,0.15899
900,0.0671768,0.151671
901,0.0671768,0.151671
902,0.0666396,0.160987
903,0.0666396,0.160987
904,0.0865009,0.157811
905,0.0633101,0.117886
906,0.0633101,0.117886
907,0.0153048,0.131083
908,0.0610415,0.138831
909,0.0610415,0.138831
910,0.0578545,0.116512
911,0.0420068,0.142506
912,0.0849766,0.164355
913,0.0668023,0.17575
914,0.0572651,0.179862
915,0.0433464,0.177507
916,0.0157101,0.202621
917,0.022512,0.204458
918,0.022512,0.204458
919,0.034013,0.175809
920,0.034013,0.175809
921,0.018897,0.165255
922,0.018897,0.165255
923,0.0210406,0.15354
924,0.0610783,0.1506
925,0.0752155,0.14859
926,0.0526096,0.129395
927,0.113028,0.134045
928,0.124845,0.124903
929,0.124845,0.124903
930,0.124845,0.124903
931,0.135413,0.1472
932,0.191953,0.126827
933,0.191953,0.126827
934,0.171575,0.110885
935,0.203232,0.123883
936,0.170633,0.104057
937,0.168338,0.0768807
938,0.208119,0.0830113
939,0.208119,0.0830113
940,0.212803,0.101401
941,0.21733,0.101263
942,0.218338,0.136612
943,0.218338,0.136612
944,0.218338,0.136612
945,0.220325,0.13547
946,0.272612,0.119396
947,0.274326,0.114663
948,0.257689,0.141318
949,0.257689,0.141318
950,0.265021,0.172956
951,0.244773,0.16953
952,0.244958,0.157329
953,0.237842,0.121261
954,0.272814,0.12723
955,0.272814,0.12723
956,0.277065,0.105078
957,0.201421,0.111096
958,0.13177,0.109122
959,0.0976313,0.141505
960,0.0956874,0.149596
961,0.0855225,0.104198
962,0.0741226,0.128162
963,0.0852243,0.156441
964,0.091574,0.171794
965,0.119125,0.158998
966,0.140508,0.148339
967,0.193996,0.119488
968,0.193996,0.119488
969,0.170855,0.179383
970,0.170855,0.179383
971,0.161883,0.146557
972,0.165573,0.118231
973,0.162599,0.106166
974,0.162599,0.106166
975,0.155105,0.097188
976,0.155105,0.097188
977,0.16189,0.110387
978,0.16189,0.110387
979,0.209633,0.126771
980,0.152423,0.0883471
981,0.160644,0.0863407
982,0.15049,0.105449
983,0.173072,0.0333752
984,0.126315,0.0563564
985,0.142992,0.0674853
986,0.145467,0.144374
987,0.172495,0.164936
988,0.183127,0.127875
989,0.183127,0.127875
990,0.150326,0.176796
991,0.150326,0.176796
992,0.150326,0.176796
993,0.150326,0.176796
994,0.150326,0.176796
995,0.150996,0.125628
996,0.119241,0.116653
997,0.153118,0.154912
998,0.127521,0.198587
999,0.140925,0.216266
1000,0.140925,0.216266
1001,0.170907,0.248858
1002,0.122329,0.268988
1003,0.101066,0.231101
1004,0.118272,0.233465
1005,0.118272,0.233465
1006,0.122716,0.290937
1007,0.0965006,0.244317
1008,0.0976579,0.210349
1009,0.0713598,0.199487
1010,0.0576444,0.196485
1011,0.0824099,0.201764
1012,0.091358,0.217771
1013,0.0983123,0.214033
1014,0.152472,0.204236
1015,0.117484,0.224119
1016,0.117484,0.224119
1017,0.113166,0.229675
1018,0.120236,0.237125
1019,0.0899191,0.231478
1020,0.0899191,0.231478
1021,0.0899191,0.231478
1022,0.0831226,0.239078
1023,0.0831226,0.239078
1024,0.154022,0.185134
1025,0.154022,0.185134
1026,0.12974,0.207606
1027,0.153588,0.223376
1028,0.180718,0.189389
1029,0.170517,0.21384
1030,0.170517,0.21384
1031,0.170517,0.21384
1032,0.236895,0.179601
1033,0.236895,0.179601
1034,0.229092,0.179349
1035,0.161458,0.244055
1036,0.161458,0.244055
1037,0.199636,0.259042
1038,0.199636,0.259042
1039,0.190815,0.255672
1040,0.162178,0.180666
1041,0.1147,0.193593
1042,0.0821293,0.230686
1043,0.0753473,0.160674
1044,0.134348,0.17163
1045,0.134348,0.17163
1046,0.127044,0.159494
1047,0.158281,0.177052
1048,0.155898,0.207453
1049,0.223141,0.241562
1050,0.195164,0.257212
1051,0.195164,0.257212
1052,0.195164,0.257212
1053,0.13794,0.230775
1054,0.214069,0.219971
1055,0.214069,0.219971
1056,0.145384,0.177654
1057,0.147691,0.224742
1058,0.147691,0.224742
1059,0.155543,0.273178
1060,0.155543,0.273178
1061,0.213567,0.346124
1062,0.199822,0.35717
1063,0.146376,0.36363
1064,0.0999733,0.308395
1065,0.114863,0.337338
1066,0.150629,0.362263
1067,0.153062,0.313025
1068,0.121352,0.328805
1069,0.121352,0.328805
1070,0.107522,0.382719
1071,0.107522,0.382719
1072,0.086756,0.414315
1073,0.086756,0.414315
1074,0.0233978,0.396166
1075,0.075625,0.499876
1076,0.0904555,0.4223
1077,0.0621679,0.477656
1078,0.0910228,0.406482
1079,0.117023,0.47218
1080,0.117023,0.47218
1081,0.0898468,0.439531
1082,0.0954859,0.44402
1083,0.133818,0.411107
1084,0.149335,0.446118
1085,0.232279,0.410921
1086,0.232279,0.410921
1087,0.219625,0.468074
1088,0.200976,0.510965
1089,0.159372,0.506864
1090,0.159372,0.506864
1091,0.152791,0.522291
1092,0.213238,0.464798
1093,0.188042,0.356103
1094,0.194348,0.365272
1095,0.194207,0.402313
1096,0.124159,0.345221
1097,0.124159,0.345221
1098,0.163568,0.330479
1099,0.163568,0.330479
1100,0.0813455,0.372859
1101,0.160014,0.350014
1102,0.214706,0.396868
1103,0.214706,0.396868
1104,0.200642,0.366152
1105,0.0815033,0.365125
1106,0.153362,0.393845
1107,0.140663,0.391228
1108,0.213667,0.454006
1109,0.215433,0.317059
1110,0.239382,0.216102
1111,0.232902,0.269547
1112,0.18627,0.275992
1113,0.189044,0.292302
1114,0.143077,0.30351
1115,0.145953,0.313081
1116,0.164753,0.211274
1117,0.105998,0.244869
1118,0.0383241,0.227241
1119,0.139408,0.266332
1120,0.0914642,0.266807
1121,0.0914642,0.266807
1122,0.0894495,0.269265
1123,0.135111,0.289804
1124,0.135111,0.289804
1125,0.15748,0.254646
1126,0.185839,0.264833
1127,0.185839,0.264833
1128,0.206037,0.279233
1129,0.234412,0.320036
1130,0.263821,0.256488
1131,0.263821,0.256488
1132,0.244276,0.227877
1133,0.172447,0.254981
1134,0.183017,0.339904
1135,0.200799,0.356093
1136,0.217837,0.293872
1137,0.217837,0.293872
1138,0.217837,0.293872
1139,0.198124,0.347525
1140,0.198124,0.347525
1141,0.188076,0.365967
1142,0.188076,0.365967
1143,0.126802,0.324239
1144,0.133174,0.319712
1145,0.133174,0.319712
1146,0.133174,0.319712
1147,0.169863,0.304409
1148,0.209313,0.31067
1149,0.207528,0.272574
1150,0.238015,0.310093
1151,0.208618,0.29619
1152,0.27407,0.30094
1153,0.286433,0.333088
1154,0.286433,0.333088
1155,0.30657,0.351617
1156,0.30657,0.351617
1157,0.30657,0.351617
1158,0.316449,0.366857
1159,0.321587,0.464098
1160,0.273121,0.450236
1161,0.258062,0.484933
1162,0.23438,0.466183
1163,0.23438,0.466183
1164,0.201433,0.315573
1165,0.17609,0.366327
1166,0.242712,0.369241
1167,0.242712,0.369241
1168,0.222155,0.334004
1169,0.222155,0.334004
1170,0.262171,0.300257
1171,0.27618,0.338488
1172,0.289161,0.405685
1173,0.301178,0.344388
1174,0.301178,0.344388
1175,0.269196,0.355652
1176,0.195216,0.395502
1177,0.253583,0.322163
1178,0.279087,0.278731
1179,0.259677,0.299058
1180,0.21686,0.357194
1181,0.21686,0.357194
1182,0.247005,0.384012
1183,0.203944,0.27576
1184,0.198351,0.371766
1185,0.184307,0.364429
1186,0.217149,0.373851
1187,0.217149,0.373851
1188,0.217149,0.373851
1189,0.222723,0.392033
1190,0.178954,0.402813
1191,0.233385,0.402904
1192,0.208292,0.359092
1193,0.211697,0.287193
1194,0.179084,0.326045
1195,0.179084,0.326045
1196,0.179084,0.326045
1197,0.146818,0.291604
1198,0.163859,0.320724
1199,0.170007,0.339587
1200,0.182574,0.27779
1201,0.182574,0.27779
1202,0.152632,0.278237
1203,0.161589,0.243622
1204,0.154143,0.235111
1205,0.17987,0.218631
1206,0.157584,0.218031
1207,0.210428,0.203303
1208,0.117953,0.302736
1209,0.128746,0.28571
1210,0.0744437,0.295792
1211,0.134631,0.308749
1212,0.136077,0.355195
1213,0.137472,0.319919
1214,0.164254,0.284747
1215,0.176368,0.22281
1216,0.167256,0.295666
1217,0.227564,0.309729
1218,0.232073,0.377537
1219,0.232073,0.377537
1220,0.189604,0.350904
1221,0.108627,0.282746
1222,0.135031,0.291934
1223,0.135031,0.291934
1224,0.135031,0.291934
1225,0.0912145,0.287935
1226,0.136058,0.248106
1227,0.134302,0.214503
1228,0.13601,0.25024
1229,0.0184344,0.268952
1230,0.0184344,0.268952
1231,0.0516827,0.254667
1232,0.0976031,0.253996
1233,0.0976031,0.253996
1234,0.087094,0.201009
1235,0.087094,0.201009
1236,0.107621,0.167252
1237,0.106153,0.201966
1238,0.104066,0.17572
1239,0.134447,0.121665
1240,0.193916,0.135144
1241,0.263502,0.118271
1242,0.244751,0.121986
1243,0.1648,0.0628346
1244,0.298851,0.115641
1245,0.294846,0.0826028
1246,0.294846,0.0826028
1247,0.243728,0.0876546
1248,0.243728,0.0876546
1249,0.2822,0.111649
1250,0.215094,0.121613
1251,0.215094,0.121613
1252,0.215135,0.103046
1253,0.215135,0.103046
1254,0.215135,0.103046
1255,0.205125,0.132953
1256,0.196191,0.183382
1257,0.196191,0.183382
1258,0.196191,0.183382
1259,0.236705,0.17329
1260,0.236705,0.17329
1261,0.236705,0.17329
1262,0.22003,0.164966
1263,0.224849,0.192092
1264,0.224849,0.192092
1265,0.299855,0.21515
1266,0.280661,0.184128
1267,0.280661,0.184128
1268,0.283298,0.23141
1269,0.300859,0.26389
1270,0.246032,0.267475
1271,0.282849,0.195555
1272,0.282849,0.195555
1273,0.280104,0.228325
1274,0.280104,0.228325
1275,0.280104,0.228325
1276,0.281406,0.193043
1277,0.255756,0.232744
1278,0.255756,0.232744
1279,0.251854,0.248875
1280,0.271858,0.211489
1281,0.271858,0.211489
1282,0.326457,0.185491
1283,0.402179,0.180563
1284,0.264778,0.269166
1285,0.306517,0.174772
1286,0.275786,0.157515
1287,0.369602,0.168254
1288,0.357621,0.182308
1289,0.343296,0.162648
1290,0.323741,0.164629
1291,0.280804,0.16256
1292,0.29625,0.136709
1293,0.26708,0.152354
1294,0.263647,0.0941745
1295,0.290131,0.133224
1296,0.308875,0.194345
1297,0.217303,0.170538
1298,0.217303,0.170538
1299,0.278996,0.167006
1300,0.275984,0.216275
1301,0.313581,0.217045
1302,0.319935,0.239835
1303,0.285343,0.239188
1304,0.26758,0.252345
1305,0.337252,0.215212
1306,0.255265,0.219728
1307,0.255265,0.219728
1308,0.287713,0.219347
1309,0.287713,0.219347
1310,0.317034,0.164291
1311,0.366035,0.161041
1312,0.358136,0.116304
1313,0.346359,0.102208
1314,0.259731,0.0937237
1315,0.303438,0.112297
1316,0.307636,0.112253
1317,0.290215,0.144946
1318,0.290215,0.144946
1319,0.267951,0.125045
1320,0.267951,0.125045
1321,0.253348,0.103322
1322,0.269131,0.101626
1323,0.303127,0.092877
1324,0.303127,0.092877
1325,0.301564,0.11359
1326,0.332919,0.0724089
1327,0.300279,0.118366
1328,0.254635,0.152195
1329,0.248906,0.179597
1330,0.23396,0.127157
1331,0.23396,0.127157
1332,0.240164,0.046624
1333,0.280861,0.0568899
1334,0.260899,0.0866807
1335,0.306752,0.087309
1336,0.306752,0.087309
1337,0.306752,0.087309
1338,0.290864,0.122508
1339,0.353671,0.152336
1340,0.305186,0.112961
1341,0.296788,0.0903307
1342,0.296788,0.0903307
1343,0.296788,0.0903307
1344,0.279798,0.108624
1345,0.268458,0.115973
1346,0.268458,0.115973
1347,0.246972,0.142228
1348,0.207433,0.121406
1349,0.207433,0.121406
1350,0.244653,0.137243
1351,0.174582,0.120536
1352,0.162968,0.061604
1353,0.162968,0.061604
1354,0.144329,0.118357
1355,0.144329,0.118357
1356,0.144329,0.118357
1357,0.144329,0.118357
1358,0.16683,0.0905556
1359,0.16683,0.0905556
1360,0.160183,0.0825105
1361,0.188895,0.108024
1362,0.188895,0.108024
1363,0.188895,0.108024
1364,0.205914,0.139313
1365,0.111853,0.0933985
1366,0.0972184,0.107039
1367,0.0959584,0.12161
1368,0.0959584,0.12161
1369,0.159383,0.0775239
1370,0.169542,0.12497
1371,0.169542,0.12497
1372,0.20146,0.110703
1373,0.156324,0.112774
1374,0.11932,0.125923
1375,0.11932,0.125923
1376,0.153675,0.115447
1377,0.148397,0.13776
1378,0.148844,0.156365
1379,0.215375,0.157073
1380,0.252856,0.14255
1381,0.252856,0.14255
1382,0.231117,0.168023
1383,0.263572,0.196181
1384,0.332545,0.292055
1385,0.318765,0.269742
1386,0.318765,0.269742
1387,0.172456,0.206893
1388,0.172456,0.206893
1389,0.172456,0.206893
1390,0.123634,0.170429
1391,0.123634,0.170429
1392,0.0835253,0.194994
1393,0.154242,0.225752
1394,0.154242,0.225752
1395,0.154242,0.225752
1396,0.120539,0.208972
1397,0.115325,0.213437
1398,0.144719,0.236607
1399,0.144719,0.236607
1400,0.134859,0.235542
1401,0.137532,0.224816
1402,0.151074,0.22517
1403,0.124959,0.22248
1404,0.191451,0.276915
1405,0.0820337,0.221969
1406,0.141118,0.209353
1407,0.141118,0.209353
1408,0.103948,0.219683
1409,0.111207,0.112396
1410,0.166392,0.160515
1411,0.202685,0.154258
1412,0.202685,0.154258
1413,0.19374,0.13189
1414,0.183681,0.146193
1415,0.198101,0.128812
1416,0.181246,0.17391
1417,0.181246,0.17391
1418,0.151499,0.173046
1419,0.0924801,0.121102
1420,0.201222,0.155297
1421,0.225748,0.205523
1422,0.303465,0.190702
1423,0.303465,0.190702
1424,0.270863,0.195261
1425,0.270863,0.195261
1426,0.225042,0.215953
1427,0.249506,0.211063
1428,0.238061,0.201122
1429,0.20496,0.190092
1430,0.224985,0.192017
1431,0.224985,0.192017
1432,0.225372,0.22926
1433,0.21503,0.211917
1434,0.170299,0.165262
1435,0.0866647,0.198862
1436,0.119458,0.165296
1437,0.119458,0.165296
1438,0.177296,0.155372
1439,0.243245,0.134704
1440,0.243245,0.134704
1441,0.218734,0.119471
1442,0.218734,0.119471
1443,0.190994,0.0946735
1444,0.190994,0.0946735
1445,0.190994,0.0946735
1446,0.183408,0.107818
1447,0.244225,0.111085
1448,0.215869,0.179464
1449,0.215869,0.179464
1450,0.253033,0.286239
1451,0.244528,0.278807
1452,0.208176,0.258862
1453,0.196309,0.203256
1454,0.196309,0.203256
1455,0.196309,0.203256
1456,0.189384,0.200078
1457,0.189384,0.200078
1458,0.169725,0.195998
1459,0.153102,0.148902
1460,0.153102,0.148902
1461,0.153102,0.148902
1462,0.153102,0.148902
1463,0.255986,0.102128
1464,0.18358,0.142651
1465,0.217513,0.168937
1466,0.159113,0.202309
1467,0.176699,0.16975
1468,0.206632,0.203784
1469,0.204122,0.200741
1470,0.178738,0.186053
1471,0.214165,0.175291
1472,0.256225,0.186943
1473,0.256225,0.186943
1474,0.227305,0.264483
1475,0.227305,0.264483
1476,0.278356,0.251708
1477,0.334529,0.228298
1478,0.335411,0.240845
1479,0.335411,0.240845
1480,0.391059,0.20262
1481,0.391059,0.20262
1482,0.391059,0.20262
1483,0.391059,0.20262
1484,0.317829,0.228408
1485,0.266769,0.258934
1486,0.199375,0.276101
1487,0.199375,0.276101
1488,0.199375,0.276101
1489,0.238557,0.266681
1490,0.208501,0.284569
1491,0.235608,0.247398
1492,0.235608,0.247398
1493,0.235582,0.334229
1494,0.235582,0.334229
1495,0.235582,0.334229
1496,0.154003,0.299075
1497,0.137171,0.237739
1498,0.149309,0.248158
1499,0.141827,0.223935
1500,0.115739,0.252953
1501,0.115739,0.252953
1502,0.170464,0.264032
1503,0.220489,0.271257
1504,0.206742,0.292866
1505,0.128477,0.267136
1506,0.152606,0.236424
1507,0.141099,0.232546
1508,0.20483,0.237517
1509,0.20483,0.237517
1510,0.159417,0.161325
1511,0.159655,0.166375
1512,0.188767,0.157874
1513,0.179662,0.14489
1514,0.210353,0.161269
1515,0.173939,0.200103
1516,0.113136,0.17458
1517,0.0763247,0.216682
1518,0.121264,0.215192
1519,0.227203,0.25562
1520,0.265159,0.242936
1521,0.185687,0.201603
1522,0.275045,0.256965
1523,0.278449,0.243527
1524,0.217913,0.287487
1525,0.217913,0.287487
1526,0.217459,0.304462
1527,0.189762,0.280651
1528,0.188463,0.317427
1529,0.194492,0.274612
1530,0.195957,0.319484
1531,0.195957,0.319484
1532,0.170197,0.341262
1533,0.170197,0.341262
1534,0.162012,0.319512
1535,0.143803,0.311962
1536,0.129176,0.250456
1537,0.136477,0.315293
1538,0.136477,0.315293
1539,0.13626,0.366246
1540,0.152133,0.361168
1541,0.177137,0.275062
1542,0.177137,0.275062
1543,0.211573,0.254397
1544,0.199688,0.185808
1545,0.150308,0.183135
1546,0.0902517,0.124337
1547,0.0891247,0.217398
1548,0.0444765,0.188677
1549,0.0783923,0.232921
1550,0.058085,0.265779
1551,0.0773284,0.318603
1552,0.0749478,0.289683
1553,0.0565084,0.273215
1554,0.021685,0.333367
1555,0.021685,0.333367
1556,0.021685,0.333367
1557,0.021685,0.333367
1558,0.021685,0.333367
1559,0.0198518,0.300311
1560,0.0368012,0.258246
1561,0.0368012,0.258246
1562,0.0219769,0.24926
1563,0.0430159,0.327984
1564,0.0493444,0.331269
1565,0.0922095,0.308598
1566,0.0930969,0.321251
1567,0.112872,0.288702
1568,0.067247,0.303951
1569,0.067247,0.303951
1570,0.0748608,0.293188
1571,0.0636316,0.263641
1572,0.0920987,0.307275
1573,0.0899531,0.265839
1574,0.109818,0.197068
1575,0.109818,0.197068
1576,0.0772588,0.186077
1577,0.114581,0.20935
1578,0.120315,0.219948
1579,0.120315,0.219948
1580,0.0970278,0.222305
1581,0.0970278,0.222305
1582,0.0970278,0.222305
1583,0.126139,0.159522
1584,0.126139,0.159522
1585,0.126139,0.159522
1586,0.147165,0.138563
1587,0.140769,0.194115
1588,0.128381,0.19143
1589,0.128381,0.19143
1590,0.128381,0.19143
1591,0.166863,0.200778
1592,0.195139,0.173699
1593,0.199885,0.256251
1594,0.258117,0.22081
1595,0.264889,0.237925
1596,0.301365,0.229303
1597,0.210879,0.262148
1598,0.149507,0.294627
1599,0.219912,0.264161
1600,0.19608,0.239868
1601,0.19608,0.239868
1602,0.225591,0.241645
1603,0.245992,0.255124
1604,0.245992,0.255124
1605,0.230434,0.245461
1606,0.171535,0.247988
1607,0.11288,0.227141
1608,0.11288,0.227141
1609,0.169295,0.242967
1610,0.152946,0.276355
1611,0.155067,0.243808
1612,0.155067,0.243808
1613,0.12274,0.207151
1614,0.138332,0.227718
1615,0.138332,0.227718
1616,0.0900279,0.271502
1617,0.0606806,0.186159
1618,0.0606806,0.186159
1619,0.0606806,0.186159
1620,0.0606806,0.186159
1621,0.0871236,0.243659
1622,0.0939329,0.225117
1623,0.126898,0.170549
1624,0.12917,0.176203
1625,0.111013,0.187677
1626,0.111013,0.187677
1627,0.111013,0.187677
1628,0.183304,0.208393
1629,0.135228,0.188055
1630,0.136526,0.203372
1631,0.0936372,0.197315
1632,0.0911734,0.176544
1633,0.139954,0.215584
1634,0.121931,0.229264
1635,0.106367,0.255703
1636,0.112501,0.25647
1637,0.169822,0.221855
1638,0.163042,0.207509
1639,0.141295,0.176824
1640,0.141295,0.176824
1641,0.116043,0.170029
1642,0.0553059,0.184934
1643,0.0570089,0.173458
1644,0.100863,0.149163
1645,0.0912897,0.165761
1646,0.0912897,0.165761
1647,0.0912897,0.165761
1648,0.107496,0.152346
1649,0.107496,0.152346
1650,0.107496,0.152346
1651,0.0833435,0.191541
1652,0.128692,0.169238
1653,0.128692,0.169238
1654,0.139046,0.185838
1655,0.132268,0.194109
1656,0.132268,0.194109
1657,0.127064,0.212534
1658,0.12186,0.216114
1659,0.146499,0.172877
1660,0.149784,0.205458
1661,0.159225,0.185296
1662,0.0952242,0.198075
1663,0.0952242,0.198075
1664,0.137073,0.206624
1665,0.130149,0.205742
1666,0.128871,0.17247
1667,0.128871,0.17247
1668,0.128871,0.17247
1669,0.110056,0.186922
1670,0.122134,0.212216
1671,0.133937,0.196985
1672,0.147986,0.193619
1673,0.14459,0.140218
1674,0.153158,0.149558
1675,0.153158,0.149558
1676,0.190776,0.153795
1677,0.190776,0.153795
1678,0.190662,0.159655
1679,0.121459,0.174658
1680,0.16659,0.165271
1681,0.191654,0.1681
1682,0.191654,0.1681
1683,0.197571,0.197559
1684,0.206519,0.172464
1685,0.2422,0.173149
1686,0.199784,0.169443
1687,0.199784,0.169443
1688,0.199784,0.169443
1689,0.199784,0.169443
1690,0.242538,0.147032
1691,0.236521,0.178311
1692,0.2376,0.134711
1693,0.234658,0.160573
1694,0.234658,0.160573
1695,0.236038,0.164464
1696,0.236038,0.164464
1697,0.199111,0.139345
1698,0.199111,0.139345
1699,0.199111,0.139345
1700,0.204049,0.185611
1701,0.204049,0.185611
1702,0.211334,0.157374
1703,0.150798,0.208307
1704,0.150798,0.208307
1705,0.150798,0.208307
1706,0.132066,0.203533
1707,0.132066,0.203533
1708,0.142142,0.192322
1709,0.106491,0.237194
1710,0.140207,0.204029
1711,0.11695,0.19216
1712,0.137569,0.192767
1713,0.137569,0.192767
1714,0.137569,0.192767
1715,0.169186,0.173163
1716,0.14319,0.188637
1717,0.116769,0.173137
1718,0.15325,0.160955
1719,0.15325,0.160955
1720,0.0908253,0.20749
1721,0.117982,0.22162
1722,0.0815303,0.281701
1723,0.0815303,0.281701
1724,0.12732,0.257554
1725,0.11401,0.212016
1726,0.115927,0.240688
1727,0.115927,0.240688
1728,0.115927,0.240688
1729,0.19782,0.23719
1730,0.16132,0.256399
1731,0.16322,0.267744
1732,0.16322,0.267744
1733,0.213103,0.268027
1734,0.235017,0.301446
1735,0.206893,0.281181
1736,0.217441,0.25804
1737,0.204554,0.282372
1738,0.204554,0.282372
1739,0.204554,0.282372
1740,0.184679,0.272089
1741,0.221693,0.204302
1742,0.221693,0.204302
1743,0.169612,0.213651
1744,0.172926,0.168791
1745,0.17492,0.142335
1746,0.209037,0.154123
1747,0.212921,0.146923
1748,0.192262,0.21328
1749,0.186178,0.185616
1750,0.201613,0.157586
1751,0.201613,0.157586
1752,0.224086,0.142802
1753,0.225886,0.0696337
1754,0.241378,0.127311
1755,0.241378,0.127311
1756,0.21058,0.14471
1757,0.220067,0.158123
1758,0.202427,0.153303
1759,0.202427,0.153303
1760,0.18877,0.160983
1761,0.185014,0.161873
1762,0.15999,0.129897
1763,0.15999,0.129897
1764,0.15999,0.129897
1765,0.182281,0.0969479
1766,0.182281,0.0969479
1767,0.210941,0.109642
1768,0.210941,0.109642
1769,0.210941,0.109642
1770,0.210941,0.109642
1771,0.199412,0.124141
1772,0.199412,0.124141
1773,0.182045,0.164584
1774,0.14536,0.165631
1775,0.162379,0.159719
1776,0.162537,0.130816
1777,0.173007,0.0736421
1778,0.119958,0.124659
1779,0.113423,0.121475
1780,0.0695412,0.182623
1781,0.0695412,0.182623
1782,0.0887285,0.143887
1783,0.0872002,0.201503
1784,0.0980932,0.148154
1785,0.0980932,0.148154
1786,0.101144,0.0582699
1787,0.0723194,0.0162931
1788,0.0557013,0.045108
1789,0.0642581,0.0193717
1790,0.0642581,0.0193717
1791,0.0281054,0.0173878
1792,0.0313132,0.0188608
1793,0.0416048,0.0378329
1794,0.0123433,0.0315503
1795,0.0323968,0.03325
1796,0.0307053,0.0803287
1797,0.0403691,0.00438165
1798,0.0535664,0.0343865
1799,0.025258,0.0121943
1800,0.0430506,0.00591869
1801,0.0430506,0.00591869
1802,0.101174,0.0383651
1803,0.101174,0.0383651
1804,0.0935404,0.095979
1805,0.0935404,0.095979
1806,0.084327,0.0465193
1807,0.113268,0.0989607
1808,0.162339,0.0824486
1809,0.162339,0.0824486
1810,0.162339,0.0824486
1811,0.162339,0.0824486
1812,0.127464,0.089675
1813,0.100197,0.0941251
1814,0.100197,0.0941251
1815,0.11785,0.0857257
1816,0.11785,0.0857257
1817,0.11785,0.0857257
1818,0.11785,0.0857257
1819,0.11785,0.0857257
1820,0.0628459,0.118237
1821,0.0909207,0.136005
1822,0.135051,0.1169
1823,0.118095,0.100283
1824,0.118095,0.100283
1825,0.146055,0.0941311
1826,0.167221,0.109445
1827,0.190536,0.0618948
1828,0.190536,0.0618948
1829,0.162917,0.0766495
1830,0.162917,0.0766495
1831,0.136865,0.0688048
1832,0.101122,0.101112
1833,0.127248,0.140362
1834,0.0291349,0.156821
1835,0.06091,0.185398
1836,0.089212,0.194371
1837,0.089212,0.194371
1838,0.0715104,0.209495
1839,0.0715104,0.209495
1840,0.0715104,0.209495
1841,0.0721183,0.242122
1842,0.109309,0.269877
1843,0.109309,0.269877
1844,0.109309,0.269877
1845,0.106623,0.26019
1846,0.119095,0.287436
1847,0.119095,0.287436
1848,0.128926,0.268879
1849,0.150384,0.226098
1850,0.124318,0.180406
1851,0.124318,0.180406
1852,0.100733,0.170261
1853,0.100733,0.170261
1854,0.116114,0.183473
1855,0.107003,0.136497
1856,0.117887,0.204112
1857,0.144971,0.204594
1858,0.102623,0.204351
1859,0.102623,0.204351
1860,0.0981826,0.22242
1861,0.0817385,0.248857
1862,0.0747766,0.181824
1863,0.0747766,0.181824
1864,0.0944008,0.173096
1865,0.0944008,0.173096
1866,0.134539,0.20725
1867,0.134539,0.20725
1868,0.0518924,0.155473
1869,0.0313651,0.127268
1870,0.0283349,0.195275
1871,0.0375768,0.21535
1872,0.0375768,0.21535
1873,0.0915329,0.18647
1874,0.0821845,0.15268
1875,0.0256002,0.17659
1876,0.0676423,0.141026
1877,0.0676423,0.141026
1878,0.0636002,0.138861
1879,0.106118,0.102681
1880,0.0430323,0.177899
1881,0.0469816,0.202703
1882,0.0369044,0.15068
1883,0.0434964,0.242442
1884,0.0895437,0.198746
1885,0.123345,0.23819
1886,0.123345,0.23819
1887,0.123345,0.23819
1888,0.100438,0.248515
1889,0.100438,0.248515
1890,0.125488,0.225589
1891,0.125488,0.225589
1892,0.13661,0.261336
1893,0.123848,0.226819
1894,0.0888165,0.203724
1895,0.0888165,0.203724
1896,0.0888165,0.203724
1897,0.0899583,0.21541
1898,0.0531159,0.242009
1899,0.0531159,0.242009
1900,0.0531159,0.242009
1901,0.0531159,0.242009
1902,0.0891071,0.223586
1903,0.106292,0.236638
1904,0.106292,0.236638
1905,0.106292,0.236638
1906,0.0527947,0.282196
1907,0.0527947,0.282196
1908,0.042799,0.312629
1909,0.0419031,0.289024
1910,0.0539186,0.308786
1911,0.0425796,0.340422
1912,0.0215311,0.434158
1913,0.040401,0.452664
1914,0.040401,0.452664
1915,0.040401,0.452664
1916,0.0605282,0.447269
1917,0.0605282,0.447269
1918,0.0493062,0.419222
1919,0.0273758,0.384102
1920,0.0273758,0.384102
1921,0.0273758,0.384102
1922,0.0300849,0.379542
1923,0.034682,0.335339
1924,0.0508273,0.344842
1925,0.0386457,0.34907
1926,0.0330056,0.359696
1927,0.0330056,0.359696
1928,0.0409353,0.332447
1929,0.0409353,0.332447
1930,0.056261,0.354348
1931,0.056261,0.354348
1932,0.0683753,0.399044
1933,0.071826,0.383759
1934,0.0468222,0.455273
1935,0.0613367,0.401999
1936,0.0476143,0.372853
1937,0.0476143,0.372853
1938,0.0476143,0.372853
1939,0.0623781,0.320031
1940,0.0585959,0.357427
1941,0.0585959,0.357427
1942,0.0585959,0.357427
1943,0.0622316,0.252373
1944,0.0188952,0.322269
1945,0.0188952,0.322269
1946,0.0630359,0.302888
1947,0.0630359,0.302888
1948,0.0471204,0.29069
1949,0.0471204,0.29069
1950,0.0244224,0.280144
1951,0.0652147,0.306596
1952,0.0546267,0.2906
1953,0.0746227,0.245426
1954,0.124013,0.246511
1955,0.104388,0.217838
1956,0.0933374,0.197939
1957,0.072217,0.205993
1958,0.102648,0.181285
1959,0.138329,0.233675
1960,0.106275,0.222765
1961,0.0791147,0.233496
1962,0.0980409,0.223478
1963,0.0980409,0.223478
1964,0.0980409,0.223478
1965,0.111078,0.229208
1966,0.1258,0.234353
1967,0.169538,0.24675
1968,0.217584,0.211828
1969,0.188954,0.189084
1970,0.185573,0.16707
1971,0.196498,0.27573
1972,0.213444,0.245187
1973,0.213444,0.245187
1974,0.159103,0.223889
1975,0.167348,0.305948
1976,0.202234,0.211883
1977,0.202234,0.211883
1978,0.202234,0.211883
1979,0.202234,0.211883
1980,0.202234,0.211883
1981,0.186522,0.24453
1982,0.152961,0.193253
1983,0.138022,0.168976
1984,0.176328,0.119034
1985,0.183814,0.130394
1986,0.162317,0.145281
1987,0.162317,0.145281
1988,0.126779,0.165278
1989,0.131548,0.175436
1990,0.131548,0.175436
1991,0.0987094,0.14777
1992,0.0987094,0.14777
1993,0.0987094,0.14777
1994,0.0987094,0.14777
1995,0.0822668,0.112191
1996,0.13217,0.117203
1997,0.10674,0.142908
1998,0.130952,0.154337
1999,0.143119,0.177134
2000,0.182151,0.134977
2001,0.125722,0.103901
2002,0.125722,0.103901
2003,0.11474,0.103984
2004,0.165128,0.140617
2005,0.116403,0.0898553
2006,0.116403,0.0898553
2007,0.172081,0.128482
2008,0.172081,0.128482
2009,0.172081,0.128482
2010,0.172081,0.128482
2011,0.0993274,0.07895
2012,0.148545,0.0899674
2013,0.119883,0.0906746
2014,0.0882772,0.0590348
2015,0.0882772,0.0590348
2016,0.134365,0.125264
2017,0.10666,0.119666
2018,0.173262,0.093514
2019,0.173262,0.093514
2020,0.108082,0.11575
2021,0.126685,0.13661
2022,0.0863424,0.135419
2023,0.0863424,0.135419
2024,0.0887293,0.145146
2025,0.119383,0.136296
2026,0.0681312,0.1169
2027,0.0759681,0.11809
2028,0.103997,0.10944
2029,0.086833,0.111076
2030,0.0671582,0.0777006
2031,0.0671582,0.0777006
2032,0.094424,0.0687099
2033,0.127592,0.0719113
2034,0.0621048,0.117486
2035,0.100232,0.0652633
2036,0.0894745,0.05607
2037,0.102694,0.0849833
2038,0.0784193,0.104255
2039,0.109252,0.0703171
2040,0.0634666,0.0871553
2041,0.0436638,0.084244
2042,0.0296378,0.112335
2043,0.0179669,0.100568
2044,0.0353148,0.157312
2045,0.0523029,0.145153
2046,0.0335566,0.129599
2047,0.110188,0.186169
2048,0.118378,0.174918
2049,0.118378,0.174918
2050,0.185837,0.119126
2051,0.127111,0.127618
2052,0.17229,0.0815423
2053,0.17229,0.0815423
2054,0.2044,0.048041
2055,0.160425,0.0584988
2056,0.158906,0.119403
2057,0.0946179,0.101908
2058,0.0946179,0.101908
2059,0.0946179,0.101908
2060,0.113392,0.0910367
2061,0.08994,0.0469102
2062,0.108034,0.0691464
2063,0.104622,0.0421606
2064,0.0727087,0.0281005
2065,0.0953498,0.0432079
2066,0.051546,0.0336268
2067,0.0531113,0.0384194
2068,0.100221,0.0580198
2069,0.138457,0.0935545
2070,0.144676,0.103068
2071,0.179336,0.08939
2072,0.138797,0.103637
2073,0.161583,0.0263769
2074,0.181479,0.0851891
2075,0.180082,0.131512
2076,0.167387,0.174593
2077,0.167387,0.174593
2078,0.195074,0.121784
2079,0.309136,0.108841
2080,0.309934,0.0809027
2081,0.217258,0.0853248
2082,0.254947,0.0926921
2083,0.212522,0.0793463
2084,0.212522,0.0793463
2085,0.258044,0.116529
2086,0.250995,0.118159
2087,0.256711,0.149818
2088,0.1722,0.153127
2089,0.161675,0.160858
2090,0.16329,0.14848
2091,0.143711,0.159976
2092,0.106802,0.170288
2093,0.106802,0.170288
2094,0.106802,0.170288
2095,0.106802,0.170288
2096,0.0952007,0.187462
2097,0.115514,0.216271
2098,0.149266,0.218546
2099,0.162684,0.195642
2100,0.186484,0.237532
2101,0.186484,0.237532
2102,0.19307,0.204163
2103,0.19307,0.204163
2104,0.19307,0.204163
2105,0.191684,0.218937
2106,0.191684,0.218937
2107,0.202994,0.17208
2108,0.295521,0.205481
2109,0.264461,0.151022
2110,0.196027,0.205648
2111,0.196027,0.205648
2112,0.141446,0.24214
2113,0.186087,0.1903
2114,0.166087,0.229344
2115,0.209339,0.219267
2116,0.210281,0.271249
2117,0.276014,0.193581
2118,0.241948,0.217426
2119,0.268726,0.196142
2120,0.268726,0.196142
2121,0.311112,0.169186
2122,0.321193,0.172356
2123,0.281744,0.189745
2124,0.281744,0.189745
2125,0.354563,0.244659
2126,0.294722,0.214596
2127,0.213152,0.291287
2128,0.213152,0.291287
2129,0.198322,0.321246
2130,0.21323,0.366252
2131,0.197446,0.369724
2132,0.243498,0.334076
2133,0.243498,0.334076
2134,0.199158,0.291093
2135,0.167941,0.238894
2136,0.143803,0.296569
2137,0.143803,0.296569
2138,0.155054,0.2996
2139,0.126138,0.266951
2140,0.156704,0.309998
2141,0.164139,0.389915
2142,0.164139,0.389915
2143,0.106489,0.426804
2144,0.108522,0.363502
2145,0.119032,0.354183
2146,0.119032,0.354183
2147,0.119032,0.354183
2148,0.169338,0.289198
2149,0.169338,0.289198
2150,0.139973,0.299715
2151,0.165943,0.33996
2152,0.200713,0.325972
2153,0.244723,0.447721
2154,0.244723,0.447721
2155,0.258016,0.451494
2156,0.258016,0.451494
2157,0.173205,0.40632
2158,0.223252,0.396231
2159,0.184884,0.347597
2160,0.127429,0.388755
2161,0.127429,0.388755
2162,0.127429,0.388755
2163,0.134553,0.443953
2164,0.114948,0.449128
2165,0.0789111,0.337408
2166,0.0789111,0.337408
2167,0.0789111,0.337408
2168,0.0789111,0.337408
2169,0.0789111,0.337408
2170,0.17228,0.32826
2171,0.139538,0.284152
2172,0.207138,0.38303
2173,0.173777,0.379499
2174,0.170092,0.372465
2175,0.151408,0.421487
2176,0.116373,0.516918
2177,0.116373,0.516918
2178,0.11392,0.420598
2179,0.10918,0.467415
2180,0.138954,0.415861
2181,0.100944,0.450333
2182,0.0918052,0.470377
2183,0.0918052,0.470377
2184,0.0463107,0.427219
2185,0.0435411,0.312815
2186,0.0319274,0.311062
2187,0.0395162,0.25732
2188,0.04803,0.229341
2189,0.04803,0.229341
2190,0.0141892,0.281541
2191,0.0141892,0.281541
2192,0.0141892,0.281541
2193,0.0407178,0.247911
2194,0.0181932,0.267968
2195,0.018685,0.333608
2196,0.018685,0.333608
2197,0.0471767,0.407265
2198,0.0432471,0.369528
2199,0.0559541,0.33575
2200,0.0367312,0.320156
2201,0.0367312,0.320156
2202,0.0692699,0.304435
2203,0.0457884,0.289325
2204,0.0652403,0.318717
2205,0.071285,0.34294
2206,0.0283814,0.318561
2207,0.0283814,0.318561
2208,0.0283814,0.318561
2209,0.0132155,0.273521
2210,0.00963856,0.345097
2211,0.0431505,0.315171
2212,0.0982228,0.309733
2213,0.0619676,0.274674
2214,0.027112,0.304003
2215,0.0511441,0.309131
2216,0.0511441,0.309131
2217,0.0418449,0.357433
2218,0.0418449,0.357433
2219,0.0418449,0.357433
2220,0.0140161,0.261047
2221,0.0132415,0.292003
2222,0.0132415,0.292003
2223,0.0303423,0.258093
2224,0.0266586,0.343726
2225,0.0266586,0.343726
2226,0.00493577,0.285011
2227,0.00493577,0.285011
2228,0.0616944,0.33031
2229,0.0715883,0.329952
2230,0.0843985,0.310597
2231,0.0843985,0.310597
2232,0.0937644,0.279551
2233,0.0928,0.281129
2234,0.0713797,0.259432
2235,0.0906551,0.277777
2236,0.0581263,0.233175
2237,0.0487302,0.256465
2238,0.063188,0.243344
2239,0.063188,0.243344
2240,0.048607,0.277533
2241,0.091057,0.211659
2242,0.091057,0.211659
2243,0.103084,0.177955
2244,0.0823456,0.179704
2245,0.0993418,0.136081
2246,0.112202,0.0884809
2247,0.082879,0.0666984
2248,0.100026,0.0701932
2249,0.0875482,0.10852
2250,0.0846414,0.112073
2251,0.100654,0.05727
2252,0.0976887,0.025272
2253,0.0976887,0.025272
2254,0.118245,0.129862
2255,0.102519,0.165403
2256,0.0954102,0.143661
2257,0.0942998,0.224863
2258,0.129321,0.146842
2259,0.14628,0.166358
2260,0.155564,0.0858698
2261,0.152521,0.0390888
2262,0.152521,0.0390888
2263,0.152521,0.0390888
2264,0.1823,0.113023
2265,0.185236,0.165948
2266,0.152194,0.12196
2267,0.152194,0.12196
2268,0.168633,0.180398
2269,0.154383,0.124554
2270,0.192473,0.13526
2271,0.263016,0.056269
2272,0.263016,0.056269
2273,0.263016,0.056269
2274,0.273836,0.053314
2275,0.318294,0.14351
2276,0.265126,0.109619
2277,0.276748,0.100571
2278,0.323695,0.0758587
2279,0.24768,0.0355316
2280,0.218527,0.0824587
2281,0.208022,0.113008
2282,0.208022,0.113008
2283,0.19921,0.10593
2284,0.221779,0.130489
2285,0.221779,0.130489
2286,0.198669,0.142563
2287,0.220393,0.0732263
2288,0.200138,0.03497
2289,0.200138,0.03497
2290,0.200138,0.03497
2291,0.227317,0.0621504
2292,0.227317,0.0621504
2293,0.178318,0.0380995
2294,0.178318,0.0380995
2295,0.173617,0.128957
2296,0.184132,0.132697
2297,0.23864,0.239432
2298,0.25288,0.235958
2299,0.241344,0.227026
2300,0.182613,0.283385
2301,0.182613,0.283385
2302,0.145452,0.256245
2303,0.161583,0.200103
2304,0.161583,0.200103
2305,0.161583,0.200103
2306,0.161885,0.180273
2307,0.202263,0.15693
2308,0.202263,0.15693
2309,0.202263,0.15693
2310,0.124815,0.0604714
2311,0.146701,0.0727351
2312,0.145499,0.0599435
2313,0.145499,0.0599435
2314,0.130866,0.0489681
2315,0.130866,0.0489681
2316,0.135074,0.0802136
2317,0.135074,0.0802136
2318,0.0911645,0.0614848
2319,0.0987896,0.0842916
2320,0.100872,0.1123
2321,0.0810714,0.118579
2322,0.0810714,0.118579
2323,0.138863,0.138165
2324,0.108022,0.160227
2325,0.112428,0.22734
2326,0.183416,0.228786
2327,0.128986,0.276633
2328,0.128986,0.276633
2329,0.148445,0.293332
2330,0.160569,0.308339
2331,0.160569,0.308339
2332,0.187864,0.284339
2333,0.150248,0.282203
2334,0.0965249,0.279466
2335,0.0965249,0.279466
2336,0.194547,0.310396
2337,0.194547,0.310396
2338,0.224427,0.286938
2339,0.224427,0.286938
2340,0.239208,0.318403
2341,0.202862,0.300079
2342,0.209887,0.32306
2343,0.209515,0.322244
2344,0.204819,0.36386
2345,0.204954,0.305786
2346,0.186372,0.295149
2347,0.236708,0.285846
2348,0.289178,0.215405
2349,0.277575,0.230524
2350,0.277575,0.230524
2351,0.277575,0.230524
2352,0.277575,0.230524
2353,0.277575,0.230524
2354,0.277575,0.230524
2355,0.277575,0.230524
2356,0.251533,0.276257
2357,0.22824,0.284383
2358,0.236746,0.265711
2359,0.244386,0.271192
2360,0.244386,0.271192
2361,0.238876,0.235348
2362,0.202942,0.247921
2363,0.218109,0.212491
2364,0.168861,0.217955
2365,0.168861,0.217955
2366,0.256385,0.214364
2367,0.198517,0.229692
2368,0.198517,0.229692
2369,0.209172,0.216711
2370,0.242075,0.165536
2371,0.152695,0.168907
2372,0.157636,0.205548
2373,0.175162,0.141257
2374,0.170862,0.188424
2375,0.107776,0.107092
2376,0.121151,0.0665124
2377,0.1642,0.0838417
2378,0.179762,0.064043
2379,0.177772,0.138561
2380,0.188905,0.0889189
2381,0.188905,0.0889189
2382,0.188905,0.0889189
2383,0.188905,0.0889189
2384,0.208783,0.137081
2385,0.191208,0.160483
2386,0.204128,0.209981
2387,0.152384,0.206914
2388,0.163543,0.181896
2389,0.155672,0.061278
2390,0.110524,0.12967
2391,0.100522,0.157163
2392,0.118152,0.146955
2393,0.118152,0.146955
2394,0.118152,0.146955
2395,0.118152,0.146955
2396,0.118152,0.146955
2397,0.118152,0.146955
2398,0.118152,0.146955
2399,0.13738,0.17093
2400,0.0961536,0.120338
2401,0.0961536,0.120338
2402,0.106995,0.0677168
2403,0.124876,0.0693972
2404,0.173497,0.0661303
2405,0.163456,0.0399615
2406,0.163456,0.0399615
2407,0.167356,0.0606601
2408,0.153658,0.104591
2409,0.151924,0.135156
2410,0.148671,0.144302
2411,0.148671,0.144302
2412,0.148671,0.144302
2413,0.190704,0.197469
2414,0.142682,0.220157
2415,0.11991,0.327057
2416,0.0939916,0.233864
2417,0.0941937,0.294868
2418,0.0941937,0.294868
2419,0.0941937,0.294868
2420,0.0941937,0.294868
2421,0.0734919,0.238491
2422,0.101932,0.199331
2423,0.101932,0.199331
2424,0.101932,0.199331
2425,0.0909688,0.207504
2426,0.130725,0.21257
2427,0.130725,0.21257
2428,0.150198,0.164591
2429,0.123048,0.147527
2430,0.123048,0.147527
2431,0.142924,0.180836
2432,0.112393,0.141277
2433,0.117825,0.153514
2434,0.117505,0.152309
2435,0.117274,0.115759
2436,0.117274,0.115759
2437,0.125101,0.11183
2438,0.129196,0.147372
2439,0.129196,0.147372
2440,0.14443,0.116538
2441,0.194812,0.0835141
2442,0.202466,0.0771183
2443,0.197564,0.0984461
2444,0.204276,0.0609187
2445,0.17975,0.0919552
2446,0.17844,0.142214
2447,0.17844,0.142214
2448,0.17844,0.142214
2449,0.17844,0.142214
2450,0.182915,0.0941106
2451,0.157873,0.0888953
2452,0.140875,0.112408
2453,0.140875,0.112408
2454,0.140875,0.112408
2455,0.120689,0.150292
2456,0.120689,0.150292
2457,0.145265,0.115115
2458,0.145265,0.115115
2459,0.145265,0.115115
2460,0.140953,0.0274544
2461,0.158203,0.0430218
2462,0.216911,0.0855591
2463,0.216452,0.126343
2464,0.218604,0.13866
2465,0.223599,0.1901
2466,0.223599,0.1901
2467,0.162497,0.204091
2468,0.19968,0.255634
2469,0.19968,0.255634
2470,0.153683,0.20141
2471,0.128868,0.194323
2472,0.140505,0.229533
2473,0.1491,0.19409
2474,0.186427,0.140468
2475,0.186427,0.140468
2476,0.140299,0.176899
2477,0.140299,0.176899
2478,0.0904802,0.174342
2479,0.0790928,0.163058
2480,0.0790928,0.163058
2481,0.109742,0.202225
2482,0.0492522,0.194549
2483,0.0854633,0.181699
2484,0.0738005,0.156309
2485,0.143555,0.141784
2486,0.0936898,0.170259
2487,0.109569,0.209937
2488,0.100809,0.166363
2489,0.105227,0.17364
2490,0.0735069,0.156516
2491,0.0536272,0.126478
2492,0.0891973,0.208793
2493,0.144073,0.280505
2494,0.137951,0.241941
2495,0.156603,0.16935
2496,0.140933,0.139064
2497,0.140933,0.139064
2498,0.170679,0.173146
2499,0.202757,0.175803
2500,0.137611,0.138266
2501,0.144333,0.16269
2502,0.176378,0.207409
2503,0.171666,0.214815
2504,0.235891,0.221141
2505,0.200086,0.148339
2506,0.203411,0.167756
2507,0.203411,0.167756
2508,0.201371,0.110357
2509,0.201371,0.110357
2510,0.110353,0.146346
2511,0.116473,0.160647
2512,0.165925,0.099026
2513,0.164462,0.155627
2514,0.183462,0.161323
2515,0.164228,0.108697
2516,0.140239,0.11318
2517,0.147103,0.151043
2518,0.106382,0.166892
2519,0.137961,0.191448
2520,0.137961,0.191448
2521,0.150101,0.195829
2522,0.148418,0.19658
2523,0.152315,0.205291
2524,0.152315,0.205291
2525,0.125105,0.187525
2526,0.203097,0.155608
2527,0.138287,0.171818
2528,0.169041,0.225519
2529,0.154362,0.258902
2530,0.154362,0.258902
2531,0.150278,0.224578
2532,0.174694,0.230778
2533,0.108516,0.18449
2534,0.111542,0.204579
2535,0.0961765,0.19309
2536,0.090994,0.253023
2537,0.090994,0.253023
2538,0.142226,0.25023
2539,0.126954,0.245653
2540,0.126954,0.245653
2541,0.205843,0.233375
2542,0.176808,0.252259
2543,0.182472,0.287802
2544,0.251107,0.345282
2545,0.213842,0.399188
2546,0.176452,0.409585
2547,0.150979,0.442122
2548,0.105991,0.382037
2549,0.10554,0.342452
2550,0.110321,0.354064
2551,0.10894,0.344073
2552,0.0811509,0.374441
2553,0.103346,0.380329
2554,0.0858591,0.363561
2555,0.106068,0.338599
2556,0.0981373,0.344192
2557,0.092244,0.407169
2558,0.0622829,0.378869
2559,0.073669,0.350142
2560,0.073669,0.350142
2561,0.073669,0.350142
2562,0.0528401,0.358843
2563,0.056965,0.339941
2564,0.0505605,0.419295
2565,0.0505605,0.419295
2566,0.0405876,0.344334
2567,0.0405876,0.344334
2568,0.0452731,0.304109
2569,0.0589039,0.34486
2570,0.0589039,0.34486
2571,0.0589039,0.34486
2572,0.0589039,0.34486
2573,0.031686,0.356542
2574,0.0899453,0.330372
2575,0.0718838,0.274327
2576,0.0645559,0.294396
2577,0.0320543,0.285724
2578,0.0602642,0.248032
2579,0.109385,0.256879
2580,0.109385,0.256879
2581,0.121348,0.256388
2582,0.121348,0.256388
2583,0.121348,0.256388
2584,0.0465757,0.280977
2585,0.0508187,0.28896
2586,0.0865379,0.275937
2587,0.0938643,0.213583
2588,0.134681,0.18324
2589,0.0672436,0.160733
2590,0.121309,0.0913571
2591,0.144366,0.097176
2592,0.173028,0.123256
2593,0.18502,0.124383
2594,0.18502,0.124383
2595,0.183193,0.113298
2596,0.188784,0.119713
2597,0.188784,0.119713
2598,0.176908,0.116442
2599,0.165879,0.100664
2600,0.165879,0.100664
2601,0.146491,0.129819
2602,0.146491,0.129819
2603,0.146491,0.129819
2604,0.10839,0.122763
2605,0.125575,0.145806
2606,0.134749,0.154386
2607,0.134749,0.154386
2608,0.0947218,0.196596
2609,0.0947218,0.196596
2610,0.100191,0.22321
2611,0.0884657,0.200518
2612,0.0884657,0.200518
2613,0.0447272,0.217619
2614,0.0447272,0.217619
2615,0.0414963,0.21734
2616,0.0414963,0.21734
2617,0.0636461,0.177961
2618,0.0564011,0.192382
2619,0.0434938,0.189391
2620,0.0810322,0.142532
2621,0.08457,0.142343
2622,0.079705,0.146481
2623,0.0774862,0.126217
2624,0.0774862,0.126217
2625,0.115331,0.168164
2626,0.115331,0.168164
2627,0.115331,0.168164
2628,0.145215,0.189653
2629,0.133491,0.189902
2630,0.133491,0.189902
2631,0.140388,0.204145
2632,0.140388,0.204145
2633,0.148096,0.193105
2634,0.15726,0.18107
2635,0.12523,0.191558
2636,0.127474,0.216941
2637,0.128673,0.235517
2638,0.11165,0.278245
2639,0.0865957,0.294737
2640,0.0600037,0.271286
2641,0.0974422,0.309314
2642,0.0974422,0.309314
2643,0.0925902,0.295306
2644,0.0925902,0.295306
2645,0.0616649,0.290214
2646,0.0616649,0.290214
2647,0.0685766,0.214195
2648,0.0685766,0.214195
2649,0.0872829,0.221508
2650,0.0570175,0.244168
2651,0.0570175,0.244168
2652,0.0397209,0.329656
2653,0.0397209,0.329656
2654,0.0397209,0.329656
2655,0.0223585,0.297798
2656,0.059881,0.340032
2657,0.059881,0.340032
2658,0.0604262,0.321934
2659,0.126376,0.33249
2660,0.0910242,0.366649
2661,0.0910242,0.366649
2662,0.0903443,0.319702
2663,0.0903443,0.319702
2664,0.0903443,0.319702
2665,0.0903443,0.319702
2666,0.0903443,0.319702
2667,0.0903443,0.319702
2668,0.0771926,0.32531
2669,0.128301,0.31457
2670,0.0571765,0.34982
2671,0.0629628,0.33025
2672,0.0629628,0.33025
2673,0.0466983,0.322205
2674,0.0466983,0.322205
2675,0.047327,0.240328
2676,0.0151675,0.293822
2677,0.0151675,0.293822
2678,0.00567501,0.275921
2679,0.00567501,0.275921
2680,0.00567501,0.275921
2681,0.0198378,0.335228
2682,0.0749164,0.291904
2683,0.0749164,0.291904
2684,0.0749164,0.291904
2685,0.0851602,0.285856
2686,0.0851602,0.285856
2687,0.0741942,0.280356
2688,0.0741942,0.280356
2689,0.0741942,0.280356
2690,0.0741942,0.280356
2691,0.0560766,0.252192
2692,0.0560766,0.252192
2693,0.0560766,0.252192
2694,0.0290818,0.304059
2695,0.0290818,0.304059
2696,0.0290818,0.304059
2697,0.0437309,0.315831
2698,0.0437309,0.315831
2699,0.0351397,0.318163
2700,0.025959,0.368662
2701,0.0698312,0.396617
2702,0.0410697,0.369185
2703,0.0795317,0.397716
2704,0.0910718,0.471308
2705,0.133228,0.461813
2706,0.104788,0.432112
2707,0.104788,0.432112
2708,0.116072,0.415295
2709,0.116072,0.415295
2710,0.110768,0.423431
2711,0.110768,0.423431
2712,0.149882,0.418392
2713,0.113936,0.425231
2714,0.0961547,0.404764
2715,0.0432257,0.419
2716,0.107452,0.362486
2717,0.0948513,0.42723
2718,0.11405,0.427488
2719,0.113549,0.344786
2720,0.0944296,0.372371
2721,0.0542177,0.385321
2722,0.0645734,0.304554
2723,0.0645734,0.304554
2724,0.0796223,0.319397
2725,0.0621314,0.347337
2726,0.0329159,0.368754
2727,0.0539069,0.44599
2728,0.0539069,0.44599
2729,0.0754949,0.395802
2730,0.0754949,0.395802
2731,0.0503712,0.393716
2732,0.0203849,0.43582
2733,0.030493,0.329231
2734,0.030493,0.329231
2735,0.031425,0.365559
2736,0.0944577,0.312128
2737,0.0568923,0.271336
2738,0.0568923,0.271336
2739,0.0568923,0.271336
2740,0.129511,0.285856
2741,0.131801,0.236971
2742,0.0358665,0.267857
2743,0.0479612,0.174738
2744,0.0674988,0.249087
2745,0.0652304,0.266207
2746,0.0736511,0.270912
2747,0.0736511,0.270912
2748,0.0233064,0.251468
2749,0.0335346,0.289139
2750,0.0335346,0.289139
2751,0.0634329,0.32043
2752,0.0808967,0.318119
2753,0.0808967,0.318119
2754,0.0808967,0.318119
2755,0.0735355,0.299672
2756,0.0640534,0.327218
2757,0.0373774,0.351761
2758,0.0457095,0.34328
2759,0.0255098,0.329253
2760,0.0276726,0.306837
2761,0.0328471,0.312713
2762,0.0202389,0.285997
2763,0.0384103,0.224051
2764,0.0283819,0.194352
2765,0.0297379,0.0886334
2766,0.0162843,0.097176
2767,0.0546959,0.0778443
2768,0.057396,0.0753268
2769,0.0718037,0.0833461
2770,0.0649929,0.100755
2771,0.0397831,0.122697
2772,0.0116555,0.184537
2773,0.0316687,0.20387
2774,0.0393071,0.241256
2775,0.0241396,0.238923
2776,0.0340006,0.271948
2777,0.042771,0.284266
2778,0.026826,0.261595
2779,0.0237012,0.244821
2780,0.0164725,0.177599
2781,0.0557268,0.139356
2782,0.0422051,0.0620247
2783,0.0422051,0.0620247
2784,0.0864219,0.0686713
2785,0.0886021,0.0625165
2786,0.139471,0.0892478
2787,0.139471,0.0892478
2788,0.150106,0.128375
2789,0.150106,0.128375
2790,0.110487,0.104496
2791,0.110487,0.104496
2792,0.0500746,0.14858
2793,0.0863282,0.153753
2794,0.0863282,0.153753
2795,0.130572,0.118225
2796,0.130572,0.118225
2797,0.130572,0.118225
2798,0.130572,0.118225
2799,0.10383,0.0833364
2800,0.0969109,0.184135
2801,0.0940587,0.187083
2802,0.0810303,0.1341
2803,0.0588377,0.116321
2804,0.0588377,0.116321
2805,0.0588377,0.116321
2806,0.0506694,0.116871
2807,0.0383985,0.138907
2808,0.0604449,0.142509
2809,0.0604449,0.142509
2810,0.106126,0.0926648
2811,0.0446504,0.14108
2812,0.0493219,0.0928628
2813,0.0493219,0.0928628
2814,0.0493219,0.0928628
2815,0.0493219,0.0928628
2816,0.0285204,0.0553783
2817,0.0518861,0.119564
2818,0.0311648,0.150227
2819,0.0166609,0.104194
2820,0.0166609,0.104194
2821,0.033357,0.106332
2822,0.0167602,0.124949
2823,0.0167602,0.124949
2824,0.0137192,0.116307
2825,0.0348227,0.0713373
2826,0.0413545,0.106528
2827,0.0413545,0.106528
2828,0.0438427,0.184569
2829,0.0438427,0.184569
2830,0.0408924,0.221385
2831,0.0377832,0.132639
2832,0.0487287,0.135773
2833,0.061973,0.160953
2834,0.0590256,0.148017
2835,0.0678587,0.144099
2836,0.0772595,0.139547
2837,0.0772595,0.139547
2838,0.064159,0.158945
2839,0.0756555,0.181492
2840,0.0625118,0.179859
2841,0.0667149,0.172319
2842,0.0667149,0.172319
2843,0.0804092,0.21484
2844,0.106866,0.205068
2845,0.106866,0.205068
2846,0.106866,0.205068
2847,0.134774,0.17582
2848,0.134774,0.17582
2849,0.134401,0.207638
2850,0.109998,0.165896
2851,0.0673847,0.191039
2852,0.0687814,0.242106
2853,0.0648484,0.165243
2854,0.0812992,0.166269
2855,0.0812992,0.166269
2856,0.0747356,0.188616
2857,0.0765241,0.194358
2858,0.0776439,0.202383
2859,0.0776439,0.202383
2860,0.0794695,0.151221
2861,0.0808665,0.0843158
2862,0.0767038,0.155677
2863,0.0718548,0.160176
2864,0.0948227,0.197481
2865,0.0765555,0.151182
2866,0.0765555,0.151182
2867,0.0241753,0.145262
2868,0.0703033,0.163436
2869,0.0838037,0.110348
2870,0.10729,0.143389
2871,0.12825,0.126903
2872,0.116272,0.0813432
2873,0.116272,0.0813432
2874,0.116272,0.0813432
2875,0.116272,0.0813432
2876,0.162098,0.14041
2877,0.145458,0.100548
2878,0.170197,0.119213
2879,0.183517,0.151258
2880,0.183756,0.139998
2881,0.208081,0.145514
2882,0.197488,0.138988
2883,0.221183,0.142947
2884,0.196068,0.138574
2885,0.207435,0.141434
2886,0.2163,0.158506
2887,0.2163,0.158506
2888,0.216288,0.147233
2889,0.216288,0.147233
2890,0.216288,0.147233
2891,0.203887,0.183083
2892,0.203887,0.183083
2893,0.220016,0.14203
2894,0.192593,0.115147
2895,0.192593,0.115147
2896,0.151791,0.0506999
2897,0.158881,0.0633032
2898,0.159173,0.0425355
2899,0.159173,0.0425355
2900,0.159173,0.0425355
2901,0.169096,0.0793856
2902,0.240402,0.06176
2903,0.268387,0.064075
2904,0.236775,0.036448
2905,0.260581,0.0474921
2906,0.239596,0.0284049
2907,0.239596,0.0284049
2908,0.235452,0.0462586
2909,0.221283,0.0273739
2910,0.221283,0.0273739
2911,0.268701,0.0245865
2912,0.257716,0.0331309
2913,0.244074,0.0110941
2914,0.264861,0.0621267
2915,0.240832,0.0854447
2916,0.240832,0.0854447
2917,0.242403,0.0961369
2918,0.196654,0.0669958
2919,0.258193,0.105046
2920,0.301717,0.0414409
2921,0.275614,0.0563886
2922,0.29969,0.05385
2923,0.274272,0.0810183
2924,0.282821,0.0462742
2925,0.234906,0.0493506
2926,0.240422,0.0804285
2927,0.208815,0.0522932
2928,0.208815,0.0522932
2929,0.184854,0.0491931
2930,0.162082,0.0442761
2931,0.122044,0.0435754
2932,0.140632,0.0770353
2933,0.140632,0.0770353
2934,0.110845,0.139709
2935,0.144923,0.0985943
2936,0.123605,0.0849392
2937,0.123605,0.0849392
2938,0.168757,0.101403
2939,0.124422,0.138937
2940,0.118004,0.177634
2941,0.110504,0.128118
2942,0.160203,0.108866
2943,0.123105,0.116166
2944,0.123105,0.116166
2945,0.135069,0.0933902
2946,0.174419,0.0928855
2947,0.172762,0.0530643
2948,0.172762,0.0530643
2949,0.200267,0.0671639
2950,0.239323,0.0781985
2951,0.254763,0.0711669
2952,0.254904,0.077223
2953,0.254904,0.077223
2954,0.239709,0.0535215
2955,0.213999,0.0212957
2956,0.218992,0.064029
2957,0.26313,0.039543
2958,0.211798,0.0829359
2959,0.211798,0.0829359
2960,0.201098,0.0886754
2961,0.257988,0.0898527
2962,0.257988,0.0898527
2963,0.251959,0.114611
2964,0.251959,0.114611
2965,0.26483,0.122819
2966,0.26483,0.122819
2967,0.26483,0.122819
2968,0.210666,0.0576916
2969,0.205443,0.084959
2970,0.182406,0.0745851
2971,0.17151,0.102987
2972,0.210021,0.138488
2973,0.145214,0.124648
2974,0.145214,0.124648
2975,0.145214,0.124648
2976,0.129303,0.107731
2977,0.151224,0.139805
2978,0.168063,0.106277
2979,0.168063,0.106277
2980,0.150529,0.135535
2981,0.141088,0.134057
2982,0.214402,0.0909973
2983,0.1699,0.0560732
2984,0.195585,0.0778212
2985,0.166662,0.10179
2986,0.17473,0.0844201
2987,0.173699,0.09891
2988,0.212707,0.104201
2989,0.229396,0.110306
2990,0.288974,0.11032
2991,0.342769,0.189494
2992,0.342769,0.189494
2993,0.23022,0.175475
2994,0.279075,0.158013
2995,0.23325,0.1349
2996,0.201134,0.1696
2997,0.163562,0.156923
2998,0.142154,0.181389
2999,0.15353,0.158548
3000,0.245514,0.142011
3001,0.150588,0.141659
3002,0.126221,0.167346
3003,0.126221,0.167346
3004,0.123904,0.15701
3005,0.123904,0.15701
3006,0.224551,0.208497
3007,0.213124,0.179186
3008,0.213124,0.179186
3009,0.211587,0.112207
3010,0.201124,0.166546
3011,0.219003,0.157919
3012,0.219003,0.157919
3013,0.219003,0.157919
3014,0.219003,0.157919
3015,0.219003,0.157919
3016,0.245341,0.1745
3017,0.266882,0.207431
3018,0.246112,0.142798
3019,0.246112,0.142798
3020,0.236507,0.145554
3021,0.281824,0.112485
3022,0.281824,0.112485
3023,0.281824,0.112485
3024,0.260153,0.127122
3025,0.221732,0.132551
3026,0.209565,0.0783271
3027,0.209565,0.0783271
3028,0.209565,0.0783271
3029,0.209565,0.0783271
3030,0.166976,0.091621
3031,0.234706,0.103656
3032,0.234706,0.103656
3033,0.234706,0.103656
3034,0.228419,0.150898
3035,0.260004,0.141762
3036,0.31257,0.104588
3037,0.285154,0.116094
3038,0.267837,0.0976837
3039,0.288907,0.0871229
3040,0.316634,0.067585
3041,0.316634,0.067585
3042,0.316634,0.067585
3043,0.331577,0.0600997
3044,0.245507,0.0365639
3045,0.292659,0.0958758
3046,0.289983,0.0949328
3047,0.273144,0.0915273
3048,0.273144,0.0915273
3049,0.273144,0.0915273
3050,0.339329,0.108158
3051,0.237503,0.132812
3052,0.237503,0.132812
3053,0.25211,0.119575
3054,0.216953,0.155641
3055,0.13077,0.121992
3056,0.185031,0.0726113
3057,0.194305,0.114733
3058,0.196117,0.1197
3059,0.113022,0.0806807
3060,0.113022,0.0806807
3061,0.125887,0.082136
3062,0.131498,0.0781532
3063,0.129407,0.0817391
3064,0.141488,0.110819
3065,0.135059,0.100188
3066,0.0857353,0.118169
3067,0.103966,0.139952
3068,0.14294,0.1381
3069,0.12449,0.113931
3070,0.0951584,0.126027
3071,0.106785,0.0844062
3072,0.135097,0.0822616
3073,0.0915506,0.0887832
3074,0.0824767,0.10133
3075,0.0820071,0.0979048
3076,0.0820071,0.0979048
3077,0.0805448,0.0826621
3078,0.0871358,0.0882114
3079,0.094586,0.0684606
3080,0.141329,0.0761682
3081,0.137163,0.0917707
3082,0.137163,0.0917707
3083,0.0919942,0.0497188
3084,0.0519017,0.0739526
3085,0.0519017,0.0739526
3086,0.0907654,0.0973577
3087,0.0818429,0.120109
3088,0.0812997,0.108355
3089,0.0812997,0.108355
3090,0.0585727,0.0773692
3091,0.0585727,0.0773692
3092,0.0767209,0.0601016
3093,0.103793,0.0654535
3094,0.103793,0.0654535
3095,0.103793,0.0654535
3096,0.103793,0.0654535
3097,0.103793,0.0654535
3098,0.0922454,0.047763
3099,0.0896048,0.0807314
3100,0.0728856,0.11451
3101,0.0513838,0.0878148
3102,0.0341826,0.123864
3103,0.0250016,0.134122
3104,0.0250016,0.134122
3105,0.0436251,0.101595
3106,0.0748535,0.0970917
3107,0.0748535,0.0970917
3108,0.116758,0.112503
3109,0.0526548,0.13142
3110,0.0526548,0.13142
3111,0.091886,0.126754
3112,0.091886,0.126754
3113,0.117544,0.13001
3114,0.117544,0.13001
3115,0.144344,0.107877
3116,0.147828,0.112159
3117,0.147828,0.112159
3118,0.150029,0.119028
3119,0.150029,0.119028
3120,0.098166,0.109303
3121,0.185655,0.115143
3122,0.12063,0.0723283
3123,0.0956601,0.0765699
3124,0.063671,0.0897197
3125,0.052908,0.153774
3126,0.0302823,0.087611
3127,0.0302823,0.087611
3128,0.0302823,0.087611
3129,0.0917967,0.125207
3130,0.101206,0.114222
3131,0.0670858,0.145896
3132,0.0643724,0.144282
3133,0.115769,0.17569
3134,0.0888013,0.216382
3135,0.164756,0.2808
3136,0.104616,0.252749
3137,0.139905,0.201481
3138,0.100101,0.257068
3139,0.0944034,0.20507
3140,0.0944034,0.20507
3141,0.0562349,0.238073
3142,0.0274107,0.217543
3143,0.0899192,0.228944
3144,0.0899192,0.228944
3145,0.129531,0.215623
3146,0.0752024,0.234235
3147,0.0752024,0.234235
3148,0.0792392,0.181699
3149,0.0118348,0.175985
3150,0.00894551,0.163913
3151,0.049682,0.181106
3152,0.049682,0.181106
3153,0.0308308,0.229813
3154,0.0293549,0.22598
3155,0.080114,0.261525
3156,0.080114,0.261525
3157,0.080114,0.261525
3158,0.047379,0.263398
3159,0.072126,0.25938
3160,0.0405758,0.254316
3161,0.0309405,0.211328
3162,0.0473339,0.148245
3163,0.00997412,0.254526
3164,0.0216252,0.176033
3165,0.0695675,0.177661
3166,0.0726045,0.136399
3167,0.0924686,0.117965
3168,0.028433,0.116081
3169,0.0669649,0.144523
3170,0.0669649,0.144523
3171,0.0193887,0.169703
3172,0.0654585,0.118938
3173,0.0847032,0.117451
3174,0.0617948,0.127758
3175,0.0625368,0.12851
3176,0.0771376,0.159347
3177,0.0771376,0.159347
3178,0.0771376,0.159347
3179,0.0982819,0.127059
3180,0.0805367,0.137716
3181,0.112897,0.111594
3182,0.126131,0.195123
3183,0.0876319,0.152197
3184,0.0565873,0.133624
3185,0.047865,0.104207
3186,0.0697406,0.0836374
3187,0.0469456,0.0768216
3188,0.065174,0.101041
3189,0.065174,0.101041
3190,0.065174,0.101041
3191,0.0369198,0.136292
3192,0.0369198,0.136292
3193,0.0369198,0.136292
3194,0.0621305,0.0977859
3195,0.0621305,0.0977859
3196,0.0621305,0.0977859
3197,0.0530833,0.123656
3198,0.0530833,0.123656
3199,0.0363266,0.0996488
3200,0.0955611,0.117456
3201,0.0955611,0.117456
3202,0.0875473,0.0938123
3203,0.0875473,0.0938123
3204,0.110912,0.0878181
3205,0.107237,0.0978445
3206,0.0822033,0.101678
3207,0.0822033,0.101678
3208,0.0941031,0.106053
3209,0.0941031,0.106053
3210,0.140613,0.105244
3211,0.140613,0.105244
3212,0.113049,0.0958565
3213,0.113049,0.0958565
3214,0.126791,0.110022
3215,0.0898133,0.13913
3216,0.128123,0.129317
3217,0.100106,0.07668
3218,0.100106,0.07668
3219,0.0503404,0.0808362
3220,0.0354959,0.0842829
3221,0.0354959,0.0842829
3222,0.0225303,0.0823961
3223,0.00667378,0.0926969
3224,0.0122944,0.0637863
3225,0.0185407,0.0819455
3226,0.0500627,0.0752304
3227,0.0500627,0.0752304
3228,0.0294937,0.129127
3229,0.00830261,0.0694545
3230,0.0169308,0.0842131
3231,0.0212641,0.115747
3232,0.0341075,0.0954813
3233,0.0246783,0.10711
3234,0.0237602,0.0793901
3235,0.0237602,0.0793901
3236,0.0216833,0.102809
3237,0.0132944,0.0789451
3238,0.0261611,0.0910601
3239,0.0572391,0.117966
3240,0.0858749,0.135398
3241,0.0922312,0.149261
3242,0.0922312,0.149261
3243,0.0922312,0.149261
3244,0.140477,0.198247
3245,0.135047,0.177503
3246,0.134558,0.201603
3247,0.209833,0.205383
3248,0.150061,0.22267
3249,0.126384,0.202254
3250,0.118098,0.159206
3251,0.128216,0.149303
3252,0.0959739,0.174597
3253,0.0959739,0.174597
3254,0.0485934,0.160293
3255,0.0560222,0.135878
3256,0.0560222,0.135878
3257,0.112418,0.159983
3258,0.125596,0.114114
3259,0.126567,0.192908
3260,0.130576,0.108369
3261,0.112635,0.120265
3262,0.136326,0.0901656
3263,0.156925,0.0994222
3264,0.196669,0.109571
3265,0.135459,0.0888801
3266,0.113368,0.147566
3267,0.113368,0.147566
3268,0.0925437,0.144597
3269,0.0925437,0.144597
3270,0.0846452,0.147647
3271,0.0552379,0.183702
3272,0.0735629,0.21514
3273,0.0634576,0.209935
3274,0.0950878,0.206938
3275,0.117225,0.145683
3276,0.088078,0.148145
3277,0.121995,0.14261
3278,0.104419,0.175813
3279,0.145092,0.130986
3280,0.145092,0.130986
3281,0.145092,0.130986
3282,0.145092,0.130986
3283,0.115871,0.174336
3284,0.107188,0.136449
3285,0.133489,0.131242
3286,0.133489,0.131242
3287,0.10472,0.115846
3288,0.122907,0.119012
3289,0.0743248,0.139046
3290,0.0985804,0.137906
3291,0.100344,0.13803
3292,0.143311,0.133284
3293,0.188602,0.115754
3294,0.188602,0.115754
3295,0.188478,0.139121
3296,0.244483,0.157971
3297,0.216366,0.252932
3298,0.252261,0.244325
3299,0.224941,0.297968
3300,0.208104,0.2823
3301,0.162502,0.363296
3302,0.167794,0.369955
3303,0.204465,0.31871
3304,0.171847,0.348558
3305,0.178799,0.378815
3306,0.151432,0.32899
3307,0.196695,0.326641
3308,0.196695,0.326641
3309,0.168573,0.437184
3310,0.17256,0.357023
3311,0.161439,0.340123
3312,0.170983,0.276214
3313,0.170983,0.276214
3314,0.182686,0.205297
3315,0.182686,0.205297
3316,0.182686,0.205297
3317,0.182159,0.256327
3318,0.162254,0.259159
3319,0.146302,0.347439
3320,0.108503,0.248059
3321,0.108503,0.248059
3322,0.120583,0.266558
3323,0.225073,0.226137
3324,0.169157,0.192754
3325,0.169157,0.192754
3326,0.155424,0.155535
3327,0.237743,0.13928
3328,0.239334,0.140014
3329,0.20609,0.142918
3330,0.277027,0.225164
3331,0.212482,0.19827
3332,0.284844,0.204402
3333,0.265921,0.233149
3334,0.365994,0.191057
3335,0.365994,0.191057
3336,0.41029,0.174032
3337,0.41029,0.174032
3338,0.41029,0.174032
3339,0.348108,0.265463
3340,0.319777,0.245433
3341,0.329438,0.22147
3342,0.33779,0.243185
3343,0.282198,0.277337
3344,0.282198,0.277337
3345,0.251202,0.202379
3346,0.194212,0.194742
3347,0.265402,0.205697
3348,0.118807,0.227224
3349,0.152469,0.201652
3350,0.152469,0.201652
3351,0.214476,0.193614
3352,0.187879,0.181236
3353,0.199894,0.186488
3354,0.104429,0.185993
3355,0.147628,0.148547
3356,0.141817,0.117977
3357,0.183696,0.127683
3358,0.132373,0.158997
3359,0.149978,0.206021
3360,0.172077,0.232347
3361,0.163595,0.211171
3362,0.201321,0.196546
3363,0.139468,0.215018
3364,0.153718,0.174085
3365,0.153718,0.174085
3366,0.0850903,0.25513
3367,0.151768,0.245736
3368,0.17545,0.269802
3369,0.140989,0.259856
3370,0.141227,0.230226
3371,0.119719,0.208824
3372,0.064526,0.205433
3373,0.0699753,0.194121
3374,0.0854735,0.170843
3375,0.0674321,0.203894
3376,0.112644,0.152334
3377,0.112644,0.152334
3378,0.105654,0.135866
3379,0.110562,0.135362
3380,0.111295,0.146898
3381,0.0408228,0.159837
3382,0.0229167,0.162166
3383,0.0229167,0.162166
3384,0.0606736,0.194942
3385,0.0393027,0.203881
3386,0.0952162,0.235319
3387,0.100391,0.238714
3388,0.111313,0.310803
3389,0.0881528,0.31298
3390,0.113694,0.320366
3391,0.129852,0.337933
3392,0.129852,0.337933
3393,0.17639,0.34857
3394,0.1809,0.310718
3395,0.1809,0.310718
3396,0.151707,0.339473
3397,0.20229,0.347074
3398,0.106543,0.3788
3399,0.106543,0.3788
3400,0.106543,0.3788
3401,0.134319,0.309412
3402,0.134319,0.309412
3403,0.131618,0.348792
3404,0.112498,0.364463
3405,0.112498,0.364463
3406,0.0928658,0.332561
3407,0.114319,0.315395
3408,0.0296462,0.308006
3409,0.0225765,0.34794
3410,0.0235611,0.28094
3411,0.0545605,0.341384
3412,0.0602765,0.363876
3413,0.0753968,0.344036
3414,0.0411507,0.315212
3415,0.0411507,0.315212
3416,0.121053,0.272982
3417,0.136756,0.230845
3418,0.136756,0.230845
3419,0.0894767,0.27829
3420,0.148932,0.277075
3421,0.128279,0.250142
3422,0.137824,0.211249
3423,0.137824,0.211249
3424,0.137824,0.211249
3425,0.164103,0.200065
3426,0.164103,0.200065
3427,0.163829,0.22946
3428,0.13658,0.188937
3429,0.169485,0.197812
3430,0.169485,0.197812
3431,0.163459,0.206044
3432,0.163459,0.206044
3433,0.18574,0.166854
3434,0.112509,0.170018
3435,0.13306,0.20536
3436,0.100914,0.163658
3437,0.100914,0.163658
3438,0.0670629,0.147928
3439,0.0670629,0.147928
3440,0.0347719,0.123521
3441,0.0347719,0.123521
3442,0.116146,0.100648
3443,0.0955728,0.135411
3444,0.152179,0.165968
3445,0.152179,0.165968
3446,0.192482,0.171577
3447,0.192482,0.171577
3448,0.130967,0.17295
3449,0.172302,0.183727
3450,0.172302,0.183727
3451,0.202285,0.195161
3452,0.202285,0.195161
3453,0.171818,0.21848
3454,0.171818,0.21848
3455,0.161606,0.198965
3456,0.153087,0.164309
3457,0.17209,0.169694
3458,0.143192,0.211649
3459,0.136589,0.220084
3460,0.136589,0.220084
3461,0.141341,0.232342
3462,0.143046,0.25194
3463,0.109438,0.26426
3464,0.109438,0.26426
3465,0.149589,0.291535
3466,0.129087,0.227811
3467,0.110258,0.244059
3468,0.110258,0.244059
3469,0.129905,0.24753
3470,0.0990344,0.177455
3471,0.0990344,0.177455
3472,0.0990344,0.177455
3473,0.125166,0.179748
3474,0.131483,0.167988
3475,0.0937982,0.193043
3476,0.112693,0.161691
3477,0.0979625,0.201414
3478,0.0979625,0.201414
3479,0.139032,0.182253
3480,0.164275,0.186364
3481,0.157666,0.175043
3482,0.107293,0.154637
3483,0.0989544,0.140306
3484,0.111864,0.142825
3485,0.111864,0.142825
3486,0.111864,0.142825
3487,0.107855,0.139679
3488,0.153914,0.160078
3489,0.153594,0.151396
3490,0.16059,0.192363
3491,0.146757,0.175016
3492,0.146757,0.175016
3493,0.174318,0.228974
3494,0.209503,0.212065
3495,0.27353,0.186706
3496,0.201185,0.173943
3497,0.201185,0.173943
3498,0.221767,0.188479
3499,0.221767,0.188479
3500,0.241477,0.237969
3501,0.141614,0.278865
3502,0.115248,0.258542
3503,0.138416,0.224797
3504,0.168352,0.25369
3505,0.168352,0.25369
3506,0.17715,0.217232
3507,0.152046,0.234758
3508,0.167904,0.209788
3509,0.201969,0.200132
3510,0.21573,0.195144
3511,0.195919,0.136361
3512,0.196651,0.183553
3513,0.216222,0.182425
3514,0.239865,0.159429
3515,0.195627,0.164138
3516,0.196234,0.0729253
3517,0.185998,0.139443
3518,0.17275,0.128951
3519,0.19221,0.120859
3520,0.19221,0.120859
3521,0.19221,0.120859
3522,0.19221,0.120859
3523,0.140706,0.0806119
3524,0.13263,0.0997197
3525,0.167426,0.0657212
3526,0.167426,0.0657212
3527,0.186628,0.128475
3528,0.201492,0.103779
3529,0.19415,0.135171
3530,0.194693,0.142711
3531,0.20773,0.131459
3532,0.151213,0.138907
3533,0.156037,0.122812
3534,0.218831,0.120541
3535,0.218831,0.120541
3536,0.172891,0.187707
3537,0.174245,0.226361
3538,0.19569,0.180226
3539,0.19569,0.180226
3540,0.20691,0.202542
3541,0.154989,0.182337
3542,0.14906,0.202943
3543,0.14906,0.202943
3544,0.174217,0.18925
3545,0.184468,0.171996
3546,0.113699,0.142102
3547,0.113699,0.142102
3548,0.111444,0.142773
3549,0.0817506,0.144362
3550,0.0817506,0.144362
3551,0.117581,0.237493
3552,0.0832927,0.196176
3553,0.0883527,0.242234
3554,0.0965244,0.227002
3555,0.0812492,0.242609
3556,0.0866226,0.209833
3557,0.0866226,0.209833
3558,0.0866226,0.209833
3559,0.0774282,0.194699
3560,0.063747,0.205789
3561,0.063747,0.205789
3562,0.035236,0.176333
3563,0.081589,0.153601
3564,0.024408,0.124176
3565,0.024408,0.124176
3566,0.0630167,0.149559
3567,0.0397227,0.146672
3568,0.063591,0.143562
3569,0.063591,0.143562
3570,0.0899627,0.111852
3571,0.0899627,0.111852
3572,0.0450713,0.15431
3573,0.0546779,0.108758
3574,0.031379,0.117916
3575,0.031379,0.117916
3576,0.0220531,0.159415
3577,0.0640718,0.176663
3578,0.0640718,0.176663
3579,0.0572988,0.195199
3580,0.0451365,0.121073
3581,0.0739588,0.137627
3582,0.0340307,0.0899648
3583,0.0340307,0.0899648
3584,0.0344865,0.118653
3585,0.0304613,0.132238
3586,0.0183429,0.10483
3587,0.0338476,0.126564
3588,0.0288776,0.080924
3589,0.0300407,0.0969296
3590,0.0281155,0.11771
3591,0.0379343,0.112002
3592,0.0379343,0.112002
3593,0.0695959,0.128896
3594,0.0954147,0.141741
3595,0.084069,0.135372
3596,0.0942565,0.0774919
3597,0.0942565,0.0774919
3598,0.024783,0.0801153
3599,0.042969,0.081158
3600,0.0645287,0.0645693
3601,0.0960451,0.100114
3602,0.0791135,0.130631
3603,0.0714309,0.132371
3604,0.117155,0.140977
3605,0.122173,0.145912
3606,0.122173,0.145912
3607,0.110756,0.0950751
3608,0.0666514,0.0848004
3609,0.0893827,0.0934251
3610,0.07551,0.119304
3611,0.0431021,0.108672
3612,0.0727041,0.158472
3613,0.0830775,0.185339
3614,0.116824,0.171858
3615,0.143903,0.216071
3616,0.161367,0.181095
3617,0.161367,0.181095
3618,0.161367,0.181095
3619,0.139063,0.186186
3620,0.151006,0.17637
3621,0.151006,0.17637
3622,0.148764,0.197913
3623,0.148764,0.197913
3624,0.192031,0.156608
3625,0.15208,0.22271
3626,0.184525,0.246603
3627,0.184525,0.246603
3628,0.0993501,0.26253
3629,0.0993501,0.26253
3630,0.0993501,0.26253
3631,0.127648,0.202559
3632,0.128114,0.294609
3633,0.0880043,0.276998
3634,0.139528,0.300241
3635,0.105483,0.240489
3636,0.165309,0.240529
3637,0.160816,0.163118
3638,0.160816,0.163118
3639,0.144038,0.159937
3640,0.161438,0.175804
3641,0.161438,0.175804
3642,0.125002,0.235199
3643,0.125002,0.235199
3644,0.118147,0.208272
3645,0.0957446,0.20512
3646,0.0957446,0.20512
3647,0.150583,0.150491
3648,0.150583,0.150491
3649,0.202366,0.18345
3650,0.202366,0.18345
3651,0.133375,0.123302
3652,0.200988,0.113295
3653,0.275776,0.155732
3654,0.166613,0.103503
3655,0.166613,0.103503
3656,0.166613,0.103503
3657,0.166613,0.103503
3658,0.166613,0.103503
3659,0.207207,0.11105
3660,0.246307,0.105455
3661,0.198226,0.13078
3662,0.198226,0.13078
3663,0.198226,0.13078
3664,0.157343,0.166537
3665,0.141533,0.171448
3666,0.128105,0.22456
3667,0.20395,0.180909
3668,0.252957,0.187115
3669,0.202926,0.151252
3670,0.202926,0.151252
3671,0.20503,0.152307
3672,0.200506,0.14048
3673,0.146946,0.164678
3674,0.164494,0.167254
3675,0.192494,0.132767
3676,0.192494,0.132767
3677,0.188993,0.156188
3678,0.176958,0.13716
3679,0.137954,0.155892
3680,0.156578,0.156024
3681,0.142011,0.152373
3682,0.101824,0.137965
3683,0.101824,0.137965
3684,0.101824,0.137965
3685,0.102646,0.140982
3686,0.102646,0.140982
3687,0.102646,0.140982
3688,0.120481,0.192251
3689,0.109318,0.174323
3690,0.0979452,0.177405
3691,0.0945912,0.139153
3692,0.172058,0.137796
3693,0.214849,0.118646
3694,0.222932,0.128342
3695,0.182879,0.111957
3696,0.167263,0.110783
3697,0.167263,0.110783
3698,0.167263,0.110783
3699,0.148743,0.116762
3700,0.148743,0.116762
3701,0.195851,0.159064
3702,0.217783,0.138545
3703,0.217783,0.138545
3704,0.143504,0.0978829
3705,0.1764,0.0760416
3706,0.169946,0.0996473
3707,0.169208,0.142946
3708,0.204213,0.168634
3709,0.192928,0.192624
3710,0.139324,0.207603
3711,0.164193,0.214784
3712,0.164193,0.214784
3713,0.164193,0.214784
3714,0.16612,0.211209
3715,0.212992,0.218097
3716,0.182216,0.207787
3717,0.208192,0.195251
3718,0.208192,0.195251
3719,0.187632,0.283058
3720,0.187895,0.250724
3721,0.187895,0.250724
3722,0.213701,0.295285
3723,0.213952,0.270247
3724,0.204171,0.229624
3725,0.204171,0.229624
3726,0.266105,0.203811
3727,0.217888,0.197256
3728,0.217888,0.197256
3729,0.141318,0.229785
3730,0.0885874,0.20437
3731,0.0885874,0.20437
3732,0.101488,0.203392
3733,0.136667,0.20369
3734,0.136667,0.20369
3735,0.173523,0.230428
3736,0.118589,0.204207
3737,0.1752,0.243273
3738,0.199379,0.207243
3739,0.251468,0.192094
3740,0.251468,0.192094
3741,0.251468,0.192094
3742,0.189441,0.204196
3743,0.180886,0.173313
3744,0.144158,0.159765
3745,0.144158,0.159765
3746,0.0940372,0.18211
3747,0.0940372,0.18211
3748,0.127543,0.209423
3749,0.0821944,0.176869
3750,0.0389177,0.190184
3751,0.118741,0.130301
3752,0.0952211,0.123734
3753,0.0952211,0.123734
3754,0.0952211,0.123734
3755,0.0952211,0.123734
3756,0.0722875,0.114759
3757,0.0927163,0.0912887
3758,0.0927163,0.0912887
3759,0.12704,0.116262
3760,0.132261,0.13122
3761,0.118199,0.130585
3762,0.118199,0.130585
3763,0.132828,0.137567
3764,0.132828,0.137567
3765,0.132828,0.137567
3766,0.132828,0.137567
3767,0.182396,0.152071
3768,0.182396,0.152071
3769,0.254399,0.160773
3770,0.234821,0.165697
3771,0.207205,0.136659
3772,0.187531,0.165083
3773,0.190492,0.13121
3774,0.10523,0.113344
3775,0.135329,0.129725
3776,0.135329,0.129725
3777,0.135329,0.129725
3778,0.13888,0.105301
3779,0.13888,0.105301
3780,0.132841,0.107174
3781,0.125823,0.132602
3782,0.125823,0.132602
3783,0.110313,0.115359
3784,0.110313,0.115359
3785,0.0947426,0.142847
3786,0.112854,0.141692
3787,0.112854,0.141692
3788,0.0768291,0.150403
3789,0.0703563,0.114198
3790,0.0737932,0.10699
3791,0.128323,0.123772
3792,0.128323,0.123772
3793,0.144877,0.0722251
3794,0.144877,0.0722251
3795,0.109124,0.0864701
3796,0.0916831,0.0776291
3797,0.0916831,0.0776291
3798,0.0727587,0.0755256
3799,0.0971112,0.134561
3800,0.107705,0.139459
3801,0.104443,0.108209
3802,0.125204,0.187015
3803,0.125204,0.187015
3804,0.125204,0.187015
3805,0.125204,0.187015
3806,0.177395,0.223162
3807,0.113649,0.19175
3808,0.113649,0.19175
3809,0.142009,0.216533
3810,0.142009,0.216533
3811,0.142009,0.216533
3812,0.170836,0.201044
3813,0.177428,0.178482
3814,0.156597,0.124066
3815,0.160533,0.086514
3816,0.165305,0.0940909
3817,0.17229,0.139847
3818,0.141958,0.143485
3819,0.197181,0.084195
3820,0.199737,0.113779
3821,0.1838,0.111383
3822,0.150976,0.119209
3823,0.151233,0.155757
3824,0.143494,0.130329
3825,0.134642,0.0671783
3826,0.168334,0.0778191
3827,0.168334,0.0778191
3828,0.223539,0.116961
3829,0.178968,0.117121
3830,0.181659,0.0909073
3831,0.181659,0.0909073
3832,0.181659,0.0909073
3833,0.203233,0.146024
3834,0.221473,0.114122
3835,0.203138,0.124945
3836,0.228527,0.122253
3837,0.228527,0.122253
3838,0.181,0.130987
3839,0.108973,0.101592
3840,0.116675,0.196126
3841,0.126388,0.186201
3842,0.0976374,0.217734
3843,0.140171,0.237201
3844,0.195638,0.258711
3845,0.195638,0.258711
3846,0.181463,0.180316
3847,0.16749,0.248899
3848,0.130861,0.215182
3849,0.137626,0.148489
3850,0.137626,0.148489
3851,0.201598,0.149747
3852,0.201598,0.149747
3853,0.204991,0.174387
3854,0.184886,0.201548
3855,0.17302,0.180085
3856,0.187353,0.186487
3857,0.144176,0.151363
3858,0.144176,0.151363
3859,0.0888644,0.143692
3860,0.0888644,0.143692
3861,0.0888644,0.143692
3862,0.120055,0.104297
3863,0.167074,0.106193
3864,0.167067,0.111161
3865,0.183015,0.12925
3866,0.183015,0.12925
3867,0.159644,0.0546285
3868,0.154012,0.161214
3869,0.135762,0.15878
3870,0.135762,0.15878
3871,0.114105,0.21684
3872,0.120708,0.178821
3873,0.10602,0.236437
3874,0.0930458,0.183004
3875,0.0930458,0.183004
3876,0.0930458,0.183004
3877,0.110055,0.201412
3878,0.140587,0.203264
3879,0.139327,0.192412
3880,0.121773,0.149334
3881,0.145237,0.196644
3882,0.111244,0.24164
3883,0.119691,0.201888
3884,0.146616,0.177422
3885,0.146616,0.177422
3886,0.164491,0.217082
3887,0.164491,0.217082
3888,0.119718,0.251956
3889,0.119718,0.251956
3890,0.111713,0.183604
3891,0.111713,0.183604
3892,0.0819054,0.183826
3893,0.0819054,0.183826
3894,0.0821174,0.275195
3895,0.0901115,0.273237
3896,0.0901115,0.273237
3897,0.0901115,0.273237
3898,0.0799101,0.273303
3899,0.120994,0.217694
3900,0.166964,0.217934
3901,0.166964,0.217934
3902,0.122076,0.171255
3903,0.163962,0.182177
3904,0.198117,0.182089
3905,0.19109,0.172138
3906,0.144012,0.211953
3907,0.116471,0.214364
3908,0.116471,0.214364
3909,0.116471,0.214364
3910,0.133319,0.244472
3911,0.133319,0.244472
3912,0.133319,0.244472
3913,0.177052,0.252912
3914,0.169181,0.276295
3915,0.169181,0.276295
3916,0.173769,0.295454
3917,0.172307,0.270264
3918,0.168943,0.290107
3919,0.168943,0.290107
3920,0.158752,0.342609
3921,0.133231,0.332453
3922,0.138031,0.307588
3923,0.162814,0.29716
3924,0.118146,0.299906
3925,0.140132,0.267269
3926,0.0840725,0.244652
3927,0.114474,0.201939
3928,0.131831,0.209057
3929,0.139494,0.255384
3930,0.156915,0.179952
3931,0.156705,0.196797
3932,0.1142,0.199748
3933,0.1142,0.199748
3934,0.0739781,0.206677
3935,0.0946825,0.218364
3936,0.136313,0.191247
3937,0.179605,0.182102
3938,0.179605,0.182102
3939,0.216382,0.170847
3940,0.216382,0.170847
3941,0.222327,0.189463
3942,0.254474,0.151539
3943,0.254474,0.151539
3944,0.219413,0.163775
3945,0.236405,0.182126
3946,0.192324,0.175965
3947,0.183365,0.239404
3948,0.157264,0.200144
3949,0.157264,0.200144
3950,0.20065,0.190229
3951,0.207794,0.23286
3952,0.207794,0.23286
3953,0.163144,0.217167
3954,0.174588,0.23488
3955,0.199208,0.23966
3956,0.191779,0.232369
3957,0.152722,0.181917
3958,0.150464,0.194508
3959,0.115531,0.178292
3960,0.190575,0.167675
3961,0.205861,0.144545
3962,0.127521,0.130912
3963,0.110908,0.143247
3964,0.121674,0.106939
3965,0.123349,0.139518
3966,0.154283,0.152776
3967,0.150477,0.195762
3968,0.140126,0.158771
3969,0.167044,0.134007
3970,0.126814,0.076209
3971,0.126814,0.076209
3972,0.091926,0.109861
3973,0.091926,0.109861
3974,0.091926,0.109861
3975,0.091926,0.109861
3976,0.0688569,0.139926
3977,0.0468477,0.137395
3978,0.0468477,0.137395
3979,0.0468477,0.137395
3980,0.0733326,0.0975301
3981,0.0726447,0.123253
3982,0.0726447,0.123253
3983,0.0726447,0.123253
3984,0.0382491,0.146822
3985,0.0745071,0.137224
3986,0.0681554,0.171914
3987,0.0930925,0.196416
3988,0.135212,0.203557
3989,0.135212,0.203557
3990,0.135212,0.203557
3991,0.128752,0.188236
3992,0.0766881,0.219678
3993,0.120146,0.159069
3994,0.120146,0.159069
3995,0.12053,0.160372
3996,0.0726093,0.179064
3997,0.0805546,0.212503
3998,0.124187,0.179386
3999,0.135537,0.209523
4000,0.114532,0.206626
4001,0.114532,0.206626
4002,0.119442,0.178667
4003,0.0856781,0.209312
4004,0.09922,0.164194
4005,0.0769122,0.182756
4006,0.0769122,0.182756
4007,0.0769122,0.182756
4008,0.0769122,0.182756
4009,0.0970009,0.194175
4010,0.088827,0.177899
4011,0.0669648,0.185076
4012,0.044351,0.247845
4013,0.0718426,0.214972
4014,0.0459008,0.209016
4015,0.0832642,0.215812
4016,0.105152,0.235853
4017,0.0904301,0.276151
4018,0.049076,0.148202
4019,0.049076,0.148202
4020,0.049076,0.148202
4021,0.0508027,0.18746
4022,0.0264445,0.188054
4023,0.0644536,0.224573
4024,0.0619779,0.155739
4025,0.108748,0.0934762
4026,0.108748,0.0934762
4027,0.0935174,0.113166
4028,0.105325,0.132913
4029,0.105325,0.132913
4030,0.105325,0.132913
4031,0.0962336,0.136054
4032,0.103407,0.111634
4033,0.0962146,0.120655
4034,0.0962146,0.120655
4035,0.0846016,0.111946
4036,0.13177,0.179271
4037,0.13177,0.179271
4038,0.165564,0.197863
4039,0.154187,0.16172
4040,0.146647,0.232447
4041,0.14344,0.185504
4042,0.163369,0.170768
4043,0.200184,0.213465
4044,0.182442,0.159692
4045,0.249909,0.203129
4046,0.191325,0.31605
4047,0.201085,0.334586
4048,0.201085,0.334586
4049,0.201496,0.336367
4050,0.201496,0.336367
4051,0.19046,0.329895
4052,0.19046,0.329895
4053,0.171608,0.260401
4054,0.183323,0.256126
4055,0.166594,0.282799
4056,0.166594,0.282799
4057,0.16025,0.247132
4058,0.16025,0.247132
4059,0.161923,0.21076
4060,0.131793,0.222242
4061,0.111256,0.223394
4062,0.101086,0.206997
4063,0.101086,0.206997
4064,0.152986,0.221024
4065,0.152986,0.221024
4066,0.189467,0.265045
4067,0.21616,0.279758
4068,0.162434,0.1799
4069,0.162434,0.1799
4070,0.213828,0.142535
4071,0.184045,0.126736
4072,0.099047,0.189631
4073,0.099047,0.189631
4074,0.099047,0.189631
4075,0.099047,0.189631
4076,0.099047,0.189631
4077,0.099047,0.189631
4078,0.099047,0.189631
4079,0.102555,0.208206
4080,0.103251,0.179649
4081,0.103251,0.179649
4082,0.0692577,0.182553
4083,0.0864312,0.154257
4084,0.0993856,0.247428
4085,0.105032,0.20264
4086,0.105032,0.20264
4087,0.185323,0.19556
4088,0.112407,0.200878
4089,0.104094,0.164843
4090,0.195812,0.203067
4091,0.192785,0.169184
4092,0.174645,0.169516
4093,0.174645,0.169516
4094,0.181935,0.13723
4095,0.1774,0.155227
4096,0.176511,0.158521
4097,0.176511,0.158521
4098,0.149724,0.15569
4099,0.172476,0.167055
4100,0.197711,0.200709
4101,0.212346,0.251226
4102,0.212346,0.251226
4103,0.199531,0.267635
4104,0.199531,0.267635
4105,0.199531,0.267635
4106,0.199531,0.267635
4107,0.267326,0.227428
4108,0.207037,0.229299
4109,0.23775,0.247571
4110,0.23775,0.247571
4111,0.285837,0.211174
4112,0.267301,0.225304
4113,0.281738,0.195215
4114,0.219192,0.180434
4115,0.212809,0.19617
4116,0.255165,0.158961
4117,0.255165,0.158961
4118,0.229208,0.144715
4119,0.229208,0.144715
4120,0.229208,0.144715
4121,0.229208,0.144715
4122,0.207596,0.159892
4123,0.216692,0.204618
4124,0.183482,0.213338
4125,0.171064,0.183818
4126,0.171064,0.183818
4127,0.171064,0.183818
4128,0.171064,0.183818
4129,0.13248,0.167852
4130,0.13248,0.167852
4131,0.140434,0.146661
4132,0.15709,0.211714
4133,0.149973,0.195742
4134,0.149973,0.195742
4135,0.171155,0.209461
4136,0.230443,0.206937
4137,0.230443,0.206937
4138,0.230443,0.206937
4139,0.146456,0.196105
4140,0.129959,0.230869
4141,0.129959,0.230869
4142,0.130492,0.191794
4143,0.106131,0.201667
4144,0.138851,0.229437
4145,0.123718,0.234005
4146,0.134163,0.198596
4147,0.134163,0.198596
4148,0.197966,0.22644
4149,0.14533,0.204931
4150,0.155671,0.256783
4151,0.139968,0.245368
4152,0.10115,0.227209
4153,0.136849,0.181252
4154,0.136849,0.181252
4155,0.176304,0.21942
4156,0.183907,0.175041
4157,0.131106,0.257611
4158,0.131106,0.257611
4159,0.131106,0.257611
4160,0.175358,0.16961
4161,0.182446,0.200283
4162,0.101288,0.192559
4163,0.148503,0.190435
4164,0.123107,0.157566
4165,0.138156,0.196545
4166,0.190083,0.224061
4167,0.190083,0.224061
4168,0.160127,0.150303
4169,0.186382,0.152277
4170,0.198105,0.21119
4171,0.235837,0.161377
4172,0.220832,0.133783
4173,0.167107,0.155029
4174,0.168667,0.130262
4175,0.186428,0.107274
4176,0.186428,0.107274
4177,0.186428,0.107274
4178,0.186428,0.107274
4179,0.186428,0.107274
4180,0.172159,0.11477
4181,0.20543,0.126291
4182,0.142142,0.139403
4183,0.166641,0.0924074
4184,0.166602,0.0838614
4185,0.166602,0.0838614
4186,0.15029,0.0716294
4187,0.173696,0.0416257
4188,0.193315,0.0859874
4189,0.1709,0.066509
4190,0.211984,0.0732763
4191,0.211984,0.0732763
4192,0.228853,0.0657044
4193,0.160932,0.0522056
4194,0.165035,0.0365249
4195,0.231217,0.0814129
4196,0.231217,0.0814129
4197,0.271736,0.0851885
4198,0.271736,0.0851885
4199,0.318963,0.0756188
4200,0.290841,0.0807117
4201,0.290841,0.0807117
4202,0.28496,0.0915316
4203,0.28496,0.0915316
4204,0.253053,0.0458181
4205,0.243377,0.025487
4206,0.346085,0.0162502
4207,0.268149,0.0675493
4208,0.268149,0.0675493
4209,0.292504,0.0581523
4210,0.227304,0.0292713
4211,0.227304,0.0292713
4212,0.227304,0.0292713
4213,0.279064,0.0196507
4214,0.279064,0.0196507
4215,0.256541,0.0678122
4216,0.265038,0.0304856
4217,0.265038,0.0304856
4218,0.240411,0.0622198
4219,0.240411,0.0622198
4220,0.2189,0.0576477
4221,0.213582,0.0552167
4222,0.213582,0.0552167
4223,0.213582,0.0552167
4224,0.222941,0.0916611
4225,0.193002,0.109676
4226,0.207865,0.0837067
4227,0.199636,0.0888956
4228,0.180059,0.0899374
4229,0.180059,0.0899374
4230,0.212842,0.119357
4231,0.231198,0.104593
4232,0.231198,0.104593
4233,0.231198,0.104593
4234,0.20882,0.102196
4235,0.20882,0.102196
4236,0.19094,0.0766672
4237,0.19094,0.0766672
4238,0.215995,0.0817878
4239,0.215995,0.0817878
4240,0.215995,0.0817878
4241,0.192108,0.0574248
4242,0.192108,0.0574248
4243,0.192108,0.0574248
4244,0.237889,0.0640878
4245,0.265667,0.0754272
4246,0.297817,0.0719215
4247,0.232635,0.0289687
4248,0.221003,0.0789265
4249,0.244681,0.0573487
4250,0.278859,0.0298946
4251,0.278859,0.0298946
4252,0.251426,0.0614661
4253,0.23762,0.0691215
4254,0.241694,0.0793924
4255,0.241694,0.0793924
4256,0.216288,0.116116
4257,0.224142,0.132734
4258,0.224142,0.132734
4259,0.224142,0.132734
4260,0.242439,0.109474
4261,0.262025,0.111331
4262,0.244018,0.155365
4263,0.244018,0.155365
4264,0.252781,0.0942802
4265,0.187038,0.0995375
4266,0.16823,0.12215
4267,0.16823,0.12215
4268,0.175196,0.129377
4269,0.175196,0.129377
4270,0.175196,0.129377
4271,0.175196,0.129377
4272,0.174074,0.120198
4273,0.174074,0.120198
4274,0.174074,0.120198
4275,0.174074,0.120198
4276,0.147455,0.0991744
4277,0.147455,0.0991744
4278,0.162436,0.0587308
4279,0.162436,0.0587308
4280,0.213582,0.0799455
4281,0.182612,0.134424
4282,0.259481,0.0891897
4283,0.259481,0.0891897
4284,0.17281,0.108366
4285,0.17281,0.108366
4286,0.139973,0.093746
4287,0.157647,0.0950994
4288,0.170285,0.0916146
4289,0.170485,0.0564858
4290,0.170485,0.0564858
4291,0.206872,0.079873
4292,0.185893,0.0292049
4293,0.174925,0.0385178
4294,0.181602,0.0528118
4295,0.175777,0.0555693
4296,0.18107,0.0768378
4297,0.171125,0.111604
4298,0.163972,0.145798
4299,0.204086,0.0973005
4300,0.183367,0.116239
4301,0.183367,0.116239
4302,0.235502,0.12875
4303,0.196698,0.126056
4304,0.196698,0.126056
4305,0.196698,0.126056
4306,0.206117,0.11934
4307,0.206117,0.11934
4308,0.186434,0.120904
4309,0.182854,0.137561
4310,0.158206,0.120328
4311,0.184695,0.168755
4312,0.184695,0.168755
4313,0.199044,0.157191
4314,0.171876,0.167591
4315,0.170113,0.104764
4316,0.174863,0.140257
4317,0.174863,0.140257
4318,0.174863,0.140257
4319,0.160418,0.0908761
4320,0.153755,0.119856
4321,0.138245,0.155886
4322,0.155239,0.1576
4323,0.155239,0.1576
4324,0.155239,0.1576
4325,0.117083,0.129447
4326,0.165964,0.102602
4327,0.159374,0.169458
4328,0.159374,0.169458
4329,0.159374,0.169458
4330,0.167382,0.203197
4331,0.185473,0.17642
4332,0.142085,0.2179
4333,0.133445,0.231253
4334,0.133445,0.231253
4335,0.105838,0.246144
4336,0.105838,0.246144
4337,0.11566,0.300875
4338,0.118755,0.260768
4339,0.0855265,0.234959
4340,0.119735,0.223228
4341,0.119735,0.223228
4342,0.119735,0.223228
4343,0.132666,0.2403
4344,0.132666,0.2403
4345,0.12765,0.171979
4346,0.122311,0.174675
4347,0.122311,0.174675
4348,0.124777,0.0884699
4349,0.124777,0.0884699
4350,0.135523,0.144564
4351,0.138969,0.157261
4352,0.140249,0.188501
4353,0.0713208,0.17413
4354,0.141203,0.231548
4355,0.0774101,0.244311
4356,0.0896599,0.18918
4357,0.1244,0.163571
4358,0.0784605,0.226598
4359,0.0784605,0.226598
4360,0.0915138,0.207408
4361,0.0915138,0.207408
4362,0.0915138,0.207408
4363,0.0915138,0.207408
4364,0.0715553,0.240542
4365,0.0742692,0.304342
4366,0.0826711,0.316454
4367,0.0549884,0.344462
4368,0.0406712,0.317105
4369,0.0406712,0.317105
4370,0.0528887,0.321572
4371,0.0702376,0.287914
4372,0.0395536,0.297573
4373,0.0395536,0.297573
4374,0.0395536,0.297573
4375,0.0395536,0.297573
4376,0.0751203,0.269822
4377,0.114956,0.244796
4378,0.113427,0.228769
4379,0.122134,0.231545
4380,0.122134,0.231545
4381,0.0757029,0.240125
4382,0.102346,0.246881
4383,0.0755189,0.264482
4384,0.112939,0.252256
4385,0.115622,0.259217
4386,0.115622,0.259217
4387,0.115622,0.259217
4388,0.113707,0.234948
4389,0.113707,0.234948
4390,0.139118,0.244006
4391,0.155965,0.265649
4392,0.155965,0.265649
4393,0.091571,0.257062
4394,0.088443,0.300519
4395,0.0937549,0.278621
4396,0.0708429,0.357435
4397,0.0811571,0.289889
4398,0.0811571,0.289889
4399,0.0811571,0.289889
4400,0.0644753,0.302042
4401,0.0973582,0.280935
4402,0.0716865,0.308405
4403,0.0733501,0.358059
4404,0.0192636,0.38228
4405,0.0192636,0.38228
4406,0.107533,0.340563
4407,0.0856415,0.329404
4408,0.0856415,0.329404
4409,0.106264,0.311965
4410,0.114407,0.376209
4411,0.128958,0.386549
4412,0.131706,0.384892
4413,0.131706,0.384892
4414,0.115166,0.311912
4415,0.112684,0.350259
4416,0.112684,0.350259
4417,0.0491847,0.35426
4418,0.0491847,0.35426
4419,0.0491847,0.35426
4420,0.0491847,0.35426
4421,0.0577165,0.361878
4422,0.022661,0.442128
4423,0.0354301,0.422801
4424,0.0354301,0.422801
4425,0.0354301,0.422801
4426,0.0554058,0.374903
4427,0.080964,0.302982
4428,0.0369339,0.352476
4429,0.0294798,0.232699
4430,0.0294798,0.232699
4431,0.0526006,0.294363
4432,0.0653251,0.267395
4433,0.0230145,0.276243
4434,0.0615084,0.327796
4435,0.0384378,0.298736
4436,0.0223954,0.262289
4437,0.0223954,0.262289
4438,0.0139865,0.258669
4439,0.0139865,0.258669
4440,0.0139865,0.258669
4441,0.0795081,0.279973
4442,0.0752683,0.252665
4443,0.0459922,0.238387
4444,0.0725211,0.244007
4445,0.0653636,0.203103
4446,0.0307072,0.20973
4447,0.056412,0.183297
4448,0.0487588,0.179658
4449,0.0632774,0.200799
4450,0.0632774,0.200799
4451,0.0168991,0.166484
4452,0.0443039,0.176692
4453,0.0782866,0.150622
4454,0.0738194,0.171412
4455,0.0738194,0.171412
4456,0.0643982,0.153884
4457,0.11021,0.145476
4458,0.0340225,0.158942
4459,0.0340225,0.158942
4460,0.0786451,0.230665
4461,0.171458,0.239843
4462,0.140004,0.259558
4463,0.0917686,0.306932
4464,0.0807933,0.305201
4465,0.13325,0.26785
4466,0.09488,0.247516
4467,0.09488,0.247516
4468,0.113858,0.254089
4469,0.137427,0.26406
4470,0.137427,0.26406
4471,0.149101,0.253045
4472,0.15791,0.242939
4473,0.197003,0.233614
4474,0.203714,0.253678
4475,0.250607,0.258623
4476,0.15918,0.305298
4477,0.177671,0.258044
4478,0.158499,0.256091
4479,0.158499,0.256091
4480,0.183654,0.283651
4481,0.153594,0.232001
4482,0.153594,0.232001
4483,0.153594,0.232001
4484,0.189641,0.227003
4485,0.189641,0.227003
4486,0.189641,0.227003
4487,0.188707,0.257689
4488,0.162143,0.332675
4489,0.121074,0.297117
4490,0.121074,0.297117
4491,0.125363,0.239568
4492,0.0929325,0.290402
4493,0.073391,0.263655
4494,0.091769,0.305109
4495,0.0939631,0.248026
4496,0.172056,0.268661
4497,0.117235,0.195278
4498,0.130932,0.208912
4499,0.130932,0.208912
4500,0.130932,0.208912
4501,0.134807,0.156647
4502,0.134591,0.142189
4503,0.150959,0.1245
4504,0.144476,0.160827
4505,0.144476,0.160827
4506,0.144476,0.160827
4507,0.144476,0.160827
4508,0.203266,0.215665
4509,0.174104,0.184191
4510,0.198754,0.197048
4511,0.224695,0.173181
4512,0.224695,0.173181
4513,0.239949,0.147067
4514,0.161808,0.164584
4515,0.161808,0.164584
4516,0.166312,0.195251
4517,0.226003,0.207828
4518,0.18542,0.171898
4519,0.187563,0.219473
4520,0.231152,0.2423
4521,0.231152,0.2423
4522,0.162325,0.142003
4523,0.162325,0.142003
4524,0.188856,0.175344
4525,0.168279,0.174097
4526,0.168279,0.174097
4527,0.168279,0.174097
4528,0.183476,0.179608
4529,0.183476,0.179608
4530,0.187078,0.230545
4531,0.155804,0.135946
4532,0.155804,0.135946
4533,0.143132,0.152091
4534,0.143132,0.152091
4535,0.143132,0.152091
4536,0.143132,0.152091
4537,0.120985,0.18247
4538,0.149835,0.156206
4539,0.175159,0.162337
4540,0.175159,0.162337
4541,0.175159,0.162337
4542,0.194459,0.198605
4543,0.194459,0.198605
4544,0.19665,0.186333
4545,0.209541,0.130211
4546,0.141294,0.115062
4547,0.141294,0.115062
4548,0.106338,0.16159
4549,0.106338,0.16159
4550,0.106338,0.16159
4551,0.106338,0.16159
4552,0.162583,0.154108
4553,0.162583,0.154108
4554,0.162583,0.154108
4555,0.0889474,0.149405
4556,0.159043,0.120726
4557,0.159043,0.120726
4558,0.159043,0.120726
4559,0.159043,0.120726
4560,0.159043,0.120726
4561,0.159043,0.120726
4562,0.217784,0.167426
4563,0.259329,0.176207
4564,0.239601,0.184324
4565,0.235386,0.14286
4566,0.247077,0.204951
4567,0.247077,0.204951
4568,0.220089,0.152807
4569,0.220089,0.152807
4570,0.220089,0.152807
4571,0.238977,0.13848
4572,0.272924,0.130917
4573,0.272924,0.130917
4574,0.249107,0.143852
4575,0.271536,0.129316
4576,0.275575,0.0964163
4577,0.161736,0.141872
4578,0.115004,0.197906
4579,0.146409,0.132357
4580,0.0894719,0.196667
4581,0.121787,0.165777
4582,0.109412,0.229758
4583,0.109412,0.229758
4584,0.125699,0.18467
4585,0.154314,0.202321
4586,0.136666,0.143702
4587,0.11541,0.179016
4588,0.0475231,0.18091
4589,0.0475231,0.18091
4590,0.0475231,0.18091
4591,0.0566291,0.228348
4592,0.0783409,0.166513
4593,0.062365,0.151074
4594,0.0446469,0.127585
4595,0.0446469,0.127585
4596,0.0483498,0.16661
4597,0.0483498,0.16661
4598,0.0483498,0.16661
4599,0.0483498,0.16661
4600,0.0499181,0.0843647
4601,0.072169,0.144513
4602,0.0531186,0.0941494
4603,0.0665319,0.0684712
4604,0.0564097,0.132754
4605,0.0917266,0.236237
4606,0.098271,0.19806
4607,0.098271,0.19806
4608,0.137108,0.231081
4609,0.114437,0.25321
4610,0.12445,0.239915
4611,0.0921453,0.235316
4612,0.123006,0.177776
4613,0.123006,0.177776
4614,0.106246,0.193411
4615,0.152395,0.18284
4616,0.167768,0.123117
4617,0.167768,0.123117
4618,0.122204,0.120902
4619,0.0706288,0.12847
4620,0.0706288,0.12847
4621,0.0689278,0.113005
4622,0.0642313,0.0676733
4623,0.0642313,0.0676733
4624,0.0978039,0.0307875
4625,0.0978039,0.0307875
4626,0.0830057,0.0100477
4627,0.0392854,0.0134363
4628,0.0731743,0.0623364
4629,0.0398619,0.0369434
4630,0.0270179,0.0476905
4631,0.0227486,0.0740565
4632,0.0474996,0.0316378
4633,0.066873,0.0472285
4634,0.0554348,0.0712073
4635,0.0554348,0.0712073
4636,0.0463632,0.0473692
4637,0.0463632,0.0473692
4638,0.109508,0.0636646
4639,0.150166,0.0447037
4640,0.150166,0.0447037
4641,0.150166,0.0447037
4642,0.114766,0.0150825
4643,0.114766,0.0150825
4644,0.136706,0.0769576
4645,0.136706,0.0769576
4646,0.136706,0.0769576
4647,0.155109,0.0271463
4648,0.155109,0.0271463
4649,0.155109,0.0271463
4650,0.153767,0.126457
4651,0.159494,0.064684
4652,0.159494,0.064684
4653,0.174499,0.0713536
4654,0.174907,0.0166981
4655,0.19425,0.111453
4656,0.229207,0.122188
4657,0.194266,0.131283
4658,0.214874,0.0918678
4659,0.160581,0.0851008
4660,0.178813,0.141466
4661,0.170469,0.162226
4662,0.180989,0.138209
4663,0.204278,0.146897
4664,0.204278,0.146897
4665,0.157667,0.204088
4666,0.122251,0.230126
4667,0.160339,0.179077
4668,0.160339,0.179077
4669,0.160339,0.179077
4670,0.16834,0.122183
4671,0.221087,0.135002
4672,0.231414,0.103746
4673,0.231414,0.103746
4674,0.176333,0.130687
4675,0.16617,0.165816
4676,0.214998,0.227379
4677,0.202872,0.28689
4678,0.202872,0.28689
4679,0.208901,0.248997
4680,0.193929,0.296575
4681,0.10469,0.310588
4682,0.0838427,0.307449
4683,0.0838427,0.307449
4684,0.0838427,0.307449
4685,0.0838427,0.307449
4686,0.068756,0.280104
4687,0.0839043,0.27382
4688,0.0731445,0.29031
4689,0.0731445,0.29031
4690,0.0902675,0.325489
4691,0.0749594,0.3745
4692,0.0947752,0.372661
4693,0.0947752,0.372661
4694,0.121736,0.404475
4695,0.194727,0.420549
4696,0.170369,0.364392
4697,0.170369,0.364392
4698,0.157763,0.369083
4699,0.114596,0.342657
4700,0.133394,0.311906
4701,0.0910202,0.34274
4702,0.0942924,0.384863
4703,0.0547409,0.375255
4704,0.0948949,0.450749
4705,0.0557605,0.397575
4706,0.0155902,0.321313
4707,0.0155902,0.321313
4708,0.0632313,0.355436
4709,0.0823602,0.408505
4710,0.0201717,0.424247
4711,0.0809664,0.440217
4712,0.0288903,0.397073
4713,0.0288903,0.397073
4714,0.0400266,0.399287
4715,0.0336583,0.427084
4716,0.0336583,0.427084
4717,0.0377686,0.466003
4718,0.0859626,0.420379
4719,0.0859626,0.420379
4720,0.0708895,0.48756
4721,0.134346,0.458027
4722,0.130806,0.574568
4723,0.118931,0.666622
4724,0.118931,0.666622
4725,0.0987928,0.638982
4726,0.0887402,0.554316
4727,0.10869,0.549409
4728,0.156896,0.516824
4729,0.0818294,0.498815
4730,0.0818294,0.498815
4731,0.105104,0.474002
4732,0.115528,0.457332
4733,0.163398,0.47464
4734,0.163398,0.47464
4735,0.129423,0.434601
4736,0.129423,0.434601
4737,0.100729,0.45463
4738,0.059848,0.438783
4739,0.071007,0.416831
4740,0.071007,0.416831
4741,0.0888937,0.453558
4742,0.0888937,0.453558
4743,0.103266,0.456747
4744,0.0400276,0.408625
4745,0.139434,0.358971
4746,0.139434,0.358971
4747,0.095237,0.367904
4748,0.095237,0.367904
4749,0.168406,0.289574
4750,0.155979,0.290152
4751,0.138979,0.272552
4752,0.138979,0.272552
4753,0.217675,0.265974
4754,0.111041,0.315754
4755,0.111041,0.315754
4756,0.159935,0.235939
4757,0.159935,0.235939
4758,0.162342,0.2743
4759,0.162342,0.2743
4760,0.198341,0.252471
4761,0.201042,0.231212
4762,0.234129,0.227435
4763,0.201098,0.21219
4764,0.168317,0.200941
4765,0.168317,0.200941
4766,0.235448,0.159193
4767,0.2121,0.158733
4768,0.2121,0.158733
4769,0.179058,0.188924
4770,0.179058,0.188924
4771,0.179058,0.188924
4772,0.143558,0.195398
4773,0.144811,0.190459
4774,0.158079,0.200483
4775,0.141548,0.166299
4776,0.148529,0.207709
4777,0.151941,0.190451
4778,0.149788,0.173298
4779,0.118963,0.210692
4780,0.116158,0.185766
4781,0.121116,0.192763
4782,0.085377,0.207046
4783,0.092688,0.253865
4784,0.092688,0.253865
4785,0.167338,0.202004
4786,0.132625,0.199497
4787,0.165991,0.172722
4788,0.165991,0.172722
4789,0.165991,0.172722
4790,0.132073,0.191274
4791,0.113387,0.195687
4792,0.11514,0.15537
4793,0.1123,0.192993
4794,0.0730536,0.202921
4795,0.0796146,0.175494
4796,0.0757795,0.118702
4797,0.0757795,0.118702
4798,0.0724314,0.121865
4799,0.108041,0.0641085
4800,0.108041,0.0641085
4801,0.0873245,0.0667771
4802,0.0748208,0.0772897
4803,0.0719138,0.0948951
4804,0.0719138,0.0948951
4805,0.0646069,0.095648
4806,0.103599,0.120812
4807,0.103599,0.120812
4808,0.12584,0.134412
4809,0.12584,0.134412
4810,0.122304,0.120608
4811,0.122304,0.120608
4812,0.101064,0.12587
4813,0.17594,0.0738214
4814,0.17594,0.0738214
4815,0.17594,0.0738214
4816,0.196156,0.0854029
4817,0.1534,0.0747603
4818,0.110387,0.0763854
4819,0.104069,0.0982342
4820,0.151519,0.103399
4821,0.1766,0.0960698
4822,0.166091,0.101276
4823,0.151119,0.126146
4824,0.13629,0.110175
4825,0.13629,0.110175
4826,0.126229,0.0531851
4827,0.11686,0.0475544
4828,0.11686,0.0475544
4829,0.136285,0.0442548
4830,0.183379,0.042598
4831,0.166215,0.0222583
4832,0.17634,0.0181179
4833,0.186231,0.0314172
4834,0.186231,0.0314172
4835,0.168055,0.0491865
4836,0.144439,0.0417377
4837,0.144439,0.0417377
4838,0.11825,0.10986
4839,0.176628,0.0471616
4840,0.153954,0.0729511
4841,0.152947,0.0692794
4842,0.158197,0.073389
4843,0.157652,0.0720052
4844,0.136774,0.0226892
4845,0.136774,0.0226892
4846,0.136774,0.0226892
4847,0.136774,0.0226892
4848,0.167379,0.0218182
4849,0.167379,0.0218182
4850,0.167379,0.0218182
4851,0.175702,0.0777289
4852,0.118763,0.10034
4853,0.176459,0.111304
4854,0.179464,0.110558
4855,0.117141,0.183585
4856,0.0854247,0.158264
4857,0.0704651,0.0681624
4858,0.062863,0.0776899
4859,0.141542,0.073269
4860,0.163499,0.104022
4861,0.165105,0.101322
4862,0.123306,0.154971
4863,0.115488,0.0945561
4864,0.145739,0.135723
4865,0.135506,0.112858
4866,0.151687,0.122682
4867,0.151687,0.122682
4868,0.181383,0.0777735
4869,0.181383,0.0777735
4870,0.178015,0.107742
4871,0.178015,0.107742
4872,0.178015,0.107742
4873,0.178015,0.107742
4874,0.128381,0.112763
4875,0.128381,0.112763
4876,0.128381,0.112763
4877,0.181543,0.110959
4878,0.181543,0.110959
4879,0.181543,0.110959
4880,0.181543,0.110959
4881,0.163618,0.103414
4882,0.137103,0.129773
4883,0.127707,0.110819
4884,0.18997,0.144186
4885,0.192132,0.147928
4886,0.185038,0.153315
4887,0.205217,0.222385
4888,0.179861,0.231996
4889,0.179861,0.231996
4890,0.20929,0.20998
4891,0.20929,0.20998
4892,0.22713,0.199623
4893,0.181993,0.180388
4894,0.154232,0.136276
4895,0.154232,0.136276
4896,0.162341,0.118226
4897,0.175085,0.0719682
4898,0.175085,0.0719682
4899,0.15884,0.113193
4900,0.181471,0.161921
4901,0.24175,0.160481
4902,0.24175,0.160481
4903,0.24175,0.160481
4904,0.24175,0.160481
4905,0.153648,0.170836
4906,0.142104,0.165774
4907,0.144503,0.173126
4908,0.126401,0.204312
4909,0.126401,0.204312
4910,0.117358,0.180021
4911,0.117358,0.180021
4912,0.102329,0.214961
4913,0.219952,0.188822
4914,0.208253,0.184206
4915,0.182522,0.202783
4916,0.248222,0.19055
4917,0.27842,0.268566
4918,0.241058,0.266938
4919,0.250414,0.192224
4920,0.297183,0.111261
4921,0.258399,0.0934651
4922,0.26155,0.0844997
4923,0.242191,0.0716215
4924,0.256618,0.126325
4925,0.254814,0.133811
4926,0.286922,0.0811384
4927,0.286922,0.0811384
4928,0.329691,0.107428
4929,0.333978,0.0642282
4930,0.355835,0.0940773
4931,0.303725,0.0695977
4932,0.307755,0.119004
4933,0.29953,0.12447
4934,0.255491,0.158244
4935,0.255491,0.158244
4936,0.305573,0.137005
4937,0.305573,0.137005
4938,0.263353,0.123073
4939,0.263353,0.123073
4940,0.263353,0.123073
4941,0.289151,0.0862402
4942,0.284133,0.13542
4943,0.253924,0.15009
4944,0.254752,0.106227
4945,0.231922,0.175024
4946,0.283576,0.198971
4947,0.261261,0.163087
4948,0.324289,0.206167
4949,0.324289,0.206167
4950,0.330744,0.160462
4951,0.311327,0.159159
4952,0.287439,0.161781
4953,0.325859,0.128532
4954,0.325859,0.128532
4955,0.325859,0.128532
4956,0.265673,0.128092
4957,0.246507,0.115992
4958,0.246507,0.115992
4959,0.213455,0.139315
4960,0.22132,0.142565
4961,0.188519,0.0864903
4962,0.210006,0.0979693
4963,0.203226,0.142162
4964,0.197025,0.12875
4965,0.197025,0.12875
4966,0.203748,0.153007
4967,0.262326,0.144291
4968,0.235652,0.140632
4969,0.235652,0.140632
4970,0.232098,0.0784851
4971,0.217536,0.103713
4972,0.217536,0.103713
4973,0.260749,0.0990356
4974,0.207923,0.134774
4975,0.212871,0.164336
4976,0.227525,0.148888
4977,0.229654,0.121646
4978,0.188086,0.168264
4979,0.229239,0.20681
4980,0.246237,0.248841
4981,0.303609,0.239422
4982,0.338183,0.206467
4983,0.269269,0.228656
4984,0.186559,0.2899
4985,0.186559,0.2899
4986,0.186559,0.2899
4987,0.186559,0.2899
4988,0.186559,0.2899
4989,0.229486,0.308577
4990,0.190381,0.303963
4991,0.190708,0.223176
4992,0.190708,0.223176
4993,0.190708,0.223176
4994,0.255502,0.276947
4995,0.206209,0.252243
4996,0.130726,0.275834
4997,0.146794,0.273196
4998,0.14631,0.2165
4999,0.14631,0.2165
5000,0.174558,0.237442
5001,0.160608,0.249874
5002,0.234048,0.158431
5003,0.234048,0.158431
5004,0.234048,0.158431
5005,0.174328,0.179697
5006,0.174328,0.179697
5007,0.318172,0.144369
5008,0.219242,0.137094
5009,0.137,0.230411
5010,0.16001,0.179116
5011,0.139103,0.178149
5012,0.0610692,0.155827
5013,0.170482,0.09286
5014,0.110377,0.145777
5015,0.0772215,0.142709
5016,0.0760683,0.146672
5017,0.0666,0.161921
5018,0.0666,0.161921
5019,0.0666,0.161921
5020,0.0280926,0.18207
5021,0.0458309,0.182556
5022,0.105369,0.203184
5023,0.0553293,0.197467
5024,0.0553293,0.197467
5025,0.0240311,0.208389
5026,0.0258222,0.225243
5027,0.0721808,0.201171
5028,0.0331081,0.224234
5029,0.0331081,0.224234
5030,0.172701,0.224277
5031,0.0439846,0.19473
5032,0.0439846,0.19473
5033,0.0269865,0.196635
5034,0.0200805,0.206348
5035,0.0930575,0.190015
5036,0.115987,0.200484
5037,0.141018,0.18762
5038,0.141018,0.18762
5039,0.0657748,0.177619
5040,0.159961,0.219463
5041,0.205029,0.245241
5042,0.205029,0.245241
5043,0.193525,0.228707
5044,0.17465,0.235617
5045,0.162668,0.228798
5046,0.162767,0.219136
5047,0.162767,0.219136
5048,0.108109,0.218594
5049,0.224202,0.217837
5050,0.170965,0.211148
5051,0.186403,0.247164
5052,0.15133,0.254901
5053,0.148751,0.250975
5054,0.131416,0.285781
5055,0.152806,0.249863
5056,0.137126,0.230035
5057,0.161283,0.250609
5058,0.201512,0.22623
5059,0.116233,0.223185
5060,0.109707,0.252255
5061,0.112107,0.239749
5062,0.10278,0.219957
5063,0.172038,0.255347
5064,0.150527,0.293066
5065,0.150527,0.293066
5066,0.137806,0.284701
5067,0.11961,0.278741
5068,0.145424,0.225616
5069,0.145424,0.225616
5070,0.141675,0.192943
5071,0.126791,0.1616
5072,0.126791,0.1616
5073,0.107392,0.173414
5074,0.107392,0.173414
5075,0.138405,0.119642
5076,0.138405,0.119642
5077,0.128476,0.142888
5078,0.124328,0.138691
5079,0.0955232,0.122043
5080,0.134892,0.134049
5081,0.156435,0.153545
5082,0.121992,0.155308
5083,0.147319,0.139865
5084,0.139508,0.163698
5085,0.118021,0.236995
5086,0.13269,0.177365
5087,0.13269,0.177365
5088,0.13269,0.177365
5089,0.135852,0.156235
5090,0.154398,0.139235
5091,0.150901,0.145825
5092,0.123426,0.0881926
5093,0.123426,0.0881926
5094,0.19139,0.0748101
5095,0.19139,0.0748101
5096,0.167626,0.107443
5097,0.188952,0.0404558
5098,0.188952,0.0404558
5099,0.149514,0.0302344
5100,0.171157,0.0827401
5101,0.171157,0.0827401
5102,0.184287,0.0788714
5103,0.184287,0.0788714
5104,0.184287,0.0788714
5105,0.19251,0.115227
5106,0.168614,0.190095
5107,0.195746,0.112312
5108,0.195746,0.112312
5109,0.195746,0.112312
5110,0.167975,0.196702
5111,0.127773,0.176328
5112,0.0878797,0.210964
5113,0.10065,0.219792
5114,0.161027,0.252419
5115,0.156652,0.236226
5116,0.173784,0.155823
5117,0.175413,0.151132
5118,0.143953,0.160605
5119,0.121079,0.0955804
5120,0.0820672,0.148662
5121,0.0820672,0.148662
5122,0.0967096,0.146527
5123,0.107127,0.187685
5124,0.114486,0.138101
5125,0.0776946,0.109132
5126,0.101775,0.132299
5127,0.101775,0.132299
5128,0.101775,0.132299
5129,0.100492,0.166223
5130,0.0917592,0.154735
5131,0.084378,0.09564
5132,0.0800858,0.110614
5133,0.0591089,0.146839
5134,0.064304,0.134959
5135,0.0621677,0.141674
5136,0.0621677,0.141674
5137,0.0797026,0.11466
5138,0.102229,0.119738
5139,0.0870887,0.0435201
5140,0.103937,0.114389
5141,0.103937,0.114389
5142,0.141868,0.0987912
5143,0.105672,0.0692577
5144,0.105672,0.0692577
5145,0.0863817,0.0924825
5146,0.0863817,0.0924825
5147,0.0872546,0.0570788
5148,0.0903993,0.0765974
5149,0.100833,0.100276
5150,0.100833,0.100276
5151,0.100833,0.100276
5152,0.101992,0.0874742
5153,0.098245,0.0931239
5154,0.098245,0.0931239
5155,0.098245,0.0931239
5156,0.127292,0.0298166
5157,0.127292,0.0298166
5158,0.149586,0.0310096
5159,0.19728,0.0939198
5160,0.188079,0.109946
5161,0.215867,0.104301
5162,0.210088,0.127602
5163,0.210088,0.127602
5164,0.184509,0.100408
5165,0.211741,0.115675
5166,0.320507,0.138075
5167,0.320507,0.138075
5168,0.320507,0.138075
5169,0.320507,0.138075
5170,0.28461,0.152137
5171,0.28461,0.152137
5172,0.263803,0.108989
5173,0.201769,0.141572
5174,0.201769,0.141572
5175,0.202973,0.142193
5176,0.205785,0.0700144
5177,0.200484,0.117563
5178,0.221088,0.046618
5179,0.237383,0.0728851
5180,0.160128,0.132045
5181,0.160128,0.132045
5182,0.156498,0.115626
5183,0.174489,0.115586
5184,0.1599,0.107324
5185,0.188088,0.0743226
5186,0.188088,0.0743226
5187,0.158126,0.110954
5188,0.208319,0.100286
5189,0.206125,0.0720444
5190,0.223161,0.0711011
5191,0.234625,0.0811596
5192,0.261473,0.132157
5193,0.222502,0.0868365
5194,0.193446,0.135702
5195,0.154457,0.164625
5196,0.181751,0.194351
5197,0.170618,0.259845
5198,0.193589,0.273349
5199,0.172187,0.219673
5200,0.186009,0.179142
5201,0.162273,0.14013
5202,0.119497,0.127001
5203,0.119497,0.127001
5204,0.144602,0.18124
5205,0.0421567,0.146957
5206,0.0873213,0.154479
5207,0.0489758,0.139364
5208,0.0489758,0.139364
5209,0.0568301,0.180206
5210,0.159693,0.138674
5211,0.137696,0.15227
5212,0.13716,0.159805
5213,0.11723,0.181098
5214,0.149637,0.197937
5215,0.0935734,0.223854
5216,0.0834645,0.215682
5217,0.0834645,0.215682
5218,0.0409471,0.209842
5219,0.0780913,0.235077
5220,0.0339785,0.167955
5221,0.0653078,0.175296
5222,0.0945584,0.145014
5223,0.0945584,0.145014
5224,0.156877,0.151425
5225,0.0876091,0.16176
5226,0.0816908,0.138729
5227,0.11307,0.12602
5228,0.11307,0.12602
5229,0.11307,0.12602
5230,0.0821828,0.105684
5231,0.0821828,0.105684
5232,0.0878472,0.15152
5233,0.0941248,0.103401
5234,0.0941248,0.103401
5235,0.125677,0.0896877
5236,0.102909,0.125184
5237,0.180506,0.135242
5238,0.180506,0.135242
5239,0.129382,0.0909938
5240,0.129382,0.0909938
5241,0.129382,0.0909938
5242,0.120047,0.118973
5243,0.120047,0.118973
5244,0.143959,0.123128
5245,0.184529,0.141794
5246,0.223346,0.130759
5247,0.187709,0.0729285
5248,0.193011,0.0633527
5249,0.186776,0.0317529
5250,0.201417,0.0943716
5251,0.201417,0.0943716
5252,0.201417,0.0943716
5253,0.178335,0.0505042
5254,0.212117,0.0105196
5255,0.181988,0.0295551
5256,0.221709,0.0344285
5257,0.236043,0.0771563
5258,0.242912,0.160678
5259,0.241001,0.218676
5260,0.249819,0.16591
5261,0.25274,0.147202
5262,0.25274,0.147202
5263,0.254148,0.195968
5264,0.254148,0.195968
5265,0.229847,0.17719
5266,0.229847,0.17719
5267,0.271411,0.182332
5268,0.271411,0.182332
5269,0.223239,0.139992
5270,0.206105,0.170885
5271,0.267595,0.146413
5272,0.298092,0.161607
5273,0.297043,0.126206
5274,0.290012,0.0754123
5275,0.269469,0.135005
5276,0.291158,0.132726
5277,0.291158,0.132726
5278,0.284652,0.0753045
5279,0.238428,0.0773566
5280,0.266799,0.125035
5281,0.270741,0.125375
5282,0.267749,0.0837242
5283,0.275582,0.0822964
5284,0.259674,0.0714428
5285,0.321744,0.0538033
5286,0.254178,0.0399168
5287,0.294255,0.0899449
5288,0.243861,0.0830651
5289,0.243861,0.0830651
5290,0.258065,0.0928282
5291,0.253332,0.0894041
5292,0.219419,0.0761825
5293,0.196558,0.0893232
5294,0.146031,0.128125
5295,0.146031,0.128125
5296,0.146031,0.128125
5297,0.215228,0.127442
5298,0.146915,0.129402
5299,0.146915,0.129402
5300,0.103878,0.0921562
5301,0.0640541,0.108402
5302,0.13478,0.0654803
5303,0.15767,0.110509
5304,0.153679,0.0962031
5305,0.190034,0.142325
5306,0.18071,0.113639
5307,0.19627,0.113846
5308,0.19627,0.113846
5309,0.183051,0.0874705
5310,0.183051,0.0874705
5311,0.163361,0.0774236
5312,0.163361,0.0774236
5313,0.129667,0.0795745
5314,0.129667,0.0795745
5315,0.170701,0.0711225
5316,0.170701,0.0711225
5317,0.175747,0.125625
5318,0.174651,0.139357
5319,0.152223,0.15809
5320,0.133946,0.16194
5321,0.142365,0.0956025
5322,0.142365,0.0956025
5323,0.142365,0.0956025
5324,0.142365,0.0956025
5325,0.0722827,0.0580334
5326,0.0722827,0.0580334
5327,0.0635173,0.0463082
5328,0.0635173,0.0463082
5329,0.0913034,0.0507173
5330,0.0913034,0.0507173
5331,0.12101,0.0519035
5332,0.131528,0.0658697
5333,0.14372,0.107283
5334,0.14372,0.107283
5335,0.132261,0.0654498
5336,0.131355,0.0600242
5337,0.154671,0.0423371
5338,0.124942,0.0786546
5339,0.130986,0.100831
5340,0.154651,0.12475
5341,0.154651,0.12475
5342,0.149924,0.118201
5343,0.143818,0.122472
5344,0.171387,0.127032
5345,0.176373,0.0896092
5346,0.16809,0.15262
5347,0.16809,0.15262
5348,0.122997,0.13817
5349,0.122997,0.13817
5350,0.122997,0.13817
5351,0.122997,0.13817
5352,0.128888,0.162709
5353,0.1281,0.144444
5354,0.1281,0.144444
5355,0.116421,0.14907
5356,0.116421,0.14907
5357,0.141645,0.120787
5358,0.141645,0.120787
5359,0.141645,0.120787
5360,0.124144,0.101502
5361,0.0776261,0.107785
5362,0.0776261,0.107785
5363,0.0878299,0.229805
5364,0.036921,0.183573
5365,0.0575268,0.258002
5366,0.068153,0.229503
5367,0.0820645,0.233794
5368,0.0848994,0.240854
5369,0.13175,0.269076
5370,0.13175,0.269076
5371,0.127195,0.248035
5372,0.103968,0.237654
5373,0.0830167,0.270004
5374,0.0830167,0.270004
5375,0.125494,0.251545
5376,0.0848233,0.256799
5377,0.0848233,0.256799
5378,0.0848233,0.256799
5379,0.0960154,0.30147
5380,0.118757,0.281766
5381,0.13868,0.276955
5382,0.136442,0.261199
5383,0.136442,0.261199
5384,0.0816251,0.278124
5385,0.0816251,0.278124
5386,0.0816251,0.278124
5387,0.133215,0.338173
5388,0.126295,0.320072
5389,0.126295,0.320072
5390,0.126295,0.320072
5391,0.113651,0.363528
5392,0.0755225,0.352881
5393,0.135075,0.345781
5394,0.135075,0.345781
5395,0.135075,0.345781
5396,0.111695,0.382292
5397,0.130113,0.372361
5398,0.101775,0.379032
5399,0.127313,0.465822
5400,0.163897,0.384832
5401,0.124919,0.354779
5402,0.105964,0.361197
5403,0.0884837,0.333165
5404,0.116012,0.280276
5405,0.116012,0.280276
5406,0.116012,0.280276
5407,0.186798,0.258647
5408,0.122305,0.2521
5409,0.122305,0.2521
5410,0.122305,0.2521
5411,0.122305,0.2521
5412,0.122305,0.2521
5413,0.122305,0.2521
5414,0.0892406,0.234994
5415,0.0903298,0.272656
5416,0.134033,0.337836
5417,0.134033,0.337836
5418,0.0969758,0.35685
5419,0.0969758,0.35685
5420,0.0969758,0.35685
5421,0.152142,0.286042
5422,0.14778,0.305563
5423,0.171067,0.260943
5424,0.195426,0.222438
5425,0.248333,0.204868
5426,0.193936,0.202714
5427,0.193936,0.202714
5428,0.168366,0.199582
5429,0.152712,0.216473
5430,0.152848,0.261991
5431,0.129706,0.27398
5432,0.177893,0.269067
5433,0.135818,0.267525
5434,0.111678,0.293802
5435,0.0882056,0.25331
5436,0.0892139,0.30838
5437,0.0920691,0.280401
5438,0.0920691,0.280401
5439,0.0672011,0.328755
5440,0.0922643,0.296052
5441,0.0631814,0.33043
5442,0.0336324,0.330163
5443,0.0282917,0.286058
5444,0.0282917,0.286058
5445,0.0282917,0.286058
5446,0.0480031,0.353492
5447,0.0480031,0.353492
5448,0.0635632,0.409525
5449,0.0635632,0.409525
5450,0.0635632,0.409525
5451,0.0312923,0.398277
5452,0.00807843,0.436296
5453,0.0849797,0.401255
5454,0.040832,0.386574
5455,0.040832,0.386574
5456,0.0251,0.395117
5457,0.0247604,0.368481
5458,0.0247604,0.368481
5459,0.0210891,0.330954
5460,0.0517053,0.381888
5461,0.063781,0.329282
5462,0.0318593,0.382189
5463,0.0318593,0.382189
5464,0.0349284,0.38776
5465,0.027971,0.315806
5466,0.00239225,0.382935
5467,0.0494652,0.391663
5468,0.076908,0.438489
5469,0.0620036,0.390886
5470,0.0182463,0.388039
5471,0.0404709,0.333826
5472,0.0404709,0.333826
5473,0.040243,0.398312
5474,0.0315904,0.375609
5475,0.0488417,0.304794
5476,0.0488417,0.304794
5477,0.0143931,0.350629
5478,0.0213399,0.389166
5479,0.0398356,0.413833
5480,0.0368997,0.334752
5481,0.0605042,0.30664
5482,0.0605042,0.30664
5483,0.0250481,0.236889
5484,0.0250481,0.236889
5485,0.0250481,0.236889
5486,0.0250481,0.236889
5487,0.0299786,0.219302
5488,0.0246378,0.206709
5489,0.00430258,0.208421
5490,0.0321981,0.215512
5491,0.0151215,0.264107
5492,0.0133434,0.178472
5493,0.0563091,0.207697
5494,0.0655721,0.176588
5495,0.0655721,0.176588
5496,0.084497,0.130743
5497,0.0463731,0.18811
5498,0.0520516,0.228984
5499,0.0630629,0.24514
5500,0.0672375,0.247691
5501,0.056725,0.25842
5502,0.0566259,0.253807
5503,0.0709813,0.225452
5504,0.0918519,0.228638
5505,0.0481952,0.254048
5506,0.0481952,0.254048
5507,0.0548535,0.250424
5508,0.0548535,0.250424
5509,0.0781167,0.276276
5510,0.0781167,0.276276
5511,0.0781167,0.276276
5512,0.0781167,0.276276
5513,0.0318321,0.271679
5514,0.0273438,0.241457
5515,0.0160545,0.241203
5516,0.0230011,0.26679
5517,0.0230011,0.26679
5518,0.0230011,0.26679
5519,0.053993,0.26808
5520,0.053993,0.26808
5521,0.0550705,0.199336
5522,0.0550705,0.199336
5523,0.101417,0.182303
5524,0.0443965,0.150309
5525,0.0443965,0.150309
5526,0.0241721,0.139767
5527,0.0195632,0.158415
5528,0.00964445,0.16539
5529,0.00964445,0.16539
5530,0.00561614,0.138612
5531,0.00561614,0.138612
5532,0.0183543,0.185164
5533,0.0135341,0.169661
5534,0.0282292,0.166588
5535,0.0361265,0.162222
5536,0.0728517,0.214059
5537,0.0919981,0.233911
5538,0.0118071,0.246217
5539,0.0261278,0.272014
5540,0.026363,0.266501
5541,0.026363,0.266501
5542,0.039029,0.25624
5543,0.0598301,0.214432
5544,0.0494828,0.196715
5545,0.0435022,0.248711
5546,0.021624,0.273144
5547,0.0353368,0.233451
5548,0.0353368,0.233451
5549,0.0205202,0.25379
5550,0.0205202,0.25379
5551,0.0205202,0.25379
5552,0.0593327,0.190694
5553,0.0898306,0.209282
5554,0.0921368,0.190324
5555,0.0921368,0.190324
5556,0.0985854,0.130119
5557,0.0985854,0.130119
5558,0.0842101,0.13085
5559,0.0842101,0.13085
5560,0.0217749,0.103914
5561,0.0797389,0.156851
5562,0.042076,0.141
5563,0.0733763,0.164271
5564,0.0461701,0.201783
5565,0.067469,0.185476
5566,0.107487,0.145604
5567,0.0900121,0.130384
5568,0.169888,0.191597
5569,0.146719,0.157414
5570,0.146719,0.157414
5571,0.146719,0.157414
5572,0.14444,0.158813
5573,0.191725,0.165752
5574,0.151172,0.198751
5575,0.137558,0.180904
5576,0.0931872,0.202988
5577,0.0717643,0.180472
5578,0.0452248,0.156775
5579,0.0779274,0.118166
5580,0.0779274,0.118166
5581,0.0779274,0.118166
5582,0.0620132,0.134087
5583,0.0620132,0.134087
5584,0.0851061,0.114126
5585,0.0851061,0.114126
5586,0.0889427,0.101836
5587,0.0889427,0.101836
5588,0.113039,0.0896983
5589,0.0851674,0.100914
5590,0.114799,0.107423
5591,0.115302,0.070228
5592,0.140155,0.0831279
5593,0.141689,0.0712547
5594,0.123303,0.0773586
5595,0.200675,0.100898
5596,0.204333,0.0891626
5597,0.161401,0.0860162
5598,0.203936,0.102956
5599,0.169442,0.118402
5600,0.169442,0.118402
5601,0.184073,0.0912111
5602,0.212268,0.0849763
5603,0.120659,0.0774916
5604,0.108345,0.0708819
5605,0.100934,0.111609
5606,0.100934,0.111609
5607,0.087547,0.10752
5608,0.087547,0.10752
5609,0.109798,0.113157
5610,0.109798,0.113157
5611,0.127329,0.15088
5612,0.135745,0.135828
5613,0.180135,0.139704
5614,0.129083,0.115141
5615,0.129083,0.115141
5616,0.151331,0.116089
5617,0.132815,0.1284
5618,0.15721,0.162033
5619,0.141646,0.143892
5620,0.128535,0.215873
5621,0.105202,0.213182
5622,0.0395014,0.208452
5623,0.0395014,0.208452
5624,0.0918947,0.179805
5625,0.0918947,0.179805
5626,0.0699646,0.174465
5627,0.0699646,0.174465
5628,0.0965119,0.163676
5629,0.0811466,0.150799
5630,0.0923121,0.196166
5631,0.100339,0.230397
5632,0.100339,0.230397
5633,0.0637316,0.213217
5634,0.0753457,0.214835
5635,0.0960438,0.192591
5636,0.0960438,0.192591
5637,0.0960438,0.192591
5638,0.0817504,0.234428
5639,0.0720295,0.236555
5640,0.0734485,0.20996
5641,0.0769519,0.193068
5642,0.0735469,0.210629
5643,0.0782029,0.2289
5644,0.142495,0.268143
5645,0.111418,0.217443
5646,0.111418,0.217443
5647,0.0867046,0.248668
5648,0.0678044,0.228804
5649,0.0944817,0.2897
5650,0.0944817,0.2897
5651,0.114074,0.230586
5652,0.0972102,0.221291
5653,0.0755656,0.228009
5654,0.0755656,0.228009
5655,0.0608378,0.288401
5656,0.0813354,0.292251
5657,0.0650226,0.216804
5658,0.0758721,0.225931
5659,0.0882665,0.209999
5660,0.0882665,0.209999
5661,0.0882665,0.209999
5662,0.0875886,0.229166
5663,0.127785,0.258551
5664,0.127785,0.258551
5665,0.0927117,0.217708
5666,0.135007,0.232375
5667,0.17264,0.176542
5668,0.17264,0.176542
5669,0.14412,0.125794
5670,0.163387,0.0914629
5671,0.178225,0.120585
5672,0.178225,0.120585
5673,0.178225,0.120585
5674,0.180055,0.163596
5675,0.225288,0.129857
5676,0.225288,0.129857
5677,0.233242,0.158438
5678,0.233242,0.158438
5679,0.26901,0.135869
5680,0.330207,0.0771663
5681,0.334869,0.126722
5682,0.329601,0.137565
5683,0.323149,0.0946491
5684,0.281733,0.0779806
5685,0.289812,0.0902406
5686,0.274357,0.114967
5687,0.274536,0.0579538
5688,0.323458,0.0671144
5689,0.277445,0.0664939
5690,0.277445,0.0664939
5691,0.288224,0.0617149
5692,0.257147,0.0262078
5693,0.257147,0.0262078
5694,0.273323,0.0622245
5695,0.273323,0.0622245
5696,0.243085,0.00755647
5697,0.243085,0.00755647
5698,0.222169,0.0911509
5699,0.236656,0.10832
5700,0.274426,0.0803092
5701,0.274426,0.0803091
5702,0.269918,0.112958
5703,0.289968,0.116799
5704,0.25316,0.103924
5705,0.25316,0.103924
5706,0.276678,0.0687964
5707,0.276678,0.0687964
5708,0.276678,0.0687964
5709,0.320069,0.0744654
5710,0.289145,0.101119
5711,0.299336,0.119116
5712,0.310506,0.146756
5713,0.28369,0.128552
5714,0.28369,0.128552
5715,0.28369,0.128552
5716,0.230347,0.124332
5717,0.251561,0.155338
5718,0.251561,0.155338
5719,0.24972,0.163366
5720,0.330012,0.166736
5721,0.315063,0.160523
5722,0.310195,0.117655
5723,0.300326,0.0959533
5724,0.296649,0.111101
5725,0.282951,0.0640259
5726,0.35777,0.105087
5727,0.297063,0.11831
5728,0.297063,0.11831
5729,0.273453,0.109997
5730,0.286914,0.136481
5731,0.265967,0.113491
5732,0.241041,0.110092
5733,0.235798,0.0856194
5734,0.235798,0.0856194
5735,0.256296,0.103992
5736,0.304308,0.127055
5737,0.297661,0.0779488
5738,0.296,0.0590617
5739,0.296,0.0590617
5740,0.296,0.0590617
5741,0.296,0.0590617
5742,0.296,0.0590617
5743,0.339912,0.0639533
5744,0.364321,0.123017
5745,0.364321,0.123017
5746,0.364321,0.123017
5747,0.364321,0.123017
5748,0.364321,0.123017
5749,0.364321,0.123017
5750,0.413002,0.0883453
5751,0.280195,0.13284
5752,0.296248,0.0628364
5753,0.314297,0.112054
5754,0.232666,0.0850787
5755,0.304589,0.0803644
5756,0.375998,0.0788224
5757,0.378808,0.101965
5758,0.389612,0.13696
5759,0.386253,0.138207
5760,0.381668,0.127119
5761,0.381668,0.127119
5762,0.426817,0.111969
5763,0.426817,0.111969
5764,0.398568,0.132756
5765,0.452054,0.136161
5766,0.402749,0.139596
5767,0.374821,0.0931705
5768,0.391265,0.212874
5769,0.419217,0.172802
5770,0.419217,0.172802
5771,0.429515,0.184701
5772,0.355516,0.213663
5773,0.333041,0.156372
5774,0.311621,0.233071
5775,0.278097,0.287366
5776,0.278097,0.287366
5777,0.277978,0.279767
5778,0.270032,0.294298
5779,0.270032,0.294298
5780,0.270032,0.294298
5781,0.266126,0.27756
5782,0.283925,0.257743
5783,0.266653,0.207412
5784,0.199919,0.285248
5785,0.204684,0.325485
5786,0.198099,0.3148
5787,0.198099,0.3148
5788,0.198099,0.3148
5789,0.19734,0.257571
5790,0.137016,0.275901
5791,0.133953,0.27221
5792,0.133953,0.27221
5793,0.0979063,0.224513
5794,0.0961653,0.197248
5795,0.126875,0.285934
5796,0.0916036,0.2075
5797,0.0916036,0.2075
5798,0.0916036,0.2075
5799,0.0801439,0.162375
5800,0.0801439,0.162375
5801,0.0547077,0.219552
5802,0.0258779,0.20182
5803,0.134668,0.213983
5804,0.0762401,0.274772
5805,0.0808905,0.318895
5806,0.135287,0.362414
5807,0.137823,0.231125
5808,0.141797,0.248631
5809,0.141797,0.248631
5810,0.136205,0.219273
5811,0.150759,0.194635
5812,0.150759,0.194635
5813,0.144841,0.228037
5814,0.121593,0.153494
5815,0.128062,0.192422
5816,0.128062,0.192422
5817,0.0983567,0.187842
5818,0.0818556,0.217768
5819,0.0818556,0.217768
5820,0.0607904,0.247951
5821,0.0775422,0.205901
5822,0.100885,0.206614
5823,0.128061,0.212057
5824,0.128061,0.212057
5825,0.107826,0.166489
5826,0.0845129,0.168143
5827,0.0717742,0.176696
5828,0.0437647,0.105994
5829,0.0358856,0.0774178
5830,0.0358856,0.0774178
5831,0.0358856,0.0774178
5832,0.0358856,0.0774178
5833,0.037575,0.10957
5834,0.017515,0.133984
5835,0.017515,0.133984
5836,0.0156065,0.138341
5837,0.0156065,0.138341
5838,0.0252209,0.133631
5839,0.0252209,0.133631
5840,0.0179277,0.17237
5841,0.0124825,0.151821
5842,0.0553482,0.217904
5843,0.059972,0.211588
5844,0.0675978,0.243376
5845,0.0588649,0.232836
5846,0.0490888,0.241752
5847,0.0490888,0.241752
5848,0.0635765,0.340201
5849,0.135439,0.339324
5850,0.130232,0.309373
5851,0.0969571,0.336729
5852,0.0969571,0.336729
5853,0.0969571,0.336729
5854,0.0969571,0.336729
5855,0.0662617,0.313334
5856,0.102417,0.384123
5857,0.102417,0.384123
5858,0.108107,0.379922
5859,0.0602045,0.370269
5860,0.048036,0.391499
5861,0.048036,0.391499
5862,0.048036,0.391499
5863,0.0661785,0.310298
5864,0.0874781,0.367765
5865,0.0814052,0.318634
5866,0.132153,0.295891
5867,0.132847,0.279499
5868,0.131512,0.231757
5869,0.131512,0.231757
5870,0.131512,0.231757
5871,0.131512,0.231757
5872,0.145784,0.225669
5873,0.147846,0.191683
5874,0.147846,0.191683
5875,0.163372,0.24363
5876,0.19522,0.226187
5877,0.131643,0.223334
5878,0.125469,0.197184
5879,0.0784888,0.285686
5880,0.0478919,0.27734
5881,0.0478919,0.27734
5882,0.0668121,0.275697
5883,0.0668121,0.275697
5884,0.0596482,0.21909
5885,0.0887929,0.164676
5886,0.104119,0.218654
5887,0.124549,0.202303
5888,0.124549,0.202303
5889,0.0873528,0.19327
5890,0.098408,0.20399
5891,0.0689653,0.231428
5892,0.0702549,0.238149
5893,0.0734897,0.210112
5894,0.0638911,0.246988
5895,0.0638911,0.246988
5896,0.0316901,0.246115
5897,0.0385258,0.25132
5898,0.0385258,0.25132
5899,0.0456444,0.256955
5900,0.0699942,0.244509
5901,0.131136,0.235357
5902,0.117317,0.217017
5903,0.130931,0.275182
5904,0.126226,0.277198
5905,0.126226,0.277198
5906,0.126226,0.277198
5907,0.104058,0.209905
5908,0.104058,0.209905
5909,0.062429,0.251869
5910,0.062429,0.251869
5911,0.094729,0.277315
5912,0.094729,0.277315
5913,0.0790264,0.305676
5914,0.0514416,0.29011
5915,0.0179253,0.345847
5916,0.0363801,0.321567
5917,0.0180513,0.324569
5918,0.0180513,0.324569
5919,0.0797692,0.286733
5920,0.0491411,0.194747
5921,0.0491411,0.194747
5922,0.0491411,0.194747
5923,0.031454,0.215595
5924,0.0712127,0.185712
5925,0.0712127,0.185712
5926,0.0900571,0.268112
5927,0.137129,0.265537
5928,0.0936594,0.258691
5929,0.118734,0.234907
5930,0.118734,0.234907
5931,0.118734,0.234907
5932,0.0732746,0.205657
5933,0.100398,0.183537
5934,0.0788324,0.228103
5935,0.0788324,0.228103
5936,0.0605332,0.205065
5937,0.0956696,0.143425
5938,0.158168,0.152233
5939,0.189839,0.164217
5940,0.172073,0.227288
5941,0.223693,0.268007
5942,0.242336,0.157369
5943,0.242336,0.157369
5944,0.213383,0.205225
5945,0.239808,0.151929
5946,0.239808,0.151929
5947,0.239808,0.151929
5948,0.197388,0.223642
5949,0.158671,0.217154
5950,0.158168,0.261797
5951,0.230518,0.212979
5952,0.230518,0.212979
5953,0.16938,0.19569
5954,0.168673,0.152357
5955,0.168673,0.152357
5956,0.141902,0.179693
5957,0.150727,0.137971
5958,0.133012,0.1811
5959,0.129516,0.12646
5960,0.129516,0.12646
5961,0.129516,0.12646
5962,0.129516,0.12646
5963,0.100488,0.190359
5964,0.0875484,0.117412
5965,0.0875484,0.117412
5966,0.105118,0.107887
5967,0.176626,0.0902501
5968,0.15085,0.0480104
5969,0.133466,0.0251862
5970,0.135576,0.0750053
5971,0.135576,0.0750053
5972,0.118694,0.0669339
5973,0.118694,0.0669339
5974,0.154953,0.127836
5975,0.0811318,0.109219
5976,0.1184,0.169621
5977,0.1184,0.169621
5978,0.141682,0.17368
5979,0.142925,0.155519
5980,0.142925,0.155519
5981,0.142925,0.155519
5982,0.142925,0.155519
5983,0.142925,0.155519
5984,0.142925,0.155519
5985,0.147802,0.133658
5986,0.125845,0.129629
5987,0.125845,0.129629
5988,0.125845,0.129629
5989,0.135248,0.132746
5990,0.134794,0.167448
5991,0.113295,0.142951
5992,0.113295,0.142951
5993,0.16689,0.264945
5994,0.167398,0.279118
5995,0.143143,0.153543
5996,0.143143,0.153543
5997,0.143143,0.153543
5998,0.143143,0.153543
5999,0.127783,0.242021
6000,0.127783,0.242021
6001,0.101539,0.182956
6002,0.0849317,0.206888
6003,0.0740357,0.207417
6004,0.140212,0.217377
6005,0.142218,0.251096
6006,0.142218,0.251096
6007,0.142218,0.251096
6008,0.160068,0.281124
6009,0.153701,0.270657
6010,0.162719,0.176869
6011,0.156802,0.123986
6012,0.132482,0.164803
6013,0.117928,0.157954
6014,0.132271,0.0469126
6015,0.16345,0.0209959
6016,0.158119,0.0256353
6017,0.158119,0.0256353
6018,0.168346,0.0815683
6019,0.147847,0.0889938
6020,0.191119,0.0523856
6021,0.138467,0.0107271
6022,0.127261,0.0651492
6023,0.179126,0.0338392
6024,0.179126,0.0338392
6025,0.205529,0.0412546
6026,0.205529,0.0412546
6027,0.215878,0.030606
6028,0.215878,0.030606
6029,0.293844,0.0565009
6030,0.336459,0.0873796
6031,0.336459,0.0873796
6032,0.291713,0.0571478
6033,0.291713,0.0571478
6034,0.246579,0.101901
6035,0.289598,0.113081
6036,0.266476,0.132989
6037,0.291002,0.1208
6038,0.226133,0.166016
6039,0.226133,0.166016
6040,0.226133,0.166016
6041,0.229293,0.136698
6042,0.256555,0.156755
6043,0.20263,0.20871
6044,0.20263,0.20871
6045,0.207785,0.228599
6046,0.207785,0.228599
6047,0.153301,0.17929
6048,0.153301,0.17929
6049,0.153301,0.17929
6050,0.172494,0.210865
6051,0.153994,0.16593
6052,0.103784,0.148304
6053,0.104479,0.154749
6054,0.197434,0.153114
6055,0.197434,0.153114
6056,0.197434,0.153114
6057,0.164615,0.172146
6058,0.185622,0.174515
6059,0.276932,0.140482
6060,0.300549,0.138425
6061,0.24116,0.108944
6062,0.24116,0.108944
6063,0.247685,0.112365
6064,0.261538,0.0950577
6065,0.255236,0.120249
6066,0.255236,0.120249
6067,0.21264,0.18
6068,0.21264,0.18
6069,0.229055,0.129093
6070,0.197231,0.118107
6071,0.182465,0.167266
6072,0.182465,0.167266
6073,0.252932,0.136912
6074,0.208791,0.0741612
6075,0.208791,0.0741612
6076,0.282054,0.096796
6077,0.282054,0.096796
6078,0.204953,0.117284
6079,0.204953,0.117284
6080,0.277287,0.171971
6081,0.199252,0.111213
6082,0.189039,0.112684
6083,0.189039,0.112684
6084,0.15269,0.107166
6085,0.15269,0.107166
6086,0.200191,0.113133
6087,0.200191,0.113133
6088,0.224515,0.181406
6089,0.290328,0.0824719
6090,0.341454,0.0631452
6091,0.33423,0.0669535
6092,0.393522,0.0882161
6093,0.289599,0.0824094
6094,0.326442,0.128237
6095,0.30881,0.149614
6096,0.362034,0.0935354
6097,0.362034,0.0935354
6098,0.341285,0.0880787
6099,0.332304,0.18053
6100,0.332304,0.18053
6101,0.332304,0.18053
6102,0.226249,0.0957754
6103,0.251664,0.100636
6104,0.23351,0.174172
6105,0.23351,0.174172
6106,0.23351,0.174172
6107,0.23351,0.174172
6108,0.23351,0.174172
6109,0.234181,0.183792
6110,0.234181,0.183792
6111,0.234181,0.183792
6112,0.234181,0.183792
6113,0.299442,0.154711
6114,0.300413,0.0965563
6115,0.300413,0.0965563
6116,0.313775,0.105117
6117,0.46163,0.175024
6118,0.385394,0.122714
6119,0.385394,0.122714
6120,0.424173,0.0868669
6121,0.389439,0.0644662
6122,0.401582,0.0409313
6123,0.40253,0.0278892
6124,0.40253,0.0278892
6125,0.457078,0.0396698
6126,0.457078,0.0396698
6127,0.457078,0.0396698
6128,0.457078,0.0396698
6129,0.370241,0.0445484
6130,0.419346,0.119152
6131,0.412112,0.119309
6132,0.380708,0.141876
6133,0.367408,0.107168
6134,0.432789,0.0815196
6135,0.50083,0.0369761
6136,0.50083,0.0369761
6137,0.453289,0.0567769
6138,0.453289,0.0567769
6139,0.476338,0.0297368
6140,0.388534,0.114741
6141,0.388534,0.114741
6142,0.597618,0.0554162
6143,0.597618,0.0554162
6144,0.507454,0.0515912
6145,0.507454,0.0515912
6146,0.458466,0.0578601
6147,0.487923,0.0614927
6148,0.487923,0.0614927
6149,0.465194,0.0422445
6150,0.489669,0.0705936
6151,0.498502,0.0563118
6152,0.498502,0.0563118
6153,0.464578,0.115161
6154,0.464578,0.115161
6155,0.422764,0.0523975
6156,0.404071,0.096352
6157,0.405691,0.0932177
6158,0.42829,0.134477
6159,0.42829,0.134477
6160,0.42829,0.134477
6161,0.437689,0.122588
6162,0.437689,0.122588
6163,0.437689,0.122588
6164,0.472008,0.137739
6165,0.457041,0.0894703
6166,0.390727,0.0191193
6167,0.40817,0.0574404
6168,0.479859,0.0451249
6169,0.444543,0.0699029
6170,0.432831,0.045617
6171,0.432831,0.045617
6172,0.524966,0.088139
6173,0.50054,0.0562691
6174,0.53725,0.0847741
6175,0.491218,0.0655976
6176,0.519107,0.0429225
6177,0.519107,0.0429225
6178,0.47601,0.0399239
6179,0.47601,0.0399239
6180,0.47601,0.0399239
6181,0.380304,0.0848669
6182,0.380304,0.0848669
6183,0.380304,0.0848669
6184,0.401358,0.0703696
6185,0.352334,0.0597566
6186,0.283319,0.0756585
6187,0.366651,0.150152
6188,0.428973,0.091091
6189,0.341882,0.136533
6190,0.404701,0.13479
6191,0.341188,0.0982723
6192,0.341188,0.0982723
6193,0.341188,0.0982723
6194,0.338981,0.127733
6195,0.336418,0.109714
6196,0.354264,0.139722
6197,0.354264,0.139722
6198,0.429064,0.175098
6199,0.386453,0.144257
6200,0.390864,0.140848
6201,0.39764,0.0654168
6202,0.394602,0.0727854
6203,0.371788,0.0667488
6204,0.371788,0.0667488
6205,0.344545,0.111777
6206,0.414757,0.213197
6207,0.410492,0.199314
6208,0.410492,0.199314
6209,0.358313,0.283492
6210,0.310852,0.221706
6211,0.334092,0.167406
6212,0.280287,0.147445
6213,0.280287,0.147445
6214,0.371016,0.138529
6215,0.326241,0.147837
6216,0.322484,0.077617
6217,0.322484,0.077617
6218,0.314344,0.0969486
6219,0.330117,0.00605898
6220,0.26521,0.0420996
6221,0.26521,0.0420996
6222,0.286488,0.0497751
6223,0.319668,0.0891076
6224,0.308896,0.0895803
6225,0.316386,0.0837465
6226,0.287888,0.0541652
6227,0.287888,0.0541652
6228,0.353136,0.0552628
6229,0.295847,0.0301952
6230,0.275749,0.0568138
6231,0.242335,0.0263483
6232,0.242335,0.0263483
6233,0.242705,0.0315519
6234,0.252803,0.0773958
6235,0.252803,0.0773958
6236,0.215364,0.0410841
6237,0.208885,0.071392
6238,0.218006,0.017271
6239,0.260838,0.014953
6240,0.217765,0.0360965
6241,0.191499,0.0305879
6242,0.191499,0.0305879
6243,0.191499,0.0305879
6244,0.183221,0.0188662
6245,0.183221,0.0188662
6246,0.183221,0.0188662
6247,0.16993,0.0127055
6248,0.188452,0.0138542
6249,0.197149,0.026725
6250,0.197149,0.026725
6251,0.222853,0.0373372
6252,0.222853,0.0373372
6253,0.209236,0.0260049
6254,0.248761,0.0349827
6255,0.226366,0.0522747
6256,0.202339,0.0226868
6257,0.227064,0.0621066
6258,0.20512,0.0798779
6259,0.152884,0.150366
6260,0.165945,0.124248
6261,0.163803,0.102636
6262,0.162861,0.116871
6263,0.14915,0.110264
6264,0.128673,0.131829
6265,0.138937,0.109381
6266,0.106103,0.104121
6267,0.113569,0.146004
6268,0.06678,0.0962985
6269,0.0654882,0.100503
6270,0.0720662,0.0757441
6271,0.0752248,0.122176
6272,0.0752248,0.122176
6273,0.0752248,0.122176
6274,0.0752248,0.122176
6275,0.077295,0.113751
6276,0.077295,0.113751
6277,0.0935386,0.166474
6278,0.0802051,0.157475
6279,0.0909316,0.12857
6280,0.0878595,0.147897
6281,0.0878595,0.147897
6282,0.0878595,0.147897
6283,0.0822187,0.158331
6284,0.127216,0.142868
6285,0.127216,0.142868
6286,0.115852,0.0828233
6287,0.146785,0.0733156
6288,0.0942091,0.0861219
6289,0.103229,0.0943847
6290,0.103229,0.0943847
6291,0.133077,0.0970985
6292,0.112933,0.150097
6293,0.0821524,0.184011
6294,0.0821524,0.184011
6295,0.094251,0.163026
6296,0.0812927,0.16441
6297,0.0134385,0.141041
6298,0.0134385,0.141041
6299,0.0765204,0.160661
6300,0.0710224,0.193353
6301,0.164263,0.163365
6302,0.120412,0.135214
6303,0.115795,0.147987
6304,0.0985958,0.17557
6305,0.0780638,0.164655
6306,0.0688623,0.197097
6307,0.0985567,0.141455
6308,0.100669,0.223935
6309,0.0588128,0.230301
6310,0.0929811,0.239528
6311,0.0955875,0.258417
6312,0.106054,0.262271
6313,0.106054,0.262271
6314,0.0791227,0.2109
6315,0.0836132,0.211282
6316,0.0627469,0.209091
6317,0.0858154,0.215536
6318,0.0913979,0.206641
6319,0.0968665,0.227585
6320,0.114231,0.131614
6321,0.114231,0.131614
6322,0.154932,0.108641
6323,0.154932,0.108641
6324,0.154932,0.108641
6325,0.100816,0.115042
6326,0.11733,0.0970132
6327,0.11733,0.0970132
6328,0.105066,0.0944102
6329,0.0764561,0.0880367
6330,0.0831079,0.0879691
6331,0.0747587,0.100568
6332,0.0752275,0.11249
6333,0.0998467,0.0858318
6334,0.125711,0.146103
6335,0.0976723,0.197682
6336,0.0893832,0.150562
6337,0.102377,0.199852
6338,0.0561812,0.234326
6339,0.100403,0.277812
6340,0.0940806,0.304025
6341,0.0940806,0.304025
6342,0.0916245,0.306789
6343,0.0651772,0.267214
6344,0.0245841,0.270658
6345,0.0452221,0.285398
6346,0.0452221,0.285398
6347,0.0586383,0.338232
6348,0.0254408,0.310981
6349,0.0919682,0.275547
6350,0.0466028,0.228675
6351,0.0339141,0.175082
6352,0.0760873,0.168287
6353,0.0760873,0.168287
6354,0.127747,0.146946
6355,0.0968881,0.190461
6356,0.0485655,0.194182
6357,0.0774798,0.154596
6358,0.0774798,0.154596
6359,0.0457599,0.163592
6360,0.0457599,0.163592
6361,0.0833983,0.176809
6362,0.0298293,0.228711
6363,0.0367479,0.265644
6364,0.0526296,0.29708
6365,0.0498509,0.292586
6366,0.0498509,0.292586
6367,0.0386907,0.273232
6368,0.0331032,0.190306
6369,0.0347537,0.259138
6370,0.0280578,0.214377
6371,0.04509,0.232981
6372,0.0582901,0.206181
6373,0.0118,0.235645
6374,0.0118,0.235645
6375,0.0370989,0.242644
6376,0.0492591,0.272257
6377,0.0513779,0.352813
6378,0.0173848,0.342671
6379,0.033001,0.29034
6380,0.033001,0.29034
6381,0.0753917,0.294289
6382,0.0673434,0.328547
6383,0.101915,0.389832
6384,0.0942009,0.420783
6385,0.0942009,0.420783
6386,0.0488323,0.473733
6387,0.0455297,0.365319
6388,0.0238609,0.377429
6389,0.0238609,0.377429
6390,0.0574783,0.36909
6391,0.0341995,0.382285
6392,0.0459306,0.404457
6393,0.0745609,0.418384
6394,0.059102,0.370957
6395,0.0455671,0.372559
6396,0.0414333,0.34089
6397,0.0200962,0.297425
6398,0.0804359,0.283448
6399,0.101369,0.287394
6400,0.0600678,0.282841
6401,0.056151,0.29948
6402,0.0521641,0.327807
6403,0.0521641,0.327807
6404,0.0521641,0.327807
6405,0.113406,0.321836
6406,0.0819213,0.340783
6407,0.0819213,0.340783
6408,0.0864412,0.359422
6409,0.070919,0.311636
6410,0.0887797,0.261172
6411,0.123939,0.282458
6412,0.106808,0.251095
6413,0.106808,0.251095
6414,0.0913483,0.247298
6415,0.0913483,0.247298
6416,0.0407938,0.281409
6417,0.0407938,0.281409
6418,0.156733,0.287252
6419,0.106592,0.278374
6420,0.13089,0.270369
6421,0.0753246,0.14463
6422,0.0719109,0.154557
6423,0.0980614,0.13687
6424,0.0826767,0.258944
6425,0.135448,0.294215
6426,0.136979,0.261256
6427,0.127795,0.240481
6428,0.127795,0.240481
6429,0.132968,0.227545
6430,0.135641,0.185016
6431,0.122164,0.217621
6432,0.110095,0.251629
6433,0.113669,0.154309
6434,0.113669,0.154309
6435,0.0956883,0.231053
6436,0.124932,0.238904
6437,0.0682507,0.221151
6438,0.0759353,0.209266
6439,0.0621475,0.177107
6440,0.0621475,0.177107
6441,0.0303866,0.194061
6442,0.0487979,0.169622
6443,0.0487979,0.169622
6444,0.0487979,0.169622
6445,0.0487979,0.169622
6446,0.0487979,0.169622
6447,0.0650196,0.199701
6448,0.0630966,0.214218
6449,0.0630966,0.214218
6450,0.0596396,0.207456
6451,0.069148,0.167246
6452,0.149133,0.202942
6453,0.119389,0.236743
6454,0.0865161,0.282413
6455,0.112371,0.238028
6456,0.130128,0.284462
6457,0.130128,0.284462
6458,0.201847,0.266817
6459,0.197615,0.269464
6460,0.172941,0.262041
6461,0.172941,0.262041
6462,0.172941,0.262041
6463,0.18009,0.243837
6464,0.18009,0.243837
6465,0.18009,0.243837
6466,0.191155,0.247215
6467,0.165726,0.302703
6468,0.159244,0.365159
6469,0.134668,0.300114
6470,0.207099,0.365932
6471,0.211448,0.327446
6472,0.204237,0.329366
6473,0.23839,0.304434
6474,0.18954,0.312792
6475,0.18954,0.312792
6476,0.18954,0.312792
6477,0.191937,0.272059
6478,0.146331,0.30046
6479,0.146331,0.30046
6480,0.178325,0.327195
6481,0.209113,0.315629
6482,0.197193,0.275859
6483,0.197193,0.275859
6484,0.227945,0.237894
6485,0.223203,0.218886
6486,0.246608,0.182717
6487,0.262576,0.18562
6488,0.228698,0.225929
6489,0.164335,0.231951
6490,0.232413,0.170099
6491,0.241983,0.182347
6492,0.241983,0.182347
6493,0.201228,0.178838
6494,0.201228,0.178838
6495,0.201228,0.178838
6496,0.201228,0.178838
6497,0.201228,0.178838
6498,0.18355,0.175692
6499,0.194039,0.201422
6500,0.270167,0.173607
6501,0.32546,0.175774
6502,0.282388,0.211273
6503,0.288426,0.21787
6504,0.267435,0.217594
6505,0.195898,0.241729
6506,0.195898,0.241729
6507,0.195898,0.241729
6508,0.195898,0.241729
6509,0.195898,0.241729
6510,0.253653,0.176398
6511,0.183031,0.257578
6512,0.210001,0.263495
6513,0.230133,0.2484
6514,0.248222,0.273387
6515,0.194362,0.211649
6516,0.188901,0.203187
6517,0.147704,0.21219
6518,0.147704,0.21219
6519,0.137147,0.217221
6520,0.137147,0.217221
6521,0.121049,0.238849
6522,0.121049,0.238849
6523,0.121049,0.238849
6524,0.116113,0.167377
6525,0.0961009,0.224296
6526,0.0961009,0.224296
6527,0.0961009,0.224296
6528,0.0961009,0.224296
6529,0.105629,0.273001
6530,0.105629,0.273001
6531,0.105629,0.273001
6532,0.168639,0.250217
6533,0.179933,0.301663
6534,0.108284,0.231735
6535,0.0680363,0.283675
6536,0.0519629,0.240962
6537,0.128468,0.182817
6538,0.0792012,0.216739
6539,0.0523498,0.159807
6540,0.0872808,0.225685
6541,0.137334,0.223048
6542,0.121294,0.263845
6543,0.121294,0.263845
6544,0.112919,0.235794
6545,0.143419,0.213439
6546,0.134874,0.231967
6547,0.180386,0.197064
6548,0.180386,0.197064
6549,0.172437,0.263051
6550,0.172437,0.263051
6551,0.182482,0.330075
6552,0.284259,0.325049
6553,0.284259,0.325049
6554,0.281466,0.275842
6555,0.252678,0.231141
6556,0.209765,0.217753
6557,0.209765,0.217753
6558,0.220287,0.266397
6559,0.296442,0.238596
6560,0.296442,0.238596
6561,0.171655,0.208754
6562,0.171655,0.208754
6563,0.206198,0.264085
6564,0.133,0.26382
6565,0.128772,0.305622
6566,0.0771326,0.239214
6567,0.0158246,0.326929
6568,0.0158246,0.326929
6569,0.0757778,0.295082
6570,0.0461997,0.25879
6571,0.0461997,0.25879
6572,0.0459,0.267353
6573,0.0572306,0.25433
6574,0.107092,0.265022
6575,0.107092,0.265022
6576,0.109431,0.284435
6577,0.18236,0.330541
6578,0.18236,0.330541
6579,0.139306,0.331439
6580,0.139306,0.331439
6581,0.153923,0.346594
6582,0.167824,0.331844
6583,0.105044,0.293671
6584,0.105044,0.293671
6585,0.0814762,0.26907
6586,0.0473138,0.235311
6587,0.0473138,0.235311
6588,0.0473138,0.235311
6589,0.0473138,0.235311
6590,0.0412451,0.253672
6591,0.0412451,0.253672
6592,0.0412451,0.253672
6593,0.0541147,0.19478
6594,0.0542208,0.183873
6595,0.0495842,0.171566
6596,0.093731,0.138993
6597,0.063096,0.0917023
6598,0.143733,0.130845
6599,0.0494539,0.122858
6600,0.0494539,0.122858
6601,0.0229827,0.156952
6602,0.0579401,0.122177
6603,0.0896282,0.119444
6604,0.0896282,0.119444
6605,0.114553,0.109009
6606,0.114553,0.109009
6607,0.114553,0.109009
6608,0.121825,0.135951
6609,0.0876996,0.118058
6610,0.130386,0.113739
6611,0.170073,0.0992058
6612,0.191707,0.0864954
6613,0.227608,0.141123
6614,0.227608,0.141123
6615,0.170157,0.0942233
6616,0.170157,0.0942233
6617,0.267238,0.119653
6618,0.232247,0.212444
6619,0.228145,0.145528
6620,0.228145,0.145528
6621,0.282052,0.141866
6622,0.22474,0.118522
6623,0.22474,0.118522
6624,0.233543,0.133637
6625,0.201118,0.121129
6626,0.201118,0.121129
6627,0.195093,0.139762
6628,0.195093,0.139762
6629,0.195093,0.139762
6630,0.220384,0.183389
6631,0.175166,0.156321
6632,0.235707,0.219822
6633,0.235707,0.219822
6634,0.235707,0.219822
6635,0.25214,0.264911
6636,0.248473,0.232622
6637,0.237512,0.204661
6638,0.234267,0.0923765
6639,0.211927,0.0367736
6640,0.254556,0.114683
6641,0.325363,0.142134
6642,0.29667,0.0895429
6643,0.29667,0.0895429
6644,0.330515,0.0922559
6645,0.290657,0.134244
6646,0.290657,0.134244
6647,0.253681,0.144006
6648,0.257342,0.158686
6649,0.342473,0.103381
6650,0.369021,0.121653
6651,0.369021,0.121653
6652,0.31074,0.109974
6653,0.183868,0.138324
6654,0.183868,0.138324
6655,0.24474,0.0763654
6656,0.232311,0.0316132
6657,0.232311,0.0316132
6658,0.232311,0.0316132
6659,0.300303,0.104142
6660,0.313929,0.0738867
6661,0.296366,0.0349931
6662,0.365158,0.0364469
6663,0.392975,0.0377929
6664,0.443793,0.116813
6665,0.36481,0.100615
6666,0.370691,0.115759
6667,0.370691,0.115759
6668,0.370691,0.115759
6669,0.440016,0.110775
6670,0.329558,0.128514
6671,0.250364,0.21048
6672,0.294468,0.187133
6673,0.290707,0.191345
6674,0.294831,0.170655
6675,0.294831,0.170655
6676,0.269914,0.160459
6677,0.287022,0.140017
6678,0.257287,0.0895634
6679,0.25352,0.0566241
6680,0.221557,0.119335
6681,0.221557,0.119335
6682,0.195312,0.144853
6683,0.173788,0.177721
6684,0.150348,0.14279
6685,0.208524,0.176474
6686,0.187156,0.106742
6687,0.165486,0.230579
6688,0.164049,0.232961
6689,0.164049,0.232961
6690,0.164049,0.232961
6691,0.164049,0.232961
6692,0.194312,0.166415
6693,0.194312,0.166415
6694,0.139607,0.198635
6695,0.183484,0.219749
6696,0.183484,0.219749
6697,0.186294,0.157541
6698,0.186294,0.157541
6699,0.186294,0.157541
6700,0.191595,0.0974826
6701,0.147109,0.0990824
6702,0.162854,0.053705
6703,0.0911132,0.0611775
6704,0.0911132,0.0611775
6705,0.108195,0.0660988
6706,0.0511432,0.0511576
6707,0.0511432,0.0511576
6708,0.0511432,0.0511576
6709,0.0511432,0.0511576
6710,0.0511432,0.0511576
6711,0.0511432,0.0511576
6712,0.071236,0.0527209
6713,0.0815472,0.0282782
6714,0.0649058,0.038834
6715,0.0770186,0.0827249
6716,0.0855671,0.152517
6717,0.0706835,0.200438
6718,0.0814626,0.162056
6719,0.045125,0.121034
6720,0.0660527,0.102013
6721,0.0990417,0.0948935
6722,0.0349002,0.115748
6723,0.0349002,0.115748
6724,0.023337,0.104466
6725,0.0393634,0.108528
6726,0.0241374,0.108106
6727,0.0397168,0.110921
6728,0.0943638,0.0893017
6729,0.0740987,0.125356
6730,0.0740987,0.125356
6731,0.0355736,0.117945
6732,0.0355736,0.117945
6733,0.0425842,0.0808455
6734,0.0425842,0.0808455
6735,0.0629102,0.113035
6736,0.0629102,0.113035
6737,0.0629102,0.113035
6738,0.0711709,0.0614585
6739,0.0711709,0.0614585
6740,0.0511325,0.0629508
6741,0.0788824,0.0803432
6742,0.0903159,0.00997176
6743,0.0975571,0.0324148
6744,0.0592126,0.0334818
6745,0.0617655,0.0351369
6746,0.0702582,0.0856731
6747,0.0483961,0.129529
6748,0.0340908,0.125041
6749,0.0353762,0.128162
6750,0.0353762,0.128162
6751,0.145787,0.0994344
6752,0.226191,0.0507377
6753,0.227554,0.0873548
6754,0.227554,0.0873548
6755,0.321032,0.0472979
6756,0.396989,0.0163938
6757,0.31627,0.103235
6758,0.265156,0.130383
6759,0.304925,0.117691
6760,0.296049,0.12211
6761,0.304812,0.15537
6762,0.304812,0.15537
6763,0.257132,0.0983792
6764,0.289482,0.0846731
6765,0.260805,0.0853554
6766,0.290755,0.0801195
6767,0.361278,0.112625
6768,0.367029,0.155447
6769,0.367029,0.155447
6770,0.330427,0.141198
6771,0.374589,0.137034
6772,0.340999,0.110477
6773,0.317504,0.1012
6774,0.331964,0.105232
6775,0.331964,0.105232
6776,0.249568,0.101333
6777,0.303865,0.117638
6778,0.303865,0.117638
6779,0.263963,0.129507
6780,0.267646,0.122924
6781,0.262586,0.148584
6782,0.293158,0.156748
6783,0.239622,0.147352
6784,0.268034,0.159958
6785,0.22154,0.180918
6786,0.22154,0.180918
6787,0.22154,0.180918
6788,0.226951,0.172188
6789,0.17785,0.204124
6790,0.16382,0.203647
6791,0.16382,0.203647
6792,0.203884,0.179427
6793,0.156444,0.165086
6794,0.117724,0.158887
6795,0.117724,0.158887
6796,0.117724,0.158887
6797,0.117724,0.158887
6798,0.155729,0.11735
6799,0.214367,0.10774
6800,0.17923,0.102104
6801,0.178574,0.12864
6802,0.223722,0.109684
6803,0.20761,0.0537448
6804,0.20761,0.0537448
6805,0.20761,0.0537448
6806,0.228328,0.091135
6807,0.185181,0.123925
6808,0.211237,0.0764859
6809,0.228053,0.10551
6810,0.228053,0.10551
6811,0.228053,0.10551
6812,0.228109,0.0762044
6813,0.216353,0.0721675
6814,0.201171,0.0722785
6815,0.213485,0.103725
6816,0.213485,0.103725
6817,0.149534,0.109242
6818,0.149534,0.109242
6819,0.177912,0.0704194
6820,0.134011,0.0652596
6821,0.178211,0.0538084
6822,0.131544,0.0548251
6823,0.146519,0.0434382
6824,0.146519,0.0434382
6825,0.146519,0.0434382
6826,0.149096,0.0716236
6827,0.161416,0.104763
6828,0.161416,0.104763
6829,0.161416,0.104763
6830,0.161416,0.104763
6831,0.161416,0.104763
6832,0.143524,0.0996712
6833,0.143524,0.0996712
6834,0.157858,0.0606319
6835,0.21896,0.0663266
6836,0.213156,0.0171499
6837,0.193403,0.0341577
6838,0.196065,0.0224973
6839,0.179518,0.0476841
6840,0.23211,0.0509601
6841,0.215634,0.115458
6842,0.203244,0.0794384
6843,0.210829,0.143019
6844,0.210829,0.143019
6845,0.217737,0.175532
6846,0.193117,0.159001
6847,0.193117,0.159001
6848,0.227347,0.103746
6849,0.227347,0.103746
6850,0.233684,0.0961458
6851,0.176549,0.110085
6852,0.176549,0.110085
6853,0.236169,0.125634
6854,0.236169,0.125634
6855,0.184559,0.12172
6856,0.216661,0.0928626
6857,0.260501,0.0912437
6858,0.253587,0.125949
6859,0.232025,0.110791
6860,0.233016,0.112753
6861,0.221129,0.10068
6862,0.17748,0.0977664
6863,0.191153,0.0589107
6864,0.259883,0.0353829
6865,0.227671,0.045338
6866,0.272418,0.0713776
6867,0.247167,0.0279104
6868,0.269155,0.0375809
6869,0.269155,0.0375809
6870,0.297723,0.0472469
6871,0.318383,0.0403695
6872,0.326409,0.0867981
6873,0.328888,0.0889326
6874,0.347317,0.111598
6875,0.302602,0.123584
6876,0.302602,0.123584
6877,0.270816,0.0381139
6878,0.313967,0.118594
6879,0.268682,0.101079
6880,0.255709,0.126729
6881,0.240192,0.11882
6882,0.240192,0.11882
6883,0.191059,0.112304
6884,0.191059,0.112304
6885,0.211208,0.168515
6886,0.231518,0.146576
6887,0.208727,0.116193
6888,0.192698,0.0682774
6889,0.208162,0.0399026
6890,0.178159,0.0691016
6891,0.153903,0.166355
6892,0.173225,0.160938
6893,0.15984,0.208597
6894,0.156194,0.193649
6895,0.179111,0.112393
6896,0.145297,0.131184
6897,0.148652,0.0736809
6898,0.111812,0.096375
6899,0.08396,0.0858555
6900,0.08396,0.0858555
6901,0.107593,0.165538
6902,0.107593,0.165538
6903,0.0721084,0.126862
6904,0.076032,0.154127
6905,0.0730234,0.227902
6906,0.10313,0.190811
6907,0.0979012,0.144053
6908,0.12983,0.213159
6909,0.12983,0.213159
6910,0.0946184,0.146391
6911,0.0659917,0.153871
6912,0.0659917,0.153871
6913,0.0659917,0.153871
6914,0.0982061,0.159861
6915,0.103129,0.168819
6916,0.0596058,0.196214
6917,0.112106,0.227858
6918,0.0814286,0.234484
6919,0.0814286,0.234484
6920,0.0686247,0.228884
6921,0.0822765,0.155967
6922,0.0822765,0.155967
6923,0.0822765,0.155967
6924,0.0447198,0.154219
6925,0.0520409,0.155845
6926,0.0700686,0.186128
6927,0.0358696,0.169121
6928,0.0358696,0.169121
6929,0.103388,0.183769
6930,0.098923,0.17914
6931,0.0877443,0.195129
6932,0.0877443,0.195129
6933,0.0877443,0.195129
6934,0.0654461,0.195376
6935,0.103027,0.205892
6936,0.119331,0.180237
6937,0.0687943,0.195779
6938,0.0760944,0.2224
6939,0.0763444,0.246546
6940,0.0693482,0.25941
6941,0.0693482,0.25941
6942,0.101331,0.236529
6943,0.0958279,0.243619
6944,0.107459,0.246776
6945,0.0323232,0.253085
6946,0.0323232,0.253085
6947,0.0323232,0.253085
6948,0.0323232,0.253085
6949,0.0659058,0.229643
6950,0.120981,0.255628
6951,0.138451,0.286212
6952,0.138451,0.286212
6953,0.125069,0.283825
6954,0.125069,0.283825
6955,0.101983,0.20895
6956,0.0716383,0.195339
6957,0.0716383,0.195339
6958,0.120225,0.155867
6959,0.100099,0.181919
6960,0.100099,0.181919
6961,0.177007,0.164341
6962,0.222524,0.185536
6963,0.222524,0.185536
6964,0.224192,0.165821
6965,0.224192,0.165821
6966,0.224192,0.165821
6967,0.17657,0.184182
6968,0.17657,0.184182
6969,0.206345,0.188474
6970,0.206345,0.188474
6971,0.29595,0.133975
6972,0.275196,0.161013
6973,0.248361,0.182103
6974,0.201756,0.154431
6975,0.220561,0.191333
6976,0.202908,0.153581
6977,0.260044,0.16622
6978,0.208633,0.186812
6979,0.208633,0.186812
6980,0.210563,0.167184
6981,0.140518,0.153114
6982,0.140587,0.137303
6983,0.130126,0.121099
6984,0.129276,0.133596
6985,0.129276,0.133596
6986,0.129276,0.133596
6987,0.109568,0.134813
6988,0.076629,0.123962
6989,0.076629,0.123962
6990,0.076629,0.123962
6991,0.076629,0.123962
6992,0.0757111,0.132888
6993,0.0757111,0.132888
6994,0.0502752,0.105402
6995,0.0851025,0.111998
6996,0.0600671,0.0931932
6997,0.070625,0.100815
6998,0.070625,0.100815
6999,0.070625,0.100815
7000,0.0249598,0.0823021
7001,0.0654619,0.0581599
7002,0.0654619,0.0581599
7003,0.0620145,0.068635
7004,0.0865545,0.0734502
7005,0.070896,0.131758
7006,0.135493,0.0982317
7007,0.0452404,0.0745803
7008,0.0595382,0.0863461
7009,0.125725,0.130869
7010,0.106181,0.109262
7011,0.129896,0.0655031
7012,0.147805,0.0863405
7013,0.126378,0.114642
7014,0.126378,0.114642
7015,0.0898965,0.106682
7016,0.0967259,0.15048
7017,0.0967259,0.15048
7018,0.0845007,0.137475
7019,0.0598977,0.116986
7020,0.0824143,0.114498
7021,0.109105,0.151672
7022,0.109105,0.151672
7023,0.123711,0.133604
7024,0.0912992,0.120722
7025,0.121864,0.095984
7026,0.0935235,0.106587
7027,0.0935235,0.106587
7028,0.108752,0.0975149
7029,0.108752,0.0975149
7030,0.08033,0.10456
7031,0.106006,0.0761669
7032,0.105985,0.0711056
7033,0.084846,0.065422
7034,0.0540263,0.0405547
7035,0.0791492,0.0498623
7036,0.0246546,0.0454025
7037,0.111064,0.0620285
7038,0.117672,0.0521611
7039,0.161475,0.0383207
7040,0.18655,0.0377459
7041,0.205139,0.0419891
7042,0.123468,0.0897431
7043,0.151819,0.0684441
7044,0.151819,0.0684441
7045,0.151819,0.0684441
7046,0.151819,0.0684441
7047,0.151819,0.0684441
7048,0.175257,0.064766
7049,0.134347,0.0518008
7050,0.150947,0.0229003
7051,0.168333,0.022563
7052,0.148073,0.023182
7053,0.15183,0.0433296
7054,0.15183,0.0433296
7055,0.148405,0.0785798
7056,0.148405,0.0785798
7057,0.148405,0.0785798
7058,0.148405,0.0785798
7059,0.148405,0.0785798
7060,0.0831683,0.0308677
7061,0.140419,0.0201679
7062,0.119692,0.0181255
7063,0.155878,0.0172677
7064,0.155878,0.0172677
7065,0.181725,0.0608101
7066,0.161788,0.119114
7067,0.152307,0.0872115
7068,0.144298,0.0488037
7069,0.132179,0.0471696
7070,0.116279,0.0211048
7071,0.153112,0.0405027
7072,0.153112,0.0405027
7073,0.138895,0.0742605
7074,0.136029,0.116385
7075,0.125298,0.0878716
7076,0.125298,0.0878716
7077,0.125298,0.0878716
7078,0.139864,0.0965185
7079,0.139864,0.0965185
7080,0.15729,0.0724851
7081,0.165809,0.0837869
7082,0.165809,0.0837869
7083,0.165809,0.0837869
7084,0.231921,0.0937285
7085,0.203722,0.0870636
7086,0.21696,0.0927099
7087,0.21696,0.0927099
7088,0.215306,0.0406099
7089,0.215306,0.0406099
7090,0.227542,0.0665056
7091,0.232431,0.0568337
7092,0.200493,0.0640567
7093,0.200493,0.0640567
7094,0.220346,0.0209175
7095,0.226579,0.0648767
7096,0.252102,0.0518433
7097,0.252102,0.0518433
7098,0.232174,0.0552505
7099,0.19927,0.0569975
7100,0.235996,0.0478482
7101,0.188547,0.0111327
7102,0.188547,0.0111327
7103,0.237215,0.0150792
7104,0.242756,0.0257192
7105,0.249655,0.0524017
7106,0.212008,0.0412832
7107,0.217466,0.0159725
7108,0.224378,0.0910697
7109,0.198677,0.0886127
7110,0.198677,0.0886127
7111,0.198677,0.0886127
7112,0.245946,0.078992
7113,0.200337,0.0919894
7114,0.200337,0.0919894
7115,0.193358,0.10123
7116,0.169347,0.155252
7117,0.169347,0.155252
7118,0.165263,0.104247
7119,0.165263,0.104247
7120,0.184601,0.073669
7121,0.12503,0.103074
7122,0.0768867,0.0840943
7123,0.0587809,0.105677
7124,0.0475675,0.162317
7125,0.0736032,0.145169
7126,0.0684539,0.104894
7127,0.097507,0.13627
7128,0.0871199,0.212715
7129,0.0726698,0.0739592
7130,0.0795805,0.152796
7131,0.151093,0.166996
7132,0.145075,0.160293
7133,0.145075,0.160293
7134,0.160208,0.169874
7135,0.160208,0.169874
7136,0.134245,0.160718
7137,0.134245,0.160718
7138,0.134245,0.160718
7139,0.164274,0.12486
7140,0.156443,0.0906308
7141,0.156443,0.0906308
7142,0.128201,0.135735
7143,0.104949,0.0596875
7144,0.105599,0.110168
7145,0.123322,0.102332
7146,0.115351,0.170178
7147,0.0939612,0.136045
7148,0.0939612,0.136045
7149,0.0725522,0.147789
7150,0.0875766,0.178789
7151,0.0935951,0.166692
7152,0.0969203,0.145464
7153,0.0969203,0.145464
7154,0.136532,0.139302
7155,0.112058,0.175795
7156,0.148024,0.155994
7157,0.148024,0.155994
7158,0.148024,0.155994
7159,0.148024,0.155994
7160,0.0952595,0.146948
7161,0.0952595,0.146948
7162,0.154577,0.156233
7163,0.158116,0.153345
7164,0.152346,0.154128
7165,0.166353,0.145575
7166,0.157909,0.0716266
7167,0.142088,0.0996142
7168,0.151213,0.105872
7169,0.182819,0.13624
7170,0.1253,0.192071
7171,0.143362,0.218214
7172,0.181851,0.188873
7173,0.188501,0.156868
7174,0.188501,0.156868
7175,0.174393,0.181735
7176,0.167212,0.145456
7177,0.141123,0.159445
7178,0.141123,0.159445
7179,0.118458,0.131425
7180,0.144108,0.155963
7181,0.10236,0.156787
7182,0.131677,0.166171
7183,0.136806,0.149564
7184,0.0961763,0.146513
7185,0.135252,0.0950435
7186,0.183677,0.0881705
7187,0.1509,0.0866568
7188,0.1509,0.0866568
7189,0.097014,0.0998518
7190,0.043883,0.158159
7191,0.0318153,0.143158
7192,0.0315466,0.197194
7193,0.0643494,0.18624
7194,0.0125541,0.163729
7195,0.0505997,0.144445
7196,0.0505997,0.144445
7197,0.0457557,0.146053
7198,0.0457557,0.146053
7199,0.0634674,0.121323
7200,0.0930973,0.161821
7201,0.133797,0.20838
7202,0.17858,0.204375
7203,0.17858,0.204375
7204,0.164981,0.179734
7205,0.154045,0.15035
7206,0.130218,0.152696
7207,0.130218,0.152696
7208,0.117143,0.176994
7209,0.0887806,0.160037
7210,0.0859874,0.184826
7211,0.0859874,0.184826
7212,0.0955728,0.118153
7213,0.0955728,0.118153
7214,0.0843895,0.0952554
7215,0.121955,0.127979
7216,0.121955,0.127979
7217,0.0852848,0.0921517
7218,0.101559,0.135125
7219,0.101559,0.135125
7220,0.101559,0.135125
7221,0.107601,0.139269
7222,0.166825,0.176404
7223,0.11438,0.179656
7224,0.131542,0.228489
7225,0.131542,0.228489
7226,0.101543,0.220682
7227,0.113406,0.193501
7228,0.129645,0.296121
7229,0.14065,0.229584
7230,0.208928,0.225441
7231,0.219393,0.219524
7232,0.238796,0.233903
7233,0.238796,0.233903
7234,0.260497,0.256542
7235,0.22405,0.229901
7236,0.214752,0.238447
7237,0.214752,0.238447
7238,0.169602,0.264092
7239,0.19449,0.324738
7240,0.17778,0.25751
7241,0.195867,0.327971
7242,0.187383,0.27707
7243,0.19584,0.249118
7244,0.190056,0.180671
7245,0.190056,0.180671
7246,0.190056,0.180671
7247,0.23372,0.172221
7248,0.268638,0.239222
7249,0.232103,0.243509
7250,0.200887,0.206222
7251,0.196677,0.172854
7252,0.256945,0.223849
7253,0.256945,0.223849
7254,0.18701,0.25792
7255,0.181442,0.267322
7256,0.159003,0.240659
7257,0.190885,0.274257
7258,0.134975,0.27512
7259,0.0570727,0.255709
7260,0.0397004,0.29025
7261,0.0820077,0.292406
7262,0.141884,0.322336
7263,0.137145,0.273473
7264,0.186689,0.268822
7265,0.186689,0.268822
7266,0.186689,0.268822
7267,0.0901168,0.289072
7268,0.140303,0.226362
7269,0.140303,0.226362
7270,0.140303,0.226362
7271,0.0958966,0.292301
7272,0.0636035,0.262613
7273,0.0636035,0.262613
7274,0.0576294,0.303819
7275,0.0576294,0.303819
7276,0.052261,0.293888
7277,0.052261,0.293888
7278,0.0749149,0.277081
7279,0.0749149,0.277081
7280,0.0398825,0.308942
7281,0.102237,0.292129
7282,0.0996507,0.344474
7283,0.169022,0.304528
7284,0.150771,0.288154
7285,0.158363,0.26126
7286,0.138119,0.214201
7287,0.0880384,0.194374
7288,0.114688,0.210459
7289,0.114688,0.210459
7290,0.0629689,0.286093
7291,0.0629689,0.286093
7292,0.0629689,0.286093
7293,0.133486,0.275201
7294,0.125768,0.26588
7295,0.125768,0.26588
7296,0.158211,0.158665
7297,0.130721,0.205317
7298,0.0851904,0.17125
7299,0.152366,0.194527
7300,0.152366,0.194527
7301,0.201631,0.163314
7302,0.160971,0.177845
7303,0.168448,0.170536
7304,0.195654,0.204199
7305,0.195654,0.204199
7306,0.25285,0.226292
7307,0.25285,0.226292
7308,0.223087,0.271382
7309,0.185157,0.30501
7310,0.161312,0.241036
7311,0.161312,0.241036
7312,0.203129,0.210137
7313,0.156049,0.19501
7314,0.1239,0.1954
7315,0.225605,0.256818
7316,0.225605,0.256818
7317,0.217141,0.244721
7318,0.210587,0.228599
7319,0.179954,0.249005
7320,0.179954,0.249005
7321,0.173119,0.234782
7322,0.173119,0.234782
7323,0.173119,0.234782
7324,0.165946,0.246298
7325,0.165946,0.246298
7326,0.109652,0.198458
7327,0.130925,0.189047
7328,0.0893656,0.192105
7329,0.141457,0.168241
7330,0.163805,0.169204
7331,0.178977,0.187032
7332,0.140628,0.174371
7333,0.208205,0.152615
7334,0.225515,0.14012
7335,0.191943,0.206802
7336,0.158958,0.169453
7337,0.158958,0.169453
7338,0.163806,0.107464
7339,0.123491,0.0809908
7340,0.129779,0.100507
7341,0.0638582,0.0629452
7342,0.0730572,0.0610013
7343,0.0370968,0.100758
7344,0.0282382,0.129038
7345,0.0804831,0.0637759
7346,0.0826734,0.0792141
7347,0.0758324,0.138686
7348,0.0758324,0.138686
7349,0.0758858,0.165844
7350,0.139568,0.134698
7351,0.139568,0.134698
7352,0.15637,0.139251
7353,0.144526,0.19182
7354,0.138881,0.193393
7355,0.138881,0.193393
7356,0.138881,0.193393
7357,0.167112,0.141569
7358,0.167112,0.141569
7359,0.167112,0.141569
7360,0.177737,0.0971475
7361,0.177737,0.0971475
7362,0.153612,0.10831
7363,0.0967902,0.119492
7364,0.106893,0.159285
7365,0.0808659,0.127669
7366,0.0775102,0.0992351
7367,0.0775102,0.0992351
7368,0.0775102,0.0992351
7369,0.0756259,0.122038
7370,0.127677,0.114913
7371,0.130711,0.0878496
7372,0.126834,0.127842
7373,0.137867,0.109329
7374,0.137867,0.109329
7375,0.137867,0.109329
7376,0.137867,0.109329
7377,0.108731,0.120141
7378,0.1133,0.183258
7379,0.142419,0.168082
7380,0.142419,0.168082
7381,0.142419,0.168082
7382,0.139153,0.132993
7383,0.147687,0.160631
7384,0.149919,0.0990138
7385,0.144286,0.126854
7386,0.156872,0.19096
7387,0.17585,0.115767
7388,0.20703,0.124933
7389,0.283267,0.100299
7390,0.275952,0.106708
7391,0.25574,0.102767
7392,0.291126,0.0666338
7393,0.31658,0.0491588
7394,0.302249,0.0754484
7395,0.292775,0.0840455
7396,0.271815,0.082705
7397,0.271815,0.082705
7398,0.297464,0.115532
7399,0.254239,0.129378
7400,0.285339,0.143527
7401,0.228196,0.119122
7402,0.228196,0.119122
7403,0.166014,0.156708
7404,0.166014,0.156708
7405,0.176754,0.145131
7406,0.165149,0.138703
7407,0.165149,0.138703
7408,0.222452,0.122879
7409,0.210421,0.103576
7410,0.204622,0.0967445
7411,0.10441,0.0877302
7412,0.17811,0.0574274
7413,0.219171,0.0576083
7414,0.297018,0.018556
7415,0.297018,0.018556
7416,0.272055,0.0362858
7417,0.272055,0.0362858
7418,0.272055,0.0362858
7419,0.259384,0.041132
7420,0.270545,0.0280167
7421,0.270545,0.0280167
7422,0.270545,0.0280167
7423,0.282701,0.0445422
7424,0.262242,0.00698449
7425,0.281107,0.0200999
7426,0.251031,0.0203837
7427,0.251031,0.0203837
7428,0.233024,0.0400126
7429,0.256094,0.0223281
7430,0.243496,0.0406853
7431,0.278747,0.0316642
7432,0.230819,0.0791994
7433,0.210251,0.0732105
7434,0.21465,0.0381378
7435,0.301907,0.0443413
7436,0.301907,0.0443413
7437,0.27612,0.0133769
7438,0.27612,0.0133769
7439,0.299882,0.0374765
7440,0.274893,0.0747494
7441,0.274893,0.0747494
7442,0.245547,0.102812
7443,0.224144,0.0688258
7444,0.248171,0.064019
7445,0.248171,0.064019
7446,0.248171,0.064019
7447,0.248171,0.064019
7448,0.239171,0.0524983
7449,0.288014,0.120768
7450,0.288014,0.120768
7451,0.326894,0.0519013
7452,0.338339,0.0703724
7453,0.410632,0.0662412
7454,0.312561,0.0767896
7455,0.276217,0.0941018
7456,0.321942,0.107771
7457,0.324893,0.156163
7458,0.283392,0.180047
7459,0.310483,0.1506
7460,0.283959,0.216254
7461,0.286789,0.197134
7462,0.286789,0.197134
7463,0.286789,0.197134
7464,0.274431,0.256072
7465,0.168174,0.343874
7466,0.168174,0.343874
7467,0.168174,0.343874
7468,0.17469,0.320428
7469,0.229505,0.300475
7470,0.21325,0.386228
7471,0.202096,0.37225
7472,0.167564,0.416349
7473,0.154865,0.305201
7474,0.200722,0.251609
7475,0.168273,0.305844
7476,0.162859,0.249147
7477,0.177824,0.294776
7478,0.167351,0.290507
7479,0.183442,0.273534
7480,0.183997,0.348336
7481,0.16401,0.427293
7482,0.16401,0.427293
7483,0.16401,0.427293
7484,0.163014,0.394978
7485,0.163014,0.394978
7486,0.141379,0.34352
7487,0.118374,0.379102
7488,0.0967534,0.365656
7489,0.0944558,0.330636
7490,0.0944558,0.330636
7491,0.0334086,0.354198
7492,0.0334086,0.354198
7493,0.131796,0.363715
7494,0.123633,0.289029
7495,0.13224,0.245312
7496,0.13224,0.245312
7497,0.13199,0.233802
7498,0.13199,0.233802
7499,0.122144,0.257201
7500,0.145193,0.336655
7501,0.163975,0.355727
7502,0.174633,0.307929
7503,0.151591,0.275998
7504,0.196919,0.303044
7505,0.15594,0.382556
7506,0.222836,0.374508
7507,0.222733,0.339503
7508,0.279737,0.346286
7509,0.285217,0.374021
7510,0.36862,0.301799
7511,0.36862,0.301799
7512,0.326354,0.213455
7513,0.326377,0.259874
7514,0.331205,0.221711
7515,0.328439,0.136384
7516,0.25163,0.180383
7517,0.298879,0.226096
7518,0.258167,0.182835
7519,0.250055,0.202133
7520,0.250055,0.202133
7521,0.180293,0.192118
7522,0.140028,0.209975
7523,0.191122,0.230319
7524,0.180988,0.239155
7525,0.204279,0.21671
7526,0.196075,0.192893
7527,0.196075,0.192893
7528,0.172933,0.233169
7529,0.173649,0.264306
7530,0.17001,0.233262
7531,0.226357,0.24573
7532,0.260267,0.200797
7533,0.260267,0.200797
7534,0.205037,0.232508
7535,0.210612,0.208284
7536,0.200223,0.137252
7537,0.222638,0.219566
7538,0.216161,0.191623
7539,0.216161,0.191623
7540,0.201306,0.221803
7541,0.212251,0.18499
7542,0.245148,0.213754
7543,0.239314,0.195946
7544,0.183955,0.192982
7545,0.201852,0.242274
7546,0.228435,0.249291
7547,0.228435,0.249291
7548,0.233878,0.22955
7549,0.301123,0.26896
7550,0.20864,0.253769
7551,0.228506,0.227989
7552,0.201951,0.253825
7553,0.201951,0.253825
7554,0.247567,0.201547
7555,0.247567,0.201547
7556,0.184344,0.225881
7557,0.223631,0.327363
7558,0.213925,0.261871
7559,0.213925,0.261871
7560,0.171724,0.249116
7561,0.211147,0.225056
7562,0.211147,0.225056
7563,0.205416,0.207719
7564,0.205416,0.207719
7565,0.205416,0.207719
7566,0.245654,0.230211
7567,0.245654,0.230211
7568,0.170656,0.304534
7569,0.307674,0.300561
7570,0.255989,0.330912
7571,0.189753,0.359944
7572,0.232815,0.474927
7573,0.186827,0.438433
7574,0.186827,0.438433
7575,0.186827,0.438433
7576,0.18236,0.409263
7577,0.262892,0.362988
7578,0.272665,0.337413
7579,0.308071,0.36207
7580,0.316314,0.361003
7581,0.30812,0.343372
7582,0.30812,0.343372
7583,0.363632,0.315953
7584,0.336431,0.347264
7585,0.253272,0.359665
7586,0.332501,0.387674
7587,0.332501,0.387674
7588,0.36206,0.324493
7589,0.36206,0.324493
7590,0.36206,0.324493
7591,0.36206,0.324493
7592,0.319649,0.308637
7593,0.304572,0.33572
7594,0.411048,0.348083
7595,0.307,0.349038
7596,0.287627,0.3593
7597,0.346379,0.296371
7598,0.325609,0.307852
7599,0.325609,0.307852
7600,0.340072,0.289325
7601,0.323514,0.311394
7602,0.361773,0.252904
7603,0.405515,0.249329
7604,0.326281,0.279686
7605,0.326281,0.279686
7606,0.326281,0.279686
7607,0.329881,0.247457
7608,0.3242,0.20993
7609,0.3242,0.20993
7610,0.3242,0.20993
7611,0.3242,0.20993
7612,0.297694,0.215012
7613,0.312037,0.191251
7614,0.256392,0.219357
7615,0.21798,0.168769
7616,0.21798,0.168769
7617,0.190934,0.171705
7618,0.246956,0.152627
7619,0.216252,0.169788
7620,0.225058,0.156699
7621,0.260124,0.115062
7622,0.227706,0.161705
7623,0.191298,0.135823
7624,0.267508,0.161974
7625,0.246168,0.140836
7626,0.171724,0.179734
7627,0.207993,0.15444
7628,0.239712,0.16811
7629,0.166817,0.20846
7630,0.175335,0.178544
7631,0.170927,0.178583
7632,0.170927,0.178583
7633,0.206144,0.188212
7634,0.206144,0.188212
7635,0.219131,0.15115
7636,0.230935,0.187341
7637,0.285252,0.204434
7638,0.256621,0.224707
7639,0.256621,0.224707
7640,0.278728,0.26451
7641,0.243286,0.235811
7642,0.245159,0.240385
7643,0.245159,0.240385
7644,0.269772,0.274356
7645,0.35708,0.262825
7646,0.322409,0.298588
7647,0.287911,0.323633
7648,0.279828,0.346207
7649,0.271748,0.280737
7650,0.271748,0.280737
7651,0.293327,0.204309
7652,0.293327,0.204309
7653,0.217853,0.198221
7654,0.217853,0.198221
7655,0.316597,0.223025
7656,0.316597,0.223025
7657,0.244825,0.230815
7658,0.244825,0.230815
7659,0.205759,0.243722
7660,0.177572,0.21506
7661,0.218976,0.221027
7662,0.248031,0.210504
7663,0.140604,0.254866
7664,0.160038,0.283198
7665,0.134321,0.293694
7666,0.138649,0.341805
7667,0.263536,0.282571
7668,0.179247,0.260016
7669,0.185731,0.234532
7670,0.185731,0.234532
7671,0.177936,0.230123
7672,0.10564,0.242243
7673,0.0848802,0.255597
7674,0.0848802,0.255597
7675,0.067359,0.241426
7676,0.0735485,0.285925
7677,0.0936953,0.279168
7678,0.0936953,0.279168
7679,0.0835362,0.241816
7680,0.0463725,0.236282
7681,0.0576242,0.204711
7682,0.0576242,0.204711
7683,0.0449186,0.226008
7684,0.0383819,0.207563
7685,0.0706314,0.188214
7686,0.061575,0.181192
7687,0.118369,0.154128
7688,0.057173,0.202716
7689,0.057173,0.202716
7690,0.110082,0.25742
7691,0.110082,0.25742
7692,0.108464,0.232209
7693,0.106878,0.222601
7694,0.0865652,0.224269
7695,0.0698561,0.17062
7696,0.107092,0.175533
7697,0.107092,0.175533
7698,0.107092,0.175533
7699,0.117936,0.125912
7700,0.117936,0.125912
7701,0.163762,0.0905361
7702,0.163762,0.0905361
7703,0.121825,0.0976498
7704,0.109037,0.0689449
7705,0.109037,0.0689449
7706,0.109037,0.0689449
7707,0.122092,0.11298
7708,0.0937303,0.0593677
7709,0.0937303,0.0593677
7710,0.107776,0.0527004
7711,0.107776,0.0527004
7712,0.104193,0.0490517
7713,0.120314,0.0602233
7714,0.120314,0.0602233
7715,0.120314,0.0602233
7716,0.146679,0.0680342
7717,0.146679,0.0680342
7718,0.159303,0.0675663
7719,0.0987221,0.0439843
7720,0.0987221,0.0439843
7721,0.155291,0.0751363
7722,0.154011,0.095907
7723,0.12008,0.124138
7724,0.12008,0.124138
7725,0.12008,0.124138
7726,0.0956428,0.160026
7727,0.109947,0.0964566
7728,0.127742,0.118529
7729,0.0931324,0.0808949
7730,0.0931324,0.0808949
7731,0.120851,0.1078
7732,0.120851,0.1078
7733,0.100365,0.0678534
7734,0.143565,0.056051
7735,0.0900255,0.1216
7736,0.0755508,0.0618917
7737,0.108991,0.126852
7738,0.067138,0.100855
7739,0.067138,0.100855
7740,0.112916,0.0674999
7741,0.0939433,0.110871
7742,0.116353,0.105839
7743,0.0638053,0.0542163
7744,0.0507208,0.053757
7745,0.0844462,0.0707658
7746,0.0762697,0.0533942
7747,0.0762697,0.0533942
7748,0.0762697,0.0533942
7749,0.0482891,0.0690597
7750,0.0405058,0.110538
7751,0.0405058,0.110538
7752,0.0405058,0.110538
7753,0.0343794,0.0629924
7754,0.0343794,0.0629924
7755,0.0343794,0.0629924
7756,0.0237534,0.133082
7757,0.0063366,0.193136
7758,0.0602739,0.236692
7759,0.0334597,0.16797
7760,0.0696168,0.173673
7761,0.0580142,0.205774
7762,0.0580142,0.205774
7763,0.0680605,0.243099
7764,0.155295,0.197563
7765,0.137231,0.186911
7766,0.181642,0.176453
7767,0.181642,0.176453
7768,0.159429,0.289907
7769,0.158824,0.246504
7770,0.158824,0.246504
7771,0.123016,0.184122
7772,0.127105,0.204526
7773,0.136836,0.208494
7774,0.162297,0.146828
7775,0.178658,0.0981701
7776,0.225953,0.0834824
7777,0.240078,0.077902
7778,0.293907,0.105266
7779,0.276774,0.0738587
7780,0.319293,0.110559
7781,0.372399,0.0980605
7782,0.33338,0.124283
7783,0.338344,0.0766686
7784,0.297044,0.103122
7785,0.297044,0.103122
7786,0.297044,0.103122
7787,0.365621,0.0642051
7788,0.3533,0.0843465
7789,0.334114,0.0786189
7790,0.310101,0.0890097
7791,0.317363,0.132723
7792,0.317363,0.132723
7793,0.317363,0.132723
7794,0.317363,0.132723
7795,0.308539,0.174028
7796,0.309704,0.204694
7797,0.278217,0.266557
7798,0.250477,0.301707
7799,0.197709,0.242417
7800,0.219753,0.21123
7801,0.213766,0.19078
7802,0.255716,0.254905
7803,0.255716,0.254905
7804,0.255716,0.254905
7805,0.273517,0.184078
7806,0.294706,0.191468
7807,0.233516,0.163955
7808,0.240899,0.0615129
7809,0.296555,0.079243
7810,0.300493,0.148955
7811,0.300493,0.148955
7812,0.250629,0.144295
7813,0.250629,0.144295
7814,0.280751,0.063036
7815,0.268484,0.0388465
7816,0.279801,0.109157
7817,0.260193,0.169056
7818,0.260193,0.169056
7819,0.287532,0.145921
7820,0.331767,0.1271
7821,0.312526,0.166449
7822,0.328251,0.23637
7823,0.309421,0.209026
7824,0.392067,0.119572
7825,0.392067,0.119572
7826,0.374645,0.149347
7827,0.304291,0.132356
7828,0.304291,0.132356
7829,0.304521,0.22182
7830,0.35042,0.190395
7831,0.337498,0.156491
7832,0.326157,0.118949
7833,0.237907,0.11429
7834,0.212104,0.14788
7835,0.212593,0.0890964
7836,0.193054,0.0681382
7837,0.240199,0.05047
7838,0.266373,0.0452633
7839,0.300654,0.0176814
7840,0.304736,0.0595137
7841,0.304736,0.0595137
7842,0.356111,0.0273061
7843,0.321358,0.0324167
7844,0.321358,0.0324167
7845,0.373278,0.022317
7846,0.444869,0.0309924
7847,0.404262,0.0461753
7848,0.350167,0.0389344
7849,0.350167,0.0389344
7850,0.350167,0.0389344
7851,0.345865,0.0181313
7852,0.332338,0.0704749
7853,0.346404,0.0743375
7854,0.338769,0.0562153
7855,0.361421,0.0654295
7856,0.438829,0.070954
7857,0.416792,0.0923416
7858,0.377353,0.0961097
7859,0.354342,0.134125
7860,0.34264,0.125437
7861,0.337607,0.155098
7862,0.345578,0.133211
7863,0.389755,0.100919
7864,0.413052,0.147171
7865,0.302348,0.155139
7866,0.284229,0.134865
7867,0.307646,0.171317
7868,0.266023,0.142058
7869,0.271081,0.160917
7870,0.314718,0.141504
7871,0.334904,0.207295
7872,0.273371,0.235862
7873,0.262924,0.255012
7874,0.262924,0.255012
7875,0.280162,0.230013
7876,0.224376,0.261797
7877,0.179944,0.266591
7878,0.216409,0.309318
7879,0.216409,0.309318
7880,0.260521,0.223556
7881,0.236281,0.250652
7882,0.256894,0.223373
7883,0.256894,0.223373
7884,0.256894,0.223373
7885,0.274363,0.205042
7886,0.274363,0.205042
7887,0.219609,0.193497
7888,0.193132,0.280006
7889,0.19766,0.237992
7890,0.19766,0.237992
7891,0.211297,0.274778
7892,0.138337,0.281774
7893,0.168018,0.317772
7894,0.189793,0.267323
7895,0.20902,0.250427
7896,0.204082,0.25527
7897,0.209244,0.277827
7898,0.204827,0.29466
7899,0.152186,0.298898
7900,0.162584,0.287746
7901,0.138644,0.247815
7902,0.136109,0.158287
7903,0.160379,0.147282
7904,0.148475,0.168414
7905,0.190817,0.175266
7906,0.190817,0.175266
7907,0.20554,0.175414
7908,0.204773,0.155989
7909,0.167869,0.130219
7910,0.221741,0.111033
7911,0.210826,0.0626637
7912,0.172035,0.0647913
7913,0.228648,0.0663746
7914,0.166245,0.10832
7915,0.174408,0.0611465
7916,0.143438,0.0797416
7917,0.143438,0.0797416
7918,0.167186,0.0925591
7919,0.167186,0.0925591
7920,0.167341,0.115688
7921,0.167341,0.115688
7922,0.188265,0.128462
7923,0.159388,0.10345
7924,0.159388,0.10345
7925,0.140235,0.140932
7926,0.160233,0.18507
7927,0.155554,0.147241
7928,0.124328,0.151193
7929,0.216871,0.120571
7930,0.218642,0.183886
7931,0.259743,0.181339
7932,0.260519,0.154767
7933,0.260519,0.154767
7934,0.30132,0.21482
7935,0.267829,0.149207
7936,0.267829,0.149207
7937,0.267829,0.149207
7938,0.230883,0.159624
7939,0.254002,0.122455
7940,0.279607,0.1525
7941,0.260396,0.169881
7942,0.318278,0.163685
7943,0.364619,0.118873
7944,0.314799,0.141874
7945,0.309802,0.117368
7946,0.250494,0.146943
7947,0.242234,0.152738
7948,0.271703,0.134153
7949,0.256837,0.142084
7950,0.278887,0.178526
7951,0.359372,0.148612
7952,0.311357,0.1623
7953,0.281045,0.193559
7954,0.284267,0.199477
7955,0.278235,0.194005
7956,0.278235,0.194005
7957,0.222715,0.172424
7958,0.238887,0.149514
7959,0.238887,0.149514
7960,0.200966,0.148991
7961,0.208351,0.129233
7962,0.250192,0.142337
7963,0.239252,0.176499
7964,0.243449,0.197477
7965,0.270625,0.271581
7966,0.233438,0.308172
7967,0.233438,0.308172
7968,0.247736,0.269295
7969,0.247736,0.269295
7970,0.247736,0.269295
7971,0.2968,0.283738
7972,0.316117,0.26084
7973,0.286129,0.279963
7974,0.279719,0.307278
7975,0.320471,0.277846
7976,0.36758,0.335363
7977,0.418906,0.273904
7978,0.428988,0.194019
7979,0.474716,0.255738
7980,0.420823,0.281934
7981,0.39806,0.273402
7982,0.412491,0.247352
7983,0.429282,0.203418
7984,0.416756,0.24131
7985,0.411616,0.19374
7986,0.325491,0.188133
7987,0.332124,0.211884
7988,0.332124,0.211884
7989,0.351608,0.201601
7990,0.305164,0.189263
7991,0.260887,0.259617
7992,0.260887,0.259617
7993,0.266023,0.264884
7994,0.275234,0.264072
7995,0.237373,0.238569
7996,0.256143,0.227949
7997,0.256143,0.227949
7998,0.244554,0.180793
7999,0.215383,0.264331
8000,0.215383,0.264331
8001,0.235089,0.333884
8002,0.235089,0.333884
8003,0.235089,0.333884
8004,0.207834,0.319239
8005,0.207834,0.319239
8006,0.207834,0.319239
8007,0.16639,0.331811
8008,0.18968,0.335913
8009,0.193789,0.385807
8010,0.21899,0.273271
8011,0.158448,0.252187
8012,0.197692,0.382457
8013,0.1142,0.486281
8014,0.179953,0.434153
8015,0.204389,0.438677
8016,0.123109,0.494598
8017,0.122063,0.475006
8018,0.139008,0.402929
8019,0.18398,0.422783
8020,0.18398,0.422783
8021,0.143385,0.448974
8022,0.148727,0.46648
8023,0.1694,0.419617
8024,0.1694,0.419617
8025,0.159232,0.422239
8026,0.116498,0.466744
8027,0.0739508,0.415128
8028,0.0739508,0.415128
8029,0.116117,0.380633
8030,0.116117,0.380633
8031,0.106625,0.409765
8032,0.148442,0.354788
8033,0.150903,0.346087
8034,0.208576,0.35847
8035,0.155843,0.33145
8036,0.119554,0.345738
8037,0.154465,0.315243
8038,0.154393,0.334672
8039,0.170984,0.354639
8040,0.126539,0.341355
8041,0.109239,0.277082
8042,0.0739871,0.300567
8043,0.0659935,0.301948
8044,0.0659935,0.301948
8045,0.0878947,0.32652
8046,0.0878947,0.32652
8047,0.0516756,0.310997
8048,0.0915185,0.344369
8049,0.145108,0.328487
8050,0.123163,0.295329
8051,0.0948633,0.291779
8052,0.0500626,0.325388
8053,0.101568,0.393626
8054,0.101568,0.393626
8055,0.118287,0.471493
8056,0.118287,0.471493
8057,0.118287,0.471493
8058,0.0653133,0.435745
8059,0.0735721,0.319325
8060,0.133023,0.38453
8061,0.133023,0.38453
8062,0.0773882,0.344414
8063,0.0469909,0.394402
8064,0.0501554,0.319084
8065,0.0559032,0.349395
8066,0.0559032,0.349395
8067,0.0559032,0.349395
8068,0.0291938,0.412968
8069,0.0102596,0.46678
8070,0.0365932,0.422667
8071,0.0365932,0.422667
8072,0.0674987,0.433872
8073,0.0212131,0.352649
8074,0.00722042,0.370241
8075,0.0340554,0.400274
8076,0.0256801,0.436845
8077,0.0387633,0.337584
8078,0.0387633,0.337584
8079,0.0637192,0.430235
8080,0.0630292,0.343766
8081,0.103343,0.265774
8082,0.119703,0.228559
8083,0.097174,0.241485
8084,0.0832724,0.319314
8085,0.0924886,0.267141
8086,0.0637682,0.325411
8087,0.121645,0.293202
8088,0.0365326,0.312922
8089,0.0816772,0.338246
8090,0.0816772,0.338246
8091,0.0638141,0.340545
8092,0.074103,0.354525
8093,0.0271976,0.296408
8094,0.0556449,0.299505
8095,0.025458,0.2886
8096,0.0807589,0.316461
8097,0.0841768,0.316653
8098,0.139691,0.225533
8099,0.147937,0.231141
8100,0.182427,0.205559
8101,0.133639,0.246791
8102,0.133639,0.246791
8103,0.137292,0.262244
8104,0.120386,0.25424
8105,0.0855057,0.22312
8106,0.0980925,0.288191
8107,0.0980925,0.288191
8108,0.109002,0.309123
8109,0.123453,0.291749
8110,0.106314,0.266945
8111,0.0678305,0.287582
8112,0.0596068,0.289817
8113,0.112023,0.259164
8114,0.0998084,0.231533
8115,0.0758604,0.250862
8116,0.0758604,0.250862
8117,0.0758604,0.250862
8118,0.0458147,0.234133
8119,0.0158864,0.266231
8120,0.0542904,0.31169
8121,0.0477317,0.221869
8122,0.0477317,0.221869
8123,0.0552561,0.197338
8124,0.0249059,0.23097
8125,0.0298569,0.241141
8126,0.0298569,0.241141
8127,0.0450417,0.260378
8128,0.0583954,0.213972
8129,0.0725415,0.214121
8130,0.023054,0.233613
8131,0.0241603,0.228883
8132,0.0167596,0.28566
8133,0.0329497,0.308088
8134,0.0334149,0.318767
8135,0.0277065,0.231318
8136,0.0077357,0.195504
8137,0.0581612,0.197242
8138,0.00084654,0.177951
8139,0.0665847,0.222387
8140,0.0665847,0.222387
8141,0.0247545,0.273984
8142,0.0247545,0.273984
8143,0.0470034,0.23438
8144,0.0159307,0.220518
8145,0.0139791,0.230564
8146,0.0383157,0.268473
8147,0.0383157,0.268473
8148,0.0325745,0.279361
8149,0.0486054,0.299452
8150,0.0360923,0.254262
8151,0.0548585,0.223432
8152,0.0446433,0.334155
8153,0.0446433,0.334155
8154,0.067711,0.292514
8155,0.104198,0.285236
8156,0.0912074,0.290531
8157,0.105604,0.329095
8158,0.0684309,0.357297
8159,0.0884604,0.334645
8160,0.128443,0.302404
8161,0.150977,0.376275
8162,0.150977,0.376275
8163,0.150977,0.376275
8164,0.130946,0.377935
8165,0.103462,0.452624
8166,0.124683,0.374648
8167,0.120816,0.366576
8168,0.127492,0.336242
8169,0.115553,0.430232
8170,0.115553,0.430232
8171,0.0935434,0.381193
8172,0.0540045,0.46589
8173,0.0802358,0.374233
8174,0.0802358,0.374233
8175,0.0714657,0.31226
8176,0.0605159,0.354144
8177,0.0958761,0.359712
8178,0.0958761,0.359712
8179,0.0958761,0.359712
8180,0.0765574,0.433929
8181,0.107608,0.317702
8182,0.0986087,0.356965
8183,0.0986087,0.356965
8184,0.0986087,0.356965
8185,0.13104,0.315999
8186,0.13104,0.315999
8187,0.13104,0.315999
8188,0.13104,0.315999
8189,0.0926385,0.309737
8190,0.0926385,0.309737
8191,0.113633,0.287796
8192,0.142062,0.292222
8193,0.0769304,0.257716
8194,0.0994362,0.221338
8195,0.0996641,0.136557
8196,0.0708249,0.20863
8197,0.130975,0.231099
8198,0.135803,0.197815
8199,0.125276,0.196263
8200,0.15259,0.247466
8201,0.103524,0.242567
8202,0.103524,0.242567
8203,0.103524,0.242567
8204,0.100821,0.207942
8205,0.193937,0.245349
8206,0.189377,0.234905
8207,0.13027,0.210792
8208,0.0921748,0.289558
8209,0.143143,0.22438
8210,0.117878,0.241146
8211,0.15732,0.188689
8212,0.15732,0.188689
8213,0.128519,0.146595
8214,0.101212,0.195678
8215,0.112933,0.228921
8216,0.101651,0.238
8217,0.0116367,0.196375
8218,0.0635988,0.189386
8219,0.0286829,0.184013
8220,0.115002,0.146065
8221,0.0762151,0.186068
8222,0.05816,0.219203
8223,0.0614954,0.217759
8224,0.0332604,0.178704
8225,0.0948335,0.222357
8226,0.123244,0.233755
8227,0.123244,0.233755
8228,0.134432,0.212923
8229,0.112734,0.225605
8230,0.120379,0.215748
8231,0.120379,0.215748
8232,0.120379,0.215748
8233,0.0936131,0.238028
8234,0.0842166,0.231835
8235,0.10012,0.258916
8236,0.0548846,0.26577
8237,0.0380746,0.226558
8238,0.046285,0.235464
8239,0.046285,0.235464
8240,0.108418,0.226143
8241,0.108418,0.226143
8242,0.0942353,0.198719
8243,0.0424191,0.250679
8244,0.0424191,0.250679
8245,0.0424191,0.250679
8246,0.0773274,0.280743
8247,0.0373399,0.313135
8248,0.0457754,0.262083
8249,0.0457754,0.262083
8250,0.0290014,0.27696
8251,0.0290014,0.27696
8252,0.0265655,0.291021
8253,0.0265655,0.291021
8254,0.0565504,0.342588
8255,0.0565504,0.342588
8256,0.0565504,0.342588
8257,0.0409559,0.39113
8258,0.0409559,0.39113
8259,0.065037,0.310407
8260,0.0973167,0.297753
8261,0.143085,0.254964
8262,0.177428,0.230834
8263,0.15945,0.231295
8264,0.172698,0.226513
8265,0.144972,0.166942
8266,0.168801,0.226504
8267,0.12121,0.277292
8268,0.12121,0.277292
8269,0.130674,0.333682
8270,0.163841,0.29653
8271,0.128029,0.27754
8272,0.17739,0.263555
8273,0.142976,0.296206
8274,0.165416,0.364422
8275,0.165416,0.364422
8276,0.159841,0.341254
8277,0.172518,0.313223
8278,0.157016,0.369292
8279,0.161044,0.358936
8280,0.161044,0.358936
8281,0.173364,0.36123
8282,0.173364,0.36123
8283,0.153506,0.267806
8284,0.125014,0.264641
8285,0.175088,0.203826
8286,0.181446,0.161408
8287,0.238443,0.168097
8288,0.204549,0.150281
8289,0.210732,0.0993694
8290,0.19237,0.0751523
8291,0.201466,0.0986181
8292,0.173204,0.0651733
8293,0.236285,0.0546391
8294,0.235829,0.0938211
8295,0.235829,0.0938211
8296,0.235829,0.0938211
8297,0.239256,0.0428055
8298,0.180077,0.0923716
8299,0.215068,0.13639
8300,0.214882,0.167052
8301,0.193099,0.145456
8302,0.245599,0.164371
8303,0.246301,0.138671
8304,0.223677,0.161094
8305,0.20787,0.172462
8306,0.215409,0.130765
8307,0.207958,0.120202
8308,0.207958,0.120202
8309,0.196703,0.0791688
8310,0.176391,0.133814
8311,0.168647,0.157647
8312,0.18209,0.0924359
8313,0.0985308,0.128537
8314,0.142332,0.0661645
8315,0.123848,0.123478
8316,0.123848,0.123478
8317,0.177352,0.0513287
8318,0.188776,0.0441974
8319,0.174857,0.0407095
8320,0.188859,0.013231
8321,0.188859,0.013231
8322,0.148257,0.0317908
8323,0.179356,0.0390873
8324,0.158428,0.0411044
8325,0.126341,0.0271715
8326,0.143921,0.0706057
8327,0.184254,0.023674
8328,0.184254,0.023674
8329,0.212124,0.028795
8330,0.220049,0.0368343
8331,0.253114,0.0269601
8332,0.215866,0.0836659
8333,0.202867,0.084126
8334,0.219187,0.0692985
8335,0.18586,0.115359
8336,0.188696,0.104846
8337,0.188696,0.104846
8338,0.16068,0.119018
8339,0.171873,0.146866
8340,0.176254,0.123081
8341,0.140665,0.105299
8342,0.203728,0.0425193
8343,0.218826,0.0164429
8344,0.2225,0.0156529
8345,0.2225,0.0156529
8346,0.2225,0.0156529
8347,0.2225,0.0156529
8348,0.221352,0.0489581
8349,0.187681,0.112151
8350,0.187681,0.112151
8351,0.187681,0.112151
8352,0.139563,0.135888
8353,0.133692,0.128587
8354,0.140007,0.124706
8355,0.140007,0.124706
8356,0.208365,0.130926
8357,0.208365,0.130926
8358,0.210188,0.105467
8359,0.208551,0.101347
8360,0.208551,0.101347
8361,0.244461,0.0903556
8362,0.244461,0.0903556
8363,0.244461,0.0903556
8364,0.23414,0.100195
8365,0.265449,0.0722651
8366,0.237943,0.0161265
8367,0.237943,0.0161265
8368,0.237943,0.0161265
8369,0.237943,0.0161265
8370,0.237943,0.0161265
8371,0.253491,0.0456224
8372,0.219282,0.0804871
8373,0.191787,0.0792966
8374,0.217275,0.0435124
8375,0.219809,0.0977812
8376,0.204256,0.132251
8377,0.204256,0.132251
8378,0.204256,0.132251
8379,0.156064,0.177424
8380,0.156064,0.177424
8381,0.142329,0.183328
8382,0.120315,0.192577
8383,0.108697,0.162849
8384,0.132004,0.179626
8385,0.181417,0.153141
8386,0.1866,0.152369
8387,0.215751,0.218269
8388,0.228689,0.183743
8389,0.197289,0.216394
8390,0.197289,0.216394
8391,0.214598,0.258162
8392,0.233226,0.253478
8393,0.1989,0.21586
8394,0.17743,0.201314
8395,0.194645,0.192505
8396,0.183021,0.220747
8397,0.234415,0.240373
8398,0.192365,0.257552
8399,0.222191,0.273341
8400,0.213851,0.236774
8401,0.242697,0.247749
8402,0.154365,0.235512
8403,0.154365,0.235512
8404,0.153178,0.187583
8405,0.135515,0.205551
8406,0.164785,0.208725
8407,0.164785,0.208725
8408,0.126785,0.210238
8409,0.111564,0.268075
8410,0.0948382,0.327634
8411,0.138539,0.282575
8412,0.132616,0.334633
8413,0.13866,0.297075
8414,0.13866,0.297075
8415,0.13866,0.297075
8416,0.13866,0.297075
8417,0.13866,0.297075
8418,0.146101,0.271443
8419,0.188046,0.228482
8420,0.192808,0.225146
8421,0.192808,0.225146
8422,0.161748,0.323108
8423,0.219138,0.265764
8424,0.214471,0.229703
8425,0.182012,0.244364
8426,0.231315,0.246953
8427,0.231315,0.246953
8428,0.246443,0.271935
8429,0.246443,0.271935
8430,0.202718,0.295426
8431,0.228582,0.291898
8432,0.255598,0.310137
8433,0.255598,0.310137
8434,0.201296,0.305144
8435,0.234804,0.359839
8436,0.223409,0.373641
8437,0.241236,0.343483
8438,0.241592,0.287892
8439,0.119929,0.362001
8440,0.0687891,0.38579
8441,0.0862037,0.302671
8442,0.116854,0.32257
8443,0.116854,0.32257
8444,0.116854,0.32257
8445,0.116854,0.32257
8446,0.151272,0.369748
8447,0.177139,0.335827
8448,0.0863789,0.409545
8449,0.0999595,0.366312
8450,0.118349,0.305221
8451,0.149157,0.350272
8452,0.185677,0.391026
8453,0.168932,0.358023
8454,0.147421,0.400966
8455,0.147421,0.400966
8456,0.195329,0.429905
8457,0.195329,0.429905
8458,0.244694,0.417348
8459,0.20272,0.408977
8460,0.20272,0.408977
8461,0.269661,0.446975
8462,0.322964,0.392005
8463,0.248931,0.346461
8464,0.305746,0.338379
8465,0.256985,0.307627
8466,0.22486,0.245903
8467,0.242815,0.251641
8468,0.281917,0.26626
8469,0.268559,0.324389
8470,0.278233,0.269358
8471,0.278233,0.269358
8472,0.329921,0.248998
8473,0.230958,0.259673
8474,0.269654,0.238319
8475,0.272221,0.190365
8476,0.272221,0.190365
8477,0.272221,0.190365
8478,0.240391,0.193974
8479,0.253402,0.18502
8480,0.253402,0.18502
8481,0.284016,0.183082
8482,0.311175,0.207321
8483,0.311175,0.207321
8484,0.23821,0.186632
8485,0.243157,0.238597
8486,0.246765,0.206084
8487,0.258298,0.167982
8488,0.254154,0.176033
8489,0.232854,0.130761
8490,0.283107,0.162204
8491,0.282776,0.184066
8492,0.304887,0.177807
8493,0.304887,0.177807
8494,0.243582,0.198423
8495,0.177831,0.209514
8496,0.269027,0.176978
8497,0.269027,0.176978
8498,0.269027,0.176978
8499,0.364667,0.252123
8500,0.364667,0.252123
8501,0.29242,0.240696
8502,0.29242,0.240696
8503,0.29242,0.240696
8504,0.297796,0.22591
8505,0.277696,0.208322
8506,0.235659,0.278044
8507,0.229718,0.272413
8508,0.22954,0.201462
8509,0.203128,0.247739
8510,0.246603,0.253742
8511,0.243787,0.207603
8512,0.260887,0.141462
8513,0.278776,0.180149
8514,0.24941,0.194097
8515,0.279694,0.300946
8516,0.279694,0.300946
8517,0.279694,0.300946
8518,0.241884,0.29415
8519,0.224667,0.309427
8520,0.205153,0.332862
8521,0.205153,0.332862
8522,0.162356,0.279362
8523,0.199831,0.296145
8524,0.205229,0.357441
8525,0.151392,0.329618
8526,0.151392,0.329618
8527,0.156055,0.393526
8528,0.156055,0.393526
8529,0.132437,0.372349
8530,0.132437,0.372349
8531,0.122673,0.395101
8532,0.122673,0.395101
8533,0.139402,0.480301
8534,0.0936408,0.449453
8535,0.143233,0.322323
8536,0.191045,0.33266
8537,0.143848,0.348562
8538,0.0997068,0.331981
8539,0.15711,0.331784
8540,0.108953,0.392887
8541,0.14457,0.427927
8542,0.214199,0.447027
8543,0.155332,0.404302
8544,0.174538,0.431365
8545,0.0957952,0.420774
8546,0.0677958,0.350124
8547,0.0867745,0.279781
8548,0.120476,0.350505
8549,0.133998,0.332854
8550,0.152193,0.272873
8551,0.179566,0.273729
8552,0.18333,0.320481
8553,0.179508,0.297394
8554,0.235204,0.332965
8555,0.235204,0.332965
8556,0.163698,0.281282
8557,0.157796,0.304301
8558,0.155472,0.268371
8559,0.119846,0.284119
8560,0.119846,0.284119
8561,0.1241,0.268201
8562,0.114835,0.297271
8563,0.139032,0.286805
8564,0.176709,0.336189
8565,0.14257,0.322632
8566,0.128922,0.331997
8567,0.128922,0.331997
8568,0.0925908,0.29991
8569,0.133369,0.361101
8570,0.133369,0.361101
8571,0.133369,0.361101
8572,0.0811902,0.370822
8573,0.054999,0.337268
8574,0.0522984,0.311979
8575,0.108046,0.387768
8576,0.110196,0.314037
8577,0.0879592,0.343674
8578,0.0879592,0.343674
8579,0.103289,0.360065
8580,0.169898,0.35539
8581,0.169898,0.35539
8582,0.138023,0.399411
8583,0.11187,0.342178
8584,0.108362,0.409577
8585,0.0909544,0.34729
8586,0.0761321,0.306472
8587,0.114493,0.242583
8588,0.0814264,0.291214
8589,0.0814264,0.291214
8590,0.0814264,0.291214
8591,0.0696688,0.277941
8592,0.0831238,0.257109
8593,0.0831238,0.257109
8594,0.123976,0.243552
8595,0.145891,0.240928
8596,0.11183,0.242652
8597,0.11703,0.306756
8598,0.114362,0.24723
8599,0.114362,0.24723
8600,0.0814249,0.252328
8601,0.0930772,0.290986
8602,0.0930772,0.290986
8603,0.153162,0.27734
8604,0.125187,0.222265
8605,0.118808,0.249311
8606,0.117605,0.181733
8607,0.0538286,0.142381
8608,0.0538286,0.142381
8609,0.048601,0.155255
8610,0.042503,0.0970966
8611,0.0310496,0.135653
8612,0.110509,0.114914
8613,0.0693681,0.135389
8614,0.139144,0.149847
8615,0.167572,0.13912
8616,0.141879,0.115516
8617,0.141879,0.115516
8618,0.141879,0.115516
8619,0.131025,0.121849
8620,0.114772,0.149172
8621,0.0838685,0.139902
8622,0.0838685,0.139902
8623,0.118893,0.150182
8624,0.113404,0.0996605
8625,0.117975,0.123507
8626,0.117975,0.123507
8627,0.13717,0.156534
8628,0.0851727,0.165535
8629,0.132549,0.165875
8630,0.132549,0.165875
8631,0.12275,0.213593
8632,0.133853,0.209123
8633,0.153929,0.216207
8634,0.129778,0.210764
8635,0.129778,0.210764
8636,0.0972543,0.281382
8637,0.110881,0.23507
8638,0.0843293,0.274578
8639,0.0856483,0.245582
8640,0.0884125,0.210201
8641,0.0864047,0.238119
8642,0.0864047,0.238119
8643,0.102149,0.199767
8644,0.12146,0.172803
8645,0.105989,0.204021
8646,0.0654478,0.195331
8647,0.0189459,0.226912
8648,0.0815591,0.252121
8649,0.110509,0.184224
8650,0.110509,0.184224
8651,0.110509,0.184224
8652,0.135613,0.163082
8653,0.189059,0.130709
8654,0.160499,0.117091
8655,0.160513,0.118859
8656,0.189237,0.186277
8657,0.189237,0.186277
8658,0.13794,0.131601
8659,0.169629,0.179222
8660,0.126881,0.157058
8661,0.126881,0.157058
8662,0.126881,0.157058
8663,0.11679,0.231952
8664,0.136902,0.186129
8665,0.14366,0.186863
8666,0.149029,0.186122
8667,0.153283,0.216767
8668,0.135437,0.24805
8669,0.135437,0.24805
8670,0.135437,0.24805
8671,0.16303,0.200082
8672,0.0560169,0.236165
8673,0.0954375,0.162252
8674,0.0991484,0.178172
8675,0.0985737,0.218948
8676,0.0673448,0.238192
8677,0.140684,0.241893
8678,0.0706399,0.173013
8679,0.0757379,0.15013
8680,0.132239,0.0754419
8681,0.167661,0.108655
8682,0.0914877,0.134074
8683,0.147833,0.202576
8684,0.219505,0.169246
8685,0.219505,0.169246
8686,0.174764,0.162431
8687,0.174764,0.162431
8688,0.197466,0.173732
8689,0.206021,0.182147
8690,0.199034,0.207122
8691,0.178428,0.130534
8692,0.182925,0.175258
8693,0.206534,0.176803
8694,0.277335,0.153267
8695,0.235186,0.176123
8696,0.221998,0.249211
8697,0.248488,0.28647
8698,0.248488,0.28647
8699,0.253126,0.220768
8700,0.277715,0.171601
8701,0.399676,0.210867
8702,0.336849,0.266606
8703,0.322972,0.229813
8704,0.322972,0.229813
8705,0.316244,0.201588
8706,0.316244,0.201588
8707,0.251721,0.174553
8708,0.288596,0.233859
8709,0.225747,0.17804
8710,0.224942,0.201248
8711,0.298543,0.300964
8712,0.233939,0.309682
8713,0.233939,0.309682
8714,0.219179,0.259416
8715,0.250686,0.297178
8716,0.250686,0.297178
8717,0.268375,0.312858
8718,0.286047,0.299483
8719,0.249171,0.296428
8720,0.331244,0.24253
8721,0.353452,0.255779
8722,0.358052,0.240847
8723,0.358052,0.240847
8724,0.298961,0.291974
8725,0.295034,0.306905
8726,0.281186,0.308501
8727,0.31254,0.310507
8728,0.31254,0.310507
8729,0.291232,0.269888
8730,0.313909,0.349704
8731,0.27385,0.430146
8732,0.203113,0.496403
8733,0.203113,0.496403
8734,0.203113,0.496403
8735,0.201415,0.448366
8736,0.278874,0.462581
8737,0.297089,0.357383
8738,0.279113,0.342214
8739,0.279113,0.342214
8740,0.279113,0.342214
8741,0.279113,0.342214
8742,0.227796,0.360769
8743,0.308503,0.415958
8744,0.298283,0.508593
8745,0.298283,0.508593
8746,0.298283,0.508593
8747,0.298283,0.508593
8748,0.298283,0.508593
8749,0.30187,0.391777
8750,0.30187,0.391777
8751,0.251783,0.409882
8752,0.25661,0.323057
8753,0.25661,0.323057
8754,0.203938,0.348281
8755,0.203938,0.348281
8756,0.197672,0.325472
8757,0.152633,0.373451
8758,0.195269,0.314614
8759,0.184868,0.276032
8760,0.211019,0.279407
8761,0.182857,0.336037
8762,0.182857,0.336037
8763,0.167296,0.294781
8764,0.212177,0.179006
8765,0.211928,0.171794
8766,0.199751,0.140054
8767,0.169857,0.0576205
8768,0.119185,0.166817
8769,0.109257,0.221128
8770,0.0883858,0.182014
8771,0.122859,0.167488
8772,0.122859,0.167488
8773,0.122859,0.167488
8774,0.140105,0.2056
8775,0.159858,0.191049
8776,0.159858,0.191049
8777,0.159858,0.191049
8778,0.114659,0.17361
8779,0.114659,0.17361
8780,0.114659,0.17361
8781,0.15031,0.125086
8782,0.167224,0.146661
8783,0.167224,0.146661
8784,0.134498,0.16021
8785,0.134498,0.16021
8786,0.132281,0.160371
8787,0.195152,0.182769
8788,0.174317,0.204077
8789,0.146989,0.232951
8790,0.168323,0.236586
8791,0.168323,0.236586
8792,0.168323,0.236586
8793,0.168323,0.236586
8794,0.146045,0.196936
8795,0.150261,0.138447
8796,0.115981,0.185452
8797,0.136264,0.138377
8798,0.111177,0.191319
8799,0.0809694,0.213604
8800,0.119647,0.18427
8801,0.147848,0.161985
8802,0.147848,0.161985
8803,0.147848,0.161985
8804,0.141582,0.165151
8805,0.108728,0.167759
8806,0.0760437,0.194244
8807,0.0760437,0.194244
8808,0.151838,0.164734
8809,0.110126,0.204235
8810,0.110126,0.204235
8811,0.14128,0.222764
8812,0.152049,0.167029
8813,0.20718,0.231872
8814,0.221767,0.22849
8815,0.212735,0.223616
8816,0.212735,0.223616
8817,0.202166,0.226673
8818,0.201856,0.184093
8819,0.201856,0.184093
8820,0.169912,0.20493
8821,0.169912,0.20493
8822,0.224876,0.205161
8823,0.224876,0.205161
8824,0.197408,0.239961
8825,0.197408,0.239961
8826,0.187745,0.147533
8827,0.174577,0.179001
8828,0.158945,0.169298
8829,0.194054,0.168734
8830,0.194054,0.168734
8831,0.215175,0.159449
8832,0.215175,0.159449
8833,0.215175,0.159449
8834,0.142061,0.144324
8835,0.142061,0.144324
8836,0.141628,0.161201
8837,0.117723,0.167596
8838,0.0955479,0.177703
8839,0.0809702,0.112689
8840,0.110737,0.17848
8841,0.110737,0.17848
8842,0.0744958,0.173452
8843,0.0799909,0.149387
8844,0.200058,0.146374
8845,0.21605,0.136447
8846,0.233888,0.147188
8847,0.154628,0.163662
8848,0.191023,0.134948
8849,0.175361,0.164215
8850,0.128955,0.180996
8851,0.148088,0.139728
8852,0.159342,0.134118
8853,0.172129,0.164717
8854,0.205779,0.189844
8855,0.225181,0.129986
8856,0.225181,0.129986
8857,0.225181,0.129986
8858,0.225181,0.129986
8859,0.224038,0.127284
8860,0.268445,0.178996
8861,0.255855,0.225765
8862,0.241843,0.205265
8863,0.202426,0.287957
8864,0.262335,0.258107
8865,0.223281,0.304219
8866,0.223281,0.304219
8867,0.251381,0.332235
8868,0.243296,0.283754
8869,0.21191,0.272242
8870,0.278668,0.247189
8871,0.214221,0.245936
8872,0.222646,0.272082
8873,0.222646,0.272082
8874,0.191895,0.308539
8875,0.191895,0.308539
8876,0.191895,0.308539
8877,0.164046,0.293539
8878,0.164046,0.293539
8879,0.164046,0.293539
8880,0.172473,0.207723
8881,0.173499,0.237924
8882,0.263701,0.229019
8883,0.263701,0.229019
8884,0.254558,0.256464
8885,0.254558,0.256464
8886,0.210004,0.305783
8887,0.284692,0.258862
8888,0.267312,0.274228
8889,0.1936,0.258768
8890,0.251578,0.209172
8891,0.251578,0.209172
8892,0.251578,0.209172
8893,0.201674,0.226282
8894,0.201674,0.226282
8895,0.153205,0.244337
8896,0.12595,0.208431
8897,0.117277,0.212396
8898,0.158441,0.21777
8899,0.136431,0.210476
8900,0.116511,0.202044
8901,0.136708,0.230408
8902,0.136708,0.230408
8903,0.0604667,0.271331
8904,0.106668,0.268744
8905,0.150027,0.296336
8906,0.156352,0.240207
8907,0.155137,0.220182
8908,0.160291,0.231773
8909,0.107887,0.235034
8910,0.106197,0.258336
8911,0.112344,0.260977
8912,0.154436,0.217438
8913,0.126735,0.233597
8914,0.126735,0.233597
8915,0.124915,0.221538
8916,0.154823,0.22801
8917,0.160955,0.177335
8918,0.160955,0.177335
8919,0.105391,0.183874
8920,0.105391,0.183874
8921,0.122825,0.216632
8922,0.13504,0.205638
8923,0.13504,0.205638
8924,0.0827523,0.230292
8925,0.0768683,0.2775
8926,0.0768683,0.2775
8927,0.0768683,0.2775
8928,0.128119,0.252036
8929,0.128119,0.252036
8930,0.125353,0.27437
8931,0.148457,0.191972
8932,0.148457,0.191972
8933,0.148457,0.191972
8934,0.132829,0.196553
8935,0.136922,0.194103
8936,0.137087,0.218054
8937,0.163184,0.244831
8938,0.163184,0.244831
8939,0.164997,0.321195
8940,0.0909325,0.365889
8941,0.0871521,0.302339
8942,0.0871521,0.302339
8943,0.145191,0.338169
8944,0.0850781,0.341433
8945,0.133586,0.349551
8946,0.133586,0.349551
8947,0.133586,0.349551
8948,0.156551,0.315172
8949,0.156551,0.315172
8950,0.242845,0.313663
8951,0.242845,0.313663
8952,0.216206,0.251883
8953,0.20933,0.237406
8954,0.20933,0.237406
8955,0.20933,0.237406
8956,0.20933,0.237406
8957,0.159917,0.257442
8958,0.154194,0.301992
8959,0.186032,0.282614
8960,0.156003,0.259692
8961,0.226096,0.267602
8962,0.226096,0.267602
8963,0.226096,0.267602
8964,0.172807,0.26291
8965,0.172807,0.26291
8966,0.163927,0.296167
8967,0.133548,0.328332
8968,0.134406,0.318832
8969,0.111735,0.255571
8970,0.148567,0.217719
8971,0.148567,0.217719
8972,0.104139,0.197711
8973,0.136586,0.21371
8974,0.168611,0.174852
8975,0.168611,0.174852
8976,0.217466,0.18868
8977,0.206409,0.204145
8978,0.128385,0.210429
8979,0.129648,0.208386
8980,0.15914,0.181214
8981,0.0809459,0.256322
8982,0.066725,0.29967
8983,0.0196978,0.288018
8984,0.0316795,0.303558
8985,0.0890964,0.289465
8986,0.0963933,0.291268
8987,0.0963933,0.291268
8988,0.0963933,0.291268
8989,0.059357,0.29174
8990,0.104782,0.242725
8991,0.153837,0.227728
8992,0.122958,0.211557
8993,0.166508,0.233486
8994,0.0925793,0.287758
8995,0.0545829,0.2658
8996,0.0722849,0.234032
8997,0.112917,0.327404
8998,0.112917,0.327404
8999,0.152964,0.322472
9000,0.147451,0.372518
9001,0.147451,0.372518
9002,0.135924,0.31547
9003,0.161594,0.283804
9004,0.170522,0.236477
9005,0.170522,0.236477
9006,0.132309,0.172935
9007,0.189242,0.196766
9008,0.218266,0.201433
9009,0.193255,0.246642
9010,0.176983,0.215621
9011,0.211804,0.230965
9012,0.163019,0.199559
9013,0.147354,0.209918
9014,0.117086,0.202157
9015,0.195043,0.226913
9016,0.161118,0.220831
9017,0.164207,0.192135
9018,0.133556,0.213268
9019,0.204995,0.212556
9020,0.233939,0.215594
9021,0.169595,0.199982
9022,0.169595,0.199982
9023,0.152571,0.215558
9024,0.152571,0.215558
9025,0.16712,0.194037
9026,0.125696,0.185339
9027,0.17577,0.167483
9028,0.137256,0.182936
9029,0.137294,0.201599
9030,0.189534,0.183263
9031,0.183643,0.179107
9032,0.183643,0.179107
9033,0.175628,0.173791
9034,0.183824,0.160149
9035,0.187062,0.180627
9036,0.201878,0.114475
9037,0.201878,0.114475
9038,0.22198,0.0860993
9039,0.22198,0.0860993
9040,0.22198,0.0860993
9041,0.22198,0.0860993
9042,0.202926,0.0689972
9043,0.202926,0.0689972
9044,0.202926,0.0689972
9045,0.202926,0.0689972
9046,0.190375,0.0731445
9047,0.215009,0.0879618
9048,0.22547,0.0710097
9049,0.259955,0.0560041
9050,0.269198,0.0447903
9051,0.240529,0.0856439
9052,0.205256,0.0963722
9053,0.225856,0.0603768
9054,0.225856,0.0603768
9055,0.225856,0.0603768
9056,0.209889,0.0862163
9057,0.233586,0.154752
9058,0.188258,0.137951
9059,0.221966,0.123556
9060,0.221966,0.123556
9061,0.20957,0.110064
9062,0.195041,0.11783
9063,0.195041,0.11783
9064,0.195041,0.11783
9065,0.221701,0.11921
9066,0.221701,0.11921
9067,0.19586,0.114145
9068,0.159334,0.110129
9069,0.15189,0.0862214
9070,0.15189,0.0862214
9071,0.112111,0.12738
9072,0.112111,0.12738
9073,0.130652,0.1595
9074,0.135172,0.126346
9075,0.114841,0.0813884
9076,0.12493,0.0836889
9077,0.0966495,0.0427225
9078,0.0966495,0.0427225
9079,0.0817233,0.0927579
9080,0.0694372,0.108581
9081,0.0694372,0.108581
9082,0.0694372,0.108581
9083,0.0694372,0.108581
9084,0.0947985,0.105084
9085,0.0947985,0.105084
9086,0.0737599,0.0738305
9087,0.0795281,0.044982
9088,0.0635036,0.0591526
9089,0.0635036,0.0591526
9090,0.0511615,0.0359423
9091,0.0511615,0.0359423
9092,0.060241,0.0555664
9093,0.0524371,0.0193694
9094,0.0687448,0.00746405
9095,0.0819247,0.0402418
9096,0.125069,0.0623051
9097,0.125069,0.0623051
9098,0.125069,0.0623051
9099,0.102154,0.0521623
9100,0.105293,0.0633544
9101,0.0872682,0.0326208
9102,0.0731891,0.0526582
9103,0.0731891,0.0526582
9104,0.0731891,0.0526582
9105,0.101508,0.0616318
9106,0.101508,0.0616318
9107,0.105699,0.0844052
9108,0.105699,0.0844052
9109,0.0764779,0.0594451
9110,0.0982177,0.0933703
9111,0.0779282,0.0891534
9112,0.067111,0.0648274
9113,0.067111,0.0648274
9114,0.0870671,0.132506
9115,0.0782252,0.119888
9116,0.0619184,0.11958
9117,0.0654742,0.174748
9118,0.0964464,0.145468
9119,0.0964967,0.181528
9120,0.104461,0.119505
9121,0.104461,0.119505
9122,0.104461,0.119505
9123,0.0942893,0.153794
9124,0.0942893,0.153794
9125,0.0760448,0.111766
9126,0.0979813,0.139766
9127,0.0862057,0.130669
9128,0.077538,0.145203
9129,0.077538,0.145203
9130,0.077538,0.145203
9131,0.105142,0.162467
9132,0.105142,0.162467
9133,0.105142,0.162467
9134,0.11334,0.18277
9135,0.11334,0.18277
9136,0.11334,0.18277
9137,0.11334,0.18277
9138,0.151018,0.203817
9139,0.151018,0.203817
9140,0.151018,0.203817
9141,0.171444,0.15079
9142,0.179689,0.130036
9143,0.179689,0.130036
9144,0.179689,0.130036
9145,0.152481,0.158302
9146,0.152481,0.158302
9147,0.141996,0.187385
9148,0.141996,0.187385
9149,0.136445,0.184779
9150,0.153423,0.214416
9151,0.14389,0.278348
9152,0.132169,0.228581
9153,0.155751,0.23241
9154,0.112646,0.191723
9155,0.136537,0.221073
9156,0.136537,0.221073
9157,0.136537,0.221073
9158,0.170923,0.195945
9159,0.165315,0.189092
9160,0.165315,0.189092
9161,0.191178,0.150916
9162,0.19857,0.102621
9163,0.197284,0.149777
9164,0.193265,0.0698505
9165,0.176512,0.0370725
9166,0.176512,0.0370725
9167,0.205945,0.0297137
9168,0.205945,0.0297137
9169,0.258986,0.0347368
9170,0.257553,0.00500097
9171,0.211751,0.0399214
9172,0.191352,0.0574307
9173,0.209482,0.0459916
9174,0.214511,0.084145
9175,0.154861,0.08675
9176,0.154861,0.08675
9177,0.155251,0.112674
9178,0.155251,0.112674
9179,0.185129,0.141772
9180,0.203091,0.12595
9181,0.191869,0.132698
9182,0.219382,0.101731
9183,0.219382,0.101731
9184,0.219382,0.101731
9185,0.219382,0.101731
9186,0.224102,0.155236
9187,0.224102,0.155236
9188,0.190694,0.214353
9189,0.190694,0.214353
9190,0.228637,0.166397
9191,0.228637,0.166397
9192,0.19466,0.188091
9193,0.19466,0.188091
9194,0.19466,0.188091
9195,0.189384,0.150453
9196,0.189384,0.150453
9197,0.169524,0.16023
9198,0.194807,0.152915
9199,0.16619,0.205189
9200,0.16619,0.205189
9201,0.129857,0.184278
9202,0.160012,0.164027
9203,0.130861,0.16987
9204,0.149647,0.145816
9205,0.149647,0.145816
9206,0.149647,0.145816
9207,0.15739,0.133149
9208,0.15739,0.133149
9209,0.142193,0.130888
9210,0.107349,0.0775058
9211,0.135106,0.0591253
9212,0.116193,0.0354961
9213,0.116193,0.0354961
9214,0.124175,0.0370291
9215,0.120888,0.0644287
9216,0.0902782,0.0712227
9217,0.0902782,0.0712227
9218,0.10834,0.072736
9219,0.176752,0.108589
9220,0.145554,0.0955557
9221,0.145554,0.0955557
9222,0.187239,0.120081
9223,0.212505,0.153791
9224,0.25919,0.123463
9225,0.295753,0.169475
9226,0.214232,0.14704
9227,0.214684,0.178259
9228,0.208409,0.182235
9229,0.185813,0.177444
9230,0.14259,0.172281
9231,0.123838,0.25015
9232,0.105584,0.22386
9233,0.105584,0.22386
9234,0.126861,0.215171
9235,0.144315,0.208143
9236,0.16961,0.223801
9237,0.16961,0.223801
9238,0.167594,0.198214
9239,0.141401,0.216368
9240,0.166506,0.186235
9241,0.166506,0.186235
9242,0.151048,0.233243
9243,0.130903,0.189337
9244,0.170434,0.223906
9245,0.170434,0.223906
9246,0.150012,0.253569
9247,0.176109,0.231291
9248,0.174146,0.198771
9249,0.22812,0.241753
9250,0.203589,0.278139
9251,0.19155,0.181407
9252,0.206794,0.27756
9253,0.191103,0.243512
9254,0.202246,0.244691
9255,0.167945,0.263478
9256,0.167945,0.263478
9257,0.176397,0.258317
9258,0.176397,0.258317
9259,0.176397,0.258317
9260,0.143887,0.252114
9261,0.162959,0.274298
9262,0.183145,0.252167
9263,0.18303,0.249624
9264,0.18303,0.249624
9265,0.1495,0.289394
9266,0.149278,0.229714
9267,0.184795,0.213098
9268,0.235581,0.22436
9269,0.265002,0.202741
9270,0.265002,0.202741
9271,0.209554,0.224269
9272,0.295719,0.228622
9273,0.295719,0.228622
9274,0.295719,0.228622
9275,0.243522,0.182567
9276,0.25113,0.218935
9277,0.171702,0.255658
9278,0.144865,0.341373
9279,0.149362,0.33939
9280,0.180765,0.319708
9281,0.216276,0.354866
9282,0.252434,0.291148
9283,0.278462,0.329065
9284,0.222552,0.292539
9285,0.25502,0.266262
9286,0.25502,0.266262
9287,0.226459,0.30282
9288,0.196567,0.296137
9289,0.19215,0.335889
9290,0.19215,0.335889
9291,0.195425,0.312119
9292,0.245633,0.309457
9293,0.219547,0.219463
9294,0.219547,0.219463
9295,0.217621,0.246457
9296,0.171271,0.198609
9297,0.171271,0.198609
9298,0.178796,0.282058
9299,0.241112,0.257184
9300,0.171946,0.29506
9301,0.171946,0.29506
9302,0.212695,0.322332
9303,0.225077,0.279038
9304,0.170065,0.221251
9305,0.170065,0.221251
9306,0.15393,0.253618
9307,0.159033,0.257236
9308,0.199694,0.227622
9309,0.207499,0.263039
9310,0.207499,0.263039
9311,0.259722,0.269032
9312,0.259722,0.269032
9313,0.285047,0.269085
9314,0.242698,0.216104
9315,0.240381,0.244902
9316,0.240381,0.244902
9317,0.253097,0.209826
9318,0.253097,0.209826
9319,0.289282,0.216208
9320,0.387183,0.157332
9321,0.387183,0.157332
9322,0.405145,0.188789
9323,0.342338,0.215135
9324,0.354585,0.200102
9325,0.268784,0.157832
9326,0.313872,0.241563
9327,0.290965,0.186323
9328,0.290965,0.186323
9329,0.290965,0.186323
9330,0.237586,0.244254
9331,0.235296,0.258172
9332,0.263305,0.268015
9333,0.263305,0.268015
9334,0.23727,0.213646
9335,0.196144,0.205659
9336,0.241403,0.171471
9337,0.220768,0.104512
9338,0.250123,0.197618
9339,0.206284,0.232663
9340,0.218348,0.203105
9341,0.172587,0.194016
9342,0.172587,0.194016
9343,0.104638,0.184969
9344,0.104638,0.184969
9345,0.188726,0.179266
9346,0.175366,0.142499
9347,0.17055,0.172178
9348,0.17055,0.172178
9349,0.17055,0.172178
9350,0.130353,0.165688
9351,0.0911038,0.209532
9352,0.100355,0.247397
9353,0.0986933,0.304121
9354,0.0986933,0.304121
9355,0.0986933,0.304121
9356,0.0986933,0.304121
9357,0.081334,0.245475
9358,0.0965419,0.225178
9359,0.0965419,0.225178
9360,0.114126,0.280752
9361,0.10643,0.298239
9362,0.107005,0.272754
9363,0.0694976,0.33519
9364,0.14032,0.242398
9365,0.151648,0.244116
9366,0.156984,0.252202
9367,0.156984,0.252202
9368,0.165656,0.188451
9369,0.179896,0.221374
9370,0.141284,0.18588
9371,0.165579,0.216096
9372,0.211281,0.22157
9373,0.211281,0.22157
9374,0.211281,0.22157
9375,0.211281,0.22157
9376,0.211281,0.22157
9377,0.179993,0.262504
9378,0.183962,0.292206
9379,0.205285,0.295324
9380,0.191316,0.286036
9381,0.191316,0.286036
9382,0.1856,0.381728
9383,0.1856,0.381728
9384,0.1856,0.381728
9385,0.197266,0.426272
9386,0.197266,0.426272
9387,0.197266,0.426272
9388,0.197266,0.426272
9389,0.261486,0.408842
9390,0.307059,0.393514
9391,0.250485,0.299327
9392,0.23458,0.271063
9393,0.25877,0.272113
9394,0.25877,0.272113
9395,0.161297,0.295636
9396,0.282885,0.274264
9397,0.309527,0.292383
9398,0.28677,0.267489
9399,0.219269,0.182664
9400,0.213633,0.201542
9401,0.268331,0.27253
9402,0.268331,0.27253
9403,0.243964,0.297988
9404,0.231647,0.293316
9405,0.231647,0.293316
9406,0.240834,0.31945
9407,0.240834,0.31945
9408,0.19826,0.306052
9409,0.19826,0.306052
9410,0.19826,0.306052
9411,0.181522,0.290279
9412,0.195925,0.357862
9413,0.195925,0.357862
9414,0.190044,0.404302
9415,0.218993,0.409609
9416,0.157875,0.413708
9417,0.157875,0.413708
9418,0.19941,0.298904
9419,0.19941,0.298904
9420,0.182237,0.251248
9421,0.204583,0.237593
9422,0.194938,0.223225
9423,0.256366,0.240087
9424,0.264907,0.24051
9425,0.285161,0.26776
9426,0.285161,0.26776
9427,0.225515,0.264977
9428,0.281481,0.317528
9429,0.224079,0.325424
9430,0.224079,0.325424
9431,0.188055,0.285515
9432,0.0645518,0.250219
9433,0.0230752,0.296514
9434,0.0230752,0.296514
9435,0.0230752,0.296514
9436,0.0586156,0.266413
9437,0.0867032,0.287778
9438,0.0978475,0.326973
9439,0.0458816,0.368703
9440,0.0376196,0.31841
9441,0.0332219,0.332604
9442,0.0861793,0.334222
9443,0.136348,0.294039
9444,0.106013,0.308994
9445,0.143457,0.272313
9446,0.143457,0.272313
9447,0.143457,0.272313
9448,0.16316,0.280818
9449,0.20245,0.276145
9450,0.20245,0.276145
9451,0.135518,0.296089
9452,0.137201,0.280178
9453,0.16167,0.281133
9454,0.182606,0.254655
9455,0.192811,0.313796
9456,0.233437,0.31742
9457,0.188559,0.369166
9458,0.188559,0.369166
9459,0.232762,0.375512
9460,0.14589,0.329544
9461,0.140191,0.327719
9462,0.131193,0.307281
9463,0.106993,0.302536
9464,0.106993,0.302536
9465,0.0803005,0.35148
9466,0.0768912,0.337044
9467,0.10769,0.379754
9468,0.0994528,0.458344
9469,0.0994528,0.458344
9470,0.0994528,0.458344
9471,0.112506,0.38177
9472,0.112506,0.38177
9473,0.115819,0.326866
9474,0.0760807,0.31393
9475,0.0468499,0.425854
9476,0.0468499,0.425854
9477,0.0790548,0.405265
9478,0.0789526,0.417278
9479,0.132989,0.411403
9480,0.132989,0.411403
9481,0.12083,0.393602
9482,0.174907,0.376726
9483,0.140017,0.341176
9484,0.0914625,0.301888
9485,0.109555,0.290022
9486,0.109489,0.290241
9487,0.0715849,0.255268
9488,0.0450523,0.236515
9489,0.114735,0.321912
9490,0.103522,0.34867
9491,0.100445,0.285393
9492,0.060353,0.255992
9493,0.060353,0.255992
9494,0.0598446,0.293321
9495,0.0761042,0.335584
9496,0.0639953,0.266911
9497,0.126586,0.302478
9498,0.126586,0.302478
9499,0.137949,0.293238
9500,0.113573,0.268434
9501,0.106646,0.205516
9502,0.0736127,0.195064
9503,0.0626681,0.150196
9504,0.103654,0.16694
9505,0.126041,0.0651009
9506,0.113469,0.186018
9507,0.215474,0.1421
9508,0.150733,0.16618
9509,0.156597,0.0947293
9510,0.132772,0.159468
9511,0.0311021,0.12818
9512,0.0460981,0.105802
9513,0.0852143,0.109249
9514,0.133806,0.19625
9515,0.153713,0.152954
9516,0.153713,0.152954
9517,0.206114,0.105645
9518,0.199726,0.0700129
9519,0.199726,0.0700129
9520,0.200107,0.116467
9521,0.153882,0.14535
9522,0.137559,0.133056
9523,0.0811457,0.17484
9524,0.127696,0.199752
9525,0.127696,0.199752
9526,0.173601,0.177393
9527,0.161208,0.171295
9528,0.201162,0.144176
9529,0.218343,0.14955
9530,0.198625,0.160505
9531,0.246962,0.147711
9532,0.261376,0.162616
9533,0.21511,0.13856
9534,0.198964,0.134753
9535,0.198964,0.134753
9536,0.200611,0.13255
9537,0.190704,0.135617
9538,0.16124,0.158698
9539,0.164226,0.124002
9540,0.156325,0.138222
9541,0.156325,0.138222
9542,0.156325,0.138222
9543,0.187678,0.1782
9544,0.159611,0.111805
9545,0.159611,0.111805
9546,0.160655,0.162291
9547,0.18439,0.138053
9548,0.18439,0.138053
9549,0.201871,0.117089
9550,0.201871,0.117089
9551,0.237092,0.0820477
9552,0.189719,0.0601841
9553,0.157534,0.0690922
9554,0.178586,0.0258627
9555,0.178586,0.0258627
9556,0.112279,0.040695
9557,0.0765464,0.0961455
9558,0.0684436,0.110076
9559,0.134758,0.11372
9560,0.147684,0.131874
9561,0.147684,0.131874
9562,0.162664,0.136645
9563,0.207274,0.181209
9564,0.205249,0.149734
9565,0.205249,0.149734
9566,0.23502,0.131813
9567,0.213425,0.0871358
9568,0.256863,0.173423
9569,0.283426,0.190071
9570,0.268658,0.154651
9571,0.257225,0.166395
9572,0.257225,0.166395
9573,0.290381,0.16268
9574,0.290381,0.16268
9575,0.346909,0.137822
9576,0.346909,0.137822
9577,0.346909,0.137822
9578,0.292253,0.111695
9579,0.292253,0.111695
9580,0.287855,0.0106933
9581,0.315016,0.0646667
9582,0.300834,0.0997483
9583,0.30737,0.0373097
9584,0.30737,0.0373097
9585,0.300753,0.0548626
9586,0.283939,0.0773508
9587,0.221511,0.0931819
9588,0.221511,0.0931819
9589,0.221511,0.0931819
9590,0.259742,0.0780014
9591,0.259742,0.0780014
9592,0.272868,0.0627492
9593,0.27282,0.122316
9594,0.314828,0.107534
9595,0.306535,0.0997426
9596,0.327648,0.139192
9597,0.378785,0.120326
9598,0.317077,0.144972
9599,0.262701,0.0613227
9600,0.265075,0.0500837
9601,0.240315,0.122654
9602,0.22649,0.128953
9603,0.22649,0.128953
9604,0.22649,0.128953
9605,0.273756,0.099772
9606,0.280069,0.138793
9607,0.280069,0.138793
9608,0.306543,0.143349
9609,0.249672,0.160499
9610,0.264277,0.147792
9611,0.224732,0.14448
9612,0.199374,0.0964282
9613,0.21334,0.126316
9614,0.18958,0.155492
9615,0.18958,0.155492
9616,0.18958,0.155492
9617,0.181992,0.16082
9618,0.181992,0.16082
9619,0.181992,0.16082
9620,0.155546,0.18146
9621,0.157707,0.182776
9622,0.136723,0.163805
9623,0.127511,0.176185
9624,0.124017,0.0901017
9625,0.186746,0.132708
9626,0.185484,0.178473
9627,0.170174,0.217374
9628,0.232682,0.197348
9629,0.209461,0.194147
9630,0.181498,0.248381
9631,0.138282,0.230677
9632,0.175586,0.230544
9633,0.17351,0.281434
9634,0.168895,0.261072
9635,0.189478,0.325066
9636,0.215829,0.331769
9637,0.21848,0.370655
9638,0.180989,0.338673
9639,0.180989,0.338673
9640,0.180989,0.338673
9641,0.180989,0.338673
9642,0.180006,0.327623
9643,0.175412,0.312899
9644,0.116401,0.318442
9645,0.116401,0.318442
9646,0.135936,0.266184
9647,0.135936,0.266184
9648,0.119464,0.229734
9649,0.140309,0.258945
9650,0.128775,0.272981
9651,0.132725,0.237745
9652,0.162438,0.214843
9653,0.15889,0.219598
9654,0.153157,0.204127
9655,0.153157,0.204127
9656,0.15123,0.21676
9657,0.163924,0.218022
9658,0.127203,0.215863
9659,0.120447,0.199177
9660,0.120447,0.199177
9661,0.155174,0.192199
9662,0.155174,0.192199
9663,0.19491,0.211741
9664,0.216122,0.220566
9665,0.190908,0.254489
9666,0.229707,0.222862
9667,0.229707,0.222862
9668,0.235118,0.195644
9669,0.252713,0.231083
9670,0.249332,0.245824
9671,0.26178,0.229306
9672,0.282136,0.194283
9673,0.212923,0.148754
9674,0.208289,0.196384
9675,0.153752,0.195843
9676,0.198221,0.201567
9677,0.240927,0.19928
9678,0.184529,0.200559
9679,0.184529,0.200559
9680,0.161876,0.198033
9681,0.161876,0.198033
9682,0.184058,0.221146
9683,0.184058,0.221146
9684,0.220896,0.274663
9685,0.222247,0.192526
9686,0.258296,0.207803
9687,0.280805,0.136166
9688,0.269719,0.14669
9689,0.251624,0.195582
9690,0.290078,0.132315
9691,0.251781,0.116255
9692,0.21352,0.0660145
9693,0.21352,0.0660145
9694,0.259571,0.0800003
9695,0.197379,0.0446973
9696,0.15077,0.0843165
9697,0.15077,0.0843165
9698,0.162773,0.0644503
9699,0.162773,0.0644503
9700,0.140941,0.0676493
9701,0.135706,0.0666655
9702,0.135706,0.0666655
9703,0.135706,0.0666655
9704,0.118597,0.0769022
9705,0.0643302,0.0550702
9706,0.0979988,0.0471159
9707,0.0633307,0.0424426
9708,0.0633307,0.0424426
9709,0.0994845,0.0614019
9710,0.100052,0.0484735
9711,0.12075,0.020452
9712,0.150021,0.0663657
9713,0.165185,0.0283069
9714,0.117042,0.0409201
9715,0.164482,0.0781186
9716,0.195822,0.0628081
9717,0.231473,0.0531298
9718,0.223309,0.107282
9719,0.23659,0.0945285
9720,0.216388,0.0524589
9721,0.271192,0.127361
9722,0.253677,0.111328
9723,0.247125,0.121503
9724,0.178558,0.123569
9725,0.181157,0.0716728
9726,0.178847,0.0831834
9727,0.166079,0.119824
9728,0.17753,0.128875
9729,0.181285,0.132734
9730,0.1139,0.118684
9731,0.202574,0.116696
9732,0.255163,0.155467
9733,0.233862,0.111179
9734,0.308549,0.0723581
9735,0.308549,0.0723581
9736,0.263529,0.0601741
9737,0.20829,0.0812989
9738,0.232202,0.0783288
9739,0.228775,0.0542572
9740,0.337673,0.0822788
9741,0.324816,0.110895
9742,0.273328,0.096868
9743,0.273009,0.103447
9744,0.267757,0.0812895
9745,0.267757,0.0812895
9746,0.30268,0.0760383
9747,0.290149,0.0668134
9748,0.346856,0.0410148
9749,0.346856,0.0410148
9750,0.304777,0.0844252
9751,0.385232,0.110896
9752,0.289427,0.0728043
9753,0.284164,0.105368
9754,0.310171,0.0639101
9755,0.310171,0.0639101
9756,0.395951,0.0888535
9757,0.395951,0.0888535
9758,0.31264,0.096772
9759,0.31264,0.096772
9760,0.314037,0.119883
9761,0.296001,0.121574
9762,0.279205,0.106532
9763,0.279205,0.106532
9764,0.313066,0.143244
9765,0.28115,0.18905
9766,0.305868,0.135197
9767,0.339352,0.109742
9768,0.355643,0.0652351
9769,0.322149,0.0698224
9770,0.296014,0.0822095
9771,0.245988,0.100861
9772,0.234945,0.0599442
9773,0.185753,0.082224
9774,0.218014,0.119628
9775,0.218014,0.119628
9776,0.218014,0.119628
9777,0.181097,0.165084
9778,0.228616,0.135314
9779,0.15167,0.13347
9780,0.175544,0.140557
9781,0.175561,0.139376
9782,0.175561,0.139376
9783,0.205781,0.157692
9784,0.194684,0.168628
9785,0.238281,0.171442
9786,0.288482,0.162947
9787,0.279526,0.147439
9788,0.279526,0.147439
9789,0.238983,0.103262
9790,0.332693,0.149731
9791,0.286167,0.135193
9792,0.286167,0.135193
9793,0.268041,0.130912
9794,0.254868,0.130445
9795,0.226294,0.16452
9796,0.21004,0.141836
9797,0.162101,0.199224
9798,0.163387,0.134659
9799,0.193191,0.123245
9800,0.167293,0.0942855
9801,0.124894,0.122509
9802,0.124894,0.122509
9803,0.173889,0.124095
9804,0.166318,0.141947
9805,0.155378,0.143164
9806,0.155291,0.163396
9807,0.135753,0.131253
9808,0.188365,0.12502
9809,0.151508,0.0763063
9810,0.151508,0.0763063
9811,0.197826,0.0390656
9812,0.24294,0.0604898
9813,0.273262,0.0714183
9814,0.216816,0.0697307
9815,0.181532,0.139644
9816,0.222589,0.142826
9817,0.135432,0.121463
9818,0.148121,0.151724
9819,0.106678,0.12152
9820,0.105382,0.129679
9821,0.174269,0.128119
9822,0.176507,0.180718
9823,0.176507,0.180718
9824,0.213991,0.19668
9825,0.205414,0.141186
9826,0.205414,0.141186
9827,0.250208,0.12363
9828,0.227334,0.133868
9829,0.203737,0.137156
9830,0.278976,0.171405
9831,0.250414,0.17195
9832,0.28035,0.228049
9833,0.244544,0.216652
9834,0.287382,0.203251
9835,0.301122,0.207585
9836,0.222575,0.159024
9837,0.222575,0.159024
9838,0.187719,0.0985128
9839,0.187719,0.0985128
9840,0.187719,0.0985128
9841,0.185112,0.148943
9842,0.207563,0.113891
9843,0.286168,0.0763098
9844,0.278438,0.0749111
9845,0.19655,0.0671747
9846,0.135886,0.0695054
9847,0.108435,0.0470359
9848,0.167343,0.0405915
9849,0.167343,0.0405915
9850,0.121335,0.0753476
9851,0.175432,0.0414865
9852,0.175432,0.0414865
9853,0.14429,0.0225081
9854,0.14429,0.0225081
9855,0.181423,0.0226503
9856,0.189531,0.0245805
9857,0.177603,0.0405695
9858,0.179811,0.0810892
9859,0.227312,0.113333
9860,0.164267,0.0510017
9861,0.180444,0.101146
9862,0.220288,0.101454
9863,0.162972,0.13372
9864,0.179436,0.0868627
9865,0.179436,0.0868627
9866,0.222533,0.0661961
9867,0.226439,0.0723528
9868,0.266092,0.10652
9869,0.266092,0.10652
9870,0.247189,0.125518
9871,0.347923,0.150283
9872,0.397416,0.129871
9873,0.388061,0.135024
9874,0.388061,0.135024
9875,0.388061,0.135024
9876,0.359612,0.14592
9877,0.34397,0.181449
9878,0.371497,0.214441
9879,0.371497,0.214441
9880,0.336267,0.243663
9881,0.336267,0.243663
9882,0.348054,0.243031
9883,0.417272,0.214202
9884,0.35366,0.207856
9885,0.35366,0.207856
9886,0.354601,0.204076
9887,0.314049,0.246555
9888,0.314049,0.246555
9889,0.321665,0.194416
9890,0.349317,0.212258
9891,0.349317,0.212258
9892,0.291203,0.249998
9893,0.335992,0.228944
9894,0.332208,0.20892
9895,0.332208,0.20892
9896,0.361885,0.192743
9897,0.361885,0.192743
9898,0.367406,0.180979
9899,0.400458,0.179265
9900,0.40562,0.169243
9901,0.454672,0.163494
9902,0.454672,0.163494
9903,0.377439,0.159712
9904,0.377439,0.159712
9905,0.356506,0.0792041
9906,0.497301,0.0493761
9907,0.438689,0.0751657
9908,0.465541,0.0289439
9909,0.387028,0.075397
9910,0.387028,0.075397
9911,0.387028,0.075397
9912,0.387028,0.075397
9913,0.517067,0.0769528
9914,0.511751,0.0564563
9915,0.524455,0.0472334
9916,0.436546,0.0456636
9917,0.452411,0.106069
9918,0.50432,0.114308
9919,0.487597,0.117088
9920,0.430281,0.101458
9921,0.412572,0.0811813
9922,0.437106,0.0876582
9923,0.446809,0.0380199
9924,0.446809,0.0380199
9925,0.454922,0.114358
9926,0.490905,0.0728246
9927,0.488938,0.0645073
9928,0.396413,0.0588894
9929,0.413336,0.0533379
9930,0.398874,0.0479384
9931,0.373164,0.0320878
9932,0.245703,0.0427935
9933,0.303457,0.0504831
9934,0.246519,0.0379355
9935,0.254486,0.0901884
9936,0.274834,0.0594657
9937,0.265531,0.0566113
9938,0.284167,0.0646712
9939,0.235382,0.110894
9940,0.291789,0.0704798
9941,0.270225,0.0446392
9942,0.235959,0.0863823
9943,0.21211,0.180682
9944,0.251407,0.193005
9945,0.223785,0.150217
9946,0.286571,0.10455
9947,0.230563,0.135838
9948,0.230563,0.135838
9949,0.197858,0.130112
9950,0.204252,0.133839
9951,0.204252,0.133839
9952,0.246374,0.124395
9953,0.282934,0.146657
9954,0.258318,0.125367
9955,0.258318,0.125367
9956,0.347164,0.161873
9957,0.315559,0.168927
9958,0.269185,0.189334
9959,0.288876,0.188885
9960,0.288876,0.188885
9961,0.304948,0.165122
9962,0.329301,0.148995
9963,0.398975,0.186473
9964,0.328032,0.205738
9965,0.328032,0.205738
9966,0.328032,0.205738
9967,0.322138,0.158327
9968,0.265356,0.171418
9969,0.265356,0.171418
9970,0.283597,0.124577
9971,0.283597,0.124577
9972,0.270423,0.151724
9973,0.198434,0.192186
9974,0.2063,0.194399
9975,0.22049,0.138267
9976,0.206414,0.206801
9977,0.142414,0.167098
9978,0.133823,0.210109
9979,0.133823,0.210109
9980,0.128304,0.186445
9981,0.061,0.158472
9982,0.061,0.158472
9983,0.105007,0.189361
9984,0.152745,0.207785
9985,0.052704,0.181546
9986,0.125727,0.177056
9987,0.105275,0.196668
9988,0.105275,0.196668
9989,0.105275,0.196668
9990,0.105275,0.196668
9991,0.150383,0.248547
9992,0.132147,0.183986
9993,0.129727,0.258344
9994,0.211095,0.21126
9995,0.211095,0.21126
9996,0.230442,0.263483
9997,0.227799,0.316317
9998,0.217416,0.29735
9999,0.217416,0.29735
10000,0.268548,0.300701
