MDTU,|Tr(L)|,ReTr(L),ImTr(L)
1,0.736118,-0.300859,-0.671829
2,0.749616,-0.294662,-0.689274
3,0.749616,-0.294662,-0.689274
4,0.749616,-0.294662,-0.689274
5,0.749616,-0.294662,-0.689274
6,0.749616,-0.294662,-0.689274
7,0.753373,-0.314275,-0.684691
8,0.760478,-0.325781,-0.687164
9,0.760478,-0.325781,-0.687164
10,0.760015,-0.334356,-0.682516
11,0.751833,-0.339405,-0.670863
12,0.751833,-0.339405,-0.670863
13,0.751833,-0.339405,-0.670863
14,0.751833,-0.339405,-0.670863
15,0.764148,-0.350314,-0.679119
16,0.764148,-0.350314,-0.679119
17,0.764148,-0.350314,-0.679119
18,0.764148,-0.350314,-0.679119
19,0.764148,-0.350314,-0.679119
20,0.764148,-0.350314,-0.679119
21,0.764882,-0.313544,-0.697664
22,0.764882,-0.313544,-0.697664
23,0.771751,-0.306511,-0.708272
24,0.771751,-0.306511,-0.708272
25,0.778741,-0.308078,-0.71521
26,0.778741,-0.308078,-0.71521
27,0.778741,-0.308078,-0.71521
28,0.778741,-0.308078,-0.71521
29,0.778741,-0.308078,-0.71521
30,0.768341,-0.294799,-0.709536
31,0.768341,-0.294799,-0.709536
32,0.768341,-0.294799,-0.709536
33,0.768341,-0.294799,-0.709536
34,0.776754,-0.328766,-0.703746
35,0.776754,-0.328766,-0.703746
36,0.776754,-0.328766,-0.703746
37,0.776754,-0.328766,-0.703746
38,0.776754,-0.328766,-0.703746
39,0.770554,-0.326147,-0.698128
40,0.776766,-0.264171,-0.730465
41,0.776766,-0.264171,-0.730465
42,0.766323,-0.261569,-0.7203
43,0.790193,-0.273801,-0.741241
44,0.790193,-0.273801,-0.741241
45,0.789341,-0.228869,-0.755432
46,0.789341,-0.228869,-0.755432
47,0.787122,-0.197458,-0.761953
48,0.787122,-0.197458,-0.761953
49,0.795676,-0.194111,-0.771635
50,0.795676,-0.194111,-0.771635
51,0.795676,-0.194111,-0.771635
52,0.790398,-0.236635,-0.754144
53,0.790398,-0.236635,-0.754144
54,0.801007,-0.24927,-0.761234
55,0.801007,-0.24927,-0.761234
56,0.801007,-0.24927,-0.761234
57,0.801007,-0.24927,-0.761234
58,0.801007,-0.24927,-0.761234
59,0.803599,-0.245388,-0.765216
60,0.807324,-0.190942,-0.784419
61,0.80569,-0.189103,-0.783184
62,0.80569,-0.189103,-0.783184
63,0.80569,-0.189103,-0.783184
64,0.80569,-0.189103,-0.783184
65,0.80569,-0.189103,-0.783184
66,0.80569,-0.189103,-0.783184
67,0.80569,-0.189103,-0.783184
68,0.795164,-0.140224,-0.782702
69,0.795164,-0.140224,-0.782702
70,0.795164,-0.140224,-0.782702
71,0.795164,-0.140224,-0.782702
72,0.795164,-0.140224,-0.782702
73,0.80665,-0.112679,-0.798741
74,0.80665,-0.112679,-0.798741
75,0.80665,-0.112679,-0.798741
76,0.80665,-0.112679,-0.798741
77,0.80665,-0.112679,-0.798741
78,0.80665,-0.112679,-0.798741
79,0.80665,-0.112679,-0.798741
80,0.80665,-0.112679,-0.798741
81,0.80665,-0.112679,-0.798741
82,0.811765,-0.0851775,-0.807284
83,0.809847,-0.109646,-0.80239
84,0.809628,-0.0598191,-0.807415
85,0.813901,-0.095945,-0.808226
86,0.813901,-0.095945,-0.808226
87,0.813901,-0.095945,-0.808226
88,0.813901,-0.095945,-0.808226
89,0.813901,-0.095945,-0.808226
90,0.813901,-0.095945,-0.808226
91,0.813901,-0.095945,-0.808226
92,0.821758,-0.0456536,-0.820489
93,0.810604,-0.050208,-0.809048
94,0.815761,-0.00247985,-0.815758
95,0.815761,-0.00247985,-0.815758
96,0.818343,0.0232394,-0.818013
97,0.818343,0.0232394,-0.818013
98,0.818343,0.0232394,-0.818013
99,0.818343,0.0232394,-0.818013
100,0.818343,0.0232394,-0.818013
101,0.818343,0.0232394,-0.818013
102,0.818343,0.0232394,-0.818013
103,0.818343,0.0232394,-0.818013
104,0.818343,0.0232394,-0.818013
105,0.818343,0.0232394,-0.818013
106,0.818343,0.0232394,-0.818013
107,0.820491,0.032983,-0.819828
108,0.820491,0.032983,-0.819828
109,0.820491,0.032983,-0.819828
110,0.81362,0.079868,-0.80969
111,0.81362,0.079868,-0.80969
112,0.81362,0.079868,-0.80969
113,0.81362,0.079868,-0.80969
114,0.81362,0.079868,-0.80969
115,0.81362,0.079868,-0.80969
116,0.81362,0.079868,-0.80969
117,0.81362,0.079868,-0.80969
118,0.81362,0.079868,-0.80969
119,0.820497,0.0667678,-0.817776
120,0.822623,0.015666,-0.822474
121,0.822623,0.015666,-0.822474
122,0.822623,0.015666,-0.822474
123,0.824434,0.0143974,-0.824309
124,0.824434,0.0143974,-0.824309
125,0.818292,-0.0502655,-0.816746
126,0.822269,-0.074404,-0.818896
127,0.830119,-0.0725656,-0.826941
128,0.830119,-0.0725656,-0.826941
129,0.822895,-0.07317,-0.819635
130,0.822895,-0.07317,-0.819635
131,0.828185,-0.0855178,-0.823758
132,0.831244,-0.134104,-0.820355
133,0.82878,-0.116237,-0.820589
134,0.82878,-0.116237,-0.820589
135,0.834645,-0.0354644,-0.833891
136,0.833366,-0.0679664,-0.83059
137,0.833366,-0.0679664,-0.83059
138,0.833366,-0.0679664,-0.83059
139,0.833366,-0.0679664,-0.83059
140,0.82926,-0.0858437,-0.824805
141,0.82926,-0.0858437,-0.824805
142,0.82926,-0.0858437,-0.824805
143,0.831267,-0.067447,-0.828526
144,0.831267,-0.067447,-0.828526
145,0.833983,-0.067964,-0.831209
146,0.832611,-0.11006,-0.825305
147,0.831129,-0.125849,-0.821546
148,0.831129,-0.125849,-0.821546
149,0.831129,-0.125849,-0.821546
150,0.831129,-0.125849,-0.821546
151,0.831129,-0.125849,-0.821546
152,0.831129,-0.125849,-0.821546
153,0.831129,-0.125849,-0.821546
154,0.831129,-0.125849,-0.821546
155,0.837047,-0.134901,-0.826105
156,0.837047,-0.134901,-0.826105
157,0.837047,-0.134901,-0.826105
158,0.837306,-0.164911,-0.820905
159,0.837306,-0.164911,-0.820905
160,0.837306,-0.164911,-0.820905
161,0.835327,-0.230697,-0.802839
162,0.844609,-0.267126,-0.801254
163,0.844609,-0.267126,-0.801254
164,0.843791,-0.228823,-0.812172
165,0.843791,-0.228823,-0.812172
166,0.843791,-0.228823,-0.812172
167,0.843791,-0.228823,-0.812172
168,0.843791,-0.228823,-0.812172
169,0.843552,-0.256703,-0.803545
170,0.832096,-0.2903,-0.779814
171,0.832096,-0.2903,-0.779814
172,0.838881,-0.285815,-0.78869
173,0.838881,-0.285815,-0.78869
174,0.838881,-0.285815,-0.78869
175,0.842782,-0.261525,-0.801177
176,0.844726,-0.239228,-0.810144
177,0.846839,-0.250872,-0.808826
178,0.846839,-0.250872,-0.808826
179,0.846839,-0.250872,-0.808826
180,0.837964,-0.280021,-0.789793
181,0.837964,-0.280021,-0.789793
182,0.837964,-0.280021,-0.789793
183,0.837964,-0.280021,-0.789793
184,0.84187,-0.289181,-0.790645
185,0.84321,-0.296476,-0.78937
186,0.84321,-0.296476,-0.78937
187,0.837305,-0.310003,-0.777804
188,0.837305,-0.310003,-0.777804
189,0.837305,-0.310003,-0.777804
190,0.837305,-0.310003,-0.777804
191,0.837305,-0.310003,-0.777804
192,0.837305,-0.310003,-0.777804
193,0.847559,-0.316054,-0.786426
194,0.847559,-0.316054,-0.786426
195,0.847559,-0.316054,-0.786426
196,0.847559,-0.316054,-0.786426
197,0.854305,-0.279964,-0.807129
198,0.842985,-0.281906,-0.794451
199,0.851785,-0.228131,-0.820666
200,0.851785,-0.228131,-0.820666
201,0.851785,-0.228131,-0.820666
202,0.842972,-0.222739,-0.813013
203,0.846131,-0.140855,-0.834325
204,0.841462,-0.239405,-0.806686
205,0.841462,-0.239405,-0.806686
206,0.852412,-0.243757,-0.816816
207,0.852412,-0.243757,-0.816816
208,0.847761,-0.282988,-0.799135
209,0.847761,-0.282988,-0.799135
210,0.845045,-0.278068,-0.797985
211,0.845684,-0.257373,-0.805569
212,0.845684,-0.257373,-0.805569
213,0.845684,-0.257373,-0.805569
214,0.845684,-0.257373,-0.805569
215,0.845684,-0.257373,-0.805569
216,0.845684,-0.257373,-0.805569
217,0.845684,-0.257373,-0.805569
218,0.845684,-0.257373,-0.805569
219,0.85129,-0.240355,-0.816654
220,0.85129,-0.240355,-0.816654
221,0.849624,-0.272796,-0.804639
222,0.853733,-0.249276,-0.81653
223,0.85618,-0.241737,-0.821345
224,0.84597,-0.255663,-0.806412
225,0.84597,-0.255663,-0.806412
226,0.850022,-0.220485,-0.820929
227,0.854589,-0.231316,-0.822688
228,0.854589,-0.231316,-0.822688
229,0.850552,-0.233159,-0.81797
230,0.858255,-0.230016,-0.826858
231,0.851326,-0.227501,-0.820365
232,0.854327,-0.201435,-0.83024
233,0.860189,-0.190381,-0.838856
234,0.863123,-0.193056,-0.841255
235,0.852689,-0.162768,-0.83701
236,0.852689,-0.162768,-0.83701
237,0.858268,-0.208579,-0.832538
238,0.854505,-0.253339,-0.816087
239,0.854505,-0.253339,-0.816087
240,0.854505,-0.253339,-0.816087
241,0.854505,-0.253339,-0.816087
242,0.856296,-0.25061,-0.818802
243,0.853324,-0.215394,-0.825693
244,0.853324,-0.215394,-0.825693
245,0.853324,-0.215394,-0.825693
246,0.853324,-0.215394,-0.825693
247,0.853324,-0.215394,-0.825693
248,0.861622,-0.22959,-0.83047
249,0.859509,-0.244579,-0.823976
250,0.864272,-0.274476,-0.81953
251,0.864272,-0.274476,-0.81953
252,0.864272,-0.274476,-0.81953
253,0.864272,-0.274476,-0.81953
254,0.864272,-0.274476,-0.81953
255,0.852842,-0.265116,-0.810588
256,0.859624,-0.237321,-0.826215
257,0.863119,-0.188105,-0.842372
258,0.855039,-0.182888,-0.835251
259,0.860251,-0.182389,-0.840694
260,0.860251,-0.182389,-0.840694
261,0.860251,-0.182389,-0.840694
262,0.867755,-0.18873,-0.846982
263,0.867577,-0.134454,-0.857095
264,0.867577,-0.134454,-0.857095
265,0.863046,-0.136545,-0.852176
266,0.863046,-0.136545,-0.852176
267,0.863046,-0.136545,-0.852176
268,0.861331,-0.12368,-0.852405
269,0.861331,-0.12368,-0.852405
270,0.860033,-0.127862,-0.850475
271,0.859946,-0.143193,-0.84794
272,0.864594,-0.172678,-0.847175
273,0.859469,-0.178676,-0.840691
274,0.868332,-0.15832,-0.853777
275,0.867945,-0.159961,-0.853078
276,0.867945,-0.159961,-0.853078
277,0.868652,-0.181062,-0.849572
278,0.876538,-0.169789,-0.859936
279,0.874139,-0.219608,-0.846104
280,0.874004,-0.245023,-0.838956
281,0.870998,-0.299181,-0.818002
282,0.870998,-0.299181,-0.818002
283,0.870998,-0.299181,-0.818002
284,0.871392,-0.262955,-0.83077
285,0.87489,-0.253138,-0.837469
286,0.874071,-0.207538,-0.849075
287,0.876019,-0.238349,-0.84297
288,0.876019,-0.238349,-0.84297
289,0.872559,-0.220871,-0.844141
290,0.872559,-0.220871,-0.844141
291,0.872555,-0.294897,-0.821211
292,0.872555,-0.294897,-0.821211
293,0.872555,-0.294897,-0.821211
294,0.872555,-0.294897,-0.821211
295,0.873941,-0.307371,-0.818105
296,0.867532,-0.323479,-0.804967
297,0.873512,-0.327449,-0.809815
298,0.873055,-0.290722,-0.823229
299,0.873055,-0.290722,-0.823229
300,0.878154,-0.342429,-0.808639
301,0.866487,-0.324249,-0.803531
302,0.872803,-0.325504,-0.809835
303,0.872803,-0.325504,-0.809835
304,0.874593,-0.30322,-0.820348
305,0.874593,-0.30322,-0.820348
306,0.871463,-0.332264,-0.805635
307,0.879668,-0.335745,-0.813075
308,0.879668,-0.335745,-0.813075
309,0.876531,-0.245436,-0.841468
310,0.876531,-0.245436,-0.841468
311,0.874814,-0.216151,-0.84769
312,0.874814,-0.216151,-0.84769
313,0.877232,-0.205428,-0.85284
314,0.872663,-0.21912,-0.844705
315,0.871703,-0.217199,-0.84421
316,0.871703,-0.217199,-0.84421
317,0.871703,-0.217199,-0.84421
318,0.884293,-0.254422,-0.846903
319,0.876088,-0.268156,-0.83404
320,0.88168,-0.264025,-0.84122
321,0.877342,-0.279261,-0.83171
322,0.880041,-0.295101,-0.829089
323,0.884459,-0.31018,-0.828285
324,0.886105,-0.319217,-0.826609
325,0.880625,-0.295034,-0.829732
326,0.880625,-0.295034,-0.829732
327,0.880625,-0.295034,-0.829732
328,0.882315,-0.265223,-0.841509
329,0.877132,-0.237061,-0.84449
330,0.877648,-0.218457,-0.850025
331,0.872008,-0.223284,-0.842936
332,0.872008,-0.223284,-0.842936
333,0.883255,-0.203208,-0.859561
334,0.876895,-0.178998,-0.858431
335,0.876895,-0.178998,-0.858431
336,0.876895,-0.178998,-0.858431
337,0.876895,-0.178998,-0.858431
338,0.876895,-0.178998,-0.858431
339,0.879082,-0.187834,-0.85878
340,0.889187,-0.195965,-0.867324
341,0.883235,-0.193129,-0.861861
342,0.87362,-0.216617,-0.846339
343,0.873193,-0.155254,-0.85928
344,0.878447,-0.116611,-0.870672
345,0.887321,-0.168876,-0.871103
346,0.887321,-0.168876,-0.871103
347,0.889038,-0.152589,-0.875845
348,0.887453,-0.149096,-0.874839
349,0.886261,-0.173093,-0.869194
350,0.888732,-0.249546,-0.852978
351,0.888732,-0.249546,-0.852978
352,0.888732,-0.249546,-0.852978
353,0.885009,-0.248566,-0.849385
354,0.885009,-0.248566,-0.849385
355,0.883128,-0.252654,-0.846216
356,0.888221,-0.247065,-0.853167
357,0.889848,-0.225621,-0.86077
358,0.883174,-0.237791,-0.85056
359,0.88468,-0.236207,-0.852564
360,0.880535,-0.24855,-0.844727
361,0.882528,-0.194658,-0.860792
362,0.882074,-0.210715,-0.856536
363,0.891174,-0.145619,-0.879196
364,0.879625,-0.144855,-0.867616
365,0.879553,-0.160002,-0.864877
366,0.879553,-0.160002,-0.864877
367,0.881356,-0.179715,-0.862839
368,0.881559,-0.16741,-0.865518
369,0.881559,-0.16741,-0.865518
370,0.881559,-0.16741,-0.865518
371,0.878134,-0.232038,-0.846923
372,0.875358,-0.205879,-0.850803
373,0.880327,-0.26557,-0.839314
374,0.880327,-0.26557,-0.839314
375,0.887306,-0.289407,-0.838782
376,0.884149,-0.282499,-0.837803
377,0.890273,-0.324629,-0.828976
378,0.881267,-0.288882,-0.832574
379,0.877282,-0.290237,-0.82788
380,0.885762,-0.293332,-0.835781
381,0.882347,-0.340924,-0.813823
382,0.885186,-0.390006,-0.794637
383,0.885186,-0.390006,-0.794637
384,0.887164,-0.37591,-0.803586
385,0.877602,-0.364843,-0.79817
386,0.877602,-0.364843,-0.79817
387,0.877602,-0.364843,-0.79817
388,0.887105,-0.408254,-0.787581
389,0.885401,-0.404009,-0.787852
390,0.882941,-0.37083,-0.801292
391,0.886231,-0.388634,-0.796473
392,0.886231,-0.388634,-0.796473
393,0.888404,-0.390178,-0.798138
394,0.886317,-0.322167,-0.825691
395,0.887363,-0.352974,-0.814139
396,0.881124,-0.321771,-0.82027
397,0.884269,-0.282486,-0.837934
398,0.885167,-0.237162,-0.852804
399,0.886678,-0.26881,-0.844949
400,0.886678,-0.26881,-0.844949
401,0.890925,-0.217974,-0.863849
402,0.895249,-0.19994,-0.872636
403,0.895249,-0.19994,-0.872636
404,0.895249,-0.19994,-0.872636
405,0.892379,-0.193179,-0.871219
406,0.892379,-0.193179,-0.871219
407,0.882102,-0.128546,-0.872685
408,0.882102,-0.128546,-0.872685
409,0.886209,-0.155375,-0.872483
410,0.886209,-0.155375,-0.872483
411,0.891965,-0.175054,-0.874619
412,0.890577,-0.13696,-0.879983
413,0.89031,-0.14803,-0.877918
414,0.885942,-0.168974,-0.869679
415,0.885942,-0.168974,-0.869679
416,0.885942,-0.168974,-0.869679
417,0.88204,-0.160699,-0.867278
418,0.889911,-0.123953,-0.881236
419,0.88443,-0.10873,-0.877721
420,0.881394,-0.0807886,-0.877684
421,0.888651,-0.0920831,-0.883868
422,0.887336,-0.0304768,-0.886813
423,0.876869,-0.0548986,-0.875149
424,0.886891,0.00162996,-0.88689
425,0.880493,0.0263456,-0.880099
426,0.879487,0.0766358,-0.876141
427,0.882923,0.0652423,-0.880509
428,0.875661,0.00380724,-0.875652
429,0.880511,0.0461635,-0.8793
430,0.882095,0.0726525,-0.879097
431,0.88867,0.103399,-0.882634
432,0.883381,0.0997175,-0.877735
433,0.88962,0.0434236,-0.88856
434,0.89001,0.0226049,-0.889722
435,0.88179,0.025333,-0.881426
436,0.88179,0.025333,-0.881426
437,0.88179,0.025333,-0.881426
438,0.880823,0.0580615,-0.878907
439,0.883663,0.0207358,-0.88342
440,0.883663,0.0207358,-0.88342
441,0.883663,0.0207358,-0.88342
442,0.883663,0.0207358,-0.88342
443,0.886124,0.0379234,-0.885312
444,0.886124,0.0379234,-0.885312
445,0.883545,0.00956025,-0.883494
446,0.883545,0.00956025,-0.883494
447,0.88324,0.0270166,-0.882826
448,0.886382,0.00989659,-0.886326
449,0.884514,-0.058669,-0.882566
450,0.88142,-0.096465,-0.876125
451,0.88142,-0.096465,-0.876125
452,0.88142,-0.096465,-0.876125
453,0.88142,-0.096465,-0.876125
454,0.881486,-0.0949384,-0.876359
455,0.88996,-0.0953296,-0.88484
456,0.881573,-0.0465125,-0.880345
457,0.895818,-0.14633,-0.883786
458,0.888454,-0.143589,-0.876774
459,0.888404,-0.178468,-0.870294
460,0.888404,-0.178468,-0.870294
461,0.881514,-0.141809,-0.870032
462,0.881514,-0.141809,-0.870032
463,0.890962,-0.0971323,-0.885651
464,0.878304,-0.0650167,-0.875894
465,0.878304,-0.0650167,-0.875894
466,0.889121,-0.0805315,-0.885466
467,0.886507,-0.0831109,-0.882602
468,0.883799,-0.0593881,-0.881801
469,0.882706,-0.11823,-0.874753
470,0.876235,-0.104396,-0.869994
471,0.885521,-0.130621,-0.875834
472,0.885521,-0.130621,-0.875834
473,0.88409,-0.132332,-0.87413
474,0.88409,-0.132332,-0.87413
475,0.881563,-0.157598,-0.867361
476,0.881378,-0.149237,-0.868651
477,0.886641,-0.135571,-0.876215
478,0.883745,-0.158106,-0.869487
479,0.889338,-0.154046,-0.875895
480,0.889338,-0.154046,-0.875895
481,0.882103,-0.204151,-0.858154
482,0.872484,-0.220067,-0.844274
483,0.885148,-0.254447,-0.847788
484,0.875605,-0.310924,-0.818541
485,0.880197,-0.303961,-0.826048
486,0.881185,-0.319549,-0.821204
487,0.881801,-0.360976,-0.80453
488,0.897441,-0.388335,-0.809071
489,0.897441,-0.388335,-0.809071
490,0.897441,-0.388335,-0.809071
491,0.897441,-0.388335,-0.809071
492,0.892312,-0.379375,-0.807647
493,0.882871,-0.291506,-0.833357
494,0.887546,-0.302438,-0.834427
495,0.887546,-0.302438,-0.834427
496,0.886442,-0.34808,-0.815242
497,0.881382,-0.33305,-0.816034
498,0.881382,-0.33305,-0.816034
499,0.883596,-0.312883,-0.826345
500,0.883458,-0.356239,-0.80845
501,0.884479,-0.343381,-0.815102
502,0.884479,-0.343381,-0.815102
503,0.888716,-0.28101,-0.843119
504,0.888798,-0.215537,-0.862267
505,0.888798,-0.215537,-0.862267
506,0.882045,-0.203368,-0.85828
507,0.877169,-0.168655,-0.860803
508,0.890094,-0.196564,-0.868119
509,0.879386,-0.239448,-0.846159
510,0.87632,-0.208386,-0.851182
511,0.88596,-0.183104,-0.866833
512,0.88596,-0.183104,-0.866833
513,0.88596,-0.183104,-0.866833
514,0.889941,-0.20161,-0.866804
515,0.880838,-0.244745,-0.846154
516,0.886125,-0.231799,-0.85527
517,0.886125,-0.231799,-0.85527
518,0.892942,-0.217024,-0.866167
519,0.884529,-0.1653,-0.868946
520,0.892424,-0.200382,-0.869636
521,0.883444,-0.241891,-0.849684
522,0.883444,-0.241891,-0.849684
523,0.883444,-0.241891,-0.849684
524,0.883444,-0.241891,-0.849684
525,0.883444,-0.241891,-0.849684
526,0.882931,-0.209595,-0.857692
527,0.88488,-0.149331,-0.872189
528,0.895857,-0.169027,-0.879766
529,0.895857,-0.169027,-0.879766
530,0.895857,-0.169027,-0.879766
531,0.883075,-0.134073,-0.872838
532,0.883075,-0.134073,-0.872838
533,0.880829,-0.0827351,-0.876935
534,0.881913,-0.0652781,-0.879494
535,0.893139,-0.0769444,-0.889819
536,0.889748,-0.0330573,-0.889134
537,0.89177,-0.0426933,-0.890748
538,0.892244,0.00435413,-0.892234
539,0.892244,0.00435413,-0.892234
540,0.894696,0.0451799,-0.893555
541,0.894696,0.0451799,-0.893555
542,0.894696,0.0451799,-0.893555
543,0.888291,0.0514444,-0.8868
544,0.896186,0.0871936,-0.891934
545,0.890672,0.123479,-0.882071
546,0.88332,0.0911678,-0.878602
547,0.894232,0.0605337,-0.892181
548,0.882466,0.0970824,-0.87711
549,0.882466,0.0970824,-0.87711
550,0.882466,0.0970824,-0.87711
551,0.88736,0.105592,-0.881055
552,0.887504,0.0924069,-0.88268
553,0.887504,0.0924069,-0.88268
554,0.895648,0.08878,-0.891238
555,0.892944,0.11198,-0.885895
556,0.892944,0.11198,-0.885895
557,0.885233,0.147605,-0.87284
558,0.885233,0.147605,-0.87284
559,0.88779,0.155502,-0.874065
560,0.886218,0.12641,-0.877156
561,0.889188,0.0592434,-0.887212
562,0.884587,0.0383575,-0.883755
563,0.884587,0.0383575,-0.883755
564,0.884587,0.0383575,-0.883755
565,0.889121,0.0540537,-0.887476
566,0.883053,-0.000764185,-0.883053
567,0.885681,0.00140343,-0.88568
568,0.885681,0.00140343,-0.88568
569,0.895106,-0.0296335,-0.894615
570,0.890548,-0.0135707,-0.890445
571,0.881069,-0.00841224,-0.881029
572,0.881069,-0.00841224,-0.881029
573,0.881069,-0.00841224,-0.881029
574,0.878885,-0.0196556,-0.878665
575,0.892467,-0.0434172,-0.89141
576,0.892467,-0.0434172,-0.89141
577,0.892278,-0.0599712,-0.89026
578,0.892278,-0.0599712,-0.89026
579,0.89114,-0.0353388,-0.890439
580,0.887856,-0.0536325,-0.886235
581,0.887856,-0.0536325,-0.886235
582,0.887856,-0.0536325,-0.886235
583,0.883559,-0.0261316,-0.883173
584,0.880779,-0.0176801,-0.880601
585,0.880779,-0.0176801,-0.880601
586,0.889567,0.0458894,-0.888382
587,0.889567,0.0458894,-0.888382
588,0.889567,0.0458894,-0.888382
589,0.889567,0.0458894,-0.888382
590,0.889567,0.0458894,-0.888382
591,0.890705,0.0378664,-0.8899
592,0.885795,0.0663727,-0.883305
593,0.889769,0.0610113,-0.887675
594,0.889769,0.0610113,-0.887675
595,0.887849,0.0819824,-0.884056
596,0.888048,0.0922746,-0.883241
597,0.886725,0.11808,-0.878827
598,0.889732,0.131747,-0.879924
599,0.8836,0.122821,-0.875023
600,0.885799,0.108545,-0.879124
601,0.885799,0.108545,-0.879124
602,0.885799,0.108545,-0.879124
603,0.885799,0.108545,-0.879124
604,0.885799,0.108545,-0.879124
605,0.892628,0.139801,-0.881613
606,0.889641,0.181345,-0.870962
607,0.880065,0.18575,-0.860239
608,0.882433,0.170201,-0.865864
609,0.887618,0.21119,-0.862128
610,0.886664,0.196404,-0.864637
611,0.890453,0.205143,-0.8665
612,0.883268,0.162354,-0.868219
613,0.883268,0.162354,-0.868219
614,0.883268,0.162354,-0.868219
615,0.876049,0.170645,-0.859269
616,0.876049,0.170645,-0.859269
617,0.882231,0.165999,-0.866474
618,0.879904,0.109831,-0.873023
619,0.884274,0.108942,-0.877537
620,0.880973,0.124134,-0.872184
621,0.880973,0.124134,-0.872184
622,0.879107,0.124685,-0.87022
623,0.892313,0.14954,-0.879694
624,0.879859,0.0897554,-0.875269
625,0.879859,0.0897554,-0.875269
626,0.879859,0.0897554,-0.875269
627,0.879859,0.0897554,-0.875269
628,0.877271,0.0389471,-0.876406
629,0.877271,0.0389471,-0.876406
630,0.885036,0.0544395,-0.88336
631,0.886746,0.00902014,-0.8867
632,0.888672,0.0658296,-0.88623
633,0.882551,0.054893,-0.880842
634,0.881317,0.0411896,-0.880354
635,0.878537,0.0363679,-0.877784
636,0.873159,-0.0514136,-0.871644
637,0.888384,-0.048622,-0.887053
638,0.884303,-0.0365772,-0.883546
639,0.883982,-0.074032,-0.880876
640,0.883982,-0.074032,-0.880876
641,0.885587,-0.0908264,-0.880918
642,0.88889,-0.119094,-0.880876
643,0.880571,-0.118701,-0.872534
644,0.880571,-0.118701,-0.872534
645,0.880571,-0.118701,-0.872534
646,0.880962,-0.129043,-0.87146
647,0.873045,-0.155009,-0.859174
648,0.884946,-0.10404,-0.878809
649,0.877088,-0.100291,-0.871335
650,0.879586,-0.105914,-0.873186
651,0.880068,-0.0406201,-0.87913
652,0.880068,-0.0406201,-0.87913
653,0.880068,-0.0406201,-0.87913
654,0.882213,-0.0679275,-0.879594
655,0.878321,-0.130081,-0.868635
656,0.882706,-0.176691,-0.864841
657,0.881439,-0.217285,-0.854237
658,0.881439,-0.217285,-0.854237
659,0.887019,-0.19354,-0.865648
660,0.879149,-0.238621,-0.846146
661,0.878898,-0.216369,-0.851849
662,0.878898,-0.216369,-0.851849
663,0.878898,-0.216369,-0.851849
664,0.876388,-0.234051,-0.844556
665,0.876388,-0.234051,-0.844556
666,0.876388,-0.234051,-0.844556
667,0.876388,-0.234051,-0.844556
668,0.875959,-0.244356,-0.841186
669,0.880822,-0.298069,-0.828856
670,0.880822,-0.298069,-0.828856
671,0.880822,-0.298069,-0.828856
672,0.885561,-0.297976,-0.833924
673,0.885561,-0.297976,-0.833924
674,0.880183,-0.235859,-0.847994
675,0.878749,-0.248795,-0.842794
676,0.883346,-0.232808,-0.852115
677,0.883346,-0.232808,-0.852115
678,0.883996,-0.233136,-0.8527
679,0.881603,-0.278832,-0.836348
680,0.881603,-0.278832,-0.836348
681,0.884351,-0.317198,-0.825507
682,0.884781,-0.339807,-0.816926
683,0.878633,-0.289311,-0.829635
684,0.877193,-0.261443,-0.837326
685,0.893586,-0.24803,-0.858474
686,0.890647,-0.249062,-0.855114
687,0.890681,-0.251699,-0.854378
688,0.887385,-0.276891,-0.84308
689,0.887385,-0.276891,-0.84308
690,0.877053,-0.231274,-0.846011
691,0.883005,-0.243439,-0.848785
692,0.881353,-0.248924,-0.84547
693,0.87575,-0.225279,-0.846279
694,0.87575,-0.225279,-0.846279
695,0.87575,-0.225279,-0.846279
696,0.87575,-0.225279,-0.846279
697,0.870904,-0.216996,-0.843437
698,0.873327,-0.217725,-0.845751
699,0.873327,-0.217725,-0.845751
700,0.873388,-0.234351,-0.84136
701,0.881147,-0.200741,-0.857976
702,0.877232,-0.148842,-0.864513
703,0.882347,-0.103507,-0.876255
704,0.874463,-0.0929047,-0.869514
705,0.877187,-0.0730052,-0.874144
706,0.877187,-0.0730052,-0.874144
707,0.878447,-0.0133304,-0.878346
708,0.872589,0.0450594,-0.871425
709,0.872589,0.0450594,-0.871425
710,0.885979,0.0014289,-0.885977
711,0.885979,0.0014289,-0.885977
712,0.881273,0.0265649,-0.880872
713,0.887137,-0.00225854,-0.887134
714,0.871091,-0.0065327,-0.871066
715,0.887334,0.0352335,-0.886634
716,0.875703,0.0181295,-0.875515
717,0.875305,0.0628617,-0.873045
718,0.886854,0.0762305,-0.883571
719,0.880925,0.0981719,-0.875437
720,0.880925,0.0981719,-0.875437
721,0.884527,0.045125,-0.883375
722,0.884527,0.045125,-0.883375
723,0.878293,0.0887203,-0.8738
724,0.877403,0.0901462,-0.87276
725,0.877403,0.0901462,-0.87276
726,0.876578,0.0753144,-0.873336
727,0.885109,0.0535733,-0.883486
728,0.884497,-0.0432558,-0.883439
729,0.875703,-0.0173301,-0.875531
730,0.878759,-0.0261804,-0.878369
731,0.881278,-0.0181175,-0.881091
732,0.881253,0.000790207,-0.881252
733,0.881253,0.000790207,-0.881252
734,0.881253,0.000790207,-0.881252
735,0.881253,0.000790207,-0.881252
736,0.881234,-0.0838276,-0.877238
737,0.881234,-0.0838276,-0.877238
738,0.88121,-0.0817629,-0.877409
739,0.893664,-0.0376327,-0.892871
740,0.885595,-0.0355212,-0.884883
741,0.885314,-0.0565599,-0.883505
742,0.888905,-0.0924836,-0.884081
743,0.886666,-0.102235,-0.880753
744,0.890275,-0.103937,-0.884188
745,0.889243,-0.11948,-0.88118
746,0.889243,-0.11948,-0.88118
747,0.886395,-0.170651,-0.869812
748,0.891972,-0.136244,-0.881505
749,0.893058,-0.20981,-0.868062
750,0.883808,-0.169051,-0.86749
751,0.883808,-0.169051,-0.86749
752,0.883808,-0.169051,-0.86749
753,0.883808,-0.169051,-0.86749
754,0.891419,-0.153652,-0.878076
755,0.892472,-0.159415,-0.878119
756,0.892049,-0.169349,-0.875826
757,0.882519,-0.12145,-0.874123
758,0.888414,-0.103732,-0.882337
759,0.883696,-0.0423422,-0.882681
760,0.883696,-0.0423422,-0.882681
761,0.883774,-0.0480836,-0.882465
762,0.873484,-0.0956045,-0.868236
763,0.873484,-0.0956045,-0.868236
764,0.883791,-0.102851,-0.877786
765,0.883791,-0.102851,-0.877786
766,0.888927,-0.096257,-0.8837
767,0.892183,-0.0973428,-0.886856
768,0.892183,-0.0973428,-0.886856
769,0.885858,-0.10556,-0.879546
770,0.886602,-0.0477729,-0.885314
771,0.892495,-0.133361,-0.882475
772,0.880037,-0.116083,-0.872348
773,0.884972,-0.140554,-0.873739
774,0.886672,-0.171909,-0.869847
775,0.886672,-0.171909,-0.869847
776,0.88724,-0.24987,-0.851329
777,0.887199,-0.2489,-0.85157
778,0.889763,-0.225929,-0.860601
779,0.889763,-0.225929,-0.860601
780,0.889333,-0.296492,-0.838454
781,0.880408,-0.308864,-0.824453
782,0.88739,-0.381194,-0.801344
783,0.88739,-0.381194,-0.801344
784,0.88739,-0.381194,-0.801344
785,0.889601,-0.320232,-0.829965
786,0.888807,-0.262546,-0.849145
787,0.888807,-0.262546,-0.849145
788,0.885731,-0.284448,-0.838814
789,0.885731,-0.284448,-0.838814
790,0.893982,-0.292549,-0.84476
791,0.884493,-0.326788,-0.821911
792,0.891269,-0.36225,-0.814331
793,0.898335,-0.455599,-0.774232
794,0.893177,-0.518933,-0.726962
795,0.888236,-0.557495,-0.691492
796,0.880256,-0.546567,-0.69001
797,0.88848,-0.48437,-0.744838
798,0.88525,-0.479482,-0.744154
799,0.88525,-0.479482,-0.744154
800,0.884257,-0.470645,-0.748601
801,0.884257,-0.470645,-0.748601
802,0.884257,-0.470645,-0.748601
803,0.883564,-0.451925,-0.759243
804,0.883564,-0.451925,-0.759243
805,0.885148,-0.467405,-0.751677
806,0.897856,-0.432773,-0.786672
807,0.891522,-0.43249,-0.779593
808,0.891522,-0.43249,-0.779593
809,0.893137,-0.442874,-0.775601
810,0.893137,-0.442874,-0.775601
811,0.89958,-0.480722,-0.760361
812,0.89958,-0.480722,-0.760361
813,0.889955,-0.442184,-0.77233
814,0.891747,-0.404434,-0.794761
815,0.883864,-0.414716,-0.780529
816,0.885136,-0.444016,-0.765713
817,0.89053,-0.446173,-0.770698
818,0.880638,-0.450281,-0.756816
819,0.880638,-0.450281,-0.756816
820,0.889003,-0.4486,-0.767519
821,0.890649,-0.481096,-0.749535
822,0.88173,-0.483149,-0.737574
823,0.889805,-0.527796,-0.716369
824,0.893309,-0.590879,-0.669972
825,0.893309,-0.590879,-0.669972
826,0.887481,-0.591355,-0.661756
827,0.897518,-0.639258,-0.629991
828,0.89275,-0.663233,-0.5976
829,0.894509,-0.63488,-0.630138
830,0.889523,-0.67869,-0.575005
831,0.889523,-0.67869,-0.575005
832,0.893193,-0.661157,-0.600554
833,0.896131,-0.677484,-0.586573
834,0.896131,-0.677484,-0.586573
835,0.894912,-0.663887,-0.600101
836,0.888831,-0.680821,-0.571405
837,0.893722,-0.67882,-0.581329
838,0.882475,-0.670491,-0.573762
839,0.886199,-0.706576,-0.534881
840,0.886405,-0.656064,-0.596066
841,0.886405,-0.656064,-0.596066
842,0.883512,-0.673077,-0.572329
843,0.884322,-0.661239,-0.587187
844,0.888438,-0.663466,-0.590876
845,0.894943,-0.64004,-0.625517
846,0.894943,-0.64004,-0.625517
847,0.894943,-0.64004,-0.625517
848,0.894943,-0.64004,-0.625517
849,0.885351,-0.649244,-0.601938
850,0.880185,-0.60936,-0.635143
851,0.880185,-0.60936,-0.635143
852,0.880185,-0.60936,-0.635143
853,0.880185,-0.60936,-0.635143
854,0.882746,-0.603194,-0.644514
855,0.882746,-0.603194,-0.644514
856,0.893457,-0.619949,-0.643373
857,0.88735,-0.632328,-0.622536
858,0.88735,-0.632328,-0.622536
859,0.876288,-0.607305,-0.631713
860,0.876288,-0.607305,-0.631713
861,0.886744,-0.621656,-0.632344
862,0.886744,-0.621656,-0.632344
863,0.882455,-0.638393,-0.609246
864,0.882246,-0.624467,-0.623216
865,0.882664,-0.601685,-0.64581
866,0.892079,-0.580696,-0.677198
867,0.884603,-0.596115,-0.653582
868,0.884252,-0.623894,-0.626625
869,0.882615,-0.6506,-0.59643
870,0.886976,-0.670574,-0.580566
871,0.884757,-0.686386,-0.558274
872,0.888143,-0.66978,-0.58326
873,0.888899,-0.616671,-0.640201
874,0.875811,-0.613556,-0.624975
875,0.888483,-0.590201,-0.664126
876,0.886156,-0.556454,-0.68966
877,0.88316,-0.53361,-0.703727
878,0.879738,-0.51059,-0.716405
879,0.879738,-0.51059,-0.716405
880,0.883919,-0.474652,-0.745666
881,0.884298,-0.523896,-0.712401
882,0.892999,-0.498013,-0.741236
883,0.894428,-0.496874,-0.743719
884,0.887211,-0.441653,-0.769471
885,0.890626,-0.396398,-0.797549
886,0.886478,-0.392306,-0.794946
887,0.885629,-0.395951,-0.792188
888,0.890244,-0.378273,-0.805881
889,0.891734,-0.366768,-0.812816
890,0.879168,-0.333166,-0.813595
891,0.881376,-0.318095,-0.821972
892,0.881376,-0.318095,-0.821972
893,0.881376,-0.318095,-0.821972
894,0.881376,-0.318095,-0.821972
895,0.881376,-0.318095,-0.821972
896,0.877105,-0.284805,-0.829577
897,0.889136,-0.308346,-0.833958
898,0.889136,-0.308346,-0.833958
899,0.889136,-0.308346,-0.833958
900,0.884001,-0.317919,-0.824855
901,0.884001,-0.317919,-0.824855
902,0.88814,-0.294494,-0.837894
903,0.88814,-0.294494,-0.837894
904,0.888511,-0.337459,-0.821932
905,0.888427,-0.375794,-0.805035
906,0.888427,-0.375794,-0.805035
907,0.889392,-0.363252,-0.811829
908,0.889557,-0.334825,-0.824139
909,0.889557,-0.334825,-0.824139
910,0.885561,-0.369069,-0.804989
911,0.889461,-0.392699,-0.798077
912,0.876262,-0.369047,-0.794758
913,0.875976,-0.348881,-0.803503
914,0.885544,-0.357768,-0.810056
915,0.882496,-0.395495,-0.788913
916,0.87934,-0.375345,-0.795207
917,0.877581,-0.332151,-0.812295
918,0.877581,-0.332151,-0.812295
919,0.887663,-0.387022,-0.798849
920,0.887663,-0.387022,-0.798849
921,0.879648,-0.406356,-0.780164
922,0.879648,-0.406356,-0.780164
923,0.884643,-0.38554,-0.796211
924,0.883549,-0.374571,-0.800222
925,0.888487,-0.38625,-0.800137
926,0.886409,-0.423243,-0.778836
927,0.893462,-0.402112,-0.79786
928,0.880315,-0.399444,-0.784474
929,0.880315,-0.399444,-0.784474
930,0.880315,-0.399444,-0.784474
931,0.885579,-0.385103,-0.797462
932,0.885116,-0.350305,-0.812845
933,0.885116,-0.350305,-0.812845
934,0.88446,-0.37437,-0.801321
935,0.879778,-0.362029,-0.801839
936,0.890451,-0.386936,-0.801987
937,0.891378,-0.411906,-0.790499
938,0.883181,-0.425634,-0.77385
939,0.883181,-0.425634,-0.77385
940,0.883361,-0.469471,-0.74828
941,0.882894,-0.479524,-0.741322
942,0.883875,-0.471934,-0.747337
943,0.883875,-0.471934,-0.747337
944,0.883875,-0.471934,-0.747337
945,0.894152,-0.478794,-0.755159
946,0.88979,-0.479656,-0.749437
947,0.880744,-0.492279,-0.730322
948,0.888062,-0.459765,-0.759783
949,0.888062,-0.459765,-0.759783
950,0.882813,-0.434078,-0.768724
951,0.877198,-0.409643,-0.775674
952,0.883496,-0.456005,-0.75672
953,0.879763,-0.515625,-0.712821
954,0.876843,-0.497915,-0.721758
955,0.876843,-0.497915,-0.721758
956,0.879618,-0.532534,-0.700098
957,0.880737,-0.518785,-0.71173
958,0.879017,-0.567283,-0.671462
959,0.890972,-0.565816,-0.688246
960,0.88678,-0.590943,-0.661185
961,0.883682,-0.624772,-0.624942
962,0.885388,-0.575101,-0.67318
963,0.885969,-0.552435,-0.692645
964,0.882263,-0.559189,-0.682419
965,0.885092,-0.527904,-0.710426
966,0.877216,-0.563215,-0.67253
967,0.883985,-0.603485,-0.645938
968,0.883985,-0.603485,-0.645938
969,0.876747,-0.574006,-0.662724
970,0.876747,-0.574006,-0.662724
971,0.880876,-0.589623,-0.654438
972,0.889735,-0.646602,-0.611174
973,0.88452,-0.620794,-0.630073
974,0.88452,-0.620794,-0.630073
975,0.883625,-0.646663,-0.60218
976,0.883625,-0.646663,-0.60218
977,0.879966,-0.642594,-0.601176
978,0.879966,-0.642594,-0.601176
979,0.879806,-0.625986,-0.618223
980,0.883115,-0.601681,-0.64643
981,0.890623,-0.574284,-0.68074
982,0.885761,-0.561932,-0.684693
983,0.888508,-0.53947,-0.705987
984,0.886991,-0.501763,-0.731429
985,0.892385,-0.514663,-0.729023
986,0.88299,-0.531534,-0.705084
987,0.89129,-0.524153,-0.720876
988,0.887656,-0.516935,-0.721604
989,0.887656,-0.516935,-0.721604
990,0.886605,-0.502151,-0.730694
991,0.886605,-0.502151,-0.730694
992,0.886605,-0.502151,-0.730694
993,0.886605,-0.502151,-0.730694
994,0.886605,-0.502151,-0.730694
995,0.883697,-0.477386,-0.743655
996,0.885369,-0.478974,-0.744622
997,0.878231,-0.411281,-0.775975
998,0.889653,-0.391609,-0.798828
999,0.877794,-0.396769,-0.783005
1000,0.877794,-0.396769,-0.783005
1001,0.882269,-0.419809,-0.775989
1002,0.881172,-0.41719,-0.776155
1003,0.875246,-0.434166,-0.75997
1004,0.88474,-0.380723,-0.798634
1005,0.88474,-0.380723,-0.798634
1006,0.887386,-0.390836,-0.796681
1007,0.885975,-0.370964,-0.804573
1008,0.889785,-0.321068,-0.829839
1009,0.883084,-0.330116,-0.819061
1010,0.883473,-0.344339,-0.813606
1011,0.881803,-0.372787,-0.799129
1012,0.89076,-0.394975,-0.798404
1013,0.887478,-0.437524,-0.772134
1014,0.876697,-0.427999,-0.765124
1015,0.882421,-0.442016,-0.763734
1016,0.882421,-0.442016,-0.763734
1017,0.885288,-0.485836,-0.740066
1018,0.889958,-0.493965,-0.740286
1019,0.886325,-0.483654,-0.742733
1020,0.886325,-0.483654,-0.742733
1021,0.886325,-0.483654,-0.742733
1022,0.880358,-0.455873,-0.753134
1023,0.880358,-0.455873,-0.753134
1024,0.887038,-0.446064,-0.766722
1025,0.887038,-0.446064,-0.766722
1026,0.88381,-0.437447,-0.767959
1027,0.886697,-0.455801,-0.760576
1028,0.890446,-0.470824,-0.75579
1029,0.886645,-0.432306,-0.774112
1030,0.886645,-0.432306,-0.774112
1031,0.886645,-0.432306,-0.774112
1032,0.883979,-0.427951,-0.773484
1033,0.883979,-0.427951,-0.773484
1034,0.882632,-0.429299,-0.771195
1035,0.879928,-0.455466,-0.752877
1036,0.879928,-0.455466,-0.752877
1037,0.895726,-0.442487,-0.7788
1038,0.895726,-0.442487,-0.7788
1039,0.892748,-0.513524,-0.730269
1040,0.893355,-0.535475,-0.715087
1041,0.884723,-0.498155,-0.731147
1042,0.889971,-0.511206,-0.728503
1043,0.882345,-0.503915,-0.724295
1044,0.874225,-0.509962,-0.710076
1045,0.874225,-0.509962,-0.710076
1046,0.88533,-0.496426,-0.733055
1047,0.888922,-0.54946,-0.698767
1048,0.889031,-0.493489,-0.73949
1049,0.889788,-0.475245,-0.75224
1050,0.89537,-0.505115,-0.739287
1051,0.89537,-0.505115,-0.739287
1052,0.89537,-0.505115,-0.739287
1053,0.888834,-0.484585,-0.74512
1054,0.888226,-0.488381,-0.741909
1055,0.888226,-0.488381,-0.741909
1056,0.887342,-0.465035,-0.755724
1057,0.894262,-0.468407,-0.761774
1058,0.894262,-0.468407,-0.761774
1059,0.888955,-0.456586,-0.762739
1060,0.888955,-0.456586,-0.762739
1061,0.887263,-0.502217,-0.731446
1062,0.885084,-0.51327,-0.72106
1063,0.898332,-0.51244,-0.737839
1064,0.891748,-0.529161,-0.717776
1065,0.890951,-0.504786,-0.734156
1066,0.896992,-0.51998,-0.7309
1067,0.887517,-0.461603,-0.75803
1068,0.890743,-0.489616,-0.74411
1069,0.890743,-0.489616,-0.74411
1070,0.891547,-0.446528,-0.771666
1071,0.891547,-0.446528,-0.771666
1072,0.893235,-0.451876,-0.770504
1073,0.893235,-0.451876,-0.770504
1074,0.894882,-0.453666,-0.771362
1075,0.889634,-0.415744,-0.786515
1076,0.896519,-0.494364,-0.747897
1077,0.892402,-0.533068,-0.715696
1078,0.890133,-0.542423,-0.705773
1079,0.89503,-0.508415,-0.736609
1080,0.89503,-0.508415,-0.736609
1081,0.890274,-0.490864,-0.742725
1082,0.896166,-0.504949,-0.740365
1083,0.895906,-0.44444,-0.777895
1084,0.890085,-0.371563,-0.808821
1085,0.891897,-0.342104,-0.823677
1086,0.891897,-0.342104,-0.823677
1087,0.881641,-0.440893,-0.763482
1088,0.88875,-0.415436,-0.785678
1089,0.87235,-0.433091,-0.757249
1090,0.87235,-0.433091,-0.757249
1091,0.870883,-0.464243,-0.736829
1092,0.884239,-0.476815,-0.744665
1093,0.893305,-0.514905,-0.729977
1094,0.890553,-0.501724,-0.73577
1095,0.894996,-0.46179,-0.76666
1096,0.887147,-0.433005,-0.774297
1097,0.887147,-0.433005,-0.774297
1098,0.89306,-0.405104,-0.795894
1099,0.89306,-0.405104,-0.795894
1100,0.893597,-0.438844,-0.778416
1101,0.88085,-0.398877,-0.785362
1102,0.884313,-0.424275,-0.775886
1103,0.884313,-0.424275,-0.775886
1104,0.879743,-0.448358,-0.756918
1105,0.891544,-0.433245,-0.779197
1106,0.891009,-0.478579,-0.751571
1107,0.883756,-0.503587,-0.72624
1108,0.880168,-0.478564,-0.738696
1109,0.884488,-0.48372,-0.740496
1110,0.890034,-0.521324,-0.721375
1111,0.882967,-0.484559,-0.738129
1112,0.87504,-0.440474,-0.756094
1113,0.882358,-0.452651,-0.757405
1114,0.884348,-0.452226,-0.759975
1115,0.87762,-0.471811,-0.740008
1116,0.888424,-0.472229,-0.752528
1117,0.885435,-0.508751,-0.724684
1118,0.89293,-0.494513,-0.743493
1119,0.889274,-0.484131,-0.745939
1120,0.880991,-0.427192,-0.770487
1121,0.880991,-0.427192,-0.770487
1122,0.886398,-0.438666,-0.770243
1123,0.891016,-0.425565,-0.782818
1124,0.891016,-0.425565,-0.782818
1125,0.881583,-0.443991,-0.761617
1126,0.892432,-0.520232,-0.725116
1127,0.892432,-0.520232,-0.725116
1128,0.8907,-0.525595,-0.719094
1129,0.879657,-0.464722,-0.74688
1130,0.885735,-0.449228,-0.763361
1131,0.885735,-0.449228,-0.763361
1132,0.878015,-0.47338,-0.739474
1133,0.880506,-0.462342,-0.749354
1134,0.888231,-0.451451,-0.764949
1135,0.891582,-0.488661,-0.74574
1136,0.89532,-0.502101,-0.741278
1137,0.89532,-0.502101,-0.741278
1138,0.89532,-0.502101,-0.741278
1139,0.892888,-0.478106,-0.754097
1140,0.892888,-0.478106,-0.754097
1141,0.883227,-0.404329,-0.785244
1142,0.883227,-0.404329,-0.785244
1143,0.889663,-0.429455,-0.779146
1144,0.887864,-0.469391,-0.753641
1145,0.887864,-0.469391,-0.753641
1146,0.887864,-0.469391,-0.753641
1147,0.882378,-0.475279,-0.743439
1148,0.883428,-0.478531,-0.742599
1149,0.888955,-0.470637,-0.75415
1150,0.886047,-0.485369,-0.74128
1151,0.883326,-0.543319,-0.696469
1152,0.882055,-0.576843,-0.667289
1153,0.894731,-0.576137,-0.68455
1154,0.894731,-0.576137,-0.68455
1155,0.893453,-0.550628,-0.70361
1156,0.893453,-0.550628,-0.70361
1157,0.893453,-0.550628,-0.70361
1158,0.895015,-0.52528,-0.72466
1159,0.879805,-0.558381,-0.679902
1160,0.892506,-0.587965,-0.671464
1161,0.895647,-0.571967,-0.689229
1162,0.897278,-0.589063,-0.67684
1163,0.897278,-0.589063,-0.67684
1164,0.893292,-0.580061,-0.679338
1165,0.886097,-0.57814,-0.671508
1166,0.890291,-0.611237,-0.647308
1167,0.890291,-0.611237,-0.647308
1168,0.888684,-0.633822,-0.622919
1169,0.888684,-0.633822,-0.622919
1170,0.890844,-0.64048,-0.619184
1171,0.893426,-0.626059,-0.637386
1172,0.887774,-0.601202,-0.653221
1173,0.890311,-0.628445,-0.630642
1174,0.890311,-0.628445,-0.630642
1175,0.893959,-0.59993,-0.662757
1176,0.890811,-0.596674,-0.661456
1177,0.886218,-0.55228,-0.693086
1178,0.888294,-0.563239,-0.686898
1179,0.885458,-0.602333,-0.649024
1180,0.884448,-0.592924,-0.65627
1181,0.884448,-0.592924,-0.65627
1182,0.889729,-0.595906,-0.660691
1183,0.883639,-0.577186,-0.669085
1184,0.887145,-0.59034,-0.662212
1185,0.890666,-0.611783,-0.647309
1186,0.888334,-0.642405,-0.613557
1187,0.888334,-0.642405,-0.613557
1188,0.888334,-0.642405,-0.613557
1189,0.889126,-0.680693,-0.572016
1190,0.88169,-0.699681,-0.536491
1191,0.885814,-0.712346,-0.526526
1192,0.889733,-0.699289,-0.550109
1193,0.885353,-0.710656,-0.528033
1194,0.888642,-0.732097,-0.503704
1195,0.888642,-0.732097,-0.503704
1196,0.888642,-0.732097,-0.503704
1197,0.893374,-0.71264,-0.538759
1198,0.882526,-0.718901,-0.511891
1199,0.882825,-0.722888,-0.506768
1200,0.892318,-0.771695,-0.448016
1201,0.892318,-0.771695,-0.448016
1202,0.890536,-0.789719,-0.411581
1203,0.883946,-0.756975,-0.456452
1204,0.890039,-0.780064,-0.428567
1205,0.893378,-0.791227,-0.414829
1206,0.891784,-0.81361,-0.365126
1207,0.889254,-0.82533,-0.331062
1208,0.892377,-0.826865,-0.335606
1209,0.886909,-0.790111,-0.402905
1210,0.890033,-0.785814,-0.417919
1211,0.886243,-0.786444,-0.408575
1212,0.892605,-0.806928,-0.38159
1213,0.890685,-0.816738,-0.355331
1214,0.888158,-0.800651,-0.384425
1215,0.883676,-0.765807,-0.440934
1216,0.876354,-0.759898,-0.436522
1217,0.873159,-0.770841,-0.410134
1218,0.879434,-0.759196,-0.443875
1219,0.879434,-0.759196,-0.443875
1220,0.890188,-0.779157,-0.43052
1221,0.890312,-0.762975,-0.45883
1222,0.896697,-0.786015,-0.431563
1223,0.896697,-0.786015,-0.431563
1224,0.896697,-0.786015,-0.431563
1225,0.887454,-0.76375,-0.451951
1226,0.886858,-0.785129,-0.412419
1227,0.887427,-0.785292,-0.413331
1228,0.892955,-0.788156,-0.419736
1229,0.883588,-0.796346,-0.382831
1230,0.883588,-0.796346,-0.382831
1231,0.885818,-0.817185,-0.34188
1232,0.885582,-0.843751,-0.268959
1233,0.885582,-0.843751,-0.268959
1234,0.888893,-0.843455,-0.280562
1235,0.888893,-0.843455,-0.280562
1236,0.890688,-0.842827,-0.288039
1237,0.891113,-0.833866,-0.314245
1238,0.885333,-0.841313,-0.275695
1239,0.88723,-0.848956,-0.257781
1240,0.890076,-0.84859,-0.268571
1241,0.883582,-0.830829,-0.300735
1242,0.890699,-0.85267,-0.257485
1243,0.88895,-0.84281,-0.282671
1244,0.89554,-0.832032,-0.33123
1245,0.885935,-0.799421,-0.381846
1246,0.885935,-0.799421,-0.381846
1247,0.893137,-0.826246,-0.339134
1248,0.893137,-0.826246,-0.339134
1249,0.887554,-0.829727,-0.315126
1250,0.887032,-0.827996,-0.318196
1251,0.887032,-0.827996,-0.318196
1252,0.880498,-0.819436,-0.322181
1253,0.880498,-0.819436,-0.322181
1254,0.880498,-0.819436,-0.322181
1255,0.889917,-0.809949,-0.368695
1256,0.885576,-0.806603,-0.365564
1257,0.885576,-0.806603,-0.365564
1258,0.885576,-0.806603,-0.365564
1259,0.883154,-0.810569,-0.350626
1260,0.883154,-0.810569,-0.350626
1261,0.883154,-0.810569,-0.350626
1262,0.886742,-0.820221,-0.33697
1263,0.883801,-0.8051,-0.36458
1264,0.883801,-0.8051,-0.36458
1265,0.883458,-0.779956,-0.41493
1266,0.882386,-0.789279,-0.394518
1267,0.882386,-0.789279,-0.394518
1268,0.888622,-0.785294,-0.415888
1269,0.881883,-0.775421,-0.420048
1270,0.878525,-0.755365,-0.448586
1271,0.889776,-0.739719,-0.494488
1272,0.889776,-0.739719,-0.494488
1273,0.888511,-0.761089,-0.458471
1274,0.888511,-0.761089,-0.458471
1275,0.888511,-0.761089,-0.458471
1276,0.888233,-0.76616,-0.449396
1277,0.890575,-0.775204,-0.438387
1278,0.890575,-0.775204,-0.438387
1279,0.883305,-0.765045,-0.441512
1280,0.882783,-0.74686,-0.470644
1281,0.882783,-0.74686,-0.470644
1282,0.882957,-0.76413,-0.442401
1283,0.889205,-0.73349,-0.50267
1284,0.88459,-0.754365,-0.461989
1285,0.889304,-0.785975,-0.416059
1286,0.878607,-0.782223,-0.400099
1287,0.882435,-0.784606,-0.403838
1288,0.891674,-0.814009,-0.363967
1289,0.884501,-0.802725,-0.371449
1290,0.88974,-0.810444,-0.367176
1291,0.887259,-0.817191,-0.345583
1292,0.895061,-0.817296,-0.364912
1293,0.874597,-0.775757,-0.403881
1294,0.874602,-0.76265,-0.428127
1295,0.889031,-0.792582,-0.402726
1296,0.879274,-0.788781,-0.388519
1297,0.885733,-0.798951,-0.382361
1298,0.885733,-0.798951,-0.382361
1299,0.891609,-0.80481,-0.383727
1300,0.89156,-0.80207,-0.389311
1301,0.886464,-0.784906,-0.411996
1302,0.890058,-0.80761,-0.374125
1303,0.892838,-0.809084,-0.377549
1304,0.882377,-0.805688,-0.3598
1305,0.888593,-0.841659,-0.28497
1306,0.892757,-0.850349,-0.271886
1307,0.892757,-0.850349,-0.271886
1308,0.87669,-0.824459,-0.298082
1309,0.87669,-0.824459,-0.298082
1310,0.882711,-0.826403,-0.310221
1311,0.875216,-0.81191,-0.32681
1312,0.886081,-0.831801,-0.305361
1313,0.885427,-0.844969,-0.264593
1314,0.879223,-0.840211,-0.258994
1315,0.887088,-0.854204,-0.239294
1316,0.88571,-0.868494,-0.173785
1317,0.882852,-0.86387,-0.18209
1318,0.882852,-0.86387,-0.18209
1319,0.883603,-0.863129,-0.189112
1320,0.883603,-0.863129,-0.189112
1321,0.886338,-0.858644,-0.219831
1322,0.883966,-0.844844,-0.260069
1323,0.887888,-0.852707,-0.247459
1324,0.887888,-0.852707,-0.247459
1325,0.897565,-0.851876,-0.28272
1326,0.892258,-0.858873,-0.24179
1327,0.889851,-0.835811,-0.305375
1328,0.892312,-0.827688,-0.333398
1329,0.888902,-0.839688,-0.291671
1330,0.89255,-0.850665,-0.270211
1331,0.89255,-0.850665,-0.270211
1332,0.891819,-0.868581,-0.202256
1333,0.88727,-0.867376,-0.186835
1334,0.893263,-0.873245,-0.18805
1335,0.88512,-0.87105,-0.157191
1336,0.88512,-0.87105,-0.157191
1337,0.88512,-0.87105,-0.157191
1338,0.881075,-0.872225,-0.124565
1339,0.878858,-0.85472,-0.20456
1340,0.883953,-0.858635,-0.210044
1341,0.888518,-0.865721,-0.199976
1342,0.888518,-0.865721,-0.199976
1343,0.888518,-0.865721,-0.199976
1344,0.885156,-0.863835,-0.193107
1345,0.882341,-0.858193,-0.205015
1346,0.882341,-0.858193,-0.205015
1347,0.8918,-0.864715,-0.218117
1348,0.887098,-0.86747,-0.185576
1349,0.887098,-0.86747,-0.185576
1350,0.884919,-0.851799,-0.239835
1351,0.882739,-0.851526,-0.232661
1352,0.890371,-0.866764,-0.203671
1353,0.890371,-0.866764,-0.203671
1354,0.884722,-0.863946,-0.190603
1355,0.884722,-0.863946,-0.190603
1356,0.884722,-0.863946,-0.190603
1357,0.884722,-0.863946,-0.190603
1358,0.881856,-0.871009,-0.137887
1359,0.881856,-0.871009,-0.137887
1360,0.873236,-0.858451,-0.160007
1361,0.88899,-0.881962,-0.111556
1362,0.88899,-0.881962,-0.111556
1363,0.88899,-0.881962,-0.111556
1364,0.887662,-0.88436,-0.0764989
1365,0.876533,-0.876533,0.000651654
1366,0.87862,-0.878056,0.0314834
1367,0.892253,-0.892203,0.00949031
1368,0.892253,-0.892203,0.00949031
1369,0.889983,-0.888583,0.0499067
1370,0.887289,-0.88714,0.0162819
1371,0.887289,-0.88714,0.0162819
1372,0.891137,-0.890567,0.0318565
1373,0.888068,-0.885841,0.0628543
1374,0.894769,-0.894769,-0.00112862
1375,0.894769,-0.894769,-0.00112862
1376,0.889402,-0.889158,-0.0208627
1377,0.895602,-0.895417,-0.0181965
1378,0.887369,-0.88726,0.0139107
1379,0.890817,-0.89072,0.0131706
1380,0.886903,-0.88443,0.0661908
1381,0.886903,-0.88443,0.0661908
1382,0.884752,-0.88475,0.00195721
1383,0.886236,-0.88567,-0.0316601
1384,0.881897,-0.881841,-0.00987324
1385,0.881368,-0.880149,0.0463341
1386,0.881368,-0.880149,0.0463341
1387,0.887811,-0.886428,0.049545
1388,0.887811,-0.886428,0.049545
1389,0.887811,-0.886428,0.049545
1390,0.882615,-0.882485,0.0151462
1391,0.882615,-0.882485,0.0151462
1392,0.892282,-0.892203,0.0119185
1393,0.885015,-0.880923,0.0850153
1394,0.885015,-0.880923,0.0850153
1395,0.885015,-0.880923,0.0850153
1396,0.891318,-0.884129,0.112982
1397,0.892879,-0.887615,0.09681
1398,0.888227,-0.886054,0.0620965
1399,0.888227,-0.886054,0.0620965
1400,0.89143,-0.890872,0.0315195
1401,0.895473,-0.895447,0.00672037
1402,0.887642,-0.8874,-0.020718
1403,0.880993,-0.87867,-0.0639398
1404,0.89619,-0.895695,-0.0297931
1405,0.88332,-0.88229,0.0426524
1406,0.879208,-0.875295,0.0828531
1407,0.879208,-0.875295,0.0828531
1408,0.88724,-0.880042,0.11278
1409,0.894883,-0.88987,0.0945905
1410,0.888768,-0.888015,0.0365864
1411,0.88996,-0.888771,0.0459801
1412,0.88996,-0.888771,0.0459801
1413,0.882738,-0.880607,0.0612999
1414,0.891742,-0.889609,0.0616413
1415,0.890372,-0.888814,0.0526472
1416,0.882063,-0.880537,0.0518459
1417,0.882063,-0.880537,0.0518459
1418,0.87748,-0.875345,0.0611693
1419,0.887364,-0.871075,0.169242
1420,0.892426,-0.877679,0.161569
1421,0.888186,-0.868838,0.184377
1422,0.884938,-0.861155,0.203781
1423,0.884938,-0.861155,0.203781
1424,0.882592,-0.875206,0.113941
1425,0.882592,-0.875206,0.113941
1426,0.884405,-0.8772,0.112659
1427,0.881265,-0.877076,0.0858255
1428,0.892168,-0.89186,0.0234537
1429,0.89139,-0.890919,0.0289819
1430,0.885356,-0.885355,0.00150637
1431,0.885356,-0.885355,0.00150637
1432,0.887044,-0.886995,0.00930336
1433,0.883516,-0.882498,0.0424081
1434,0.889908,-0.888696,0.0464265
1435,0.887794,-0.887721,-0.0113745
1436,0.88402,-0.882748,-0.0474104
1437,0.88402,-0.882748,-0.0474104
1438,0.890388,-0.889121,-0.0474777
1439,0.88964,-0.889281,-0.0252736
1440,0.88964,-0.889281,-0.0252736
1441,0.889655,-0.8893,-0.0251162
1442,0.889655,-0.8893,-0.0251162
1443,0.890437,-0.88941,-0.0427445
1444,0.890437,-0.88941,-0.0427445
1445,0.890437,-0.88941,-0.0427445
1446,0.888911,-0.887637,-0.0475693
1447,0.893063,-0.891384,-0.0547336
1448,0.891211,-0.891094,-0.014466
1449,0.891211,-0.891094,-0.014466
1450,0.886777,-0.886698,-0.0118721
1451,0.892343,-0.890981,-0.0492773
1452,0.890101,-0.888047,-0.0604319
1453,0.889251,-0.884997,-0.0868763
1454,0.889251,-0.884997,-0.0868763
1455,0.889251,-0.884997,-0.0868763
1456,0.889367,-0.889085,-0.0223966
1457,0.889367,-0.889085,-0.0223966
1458,0.884188,-0.883936,-0.0210933
1459,0.883806,-0.882416,-0.0495369
1460,0.883806,-0.882416,-0.0495369
1461,0.883806,-0.882416,-0.0495369
1462,0.883806,-0.882416,-0.0495369
1463,0.890202,-0.89009,-0.0141082
1464,0.888343,-0.888211,-0.0152904
1465,0.890246,-0.889752,0.029642
1466,0.886631,-0.884735,0.0579546
1467,0.886615,-0.879705,0.110481
1468,0.889546,-0.88559,0.0837993
1469,0.880048,-0.878999,0.0429592
1470,0.889289,-0.888779,0.0301131
1471,0.892784,-0.891119,0.0544987
1472,0.887904,-0.886731,0.045624
1473,0.887904,-0.886731,0.045624
1474,0.875307,-0.874324,0.0414716
1475,0.875307,-0.874324,0.0414716
1476,0.883899,-0.88149,0.065211
1477,0.872659,-0.868295,0.0871629
1478,0.879961,-0.872309,0.115799
1479,0.879961,-0.872309,0.115799
1480,0.887503,-0.884657,0.071018
1481,0.887503,-0.884657,0.071018
1482,0.887503,-0.884657,0.071018
1483,0.887503,-0.884657,0.071018
1484,0.883858,-0.883856,-0.00153404
1485,0.890295,-0.887406,0.071662
1486,0.891047,-0.877687,0.153721
1487,0.891047,-0.877687,0.153721
1488,0.891047,-0.877687,0.153721
1489,0.895008,-0.870942,0.206152
1490,0.885977,-0.860757,0.209885
1491,0.888801,-0.854631,0.244076
1492,0.888801,-0.854631,0.244076
1493,0.894398,-0.832765,0.326267
1494,0.894398,-0.832765,0.326267
1495,0.894398,-0.832765,0.326267
1496,0.89108,-0.824843,0.337133
1497,0.893352,-0.827383,0.336923
1498,0.890777,-0.818094,0.35243
1499,0.887068,-0.808565,0.364845
1500,0.886534,-0.794987,0.392348
1501,0.886534,-0.794987,0.392348
1502,0.879678,-0.782436,0.402027
1503,0.880407,-0.771162,0.424765
1504,0.883656,-0.78492,0.405892
1505,0.884228,-0.796741,0.383486
1506,0.880703,-0.793204,0.382707
1507,0.889252,-0.776824,0.432798
1508,0.883133,-0.753999,0.459794
1509,0.883133,-0.753999,0.459794
1510,0.89484,-0.775241,0.446923
1511,0.89024,-0.761435,0.461241
1512,0.881699,-0.727657,0.497903
1513,0.885743,-0.724908,0.508969
1514,0.893254,-0.746609,0.490385
1515,0.893376,-0.757665,0.473354
1516,0.89115,-0.77109,0.44673
1517,0.894213,-0.734882,0.509475
1518,0.887654,-0.725234,0.511826
1519,0.890752,-0.710045,0.537843
1520,0.882553,-0.707196,0.52799
1521,0.871688,-0.716234,0.49684
1522,0.883403,-0.739274,0.483606
1523,0.893242,-0.786438,0.423554
1524,0.884687,-0.788652,0.400871
1525,0.884687,-0.788652,0.400871
1526,0.894531,-0.789486,0.420591
1527,0.885941,-0.772393,0.433937
1528,0.889258,-0.810561,0.365746
1529,0.883077,-0.797124,0.380025
1530,0.880072,-0.805353,0.354872
1531,0.880072,-0.805353,0.354872
1532,0.887365,-0.816004,0.348647
1533,0.887365,-0.816004,0.348647
1534,0.89222,-0.827098,0.334612
1535,0.888173,-0.809439,0.365596
1536,0.891101,-0.802798,0.386751
1537,0.893971,-0.794918,0.409011
1538,0.893971,-0.794918,0.409011
1539,0.888006,-0.794025,0.397593
1540,0.888711,-0.79939,0.388308
1541,0.889934,-0.781485,0.42575
1542,0.889934,-0.781485,0.42575
1543,0.893596,-0.764737,0.462267
1544,0.888596,-0.765548,0.451154
1545,0.885299,-0.748115,0.473369
1546,0.891132,-0.748204,0.484052
1547,0.885017,-0.719461,0.515394
1548,0.887941,-0.698362,0.548388
1549,0.882024,-0.651065,0.595047
1550,0.893052,-0.725624,0.520587
1551,0.890557,-0.700588,0.54979
1552,0.882383,-0.718653,0.511994
1553,0.891802,-0.67895,0.57822
1554,0.891725,-0.648201,0.612379
1555,0.891725,-0.648201,0.612379
1556,0.891725,-0.648201,0.612379
1557,0.891725,-0.648201,0.612379
1558,0.891725,-0.648201,0.612379
1559,0.890154,-0.673018,0.582599
1560,0.886484,-0.63361,0.619994
1561,0.886484,-0.63361,0.619994
1562,0.895474,-0.655582,0.609988
1563,0.887728,-0.676424,0.574901
1564,0.875898,-0.645621,0.591921
1565,0.892419,-0.702384,0.550517
1566,0.888401,-0.683219,0.567863
1567,0.891349,-0.683606,0.572001
1568,0.891264,-0.668514,0.589441
1569,0.891264,-0.668514,0.589441
1570,0.888647,-0.662814,0.591923
1571,0.884581,-0.661558,0.587217
1572,0.882437,-0.64193,0.605492
1573,0.882778,-0.644408,0.603354
1574,0.889044,-0.63495,0.622284
1575,0.889044,-0.63495,0.622284
1576,0.890139,-0.682734,0.571159
1577,0.884554,-0.699059,0.54199
1578,0.883281,-0.680501,0.56312
1579,0.883281,-0.680501,0.56312
1580,0.885099,-0.696172,0.546575
1581,0.885099,-0.696172,0.546575
1582,0.885099,-0.696172,0.546575
1583,0.877226,-0.690399,0.54118
1584,0.877226,-0.690399,0.54118
1585,0.877226,-0.690399,0.54118
1586,0.879429,-0.691455,0.543401
1587,0.881829,-0.720839,0.507951
1588,0.88689,-0.776155,0.429136
1589,0.88689,-0.776155,0.429136
1590,0.88689,-0.776155,0.429136
1591,0.882119,-0.752715,0.45995
1592,0.880268,-0.736877,0.481542
1593,0.884978,-0.741895,0.48247
1594,0.883762,-0.71413,0.520628
1595,0.879546,-0.695041,0.538998
1596,0.874613,-0.659953,0.573943
1597,0.882036,-0.689214,0.550429
1598,0.884421,-0.715739,0.519537
1599,0.874519,-0.677203,0.553335
1600,0.877006,-0.676338,0.558307
1601,0.877006,-0.676338,0.558307
1602,0.877957,-0.663214,0.575287
1603,0.881623,-0.679129,0.562177
1604,0.881623,-0.679129,0.562177
1605,0.884459,-0.670121,0.577239
1606,0.8864,-0.707064,0.534571
1607,0.88778,-0.69151,0.556746
1608,0.88778,-0.69151,0.556746
1609,0.882353,-0.716651,0.514741
1610,0.878748,-0.707072,0.521772
1611,0.884526,-0.675449,0.5711
1612,0.884526,-0.675449,0.5711
1613,0.879274,-0.670092,0.569296
1614,0.888495,-0.703165,0.543122
1615,0.888495,-0.703165,0.543122
1616,0.879974,-0.692305,0.543201
1617,0.883863,-0.715246,0.519266
1618,0.883863,-0.715246,0.519266
1619,0.883863,-0.715246,0.519266
1620,0.883863,-0.715246,0.519266
1621,0.880273,-0.667552,0.573808
1622,0.879399,-0.673709,0.565207
1623,0.888643,-0.693575,0.555554
1624,0.888422,-0.663793,0.590485
1625,0.883962,-0.639563,0.610204
1626,0.883962,-0.639563,0.610204
1627,0.883962,-0.639563,0.610204
1628,0.882955,-0.630315,0.618314
1629,0.885281,-0.64255,0.608976
1630,0.875155,-0.612829,0.62477
1631,0.884053,-0.649147,0.600131
1632,0.873858,-0.58485,0.649291
1633,0.876628,-0.548285,0.684002
1634,0.880873,-0.568758,0.672645
1635,0.876307,-0.562309,0.672104
1636,0.872265,-0.555172,0.672778
1637,0.882811,-0.572093,0.672358
1638,0.884113,-0.571867,0.674257
1639,0.877447,-0.56402,0.672156
1640,0.877447,-0.56402,0.672156
1641,0.881857,-0.539135,0.697858
1642,0.880482,-0.537077,0.697708
1643,0.882332,-0.526444,0.708072
1644,0.883052,-0.510939,0.720224
1645,0.889266,-0.478233,0.749725
1646,0.889266,-0.478233,0.749725
1647,0.889266,-0.478233,0.749725
1648,0.885153,-0.441541,0.767161
1649,0.885153,-0.441541,0.767161
1650,0.885153,-0.441541,0.767161
1651,0.882878,-0.444704,0.7627
1652,0.875922,-0.466647,0.741269
1653,0.875922,-0.466647,0.741269
1654,0.89119,-0.474716,0.754231
1655,0.887096,-0.483486,0.743761
1656,0.887096,-0.483486,0.743761
1657,0.888764,-0.445834,0.768853
1658,0.885533,-0.494762,0.734424
1659,0.882594,-0.482332,0.73914
1660,0.893797,-0.516276,0.729611
1661,0.884777,-0.489495,0.737038
1662,0.889643,-0.491853,0.741314
1663,0.889643,-0.491853,0.741314
1664,0.884396,-0.527097,0.710157
1665,0.88093,-0.46079,0.750806
1666,0.88243,-0.46474,0.750132
1667,0.88243,-0.46474,0.750132
1668,0.88243,-0.46474,0.750132
1669,0.885294,-0.478187,0.745039
1670,0.87743,-0.51369,0.711341
1671,0.884753,-0.596951,0.653021
1672,0.882127,-0.602296,0.644505
1673,0.879111,-0.645691,0.59659
1674,0.871418,-0.650822,0.579483
1675,0.871418,-0.650822,0.579483
1676,0.873601,-0.641046,0.593496
1677,0.873601,-0.641046,0.593496
1678,0.873303,-0.662934,0.568486
1679,0.883878,-0.688298,0.554515
1680,0.881635,-0.685645,0.55423
1681,0.888497,-0.723665,0.515496
1682,0.888497,-0.723665,0.515496
1683,0.882464,-0.715,0.517221
1684,0.88066,-0.696861,0.538466
1685,0.878446,-0.688996,0.544933
1686,0.886295,-0.705171,0.536891
1687,0.886295,-0.705171,0.536891
1688,0.886295,-0.705171,0.536891
1689,0.886295,-0.705171,0.536891
1690,0.8916,-0.726335,0.517096
1691,0.892196,-0.711072,0.538879
1692,0.893656,-0.644548,0.619015
1693,0.886686,-0.634614,0.619255
1694,0.886686,-0.634614,0.619255
1695,0.882004,-0.662118,0.582694
1696,0.882004,-0.662118,0.582694
1697,0.885636,-0.622336,0.630117
1698,0.885636,-0.622336,0.630117
1699,0.885636,-0.622336,0.630117
1700,0.881203,-0.617941,0.628225
1701,0.881203,-0.617941,0.628225
1702,0.888398,-0.610736,0.645176
1703,0.882375,-0.597269,0.649504
1704,0.882375,-0.597269,0.649504
1705,0.882375,-0.597269,0.649504
1706,0.883012,-0.599079,0.648702
1707,0.883012,-0.599079,0.648702
1708,0.883115,-0.594785,0.652781
1709,0.882849,-0.575568,0.669436
1710,0.886764,-0.592915,0.659395
1711,0.885817,-0.565187,0.682081
1712,0.885936,-0.550421,0.694204
1713,0.885936,-0.550421,0.694204
1714,0.885936,-0.550421,0.694204
1715,0.88477,-0.517774,0.717446
1716,0.882717,-0.538436,0.699483
1717,0.881013,-0.512003,0.716964
1718,0.882172,-0.526931,0.70751
1719,0.882172,-0.526931,0.70751
1720,0.886133,-0.505367,0.727897
1721,0.881784,-0.499175,0.726889
1722,0.892566,-0.460171,0.764799
1723,0.892566,-0.460171,0.764799
1724,0.885672,-0.440946,0.768103
1725,0.889435,-0.47202,0.753851
1726,0.883745,-0.443381,0.764472
1727,0.883745,-0.443381,0.764472
1728,0.883745,-0.443381,0.764472
1729,0.882365,-0.429459,0.7708
1730,0.88461,-0.372688,0.802271
1731,0.879323,-0.31566,0.820711
1732,0.879323,-0.31566,0.820711
1733,0.875013,-0.286771,0.826686
1734,0.886471,-0.300492,0.833987
1735,0.891747,-0.328217,0.829148
1736,0.893158,-0.373821,0.811165
1737,0.871006,-0.289436,0.82151
1738,0.871006,-0.289436,0.82151
1739,0.871006,-0.289436,0.82151
1740,0.884096,-0.351087,0.811396
1741,0.885252,-0.324964,0.82345
1742,0.885252,-0.324964,0.82345
1743,0.888833,-0.386725,0.800292
1744,0.889435,-0.385611,0.801497
1745,0.883264,-0.385557,0.79467
1746,0.892163,-0.402602,0.796157
1747,0.889545,-0.35976,0.81355
1748,0.883545,-0.342232,0.814573
1749,0.881397,-0.379535,0.795496
1750,0.884012,-0.325833,0.821773
1751,0.884012,-0.325833,0.821773
1752,0.878541,-0.341376,0.809504
1753,0.876298,-0.384844,0.78727
1754,0.883752,-0.400626,0.787729
1755,0.883752,-0.400626,0.787729
1756,0.889906,-0.488281,0.743985
1757,0.889813,-0.498769,0.736884
1758,0.885489,-0.512441,0.722146
1759,0.885489,-0.512441,0.722146
1760,0.890805,-0.540185,0.708331
1761,0.888446,-0.527401,0.714971
1762,0.888954,-0.515589,0.72416
1763,0.888954,-0.515589,0.72416
1764,0.888954,-0.515589,0.72416
1765,0.882954,-0.500204,0.727601
1766,0.882954,-0.500204,0.727601
1767,0.874881,-0.501008,0.717222
1768,0.874881,-0.501008,0.717222
1769,0.874881,-0.501008,0.717222
1770,0.874881,-0.501008,0.717222
1771,0.883973,-0.472931,0.746822
1772,0.883973,-0.472931,0.746822
1773,0.882967,-0.405064,0.784573
1774,0.873195,-0.39976,0.776312
1775,0.889371,-0.412608,0.787868
1776,0.879092,-0.415705,0.774591
1777,0.887438,-0.403036,0.790637
1778,0.894674,-0.359591,0.819229
1779,0.888722,-0.339995,0.821115
1780,0.89073,-0.293081,0.841132
1781,0.89073,-0.293081,0.841132
1782,0.885193,-0.277162,0.840682
1783,0.884042,-0.243831,0.849751
1784,0.884696,-0.214544,0.858287
1785,0.884696,-0.214544,0.858287
1786,0.8965,-0.22799,0.867025
1787,0.887495,-0.198879,0.864925
1788,0.88029,-0.21693,0.853143
1789,0.882242,-0.205965,0.857864
1790,0.882242,-0.205965,0.857864
1791,0.889623,-0.254039,0.85258
1792,0.886615,-0.288347,0.838416
1793,0.885265,-0.312564,0.82825
1794,0.880467,-0.283967,0.833418
1795,0.883729,-0.285803,0.836237
1796,0.879712,-0.320111,0.819404
1797,0.881573,-0.323285,0.820157
1798,0.883146,-0.436611,0.76767
1799,0.891146,-0.416864,0.787632
1800,0.881054,-0.453586,0.755325
1801,0.881054,-0.453586,0.755325
1802,0.884508,-0.459874,0.75556
1803,0.884508,-0.459874,0.75556
1804,0.88284,-0.455154,0.756466
1805,0.88284,-0.455154,0.756466
1806,0.894776,-0.429556,0.784924
1807,0.883801,-0.444764,0.763734
1808,0.886535,-0.478314,0.746431
1809,0.886535,-0.478314,0.746431
1810,0.886535,-0.478314,0.746431
1811,0.886535,-0.478314,0.746431
1812,0.876288,-0.422521,0.767695
1813,0.883152,-0.461172,0.753179
1814,0.883152,-0.461172,0.753179
1815,0.887275,-0.415639,0.783901
1816,0.887275,-0.415639,0.783901
1817,0.887275,-0.415639,0.783901
1818,0.887275,-0.415639,0.783901
1819,0.887275,-0.415639,0.783901
1820,0.885979,-0.406687,0.787124
1821,0.884604,-0.402359,0.787801
1822,0.880021,-0.41613,0.775417
1823,0.880987,-0.372167,0.798517
1824,0.880987,-0.372167,0.798517
1825,0.877603,-0.33996,0.809083
1826,0.885793,-0.325053,0.823996
1827,0.889268,-0.311386,0.832969
1828,0.889268,-0.311386,0.832969
1829,0.882274,-0.268176,0.840529
1830,0.882274,-0.268176,0.840529
1831,0.890817,-0.270232,0.84884
1832,0.889771,-0.292659,0.840264
1833,0.892881,-0.322921,0.832441
1834,0.878836,-0.30588,0.823887
1835,0.877467,-0.263706,0.836904
1836,0.877613,-0.208534,0.852477
1837,0.877613,-0.208534,0.852477
1838,0.883998,-0.114873,0.876502
1839,0.883998,-0.114873,0.876502
1840,0.883998,-0.114873,0.876502
1841,0.886343,-0.0506425,0.884895
1842,0.889958,0.0136227,0.889854
1843,0.889958,0.0136227,0.889854
1844,0.889958,0.0136227,0.889854
1845,0.882611,0.00786377,0.882576
1846,0.88319,-0.00324075,0.883184
1847,0.88319,-0.00324075,0.883184
1848,0.885224,0.0239408,0.8849
1849,0.878154,0.0445934,0.877021
1850,0.887031,0.137345,0.876334
1851,0.887031,0.137345,0.876334
1852,0.891835,0.185559,0.872317
1853,0.891835,0.185559,0.872317
1854,0.881912,0.183548,0.8626
1855,0.88826,0.23059,0.857807
1856,0.88478,0.213136,0.858725
1857,0.886502,0.182606,0.867491
1858,0.888161,0.156555,0.874254
1859,0.888161,0.156555,0.874254
1860,0.890723,0.176901,0.87298
1861,0.887157,0.163251,0.872008
1862,0.886039,0.106285,0.879641
1863,0.886039,0.106285,0.879641
1864,0.889263,0.0427795,0.888234
1865,0.889263,0.0427795,0.888234
1866,0.886003,0.0288587,0.885532
1867,0.886003,0.0288587,0.885532
1868,0.88973,0.00664385,0.889705
1869,0.884591,0.0314569,0.884031
1870,0.880086,0.080806,0.876369
1871,0.876119,0.0769096,0.872736
1872,0.876119,0.0769096,0.872736
1873,0.888226,0.08145,0.884484
1874,0.890078,0.137825,0.879343
1875,0.890729,0.133685,0.88064
1876,0.879707,0.0969165,0.874352
1877,0.879707,0.0969165,0.874352
1878,0.893754,0.0469239,0.892521
1879,0.890034,0.0110808,0.889965
1880,0.886274,-0.020133,0.886045
1881,0.891233,-0.0211871,0.890981
1882,0.886369,-0.00655494,0.886345
1883,0.88118,0.0326761,0.880574
1884,0.889868,0.0500761,0.888458
1885,0.891391,0.0868621,0.887149
1886,0.891391,0.0868621,0.887149
1887,0.891391,0.0868621,0.887149
1888,0.882924,0.104501,0.876718
1889,0.882924,0.104501,0.876718
1890,0.885413,0.154721,0.87179
1891,0.885413,0.154721,0.87179
1892,0.8782,0.141009,0.866805
1893,0.889338,0.149877,0.876618
1894,0.889438,0.0852179,0.885346
1895,0.889438,0.0852179,0.885346
1896,0.889438,0.0852179,0.885346
1897,0.891498,0.0701823,0.888731
1898,0.887795,0.0305363,0.88727
1899,0.887795,0.0305363,0.88727
1900,0.887795,0.0305363,0.88727
1901,0.887795,0.0305363,0.88727
1902,0.887598,0.0459263,0.886409
1903,0.885058,-0.00188955,0.885056
1904,0.885058,-0.00188955,0.885056
1905,0.885058,-0.00188955,0.885056
1906,0.887144,-0.0491622,0.885781
1907,0.887144,-0.0491622,0.885781
1908,0.889032,-0.0378991,0.888224
1909,0.885421,-0.0864,0.881195
1910,0.882952,-0.0138834,0.882842
1911,0.884935,-0.0166261,0.884779
1912,0.886701,-0.0400506,0.885796
1913,0.882843,0.00653491,0.882819
1914,0.882843,0.00653491,0.882819
1915,0.882843,0.00653491,0.882819
1916,0.893898,0.00451699,0.893886
1917,0.893898,0.00451699,0.893886
1918,0.890378,0.00280182,0.890374
1919,0.885235,0.0514254,0.88374
1920,0.885235,0.0514254,0.88374
1921,0.885235,0.0514254,0.88374
1922,0.882652,0.03673,0.881888
1923,0.888041,0.0441265,0.886944
1924,0.880905,0.0231255,0.880601
1925,0.882768,0.047627,0.881482
1926,0.88119,0.109295,0.874386
1927,0.88119,0.109295,0.874386
1928,0.878329,0.0981301,0.87283
1929,0.878329,0.0981301,0.87283
1930,0.883069,0.162621,0.867966
1931,0.883069,0.162621,0.867966
1932,0.882086,0.151622,0.868958
1933,0.881791,0.137116,0.871065
1934,0.884458,0.175701,0.86683
1935,0.883691,0.165813,0.867995
1936,0.886501,0.141221,0.87518
1937,0.886501,0.141221,0.87518
1938,0.886501,0.141221,0.87518
1939,0.882464,0.107207,0.875927
1940,0.88493,0.0204432,0.884694
1941,0.88493,0.0204432,0.884694
1942,0.88493,0.0204432,0.884694
1943,0.88615,-0.0346482,0.885472
1944,0.891655,0.0374143,0.89087
1945,0.891655,0.0374143,0.89087
1946,0.878401,-0.00494639,0.878387
1947,0.878401,-0.00494639,0.878387
1948,0.890471,-0.000206606,0.890471
1949,0.890471,-0.000206606,0.890471
1950,0.882515,0.0168231,0.882355
1951,0.894944,-0.0256221,0.894578
1952,0.894341,0.0162384,0.894194
1953,0.89413,0.0131754,0.894033
1954,0.88667,0.0641401,0.884347
1955,0.888395,0.115339,0.880876
1956,0.890321,0.106635,0.883912
1957,0.887374,0.102637,0.881419
1958,0.877104,0.0965369,0.871775
1959,0.890952,0.0939045,0.88599
1960,0.886443,0.111685,0.879379
1961,0.882023,0.0622429,0.879824
1962,0.886999,0.0375474,0.886204
1963,0.886999,0.0375474,0.886204
1964,0.886999,0.0375474,0.886204
1965,0.887773,0.0545737,0.886094
1966,0.886998,0.099463,0.881404
1967,0.886078,0.0785109,0.882593
1968,0.882536,0.0747068,0.879369
1969,0.888133,0.0543036,0.886471
1970,0.884471,-0.0338051,0.883825
1971,0.884568,-0.0374464,0.883775
1972,0.889955,-0.0296278,0.889461
1973,0.889955,-0.0296278,0.889461
1974,0.887002,-0.0484277,0.885679
1975,0.88281,-0.0873935,0.878474
1976,0.887565,-0.119741,0.879451
1977,0.887565,-0.119741,0.879451
1978,0.887565,-0.119741,0.879451
1979,0.887565,-0.119741,0.879451
1980,0.887565,-0.119741,0.879451
1981,0.889829,-0.161061,0.875131
1982,0.893889,-0.135281,0.883593
1983,0.881598,-0.114439,0.874139
1984,0.889936,-0.109609,0.88316
1985,0.88908,-0.088755,0.884639
1986,0.893461,-0.116707,0.885806
1987,0.893461,-0.116707,0.885806
1988,0.887286,-0.0611535,0.885176
1989,0.888983,-0.0162808,0.888834
1990,0.888983,-0.0162808,0.888834
1991,0.885398,0.0219461,0.885126
1992,0.885398,0.0219461,0.885126
1993,0.885398,0.0219461,0.885126
1994,0.885398,0.0219461,0.885126
1995,0.881024,0.0488758,0.879668
1996,0.879484,-0.0145909,0.879363
1997,0.883288,-0.0165879,0.883132
1998,0.891244,-0.0346486,0.89057
1999,0.889786,-0.0654774,0.887374
2000,0.891453,-0.0423219,0.890447
2001,0.892179,-0.0869941,0.887927
2002,0.892179,-0.0869941,0.887927
2003,0.894826,-0.112218,0.887761
2004,0.888782,-0.109125,0.882058
2005,0.891659,-0.0841246,0.887681
2006,0.891659,-0.0841246,0.887681
2007,0.888963,-0.0503146,0.887537
2008,0.888963,-0.0503146,0.887537
2009,0.888963,-0.0503146,0.887537
2010,0.888963,-0.0503146,0.887537
2011,0.888742,-0.086896,0.884484
2012,0.883737,-0.111743,0.876644
2013,0.88912,-0.0808074,0.88544
2014,0.879209,-0.120698,0.870885
2015,0.879209,-0.120698,0.870885
2016,0.887548,-0.0796259,0.883969
2017,0.890017,-0.10857,0.88337
2018,0.883297,-0.17697,0.865387
2019,0.883297,-0.17697,0.865387
2020,0.886804,-0.209478,0.861707
2021,0.892852,-0.276356,0.849006
2022,0.883456,-0.345901,0.812925
2023,0.883456,-0.345901,0.812925
2024,0.890303,-0.354173,0.816824
2025,0.88851,-0.38666,0.799965
2026,0.886729,-0.355985,0.812135
2027,0.892185,-0.389844,0.802506
2028,0.885902,-0.386886,0.796957
2029,0.886482,-0.411316,0.785282
2030,0.892563,-0.396267,0.799775
2031,0.892563,-0.396267,0.799775
2032,0.882436,-0.369356,0.801418
2033,0.892429,-0.399484,0.798024
2034,0.890804,-0.388099,0.801817
2035,0.891552,-0.367165,0.812438
2036,0.892704,-0.397622,0.79926
2037,0.886718,-0.421403,0.780185
2038,0.886716,-0.430579,0.775156
2039,0.887529,-0.433714,0.774339
2040,0.89425,-0.447265,0.774362
2041,0.890528,-0.449971,0.768482
2042,0.888557,-0.446923,0.76798
2043,0.882392,-0.432081,0.769364
2044,0.886399,-0.458885,0.758371
2045,0.889953,-0.463459,0.759751
2046,0.889861,-0.405863,0.791914
2047,0.892399,-0.469782,0.758736
2048,0.894741,-0.490025,0.748624
2049,0.894741,-0.490025,0.748624
2050,0.886182,-0.47018,0.751165
2051,0.893242,-0.478429,0.754313
2052,0.890968,-0.474144,0.754329
2053,0.890968,-0.474144,0.754329
2054,0.889081,-0.419687,0.78379
2055,0.887931,-0.414939,0.785014
2056,0.894535,-0.38619,0.806876
2057,0.88862,-0.374076,0.806048
2058,0.88862,-0.374076,0.806048
2059,0.88862,-0.374076,0.806048
2060,0.892584,-0.383877,0.805819
2061,0.890564,-0.41206,0.7895
2062,0.893496,-0.421134,0.788024
2063,0.895188,-0.460049,0.76793
2064,0.895065,-0.464279,0.765236
2065,0.895797,-0.487416,0.751584
2066,0.894801,-0.472651,0.759783
2067,0.891966,-0.490046,0.74529
2068,0.896914,-0.49067,0.750798
2069,0.883864,-0.465489,0.751356
2070,0.880995,-0.464029,0.748885
2071,0.882785,-0.414021,0.779676
2072,0.889279,-0.453912,0.76471
2073,0.883978,-0.482014,0.740999
2074,0.884785,-0.484594,0.740279
2075,0.893002,-0.447418,0.772833
2076,0.886819,-0.431229,0.774913
2077,0.886819,-0.431229,0.774913
2078,0.89489,-0.354495,0.821682
2079,0.893896,-0.339259,0.827015
2080,0.894568,-0.323781,0.833917
2081,0.895434,-0.309408,0.840279
2082,0.888562,-0.253909,0.851513
2083,0.890741,-0.27041,0.848704
2084,0.890741,-0.27041,0.848704
2085,0.890383,-0.302264,0.837507
2086,0.893171,-0.300586,0.841073
2087,0.886221,-0.26279,0.846363
2088,0.891234,-0.189406,0.870875
2089,0.886702,-0.200936,0.863635
2090,0.890501,-0.255744,0.852988
2091,0.890341,-0.308225,0.835287
2092,0.880221,-0.292526,0.830191
2093,0.880221,-0.292526,0.830191
2094,0.880221,-0.292526,0.830191
2095,0.880221,-0.292526,0.830191
2096,0.883346,-0.313192,0.82596
2097,0.892762,-0.34145,0.824885
2098,0.886668,-0.373975,0.803943
2099,0.890078,-0.366199,0.811256
2100,0.889271,-0.397913,0.795279
2101,0.889271,-0.397913,0.795279
2102,0.89304,-0.406301,0.795261
2103,0.89304,-0.406301,0.795261
2104,0.89304,-0.406301,0.795261
2105,0.884212,-0.383647,0.796646
2106,0.884212,-0.383647,0.796646
2107,0.884208,-0.377059,0.799781
2108,0.885115,-0.397696,0.790737
2109,0.885018,-0.420312,0.778841
2110,0.882807,-0.440266,0.765189
2111,0.882807,-0.440266,0.765189
2112,0.884168,-0.388201,0.794389
2113,0.896907,-0.404135,0.800697
2114,0.894412,-0.358125,0.819585
2115,0.88608,-0.366269,0.806836
2116,0.895555,-0.363339,0.818538
2117,0.892324,-0.344328,0.823214
2118,0.891379,-0.336331,0.825492
2119,0.893212,-0.34867,0.822349
2120,0.893212,-0.34867,0.822349
2121,0.887487,-0.33405,0.822219
2122,0.889042,-0.356091,0.814614
2123,0.88455,-0.339955,0.816615
2124,0.88455,-0.339955,0.816615
2125,0.876955,-0.28551,0.829176
2126,0.869258,-0.295803,0.81738
2127,0.877709,-0.290343,0.828296
2128,0.877709,-0.290343,0.828296
2129,0.882661,-0.25851,0.843956
2130,0.882196,-0.249774,0.846099
2131,0.898227,-0.247069,0.863579
2132,0.890286,-0.239349,0.857509
2133,0.890286,-0.239349,0.857509
2134,0.892023,-0.246945,0.85716
2135,0.888725,-0.20338,0.865141
2136,0.880429,-0.205788,0.856041
2137,0.880429,-0.205788,0.856041
2138,0.890823,-0.219016,0.86348
2139,0.888456,-0.276396,0.844369
2140,0.883316,-0.243419,0.849114
2141,0.880568,-0.16241,0.865461
2142,0.880568,-0.16241,0.865461
2143,0.891214,-0.153509,0.877894
2144,0.887722,-0.205226,0.863674
2145,0.882615,-0.20737,0.857909
2146,0.882615,-0.20737,0.857909
2147,0.882615,-0.20737,0.857909
2148,0.89201,-0.19805,0.869746
2149,0.89201,-0.19805,0.869746
2150,0.894595,-0.20536,0.870705
2151,0.887968,-0.210661,0.862618
2152,0.896432,-0.237935,0.864279
2153,0.899284,-0.185179,0.880011
2154,0.899284,-0.185179,0.880011
2155,0.894107,-0.17102,0.877599
2156,0.894107,-0.17102,0.877599
2157,0.886374,-0.143794,0.874633
2158,0.883418,-0.0847854,0.87934
2159,0.889147,-0.069977,0.886389
2160,0.894121,-0.0549669,0.89243
2161,0.894121,-0.0549669,0.89243
2162,0.894121,-0.0549669,0.89243
2163,0.897875,-0.0896821,0.893385
2164,0.891889,-0.0426383,0.890869
2165,0.887954,-0.0961449,0.882734
2166,0.887954,-0.0961449,0.882734
2167,0.887954,-0.0961449,0.882734
2168,0.887954,-0.0961449,0.882734
2169,0.887954,-0.0961449,0.882734
2170,0.896062,-0.0863798,0.891889
2171,0.89196,-0.0771228,0.88862
2172,0.889257,-0.0907819,0.884611
2173,0.890038,-0.0996321,0.884444
2174,0.889128,-0.0856211,0.884996
2175,0.889969,0.0126783,0.889879
2176,0.891624,0.00212465,0.891621
2177,0.891624,0.00212465,0.891621
2178,0.891399,-0.0369896,0.890631
2179,0.891451,-0.0150425,0.891324
2180,0.884775,-0.021809,0.884506
2181,0.88222,-0.0467645,0.88098
2182,0.88807,-0.0205834,0.887831
2183,0.88807,-0.0205834,0.887831
2184,0.893997,-0.0414057,0.893038
2185,0.891479,-0.0625535,0.889281
2186,0.881127,-0.0555584,0.879374
2187,0.892612,-0.0288635,0.892145
2188,0.886306,-0.0551914,0.884586
2189,0.886306,-0.0551914,0.884586
2190,0.889365,-0.0534854,0.887755
2191,0.889365,-0.0534854,0.887755
2192,0.889365,-0.0534854,0.887755
2193,0.891939,-0.114799,0.88452
2194,0.887613,-0.164857,0.872169
2195,0.889884,-0.236675,0.857834
2196,0.889884,-0.236675,0.857834
2197,0.892626,-0.201689,0.869541
2198,0.891035,-0.179385,0.872791
2199,0.886849,-0.184127,0.867524
2200,0.887141,-0.236788,0.854956
2201,0.887141,-0.236788,0.854956
2202,0.876473,-0.27311,0.832836
2203,0.89447,-0.270217,0.852677
2204,0.885851,-0.300106,0.833468
2205,0.88276,-0.27667,0.838284
2206,0.885879,-0.272298,0.842993
2207,0.885879,-0.272298,0.842993
2208,0.885879,-0.272298,0.842993
2209,0.892847,-0.323666,0.832115
2210,0.887848,-0.297671,0.83646
2211,0.887,-0.37675,0.803013
2212,0.887524,-0.344678,0.817861
2213,0.88487,-0.33059,0.820795
2214,0.884246,-0.267321,0.84287
2215,0.887836,-0.222905,0.859399
2216,0.887836,-0.222905,0.859399
2217,0.888913,-0.212266,0.863197
2218,0.888913,-0.212266,0.863197
2219,0.888913,-0.212266,0.863197
2220,0.891237,-0.218891,0.863939
2221,0.886543,-0.26386,0.846366
2222,0.886543,-0.26386,0.846366
2223,0.882423,-0.27163,0.839576
2224,0.885301,-0.234914,0.853565
2225,0.885301,-0.234914,0.853565
2226,0.886692,-0.235741,0.85478
2227,0.886692,-0.235741,0.85478
2228,0.881064,-0.278203,0.835989
2229,0.8866,-0.311611,0.830035
2230,0.880849,-0.312136,0.82369
2231,0.880849,-0.312136,0.82369
2232,0.887057,-0.284438,0.840217
2233,0.88599,-0.244841,0.851487
2234,0.8854,-0.290761,0.836296
2235,0.881782,-0.301227,0.828735
2236,0.89177,-0.343967,0.822764
2237,0.888107,-0.359762,0.811976
2238,0.884545,-0.41592,0.78066
2239,0.884545,-0.41592,0.78066
2240,0.891186,-0.430924,0.780075
2241,0.894001,-0.427766,0.785019
2242,0.894001,-0.427766,0.785019
2243,0.889162,-0.460004,0.760924
2244,0.888872,-0.438958,0.772922
2245,0.889112,-0.452927,0.765099
2246,0.891064,-0.431519,0.779606
2247,0.877065,-0.405983,0.777445
2248,0.883152,-0.474272,0.744999
2249,0.885582,-0.520059,0.716795
2250,0.889237,-0.480231,0.748413
2251,0.888914,-0.494872,0.738424
2252,0.886291,-0.500974,0.73112
2253,0.886291,-0.500974,0.73112
2254,0.892159,-0.51326,0.729734
2255,0.891231,-0.503884,0.735115
2256,0.89752,-0.492311,0.750448
2257,0.888474,-0.485691,0.743969
2258,0.880415,-0.517821,0.712034
2259,0.8813,-0.532042,0.702581
2260,0.87971,-0.498482,0.724849
2261,0.887808,-0.514184,0.723753
2262,0.887808,-0.514184,0.723753
2263,0.887808,-0.514184,0.723753
2264,0.885179,-0.503774,0.727842
2265,0.885998,-0.53915,0.703071
2266,0.887287,-0.539491,0.704434
2267,0.887287,-0.539491,0.704434
2268,0.883717,-0.551685,0.690361
2269,0.894207,-0.556961,0.699571
2270,0.888266,-0.49107,0.74018
2271,0.885478,-0.424426,0.777131
2272,0.885478,-0.424426,0.777131
2273,0.885478,-0.424426,0.777131
2274,0.89484,-0.400427,0.800248
2275,0.887358,-0.396279,0.793956
2276,0.886343,-0.384458,0.798621
2277,0.879284,-0.401323,0.782356
2278,0.88245,-0.416384,0.778038
2279,0.886804,-0.467874,0.753336
2280,0.886927,-0.50153,0.73151
2281,0.883394,-0.504406,0.72523
2282,0.883394,-0.504406,0.72523
2283,0.8911,-0.48862,0.745191
2284,0.88928,-0.497262,0.737258
2285,0.88928,-0.497262,0.737258
2286,0.893851,-0.512273,0.732494
2287,0.891449,-0.50975,0.731325
2288,0.891755,-0.486566,0.747315
2289,0.891755,-0.486566,0.747315
2290,0.891755,-0.486566,0.747315
2291,0.88268,-0.512,0.719014
2292,0.88268,-0.512,0.719014
2293,0.876611,-0.475552,0.736407
2294,0.876611,-0.475552,0.736407
2295,0.888876,-0.401021,0.793274
2296,0.886032,-0.398025,0.791599
2297,0.882075,-0.350919,0.809266
2298,0.883535,-0.316525,0.824891
2299,0.887397,-0.337465,0.820726
2300,0.891454,-0.362634,0.814362
2301,0.891454,-0.362634,0.814362
2302,0.895911,-0.380931,0.810894
2303,0.885932,-0.353681,0.812271
2304,0.885932,-0.353681,0.812271
2305,0.885932,-0.353681,0.812271
2306,0.888266,-0.379287,0.803218
2307,0.895242,-0.356463,0.821214
2308,0.895242,-0.356463,0.821214
2309,0.895242,-0.356463,0.821214
2310,0.890377,-0.34847,0.819354
2311,0.893283,-0.3201,0.833961
2312,0.895767,-0.337157,0.829894
2313,0.895767,-0.337157,0.829894
2314,0.878894,-0.354204,0.80436
2315,0.878894,-0.354204,0.80436
2316,0.885129,-0.327171,0.822442
2317,0.885129,-0.327171,0.822442
2318,0.891944,-0.347266,0.821566
2319,0.892749,-0.333506,0.828115
2320,0.893953,-0.337409,0.827832
2321,0.891095,-0.362366,0.814089
2322,0.891095,-0.362366,0.814089
2323,0.889872,-0.375007,0.806995
2324,0.891236,-0.380783,0.805795
2325,0.891775,-0.366081,0.813171
2326,0.89274,-0.354696,0.819253
2327,0.889712,-0.333188,0.824969
2328,0.889712,-0.333188,0.824969
2329,0.894844,-0.333675,0.830305
2330,0.890217,-0.322367,0.829799
2331,0.890217,-0.322367,0.829799
2332,0.889776,-0.339108,0.822623
2333,0.886267,-0.315699,0.828133
2334,0.895367,-0.353176,0.822769
2335,0.895367,-0.353176,0.822769
2336,0.88653,-0.32437,0.825057
2337,0.88653,-0.32437,0.825057
2338,0.89214,-0.333286,0.827547
2339,0.89214,-0.333286,0.827547
2340,0.880668,-0.325511,0.818303
2341,0.887184,-0.338159,0.82021
2342,0.886846,-0.332352,0.822215
2343,0.89156,-0.368534,0.811826
2344,0.894723,-0.396813,0.801916
2345,0.890533,-0.413711,0.788601
2346,0.892282,-0.379915,0.807361
2347,0.900782,-0.376767,0.818203
2348,0.890516,-0.380846,0.804969
2349,0.886794,-0.351946,0.813964
2350,0.886794,-0.351946,0.813964
2351,0.886794,-0.351946,0.813964
2352,0.886794,-0.351946,0.813964
2353,0.886794,-0.351946,0.813964
2354,0.886794,-0.351946,0.813964
2355,0.886794,-0.351946,0.813964
2356,0.887375,-0.315989,0.829207
2357,0.883366,-0.280555,0.83763
2358,0.882348,-0.252349,0.845492
2359,0.88946,-0.275533,0.845707
2360,0.88946,-0.275533,0.845707
2361,0.894017,-0.240567,0.861043
2362,0.885684,-0.235574,0.85378
2363,0.882104,-0.263483,0.841834
2364,0.89033,-0.221323,0.862383
2365,0.89033,-0.221323,0.862383
2366,0.886262,-0.228227,0.856371
2367,0.883354,-0.22429,0.854405
2368,0.883354,-0.22429,0.854405
2369,0.884761,-0.242379,0.850914
2370,0.891083,-0.243918,0.857049
2371,0.882712,-0.120649,0.874428
2372,0.881246,-0.0944678,0.876167
2373,0.881091,-0.0989059,0.875522
2374,0.889579,-0.106796,0.883145
2375,0.884186,-0.0950258,0.879065
2376,0.888142,-0.0410294,0.887194
2377,0.885087,-0.0958683,0.87988
2378,0.877855,-0.0913726,0.873086
2379,0.884355,-0.136371,0.873777
2380,0.884864,-0.186622,0.86496
2381,0.884864,-0.186622,0.86496
2382,0.884864,-0.186622,0.86496
2383,0.884864,-0.186622,0.86496
2384,0.881027,-0.214786,0.854445
2385,0.879833,-0.198131,0.857234
2386,0.876713,-0.196667,0.85437
2387,0.885166,-0.187303,0.865123
2388,0.88277,-0.21861,0.855274
2389,0.887581,-0.160896,0.872876
2390,0.877672,-0.18749,0.857413
2391,0.876915,-0.252677,0.839723
2392,0.876653,-0.281715,0.830155
2393,0.876653,-0.281715,0.830155
2394,0.876653,-0.281715,0.830155
2395,0.876653,-0.281715,0.830155
2396,0.876653,-0.281715,0.830155
2397,0.876653,-0.281715,0.830155
2398,0.876653,-0.281715,0.830155
2399,0.872802,-0.283373,0.82552
2400,0.884392,-0.273905,0.840908
2401,0.884392,-0.273905,0.840908
2402,0.885967,-0.333778,0.820689
2403,0.883331,-0.33774,0.816214
2404,0.879021,-0.362789,0.800664
2405,0.889513,-0.393306,0.797836
2406,0.889513,-0.393306,0.797836
2407,0.892677,-0.329995,0.829442
2408,0.884236,-0.309188,0.828418
2409,0.887453,-0.315299,0.829554
2410,0.888659,-0.311299,0.832351
2411,0.888659,-0.311299,0.832351
2412,0.888659,-0.311299,0.832351
2413,0.895306,-0.310862,0.839605
2414,0.891996,-0.33678,0.825976
2415,0.885562,-0.330586,0.821542
2416,0.872857,-0.343271,0.802524
2417,0.889527,-0.317397,0.830974
2418,0.889527,-0.317397,0.830974
2419,0.889527,-0.317397,0.830974
2420,0.889527,-0.317397,0.830974
2421,0.88881,-0.26064,0.849735
2422,0.89097,-0.238091,0.858569
2423,0.89097,-0.238091,0.858569
2424,0.89097,-0.238091,0.858569
2425,0.88361,-0.22169,0.855348
2426,0.884332,-0.288411,0.83598
2427,0.884332,-0.288411,0.83598
2428,0.878642,-0.260565,0.839117
2429,0.887232,-0.225935,0.857982
2430,0.887232,-0.225935,0.857982
2431,0.88025,-0.228279,0.850135
2432,0.883618,-0.273788,0.840131
2433,0.878989,-0.335576,0.81241
2434,0.885551,-0.330609,0.821523
2435,0.885262,-0.314787,0.827404
2436,0.885262,-0.314787,0.827404
2437,0.887788,-0.323182,0.826874
2438,0.883202,-0.346757,0.812284
2439,0.883202,-0.346757,0.812284
2440,0.883463,-0.294378,0.832976
2441,0.889885,-0.347102,0.819399
2442,0.88575,-0.368984,0.805235
2443,0.882061,-0.441695,0.763504
2444,0.883895,-0.476016,0.744768
2445,0.883044,-0.496354,0.730343
2446,0.89423,-0.430865,0.783584
2447,0.89423,-0.430865,0.783584
2448,0.89423,-0.430865,0.783584
2449,0.89423,-0.430865,0.783584
2450,0.889544,-0.462734,0.759715
2451,0.883356,-0.462797,0.75242
2452,0.887123,-0.454765,0.761692
2453,0.887123,-0.454765,0.761692
2454,0.887123,-0.454765,0.761692
2455,0.890315,-0.449024,0.76879
2456,0.890315,-0.449024,0.76879
2457,0.88631,-0.490951,0.737911
2458,0.88631,-0.490951,0.737911
2459,0.88631,-0.490951,0.737911
2460,0.890123,-0.510304,0.729321
2461,0.882164,-0.524898,0.70901
2462,0.89642,-0.582974,0.680963
2463,0.890642,-0.553075,0.698105
2464,0.892406,-0.540386,0.710191
2465,0.895903,-0.508484,0.737622
2466,0.895903,-0.508484,0.737622
2467,0.888221,-0.471956,0.752459
2468,0.886532,-0.502711,0.73022
2469,0.886532,-0.502711,0.73022
2470,0.896367,-0.471941,0.762066
2471,0.885902,-0.443211,0.767064
2472,0.892746,-0.45426,0.768534
2473,0.885319,-0.381909,0.798709
2474,0.883708,-0.411944,0.78182
2475,0.883708,-0.411944,0.78182
2476,0.884093,-0.419814,0.77806
2477,0.884093,-0.419814,0.77806
2478,0.877405,-0.45698,0.749005
2479,0.89106,-0.447962,0.770271
2480,0.89106,-0.447962,0.770271
2481,0.881599,-0.434361,0.767169
2482,0.886188,-0.432886,0.773265
2483,0.880405,-0.433851,0.766085
2484,0.88941,-0.41291,0.787754
2485,0.889887,-0.450339,0.767525
2486,0.884239,-0.406351,0.785339
2487,0.885126,-0.433061,0.77195
2488,0.892134,-0.451798,0.769274
2489,0.878661,-0.436312,0.762678
2490,0.88919,-0.433245,0.776504
2491,0.893248,-0.510258,0.733164
2492,0.885852,-0.519729,0.717368
2493,0.886357,-0.492196,0.737138
2494,0.877395,-0.442319,0.757744
2495,0.885067,-0.439368,0.76831
2496,0.887689,-0.421674,0.781142
2497,0.887689,-0.421674,0.781142
2498,0.892575,-0.431741,0.78121
2499,0.891487,-0.438177,0.77637
2500,0.887276,-0.422411,0.780274
2501,0.885574,-0.448501,0.763602
2502,0.894062,-0.404948,0.797098
2503,0.892359,-0.436005,0.778591
2504,0.885527,-0.446386,0.764786
2505,0.884255,-0.50099,0.72864
2506,0.887222,-0.488245,0.740796
2507,0.887222,-0.488245,0.740796
2508,0.893541,-0.541984,0.710401
2509,0.893541,-0.541984,0.710401
2510,0.879936,-0.565261,0.674364
2511,0.891101,-0.57873,0.677594
2512,0.890487,-0.62776,0.631572
2513,0.889684,-0.600845,0.656142
2514,0.877867,-0.53752,0.694063
2515,0.88818,-0.48082,0.746777
2516,0.890341,-0.456774,0.764241
2517,0.889704,-0.495268,0.73911
2518,0.895076,-0.476197,0.75789
2519,0.890052,-0.456981,0.76378
2520,0.890052,-0.456981,0.76378
2521,0.890607,-0.474954,0.753393
2522,0.892481,-0.49325,0.743792
2523,0.889286,-0.509332,0.728979
2524,0.889286,-0.509332,0.728979
2525,0.895183,-0.495854,0.745306
2526,0.885334,-0.468959,0.750929
2527,0.892204,-0.4464,0.772499
2528,0.888726,-0.430569,0.77746
2529,0.889056,-0.404172,0.791875
2530,0.889056,-0.404172,0.791875
2531,0.885368,-0.419612,0.779616
2532,0.885817,-0.434635,0.771857
2533,0.880878,-0.435085,0.765929
2534,0.895001,-0.442157,0.778154
2535,0.887406,-0.457163,0.760586
2536,0.892036,-0.453074,0.768409
2537,0.892036,-0.453074,0.768409
2538,0.896435,-0.507191,0.739156
2539,0.893964,-0.459552,0.7668
2540,0.893964,-0.459552,0.7668
2541,0.898062,-0.458002,0.772495
2542,0.894039,-0.473991,0.758049
2543,0.897551,-0.471826,0.76353
2544,0.889299,-0.426946,0.780109
2545,0.885151,-0.446769,0.764127
2546,0.876722,-0.439049,0.758866
2547,0.892587,-0.442399,0.775239
2548,0.889133,-0.450046,0.766822
2549,0.88586,-0.434053,0.772235
2550,0.892204,-0.456979,0.766289
2551,0.892154,-0.466636,0.760387
2552,0.882084,-0.465316,0.749369
2553,0.890248,-0.512945,0.727619
2554,0.889532,-0.52793,0.715931
2555,0.886022,-0.476625,0.746903
2556,0.893552,-0.48861,0.748127
2557,0.890486,-0.530022,0.715571
2558,0.887637,-0.55059,0.69624
2559,0.88279,-0.54145,0.697245
2560,0.88279,-0.54145,0.697245
2561,0.88279,-0.54145,0.697245
2562,0.884652,-0.555545,0.688461
2563,0.879033,-0.587924,0.653486
2564,0.887653,-0.574389,0.676761
2565,0.887653,-0.574389,0.676761
2566,0.888528,-0.520796,0.719897
2567,0.888528,-0.520796,0.719897
2568,0.88541,-0.484726,0.74094
2569,0.878974,-0.502566,0.721126
2570,0.878974,-0.502566,0.721126
2571,0.878974,-0.502566,0.721126
2572,0.878974,-0.502566,0.721126
2573,0.889975,-0.534351,0.711705
2574,0.893265,-0.534621,0.715614
2575,0.877503,-0.493495,0.725585
2576,0.885942,-0.508876,0.725216
2577,0.882378,-0.505217,0.723426
2578,0.88306,-0.500984,0.727194
2579,0.885047,-0.50134,0.72936
2580,0.885047,-0.50134,0.72936
2581,0.878535,-0.481262,0.73499
2582,0.878535,-0.481262,0.73499
2583,0.878535,-0.481262,0.73499
2584,0.880953,-0.500669,0.724851
2585,0.879529,-0.50354,0.721124
2586,0.886656,-0.509216,0.72585
2587,0.881471,-0.528495,0.705468
2588,0.891261,-0.50265,0.735995
2589,0.883448,-0.458487,0.755162
2590,0.885841,-0.43481,0.771786
2591,0.87822,-0.459505,0.748415
2592,0.882825,-0.434796,0.768331
2593,0.872455,-0.450075,0.747402
2594,0.872455,-0.450075,0.747402
2595,0.883009,-0.481247,0.740341
2596,0.885044,-0.513692,0.72071
2597,0.885044,-0.513692,0.72071
2598,0.882318,-0.50887,0.720789
2599,0.886328,-0.507042,0.72697
2600,0.886328,-0.507042,0.72697
2601,0.884433,-0.518321,0.716634
2602,0.884433,-0.518321,0.716634
2603,0.884433,-0.518321,0.716634
2604,0.881953,-0.544535,0.693774
2605,0.880141,-0.539379,0.695499
2606,0.88272,-0.5324,0.704091
2607,0.88272,-0.5324,0.704091
2608,0.887356,-0.513714,0.723533
2609,0.887356,-0.513714,0.723533
2610,0.879324,-0.501367,0.722386
2611,0.885593,-0.556937,0.688546
2612,0.885593,-0.556937,0.688546
2613,0.886908,-0.579623,0.6713
2614,0.886908,-0.579623,0.6713
2615,0.882503,-0.590574,0.65577
2616,0.882503,-0.590574,0.65577
2617,0.882417,-0.5757,0.668752
2618,0.883148,-0.538865,0.699696
2619,0.877469,-0.541319,0.690599
2620,0.870561,-0.517926,0.699735
2621,0.883167,-0.563351,0.680161
2622,0.878922,-0.530133,0.701045
2623,0.888124,-0.523906,0.717137
2624,0.888124,-0.523906,0.717137
2625,0.880906,-0.539245,0.69657
2626,0.880906,-0.539245,0.69657
2627,0.880906,-0.539245,0.69657
2628,0.886281,-0.541519,0.701606
2629,0.883112,-0.486301,0.737155
2630,0.883112,-0.486301,0.737155
2631,0.883026,-0.447499,0.761236
2632,0.883026,-0.447499,0.761236
2633,0.891323,-0.458301,0.764471
2634,0.887354,-0.429409,0.776534
2635,0.882979,-0.406435,0.783876
2636,0.880175,-0.443667,0.760176
2637,0.884949,-0.472139,0.748479
2638,0.883282,-0.523475,0.71145
2639,0.88436,-0.570747,0.675529
2640,0.880111,-0.57175,0.669101
2641,0.882926,-0.539991,0.698547
2642,0.882926,-0.539991,0.698547
2643,0.877107,-0.522872,0.704216
2644,0.877107,-0.522872,0.704216
2645,0.885902,-0.511236,0.723505
2646,0.885902,-0.511236,0.723505
2647,0.885319,-0.53643,0.704296
2648,0.885319,-0.53643,0.704296
2649,0.892865,-0.549327,0.70388
2650,0.886784,-0.582039,0.669041
2651,0.886784,-0.582039,0.669041
2652,0.887104,-0.60222,0.651371
2653,0.887104,-0.60222,0.651371
2654,0.887104,-0.60222,0.651371
2655,0.883819,-0.58041,0.666529
2656,0.888479,-0.568946,0.682419
2657,0.888479,-0.568946,0.682419
2658,0.881728,-0.572553,0.670543
2659,0.881752,-0.58627,0.658615
2660,0.893271,-0.612712,0.650012
2661,0.893271,-0.612712,0.650012
2662,0.883477,-0.52711,0.709004
2663,0.883477,-0.52711,0.709004
2664,0.883477,-0.52711,0.709004
2665,0.883477,-0.52711,0.709004
2666,0.883477,-0.52711,0.709004
2667,0.883477,-0.52711,0.709004
2668,0.882763,-0.539076,0.699048
2669,0.874283,-0.516564,0.70536
2670,0.874379,-0.462894,0.7418
2671,0.885399,-0.484169,0.741291
2672,0.885399,-0.484169,0.741291
2673,0.882288,-0.433324,0.768546
2674,0.882288,-0.433324,0.768546
2675,0.878251,-0.426805,0.767569
2676,0.888067,-0.410969,0.787254
2677,0.888067,-0.410969,0.787254
2678,0.884847,-0.385398,0.796506
2679,0.884847,-0.385398,0.796506
2680,0.884847,-0.385398,0.796506
2681,0.890452,-0.39677,0.797169
2682,0.885185,-0.359311,0.80898
2683,0.885185,-0.359311,0.80898
2684,0.885185,-0.359311,0.80898
2685,0.882267,-0.355413,0.807512
2686,0.882267,-0.355413,0.807512
2687,0.882492,-0.376095,0.798339
2688,0.882492,-0.376095,0.798339
2689,0.882492,-0.376095,0.798339
2690,0.882492,-0.376095,0.798339
2691,0.878847,-0.406743,0.779059
2692,0.878847,-0.406743,0.779059
2693,0.878847,-0.406743,0.779059
2694,0.8877,-0.368434,0.807631
2695,0.8877,-0.368434,0.807631
2696,0.8877,-0.368434,0.807631
2697,0.879561,-0.346901,0.808261
2698,0.879561,-0.346901,0.808261
2699,0.884214,-0.329409,0.820564
2700,0.890541,-0.373381,0.808486
2701,0.882133,-0.353141,0.808362
2702,0.890731,-0.31576,0.832885
2703,0.884162,-0.317571,0.825161
2704,0.886604,-0.317401,0.827843
2705,0.882794,-0.312966,0.825456
2706,0.880016,-0.277504,0.835116
2707,0.880016,-0.277504,0.835116
2708,0.875391,-0.291791,0.825329
2709,0.875391,-0.291791,0.825329
2710,0.89132,-0.302075,0.838571
2711,0.89132,-0.302075,0.838571
2712,0.889014,-0.340678,0.821149
2713,0.888413,-0.359344,0.812496
2714,0.889827,-0.426564,0.78092
2715,0.880909,-0.356794,0.805419
2716,0.888441,-0.407035,0.789715
2717,0.889353,-0.387763,0.800368
2718,0.891192,-0.3539,0.817911
2719,0.888251,-0.319829,0.828674
2720,0.887688,-0.306554,0.833075
2721,0.893152,-0.286145,0.846074
2722,0.875917,-0.290581,0.826313
2723,0.875917,-0.290581,0.826313
2724,0.889504,-0.291909,0.840243
2725,0.87704,-0.244939,0.842143
2726,0.885038,-0.253638,0.847915
2727,0.883802,-0.277949,0.838958
2728,0.883802,-0.277949,0.838958
2729,0.888332,-0.241652,0.854832
2730,0.888332,-0.241652,0.854832
2731,0.885387,-0.179116,0.86708
2732,0.893488,-0.14107,0.882281
2733,0.887034,-0.0736775,0.883969
2734,0.887034,-0.0736775,0.883969
2735,0.88857,-0.0782265,0.88512
2736,0.890822,-0.0616623,0.888685
2737,0.889208,-0.0691424,0.886516
2738,0.889208,-0.0691424,0.886516
2739,0.889208,-0.0691424,0.886516
2740,0.893201,-0.0919678,0.888454
2741,0.895325,-0.136746,0.88482
2742,0.887331,-0.169226,0.871045
2743,0.895355,-0.155454,0.881756
2744,0.893213,-0.21665,0.86654
2745,0.88824,-0.208104,0.863518
2746,0.890078,-0.226327,0.860823
2747,0.890078,-0.226327,0.860823
2748,0.893228,-0.269332,0.851655
2749,0.885723,-0.272434,0.842784
2750,0.885723,-0.272434,0.842784
2751,0.88149,-0.292156,0.831666
2752,0.89107,-0.276775,0.846995
2753,0.89107,-0.276775,0.846995
2754,0.89107,-0.276775,0.846995
2755,0.89185,-0.281584,0.846231
2756,0.886601,-0.282184,0.840496
2757,0.889227,-0.245535,0.854656
2758,0.888374,-0.320796,0.828431
2759,0.891972,-0.3535,0.818934
2760,0.889512,-0.366007,0.810723
2761,0.890957,-0.36534,0.812608
2762,0.886401,-0.390326,0.795834
2763,0.884867,-0.443145,0.765906
2764,0.891117,-0.419201,0.786359
2765,0.888277,-0.391799,0.797201
2766,0.88402,-0.373762,0.80112
2767,0.888335,-0.364789,0.80998
2768,0.891364,-0.354775,0.817719
2769,0.888454,-0.338591,0.821405
2770,0.891126,-0.353616,0.817961
2771,0.878922,-0.346785,0.807616
2772,0.887304,-0.312485,0.830459
2773,0.894144,-0.350045,0.822778
2774,0.892311,-0.369946,0.812009
2775,0.888191,-0.379876,0.802856
2776,0.881013,-0.375374,0.797044
2777,0.891245,-0.335419,0.825719
2778,0.889736,-0.432235,0.777691
2779,0.890504,-0.437926,0.775382
2780,0.888862,-0.416539,0.78522
2781,0.88481,-0.442607,0.766151
2782,0.880454,-0.437069,0.76431
2783,0.880454,-0.437069,0.76431
2784,0.887678,-0.490089,0.740125
2785,0.887811,-0.436578,0.773051
2786,0.889956,-0.456416,0.764006
2787,0.889956,-0.456416,0.764006
2788,0.879671,-0.426564,0.769328
2789,0.879671,-0.426564,0.769328
2790,0.887627,-0.413776,0.785284
2791,0.887627,-0.413776,0.785284
2792,0.884972,-0.373035,0.802509
2793,0.890953,-0.345529,0.821222
2794,0.890953,-0.345529,0.821222
2795,0.889558,-0.322551,0.82902
2796,0.889558,-0.322551,0.82902
2797,0.889558,-0.322551,0.82902
2798,0.889558,-0.322551,0.82902
2799,0.884102,-0.321132,0.823717
2800,0.8878,-0.332832,0.82305
2801,0.88373,-0.323057,0.822565
2802,0.880868,-0.373482,0.797771
2803,0.887867,-0.381546,0.801705
2804,0.887867,-0.381546,0.801705
2805,0.887867,-0.381546,0.801705
2806,0.888993,-0.401282,0.793273
2807,0.885805,-0.434136,0.772125
2808,0.882112,-0.470548,0.746128
2809,0.882112,-0.470548,0.746128
2810,0.884179,-0.433903,0.77039
2811,0.888535,-0.470042,0.754025
2812,0.882986,-0.47069,0.747071
2813,0.882986,-0.47069,0.747071
2814,0.882986,-0.47069,0.747071
2815,0.882986,-0.47069,0.747071
2816,0.888621,-0.48522,0.744452
2817,0.887365,-0.469133,0.753214
2818,0.886938,-0.492105,0.737896
2819,0.886068,-0.478344,0.745857
2820,0.886068,-0.478344,0.745857
2821,0.893362,-0.505657,0.736483
2822,0.888065,-0.477414,0.748822
2823,0.888065,-0.477414,0.748822
2824,0.889258,-0.539774,0.7067
2825,0.88497,-0.523756,0.713339
2826,0.887269,-0.506524,0.728478
2827,0.887269,-0.506524,0.728478
2828,0.892768,-0.508396,0.733873
2829,0.892768,-0.508396,0.733873
2830,0.882282,-0.450246,0.758749
2831,0.885574,-0.445217,0.765521
2832,0.881508,-0.449656,0.758199
2833,0.885742,-0.450483,0.76263
2834,0.88793,-0.440731,0.770827
2835,0.885132,-0.477445,0.745322
2836,0.891945,-0.467806,0.759423
2837,0.891945,-0.467806,0.759423
2838,0.879163,-0.50625,0.718776
2839,0.881261,-0.519639,0.711756
2840,0.885047,-0.524106,0.713176
2841,0.891558,-0.546752,0.704229
2842,0.891558,-0.546752,0.704229
2843,0.896889,-0.609363,0.658094
2844,0.887121,-0.61657,0.637829
2845,0.887121,-0.61657,0.637829
2846,0.887121,-0.61657,0.637829
2847,0.886387,-0.614093,0.639196
2848,0.886387,-0.614093,0.639196
2849,0.891954,-0.603757,0.656551
2850,0.887034,-0.636776,0.617531
2851,0.87554,-0.616668,0.621524
2852,0.884008,-0.554466,0.688504
2853,0.878935,-0.570766,0.668395
2854,0.875027,-0.540036,0.6885
2855,0.875027,-0.540036,0.6885
2856,0.872645,-0.500119,0.715116
2857,0.878955,-0.517601,0.710387
2858,0.879624,-0.510344,0.716441
2859,0.879624,-0.510344,0.716441
2860,0.877657,-0.490604,0.727729
2861,0.875381,-0.49494,0.722029
2862,0.88546,-0.501196,0.72996
2863,0.877328,-0.455106,0.750055
2864,0.875254,-0.467946,0.739659
2865,0.892836,-0.557476,0.697406
2866,0.892836,-0.557476,0.697406
2867,0.887406,-0.563131,0.685837
2868,0.884123,-0.543543,0.697305
2869,0.884663,-0.556239,0.687915
2870,0.889262,-0.571236,0.681525
2871,0.88368,-0.533091,0.704773
2872,0.883575,-0.524176,0.711298
2873,0.883575,-0.524176,0.711298
2874,0.883575,-0.524176,0.711298
2875,0.883575,-0.524176,0.711298
2876,0.88797,-0.503264,0.731585
2877,0.878843,-0.492723,0.727729
2878,0.879047,-0.515926,0.711719
2879,0.880777,-0.498769,0.725946
2880,0.88877,-0.440351,0.772012
2881,0.87859,-0.403112,0.780654
2882,0.883395,-0.406501,0.784311
2883,0.882974,-0.417787,0.77788
2884,0.894697,-0.469416,0.761664
2885,0.888175,-0.477731,0.748751
2886,0.88656,-0.504764,0.728836
2887,0.88656,-0.504764,0.728836
2888,0.890554,-0.53162,0.71447
2889,0.890554,-0.53162,0.71447
2890,0.890554,-0.53162,0.71447
2891,0.891741,-0.494158,0.742301
2892,0.891741,-0.494158,0.742301
2893,0.895174,-0.418595,0.791274
2894,0.886137,-0.440589,0.768844
2895,0.886137,-0.440589,0.768844
2896,0.894358,-0.413986,0.792775
2897,0.889316,-0.407023,0.790706
2898,0.891934,-0.399205,0.79761
2899,0.891934,-0.399205,0.79761
2900,0.891934,-0.399205,0.79761
2901,0.886705,-0.426355,0.777475
2902,0.886629,-0.435756,0.772158
2903,0.886141,-0.453241,0.761458
2904,0.884291,-0.454781,0.758382
2905,0.882248,-0.468394,0.747642
2906,0.881486,-0.500258,0.725782
2907,0.881486,-0.500258,0.725782
2908,0.892172,-0.556111,0.697646
2909,0.881705,-0.518607,0.713056
2910,0.881705,-0.518607,0.713056
2911,0.893898,-0.560102,0.696662
2912,0.892411,-0.591653,0.66809
2913,0.889807,-0.640367,0.617807
2914,0.891452,-0.606002,0.653795
2915,0.887372,-0.632709,0.622181
2916,0.887372,-0.632709,0.622181
2917,0.88771,-0.58912,0.664054
2918,0.886511,-0.564499,0.683551
2919,0.882091,-0.530675,0.704605
2920,0.883256,-0.548327,0.692444
2921,0.885558,-0.587939,0.662224
2922,0.890057,-0.573716,0.680479
2923,0.88687,-0.538981,0.7043
2924,0.892022,-0.562181,0.692571
2925,0.888419,-0.59136,0.66301
2926,0.890878,-0.589276,0.668145
2927,0.889515,-0.591318,0.664515
2928,0.889515,-0.591318,0.664515
2929,0.892172,-0.618393,0.643088
2930,0.890742,-0.653675,0.605088
2931,0.892274,-0.667362,0.592266
2932,0.892155,-0.640168,0.62139
2933,0.892155,-0.640168,0.62139
2934,0.889526,-0.645821,0.611696
2935,0.879768,-0.644034,0.599344
2936,0.879617,-0.64368,0.599501
2937,0.879617,-0.64368,0.599501
2938,0.882262,-0.620784,0.626909
2939,0.887815,-0.56813,0.682234
2940,0.881705,-0.543051,0.694621
2941,0.890257,-0.47357,0.75385
2942,0.886618,-0.542148,0.701546
2943,0.878145,-0.520131,0.707533
2944,0.878145,-0.520131,0.707533
2945,0.878495,-0.554191,0.681635
2946,0.887083,-0.560189,0.687826
2947,0.875123,-0.557495,0.674566
2948,0.875123,-0.557495,0.674566
2949,0.880071,-0.567464,0.672689
2950,0.883045,-0.550886,0.69014
2951,0.884659,-0.58567,0.663033
2952,0.874698,-0.57588,0.658376
2953,0.874698,-0.57588,0.658376
2954,0.878441,-0.536396,0.695656
2955,0.889319,-0.491283,0.741302
2956,0.886782,-0.49567,0.735319
2957,0.877251,-0.479384,0.734684
2958,0.883104,-0.542658,0.696704
2959,0.883104,-0.542658,0.696704
2960,0.868721,-0.523874,0.692987
2961,0.881915,-0.529811,0.705035
2962,0.881915,-0.529811,0.705035
2963,0.882538,-0.536863,0.700465
2964,0.882538,-0.536863,0.700465
2965,0.891722,-0.552277,0.700113
2966,0.891722,-0.552277,0.700113
2967,0.891722,-0.552277,0.700113
2968,0.886204,-0.514883,0.721286
2969,0.879269,-0.496773,0.725486
2970,0.889398,-0.517976,0.723
2971,0.88269,-0.516164,0.716043
2972,0.886929,-0.53483,0.707531
2973,0.883358,-0.464162,0.751581
2974,0.883358,-0.464162,0.751581
2975,0.883358,-0.464162,0.751581
2976,0.878613,-0.490468,0.728974
2977,0.873497,-0.461888,0.741389
2978,0.881005,-0.459426,0.75173
2979,0.881005,-0.459426,0.75173
2980,0.879139,-0.449425,0.755581
2981,0.886263,-0.43876,0.770034
2982,0.888265,-0.415488,0.785101
2983,0.886298,-0.420156,0.78038
2984,0.88367,-0.415656,0.779809
2985,0.886759,-0.427658,0.776821
2986,0.878011,-0.446285,0.75613
2987,0.879114,-0.448823,0.75591
2988,0.886725,-0.450556,0.763728
2989,0.887461,-0.437696,0.772016
2990,0.887817,-0.442591,0.769631
2991,0.886072,-0.475556,0.747642
2992,0.886072,-0.475556,0.747642
2993,0.88467,-0.469548,0.749777
2994,0.871534,-0.511981,0.705299
2995,0.885547,-0.463124,0.754791
2996,0.882152,-0.493901,0.730926
2997,0.885643,-0.500513,0.730651
2998,0.88446,-0.472186,0.74787
2999,0.883536,-0.448829,0.761045
3000,0.882817,-0.426797,0.772794
3001,0.880569,-0.381855,0.793466
3002,0.873025,-0.374368,0.788684
3003,0.873025,-0.374368,0.788684
3004,0.87515,-0.354609,0.800087
3005,0.87515,-0.354609,0.800087
3006,0.88117,-0.381684,0.794215
3007,0.880659,-0.366038,0.800985
3008,0.880659,-0.366038,0.800985
3009,0.883934,-0.387776,0.794335
3010,0.888947,-0.36705,0.80963
3011,0.887823,-0.344329,0.818333
3012,0.887823,-0.344329,0.818333
3013,0.887823,-0.344329,0.818333
3014,0.887823,-0.344329,0.818333
3015,0.887823,-0.344329,0.818333
3016,0.883395,-0.324993,0.821441
3017,0.882104,-0.367591,0.801863
3018,0.887645,-0.349205,0.81607
3019,0.887645,-0.349205,0.81607
3020,0.876961,-0.365639,0.7971
3021,0.886179,-0.343085,0.817071
3022,0.886179,-0.343085,0.817071
3023,0.886179,-0.343085,0.817071
3024,0.880256,-0.368866,0.799242
3025,0.884875,-0.353094,0.811375
3026,0.884863,-0.360375,0.808154
3027,0.884863,-0.360375,0.808154
3028,0.884863,-0.360375,0.808154
3029,0.884863,-0.360375,0.808154
3030,0.886275,-0.360978,0.809431
3031,0.891709,-0.329659,0.828535
3032,0.891709,-0.329659,0.828535
3033,0.891709,-0.329659,0.828535
3034,0.882852,-0.309936,0.82666
3035,0.884348,-0.255309,0.846692
3036,0.894716,-0.212896,0.869017
3037,0.887582,-0.212015,0.861889
3038,0.880576,-0.265894,0.839472
3039,0.87594,-0.223969,0.846823
3040,0.882826,-0.223137,0.854161
3041,0.882826,-0.223137,0.854161
3042,0.882826,-0.223137,0.854161
3043,0.882803,-0.216341,0.855884
3044,0.881198,-0.201605,0.857826
3045,0.874911,-0.219567,0.846911
3046,0.881218,-0.110066,0.874317
3047,0.880688,-0.121125,0.872319
3048,0.880688,-0.121125,0.872319
3049,0.880688,-0.121125,0.872319
3050,0.878534,-0.0626089,0.8763
3051,0.884886,-0.0860676,0.88069
3052,0.884886,-0.0860676,0.88069
3053,0.883508,-0.0732759,0.880464
3054,0.884944,-0.115402,0.877387
3055,0.884886,-0.108489,0.87821
3056,0.877979,-0.139187,0.866876
3057,0.883816,-0.129616,0.87426
3058,0.883613,-0.122577,0.87507
3059,0.885624,-0.172256,0.86871
3060,0.885624,-0.172256,0.86871
3061,0.88195,-0.188722,0.861521
3062,0.8812,-0.150046,0.868331
3063,0.885756,-0.115736,0.878162
3064,0.892341,-0.0648008,0.889985
3065,0.888124,-0.0588064,0.886175
3066,0.883682,-0.0593414,0.881687
3067,0.891835,-0.0164488,0.891684
3068,0.877398,0.00521521,0.877382
3069,0.879466,-0.024517,0.879124
3070,0.872101,0.00953105,0.872049
3071,0.883807,0.00860358,0.883765
3072,0.876704,0.0147709,0.87658
3073,0.88024,-0.0868376,0.875946
3074,0.888802,-0.090168,0.884216
3075,0.881467,-0.122408,0.872926
3076,0.881467,-0.122408,0.872926
3077,0.874343,-0.160074,0.859565
3078,0.884759,-0.0983902,0.879271
3079,0.889244,-0.149322,0.876618
3080,0.888487,-0.120486,0.88028
3081,0.883799,-0.166002,0.868069
3082,0.883799,-0.166002,0.868069
3083,0.886541,-0.193225,0.865228
3084,0.887692,-0.144875,0.87579
3085,0.887692,-0.144875,0.87579
3086,0.883346,-0.149354,0.870629
3087,0.883223,-0.133919,0.873011
3088,0.884251,-0.206045,0.85991
3089,0.884251,-0.206045,0.85991
3090,0.881244,-0.222946,0.852576
3091,0.881244,-0.222946,0.852576
3092,0.880552,-0.198319,0.857929
3093,0.88924,-0.257978,0.850996
3094,0.88924,-0.257978,0.850996
3095,0.88924,-0.257978,0.850996
3096,0.88924,-0.257978,0.850996
3097,0.88924,-0.257978,0.850996
3098,0.883712,-0.252986,0.846726
3099,0.881667,-0.230681,0.850954
3100,0.887626,-0.255334,0.850109
3101,0.887105,-0.233377,0.855856
3102,0.886495,-0.212091,0.86075
3103,0.895353,-0.2426,0.86186
3104,0.895353,-0.2426,0.86186
3105,0.8914,-0.268171,0.850105
3106,0.889469,-0.238016,0.857031
3107,0.889469,-0.238016,0.857031
3108,0.884669,-0.224332,0.855754
3109,0.889557,-0.268558,0.84805
3110,0.889557,-0.268558,0.84805
3111,0.885415,-0.276251,0.841216
3112,0.885415,-0.276251,0.841216
3113,0.879321,-0.263228,0.838997
3114,0.879321,-0.263228,0.838997
3115,0.878851,-0.205356,0.854522
3116,0.873752,-0.156147,0.859686
3117,0.873752,-0.156147,0.859686
3118,0.881112,-0.129681,0.871516
3119,0.881112,-0.129681,0.871516
3120,0.882082,-0.0965022,0.876788
3121,0.875727,-0.0822694,0.871854
3122,0.883003,-0.0840319,0.878995
3123,0.889712,-0.0639311,0.887413
3124,0.88198,-0.0689694,0.879279
3125,0.880025,-0.0718644,0.877086
3126,0.883969,-0.052454,0.882411
3127,0.883969,-0.052454,0.882411
3128,0.883969,-0.052454,0.882411
3129,0.895439,-0.0520287,0.893926
3130,0.877822,-0.0194526,0.877606
3131,0.8793,0.00770665,0.879266
3132,0.876245,0.0138722,0.876135
3133,0.872334,0.0534971,0.870692
3134,0.882238,0.0818536,0.878432
3135,0.890485,0.13054,0.880865
3136,0.897581,0.133717,0.887565
3137,0.894846,0.199893,0.872234
3138,0.887449,0.160004,0.872906
3139,0.88855,0.168299,0.872466
3140,0.88855,0.168299,0.872466
3141,0.888992,0.214751,0.862664
3142,0.890376,0.204083,0.866671
3143,0.88627,0.219551,0.858645
3144,0.88627,0.219551,0.858645
3145,0.885094,0.226412,0.855645
3146,0.881459,0.228738,0.851264
3147,0.881459,0.228738,0.851264
3148,0.884713,0.17772,0.866679
3149,0.883457,0.21927,0.855814
3150,0.877131,0.215851,0.850158
3151,0.881423,0.256055,0.843411
3152,0.881423,0.256055,0.843411
3153,0.883263,0.299069,0.83109
3154,0.890693,0.28322,0.844465
3155,0.883556,0.280526,0.83784
3156,0.883556,0.280526,0.83784
3157,0.883556,0.280526,0.83784
3158,0.875201,0.279763,0.829283
3159,0.887573,0.268703,0.845923
3160,0.880752,0.190191,0.859971
3161,0.88438,0.148481,0.871826
3162,0.880623,0.0935644,0.875639
3163,0.880784,0.0481704,0.879466
3164,0.879982,0.042499,0.878955
3165,0.881717,0.0064297,0.881694
3166,0.886726,0.0151737,0.886596
3167,0.87918,-0.0192174,0.87897
3168,0.881677,-0.0294131,0.881186
3169,0.884965,0.0382629,0.884138
3170,0.884965,0.0382629,0.884138
3171,0.879051,0.0692258,0.876321
3172,0.87937,0.0624118,0.877153
3173,0.877262,0.0649729,0.874853
3174,0.886171,0.0317856,0.885601
3175,0.877999,0.0290621,0.877517
3176,0.88869,0.0195997,0.888474
3177,0.88869,0.0195997,0.888474
3178,0.88869,0.0195997,0.888474
3179,0.882265,0.0577184,0.880375
3180,0.887607,-0.00654451,0.887583
3181,0.884594,-0.00405606,0.884585
3182,0.884039,0.0207773,0.883795
3183,0.887163,0.0427273,0.886134
3184,0.888887,0.0659649,0.886436
3185,0.887325,0.0805909,0.883657
3186,0.878389,0.0492706,0.877006
3187,0.883067,0.0916075,0.878302
3188,0.8876,0.0670623,0.885062
3189,0.8876,0.0670623,0.885062
3190,0.8876,0.0670623,0.885062
3191,0.891746,0.101964,0.885898
3192,0.891746,0.101964,0.885898
3193,0.891746,0.101964,0.885898
3194,0.882269,0.0973395,0.876883
3195,0.882269,0.0973395,0.876883
3196,0.882269,0.0973395,0.876883
3197,0.881045,0.0362833,0.880297
3198,0.881045,0.0362833,0.880297
3199,0.88578,0.0211981,0.885526
3200,0.878784,0.058285,0.876849
3201,0.878784,0.058285,0.876849
3202,0.885929,0.0445874,0.884806
3203,0.885929,0.0445874,0.884806
3204,0.886145,0.0252926,0.885784
3205,0.882953,0.0534004,0.881336
3206,0.876322,0.0621667,0.874114
3207,0.876322,0.0621667,0.874114
3208,0.884406,0.0479545,0.883105
3209,0.884406,0.0479545,0.883105
3210,0.876616,0.0539864,0.874953
3211,0.876616,0.0539864,0.874953
3212,0.882421,0.083819,0.878431
3213,0.882421,0.083819,0.878431
3214,0.881251,0.0612012,0.879124
3215,0.886148,0.0454661,0.884981
3216,0.887704,0.0664065,0.885216
3217,0.883078,0.09766,0.877661
3218,0.883078,0.09766,0.877661
3219,0.88802,0.0882697,0.883622
3220,0.884389,0.0692452,0.881674
3221,0.884389,0.0692452,0.881674
3222,0.883487,0.0717475,0.880569
3223,0.882034,0.107973,0.8754
3224,0.887551,0.10748,0.881019
3225,0.884991,0.113368,0.8777
3226,0.886887,0.124757,0.878069
3227,0.886887,0.124757,0.878069
3228,0.885927,0.0636566,0.883637
3229,0.882195,0.0756159,0.878949
3230,0.880555,0.0938588,0.875539
3231,0.886539,0.0417839,0.885554
3232,0.885024,0.103672,0.878931
3233,0.881634,0.0491174,0.880265
3234,0.884104,0.0431631,0.88305
3235,0.884104,0.0431631,0.88305
3236,0.882494,0.0204199,0.882258
3237,0.882846,0.038787,0.881994
3238,0.878123,0.00913685,0.878075
3239,0.887287,0.0187362,0.887089
3240,0.882025,0.0119075,0.881945
3241,0.8874,-0.0238855,0.887079
3242,0.8874,-0.0238855,0.887079
3243,0.8874,-0.0238855,0.887079
3244,0.878444,-0.0487245,0.877091
3245,0.890129,-0.0297026,0.889634
3246,0.873349,-0.018031,0.873162
3247,0.894465,0.0468175,0.893239
3248,0.887291,0.0129567,0.887196
3249,0.883674,0.0798299,0.880061
3250,0.887573,0.0280082,0.887131
3251,0.885214,-0.017905,0.885032
3252,0.884586,-0.0433048,0.883525
3253,0.884586,-0.0433048,0.883525
3254,0.880643,-0.0101381,0.880585
3255,0.880927,0.0264581,0.88053
3256,0.880927,0.0264581,0.88053
3257,0.882903,0.03616,0.882162
3258,0.882578,-0.0279057,0.882136
3259,0.880637,-0.0369964,0.87986
3260,0.887604,-0.0446129,0.886482
3261,0.892819,-0.0450111,0.891684
3262,0.876418,-0.000415428,0.876417
3263,0.885655,0.0275866,0.885225
3264,0.87899,0.0216636,0.878722
3265,0.884057,0.0493623,0.882678
3266,0.885215,0.069797,0.882459
3267,0.885215,0.069797,0.882459
3268,0.893004,0.0870976,0.888746
3269,0.893004,0.0870976,0.888746
3270,0.896718,0.125606,0.887877
3271,0.889955,0.128582,0.880618
3272,0.888734,0.100269,0.88306
3273,0.88392,0.150998,0.870927
3274,0.89224,0.131878,0.88244
3275,0.888462,0.125431,0.879564
3276,0.885792,0.0909554,0.88111
3277,0.885806,0.0189111,0.885604
3278,0.884482,0.00319141,0.884476
3279,0.893237,0.00527459,0.893221
3280,0.893237,0.00527459,0.893221
3281,0.893237,0.00527459,0.893221
3282,0.893237,0.00527459,0.893221
3283,0.887284,-0.00495678,0.88727
3284,0.877646,0.0657299,0.875181
3285,0.878914,0.102538,0.872912
3286,0.878914,0.102538,0.872912
3287,0.892486,0.0931206,0.887615
3288,0.887801,0.128257,0.878487
3289,0.885812,0.134103,0.875602
3290,0.890342,0.148482,0.877874
3291,0.884362,0.158749,0.869997
3292,0.884625,0.158078,0.870386
3293,0.887662,0.209907,0.862486
3294,0.887662,0.209907,0.862486
3295,0.893964,0.215447,0.867614
3296,0.895716,0.179875,0.877469
3297,0.879892,0.204714,0.855746
3298,0.884166,0.212592,0.858228
3299,0.879386,0.25387,0.841944
3300,0.887951,0.222886,0.859522
3301,0.884517,0.214165,0.858197
3302,0.87649,0.196059,0.854281
3303,0.879694,0.210647,0.854101
3304,0.890013,0.226057,0.860826
3305,0.881007,0.270836,0.838344
3306,0.89212,0.255999,0.854601
3307,0.893135,0.193816,0.871851
3308,0.893135,0.193816,0.871851
3309,0.885746,0.187894,0.865587
3310,0.887613,0.154659,0.874035
3311,0.891036,0.20968,0.866014
3312,0.888286,0.157985,0.874124
3313,0.888286,0.157985,0.874124
3314,0.887668,0.142301,0.876188
3315,0.887668,0.142301,0.876188
3316,0.887668,0.142301,0.876188
3317,0.886011,0.0746383,0.882861
3318,0.884548,0.0827339,0.88067
3319,0.889199,0.130595,0.879556
3320,0.888159,0.148978,0.875575
3321,0.888159,0.148978,0.875575
3322,0.885179,0.129912,0.875594
3323,0.890194,0.113846,0.882884
3324,0.896386,0.158998,0.882173
3325,0.896386,0.158998,0.882173
3326,0.888742,0.114397,0.881349
3327,0.879564,0.13111,0.869738
3328,0.883721,0.10193,0.877822
3329,0.887958,0.108963,0.881247
3330,0.88798,0.106271,0.881598
3331,0.893473,0.0862638,0.889299
3332,0.890179,0.0701777,0.887409
3333,0.893458,0.127775,0.884274
3334,0.882847,0.156709,0.868827
3335,0.882847,0.156709,0.868827
3336,0.88717,0.168321,0.871056
3337,0.88717,0.168321,0.871056
3338,0.88717,0.168321,0.871056
3339,0.890058,0.141954,0.878665
3340,0.887419,0.155451,0.873698
3341,0.890163,0.088625,0.88574
3342,0.897953,0.115395,0.890508
3343,0.895597,0.113468,0.88838
3344,0.895597,0.113468,0.88838
3345,0.887141,0.0822038,0.883324
3346,0.885457,0.0793662,0.881892
3347,0.887582,0.064018,0.88527
3348,0.896166,0.0756069,0.892971
3349,0.893392,0.100233,0.887751
3350,0.893392,0.100233,0.887751
3351,0.891622,0.0632295,0.889378
3352,0.880653,0.0759382,0.877372
3353,0.891102,0.0844653,0.88709
3354,0.8893,0.134048,0.879139
3355,0.886705,0.141437,0.875352
3356,0.892341,0.152454,0.879221
3357,0.888572,0.163881,0.873329
3358,0.884826,0.133241,0.874736
3359,0.892188,0.126158,0.883224
3360,0.883178,0.142626,0.871585
3361,0.888702,0.125548,0.879789
3362,0.893017,0.13126,0.883317
3363,0.889935,0.154874,0.876355
3364,0.897464,0.0880902,0.89313
3365,0.897464,0.0880902,0.89313
3366,0.888062,0.018353,0.887872
3367,0.890219,-0.0483937,0.888903
3368,0.892588,-0.0410255,0.891645
3369,0.885653,-0.0397354,0.884761
3370,0.883888,-0.0725897,0.880903
3371,0.890225,-0.0938286,0.885266
3372,0.888708,-0.154684,0.875143
3373,0.891384,-0.171302,0.874769
3374,0.888259,-0.192376,0.867176
3375,0.880942,-0.238492,0.848045
3376,0.888964,-0.170254,0.872509
3377,0.888964,-0.170254,0.872509
3378,0.888524,-0.136623,0.877957
3379,0.890272,-0.230794,0.859836
3380,0.885931,-0.259508,0.847071
3381,0.886742,-0.225408,0.857615
3382,0.882734,-0.227148,0.853009
3383,0.882734,-0.227148,0.853009
3384,0.880443,-0.219651,0.852604
3385,0.88609,-0.297268,0.834738
3386,0.889673,-0.230348,0.859336
3387,0.888298,-0.222845,0.859891
3388,0.887125,-0.193226,0.865826
3389,0.891155,-0.213751,0.86514
3390,0.886723,-0.255451,0.84913
3391,0.893545,-0.230057,0.863421
3392,0.893545,-0.230057,0.863421
3393,0.889701,-0.222051,0.861546
3394,0.891351,-0.220189,0.863726
3395,0.891351,-0.220189,0.863726
3396,0.88799,-0.24069,0.854749
3397,0.884254,-0.216276,0.857398
3398,0.886178,-0.176769,0.868369
3399,0.886178,-0.176769,0.868369
3400,0.886178,-0.176769,0.868369
3401,0.884844,-0.145182,0.872853
3402,0.884844,-0.145182,0.872853
3403,0.878425,-0.147734,0.865912
3404,0.883093,-0.151784,0.869951
3405,0.883093,-0.151784,0.869951
3406,0.883748,-0.0992153,0.878161
3407,0.894013,-0.148712,0.881557
3408,0.888305,-0.14292,0.876733
3409,0.88255,-0.162151,0.867526
3410,0.886992,-0.153764,0.873563
3411,0.883879,-0.185363,0.864224
3412,0.883445,-0.26169,0.843797
3413,0.889788,-0.245839,0.855152
3414,0.886279,-0.266767,0.845178
3415,0.886279,-0.266767,0.845178
3416,0.882393,-0.269366,0.840274
3417,0.895406,-0.287552,0.847978
3418,0.895406,-0.287552,0.847978
3419,0.882674,-0.298976,0.830497
3420,0.888472,-0.315195,0.830684
3421,0.882872,-0.272657,0.839715
3422,0.888793,-0.253709,0.851812
3423,0.888793,-0.253709,0.851812
3424,0.888793,-0.253709,0.851812
3425,0.886465,-0.318805,0.827154
3426,0.886465,-0.318805,0.827154
3427,0.885829,-0.362765,0.808142
3428,0.878016,-0.322391,0.816686
3429,0.891489,-0.243115,0.857699
3430,0.891489,-0.243115,0.857699
3431,0.881106,-0.220177,0.853152
3432,0.881106,-0.220177,0.853152
3433,0.893619,-0.23729,0.861539
3434,0.885663,-0.17788,0.867616
3435,0.883231,-0.217336,0.856074
3436,0.89278,-0.222241,0.864676
3437,0.89278,-0.222241,0.864676
3438,0.889403,-0.192837,0.868246
3439,0.889403,-0.192837,0.868246
3440,0.880725,-0.174121,0.863341
3441,0.880725,-0.174121,0.863341
3442,0.882271,-0.167827,0.866161
3443,0.888231,-0.187845,0.868141
3444,0.880806,-0.198832,0.85807
3445,0.880806,-0.198832,0.85807
3446,0.886364,-0.237245,0.854024
3447,0.886364,-0.237245,0.854024
3448,0.896248,-0.23957,0.863636
3449,0.890816,-0.165137,0.875376
3450,0.890816,-0.165137,0.875376
3451,0.893073,-0.129773,0.883594
3452,0.893073,-0.129773,0.883594
3453,0.888836,-0.114736,0.8814
3454,0.888836,-0.114736,0.8814
3455,0.888499,-0.156316,0.87464
3456,0.881273,-0.091893,0.876469
3457,0.889661,-0.11913,0.881649
3458,0.88661,-0.17581,0.869004
3459,0.881667,-0.19142,0.860636
3460,0.881667,-0.19142,0.860636
3461,0.885929,-0.149309,0.873256
3462,0.881271,-0.217702,0.853958
3463,0.883945,-0.239889,0.850771
3464,0.883945,-0.239889,0.850771
3465,0.884273,-0.232912,0.853047
3466,0.888559,-0.238501,0.855953
3467,0.889471,-0.232832,0.858456
3468,0.889471,-0.232832,0.858456
3469,0.891754,-0.233024,0.86077
3470,0.893288,-0.254756,0.856191
3471,0.893288,-0.254756,0.856191
3472,0.893288,-0.254756,0.856191
3473,0.891465,-0.22063,0.863731
3474,0.888544,-0.255852,0.850911
3475,0.884467,-0.255494,0.846761
3476,0.891038,-0.231685,0.86039
3477,0.880699,-0.235203,0.848711
3478,0.880699,-0.235203,0.848711
3479,0.891392,-0.260503,0.852477
3480,0.888568,-0.290388,0.839779
3481,0.891794,-0.250856,0.855785
3482,0.89559,-0.267821,0.854607
3483,0.880077,-0.25384,0.842675
3484,0.889037,-0.19195,0.868067
3485,0.889037,-0.19195,0.868067
3486,0.889037,-0.19195,0.868067
3487,0.887294,-0.218639,0.859935
3488,0.887523,-0.205826,0.863326
3489,0.88949,-0.204635,0.865631
3490,0.889168,-0.243783,0.855096
3491,0.885409,-0.208838,0.860428
3492,0.885409,-0.208838,0.860428
3493,0.883458,-0.195955,0.861452
3494,0.886675,-0.218086,0.859436
3495,0.888658,-0.207295,0.864143
3496,0.88815,-0.219479,0.860604
3497,0.88815,-0.219479,0.860604
3498,0.891285,-0.135525,0.880921
3499,0.891285,-0.135525,0.880921
3500,0.891939,-0.0798369,0.888359
3501,0.884535,-0.0497925,0.883132
3502,0.882599,-0.0560746,0.880816
3503,0.890848,-0.0247309,0.890505
3504,0.88884,0.000120394,0.88884
3505,0.88884,0.000120394,0.88884
3506,0.883736,-0.0789123,0.880206
3507,0.885021,-0.0488159,0.883674
3508,0.884823,-0.0506219,0.883374
3509,0.888752,-0.012192,0.888669
3510,0.883002,-0.0823471,0.879154
3511,0.881534,-0.0890129,0.877029
3512,0.883823,-0.138634,0.872883
3513,0.886935,-0.0845324,0.882898
3514,0.878874,-0.0776471,0.875437
3515,0.885563,-0.0627025,0.88334
3516,0.893256,-0.093897,0.888308
3517,0.882033,-0.103192,0.875976
3518,0.881006,-0.0935142,0.876029
3519,0.883097,-0.0799968,0.879466
3520,0.883097,-0.0799968,0.879466
3521,0.883097,-0.0799968,0.879466
3522,0.883097,-0.0799968,0.879466
3523,0.882492,-0.0482254,0.881174
3524,0.879005,-0.012824,0.878911
3525,0.8792,-0.0548876,0.877485
3526,0.8792,-0.0548876,0.877485
3527,0.884971,-0.0573565,0.88311
3528,0.882782,-0.120164,0.874565
3529,0.878983,-0.15206,0.86573
3530,0.878862,-0.203698,0.85493
3531,0.881206,-0.233275,0.849769
3532,0.882099,-0.247174,0.846761
3533,0.883304,-0.269959,0.84104
3534,0.891033,-0.260802,0.85201
3535,0.891033,-0.260802,0.85201
3536,0.88497,-0.336499,0.818499
3537,0.88539,-0.324616,0.823735
3538,0.880147,-0.36505,0.800872
3539,0.880147,-0.36505,0.800872
3540,0.885428,-0.369911,0.804455
3541,0.879815,-0.385198,0.79101
3542,0.888056,-0.396179,0.794786
3543,0.888056,-0.396179,0.794786
3544,0.887682,-0.343554,0.818505
3545,0.889599,-0.393437,0.797867
3546,0.891318,-0.41695,0.787783
3547,0.891318,-0.41695,0.787783
3548,0.880688,-0.421719,0.773153
3549,0.893779,-0.405911,0.79629
3550,0.893779,-0.405911,0.79629
3551,0.893018,-0.364249,0.815355
3552,0.884811,-0.395747,0.791375
3553,0.881531,-0.411779,0.779445
3554,0.888032,-0.45229,0.764221
3555,0.893089,-0.47853,0.754068
3556,0.888061,-0.473234,0.751466
3557,0.888061,-0.473234,0.751466
3558,0.888061,-0.473234,0.751466
3559,0.885851,-0.44335,0.766924
3560,0.879399,-0.422039,0.771509
3561,0.879399,-0.422039,0.771509
3562,0.894337,-0.410203,0.794715
3563,0.885638,-0.408388,0.785859
3564,0.890549,-0.432444,0.778505
3565,0.890549,-0.432444,0.778505
3566,0.886694,-0.452774,0.762379
3567,0.882913,-0.489733,0.734641
3568,0.884789,-0.484029,0.740654
3569,0.884789,-0.484029,0.740654
3570,0.881622,-0.482586,0.737812
3571,0.881622,-0.482586,0.737812
3572,0.887399,-0.518841,0.719917
3573,0.890322,-0.556809,0.694721
3574,0.893908,-0.584937,0.675959
3575,0.893908,-0.584937,0.675959
3576,0.880848,-0.53479,0.699924
3577,0.879752,-0.500891,0.723236
3578,0.879752,-0.500891,0.723236
3579,0.884198,-0.493059,0.733961
3580,0.878799,-0.465795,0.7452
3581,0.883776,-0.429149,0.772587
3582,0.883171,-0.440336,0.765569
3583,0.883171,-0.440336,0.765569
3584,0.880696,-0.454089,0.754605
3585,0.879494,-0.449972,0.755669
3586,0.884962,-0.453295,0.760054
3587,0.885972,-0.408954,0.785941
3588,0.894143,-0.379163,0.80977
3589,0.885204,-0.381511,0.798771
3590,0.878862,-0.351484,0.805517
3591,0.878622,-0.342449,0.809139
3592,0.878622,-0.342449,0.809139
3593,0.880248,-0.31677,0.821275
3594,0.882461,-0.348406,0.810771
3595,0.890534,-0.328323,0.827801
3596,0.886551,-0.306731,0.831799
3597,0.886551,-0.306731,0.831799
3598,0.886782,-0.294413,0.836483
3599,0.880812,-0.29997,0.828159
3600,0.871946,-0.192318,0.850472
3601,0.881235,-0.213856,0.854893
3602,0.882874,-0.192615,0.861606
3603,0.890016,-0.235674,0.858246
3604,0.889772,-0.21993,0.862163
3605,0.886221,-0.215597,0.859596
3606,0.886221,-0.215597,0.859596
3607,0.88244,-0.203937,0.858551
3608,0.883017,-0.217833,0.855726
3609,0.876819,-0.176407,0.85889
3610,0.888353,-0.1503,0.875546
3611,0.88009,-0.119389,0.871955
3612,0.8877,-0.0917059,0.88295
3613,0.883758,-0.0651401,0.881354
3614,0.880391,-0.0785906,0.876876
3615,0.883984,-0.149745,0.871209
3616,0.886716,-0.10768,0.880154
3617,0.886716,-0.10768,0.880154
3618,0.886716,-0.10768,0.880154
3619,0.88711,-0.0958414,0.881918
3620,0.881068,-0.107847,0.874443
3621,0.881068,-0.107847,0.874443
3622,0.887896,-0.136854,0.877286
3623,0.887896,-0.136854,0.877286
3624,0.881108,-0.198404,0.85848
3625,0.887365,-0.209427,0.862298
3626,0.88552,-0.206441,0.86112
3627,0.88552,-0.206441,0.86112
3628,0.884568,-0.201508,0.86131
3629,0.884568,-0.201508,0.86131
3630,0.884568,-0.201508,0.86131
3631,0.885541,-0.195534,0.863684
3632,0.887256,-0.156183,0.873401
3633,0.883623,-0.169421,0.867229
3634,0.891357,-0.109911,0.884555
3635,0.884863,-0.154799,0.871217
3636,0.875929,-0.17742,0.857773
3637,0.883529,-0.20102,0.860357
3638,0.883529,-0.20102,0.860357
3639,0.884199,-0.222027,0.855869
3640,0.882869,-0.218441,0.855419
3641,0.882869,-0.218441,0.855419
3642,0.883725,-0.211539,0.858034
3643,0.883725,-0.211539,0.858034
3644,0.879919,-0.222559,0.851307
3645,0.88577,-0.295715,0.83495
3646,0.88577,-0.295715,0.83495
3647,0.888295,-0.343509,0.819189
3648,0.888295,-0.343509,0.819189
3649,0.89001,-0.37605,0.806662
3650,0.89001,-0.37605,0.806662
3651,0.89076,-0.361482,0.814115
3652,0.881354,-0.389009,0.790859
3653,0.879111,-0.39064,0.787551
3654,0.877472,-0.432909,0.763247
3655,0.877472,-0.432909,0.763247
3656,0.877472,-0.432909,0.763247
3657,0.877472,-0.432909,0.763247
3658,0.877472,-0.432909,0.763247
3659,0.879895,-0.438526,0.76283
3660,0.88533,-0.411382,0.783948
3661,0.88609,-0.443773,0.766956
3662,0.88609,-0.443773,0.766956
3663,0.88609,-0.443773,0.766956
3664,0.875499,-0.452549,0.749465
3665,0.881208,-0.454128,0.755179
3666,0.886247,-0.5282,0.711645
3667,0.883059,-0.425741,0.773652
3668,0.876379,-0.441214,0.757212
3669,0.884465,-0.40484,0.786374
3670,0.884465,-0.40484,0.786374
3671,0.881095,-0.403255,0.783399
3672,0.883367,-0.402109,0.78654
3673,0.879848,-0.378981,0.794044
3674,0.883337,-0.397569,0.788811
3675,0.882534,-0.42571,0.77307
3676,0.882534,-0.42571,0.77307
3677,0.885913,-0.453769,0.760879
3678,0.87955,-0.43261,0.765805
3679,0.88491,-0.47378,0.747394
3680,0.878567,-0.49277,0.727364
3681,0.883905,-0.449199,0.761255
3682,0.871169,-0.470552,0.733155
3683,0.871169,-0.470552,0.733155
3684,0.871169,-0.470552,0.733155
3685,0.884838,-0.455383,0.75866
3686,0.884838,-0.455383,0.75866
3687,0.884838,-0.455383,0.75866
3688,0.884538,-0.478275,0.744084
3689,0.887845,-0.545176,0.700751
3690,0.886453,-0.550617,0.694708
3691,0.884847,-0.520265,0.715736
3692,0.88713,-0.554283,0.692655
3693,0.879729,-0.584116,0.657822
3694,0.87481,-0.592164,0.643921
3695,0.891176,-0.634279,0.626008
3696,0.890855,-0.628716,0.63114
3697,0.890855,-0.628716,0.63114
3698,0.890855,-0.628716,0.63114
3699,0.882882,-0.594124,0.653068
3700,0.882882,-0.594124,0.653068
3701,0.877191,-0.55163,0.682033
3702,0.880281,-0.552644,0.685186
3703,0.880281,-0.552644,0.685186
3704,0.881778,-0.558615,0.682262
3705,0.889759,-0.56214,0.689688
3706,0.891156,-0.564106,0.689886
3707,0.889546,-0.551297,0.698114
3708,0.886534,-0.568849,0.679966
3709,0.879841,-0.540201,0.69448
3710,0.883534,-0.533622,0.704187
3711,0.881378,-0.524501,0.708326
3712,0.881378,-0.524501,0.708326
3713,0.881378,-0.524501,0.708326
3714,0.887055,-0.513115,0.723588
3715,0.887615,-0.50265,0.731576
3716,0.883354,-0.48535,0.738071
3717,0.885656,-0.477691,0.745786
3718,0.885656,-0.477691,0.745786
3719,0.89132,-0.479475,0.751369
3720,0.88425,-0.461216,0.754439
3721,0.88425,-0.461216,0.754439
3722,0.884854,-0.498766,0.730889
3723,0.886461,-0.489841,0.738829
3724,0.883619,-0.472257,0.74683
3725,0.883619,-0.472257,0.74683
3726,0.878023,-0.501933,0.720409
3727,0.882583,-0.51323,0.718016
3728,0.882583,-0.51323,0.718016
3729,0.875033,-0.503955,0.71534
3730,0.877019,-0.497018,0.72259
3731,0.877019,-0.497018,0.72259
3732,0.879285,-0.546087,0.689152
3733,0.876693,-0.571824,0.664536
3734,0.876693,-0.571824,0.664536
3735,0.88531,-0.574234,0.673817
3736,0.877379,-0.521311,0.705711
3737,0.88011,-0.501915,0.722962
3738,0.887684,-0.485465,0.743174
3739,0.867209,-0.49824,0.709795
3740,0.867209,-0.49824,0.709795
3741,0.867209,-0.49824,0.709795
3742,0.879845,-0.519965,0.709762
3743,0.882758,-0.564288,0.678852
3744,0.883459,-0.5462,0.694381
3745,0.883459,-0.5462,0.694381
3746,0.880806,-0.534084,0.70041
3747,0.880806,-0.534084,0.70041
3748,0.885706,-0.55404,0.691025
3749,0.885597,-0.513639,0.721427
3750,0.887118,-0.513136,0.72365
3751,0.880543,-0.546162,0.690697
3752,0.884322,-0.571638,0.674726
3753,0.884322,-0.571638,0.674726
3754,0.884322,-0.571638,0.674726
3755,0.884322,-0.571638,0.674726
3756,0.888843,-0.586301,0.668051
3757,0.888572,-0.603831,0.65188
3758,0.888572,-0.603831,0.65188
3759,0.893083,-0.60403,0.657834
3760,0.895017,-0.579878,0.68176
3761,0.88796,-0.604017,0.650872
3762,0.88796,-0.604017,0.650872
3763,0.886403,-0.577723,0.67227
3764,0.886403,-0.577723,0.67227
3765,0.886403,-0.577723,0.67227
3766,0.886403,-0.577723,0.67227
3767,0.883061,-0.5639,0.679569
3768,0.883061,-0.5639,0.679569
3769,0.886801,-0.53569,0.706719
3770,0.88173,-0.554828,0.685284
3771,0.886366,-0.570326,0.678508
3772,0.888774,-0.557399,0.692261
3773,0.878917,-0.564729,0.673481
3774,0.876851,-0.585522,0.65271
3775,0.883094,-0.582556,0.663689
3776,0.883094,-0.582556,0.663689
3777,0.883094,-0.582556,0.663689
3778,0.883876,-0.588316,0.659636
3779,0.883876,-0.588316,0.659636
3780,0.885134,-0.551113,0.692631
3781,0.884638,-0.460631,0.75525
3782,0.884638,-0.460631,0.75525
3783,0.887204,-0.457911,0.7599
3784,0.887204,-0.457911,0.7599
3785,0.884912,-0.413428,0.782399
3786,0.887258,-0.465891,0.755097
3787,0.887258,-0.465891,0.755097
3788,0.893829,-0.456037,0.768739
3789,0.886671,-0.496814,0.734413
3790,0.889854,-0.500394,0.73583
3791,0.888483,-0.488198,0.742337
3792,0.888483,-0.488198,0.742337
3793,0.886122,-0.505197,0.728002
3794,0.886122,-0.505197,0.728002
3795,0.89136,-0.462751,0.761829
3796,0.891798,-0.454329,0.767391
3797,0.891798,-0.454329,0.767391
3798,0.886594,-0.445636,0.766458
3799,0.878743,-0.430538,0.766046
3800,0.879713,-0.453956,0.753537
3801,0.879521,-0.454445,0.753019
3802,0.891437,-0.412066,0.790481
3803,0.891437,-0.412066,0.790481
3804,0.891437,-0.412066,0.790481
3805,0.891437,-0.412066,0.790481
3806,0.883925,-0.390165,0.793155
3807,0.884962,-0.357966,0.809331
3808,0.884962,-0.357966,0.809331
3809,0.886367,-0.350535,0.814107
3810,0.886367,-0.350535,0.814107
3811,0.886367,-0.350535,0.814107
3812,0.893329,-0.39391,0.801793
3813,0.892985,-0.369918,0.812763
3814,0.888203,-0.391782,0.797126
3815,0.884766,-0.399834,0.789268
3816,0.888974,-0.413552,0.786924
3817,0.889671,-0.35754,0.814665
3818,0.89124,-0.366808,0.812256
3819,0.887315,-0.369869,0.806551
3820,0.886323,-0.377205,0.80205
3821,0.887621,-0.364676,0.809248
3822,0.885475,-0.311911,0.82872
3823,0.892244,-0.28792,0.844512
3824,0.890368,-0.291214,0.841398
3825,0.889808,-0.281077,0.844248
3826,0.890071,-0.263849,0.850065
3827,0.890071,-0.263849,0.850065
3828,0.887101,-0.300868,0.834522
3829,0.886165,-0.273361,0.842949
3830,0.886166,-0.296644,0.83504
3831,0.886166,-0.296644,0.83504
3832,0.886166,-0.296644,0.83504
3833,0.889176,-0.244336,0.854946
3834,0.895447,-0.235345,0.863966
3835,0.890818,-0.24767,0.855696
3836,0.879503,-0.203038,0.855746
3837,0.879503,-0.203038,0.855746
3838,0.889639,-0.256895,0.851741
3839,0.884514,-0.197586,0.862163
3840,0.890401,-0.20729,0.865936
3841,0.875896,-0.173336,0.858574
3842,0.873002,-0.204674,0.84867
3843,0.86744,-0.192721,0.84576
3844,0.88508,-0.248854,0.849375
3845,0.88508,-0.248854,0.849375
3846,0.876762,-0.22408,0.847644
3847,0.882805,-0.155596,0.868985
3848,0.886659,-0.105143,0.880402
3849,0.886498,-0.123472,0.877857
3850,0.886498,-0.123472,0.877857
3851,0.887689,-0.13285,0.877691
3852,0.887689,-0.13285,0.877691
3853,0.884033,-0.153842,0.870544
3854,0.886786,-0.13025,0.877169
3855,0.891711,-0.14835,0.879284
3856,0.890123,-0.134696,0.879872
3857,0.887997,-0.0899004,0.883435
3858,0.887997,-0.0899004,0.883435
3859,0.886449,-0.075558,0.883223
3860,0.886449,-0.075558,0.883223
3861,0.886449,-0.075558,0.883223
3862,0.881905,-0.0848669,0.877812
3863,0.88902,-0.0338155,0.888376
3864,0.880077,-0.0180567,0.879891
3865,0.885228,0.0477969,0.883936
3866,0.885228,0.0477969,0.883936
3867,0.885986,0.0516311,0.88448
3868,0.887049,0.0270211,0.886637
3869,0.883596,0.0176852,0.883419
3870,0.883596,0.0176852,0.883419
3871,0.884347,0.0816214,0.880572
3872,0.890557,0.076585,0.887258
3873,0.888167,0.0650412,0.885783
3874,0.897569,0.0271473,0.897159
3875,0.897569,0.0271473,0.897159
3876,0.897569,0.0271473,0.897159
3877,0.885555,0.0584778,0.883622
3878,0.884276,0.0792499,0.880718
3879,0.885094,0.0374307,0.884302
3880,0.888412,0.0017132,0.88841
3881,0.88638,0.0140609,0.886269
3882,0.882825,-0.0112507,0.882754
3883,0.887506,-0.0919255,0.882733
3884,0.882846,-0.0628255,0.880607
3885,0.882846,-0.0628255,0.880607
3886,0.895959,-0.013049,0.895864
3887,0.895959,-0.013049,0.895864
3888,0.891972,-0.00456821,0.89196
3889,0.891972,-0.00456821,0.89196
3890,0.893553,-0.0217265,0.893289
3891,0.893553,-0.0217265,0.893289
3892,0.892371,-0.0534037,0.890771
3893,0.892371,-0.0534037,0.890771
3894,0.88505,-0.107514,0.878495
3895,0.892177,-0.124538,0.883443
3896,0.892177,-0.124538,0.883443
3897,0.892177,-0.124538,0.883443
3898,0.887501,-0.132174,0.877604
3899,0.89904,-0.135167,0.888821
3900,0.893464,-0.0932443,0.888585
3901,0.893464,-0.0932443,0.888585
3902,0.89595,-0.129438,0.886551
3903,0.897847,-0.189811,0.877554
3904,0.898407,-0.180948,0.879996
3905,0.894797,-0.24681,0.860085
3906,0.885773,-0.247504,0.850491
3907,0.888796,-0.268101,0.847396
3908,0.888796,-0.268101,0.847396
3909,0.888796,-0.268101,0.847396
3910,0.8945,-0.313744,0.837673
3911,0.8945,-0.313744,0.837673
3912,0.8945,-0.313744,0.837673
3913,0.883668,-0.321468,0.823121
3914,0.885551,-0.295303,0.834864
3915,0.885551,-0.295303,0.834864
3916,0.891699,-0.34171,0.823627
3917,0.889871,-0.437501,0.774895
3918,0.883546,-0.493296,0.733016
3919,0.883546,-0.493296,0.733016
3920,0.891968,-0.469061,0.758675
3921,0.886757,-0.480772,0.745115
3922,0.88794,-0.50387,0.731131
3923,0.891931,-0.549061,0.702902
3924,0.885585,-0.524776,0.713351
3925,0.882657,-0.482818,0.738899
3926,0.891279,-0.450935,0.768789
3927,0.887974,-0.449221,0.765962
3928,0.89151,-0.460751,0.763216
3929,0.892064,-0.482023,0.750621
3930,0.892662,-0.49637,0.741931
3931,0.884488,-0.460707,0.755029
3932,0.884234,-0.467035,0.750831
3933,0.884234,-0.467035,0.750831
3934,0.881111,-0.461685,0.750469
3935,0.879936,-0.436107,0.764262
3936,0.889312,-0.44176,0.771831
3937,0.890691,-0.451111,0.768004
3938,0.890691,-0.451111,0.768004
3939,0.890753,-0.445786,0.771177
3940,0.890753,-0.445786,0.771177
3941,0.885726,-0.413046,0.78352
3942,0.885498,-0.446333,0.764784
3943,0.885498,-0.446333,0.764784
3944,0.873967,-0.406361,0.77375
3945,0.889779,-0.442447,0.771976
3946,0.890552,-0.409699,0.790715
3947,0.88616,-0.382713,0.799256
3948,0.889468,-0.386228,0.801238
3949,0.889468,-0.386228,0.801238
3950,0.884689,-0.41008,0.783906
3951,0.889564,-0.420503,0.783901
3952,0.889564,-0.420503,0.783901
3953,0.884678,-0.403859,0.787118
3954,0.891554,-0.373418,0.809585
3955,0.88728,-0.380199,0.801695
3956,0.880689,-0.388043,0.790593
3957,0.888759,-0.349098,0.817327
3958,0.889337,-0.375024,0.806397
3959,0.888684,-0.373691,0.806296
3960,0.887836,-0.376032,0.804271
3961,0.892639,-0.404286,0.795837
3962,0.890302,-0.393841,0.798453
3963,0.888105,-0.434165,0.774746
3964,0.882629,-0.428869,0.771431
3965,0.885884,-0.43288,0.77292
3966,0.878505,-0.382404,0.79091
3967,0.885049,-0.412689,0.782942
3968,0.883386,-0.450808,0.7597
3969,0.885009,-0.482195,0.742111
3970,0.882921,-0.462435,0.752132
3971,0.882921,-0.462435,0.752132
3972,0.884179,-0.503718,0.726665
3973,0.884179,-0.503718,0.726665
3974,0.884179,-0.503718,0.726665
3975,0.884179,-0.503718,0.726665
3976,0.890703,-0.510282,0.730044
3977,0.887504,-0.58014,0.67164
3978,0.887504,-0.58014,0.67164
3979,0.887504,-0.58014,0.67164
3980,0.882224,-0.596891,0.649646
3981,0.88996,-0.539974,0.70743
3982,0.88996,-0.539974,0.70743
3983,0.88996,-0.539974,0.70743
3984,0.884479,-0.556244,0.687674
3985,0.891227,-0.61194,0.647931
3986,0.888407,-0.606171,0.649479
3987,0.892158,-0.572984,0.683839
3988,0.885621,-0.578588,0.670494
3989,0.885621,-0.578588,0.670494
3990,0.885621,-0.578588,0.670494
3991,0.895013,-0.592681,0.670654
3992,0.88934,-0.557144,0.693192
3993,0.893279,-0.566662,0.690536
3994,0.893279,-0.566662,0.690536
3995,0.893732,-0.633144,0.630783
3996,0.895326,-0.573655,0.687407
3997,0.892876,-0.5307,0.718043
3998,0.896468,-0.569785,0.692099
3999,0.884244,-0.521806,0.713866
4000,0.889642,-0.538871,0.70787
4001,0.889642,-0.538871,0.70787
4002,0.893813,-0.574348,0.684855
4003,0.888635,-0.538221,0.7071
4004,0.894601,-0.505138,0.738341
4005,0.889317,-0.507231,0.73048
4006,0.889317,-0.507231,0.73048
4007,0.889317,-0.507231,0.73048
4008,0.889317,-0.507231,0.73048
4009,0.893583,-0.492615,0.745534
4010,0.885577,-0.479714,0.744394
4011,0.886758,-0.410627,0.785955
4012,0.894857,-0.389155,0.805809
4013,0.886999,-0.384314,0.799419
4014,0.887396,-0.39991,0.792176
4015,0.883117,-0.407241,0.783614
4016,0.887742,-0.362835,0.810207
4017,0.888469,-0.377951,0.804071
4018,0.892303,-0.415699,0.789556
4019,0.892303,-0.415699,0.789556
4020,0.892303,-0.415699,0.789556
4021,0.888738,-0.448118,0.767494
4022,0.880267,-0.418015,0.774683
4023,0.885348,-0.395342,0.792177
4024,0.888905,-0.44886,0.767253
4025,0.88529,-0.460401,0.756154
4026,0.88529,-0.460401,0.756154
4027,0.882237,-0.512771,0.717919
4028,0.895277,-0.528374,0.722732
4029,0.895277,-0.528374,0.722732
4030,0.895277,-0.528374,0.722732
4031,0.890022,-0.542861,0.705295
4032,0.881913,-0.534033,0.70184
4033,0.88136,-0.513159,0.716564
4034,0.88136,-0.513159,0.716564
4035,0.887104,-0.530365,0.711102
4036,0.885626,-0.478619,0.745156
4037,0.885626,-0.478619,0.745156
4038,0.886379,-0.460711,0.75724
4039,0.886968,-0.434884,0.773039
4040,0.888449,-0.408291,0.789075
4041,0.885591,-0.371219,0.804033
4042,0.881091,-0.330519,0.816749
4043,0.887174,-0.31602,0.828981
4044,0.883962,-0.31179,0.827149
4045,0.887369,-0.360955,0.810639
4046,0.889366,-0.400863,0.793902
4047,0.880994,-0.411145,0.779173
4048,0.880994,-0.411145,0.779173
4049,0.888676,-0.42963,0.777922
4050,0.888676,-0.42963,0.777922
4051,0.891089,-0.425588,0.782889
4052,0.891089,-0.425588,0.782889
4053,0.885617,-0.377431,0.801164
4054,0.887824,-0.344693,0.81818
4055,0.879075,-0.363007,0.800624
4056,0.879075,-0.363007,0.800624
4057,0.885062,-0.350949,0.812509
4058,0.885062,-0.350949,0.812509
4059,0.889355,-0.286144,0.842065
4060,0.889619,-0.25735,0.851583
4061,0.88941,-0.264285,0.849237
4062,0.889904,-0.315055,0.832268
4063,0.889904,-0.315055,0.832268
4064,0.886852,-0.29965,0.834695
4065,0.886852,-0.29965,0.834695
4066,0.888942,-0.26366,0.848941
4067,0.885072,-0.250107,0.848999
4068,0.891909,-0.238662,0.859385
4069,0.891909,-0.238662,0.859385
4070,0.887002,-0.252883,0.85019
4071,0.893255,-0.30458,0.839724
4072,0.895042,-0.272942,0.85241
4073,0.895042,-0.272942,0.85241
4074,0.895042,-0.272942,0.85241
4075,0.895042,-0.272942,0.85241
4076,0.895042,-0.272942,0.85241
4077,0.895042,-0.272942,0.85241
4078,0.895042,-0.272942,0.85241
4079,0.88469,-0.282332,0.83843
4080,0.87753,-0.303447,0.823395
4081,0.87753,-0.303447,0.823395
4082,0.891558,-0.320445,0.83198
4083,0.893346,-0.295619,0.843016
4084,0.891897,-0.34564,0.8222
4085,0.888908,-0.339977,0.821324
4086,0.888908,-0.339977,0.821324
4087,0.887003,-0.34726,0.816201
4088,0.880813,-0.330547,0.816438
4089,0.885346,-0.310904,0.828961
4090,0.883297,-0.348021,0.811846
4091,0.886585,-0.380691,0.800691
4092,0.887664,-0.317645,0.828884
4093,0.887664,-0.317645,0.828884
4094,0.888088,-0.295191,0.837594
4095,0.890707,-0.326867,0.828562
4096,0.891573,-0.366712,0.812665
4097,0.891573,-0.366712,0.812665
4098,0.88796,-0.386925,0.799226
4099,0.887073,-0.372455,0.805094
4100,0.889727,-0.390479,0.799462
4101,0.884346,-0.360604,0.807485
4102,0.884346,-0.360604,0.807485
4103,0.888121,-0.374094,0.805489
4104,0.888121,-0.374094,0.805489
4105,0.888121,-0.374094,0.805489
4106,0.888121,-0.374094,0.805489
4107,0.888153,-0.40099,0.792479
4108,0.889493,-0.440214,0.772922
4109,0.887822,-0.483942,0.74433
4110,0.887822,-0.483942,0.74433
4111,0.887808,-0.481035,0.746196
4112,0.891957,-0.485979,0.747939
4113,0.891909,-0.468311,0.759069
4114,0.877304,-0.452996,0.751304
4115,0.889296,-0.426905,0.780127
4116,0.891617,-0.466054,0.760115
4117,0.891617,-0.466054,0.760115
4118,0.881806,-0.464785,0.749371
4119,0.881806,-0.464785,0.749371
4120,0.881806,-0.464785,0.749371
4121,0.881806,-0.464785,0.749371
4122,0.886595,-0.412311,0.784889
4123,0.883229,-0.44865,0.760794
4124,0.8748,-0.406942,0.774385
4125,0.886979,-0.496462,0.735021
4126,0.886979,-0.496462,0.735021
4127,0.886979,-0.496462,0.735021
4128,0.886979,-0.496462,0.735021
4129,0.880724,-0.454087,0.754639
4130,0.880724,-0.454087,0.754639
4131,0.881805,-0.446921,0.760159
4132,0.885338,-0.474042,0.747735
4133,0.877063,-0.485351,0.73053
4134,0.877063,-0.485351,0.73053
4135,0.886949,-0.429759,0.775877
4136,0.885831,-0.440644,0.768459
4137,0.885831,-0.440644,0.768459
4138,0.885831,-0.440644,0.768459
4139,0.872549,-0.455076,0.744478
4140,0.882515,-0.485475,0.736985
4141,0.882515,-0.485475,0.736985
4142,0.879425,-0.522509,0.70737
4143,0.875692,-0.483206,0.730307
4144,0.876001,-0.492793,0.724246
4145,0.887712,-0.474105,0.750505
4146,0.879441,-0.468662,0.744159
4147,0.879441,-0.468662,0.744159
4148,0.889164,-0.426474,0.780214
4149,0.881246,-0.426574,0.771123
4150,0.8832,-0.443946,0.763514
4151,0.889331,-0.499645,0.735706
4152,0.880792,-0.474029,0.742355
4153,0.887118,-0.463406,0.756461
4154,0.887118,-0.463406,0.756461
4155,0.889625,-0.443314,0.771301
4156,0.887959,-0.473785,0.750999
4157,0.896855,-0.557481,0.702541
4158,0.896855,-0.557481,0.702541
4159,0.896855,-0.557481,0.702541
4160,0.885575,-0.577307,0.671535
4161,0.874949,-0.535282,0.692104
4162,0.889917,-0.552895,0.697322
4163,0.887309,-0.52838,0.712834
4164,0.893116,-0.552606,0.701629
4165,0.888126,-0.540368,0.70482
4166,0.886869,-0.56181,0.686226
4167,0.886869,-0.56181,0.686226
4168,0.889006,-0.530011,0.713736
4169,0.892688,-0.544071,0.707727
4170,0.892651,-0.500165,0.739365
4171,0.887139,-0.509996,0.725893
4172,0.896856,-0.509733,0.737919
4173,0.891209,-0.50695,0.732977
4174,0.885974,-0.49027,0.73796
4175,0.888485,-0.498025,0.735783
4176,0.888485,-0.498025,0.735783
4177,0.888485,-0.498025,0.735783
4178,0.888485,-0.498025,0.735783
4179,0.888485,-0.498025,0.735783
4180,0.885247,-0.473256,0.748125
4181,0.879438,-0.482785,0.735071
4182,0.893082,-0.493293,0.744485
4183,0.890262,-0.524045,0.719683
4184,0.893782,-0.49134,0.746614
4185,0.893782,-0.49134,0.746614
4186,0.888271,-0.485044,0.744149
4187,0.880778,-0.478129,0.739705
4188,0.882392,-0.487379,0.73558
4189,0.886681,-0.50363,0.729768
4190,0.886008,-0.520866,0.716735
4191,0.886008,-0.520866,0.716735
4192,0.889408,-0.451037,0.766559
4193,0.888359,-0.48339,0.745329
4194,0.886605,-0.392229,0.795126
4195,0.886456,-0.445225,0.766537
4196,0.886456,-0.445225,0.766537
4197,0.880933,-0.425299,0.771469
4198,0.880933,-0.425299,0.771469
4199,0.888385,-0.426453,0.779338
4200,0.881473,-0.422586,0.773574
4201,0.881473,-0.422586,0.773574
4202,0.874597,-0.441669,0.754884
4203,0.874597,-0.441669,0.754884
4204,0.87779,-0.463446,0.745475
4205,0.884966,-0.482575,0.741812
4206,0.882878,-0.489559,0.734715
4207,0.88959,-0.53246,0.712641
4208,0.88959,-0.53246,0.712641
4209,0.895149,-0.53299,0.719175
4210,0.880967,-0.569765,0.671916
4211,0.880967,-0.569765,0.671916
4212,0.880967,-0.569765,0.671916
4213,0.882615,-0.525595,0.709055
4214,0.882615,-0.525595,0.709055
4215,0.882404,-0.547077,0.692346
4216,0.886049,-0.512056,0.723105
4217,0.886049,-0.512056,0.723105
4218,0.889153,-0.541026,0.705609
4219,0.889153,-0.541026,0.705609
4220,0.88472,-0.569751,0.67684
4221,0.889111,-0.547975,0.700172
4222,0.889111,-0.547975,0.700172
4223,0.889111,-0.547975,0.700172
4224,0.884426,-0.538095,0.7019
4225,0.887631,-0.565625,0.684074
4226,0.885818,-0.572704,0.675784
4227,0.877489,-0.567941,0.668902
4228,0.877306,-0.608095,0.632366
4229,0.877306,-0.608095,0.632366
4230,0.882452,-0.626572,0.621393
4231,0.885247,-0.60159,0.649424
4232,0.885247,-0.60159,0.649424
4233,0.885247,-0.60159,0.649424
4234,0.890988,-0.580671,0.675781
4235,0.890988,-0.580671,0.675781
4236,0.878006,-0.56567,0.6715
4237,0.878006,-0.56567,0.6715
4238,0.874709,-0.544865,0.684279
4239,0.874709,-0.544865,0.684279
4240,0.874709,-0.544865,0.684279
4241,0.884341,-0.555726,0.687915
4242,0.884341,-0.555726,0.687915
4243,0.884341,-0.555726,0.687915
4244,0.88517,-0.537992,0.702915
4245,0.87464,-0.537889,0.689689
4246,0.88507,-0.556786,0.687995
4247,0.881645,-0.566416,0.675626
4248,0.890401,-0.598428,0.659316
4249,0.87691,-0.53916,0.691576
4250,0.885803,-0.494786,0.734734
4251,0.885803,-0.494786,0.734734
4252,0.882255,-0.476674,0.742399
4253,0.88787,-0.48137,0.746054
4254,0.881054,-0.481812,0.73764
4255,0.881054,-0.481812,0.73764
4256,0.883329,-0.444125,0.76356
4257,0.889536,-0.484506,0.746008
4258,0.889536,-0.484506,0.746008
4259,0.889536,-0.484506,0.746008
4260,0.880952,-0.477882,0.740071
4261,0.882666,-0.471455,0.74621
4262,0.891709,-0.498946,0.739051
4263,0.891709,-0.498946,0.739051
4264,0.887679,-0.558177,0.690226
4265,0.883476,-0.540763,0.698646
4266,0.886041,-0.520764,0.71685
4267,0.886041,-0.520764,0.71685
4268,0.877922,-0.547925,0.685949
4269,0.877922,-0.547925,0.685949
4270,0.877922,-0.547925,0.685949
4271,0.877922,-0.547925,0.685949
4272,0.888467,-0.546374,0.700606
4273,0.888467,-0.546374,0.700606
4274,0.888467,-0.546374,0.700606
4275,0.888467,-0.546374,0.700606
4276,0.88071,-0.612047,0.633284
4277,0.88071,-0.612047,0.633284
4278,0.881445,-0.663581,0.580176
4279,0.881445,-0.663581,0.580176
4280,0.88836,-0.669645,0.583746
4281,0.880959,-0.650636,0.593938
4282,0.889007,-0.631413,0.625821
4283,0.889007,-0.631413,0.625821
4284,0.892464,-0.648139,0.613521
4285,0.892464,-0.648139,0.613521
4286,0.89478,-0.658871,0.605409
4287,0.889502,-0.649212,0.60806
4288,0.885338,-0.646441,0.604927
4289,0.88709,-0.63388,0.620584
4290,0.88709,-0.63388,0.620584
4291,0.881449,-0.633297,0.613096
4292,0.887378,-0.591046,0.661894
4293,0.88422,-0.566451,0.678954
4294,0.876644,-0.575186,0.661563
4295,0.881353,-0.590434,0.654347
4296,0.883035,-0.592844,0.654436
4297,0.883224,-0.638249,0.610511
4298,0.891129,-0.664324,0.593956
4299,0.888628,-0.648868,0.60715
4300,0.890793,-0.662493,0.595496
4301,0.890793,-0.662493,0.595496
4302,0.873629,-0.690605,0.535062
4303,0.879309,-0.73689,0.479768
4304,0.879309,-0.73689,0.479768
4305,0.879309,-0.73689,0.479768
4306,0.883347,-0.728365,0.499786
4307,0.883347,-0.728365,0.499786
4308,0.890317,-0.763079,0.458666
4309,0.889355,-0.750276,0.477534
4310,0.895867,-0.75756,0.478206
4311,0.887641,-0.739023,0.491684
4312,0.887641,-0.739023,0.491684
4313,0.880645,-0.745819,0.468285
4314,0.878799,-0.736128,0.480005
4315,0.886197,-0.719944,0.516745
4316,0.879936,-0.688457,0.548009
4317,0.879936,-0.688457,0.548009
4318,0.879936,-0.688457,0.548009
4319,0.890141,-0.689635,0.562809
4320,0.885876,-0.711985,0.527119
4321,0.886017,-0.672985,0.576296
4322,0.883901,-0.646262,0.603014
4323,0.883901,-0.646262,0.603014
4324,0.883901,-0.646262,0.603014
4325,0.887176,-0.650341,0.603437
4326,0.877236,-0.617197,0.623386
4327,0.877623,-0.621076,0.62007
4328,0.877623,-0.621076,0.62007
4329,0.877623,-0.621076,0.62007
4330,0.874115,-0.612688,0.623451
4331,0.87763,-0.671095,0.565566
4332,0.884448,-0.671887,0.575166
4333,0.883191,-0.678773,0.565061
4334,0.883191,-0.678773,0.565061
4335,0.874596,-0.663461,0.569858
4336,0.874596,-0.663461,0.569858
4337,0.874185,-0.656529,0.577209
4338,0.878641,-0.650131,0.59105
4339,0.893453,-0.685037,0.57357
4340,0.883652,-0.708852,0.527606
4341,0.883652,-0.708852,0.527606
4342,0.883652,-0.708852,0.527606
4343,0.87609,-0.740145,0.468743
4344,0.87609,-0.740145,0.468743
4345,0.88693,-0.753329,0.468125
4346,0.882734,-0.748023,0.468703
4347,0.882734,-0.748023,0.468703
4348,0.878522,-0.769249,0.424331
4349,0.878522,-0.769249,0.424331
4350,0.88948,-0.78136,0.42503
4351,0.894482,-0.811155,0.376996
4352,0.881059,-0.824245,0.311265
4353,0.886898,-0.817477,0.343975
4354,0.880868,-0.81943,0.323207
4355,0.883659,-0.815146,0.34116
4356,0.884233,-0.795866,0.385311
4357,0.893557,-0.794462,0.40899
4358,0.88975,-0.776933,0.433625
4359,0.88975,-0.776933,0.433625
4360,0.877465,-0.794041,0.37342
4361,0.877465,-0.794041,0.37342
4362,0.877465,-0.794041,0.37342
4363,0.877465,-0.794041,0.37342
4364,0.889801,-0.827134,0.328018
4365,0.882921,-0.825786,0.312454
4366,0.883192,-0.829206,0.304048
4367,0.885784,-0.833066,0.301023
4368,0.886194,-0.838506,0.286787
4369,0.886194,-0.838506,0.286787
4370,0.882155,-0.820165,0.32485
4371,0.883264,-0.820409,0.327238
4372,0.881041,-0.843754,0.253599
4373,0.881041,-0.843754,0.253599
4374,0.881041,-0.843754,0.253599
4375,0.881041,-0.843754,0.253599
4376,0.879866,-0.837396,0.270058
4377,0.890692,-0.828116,0.327956
4378,0.893469,-0.840749,0.302372
4379,0.869835,-0.796177,0.350305
4380,0.869835,-0.796177,0.350305
4381,0.888424,-0.83514,0.303048
4382,0.890986,-0.842046,0.291227
4383,0.889742,-0.823237,0.337521
4384,0.8923,-0.824592,0.340949
4385,0.895837,-0.839463,0.312771
4386,0.895837,-0.839463,0.312771
4387,0.895837,-0.839463,0.312771
4388,0.889782,-0.851576,0.257935
4389,0.889782,-0.851576,0.257935
4390,0.881829,-0.840224,0.26767
4391,0.874179,-0.831512,0.26977
4392,0.874179,-0.831512,0.26977
4393,0.883872,-0.829627,0.304874
4394,0.890254,-0.819881,0.346911
4395,0.888042,-0.823858,0.331477
4396,0.885236,-0.833808,0.297335
4397,0.881041,-0.80267,0.363255
4398,0.881041,-0.80267,0.363255
4399,0.881041,-0.80267,0.363255
4400,0.8856,-0.804779,0.369619
4401,0.893051,-0.825253,0.341317
4402,0.889258,-0.825383,0.330942
4403,0.888864,-0.813121,0.359045
4404,0.885257,-0.77728,0.423694
4405,0.885257,-0.77728,0.423694
4406,0.879058,-0.810473,0.340409
4407,0.891772,-0.813948,0.364344
4408,0.891772,-0.813948,0.364344
4409,0.883933,-0.78458,0.40715
4410,0.890467,-0.797716,0.395703
4411,0.888401,-0.776861,0.43098
4412,0.88982,-0.800216,0.389145
4413,0.88982,-0.800216,0.389145
4414,0.884512,-0.805893,0.364554
4415,0.891103,-0.798236,0.396086
4416,0.891103,-0.798236,0.396086
4417,0.883676,-0.793244,0.38942
4418,0.883676,-0.793244,0.38942
4419,0.883676,-0.793244,0.38942
4420,0.883676,-0.793244,0.38942
4421,0.886316,-0.813336,0.352194
4422,0.880982,-0.81367,0.337743
4423,0.885007,-0.801787,0.374666
4424,0.885007,-0.801787,0.374666
4425,0.885007,-0.801787,0.374666
4426,0.880279,-0.780756,0.406585
4427,0.888,-0.796879,0.391827
4428,0.890488,-0.790103,0.41074
4429,0.885349,-0.783466,0.412339
4430,0.885349,-0.783466,0.412339
4431,0.889918,-0.78243,0.423978
4432,0.8929,-0.787869,0.420159
4433,0.885962,-0.764571,0.447616
4434,0.886493,-0.768656,0.441631
4435,0.887936,-0.784809,0.415339
4436,0.893117,-0.784147,0.427516
4437,0.893117,-0.784147,0.427516
4438,0.888976,-0.786415,0.414524
4439,0.888976,-0.786415,0.414524
4440,0.888976,-0.786415,0.414524
4441,0.883552,-0.740046,0.482696
4442,0.889617,-0.740794,0.492588
4443,0.885821,-0.770709,0.436677
4444,0.881659,-0.73698,0.483925
4445,0.886966,-0.759529,0.458066
4446,0.881907,-0.755044,0.455706
4447,0.882842,-0.756819,0.454572
4448,0.88924,-0.778741,0.429314
4449,0.886733,-0.770586,0.43874
4450,0.886733,-0.770586,0.43874
4451,0.882484,-0.765239,0.439531
4452,0.884224,-0.76104,0.45019
4453,0.884475,-0.747386,0.47298
4454,0.885823,-0.760771,0.453773
4455,0.885823,-0.760771,0.453773
4456,0.885035,-0.751991,0.466686
4457,0.893267,-0.766589,0.45855
4458,0.893604,-0.772981,0.448362
4459,0.893604,-0.772981,0.448362
4460,0.890946,-0.748256,0.483629
4461,0.893184,-0.755058,0.477143
4462,0.890156,-0.731381,0.507404
4463,0.893393,-0.718512,0.530934
4464,0.890691,-0.698545,0.552599
4465,0.887802,-0.720989,0.518041
4466,0.886899,-0.725187,0.510581
4467,0.886899,-0.725187,0.510581
4468,0.891714,-0.73271,0.508223
4469,0.890374,-0.727309,0.513602
4470,0.890374,-0.727309,0.513602
4471,0.889388,-0.764891,0.45382
4472,0.88119,-0.732607,0.489676
4473,0.883581,-0.745727,0.473926
4474,0.884952,-0.734252,0.493976
4475,0.885258,-0.738281,0.48849
4476,0.889124,-0.751471,0.475219
4477,0.88439,-0.743796,0.478448
4478,0.877422,-0.718295,0.503906
4479,0.877422,-0.718295,0.503906
4480,0.87798,-0.70865,0.518329
4481,0.880837,-0.694444,0.541869
4482,0.880837,-0.694444,0.541869
4483,0.880837,-0.694444,0.541869
4484,0.892278,-0.706993,0.544354
4485,0.892278,-0.706993,0.544354
4486,0.892278,-0.706993,0.544354
4487,0.891174,-0.685246,0.569762
4488,0.881236,-0.668124,0.57462
4489,0.885568,-0.685639,0.560474
4490,0.885568,-0.685639,0.560474
4491,0.889464,-0.691906,0.558937
4492,0.889536,-0.680435,0.572959
4493,0.895992,-0.694104,0.566588
4494,0.897926,-0.727589,0.526199
4495,0.886653,-0.69736,0.547579
4496,0.887117,-0.727641,0.507459
4497,0.882254,-0.694762,0.543763
4498,0.886383,-0.719832,0.51722
4499,0.886383,-0.719832,0.51722
4500,0.886383,-0.719832,0.51722
4501,0.893669,-0.741341,0.499056
4502,0.887534,-0.714028,0.527144
4503,0.893573,-0.721299,0.527447
4504,0.881575,-0.714156,0.516871
4505,0.881575,-0.714156,0.516871
4506,0.881575,-0.714156,0.516871
4507,0.881575,-0.714156,0.516871
4508,0.892183,-0.727307,0.516734
4509,0.890912,-0.711219,0.536556
4510,0.891695,-0.71496,0.532871
4511,0.893387,-0.69028,0.567145
4512,0.893387,-0.69028,0.567145
4513,0.886105,-0.716984,0.520689
4514,0.889108,-0.733727,0.502153
4515,0.889108,-0.733727,0.502153
4516,0.895061,-0.768699,0.458515
4517,0.890293,-0.731885,0.506919
4518,0.88832,-0.749361,0.477044
4519,0.890995,-0.754934,0.47323
4520,0.884562,-0.7098,0.527857
4521,0.884562,-0.7098,0.527857
4522,0.888319,-0.69459,0.553765
4523,0.888319,-0.69459,0.553765
4524,0.869239,-0.687501,0.5319
4525,0.881556,-0.706616,0.5271
4526,0.881556,-0.706616,0.5271
4527,0.881556,-0.706616,0.5271
4528,0.884712,-0.686558,0.557991
4529,0.884712,-0.686558,0.557991
4530,0.891952,-0.685589,0.570566
4531,0.892052,-0.708519,0.541994
4532,0.892052,-0.708519,0.541994
4533,0.89472,-0.690769,0.56865
4534,0.89472,-0.690769,0.56865
4535,0.89472,-0.690769,0.56865
4536,0.89472,-0.690769,0.56865
4537,0.88583,-0.671129,0.57817
4538,0.889134,-0.667061,0.587867
4539,0.886816,-0.65157,0.60158
4540,0.886816,-0.65157,0.60158
4541,0.886816,-0.65157,0.60158
4542,0.888847,-0.656118,0.599633
4543,0.888847,-0.656118,0.599633
4544,0.894213,-0.62195,0.642491
4545,0.889054,-0.626341,0.630962
4546,0.894911,-0.606214,0.658309
4547,0.894911,-0.606214,0.658309
4548,0.887228,-0.564029,0.684869
4549,0.887228,-0.564029,0.684869
4550,0.887228,-0.564029,0.684869
4551,0.887228,-0.564029,0.684869
4552,0.892414,-0.609321,0.65202
4553,0.892414,-0.609321,0.65202
4554,0.892414,-0.609321,0.65202
4555,0.892966,-0.647096,0.615349
4556,0.894704,-0.674171,0.588207
4557,0.894704,-0.674171,0.588207
4558,0.894704,-0.674171,0.588207
4559,0.894704,-0.674171,0.588207
4560,0.894704,-0.674171,0.588207
4561,0.894704,-0.674171,0.588207
4562,0.893069,-0.645464,0.61721
4563,0.885026,-0.647701,0.60312
4564,0.883525,-0.593886,0.654153
4565,0.88525,-0.610619,0.640946
4566,0.887554,-0.578457,0.673156
4567,0.887554,-0.578457,0.673156
4568,0.877647,-0.560214,0.675593
4569,0.877647,-0.560214,0.675593
4570,0.877647,-0.560214,0.675593
4571,0.886439,-0.610201,0.642984
4572,0.882017,-0.571564,0.671765
4573,0.882017,-0.571564,0.671765
4574,0.885862,-0.594475,0.656774
4575,0.893239,-0.596549,0.664835
4576,0.88043,-0.60208,0.642384
4577,0.886909,-0.597768,0.655196
4578,0.893939,-0.570054,0.688597
4579,0.889807,-0.550105,0.699386
4580,0.888414,-0.559571,0.690043
4581,0.887541,-0.562296,0.686696
4582,0.886669,-0.532259,0.709143
4583,0.886669,-0.532259,0.709143
4584,0.888237,-0.562872,0.687124
4585,0.888614,-0.632443,0.624221
4586,0.893509,-0.653739,0.609085
4587,0.88669,-0.663186,0.58856
4588,0.894804,-0.647983,0.617084
4589,0.894804,-0.647983,0.617084
4590,0.894804,-0.647983,0.617084
4591,0.892394,-0.647444,0.614152
4592,0.888131,-0.642109,0.613574
4593,0.890149,-0.610918,0.647414
4594,0.889422,-0.622648,0.635124
4595,0.889422,-0.622648,0.635124
4596,0.886716,-0.658447,0.593895
4597,0.886716,-0.658447,0.593895
4598,0.886716,-0.658447,0.593895
4599,0.886716,-0.658447,0.593895
4600,0.887173,-0.65662,0.596595
4601,0.887241,-0.679169,0.5709
4602,0.884935,-0.679355,0.567086
4603,0.88873,-0.666259,0.588166
4604,0.89014,-0.644171,0.614322
4605,0.888746,-0.619016,0.637721
4606,0.888668,-0.598195,0.657186
4607,0.888668,-0.598195,0.657186
4608,0.892001,-0.627304,0.634158
4609,0.88789,-0.605879,0.649045
4610,0.883902,-0.610897,0.638816
4611,0.887124,-0.577383,0.673512
4612,0.888994,-0.548941,0.699266
4613,0.888994,-0.548941,0.699266
4614,0.891287,-0.566253,0.688295
4615,0.892279,-0.615355,0.646142
4616,0.8861,-0.646731,0.605733
4617,0.8861,-0.646731,0.605733
4618,0.89093,-0.667929,0.589599
4619,0.891254,-0.655189,0.604202
4620,0.891254,-0.655189,0.604202
4621,0.893769,-0.67601,0.584665
4622,0.886936,-0.704645,0.538637
4623,0.886936,-0.704645,0.538637
4624,0.886302,-0.706141,0.535626
4625,0.886302,-0.706141,0.535626
4626,0.890513,-0.743349,0.490354
4627,0.887871,-0.730527,0.504624
4628,0.891128,-0.732474,0.507534
4629,0.891755,-0.739056,0.499022
4630,0.894542,-0.740413,0.50199
4631,0.897383,-0.71675,0.539968
4632,0.895708,-0.718311,0.53509
4633,0.883078,-0.725956,0.502806
4634,0.889768,-0.714275,0.530564
4635,0.889768,-0.714275,0.530564
4636,0.893114,-0.730267,0.514161
4637,0.893114,-0.730267,0.514161
4638,0.890987,-0.752131,0.477658
4639,0.894865,-0.761295,0.470334
4640,0.894865,-0.761295,0.470334
4641,0.894865,-0.761295,0.470334
4642,0.884245,-0.734555,0.492259
4643,0.884245,-0.734555,0.492259
4644,0.895796,-0.75025,0.489464
4645,0.895796,-0.75025,0.489464
4646,0.895796,-0.75025,0.489464
4647,0.884909,-0.722029,0.511604
4648,0.884909,-0.722029,0.511604
4649,0.884909,-0.722029,0.511604
4650,0.871815,-0.703028,0.515571
4651,0.877386,-0.72722,0.490874
4652,0.877386,-0.72722,0.490874
4653,0.889341,-0.687128,0.564609
4654,0.896075,-0.676984,0.587064
4655,0.896347,-0.669825,0.595627
4656,0.886293,-0.689016,0.557469
4657,0.892694,-0.680574,0.577686
4658,0.88762,-0.665255,0.587626
4659,0.891758,-0.689145,0.565961
4660,0.887919,-0.676255,0.575395
4661,0.891893,-0.699669,0.553115
4662,0.882939,-0.709178,0.525974
4663,0.88976,-0.709324,0.537153
4664,0.88976,-0.709324,0.537153
4665,0.896,-0.749105,0.491588
4666,0.895352,-0.728084,0.521104
4667,0.89241,-0.721378,0.525366
4668,0.89241,-0.721378,0.525366
4669,0.89241,-0.721378,0.525366
4670,0.88975,-0.712902,0.532377
4671,0.892357,-0.6754,0.583211
4672,0.895908,-0.713978,0.54119
4673,0.895908,-0.713978,0.54119
4674,0.883347,-0.71062,0.524711
4675,0.888083,-0.753988,0.469249
4676,0.887859,-0.752056,0.471916
4677,0.890298,-0.763579,0.457796
4678,0.890298,-0.763579,0.457796
4679,0.892522,-0.755769,0.474772
4680,0.8826,-0.781288,0.410575
4681,0.892989,-0.7678,0.455975
4682,0.88691,-0.75693,0.46224
4683,0.88691,-0.75693,0.46224
4684,0.88691,-0.75693,0.46224
4685,0.88691,-0.75693,0.46224
4686,0.891666,-0.752565,0.478241
4687,0.896887,-0.736468,0.51188
4688,0.890579,-0.766556,0.453345
4689,0.890579,-0.766556,0.453345
4690,0.90212,-0.816653,0.383274
4691,0.890687,-0.811289,0.367606
4692,0.88808,-0.79688,0.392005
4693,0.88808,-0.79688,0.392005
4694,0.889194,-0.82925,0.320952
4695,0.894049,-0.836285,0.31615
4696,0.89196,-0.848349,0.275495
4697,0.89196,-0.848349,0.275495
4698,0.892741,-0.834221,0.317902
4699,0.891424,-0.81585,0.3592
4700,0.88881,-0.817635,0.348506
4701,0.884739,-0.819504,0.333431
4702,0.892587,-0.827181,0.335385
4703,0.891297,-0.813956,0.363161
4704,0.88115,-0.797486,0.374754
4705,0.890276,-0.786344,0.417438
4706,0.887919,-0.777799,0.428286
4707,0.887919,-0.777799,0.428286
4708,0.897266,-0.785431,0.433801
4709,0.891753,-0.775354,0.440511
4710,0.885791,-0.773757,0.431191
4711,0.891469,-0.807461,0.377787
4712,0.891799,-0.806844,0.37988
4713,0.891799,-0.806844,0.37988
4714,0.892693,-0.806401,0.382906
4715,0.890594,-0.791526,0.408221
4716,0.890594,-0.791526,0.408221
4717,0.877719,-0.758777,0.441189
4718,0.890681,-0.800362,0.39081
4719,0.890681,-0.800362,0.39081
4720,0.883192,-0.826228,0.312051
4721,0.881579,-0.82497,0.310815
4722,0.883166,-0.857171,0.212696
4723,0.889932,-0.868949,0.192114
4724,0.889932,-0.868949,0.192114
4725,0.89237,-0.875684,0.171761
4726,0.888727,-0.879915,0.124838
4727,0.880762,-0.878625,0.0613115
4728,0.893421,-0.893416,0.00278701
4729,0.883346,-0.88306,-0.0224956
4730,0.883346,-0.88306,-0.0224956
4731,0.892961,-0.887115,-0.102012
4732,0.888189,-0.87569,-0.14848
4733,0.893033,-0.875375,-0.176711
4734,0.893033,-0.875375,-0.176711
4735,0.8875,-0.855629,-0.235701
4736,0.8875,-0.855629,-0.235701
4737,0.881105,-0.842739,-0.257171
4738,0.883467,-0.849818,-0.241505
4739,0.881851,-0.84011,-0.268097
4740,0.881851,-0.84011,-0.268097
4741,0.877753,-0.834956,-0.270738
4742,0.877753,-0.834956,-0.270738
4743,0.878364,-0.842644,-0.247941
4744,0.884267,-0.848718,-0.248207
4745,0.894427,-0.856921,-0.256291
4746,0.894427,-0.856921,-0.256291
4747,0.889711,-0.867831,-0.1961
4748,0.889711,-0.867831,-0.1961
4749,0.895058,-0.878461,-0.171565
4750,0.87726,-0.86118,-0.167195
4751,0.890731,-0.880173,-0.136742
4752,0.890731,-0.880173,-0.136742
4753,0.892405,-0.875334,-0.173716
4754,0.88707,-0.861686,-0.210691
4755,0.88707,-0.861686,-0.210691
4756,0.892198,-0.860435,-0.235941
4757,0.892198,-0.860435,-0.235941
4758,0.883323,-0.836697,-0.28319
4759,0.883323,-0.836697,-0.28319
4760,0.887382,-0.833969,-0.30322
4761,0.891756,-0.82916,-0.328211
4762,0.884133,-0.801327,-0.373584
4763,0.885602,-0.816731,-0.342405
4764,0.886107,-0.826987,-0.31824
4765,0.886107,-0.826987,-0.31824
4766,0.87769,-0.826664,-0.294901
4767,0.884901,-0.837441,-0.285905
4768,0.884901,-0.837441,-0.285905
4769,0.884243,-0.847066,-0.2537
4770,0.884243,-0.847066,-0.2537
4771,0.884243,-0.847066,-0.2537
4772,0.890979,-0.839906,-0.297324
4773,0.87776,-0.814794,-0.326458
4774,0.890668,-0.800828,-0.389826
4775,0.885237,-0.785921,-0.407396
4776,0.886675,-0.801821,-0.378516
4777,0.88475,-0.817331,-0.33875
4778,0.885632,-0.803327,-0.372839
4779,0.888682,-0.818419,-0.346332
4780,0.883199,-0.805934,-0.361262
4781,0.888098,-0.775915,-0.432059
4782,0.89087,-0.780871,-0.428822
4783,0.881654,-0.778769,-0.41332
4784,0.881654,-0.778769,-0.41332
4785,0.891773,-0.782763,-0.42725
4786,0.887294,-0.780824,-0.421432
4787,0.89082,-0.788696,-0.414149
4788,0.89082,-0.788696,-0.414149
4789,0.89082,-0.788696,-0.414149
4790,0.896166,-0.817616,-0.366901
4791,0.884397,-0.822559,-0.324891
4792,0.891903,-0.831086,-0.323707
4793,0.883718,-0.832569,-0.296289
4794,0.888341,-0.847479,-0.266327
4795,0.887211,-0.849546,-0.255764
4796,0.884424,-0.846891,-0.254915
4797,0.884424,-0.846891,-0.254915
4798,0.884888,-0.826553,-0.315972
4799,0.888796,-0.826191,-0.327668
4800,0.888796,-0.826191,-0.327668
4801,0.886414,-0.829165,-0.313393
4802,0.889638,-0.846121,-0.274836
4803,0.885538,-0.843949,-0.268194
4804,0.885538,-0.843949,-0.268194
4805,0.885695,-0.834104,-0.29787
4806,0.886547,-0.816887,-0.34447
4807,0.886547,-0.816887,-0.34447
4808,0.880458,-0.810701,-0.343466
4809,0.880458,-0.810701,-0.343466
4810,0.88284,-0.795697,-0.382455
4811,0.88284,-0.795697,-0.382455
4812,0.888993,-0.801649,-0.384275
4813,0.885442,-0.826279,-0.31823
4814,0.885442,-0.826279,-0.31823
4815,0.885442,-0.826279,-0.31823
4816,0.885811,-0.822525,-0.328806
4817,0.88713,-0.821291,-0.335381
4818,0.883407,-0.800629,-0.373366
4819,0.886557,-0.78411,-0.413709
4820,0.890769,-0.815086,-0.35931
4821,0.889933,-0.787,-0.415466
4822,0.892879,-0.786168,-0.42329
4823,0.880757,-0.734361,-0.486258
4824,0.883157,-0.750228,-0.465966
4825,0.883157,-0.750228,-0.465966
4826,0.891821,-0.739529,-0.498439
4827,0.889829,-0.749812,-0.479141
4828,0.889829,-0.749812,-0.479141
4829,0.893996,-0.760371,-0.470175
4830,0.892165,-0.793347,-0.408115
4831,0.885281,-0.786971,-0.405461
4832,0.89007,-0.77889,-0.430761
4833,0.891394,-0.77234,-0.445056
4834,0.891394,-0.77234,-0.445056
4835,0.89308,-0.777574,-0.439285
4836,0.890276,-0.77882,-0.431314
4837,0.890276,-0.77882,-0.431314
4838,0.881529,-0.760736,-0.445393
4839,0.882358,-0.733463,-0.490499
4840,0.884107,-0.73079,-0.497585
4841,0.878807,-0.721511,-0.50172
4842,0.891988,-0.760262,-0.466523
4843,0.880856,-0.743885,-0.471744
4844,0.878492,-0.733744,-0.483081
4845,0.878492,-0.733744,-0.483081
4846,0.878492,-0.733744,-0.483081
4847,0.878492,-0.733744,-0.483081
4848,0.888377,-0.74219,-0.48823
4849,0.888377,-0.74219,-0.48823
4850,0.888377,-0.74219,-0.48823
4851,0.883377,-0.737695,-0.485964
4852,0.887151,-0.75275,-0.469473
4853,0.880929,-0.722148,-0.504519
4854,0.888211,-0.718116,-0.522713
4855,0.883416,-0.680474,-0.563365
4856,0.88875,-0.656177,-0.599422
4857,0.882509,-0.633429,-0.614484
4858,0.887506,-0.607672,-0.646839
4859,0.876516,-0.571603,-0.664493
4860,0.877498,-0.606109,-0.634535
4861,0.890419,-0.585503,-0.670845
4862,0.888919,-0.57264,-0.679898
4863,0.887828,-0.574581,-0.676828
4864,0.890426,-0.623058,-0.636127
4865,0.889133,-0.647851,-0.608971
4866,0.88519,-0.640206,-0.611308
4867,0.88519,-0.640206,-0.611308
4868,0.888179,-0.637023,-0.618921
4869,0.888179,-0.637023,-0.618921
4870,0.889778,-0.656787,-0.600279
4871,0.889778,-0.656787,-0.600279
4872,0.889778,-0.656787,-0.600279
4873,0.889778,-0.656787,-0.600279
4874,0.881148,-0.653405,-0.591171
4875,0.881148,-0.653405,-0.591171
4876,0.881148,-0.653405,-0.591171
4877,0.886996,-0.672285,-0.578615
4878,0.886996,-0.672285,-0.578615
4879,0.886996,-0.672285,-0.578615
4880,0.886996,-0.672285,-0.578615
4881,0.879943,-0.60612,-0.637901
4882,0.887788,-0.5836,-0.669014
4883,0.886528,-0.5895,-0.662134
4884,0.889249,-0.600115,-0.656221
4885,0.880108,-0.60409,-0.640051
4886,0.887314,-0.588811,-0.663798
4887,0.891333,-0.60705,-0.65266
4888,0.892409,-0.604146,-0.656811
4889,0.892409,-0.604146,-0.656811
4890,0.88583,-0.620518,-0.632181
4891,0.88583,-0.620518,-0.632181
4892,0.893997,-0.615751,-0.648136
4893,0.888181,-0.615328,-0.640498
4894,0.885586,-0.595085,-0.655848
4895,0.885586,-0.595085,-0.655848
4896,0.890764,-0.648304,-0.61087
4897,0.888181,-0.670318,-0.582701
4898,0.888181,-0.670318,-0.582701
4899,0.892071,-0.661676,-0.59831
4900,0.88788,-0.67457,-0.57731
4901,0.893349,-0.657766,-0.604496
4902,0.893349,-0.657766,-0.604496
4903,0.893349,-0.657766,-0.604496
4904,0.893349,-0.657766,-0.604496
4905,0.888526,-0.641166,-0.61513
4906,0.889327,-0.673856,-0.580363
4907,0.893947,-0.666591,-0.595649
4908,0.892252,-0.661512,-0.598761
4909,0.892252,-0.661512,-0.598761
4910,0.896335,-0.678549,-0.585651
4911,0.896335,-0.678549,-0.585651
4912,0.888478,-0.673849,-0.579069
4913,0.886787,-0.629167,-0.624931
4914,0.890033,-0.613049,-0.645236
4915,0.886585,-0.623267,-0.630533
4916,0.899114,-0.640232,-0.631275
4917,0.893303,-0.579584,-0.67976
4918,0.886964,-0.582646,-0.668751
4919,0.887772,-0.628839,-0.626659
4920,0.883993,-0.601616,-0.64769
4921,0.887025,-0.61085,-0.643176
4922,0.889457,-0.646155,-0.611243
4923,0.888501,-0.646681,-0.609293
4924,0.890831,-0.672092,-0.584697
4925,0.888227,-0.629675,-0.626464
4926,0.888059,-0.625551,-0.630345
4927,0.888059,-0.625551,-0.630345
4928,0.892727,-0.629639,-0.632864
4929,0.888312,-0.661279,-0.593135
4930,0.895312,-0.651473,-0.614139
4931,0.882201,-0.660003,-0.585385
4932,0.884553,-0.622739,-0.628196
4933,0.886519,-0.652226,-0.60043
4934,0.890884,-0.672224,-0.584627
4935,0.890884,-0.672224,-0.584627
4936,0.885588,-0.663696,-0.586321
4937,0.885588,-0.663696,-0.586321
4938,0.885094,-0.70183,-0.539282
4939,0.885094,-0.70183,-0.539282
4940,0.885094,-0.70183,-0.539282
4941,0.893102,-0.742761,-0.49592
4942,0.885059,-0.735112,-0.492889
4943,0.887598,-0.731445,-0.502811
4944,0.892583,-0.744109,-0.492956
4945,0.889563,-0.702769,-0.545379
4946,0.895083,-0.704881,-0.551649
4947,0.888114,-0.681501,-0.569475
4948,0.884113,-0.665316,-0.582245
4949,0.884113,-0.665316,-0.582245
4950,0.890079,-0.662631,-0.594274
4951,0.897561,-0.644446,-0.624744
4952,0.895519,-0.68262,-0.579641
4953,0.895772,-0.666415,-0.59858
4954,0.895772,-0.666415,-0.59858
4955,0.895772,-0.666415,-0.59858
4956,0.890539,-0.651312,-0.607331
4957,0.897536,-0.655948,-0.61262
4958,0.897536,-0.655948,-0.61262
4959,0.90032,-0.67979,-0.590306
4960,0.893498,-0.669865,-0.591286
4961,0.89757,-0.671149,-0.595979
4962,0.888925,-0.672719,-0.581066
4963,0.894254,-0.680839,-0.579784
4964,0.884346,-0.67533,-0.570961
4965,0.884346,-0.67533,-0.570961
4966,0.877014,-0.651347,-0.587283
4967,0.891191,-0.69088,-0.562944
4968,0.888271,-0.708923,-0.535215
4969,0.888271,-0.708923,-0.535215
4970,0.894869,-0.684866,-0.575976
4971,0.892779,-0.687999,-0.568958
4972,0.892779,-0.687999,-0.568958
4973,0.88313,-0.680199,-0.563248
4974,0.882669,-0.693207,-0.546414
4975,0.894287,-0.679125,-0.58184
4976,0.895131,-0.692004,-0.567795
4977,0.881449,-0.682369,-0.557965
4978,0.889526,-0.712616,-0.532385
4979,0.882644,-0.701199,-0.536079
4980,0.87956,-0.68048,-0.55729
4981,0.87817,-0.68297,-0.552028
4982,0.883926,-0.659966,-0.588023
4983,0.888439,-0.650429,-0.6052
4984,0.891532,-0.696971,-0.555933
4985,0.891532,-0.696971,-0.555933
4986,0.891532,-0.696971,-0.555933
4987,0.891532,-0.696971,-0.555933
4988,0.891532,-0.696971,-0.555933
4989,0.877768,-0.676957,-0.558752
4990,0.884664,-0.689889,-0.55379
4991,0.876084,-0.663525,-0.572064
4992,0.876084,-0.663525,-0.572064
4993,0.876084,-0.663525,-0.572064
4994,0.887758,-0.619091,-0.63627
4995,0.890352,-0.630135,-0.629012
4996,0.890246,-0.6337,-0.62527
4997,0.875173,-0.636556,-0.600603
4998,0.872525,-0.62341,-0.610459
4999,0.872525,-0.62341,-0.610459
5000,0.875294,-0.686876,-0.542531
5001,0.881394,-0.724366,-0.502145
5002,0.880051,-0.723811,-0.500586
5003,0.880051,-0.723811,-0.500586
5004,0.880051,-0.723811,-0.500586
5005,0.890906,-0.735295,-0.503046
5006,0.890906,-0.735295,-0.503046
5007,0.883752,-0.734909,-0.490844
5008,0.888281,-0.722276,-0.517069
5009,0.88929,-0.714276,-0.52976
5010,0.890785,-0.745106,-0.488175
5011,0.885712,-0.700882,-0.541525
5012,0.884191,-0.691554,-0.550951
5013,0.887526,-0.644934,-0.609724
5014,0.892583,-0.693296,-0.562179
5015,0.889941,-0.68225,-0.571427
5016,0.885923,-0.700165,-0.542796
5017,0.884456,-0.672456,-0.574512
5018,0.884456,-0.672456,-0.574512
5019,0.884456,-0.672456,-0.574512
5020,0.885734,-0.669879,-0.579471
5021,0.878536,-0.650225,-0.59079
5022,0.885249,-0.65028,-0.600668
5023,0.882048,-0.690801,-0.548454
5024,0.882048,-0.690801,-0.548454
5025,0.890531,-0.724386,-0.517986
5026,0.887774,-0.743079,-0.485774
5027,0.883676,-0.766132,-0.440368
5028,0.873518,-0.740511,-0.463332
5029,0.873518,-0.740511,-0.463332
5030,0.879961,-0.735921,-0.482442
5031,0.887352,-0.74355,-0.48428
5032,0.887352,-0.74355,-0.48428
5033,0.869678,-0.729509,-0.473452
5034,0.874132,-0.730736,-0.47972
5035,0.881969,-0.731973,-0.492021
5036,0.882385,-0.725781,-0.501841
5037,0.881456,-0.69879,-0.537268
5038,0.881456,-0.69879,-0.537268
5039,0.883022,-0.734475,-0.490179
5040,0.884658,-0.744304,-0.478154
5041,0.885716,-0.75424,-0.464344
5042,0.885716,-0.75424,-0.464344
5043,0.888046,-0.747829,-0.478934
5044,0.891811,-0.757481,-0.47069
5045,0.884327,-0.755341,-0.459884
5046,0.885086,-0.774551,-0.428309
5047,0.885086,-0.774551,-0.428309
5048,0.884585,-0.760291,-0.45216
5049,0.885381,-0.74249,-0.482295
5050,0.880962,-0.716149,-0.513055
5051,0.884099,-0.680655,-0.564216
5052,0.890652,-0.685774,-0.568309
5053,0.887044,-0.689709,-0.557808
5054,0.890649,-0.699864,-0.55086
5055,0.891286,-0.69531,-0.557615
5056,0.895026,-0.721448,-0.529702
5057,0.890075,-0.68145,-0.57259
5058,0.894591,-0.704882,-0.550848
5059,0.884436,-0.724776,-0.506879
5060,0.89022,-0.717269,-0.527274
5061,0.895517,-0.72519,-0.525405
5062,0.88886,-0.70385,-0.542833
5063,0.883435,-0.704965,-0.53243
5064,0.888584,-0.678405,-0.573889
5065,0.888584,-0.678405,-0.573889
5066,0.883087,-0.638748,-0.60979
5067,0.888996,-0.646484,-0.610224
5068,0.887828,-0.631951,-0.623599
5069,0.887828,-0.631951,-0.623599
5070,0.888148,-0.636266,-0.619655
5071,0.88399,-0.620399,-0.629718
5072,0.88399,-0.620399,-0.629718
5073,0.8807,-0.626294,-0.619184
5074,0.8807,-0.626294,-0.619184
5075,0.889435,-0.618927,-0.638768
5076,0.889435,-0.618927,-0.638768
5077,0.886438,-0.629414,-0.624188
5078,0.892174,-0.616128,-0.645261
5079,0.886704,-0.630391,-0.623579
5080,0.886103,-0.624478,-0.628655
5081,0.886972,-0.625384,-0.628979
5082,0.883999,-0.605281,-0.644274
5083,0.883992,-0.621699,-0.628436
5084,0.890257,-0.632975,-0.62602
5085,0.887023,-0.612741,-0.641371
5086,0.88294,-0.61594,-0.632614
5087,0.88294,-0.61594,-0.632614
5088,0.88294,-0.61594,-0.632614
5089,0.893849,-0.641766,-0.622175
5090,0.882774,-0.60978,-0.638325
5091,0.889098,-0.625677,-0.631683
5092,0.886053,-0.658127,-0.593261
5093,0.886053,-0.658127,-0.593261
5094,0.891867,-0.637415,-0.623803
5095,0.891867,-0.637415,-0.623803
5096,0.885171,-0.632216,-0.61954
5097,0.889794,-0.628119,-0.630239
5098,0.889794,-0.628119,-0.630239
5099,0.886226,-0.646092,-0.606598
5100,0.886154,-0.635209,-0.617883
5101,0.886154,-0.635209,-0.617883
5102,0.88656,-0.648064,-0.604981
5103,0.88656,-0.648064,-0.604981
5104,0.88656,-0.648064,-0.604981
5105,0.885501,-0.661928,-0.588187
5106,0.894236,-0.691184,-0.567383
5107,0.884761,-0.709375,-0.528763
5108,0.884761,-0.709375,-0.528763
5109,0.884761,-0.709375,-0.528763
5110,0.890848,-0.711442,-0.536153
5111,0.886671,-0.71751,-0.520926
5112,0.879219,-0.707396,-0.522127
5113,0.886173,-0.711082,-0.528834
5114,0.89232,-0.73761,-0.502162
5115,0.892824,-0.73072,-0.513014
5116,0.889744,-0.756794,-0.467875
5117,0.892237,-0.796371,-0.402344
5118,0.893622,-0.79677,-0.404621
5119,0.883324,-0.78843,-0.398295
5120,0.88061,-0.798523,-0.371262
5121,0.88061,-0.798523,-0.371262
5122,0.890391,-0.790107,-0.410519
5123,0.893029,-0.779496,-0.43576
5124,0.896348,-0.791749,-0.420206
5125,0.902812,-0.778924,-0.45645
5126,0.884063,-0.790381,-0.396061
5127,0.884063,-0.790381,-0.396061
5128,0.884063,-0.790381,-0.396061
5129,0.889162,-0.807141,-0.373004
5130,0.889565,-0.809366,-0.369123
5131,0.895226,-0.82119,-0.356478
5132,0.897369,-0.820928,-0.362421
5133,0.895472,-0.79846,-0.405379
5134,0.887572,-0.773441,-0.435399
5135,0.892392,-0.743343,-0.493766
5136,0.892392,-0.743343,-0.493766
5137,0.896467,-0.764262,-0.468569
5138,0.894493,-0.767834,-0.458856
5139,0.897276,-0.77711,-0.448557
5140,0.896639,-0.786965,-0.429706
5141,0.896639,-0.786965,-0.429706
5142,0.89853,-0.77742,-0.450526
5143,0.893016,-0.78302,-0.429368
5144,0.893016,-0.78302,-0.429368
5145,0.892184,-0.782375,-0.428815
5146,0.892184,-0.782375,-0.428815
5147,0.885474,-0.772876,-0.432119
5148,0.885982,-0.78766,-0.405655
5149,0.892178,-0.769535,-0.451439
5150,0.892178,-0.769535,-0.451439
5151,0.892178,-0.769535,-0.451439
5152,0.891954,-0.778704,-0.434975
5153,0.879191,-0.780651,-0.404426
5154,0.879191,-0.780651,-0.404426
5155,0.879191,-0.780651,-0.404426
5156,0.880677,-0.766165,-0.434262
5157,0.880677,-0.766165,-0.434262
5158,0.882181,-0.756106,-0.454474
5159,0.884993,-0.765354,-0.44435
5160,0.890288,-0.769555,-0.447659
5161,0.892362,-0.785693,-0.42308
5162,0.886176,-0.788955,-0.403558
5163,0.886176,-0.788955,-0.403558
5164,0.890471,-0.793218,-0.404654
5165,0.883609,-0.816579,-0.337585
5166,0.892987,-0.82398,-0.344212
5167,0.892987,-0.82398,-0.344212
5168,0.892987,-0.82398,-0.344212
5169,0.892987,-0.82398,-0.344212
5170,0.893263,-0.825184,-0.34204
5171,0.893263,-0.825184,-0.34204
5172,0.888652,-0.832896,-0.309816
5173,0.875298,-0.802954,-0.348441
5174,0.875298,-0.802954,-0.348441
5175,0.893105,-0.817426,-0.359793
5176,0.884775,-0.816939,-0.339761
5177,0.890461,-0.842431,-0.288498
5178,0.886031,-0.847634,-0.258006
5179,0.888443,-0.868452,-0.187405
5180,0.89176,-0.879727,-0.145998
5181,0.89176,-0.879727,-0.145998
5182,0.892718,-0.880104,-0.14954
5183,0.889279,-0.88452,-0.0918731
5184,0.896089,-0.892892,-0.0756264
5185,0.881914,-0.880711,-0.0460363
5186,0.881914,-0.880711,-0.0460363
5187,0.880526,-0.880174,0.0249195
5188,0.883241,-0.882552,0.0348791
5189,0.88214,-0.882139,-0.0014973
5190,0.884587,-0.88454,0.00913392
5191,0.88583,-0.885159,0.0344786
5192,0.882759,-0.882313,-0.0280815
5193,0.892774,-0.891091,-0.0547921
5194,0.893305,-0.890261,-0.0736826
5195,0.882835,-0.882737,-0.0130924
5196,0.888181,-0.887992,0.0182946
5197,0.89148,-0.89147,-0.00420736
5198,0.890624,-0.890611,0.00484217
5199,0.884177,-0.883513,-0.034274
5200,0.88841,-0.874877,-0.15447
5201,0.88991,-0.881352,-0.123116
5202,0.890927,-0.883774,-0.112671
5203,0.890927,-0.883774,-0.112671
5204,0.885044,-0.878476,-0.107619
5205,0.885705,-0.88358,-0.0613166
5206,0.888389,-0.88445,-0.0835633
5207,0.890506,-0.885983,-0.0896403
5208,0.890506,-0.885983,-0.0896403
5209,0.886756,-0.877769,-0.125927
5210,0.885318,-0.875578,-0.130965
5211,0.884873,-0.868529,-0.169289
5212,0.876799,-0.864677,-0.14529
5213,0.890673,-0.87099,-0.186213
5214,0.887901,-0.865855,-0.19663
5215,0.887602,-0.867642,-0.187175
5216,0.875851,-0.862167,-0.154215
5217,0.875851,-0.862167,-0.154215
5218,0.883537,-0.866995,-0.170169
5219,0.891908,-0.879938,-0.145639
5220,0.883157,-0.86554,-0.17552
5221,0.896226,-0.87661,-0.186485
5222,0.890802,-0.881305,-0.129727
5223,0.890802,-0.881305,-0.129727
5224,0.89224,-0.867976,-0.206661
5225,0.8878,-0.874244,-0.154551
5226,0.890754,-0.8765,-0.158718
5227,0.890685,-0.877223,-0.154274
5228,0.890685,-0.877223,-0.154274
5229,0.890685,-0.877223,-0.154274
5230,0.883535,-0.863904,-0.185213
5231,0.883535,-0.863904,-0.185213
5232,0.88031,-0.866449,-0.155604
5233,0.889356,-0.87152,-0.177221
5234,0.889356,-0.87152,-0.177221
5235,0.889254,-0.873201,-0.168205
5236,0.885414,-0.872833,-0.148732
5237,0.884425,-0.869464,-0.161991
5238,0.884425,-0.869464,-0.161991
5239,0.88626,-0.86887,-0.174703
5240,0.88626,-0.86887,-0.174703
5241,0.88626,-0.86887,-0.174703
5242,0.891814,-0.872761,-0.183356
5243,0.891814,-0.872761,-0.183356
5244,0.878892,-0.845414,-0.240265
5245,0.885067,-0.84725,-0.255953
5246,0.881235,-0.845768,-0.247494
5247,0.885605,-0.855261,-0.229834
5248,0.889107,-0.866286,-0.20015
5249,0.878167,-0.863783,-0.158296
5250,0.878032,-0.868687,-0.127761
5251,0.878032,-0.868687,-0.127761
5252,0.878032,-0.868687,-0.127761
5253,0.867829,-0.860263,-0.11435
5254,0.876043,-0.861799,-0.157337
5255,0.89333,-0.866805,-0.216075
5256,0.887961,-0.859333,-0.223656
5257,0.884514,-0.845129,-0.261003
5258,0.881279,-0.83947,-0.26822
5259,0.882996,-0.853773,-0.225286
5260,0.883012,-0.860865,-0.196522
5261,0.886214,-0.870504,-0.166126
5262,0.886214,-0.870504,-0.166126
5263,0.891444,-0.868281,-0.201891
5264,0.891444,-0.868281,-0.201891
5265,0.888765,-0.860807,-0.221166
5266,0.888765,-0.860807,-0.221166
5267,0.890334,-0.867,-0.202499
5268,0.890334,-0.867,-0.202499
5269,0.892596,-0.859591,-0.240479
5270,0.88629,-0.847932,-0.257916
5271,0.884734,-0.842487,-0.270129
5272,0.883041,-0.840025,-0.272247
5273,0.885995,-0.844143,-0.269093
5274,0.888719,-0.857657,-0.232906
5275,0.891851,-0.871811,-0.188
5276,0.886588,-0.856431,-0.229266
5277,0.886588,-0.856431,-0.229266
5278,0.890194,-0.857694,-0.238341
5279,0.876362,-0.844653,-0.233607
5280,0.883867,-0.862492,-0.193205
5281,0.879624,-0.870417,-0.126931
5282,0.872871,-0.871139,-0.0549681
5283,0.895012,-0.892938,-0.0609044
5284,0.887535,-0.879441,-0.119585
5285,0.885355,-0.879245,-0.103833
5286,0.890274,-0.88612,-0.085904
5287,0.885165,-0.882965,-0.0623631
5288,0.890726,-0.884443,-0.105614
5289,0.890726,-0.884443,-0.105614
5290,0.892589,-0.884135,-0.122557
5291,0.888523,-0.883927,-0.090255
5292,0.88096,-0.871335,-0.129867
5293,0.883884,-0.87823,-0.0998114
5294,0.883937,-0.876416,-0.115059
5295,0.883937,-0.876416,-0.115059
5296,0.883937,-0.876416,-0.115059
5297,0.887915,-0.87836,-0.12991
5298,0.887486,-0.868988,-0.180255
5299,0.887486,-0.868988,-0.180255
5300,0.891223,-0.860173,-0.2332
5301,0.88233,-0.844709,-0.254897
5302,0.882532,-0.844249,-0.257113
5303,0.872013,-0.838825,-0.238283
5304,0.87928,-0.844255,-0.245698
5305,0.876432,-0.865124,-0.140332
5306,0.881299,-0.872476,-0.124393
5307,0.887289,-0.88105,-0.105034
5308,0.887289,-0.88105,-0.105034
5309,0.886958,-0.884375,-0.067635
5310,0.886958,-0.884375,-0.067635
5311,0.881878,-0.878774,-0.0739318
5312,0.881878,-0.878774,-0.0739318
5313,0.876833,-0.873252,-0.0791561
5314,0.876833,-0.873252,-0.0791561
5315,0.884739,-0.882194,-0.0670576
5316,0.884739,-0.882194,-0.0670576
5317,0.880729,-0.880529,-0.018761
5318,0.885289,-0.885208,0.012019
5319,0.891892,-0.891868,-0.00656339
5320,0.872593,-0.868964,-0.079497
5321,0.87937,-0.876914,-0.0656839
5322,0.87937,-0.876914,-0.0656839
5323,0.87937,-0.876914,-0.0656839
5324,0.87937,-0.876914,-0.0656839
5325,0.878071,-0.876121,-0.0584807
5326,0.878071,-0.876121,-0.0584807
5327,0.886171,-0.886033,0.0156655
5328,0.886171,-0.886033,0.0156655
5329,0.886607,-0.886599,0.00390756
5330,0.886607,-0.886599,0.00390756
5331,0.883769,-0.8829,0.0391872
5332,0.884521,-0.881744,0.0700355
5333,0.890834,-0.883906,0.11088
5334,0.890834,-0.883906,0.11088
5335,0.887179,-0.882663,0.0894112
5336,0.875177,-0.871059,0.0847985
5337,0.882871,-0.881763,0.0442316
5338,0.874512,-0.874389,0.0146834
5339,0.876343,-0.875886,-0.0282795
5340,0.890102,-0.889636,-0.0287904
5341,0.890102,-0.889636,-0.0287904
5342,0.876634,-0.875992,-0.033537
5343,0.874966,-0.87476,0.0189728
5344,0.880964,-0.878964,0.0593384
5345,0.884119,-0.884109,-0.00428096
5346,0.885252,-0.884966,-0.0224959
5347,0.885252,-0.884966,-0.0224959
5348,0.881483,-0.881476,0.00357202
5349,0.881483,-0.881476,0.00357202
5350,0.881483,-0.881476,0.00357202
5351,0.881483,-0.881476,0.00357202
5352,0.888478,-0.880428,0.119335
5353,0.882346,-0.866259,0.167719
5354,0.882346,-0.866259,0.167719
5355,0.875316,-0.863005,0.146286
5356,0.875316,-0.863005,0.146286
5357,0.882487,-0.875289,0.112487
5358,0.882487,-0.875289,0.112487
5359,0.882487,-0.875289,0.112487
5360,0.889851,-0.883829,0.103356
5361,0.888266,-0.87567,0.14906
5362,0.888266,-0.87567,0.14906
5363,0.885426,-0.875461,0.132467
5364,0.890133,-0.881892,0.120839
5365,0.891101,-0.881174,0.132642
5366,0.888713,-0.88163,0.111979
5367,0.888845,-0.88243,0.1066
5368,0.882466,-0.872812,0.130169
5369,0.879768,-0.874596,0.0952514
5370,0.879768,-0.874596,0.0952514
5371,0.881772,-0.869974,0.143765
5372,0.884233,-0.875472,0.12416
5373,0.881822,-0.86656,0.16335
5374,0.881822,-0.86656,0.16335
5375,0.889789,-0.863344,0.21532
5376,0.888735,-0.855039,0.242402
5377,0.888735,-0.855039,0.242402
5378,0.888735,-0.855039,0.242402
5379,0.888552,-0.845254,0.273991
5380,0.890947,-0.85039,0.26575
5381,0.879771,-0.84947,0.228904
5382,0.883163,-0.849058,0.24306
5383,0.883163,-0.849058,0.24306
5384,0.881886,-0.851579,0.229208
5385,0.881886,-0.851579,0.229208
5386,0.881886,-0.851579,0.229208
5387,0.889163,-0.860205,0.225074
5388,0.883699,-0.855008,0.22335
5389,0.883699,-0.855008,0.22335
5390,0.883699,-0.855008,0.22335
5391,0.889215,-0.853364,0.249949
5392,0.887585,-0.852337,0.247646
5393,0.894538,-0.868425,0.214559
5394,0.894538,-0.868425,0.214559
5395,0.894538,-0.868425,0.214559
5396,0.88588,-0.836384,0.291967
5397,0.89045,-0.825309,0.334316
5398,0.88158,-0.817653,0.329586
5399,0.875361,-0.8207,0.304481
5400,0.878026,-0.829439,0.28803
5401,0.881797,-0.816588,0.332791
5402,0.886903,-0.842328,0.277636
5403,0.876944,-0.840063,0.251648
5404,0.889715,-0.836046,0.304335
5405,0.889715,-0.836046,0.304335
5406,0.889715,-0.836046,0.304335
5407,0.886663,-0.834079,0.300805
5408,0.886143,-0.839401,0.283998
5409,0.886143,-0.839401,0.283998
5410,0.886143,-0.839401,0.283998
5411,0.886143,-0.839401,0.283998
5412,0.886143,-0.839401,0.283998
5413,0.886143,-0.839401,0.283998
5414,0.881914,-0.840004,0.268639
5415,0.881622,-0.846575,0.246105
5416,0.888545,-0.854509,0.24357
5417,0.888545,-0.854509,0.24357
5418,0.882045,-0.855271,0.215671
5419,0.882045,-0.855271,0.215671
5420,0.882045,-0.855271,0.215671
5421,0.869592,-0.852084,0.17362
5422,0.879113,-0.853592,0.210286
5423,0.874587,-0.844882,0.226001
5424,0.882558,-0.854364,0.221296
5425,0.887722,-0.84601,0.26892
5426,0.882338,-0.826958,0.30767
5427,0.882338,-0.826958,0.30767
5428,0.881678,-0.828166,0.302484
5429,0.882622,-0.819731,0.327203
5430,0.888082,-0.833785,0.305766
5431,0.880687,-0.845781,0.245487
5432,0.873558,-0.853296,0.187053
5433,0.88188,-0.852401,0.226106
5434,0.888252,-0.863433,0.208509
5435,0.88902,-0.861008,0.22141
5436,0.891071,-0.868463,0.199451
5437,0.878165,-0.839805,0.256711
5438,0.878165,-0.839805,0.256711
5439,0.88342,-0.839379,0.275451
5440,0.890121,-0.848501,0.269001
5441,0.882964,-0.847494,0.24775
5442,0.885428,-0.85127,0.24356
5443,0.888254,-0.858003,0.229841
5444,0.888254,-0.858003,0.229841
5445,0.888254,-0.858003,0.229841
5446,0.887208,-0.857286,0.22847
5447,0.887208,-0.857286,0.22847
5448,0.887033,-0.836268,0.295778
5449,0.887033,-0.836268,0.295778
5450,0.887033,-0.836268,0.295778
5451,0.885109,-0.829134,0.309765
5452,0.882734,-0.831075,0.297548
5453,0.88548,-0.841255,0.276341
5454,0.882151,-0.830104,0.298526
5455,0.882151,-0.830104,0.298526
5456,0.889852,-0.844286,0.281101
5457,0.880477,-0.843352,0.252975
5458,0.880477,-0.843352,0.252975
5459,0.880383,-0.833812,0.282544
5460,0.88313,-0.823785,0.318273
5461,0.884488,-0.835491,0.2903
5462,0.887556,-0.85183,0.24928
5463,0.887556,-0.85183,0.24928
5464,0.876941,-0.843322,0.240485
5465,0.881733,-0.850319,0.23326
5466,0.895574,-0.8701,0.21208
5467,0.893766,-0.867986,0.213113
5468,0.890223,-0.864894,0.210844
5469,0.893594,-0.856274,0.25555
5470,0.889655,-0.850341,0.261546
5471,0.895144,-0.856691,0.259543
5472,0.895144,-0.856691,0.259543
5473,0.892667,-0.857796,0.247061
5474,0.887328,-0.867715,0.185531
5475,0.887321,-0.859846,0.219096
5476,0.887321,-0.859846,0.219096
5477,0.881024,-0.863641,0.174145
5478,0.887424,-0.862653,0.208212
5479,0.882057,-0.85968,0.197423
5480,0.886875,-0.857442,0.226584
5481,0.881815,-0.855888,0.21226
5482,0.881815,-0.855888,0.21226
5483,0.88038,-0.836685,0.273911
5484,0.88038,-0.836685,0.273911
5485,0.88038,-0.836685,0.273911
5486,0.88038,-0.836685,0.273911
5487,0.888227,-0.84945,0.259581
5488,0.887569,-0.836339,0.297181
5489,0.8845,-0.841209,0.273326
5490,0.888188,-0.826503,0.325226
5491,0.887822,-0.815268,0.351521
5492,0.891055,-0.812299,0.366264
5493,0.885931,-0.803685,0.37278
5494,0.886952,-0.825072,0.325483
5495,0.886952,-0.825072,0.325483
5496,0.884577,-0.824589,0.320203
5497,0.879244,-0.839465,0.261474
5498,0.889439,-0.831416,0.315987
5499,0.893784,-0.855901,0.257455
5500,0.893084,-0.861642,0.234885
5501,0.899142,-0.877584,0.195711
5502,0.887852,-0.873055,0.161421
5503,0.898585,-0.882486,0.169329
5504,0.886905,-0.87439,0.14847
5505,0.884675,-0.87255,0.145965
5506,0.884675,-0.87255,0.145965
5507,0.892795,-0.877791,0.162989
5508,0.892795,-0.877791,0.162989
5509,0.892379,-0.881241,0.140551
5510,0.892379,-0.881241,0.140551
5511,0.892379,-0.881241,0.140551
5512,0.892379,-0.881241,0.140551
5513,0.892652,-0.866402,0.214884
5514,0.889352,-0.878995,0.13533
5515,0.889468,-0.877866,0.143191
5516,0.8869,-0.883305,0.0797741
5517,0.8869,-0.883305,0.0797741
5518,0.8869,-0.883305,0.0797741
5519,0.890511,-0.882265,0.120908
5520,0.890511,-0.882265,0.120908
5521,0.88564,-0.875372,0.134469
5522,0.88564,-0.875372,0.134469
5523,0.882675,-0.877144,0.0986634
5524,0.891079,-0.886044,0.094597
5525,0.891079,-0.886044,0.094597
5526,0.881707,-0.878675,0.0730535
5527,0.877646,-0.870408,0.112487
5528,0.884696,-0.863088,0.194337
5529,0.884696,-0.863088,0.194337
5530,0.884347,-0.86513,0.183358
5531,0.884347,-0.86513,0.183358
5532,0.887899,-0.862701,0.210028
5533,0.887152,-0.837769,0.291861
5534,0.885785,-0.835486,0.29424
5535,0.885339,-0.847472,0.256155
5536,0.88941,-0.837536,0.299304
5537,0.886366,-0.819573,0.337559
5538,0.885925,-0.789315,0.402299
5539,0.880116,-0.770229,0.425854
5540,0.889109,-0.793511,0.401066
5541,0.889109,-0.793511,0.401066
5542,0.897389,-0.814561,0.376559
5543,0.886008,-0.803589,0.373169
5544,0.889171,-0.782321,0.42261
5545,0.887143,-0.768891,0.442525
5546,0.884479,-0.791674,0.394406
5547,0.887471,-0.784112,0.41566
5548,0.887471,-0.784112,0.41566
5549,0.883685,-0.784099,0.407539
5550,0.883685,-0.784099,0.407539
5551,0.883685,-0.784099,0.407539
5552,0.884878,-0.80005,0.378059
5553,0.88866,-0.798936,0.389124
5554,0.888799,-0.821244,0.339886
5555,0.888799,-0.821244,0.339886
5556,0.887123,-0.809268,0.363419
5557,0.887123,-0.809268,0.363419
5558,0.880226,-0.82111,0.317136
5559,0.880226,-0.82111,0.317136
5560,0.88702,-0.825825,0.323756
5561,0.889594,-0.844125,0.280768
5562,0.893635,-0.847501,0.283416
5563,0.888176,-0.853926,0.244269
5564,0.883434,-0.85755,0.212281
5565,0.880945,-0.868519,0.147443
5566,0.885686,-0.872302,0.153386
5567,0.882886,-0.873956,0.125251
5568,0.881197,-0.877944,0.0756556
5569,0.879042,-0.876745,0.0635104
5570,0.879042,-0.876745,0.0635104
5571,0.879042,-0.876745,0.0635104
5572,0.88677,-0.884464,0.0639085
5573,0.884084,-0.883275,0.0378228
5574,0.88509,-0.885054,0.0079761
5575,0.887783,-0.887259,0.0304995
5576,0.890085,-0.88704,0.0735676
5577,0.892932,-0.890004,0.072253
5578,0.882238,-0.882103,0.0154483
5579,0.893192,-0.891563,0.0539316
5580,0.893192,-0.891563,0.0539316
5581,0.893192,-0.891563,0.0539316
5582,0.882339,-0.880569,0.0558655
5583,0.882339,-0.880569,0.0558655
5584,0.884438,-0.88066,0.0816599
5585,0.884438,-0.88066,0.0816599
5586,0.883754,-0.879332,0.0882903
5587,0.883754,-0.879332,0.0882903
5588,0.884151,-0.88194,0.0624933
5589,0.890212,-0.885089,0.0953675
5590,0.887805,-0.880559,0.113201
5591,0.884213,-0.864154,0.187273
5592,0.879187,-0.864577,0.159609
5593,0.880167,-0.870853,0.12771
5594,0.879698,-0.870296,0.128266
5595,0.882285,-0.879235,0.073299
5596,0.878297,-0.875161,0.074156
5597,0.884801,-0.877529,0.113211
5598,0.876646,-0.862955,0.154329
5599,0.883977,-0.862811,0.19228
5600,0.883977,-0.862811,0.19228
5601,0.885724,-0.87107,0.160449
5602,0.885389,-0.869636,0.16627
5603,0.886538,-0.875258,0.140975
5604,0.8795,-0.87096,0.122268
5605,0.884912,-0.874746,0.133746
5606,0.884912,-0.874746,0.133746
5607,0.878234,-0.873537,0.090706
5608,0.878234,-0.873537,0.090706
5609,0.885144,-0.882524,0.068051
5610,0.885144,-0.882524,0.068051
5611,0.887703,-0.886329,0.0493746
5612,0.886945,-0.874459,0.148304
5613,0.882558,-0.869594,0.150714
5614,0.889807,-0.881691,0.119903
5615,0.889807,-0.881691,0.119903
5616,0.884338,-0.872285,0.14551
5617,0.890644,-0.884096,0.107802
5618,0.88951,-0.888,0.0518036
5619,0.89225,-0.890715,0.0523072
5620,0.878372,-0.878352,0.00590508
5621,0.88015,-0.879162,0.0416834
5622,0.881438,-0.881414,0.00653239
5623,0.881438,-0.881414,0.00653239
5624,0.88383,-0.883629,-0.0188646
5625,0.88383,-0.883629,-0.0188646
5626,0.88503,-0.884481,-0.0311541
5627,0.88503,-0.884481,-0.0311541
5628,0.878887,-0.877685,-0.0459569
5629,0.886604,-0.883177,-0.0778713
5630,0.890764,-0.8895,-0.0474323
5631,0.889259,-0.887454,-0.0566265
5632,0.889259,-0.887454,-0.0566265
5633,0.892176,-0.892175,-0.00117285
5634,0.888881,-0.88888,-0.00159628
5635,0.881804,-0.881695,0.0138656
5636,0.881804,-0.881695,0.0138656
5637,0.881804,-0.881695,0.0138656
5638,0.881929,-0.881629,-0.0230245
5639,0.878853,-0.878271,-0.0319789
5640,0.882485,-0.881811,-0.0344836
5641,0.88477,-0.884194,-0.0319279
5642,0.89532,-0.89532,0.000671805
5643,0.887228,-0.886941,-0.0225652
5644,0.88135,-0.88097,-0.0258716
5645,0.887562,-0.885954,-0.0534056
5646,0.887562,-0.885954,-0.0534056
5647,0.893952,-0.892657,-0.0480898
5648,0.876819,-0.876346,-0.0287821
5649,0.89064,-0.89054,0.0133555
5650,0.89064,-0.89054,0.0133555
5651,0.888468,-0.888394,-0.0114862
5652,0.886308,-0.886275,-0.00763451
5653,0.883451,-0.88159,-0.0573191
5654,0.883451,-0.88159,-0.0573191
5655,0.884673,-0.877859,-0.109594
5656,0.891746,-0.888605,-0.0747783
5657,0.885567,-0.879959,-0.0995044
5658,0.890001,-0.879106,-0.138829
5659,0.887822,-0.877901,-0.132354
5660,0.887822,-0.877901,-0.132354
5661,0.887822,-0.877901,-0.132354
5662,0.881859,-0.877585,-0.0867179
5663,0.880241,-0.877781,-0.065764
5664,0.880241,-0.877781,-0.065764
5665,0.885295,-0.879563,-0.100581
5666,0.885078,-0.884953,-0.0149084
5667,0.882171,-0.882041,0.0151559
5668,0.882171,-0.882041,0.0151559
5669,0.882571,-0.882297,0.021987
5670,0.880624,-0.880624,0.000821325
5671,0.884773,-0.884167,0.0327289
5672,0.884773,-0.884167,0.0327289
5673,0.884773,-0.884167,0.0327289
5674,0.88861,-0.888485,0.0148957
5675,0.878852,-0.878469,-0.0259621
5676,0.878852,-0.878469,-0.0259621
5677,0.882589,-0.88141,-0.0456
5678,0.882589,-0.88141,-0.0456
5679,0.886789,-0.882481,-0.0872974
5680,0.881943,-0.868246,-0.154831
5681,0.884776,-0.868191,-0.170508
5682,0.878043,-0.872293,-0.100326
5683,0.890495,-0.882109,-0.121926
5684,0.880581,-0.873008,-0.115239
5685,0.886822,-0.881806,-0.0941821
5686,0.888435,-0.88737,-0.0434796
5687,0.883045,-0.882347,-0.0350796
5688,0.889582,-0.881683,-0.118286
5689,0.877843,-0.86891,-0.124913
5690,0.877843,-0.86891,-0.124913
5691,0.87955,-0.876352,-0.074935
5692,0.879462,-0.879055,-0.0267691
5693,0.879462,-0.879055,-0.0267691
5694,0.88123,-0.881209,0.00607339
5695,0.88123,-0.881209,0.00607339
5696,0.886952,-0.884652,0.0638271
5697,0.886952,-0.884652,0.0638271
5698,0.885437,-0.885361,0.0115773
5699,0.884999,-0.88293,0.0604835
5700,0.892026,-0.88824,0.0820995
5701,0.892026,-0.88824,0.0820995
5702,0.882573,-0.88091,0.0541587
5703,0.880607,-0.88051,0.013071
5704,0.888009,-0.885326,0.0689778
5705,0.888009,-0.885326,0.0689778
5706,0.888324,-0.882216,0.10399
5707,0.888324,-0.882216,0.10399
5708,0.888324,-0.882216,0.10399
5709,0.88272,-0.874861,0.117523
5710,0.88506,-0.879077,0.10273
5711,0.884308,-0.870877,0.153532
5712,0.887088,-0.880593,0.107158
5713,0.883882,-0.878184,0.100205
5714,0.883882,-0.878184,0.100205
5715,0.883882,-0.878184,0.100205
5716,0.8784,-0.865991,0.147125
5717,0.882383,-0.868576,0.155484
5718,0.882383,-0.868576,0.155484
5719,0.885101,-0.867771,0.174289
5720,0.883945,-0.870646,0.152755
5721,0.875412,-0.865919,0.128571
5722,0.878464,-0.866167,0.146468
5723,0.875713,-0.851984,0.202479
5724,0.890569,-0.862298,0.222612
5725,0.886642,-0.855513,0.232879
5726,0.888485,-0.861287,0.218149
5727,0.882732,-0.85588,0.216069
5728,0.882732,-0.85588,0.216069
5729,0.884409,-0.867077,0.17423
5730,0.887889,-0.86948,0.179865
5731,0.885538,-0.877731,0.117329
5732,0.887262,-0.871386,0.167094
5733,0.886757,-0.871528,0.16364
5734,0.886757,-0.871528,0.16364
5735,0.88408,-0.857726,0.214249
5736,0.873983,-0.843556,0.228602
5737,0.874264,-0.838052,0.24901
5738,0.875202,-0.845085,0.227616
5739,0.875202,-0.845085,0.227616
5740,0.875202,-0.845085,0.227616
5741,0.875202,-0.845085,0.227616
5742,0.875202,-0.845085,0.227616
5743,0.885545,-0.85537,0.229199
5744,0.880639,-0.82003,0.321055
5745,0.880639,-0.82003,0.321055
5746,0.880639,-0.82003,0.321055
5747,0.880639,-0.82003,0.321055
5748,0.880639,-0.82003,0.321055
5749,0.880639,-0.82003,0.321055
5750,0.882123,-0.82343,0.316391
5751,0.887124,-0.838884,0.288554
5752,0.877373,-0.812974,0.329934
5753,0.882695,-0.830346,0.299459
5754,0.885522,-0.809709,0.358499
5755,0.885538,-0.817334,0.340797
5756,0.883564,-0.811176,0.350255
5757,0.892783,-0.831735,0.324466
5758,0.886663,-0.839263,0.286023
5759,0.893549,-0.828454,0.334804
5760,0.885204,-0.818457,0.337214
5761,0.885204,-0.818457,0.337214
5762,0.884677,-0.809365,0.357185
5763,0.884677,-0.809365,0.357185
5764,0.880788,-0.824225,0.31055
5765,0.885576,-0.819398,0.335906
5766,0.889208,-0.817653,0.349479
5767,0.896748,-0.828515,0.343102
5768,0.883319,-0.823286,0.320082
5769,0.880836,-0.821462,0.317918
5770,0.880836,-0.821462,0.317918
5771,0.882375,-0.834331,0.287189
5772,0.889239,-0.849151,0.263984
5773,0.884642,-0.832457,0.299343
5774,0.889937,-0.823371,0.33771
5775,0.892576,-0.805209,0.385136
5776,0.892576,-0.805209,0.385136
5777,0.885991,-0.767786,0.442136
5778,0.89183,-0.736436,0.503014
5779,0.89183,-0.736436,0.503014
5780,0.89183,-0.736436,0.503014
5781,0.882989,-0.708553,0.526899
5782,0.882025,-0.715832,0.515317
5783,0.885834,-0.750491,0.4706
5784,0.88639,-0.774486,0.431113
5785,0.88184,-0.77447,0.421708
5786,0.879214,-0.774524,0.41609
5787,0.879214,-0.774524,0.41609
5788,0.879214,-0.774524,0.41609
5789,0.883522,-0.773721,0.426576
5790,0.89677,-0.794751,0.415413
5791,0.895255,-0.807431,0.3867
5792,0.895255,-0.807431,0.3867
5793,0.892582,-0.814714,0.364616
5794,0.890624,-0.821987,0.342853
5795,0.891065,-0.836386,0.307334
5796,0.886326,-0.847721,0.258732
5797,0.886326,-0.847721,0.258732
5798,0.886326,-0.847721,0.258732
5799,0.892142,-0.839539,0.301815
5800,0.892142,-0.839539,0.301815
5801,0.887831,-0.844265,0.2747
5802,0.89172,-0.861374,0.23065
5803,0.888402,-0.847732,0.26572
5804,0.884335,-0.847316,0.253188
5805,0.886905,-0.849449,0.255022
5806,0.881604,-0.851296,0.229173
5807,0.883989,-0.84493,0.259866
5808,0.886923,-0.842407,0.277456
5809,0.886923,-0.842407,0.277456
5810,0.892244,-0.862464,0.228596
5811,0.889848,-0.865741,0.20572
5812,0.889848,-0.865741,0.20572
5813,0.890424,-0.865845,0.207767
5814,0.891384,-0.865706,0.212411
5815,0.885893,-0.854113,0.235157
5816,0.885893,-0.854113,0.235157
5817,0.883478,-0.856248,0.217655
5818,0.88208,-0.85758,0.206451
5819,0.88208,-0.85758,0.206451
5820,0.878069,-0.855944,0.195873
5821,0.882952,-0.860341,0.198536
5822,0.884141,-0.862675,0.193641
5823,0.877117,-0.857418,0.184851
5824,0.877117,-0.857418,0.184851
5825,0.887498,-0.86194,0.211454
5826,0.885683,-0.870401,0.163815
5827,0.883508,-0.868046,0.164565
5828,0.892481,-0.871733,0.191324
5829,0.890901,-0.876274,0.160774
5830,0.890901,-0.876274,0.160774
5831,0.890901,-0.876274,0.160774
5832,0.890901,-0.876274,0.160774
5833,0.887469,-0.859831,0.219754
5834,0.879848,-0.853109,0.215264
5835,0.879848,-0.853109,0.215264
5836,0.880409,-0.865336,0.162214
5837,0.880409,-0.865336,0.162214
5838,0.876188,-0.867478,0.123243
5839,0.876188,-0.867478,0.123243
5840,0.887971,-0.877881,0.133477
5841,0.890565,-0.882167,0.122011
5842,0.886735,-0.864304,0.198186
5843,0.886161,-0.871275,0.161745
5844,0.887541,-0.877025,0.136224
5845,0.887743,-0.875011,0.14981
5846,0.88687,-0.86911,0.176597
5847,0.88687,-0.86911,0.176597
5848,0.88433,-0.872528,0.143999
5849,0.883596,-0.869056,0.159634
5850,0.880767,-0.853744,0.2165
5851,0.886881,-0.854546,0.237292
5852,0.886881,-0.854546,0.237292
5853,0.886881,-0.854546,0.237292
5854,0.886881,-0.854546,0.237292
5855,0.889795,-0.860784,0.22536
5856,0.8877,-0.849345,0.258117
5857,0.8877,-0.849345,0.258117
5858,0.88799,-0.836082,0.299152
5859,0.890066,-0.844296,0.281746
5860,0.887307,-0.837276,0.293737
5861,0.887307,-0.837276,0.293737
5862,0.887307,-0.837276,0.293737
5863,0.889762,-0.839676,0.294314
5864,0.888142,-0.839152,0.290895
5865,0.888982,-0.84041,0.289828
5866,0.888886,-0.842775,0.282576
5867,0.885892,-0.811028,0.356425
5868,0.88472,-0.826163,0.31652
5869,0.88472,-0.826163,0.31652
5870,0.88472,-0.826163,0.31652
5871,0.88472,-0.826163,0.31652
5872,0.890295,-0.805619,0.37895
5873,0.881863,-0.777042,0.416998
5874,0.881863,-0.777042,0.416998
5875,0.888332,-0.766894,0.448339
5876,0.886584,-0.789902,0.402599
5877,0.884614,-0.776713,0.423391
5878,0.891894,-0.799852,0.394601
5879,0.88669,-0.754094,0.466435
5880,0.884423,-0.756135,0.458764
5881,0.884423,-0.756135,0.458764
5882,0.887204,-0.750749,0.472765
5883,0.887204,-0.750749,0.472765
5884,0.89354,-0.765586,0.46075
5885,0.889494,-0.774907,0.436713
5886,0.89302,-0.783375,0.428729
5887,0.890649,-0.773496,0.441541
5888,0.890649,-0.773496,0.441541
5889,0.892179,-0.775916,0.440383
5890,0.888282,-0.776615,0.431177
5891,0.888124,-0.765115,0.450958
5892,0.89182,-0.766546,0.455795
5893,0.884218,-0.780268,0.415961
5894,0.881711,-0.74662,0.469012
5895,0.881711,-0.74662,0.469012
5896,0.885696,-0.769805,0.438016
5897,0.883245,-0.764696,0.441996
5898,0.883245,-0.764696,0.441996
5899,0.893646,-0.802453,0.393285
5900,0.892634,-0.790417,0.414771
5901,0.886642,-0.793255,0.396081
5902,0.888141,-0.765385,0.450533
5903,0.890881,-0.77649,0.43673
5904,0.891145,-0.769988,0.448619
5905,0.891145,-0.769988,0.448619
5906,0.891145,-0.769988,0.448619
5907,0.891015,-0.784624,0.422225
5908,0.891015,-0.784624,0.422225
5909,0.8865,-0.767916,0.44293
5910,0.8865,-0.767916,0.44293
5911,0.890972,-0.762454,0.460973
5912,0.890972,-0.762454,0.460973
5913,0.892677,-0.770866,0.450153
5914,0.897388,-0.792562,0.420891
5915,0.895439,-0.785138,0.430546
5916,0.890426,-0.786955,0.416605
5917,0.893622,-0.785286,0.426481
5918,0.893622,-0.785286,0.426481
5919,0.889813,-0.77975,0.42867
5920,0.890976,-0.775367,0.438911
5921,0.890976,-0.775367,0.438911
5922,0.890976,-0.775367,0.438911
5923,0.894969,-0.784839,0.430113
5924,0.896651,-0.813723,0.376615
5925,0.896651,-0.813723,0.376615
5926,0.887396,-0.788772,0.406584
5927,0.892756,-0.775319,0.442599
5928,0.887168,-0.75758,0.46167
5929,0.89655,-0.767655,0.46315
5930,0.89655,-0.767655,0.46315
5931,0.89655,-0.767655,0.46315
5932,0.886828,-0.728405,0.505856
5933,0.885029,-0.716449,0.519594
5934,0.891386,-0.72069,0.524571
5935,0.891386,-0.72069,0.524571
5936,0.894067,-0.718978,0.531439
5937,0.892966,-0.701994,0.551899
5938,0.899085,-0.682726,0.585011
5939,0.890585,-0.682126,0.572577
5940,0.889378,-0.669798,0.58512
5941,0.896839,-0.710885,0.546775
5942,0.891429,-0.729519,0.512297
5943,0.891429,-0.729519,0.512297
5944,0.896177,-0.738639,0.50749
5945,0.892235,-0.731962,0.51021
5946,0.892235,-0.731962,0.51021
5947,0.892235,-0.731962,0.51021
5948,0.893828,-0.75958,0.471134
5949,0.875895,-0.735606,0.475474
5950,0.899565,-0.773737,0.458855
5951,0.889515,-0.743067,0.488965
5952,0.889515,-0.743067,0.488965
5953,0.893337,-0.749152,0.486642
5954,0.895196,-0.763502,0.467376
5955,0.895196,-0.763502,0.467376
5956,0.898432,-0.748836,0.496411
5957,0.887946,-0.735082,0.498098
5958,0.890819,-0.745314,0.48792
5959,0.889375,-0.724586,0.515715
5960,0.889375,-0.724586,0.515715
5961,0.889375,-0.724586,0.515715
5962,0.889375,-0.724586,0.515715
5963,0.890457,-0.741841,0.49253
5964,0.895085,-0.741444,0.501436
5965,0.895085,-0.741444,0.501436
5966,0.891557,-0.738556,0.499408
5967,0.886762,-0.718651,0.519506
5968,0.895484,-0.735551,0.51074
5969,0.895647,-0.729906,0.519057
5970,0.883644,-0.731187,0.496176
5971,0.883644,-0.731187,0.496176
5972,0.891781,-0.76519,0.457993
5973,0.891781,-0.76519,0.457993
5974,0.895479,-0.771629,0.454392
5975,0.895516,-0.757657,0.477394
5976,0.892982,-0.745655,0.49134
5977,0.892982,-0.745655,0.49134
5978,0.891039,-0.74072,0.495262
5979,0.894284,-0.759351,0.472366
5980,0.894284,-0.759351,0.472366
5981,0.894284,-0.759351,0.472366
5982,0.894284,-0.759351,0.472366
5983,0.894284,-0.759351,0.472366
5984,0.894284,-0.759351,0.472366
5985,0.894274,-0.782632,0.43268
5986,0.889358,-0.757116,0.466619
5987,0.889358,-0.757116,0.466619
5988,0.889358,-0.757116,0.466619
5989,0.884621,-0.76121,0.450681
5990,0.891904,-0.772277,0.446185
5991,0.887673,-0.772655,0.436999
5992,0.887673,-0.772655,0.436999
5993,0.897115,-0.821776,0.359859
5994,0.898631,-0.820861,0.365683
5995,0.903651,-0.851546,0.302414
5996,0.903651,-0.851546,0.302414
5997,0.903651,-0.851546,0.302414
5998,0.903651,-0.851546,0.302414
5999,0.900371,-0.851961,0.291256
6000,0.900371,-0.851961,0.291256
6001,0.90001,-0.838245,0.327663
6002,0.894011,-0.830271,0.331519
6003,0.892561,-0.823319,0.34469
6004,0.884279,-0.834301,0.293071
6005,0.892304,-0.835638,0.312915
6006,0.892304,-0.835638,0.312915
6007,0.892304,-0.835638,0.312915
6008,0.884688,-0.851161,0.241241
6009,0.881623,-0.850961,0.230486
6010,0.886099,-0.867128,0.182376
6011,0.890559,-0.87645,0.157892
6012,0.894657,-0.87108,0.204036
6013,0.891165,-0.873719,0.175471
6014,0.887862,-0.8694,0.180118
6015,0.896006,-0.885526,0.136635
6016,0.889842,-0.880085,0.131412
6017,0.889842,-0.880085,0.131412
6018,0.89354,-0.887997,0.0993649
6019,0.897082,-0.885451,0.143984
6020,0.890266,-0.876201,0.157625
6021,0.891315,-0.883354,0.118865
6022,0.888052,-0.872236,0.166855
6023,0.891465,-0.877794,0.155526
6024,0.891465,-0.877794,0.155526
6025,0.888012,-0.867806,0.188356
6026,0.888012,-0.867806,0.188356
6027,0.891046,-0.871291,0.186586
6028,0.891046,-0.871291,0.186586
6029,0.885515,-0.853996,0.234151
6030,0.885118,-0.837832,0.28543
6031,0.885118,-0.837832,0.28543
6032,0.892878,-0.84641,0.28429
6033,0.892878,-0.84641,0.28429
6034,0.889883,-0.84754,0.271234
6035,0.889424,-0.834852,0.306751
6036,0.891347,-0.827516,0.331234
6037,0.894431,-0.835066,0.320422
6038,0.885853,-0.824653,0.323547
6039,0.885853,-0.824653,0.323547
6040,0.885853,-0.824653,0.323547
6041,0.88371,-0.831122,0.300297
6042,0.88973,-0.863125,0.215952
6043,0.889552,-0.875055,0.159942
6044,0.889552,-0.875055,0.159942
6045,0.891811,-0.880957,0.138712
6046,0.891811,-0.880957,0.138712
6047,0.895122,-0.880343,0.161991
6048,0.895122,-0.880343,0.161991
6049,0.895122,-0.880343,0.161991
6050,0.890531,-0.864579,0.213424
6051,0.89139,-0.866642,0.208584
6052,0.886225,-0.868285,0.177413
6053,0.886217,-0.868421,0.176705
6054,0.890461,-0.87354,0.172769
6055,0.890461,-0.87354,0.172769
6056,0.890461,-0.87354,0.172769
6057,0.885141,-0.878069,0.111672
6058,0.894808,-0.887768,0.11203
6059,0.894555,-0.881869,0.150119
6060,0.889603,-0.878179,0.14211
6061,0.890028,-0.872526,0.175636
6062,0.890028,-0.872526,0.175636
6063,0.886215,-0.864214,0.196245
6064,0.885548,-0.860045,0.210992
6065,0.882003,-0.868696,0.152633
6066,0.882003,-0.868696,0.152633
6067,0.891199,-0.882903,0.121323
6068,0.891199,-0.882903,0.121323
6069,0.885483,-0.877279,0.120261
6070,0.893292,-0.879633,0.15562
6071,0.889238,-0.877929,0.14137
6072,0.889238,-0.877929,0.14137
6073,0.894236,-0.890288,0.0839439
6074,0.89153,-0.89136,0.0174112
6075,0.89153,-0.89136,0.0174112
6076,0.892069,-0.887385,-0.0912966
6077,0.892069,-0.887385,-0.0912966
6078,0.890925,-0.886244,-0.0912081
6079,0.890925,-0.886244,-0.0912081
6080,0.895761,-0.894972,-0.0375849
6081,0.897905,-0.8978,-0.0137483
6082,0.891988,-0.891977,-0.004302
6083,0.891988,-0.891977,-0.004302
6084,0.897973,-0.89797,0.00215496
6085,0.897973,-0.89797,0.00215496
6086,0.897632,-0.897343,-0.0227868
6087,0.897632,-0.897343,-0.0227868
6088,0.891644,-0.891609,0.00787576
6089,0.898269,-0.898047,-0.0199653
6090,0.892214,-0.892023,-0.0185062
6091,0.8906,-0.890334,-0.0217674
6092,0.894325,-0.893796,-0.0307522
6093,0.884049,-0.883196,-0.0388283
6094,0.888145,-0.885424,-0.0694774
6095,0.88981,-0.884544,-0.0966614
6096,0.899071,-0.888138,-0.139789
6097,0.899071,-0.888138,-0.139789
6098,0.891264,-0.877779,-0.154454
6099,0.893846,-0.877059,-0.172419
6100,0.893846,-0.877059,-0.172419
6101,0.893846,-0.877059,-0.172419
6102,0.890005,-0.857526,-0.238239
6103,0.895025,-0.863306,-0.236161
6104,0.890616,-0.855163,-0.248784
6105,0.890616,-0.855163,-0.248784
6106,0.890616,-0.855163,-0.248784
6107,0.890616,-0.855163,-0.248784
6108,0.890616,-0.855163,-0.248784
6109,0.882401,-0.862156,-0.18793
6110,0.882401,-0.862156,-0.18793
6111,0.882401,-0.862156,-0.18793
6112,0.882401,-0.862156,-0.18793
6113,0.893784,-0.870195,-0.203986
6114,0.887753,-0.865365,-0.198115
6115,0.887753,-0.865365,-0.198115
6116,0.892092,-0.871589,-0.190159
6117,0.891448,-0.870499,-0.192121
6118,0.890417,-0.865916,-0.207439
6119,0.890417,-0.865916,-0.207439
6120,0.896588,-0.850049,-0.285108
6121,0.891755,-0.856029,-0.249883
6122,0.886654,-0.852636,-0.243243
6123,0.893128,-0.844821,-0.28975
6124,0.893128,-0.844821,-0.28975
6125,0.88788,-0.84767,-0.264172
6126,0.88788,-0.84767,-0.264172
6127,0.88788,-0.84767,-0.264172
6128,0.88788,-0.84767,-0.264172
6129,0.881641,-0.847816,-0.241866
6130,0.88583,-0.862047,-0.203884
6131,0.893135,-0.875656,-0.175831
6132,0.885812,-0.876838,-0.125771
6133,0.892242,-0.891786,-0.0285004
6134,0.895927,-0.895182,-0.0365072
6135,0.888446,-0.888421,0.00667296
6136,0.888446,-0.888421,0.00667296
6137,0.88781,-0.887223,0.0322887
6138,0.88781,-0.887223,0.0322887
6139,0.888847,-0.888722,-0.0148852
6140,0.893757,-0.893615,0.0159185
6141,0.893757,-0.893615,0.0159185
6142,0.894726,-0.894014,-0.0356894
6143,0.894726,-0.894014,-0.0356894
6144,0.896379,-0.895406,-0.0417496
6145,0.896379,-0.895406,-0.0417496
6146,0.893592,-0.893036,-0.0315036
6147,0.891596,-0.891484,-0.0141537
6148,0.891596,-0.891484,-0.0141537
6149,0.892731,-0.892699,0.00753052
6150,0.888791,-0.888254,0.0308886
6151,0.895165,-0.89288,0.0639185
6152,0.895165,-0.89288,0.0639185
6153,0.894395,-0.886005,0.12222
6154,0.894395,-0.886005,0.12222
6155,0.893419,-0.884583,0.125345
6156,0.894714,-0.880421,0.159284
6157,0.892997,-0.880126,0.151067
6158,0.89175,-0.871364,0.189585
6159,0.89175,-0.871364,0.189585
6160,0.89175,-0.871364,0.189585
6161,0.896666,-0.86679,0.229533
6162,0.896666,-0.86679,0.229533
6163,0.896666,-0.86679,0.229533
6164,0.887671,-0.859169,0.223134
6165,0.892825,-0.860271,0.238891
6166,0.894284,-0.854559,0.263579
6167,0.896373,-0.859372,0.254879
6168,0.893565,-0.858958,0.246274
6169,0.898386,-0.875166,0.20293
6170,0.891672,-0.854811,0.253725
6171,0.891672,-0.854811,0.253725
6172,0.901079,-0.852846,0.290855
6173,0.897075,-0.849796,0.287385
6174,0.898074,-0.864564,0.243036
6175,0.89419,-0.857594,0.253198
6176,0.892181,-0.844765,0.286984
6177,0.892181,-0.844765,0.286984
6178,0.891575,-0.854231,0.255333
6179,0.891575,-0.854231,0.255333
6180,0.891575,-0.854231,0.255333
6181,0.895968,-0.863371,0.239476
6182,0.895968,-0.863371,0.239476
6183,0.895968,-0.863371,0.239476
6184,0.894553,-0.877805,0.172288
6185,0.896413,-0.889267,0.112957
6186,0.895313,-0.886771,0.12338
6187,0.891249,-0.886636,0.0905639
6188,0.889823,-0.882265,0.115734
6189,0.889478,-0.88334,0.104316
6190,0.896148,-0.891425,0.0918801
6191,0.892805,-0.885886,0.110933
6192,0.892805,-0.885886,0.110933
6193,0.892805,-0.885886,0.110933
6194,0.895929,-0.884765,0.140992
6195,0.894224,-0.882541,0.144072
6196,0.893343,-0.892835,0.0301186
6197,0.893343,-0.892835,0.0301186
6198,0.895082,-0.894901,0.0179853
6199,0.892851,-0.892601,0.0211378
6200,0.89259,-0.892514,-0.0116496
6201,0.904406,-0.903454,-0.0414906
6202,0.896549,-0.895779,0.0371651
6203,0.895148,-0.894931,0.0197013
6204,0.895148,-0.894931,0.0197013
6205,0.899755,-0.899755,0.000523164
6206,0.88674,-0.885925,-0.038014
6207,0.899917,-0.897269,-0.0689946
6208,0.899917,-0.897269,-0.0689946
6209,0.890739,-0.884999,-0.100963
6210,0.89215,-0.888007,-0.0858751
6211,0.885305,-0.883016,-0.0636111
6212,0.884832,-0.883401,-0.0502899
6213,0.884832,-0.883401,-0.0502899
6214,0.890837,-0.890814,-0.00647556
6215,0.888438,-0.886586,-0.0573354
6216,0.894008,-0.890088,-0.0836379
6217,0.894008,-0.890088,-0.0836379
6218,0.895323,-0.894861,-0.0287452
6219,0.898039,-0.898022,-0.00541055
6220,0.902818,-0.901365,0.0511984
6221,0.902818,-0.901365,0.0511984
6222,0.889385,-0.889281,0.0135757
6223,0.892339,-0.892311,0.00699161
6224,0.885749,-0.885749,0.00075473
6225,0.887437,-0.88575,-0.0546883
6226,0.894066,-0.891781,-0.0638755
6227,0.894066,-0.891781,-0.0638755
6228,0.89246,-0.8924,-0.0103715
6229,0.886895,-0.882293,-0.0902343
6230,0.88827,-0.881959,-0.1057
6231,0.898955,-0.892556,-0.107065
6232,0.898955,-0.892556,-0.107065
6233,0.891402,-0.887027,-0.0881997
6234,0.882213,-0.875995,-0.104559
6235,0.882213,-0.875995,-0.104559
6236,0.886335,-0.882544,-0.0818961
6237,0.886377,-0.875899,-0.13589
6238,0.889146,-0.87442,-0.161153
6239,0.888816,-0.867381,-0.194021
6240,0.890115,-0.869336,-0.191202
6241,0.893869,-0.873707,-0.188779
6242,0.893869,-0.873707,-0.188779
6243,0.893869,-0.873707,-0.188779
6244,0.888256,-0.862615,-0.211881
6245,0.888256,-0.862615,-0.211881
6246,0.888256,-0.862615,-0.211881
6247,0.875441,-0.862465,-0.15017
6248,0.888321,-0.86491,-0.202598
6249,0.885813,-0.86546,-0.188795
6250,0.885813,-0.86546,-0.188795
6251,0.879735,-0.857965,-0.194499
6252,0.879735,-0.857965,-0.194499
6253,0.893281,-0.865805,-0.219849
6254,0.888639,-0.868304,-0.189019
6255,0.892573,-0.865935,-0.216431
6256,0.895261,-0.869224,-0.21434
6257,0.884479,-0.853754,-0.231102
6258,0.879651,-0.852498,-0.216875
6259,0.886344,-0.861935,-0.206576
6260,0.885545,-0.874563,-0.139035
6261,0.893574,-0.883739,-0.132214
6262,0.886988,-0.879274,-0.116728
6263,0.872529,-0.866279,-0.104248
6264,0.883207,-0.878879,-0.087334
6265,0.87466,-0.865156,-0.128589
6266,0.886024,-0.879299,-0.108964
6267,0.88881,-0.886204,-0.0680176
6268,0.886241,-0.879881,-0.10598
6269,0.888765,-0.878051,-0.137582
6270,0.882119,-0.873196,-0.125149
6271,0.883596,-0.875785,-0.117231
6272,0.883596,-0.875785,-0.117231
6273,0.883596,-0.875785,-0.117231
6274,0.883596,-0.875785,-0.117231
6275,0.884675,-0.875726,-0.125514
6276,0.884675,-0.875726,-0.125514
6277,0.891939,-0.887931,-0.0844544
6278,0.878042,-0.874018,-0.0839727
6279,0.887332,-0.883519,-0.0821703
6280,0.889737,-0.889038,-0.0352807
6281,0.889737,-0.889038,-0.0352807
6282,0.889737,-0.889038,-0.0352807
6283,0.887285,-0.887021,0.0216475
6284,0.878956,-0.878846,0.0138952
6285,0.878956,-0.878846,0.0138952
6286,0.8776,-0.877436,0.016968
6287,0.884722,-0.883491,0.0466554
6288,0.887237,-0.886655,0.0321359
6289,0.889464,-0.888461,0.0422294
6290,0.889464,-0.888461,0.0422294
6291,0.879824,-0.879175,-0.0337802
6292,0.887793,-0.884594,-0.0753055
6293,0.883586,-0.875587,-0.11862
6294,0.883586,-0.875587,-0.11862
6295,0.883822,-0.863315,-0.189286
6296,0.875822,-0.858997,-0.170844
6297,0.878762,-0.868081,-0.136593
6298,0.878762,-0.868081,-0.136593
6299,0.890889,-0.872839,-0.178426
6300,0.894811,-0.867001,-0.22135
6301,0.887366,-0.853625,-0.242368
6302,0.887313,-0.849306,-0.25691
6303,0.881564,-0.852128,-0.225906
6304,0.890184,-0.873266,-0.172724
6305,0.895162,-0.88899,-0.10494
6306,0.887203,-0.884209,-0.0728292
6307,0.891545,-0.888558,-0.0729301
6308,0.885177,-0.883254,-0.0583174
6309,0.886981,-0.88597,-0.042335
6310,0.887632,-0.887332,-0.0230692
6311,0.885066,-0.884481,-0.0321714
6312,0.900226,-0.89941,-0.0383289
6313,0.900226,-0.89941,-0.0383289
6314,0.890237,-0.890203,-0.00779566
6315,0.889852,-0.887501,-0.0646351
6316,0.89019,-0.886551,-0.0804027
6317,0.890772,-0.887557,-0.0756081
6318,0.887278,-0.887069,-0.0192846
6319,0.88638,-0.885798,0.0321229
6320,0.888077,-0.88738,0.0351686
6321,0.888077,-0.88738,0.0351686
6322,0.89425,-0.894205,0.0089647
6323,0.89425,-0.894205,0.0089647
6324,0.89425,-0.894205,0.0089647
6325,0.883181,-0.883074,-0.013767
6326,0.885349,-0.885317,-0.0074573
6327,0.885349,-0.885317,-0.0074573
6328,0.893594,-0.893551,0.00876459
6329,0.882405,-0.88013,0.0633201
6330,0.884456,-0.883842,0.0329482
6331,0.891164,-0.891156,-0.00361111
6332,0.883648,-0.883319,-0.0241054
6333,0.883224,-0.883104,0.0145627
6334,0.8823,-0.882281,-0.00568365
6335,0.880848,-0.880164,-0.0347187
6336,0.882262,-0.881947,0.0235393
6337,0.891975,-0.889428,0.0673653
6338,0.885432,-0.879472,0.102559
6339,0.887001,-0.885429,0.0527916
6340,0.890403,-0.887033,0.0774023
6341,0.890403,-0.887033,0.0774023
6342,0.883977,-0.881117,0.071048
6343,0.882265,-0.881959,0.0232429
6344,0.882056,-0.880374,0.0544441
6345,0.890079,-0.889841,0.0205509
6346,0.890079,-0.889841,0.0205509
6347,0.880583,-0.880214,0.0254953
6348,0.883703,-0.881736,0.0589221
6349,0.886705,-0.883031,0.0806323
6350,0.889367,-0.883684,0.100387
6351,0.885014,-0.87753,0.114853
6352,0.883394,-0.878548,0.0924035
6353,0.883394,-0.878548,0.0924035
6354,0.888637,-0.886365,0.0635009
6355,0.883163,-0.877684,0.0982227
6356,0.879188,-0.874841,0.0873199
6357,0.889717,-0.889245,0.0289895
6358,0.889717,-0.889245,0.0289895
6359,0.890437,-0.890421,-0.00531851
6360,0.890437,-0.890421,-0.00531851
6361,0.89419,-0.894179,-0.0045451
6362,0.900254,-0.899954,-0.0232364
6363,0.887188,-0.88302,-0.0859007
6364,0.888596,-0.887607,-0.0418976
6365,0.886225,-0.885912,-0.0235451
6366,0.886225,-0.885912,-0.0235451
6367,0.879676,-0.87934,-0.0243135
6368,0.889887,-0.887564,0.0642547
6369,0.881832,-0.881139,0.0349471
6370,0.888597,-0.88611,0.0664411
6371,0.88613,-0.884502,0.0536869
6372,0.878915,-0.877437,0.0509414
6373,0.888252,-0.886999,0.0471606
6374,0.888252,-0.886999,0.0471606
6375,0.88879,-0.878476,0.135009
6376,0.887802,-0.878533,0.127956
6377,0.886677,-0.881904,0.0918787
6378,0.887858,-0.875167,0.149576
6379,0.884495,-0.870514,0.156642
6380,0.884495,-0.870514,0.156642
6381,0.886867,-0.860516,0.214581
6382,0.887438,-0.848348,0.260486
6383,0.882861,-0.842477,0.26396
6384,0.888913,-0.849931,0.260351
6385,0.888913,-0.849931,0.260351
6386,0.890344,-0.834512,0.310324
6387,0.88119,-0.81536,0.334191
6388,0.891668,-0.838056,0.304521
6389,0.891668,-0.838056,0.304521
6390,0.893716,-0.827364,0.33793
6391,0.895593,-0.806354,0.389717
6392,0.887848,-0.81465,0.353014
6393,0.881263,-0.805054,0.358486
6394,0.88579,-0.80995,0.358616
6395,0.881028,-0.843594,0.254086
6396,0.883914,-0.85778,0.21335
6397,0.883225,-0.854934,0.221755
6398,0.883544,-0.860117,0.202107
6399,0.884213,-0.872326,0.1445
6400,0.887838,-0.876631,0.14062
6401,0.886967,-0.881899,0.0946873
6402,0.889245,-0.871824,0.175155
6403,0.889245,-0.871824,0.175155
6404,0.889245,-0.871824,0.175155
6405,0.876305,-0.848043,0.220759
6406,0.889739,-0.865861,0.204744
6407,0.889739,-0.865861,0.204744
6408,0.890486,-0.863296,0.218367
6409,0.891063,-0.855055,0.250748
6410,0.892058,-0.862519,0.227659
6411,0.888106,-0.869199,0.182278
6412,0.888246,-0.862533,0.212176
6413,0.888246,-0.862533,0.212176
6414,0.886857,-0.866355,0.18959
6415,0.886857,-0.866355,0.18959
6416,0.888858,-0.856959,0.235989
6417,0.888858,-0.856959,0.235989
6418,0.889167,-0.866258,0.200538
6419,0.89139,-0.870065,0.19381
6420,0.894218,-0.86115,0.240929
6421,0.891072,-0.875783,0.164362
6422,0.888183,-0.879699,0.122471
6423,0.893213,-0.886636,0.108191
6424,0.878982,-0.870301,0.123226
6425,0.878501,-0.87119,0.1131
6426,0.89442,-0.88842,0.103423
6427,0.888034,-0.882005,0.103301
6428,0.888034,-0.882005,0.103301
6429,0.880605,-0.86948,0.139535
6430,0.876625,-0.86618,0.13492
6431,0.889512,-0.880521,0.126147
6432,0.892763,-0.877687,0.16337
6433,0.887628,-0.869082,0.180495
6434,0.887628,-0.869082,0.180495
6435,0.891023,-0.871058,0.187564
6436,0.886621,-0.878768,0.117748
6437,0.887236,-0.883641,0.0797856
6438,0.88378,-0.882885,0.0397671
6439,0.888974,-0.888094,-0.0395493
6440,0.888974,-0.888094,-0.0395493
6441,0.891913,-0.891534,0.0260182
6442,0.892192,-0.891393,0.0377631
6443,0.892192,-0.891393,0.0377631
6444,0.892192,-0.891393,0.0377631
6445,0.892192,-0.891393,0.0377631
6446,0.892192,-0.891393,0.0377631
6447,0.8927,-0.89217,0.0307446
6448,0.8813,-0.8813,0.000678594
6449,0.8813,-0.8813,0.000678594
6450,0.887532,-0.883509,0.0844065
6451,0.886963,-0.88246,0.0892639
6452,0.886392,-0.877739,0.123556
6453,0.889109,-0.88434,0.0919647
6454,0.888879,-0.886238,0.0684715
6455,0.892147,-0.892119,0.00704082
6456,0.889096,-0.888332,-0.0368364
6457,0.889096,-0.888332,-0.0368364
6458,0.89252,-0.892347,-0.0175635
6459,0.891449,-0.891034,0.0272045
6460,0.890427,-0.890426,0.00138749
6461,0.890427,-0.890426,0.00138749
6462,0.890427,-0.890426,0.00138749
6463,0.89076,-0.890624,-0.0155991
6464,0.89076,-0.890624,-0.0155991
6465,0.89076,-0.890624,-0.0155991
6466,0.893196,-0.89287,-0.0241455
6467,0.89222,-0.892184,0.00802996
6468,0.883709,-0.882478,0.0466299
6469,0.890198,-0.888938,-0.0473558
6470,0.889479,-0.886804,-0.0689404
6471,0.876342,-0.873683,-0.0682264
6472,0.886532,-0.884266,-0.0633389
6473,0.8894,-0.886735,-0.0687939
6474,0.888275,-0.888096,-0.0178034
6475,0.888275,-0.888096,-0.0178034
6476,0.888275,-0.888096,-0.0178034
6477,0.889157,-0.889153,0.00286712
6478,0.886669,-0.884451,-0.0626674
6479,0.886669,-0.884451,-0.0626674
6480,0.892914,-0.892765,-0.016316
6481,0.881218,-0.879365,-0.057123
6482,0.894404,-0.893705,-0.0353432
6483,0.894404,-0.893705,-0.0353432
6484,0.888221,-0.888027,0.018546
6485,0.887663,-0.887259,0.0267809
6486,0.881257,-0.880469,0.0372651
6487,0.885884,-0.885855,0.00714416
6488,0.895148,-0.895124,-0.00660089
6489,0.883754,-0.883121,0.0334311
6490,0.888581,-0.88858,0.00114081
6491,0.886481,-0.885375,-0.0442637
6492,0.886481,-0.885375,-0.0442637
6493,0.890488,-0.889898,0.0324366
6494,0.890488,-0.889898,0.0324366
6495,0.890488,-0.889898,0.0324366
6496,0.890488,-0.889898,0.0324366
6497,0.890488,-0.889898,0.0324366
6498,0.891287,-0.891026,0.0215658
6499,0.89853,-0.898294,0.0205852
6500,0.895987,-0.89596,0.00689525
6501,0.893781,-0.892331,0.0508844
6502,0.885427,-0.883494,0.0584737
6503,0.885634,-0.873769,0.144484
6504,0.886729,-0.87194,0.161275
6505,0.880639,-0.86296,0.175569
6506,0.880639,-0.86296,0.175569
6507,0.880639,-0.86296,0.175569
6508,0.880639,-0.86296,0.175569
6509,0.880639,-0.86296,0.175569
6510,0.891152,-0.872466,0.181534
6511,0.881757,-0.861769,0.186681
6512,0.886342,-0.862485,0.20426
6513,0.877936,-0.841746,0.249468
6514,0.880734,-0.851741,0.224119
6515,0.884969,-0.862824,0.196739
6516,0.889113,-0.859905,0.226022
6517,0.888193,-0.846904,0.267659
6518,0.888193,-0.846904,0.267659
6519,0.891627,-0.850299,0.268311
6520,0.891627,-0.850299,0.268311
6521,0.89206,-0.845664,0.283942
6522,0.89206,-0.845664,0.283942
6523,0.89206,-0.845664,0.283942
6524,0.891661,-0.816225,0.358938
6525,0.891423,-0.822645,0.343353
6526,0.891423,-0.822645,0.343353
6527,0.891423,-0.822645,0.343353
6528,0.891423,-0.822645,0.343353
6529,0.887631,-0.816479,0.348212
6530,0.887631,-0.816479,0.348212
6531,0.887631,-0.816479,0.348212
6532,0.887896,-0.830641,0.313679
6533,0.879098,-0.83548,0.273473
6534,0.876972,-0.840535,0.250161
6535,0.876156,-0.821662,0.304171
6536,0.88801,-0.813603,0.355826
6537,0.884237,-0.824651,0.3191
6538,0.892401,-0.848639,0.27603
6539,0.88656,-0.838873,0.286847
6540,0.89052,-0.858314,0.237325
6541,0.894618,-0.836201,0.317978
6542,0.894563,-0.845001,0.293626
6543,0.894563,-0.845001,0.293626
6544,0.886256,-0.829407,0.312304
6545,0.900865,-0.851699,0.293542
6546,0.893729,-0.840531,0.303743
6547,0.891181,-0.836469,0.307447
6548,0.891181,-0.836469,0.307447
6549,0.887785,-0.836483,0.29742
6550,0.887785,-0.836483,0.29742
6551,0.888639,-0.8124,0.360119
6552,0.886864,-0.789961,0.4031
6553,0.886864,-0.789961,0.4031
6554,0.880585,-0.759831,0.445069
6555,0.88947,-0.772057,0.441684
6556,0.889388,-0.744997,0.485787
6557,0.889388,-0.744997,0.485787
6558,0.883571,-0.73114,0.496117
6559,0.87914,-0.748611,0.460942
6560,0.87914,-0.748611,0.460942
6561,0.886306,-0.764698,0.44808
6562,0.886306,-0.764698,0.44808
6563,0.890231,-0.757528,0.467615
6564,0.883646,-0.764596,0.44297
6565,0.889964,-0.782161,0.42457
6566,0.892394,-0.792931,0.409424
6567,0.885736,-0.775622,0.427712
6568,0.885736,-0.775622,0.427712
6569,0.88449,-0.766336,0.441646
6570,0.884908,-0.76936,0.437204
6571,0.884908,-0.76936,0.437204
6572,0.885982,-0.781241,0.417882
6573,0.893632,-0.785231,0.426602
6574,0.890387,-0.75319,0.474863
6575,0.890387,-0.75319,0.474863
6576,0.891373,-0.764657,0.458087
6577,0.884668,-0.758687,0.455006
6578,0.884668,-0.758687,0.455006
6579,0.884343,-0.75766,0.456085
6580,0.884343,-0.75766,0.456085
6581,0.888392,-0.73061,0.50542
6582,0.889455,-0.731671,0.505755
6583,0.884696,-0.723572,0.509047
6584,0.884696,-0.723572,0.509047
6585,0.887076,-0.71118,0.530214
6586,0.891959,-0.71972,0.526872
6587,0.891959,-0.71972,0.526872
6588,0.891959,-0.71972,0.526872
6589,0.891959,-0.71972,0.526872
6590,0.888,-0.70758,0.536539
6591,0.888,-0.70758,0.536539
6592,0.888,-0.70758,0.536539
6593,0.881093,-0.690101,0.5478
6594,0.886122,-0.7206,0.515701
6595,0.880324,-0.744015,0.470545
6596,0.887627,-0.759566,0.459282
6597,0.892833,-0.788118,0.419549
6598,0.894595,-0.753341,0.48247
6599,0.890352,-0.723781,0.518525
6600,0.890352,-0.723781,0.518525
6601,0.893004,-0.713769,0.536648
6602,0.889244,-0.756869,0.466803
6603,0.885942,-0.778948,0.422059
6604,0.885942,-0.778948,0.422059
6605,0.886854,-0.770619,0.438928
6606,0.886854,-0.770619,0.438928
6607,0.886854,-0.770619,0.438928
6608,0.887249,-0.769293,0.44204
6609,0.885966,-0.761266,0.453221
6610,0.887954,-0.75598,0.465786
6611,0.890244,-0.730868,0.508299
6612,0.886831,-0.7318,0.500938
6613,0.891458,-0.700836,0.550931
6614,0.891458,-0.700836,0.550931
6615,0.890749,-0.669101,0.587995
6616,0.890749,-0.669101,0.587995
6617,0.880826,-0.649247,0.595259
6618,0.886547,-0.68558,0.56209
6619,0.881399,-0.69026,0.548092
6620,0.881399,-0.69026,0.548092
6621,0.887815,-0.702028,0.543482
6622,0.883863,-0.714996,0.51961
6623,0.883863,-0.714996,0.51961
6624,0.88168,-0.676019,0.566002
6625,0.880111,-0.68665,0.550551
6626,0.880111,-0.68665,0.550551
6627,0.888773,-0.666991,0.587401
6628,0.888773,-0.666991,0.587401
6629,0.888773,-0.666991,0.587401
6630,0.891852,-0.703881,0.547678
6631,0.878929,-0.707089,0.522055
6632,0.876232,-0.691732,0.537856
6633,0.876232,-0.691732,0.537856
6634,0.876232,-0.691732,0.537856
6635,0.87953,-0.685523,0.551028
6636,0.881586,-0.665262,0.578462
6637,0.879016,-0.66566,0.574079
6638,0.88432,-0.640461,0.60978
6639,0.88456,-0.653595,0.596037
6640,0.889279,-0.677834,0.575638
6641,0.888126,-0.709139,0.534686
6642,0.891393,-0.718466,0.527625
6643,0.891393,-0.718466,0.527625
6644,0.885819,-0.729383,0.502669
6645,0.89282,-0.724723,0.521445
6646,0.89282,-0.724723,0.521445
6647,0.882631,-0.70232,0.534587
6648,0.891462,-0.722549,0.522138
6649,0.889412,-0.767064,0.450186
6650,0.893314,-0.781989,0.431861
6651,0.893314,-0.781989,0.431861
6652,0.885599,-0.781196,0.417154
6653,0.889633,-0.786864,0.415081
6654,0.889633,-0.786864,0.415081
6655,0.893073,-0.781203,0.432785
6656,0.889703,-0.781937,0.424435
6657,0.889703,-0.781937,0.424435
6658,0.889703,-0.781937,0.424435
6659,0.891796,-0.81002,0.373053
6660,0.893033,-0.811376,0.373063
6661,0.890216,-0.797466,0.395641
6662,0.88982,-0.767809,0.449721
6663,0.884659,-0.753254,0.463929
6664,0.894604,-0.772473,0.451223
6665,0.886362,-0.76727,0.443774
6666,0.894008,-0.786144,0.425709
6667,0.894008,-0.786144,0.425709
6668,0.894008,-0.786144,0.425709
6669,0.888216,-0.715155,0.526765
6670,0.893388,-0.715342,0.535189
6671,0.890121,-0.72082,0.522239
6672,0.885982,-0.712475,0.526634
6673,0.887934,-0.72552,0.511905
6674,0.88832,-0.738659,0.493453
6675,0.88832,-0.738659,0.493453
6676,0.887635,-0.719856,0.519329
6677,0.896443,-0.68437,0.579006
6678,0.889303,-0.670949,0.583684
6679,0.892061,-0.673864,0.584535
6680,0.887613,-0.665763,0.587041
6681,0.887613,-0.665763,0.587041
6682,0.893686,-0.683369,0.575919
6683,0.890116,-0.70467,0.543826
6684,0.893968,-0.738452,0.503851
6685,0.894092,-0.717108,0.534001
6686,0.88984,-0.664362,0.591978
6687,0.896737,-0.697046,0.564149
6688,0.888111,-0.697021,0.550366
6689,0.888111,-0.697021,0.550366
6690,0.888111,-0.697021,0.550366
6691,0.888111,-0.697021,0.550366
6692,0.880305,-0.72338,0.501656
6693,0.880305,-0.72338,0.501656
6694,0.887535,-0.738451,0.492349
6695,0.887035,-0.744501,0.482234
6696,0.887035,-0.744501,0.482234
6697,0.88742,-0.720052,0.518689
6698,0.88742,-0.720052,0.518689
6699,0.88742,-0.720052,0.518689
6700,0.887311,-0.760185,0.457646
6701,0.892127,-0.760445,0.466491
6702,0.888807,-0.707932,0.53741
6703,0.887344,-0.686916,0.561716
6704,0.887344,-0.686916,0.561716
6705,0.895074,-0.676969,0.585551
6706,0.890194,-0.71372,0.532024
6707,0.890194,-0.71372,0.532024
6708,0.890194,-0.71372,0.532024
6709,0.890194,-0.71372,0.532024
6710,0.890194,-0.71372,0.532024
6711,0.890194,-0.71372,0.532024
6712,0.890119,-0.744091,0.488507
6713,0.89361,-0.735688,0.50725
6714,0.886576,-0.719751,0.517664
6715,0.883469,-0.756167,0.456867
6716,0.881471,-0.770608,0.427966
6717,0.888513,-0.78443,0.417284
6718,0.893962,-0.817659,0.361389
6719,0.890867,-0.812531,0.36529
6720,0.886328,-0.816509,0.344806
6721,0.888587,-0.814673,0.354818
6722,0.881898,-0.800567,0.369912
6723,0.881898,-0.800567,0.369912
6724,0.893466,-0.82323,0.347236
6725,0.890942,-0.816732,0.355986
6726,0.891336,-0.82566,0.335805
6727,0.885226,-0.81782,0.338814
6728,0.887445,-0.822462,0.333339
6729,0.889264,-0.826491,0.32818
6730,0.889264,-0.826491,0.32818
6731,0.88405,-0.843668,0.26414
6732,0.88405,-0.843668,0.26414
6733,0.886293,-0.848439,0.256255
6734,0.886293,-0.848439,0.256255
6735,0.880214,-0.834926,0.278701
6736,0.880214,-0.834926,0.278701
6737,0.880214,-0.834926,0.278701
6738,0.885465,-0.852792,0.238315
6739,0.885465,-0.852792,0.238315
6740,0.881894,-0.841781,0.262948
6741,0.886655,-0.824324,0.326569
6742,0.887247,-0.814553,0.351726
6743,0.885421,-0.828887,0.311312
6744,0.890187,-0.840626,0.292882
6745,0.897706,-0.862886,0.247596
6746,0.888093,-0.87375,0.158966
6747,0.886703,-0.862545,0.205567
6748,0.890666,-0.86254,0.222061
6749,0.886687,-0.868372,0.179284
6750,0.886687,-0.868372,0.179284
6751,0.883991,-0.866634,0.174317
6752,0.893378,-0.873834,0.185847
6753,0.882301,-0.86863,0.154715
6754,0.882301,-0.86863,0.154715
6755,0.89293,-0.884524,0.122239
6756,0.883311,-0.871465,0.144176
6757,0.888784,-0.881184,0.115983
6758,0.886447,-0.884021,0.065537
6759,0.895469,-0.89452,0.0412221
6760,0.889987,-0.888601,0.0496486
6761,0.891592,-0.888734,0.0713339
6762,0.891592,-0.888734,0.0713339
6763,0.887233,-0.876441,0.137962
6764,0.888217,-0.881646,0.107837
6765,0.883181,-0.872561,0.13655
6766,0.881899,-0.87335,0.122498
6767,0.876262,-0.86272,0.153459
6768,0.888817,-0.87873,0.133526
6769,0.888817,-0.87873,0.133526
6770,0.88657,-0.87622,0.135071
6771,0.888724,-0.880076,0.123677
6772,0.883102,-0.877691,0.097606
6773,0.879041,-0.879031,0.0041774
6774,0.879705,-0.875855,-0.0822151
6775,0.879705,-0.875855,-0.0822151
6776,0.881946,-0.869276,-0.148954
6777,0.886718,-0.87585,-0.138404
6778,0.886718,-0.87585,-0.138404
6779,0.892313,-0.88214,-0.134355
6780,0.892999,-0.884255,-0.124663
6781,0.884803,-0.87936,-0.0979953
6782,0.890836,-0.888265,-0.0676366
6783,0.884822,-0.883601,-0.0464548
6784,0.883913,-0.883856,-0.0100334
6785,0.887231,-0.887007,0.0199243
6786,0.887231,-0.887007,0.0199243
6787,0.887231,-0.887007,0.0199243
6788,0.883943,-0.883284,0.0341204
6789,0.892589,-0.890959,0.0539299
6790,0.888325,-0.878886,0.12915
6791,0.888325,-0.878886,0.12915
6792,0.888639,-0.884024,0.0904458
6793,0.89691,-0.896244,-0.0345735
6794,0.886531,-0.886266,-0.0216803
6795,0.886531,-0.886266,-0.0216803
6796,0.886531,-0.886266,-0.0216803
6797,0.886531,-0.886266,-0.0216803
6798,0.889947,-0.88987,-0.0117112
6799,0.890939,-0.89077,-0.0173503
6800,0.8895,-0.88837,-0.044821
6801,0.89251,-0.891745,-0.0369531
6802,0.884967,-0.884756,-0.0193244
6803,0.892005,-0.8891,-0.0719289
6804,0.892005,-0.8891,-0.0719289
6805,0.892005,-0.8891,-0.0719289
6806,0.894075,-0.890561,-0.0791915
6807,0.892183,-0.888212,-0.0840736
6808,0.894018,-0.891833,-0.0624809
6809,0.887345,-0.884906,-0.0657419
6810,0.887345,-0.884906,-0.0657419
6811,0.887345,-0.884906,-0.0657419
6812,0.887179,-0.88628,-0.0399384
6813,0.889139,-0.888729,-0.0270008
6814,0.888137,-0.885101,-0.0733659
6815,0.894661,-0.890206,-0.0891671
6816,0.894661,-0.890206,-0.0891671
6817,0.890807,-0.889968,-0.0386749
6818,0.890807,-0.889968,-0.0386749
6819,0.893486,-0.89207,-0.0502742
6820,0.890647,-0.888775,-0.0577117
6821,0.885773,-0.885731,-0.00862663
6822,0.8897,-0.888416,-0.0477779
6823,0.882587,-0.87886,-0.0810291
6824,0.882587,-0.87886,-0.0810291
6825,0.882587,-0.87886,-0.0810291
6826,0.887829,-0.883071,-0.0917949
6827,0.891,-0.880071,-0.139125
6828,0.891,-0.880071,-0.139125
6829,0.891,-0.880071,-0.139125
6830,0.891,-0.880071,-0.139125
6831,0.891,-0.880071,-0.139125
6832,0.889081,-0.880254,-0.124973
6833,0.889081,-0.880254,-0.124973
6834,0.887314,-0.875436,-0.144696
6835,0.887961,-0.873043,-0.162086
6836,0.888088,-0.868884,-0.183686
6837,0.890097,-0.855205,-0.246775
6838,0.887246,-0.860868,-0.214739
6839,0.886608,-0.870748,-0.16695
6840,0.886748,-0.876266,-0.135936
6841,0.891008,-0.876349,-0.160963
6842,0.884509,-0.875217,-0.127867
6843,0.896746,-0.891848,-0.0936065
6844,0.896746,-0.891848,-0.0936065
6845,0.882467,-0.879089,-0.0771391
6846,0.881764,-0.878311,-0.0779573
6847,0.881764,-0.878311,-0.0779573
6848,0.882662,-0.879145,-0.0787165
6849,0.882662,-0.879145,-0.0787165
6850,0.881436,-0.876302,-0.094988
6851,0.893606,-0.880769,-0.150922
6852,0.893606,-0.880769,-0.150922
6853,0.888753,-0.878663,-0.133543
6854,0.888753,-0.878663,-0.133543
6855,0.88257,-0.866706,-0.166585
6856,0.891948,-0.877496,-0.159911
6857,0.882256,-0.86237,-0.18626
6858,0.873993,-0.845994,-0.219449
6859,0.884372,-0.865191,-0.183188
6860,0.885882,-0.874861,-0.139302
6861,0.883118,-0.875263,-0.117528
6862,0.890794,-0.880845,-0.132761
6863,0.895576,-0.884951,-0.137544
6864,0.887068,-0.880856,-0.104792
6865,0.88525,-0.871143,-0.157411
6866,0.884271,-0.875123,-0.126867
6867,0.888904,-0.878856,-0.133274
6868,0.887393,-0.880994,-0.106381
6869,0.887393,-0.880994,-0.106381
6870,0.883687,-0.882445,-0.0468283
6871,0.884327,-0.882914,-0.0499822
6872,0.888726,-0.887949,-0.03717
6873,0.877176,-0.877159,0.0055155
6874,0.892239,-0.892214,-0.00666438
6875,0.884622,-0.884615,-0.00341585
6876,0.884622,-0.884615,-0.00341585
6877,0.888251,-0.888171,0.0119023
6878,0.887584,-0.887584,-0.000983274
6879,0.886924,-0.886879,-0.00892944
6880,0.890655,-0.890317,-0.0245014
6881,0.889771,-0.888135,-0.0539274
6882,0.889771,-0.888135,-0.0539274
6883,0.889429,-0.886835,-0.0678794
6884,0.889429,-0.886835,-0.0678794
6885,0.886423,-0.884345,-0.0606532
6886,0.888118,-0.885053,-0.0737254
6887,0.889649,-0.889141,-0.0300382
6888,0.886186,-0.879432,-0.109198
6889,0.884963,-0.871181,-0.155573
6890,0.883276,-0.871281,-0.14507
6891,0.888506,-0.878405,-0.133598
6892,0.88467,-0.871015,-0.154834
6893,0.882677,-0.866657,-0.167403
6894,0.886143,-0.86546,-0.190339
6895,0.873835,-0.8613,-0.147479
6896,0.882596,-0.865235,-0.174198
6897,0.888525,-0.870359,-0.178751
6898,0.873358,-0.8572,-0.167221
6899,0.880058,-0.861564,-0.179473
6900,0.880058,-0.861564,-0.179473
6901,0.883746,-0.869378,-0.158713
6902,0.883746,-0.869378,-0.158713
6903,0.880629,-0.865055,-0.164887
6904,0.887513,-0.868017,-0.185
6905,0.884787,-0.860846,-0.20443
6906,0.88632,-0.872476,-0.156039
6907,0.889638,-0.882018,-0.116195
6908,0.889837,-0.880516,-0.128459
6909,0.889837,-0.880516,-0.128459
6910,0.87945,-0.870849,-0.122697
6911,0.879661,-0.874387,-0.0961805
6912,0.879661,-0.874387,-0.0961805
6913,0.879661,-0.874387,-0.0961805
6914,0.891675,-0.882613,-0.126806
6915,0.890823,-0.867856,-0.200975
6916,0.886369,-0.871765,-0.160235
6917,0.881698,-0.866029,-0.165486
6918,0.886928,-0.868757,-0.178609
6919,0.886928,-0.868757,-0.178609
6920,0.88589,-0.866694,-0.183422
6921,0.887834,-0.873223,-0.160411
6922,0.887834,-0.873223,-0.160411
6923,0.887834,-0.873223,-0.160411
6924,0.885559,-0.868906,-0.17093
6925,0.890987,-0.87162,-0.184761
6926,0.89053,-0.867486,-0.201274
6927,0.886205,-0.863727,-0.19833
6928,0.886205,-0.863727,-0.19833
6929,0.88416,-0.867842,-0.169082
6930,0.888194,-0.874844,-0.153419
6931,0.88845,-0.875664,-0.15019
6932,0.88845,-0.875664,-0.15019
6933,0.88845,-0.875664,-0.15019
6934,0.883666,-0.874269,-0.128532
6935,0.888242,-0.880223,-0.119086
6936,0.885905,-0.870036,-0.166929
6937,0.883627,-0.870069,-0.1542
6938,0.877041,-0.867501,-0.129007
6939,0.888031,-0.88035,-0.116546
6940,0.889495,-0.884179,-0.0971058
6941,0.889495,-0.884179,-0.0971058
6942,0.884706,-0.883325,-0.0494114
6943,0.881733,-0.878156,-0.0793429
6944,0.888467,-0.88585,-0.0681487
6945,0.879624,-0.872533,-0.111469
6946,0.879624,-0.872533,-0.111469
6947,0.879624,-0.872533,-0.111469
6948,0.879624,-0.872533,-0.111469
6949,0.888042,-0.8794,-0.123591
6950,0.889684,-0.873856,-0.167071
6951,0.88211,-0.862054,-0.187031
6952,0.88211,-0.862054,-0.187031
6953,0.888909,-0.851392,-0.25552
6954,0.888909,-0.851392,-0.25552
6955,0.890837,-0.840111,-0.296318
6956,0.883404,-0.81781,-0.33405
6957,0.883404,-0.81781,-0.33405
6958,0.880429,-0.822418,-0.3143
6959,0.88624,-0.838932,-0.285681
6960,0.88624,-0.838932,-0.285681
6961,0.881948,-0.832749,-0.290453
6962,0.879929,-0.816121,-0.328969
6963,0.879929,-0.816121,-0.328969
6964,0.879161,-0.792915,-0.37975
6965,0.879161,-0.792915,-0.37975
6966,0.879161,-0.792915,-0.37975
6967,0.886881,-0.828876,-0.315471
6968,0.886881,-0.828876,-0.315471
6969,0.884053,-0.843843,-0.263589
6970,0.884053,-0.843843,-0.263589
6971,0.886763,-0.847484,-0.260996
6972,0.873604,-0.832831,-0.263773
6973,0.884268,-0.851676,-0.237859
6974,0.885589,-0.865589,-0.187146
6975,0.883053,-0.858034,-0.20871
6976,0.886709,-0.862164,-0.207186
6977,0.885198,-0.855626,-0.22689
6978,0.883101,-0.854501,-0.222925
6979,0.883101,-0.854501,-0.222925
6980,0.887287,-0.857097,-0.229484
6981,0.887657,-0.87068,-0.172776
6982,0.886333,-0.87098,-0.164254
6983,0.884167,-0.863974,-0.187886
6984,0.882152,-0.855298,-0.216006
6985,0.882152,-0.855298,-0.216006
6986,0.882152,-0.855298,-0.216006
6987,0.882627,-0.855326,-0.217825
6988,0.887575,-0.870968,-0.170894
6989,0.887575,-0.870968,-0.170894
6990,0.887575,-0.870968,-0.170894
6991,0.887575,-0.870968,-0.170894
6992,0.883662,-0.864791,-0.181645
6993,0.883662,-0.864791,-0.181645
6994,0.878464,-0.854995,-0.2017
6995,0.885511,-0.873487,-0.14543
6996,0.886074,-0.876212,-0.131829
6997,0.8885,-0.880554,-0.118567
6998,0.8885,-0.880554,-0.118567
6999,0.8885,-0.880554,-0.118567
7000,0.883784,-0.874876,-0.125164
7001,0.88529,-0.879075,-0.104715
7002,0.88529,-0.879075,-0.104715
7003,0.890833,-0.888475,-0.06478
7004,0.890549,-0.885041,-0.0988895
7005,0.888602,-0.884158,-0.0887596
7006,0.882301,-0.878516,-0.0816402
7007,0.88027,-0.875755,-0.0890435
7008,0.887256,-0.882669,-0.0901045
7009,0.878605,-0.8725,-0.103391
7010,0.879367,-0.871343,-0.118528
7011,0.888682,-0.882496,-0.104674
7012,0.887248,-0.88019,-0.111691
7013,0.884616,-0.88399,-0.0332708
7014,0.884616,-0.88399,-0.0332708
7015,0.885803,-0.885171,-0.0334583
7016,0.882442,-0.88002,-0.0653398
7017,0.882442,-0.88002,-0.0653398
7018,0.894355,-0.891569,-0.0705362
7019,0.885352,-0.88475,-0.032635
7020,0.884116,-0.884081,0.0078508
7021,0.886568,-0.886559,-0.00394681
7022,0.886568,-0.886559,-0.00394681
7023,0.892352,-0.892197,0.0166067
7024,0.886288,-0.886282,0.00325146
7025,0.891207,-0.8912,-0.00356151
7026,0.885543,-0.885543,-0.0010399
7027,0.885543,-0.885543,-0.0010399
7028,0.889738,-0.889707,-0.00737147
7029,0.889738,-0.889707,-0.00737147
7030,0.879374,-0.878735,0.0335153
7031,0.888501,-0.887989,0.0301734
7032,0.881766,-0.881678,-0.0124912
7033,0.883424,-0.882493,-0.0405519
7034,0.890278,-0.885074,-0.096118
7035,0.88789,-0.878645,-0.127798
7036,0.890593,-0.875704,-0.16217
7037,0.883463,-0.866951,-0.170009
7038,0.885631,-0.862947,-0.199157
7039,0.882792,-0.869707,-0.151431
7040,0.889459,-0.869613,-0.186846
7041,0.893799,-0.863174,-0.231966
7042,0.885052,-0.84893,-0.250271
7043,0.89503,-0.851881,-0.274547
7044,0.89503,-0.851881,-0.274547
7045,0.89503,-0.851881,-0.274547
7046,0.89503,-0.851881,-0.274547
7047,0.89503,-0.851881,-0.274547
7048,0.885446,-0.824391,-0.323101
7049,0.888201,-0.826878,-0.324306
7050,0.882304,-0.830546,-0.297746
7051,0.88184,-0.811296,-0.3456
7052,0.897128,-0.830896,-0.338304
7053,0.885637,-0.817312,-0.341105
7054,0.885637,-0.817312,-0.341105
7055,0.88857,-0.809629,-0.36614
7056,0.88857,-0.809629,-0.36614
7057,0.88857,-0.809629,-0.36614
7058,0.88857,-0.809629,-0.36614
7059,0.88857,-0.809629,-0.36614
7060,0.889214,-0.820594,-0.34253
7061,0.888317,-0.827642,-0.322667
7062,0.885486,-0.816819,-0.341895
7063,0.891503,-0.820839,-0.347854
7064,0.891503,-0.820839,-0.347854
7065,0.880589,-0.81395,-0.33604
7066,0.879178,-0.81699,-0.32478
7067,0.877081,-0.801506,-0.356173
7068,0.877517,-0.791494,-0.378911
7069,0.878453,-0.762393,-0.436391
7070,0.886337,-0.778382,-0.423928
7071,0.891059,-0.778496,-0.433509
7072,0.891059,-0.778496,-0.433509
7073,0.893182,-0.784755,-0.426538
7074,0.884987,-0.778106,-0.421608
7075,0.878754,-0.749337,-0.459022
7076,0.878754,-0.749337,-0.459022
7077,0.878754,-0.749337,-0.459022
7078,0.884192,-0.753376,-0.462839
7079,0.884192,-0.753376,-0.462839
7080,0.892002,-0.73612,-0.50378
7081,0.8898,-0.71201,-0.533654
7082,0.8898,-0.71201,-0.533654
7083,0.8898,-0.71201,-0.533654
7084,0.884788,-0.720897,-0.512988
7085,0.886603,-0.683747,-0.564406
7086,0.884803,-0.728071,-0.502781
7087,0.884803,-0.728071,-0.502781
7088,0.879747,-0.743235,-0.470697
7089,0.879747,-0.743235,-0.470697
7090,0.882576,-0.73707,-0.485457
7091,0.888603,-0.755912,-0.467131
7092,0.889797,-0.773308,-0.440153
7093,0.889797,-0.773308,-0.440153
7094,0.891781,-0.789664,-0.414372
7095,0.891836,-0.82691,-0.334052
7096,0.884461,-0.816885,-0.339074
7097,0.884461,-0.816885,-0.339074
7098,0.890352,-0.81605,-0.356075
7099,0.891922,-0.846073,-0.282288
7100,0.891207,-0.843534,-0.287579
7101,0.882673,-0.823106,-0.318759
7102,0.882673,-0.823106,-0.318759
7103,0.890463,-0.83903,-0.298251
7104,0.885301,-0.840612,-0.277721
7105,0.882762,-0.830618,-0.298905
7106,0.879988,-0.827106,-0.300456
7107,0.887543,-0.841974,-0.280735
7108,0.889048,-0.824904,-0.331571
7109,0.886282,-0.844941,-0.267525
7110,0.886282,-0.844941,-0.267525
7111,0.886282,-0.844941,-0.267525
7112,0.882415,-0.845651,-0.252051
7113,0.882917,-0.831586,-0.296659
7114,0.882917,-0.831586,-0.296659
7115,0.883842,-0.831334,-0.3001
7116,0.890123,-0.833612,-0.312104
7117,0.890123,-0.833612,-0.312104
7118,0.89201,-0.836465,-0.309851
7119,0.89201,-0.836465,-0.309851
7120,0.889632,-0.843106,-0.283932
7121,0.885811,-0.84294,-0.272239
7122,0.889681,-0.847289,-0.271355
7123,0.88899,-0.838965,-0.294007
7124,0.885639,-0.826099,-0.319245
7125,0.877114,-0.817256,-0.318468
7126,0.880959,-0.817556,-0.328163
7127,0.889023,-0.823555,-0.334841
7128,0.889955,-0.815739,-0.355795
7129,0.881904,-0.798574,-0.374213
7130,0.879917,-0.787889,-0.391773
7131,0.8896,-0.797525,-0.394134
7132,0.886655,-0.80624,-0.368964
7133,0.886655,-0.80624,-0.368964
7134,0.891614,-0.780464,-0.431105
7135,0.891614,-0.780464,-0.431105
7136,0.885557,-0.790219,-0.399706
7137,0.885557,-0.790219,-0.399706
7138,0.885557,-0.790219,-0.399706
7139,0.890078,-0.781746,-0.425571
7140,0.88233,-0.794429,-0.383914
7141,0.88233,-0.794429,-0.383914
7142,0.88742,-0.79537,-0.393575
7143,0.883992,-0.789094,-0.398464
7144,0.890723,-0.771266,-0.445574
7145,0.892946,-0.805009,-0.386411
7146,0.889274,-0.819738,-0.34473
7147,0.892135,-0.800414,-0.394009
7148,0.892135,-0.800414,-0.394009
7149,0.884938,-0.807787,-0.361379
7150,0.888567,-0.808301,-0.369053
7151,0.89592,-0.815116,-0.371831
7152,0.889679,-0.808725,-0.370799
7153,0.889679,-0.808725,-0.370799
7154,0.892592,-0.804871,-0.38588
7155,0.884044,-0.798906,-0.378526
7156,0.878802,-0.813484,-0.332471
7157,0.878802,-0.813484,-0.332471
7158,0.878802,-0.813484,-0.332471
7159,0.878802,-0.813484,-0.332471
7160,0.883402,-0.829356,-0.304249
7161,0.883402,-0.829356,-0.304249
7162,0.890953,-0.828419,-0.327902
7163,0.889593,-0.830245,-0.319483
7164,0.891969,-0.84128,-0.296406
7165,0.88556,-0.839396,-0.282187
7166,0.894342,-0.855756,-0.259862
7167,0.883256,-0.835341,-0.28696
7168,0.892833,-0.846237,-0.284662
7169,0.890735,-0.849222,-0.268755
7170,0.889063,-0.829046,-0.321115
7171,0.888901,-0.82254,-0.337005
7172,0.887686,-0.81139,-0.360045
7173,0.889131,-0.820464,-0.342627
7174,0.889131,-0.820464,-0.342627
7175,0.878512,-0.807695,-0.34556
7176,0.885067,-0.813164,-0.34944
7177,0.876996,-0.813721,-0.327079
7178,0.876996,-0.813721,-0.327079
7179,0.889535,-0.802766,-0.383196
7180,0.885605,-0.809326,-0.359565
7181,0.889421,-0.813606,-0.359325
7182,0.88555,-0.801516,-0.376524
7183,0.891277,-0.802925,-0.386892
7184,0.887707,-0.816932,-0.34734
7185,0.880204,-0.799018,-0.36923
7186,0.88428,-0.792571,-0.392151
7187,0.885124,-0.79106,-0.397075
7188,0.885124,-0.79106,-0.397075
7189,0.883367,-0.768705,-0.435236
7190,0.881477,-0.752308,-0.459385
7191,0.877147,-0.755641,-0.445412
7192,0.884467,-0.751559,-0.466306
7193,0.875241,-0.766696,-0.422165
7194,0.8825,-0.771474,-0.428525
7195,0.883518,-0.752669,-0.462703
7196,0.883518,-0.752669,-0.462703
7197,0.883051,-0.75564,-0.456933
7198,0.883051,-0.75564,-0.456933
7199,0.886002,-0.747012,-0.476415
7200,0.891482,-0.754479,-0.474871
7201,0.88808,-0.767946,-0.446031
7202,0.883624,-0.780469,-0.414319
7203,0.883624,-0.780469,-0.414319
7204,0.886379,-0.793526,-0.394948
7205,0.890408,-0.807324,-0.375574
7206,0.888457,-0.797744,-0.391103
7207,0.888457,-0.797744,-0.391103
7208,0.886478,-0.802913,-0.375733
7209,0.887385,-0.796606,-0.390987
7210,0.886001,-0.787242,-0.406505
7211,0.886001,-0.787242,-0.406505
7212,0.885713,-0.771805,-0.434516
7213,0.885713,-0.771805,-0.434516
7214,0.891352,-0.759068,-0.467253
7215,0.886144,-0.752838,-0.467426
7216,0.886144,-0.752838,-0.467426
7217,0.883971,-0.741908,-0.480601
7218,0.883474,-0.747946,-0.470216
7219,0.883474,-0.747946,-0.470216
7220,0.883474,-0.747946,-0.470216
7221,0.887394,-0.764505,-0.450555
7222,0.889368,-0.765654,-0.452494
7223,0.886951,-0.777261,-0.427256
7224,0.889562,-0.790796,-0.407385
7225,0.889562,-0.790796,-0.407385
7226,0.896837,-0.805781,-0.393742
7227,0.893963,-0.79036,-0.417734
7228,0.891407,-0.77521,-0.440064
7229,0.897225,-0.788022,-0.428991
7230,0.889232,-0.810191,-0.366503
7231,0.884637,-0.830704,-0.304161
7232,0.891448,-0.850897,-0.265807
7233,0.891448,-0.850897,-0.265807
7234,0.879677,-0.849114,-0.229864
7235,0.892086,-0.879167,-0.151269
7236,0.892181,-0.871578,-0.190629
7237,0.892181,-0.871578,-0.190629
7238,0.888774,-0.8565,-0.237334
7239,0.882046,-0.834614,-0.285351
7240,0.889068,-0.838725,-0.294928
7241,0.893904,-0.861559,-0.238288
7242,0.888998,-0.861296,-0.220196
7243,0.885941,-0.860457,-0.210962
7244,0.884444,-0.860984,-0.202357
7245,0.884444,-0.860984,-0.202357
7246,0.884444,-0.860984,-0.202357
7247,0.891344,-0.860799,-0.231345
7248,0.89065,-0.854891,-0.249836
7249,0.88181,-0.851788,-0.228139
7250,0.890885,-0.868091,-0.200234
7251,0.889675,-0.859524,-0.229653
7252,0.890428,-0.860685,-0.228216
7253,0.890428,-0.860685,-0.228216
7254,0.893576,-0.871764,-0.196231
7255,0.888082,-0.866414,-0.194977
7256,0.886307,-0.86554,-0.190736
7257,0.883456,-0.866077,-0.17437
7258,0.881601,-0.865299,-0.168756
7259,0.891578,-0.878968,-0.149425
7260,0.890272,-0.873299,-0.173013
7261,0.885717,-0.866653,-0.182778
7262,0.890697,-0.867698,-0.201104
7263,0.885726,-0.842875,-0.272162
7264,0.885934,-0.844908,-0.266476
7265,0.885934,-0.844908,-0.266476
7266,0.885934,-0.844908,-0.266476
7267,0.886383,-0.861719,-0.207641
7268,0.885845,-0.860003,-0.212409
7269,0.885845,-0.860003,-0.212409
7270,0.885845,-0.860003,-0.212409
7271,0.89032,-0.862219,-0.22192
7272,0.88503,-0.85308,-0.235655
7273,0.88503,-0.85308,-0.235655
7274,0.883538,-0.846794,-0.252151
7275,0.883538,-0.846794,-0.252151
7276,0.886895,-0.852171,-0.245739
7277,0.886895,-0.852171,-0.245739
7278,0.883861,-0.859629,-0.205545
7279,0.883861,-0.859629,-0.205545
7280,0.890165,-0.868171,-0.196653
7281,0.897016,-0.873849,-0.202549
7282,0.888741,-0.868035,-0.190724
7283,0.890104,-0.875349,-0.161399
7284,0.885159,-0.865895,-0.183661
7285,0.887823,-0.859151,-0.223804
7286,0.885374,-0.858261,-0.217426
7287,0.886837,-0.874062,-0.149984
7288,0.88415,-0.871992,-0.14612
7289,0.88415,-0.871992,-0.14612
7290,0.888869,-0.881771,-0.112109
7291,0.888869,-0.881771,-0.112109
7292,0.888869,-0.881771,-0.112109
7293,0.885086,-0.861475,-0.203071
7294,0.888184,-0.86654,-0.194881
7295,0.888184,-0.86654,-0.194881
7296,0.887254,-0.85735,-0.228409
7297,0.881724,-0.850225,-0.233569
7298,0.885375,-0.855914,-0.226497
7299,0.8839,-0.859642,-0.205655
7300,0.8839,-0.859642,-0.205655
7301,0.891217,-0.858263,-0.240111
7302,0.888115,-0.83958,-0.289575
7303,0.886103,-0.83481,-0.297104
7304,0.890917,-0.857293,-0.242451
7305,0.890917,-0.857293,-0.242451
7306,0.888398,-0.849527,-0.259912
7307,0.888398,-0.849527,-0.259912
7308,0.886354,-0.868471,-0.177148
7309,0.882988,-0.864295,-0.180725
7310,0.886591,-0.875094,-0.142321
7311,0.886591,-0.875094,-0.142321
7312,0.887192,-0.883116,-0.0849436
7313,0.886861,-0.880801,-0.103496
7314,0.880026,-0.863629,-0.169089
7315,0.886089,-0.8651,-0.19172
7316,0.886089,-0.8651,-0.19172
7317,0.892846,-0.891359,-0.0515151
7318,0.886782,-0.87679,-0.132746
7319,0.890519,-0.880428,-0.133686
7320,0.890519,-0.880428,-0.133686
7321,0.878362,-0.870692,-0.115824
7322,0.878362,-0.870692,-0.115824
7323,0.878362,-0.870692,-0.115824
7324,0.892482,-0.886145,-0.106168
7325,0.892482,-0.886145,-0.106168
7326,0.890607,-0.887033,-0.0797144
7327,0.893945,-0.889191,-0.092071
7328,0.887343,-0.883205,-0.0855949
7329,0.887115,-0.8794,-0.116739
7330,0.878843,-0.872174,-0.108067
7331,0.884968,-0.880687,-0.086936
7332,0.884496,-0.878625,-0.101737
7333,0.884579,-0.88288,-0.054791
7334,0.887569,-0.886509,-0.043376
7335,0.887634,-0.887631,-0.00226155
7336,0.887695,-0.887571,0.0148262
7337,0.887695,-0.887571,0.0148262
7338,0.886683,-0.886382,-0.0230644
7339,0.889678,-0.889637,-0.00844198
7340,0.88289,-0.88283,-0.0103338
7341,0.894814,-0.89481,-0.00281396
7342,0.885651,-0.8855,-0.0163508
7343,0.893468,-0.889604,-0.0830028
7344,0.886175,-0.882111,-0.0847698
7345,0.889761,-0.888414,-0.0489426
7346,0.880669,-0.87315,-0.114833
7347,0.887914,-0.884369,-0.0792695
7348,0.887914,-0.884369,-0.0792695
7349,0.877891,-0.877125,-0.036669
7350,0.883044,-0.882757,-0.0224885
7351,0.883044,-0.882757,-0.0224885
7352,0.884981,-0.884973,0.00385734
7353,0.881059,-0.881058,0.00184735
7354,0.888232,-0.88779,0.0280211
7355,0.888232,-0.88779,0.0280211
7356,0.888232,-0.88779,0.0280211
7357,0.89044,-0.885486,0.0937942
7358,0.89044,-0.885486,0.0937942
7359,0.89044,-0.885486,0.0937942
7360,0.882827,-0.877879,0.0933436
7361,0.882827,-0.877879,0.0933436
7362,0.889374,-0.88313,0.105205
7363,0.88179,-0.87623,0.0988656
7364,0.878674,-0.871478,0.112228
7365,0.886679,-0.878598,0.119443
7366,0.887098,-0.886321,0.0371244
7367,0.887098,-0.886321,0.0371244
7368,0.887098,-0.886321,0.0371244
7369,0.888114,-0.886862,0.0471409
7370,0.886864,-0.88558,0.0477026
7371,0.8862,-0.880664,0.0989061
7372,0.890416,-0.883725,0.108957
7373,0.886045,-0.884012,0.0599787
7374,0.886045,-0.884012,0.0599787
7375,0.886045,-0.884012,0.0599787
7376,0.886045,-0.884012,0.0599787
7377,0.890623,-0.886343,0.0872177
7378,0.881624,-0.861794,0.185935
7379,0.883078,-0.87326,0.131318
7380,0.883078,-0.87326,0.131318
7381,0.883078,-0.87326,0.131318
7382,0.879126,-0.871609,0.114723
7383,0.884996,-0.868211,0.171544
7384,0.884625,-0.867061,0.175405
7385,0.877299,-0.866531,0.137029
7386,0.888185,-0.880971,0.11297
7387,0.883973,-0.878836,0.0951608
7388,0.878147,-0.87657,0.0526051
7389,0.880381,-0.880379,0.00176484
7390,0.874432,-0.8744,-0.00750721
7391,0.881264,-0.881191,-0.0113288
7392,0.879182,-0.878859,-0.0238419
7393,0.881101,-0.881054,0.00910236
7394,0.8831,-0.882711,-0.0262074
7395,0.884074,-0.880601,-0.0782844
7396,0.882466,-0.881521,-0.0408231
7397,0.882466,-0.881521,-0.0408231
7398,0.881006,-0.880639,-0.0254469
7399,0.883703,-0.883678,-0.00668635
7400,0.885334,-0.882502,0.0707492
7401,0.877196,-0.869839,0.113372
7402,0.877196,-0.869839,0.113372
7403,0.889999,-0.880211,0.131628
7404,0.889999,-0.880211,0.131628
7405,0.891391,-0.876009,0.164884
7406,0.887661,-0.871285,0.169717
7407,0.887661,-0.871285,0.169717
7408,0.89165,-0.870469,0.193194
7409,0.885715,-0.863505,0.197104
7410,0.891751,-0.857744,0.243918
7411,0.881243,-0.850651,0.230179
7412,0.891313,-0.858814,0.238492
7413,0.883698,-0.850021,0.241631
7414,0.892485,-0.874459,0.178468
7415,0.892485,-0.874459,0.178468
7416,0.88957,-0.867123,0.198576
7417,0.88957,-0.867123,0.198576
7418,0.88957,-0.867123,0.198576
7419,0.893967,-0.8693,0.208551
7420,0.88399,-0.85914,0.208127
7421,0.88399,-0.85914,0.208127
7422,0.88399,-0.85914,0.208127
7423,0.882388,-0.867779,0.159901
7424,0.886837,-0.880124,0.108916
7425,0.88826,-0.88304,0.0961601
7426,0.887653,-0.881505,0.104293
7427,0.887653,-0.881505,0.104293
7428,0.884656,-0.876905,0.11685
7429,0.877845,-0.873625,0.0859712
7430,0.886871,-0.886284,0.0322682
7431,0.884821,-0.88191,0.0717116
7432,0.889197,-0.886785,0.0654472
7433,0.88284,-0.881297,0.052169
7434,0.880779,-0.878745,0.0598245
7435,0.878333,-0.87784,0.0294288
7436,0.878333,-0.87784,0.0294288
7437,0.886164,-0.885822,-0.0246073
7438,0.886164,-0.885822,-0.0246073
7439,0.882818,-0.882599,-0.0196622
7440,0.898219,-0.897567,0.0341984
7441,0.898219,-0.897567,0.0341984
7442,0.8924,-0.892325,0.0115845
7443,0.888291,-0.888075,0.0195995
7444,0.877973,-0.877839,0.0153474
7445,0.877973,-0.877839,0.0153474
7446,0.877973,-0.877839,0.0153474
7447,0.877973,-0.877839,0.0153474
7448,0.882383,-0.882349,0.00774639
7449,0.882719,-0.882505,0.0194213
7450,0.882719,-0.882505,0.0194213
7451,0.889454,-0.889399,-0.00990394
7452,0.882265,-0.881848,-0.0271369
7453,0.887557,-0.886661,-0.0398615
7454,0.888926,-0.888903,-0.00650477
7455,0.892391,-0.889431,0.0726161
7456,0.883207,-0.881267,0.058503
7457,0.882841,-0.882339,0.0297831
7458,0.890533,-0.887904,0.0683774
7459,0.882467,-0.88052,0.0585896
7460,0.889659,-0.882757,0.110597
7461,0.883357,-0.881337,0.0596951
7462,0.883357,-0.881337,0.0596951
7463,0.883357,-0.881337,0.0596951
7464,0.889815,-0.887465,0.0646234
7465,0.874515,-0.871465,0.0729729
7466,0.874515,-0.871465,0.0729729
7467,0.874515,-0.871465,0.0729729
7468,0.882351,-0.879892,0.0658254
7469,0.888176,-0.88738,0.0376054
7470,0.891094,-0.888574,-0.0669761
7471,0.891008,-0.88903,-0.0593429
7472,0.886827,-0.880265,-0.107687
7473,0.889122,-0.877105,-0.145685
7474,0.884189,-0.868286,-0.166941
7475,0.891251,-0.865259,-0.213672
7476,0.894755,-0.875061,-0.186695
7477,0.889619,-0.873842,-0.166795
7478,0.891792,-0.864317,-0.219655
7479,0.900343,-0.885472,-0.162958
7480,0.884391,-0.872919,-0.14199
7481,0.889194,-0.880486,-0.124136
7482,0.889194,-0.880486,-0.124136
7483,0.889194,-0.880486,-0.124136
7484,0.874004,-0.871173,-0.070299
7485,0.874004,-0.871173,-0.070299
7486,0.879259,-0.878971,-0.0224825
7487,0.879126,-0.879,0.0149004
7488,0.882809,-0.881746,0.043303
7489,0.891806,-0.886314,0.0988225
7490,0.891806,-0.886314,0.0988225
7491,0.900196,-0.899564,0.0337223
7492,0.900196,-0.899564,0.0337223
7493,0.890707,-0.88715,-0.0795185
7494,0.891484,-0.890179,-0.0482325
7495,0.892032,-0.885376,-0.108766
7496,0.892032,-0.885376,-0.108766
7497,0.880966,-0.877396,-0.0792313
7498,0.880966,-0.877396,-0.0792313
7499,0.882637,-0.881084,-0.0523378
7500,0.892971,-0.891505,-0.051149
7501,0.887828,-0.88334,-0.0891529
7502,0.894194,-0.89311,-0.044008
7503,0.890643,-0.88,-0.137275
7504,0.889675,-0.88115,-0.122865
7505,0.89018,-0.880877,-0.128358
7506,0.886519,-0.880117,-0.106347
7507,0.886655,-0.87771,-0.125626
7508,0.892041,-0.888124,-0.0835095
7509,0.885404,-0.880718,-0.0909776
7510,0.893733,-0.89221,-0.0521521
7511,0.893733,-0.89221,-0.0521521
7512,0.89226,-0.88276,-0.129855
7513,0.893153,-0.885459,-0.116987
7514,0.888041,-0.873825,-0.15826
7515,0.887379,-0.868428,-0.182414
7516,0.885433,-0.863786,-0.194587
7517,0.882531,-0.868976,-0.154084
7518,0.881977,-0.87428,-0.116264
7519,0.89463,-0.873994,-0.191043
7520,0.89463,-0.873994,-0.191043
7521,0.888517,-0.871825,-0.171416
7522,0.890411,-0.877389,-0.151724
7523,0.88955,-0.882659,-0.110513
7524,0.878487,-0.871891,-0.10745
7525,0.882965,-0.881459,-0.0515507
7526,0.881753,-0.881324,-0.0275094
7527,0.881753,-0.881324,-0.0275094
7528,0.884728,-0.884602,-0.014888
7529,0.88839,-0.887924,-0.028764
7530,0.894921,-0.891748,-0.0752994
7531,0.890299,-0.887601,-0.0692515
7532,0.890684,-0.887698,-0.0728738
7533,0.890684,-0.887698,-0.0728738
7534,0.888293,-0.8788,-0.129521
7535,0.888043,-0.886397,-0.0540369
7536,0.879372,-0.875323,-0.084293
7537,0.886222,-0.883816,-0.065257
7538,0.884311,-0.880704,-0.0797934
7539,0.884311,-0.880704,-0.0797934
7540,0.894555,-0.888706,-0.102125
7541,0.881914,-0.868472,-0.153386
7542,0.883441,-0.869692,-0.155249
7543,0.878239,-0.870393,-0.117138
7544,0.882056,-0.880124,-0.0583465
7545,0.887089,-0.887031,0.010148
7546,0.884738,-0.88314,-0.0531526
7547,0.884738,-0.88314,-0.0531526
7548,0.887361,-0.886737,-0.0332687
7549,0.883199,-0.880929,-0.0632785
7550,0.881957,-0.881249,-0.035333
7551,0.891071,-0.89101,0.0104585
7552,0.881942,-0.881552,-0.0261949
7553,0.881942,-0.881552,-0.0261949
7554,0.883854,-0.88318,-0.034498
7555,0.883854,-0.88318,-0.034498
7556,0.878797,-0.878499,0.022906
7557,0.88787,-0.885,-0.0713321
7558,0.887997,-0.887549,-0.0282001
7559,0.887997,-0.887549,-0.0282001
7560,0.885485,-0.884136,-0.0488556
7561,0.888241,-0.888184,-0.010097
7562,0.888241,-0.888184,-0.010097
7563,0.895742,-0.895381,-0.0254085
7564,0.895742,-0.895381,-0.0254085
7565,0.895742,-0.895381,-0.0254085
7566,0.895556,-0.892476,-0.0742088
7567,0.895556,-0.892476,-0.0742088
7568,0.891728,-0.879921,-0.144631
7569,0.880291,-0.867191,-0.151298
7570,0.890388,-0.885068,-0.0971945
7571,0.887473,-0.885683,-0.0563509
7572,0.889403,-0.8826,-0.109795
7573,0.889833,-0.884754,-0.0949414
7574,0.889833,-0.884754,-0.0949414
7575,0.889833,-0.884754,-0.0949414
7576,0.8857,-0.881,-0.091119
7577,0.891879,-0.88919,-0.0692026
7578,0.888483,-0.88638,-0.0610981
7579,0.885084,-0.882583,-0.0664963
7580,0.892414,-0.886039,-0.106477
7581,0.886863,-0.880719,-0.104218
7582,0.886863,-0.880719,-0.104218
7583,0.878023,-0.874954,-0.0733461
7584,0.886888,-0.883749,-0.074559
7585,0.884067,-0.878966,-0.094831
7586,0.880082,-0.87312,-0.110482
7587,0.880082,-0.87312,-0.110482
7588,0.886766,-0.876685,-0.133329
7589,0.886766,-0.876685,-0.133329
7590,0.886766,-0.876685,-0.133329
7591,0.886766,-0.876685,-0.133329
7592,0.886637,-0.866982,-0.185652
7593,0.891875,-0.877519,-0.15938
7594,0.886644,-0.869954,-0.171228
7595,0.881893,-0.864926,-0.172159
7596,0.875402,-0.860005,-0.163464
7597,0.881545,-0.870545,-0.138825
7598,0.890228,-0.881517,-0.124226
7599,0.890228,-0.881517,-0.124226
7600,0.882398,-0.866308,-0.16774
7601,0.890676,-0.867275,-0.202826
7602,0.87397,-0.852764,-0.191356
7603,0.880931,-0.862546,-0.179035
7604,0.880752,-0.853889,-0.215866
7605,0.880752,-0.853889,-0.215866
7606,0.880752,-0.853889,-0.215866
7607,0.879421,-0.86075,-0.180254
7608,0.882184,-0.87286,-0.127922
7609,0.882184,-0.87286,-0.127922
7610,0.882184,-0.87286,-0.127922
7611,0.882184,-0.87286,-0.127922
7612,0.894127,-0.888783,-0.0976144
7613,0.886983,-0.873639,-0.153279
7614,0.887005,-0.876975,-0.133013
7615,0.885011,-0.869814,-0.163302
7616,0.885011,-0.869814,-0.163302
7617,0.890073,-0.86321,-0.217024
7618,0.899091,-0.883173,-0.168435
7619,0.884249,-0.868552,-0.165871
7620,0.880455,-0.872297,-0.119572
7621,0.886592,-0.878903,-0.116516
7622,0.888409,-0.885232,-0.0750644
7623,0.892994,-0.890822,-0.0622346
7624,0.887964,-0.887596,-0.0255511
7625,0.883775,-0.8826,-0.0455495
7626,0.884585,-0.882733,-0.0572138
7627,0.886021,-0.883096,-0.0719344
7628,0.887917,-0.88634,-0.0529006
7629,0.890064,-0.88945,-0.033043
7630,0.885702,-0.884304,-0.0497441
7631,0.881448,-0.880451,-0.0419155
7632,0.881448,-0.880451,-0.0419155
7633,0.88195,-0.880915,-0.0427136
7634,0.88195,-0.880915,-0.0427136
7635,0.891523,-0.89049,-0.0428967
7636,0.883328,-0.882092,-0.0467072
7637,0.886959,-0.88635,-0.0328656
7638,0.887119,-0.886071,-0.0431069
7639,0.887119,-0.886071,-0.0431069
7640,0.882294,-0.876085,-0.104492
7641,0.884283,-0.875073,-0.127298
7642,0.882451,-0.87323,-0.127239
7643,0.882451,-0.87323,-0.127239
7644,0.88727,-0.868271,-0.18263
7645,0.884444,-0.861885,-0.198485
7646,0.881524,-0.865994,-0.164742
7647,0.884383,-0.873665,-0.137269
7648,0.885938,-0.86625,-0.185734
7649,0.881712,-0.853675,-0.220578
7650,0.881712,-0.853675,-0.220578
7651,0.887313,-0.854167,-0.240254
7652,0.887313,-0.854167,-0.240254
7653,0.892524,-0.86585,-0.216573
7654,0.892524,-0.86585,-0.216573
7655,0.88699,-0.86853,-0.18002
7656,0.88699,-0.86853,-0.18002
7657,0.881262,-0.86606,-0.162979
7658,0.881262,-0.86606,-0.162979
7659,0.879713,-0.858571,-0.191702
7660,0.88129,-0.864908,-0.169136
7661,0.882272,-0.871045,-0.1403
7662,0.884829,-0.87792,-0.110355
7663,0.882896,-0.875796,-0.111739
7664,0.87932,-0.861489,-0.176185
7665,0.878868,-0.87616,-0.0689336
7666,0.88585,-0.882399,0.0781231
7667,0.884858,-0.882014,0.0708961
7668,0.888673,-0.886827,0.0572423
7669,0.879139,-0.876792,0.0641956
7670,0.879139,-0.876792,0.0641956
7671,0.883025,-0.877865,0.0953217
7672,0.882348,-0.879485,0.071024
7673,0.885573,-0.879184,0.106186
7674,0.885573,-0.879184,0.106186
7675,0.890587,-0.884985,0.0997331
7676,0.885394,-0.88095,0.0885953
7677,0.890924,-0.884601,0.10595
7678,0.890924,-0.884601,0.10595
7679,0.881306,-0.869231,0.145389
7680,0.889277,-0.884735,0.0897624
7681,0.888595,-0.883648,0.0936404
7682,0.888595,-0.883648,0.0936404
7683,0.884317,-0.876979,0.11369
7684,0.891877,-0.878324,0.154895
7685,0.889117,-0.886865,0.0632377
7686,0.880852,-0.878657,0.0621364
7687,0.884233,-0.881336,0.0715161
7688,0.889972,-0.889609,0.0254124
7689,0.889972,-0.889609,0.0254124
7690,0.887082,-0.881439,0.0998966
7691,0.887082,-0.881439,0.0998966
7692,0.883943,-0.876959,0.110899
7693,0.8838,-0.870504,0.15273
7694,0.882697,-0.874006,0.12356
7695,0.884466,-0.87275,0.143484
7696,0.88658,-0.87279,0.15576
7697,0.88658,-0.87279,0.15576
7698,0.88658,-0.87279,0.15576
7699,0.890577,-0.866405,0.20608
7700,0.890577,-0.866405,0.20608
7701,0.886283,-0.839023,0.28555
7702,0.886283,-0.839023,0.28555
7703,0.887713,-0.844631,0.273189
7704,0.88825,-0.870444,0.176965
7705,0.88825,-0.870444,0.176965
7706,0.88825,-0.870444,0.176965
7707,0.885942,-0.860293,0.211636
7708,0.890104,-0.873859,0.169281
7709,0.890104,-0.873859,0.169281
7710,0.885864,-0.859258,0.215479
7711,0.885864,-0.859258,0.215479
7712,0.891392,-0.873529,0.17756
7713,0.88789,-0.869483,0.179856
7714,0.88789,-0.869483,0.179856
7715,0.88789,-0.869483,0.179856
7716,0.889924,-0.865044,0.208959
7717,0.889924,-0.865044,0.208959
7718,0.890239,-0.853703,0.252422
7719,0.883238,-0.835039,0.287784
7720,0.883238,-0.835039,0.287784
7721,0.882487,-0.809945,0.35039
7722,0.873875,-0.81009,0.327736
7723,0.879415,-0.834001,0.27895
7724,0.879415,-0.834001,0.27895
7725,0.879415,-0.834001,0.27895
7726,0.8831,-0.826448,0.311209
7727,0.885894,-0.834615,0.297027
7728,0.873756,-0.811519,0.323861
7729,0.883665,-0.805686,0.362951
7730,0.883665,-0.805686,0.362951
7731,0.881232,-0.816435,0.331669
7732,0.881232,-0.816435,0.331669
7733,0.88088,-0.80764,0.351664
7734,0.887741,-0.810421,0.362356
7735,0.895903,-0.804259,0.394729
7736,0.883317,-0.773921,0.425787
7737,0.887497,-0.785523,0.413044
7738,0.880803,-0.805294,0.356812
7739,0.880803,-0.805294,0.356812
7740,0.877921,-0.798898,0.364016
7741,0.890224,-0.819099,0.348676
7742,0.88188,-0.787485,0.396962
7743,0.891352,-0.785815,0.420718
7744,0.888331,-0.76924,0.4443
7745,0.886531,-0.760836,0.455044
7746,0.878442,-0.727489,0.492362
7747,0.878442,-0.727489,0.492362
7748,0.878442,-0.727489,0.492362
7749,0.89306,-0.7377,0.503344
7750,0.890015,-0.718742,0.524915
7751,0.890015,-0.718742,0.524915
7752,0.890015,-0.718742,0.524915
7753,0.891782,-0.748749,0.484407
7754,0.891782,-0.748749,0.484407
7755,0.891782,-0.748749,0.484407
7756,0.891557,-0.762646,0.461784
7757,0.886955,-0.743587,0.483495
7758,0.889876,-0.764393,0.455614
7759,0.884195,-0.758314,0.45471
7760,0.890569,-0.766602,0.453248
7761,0.883515,-0.744826,0.475219
7762,0.883515,-0.744826,0.475219
7763,0.889481,-0.753465,0.472722
7764,0.891848,-0.750211,0.482261
7765,0.88962,-0.756833,0.467577
7766,0.891773,-0.724399,0.520101
7767,0.891773,-0.724399,0.520101
7768,0.88819,-0.739343,0.492192
7769,0.890483,-0.761385,0.461792
7770,0.890483,-0.761385,0.461792
7771,0.886722,-0.750027,0.473006
7772,0.889604,-0.71725,0.526258
7773,0.886391,-0.712522,0.527258
7774,0.886508,-0.713076,0.526706
7775,0.884176,-0.679755,0.565421
7776,0.885039,-0.714255,0.522621
7777,0.884694,-0.750367,0.468649
7778,0.884547,-0.741629,0.482089
7779,0.884094,-0.764918,0.44331
7780,0.888757,-0.777641,0.430306
7781,0.886437,-0.746035,0.47875
7782,0.881543,-0.732372,0.490661
7783,0.885408,-0.735315,0.493212
7784,0.88039,-0.750143,0.46084
7785,0.88039,-0.750143,0.46084
7786,0.88039,-0.750143,0.46084
7787,0.878125,-0.739775,0.473114
7788,0.886445,-0.757675,0.460124
7789,0.885611,-0.733677,0.496009
7790,0.88953,-0.741348,0.491596
7791,0.877433,-0.697468,0.532379
7792,0.877433,-0.697468,0.532379
7793,0.877433,-0.697468,0.532379
7794,0.877433,-0.697468,0.532379
7795,0.885712,-0.728841,0.503265
7796,0.893025,-0.753726,0.478948
7797,0.891883,-0.73564,0.504271
7798,0.885692,-0.702289,0.539667
7799,0.886797,-0.66681,0.584614
7800,0.892736,-0.665192,0.595396
7801,0.889547,-0.644138,0.613499
7802,0.883228,-0.679713,0.563989
7803,0.883228,-0.679713,0.563989
7804,0.883228,-0.679713,0.563989
7805,0.888177,-0.701523,0.544724
7806,0.87801,-0.706006,0.521974
7807,0.884759,-0.728317,0.502346
7808,0.888831,-0.744035,0.486244
7809,0.881929,-0.739536,0.480505
7810,0.88145,-0.734696,0.487007
7811,0.88145,-0.734696,0.487007
7812,0.891796,-0.730426,0.511641
7813,0.891796,-0.730426,0.511641
7814,0.885722,-0.718245,0.518293
7815,0.896271,-0.763355,0.469671
7816,0.888732,-0.726381,0.51207
7817,0.890085,-0.689365,0.563051
7818,0.890085,-0.689365,0.563051
7819,0.896277,-0.677752,0.586484
7820,0.896306,-0.686488,0.576281
7821,0.886615,-0.689784,0.557031
7822,0.890806,-0.680925,0.574349
7823,0.891101,-0.69343,0.559656
7824,0.89371,-0.689794,0.568245
7825,0.89371,-0.689794,0.568245
7826,0.896901,-0.732113,0.518114
7827,0.89481,-0.739124,0.504361
7828,0.89481,-0.739124,0.504361
7829,0.89174,-0.731375,0.510186
7830,0.8914,-0.747329,0.485895
7831,0.891385,-0.710723,0.537996
7832,0.889866,-0.737897,0.497361
7833,0.890931,-0.774875,0.43969
7834,0.887185,-0.77903,0.42451
7835,0.888789,-0.777447,0.430721
7836,0.886758,-0.79043,0.401945
7837,0.888443,-0.806745,0.372148
7838,0.891184,-0.827591,0.330609
7839,0.892879,-0.806497,0.383138
7840,0.884377,-0.817509,0.337345
7841,0.884377,-0.817509,0.337345
7842,0.896899,-0.852329,0.27922
7843,0.889134,-0.836329,0.30185
7844,0.889134,-0.836329,0.30185
7845,0.890786,-0.850066,0.266248
7846,0.889028,-0.835371,0.304181
7847,0.895085,-0.836413,0.318732
7848,0.897066,-0.841216,0.31158
7849,0.897066,-0.841216,0.31158
7850,0.897066,-0.841216,0.31158
7851,0.892343,-0.812001,0.37004
7852,0.896837,-0.830905,0.337511
7853,0.897995,-0.833559,0.334029
7854,0.890965,-0.821043,0.345989
7855,0.895943,-0.849392,0.285036
7856,0.890262,-0.819778,0.347176
7857,0.891661,-0.789735,0.413979
7858,0.888011,-0.798305,0.388937
7859,0.889802,-0.784968,0.419015
7860,0.892517,-0.817459,0.358256
7861,0.887269,-0.787687,0.408405
7862,0.885399,-0.788476,0.402785
7863,0.891421,-0.775927,0.438826
7864,0.892278,-0.761082,0.46574
7865,0.884914,-0.777361,0.422828
7866,0.878841,-0.788124,0.388874
7867,0.880915,-0.792351,0.384955
7868,0.882407,-0.801268,0.369611
7869,0.87832,-0.798822,0.365142
7870,0.881078,-0.81305,0.339483
7871,0.887111,-0.800625,0.382055
7872,0.888001,-0.799776,0.38588
7873,0.893795,-0.798451,0.401679
7874,0.893795,-0.798451,0.401679
7875,0.877381,-0.800951,0.358154
7876,0.884418,-0.811712,0.351166
7877,0.876154,-0.798305,0.361046
7878,0.887838,-0.835867,0.299303
7879,0.887838,-0.835867,0.299303
7880,0.892605,-0.847814,0.279206
7881,0.882096,-0.85776,0.205769
7882,0.883817,-0.839905,0.275121
7883,0.883817,-0.839905,0.275121
7884,0.883817,-0.839905,0.275121
7885,0.892486,-0.853075,0.262286
7886,0.892486,-0.853075,0.262286
7887,0.885674,-0.836269,0.291673
7888,0.881968,-0.836963,0.278137
7889,0.8824,-0.83853,0.274769
7890,0.8824,-0.83853,0.274769
7891,0.884325,-0.826631,0.314182
7892,0.886535,-0.837252,0.291467
7893,0.883448,-0.820386,0.327791
7894,0.885377,-0.831795,0.30333
7895,0.89127,-0.837356,0.305283
7896,0.889682,-0.827875,0.325817
7897,0.890752,-0.832895,0.315792
7898,0.88998,-0.830295,0.320429
7899,0.884803,-0.794956,0.388486
7900,0.886694,-0.795978,0.390699
7901,0.893343,-0.790116,0.416866
7902,0.887498,-0.812026,0.358144
7903,0.890662,-0.805945,0.37912
7904,0.886931,-0.788389,0.406313
7905,0.883826,-0.78682,0.40257
7906,0.883826,-0.78682,0.40257
7907,0.88052,-0.779467,0.409569
7908,0.884931,-0.776033,0.425296
7909,0.883608,-0.771057,0.431547
7910,0.885632,-0.743654,0.480961
7911,0.885403,-0.71391,0.523709
7912,0.890376,-0.729319,0.510749
7913,0.895664,-0.72041,0.532188
7914,0.887235,-0.703873,0.540139
7915,0.886698,-0.706879,0.535309
7916,0.881376,-0.71539,0.514821
7917,0.881376,-0.71539,0.514821
7918,0.882344,-0.729384,0.496518
7919,0.882344,-0.729384,0.496518
7920,0.887365,-0.748281,0.476961
7921,0.887365,-0.748281,0.476961
7922,0.889239,-0.751115,0.475996
7923,0.889923,-0.768059,0.449497
7924,0.889923,-0.768059,0.449497
7925,0.890686,-0.7769,0.435601
7926,0.891848,-0.794663,0.40485
7927,0.885559,-0.8023,0.374874
7928,0.892002,-0.825374,0.338269
7929,0.898085,-0.836997,0.325564
7930,0.892594,-0.813819,0.366638
7931,0.88285,-0.781461,0.410782
7932,0.883071,-0.753692,0.460176
7933,0.883071,-0.753692,0.460176
7934,0.885755,-0.755285,0.462716
7935,0.887279,-0.74593,0.480471
7936,0.887279,-0.74593,0.480471
7937,0.887279,-0.74593,0.480471
7938,0.881971,-0.758663,0.449782
7939,0.88084,-0.766996,0.433123
7940,0.880804,-0.776913,0.414996
7941,0.885139,-0.772879,0.431428
7942,0.88467,-0.770754,0.434258
7943,0.888094,-0.799917,0.385801
7944,0.884832,-0.798226,0.381788
7945,0.886191,-0.802195,0.376588
7946,0.89181,-0.811981,0.368796
7947,0.877079,-0.810678,0.334769
7948,0.883192,-0.822786,0.321015
7949,0.891593,-0.819776,0.350577
7950,0.892554,-0.808135,0.378908
7951,0.885633,-0.813089,0.351044
7952,0.877889,-0.795695,0.37089
7953,0.880455,-0.811959,0.340476
7954,0.890806,-0.788854,0.413819
7955,0.887582,-0.785281,0.413685
7956,0.887582,-0.785281,0.413685
7957,0.887151,-0.809095,0.36387
7958,0.88052,-0.811404,0.341964
7959,0.88052,-0.811404,0.341964
7960,0.888966,-0.819974,0.34337
7961,0.89076,-0.849506,0.267942
7962,0.897712,-0.87436,0.203423
7963,0.885284,-0.86185,0.202343
7964,0.88127,-0.86094,0.188199
7965,0.881931,-0.849454,0.23713
7966,0.890884,-0.857378,0.242028
7967,0.890884,-0.857378,0.242028
7968,0.898274,-0.861226,0.255314
7969,0.898274,-0.861226,0.255314
7970,0.898274,-0.861226,0.255314
7971,0.883511,-0.82722,0.310321
7972,0.886277,-0.813068,0.352715
7973,0.884187,-0.827564,0.311329
7974,0.888551,-0.841492,0.285329
7975,0.884591,-0.847931,0.252019
7976,0.88266,-0.843982,0.258421
7977,0.886918,-0.855521,0.233896
7978,0.885738,-0.853457,0.236945
7979,0.88762,-0.867869,0.186207
7980,0.890205,-0.869888,0.189106
7981,0.88541,-0.86828,0.173321
7982,0.877242,-0.868125,0.126146
7983,0.886521,-0.87615,0.135209
7984,0.882806,-0.861946,0.190776
7985,0.885334,-0.868367,0.172492
7986,0.890881,-0.872839,0.178384
7987,0.885614,-0.85198,0.24175
7988,0.885614,-0.85198,0.24175
7989,0.895441,-0.873891,0.195264
7990,0.887702,-0.873895,0.155959
7991,0.895837,-0.889358,0.107547
7992,0.895837,-0.889358,0.107547
7993,0.889744,-0.884386,0.0974928
7994,0.892673,-0.880806,0.145071
7995,0.890881,-0.881646,0.127941
7996,0.894243,-0.888211,0.103689
7997,0.894243,-0.888211,0.103689
7998,0.87917,-0.873365,0.100867
7999,0.890847,-0.887352,0.0788319
8000,0.890847,-0.887352,0.0788319
8001,0.892522,-0.889924,0.0680501
8002,0.892522,-0.889924,0.0680501
8003,0.892522,-0.889924,0.0680501
8004,0.893422,-0.883456,0.133074
8005,0.893422,-0.883456,0.133074
8006,0.893422,-0.883456,0.133074
8007,0.890806,-0.887076,0.0814307
8008,0.890171,-0.885502,0.0910435
8009,0.897439,-0.884629,0.151094
8010,0.888099,-0.877703,0.135492
8011,0.883619,-0.878005,0.0994459
8012,0.894013,-0.890549,0.0786247
8013,0.89085,-0.888373,0.0663943
8014,0.880769,-0.872591,0.119746
8015,0.881115,-0.868478,0.148696
8016,0.890067,-0.871925,0.17879
8017,0.892648,-0.875992,0.17163
8018,0.891676,-0.876753,0.162455
8019,0.890848,-0.865857,0.209525
8020,0.890848,-0.865857,0.209525
8021,0.889261,-0.869936,0.184379
8022,0.886541,-0.862275,0.206
8023,0.893497,-0.873687,0.187101
8024,0.893497,-0.873687,0.187101
8025,0.894523,-0.858856,0.250074
8026,0.893606,-0.855225,0.25908
8027,0.893255,-0.854428,0.260497
8028,0.893255,-0.854428,0.260497
8029,0.892456,-0.849137,0.274669
8030,0.892456,-0.849137,0.274669
8031,0.890998,-0.853901,0.254421
8032,0.887967,-0.847795,0.264062
8033,0.876977,-0.847749,0.224524
8034,0.89009,-0.867885,0.197575
8035,0.892895,-0.876184,0.171942
8036,0.892402,-0.871626,0.191439
8037,0.886985,-0.8692,0.176731
8038,0.892719,-0.870565,0.197648
8039,0.893148,-0.878807,0.159406
8040,0.887352,-0.881214,0.104192
8041,0.887508,-0.880099,0.114439
8042,0.891172,-0.890692,0.02924
8043,0.889746,-0.889395,0.0250017
8044,0.889746,-0.889395,0.0250017
8045,0.890556,-0.89012,0.0278478
8046,0.890556,-0.89012,0.0278478
8047,0.880255,-0.879385,0.0391191
8048,0.890091,-0.884721,0.0976198
8049,0.891631,-0.885973,0.100292
8050,0.882971,-0.869474,0.153796
8051,0.890953,-0.878136,0.150578
8052,0.893636,-0.883849,0.131896
8053,0.886203,-0.881598,0.0902307
8054,0.886203,-0.881598,0.0902307
8055,0.892516,-0.890315,0.0626391
8056,0.892516,-0.890315,0.0626391
8057,0.892516,-0.890315,0.0626391
8058,0.885875,-0.881809,0.0847828
8059,0.887591,-0.8791,0.122481
8060,0.892226,-0.888818,0.0779135
8061,0.892226,-0.888818,0.0779135
8062,0.891825,-0.8896,0.0629626
8063,0.890892,-0.889714,0.0457953
8064,0.895293,-0.894525,0.0370855
8065,0.892592,-0.892549,-0.00879844
8066,0.892592,-0.892549,-0.00879844
8067,0.892592,-0.892549,-0.00879844
8068,0.892856,-0.891258,0.053404
8069,0.894249,-0.893014,0.0469856
8070,0.890244,-0.886566,0.0808367
8071,0.890244,-0.886566,0.0808367
8072,0.894724,-0.892745,0.05948
8073,0.885324,-0.884598,0.0358701
8074,0.891734,-0.889531,0.0626391
8075,0.884809,-0.883265,0.0522483
8076,0.890688,-0.890076,0.0329991
8077,0.896386,-0.89558,0.0380033
8078,0.896386,-0.89558,0.0380033
8079,0.896286,-0.893839,0.0661917
8080,0.897424,-0.893856,0.0799388
8081,0.889614,-0.88836,0.0472171
8082,0.890916,-0.890384,0.0307939
8083,0.898893,-0.898892,0.000637809
8084,0.891638,-0.8915,0.0156822
8085,0.893352,-0.892976,0.0258974
8086,0.89696,-0.896927,0.00757974
8087,0.89174,-0.889465,-0.0636511
8088,0.888194,-0.88777,0.0274341
8089,0.887849,-0.886814,0.0428646
8090,0.887849,-0.886814,0.0428646
8091,0.899414,-0.898791,0.033453
8092,0.888516,-0.888514,0.00202956
8093,0.893163,-0.893146,-0.00543937
8094,0.897886,-0.897369,-0.0304664
8095,0.890356,-0.890314,-0.00872416
8096,0.893247,-0.891801,-0.0508055
8097,0.886985,-0.886528,-0.0284771
8098,0.894528,-0.893866,-0.0343991
8099,0.895933,-0.894582,-0.0491744
8100,0.886161,-0.883236,-0.0719324
8101,0.888458,-0.88427,-0.0861678
8102,0.888458,-0.88427,-0.0861678
8103,0.885345,-0.874454,-0.138441
8104,0.886636,-0.884256,-0.0649172
8105,0.888381,-0.883401,-0.0939293
8106,0.888713,-0.880628,-0.119609
8107,0.888713,-0.880628,-0.119609
8108,0.884456,-0.876888,-0.115458
8109,0.890176,-0.875561,-0.16064
8110,0.884327,-0.869911,-0.159026
8111,0.880107,-0.867232,-0.149986
8112,0.881943,-0.879276,-0.0685384
8113,0.87947,-0.876703,-0.069718
8114,0.887306,-0.884659,-0.0684884
8115,0.88828,-0.883424,-0.0927536
8116,0.88828,-0.883424,-0.0927536
8117,0.88828,-0.883424,-0.0927536
8118,0.877752,-0.875515,-0.0626238
8119,0.882537,-0.876347,-0.104335
8120,0.892563,-0.882668,-0.132543
8121,0.891724,-0.88266,-0.126816
8122,0.891724,-0.88266,-0.126816
8123,0.886397,-0.871023,-0.164374
8124,0.8855,-0.856777,-0.223704
8125,0.880409,-0.844,-0.250569
8126,0.880409,-0.844,-0.250569
8127,0.88156,-0.849705,-0.23484
8128,0.885581,-0.866839,-0.18123
8129,0.889734,-0.858522,-0.233594
8130,0.880536,-0.849794,-0.23064
8131,0.885661,-0.864692,-0.191578
8132,0.882229,-0.870396,-0.144011
8133,0.873806,-0.86264,-0.139242
8134,0.887946,-0.873182,-0.161245
8135,0.885623,-0.876024,-0.13004
8136,0.887554,-0.882826,-0.0914905
8137,0.884863,-0.877842,-0.11124
8138,0.8896,-0.882572,-0.111594
8139,0.886375,-0.881816,-0.0897842
8140,0.886375,-0.881816,-0.0897842
8141,0.889144,-0.884585,-0.0899247
8142,0.889144,-0.884585,-0.0899247
8143,0.892791,-0.887299,-0.0988735
8144,0.892635,-0.889891,-0.0699287
8145,0.890841,-0.888671,-0.0621393
8146,0.889348,-0.886735,-0.0681214
8147,0.889348,-0.886735,-0.0681214
8148,0.891113,-0.884999,-0.104208
8149,0.888521,-0.883748,-0.091979
8150,0.885443,-0.879436,-0.102963
8151,0.882269,-0.872266,-0.132479
8152,0.890204,-0.884759,-0.0983154
8153,0.890204,-0.884759,-0.0983154
8154,0.887105,-0.881785,-0.0970081
8155,0.891209,-0.881294,-0.132568
8156,0.886629,-0.868094,-0.180344
8157,0.8829,-0.868727,-0.15756
8158,0.88736,-0.866416,-0.191654
8159,0.889154,-0.8669,-0.197686
8160,0.893879,-0.884454,-0.129465
8161,0.889956,-0.881027,-0.125744
8162,0.889956,-0.881027,-0.125744
8163,0.889956,-0.881027,-0.125744
8164,0.885918,-0.880962,-0.0935681
8165,0.886933,-0.876314,-0.136839
8166,0.880545,-0.87113,-0.128424
8167,0.887093,-0.882513,-0.0900275
8168,0.886424,-0.88064,-0.101099
8169,0.875885,-0.870916,-0.0931596
8170,0.875885,-0.870916,-0.0931596
8171,0.881434,-0.874569,-0.109797
8172,0.888581,-0.881197,-0.114312
8173,0.888696,-0.887915,-0.0372534
8174,0.888696,-0.887915,-0.0372534
8175,0.888402,-0.885239,-0.0749004
8176,0.877833,-0.873455,-0.0875612
8177,0.878971,-0.87681,-0.0615986
8178,0.878971,-0.87681,-0.0615986
8179,0.878971,-0.87681,-0.0615986
8180,0.881783,-0.878896,-0.07129
8181,0.877636,-0.870425,-0.112275
8182,0.886387,-0.8769,-0.12934
8183,0.886387,-0.8769,-0.12934
8184,0.886387,-0.8769,-0.12934
8185,0.881199,-0.864853,-0.168944
8186,0.881199,-0.864853,-0.168944
8187,0.881199,-0.864853,-0.168944
8188,0.881199,-0.864853,-0.168944
8189,0.881044,-0.856826,-0.205152
8190,0.881044,-0.856826,-0.205152
8191,0.885036,-0.868096,-0.172332
8192,0.894021,-0.879302,-0.161559
8193,0.88802,-0.875856,-0.146479
8194,0.885163,-0.877379,-0.11713
8195,0.883082,-0.874126,-0.125445
8196,0.877036,-0.858049,-0.181505
8197,0.885237,-0.876091,-0.126922
8198,0.894502,-0.888331,-0.104891
8199,0.889787,-0.884027,-0.101073
8200,0.889102,-0.884536,-0.0899888
8201,0.88937,-0.885175,-0.0862747
8202,0.88937,-0.885175,-0.0862747
8203,0.88937,-0.885175,-0.0862747
8204,0.896498,-0.89341,-0.074343
8205,0.890477,-0.889169,-0.0482544
8206,0.884862,-0.884391,-0.0288525
8207,0.885212,-0.8852,-0.00463644
8208,0.882616,-0.882086,-0.0305818
8209,0.879724,-0.876352,-0.0769476
8210,0.883976,-0.882189,-0.0561781
8211,0.884412,-0.883809,-0.0326705
8212,0.884412,-0.883809,-0.0326705
8213,0.881037,-0.879411,-0.0534992
8214,0.88135,-0.878127,-0.075302
8215,0.889878,-0.884829,-0.0946633
8216,0.893219,-0.893145,-0.0115119
8217,0.886123,-0.886076,0.00906964
8218,0.879355,-0.877387,-0.0587886
8219,0.882306,-0.877859,-0.0884723
8220,0.891981,-0.891179,-0.0378327
8221,0.88677,-0.885127,-0.0539447
8222,0.885216,-0.88496,0.0213081
8223,0.887671,-0.886376,0.0479235
8224,0.88611,-0.885964,-0.016074
8225,0.890099,-0.889435,-0.0343749
8226,0.890379,-0.888901,-0.0512756
8227,0.890379,-0.888901,-0.0512756
8228,0.884776,-0.884566,-0.019279
8229,0.884258,-0.884167,-0.012669
8230,0.888846,-0.888707,-0.0156913
8231,0.888846,-0.888707,-0.0156913
8232,0.888846,-0.888707,-0.0156913
8233,0.884326,-0.883531,-0.0374948
8234,0.891567,-0.8915,0.0108937
8235,0.885101,-0.88389,-0.0462901
8236,0.886793,-0.882739,-0.0846952
8237,0.882634,-0.880216,-0.0652844
8238,0.873063,-0.869335,-0.0806005
8239,0.873063,-0.869335,-0.0806005
8240,0.870848,-0.864275,-0.106797
8241,0.870848,-0.864275,-0.106797
8242,0.878316,-0.872762,-0.0986135
8243,0.886115,-0.877126,-0.125897
8244,0.886115,-0.877126,-0.125897
8245,0.886115,-0.877126,-0.125897
8246,0.878107,-0.871539,-0.107197
8247,0.886426,-0.874274,-0.146274
8248,0.876511,-0.861507,-0.161481
8249,0.876511,-0.861507,-0.161481
8250,0.882204,-0.87362,-0.122766
8251,0.882204,-0.87362,-0.122766
8252,0.880547,-0.870575,-0.132144
8253,0.880547,-0.870575,-0.132144
8254,0.886943,-0.878236,-0.123975
8255,0.886943,-0.878236,-0.123975
8256,0.886943,-0.878236,-0.123975
8257,0.889818,-0.885585,-0.0866911
8258,0.889818,-0.885585,-0.0866911
8259,0.888779,-0.882015,-0.109441
8260,0.884456,-0.880415,-0.0844518
8261,0.886693,-0.879574,-0.112139
8262,0.892484,-0.881938,-0.136797
8263,0.885133,-0.866426,-0.181015
8264,0.891202,-0.873426,-0.177109
8265,0.888787,-0.879066,-0.131093
8266,0.882962,-0.874715,-0.120394
8267,0.880176,-0.867496,-0.148865
8268,0.880176,-0.867496,-0.148865
8269,0.886738,-0.877446,-0.12803
8270,0.890138,-0.883742,-0.106509
8271,0.884521,-0.882889,-0.0537174
8272,0.872893,-0.871719,-0.0452674
8273,0.888164,-0.888149,-0.00526401
8274,0.88939,-0.88863,-0.0367697
8275,0.88939,-0.88863,-0.0367697
8276,0.890843,-0.890346,-0.0297481
8277,0.886389,-0.8852,-0.0458899
8278,0.886831,-0.883593,-0.0757164
8279,0.893537,-0.87992,-0.155397
8280,0.893537,-0.87992,-0.155397
8281,0.885668,-0.872461,-0.152377
8282,0.885668,-0.872461,-0.152377
8283,0.894222,-0.885317,-0.125879
8284,0.889499,-0.876686,-0.150431
8285,0.887977,-0.872255,-0.166359
8286,0.891417,-0.871315,-0.188239
8287,0.89336,-0.87811,-0.164361
8288,0.887252,-0.882672,-0.0900251
8289,0.891537,-0.89048,-0.0433914
8290,0.88451,-0.884386,-0.0148068
8291,0.88464,-0.884637,0.00197212
8292,0.889523,-0.889088,0.0278409
8293,0.88754,-0.886467,0.0436265
8294,0.883934,-0.882404,0.0519975
8295,0.883934,-0.882404,0.0519975
8296,0.883934,-0.882404,0.0519975
8297,0.877518,-0.873703,0.0817458
8298,0.883449,-0.883126,0.0238886
8299,0.884781,-0.884694,0.0124097
8300,0.881382,-0.88023,0.045058
8301,0.890687,-0.889912,-0.0371302
8302,0.880669,-0.880117,0.0311676
8303,0.889205,-0.889199,0.00329121
8304,0.888483,-0.888472,-0.00426416
8305,0.890421,-0.890302,-0.0145345
8306,0.889301,-0.888977,0.0239765
8307,0.894767,-0.887355,0.11493
8308,0.894767,-0.887355,0.11493
8309,0.891906,-0.880684,0.141038
8310,0.890569,-0.875034,0.165618
8311,0.89074,-0.881692,0.126635
8312,0.888907,-0.883309,0.099605
8313,0.889597,-0.887282,0.0641236
8314,0.883142,-0.879669,0.0782469
8315,0.882936,-0.881665,0.0473505
8316,0.882936,-0.881665,0.0473505
8317,0.879651,-0.878244,0.0497387
8318,0.882203,-0.870979,0.140277
8319,0.885361,-0.868108,0.173935
8320,0.893412,-0.87782,0.166186
8321,0.893412,-0.87782,0.166186
8322,0.886165,-0.882665,0.0786804
8323,0.890787,-0.890571,0.019603
8324,0.888042,-0.883894,0.0857379
8325,0.890876,-0.885975,0.0933169
8326,0.887594,-0.886557,0.042875
8327,0.880757,-0.88073,0.00687149
8328,0.880757,-0.88073,0.00687149
8329,0.888764,-0.888261,0.0298846
8330,0.886499,-0.885132,0.0492079
8331,0.887574,-0.88525,0.0641845
8332,0.884905,-0.884524,0.0259832
8333,0.88474,-0.882144,0.0677249
8334,0.881782,-0.880375,0.0497925
8335,0.886855,-0.886811,0.00879603
8336,0.88795,-0.886741,0.046321
8337,0.88795,-0.886741,0.046321
8338,0.881286,-0.881004,0.0223115
8339,0.885237,-0.885189,-0.00927699
8340,0.878156,-0.87806,0.0130115
8341,0.878492,-0.878365,-0.0149319
8342,0.886398,-0.886264,0.0154525
8343,0.884002,-0.881771,0.0627633
8344,0.884257,-0.873266,0.138983
8345,0.884257,-0.873266,0.138983
8346,0.884257,-0.873266,0.138983
8347,0.884257,-0.873266,0.138983
8348,0.889673,-0.878434,0.140969
8349,0.891732,-0.884147,0.116058
8350,0.891732,-0.884147,0.116058
8351,0.891732,-0.884147,0.116058
8352,0.887058,-0.878641,0.121905
8353,0.889536,-0.885369,0.0860018
8354,0.884824,-0.879117,0.100328
8355,0.884824,-0.879117,0.100328
8356,0.880513,-0.868384,0.145645
8357,0.880513,-0.868384,0.145645
8358,0.874536,-0.866805,0.116029
8359,0.878281,-0.871611,0.108038
8360,0.878281,-0.871611,0.108038
8361,0.870755,-0.860849,0.130971
8362,0.870755,-0.860849,0.130971
8363,0.870755,-0.860849,0.130971
8364,0.876836,-0.865208,0.142331
8365,0.885502,-0.878857,0.108278
8366,0.881506,-0.877111,0.0879119
8367,0.881506,-0.877111,0.0879119
8368,0.881506,-0.877111,0.0879119
8369,0.881506,-0.877111,0.0879119
8370,0.881506,-0.877111,0.0879119
8371,0.885626,-0.884741,0.0395682
8372,0.887721,-0.8877,-0.0061098
8373,0.884856,-0.88464,0.0195609
8374,0.878335,-0.875869,0.06578
8375,0.890405,-0.889668,0.0362301
8376,0.884014,-0.881864,0.0616205
8377,0.884014,-0.881864,0.0616205
8378,0.884014,-0.881864,0.0616205
8379,0.88809,-0.883511,0.0900639
8380,0.88809,-0.883511,0.0900639
8381,0.87996,-0.877331,0.0679639
8382,0.889472,-0.886824,0.0685851
8383,0.877961,-0.875256,0.0688597
8384,0.880202,-0.877319,0.0711879
8385,0.883555,-0.88137,0.062103
8386,0.88608,-0.882968,0.0742015
8387,0.88367,-0.88302,0.0338808
8388,0.878235,-0.878034,-0.0188205
8389,0.88888,-0.887434,0.0506864
8390,0.88888,-0.887434,0.0506864
8391,0.884605,-0.883883,0.0357491
8392,0.892589,-0.889024,0.079703
8393,0.884878,-0.88222,0.0685381
8394,0.884976,-0.88429,0.0348417
8395,0.883044,-0.879265,0.0816068
8396,0.880142,-0.870734,0.128344
8397,0.888149,-0.869326,0.181883
8398,0.885339,-0.867865,0.175029
8399,0.886305,-0.872236,0.157294
8400,0.886293,-0.87299,0.152981
8401,0.881993,-0.867835,0.157395
8402,0.889115,-0.88322,0.102218
8403,0.889115,-0.88322,0.102218
8404,0.881836,-0.875575,0.104897
8405,0.886442,-0.882315,0.0854382
8406,0.889681,-0.882465,0.113086
8407,0.889681,-0.882465,0.113086
8408,0.894298,-0.891953,0.0647234
8409,0.886625,-0.885775,0.0388061
8410,0.883313,-0.882984,0.0241096
8411,0.885172,-0.884919,0.0211614
8412,0.890535,-0.886508,0.0845969
8413,0.885614,-0.882031,0.079584
8414,0.885614,-0.882031,0.079584
8415,0.885614,-0.882031,0.079584
8416,0.885614,-0.882031,0.079584
8417,0.885614,-0.882031,0.079584
8418,0.890916,-0.88744,0.0786178
8419,0.889957,-0.886369,0.0798415
8420,0.880333,-0.872784,0.115039
8421,0.880333,-0.872784,0.115039
8422,0.88072,-0.864328,0.169131
8423,0.886598,-0.863989,0.198947
8424,0.880378,-0.863111,0.173506
8425,0.883382,-0.862849,0.189358
8426,0.892352,-0.873014,0.184766
8427,0.892352,-0.873014,0.184766
8428,0.893729,-0.872422,0.193986
8429,0.893729,-0.872422,0.193986
8430,0.893313,-0.870578,0.200256
8431,0.880844,-0.86193,0.181555
8432,0.888026,-0.871254,0.171776
8433,0.888026,-0.871254,0.171776
8434,0.886639,-0.87159,0.162666
8435,0.882634,-0.865355,0.173792
8436,0.881406,-0.865046,0.169033
8437,0.885025,-0.860851,0.205437
8438,0.879913,-0.850141,0.226951
8439,0.891507,-0.867648,0.204873
8440,0.885038,-0.857839,0.217725
8441,0.886439,-0.852876,0.241613
8442,0.891261,-0.855511,0.249895
8443,0.891261,-0.855511,0.249895
8444,0.891261,-0.855511,0.249895
8445,0.891261,-0.855511,0.249895
8446,0.886429,-0.843187,0.273479
8447,0.886082,-0.847215,0.259553
8448,0.887076,-0.850196,0.253121
8449,0.888094,-0.858556,0.227139
8450,0.89024,-0.841721,0.289882
8451,0.885247,-0.843425,0.26888
8452,0.885752,-0.843392,0.270639
8453,0.893034,-0.841159,0.299935
8454,0.884041,-0.846071,0.256304
8455,0.884041,-0.846071,0.256304
8456,0.891383,-0.85108,0.265001
8457,0.891383,-0.85108,0.265001
8458,0.88365,-0.841653,0.26918
8459,0.882842,-0.841313,0.267586
8460,0.882842,-0.841313,0.267586
8461,0.889073,-0.850875,0.257802
8462,0.879401,-0.82654,0.300297
8463,0.888422,-0.834479,0.304859
8464,0.888285,-0.843221,0.279334
8465,0.888281,-0.792174,0.401875
8466,0.888075,-0.795621,0.394543
8467,0.889777,-0.777056,0.43346
8468,0.893743,-0.781245,0.434088
8469,0.88747,-0.766414,0.447451
8470,0.895006,-0.75014,0.488186
8471,0.895006,-0.75014,0.488186
8472,0.881738,-0.729571,0.495164
8473,0.879939,-0.670155,0.57025
8474,0.884549,-0.688704,0.55508
8475,0.891193,-0.651605,0.607976
8476,0.891193,-0.651605,0.607976
8477,0.891193,-0.651605,0.607976
8478,0.887544,-0.662999,0.590058
8479,0.893514,-0.676316,0.583921
8480,0.893514,-0.676316,0.583921
8481,0.892209,-0.685309,0.571305
8482,0.884001,-0.687424,0.555794
8483,0.884001,-0.687424,0.555794
8484,0.896033,-0.687014,0.575228
8485,0.894545,-0.69175,0.56718
8486,0.889334,-0.695256,0.554558
8487,0.885544,-0.707676,0.532338
8488,0.881698,-0.717283,0.512735
8489,0.886344,-0.716011,0.522431
8490,0.883159,-0.724815,0.504591
8491,0.883414,-0.727034,0.501839
8492,0.888139,-0.715726,0.525857
8493,0.888139,-0.715726,0.525857
8494,0.883567,-0.719539,0.512791
8495,0.89168,-0.704406,0.546723
8496,0.88763,-0.684851,0.564682
8497,0.88763,-0.684851,0.564682
8498,0.88763,-0.684851,0.564682
8499,0.891927,-0.709916,0.539956
8500,0.891927,-0.709916,0.539956
8501,0.891257,-0.756114,0.471838
8502,0.891257,-0.756114,0.471838
8503,0.891257,-0.756114,0.471838
8504,0.892162,-0.775245,0.441529
8505,0.888745,-0.767513,0.448097
8506,0.891311,-0.772069,0.44536
8507,0.887648,-0.759216,0.459902
8508,0.880403,-0.740053,0.476897
8509,0.880845,-0.728675,0.494895
8510,0.883848,-0.738703,0.485289
8511,0.886683,-0.717067,0.521556
8512,0.892899,-0.722278,0.524961
8513,0.889494,-0.723841,0.516966
8514,0.889925,-0.701523,0.54757
8515,0.887212,-0.689113,0.55881
8516,0.887212,-0.689113,0.55881
8517,0.887212,-0.689113,0.55881
8518,0.891465,-0.665834,0.592769
8519,0.886794,-0.684065,0.564321
8520,0.883948,-0.67493,0.570819
8521,0.883948,-0.67493,0.570819
8522,0.882256,-0.703905,0.531878
8523,0.882682,-0.717181,0.514566
8524,0.881652,-0.694359,0.543301
8525,0.886338,-0.728026,0.505543
8526,0.886338,-0.728026,0.505543
8527,0.889338,-0.74095,0.491849
8528,0.889338,-0.74095,0.491849
8529,0.88595,-0.729484,0.502754
8530,0.88595,-0.729484,0.502754
8531,0.872793,-0.706248,0.512818
8532,0.872793,-0.706248,0.512818
8533,0.889037,-0.700826,0.547019
8534,0.888591,-0.729322,0.507625
8535,0.886829,-0.716344,0.522798
8536,0.889908,-0.710024,0.536473
8537,0.887596,-0.723146,0.514671
8538,0.887801,-0.705314,0.539188
8539,0.87635,-0.709711,0.5141
8540,0.876975,-0.743919,0.464404
8541,0.874875,-0.740215,0.466356
8542,0.872193,-0.749284,0.446424
8543,0.883275,-0.776841,0.420347
8544,0.890756,-0.773968,0.440931
8545,0.885839,-0.758134,0.458196
8546,0.887618,-0.75795,0.461927
8547,0.87896,-0.750058,0.45824
8548,0.883197,-0.717759,0.514645
8549,0.882544,-0.745493,0.472361
8550,0.880614,-0.731827,0.489805
8551,0.880587,-0.749487,0.462279
8552,0.884881,-0.750352,0.469026
8553,0.888138,-0.774177,0.435245
8554,0.893084,-0.77233,0.448447
8555,0.893084,-0.77233,0.448447
8556,0.889484,-0.791725,0.405405
8557,0.887267,-0.784304,0.414861
8558,0.884007,-0.796203,0.384096
8559,0.887353,-0.796168,0.391807
8560,0.887353,-0.796168,0.391807
8561,0.897408,-0.802116,0.40243
8562,0.897521,-0.811787,0.382811
8563,0.88708,-0.811972,0.357227
8564,0.881029,-0.793491,0.382862
8565,0.88297,-0.807902,0.356271
8566,0.884892,-0.807164,0.362658
8567,0.884892,-0.807164,0.362658
8568,0.881414,-0.785948,0.39897
8569,0.882333,-0.786659,0.399599
8570,0.882333,-0.786659,0.399599
8571,0.882333,-0.786659,0.399599
8572,0.886146,-0.771525,0.435895
8573,0.882914,-0.775702,0.421691
8574,0.884794,-0.780678,0.416416
8575,0.895166,-0.77095,0.454927
8576,0.884105,-0.781905,0.412634
8577,0.881957,-0.787399,0.397305
8578,0.881957,-0.787399,0.397305
8579,0.88236,-0.789218,0.394581
8580,0.883983,-0.789421,0.397795
8581,0.883983,-0.789421,0.397795
8582,0.892461,-0.827917,0.333226
8583,0.893947,-0.82749,0.338234
8584,0.891836,-0.833639,0.316887
8585,0.889454,-0.852638,0.253255
8586,0.892795,-0.847988,0.279285
8587,0.895563,-0.846214,0.29318
8588,0.893438,-0.836674,0.313384
8589,0.893438,-0.836674,0.313384
8590,0.893438,-0.836674,0.313384
8591,0.886786,-0.832187,0.306355
8592,0.889183,-0.84511,0.276471
8593,0.889183,-0.84511,0.276471
8594,0.88582,-0.831727,0.304806
8595,0.888739,-0.850571,0.257655
8596,0.885399,-0.842522,0.272191
8597,0.886974,-0.843949,0.272899
8598,0.880512,-0.836742,0.27416
8599,0.880512,-0.836742,0.27416
8600,0.882901,-0.855199,0.21943
8601,0.885281,-0.852279,0.239466
8602,0.885281,-0.852279,0.239466
8603,0.885478,-0.867666,0.176711
8604,0.890315,-0.879384,0.139088
8605,0.888964,-0.87703,0.145175
8606,0.887853,-0.8807,0.112471
8607,0.87853,-0.87658,0.0585084
8608,0.87853,-0.87658,0.0585084
8609,0.89165,-0.890846,0.0378489
8610,0.88883,-0.88749,0.0487829
8611,0.88988,-0.885965,0.0833775
8612,0.888356,-0.882536,0.101515
8613,0.882748,-0.874815,0.118081
8614,0.893346,-0.89106,0.0638626
8615,0.887481,-0.8873,-0.0179185
8616,0.890064,-0.889629,0.0278292
8617,0.890064,-0.889629,0.0278292
8618,0.890064,-0.889629,0.0278292
8619,0.886027,-0.883475,0.0671937
8620,0.88792,-0.876393,0.142609
8621,0.891612,-0.881275,0.135376
8622,0.891612,-0.881275,0.135376
8623,0.889592,-0.879012,0.136789
8624,0.88544,-0.87156,0.156163
8625,0.890965,-0.875394,0.165845
8626,0.890965,-0.875394,0.165845
8627,0.890427,-0.887971,0.0660903
8628,0.885633,-0.87816,0.11481
8629,0.879858,-0.873337,0.106922
8630,0.879858,-0.873337,0.106922
8631,0.887334,-0.883634,0.0809505
8632,0.881106,-0.878444,0.0684446
8633,0.888116,-0.887,0.0445039
8634,0.889208,-0.885676,0.0791729
8635,0.889208,-0.885676,0.0791729
8636,0.88618,-0.885344,0.0384927
8637,0.878155,-0.878135,-0.00590709
8638,0.88422,-0.884135,0.0122481
8639,0.894497,-0.89449,-0.00356685
8640,0.891244,-0.890644,0.0327169
8641,0.892067,-0.891663,0.0268681
8642,0.892067,-0.891663,0.0268681
8643,0.884519,-0.883109,0.0499368
8644,0.881579,-0.879911,0.0542055
8645,0.87767,-0.874669,0.072526
8646,0.888275,-0.886899,0.049428
8647,0.882925,-0.882924,-0.00158333
8648,0.886358,-0.886346,0.00446856
8649,0.888436,-0.886786,0.0541111
8650,0.888436,-0.886786,0.0541111
8651,0.888436,-0.886786,0.0541111
8652,0.890777,-0.887965,0.0707238
8653,0.883455,-0.877764,0.100116
8654,0.885408,-0.878839,0.107653
8655,0.890151,-0.885129,0.0944268
8656,0.88652,-0.879115,0.114342
8657,0.88652,-0.879115,0.114342
8658,0.881752,-0.872237,0.129183
8659,0.884895,-0.876021,0.125005
8660,0.88319,-0.862985,0.187834
8661,0.88319,-0.862985,0.187834
8662,0.88319,-0.862985,0.187834
8663,0.890455,-0.879624,0.138466
8664,0.890429,-0.882517,0.118431
8665,0.881639,-0.871296,0.134651
8666,0.882697,-0.874006,0.123561
8667,0.883926,-0.871199,0.149461
8668,0.889259,-0.880375,0.125388
8669,0.889259,-0.880375,0.125388
8670,0.889259,-0.880375,0.125388
8671,0.889611,-0.884014,0.099635
8672,0.885491,-0.880515,0.0937394
8673,0.895305,-0.893373,0.0587862
8674,0.89582,-0.894575,0.0472174
8675,0.886002,-0.884439,0.0526121
8676,0.891672,-0.890399,0.0476404
8677,0.885516,-0.88195,0.0793935
8678,0.883334,-0.873228,0.133241
8679,0.88103,-0.86343,0.17522
8680,0.886547,-0.867298,0.183741
8681,0.889989,-0.864835,0.210099
8682,0.888709,-0.867328,0.193771
8683,0.89156,-0.857161,0.245261
8684,0.882394,-0.845773,0.251571
8685,0.882394,-0.845773,0.251571
8686,0.882354,-0.849991,0.236776
8687,0.882354,-0.849991,0.236776
8688,0.890009,-0.857144,0.239625
8689,0.893534,-0.871636,0.196604
8690,0.892048,-0.869707,0.19839
8691,0.888607,-0.877181,0.142041
8692,0.885035,-0.869884,0.163061
8693,0.890637,-0.85252,0.257767
8694,0.890667,-0.857151,0.242031
8695,0.875927,-0.844634,0.23204
8696,0.888092,-0.86684,0.193123
8697,0.888768,-0.862515,0.214421
8698,0.888768,-0.862515,0.214421
8699,0.889173,-0.859108,0.229266
8700,0.892974,-0.838664,0.306667
8701,0.886047,-0.840554,0.280266
8702,0.881871,-0.848723,0.239515
8703,0.885065,-0.860335,0.207759
8704,0.885065,-0.860335,0.207759
8705,0.886288,-0.859117,0.21777
8706,0.886288,-0.859117,0.21777
8707,0.881602,-0.860255,0.192831
8708,0.878618,-0.851891,0.215061
8709,0.885893,-0.844004,0.269191
8710,0.88808,-0.857815,0.229869
8711,0.884034,-0.83346,0.294722
8712,0.883861,-0.835294,0.288955
8713,0.883861,-0.835294,0.288955
8714,0.891634,-0.82124,0.347241
8715,0.893322,-0.792162,0.412919
8716,0.893322,-0.792162,0.412919
8717,0.893157,-0.804695,0.387551
8718,0.892736,-0.786096,0.423119
8719,0.886665,-0.734716,0.496354
8720,0.881836,-0.737112,0.484045
8721,0.887986,-0.737927,0.493946
8722,0.891935,-0.753132,0.477849
8723,0.891935,-0.753132,0.477849
8724,0.886148,-0.751534,0.469526
8725,0.885171,-0.726875,0.505154
8726,0.869321,-0.696535,0.520153
8727,0.892566,-0.710341,0.540454
8728,0.892566,-0.710341,0.540454
8729,0.884599,-0.701489,0.538915
8730,0.892963,-0.700549,0.553728
8731,0.888328,-0.705274,0.540107
8732,0.880266,-0.684904,0.55297
8733,0.880266,-0.684904,0.55297
8734,0.880266,-0.684904,0.55297
8735,0.877877,-0.693477,0.538291
8736,0.888541,-0.704599,0.541336
8737,0.881787,-0.720832,0.507886
8738,0.881948,-0.73446,0.488262
8739,0.881948,-0.73446,0.488262
8740,0.881948,-0.73446,0.488262
8741,0.881948,-0.73446,0.488262
8742,0.882249,-0.714429,0.517644
8743,0.88899,-0.715144,0.528084
8744,0.886424,-0.745855,0.479007
8745,0.886424,-0.745855,0.479007
8746,0.886424,-0.745855,0.479007
8747,0.886424,-0.745855,0.479007
8748,0.886424,-0.745855,0.479007
8749,0.88594,-0.762,0.451935
8750,0.88594,-0.762,0.451935
8751,0.892525,-0.732469,0.50999
8752,0.888606,-0.741289,0.490013
8753,0.888606,-0.741289,0.490013
8754,0.887435,-0.733026,0.500212
8755,0.887435,-0.733026,0.500212
8756,0.891656,-0.758719,0.468398
8757,0.896769,-0.752924,0.487135
8758,0.882272,-0.705195,0.530192
8759,0.888904,-0.663667,0.591351
8760,0.87613,-0.660846,0.575228
8761,0.8893,-0.677541,0.576014
8762,0.8893,-0.677541,0.576014
8763,0.888038,-0.638776,0.616909
8764,0.889368,-0.628788,0.628969
8765,0.885714,-0.614428,0.63794
8766,0.888491,-0.611255,0.644813
8767,0.888013,-0.588311,0.665175
8768,0.88289,-0.55438,0.687137
8769,0.885422,-0.567875,0.67933
8770,0.887526,-0.562446,0.686554
8771,0.881144,-0.536145,0.699259
8772,0.881144,-0.536145,0.699259
8773,0.881144,-0.536145,0.699259
8774,0.88535,-0.545412,0.697403
8775,0.882892,-0.520226,0.713346
8776,0.882892,-0.520226,0.713346
8777,0.882892,-0.520226,0.713346
8778,0.891539,-0.491318,0.743941
8779,0.891539,-0.491318,0.743941
8780,0.891539,-0.491318,0.743941
8781,0.886573,-0.402311,0.790036
8782,0.88638,-0.441046,0.768861
8783,0.88638,-0.441046,0.768861
8784,0.890407,-0.433346,0.77784
8785,0.890407,-0.433346,0.77784
8786,0.888177,-0.452406,0.764321
8787,0.884767,-0.4278,0.774467
8788,0.89828,-0.40046,0.804076
8789,0.888625,-0.404907,0.791015
8790,0.884665,-0.32834,0.821477
8791,0.884665,-0.32834,0.821477
8792,0.884665,-0.32834,0.821477
8793,0.884665,-0.32834,0.821477
8794,0.88801,-0.266815,0.846978
8795,0.883286,-0.276639,0.838847
8796,0.887387,-0.299563,0.835295
8797,0.889459,-0.256815,0.851577
8798,0.881988,-0.250248,0.845741
8799,0.882241,-0.272096,0.839234
8800,0.882297,-0.224024,0.853383
8801,0.885231,-0.173698,0.868023
8802,0.885231,-0.173698,0.868023
8803,0.885231,-0.173698,0.868023
8804,0.882434,-0.206311,0.857977
8805,0.890972,-0.193617,0.86968
8806,0.887797,-0.215526,0.861239
8807,0.887797,-0.215526,0.861239
8808,0.883391,-0.18263,0.864306
8809,0.882142,-0.171389,0.865332
8810,0.882142,-0.171389,0.865332
8811,0.897083,-0.174992,0.87985
8812,0.893263,-0.132125,0.883437
8813,0.885514,-0.123772,0.876821
8814,0.885872,-0.110635,0.878936
8815,0.88206,-0.105785,0.875694
8816,0.88206,-0.105785,0.875694
8817,0.882258,-0.168467,0.866024
8818,0.885675,-0.150257,0.872836
8819,0.885675,-0.150257,0.872836
8820,0.88174,-0.18997,0.861032
8821,0.88174,-0.18997,0.861032
8822,0.88393,-0.203039,0.860295
8823,0.88393,-0.203039,0.860295
8824,0.882649,-0.22266,0.854102
8825,0.882649,-0.22266,0.854102
8826,0.883276,-0.253594,0.846089
8827,0.886395,-0.236756,0.854191
8828,0.890312,-0.260126,0.851464
8829,0.8884,-0.268576,0.84683
8830,0.8884,-0.268576,0.84683
8831,0.881477,-0.27035,0.838995
8832,0.881477,-0.27035,0.838995
8833,0.881477,-0.27035,0.838995
8834,0.889137,-0.270404,0.847023
8835,0.889137,-0.270404,0.847023
8836,0.88976,-0.292753,0.84022
8837,0.892628,-0.302466,0.839821
8838,0.884361,-0.309472,0.828445
8839,0.892122,-0.361254,0.815706
8840,0.885872,-0.324653,0.824239
8841,0.885872,-0.324653,0.824239
8842,0.887281,-0.32233,0.826662
8843,0.885785,-0.332612,0.820965
8844,0.88442,-0.291131,0.83513
8845,0.877458,-0.286174,0.82948
8846,0.889652,-0.305463,0.835568
8847,0.887021,-0.298016,0.83546
8848,0.884027,-0.302336,0.83072
8849,0.885267,-0.318826,0.825861
8850,0.886739,-0.318937,0.827396
8851,0.879733,-0.336722,0.812741
8852,0.881357,-0.2987,0.829198
8853,0.881492,-0.32461,0.819546
8854,0.887022,-0.311514,0.830523
8855,0.889304,-0.28962,0.840823
8856,0.889304,-0.28962,0.840823
8857,0.889304,-0.28962,0.840823
8858,0.889304,-0.28962,0.840823
8859,0.892666,-0.257541,0.854707
8860,0.891147,-0.28282,0.845078
8861,0.884448,-0.268001,0.842866
8862,0.887237,-0.304469,0.83336
8863,0.890405,-0.334105,0.825345
8864,0.893197,-0.303032,0.840221
8865,0.889739,-0.353394,0.816546
8866,0.889739,-0.353394,0.816546
8867,0.887659,-0.303461,0.834176
8868,0.891501,-0.259979,0.852751
8869,0.881551,-0.259939,0.842356
8870,0.887946,-0.204363,0.864109
8871,0.895764,-0.175011,0.878501
8872,0.884968,-0.184083,0.865611
8873,0.884968,-0.184083,0.865611
8874,0.891282,-0.158185,0.877132
8875,0.891282,-0.158185,0.877132
8876,0.891282,-0.158185,0.877132
8877,0.878885,-0.132361,0.868861
8878,0.878885,-0.132361,0.868861
8879,0.878885,-0.132361,0.868861
8880,0.880122,-0.148306,0.867536
8881,0.887541,-0.132956,0.877526
8882,0.88185,-0.110069,0.874954
8883,0.88185,-0.110069,0.874954
8884,0.881042,-0.118167,0.873081
8885,0.881042,-0.118167,0.873081
8886,0.889111,-0.0371307,0.888335
8887,0.892008,-0.00644051,0.891985
8888,0.887744,-0.0430589,0.886699
8889,0.886161,0.00212705,0.886159
8890,0.886432,-0.0160579,0.886286
8891,0.886432,-0.0160579,0.886286
8892,0.886432,-0.0160579,0.886286
8893,0.883595,-0.0215349,0.883332
8894,0.883595,-0.0215349,0.883332
8895,0.877108,-0.0578755,0.875196
8896,0.884723,-0.0475584,0.883444
8897,0.883744,-0.0201579,0.883514
8898,0.880043,0.00439366,0.880032
8899,0.884024,0.00613448,0.884003
8900,0.884277,-0.0495981,0.882885
8901,0.880907,0.0378903,0.880091
8902,0.880907,0.0378903,0.880091
8903,0.880143,0.000171631,0.880143
8904,0.890264,-0.00280964,0.89026
8905,0.891297,0.00320533,0.891291
8906,0.890338,0.0112663,0.890266
8907,0.889675,-0.0485176,0.888351
8908,0.885889,-0.0836568,0.88193
8909,0.894614,-0.0944756,0.889611
8910,0.891412,-0.044207,0.890315
8911,0.884539,-0.0770077,0.88118
8912,0.890269,-0.0652816,0.887872
8913,0.886762,-0.0581785,0.884851
8914,0.886762,-0.0581785,0.884851
8915,0.888601,-0.0903604,0.883995
8916,0.885429,-0.0834214,0.88149
8917,0.887461,-0.103072,0.881455
8918,0.887461,-0.103072,0.881455
8919,0.894509,-0.0980044,0.889124
8920,0.894509,-0.0980044,0.889124
8921,0.894562,-0.154979,0.881035
8922,0.888672,-0.146564,0.876502
8923,0.888672,-0.146564,0.876502
8924,0.891755,-0.121006,0.883508
8925,0.893742,-0.11632,0.88614
8926,0.893742,-0.11632,0.88614
8927,0.893742,-0.11632,0.88614
8928,0.890504,-0.0570331,0.888676
8929,0.890504,-0.0570331,0.888676
8930,0.887215,-0.0597932,0.885197
8931,0.88464,-0.0949459,0.87953
8932,0.88464,-0.0949459,0.87953
8933,0.88464,-0.0949459,0.87953
8934,0.891909,-0.107068,0.885459
8935,0.896978,-0.0806681,0.893344
8936,0.891575,-0.092273,0.886787
8937,0.881538,-0.0412483,0.880572
8938,0.881538,-0.0412483,0.880572
8939,0.881265,0.00463112,0.881252
8940,0.890273,0.015739,0.890134
8941,0.884352,-0.0406236,0.883419
8942,0.884352,-0.0406236,0.883419
8943,0.888183,-0.0690947,0.885491
8944,0.891293,-0.0988111,0.885799
8945,0.89125,-0.106338,0.884884
8946,0.89125,-0.106338,0.884884
8947,0.89125,-0.106338,0.884884
8948,0.895507,-0.095464,0.890404
8949,0.895507,-0.095464,0.890404
8950,0.894302,-0.0791186,0.890795
8951,0.894302,-0.0791186,0.890795
8952,0.884456,-0.0442219,0.88335
8953,0.89039,-0.0573071,0.888544
8954,0.89039,-0.0573071,0.888544
8955,0.89039,-0.0573071,0.888544
8956,0.89039,-0.0573071,0.888544
8957,0.887354,-0.0360964,0.88662
8958,0.884727,-0.0171647,0.88456
8959,0.894894,-0.0275052,0.894471
8960,0.878723,-0.0554803,0.87697
8961,0.874816,-0.0454124,0.873636
8962,0.874816,-0.0454124,0.873636
8963,0.874816,-0.0454124,0.873636
8964,0.884729,-0.0520103,0.883199
8965,0.884729,-0.0520103,0.883199
8966,0.887438,-0.0550293,0.88573
8967,0.888996,-0.0826873,0.885143
8968,0.892323,-0.0606426,0.89026
8969,0.889346,-0.079283,0.885805
8970,0.889671,-0.140222,0.878551
8971,0.889671,-0.140222,0.878551
8972,0.888979,-0.189881,0.868464
8973,0.895226,-0.128154,0.886006
8974,0.895373,-0.131746,0.885628
8975,0.895373,-0.131746,0.885628
8976,0.895701,-0.118125,0.887877
8977,0.885768,-0.0769085,0.882422
8978,0.887041,-0.0876737,0.882698
8979,0.885267,-0.0905536,0.880624
8980,0.885745,-0.0854886,0.88161
8981,0.887283,0.00483645,0.88727
8982,0.877281,0.0498885,0.875861
8983,0.896076,0.0658549,0.893652
8984,0.885224,0.0979571,0.879787
8985,0.88443,0.0368321,0.883663
8986,0.886178,0.0560756,0.884402
8987,0.886178,0.0560756,0.884402
8988,0.886178,0.0560756,0.884402
8989,0.890838,0.0522413,0.889305
8990,0.887038,0.0687015,0.884374
8991,0.890472,0.079362,0.886929
8992,0.893525,0.0748126,0.890387
8993,0.887234,0.101115,0.881454
8994,0.885827,0.113831,0.878483
8995,0.89149,0.196465,0.869572
8996,0.89697,0.173341,0.880061
8997,0.888331,0.120027,0.880185
8998,0.888331,0.120027,0.880185
8999,0.887415,0.180395,0.868886
9000,0.880457,0.23163,0.849442
9001,0.880457,0.23163,0.849442
9002,0.886393,0.185129,0.866845
9003,0.892382,0.218433,0.865236
9004,0.894951,0.264175,0.855073
9005,0.894951,0.264175,0.855073
9006,0.891867,0.30663,0.837499
9007,0.882534,0.363233,0.804319
9008,0.878288,0.362818,0.799846
9009,0.887462,0.421741,0.780848
9010,0.88126,0.393651,0.788453
9011,0.875729,0.396584,0.780784
9012,0.881478,0.440295,0.763639
9013,0.886646,0.455656,0.760604
9014,0.880309,0.502776,0.722606
9015,0.883401,0.51575,0.717216
9016,0.886255,0.53316,0.707946
9017,0.880796,0.519785,0.711074
9018,0.882245,0.539501,0.698065
9019,0.882881,0.583242,0.662802
9020,0.886356,0.574585,0.674893
9021,0.8822,0.542429,0.695735
9022,0.8822,0.542429,0.695735
9023,0.890998,0.562865,0.690695
9024,0.890998,0.562865,0.690695
9025,0.888886,0.525845,0.716662
9026,0.892424,0.526007,0.720928
9027,0.881851,0.507885,0.720912
9028,0.888504,0.548995,0.698601
9029,0.88764,0.545388,0.700326
9030,0.888327,0.502153,0.732781
9031,0.885978,0.464255,0.754602
9032,0.885978,0.464255,0.754602
9033,0.884931,0.464009,0.753524
9034,0.886823,0.468656,0.752872
9035,0.889924,0.532403,0.7131
9036,0.88925,0.525094,0.717664
9037,0.88925,0.525094,0.717664
9038,0.883205,0.519033,0.714603
9039,0.883205,0.519033,0.714603
9040,0.883205,0.519033,0.714603
9041,0.883205,0.519033,0.714603
9042,0.886694,0.456509,0.760149
9043,0.886694,0.456509,0.760149
9044,0.886694,0.456509,0.760149
9045,0.886694,0.456509,0.760149
9046,0.874438,0.46417,0.741073
9047,0.887498,0.43921,0.771199
9048,0.887229,0.469154,0.75304
9049,0.874633,0.499334,0.718086
9050,0.88752,0.498989,0.733964
9051,0.884045,0.45796,0.75618
9052,0.891342,0.494271,0.741745
9053,0.890257,0.532971,0.713091
9054,0.890257,0.532971,0.713091
9055,0.890257,0.532971,0.713091
9056,0.888255,0.571451,0.68003
9057,0.881199,0.577736,0.665381
9058,0.879644,0.602671,0.64075
9059,0.882446,0.603585,0.643736
9060,0.882446,0.603585,0.643736
9061,0.887128,0.598194,0.655104
9062,0.883893,0.560126,0.683759
9063,0.883893,0.560126,0.683759
9064,0.883893,0.560126,0.683759
9065,0.882461,0.556778,0.684644
9066,0.882461,0.556778,0.684644
9067,0.881432,0.565835,0.675835
9068,0.881575,0.599659,0.646208
9069,0.884257,0.571539,0.674725
9070,0.884257,0.571539,0.674725
9071,0.880148,0.564554,0.675233
9072,0.880148,0.564554,0.675233
9073,0.877288,0.550204,0.683309
9074,0.883884,0.535678,0.703065
9075,0.886892,0.55608,0.690908
9076,0.881691,0.520239,0.71185
9077,0.873834,0.482165,0.728768
9078,0.873834,0.482165,0.728768
9079,0.878778,0.402191,0.78134
9080,0.881576,0.411998,0.779381
9081,0.881576,0.411998,0.779381
9082,0.881576,0.411998,0.779381
9083,0.881576,0.411998,0.779381
9084,0.878214,0.397919,0.782892
9085,0.878214,0.397919,0.782892
9086,0.885179,0.43755,0.769475
9087,0.889904,0.449536,0.768015
9088,0.891113,0.433091,0.77879
9089,0.891113,0.433091,0.77879
9090,0.88324,0.414668,0.779849
9091,0.88324,0.414668,0.779849
9092,0.885618,0.396122,0.79209
9093,0.891346,0.436032,0.777415
9094,0.883909,0.383066,0.79659
9095,0.887536,0.392265,0.796146
9096,0.888179,0.37473,0.805257
9097,0.888179,0.37473,0.805257
9098,0.888179,0.37473,0.805257
9099,0.889388,0.417598,0.785254
9100,0.88742,0.431847,0.775256
9101,0.885944,0.419885,0.780124
9102,0.886815,0.443271,0.768083
9103,0.886815,0.443271,0.768083
9104,0.886815,0.443271,0.768083
9105,0.887186,0.437661,0.77172
9106,0.887186,0.437661,0.77172
9107,0.881219,0.466125,0.747846
9108,0.881219,0.466125,0.747846
9109,0.881757,0.52323,0.709736
9110,0.89025,0.562957,0.689655
9111,0.890559,0.596981,0.660839
9112,0.88865,0.567571,0.683785
9113,0.88865,0.567571,0.683785
9114,0.888324,0.562274,0.687726
9115,0.883254,0.558919,0.683921
9116,0.879921,0.515663,0.712989
9117,0.886717,0.50222,0.730781
9118,0.885982,0.548555,0.695738
9119,0.874049,0.518591,0.70358
9120,0.88393,0.520206,0.714645
9121,0.88393,0.520206,0.714645
9122,0.88393,0.520206,0.714645
9123,0.887717,0.50776,0.728163
9124,0.887717,0.50776,0.728163
9125,0.88076,0.480761,0.737975
9126,0.885942,0.46732,0.752665
9127,0.879238,0.421655,0.771535
9128,0.884086,0.428815,0.773127
9129,0.884086,0.428815,0.773127
9130,0.884086,0.428815,0.773127
9131,0.875283,0.450625,0.750371
9132,0.875283,0.450625,0.750371
9133,0.875283,0.450625,0.750371
9134,0.878362,0.453792,0.752059
9135,0.878362,0.453792,0.752059
9136,0.878362,0.453792,0.752059
9137,0.878362,0.453792,0.752059
9138,0.879218,0.379946,0.792884
9139,0.879218,0.379946,0.792884
9140,0.879218,0.379946,0.792884
9141,0.878496,0.364216,0.799439
9142,0.876123,0.358991,0.799198
9143,0.876123,0.358991,0.799198
9144,0.876123,0.358991,0.799198
9145,0.885257,0.338232,0.818095
9146,0.885257,0.338232,0.818095
9147,0.884773,0.317783,0.825735
9148,0.884773,0.317783,0.825735
9149,0.878017,0.370818,0.79587
9150,0.872865,0.409746,0.770715
9151,0.871791,0.384107,0.782611
9152,0.882077,0.431737,0.769196
9153,0.882625,0.477929,0.742031
9154,0.87602,0.474895,0.736129
9155,0.883649,0.485674,0.738211
9156,0.883649,0.485674,0.738211
9157,0.883649,0.485674,0.738211
9158,0.877031,0.528547,0.699873
9159,0.887341,0.518375,0.720181
9160,0.887341,0.518375,0.720181
9161,0.881316,0.522606,0.709649
9162,0.886296,0.530466,0.710019
9163,0.881782,0.521502,0.711037
9164,0.887972,0.53405,0.709426
9165,0.883373,0.53988,0.699198
9166,0.883373,0.53988,0.699198
9167,0.884357,0.508598,0.723475
9168,0.884357,0.508598,0.723475
9169,0.88418,0.501195,0.728407
9170,0.884384,0.511909,0.721169
9171,0.885393,0.53703,0.703931
9172,0.890236,0.551026,0.699206
9173,0.887407,0.55076,0.695812
9174,0.886691,0.527839,0.712465
9175,0.883598,0.477228,0.743639
9176,0.883598,0.477228,0.743639
9177,0.883172,0.482734,0.739568
9178,0.883172,0.482734,0.739568
9179,0.880796,0.500071,0.725073
9180,0.877383,0.485381,0.730894
9181,0.883736,0.494279,0.732583
9182,0.892758,0.467616,0.760495
9183,0.892758,0.467616,0.760495
9184,0.892758,0.467616,0.760495
9185,0.892758,0.467616,0.760495
9186,0.883672,0.455659,0.757134
9187,0.883672,0.455659,0.757134
9188,0.886458,0.504639,0.728799
9189,0.886458,0.504639,0.728799
9190,0.890641,0.489519,0.744051
9191,0.890641,0.489519,0.744051
9192,0.882576,0.518054,0.714535
9193,0.882576,0.518054,0.714535
9194,0.882576,0.518054,0.714535
9195,0.884303,0.516115,0.718065
9196,0.884303,0.516115,0.718065
9197,0.889095,0.558864,0.691492
9198,0.883524,0.602021,0.646672
9199,0.889174,0.607581,0.649211
9200,0.889174,0.607581,0.649211
9201,0.88921,0.635047,0.622422
9202,0.893663,0.609818,0.653266
9203,0.889507,0.598731,0.657833
9204,0.889677,0.56675,0.685799
9205,0.889677,0.56675,0.685799
9206,0.889677,0.56675,0.685799
9207,0.876805,0.555917,0.678044
9208,0.876805,0.555917,0.678044
9209,0.885075,0.561844,0.683879
9210,0.893386,0.582392,0.677464
9211,0.884303,0.524599,0.71189
9212,0.889408,0.477856,0.750134
9213,0.889408,0.477856,0.750134
9214,0.883824,0.515929,0.717609
9215,0.886597,0.536001,0.706228
9216,0.882851,0.533761,0.703225
9217,0.882851,0.533761,0.703225
9218,0.885602,0.535506,0.705354
9219,0.880615,0.545913,0.690986
9220,0.880664,0.554639,0.684065
9221,0.880664,0.554639,0.684065
9222,0.88513,0.56756,0.679214
9223,0.882184,0.558756,0.682671
9224,0.891121,0.556839,0.695721
9225,0.887589,0.535985,0.707485
9226,0.882458,0.56664,0.676499
9227,0.880955,0.601075,0.644042
9228,0.879894,0.605381,0.638535
9229,0.887612,0.591298,0.661984
9230,0.890192,0.586564,0.669615
9231,0.874159,0.60961,0.626522
9232,0.878584,0.575093,0.664212
9233,0.878584,0.575093,0.664212
9234,0.877225,0.545247,0.687189
9235,0.890118,0.525081,0.718749
9236,0.88917,0.551009,0.697863
9237,0.88917,0.551009,0.697863
9238,0.875708,0.562059,0.671531
9239,0.882771,0.5495,0.690894
9240,0.891533,0.535026,0.713146
9241,0.891533,0.535026,0.713146
9242,0.886761,0.566338,0.682354
9243,0.888635,0.539969,0.705766
9244,0.882269,0.567778,0.675297
9245,0.882269,0.567778,0.675297
9246,0.885922,0.575788,0.673295
9247,0.884662,0.580475,0.66759
9248,0.888311,0.58074,0.672189
9249,0.892336,0.583959,0.674726
9250,0.885639,0.574134,0.674335
9251,0.887955,0.580654,0.671793
9252,0.885,0.596459,0.653806
9253,0.881423,0.623789,0.622731
9254,0.887646,0.63259,0.622692
9255,0.889874,0.668893,0.586906
9256,0.889874,0.668893,0.586906
9257,0.888194,0.664174,0.589714
9258,0.888194,0.664174,0.589714
9259,0.888194,0.664174,0.589714
9260,0.883609,0.65223,0.596121
9261,0.883079,0.651465,0.596172
9262,0.886655,0.683039,0.565345
9263,0.891411,0.682006,0.574004
9264,0.891411,0.682006,0.574004
9265,0.887453,0.715229,0.525376
9266,0.881827,0.722781,0.505179
9267,0.89371,0.723148,0.525144
9268,0.890155,0.744054,0.48863
9269,0.884345,0.762617,0.44775
9270,0.884345,0.762617,0.44775
9271,0.893187,0.756431,0.474967
9272,0.888729,0.762918,0.455848
9273,0.888729,0.762918,0.455848
9274,0.888729,0.762918,0.455848
9275,0.879993,0.757757,0.447427
9276,0.88972,0.748681,0.480705
9277,0.880027,0.729989,0.491491
9278,0.892729,0.807326,0.381037
9279,0.88352,0.80053,0.373844
9280,0.897658,0.814246,0.37788
9281,0.898557,0.818791,0.370115
9282,0.89332,0.818606,0.357637
9283,0.883741,0.813769,0.344643
9284,0.894249,0.827701,0.338514
9285,0.884324,0.816832,0.338842
9286,0.884324,0.816832,0.338842
9287,0.885364,0.807183,0.363766
9288,0.885472,0.801664,0.376028
9289,0.889584,0.765174,0.453728
9290,0.889584,0.765174,0.453728
9291,0.881663,0.772054,0.42575
9292,0.883774,0.767733,0.437771
9293,0.880732,0.77618,0.416214
9294,0.880732,0.77618,0.416214
9295,0.875944,0.778992,0.400561
9296,0.879464,0.775828,0.414185
9297,0.879464,0.775828,0.414185
9298,0.883598,0.764521,0.443004
9299,0.892112,0.746739,0.488104
9300,0.87751,0.737634,0.475311
9301,0.87751,0.737634,0.475311
9302,0.88401,0.752073,0.464609
9303,0.888643,0.733849,0.501151
9304,0.884925,0.772868,0.431007
9305,0.884925,0.772868,0.431007
9306,0.886655,0.759006,0.45833
9307,0.891878,0.735855,0.503949
9308,0.889316,0.739308,0.494275
9309,0.885799,0.720777,0.514898
9310,0.885799,0.720777,0.514898
9311,0.888656,0.70894,0.53583
9312,0.888656,0.70894,0.53583
9313,0.882789,0.725422,0.503069
9314,0.87938,0.745158,0.466958
9315,0.888788,0.748811,0.478775
9316,0.888788,0.748811,0.478775
9317,0.889621,0.741631,0.491334
9318,0.889621,0.741631,0.491334
9319,0.888973,0.738701,0.494564
9320,0.884362,0.760261,0.451774
9321,0.884362,0.760261,0.451774
9322,0.892215,0.73965,0.498965
9323,0.888805,0.765162,0.452217
9324,0.879159,0.762973,0.436799
9325,0.886294,0.810242,0.359199
9326,0.890064,0.809118,0.370868
9327,0.884651,0.824121,0.321607
9328,0.884651,0.824121,0.321607
9329,0.884651,0.824121,0.321607
9330,0.887584,0.830429,0.313358
9331,0.89059,0.838905,0.298981
9332,0.891212,0.829894,0.324861
9333,0.891212,0.829894,0.324861
9334,0.880368,0.818009,0.325436
9335,0.882283,0.798142,0.376021
9336,0.891927,0.800675,0.393006
9337,0.893079,0.803286,0.390284
9338,0.889014,0.812037,0.361857
9339,0.885088,0.786343,0.406259
9340,0.884775,0.795276,0.387766
9341,0.881269,0.784024,0.40242
9342,0.881269,0.784024,0.40242
9343,0.886132,0.822614,0.329448
9344,0.886132,0.822614,0.329448
9345,0.882014,0.819351,0.326516
9346,0.884508,0.819735,0.332247
9347,0.87908,0.798103,0.36853
9348,0.87908,0.798103,0.36853
9349,0.87908,0.798103,0.36853
9350,0.882155,0.787726,0.397095
9351,0.888302,0.78107,0.423095
9352,0.887767,0.787412,0.410015
9353,0.889679,0.777532,0.432403
9354,0.889679,0.777532,0.432403
9355,0.889679,0.777532,0.432403
9356,0.889679,0.777532,0.432403
9357,0.874309,0.753042,0.444232
9358,0.88917,0.76772,0.448586
9359,0.88917,0.76772,0.448586
9360,0.882491,0.782916,0.407225
9361,0.889195,0.78327,0.420899
9362,0.88612,0.767819,0.442337
9363,0.885955,0.79622,0.388522
9364,0.888924,0.779121,0.427966
9365,0.889612,0.760704,0.461238
9366,0.890605,0.75765,0.468129
9367,0.890605,0.75765,0.468129
9368,0.892089,0.756092,0.473441
9369,0.8887,0.742332,0.4886
9370,0.886629,0.732921,0.498936
9371,0.889236,0.728261,0.510271
9372,0.882034,0.738879,0.481708
9373,0.882034,0.738879,0.481708
9374,0.882034,0.738879,0.481708
9375,0.882034,0.738879,0.481708
9376,0.882034,0.738879,0.481708
9377,0.886577,0.783964,0.414027
9378,0.883797,0.758619,0.453426
9379,0.882226,0.77964,0.412896
9380,0.874097,0.7669,0.419416
9381,0.874097,0.7669,0.419416
9382,0.889479,0.789551,0.409611
9383,0.889479,0.789551,0.409611
9384,0.889479,0.789551,0.409611
9385,0.885118,0.80683,0.363949
9386,0.885118,0.80683,0.363949
9387,0.885118,0.80683,0.363949
9388,0.885118,0.80683,0.363949
9389,0.888514,0.795517,0.395738
9390,0.881444,0.812335,0.342133
9391,0.891101,0.822871,0.34197
9392,0.885224,0.815214,0.345034
9393,0.88341,0.807546,0.358165
9394,0.88341,0.807546,0.358165
9395,0.888113,0.809764,0.36473
9396,0.881878,0.781704,0.408226
9397,0.88684,0.768901,0.4419
9398,0.894254,0.788705,0.421466
9399,0.880454,0.746751,0.466435
9400,0.874941,0.747669,0.454437
9401,0.870069,0.736591,0.463091
9402,0.870069,0.736591,0.463091
9403,0.876886,0.748067,0.45752
9404,0.881954,0.739285,0.480938
9405,0.881954,0.739285,0.480938
9406,0.885438,0.758203,0.457306
9407,0.885438,0.758203,0.457306
9408,0.888034,0.731023,0.504194
9409,0.888034,0.731023,0.504194
9410,0.888034,0.731023,0.504194
9411,0.892275,0.749095,0.48478
9412,0.869389,0.724738,0.4802
9413,0.869389,0.724738,0.4802
9414,0.883075,0.749206,0.467452
9415,0.882805,0.703758,0.532983
9416,0.890118,0.72866,0.511239
9417,0.890118,0.72866,0.511239
9418,0.882878,0.710066,0.524671
9419,0.882878,0.710066,0.524671
9420,0.884946,0.713128,0.524003
9421,0.880981,0.704781,0.528593
9422,0.88428,0.715326,0.519865
9423,0.877877,0.736681,0.477461
9424,0.886127,0.732939,0.498019
9425,0.885447,0.739208,0.487431
9426,0.885447,0.739208,0.487431
9427,0.893392,0.749396,0.486369
9428,0.883939,0.769842,0.434386
9429,0.891335,0.771221,0.446873
9430,0.891335,0.771221,0.446873
9431,0.893732,0.777746,0.440305
9432,0.887672,0.76122,0.456624
9433,0.887352,0.755768,0.464984
9434,0.887352,0.755768,0.464984
9435,0.887352,0.755768,0.464984
9436,0.889055,0.71584,0.527249
9437,0.885221,0.73736,0.489812
9438,0.893443,0.769205,0.454493
9439,0.885744,0.771125,0.435785
9440,0.88934,0.768056,0.448346
9441,0.887509,0.774271,0.433794
9442,0.891044,0.775984,0.43796
9443,0.886991,0.748842,0.475381
9444,0.891972,0.768737,0.45239
9445,0.889289,0.777196,0.432204
9446,0.889289,0.777196,0.432204
9447,0.889289,0.777196,0.432204
9448,0.894152,0.770537,0.45363
9449,0.878004,0.77709,0.408684
9450,0.878004,0.77709,0.408684
9451,0.894059,0.783189,0.431227
9452,0.891538,0.777039,0.437094
9453,0.894783,0.783253,0.43261
9454,0.881419,0.734741,0.486882
9455,0.893928,0.753851,0.480432
9456,0.889284,0.760725,0.460569
9457,0.888737,0.777601,0.430336
9458,0.888737,0.777601,0.430336
9459,0.884926,0.773304,0.430226
9460,0.891771,0.800994,0.392001
9461,0.89723,0.78555,0.433513
9462,0.890347,0.759299,0.464955
9463,0.891431,0.751061,0.480162
9464,0.891431,0.751061,0.480162
9465,0.900257,0.768621,0.468704
9466,0.894663,0.785344,0.428553
9467,0.896613,0.790964,0.422246
9468,0.896734,0.789985,0.42433
9469,0.896734,0.789985,0.42433
9470,0.896734,0.789985,0.42433
9471,0.894171,0.802299,0.39479
9472,0.894171,0.802299,0.39479
9473,0.892495,0.776235,0.440462
9474,0.893444,0.79192,0.413649
9475,0.895533,0.806972,0.388296
9476,0.895533,0.806972,0.388296
9477,0.895603,0.794358,0.413644
9478,0.894994,0.816526,0.366468
9479,0.889598,0.808284,0.371567
9480,0.889598,0.808284,0.371567
9481,0.89364,0.774216,0.446298
9482,0.89536,0.748359,0.491557
9483,0.892675,0.740126,0.499081
9484,0.893482,0.733294,0.51048
9485,0.880761,0.674695,0.566151
9486,0.891271,0.705284,0.544921
9487,0.889415,0.745386,0.485241
9488,0.893552,0.763126,0.464836
9489,0.893974,0.776575,0.442856
9490,0.886825,0.750313,0.472746
9491,0.89146,0.743742,0.491475
9492,0.894295,0.76114,0.469499
9493,0.894295,0.76114,0.469499
9494,0.893139,0.759754,0.469544
9495,0.894787,0.745394,0.495006
9496,0.900797,0.76417,0.476949
9497,0.897522,0.771107,0.45928
9498,0.897522,0.771107,0.45928
9499,0.889743,0.747803,0.482114
9500,0.899855,0.763885,0.475624
9501,0.897037,0.774946,0.451811
9502,0.900827,0.794824,0.423963
9503,0.882135,0.753571,0.458576
9504,0.89402,0.784286,0.429146
9505,0.894949,0.768859,0.458027
9506,0.88683,0.778586,0.424584
9507,0.894849,0.763918,0.46603
9508,0.893083,0.763524,0.46328
9509,0.897852,0.764018,0.471609
9510,0.888581,0.758485,0.462901
9511,0.882395,0.777104,0.418009
9512,0.882476,0.772224,0.427124
9513,0.885043,0.78187,0.414706
9514,0.886096,0.800879,0.379156
9515,0.885981,0.803771,0.372713
9516,0.885981,0.803771,0.372713
9517,0.894271,0.813521,0.371354
9518,0.896647,0.813595,0.37688
9519,0.896647,0.813595,0.37688
9520,0.888446,0.795386,0.39585
9521,0.885899,0.785569,0.40951
9522,0.900922,0.782698,0.446145
9523,0.882661,0.740776,0.479939
9524,0.891156,0.712522,0.535229
9525,0.891156,0.712522,0.535229
9526,0.891984,0.733515,0.507535
9527,0.896213,0.755814,0.481605
9528,0.887966,0.760494,0.458402
9529,0.887183,0.816582,0.346825
9530,0.886777,0.841115,0.280889
9531,0.872022,0.833594,0.256014
9532,0.884719,0.844311,0.264324
9533,0.89062,0.851851,0.259909
9534,0.888251,0.86495,0.202118
9535,0.888251,0.86495,0.202118
9536,0.889142,0.850755,0.258436
9537,0.882618,0.853735,0.223944
9538,0.887361,0.855816,0.234495
9539,0.888404,0.86378,0.207714
9540,0.896144,0.879132,0.173781
9541,0.896144,0.879132,0.173781
9542,0.896144,0.879132,0.173781
9543,0.8855,0.864531,0.191564
9544,0.885216,0.867195,0.17771
9545,0.885216,0.867195,0.17771
9546,0.874749,0.85329,0.192569
9547,0.881426,0.86534,0.167625
9548,0.881426,0.86534,0.167625
9549,0.883824,0.858434,0.210326
9550,0.883824,0.858434,0.210326
9551,0.889524,0.854879,0.245836
9552,0.890082,0.848182,0.269876
9553,0.884284,0.829121,0.307435
9554,0.883897,0.821554,0.326071
9555,0.883897,0.821554,0.326071
9556,0.885435,0.819353,0.335644
9557,0.893718,0.838823,0.308397
9558,0.892011,0.835495,0.31246
9559,0.891317,0.836626,0.307414
9560,0.890924,0.831303,0.320441
9561,0.890924,0.831303,0.320441
9562,0.890469,0.833255,0.31404
9563,0.882784,0.851014,0.234699
9564,0.888235,0.864704,0.2031
9565,0.888235,0.864704,0.2031
9566,0.882516,0.851572,0.231643
9567,0.888013,0.857649,0.230231
9568,0.884083,0.847826,0.250585
9569,0.887347,0.854383,0.239614
9570,0.890125,0.863339,0.216723
9571,0.883006,0.842047,0.265813
9572,0.883006,0.842047,0.265813
9573,0.887897,0.853499,0.244746
9574,0.887897,0.853499,0.244746
9575,0.87883,0.847768,0.231585
9576,0.87883,0.847768,0.231585
9577,0.87883,0.847768,0.231585
9578,0.883248,0.867286,0.167157
9579,0.883248,0.867286,0.167157
9580,0.889882,0.870677,0.183875
9581,0.88932,0.872146,0.173926
9582,0.893883,0.8749,0.183237
9583,0.890178,0.873371,0.17216
9584,0.890178,0.873371,0.17216
9585,0.891747,0.875316,0.170394
9586,0.894016,0.879674,0.159497
9587,0.892238,0.884822,0.114792
9588,0.892238,0.884822,0.114792
9589,0.892238,0.884822,0.114792
9590,0.895428,0.885587,0.132384
9591,0.895428,0.885587,0.132384
9592,0.894316,0.88408,0.13492
9593,0.8893,0.885626,0.0807486
9594,0.885772,0.88049,0.0965898
9595,0.886037,0.879701,0.105774
9596,0.88542,0.869712,0.166039
9597,0.889551,0.87141,0.178735
9598,0.892034,0.881316,0.137862
9599,0.888423,0.877069,0.141584
9600,0.890396,0.87588,0.160121
9601,0.884726,0.860644,0.205019
9602,0.8867,0.86939,0.174352
9603,0.8867,0.86939,0.174352
9604,0.8867,0.86939,0.174352
9605,0.882467,0.86669,0.166124
9606,0.889502,0.887316,0.0623216
9607,0.889502,0.887316,0.0623216
9608,0.890926,0.888094,0.0709873
9609,0.888235,0.88492,0.0766674
9610,0.891427,0.890661,-0.036946
9611,0.890092,0.889845,-0.02098
9612,0.894525,0.89431,-0.01962
9613,0.886533,0.886191,0.0246106
9614,0.889727,0.888734,0.0420306
9615,0.889727,0.888734,0.0420306
9616,0.889727,0.888734,0.0420306
9617,0.878929,0.878445,0.0291734
9618,0.878929,0.878445,0.0291734
9619,0.878929,0.878445,0.0291734
9620,0.885353,0.885293,0.0103529
9621,0.88197,0.881489,0.0291439
9622,0.886993,0.886895,0.0131828
9623,0.885885,0.885428,0.0284695
9624,0.886169,0.885935,0.020359
9625,0.884719,0.883199,0.0518352
9626,0.889157,0.884625,0.0896569
9627,0.885494,0.880704,0.0919816
9628,0.895751,0.883417,0.148131
9629,0.892146,0.88314,0.126446
9630,0.897144,0.878541,0.18175
9631,0.889814,0.856384,0.24161
9632,0.886377,0.864211,0.196986
9633,0.888992,0.862329,0.216091
9634,0.88233,0.84116,0.266375
9635,0.892984,0.868969,0.205704
9636,0.887836,0.863216,0.207631
9637,0.890899,0.858272,0.238893
9638,0.88866,0.844515,0.276606
9639,0.88866,0.844515,0.276606
9640,0.88866,0.844515,0.276606
9641,0.88866,0.844515,0.276606
9642,0.883489,0.834849,0.289101
9643,0.888911,0.836281,0.301325
9644,0.885503,0.829161,0.310816
9645,0.885503,0.829161,0.310816
9646,0.888127,0.822696,0.334575
9647,0.888127,0.822696,0.334575
9648,0.884774,0.83258,0.299393
9649,0.874352,0.813268,0.321071
9650,0.881961,0.835131,0.283569
9651,0.885512,0.833653,0.298589
9652,0.889318,0.830788,0.317299
9653,0.893672,0.851615,0.270929
9654,0.887712,0.856676,0.232678
9655,0.887712,0.856676,0.232678
9656,0.888884,0.85942,0.226964
9657,0.884877,0.850945,0.242693
9658,0.878535,0.826699,0.297309
9659,0.879257,0.816961,0.325066
9660,0.879257,0.816961,0.325066
9661,0.881005,0.817155,0.329282
9662,0.881005,0.817155,0.329282
9663,0.892422,0.835952,0.312411
9664,0.895259,0.846243,0.292168
9665,0.881794,0.828107,0.302982
9666,0.889557,0.835781,0.3046
9667,0.889557,0.835781,0.3046
9668,0.886219,0.832767,0.303123
9669,0.886643,0.833175,0.303241
9670,0.880158,0.808649,0.347514
9671,0.889661,0.832008,0.315056
9672,0.892273,0.826673,0.335803
9673,0.892136,0.82962,0.328081
9674,0.890426,0.839694,0.296266
9675,0.878386,0.825985,0.298849
9676,0.881638,0.804086,0.361567
9677,0.887654,0.803634,0.376965
9678,0.887139,0.780526,0.421656
9679,0.887139,0.780526,0.421656
9680,0.888526,0.780384,0.424829
9681,0.888526,0.780384,0.424829
9682,0.88178,0.769068,0.43136
9683,0.88178,0.769068,0.43136
9684,0.885831,0.764734,0.447079
9685,0.887545,0.769253,0.442704
9686,0.878852,0.773393,0.417428
9687,0.888212,0.799686,0.386553
9688,0.88547,0.823205,0.326176
9689,0.882802,0.824677,0.315035
9690,0.881584,0.806547,0.355909
9691,0.887953,0.81801,0.345427
9692,0.89556,0.84951,0.283479
9693,0.89556,0.84951,0.283479
9694,0.882736,0.839399,0.273191
9695,0.879557,0.843979,0.24763
9696,0.885804,0.855871,0.228327
9697,0.885804,0.855871,0.228327
9698,0.885716,0.853416,0.23701
9699,0.885716,0.853416,0.23701
9700,0.886095,0.861591,0.206943
9701,0.880457,0.852494,0.220135
9702,0.880457,0.852494,0.220135
9703,0.880457,0.852494,0.220135
9704,0.878326,0.841645,0.251177
9705,0.880153,0.842946,0.2532
9706,0.884187,0.839052,0.278888
9707,0.889045,0.844459,0.278012
9708,0.889045,0.844459,0.278012
9709,0.884688,0.846974,0.255554
9710,0.884818,0.823894,0.322647
9711,0.887408,0.822125,0.334071
9712,0.883711,0.80693,0.36029
9713,0.893374,0.820859,0.352574
9714,0.885891,0.794121,0.392651
9715,0.879888,0.763126,0.437997
9716,0.880715,0.731712,0.490159
9717,0.880463,0.663473,0.578809
9718,0.885748,0.655136,0.596109
9719,0.88473,0.626125,0.625071
9720,0.890708,0.629071,0.630579
9721,0.889381,0.616825,0.640722
9722,0.884295,0.572612,0.673864
9723,0.874933,0.553581,0.677536
9724,0.880984,0.527253,0.705789
9725,0.880959,0.513589,0.715762
9726,0.887089,0.551154,0.695095
9727,0.875405,0.551558,0.679793
9728,0.880193,0.54899,0.688004
9729,0.886716,0.493795,0.7365
9730,0.881843,0.451107,0.757726
9731,0.877515,0.439705,0.759402
9732,0.890877,0.441613,0.773719
9733,0.887967,0.488599,0.741456
9734,0.88592,0.435933,0.771244
9735,0.88592,0.435933,0.771244
9736,0.879466,0.429356,0.767537
9737,0.884577,0.387926,0.794978
9738,0.892012,0.442044,0.774779
9739,0.88517,0.432944,0.772066
9740,0.89101,0.407846,0.792188
9741,0.889928,0.380016,0.804711
9742,0.894088,0.393672,0.802755
9743,0.888663,0.339216,0.821374
9744,0.886013,0.327112,0.823418
9745,0.886013,0.327112,0.823418
9746,0.890499,0.323864,0.829519
9747,0.884311,0.261153,0.84487
9748,0.887591,0.307996,0.83244
9749,0.887591,0.307996,0.83244
9750,0.884694,0.255825,0.846899
9751,0.88347,0.217012,0.856402
9752,0.885094,0.200336,0.862124
9753,0.885425,0.211031,0.859909
9754,0.889335,0.24041,0.856224
9755,0.889335,0.24041,0.856224
9756,0.883365,0.21807,0.856025
9757,0.883365,0.21807,0.856025
9758,0.887483,0.182714,0.868471
9759,0.887483,0.182714,0.868471
9760,0.894562,0.212084,0.869058
9761,0.881457,0.278489,0.836307
9762,0.882211,0.28446,0.835093
9763,0.882211,0.28446,0.835093
9764,0.887319,0.286266,0.839873
9765,0.890439,0.303416,0.83715
9766,0.880524,0.339501,0.812441
9767,0.882544,0.309469,0.826506
9768,0.890963,0.275849,0.847185
9769,0.883799,0.28633,0.836131
9770,0.89065,0.216305,0.863985
9771,0.892783,0.208992,0.867976
9772,0.886727,0.224908,0.85773
9773,0.88937,0.22407,0.860681
9774,0.891821,0.214964,0.865526
9775,0.891821,0.214964,0.865526
9776,0.891821,0.214964,0.865526
9777,0.890027,0.131513,0.880258
9778,0.890438,0.185479,0.870906
9779,0.887283,0.214009,0.861088
9780,0.891838,0.195655,0.870111
9781,0.8921,0.165726,0.876571
9782,0.8921,0.165726,0.876571
9783,0.884745,0.141206,0.873404
9784,0.88726,0.142868,0.875683
9785,0.88816,0.128544,0.878809
9786,0.87257,0.202351,0.848782
9787,0.869235,0.194516,0.847191
9788,0.869235,0.194516,0.847191
9789,0.889132,0.217704,0.862067
9790,0.884698,0.18883,0.864311
9791,0.888101,0.170843,0.871514
9792,0.888101,0.170843,0.871514
9793,0.884788,0.188284,0.864522
9794,0.887082,0.195684,0.86523
9795,0.882419,0.187959,0.862169
9796,0.887632,0.18018,0.869152
9797,0.887718,0.17749,0.869794
9798,0.892952,0.243439,0.859128
9799,0.890301,0.259836,0.85154
9800,0.888594,0.239482,0.855715
9801,0.890112,0.216689,0.863334
9802,0.890112,0.216689,0.863334
9803,0.886339,0.206356,0.861982
9804,0.888107,0.225945,0.858885
9805,0.895078,0.201555,0.87209
9806,0.892012,0.185487,0.872514
9807,0.894735,0.192298,0.873826
9808,0.881157,0.222507,0.852601
9809,0.891493,0.240842,0.858344
9810,0.891493,0.240842,0.858344
9811,0.890117,0.234615,0.858641
9812,0.897417,0.23726,0.865485
9813,0.895353,0.210221,0.870324
9814,0.89764,0.239254,0.865167
9815,0.88801,0.206159,0.863748
9816,0.889816,0.170576,0.873314
9817,0.885677,0.178884,0.867424
9818,0.893684,0.195699,0.871994
9819,0.895025,0.188765,0.874892
9820,0.8892,0.241437,0.855795
9821,0.891912,0.23433,0.860579
9822,0.891638,0.277385,0.847394
9823,0.891638,0.277385,0.847394
9824,0.887201,0.257376,0.849049
9825,0.89014,0.272901,0.847275
9826,0.89014,0.272901,0.847275
9827,0.893204,0.271962,0.850794
9828,0.883556,0.316596,0.824886
9829,0.873517,0.288486,0.824505
9830,0.884773,0.383096,0.797534
9831,0.885731,0.383979,0.798172
9832,0.878632,0.3583,0.802256
9833,0.889447,0.294272,0.839356
9834,0.887679,0.250775,0.85152
9835,0.885875,0.263149,0.845889
9836,0.881937,0.28551,0.834444
9837,0.881937,0.28551,0.834444
9838,0.885375,0.266034,0.844461
9839,0.885375,0.266034,0.844461
9840,0.885375,0.266034,0.844461
9841,0.888764,0.269606,0.846885
9842,0.8793,0.307039,0.823951
9843,0.882408,0.347481,0.811111
9844,0.890645,0.403794,0.793851
9845,0.892791,0.3966,0.799865
9846,0.893414,0.431224,0.782454
9847,0.87882,0.396301,0.784391
9848,0.891117,0.390265,0.801114
9849,0.891117,0.390265,0.801114
9850,0.885581,0.402261,0.788949
9851,0.887135,0.438304,0.771296
9852,0.887135,0.438304,0.771296
9853,0.881811,0.477102,0.741595
9854,0.881811,0.477102,0.741595
9855,0.894442,0.470275,0.760834
9856,0.88635,0.443874,0.767197
9857,0.89151,0.386476,0.803384
9858,0.89061,0.351301,0.818397
9859,0.889001,0.343121,0.820116
9860,0.888672,0.341556,0.820412
9861,0.892427,0.322625,0.832069
9862,0.88019,0.316265,0.821407
9863,0.88633,0.353691,0.812701
9864,0.881183,0.385781,0.792247
9865,0.881183,0.385781,0.792247
9866,0.889509,0.403172,0.792893
9867,0.891259,0.397725,0.797595
9868,0.893015,0.420804,0.787655
9869,0.893015,0.420804,0.787655
9870,0.890836,0.462436,0.761408
9871,0.889121,0.462282,0.759494
9872,0.891434,0.519781,0.724211
9873,0.884309,0.53991,0.700356
9874,0.884309,0.53991,0.700356
9875,0.884309,0.53991,0.700356
9876,0.890052,0.529076,0.715731
9877,0.886228,0.496799,0.733888
9878,0.885828,0.519161,0.717749
9879,0.885828,0.519161,0.717749
9880,0.894593,0.527016,0.722876
9881,0.894593,0.527016,0.722876
9882,0.883616,0.493236,0.733141
9883,0.897299,0.492511,0.750053
9884,0.884009,0.48156,0.741331
9885,0.884009,0.48156,0.741331
9886,0.892574,0.552288,0.70119
9887,0.880776,0.561383,0.678687
9888,0.880776,0.561383,0.678687
9889,0.892282,0.554734,0.698882
9890,0.893557,0.583179,0.677013
9891,0.893557,0.583179,0.677013
9892,0.8902,0.589211,0.667297
9893,0.895379,0.559176,0.699304
9894,0.887652,0.586196,0.666559
9895,0.887652,0.586196,0.666559
9896,0.893265,0.555887,0.699222
9897,0.893265,0.555887,0.699222
9898,0.879724,0.515401,0.712935
9899,0.88739,0.537264,0.706264
9900,0.887116,0.597612,0.655617
9901,0.888804,0.641241,0.615452
9902,0.888804,0.641241,0.615452
9903,0.888633,0.666914,0.587278
9904,0.888633,0.666914,0.587278
9905,0.892899,0.69968,0.554723
9906,0.893299,0.701341,0.553266
9907,0.891525,0.688033,0.566946
9908,0.895118,0.651735,0.613577
9909,0.890771,0.599905,0.658474
9910,0.890771,0.599905,0.658474
9911,0.890771,0.599905,0.658474
9912,0.890771,0.599905,0.658474
9913,0.883838,0.536751,0.702187
9914,0.887486,0.557822,0.690265
9915,0.887526,0.570479,0.679895
9916,0.887567,0.566615,0.683171
9917,0.891334,0.546506,0.704136
9918,0.884439,0.537053,0.702714
9919,0.878306,0.544214,0.689386
9920,0.890192,0.527369,0.717164
9921,0.883076,0.568109,0.676074
9922,0.888096,0.535153,0.70875
9923,0.89606,0.514325,0.733753
9924,0.89606,0.514325,0.733753
9925,0.892531,0.543379,0.708061
9926,0.889315,0.515493,0.724671
9927,0.885864,0.490784,0.737486
9928,0.887688,0.471744,0.751962
9929,0.891995,0.47634,0.754159
9930,0.886461,0.496499,0.734372
9931,0.883914,0.515349,0.718136
9932,0.889659,0.528953,0.715334
9933,0.890863,0.553196,0.698291
9934,0.893387,0.597179,0.664467
9935,0.890157,0.556415,0.694825
9936,0.887005,0.583565,0.668004
9937,0.882326,0.567867,0.675296
9938,0.874836,0.556565,0.674961
9939,0.885866,0.588349,0.662273
9940,0.885691,0.621421,0.631097
9941,0.889803,0.60428,0.653142
9942,0.890102,0.605244,0.652658
9943,0.883608,0.592166,0.655821
9944,0.867017,0.566277,0.656543
9945,0.881292,0.545682,0.69203
9946,0.879632,0.49837,0.724831
9947,0.890843,0.511856,0.729113
9948,0.890843,0.511856,0.729113
9949,0.884362,0.492285,0.734677
9950,0.88449,0.520855,0.714865
9951,0.88449,0.520855,0.714865
9952,0.885075,0.481774,0.742464
9953,0.887804,0.49941,0.73402
9954,0.880072,0.486469,0.7334
9955,0.880072,0.486469,0.7334
9956,0.879492,0.501531,0.722476
9957,0.883764,0.469449,0.74877
9958,0.887098,0.509015,0.72653
9959,0.872261,0.454879,0.744261
9960,0.872261,0.454879,0.744261
9961,0.875802,0.479565,0.732835
9962,0.884191,0.485665,0.738866
9963,0.885852,0.472196,0.74951
9964,0.871471,0.395851,0.776379
9965,0.871471,0.395851,0.776379
9966,0.871471,0.395851,0.776379
9967,0.870652,0.384214,0.78129
9968,0.881448,0.407461,0.781617
9969,0.881448,0.407461,0.781617
9970,0.884167,0.339722,0.816296
9971,0.884167,0.339722,0.816296
9972,0.878888,0.391989,0.786631
9973,0.886123,0.431951,0.773714
9974,0.882769,0.492121,0.73287
9975,0.886729,0.52487,0.714703
9976,0.890405,0.527516,0.71732
9977,0.888717,0.523986,0.717814
9978,0.893942,0.592753,0.669161
9979,0.893942,0.592753,0.669161
9980,0.88233,0.591261,0.654918
9981,0.889043,0.57328,0.67952
9982,0.889043,0.57328,0.67952
9983,0.890308,0.57691,0.678103
9984,0.893345,0.585148,0.675031
9985,0.892974,0.54879,0.704438
9986,0.891099,0.514419,0.72762
9987,0.886941,0.524327,0.715364
9988,0.886941,0.524327,0.715364
9989,0.886941,0.524327,0.715364
9990,0.886941,0.524327,0.715364
9991,0.881341,0.492586,0.730836
9992,0.883609,0.519734,0.714592
9993,0.891013,0.519361,0.723995
9994,0.893161,0.526421,0.721538
9995,0.893161,0.526421,0.721538
9996,0.884504,0.574385,0.672629
9997,0.889498,0.58005,0.67435
9998,0.895488,0.581524,0.680976
9999,0.895488,0.581524,0.680976
10000,0.886704,0.565456,0.68301
