MDTU,|Tr(Lx)|,|Tr(Ly)|
1,0.0543107,0.166633
2,0.0618676,0.144945
3,0.0618676,0.144945
4,0.0649232,0.151246
5,0.0546237,0.116217
6,0.0546237,0.116217
7,0.0138056,0.10516
8,0.0130518,0.162734
9,0.0130518,0.162734
10,0.0353806,0.1828
11,0.0271342,0.181498
12,0.0421651,0.195293
13,0.0421651,0.195293
14,0.0254313,0.181115
15,0.056946,0.17654
16,0.0680624,0.168572
17,0.0148507,0.188433
18,0.0148507,0.188433
19,0.0596679,0.166083
20,0.0596679,0.166083
21,0.0596679,0.166083
22,0.0393711,0.126146
23,0.034844,0.14207
24,0.0357932,0.136401
25,0.0357932,0.136401
26,0.034077,0.0861227
27,0.0406529,0.106424
28,0.0406529,0.106424
29,0.0695761,0.090616
30,0.0695761,0.090616
31,0.0754508,0.093299
32,0.109595,0.115749
33,0.109595,0.115749
34,0.118186,0.0878936
35,0.101856,0.0546879
36,0.0981011,0.0499602
37,0.0811962,0.0299693
38,0.107885,0.0420666
39,0.0911043,0.0527804
40,0.0911043,0.0527804
41,0.0733439,0.0685669
42,0.0967248,0.0990292
43,0.122535,0.0731645
44,0.122535,0.0731645
45,0.106545,0.0748305
46,0.0913502,0.119411
47,0.0746682,0.10876
48,0.0718087,0.0977876
49,0.076141,0.109113
50,0.0710005,0.0868784
51,0.0926908,0.088603
52,0.0749979,0.0546295
53,0.0788027,0.095198
54,0.0702103,0.0765048
55,0.10574,0.100575
56,0.14181,0.0756142
57,0.133444,0.0952998
58,0.172408,0.0946931
59,0.172408,0.0946931
60,0.167603,0.103671
61,0.167603,0.103671
62,0.167603,0.103671
63,0.207543,0.103538
64,0.224691,0.0910305
65,0.224691,0.0910305
66,0.220264,0.0988782
67,0.214725,0.0865723
68,0.214725,0.0865723
69,0.224777,0.0841889
70,0.208388,0.0912892
71,0.208388,0.0912892
72,0.208388,0.0912892
73,0.21961,0.120023
74,0.21961,0.120023
75,0.241698,0.106602
76,0.241698,0.106602
77,0.250423,0.0995238
78,0.250423,0.0995238
79,0.242721,0.106613
80,0.242721,0.106613
81,0.242721,0.106613
82,0.272439,0.0866812
83,0.253812,0.0855209
84,0.277049,0.095893
85,0.261328,0.0929138
86,0.257945,0.0822911
87,0.269275,0.086083
88,0.247171,0.0634755
89,0.283854,0.0514354
90,0.283854,0.0514354
91,0.283854,0.0514354
92,0.282435,0.0546064
93,0.282435,0.0546064
94,0.282435,0.0546064
95,0.282435,0.0546064
96,0.282435,0.0546064
97,0.286466,0.0465921
98,0.289048,0.0591765
99,0.301294,0.0591169
100,0.284584,0.0541473
101,0.249781,0.0468788
102,0.249781,0.0468788
103,0.290755,0.0603323
104,0.290755,0.0603323
105,0.287677,0.0536259
106,0.318729,0.0666893
107,0.318729,0.0666893
108,0.299989,0.0822807
109,0.296331,0.0845631
110,0.289781,0.0599098
111,0.255069,0.0763086
112,0.246978,0.0848646
113,0.246978,0.0848646
114,0.251766,0.0661224
115,0.209906,0.0593428
116,0.209906,0.0593428
117,0.21405,0.08265
118,0.211691,0.147276
119,0.211351,0.107831
120,0.211351,0.107831
121,0.264064,0.108559
122,0.261431,0.115633
123,0.261431,0.115633
124,0.277206,0.0821672
125,0.24804,0.0920577
126,0.253663,0.0806977
127,0.223906,0.0816356
128,0.218253,0.0493563
129,0.218253,0.0493563
130,0.218253,0.0493563
131,0.218253,0.0493563
132,0.218253,0.0493563
133,0.218253,0.0493563
134,0.218253,0.0493563
135,0.256688,0.0902446
136,0.265732,0.0989766
137,0.243972,0.0924666
138,0.243972,0.0924666
139,0.262445,0.0904603
140,0.262445,0.0904603
141,0.262445,0.0904603
142,0.31188,0.066881
143,0.250205,0.088504
144,0.250205,0.088504
145,0.250205,0.088504
146,0.243031,0.110408
147,0.258828,0.1004
148,0.286196,0.126788
149,0.288332,0.127856
150,0.288332,0.127856
151,0.288332,0.127856
152,0.278318,0.120139
153,0.258791,0.113076
154,0.258791,0.113076
155,0.260594,0.116787
156,0.257283,0.0716251
157,0.257283,0.0716251
158,0.257283,0.0716251
159,0.284187,0.0504329
160,0.322432,0.0271275
161,0.31195,0.0721478
162,0.31195,0.0721478
163,0.31195,0.0721478
164,0.304438,0.0765232
165,0.276363,0.0763027
166,0.276363,0.0763027
167,0.329028,0.0724132
168,0.384393,0.0570116
169,0.384393,0.0570116
170,0.383377,0.0634003
171,0.370132,0.041166
172,0.389752,0.041028
173,0.389752,0.041028
174,0.408416,0.0395211
175,0.419064,0.0433165
176,0.410077,0.0405334
177,0.410077,0.0405334
178,0.308336,0.0319598
179,0.323248,0.0759989
180,0.323248,0.0759989
181,0.323248,0.0759989
182,0.364642,0.0816242
183,0.364642,0.0816242
184,0.378301,0.0383136
185,0.365278,0.0614978
186,0.400592,0.0974733
187,0.378904,0.0752353
188,0.378904,0.0752353
189,0.360799,0.069579
190,0.417918,0.062572
191,0.417918,0.062572
192,0.477657,0.0598
193,0.402531,0.0817404
194,0.394045,0.0878553
195,0.394045,0.0878553
196,0.294827,0.111877
197,0.344368,0.0886221
198,0.344368,0.0886221
199,0.345464,0.0884119
200,0.403388,0.0510755
201,0.426885,0.0480941
202,0.387159,0.0779676
203,0.333274,0.0938792
204,0.331929,0.0984923
205,0.327029,0.096186
206,0.307904,0.100643
207,0.307904,0.100643
208,0.266752,0.134362
209,0.315153,0.145692
210,0.303228,0.140163
211,0.315706,0.159483
212,0.262707,0.144486
213,0.301912,0.198039
214,0.301912,0.198039
215,0.30002,0.145465
216,0.30002,0.145465
217,0.30002,0.145465
218,0.321143,0.162861
219,0.321143,0.162861
220,0.283661,0.196449
221,0.295752,0.197119
222,0.330757,0.2012
223,0.358306,0.209228
224,0.338354,0.182374
225,0.304625,0.187939
226,0.255936,0.175065
227,0.272837,0.185138
228,0.270148,0.194156
229,0.270148,0.194156
230,0.254073,0.178437
231,0.275087,0.156736
232,0.306938,0.191321
233,0.306938,0.191321
234,0.250481,0.202639
235,0.232016,0.253112
236,0.268255,0.302012
237,0.268255,0.302012
238,0.213866,0.304359
239,0.202945,0.288681
240,0.202945,0.288681
241,0.203945,0.291229
242,0.175621,0.276576
243,0.198978,0.258642
244,0.210289,0.256742
245,0.210289,0.256742
246,0.23657,0.280937
247,0.217765,0.33943
248,0.21888,0.286311
249,0.210918,0.351093
250,0.244529,0.32446
251,0.244529,0.32446
252,0.242908,0.365345
253,0.242908,0.365345
254,0.237156,0.328033
255,0.242912,0.265472
256,0.254706,0.265344
257,0.235526,0.251096
258,0.281139,0.26352
259,0.254192,0.204603
260,0.231109,0.221954
261,0.238827,0.173994
262,0.23165,0.248949
263,0.23165,0.248949
264,0.23165,0.248949
265,0.185601,0.184604
266,0.207196,0.18813
267,0.167792,0.207222
268,0.167792,0.207222
269,0.261661,0.233846
270,0.227175,0.23827
271,0.227175,0.23827
272,0.318121,0.327356
273,0.224865,0.294039
274,0.336837,0.288354
275,0.264381,0.293851
276,0.339186,0.339319
277,0.339186,0.339319
278,0.339186,0.339319
279,0.339186,0.339319
280,0.356628,0.312394
281,0.356628,0.312394
282,0.364404,0.338678
283,0.356121,0.259904
284,0.295449,0.261284
285,0.278662,0.312572
286,0.269306,0.415019
287,0.269306,0.415019
288,0.287451,0.365019
289,0.311399,0.275994
290,0.288435,0.298203
291,0.282508,0.31687
292,0.210841,0.376419
293,0.210841,0.376419
294,0.252637,0.382565
295,0.247718,0.27272
296,0.264136,0.270603
297,0.309596,0.301158
298,0.309596,0.301158
299,0.263089,0.270922
300,0.296097,0.221139
301,0.293313,0.180821
302,0.2946,0.206457
303,0.2946,0.206457
304,0.290534,0.236657
305,0.291314,0.209121
306,0.316528,0.212039
307,0.277018,0.226092
308,0.261504,0.246217
309,0.261504,0.246217
310,0.242572,0.228339
311,0.284729,0.239397
312,0.296139,0.244811
313,0.296139,0.244811
314,0.296139,0.244811
315,0.296139,0.244811
316,0.339955,0.251946
317,0.339955,0.251946
318,0.312933,0.251121
319,0.312933,0.251121
320,0.339515,0.270004
321,0.355887,0.244659
322,0.317159,0.288365
323,0.296776,0.248157
324,0.296776,0.248157
325,0.283493,0.215514
326,0.283493,0.215514
327,0.315805,0.195931
328,0.315805,0.195931
329,0.344001,0.1544
330,0.344001,0.1544
331,0.381096,0.172903
332,0.341716,0.195367
333,0.309054,0.186087
334,0.377252,0.18762
335,0.320886,0.166099
336,0.320886,0.166099
337,0.375971,0.188879
338,0.340332,0.161604
339,0.340332,0.161604
340,0.377674,0.199763
341,0.377674,0.199763
342,0.377674,0.199763
343,0.435058,0.201593
344,0.446535,0.178048
345,0.446535,0.178048
346,0.382372,0.1656
347,0.413588,0.242375
348,0.411192,0.239934
349,0.413091,0.233503
350,0.413091,0.233503
351,0.413091,0.233503
352,0.436705,0.21335
353,0.436705,0.21335
354,0.436705,0.21335
355,0.385234,0.268285
356,0.383972,0.265117
357,0.383972,0.265117
358,0.453558,0.245269
359,0.334711,0.210712
360,0.404406,0.229007
361,0.386425,0.200718
362,0.386425,0.200718
363,0.384004,0.193154
364,0.38986,0.156419
365,0.40506,0.172772
366,0.392085,0.18327
367,0.392085,0.18327
368,0.424179,0.222402
369,0.309325,0.261228
370,0.353221,0.195922
371,0.326099,0.200017
372,0.298584,0.237017
373,0.298584,0.237017
374,0.298584,0.237017
375,0.333343,0.201183
376,0.333343,0.201183
377,0.34144,0.154974
378,0.352289,0.138971
379,0.306655,0.131111
380,0.29118,0.187097
381,0.29118,0.187097
382,0.280242,0.226497
383,0.308081,0.249033
384,0.347665,0.194483
385,0.304328,0.204595
386,0.231618,0.187778
387,0.231618,0.187778
388,0.231618,0.187778
389,0.288953,0.138827
390,0.288953,0.138827
391,0.291822,0.170037
392,0.323719,0.144932
393,0.280673,0.132841
394,0.318931,0.208063
395,0.274097,0.178665
396,0.293898,0.191575
397,0.339229,0.159586
398,0.339229,0.159586
399,0.371119,0.141572
400,0.367335,0.115379
401,0.367335,0.115379
402,0.32315,0.166329
403,0.362159,0.134979
404,0.384086,0.176573
405,0.384086,0.176573
406,0.370842,0.23731
407,0.370842,0.23731
408,0.384503,0.216711
409,0.425829,0.195734
410,0.342715,0.228065
411,0.33504,0.251031
412,0.347496,0.238483
413,0.347496,0.238483
414,0.303525,0.261102
415,0.384885,0.30694
416,0.384885,0.30694
417,0.347326,0.28987
418,0.370698,0.309665
419,0.39121,0.293396
420,0.364373,0.298332
421,0.284441,0.357466
422,0.314667,0.340844
423,0.314667,0.340844
424,0.314667,0.340844
425,0.314667,0.340844
426,0.292901,0.283749
427,0.284177,0.3006
428,0.284177,0.3006
429,0.38326,0.319106
430,0.343802,0.422245
431,0.373982,0.365604
432,0.373982,0.365604
433,0.394746,0.361914
434,0.39,0.445307
435,0.39,0.445307
436,0.44727,0.418136
437,0.44727,0.418136
438,0.376746,0.38265
439,0.309675,0.38674
440,0.370248,0.342249
441,0.347941,0.386492
442,0.39185,0.408823
443,0.356064,0.437087
444,0.32781,0.459443
445,0.32781,0.459443
446,0.304951,0.449421
447,0.259842,0.361482
448,0.227881,0.366504
449,0.227881,0.366504
450,0.227881,0.366504
451,0.227881,0.366504
452,0.262512,0.353676
453,0.262512,0.353676
454,0.262512,0.353676
455,0.262512,0.353676
456,0.277185,0.389193
457,0.324424,0.382027
458,0.352357,0.453504
459,0.388133,0.44135
460,0.388133,0.44135
461,0.36796,0.45968
462,0.362491,0.401593
463,0.362491,0.401593
464,0.329712,0.452243
465,0.329712,0.452243
466,0.329712,0.452243
467,0.314188,0.495135
468,0.314188,0.495135
469,0.312138,0.462787
470,0.359438,0.465371
471,0.295749,0.436075
472,0.289297,0.476067
473,0.30278,0.457687
474,0.30278,0.457687
475,0.294596,0.554375
476,0.294596,0.554375
477,0.3249,0.505187
478,0.316841,0.506196
479,0.319077,0.542698
480,0.357405,0.546902
481,0.372076,0.50146
482,0.427207,0.440261
483,0.501177,0.444325
484,0.435585,0.442221
485,0.435585,0.442221
486,0.43501,0.439639
487,0.424438,0.452105
488,0.407154,0.493561
489,0.423013,0.457165
490,0.367828,0.517329
491,0.400344,0.382414
492,0.403545,0.376989
493,0.357246,0.3139
494,0.357246,0.3139
495,0.293773,0.367477
496,0.354583,0.400455
497,0.354583,0.400455
498,0.354583,0.400455
499,0.343123,0.359673
500,0.40556,0.330849
501,0.362336,0.331619
502,0.380975,0.279852
503,0.352038,0.247005
504,0.352038,0.247005
505,0.409888,0.203119
506,0.409888,0.203119
507,0.409888,0.203119
508,0.392537,0.240525
509,0.33622,0.251737
510,0.369089,0.265603
511,0.437105,0.263311
512,0.372568,0.305542
513,0.336784,0.287284
514,0.336784,0.287284
515,0.336784,0.287284
516,0.336784,0.287284
517,0.317699,0.332873
518,0.317699,0.332873
519,0.323264,0.270818
520,0.339183,0.294336
521,0.322426,0.303939
522,0.357896,0.294388
523,0.351401,0.299845
524,0.351401,0.299845
525,0.351401,0.299845
526,0.353375,0.330646
527,0.281092,0.358911
528,0.276465,0.368168
529,0.331123,0.296019
530,0.270425,0.317315
531,0.298753,0.336881
532,0.295941,0.414337
533,0.295941,0.414337
534,0.295941,0.414337
535,0.285929,0.29817
536,0.312697,0.267971
537,0.330382,0.213224
538,0.278905,0.159152
539,0.278905,0.159152
540,0.339599,0.179511
541,0.324509,0.189796
542,0.335126,0.160412
543,0.331505,0.176015
544,0.331505,0.176015
545,0.309699,0.188046
546,0.28683,0.154368
547,0.287735,0.168902
548,0.195637,0.158261
549,0.160144,0.166736
550,0.20319,0.182212
551,0.199866,0.246281
552,0.228166,0.289075
553,0.232091,0.293975
554,0.21945,0.321193
555,0.21945,0.321193
556,0.297772,0.347765
557,0.297772,0.347765
558,0.297772,0.347765
559,0.271461,0.361475
560,0.268217,0.403288
561,0.268217,0.403288
562,0.216448,0.406392
563,0.195242,0.436756
564,0.178642,0.38368
565,0.186244,0.398085
566,0.171703,0.406887
567,0.149989,0.391414
568,0.149989,0.391414
569,0.126446,0.394822
570,0.107582,0.392478
571,0.178198,0.351755
572,0.199081,0.333778
573,0.204719,0.325591
574,0.138688,0.333112
575,0.127042,0.315965
576,0.110677,0.271964
577,0.0845769,0.283308
578,0.0845769,0.283308
579,0.144522,0.261201
580,0.169032,0.291115
581,0.184348,0.351253
582,0.184348,0.351253
583,0.184348,0.351253
584,0.157325,0.312941
585,0.0891258,0.361356
586,0.13789,0.357053
587,0.121621,0.348041
588,0.177663,0.337512
589,0.177663,0.337512
590,0.186389,0.275381
591,0.186389,0.275381
592,0.221625,0.352324
593,0.198636,0.299085
594,0.220243,0.306931
595,0.242712,0.310902
596,0.245627,0.330826
597,0.245627,0.330826
598,0.245627,0.330826
599,0.235887,0.294416
600,0.2589,0.339298
601,0.22962,0.314834
602,0.234399,0.299909
603,0.242977,0.368735
604,0.277227,0.394582
605,0.27553,0.395071
606,0.217446,0.414797
607,0.156467,0.391177
608,0.180713,0.386135
609,0.181459,0.354206
610,0.193312,0.322771
611,0.231641,0.373246
612,0.231641,0.373246
613,0.229775,0.314939
614,0.229775,0.314939
615,0.229775,0.314939
616,0.229775,0.314939
617,0.229775,0.314939
618,0.237954,0.339995
619,0.237954,0.339995
620,0.17786,0.33464
621,0.194372,0.330029
622,0.184448,0.254013
623,0.210086,0.278885
624,0.210086,0.278885
625,0.210086,0.278885
626,0.210086,0.278885
627,0.213879,0.315435
628,0.16055,0.272109
629,0.192938,0.23385
630,0.156512,0.202134
631,0.192346,0.253903
632,0.192346,0.253903
633,0.192346,0.253903
634,0.163586,0.238122
635,0.160097,0.298356
636,0.160097,0.298356
637,0.179687,0.336198
638,0.184389,0.299035
639,0.178461,0.271535
640,0.231547,0.269266
641,0.231547,0.269266
642,0.243859,0.267602
643,0.243859,0.267602
644,0.253247,0.267439
645,0.260795,0.27138
646,0.268154,0.256123
647,0.268154,0.256123
648,0.281228,0.229925
649,0.277218,0.203987
650,0.260569,0.19306
651,0.260569,0.19306
652,0.206137,0.20246
653,0.236846,0.220271
654,0.236846,0.220271
655,0.236846,0.220271
656,0.227687,0.245094
657,0.231869,0.224046
658,0.223659,0.23099
659,0.198147,0.301062
660,0.208395,0.305586
661,0.221369,0.277214
662,0.218072,0.3159
663,0.218246,0.282683
664,0.209788,0.278244
665,0.209788,0.278244
666,0.199487,0.251192
667,0.20124,0.26346
668,0.20124,0.26346
669,0.179369,0.291749
670,0.168142,0.260015
671,0.21989,0.264463
672,0.21989,0.264463
673,0.21989,0.264463
674,0.240845,0.308852
675,0.240845,0.308852
676,0.219526,0.31887
677,0.219526,0.31887
678,0.2057,0.336691
679,0.192539,0.335184
680,0.210363,0.329834
681,0.260687,0.337642
682,0.28215,0.280053
683,0.250886,0.293775
684,0.250886,0.293775
685,0.25716,0.295904
686,0.218581,0.31932
687,0.225513,0.279899
688,0.225513,0.279899
689,0.245095,0.246338
690,0.271729,0.263625
691,0.276383,0.22191
692,0.276383,0.22191
693,0.276383,0.22191
694,0.232338,0.25305
695,0.232338,0.25305
696,0.2872,0.263052
697,0.324978,0.214272
698,0.343994,0.224795
699,0.347586,0.222805
700,0.347586,0.222805
701,0.347586,0.222805
702,0.347586,0.222805
703,0.284169,0.239632
704,0.270821,0.222274
705,0.237435,0.234392
706,0.242689,0.217562
707,0.223541,0.214101
708,0.220683,0.238968
709,0.220683,0.238968
710,0.244415,0.235508
711,0.25508,0.234969
712,0.176606,0.272906
713,0.189016,0.283679
714,0.215631,0.265738
715,0.263203,0.300387
716,0.313399,0.247607
717,0.313399,0.247607
718,0.2788,0.282578
719,0.3419,0.281829
720,0.368049,0.308073
721,0.298698,0.297173
722,0.292232,0.302065
723,0.311404,0.341521
724,0.309216,0.31376
725,0.344876,0.323835
726,0.344876,0.323835
727,0.344876,0.323835
728,0.344876,0.323835
729,0.319468,0.354134
730,0.333117,0.298659
731,0.333117,0.298659
732,0.333117,0.298659
733,0.321822,0.330039
734,0.321822,0.330039
735,0.321822,0.330039
736,0.321822,0.330039
737,0.270045,0.300953
738,0.286787,0.313108
739,0.286787,0.313108
740,0.230346,0.308992
741,0.309362,0.320306
742,0.30444,0.365883
743,0.295364,0.312085
744,0.337001,0.350592
745,0.325418,0.33517
746,0.271831,0.339197
747,0.314497,0.371333
748,0.273339,0.296519
749,0.25887,0.29184
750,0.27702,0.258952
751,0.291789,0.235532
752,0.285582,0.263505
753,0.285582,0.263505
754,0.271029,0.270459
755,0.323797,0.26788
756,0.334324,0.305101
757,0.296725,0.253171
758,0.296725,0.253171
759,0.278476,0.237754
760,0.245353,0.183598
761,0.290721,0.219002
762,0.290721,0.219002
763,0.311127,0.185479
764,0.359799,0.190947
765,0.314406,0.141032
766,0.282517,0.0964339
767,0.26424,0.140216
768,0.254566,0.129123
769,0.288097,0.181344
770,0.288097,0.181344
771,0.251452,0.210487
772,0.251452,0.210487
773,0.261468,0.216478
774,0.298324,0.189986
775,0.281134,0.176715
776,0.281134,0.176715
777,0.338862,0.122842
778,0.283195,0.179226
779,0.28048,0.163985
780,0.220996,0.151284
781,0.277452,0.121967
782,0.223424,0.183643
783,0.19703,0.144247
784,0.19703,0.144247
785,0.19703,0.144247
786,0.191697,0.15626
787,0.227714,0.152323
788,0.215112,0.129321
789,0.300133,0.0734756
790,0.259816,0.0936711
791,0.294498,0.103406
792,0.286881,0.12998
793,0.348272,0.131856
794,0.348272,0.131856
795,0.32664,0.122989
796,0.32664,0.122989
797,0.311802,0.125642
798,0.284414,0.145548
799,0.300969,0.128989
800,0.273765,0.124472
801,0.286853,0.138023
802,0.288116,0.143246
803,0.336416,0.150944
804,0.315171,0.165242
805,0.27511,0.193882
806,0.292415,0.259526
807,0.257666,0.210299
808,0.291064,0.17929
809,0.289792,0.202256
810,0.278437,0.26779
811,0.290861,0.191519
812,0.258508,0.245436
813,0.231096,0.263927
814,0.267107,0.250675
815,0.241773,0.263298
816,0.288317,0.22696
817,0.263043,0.205652
818,0.251492,0.173932
819,0.269959,0.202678
820,0.269959,0.202678
821,0.265563,0.209003
822,0.303104,0.223331
823,0.331996,0.257956
824,0.296333,0.237004
825,0.296333,0.237004
826,0.2836,0.203106
827,0.267043,0.201388
828,0.301393,0.183588
829,0.340148,0.180914
830,0.289655,0.289195
831,0.277791,0.31243
832,0.315185,0.382845
833,0.326249,0.380406
834,0.326249,0.380406
835,0.253321,0.343058
836,0.230308,0.40829
837,0.230308,0.40829
838,0.261491,0.377864
839,0.261491,0.377864
840,0.261491,0.377864
841,0.266035,0.359758
842,0.288643,0.394876
843,0.288643,0.394876
844,0.253419,0.372868
845,0.332625,0.400539
846,0.332625,0.400539
847,0.329107,0.416099
848,0.368264,0.445899
849,0.349415,0.398124
850,0.380416,0.442486
851,0.387591,0.475031
852,0.415758,0.460084
853,0.406831,0.42176
854,0.406831,0.42176
855,0.347248,0.419636
856,0.347248,0.419636
857,0.357535,0.39625
858,0.39449,0.342607
859,0.404211,0.271619
860,0.480965,0.285206
861,0.480965,0.285206
862,0.480965,0.285206
863,0.480965,0.285206
864,0.480965,0.285206
865,0.480965,0.285206
866,0.480965,0.285206
867,0.478449,0.251175
868,0.478449,0.251175
869,0.41813,0.192205
870,0.330324,0.166771
871,0.330324,0.166771
872,0.330324,0.166771
873,0.34028,0.119704
874,0.337216,0.15305
875,0.337216,0.15305
876,0.278863,0.152685
877,0.25216,0.12276
878,0.291716,0.107296
879,0.269077,0.142909
880,0.269077,0.142909
881,0.27362,0.184718
882,0.27719,0.191078
883,0.27719,0.191078
884,0.220676,0.161634
885,0.261173,0.173702
886,0.261173,0.173702
887,0.247712,0.213858
888,0.247712,0.213858
889,0.233055,0.214784
890,0.233055,0.214784
891,0.237988,0.28194
892,0.201908,0.269025
893,0.201707,0.321011
894,0.236384,0.286919
895,0.236384,0.286919
896,0.252471,0.302545
897,0.263694,0.287947
898,0.263694,0.287947
899,0.290678,0.297552
900,0.230098,0.283963
901,0.230098,0.283963
902,0.284763,0.278824
903,0.243592,0.293367
904,0.2816,0.277829
905,0.298847,0.275372
906,0.298847,0.275372
907,0.304209,0.245647
908,0.254932,0.327076
909,0.221763,0.292069
910,0.280251,0.256071
911,0.280251,0.256071
912,0.322871,0.25842
913,0.322871,0.25842
914,0.32858,0.213961
915,0.32858,0.213961
916,0.3097,0.224806
917,0.35067,0.261341
918,0.404696,0.240408
919,0.445671,0.207117
920,0.445671,0.207117
921,0.452841,0.213685
922,0.452841,0.213685
923,0.452841,0.213685
924,0.452841,0.213685
925,0.426854,0.241113
926,0.479743,0.241438
927,0.43104,0.278625
928,0.446292,0.219486
929,0.444491,0.220488
930,0.444491,0.220488
931,0.446544,0.267809
932,0.43491,0.277541
933,0.375572,0.261005
934,0.380087,0.274366
935,0.384688,0.259526
936,0.384688,0.259526
937,0.346485,0.251584
938,0.372153,0.303621
939,0.316298,0.285284
940,0.266542,0.320449
941,0.27903,0.300134
942,0.221971,0.273125
943,0.249818,0.250661
944,0.232548,0.2985
945,0.195826,0.315679
946,0.2501,0.270546
947,0.19659,0.258005
948,0.205107,0.25413
949,0.263538,0.2491
950,0.263538,0.2491
951,0.26833,0.256921
952,0.298323,0.245346
953,0.323262,0.273606
954,0.260291,0.33108
955,0.293013,0.287084
956,0.292335,0.283734
957,0.292335,0.283734
958,0.272973,0.301253
959,0.272973,0.301253
960,0.249155,0.333848
961,0.272735,0.318724
962,0.251606,0.301476
963,0.251606,0.301476
964,0.231652,0.328174
965,0.280645,0.280139
966,0.255973,0.265017
967,0.255973,0.265017
968,0.255973,0.265017
969,0.255973,0.265017
970,0.248705,0.241082
971,0.239381,0.233616
972,0.239381,0.233616
973,0.273328,0.250889
974,0.254896,0.205467
975,0.254896,0.205467
976,0.246054,0.193916
977,0.246054,0.193916
978,0.302478,0.18718
979,0.276546,0.194285
980,0.276546,0.194285
981,0.276546,0.194285
982,0.299906,0.191085
983,0.276039,0.196305
984,0.242297,0.209326
985,0.242297,0.209326
986,0.242297,0.209326
987,0.242297,0.209326
988,0.275138,0.203923
989,0.300282,0.221096
990,0.282443,0.223426
991,0.289883,0.219987
992,0.298706,0.18641
993,0.260726,0.178604
994,0.260726,0.178604
995,0.260726,0.178604
996,0.260726,0.178604
997,0.282682,0.15775
998,0.269803,0.153955
999,0.269803,0.153955
1000,0.272082,0.16546
1001,0.272082,0.16546
1002,0.263698,0.201731
1003,0.267818,0.173133
1004,0.267818,0.173133
1005,0.267818,0.173133
1006,0.263894,0.17157
1007,0.263894,0.17157
1008,0.202684,0.194372
1009,0.202684,0.194372
1010,0.209053,0.195625
1011,0.209053,0.195625
1012,0.234827,0.232944
1013,0.256776,0.217459
1014,0.256776,0.217459
1015,0.256776,0.217459
1016,0.222633,0.194789
1017,0.251754,0.207942
1018,0.205668,0.233194
1019,0.199338,0.238545
1020,0.288785,0.206261
1021,0.245469,0.235075
1022,0.29168,0.247202
1023,0.299047,0.234078
1024,0.299047,0.234078
1025,0.299047,0.234078
1026,0.304933,0.212277
1027,0.330862,0.206382
1028,0.292656,0.220924
1029,0.236598,0.252927
1030,0.236598,0.252927
1031,0.232541,0.282212
1032,0.299581,0.294283
1033,0.256231,0.26357
1034,0.270457,0.285575
1035,0.249222,0.203877
1036,0.248916,0.293778
1037,0.248916,0.293778
1038,0.248916,0.293778
1039,0.291153,0.298654
1040,0.291153,0.298654
1041,0.228801,0.317676
1042,0.233649,0.276823
1043,0.216637,0.311162
1044,0.331102,0.320169
1045,0.252086,0.331298
1046,0.219862,0.328784
1047,0.239399,0.290432
1048,0.225904,0.314355
1049,0.212658,0.284048
1050,0.265806,0.229651
1051,0.265806,0.229651
1052,0.208761,0.21895
1053,0.248187,0.222618
1054,0.261929,0.266556
1055,0.261929,0.266556
1056,0.261929,0.266556
1057,0.261929,0.266556
1058,0.239541,0.240766
1059,0.239541,0.240766
1060,0.239541,0.240766
1061,0.224098,0.239718
1062,0.137786,0.254517
1063,0.137786,0.254517
1064,0.137786,0.254517
1065,0.206365,0.26182
1066,0.181434,0.3278
1067,0.111152,0.361267
1068,0.111152,0.361267
1069,0.139939,0.37874
1070,0.139939,0.37874
1071,0.139939,0.37874
1072,0.162399,0.3766
1073,0.126838,0.328461
1074,0.184808,0.342625
1075,0.207296,0.334818
1076,0.247777,0.339416
1077,0.203802,0.297876
1078,0.25776,0.275092
1079,0.25776,0.275092
1080,0.233067,0.245029
1081,0.248022,0.285181
1082,0.248022,0.285181
1083,0.242781,0.298234
1084,0.25621,0.294692
1085,0.291345,0.256822
1086,0.345617,0.243525
1087,0.335067,0.234518
1088,0.335067,0.234518
1089,0.404764,0.240721
1090,0.404764,0.240721
1091,0.378066,0.29118
1092,0.378066,0.29118
1093,0.382957,0.290789
1094,0.382957,0.290789
1095,0.382957,0.290789
1096,0.382957,0.290789
1097,0.397746,0.252589
1098,0.335219,0.245836
1099,0.387764,0.293092
1100,0.387764,0.293092
1101,0.387764,0.293092
1102,0.387764,0.293092
1103,0.357053,0.241815
1104,0.357053,0.241815
1105,0.375465,0.199381
1106,0.389383,0.234629
1107,0.389383,0.234629
1108,0.362365,0.243209
1109,0.400381,0.232993
1110,0.387466,0.26369
1111,0.387466,0.26369
1112,0.364017,0.243927
1113,0.431264,0.186895
1114,0.431264,0.186895
1115,0.431264,0.186895
1116,0.428147,0.195555
1117,0.396803,0.22324
1118,0.396803,0.22324
1119,0.396803,0.22324
1120,0.396803,0.22324
1121,0.385504,0.229887
1122,0.385504,0.229887
1123,0.410073,0.256221
1124,0.411046,0.243648
1125,0.411046,0.243648
1126,0.395777,0.290171
1127,0.395777,0.290171
1128,0.395777,0.290171
1129,0.4289,0.253397
1130,0.460064,0.246841
1131,0.460064,0.246841
1132,0.460064,0.246841
1133,0.489261,0.256563
1134,0.489261,0.256563
1135,0.456318,0.27867
1136,0.456904,0.303755
1137,0.456904,0.303755
1138,0.471621,0.279763
1139,0.471621,0.279763
1140,0.471621,0.279763
1141,0.522458,0.277532
1142,0.489342,0.274103
1143,0.489342,0.274103
1144,0.545553,0.279387
1145,0.545553,0.279387
1146,0.545553,0.279387
1147,0.447332,0.296265
1148,0.447332,0.296265
1149,0.466709,0.260249
1150,0.466709,0.260249
1151,0.466709,0.260249
1152,0.419083,0.257371
1153,0.388763,0.266444
1154,0.388763,0.266444
1155,0.371154,0.288122
1156,0.362047,0.276153
1157,0.382241,0.277755
1158,0.326643,0.310764
1159,0.319075,0.344563
1160,0.362354,0.327302
1161,0.400096,0.27148
1162,0.400096,0.27148
1163,0.409063,0.243879
1164,0.409063,0.243879
1165,0.373424,0.213772
1166,0.395207,0.20972
1167,0.395207,0.20972
1168,0.416684,0.221015
1169,0.381411,0.200649
1170,0.381411,0.200649
1171,0.341771,0.167309
1172,0.331142,0.18975
1173,0.262828,0.179565
1174,0.262828,0.179565
1175,0.262828,0.179565
1176,0.274105,0.209504
1177,0.236794,0.196271
1178,0.266474,0.199009
1179,0.266474,0.199009
1180,0.317894,0.235232
1181,0.363956,0.207998
1182,0.363956,0.207998
1183,0.365132,0.195389
1184,0.365132,0.195389
1185,0.309466,0.215541
1186,0.310372,0.274126
1187,0.310372,0.274126
1188,0.362394,0.253893
1189,0.358562,0.308805
1190,0.303934,0.335753
1191,0.283773,0.381742
1192,0.241295,0.358087
1193,0.272418,0.349965
1194,0.218197,0.349015
1195,0.193478,0.305093
1196,0.174899,0.368364
1197,0.236831,0.343653
1198,0.186545,0.375856
1199,0.195078,0.365229
1200,0.153215,0.413239
1201,0.123965,0.426712
1202,0.133668,0.384898
1203,0.133668,0.384898
1204,0.138072,0.368363
1205,0.150314,0.396563
1206,0.150314,0.396563
1207,0.171366,0.425456
1208,0.135707,0.434662
1209,0.104356,0.383096
1210,0.123091,0.400918
1211,0.132953,0.356425
1212,0.142371,0.341529
1213,0.192402,0.415539
1214,0.240161,0.393489
1215,0.240161,0.393489
1216,0.240161,0.393489
1217,0.240161,0.393489
1218,0.178913,0.453007
1219,0.183684,0.468504
1220,0.230529,0.448369
1221,0.230529,0.448369
1222,0.248686,0.460094
1223,0.248771,0.482929
1224,0.22818,0.512827
1225,0.243789,0.442194
1226,0.202245,0.476683
1227,0.171658,0.448446
1228,0.192755,0.429313
1229,0.190469,0.411067
1230,0.190469,0.411067
1231,0.172943,0.414788
1232,0.172943,0.414788
1233,0.179112,0.398507
1234,0.179112,0.398507
1235,0.217082,0.36055
1236,0.217082,0.36055
1237,0.217082,0.36055
1238,0.217082,0.36055
1239,0.217082,0.36055
1240,0.217082,0.36055
1241,0.236087,0.321535
1242,0.229488,0.308641
1243,0.229488,0.308641
1244,0.212465,0.321448
1245,0.231326,0.36463
1246,0.234583,0.297153
1247,0.267779,0.318356
1248,0.242217,0.306422
1249,0.243392,0.322658
1250,0.259997,0.328047
1251,0.255515,0.303741
1252,0.283561,0.288264
1253,0.321192,0.242049
1254,0.266686,0.254916
1255,0.266686,0.254916
1256,0.266686,0.254916
1257,0.25885,0.297202
1258,0.297683,0.266552
1259,0.2832,0.272343
1260,0.296031,0.263015
1261,0.296031,0.263015
1262,0.281288,0.295548
1263,0.275989,0.294453
1264,0.292079,0.279702
1265,0.324534,0.263231
1266,0.357553,0.241279
1267,0.357553,0.241279
1268,0.333077,0.27392
1269,0.344227,0.22494
1270,0.271973,0.24511
1271,0.288385,0.304027
1272,0.249293,0.278859
1273,0.279891,0.284801
1274,0.25727,0.335026
1275,0.25727,0.335026
1276,0.296893,0.281391
1277,0.237059,0.332165
1278,0.237059,0.332165
1279,0.237059,0.332165
1280,0.237059,0.332165
1281,0.237059,0.332165
1282,0.270625,0.307459
1283,0.285213,0.35906
1284,0.327764,0.439449
1285,0.262021,0.414853
1286,0.255869,0.354635
1287,0.231313,0.33094
1288,0.230122,0.320275
1289,0.327436,0.280061
1290,0.327436,0.280061
1291,0.344444,0.277335
1292,0.345965,0.315993
1293,0.297111,0.28259
1294,0.305935,0.285446
1295,0.325322,0.292252
1296,0.337645,0.297381
1297,0.289096,0.309479
1298,0.340328,0.220623
1299,0.340328,0.220623
1300,0.380007,0.22347
1301,0.369165,0.194149
1302,0.369165,0.194149
1303,0.320044,0.184627
1304,0.287858,0.192396
1305,0.301736,0.190133
1306,0.301736,0.190133
1307,0.324568,0.152227
1308,0.276193,0.121744
1309,0.343976,0.135326
1310,0.332602,0.145123
1311,0.30312,0.179866
1312,0.301883,0.158879
1313,0.301883,0.158879
1314,0.258978,0.169306
1315,0.273343,0.149602
1316,0.313383,0.144829
1317,0.352896,0.20332
1318,0.318653,0.206124
1319,0.322793,0.196247
1320,0.334665,0.185917
1321,0.365802,0.139126
1322,0.407102,0.104991
1323,0.396488,0.114457
1324,0.396488,0.114457
1325,0.406463,0.133742
1326,0.357849,0.142019
1327,0.417144,0.201798
1328,0.417144,0.201798
1329,0.389487,0.19027
1330,0.457215,0.21514
1331,0.457215,0.21514
1332,0.479626,0.173768
1333,0.447029,0.165347
1334,0.447029,0.165347
1335,0.462694,0.232828
1336,0.462694,0.232828
1337,0.462694,0.232828
1338,0.384984,0.233148
1339,0.390241,0.21872
1340,0.335234,0.181771
1341,0.405653,0.156628
1342,0.363629,0.174615
1343,0.378135,0.242319
1344,0.352459,0.214294
1345,0.366512,0.248961
1346,0.340577,0.232585
1347,0.342817,0.221558
1348,0.373128,0.229637
1349,0.367579,0.25548
1350,0.394541,0.245452
1351,0.394541,0.245452
1352,0.394541,0.245452
1353,0.497827,0.296358
1354,0.497827,0.296358
1355,0.433137,0.322089
1356,0.433137,0.322089
1357,0.462443,0.332079
1358,0.462443,0.332079
1359,0.462443,0.332079
1360,0.436077,0.297095
1361,0.427564,0.325776
1362,0.484093,0.335364
1363,0.459502,0.261475
1364,0.469303,0.296574
1365,0.469303,0.296574
1366,0.454951,0.250038
1367,0.388144,0.340213
1368,0.365698,0.295888
1369,0.365698,0.295888
1370,0.435851,0.289971
1371,0.386604,0.318452
1372,0.386604,0.318452
1373,0.433588,0.296886
1374,0.433588,0.296886
1375,0.404103,0.297425
1376,0.404103,0.297425
1377,0.404103,0.297425
1378,0.360191,0.309744
1379,0.360191,0.309744
1380,0.348913,0.295854
1381,0.348913,0.295854
1382,0.348913,0.295854
1383,0.332981,0.317238
1384,0.332981,0.317238
1385,0.313584,0.300575
1386,0.267965,0.293914
1387,0.267965,0.293914
1388,0.274123,0.301872
1389,0.274123,0.301872
1390,0.293036,0.348614
1391,0.280879,0.300093
1392,0.339964,0.232019
1393,0.320964,0.243702
1394,0.342775,0.233203
1395,0.332398,0.269374
1396,0.306076,0.221461
1397,0.306076,0.221461
1398,0.306076,0.221461
1399,0.282124,0.243827
1400,0.282124,0.243827
1401,0.282124,0.243827
1402,0.282124,0.243827
1403,0.262108,0.267133
1404,0.287489,0.214159
1405,0.293211,0.18713
1406,0.295796,0.168917
1407,0.302548,0.166506
1408,0.302548,0.166506
1409,0.343694,0.172277
1410,0.343694,0.172277
1411,0.343694,0.172277
1412,0.343694,0.172277
1413,0.326238,0.111535
1414,0.341526,0.136829
1415,0.366678,0.146209
1416,0.367113,0.198692
1417,0.374531,0.161093
1418,0.392893,0.180983
1419,0.436468,0.171849
1420,0.37041,0.196115
1421,0.41144,0.165423
1422,0.419953,0.21977
1423,0.378241,0.241875
1424,0.401775,0.203242
1425,0.460462,0.139991
1426,0.397775,0.129477
1427,0.397775,0.129477
1428,0.354365,0.142502
1429,0.383595,0.0877929
1430,0.383595,0.0877929
1431,0.407029,0.131216
1432,0.454389,0.108377
1433,0.459473,0.0565208
1434,0.44529,0.119796
1435,0.450948,0.120042
1436,0.521943,0.0846261
1437,0.521943,0.0846261
1438,0.50451,0.116528
1439,0.527138,0.133088
1440,0.527138,0.133088
1441,0.514668,0.111983
1442,0.48655,0.156547
1443,0.468994,0.118277
1444,0.424661,0.136745
1445,0.510244,0.144453
1446,0.517121,0.13015
1447,0.544877,0.150232
1448,0.591397,0.119959
1449,0.534217,0.161662
1450,0.507248,0.148598
1451,0.441805,0.147812
1452,0.426092,0.140339
1453,0.470713,0.16594
1454,0.427418,0.157689
1455,0.438804,0.131065
1456,0.398715,0.162969
1457,0.389315,0.150969
1458,0.433661,0.122684
1459,0.417793,0.119737
1460,0.361725,0.109648
1461,0.361725,0.109648
1462,0.35014,0.0926534
1463,0.35014,0.0926534
1464,0.385052,0.0414142
1465,0.356533,0.0429677
1466,0.331373,0.0453989
1467,0.331373,0.0453989
1468,0.331373,0.0453989
1469,0.412221,0.00624552
1470,0.425688,0.0454955
1471,0.524756,0.026193
1472,0.524756,0.026193
1473,0.524756,0.026193
1474,0.449733,0.0158426
1475,0.394353,0.086753
1476,0.438255,0.123765
1477,0.496858,0.1083
1478,0.448642,0.0931595
1479,0.435754,0.112813
1480,0.411804,0.0464149
1481,0.374378,0.0212241
1482,0.376137,0.0910118
1483,0.376137,0.0910118
1484,0.376137,0.0910118
1485,0.372759,0.113493
1486,0.372759,0.113493
1487,0.365371,0.076534
1488,0.328879,0.0806145
1489,0.266198,0.11405
1490,0.266198,0.11405
1491,0.271827,0.0620419
1492,0.312939,0.159959
1493,0.335029,0.148506
1494,0.35904,0.210551
1495,0.30281,0.262809
1496,0.299983,0.251952
1497,0.299983,0.251952
1498,0.271218,0.196446
1499,0.271218,0.196446
1500,0.275826,0.233558
1501,0.272009,0.27399
1502,0.303297,0.301984
1503,0.293366,0.333887
1504,0.312857,0.385896
1505,0.312857,0.385896
1506,0.293398,0.310427
1507,0.250173,0.273067
1508,0.255329,0.242953
1509,0.274231,0.326952
1510,0.306125,0.296063
1511,0.297412,0.433859
1512,0.297412,0.433859
1513,0.315668,0.433632
1514,0.353808,0.37856
1515,0.357493,0.360056
1516,0.388437,0.442948
1517,0.31842,0.385614
1518,0.334255,0.348412
1519,0.373259,0.351333
1520,0.360115,0.359815
1521,0.368699,0.369668
1522,0.379673,0.351387
1523,0.379673,0.351387
1524,0.379673,0.351387
1525,0.379673,0.351387
1526,0.35923,0.382806
1527,0.33361,0.404022
1528,0.347961,0.465256
1529,0.326931,0.479068
1530,0.389736,0.43484
1531,0.28644,0.402584
1532,0.28644,0.402584
1533,0.288074,0.407773
1534,0.295891,0.38747
1535,0.295891,0.38747
1536,0.269584,0.346674
1537,0.295811,0.392585
1538,0.295811,0.392585
1539,0.262009,0.45429
1540,0.327188,0.543857
1541,0.272827,0.519198
1542,0.272827,0.519198
1543,0.272827,0.519198
1544,0.249118,0.55189
1545,0.249118,0.55189
1546,0.249118,0.55189
1547,0.252502,0.483818
1548,0.280877,0.496023
1549,0.308617,0.555918
1550,0.308617,0.555918
1551,0.308617,0.555918
1552,0.308617,0.555918
1553,0.374107,0.427301
1554,0.374107,0.427301
1555,0.398701,0.437647
1556,0.418767,0.457414
1557,0.364907,0.482538
1558,0.390997,0.425912
1559,0.342305,0.335015
1560,0.351744,0.303207
1561,0.351744,0.303207
1562,0.351744,0.303207
1563,0.346002,0.333288
1564,0.380902,0.328476
1565,0.329662,0.326853
1566,0.329662,0.326853
1567,0.323358,0.315467
1568,0.291157,0.343012
1569,0.298279,0.380842
1570,0.289965,0.359606
1571,0.289965,0.359606
1572,0.300284,0.353945
1573,0.266859,0.362675
1574,0.244454,0.380767
1575,0.233585,0.374033
1576,0.20104,0.361534
1577,0.251963,0.468245
1578,0.226159,0.530434
1579,0.249935,0.464573
1580,0.276767,0.441632
1581,0.276767,0.441632
1582,0.264381,0.504764
1583,0.300877,0.400043
1584,0.250446,0.390451
1585,0.385116,0.380106
1586,0.337824,0.406537
1587,0.320425,0.36805
1588,0.379661,0.323337
1589,0.385399,0.333623
1590,0.385399,0.333623
1591,0.384053,0.338397
1592,0.357291,0.372143
1593,0.430959,0.393217
1594,0.464866,0.333857
1595,0.379733,0.299744
1596,0.380581,0.281117
1597,0.380581,0.281117
1598,0.36149,0.330738
1599,0.36149,0.330738
1600,0.400264,0.423688
1601,0.400264,0.423688
1602,0.400264,0.423688
1603,0.435245,0.387208
1604,0.400797,0.406315
1605,0.400797,0.406315
1606,0.349155,0.382266
1607,0.349155,0.382266
1608,0.349155,0.382266
1609,0.367724,0.434818
1610,0.367724,0.434818
1611,0.367724,0.434818
1612,0.327899,0.412506
1613,0.329152,0.4591
1614,0.299284,0.471223
1615,0.322885,0.457668
1616,0.320972,0.376037
1617,0.295969,0.389461
1618,0.295969,0.389461
1619,0.295969,0.389461
1620,0.326619,0.348217
1621,0.349675,0.283449
1622,0.28787,0.270698
1623,0.28787,0.270698
1624,0.258843,0.337784
1625,0.258843,0.337784
1626,0.314433,0.277861
1627,0.314433,0.277861
1628,0.318936,0.325813
1629,0.453097,0.311409
1630,0.453097,0.311409
1631,0.384259,0.301695
1632,0.384259,0.301695
1633,0.318563,0.387972
1634,0.318563,0.387972
1635,0.330024,0.360841
1636,0.341789,0.325511
1637,0.300771,0.343532
1638,0.31169,0.329549
1639,0.295859,0.3819
1640,0.292366,0.307097
1641,0.292366,0.307097
1642,0.292366,0.307097
1643,0.308805,0.302766
1644,0.308805,0.302766
1645,0.313691,0.271505
1646,0.294082,0.309188
1647,0.337961,0.313883
1648,0.363326,0.278764
1649,0.368923,0.304558
1650,0.368923,0.304558
1651,0.368923,0.304558
1652,0.379238,0.279458
1653,0.417208,0.274341
1654,0.4202,0.246401
1655,0.4202,0.246401
1656,0.417047,0.271236
1657,0.417047,0.271236
1658,0.355275,0.227771
1659,0.347083,0.239062
1660,0.385713,0.228182
1661,0.371608,0.230338
1662,0.371608,0.230338
1663,0.323965,0.225046
1664,0.324965,0.225976
1665,0.40689,0.224897
1666,0.324604,0.219478
1667,0.324604,0.219478
1668,0.324604,0.219478
1669,0.371936,0.245712
1670,0.368584,0.229539
1671,0.337074,0.247758
1672,0.337074,0.247758
1673,0.260738,0.249957
1674,0.260738,0.249957
1675,0.260738,0.249957
1676,0.274826,0.21057
1677,0.274826,0.21057
1678,0.272535,0.223553
1679,0.258126,0.25258
1680,0.211256,0.267532
1681,0.211256,0.267532
1682,0.258245,0.257674
1683,0.227903,0.278454
1684,0.241089,0.304688
1685,0.287922,0.289978
1686,0.287922,0.289978
1687,0.287922,0.289978
1688,0.287922,0.289978
1689,0.260609,0.246667
1690,0.233496,0.286786
1691,0.281252,0.284128
1692,0.25226,0.299155
1693,0.275234,0.336891
1694,0.256117,0.313909
1695,0.296399,0.314452
1696,0.310073,0.324715
1697,0.355822,0.31517
1698,0.355822,0.31517
1699,0.366847,0.333793
1700,0.366847,0.333793
1701,0.298198,0.307827
1702,0.298198,0.307827
1703,0.338695,0.314717
1704,0.292064,0.324694
1705,0.234421,0.379885
1706,0.212509,0.471555
1707,0.311897,0.438989
1708,0.311897,0.438989
1709,0.311897,0.438989
1710,0.311897,0.438989
1711,0.311897,0.438989
1712,0.261051,0.446636
1713,0.261805,0.444078
1714,0.243557,0.466976
1715,0.243557,0.466976
1716,0.243557,0.466976
1717,0.283205,0.433155
1718,0.283205,0.433155
1719,0.300073,0.367567
1720,0.315051,0.403727
1721,0.342798,0.363571
1722,0.342798,0.363571
1723,0.416169,0.376516
1724,0.352625,0.457996
1725,0.349733,0.430906
1726,0.395006,0.394447
1727,0.318425,0.43847
1728,0.305792,0.433275
1729,0.312217,0.467735
1730,0.380587,0.427522
1731,0.369157,0.497982
1732,0.336189,0.438931
1733,0.336189,0.438931
1734,0.398372,0.46175
1735,0.350661,0.40982
1736,0.374389,0.376846
1737,0.374389,0.376846
1738,0.362358,0.337298
1739,0.314087,0.390319
1740,0.34132,0.392803
1741,0.343945,0.413087
1742,0.343945,0.413087
1743,0.343945,0.413087
1744,0.346803,0.396306
1745,0.389589,0.381909
1746,0.355691,0.369488
1747,0.372735,0.369571
1748,0.372735,0.369571
1749,0.331569,0.399724
1750,0.373182,0.364508
1751,0.363929,0.327522
1752,0.363929,0.327522
1753,0.343391,0.403905
1754,0.411482,0.385059
1755,0.411482,0.385059
1756,0.411482,0.385059
1757,0.411482,0.385059
1758,0.411482,0.385059
1759,0.411482,0.385059
1760,0.411482,0.385059
1761,0.353358,0.381168
1762,0.353358,0.381168
1763,0.341354,0.387172
1764,0.333616,0.364455
1765,0.37168,0.376619
1766,0.37168,0.376619
1767,0.438605,0.409736
1768,0.443995,0.349735
1769,0.401845,0.40394
1770,0.376414,0.380617
1771,0.32098,0.364437
1772,0.317048,0.371665
1773,0.338693,0.371396
1774,0.227449,0.425828
1775,0.29131,0.389924
1776,0.372615,0.375369
1777,0.336837,0.357119
1778,0.345471,0.358682
1779,0.324244,0.302142
1780,0.293563,0.325506
1781,0.294706,0.358387
1782,0.294706,0.358387
1783,0.294706,0.358387
1784,0.323349,0.376973
1785,0.323349,0.376973
1786,0.31374,0.360268
1787,0.31374,0.360268
1788,0.329368,0.370927
1789,0.329368,0.370927
1790,0.329368,0.370927
1791,0.302041,0.347994
1792,0.302041,0.347994
1793,0.28607,0.296486
1794,0.270621,0.269156
1795,0.270621,0.269156
1796,0.313112,0.34591
1797,0.285076,0.33784
1798,0.24749,0.358305
1799,0.289521,0.333754
1800,0.299029,0.331491
1801,0.364666,0.373234
1802,0.369977,0.365423
1803,0.395082,0.432278
1804,0.395082,0.432278
1805,0.395082,0.432278
1806,0.285793,0.466023
1807,0.285793,0.466023
1808,0.293544,0.513872
1809,0.30775,0.507321
1810,0.30775,0.507321
1811,0.30775,0.507321
1812,0.335755,0.569187
1813,0.335755,0.569187
1814,0.322683,0.617474
1815,0.332931,0.642209
1816,0.307262,0.555738
1817,0.310709,0.525237
1818,0.324434,0.498608
1819,0.319245,0.459002
1820,0.319245,0.459002
1821,0.319245,0.459002
1822,0.294819,0.464719
1823,0.294819,0.464719
1824,0.294819,0.464719
1825,0.215189,0.391268
1826,0.270251,0.388355
1827,0.270251,0.388355
1828,0.270251,0.388355
1829,0.261878,0.423103
1830,0.338485,0.379177
1831,0.28356,0.393996
1832,0.28356,0.393996
1833,0.280885,0.411408
1834,0.267163,0.410132
1835,0.28825,0.387807
1836,0.28825,0.387807
1837,0.266418,0.457303
1838,0.266418,0.457303
1839,0.272413,0.504679
1840,0.259358,0.518579
1841,0.244718,0.43928
1842,0.260492,0.436742
1843,0.291607,0.364259
1844,0.297356,0.38504
1845,0.337638,0.293398
1846,0.380806,0.307061
1847,0.380806,0.307061
1848,0.380806,0.307061
1849,0.291965,0.299536
1850,0.312396,0.311572
1851,0.327838,0.346339
1852,0.327838,0.346339
1853,0.327838,0.346339
1854,0.347906,0.39978
1855,0.347906,0.39978
1856,0.347906,0.39978
1857,0.307546,0.39981
1858,0.341511,0.444418
1859,0.374275,0.410133
1860,0.399785,0.409932
1861,0.355154,0.381555
1862,0.355154,0.381555
1863,0.391872,0.395119
1864,0.316757,0.357296
1865,0.316757,0.357296
1866,0.376248,0.314606
1867,0.376248,0.314606
1868,0.336465,0.346978
1869,0.336465,0.346978
1870,0.342033,0.278299
1871,0.342033,0.278299
1872,0.358994,0.256596
1873,0.34333,0.223398
1874,0.352202,0.215933
1875,0.302456,0.221541
1876,0.341122,0.266843
1877,0.341122,0.266843
1878,0.350862,0.210865
1879,0.337748,0.182275
1880,0.337748,0.182275
1881,0.337748,0.182275
1882,0.366753,0.178567
1883,0.394176,0.163806
1884,0.409067,0.200993
1885,0.403226,0.162463
1886,0.385864,0.138949
1887,0.385864,0.138949
1888,0.385864,0.138949
1889,0.385864,0.138949
1890,0.377171,0.17829
1891,0.411278,0.194759
1892,0.378135,0.0836321
1893,0.378135,0.0836321
1894,0.399968,0.118893
1895,0.37646,0.125464
1896,0.379948,0.0794505
1897,0.359308,0.100822
1898,0.335996,0.145328
1899,0.39021,0.0954121
1900,0.32898,0.109176
1901,0.318703,0.110003
1902,0.31817,0.105729
1903,0.354688,0.0930732
1904,0.354787,0.109246
1905,0.405871,0.0453544
1906,0.422692,0.0650877
1907,0.433055,0.0834795
1908,0.459272,0.0599381
1909,0.504384,0.107534
1910,0.498858,0.0734422
1911,0.3896,0.115335
1912,0.37889,0.12121
1913,0.37889,0.12121
1914,0.37889,0.12121
1915,0.389341,0.0689948
1916,0.390491,0.0876252
1917,0.357305,0.101178
1918,0.337467,0.107621
1919,0.42065,0.123441
1920,0.42065,0.123441
1921,0.42065,0.123441
1922,0.451899,0.092683
1923,0.468245,0.15354
1924,0.50233,0.152587
1925,0.576826,0.159599
1926,0.485768,0.139928
1927,0.552181,0.0783443
1928,0.441657,0.106923
1929,0.441657,0.106923
1930,0.391297,0.129391
1931,0.315566,0.134423
1932,0.315566,0.134423
1933,0.315566,0.134423
1934,0.436446,0.108483
1935,0.436446,0.108483
1936,0.40669,0.134881
1937,0.452851,0.109423
1938,0.35836,0.130799
1939,0.35836,0.130799
1940,0.405186,0.126932
1941,0.405186,0.126932
1942,0.357994,0.0954674
1943,0.389824,0.128414
1944,0.312005,0.132306
1945,0.28671,0.140599
1946,0.259975,0.131283
1947,0.259975,0.131283
1948,0.259975,0.131283
1949,0.259975,0.131283
1950,0.279812,0.127652
1951,0.303578,0.159786
1952,0.303578,0.159786
1953,0.277592,0.141877
1954,0.274345,0.160032
1955,0.315512,0.202274
1956,0.303191,0.220384
1957,0.290117,0.203903
1958,0.273586,0.134837
1959,0.273586,0.134837
1960,0.273586,0.134837
1961,0.328932,0.142948
1962,0.328932,0.142948
1963,0.351531,0.142871
1964,0.351531,0.142871
1965,0.306719,0.126119
1966,0.306719,0.126119
1967,0.306719,0.126119
1968,0.306719,0.126119
1969,0.368389,0.148739
1970,0.368389,0.148739
1971,0.339695,0.163786
1972,0.334342,0.123483
1973,0.336254,0.161085
1974,0.291018,0.120727
1975,0.291018,0.120727
1976,0.304087,0.153715
1977,0.304087,0.153715
1978,0.304087,0.153715
1979,0.26674,0.179568
1980,0.247643,0.170506
1981,0.241834,0.197187
1982,0.271719,0.238116
1983,0.257531,0.236704
1984,0.230092,0.268505
1985,0.258108,0.267305
1986,0.285065,0.239878
1987,0.285065,0.239878
1988,0.258487,0.241424
1989,0.254715,0.208299
1990,0.254715,0.208299
1991,0.254716,0.208299
1992,0.281955,0.179957
1993,0.30228,0.197586
1994,0.267237,0.234008
1995,0.267237,0.234008
1996,0.294393,0.262846
1997,0.294393,0.262846
1998,0.272485,0.292571
1999,0.272485,0.292571
2000,0.305324,0.293742
2001,0.311085,0.24612
2002,0.311085,0.24612
2003,0.312916,0.23311
2004,0.312916,0.23311
2005,0.274953,0.236917
2006,0.274953,0.236917
2007,0.274953,0.236917
2008,0.244434,0.233465
2009,0.283677,0.194467
2010,0.317399,0.20019
2011,0.347833,0.160748
2012,0.340257,0.18065
2013,0.335704,0.150106
2014,0.321064,0.186695
2015,0.367932,0.191559
2016,0.367932,0.191559
2017,0.37737,0.18024
2018,0.35956,0.21412
2019,0.285545,0.207464
2020,0.329339,0.221758
2021,0.330267,0.218349
2022,0.403685,0.196298
2023,0.403685,0.196298
2024,0.403685,0.196298
2025,0.374253,0.185238
2026,0.44284,0.153817
2027,0.401655,0.172449
2028,0.41741,0.215425
2029,0.382939,0.217177
2030,0.354793,0.225009
2031,0.337795,0.200135
2032,0.378312,0.175337
2033,0.378312,0.175337
2034,0.378312,0.175337
2035,0.340021,0.162811
2036,0.379385,0.186342
2037,0.310363,0.181172
2038,0.310363,0.181172
2039,0.265685,0.156783
2040,0.265685,0.156783
2041,0.286717,0.169057
2042,0.338377,0.137981
2043,0.33437,0.144867
2044,0.33437,0.144867
2045,0.35797,0.166584
2046,0.35797,0.166584
2047,0.355849,0.191762
2048,0.305834,0.212029
2049,0.327388,0.190896
2050,0.309889,0.211715
2051,0.29935,0.233146
2052,0.359995,0.179368
2053,0.361034,0.183827
2054,0.361034,0.183827
2055,0.393213,0.176649
2056,0.346217,0.193316
2057,0.390621,0.210844
2058,0.36239,0.242713
2059,0.288099,0.227979
2060,0.323432,0.224222
2061,0.312175,0.237028
2062,0.334932,0.214133
2063,0.334932,0.214133
2064,0.334932,0.214133
2065,0.334932,0.214133
2066,0.350019,0.233573
2067,0.350019,0.233573
2068,0.350019,0.233573
2069,0.350019,0.233573
2070,0.328799,0.2427
2071,0.381154,0.271325
2072,0.349145,0.266239
2073,0.349145,0.266239
2074,0.349145,0.266239
2075,0.345996,0.313072
2076,0.322286,0.30461
2077,0.303612,0.313971
2078,0.299937,0.327009
2079,0.29796,0.325703
2080,0.274647,0.293795
2081,0.32603,0.290099
2082,0.302103,0.27467
2083,0.342895,0.26702
2084,0.339625,0.261593
2085,0.339625,0.261593
2086,0.353318,0.215463
2087,0.366804,0.183625
2088,0.395736,0.20856
2089,0.398873,0.183151
2090,0.367054,0.17331
2091,0.313534,0.187025
2092,0.312894,0.230745
2093,0.313996,0.257987
2094,0.313996,0.257987
2095,0.293138,0.225776
2096,0.290507,0.216516
2097,0.290507,0.216516
2098,0.338346,0.247623
2099,0.342895,0.237337
2100,0.342895,0.237337
2101,0.342895,0.237337
2102,0.33157,0.229108
2103,0.33157,0.229108
2104,0.346142,0.229493
2105,0.335386,0.225975
2106,0.318837,0.288394
2107,0.356919,0.300471
2108,0.363017,0.326983
2109,0.363017,0.326983
2110,0.347317,0.365566
2111,0.298414,0.351048
2112,0.328264,0.32629
2113,0.328264,0.32629
2114,0.286212,0.348238
2115,0.300356,0.368601
2116,0.230087,0.335096
2117,0.230087,0.335096
2118,0.236478,0.308605
2119,0.244859,0.338229
2120,0.330797,0.322373
2121,0.370026,0.271789
2122,0.247053,0.296179
2123,0.247053,0.296179
2124,0.249573,0.30215
2125,0.228686,0.304491
2126,0.228686,0.304491
2127,0.1857,0.342559
2128,0.229838,0.35947
2129,0.229838,0.35947
2130,0.229838,0.35947
2131,0.240553,0.320202
2132,0.241946,0.331917
2133,0.241946,0.331917
2134,0.194713,0.286929
2135,0.197992,0.334603
2136,0.197992,0.334603
2137,0.148989,0.315222
2138,0.119132,0.323098
2139,0.119132,0.323098
2140,0.135418,0.343194
2141,0.121442,0.362392
2142,0.133355,0.350247
2143,0.0852411,0.363803
2144,0.122702,0.334843
2145,0.0996935,0.298515
2146,0.0996935,0.298515
2147,0.0971663,0.246862
2148,0.0971663,0.246862
2149,0.0971663,0.246862
2150,0.103859,0.256591
2151,0.0657453,0.262097
2152,0.0734889,0.250341
2153,0.046996,0.287767
2154,0.046996,0.287767
2155,0.0565241,0.268867
2156,0.0224873,0.219345
2157,0.0435634,0.272157
2158,0.0435634,0.272157
2159,0.0396606,0.283124
2160,0.0396606,0.283124
2161,0.0212129,0.315913
2162,0.049381,0.340126
2163,0.049381,0.340126
2164,0.0555141,0.302984
2165,0.0504032,0.302407
2166,0.0504032,0.302407
2167,0.0257,0.310483
2168,0.0257,0.310483
2169,0.0257,0.310483
2170,0.0257,0.310483
2171,0.00392515,0.359428
2172,0.00392515,0.359428
2173,0.00392515,0.359428
2174,0.00392515,0.359428
2175,0.00392515,0.359428
2176,0.0322859,0.389409
2177,0.0406922,0.330069
2178,0.0406922,0.330069
2179,0.0530064,0.372007
2180,0.082588,0.394618
2181,0.0487455,0.35532
2182,0.0794751,0.353171
2183,0.0938272,0.341379
2184,0.0938272,0.341379
2185,0.0938272,0.341379
2186,0.0938272,0.341379
2187,0.0852135,0.355209
2188,0.0931666,0.37631
2189,0.0931666,0.37631
2190,0.123267,0.369573
2191,0.0819038,0.356592
2192,0.0817474,0.34069
2193,0.0817474,0.34069
2194,0.0817474,0.34069
2195,0.0600827,0.359896
2196,0.0578825,0.354953
2197,0.0520745,0.38263
2198,0.0893385,0.343593
2199,0.118866,0.320753
2200,0.118866,0.320753
2201,0.113578,0.310801
2202,0.140645,0.316002
2203,0.118795,0.33343
2204,0.103213,0.332791
2205,0.103213,0.332791
2206,0.12502,0.335992
2207,0.154206,0.353995
2208,0.156729,0.345745
2209,0.100935,0.331015
2210,0.0784865,0.342805
2211,0.0784865,0.342805
2212,0.0784865,0.342805
2213,0.0690564,0.323127
2214,0.0674162,0.387818
2215,0.0571524,0.343874
2216,0.0579174,0.377676
2217,0.0330468,0.378667
2218,0.0458024,0.358444
2219,0.0458024,0.358444
2220,0.0179675,0.338312
2221,0.0709422,0.336269
2222,0.0968519,0.284538
2223,0.127807,0.302697
2224,0.127807,0.302697
2225,0.127807,0.302697
2226,0.127807,0.302697
2227,0.127807,0.302697
2228,0.127807,0.302697
2229,0.167298,0.284262
2230,0.167298,0.284262
2231,0.150708,0.244345
2232,0.150708,0.244345
2233,0.150708,0.244345
2234,0.150708,0.244345
2235,0.150708,0.244345
2236,0.152628,0.242738
2237,0.137501,0.267812
2238,0.137501,0.267812
2239,0.141149,0.265377
2240,0.165569,0.264832
2241,0.149087,0.257432
2242,0.149087,0.257432
2243,0.17685,0.241747
2244,0.17685,0.241747
2245,0.169819,0.26025
2246,0.169819,0.26025
2247,0.178645,0.245549
2248,0.141908,0.272467
2249,0.141908,0.272467
2250,0.13891,0.283034
2251,0.142745,0.346147
2252,0.150094,0.328302
2253,0.150094,0.328302
2254,0.160891,0.363458
2255,0.184726,0.396726
2256,0.176712,0.341105
2257,0.183374,0.336965
2258,0.197927,0.300058
2259,0.191698,0.353947
2260,0.205755,0.380653
2261,0.205755,0.380653
2262,0.264265,0.418164
2263,0.232286,0.321934
2264,0.231062,0.363955
2265,0.240529,0.36282
2266,0.240529,0.36282
2267,0.240529,0.36282
2268,0.253133,0.322439
2269,0.275199,0.3514
2270,0.275199,0.3514
2271,0.270099,0.364081
2272,0.270099,0.364081
2273,0.291163,0.398154
2274,0.318099,0.33173
2275,0.309156,0.311343
2276,0.310873,0.314589
2277,0.310873,0.314589
2278,0.315681,0.3167
2279,0.27041,0.31811
2280,0.273337,0.284876
2281,0.256171,0.288132
2282,0.257172,0.280237
2283,0.269464,0.303104
2284,0.324129,0.289023
2285,0.306744,0.322046
2286,0.286841,0.2608
2287,0.285008,0.268469
2288,0.285008,0.268469
2289,0.231958,0.229332
2290,0.201513,0.211062
2291,0.201513,0.211062
2292,0.234695,0.243308
2293,0.21222,0.286496
2294,0.199792,0.248662
2295,0.199792,0.248662
2296,0.205398,0.332158
2297,0.205398,0.332158
2298,0.232926,0.367518
2299,0.237296,0.409338
2300,0.286872,0.44356
2301,0.299503,0.378597
2302,0.277762,0.293205
2303,0.280072,0.301206
2304,0.285349,0.297576
2305,0.293639,0.250324
2306,0.280405,0.283466
2307,0.280405,0.283466
2308,0.293585,0.244817
2309,0.293585,0.244817
2310,0.296756,0.211421
2311,0.327343,0.188231
2312,0.300809,0.196089
2313,0.300809,0.196089
2314,0.300809,0.196089
2315,0.300809,0.196089
2316,0.33319,0.193675
2317,0.33319,0.193675
2318,0.293569,0.214128
2319,0.332294,0.173083
2320,0.348251,0.161193
2321,0.370547,0.18066
2322,0.331471,0.153066
2323,0.28005,0.158066
2324,0.291186,0.174602
2325,0.292533,0.178141
2326,0.279268,0.179633
2327,0.242086,0.184491
2328,0.242086,0.184491
2329,0.275446,0.191014
2330,0.277872,0.182059
2331,0.261229,0.208256
2332,0.253534,0.263271
2333,0.278358,0.264092
2334,0.278358,0.264092
2335,0.300857,0.234626
2336,0.300857,0.234626
2337,0.304431,0.213648
2338,0.294412,0.20137
2339,0.294412,0.20137
2340,0.310845,0.194484
2341,0.309652,0.178152
2342,0.309652,0.178152
2343,0.33119,0.179048
2344,0.340084,0.150319
2345,0.278419,0.131887
2346,0.278419,0.131887
2347,0.278419,0.131887
2348,0.315244,0.161248
2349,0.315244,0.161248
2350,0.360736,0.169891
2351,0.416854,0.131672
2352,0.383877,0.151376
2353,0.39547,0.0971295
2354,0.404749,0.111283
2355,0.411646,0.14116
2356,0.393124,0.107634
2357,0.464363,0.0167566
2358,0.447645,0.0435805
2359,0.447645,0.0435805
2360,0.494083,0.0486274
2361,0.510764,0.0677098
2362,0.510764,0.0677098
2363,0.516017,0.0674664
2364,0.516017,0.0674664
2365,0.465753,0.0164376
2366,0.497465,0.00600563
2367,0.441107,0.0525385
2368,0.441107,0.0525385
2369,0.441107,0.0525385
2370,0.423844,0.0491489
2371,0.399521,0.0709703
2372,0.399521,0.0709703
2373,0.410224,0.0891166
2374,0.410224,0.0891166
2375,0.405431,0.10778
2376,0.405431,0.10778
2377,0.373397,0.141622
2378,0.373397,0.141622
2379,0.373397,0.141622
2380,0.373397,0.141622
2381,0.353096,0.14811
2382,0.311056,0.18138
2383,0.36111,0.120798
2384,0.36111,0.120798
2385,0.327008,0.143646
2386,0.333458,0.160048
2387,0.320589,0.151705
2388,0.343275,0.195797
2389,0.351961,0.207525
2390,0.378586,0.222923
2391,0.401684,0.233749
2392,0.391938,0.215512
2393,0.391938,0.215512
2394,0.359987,0.223934
2395,0.359987,0.223934
2396,0.352132,0.253975
2397,0.352132,0.253975
2398,0.336138,0.299134
2399,0.336138,0.299134
2400,0.326143,0.289439
2401,0.290233,0.325786
2402,0.291042,0.305338
2403,0.314321,0.308366
2404,0.323507,0.362233
2405,0.323507,0.362233
2406,0.303806,0.339333
2407,0.3077,0.388801
2408,0.30024,0.338792
2409,0.301511,0.344499
2410,0.269328,0.374401
2411,0.245316,0.322608
2412,0.245316,0.322608
2413,0.245316,0.322608
2414,0.245316,0.322608
2415,0.268934,0.322411
2416,0.276207,0.280707
2417,0.339137,0.268316
2418,0.302211,0.338007
2419,0.284514,0.301221
2420,0.301853,0.320572
2421,0.291353,0.21394
2422,0.337857,0.193204
2423,0.357179,0.183252
2424,0.357179,0.183252
2425,0.349588,0.182671
2426,0.349588,0.182671
2427,0.349588,0.182671
2428,0.340397,0.181632
2429,0.340397,0.181632
2430,0.340397,0.181632
2431,0.331439,0.22025
2432,0.347291,0.230119
2433,0.299448,0.237958
2434,0.299448,0.237958
2435,0.296426,0.202328
2436,0.293074,0.219051
2437,0.351592,0.220246
2438,0.375726,0.253692
2439,0.379781,0.303609
2440,0.379781,0.303609
2441,0.379781,0.303609
2442,0.367671,0.266585
2443,0.354375,0.259027
2444,0.365522,0.209124
2445,0.280609,0.239093
2446,0.318866,0.247071
2447,0.28057,0.237711
2448,0.336515,0.20853
2449,0.336515,0.20853
2450,0.28827,0.194176
2451,0.296806,0.16452
2452,0.293194,0.115923
2453,0.293194,0.115923
2454,0.293194,0.115923
2455,0.293194,0.115923
2456,0.312169,0.113347
2457,0.312169,0.113347
2458,0.312169,0.113347
2459,0.312169,0.113347
2460,0.313097,0.149926
2461,0.313097,0.149926
2462,0.339847,0.167163
2463,0.339847,0.167163
2464,0.286853,0.194041
2465,0.317735,0.164575
2466,0.35682,0.123182
2467,0.35682,0.123182
2468,0.364314,0.135843
2469,0.364314,0.135843
2470,0.342649,0.120724
2471,0.33868,0.121136
2472,0.326701,0.112448
2473,0.326701,0.112448
2474,0.384459,0.134378
2475,0.396284,0.143307
2476,0.386149,0.128183
2477,0.386149,0.128183
2478,0.390185,0.1077
2479,0.340898,0.0876448
2480,0.340898,0.0876448
2481,0.326119,0.115569
2482,0.375454,0.0984847
2483,0.28459,0.0917641
2484,0.28459,0.0917641
2485,0.28459,0.0917641
2486,0.277609,0.104816
2487,0.277609,0.104816
2488,0.315254,0.142287
2489,0.315254,0.142287
2490,0.261321,0.176541
2491,0.299688,0.204828
2492,0.289939,0.164768
2493,0.293637,0.17081
2494,0.293637,0.17081
2495,0.31434,0.18173
2496,0.302661,0.187667
2497,0.302661,0.187667
2498,0.322797,0.156241
2499,0.301042,0.17173
2500,0.207882,0.182603
2501,0.21902,0.179881
2502,0.217827,0.180874
2503,0.222219,0.245733
2504,0.222219,0.245733
2505,0.216666,0.218558
2506,0.222076,0.220468
2507,0.254307,0.188885
2508,0.319702,0.163491
2509,0.319702,0.163491
2510,0.319702,0.163491
2511,0.277152,0.159994
2512,0.231574,0.207808
2513,0.266877,0.176826
2514,0.252071,0.206761
2515,0.234495,0.199634
2516,0.253003,0.177419
2517,0.253003,0.177419
2518,0.253003,0.177419
2519,0.253003,0.177419
2520,0.194772,0.186681
2521,0.223244,0.187364
2522,0.212297,0.183968
2523,0.187849,0.112287
2524,0.177516,0.183934
2525,0.161845,0.156336
2526,0.180781,0.175643
2527,0.210274,0.140977
2528,0.21777,0.182068
2529,0.21777,0.182068
2530,0.21777,0.182068
2531,0.206121,0.214436
2532,0.206121,0.214436
2533,0.176479,0.215876
2534,0.162943,0.228595
2535,0.176696,0.325795
2536,0.177056,0.245864
2537,0.169281,0.325193
2538,0.169281,0.325193
2539,0.171394,0.360156
2540,0.177774,0.34686
2541,0.177774,0.34686
2542,0.177774,0.34686
2543,0.202214,0.305735
2544,0.190822,0.312743
2545,0.182943,0.338695
2546,0.182943,0.338695
2547,0.187396,0.363718
2548,0.190099,0.320728
2549,0.174331,0.314137
2550,0.191197,0.326467
2551,0.191197,0.326467
2552,0.238623,0.294941
2553,0.238623,0.294941
2554,0.238623,0.294941
2555,0.238623,0.294941
2556,0.224669,0.282832
2557,0.214128,0.284871
2558,0.180247,0.253811
2559,0.180247,0.253811
2560,0.179502,0.226753
2561,0.181209,0.261989
2562,0.181209,0.261989
2563,0.164202,0.316844
2564,0.149151,0.37625
2565,0.130959,0.33169
2566,0.130959,0.33169
2567,0.145092,0.286332
2568,0.182142,0.289012
2569,0.185364,0.268862
2570,0.223839,0.288696
2571,0.221979,0.235708
2572,0.200394,0.250365
2573,0.174195,0.258911
2574,0.156616,0.246281
2575,0.161624,0.253451
2576,0.161624,0.253451
2577,0.153528,0.251924
2578,0.155794,0.242531
2579,0.143168,0.253716
2580,0.140473,0.216532
2581,0.123474,0.220398
2582,0.123474,0.220398
2583,0.120114,0.178182
2584,0.174503,0.206258
2585,0.167317,0.230716
2586,0.167317,0.230716
2587,0.128585,0.184411
2588,0.210518,0.178878
2589,0.210518,0.178878
2590,0.129849,0.15198
2591,0.160482,0.0810218
2592,0.160482,0.0810218
2593,0.185016,0.0715883
2594,0.1824,0.0486008
2595,0.1824,0.0486008
2596,0.140403,0.0430436
2597,0.107896,0.0261824
2598,0.123811,0.0625744
2599,0.123811,0.0625744
2600,0.122025,0.127791
2601,0.114504,0.132023
2602,0.0811642,0.123273
2603,0.0931719,0.109838
2604,0.0429813,0.112045
2605,0.0770386,0.131815
2606,0.10664,0.139462
2607,0.10664,0.139462
2608,0.110606,0.140611
2609,0.110606,0.140611
2610,0.131815,0.138049
2611,0.127765,0.108147
2612,0.127765,0.108147
2613,0.10608,0.10816
2614,0.0943983,0.134984
2615,0.0943983,0.134984
2616,0.0972054,0.13389
2617,0.0972054,0.13389
2618,0.133132,0.127705
2619,0.187996,0.102314
2620,0.187996,0.102314
2621,0.187996,0.102314
2622,0.156095,0.0829527
2623,0.25132,0.0872183
2624,0.182818,0.089581
2625,0.182818,0.089581
2626,0.144479,0.0479418
2627,0.144479,0.0479418
2628,0.168664,0.013057
2629,0.221503,0.09292
2630,0.191518,0.042439
2631,0.191518,0.042439
2632,0.191518,0.042439
2633,0.191518,0.042439
2634,0.187433,0.107798
2635,0.188759,0.0989766
2636,0.188759,0.0989766
2637,0.20091,0.134611
2638,0.184004,0.0673591
2639,0.247993,0.113674
2640,0.224426,0.108741
2641,0.190558,0.129441
2642,0.190558,0.129441
2643,0.190558,0.129441
2644,0.197699,0.170429
2645,0.197699,0.170429
2646,0.184534,0.132613
2647,0.254238,0.152996
2648,0.235057,0.182283
2649,0.235057,0.182283
2650,0.23622,0.198538
2651,0.23622,0.198538
2652,0.23622,0.198538
2653,0.233521,0.14353
2654,0.233521,0.14353
2655,0.233521,0.14353
2656,0.233521,0.14353
2657,0.233521,0.14353
2658,0.222384,0.204622
2659,0.222384,0.204622
2660,0.222384,0.204622
2661,0.221965,0.144549
2662,0.221965,0.144549
2663,0.211989,0.156918
2664,0.224671,0.11933
2665,0.24201,0.142106
2666,0.237623,0.157828
2667,0.278378,0.174767
2668,0.231237,0.148973
2669,0.236549,0.182166
2670,0.222518,0.238067
2671,0.251135,0.262427
2672,0.251135,0.262427
2673,0.251135,0.262427
2674,0.215157,0.266435
2675,0.23265,0.27607
2676,0.163268,0.166047
2677,0.163268,0.166047
2678,0.170758,0.179395
2679,0.170758,0.179395
2680,0.170758,0.179395
2681,0.192325,0.144469
2682,0.192325,0.144469
2683,0.180253,0.201267
2684,0.24742,0.229727
2685,0.266506,0.213443
2686,0.255655,0.224051
2687,0.21267,0.217185
2688,0.208723,0.252395
2689,0.208723,0.252395
2690,0.165106,0.244667
2691,0.166308,0.264925
2692,0.141496,0.244902
2693,0.160599,0.24108
2694,0.184011,0.250584
2695,0.184011,0.250584
2696,0.188257,0.256295
2697,0.188257,0.256295
2698,0.194953,0.230223
2699,0.194953,0.230223
2700,0.194953,0.230223
2701,0.197921,0.206682
2702,0.197921,0.206682
2703,0.164492,0.229845
2704,0.17619,0.172731
2705,0.20417,0.186837
2706,0.179334,0.220011
2707,0.174976,0.2195
2708,0.184758,0.150831
2709,0.175332,0.139728
2710,0.175332,0.139728
2711,0.175332,0.139728
2712,0.175332,0.139728
2713,0.174872,0.167959
2714,0.19163,0.1737
2715,0.193033,0.173858
2716,0.173819,0.169017
2717,0.173819,0.169017
2718,0.183622,0.152095
2719,0.177014,0.121281
2720,0.169566,0.144137
2721,0.213351,0.128718
2722,0.220502,0.120539
2723,0.220502,0.120539
2724,0.220502,0.120539
2725,0.220502,0.120539
2726,0.20954,0.162629
2727,0.161543,0.124343
2728,0.173805,0.119702
2729,0.21168,0.123833
2730,0.21168,0.123833
2731,0.198592,0.1189
2732,0.198592,0.1189
2733,0.203897,0.141458
2734,0.26334,0.0955252
2735,0.26334,0.0955252
2736,0.24057,0.0536778
2737,0.223034,0.0776359
2738,0.211418,0.125251
2739,0.211418,0.125251
2740,0.211418,0.125251
2741,0.211418,0.125251
2742,0.181881,0.0666539
2743,0.181881,0.0666539
2744,0.181881,0.0666539
2745,0.193129,0.0818969
2746,0.152565,0.0871252
2747,0.152565,0.0871252
2748,0.155668,0.0948882
2749,0.155668,0.0948882
2750,0.155668,0.0948882
2751,0.152726,0.121213
2752,0.152726,0.121213
2753,0.152726,0.121213
2754,0.21709,0.142337
2755,0.181795,0.155385
2756,0.203693,0.165418
2757,0.203693,0.165418
2758,0.214516,0.129552
2759,0.208451,0.130282
2760,0.215252,0.140523
2761,0.216872,0.131732
2762,0.224684,0.135086
2763,0.224684,0.135086
2764,0.209338,0.125791
2765,0.232797,0.13966
2766,0.232797,0.13966
2767,0.21459,0.12232
2768,0.242148,0.142955
2769,0.23116,0.102674
2770,0.23116,0.102674
2771,0.253853,0.117085
2772,0.22427,0.131156
2773,0.217988,0.109994
2774,0.266405,0.161381
2775,0.286707,0.229235
2776,0.302843,0.159655
2777,0.351224,0.190946
2778,0.263159,0.206549
2779,0.263159,0.206549
2780,0.262831,0.190966
2781,0.294015,0.17271
2782,0.277995,0.161011
2783,0.277995,0.161011
2784,0.301283,0.142602
2785,0.301283,0.142602
2786,0.301283,0.142602
2787,0.305972,0.135271
2788,0.270704,0.175912
2789,0.321446,0.196427
2790,0.342371,0.134262
2791,0.342371,0.134262
2792,0.293179,0.149141
2793,0.293179,0.149141
2794,0.312718,0.151732
2795,0.312718,0.151732
2796,0.366597,0.117574
2797,0.366597,0.117574
2798,0.289158,0.121416
2799,0.289158,0.121416
2800,0.289158,0.121416
2801,0.289158,0.121416
2802,0.308664,0.101319
2803,0.308664,0.101319
2804,0.297746,0.0831177
2805,0.25832,0.0924401
2806,0.25832,0.0924401
2807,0.253984,0.133757
2808,0.253984,0.133757
2809,0.25676,0.11219
2810,0.265159,0.109341
2811,0.265159,0.109341
2812,0.263428,0.0877716
2813,0.271399,0.1044
2814,0.27497,0.060031
2815,0.275999,0.0661591
2816,0.321387,0.0693646
2817,0.321387,0.0693646
2818,0.359706,0.133059
2819,0.400087,0.134814
2820,0.389514,0.155626
2821,0.379068,0.120511
2822,0.377994,0.116633
2823,0.376177,0.0931064
2824,0.376177,0.0931064
2825,0.376177,0.0931064
2826,0.376177,0.0931064
2827,0.367984,0.113814
2828,0.367984,0.113814
2829,0.349848,0.120052
2830,0.293282,0.159015
2831,0.310019,0.126187
2832,0.310019,0.126187
2833,0.320036,0.138672
2834,0.320018,0.154669
2835,0.320018,0.154669
2836,0.320018,0.154669
2837,0.320018,0.154669
2838,0.276488,0.124964
2839,0.329864,0.154868
2840,0.329864,0.154868
2841,0.329864,0.154868
2842,0.29787,0.160333
2843,0.334198,0.163631
2844,0.344325,0.190585
2845,0.344325,0.190585
2846,0.274128,0.218537
2847,0.292912,0.241488
2848,0.292912,0.241488
2849,0.32221,0.223675
2850,0.32221,0.223675
2851,0.355635,0.192717
2852,0.351854,0.158894
2853,0.470748,0.147225
2854,0.477908,0.199588
2855,0.431577,0.178538
2856,0.431577,0.178538
2857,0.431577,0.178538
2858,0.431577,0.178538
2859,0.484301,0.198244
2860,0.42687,0.162526
2861,0.436087,0.170949
2862,0.449809,0.165428
2863,0.449809,0.165428
2864,0.45634,0.110714
2865,0.511578,0.127605
2866,0.511578,0.127605
2867,0.484018,0.124569
2868,0.484018,0.124569
2869,0.524794,0.121543
2870,0.505338,0.0847059
2871,0.459535,0.126898
2872,0.459535,0.126898
2873,0.486311,0.113022
2874,0.489359,0.120726
2875,0.495009,0.155874
2876,0.495009,0.155874
2877,0.451406,0.158109
2878,0.478335,0.0999336
2879,0.478335,0.0999336
2880,0.478335,0.0999336
2881,0.478335,0.0999336
2882,0.478335,0.0999336
2883,0.531296,0.094849
2884,0.444095,0.0905214
2885,0.46254,0.0813316
2886,0.498068,0.117914
2887,0.498068,0.117914
2888,0.495326,0.0979957
2889,0.413597,0.11047
2890,0.388184,0.0564511
2891,0.425428,0.0785933
2892,0.389664,0.066461
2893,0.375764,0.0801142
2894,0.382122,0.0904351
2895,0.385246,0.0829044
2896,0.424742,0.0785869
2897,0.424742,0.0785869
2898,0.360205,0.0695959
2899,0.360205,0.0695959
2900,0.361677,0.0587851
2901,0.339951,0.0928405
2902,0.32966,0.0914459
2903,0.339833,0.124231
2904,0.432598,0.148677
2905,0.397903,0.146441
2906,0.353721,0.168597
2907,0.321213,0.169042
2908,0.253706,0.176793
2909,0.253706,0.176793
2910,0.258204,0.150724
2911,0.240421,0.198257
2912,0.240421,0.198257
2913,0.23141,0.163798
2914,0.272702,0.152397
2915,0.272702,0.152397
2916,0.158683,0.165998
2917,0.158683,0.165998
2918,0.145034,0.144057
2919,0.195464,0.167561
2920,0.21027,0.192276
2921,0.21027,0.192276
2922,0.218854,0.210435
2923,0.212958,0.191979
2924,0.194821,0.203996
2925,0.194821,0.203996
2926,0.194821,0.203996
2927,0.26327,0.232574
2928,0.276487,0.20234
2929,0.26292,0.18794
2930,0.26292,0.18794
2931,0.26292,0.18794
2932,0.250134,0.212275
2933,0.250134,0.212275
2934,0.238424,0.201045
2935,0.285128,0.195136
2936,0.329734,0.18586
2937,0.329734,0.18586
2938,0.329734,0.18586
2939,0.329734,0.18586
2940,0.330267,0.177742
2941,0.327876,0.213448
2942,0.317355,0.244926
2943,0.329239,0.285863
2944,0.298725,0.31156
2945,0.290132,0.347625
2946,0.321849,0.319139
2947,0.288118,0.340413
2948,0.288118,0.340413
2949,0.32046,0.377954
2950,0.280894,0.38368
2951,0.298989,0.338424
2952,0.249897,0.339432
2953,0.207513,0.323417
2954,0.207107,0.398523
2955,0.221472,0.366753
2956,0.312291,0.358807
2957,0.293502,0.314642
2958,0.302449,0.393951
2959,0.302449,0.393951
2960,0.307797,0.406613
2961,0.337854,0.442993
2962,0.337854,0.442993
2963,0.305826,0.415327
2964,0.325324,0.363388
2965,0.325324,0.363388
2966,0.28593,0.345036
2967,0.219388,0.256906
2968,0.275966,0.272285
2969,0.242071,0.250635
2970,0.236829,0.297676
2971,0.219367,0.30891
2972,0.219367,0.30891
2973,0.287979,0.268939
2974,0.329692,0.281647
2975,0.329692,0.281647
2976,0.329692,0.281647
2977,0.271591,0.268861
2978,0.286493,0.310115
2979,0.297788,0.332081
2980,0.29983,0.32025
2981,0.310772,0.322447
2982,0.288548,0.337582
2983,0.288548,0.337582
2984,0.365244,0.33892
2985,0.351118,0.296972
2986,0.361467,0.254137
2987,0.361467,0.254137
2988,0.385675,0.243206
2989,0.385675,0.243206
2990,0.376982,0.261497
2991,0.376982,0.261497
2992,0.467658,0.298785
2993,0.437927,0.297668
2994,0.404191,0.317218
2995,0.404191,0.317218
2996,0.432895,0.370141
2997,0.451655,0.411917
2998,0.438757,0.398423
2999,0.467059,0.401033
3000,0.467059,0.401033
3001,0.514971,0.352673
3002,0.514971,0.352673
3003,0.468159,0.326293
3004,0.581439,0.36377
3005,0.569518,0.291233
3006,0.581536,0.33758
3007,0.581536,0.33758
3008,0.554137,0.354488
3009,0.623296,0.297934
3010,0.623296,0.297934
3011,0.620182,0.409513
3012,0.620182,0.409513
3013,0.620182,0.409513
3014,0.742489,0.416144
3015,0.742489,0.416144
3016,0.733548,0.39159
3017,0.704622,0.409378
3018,0.704622,0.409378
3019,0.569905,0.447409
3020,0.569905,0.447409
3021,0.517448,0.374986
3022,0.517448,0.374986
3023,0.536824,0.337904
3024,0.536824,0.337904
3025,0.433854,0.268461
3026,0.396821,0.237959
3027,0.38178,0.251907
3028,0.402198,0.26148
3029,0.402198,0.26148
3030,0.39604,0.309646
3031,0.380455,0.251284
3032,0.391026,0.268169
3033,0.340828,0.292528
3034,0.340828,0.292528
3035,0.336292,0.315803
3036,0.336292,0.315803
3037,0.337813,0.300758
3038,0.379821,0.244213
3039,0.379821,0.244213
3040,0.37201,0.270733
3041,0.339964,0.311877
3042,0.339964,0.311877
3043,0.286684,0.296763
3044,0.329216,0.302839
3045,0.317029,0.316345
3046,0.317029,0.316345
3047,0.281427,0.307886
3048,0.28645,0.263463
3049,0.28645,0.263463
3050,0.245101,0.253205
3051,0.23939,0.25319
3052,0.23939,0.25319
3053,0.247544,0.258373
3054,0.300285,0.28476
3055,0.34204,0.280236
3056,0.336538,0.315818
3057,0.301845,0.308858
3058,0.315992,0.353614
3059,0.297153,0.309018
3060,0.273031,0.33276
3061,0.278295,0.395144
3062,0.278295,0.395144
3063,0.278295,0.395144
3064,0.270499,0.360478
3065,0.256516,0.445041
3066,0.248345,0.409752
3067,0.248345,0.409752
3068,0.245119,0.423192
3069,0.24411,0.444847
3070,0.214152,0.45758
3071,0.227278,0.446819
3072,0.227278,0.446819
3073,0.221296,0.445927
3074,0.264101,0.406205
3075,0.177868,0.360543
3076,0.185369,0.424825
3077,0.188352,0.476452
3078,0.171942,0.577822
3079,0.192045,0.472444
3080,0.192045,0.472444
3081,0.178023,0.478801
3082,0.212991,0.494571
3083,0.222924,0.499125
3084,0.222924,0.499125
3085,0.214033,0.606984
3086,0.214033,0.606984
3087,0.229095,0.557901
3088,0.221723,0.570551
3089,0.221723,0.570551
3090,0.179559,0.548926
3091,0.220833,0.410349
3092,0.220833,0.410349
3093,0.311277,0.443479
3094,0.357916,0.407938
3095,0.309737,0.40132
3096,0.309737,0.40132
3097,0.3265,0.501764
3098,0.310028,0.476602
3099,0.232426,0.430806
3100,0.192348,0.386696
3101,0.138738,0.394937
3102,0.126284,0.354007
3103,0.126284,0.354007
3104,0.0851694,0.324741
3105,0.0851694,0.324741
3106,0.0780251,0.340264
3107,0.102362,0.323918
3108,0.0930799,0.34213
3109,0.0926917,0.326598
3110,0.0926917,0.326598
3111,0.123569,0.343366
3112,0.123569,0.343366
3113,0.123876,0.381878
3114,0.0897685,0.337972
3115,0.0953105,0.271619
3116,0.0953105,0.271619
3117,0.0953105,0.271619
3118,0.0953105,0.271619
3119,0.13443,0.324419
3120,0.13443,0.324419
3121,0.186223,0.305072
3122,0.219434,0.237311
3123,0.219434,0.237311
3124,0.21071,0.233215
3125,0.214229,0.240806
3126,0.141641,0.277433
3127,0.141641,0.277433
3128,0.164057,0.272325
3129,0.164057,0.272325
3130,0.126083,0.277995
3131,0.207206,0.29863
3132,0.192909,0.236551
3133,0.180633,0.300034
3134,0.180633,0.300034
3135,0.160783,0.296116
3136,0.20742,0.294401
3137,0.190849,0.294566
3138,0.190849,0.294566
3139,0.154146,0.254463
3140,0.162878,0.253105
3141,0.155343,0.267795
3142,0.155343,0.267795
3143,0.155343,0.267795
3144,0.162727,0.248936
3145,0.162727,0.248936
3146,0.16777,0.209136
3147,0.16777,0.209136
3148,0.186137,0.239634
3149,0.180762,0.234718
3150,0.180762,0.234718
3151,0.180762,0.234718
3152,0.274904,0.273784
3153,0.262936,0.317842
3154,0.274712,0.350869
3155,0.274712,0.350869
3156,0.216815,0.340385
3157,0.230132,0.346341
3158,0.230132,0.346341
3159,0.230132,0.346341
3160,0.209838,0.371732
3161,0.220433,0.312915
3162,0.220433,0.312915
3163,0.220433,0.312915
3164,0.238812,0.287443
3165,0.238812,0.287443
3166,0.238812,0.287443
3167,0.237548,0.304302
3168,0.237548,0.304302
3169,0.237548,0.304302
3170,0.20565,0.334988
3171,0.219758,0.344062
3172,0.219758,0.344062
3173,0.216048,0.381383
3174,0.216699,0.35298
3175,0.194245,0.335056
3176,0.205766,0.386036
3177,0.195853,0.346398
3178,0.199077,0.300016
3179,0.215867,0.399786
3180,0.20705,0.295841
3181,0.184049,0.364201
3182,0.175502,0.358929
3183,0.153162,0.320002
3184,0.153162,0.320002
3185,0.124371,0.322734
3186,0.111944,0.399199
3187,0.160086,0.396326
3188,0.159051,0.373478
3189,0.114474,0.453451
3190,0.128866,0.399254
3191,0.190452,0.422006
3192,0.136877,0.488951
3193,0.136877,0.488951
3194,0.136877,0.488951
3195,0.127126,0.461275
3196,0.111349,0.458736
3197,0.129015,0.410903
3198,0.129015,0.410903
3199,0.129015,0.410903
3200,0.0931473,0.474946
3201,0.0931473,0.474946
3202,0.0862509,0.481136
3203,0.146913,0.446633
3204,0.0967161,0.490122
3205,0.0967161,0.490122
3206,0.0673748,0.504457
3207,0.0673748,0.504457
3208,0.0376633,0.450646
3209,0.038447,0.361255
3210,0.0508229,0.292775
3211,0.0508229,0.292775
3212,0.0752287,0.360289
3213,0.0618107,0.352357
3214,0.0585871,0.382703
3215,0.0379095,0.386989
3216,0.0379095,0.386989
3217,0.0149733,0.39216
3218,0.0149733,0.39216
3219,0.0922524,0.485552
3220,0.0922524,0.485552
3221,0.0922524,0.485552
3222,0.0788541,0.523314
3223,0.0664923,0.480371
3224,0.0664923,0.480371
3225,0.0480101,0.440869
3226,0.0480101,0.440869
3227,0.0500221,0.528888
3228,0.0747478,0.574517
3229,0.0747478,0.574517
3230,0.0747478,0.574517
3231,0.0747478,0.574517
3232,0.0751857,0.545283
3233,0.0410608,0.547771
3234,0.0617795,0.526666
3235,0.118158,0.453957
3236,0.121791,0.441786
3237,0.076301,0.42945
3238,0.0675194,0.404151
3239,0.0727199,0.40661
3240,0.0549446,0.43865
3241,0.0481793,0.46879
3242,0.0481793,0.46879
3243,0.0606595,0.41436
3244,0.0714621,0.367596
3245,0.0739301,0.299563
3246,0.0742642,0.296804
3247,0.0388175,0.37553
3248,0.0444261,0.310294
3249,0.0671555,0.339478
3250,0.0431464,0.322624
3251,0.0431464,0.322624
3252,0.00731677,0.293372
3253,0.0710549,0.299954
3254,0.0639107,0.328328
3255,0.0817864,0.367641
3256,0.0804687,0.364973
3257,0.098827,0.367662
3258,0.118467,0.362352
3259,0.118467,0.362352
3260,0.0929814,0.326826
3261,0.0673758,0.317557
3262,0.0189682,0.353925
3263,0.0292695,0.38295
3264,0.0712601,0.363825
3265,0.0490811,0.361532
3266,0.0490811,0.361532
3267,0.0989401,0.365913
3268,0.0746174,0.326403
3269,0.113765,0.299976
3270,0.118265,0.262197
3271,0.118265,0.262197
3272,0.101972,0.271008
3273,0.109095,0.282016
3274,0.0997934,0.272846
3275,0.166946,0.278938
3276,0.16589,0.31242
3277,0.16589,0.31242
3278,0.197935,0.305452
3279,0.197935,0.305452
3280,0.276244,0.310312
3281,0.280699,0.291719
3282,0.280699,0.291719
3283,0.292882,0.299342
3284,0.292882,0.299342
3285,0.292882,0.299342
3286,0.259469,0.287351
3287,0.259469,0.287351
3288,0.270258,0.26047
3289,0.275545,0.217449
3290,0.236622,0.235908
3291,0.224859,0.23719
3292,0.21522,0.248594
3293,0.21522,0.248594
3294,0.31764,0.219585
3295,0.31764,0.219585
3296,0.24682,0.207292
3297,0.24682,0.207292
3298,0.24682,0.207292
3299,0.227063,0.21328
3300,0.204218,0.222961
3301,0.271562,0.263051
3302,0.268939,0.254517
3303,0.286813,0.229811
3304,0.286813,0.229811
3305,0.286813,0.229811
3306,0.286813,0.229811
3307,0.342059,0.19945
3308,0.342059,0.19945
3309,0.277304,0.249723
3310,0.363132,0.251463
3311,0.363132,0.251463
3312,0.320481,0.24284
3313,0.319698,0.252915
3314,0.322726,0.24583
3315,0.322726,0.24583
3316,0.247669,0.251306
3317,0.247669,0.251306
3318,0.246158,0.273677
3319,0.246158,0.273677
3320,0.332443,0.240784
3321,0.332443,0.240784
3322,0.3594,0.263915
3323,0.332586,0.269199
3324,0.332586,0.269199
3325,0.332586,0.269199
3326,0.332586,0.269199
3327,0.332586,0.269199
3328,0.359779,0.246427
3329,0.333933,0.240349
3330,0.302365,0.229495
3331,0.321251,0.240049
3332,0.321251,0.240049
3333,0.371781,0.206799
3334,0.371781,0.206799
3335,0.379436,0.239686
3336,0.382632,0.231026
3337,0.382632,0.231026
3338,0.382632,0.231026
3339,0.382632,0.231026
3340,0.39326,0.241324
3341,0.402529,0.222116
3342,0.353485,0.209392
3343,0.353485,0.209392
3344,0.351088,0.176876
3345,0.351088,0.176876
3346,0.400123,0.190123
3347,0.400123,0.190123
3348,0.334014,0.241699
3349,0.275904,0.238122
3350,0.274324,0.263015
3351,0.220864,0.256014
3352,0.22261,0.271179
3353,0.251168,0.218948
3354,0.2253,0.203794
3355,0.258751,0.197194
3356,0.217159,0.235407
3357,0.217159,0.235407
3358,0.270867,0.207828
3359,0.243509,0.223388
3360,0.243348,0.280422
3361,0.303242,0.231065
3362,0.298769,0.286028
3363,0.343342,0.24323
3364,0.359376,0.271643
3365,0.3642,0.224943
3366,0.3642,0.224943
3367,0.421669,0.225439
3368,0.396587,0.25352
3369,0.316176,0.247686
3370,0.316176,0.247686
3371,0.345158,0.230269
3372,0.343067,0.241444
3373,0.314344,0.299681
3374,0.286401,0.314966
3375,0.236476,0.264887
3376,0.236476,0.264887
3377,0.236476,0.264887
3378,0.302386,0.305677
3379,0.302386,0.305677
3380,0.302386,0.305677
3381,0.262381,0.268593
3382,0.30331,0.299386
3383,0.306024,0.315157
3384,0.328106,0.319253
3385,0.299555,0.323062
3386,0.299555,0.323062
3387,0.241754,0.319707
3388,0.216291,0.335979
3389,0.216291,0.335979
3390,0.230202,0.346831
3391,0.230202,0.346831
3392,0.246179,0.28356
3393,0.266896,0.295085
3394,0.226622,0.305744
3395,0.226622,0.305744
3396,0.212774,0.358504
3397,0.212774,0.358504
3398,0.212774,0.358504
3399,0.233458,0.359592
3400,0.233458,0.359592
3401,0.233458,0.359592
3402,0.233458,0.359592
3403,0.241822,0.324055
3404,0.241822,0.324055
3405,0.241822,0.324055
3406,0.247961,0.303003
3407,0.247961,0.303003
3408,0.287822,0.316613
3409,0.253085,0.291683
3410,0.257744,0.317142
3411,0.340465,0.264179
3412,0.340465,0.264179
3413,0.340465,0.264179
3414,0.298573,0.310457
3415,0.299978,0.304729
3416,0.322319,0.33633
3417,0.295068,0.296384
3418,0.295068,0.296384
3419,0.287234,0.251797
3420,0.344683,0.247789
3421,0.37394,0.287668
3422,0.312067,0.301772
3423,0.289955,0.292138
3424,0.289955,0.292138
3425,0.283506,0.252339
3426,0.283506,0.252339
3427,0.283506,0.252339
3428,0.278415,0.311789
3429,0.314232,0.299791
3430,0.330404,0.326727
3431,0.27639,0.323088
3432,0.239143,0.300927
3433,0.264728,0.316873
3434,0.281538,0.321776
3435,0.257383,0.360546
3436,0.19791,0.335952
3437,0.237639,0.374345
3438,0.189156,0.346036
3439,0.189156,0.346036
3440,0.185515,0.323326
3441,0.185515,0.323326
3442,0.185515,0.323326
3443,0.185515,0.323326
3444,0.209702,0.300524
3445,0.166403,0.310965
3446,0.166403,0.310965
3447,0.232591,0.282594
3448,0.297556,0.315519
3449,0.270876,0.334976
3450,0.257476,0.29889
3451,0.257476,0.29889
3452,0.257476,0.29889
3453,0.204855,0.313968
3454,0.204855,0.313968
3455,0.194343,0.332049
3456,0.231181,0.323583
3457,0.231181,0.323583
3458,0.231181,0.323583
3459,0.243728,0.313789
3460,0.243728,0.313789
3461,0.243728,0.313789
3462,0.208031,0.309488
3463,0.215348,0.270076
3464,0.210244,0.291792
3465,0.210706,0.238686
3466,0.164569,0.245885
3467,0.164569,0.245885
3468,0.188736,0.24068
3469,0.188736,0.24068
3470,0.186061,0.270118
3471,0.203657,0.263027
3472,0.178122,0.231061
3473,0.178122,0.231061
3474,0.200686,0.246384
3475,0.205842,0.227702
3476,0.245564,0.231147
3477,0.245564,0.231147
3478,0.238478,0.236064
3479,0.238047,0.240279
3480,0.208385,0.276898
3481,0.202408,0.27314
3482,0.202408,0.27314
3483,0.215784,0.249101
3484,0.197375,0.202862
3485,0.197375,0.202862
3486,0.208443,0.271174
3487,0.208443,0.271174
3488,0.192235,0.237953
3489,0.202805,0.241178
3490,0.202575,0.251853
3491,0.178521,0.249412
3492,0.227617,0.224996
3493,0.227617,0.224996
3494,0.227617,0.224996
3495,0.237975,0.250005
3496,0.237975,0.250005
3497,0.237975,0.250005
3498,0.237975,0.250005
3499,0.242183,0.225843
3500,0.238426,0.261844
3501,0.238426,0.261844
3502,0.254858,0.279274
3503,0.254858,0.279274
3504,0.272,0.262219
3505,0.286558,0.286675
3506,0.318579,0.282889
3507,0.29366,0.289649
3508,0.312733,0.283309
3509,0.312114,0.289654
3510,0.312114,0.289654
3511,0.329226,0.239936
3512,0.288039,0.259364
3513,0.314748,0.224296
3514,0.308411,0.219313
3515,0.308411,0.219313
3516,0.339466,0.252163
3517,0.292362,0.217666
3518,0.289909,0.260002
3519,0.247212,0.331622
3520,0.247212,0.331622
3521,0.247212,0.331622
3522,0.223008,0.290789
3523,0.308335,0.331801
3524,0.307606,0.3522
3525,0.307606,0.3522
3526,0.346007,0.308235
3527,0.357809,0.298859
3528,0.381984,0.251342
3529,0.381984,0.251342
3530,0.296752,0.237467
3531,0.388226,0.265199
3532,0.357565,0.261794
3533,0.358064,0.269548
3534,0.361676,0.311083
3535,0.361676,0.311083
3536,0.340619,0.358126
3537,0.296737,0.337231
3538,0.296737,0.337231
3539,0.326757,0.305468
3540,0.272276,0.274636
3541,0.272276,0.274636
3542,0.272276,0.274636
3543,0.257456,0.236776
3544,0.257456,0.236776
3545,0.257456,0.236776
3546,0.242152,0.283502
3547,0.242152,0.283502
3548,0.242152,0.283502
3549,0.280415,0.261732
3550,0.39026,0.300266
3551,0.40872,0.256488
3552,0.40872,0.256488
3553,0.339518,0.228675
3554,0.35335,0.211036
3555,0.405808,0.258176
3556,0.404233,0.257543
3557,0.404233,0.257543
3558,0.404233,0.257543
3559,0.404233,0.257543
3560,0.383678,0.283717
3561,0.346092,0.283337
3562,0.353606,0.177768
3563,0.353606,0.177768
3564,0.303599,0.204698
3565,0.317318,0.223929
3566,0.317318,0.223929
3567,0.340314,0.181324
3568,0.410448,0.137558
3569,0.371445,0.150712
3570,0.371445,0.150712
3571,0.371445,0.150712
3572,0.376561,0.175152
3573,0.376561,0.175152
3574,0.376561,0.175152
3575,0.376561,0.175152
3576,0.359771,0.21166
3577,0.305633,0.190438
3578,0.298213,0.0906751
3579,0.318403,0.076473
3580,0.318403,0.076473
3581,0.322996,0.064231
3582,0.274718,0.105728
3583,0.261631,0.0336284
3584,0.258878,0.0530531
3585,0.252737,0.0925424
3586,0.277652,0.169018
3587,0.277652,0.169018
3588,0.277652,0.169018
3589,0.33149,0.165643
3590,0.336446,0.122817
3591,0.344878,0.0837288
3592,0.337274,0.0837511
3593,0.337274,0.0837511
3594,0.376452,0.152357
3595,0.361608,0.19441
3596,0.357335,0.196508
3597,0.376751,0.164293
3598,0.37266,0.140627
3599,0.388387,0.170143
3600,0.388387,0.170143
3601,0.389494,0.199101
3602,0.366837,0.240744
3603,0.399931,0.216843
3604,0.359206,0.219717
3605,0.359206,0.219717
3606,0.438794,0.236366
3607,0.438794,0.236366
3608,0.51158,0.27026
3609,0.474545,0.277234
3610,0.460935,0.305289
3611,0.460054,0.327001
3612,0.492877,0.27983
3613,0.438985,0.318761
3614,0.528484,0.331459
3615,0.527204,0.399339
3616,0.462093,0.350546
3617,0.462093,0.350546
3618,0.462093,0.350546
3619,0.524985,0.401307
3620,0.533721,0.358001
3621,0.533721,0.358001
3622,0.418193,0.434577
3623,0.508199,0.468216
3624,0.591494,0.411028
3625,0.591494,0.411028
3626,0.649345,0.480444
3627,0.649345,0.480444
3628,0.566136,0.485208
3629,0.567775,0.400382
3630,0.540879,0.345623
3631,0.471548,0.434271
3632,0.464633,0.39983
3633,0.594245,0.335745
3634,0.549258,0.377288
3635,0.549258,0.377288
3636,0.549258,0.377288
3637,0.572398,0.352163
3638,0.572398,0.352163
3639,0.573026,0.329311
3640,0.573026,0.329311
3641,0.537638,0.397629
3642,0.537638,0.397629
3643,0.657392,0.345065
3644,0.564596,0.289471
3645,0.618629,0.208543
3646,0.628479,0.21872
3647,0.600013,0.192928
3648,0.600013,0.192928
3649,0.651034,0.201848
3650,0.713337,0.240158
3651,0.713337,0.240158
3652,0.713337,0.240158
3653,0.656587,0.244403
3654,0.566678,0.281868
3655,0.545782,0.305032
3656,0.584674,0.274746
3657,0.527558,0.26387
3658,0.434529,0.246775
3659,0.476459,0.237823
3660,0.476459,0.237823
3661,0.493051,0.225194
3662,0.47575,0.239061
3663,0.510595,0.247371
3664,0.508015,0.321639
3665,0.521992,0.280019
3666,0.533206,0.337535
3667,0.533206,0.337535
3668,0.533206,0.337535
3669,0.533172,0.362756
3670,0.583368,0.304962
3671,0.625574,0.292262
3672,0.625574,0.292262
3673,0.572253,0.180848
3674,0.572253,0.180848
3675,0.572253,0.180848
3676,0.572253,0.180848
3677,0.666964,0.210542
3678,0.59953,0.207085
3679,0.59953,0.207085
3680,0.593633,0.229616
3681,0.536724,0.286363
3682,0.55727,0.269856
3683,0.610723,0.306507
3684,0.593504,0.293426
3685,0.588299,0.32034
3686,0.541359,0.298093
3687,0.412401,0.333663
3688,0.46531,0.320262
3689,0.383804,0.378204
3690,0.383804,0.378204
3691,0.396625,0.307036
3692,0.405256,0.274021
3693,0.405256,0.274021
3694,0.405256,0.274021
3695,0.323399,0.243823
3696,0.396362,0.326723
3697,0.396362,0.326723
3698,0.396362,0.326723
3699,0.381012,0.348455
3700,0.381012,0.348455
3701,0.381012,0.348455
3702,0.389537,0.318259
3703,0.389537,0.318259
3704,0.389537,0.318259
3705,0.403288,0.35935
3706,0.424628,0.34146
3707,0.424628,0.34146
3708,0.330331,0.334329
3709,0.340905,0.364247
3710,0.388057,0.323861
3711,0.343636,0.383009
3712,0.37417,0.383032
3713,0.37417,0.383032
3714,0.345724,0.34793
3715,0.345724,0.34793
3716,0.343006,0.357055
3717,0.343006,0.357055
3718,0.343006,0.357055
3719,0.348731,0.369166
3720,0.368629,0.354867
3721,0.368629,0.354867
3722,0.368629,0.354867
3723,0.42783,0.402751
3724,0.452205,0.337466
3725,0.513159,0.372167
3726,0.463856,0.415371
3727,0.463856,0.415371
3728,0.462185,0.333911
3729,0.456205,0.289096
3730,0.465442,0.366554
3731,0.482932,0.322867
3732,0.468406,0.350197
3733,0.416132,0.333424
3734,0.431747,0.335784
3735,0.414176,0.319667
3736,0.418464,0.355069
3737,0.45375,0.38531
3738,0.394625,0.333392
3739,0.394625,0.333392
3740,0.345395,0.302644
3741,0.345395,0.302644
3742,0.345395,0.302644
3743,0.347174,0.355667
3744,0.347871,0.307783
3745,0.378324,0.314644
3746,0.334268,0.342663
3747,0.38278,0.39764
3748,0.408092,0.445376
3749,0.406716,0.405648
3750,0.406716,0.405648
3751,0.406716,0.405648
3752,0.396435,0.423775
3753,0.396435,0.423775
3754,0.322489,0.400415
3755,0.321435,0.424044
3756,0.263214,0.419255
3757,0.268311,0.446924
3758,0.23317,0.414615
3759,0.244309,0.402674
3760,0.298048,0.426167
3761,0.334988,0.433974
3762,0.372493,0.372882
3763,0.337115,0.301082
3764,0.377789,0.293765
3765,0.365418,0.361664
3766,0.275735,0.379079
3767,0.275735,0.379079
3768,0.365031,0.376982
3769,0.325986,0.377912
3770,0.295157,0.386041
3771,0.295157,0.386041
3772,0.295157,0.386041
3773,0.342534,0.348313
3774,0.34382,0.424324
3775,0.3718,0.487943
3776,0.371718,0.409194
3777,0.372581,0.397586
3778,0.319078,0.39092
3779,0.359333,0.448272
3780,0.34402,0.446865
3781,0.435687,0.42587
3782,0.435687,0.42587
3783,0.391668,0.465734
3784,0.351823,0.412026
3785,0.354865,0.433891
3786,0.354865,0.433891
3787,0.309881,0.401532
3788,0.309881,0.401532
3789,0.329776,0.405422
3790,0.349604,0.379994
3791,0.349604,0.379994
3792,0.35076,0.376299
3793,0.336584,0.479477
3794,0.370582,0.399172
3795,0.366048,0.385214
3796,0.304164,0.359632
3797,0.297254,0.371698
3798,0.297254,0.371698
3799,0.3431,0.320732
3800,0.300352,0.359435
3801,0.300352,0.359435
3802,0.300352,0.359435
3803,0.338755,0.405709
3804,0.338755,0.405709
3805,0.338755,0.405709
3806,0.328702,0.35726
3807,0.313192,0.384581
3808,0.340309,0.388731
3809,0.350744,0.373073
3810,0.350744,0.373073
3811,0.350744,0.373073
3812,0.350744,0.373073
3813,0.385701,0.334675
3814,0.415743,0.321769
3815,0.387838,0.356404
3816,0.410905,0.39139
3817,0.389773,0.414338
3818,0.3581,0.452293
3819,0.368924,0.446569
3820,0.350066,0.514355
3821,0.367833,0.525715
3822,0.367833,0.525715
3823,0.363729,0.580544
3824,0.364472,0.611855
3825,0.382796,0.558695
3826,0.318936,0.60271
3827,0.355471,0.650121
3828,0.417971,0.519601
3829,0.328554,0.602683
3830,0.328554,0.602683
3831,0.348954,0.520415
3832,0.349337,0.505794
3833,0.456381,0.543156
3834,0.431146,0.42803
3835,0.392062,0.359369
3836,0.392062,0.359369
3837,0.392062,0.359369
3838,0.392062,0.359369
3839,0.354036,0.317898
3840,0.354036,0.317898
3841,0.358961,0.262235
3842,0.486593,0.27946
3843,0.486593,0.27946
3844,0.549084,0.330649
3845,0.382387,0.335562
3846,0.358836,0.311477
3847,0.358836,0.311477
3848,0.341333,0.319222
3849,0.326374,0.326162
3850,0.370881,0.29624
3851,0.420004,0.350306
3852,0.458484,0.31881
3853,0.482792,0.287333
3854,0.373206,0.288703
3855,0.366784,0.352139
3856,0.335574,0.288933
3857,0.417561,0.293164
3858,0.417561,0.293164
3859,0.438019,0.310053
3860,0.476515,0.306051
3861,0.385033,0.297332
3862,0.379264,0.29406
3863,0.3983,0.30169
3864,0.38844,0.243964
3865,0.367148,0.277891
3866,0.37069,0.325366
3867,0.37069,0.325366
3868,0.39667,0.295957
3869,0.324104,0.316356
3870,0.324104,0.316356
3871,0.279035,0.306903
3872,0.279035,0.306903
3873,0.312178,0.274539
3874,0.312178,0.274539
3875,0.312178,0.274539
3876,0.312178,0.274539
3877,0.287358,0.294665
3878,0.219545,0.301394
3879,0.219545,0.301394
3880,0.153873,0.287231
3881,0.122469,0.26286
3882,0.120484,0.311134
3883,0.0559187,0.27863
3884,0.0559187,0.27863
3885,0.0559187,0.27863
3886,0.0578768,0.283925
3887,0.0959827,0.240123
3888,0.0959827,0.240123
3889,0.183169,0.235229
3890,0.0966958,0.267998
3891,0.0834106,0.233875
3892,0.0834106,0.233875
3893,0.157288,0.259063
3894,0.157288,0.259063
3895,0.104804,0.181337
3896,0.16217,0.166153
3897,0.16217,0.166153
3898,0.16217,0.166153
3899,0.16217,0.166153
3900,0.13804,0.198355
3901,0.137579,0.254305
3902,0.138833,0.304472
3903,0.138833,0.304472
3904,0.159678,0.339965
3905,0.126853,0.314508
3906,0.135467,0.307837
3907,0.135467,0.307837
3908,0.106249,0.332947
3909,0.106249,0.332947
3910,0.106249,0.332947
3911,0.139019,0.360369
3912,0.193279,0.332539
3913,0.248071,0.350703
3914,0.226159,0.297022
3915,0.196251,0.353655
3916,0.176758,0.327301
3917,0.127286,0.454344
3918,0.166198,0.387707
3919,0.166198,0.387707
3920,0.1519,0.410362
3921,0.1519,0.410362
3922,0.171164,0.370789
3923,0.141134,0.381798
3924,0.145926,0.434777
3925,0.139265,0.423855
3926,0.151276,0.513958
3927,0.151276,0.513958
3928,0.175038,0.46865
3929,0.175038,0.46865
3930,0.184572,0.527137
3931,0.184572,0.527137
3932,0.248614,0.41874
3933,0.30195,0.416585
3934,0.30195,0.416585
3935,0.30195,0.416585
3936,0.32154,0.33885
3937,0.364965,0.368308
3938,0.364965,0.368308
3939,0.410034,0.407974
3940,0.439473,0.379123
3941,0.431813,0.424058
3942,0.471336,0.351399
3943,0.429104,0.353693
3944,0.425503,0.29745
3945,0.411603,0.336066
3946,0.466917,0.434529
3947,0.466917,0.434529
3948,0.423752,0.395563
3949,0.394087,0.404393
3950,0.443115,0.410884
3951,0.443115,0.410884
3952,0.420245,0.43068
3953,0.440014,0.462119
3954,0.40337,0.425242
3955,0.432259,0.40331
3956,0.36661,0.422341
3957,0.36661,0.422341
3958,0.383435,0.405147
3959,0.395236,0.479438
3960,0.395236,0.479438
3961,0.38934,0.468281
3962,0.378225,0.53997
3963,0.387058,0.595207
3964,0.398357,0.458223
3965,0.374592,0.409522
3966,0.447939,0.390792
3967,0.396577,0.32372
3968,0.412255,0.359249
3969,0.412255,0.359249
3970,0.429108,0.386739
3971,0.441448,0.395477
3972,0.395183,0.329744
3973,0.40451,0.361882
3974,0.40451,0.361882
3975,0.318708,0.367628
3976,0.390319,0.445408
3977,0.358289,0.47283
3978,0.446623,0.503088
3979,0.492565,0.489484
3980,0.492565,0.489484
3981,0.541149,0.493744
3982,0.503936,0.459125
3983,0.480451,0.494848
3984,0.456247,0.482485
3985,0.479617,0.494973
3986,0.416064,0.473499
3987,0.395869,0.421054
3988,0.323838,0.401814
3989,0.323838,0.401814
3990,0.338266,0.432248
3991,0.280567,0.46928
3992,0.307952,0.374407
3993,0.299637,0.376082
3994,0.301129,0.41634
3995,0.332704,0.452774
3996,0.363838,0.393586
3997,0.363838,0.393586
3998,0.33941,0.384519
3999,0.422759,0.431052
4000,0.422759,0.431052
4001,0.374334,0.387748
4002,0.336823,0.400524
4003,0.296715,0.351407
4004,0.385283,0.384985
4005,0.338559,0.420242
4006,0.398957,0.422335
4007,0.433719,0.395411
4008,0.356383,0.46604
4009,0.298787,0.340488
4010,0.340029,0.301878
4011,0.318992,0.317533
4012,0.318992,0.317533
4013,0.367885,0.304512
4014,0.368285,0.355157
4015,0.368285,0.355157
4016,0.388958,0.405477
4017,0.388958,0.405477
4018,0.388958,0.405477
4019,0.356633,0.427621
4020,0.357029,0.3904
4021,0.274654,0.408312
4022,0.290617,0.351041
4023,0.290617,0.351041
4024,0.281411,0.36494
4025,0.289824,0.373733
4026,0.334466,0.361759
4027,0.216398,0.447534
4028,0.261085,0.416726
4029,0.233977,0.392687
4030,0.225984,0.411518
4031,0.143766,0.438938
4032,0.134418,0.524847
4033,0.139528,0.446738
4034,0.134609,0.509982
4035,0.134609,0.509982
4036,0.176349,0.460545
4037,0.176349,0.460545
4038,0.0975407,0.459974
4039,0.155871,0.54682
4040,0.171478,0.635803
4041,0.144538,0.58113
4042,0.142174,0.556392
4043,0.142174,0.556392
4044,0.159654,0.582513
4045,0.159654,0.582513
4046,0.176459,0.514483
4047,0.223879,0.611343
4048,0.227857,0.564222
4049,0.197494,0.565845
4050,0.197494,0.565845
4051,0.153654,0.536515
4052,0.156782,0.489542
4053,0.158414,0.480049
4054,0.158414,0.480049
4055,0.14428,0.473039
4056,0.130631,0.385376
4057,0.130631,0.385376
4058,0.127819,0.352289
4059,0.127819,0.352289
4060,0.127819,0.352289
4061,0.175854,0.277474
4062,0.167616,0.352881
4063,0.188677,0.408015
4064,0.134091,0.369162
4065,0.134091,0.369162
4066,0.214353,0.385437
4067,0.214353,0.385437
4068,0.214353,0.385437
4069,0.214353,0.385437
4070,0.224943,0.415734
4071,0.224943,0.415734
4072,0.190339,0.419865
4073,0.190339,0.419865
4074,0.231399,0.37741
4075,0.169721,0.360281
4076,0.139113,0.402054
4077,0.189047,0.349855
4078,0.189047,0.349855
4079,0.162474,0.341806
4080,0.199077,0.429106
4081,0.203997,0.338773
4082,0.272264,0.394882
4083,0.272264,0.394882
4084,0.22647,0.317079
4085,0.223083,0.310421
4086,0.223083,0.310421
4087,0.230568,0.308076
4088,0.230568,0.308076
4089,0.1979,0.311956
4090,0.172181,0.32336
4091,0.162784,0.398027
4092,0.111967,0.464157
4093,0.242593,0.370985
4094,0.225007,0.364557
4095,0.216987,0.363533
4096,0.216987,0.363533
4097,0.283979,0.45847
4098,0.283979,0.45847
4099,0.218845,0.383073
4100,0.288021,0.363451
4101,0.237498,0.361667
4102,0.195223,0.340598
4103,0.149913,0.35422
4104,0.17605,0.307045
4105,0.17605,0.307045
4106,0.166293,0.300174
4107,0.209515,0.277795
4108,0.209515,0.277795
4109,0.246142,0.327741
4110,0.246142,0.327741
4111,0.252092,0.406942
4112,0.274285,0.363269
4113,0.248922,0.372561
4114,0.292325,0.360316
4115,0.314011,0.39066
4116,0.280363,0.394203
4117,0.186627,0.411743
4118,0.227821,0.37982
4119,0.226942,0.415832
4120,0.248107,0.391093
4121,0.274321,0.413334
4122,0.262885,0.411804
4123,0.262885,0.411804
4124,0.290641,0.394778
4125,0.270802,0.458321
4126,0.258454,0.42881
4127,0.258454,0.42881
4128,0.258454,0.42881
4129,0.306731,0.436051
4130,0.295271,0.402916
4131,0.295271,0.402916
4132,0.339895,0.384462
4133,0.339895,0.384462
4134,0.354733,0.405514
4135,0.412654,0.369202
4136,0.435748,0.365567
4137,0.453068,0.424778
4138,0.387182,0.452668
4139,0.325758,0.393313
4140,0.325758,0.393313
4141,0.328936,0.517943
4142,0.33716,0.469909
4143,0.352452,0.484422
4144,0.351709,0.529962
4145,0.361437,0.509774
4146,0.361437,0.509774
4147,0.361437,0.509774
4148,0.361437,0.509774
4149,0.34629,0.544342
4150,0.347443,0.50311
4151,0.403301,0.439076
4152,0.39378,0.381763
4153,0.407448,0.453404
4154,0.464442,0.428114
4155,0.414085,0.396884
4156,0.456008,0.340812
4157,0.440018,0.347636
4158,0.419656,0.439003
4159,0.364551,0.520327
4160,0.374991,0.53883
4161,0.256762,0.4792
4162,0.256762,0.4792
4163,0.325826,0.370306
4164,0.388242,0.335507
4165,0.378656,0.306989
4166,0.378656,0.306989
4167,0.324563,0.35646
4168,0.273334,0.342153
4169,0.389226,0.30354
4170,0.352954,0.345675
4171,0.352954,0.345675
4172,0.356577,0.374346
4173,0.372764,0.308236
4174,0.346158,0.269543
4175,0.383796,0.303152
4176,0.353221,0.32183
4177,0.353221,0.32183
4178,0.295935,0.348739
4179,0.359575,0.344027
4180,0.30019,0.327917
4181,0.25355,0.325813
4182,0.252847,0.308886
4183,0.25671,0.233946
4184,0.331218,0.319821
4185,0.331218,0.319821
4186,0.292291,0.297065
4187,0.247998,0.340948
4188,0.247998,0.340948
4189,0.296062,0.328331
4190,0.348494,0.314173
4191,0.417471,0.365025
4192,0.417471,0.365025
4193,0.417471,0.365025
4194,0.417471,0.365025
4195,0.417471,0.365025
4196,0.417471,0.365025
4197,0.383077,0.402631
4198,0.41541,0.443853
4199,0.41541,0.443853
4200,0.443076,0.381649
4201,0.480584,0.357642
4202,0.413984,0.390686
4203,0.46476,0.466398
4204,0.422349,0.453492
4205,0.440454,0.369836
4206,0.444449,0.400836
4207,0.407151,0.435411
4208,0.306988,0.389194
4209,0.368203,0.410709
4210,0.423574,0.363431
4211,0.423574,0.363431
4212,0.423574,0.363431
4213,0.317835,0.334572
4214,0.305824,0.31216
4215,0.364168,0.36275
4216,0.319848,0.31032
4217,0.31118,0.370847
4218,0.31118,0.370847
4219,0.289532,0.40742
4220,0.289532,0.40742
4221,0.289532,0.40742
4222,0.289532,0.40742
4223,0.289532,0.40742
4224,0.326087,0.363362
4225,0.350687,0.381676
4226,0.320448,0.360407
4227,0.338891,0.304323
4228,0.328403,0.307525
4229,0.285931,0.263274
4230,0.242068,0.256757
4231,0.271144,0.27024
4232,0.265781,0.272096
4233,0.282226,0.28056
4234,0.286007,0.281566
4235,0.286007,0.281566
4236,0.330567,0.262007
4237,0.330567,0.262007
4238,0.331003,0.335718
4239,0.304537,0.378301
4240,0.342306,0.310994
4241,0.302909,0.323984
4242,0.302909,0.323984
4243,0.336485,0.346592
4244,0.332304,0.355863
4245,0.321687,0.301223
4246,0.371286,0.265377
4247,0.371286,0.265377
4248,0.422656,0.323923
4249,0.42768,0.285441
4250,0.406032,0.258888
4251,0.453653,0.218842
4252,0.453653,0.218842
4253,0.392976,0.234758
4254,0.375556,0.221209
4255,0.311782,0.179225
4256,0.261085,0.26007
4257,0.275404,0.229428
4258,0.276257,0.261073
4259,0.288675,0.225611
4260,0.282716,0.23646
4261,0.31752,0.316455
4262,0.31752,0.316455
4263,0.352639,0.288673
4264,0.319912,0.342457
4265,0.299208,0.308234
4266,0.297919,0.339339
4267,0.246799,0.320737
4268,0.246799,0.320737
4269,0.271708,0.285
4270,0.257262,0.324237
4271,0.282784,0.324529
4272,0.295423,0.316895
4273,0.265284,0.303625
4274,0.236013,0.276306
4275,0.232147,0.334257
4276,0.289694,0.39555
4277,0.229444,0.390952
4278,0.242738,0.381135
4279,0.242738,0.381135
4280,0.225258,0.383256
4281,0.236114,0.337034
4282,0.221398,0.44297
4283,0.226116,0.398366
4284,0.258235,0.335805
4285,0.211263,0.438168
4286,0.217883,0.413945
4287,0.217883,0.413945
4288,0.217883,0.413945
4289,0.216752,0.431637
4290,0.185501,0.355342
4291,0.177722,0.384822
4292,0.184029,0.361037
4293,0.184029,0.361037
4294,0.184029,0.361037
4295,0.165745,0.315116
4296,0.165745,0.315116
4297,0.150092,0.361701
4298,0.166003,0.357189
4299,0.157684,0.355931
4300,0.157684,0.355931
4301,0.157684,0.355931
4302,0.157684,0.355931
4303,0.146363,0.294664
4304,0.147744,0.347746
4305,0.155143,0.338763
4306,0.155143,0.338763
4307,0.181398,0.355874
4308,0.175899,0.314033
4309,0.195254,0.388426
4310,0.191725,0.350164
4311,0.191181,0.34219
4312,0.154145,0.362397
4313,0.196511,0.390149
4314,0.165727,0.353815
4315,0.227536,0.401729
4316,0.227536,0.401729
4317,0.226767,0.351035
4318,0.226767,0.351035
4319,0.23052,0.398608
4320,0.195647,0.331255
4321,0.233043,0.300672
4322,0.233043,0.300672
4323,0.233043,0.300672
4324,0.24073,0.320554
4325,0.245064,0.329099
4326,0.245064,0.329099
4327,0.260419,0.368306
4328,0.240273,0.375168
4329,0.273228,0.34787
4330,0.299623,0.305497
4331,0.321308,0.316214
4332,0.279092,0.302321
4333,0.262989,0.286636
4334,0.262989,0.286636
4335,0.237181,0.276081
4336,0.287469,0.308466
4337,0.294271,0.225394
4338,0.309669,0.263266
4339,0.289114,0.271694
4340,0.289114,0.271694
4341,0.356114,0.377889
4342,0.356114,0.377889
4343,0.356114,0.377889
4344,0.364548,0.373769
4345,0.360744,0.343714
4346,0.360744,0.343714
4347,0.396369,0.363586
4348,0.312322,0.349164
4349,0.293412,0.370478
4350,0.293412,0.370478
4351,0.293412,0.370478
4352,0.286632,0.371957
4353,0.292057,0.375769
4354,0.292057,0.375769
4355,0.255285,0.387687
4356,0.247212,0.434276
4357,0.226705,0.419021
4358,0.209365,0.454098
4359,0.205156,0.445612
4360,0.205156,0.445612
4361,0.181517,0.444306
4362,0.146839,0.50337
4363,0.146839,0.50337
4364,0.146839,0.50337
4365,0.173863,0.494216
4366,0.160482,0.465365
4367,0.160482,0.465365
4368,0.142327,0.449809
4369,0.0831981,0.436962
4370,0.127626,0.381725
4371,0.127626,0.381725
4372,0.115018,0.418041
4373,0.115018,0.418041
4374,0.151726,0.416715
4375,0.167399,0.391897
4376,0.212648,0.382628
4377,0.212648,0.382628
4378,0.159707,0.372798
4379,0.159707,0.372798
4380,0.122203,0.337275
4381,0.135748,0.341712
4382,0.135748,0.341712
4383,0.125329,0.384244
4384,0.125329,0.384244
4385,0.125329,0.384244
4386,0.122149,0.366884
4387,0.122149,0.366884
4388,0.150396,0.38214
4389,0.135537,0.394622
4390,0.147003,0.407876
4391,0.102064,0.484017
4392,0.0881811,0.412027
4393,0.0758674,0.426736
4394,0.103239,0.489051
4395,0.0905347,0.494
4396,0.106885,0.470406
4397,0.0889371,0.475514
4398,0.0812649,0.492257
4399,0.0741591,0.532559
4400,0.0427712,0.500817
4401,0.0427712,0.500817
4402,0.0926765,0.495556
4403,0.0926765,0.495556
4404,0.0926765,0.495556
4405,0.0924328,0.493359
4406,0.0692575,0.464154
4407,0.100226,0.460847
4408,0.0657204,0.414387
4409,0.127939,0.449735
4410,0.0594532,0.426154
4411,0.0594532,0.426154
4412,0.0858086,0.408844
4413,0.0824121,0.37416
4414,0.0824121,0.37416
4415,0.0598119,0.309278
4416,0.0693669,0.3335
4417,0.12745,0.334852
4418,0.12745,0.334852
4419,0.189954,0.338777
4420,0.160304,0.391389
4421,0.160304,0.391389
4422,0.13251,0.405512
4423,0.13251,0.405512
4424,0.13251,0.405512
4425,0.129876,0.422158
4426,0.129876,0.422158
4427,0.191747,0.413163
4428,0.12773,0.315416
4429,0.107257,0.28613
4430,0.102393,0.328534
4431,0.142833,0.372158
4432,0.172104,0.312376
4433,0.171247,0.278814
4434,0.150601,0.269672
4435,0.150601,0.269672
4436,0.153764,0.282653
4437,0.111597,0.321876
4438,0.111597,0.321876
4439,0.117445,0.320231
4440,0.117445,0.320231
4441,0.117445,0.320231
4442,0.117445,0.320231
4443,0.143834,0.30117
4444,0.143834,0.30117
4445,0.115219,0.349396
4446,0.0572278,0.349509
4447,0.139045,0.359062
4448,0.0948926,0.398468
4449,0.0948926,0.398468
4450,0.0670143,0.353785
4451,0.0477805,0.327186
4452,0.0477805,0.327186
4453,0.0477805,0.327186
4454,0.0717224,0.307881
4455,0.054124,0.325577
4456,0.0411293,0.321241
4457,0.0804335,0.272955
4458,0.0667805,0.300765
4459,0.0571345,0.273975
4460,0.0571345,0.273975
4461,0.0401989,0.260501
4462,0.0397829,0.268659
4463,0.0397829,0.268659
4464,0.0116188,0.279701
4465,0.0386277,0.298731
4466,0.0608871,0.261739
4467,0.0608871,0.261739
4468,0.0608871,0.261739
4469,0.047976,0.279443
4470,0.0211258,0.274905
4471,0.0211258,0.274905
4472,0.0169168,0.268177
4473,0.0169168,0.268177
4474,0.0169168,0.268177
4475,0.0240042,0.257532
4476,0.0638751,0.281823
4477,0.0655707,0.26395
4478,0.0798814,0.252793
4479,0.132187,0.243954
4480,0.126856,0.275599
4481,0.126856,0.275599
4482,0.11441,0.241171
4483,0.063147,0.250546
4484,0.110243,0.221479
4485,0.110375,0.255624
4486,0.104335,0.216594
4487,0.144601,0.162301
4488,0.120399,0.139419
4489,0.142052,0.203678
4490,0.142052,0.203678
4491,0.124576,0.233879
4492,0.156167,0.210876
4493,0.134139,0.20883
4494,0.146729,0.206294
4495,0.146729,0.206294
4496,0.146729,0.206294
4497,0.146729,0.206294
4498,0.165572,0.237521
4499,0.201231,0.258462
4500,0.201231,0.258462
4501,0.175678,0.209854
4502,0.175678,0.209854
4503,0.211102,0.19358
4504,0.194708,0.19612
4505,0.192555,0.164506
4506,0.18847,0.204475
4507,0.18847,0.204475
4508,0.227969,0.178097
4509,0.227969,0.178097
4510,0.227969,0.178097
4511,0.260002,0.178133
4512,0.226485,0.198917
4513,0.230095,0.150027
4514,0.171659,0.165683
4515,0.171659,0.165683
4516,0.142154,0.11443
4517,0.152593,0.100185
4518,0.1555,0.0624838
4519,0.169206,0.0797564
4520,0.153786,0.142256
4521,0.153786,0.142256
4522,0.165802,0.149105
4523,0.165802,0.149105
4524,0.171333,0.136
4525,0.175159,0.128707
4526,0.175159,0.128707
4527,0.175159,0.128707
4528,0.212384,0.141413
4529,0.157723,0.144987
4530,0.167856,0.189845
4531,0.167856,0.189845
4532,0.189603,0.141382
4533,0.155797,0.154433
4534,0.200015,0.181588
4535,0.21147,0.19489
4536,0.220931,0.215371
4537,0.205003,0.226684
4538,0.205003,0.226684
4539,0.223772,0.228921
4540,0.234929,0.252159
4541,0.177245,0.271449
4542,0.177245,0.271449
4543,0.1731,0.263412
4544,0.216324,0.305091
4545,0.231285,0.325867
4546,0.231285,0.325867
4547,0.316859,0.233427
4548,0.316859,0.233427
4549,0.249292,0.229518
4550,0.249292,0.229518
4551,0.249292,0.229518
4552,0.268503,0.254107
4553,0.238354,0.280956
4554,0.259618,0.329616
4555,0.23199,0.364765
4556,0.276201,0.313138
4557,0.276201,0.313138
4558,0.277697,0.296835
4559,0.277697,0.296835
4560,0.308358,0.256494
4561,0.303261,0.249788
4562,0.303261,0.249788
4563,0.29426,0.269203
4564,0.407407,0.248609
4565,0.353042,0.256226
4566,0.350012,0.266922
4567,0.350012,0.266922
4568,0.350012,0.266922
4569,0.358355,0.302531
4570,0.358355,0.302531
4571,0.267248,0.250307
4572,0.300811,0.261847
4573,0.233546,0.268313
4574,0.233546,0.268313
4575,0.236907,0.235323
4576,0.236907,0.235323
4577,0.236907,0.235323
4578,0.267717,0.232937
4579,0.310059,0.19291
4580,0.325002,0.194255
4581,0.295949,0.240225
4582,0.295949,0.240225
4583,0.334401,0.302018
4584,0.334401,0.302018
4585,0.304934,0.329767
4586,0.304934,0.329767
4587,0.304934,0.329767
4588,0.304934,0.329767
4589,0.351544,0.274185
4590,0.336976,0.275454
4591,0.340852,0.276297
4592,0.336794,0.286894
4593,0.315353,0.262347
4594,0.315353,0.262347
4595,0.348647,0.260098
4596,0.244394,0.267163
4597,0.244394,0.267163
4598,0.250764,0.232481
4599,0.268662,0.249801
4600,0.22892,0.305712
4601,0.26676,0.285848
4602,0.296576,0.285261
4603,0.246038,0.262503
4604,0.240884,0.259666
4605,0.206042,0.244189
4606,0.27642,0.181217
4607,0.226378,0.168607
4608,0.226378,0.168607
4609,0.226378,0.168607
4610,0.234028,0.221181
4611,0.234028,0.221181
4612,0.234028,0.221181
4613,0.262332,0.21194
4614,0.257703,0.22556
4615,0.322486,0.229124
4616,0.322486,0.229124
4617,0.322486,0.229124
4618,0.322486,0.229124
4619,0.26111,0.21029
4620,0.26111,0.21029
4621,0.243941,0.236775
4622,0.243941,0.236775
4623,0.243941,0.236775
4624,0.243941,0.236775
4625,0.325726,0.223859
4626,0.367188,0.246687
4627,0.307439,0.284826
4628,0.306445,0.217919
4629,0.282521,0.245227
4630,0.292507,0.212679
4631,0.292507,0.212679
4632,0.383293,0.24714
4633,0.383293,0.24714
4634,0.370212,0.233154
4635,0.370212,0.233154
4636,0.398259,0.22387
4637,0.438478,0.229164
4638,0.420329,0.202052
4639,0.420329,0.202052
4640,0.408875,0.201875
4641,0.352569,0.236822
4642,0.377692,0.308456
4643,0.377692,0.308456
4644,0.377692,0.308456
4645,0.469502,0.261869
4646,0.417536,0.274307
4647,0.417536,0.274307
4648,0.364448,0.249357
4649,0.379298,0.298945
4650,0.379298,0.298945
4651,0.366609,0.271613
4652,0.380977,0.257475
4653,0.408073,0.317159
4654,0.329619,0.33304
4655,0.329619,0.33304
4656,0.329619,0.33304
4657,0.329619,0.33304
4658,0.30678,0.369549
4659,0.30678,0.369549
4660,0.337242,0.343194
4661,0.377456,0.284621
4662,0.440681,0.294931
4663,0.400701,0.280856
4664,0.339742,0.245007
4665,0.339742,0.245007
4666,0.339742,0.245007
4667,0.421564,0.295557
4668,0.421564,0.295557
4669,0.421564,0.295557
4670,0.357731,0.295422
4671,0.395708,0.255119
4672,0.384504,0.212362
4673,0.384504,0.212362
4674,0.384504,0.212362
4675,0.369912,0.216934
4676,0.37936,0.21597
4677,0.37936,0.21597
4678,0.356397,0.240169
4679,0.384421,0.246989
4680,0.333555,0.274652
4681,0.333555,0.274652
4682,0.359081,0.227817
4683,0.377902,0.222002
4684,0.425711,0.214726
4685,0.35577,0.239732
4686,0.425713,0.235341
4687,0.392307,0.247252
4688,0.407019,0.239786
4689,0.407019,0.239786
4690,0.407019,0.239786
4691,0.423336,0.253931
4692,0.423336,0.253931
4693,0.423336,0.253931
4694,0.394051,0.218417
4695,0.433682,0.231912
4696,0.415637,0.228153
4697,0.3916,0.241098
4698,0.374507,0.263402
4699,0.361635,0.277054
4700,0.377325,0.26165
4701,0.441034,0.268337
4702,0.356859,0.25527
4703,0.356859,0.25527
4704,0.299932,0.308411
4705,0.2598,0.308104
4706,0.285993,0.342993
4707,0.314417,0.351271
4708,0.393616,0.331792
4709,0.365191,0.343942
4710,0.504546,0.3241
4711,0.42946,0.3323
4712,0.42946,0.3323
4713,0.46114,0.30044
4714,0.514913,0.285087
4715,0.514913,0.285087
4716,0.430422,0.2692
4717,0.430422,0.2692
4718,0.43457,0.232051
4719,0.43457,0.232051
4720,0.44231,0.20321
4721,0.382285,0.204719
4722,0.382285,0.204719
4723,0.357832,0.197414
4724,0.357832,0.197414
4725,0.357832,0.197414
4726,0.432033,0.235881
4727,0.477897,0.197411
4728,0.524105,0.202163
4729,0.524105,0.202163
4730,0.524051,0.262823
4731,0.524051,0.262823
4732,0.524051,0.262823
4733,0.468002,0.246582
4734,0.376738,0.284347
4735,0.376738,0.284347
4736,0.36586,0.250851
4737,0.436317,0.219067
4738,0.418569,0.200322
4739,0.418569,0.200322
4740,0.373591,0.281017
4741,0.323707,0.33027
4742,0.323707,0.33027
4743,0.335796,0.342756
4744,0.335796,0.342756
4745,0.40428,0.365161
4746,0.383804,0.334035
4747,0.328488,0.306541
4748,0.385285,0.286221
4749,0.385285,0.286221
4750,0.350556,0.316546
4751,0.350556,0.316546
4752,0.363956,0.323464
4753,0.329252,0.269351
4754,0.329252,0.269351
4755,0.366174,0.240188
4756,0.377602,0.26508
4757,0.360448,0.243421
4758,0.280972,0.245334
4759,0.30058,0.233125
4760,0.30058,0.233125
4761,0.268263,0.252156
4762,0.274111,0.25552
4763,0.274111,0.25552
4764,0.274111,0.25552
4765,0.294581,0.251425
4766,0.328606,0.239218
4767,0.328606,0.239218
4768,0.392977,0.20828
4769,0.392977,0.20828
4770,0.392977,0.20828
4771,0.39145,0.239085
4772,0.290486,0.254022
4773,0.280302,0.249799
4774,0.312942,0.304491
4775,0.323264,0.305969
4776,0.421851,0.27255
4777,0.396452,0.308302
4778,0.396452,0.308302
4779,0.396452,0.308302
4780,0.38877,0.293828
4781,0.38877,0.293828
4782,0.360776,0.241346
4783,0.360776,0.241346
4784,0.304731,0.19175
4785,0.304731,0.19175
4786,0.304731,0.19175
4787,0.304731,0.19175
4788,0.289095,0.209976
4789,0.314744,0.217678
4790,0.349841,0.220761
4791,0.349841,0.220761
4792,0.375733,0.176809
4793,0.3649,0.176541
4794,0.3649,0.176541
4795,0.3649,0.176541
4796,0.316855,0.209503
4797,0.306452,0.218037
4798,0.248611,0.242498
4799,0.248611,0.242498
4800,0.280247,0.233896
4801,0.280247,0.233896
4802,0.241717,0.293171
4803,0.250913,0.2743
4804,0.223037,0.326266
4805,0.260622,0.286475
4806,0.222498,0.267035
4807,0.217088,0.246247
4808,0.217088,0.246247
4809,0.217088,0.246247
4810,0.225978,0.216633
4811,0.225978,0.216633
4812,0.269244,0.165951
4813,0.249852,0.144941
4814,0.2694,0.11196
4815,0.2694,0.11196
4816,0.257644,0.125715
4817,0.257644,0.125715
4818,0.208628,0.10827
4819,0.181585,0.105249
4820,0.205549,0.133928
4821,0.205549,0.133928
4822,0.205549,0.133928
4823,0.166079,0.132078
4824,0.166079,0.132078
4825,0.166079,0.132078
4826,0.173314,0.122012
4827,0.163014,0.129907
4828,0.200629,0.127559
4829,0.200629,0.127559
4830,0.194682,0.121992
4831,0.194682,0.121992
4832,0.214616,0.112066
4833,0.202947,0.0738447
4834,0.215204,0.0674735
4835,0.187151,0.0759091
4836,0.186233,0.0949582
4837,0.167637,0.103863
4838,0.172597,0.100197
4839,0.212911,0.139746
4840,0.226263,0.0950772
4841,0.20987,0.0750023
4842,0.207406,0.0820071
4843,0.205257,0.0795696
4844,0.205257,0.0795696
4845,0.205257,0.0795696
4846,0.200843,0.1238
4847,0.185189,0.118931
4848,0.211501,0.0938966
4849,0.197893,0.0760791
4850,0.197893,0.0760791
4851,0.197893,0.0760791
4852,0.186685,0.0800407
4853,0.186685,0.0800407
4854,0.222971,0.0749425
4855,0.208952,0.111358
4856,0.25503,0.103082
4857,0.253321,0.0963355
4858,0.253575,0.0757116
4859,0.253575,0.0757116
4860,0.243635,0.106037
4861,0.235936,0.108077
4862,0.235936,0.108077
4863,0.237541,0.122196
4864,0.220325,0.139917
4865,0.2438,0.13269
4866,0.235796,0.103935
4867,0.235796,0.103935
4868,0.235796,0.103935
4869,0.273808,0.13536
4870,0.303826,0.145209
4871,0.295768,0.101757
4872,0.312255,0.11811
4873,0.273623,0.129166
4874,0.273623,0.129166
4875,0.273623,0.129166
4876,0.352287,0.123876
4877,0.308473,0.116975
4878,0.29964,0.15068
4879,0.305581,0.0881186
4880,0.305581,0.0881186
4881,0.297314,0.0683678
4882,0.297314,0.0683678
4883,0.276743,0.10301
4884,0.276743,0.10301
4885,0.255861,0.0956643
4886,0.255861,0.0956643
4887,0.255861,0.0956643
4888,0.259032,0.133389
4889,0.268056,0.122236
4890,0.250488,0.14768
4891,0.299129,0.134685
4892,0.293938,0.18705
4893,0.299053,0.162755
4894,0.328876,0.165405
4895,0.342401,0.112299
4896,0.286675,0.119099
4897,0.24105,0.146273
4898,0.245827,0.156351
4899,0.288909,0.172053
4900,0.288909,0.172053
4901,0.288909,0.172053
4902,0.296494,0.179115
4903,0.296494,0.179115
4904,0.288143,0.170913
4905,0.288143,0.170913
4906,0.279458,0.221058
4907,0.279458,0.221058
4908,0.259609,0.198163
4909,0.278347,0.185165
4910,0.283191,0.208425
4911,0.284153,0.225156
4912,0.319675,0.156616
4913,0.319675,0.156616
4914,0.328718,0.193215
4915,0.304539,0.208652
4916,0.304539,0.208652
4917,0.288641,0.18144
4918,0.330728,0.187826
4919,0.335856,0.199727
4920,0.323781,0.239402
4921,0.334935,0.1812
4922,0.323098,0.195005
4923,0.323098,0.195005
4924,0.32049,0.234115
4925,0.326534,0.204259
4926,0.307637,0.200529
4927,0.310214,0.211166
4928,0.299494,0.222273
4929,0.299494,0.222273
4930,0.299494,0.222273
4931,0.243742,0.220676
4932,0.243742,0.220676
4933,0.232672,0.200485
4934,0.27251,0.195418
4935,0.310816,0.150836
4936,0.284603,0.150776
4937,0.295089,0.113895
4938,0.288664,0.098873
4939,0.308765,0.113349
4940,0.277003,0.112993
4941,0.283936,0.0389829
4942,0.301058,0.0934352
4943,0.301058,0.0934352
4944,0.301058,0.0934352
4945,0.250526,0.116781
4946,0.250526,0.116781
4947,0.250526,0.116781
4948,0.250526,0.116781
4949,0.250526,0.116781
4950,0.232169,0.13088
4951,0.23104,0.117209
4952,0.274991,0.12458
4953,0.274991,0.12458
4954,0.271115,0.150644
4955,0.271115,0.150644
4956,0.271115,0.150644
4957,0.205481,0.158485
4958,0.240687,0.185326
4959,0.247798,0.142262
4960,0.278866,0.157256
4961,0.278866,0.157256
4962,0.278866,0.157256
4963,0.253869,0.196579
4964,0.234878,0.211973
4965,0.234878,0.211973
4966,0.218649,0.197702
4967,0.233476,0.128107
4968,0.233476,0.128107
4969,0.232074,0.115305
4970,0.232074,0.115305
4971,0.223532,0.126619
4972,0.2227,0.120797
4973,0.234401,0.0926967
4974,0.21801,0.150978
4975,0.262652,0.121682
4976,0.262652,0.121682
4977,0.232435,0.115772
4978,0.303846,0.128378
4979,0.260331,0.107978
4980,0.260331,0.107978
4981,0.278194,0.108455
4982,0.266659,0.108038
4983,0.266659,0.108038
4984,0.260955,0.193257
4985,0.309318,0.238862
4986,0.291235,0.201135
4987,0.338368,0.174551
4988,0.338368,0.174551
4989,0.338368,0.174551
4990,0.255135,0.255694
4991,0.255135,0.255694
4992,0.268357,0.238653
4993,0.286181,0.253245
4994,0.286181,0.253245
4995,0.286181,0.253245
4996,0.277881,0.330189
4997,0.277881,0.330189
4998,0.257861,0.340211
4999,0.257861,0.340211
5000,0.28957,0.31628
5001,0.346175,0.325112
5002,0.330709,0.358759
5003,0.322713,0.327752
5004,0.310897,0.287644
5005,0.315776,0.288355
5006,0.323945,0.333883
5007,0.323945,0.333883
5008,0.323945,0.333883
5009,0.367934,0.324029
5010,0.33237,0.291162
5011,0.314334,0.300424
5012,0.314334,0.300424
5013,0.287861,0.288001
5014,0.374102,0.252804
5015,0.374102,0.252804
5016,0.442748,0.256911
5017,0.442748,0.256911
5018,0.442748,0.256911
5019,0.454944,0.250984
5020,0.409012,0.267457
5021,0.409012,0.267457
5022,0.411779,0.248882
5023,0.411779,0.248882
5024,0.371507,0.272346
5025,0.371507,0.272346
5026,0.381944,0.29555
5027,0.381944,0.29555
5028,0.381944,0.29555
5029,0.381944,0.29555
5030,0.381944,0.29555
5031,0.381944,0.29555
5032,0.344489,0.217095
5033,0.350276,0.226062
5034,0.438389,0.21289
5035,0.399344,0.284645
5036,0.363916,0.24282
5037,0.397735,0.337405
5038,0.397735,0.337405
5039,0.435349,0.270306
5040,0.416572,0.33252
5041,0.386279,0.252882
5042,0.337023,0.326881
5043,0.361284,0.29517
5044,0.367924,0.342053
5045,0.38318,0.304304
5046,0.38318,0.304304
5047,0.38318,0.304304
5048,0.421319,0.279728
5049,0.379152,0.340277
5050,0.379152,0.340277
5051,0.379152,0.340277
5052,0.379152,0.340277
5053,0.392256,0.280203
5054,0.392256,0.280203
5055,0.38351,0.281232
5056,0.321177,0.349566
5057,0.289682,0.400384
5058,0.292342,0.385079
5059,0.304187,0.290656
5060,0.35609,0.238276
5061,0.35609,0.238276
5062,0.294305,0.288772
5063,0.317423,0.326359
5064,0.317423,0.326359
5065,0.367174,0.308018
5066,0.313981,0.393883
5067,0.279796,0.458149
5068,0.279796,0.458149
5069,0.279796,0.458149
5070,0.315493,0.367292
5071,0.239732,0.37245
5072,0.232766,0.289698
5073,0.280646,0.312241
5074,0.25488,0.269569
5075,0.305323,0.272133
5076,0.309303,0.263898
5077,0.309303,0.263898
5078,0.331406,0.308546
5079,0.331406,0.308546
5080,0.331406,0.308546
5081,0.304964,0.27664
5082,0.297171,0.242298
5083,0.325541,0.273516
5084,0.341694,0.290272
5085,0.306996,0.263961
5086,0.330737,0.226741
5087,0.334408,0.190988
5088,0.362458,0.256237
5089,0.362458,0.256237
5090,0.361148,0.23318
5091,0.409984,0.18361
5092,0.396268,0.142133
5093,0.355381,0.183016
5094,0.395751,0.197721
5095,0.336941,0.180929
5096,0.336941,0.180929
5097,0.321309,0.182647
5098,0.321309,0.182647
5099,0.354655,0.12117
5100,0.354655,0.12117
5101,0.354655,0.12117
5102,0.338143,0.140136
5103,0.338143,0.140136
5104,0.34157,0.13166
5105,0.373696,0.142359
5106,0.373696,0.142359
5107,0.40283,0.11041
5108,0.376246,0.172683
5109,0.377436,0.162051
5110,0.435452,0.169499
5111,0.435452,0.169499
5112,0.435452,0.169499
5113,0.378953,0.171025
5114,0.367891,0.189465
5115,0.314021,0.177895
5116,0.35439,0.177611
5117,0.368391,0.167244
5118,0.424477,0.169372
5119,0.424477,0.169372
5120,0.425885,0.181224
5121,0.410495,0.154537
5122,0.471483,0.121398
5123,0.458916,0.138481
5124,0.419541,0.133024
5125,0.419541,0.133024
5126,0.516002,0.144522
5127,0.538422,0.118214
5128,0.531074,0.103794
5129,0.505229,0.134538
5130,0.53728,0.153983
5131,0.519395,0.154873
5132,0.483044,0.159205
5133,0.483044,0.159205
5134,0.483044,0.159205
5135,0.414396,0.190016
5136,0.414396,0.190016
5137,0.409879,0.218395
5138,0.422995,0.190346
5139,0.422995,0.190346
5140,0.422995,0.190346
5141,0.392008,0.232666
5142,0.379945,0.180841
5143,0.379945,0.180841
5144,0.318887,0.227968
5145,0.412834,0.20454
5146,0.430609,0.183473
5147,0.474333,0.149685
5148,0.45292,0.169886
5149,0.481411,0.14742
5150,0.438631,0.173706
5151,0.438631,0.173706
5152,0.416309,0.120552
5153,0.449906,0.156088
5154,0.444412,0.135835
5155,0.420105,0.163254
5156,0.420105,0.163254
5157,0.39215,0.153628
5158,0.402648,0.129503
5159,0.402648,0.129503
5160,0.360618,0.206862
5161,0.423883,0.192492
5162,0.431192,0.160011
5163,0.335622,0.173219
5164,0.374737,0.194579
5165,0.332065,0.221337
5166,0.332065,0.221337
5167,0.301707,0.221988
5168,0.301707,0.221988
5169,0.330397,0.266539
5170,0.375316,0.293706
5171,0.375316,0.293706
5172,0.352768,0.233648
5173,0.33534,0.296002
5174,0.315301,0.315471
5175,0.325788,0.284103
5176,0.345922,0.243501
5177,0.306577,0.243825
5178,0.306577,0.243825
5179,0.298853,0.248074
5180,0.238215,0.315027
5181,0.247214,0.324243
5182,0.250732,0.271098
5183,0.272532,0.22146
5184,0.211432,0.244311
5185,0.213419,0.167899
5186,0.243515,0.23571
5187,0.243515,0.23571
5188,0.243515,0.23571
5189,0.277364,0.262707
5190,0.287789,0.254539
5191,0.295795,0.253636
5192,0.282402,0.263807
5193,0.349431,0.216287
5194,0.318731,0.194157
5195,0.317284,0.216819
5196,0.317284,0.216819
5197,0.301707,0.206041
5198,0.301707,0.206041
5199,0.288194,0.206437
5200,0.280606,0.238878
5201,0.280606,0.238878
5202,0.304682,0.242381
5203,0.304682,0.242381
5204,0.251863,0.211694
5205,0.241821,0.226331
5206,0.178569,0.265354
5207,0.191341,0.252769
5208,0.248232,0.223916
5209,0.277101,0.22929
5210,0.284507,0.244346
5211,0.2068,0.224695
5212,0.195634,0.230538
5213,0.185204,0.234196
5214,0.246072,0.230996
5215,0.311543,0.230133
5216,0.356102,0.258166
5217,0.342764,0.213725
5218,0.342764,0.213725
5219,0.338929,0.248539
5220,0.333707,0.265777
5221,0.391695,0.244447
5222,0.416597,0.236686
5223,0.416597,0.236686
5224,0.400106,0.175974
5225,0.373324,0.20942
5226,0.373324,0.20942
5227,0.31733,0.237606
5228,0.323252,0.304876
5229,0.323252,0.304876
5230,0.305356,0.327402
5231,0.305356,0.327402
5232,0.370899,0.350403
5233,0.378996,0.280157
5234,0.33916,0.31892
5235,0.334635,0.266234
5236,0.314627,0.303794
5237,0.314627,0.303794
5238,0.314627,0.303794
5239,0.314627,0.303794
5240,0.314627,0.303794
5241,0.350806,0.349626
5242,0.350806,0.349626
5243,0.315392,0.360377
5244,0.343397,0.359906
5245,0.343397,0.359906
5246,0.343397,0.359906
5247,0.314551,0.308323
5248,0.227707,0.299448
5249,0.262877,0.320355
5250,0.262877,0.320355
5251,0.222407,0.381178
5252,0.2414,0.416645
5253,0.2414,0.416645
5254,0.265644,0.337947
5255,0.276815,0.318535
5256,0.292657,0.312442
5257,0.292657,0.312442
5258,0.292657,0.312442
5259,0.343886,0.327147
5260,0.314352,0.350517
5261,0.314352,0.350517
5262,0.301033,0.32888
5263,0.301033,0.32888
5264,0.319321,0.341945
5265,0.319321,0.341945
5266,0.310599,0.387327
5267,0.309022,0.324903
5268,0.309022,0.324903
5269,0.281945,0.322895
5270,0.281945,0.322895
5271,0.281945,0.322895
5272,0.281945,0.322895
5273,0.267487,0.331503
5274,0.213839,0.406353
5275,0.24454,0.341741
5276,0.250094,0.337549
5277,0.299463,0.343722
5278,0.293426,0.367726
5279,0.264424,0.365842
5280,0.255436,0.368149
5281,0.255436,0.368149
5282,0.230141,0.360242
5283,0.256994,0.343125
5284,0.254292,0.30803
5285,0.271475,0.331892
5286,0.271475,0.331892
5287,0.331554,0.310753
5288,0.253482,0.332888
5289,0.308357,0.297775
5290,0.308357,0.297775
5291,0.308357,0.297775
5292,0.310277,0.28828
5293,0.263398,0.342863
5294,0.33823,0.359591
5295,0.321532,0.391607
5296,0.355078,0.390105
5297,0.355078,0.390105
5298,0.321528,0.353335
5299,0.321528,0.353335
5300,0.296356,0.299315
5301,0.246629,0.341708
5302,0.265361,0.291997
5303,0.236315,0.304149
5304,0.236315,0.304149
5305,0.17188,0.343546
5306,0.17188,0.343546
5307,0.157535,0.274795
5308,0.13878,0.350997
5309,0.156011,0.343288
5310,0.221302,0.36775
5311,0.207341,0.310692
5312,0.187518,0.311283
5313,0.210775,0.321084
5314,0.22824,0.38011
5315,0.22824,0.38011
5316,0.202422,0.315409
5317,0.155781,0.369028
5318,0.148872,0.401121
5319,0.204062,0.383634
5320,0.204062,0.383634
5321,0.193629,0.389973
5322,0.158695,0.35838
5323,0.193903,0.441276
5324,0.167749,0.36648
5325,0.167749,0.36648
5326,0.189753,0.347263
5327,0.173227,0.358284
5328,0.117637,0.324997
5329,0.150713,0.374874
5330,0.150713,0.374874
5331,0.150713,0.374874
5332,0.184344,0.317978
5333,0.190084,0.313233
5334,0.152803,0.306891
5335,0.205444,0.342905
5336,0.205444,0.342905
5337,0.188078,0.316119
5338,0.188078,0.316119
5339,0.188078,0.316119
5340,0.176605,0.3041
5341,0.176605,0.3041
5342,0.176605,0.3041
5343,0.153584,0.301545
5344,0.171334,0.290384
5345,0.186471,0.310699
5346,0.186471,0.310699
5347,0.218836,0.264685
5348,0.185687,0.326443
5349,0.205058,0.358577
5350,0.205124,0.429786
5351,0.205124,0.429786
5352,0.22458,0.474027
5353,0.22458,0.474027
5354,0.22458,0.474027
5355,0.22458,0.474027
5356,0.22458,0.474027
5357,0.204218,0.457145
5358,0.23366,0.424212
5359,0.23366,0.424212
5360,0.254649,0.371204
5361,0.219467,0.428085
5362,0.19102,0.433641
5363,0.225582,0.455072
5364,0.270652,0.428718
5365,0.200797,0.476129
5366,0.200797,0.476129
5367,0.203059,0.417163
5368,0.176304,0.39707
5369,0.176304,0.39707
5370,0.154207,0.446457
5371,0.127936,0.412884
5372,0.127936,0.412884
5373,0.112398,0.425909
5374,0.111844,0.387323
5375,0.138975,0.380622
5376,0.110231,0.336048
5377,0.110231,0.336048
5378,0.0955724,0.369113
5379,0.0946108,0.424253
5380,0.119577,0.419292
5381,0.0999444,0.337693
5382,0.141326,0.310382
5383,0.141326,0.310382
5384,0.165302,0.300458
5385,0.165302,0.300458
5386,0.203416,0.223933
5387,0.193038,0.243635
5388,0.157641,0.265031
5389,0.116398,0.289542
5390,0.117225,0.3047
5391,0.125392,0.274736
5392,0.142749,0.257887
5393,0.107126,0.228147
5394,0.107126,0.228147
5395,0.140701,0.240717
5396,0.140701,0.240717
5397,0.145472,0.235768
5398,0.0998816,0.255339
5399,0.0998816,0.255339
5400,0.0867411,0.22372
5401,0.0607952,0.261453
5402,0.0517587,0.261041
5403,0.0548244,0.235851
5404,0.0548244,0.235851
5405,0.0503113,0.225483
5406,0.0503113,0.225483
5407,0.0338199,0.220219
5408,0.0338199,0.220219
5409,0.0837314,0.210752
5410,0.0446332,0.226458
5411,0.0710868,0.228464
5412,0.0710868,0.228464
5413,0.0544064,0.212926
5414,0.0544064,0.212926
5415,0.0530777,0.251433
5416,0.0530777,0.251433
5417,0.0530777,0.251433
5418,0.0366134,0.211713
5419,0.0704822,0.2088
5420,0.064076,0.282823
5421,0.0419762,0.273846
5422,0.0419762,0.273846
5423,0.0517267,0.23007
5424,0.0965281,0.219087
5425,0.0904511,0.230372
5426,0.0390625,0.248471
5427,0.0608326,0.245495
5428,0.0861697,0.240939
5429,0.0861697,0.240939
5430,0.109763,0.212983
5431,0.112997,0.175324
5432,0.112997,0.175324
5433,0.112997,0.175324
5434,0.0334949,0.197919
5435,0.0224849,0.208175
5436,0.0001816,0.179972
5437,0.0404557,0.165503
5438,0.00884307,0.14275
5439,0.0353638,0.17433
5440,0.0353638,0.17433
5441,0.0102568,0.225169
5442,0.00993178,0.204304
5443,0.00778599,0.270421
5444,0.0172548,0.248603
5445,0.00848504,0.216587
5446,0.00848504,0.216587
5447,0.0461968,0.222951
5448,0.0461968,0.222951
5449,0.0461968,0.222951
5450,0.100461,0.212766
5451,0.100461,0.212766
5452,0.100461,0.212766
5453,0.100461,0.212766
5454,0.07452,0.187991
5455,0.0773835,0.178693
5456,0.0574814,0.177747
5457,0.0574814,0.177747
5458,0.0705975,0.203729
5459,0.0705975,0.203729
5460,0.0592746,0.203491
5461,0.0592746,0.203491
5462,0.0592746,0.203491
5463,0.0886165,0.197548
5464,0.0918,0.198636
5465,0.0918,0.198636
5466,0.115691,0.237147
5467,0.112213,0.230919
5468,0.125403,0.238484
5469,0.125403,0.238484
5470,0.125403,0.238484
5471,0.191368,0.230878
5472,0.17047,0.21146
5473,0.186658,0.210123
5474,0.0874656,0.202804
5475,0.0753484,0.223335
5476,0.0733048,0.219176
5477,0.0733048,0.219176
5478,0.109985,0.202682
5479,0.109985,0.202682
5480,0.117102,0.236344
5481,0.158107,0.174213
5482,0.158107,0.174213
5483,0.117958,0.210831
5484,0.100636,0.202249
5485,0.0645614,0.237881
5486,0.0645614,0.237881
5487,0.08295,0.215376
5488,0.08295,0.215376
5489,0.0933329,0.209746
5490,0.0919347,0.223181
5491,0.0887692,0.22189
5492,0.0887692,0.22189
5493,0.109872,0.223428
5494,0.0681407,0.199972
5495,0.0681407,0.199972
5496,0.0681407,0.199972
5497,0.0371684,0.201067
5498,0.0371684,0.201067
5499,0.0371684,0.201067
5500,0.0371684,0.201067
5501,0.00915963,0.20461
5502,0.0482951,0.206343
5503,0.0350369,0.188448
5504,0.0530827,0.228558
5505,0.0938024,0.255222
5506,0.114594,0.276928
5507,0.126649,0.249364
5508,0.136515,0.270948
5509,0.112056,0.229123
5510,0.0838258,0.248715
5511,0.0875682,0.27485
5512,0.0875682,0.27485
5513,0.111598,0.254118
5514,0.0979008,0.260304
5515,0.115531,0.201598
5516,0.115531,0.201598
5517,0.115531,0.201598
5518,0.115531,0.201598
5519,0.105601,0.208599
5520,0.105601,0.208599
5521,0.0885465,0.223506
5522,0.123707,0.250096
5523,0.13912,0.218271
5524,0.166048,0.228713
5525,0.151615,0.184956
5526,0.0968553,0.173711
5527,0.132816,0.17705
5528,0.132816,0.17705
5529,0.132816,0.17705
5530,0.111941,0.197676
5531,0.142426,0.145983
5532,0.142426,0.145983
5533,0.142426,0.145983
5534,0.142426,0.145983
5535,0.142134,0.185803
5536,0.167137,0.18035
5537,0.173694,0.147933
5538,0.173694,0.147933
5539,0.185792,0.180989
5540,0.213973,0.205058
5541,0.133103,0.246416
5542,0.13176,0.224463
5543,0.164862,0.238477
5544,0.164862,0.238477
5545,0.159997,0.234967
5546,0.159997,0.234967
5547,0.121492,0.200372
5548,0.194302,0.234426
5549,0.169713,0.281224
5550,0.164593,0.290869
5551,0.175029,0.293204
5552,0.199617,0.322329
5553,0.209286,0.2645
5554,0.238167,0.242501
5555,0.238167,0.242501
5556,0.238167,0.242501
5557,0.274281,0.239374
5558,0.297516,0.202809
5559,0.304868,0.177531
5560,0.304868,0.177531
5561,0.341912,0.180728
5562,0.398028,0.206343
5563,0.335884,0.25856
5564,0.408914,0.229504
5565,0.408914,0.229504
5566,0.363871,0.265798
5567,0.363871,0.265798
5568,0.363871,0.265798
5569,0.38603,0.251799
5570,0.354058,0.257555
5571,0.335232,0.318767
5572,0.371292,0.334376
5573,0.340557,0.361949
5574,0.340557,0.361949
5575,0.340557,0.361949
5576,0.333611,0.31162
5577,0.290856,0.373079
5578,0.290856,0.373079
5579,0.303792,0.372178
5580,0.319473,0.369776
5581,0.319473,0.369776
5582,0.319473,0.369776
5583,0.384666,0.344848
5584,0.379817,0.396033
5585,0.387071,0.429265
5586,0.459356,0.408715
5587,0.468991,0.369543
5588,0.494028,0.388386
5589,0.476879,0.314978
5590,0.476879,0.314978
5591,0.476879,0.314978
5592,0.465906,0.312791
5593,0.454618,0.319061
5594,0.412204,0.329047
5595,0.412204,0.329047
5596,0.393909,0.357507
5597,0.393909,0.357507
5598,0.431457,0.382383
5599,0.366179,0.419345
5600,0.421657,0.361724
5601,0.459465,0.360119
5602,0.419077,0.383434
5603,0.507522,0.448369
5604,0.437819,0.379354
5605,0.458484,0.325194
5606,0.411974,0.252646
5607,0.482824,0.244538
5608,0.431111,0.248669
5609,0.419087,0.239207
5610,0.419087,0.239207
5611,0.475403,0.19677
5612,0.422915,0.135572
5613,0.458087,0.206397
5614,0.459321,0.237392
5615,0.459321,0.237392
5616,0.451256,0.187068
5617,0.451256,0.187068
5618,0.475042,0.12485
5619,0.458331,0.18665
5620,0.469538,0.160019
5621,0.450277,0.14962
5622,0.427978,0.162557
5623,0.427978,0.162557
5624,0.419856,0.151002
5625,0.428556,0.122602
5626,0.337284,0.0912473
5627,0.337284,0.0912473
5628,0.371431,0.0946141
5629,0.438553,0.0853798
5630,0.438553,0.0853798
5631,0.422813,0.102221
5632,0.433231,0.157339
5633,0.495928,0.111878
5634,0.551328,0.138424
5635,0.589141,0.15429
5636,0.585632,0.155614
5637,0.675278,0.130949
5638,0.668362,0.108486
5639,0.662448,0.135965
5640,0.582055,0.149248
5641,0.582055,0.149248
5642,0.678528,0.152451
5643,0.649981,0.132633
5644,0.649981,0.132633
5645,0.691693,0.0914873
5646,0.668008,0.218157
5647,0.718097,0.192926
5648,0.718097,0.192926
5649,0.653454,0.170876
5650,0.610749,0.16496
5651,0.571233,0.136352
5652,0.571233,0.136352
5653,0.614028,0.22497
5654,0.751613,0.186775
5655,0.751613,0.186775
5656,0.751613,0.186775
5657,0.703728,0.210007
5658,0.703728,0.210007
5659,0.602694,0.293743
5660,0.690217,0.322081
5661,0.690217,0.322081
5662,0.761606,0.258545
5663,0.709827,0.201775
5664,0.666889,0.233093
5665,0.69519,0.195287
5666,0.69519,0.195287
5667,0.69519,0.195287
5668,0.685873,0.221696
5669,0.685873,0.221696
5670,0.601855,0.253518
5671,0.601855,0.253518
5672,0.676096,0.283389
5673,0.638243,0.175347
5674,0.494655,0.19702
5675,0.534263,0.256389
5676,0.62269,0.236583
5677,0.531739,0.251294
5678,0.524791,0.27146
5679,0.481293,0.236363
5680,0.481293,0.236363
5681,0.481293,0.236363
5682,0.446639,0.249041
5683,0.422704,0.260027
5684,0.422704,0.260027
5685,0.422704,0.260027
5686,0.442344,0.251302
5687,0.447966,0.164491
5688,0.444248,0.220154
5689,0.444248,0.220154
5690,0.477251,0.233452
5691,0.470037,0.299365
5692,0.451473,0.256156
5693,0.451473,0.256156
5694,0.451473,0.256156
5695,0.492847,0.293003
5696,0.644548,0.25113
5697,0.650383,0.292332
5698,0.531413,0.268561
5699,0.577539,0.245061
5700,0.540829,0.146486
5701,0.483356,0.215642
5702,0.445444,0.197843
5703,0.445444,0.197843
5704,0.48223,0.172432
5705,0.428538,0.211511
5706,0.498621,0.187767
5707,0.428801,0.252548
5708,0.432088,0.189217
5709,0.372185,0.176843
5710,0.429809,0.249134
5711,0.429809,0.249134
5712,0.46105,0.279069
5713,0.510119,0.237678
5714,0.510119,0.237678
5715,0.510119,0.237678
5716,0.524207,0.235669
5717,0.521793,0.176023
5718,0.521793,0.176023
5719,0.564191,0.150491
5720,0.508594,0.133148
5721,0.547838,0.148932
5722,0.547838,0.148932
5723,0.612376,0.176703
5724,0.5598,0.204921
5725,0.554467,0.212556
5726,0.554467,0.212556
5727,0.591596,0.246945
5728,0.571605,0.203372
5729,0.571605,0.203372
5730,0.552503,0.160607
5731,0.561955,0.154545
5732,0.594708,0.131532
5733,0.607227,0.196751
5734,0.592605,0.21788
5735,0.592605,0.21788
5736,0.535836,0.206603
5737,0.504938,0.236081
5738,0.504938,0.236081
5739,0.486597,0.258168
5740,0.467039,0.325462
5741,0.37088,0.369774
5742,0.351268,0.381825
5743,0.351268,0.381825
5744,0.383185,0.384578
5745,0.383185,0.384578
5746,0.425468,0.321376
5747,0.444949,0.349282
5748,0.454579,0.355399
5749,0.454579,0.355399
5750,0.454579,0.355399
5751,0.410274,0.277361
5752,0.410274,0.277361
5753,0.410274,0.277361
5754,0.391353,0.318018
5755,0.391353,0.318018
5756,0.445846,0.312376
5757,0.426759,0.340598
5758,0.350542,0.32634
5759,0.350542,0.32634
5760,0.3917,0.345256
5761,0.395826,0.31717
5762,0.387557,0.258267
5763,0.376115,0.316063
5764,0.382022,0.281443
5765,0.376611,0.243879
5766,0.37366,0.253707
5767,0.443006,0.201569
5768,0.443006,0.201569
5769,0.447967,0.204277
5770,0.404127,0.22588
5771,0.34759,0.276972
5772,0.379452,0.196366
5773,0.303005,0.205369
5774,0.307431,0.235564
5775,0.307431,0.235564
5776,0.266863,0.260892
5777,0.282738,0.299926
5778,0.292462,0.317776
5779,0.292462,0.317776
5780,0.292462,0.317776
5781,0.360092,0.332022
5782,0.360092,0.332022
5783,0.342819,0.329703
5784,0.437557,0.270626
5785,0.41621,0.308027
5786,0.377644,0.33189
5787,0.441161,0.288302
5788,0.490919,0.233127
5789,0.496964,0.235061
5790,0.523586,0.202186
5791,0.487897,0.210916
5792,0.487897,0.210916
5793,0.504286,0.185144
5794,0.462783,0.224703
5795,0.415826,0.234054
5796,0.426982,0.21502
5797,0.42408,0.253982
5798,0.435858,0.301894
5799,0.448365,0.275846
5800,0.439321,0.219579
5801,0.439321,0.219579
5802,0.4153,0.211441
5803,0.402964,0.238569
5804,0.402964,0.238569
5805,0.354754,0.201857
5806,0.290452,0.234258
5807,0.290452,0.234258
5808,0.290452,0.234258
5809,0.376795,0.244442
5810,0.358382,0.264249
5811,0.37433,0.260715
5812,0.37433,0.260715
5813,0.339925,0.279682
5814,0.286342,0.268518
5815,0.296831,0.240018
5816,0.335003,0.27466
5817,0.402807,0.216675
5818,0.402807,0.216675
5819,0.321979,0.234051
5820,0.321979,0.234051
5821,0.296206,0.197493
5822,0.344242,0.230012
5823,0.304489,0.216292
5824,0.27286,0.268807
5825,0.27286,0.268807
5826,0.25309,0.272416
5827,0.295143,0.274918
5828,0.25984,0.311832
5829,0.25984,0.311832
5830,0.25984,0.311832
5831,0.307286,0.287749
5832,0.286034,0.309434
5833,0.257037,0.292511
5834,0.297884,0.285504
5835,0.340844,0.233229
5836,0.346986,0.214533
5837,0.316826,0.202602
5838,0.378163,0.204434
5839,0.378163,0.204434
5840,0.378163,0.204434
5841,0.401588,0.205827
5842,0.401588,0.205827
5843,0.348643,0.265211
5844,0.418406,0.220465
5845,0.324299,0.287451
5846,0.324299,0.287451
5847,0.324299,0.287451
5848,0.324299,0.287451
5849,0.324299,0.287451
5850,0.343971,0.286834
5851,0.310888,0.270567
5852,0.295547,0.259131
5853,0.271964,0.304602
5854,0.323638,0.396141
5855,0.327379,0.387316
5856,0.327379,0.387316
5857,0.325232,0.335189
5858,0.290877,0.351036
5859,0.263372,0.306563
5860,0.335075,0.334491
5861,0.329196,0.305637
5862,0.325179,0.293766
5863,0.328687,0.293533
5864,0.328687,0.293533
5865,0.355194,0.29465
5866,0.425485,0.252796
5867,0.41534,0.25819
5868,0.39813,0.237873
5869,0.397131,0.236445
5870,0.425266,0.275252
5871,0.408929,0.27961
5872,0.315314,0.259003
5873,0.340039,0.302325
5874,0.360777,0.28844
5875,0.33797,0.25216
5876,0.33797,0.25216
5877,0.33797,0.25216
5878,0.302922,0.301038
5879,0.3678,0.337287
5880,0.360074,0.315001
5881,0.325873,0.319693
5882,0.324696,0.292824
5883,0.291631,0.311193
5884,0.25643,0.347668
5885,0.265393,0.360727
5886,0.28978,0.324602
5887,0.28978,0.324602
5888,0.339337,0.317182
5889,0.346543,0.298914
5890,0.282018,0.279625
5891,0.282018,0.279625
5892,0.272751,0.25791
5893,0.294145,0.251709
5894,0.291676,0.203325
5895,0.375037,0.192625
5896,0.375037,0.192625
5897,0.375037,0.192625
5898,0.353947,0.249984
5899,0.486424,0.229508
5900,0.409504,0.223849
5901,0.390028,0.22866
5902,0.390028,0.22866
5903,0.390028,0.22866
5904,0.395813,0.265009
5905,0.357956,0.300095
5906,0.314385,0.310436
5907,0.314385,0.310436
5908,0.28591,0.341037
5909,0.28591,0.341037
5910,0.305129,0.272869
5911,0.305129,0.272869
5912,0.305129,0.272869
5913,0.318866,0.228014
5914,0.318866,0.228014
5915,0.318282,0.261128
5916,0.302832,0.217668
5917,0.302832,0.217668
5918,0.345682,0.192833
5919,0.339819,0.132384
5920,0.331869,0.1674
5921,0.378923,0.153797
5922,0.378923,0.153797
5923,0.354625,0.147672
5924,0.354625,0.147672
5925,0.366387,0.160497
5926,0.366387,0.160497
5927,0.389139,0.182116
5928,0.389139,0.182116
5929,0.356911,0.234101
5930,0.385505,0.239266
5931,0.316916,0.275998
5932,0.366928,0.194412
5933,0.317067,0.237354
5934,0.317067,0.237354
5935,0.340884,0.176417
5936,0.340491,0.115757
5937,0.351516,0.148925
5938,0.351516,0.148925
5939,0.336441,0.157761
5940,0.337361,0.13655
5941,0.367716,0.186576
5942,0.412229,0.20547
5943,0.36895,0.202505
5944,0.351504,0.256268
5945,0.298681,0.193999
5946,0.298681,0.193999
5947,0.298681,0.193999
5948,0.35821,0.195823
5949,0.323976,0.232597
5950,0.319738,0.206357
5951,0.319352,0.280679
5952,0.291825,0.264799
5953,0.354436,0.286106
5954,0.345234,0.287887
5955,0.328797,0.279935
5956,0.3322,0.401586
5957,0.3322,0.401586
5958,0.299132,0.322906
5959,0.30829,0.335743
5960,0.325152,0.299299
5961,0.325152,0.299299
5962,0.275212,0.217148
5963,0.250849,0.174291
5964,0.252585,0.150199
5965,0.263106,0.210673
5966,0.311547,0.231008
5967,0.311547,0.231008
5968,0.311547,0.231008
5969,0.281125,0.205221
5970,0.281125,0.205221
5971,0.281125,0.205221
5972,0.265318,0.19608
5973,0.32976,0.155865
5974,0.298255,0.18144
5975,0.28028,0.125882
5976,0.252739,0.163009
5977,0.252739,0.163009
5978,0.273764,0.186662
5979,0.278701,0.221538
5980,0.278701,0.221538
5981,0.278701,0.221538
5982,0.254868,0.212066
5983,0.275847,0.238572
5984,0.245828,0.224903
5985,0.21549,0.293608
5986,0.190743,0.287954
5987,0.192694,0.266414
5988,0.20813,0.296283
5989,0.234459,0.294403
5990,0.24964,0.252342
5991,0.248513,0.251566
5992,0.268157,0.242976
5993,0.237575,0.239571
5994,0.279457,0.227547
5995,0.279457,0.227547
5996,0.176667,0.257487
5997,0.158887,0.231321
5998,0.171028,0.24038
5999,0.143861,0.186958
6000,0.150122,0.210203
6001,0.163383,0.20014
6002,0.134809,0.170442
6003,0.11494,0.221514
6004,0.142576,0.207873
6005,0.149999,0.272597
6006,0.128855,0.274656
6007,0.128855,0.274656
6008,0.190207,0.317917
6009,0.164453,0.26485
6010,0.186516,0.313974
6011,0.184958,0.394033
6012,0.184958,0.394033
6013,0.184958,0.394033
6014,0.184958,0.394033
6015,0.168875,0.323088
6016,0.151867,0.355958
6017,0.160459,0.365068
6018,0.178886,0.440944
6019,0.236763,0.469251
6020,0.244572,0.446142
6021,0.244572,0.446142
6022,0.232616,0.408128
6023,0.246372,0.371241
6024,0.246372,0.371241
6025,0.156272,0.30227
6026,0.248517,0.331158
6027,0.171258,0.322184
6028,0.18598,0.419566
6029,0.209808,0.421844
6030,0.21657,0.453483
6031,0.203882,0.477263
6032,0.203882,0.477263
6033,0.203882,0.477263
6034,0.164224,0.492768
6035,0.192078,0.417726
6036,0.201235,0.400465
6037,0.201235,0.400465
6038,0.201235,0.400465
6039,0.201235,0.400465
6040,0.238585,0.368779
6041,0.226926,0.333677
6042,0.296662,0.29861
6043,0.274232,0.375411
6044,0.26812,0.321236
6045,0.26812,0.321236
6046,0.298615,0.324111
6047,0.272876,0.337573
6048,0.272876,0.337573
6049,0.272876,0.337573
6050,0.296959,0.400766
6051,0.213557,0.421953
6052,0.268618,0.451833
6053,0.302665,0.451405
6054,0.264659,0.458132
6055,0.199224,0.344335
6056,0.243056,0.290673
6057,0.275045,0.324767
6058,0.265826,0.298059
6059,0.237021,0.373968
6060,0.237021,0.373968
6061,0.237021,0.373968
6062,0.199465,0.36242
6063,0.202119,0.451422
6064,0.202119,0.451422
6065,0.271742,0.467039
6066,0.242532,0.380448
6067,0.255919,0.493954
6068,0.311172,0.380289
6069,0.333323,0.417279
6070,0.333323,0.417279
6071,0.329113,0.38297
6072,0.329113,0.38297
6073,0.374793,0.401111
6074,0.374793,0.401111
6075,0.319611,0.455554
6076,0.342236,0.442
6077,0.30846,0.403922
6078,0.30846,0.403922
6079,0.352088,0.316758
6080,0.337642,0.385921
6081,0.313102,0.380058
6082,0.278054,0.380084
6083,0.276588,0.344756
6084,0.353838,0.403001
6085,0.353838,0.403001
6086,0.331426,0.430172
6087,0.348168,0.466382
6088,0.298268,0.379796
6089,0.298268,0.379796
6090,0.298268,0.379796
6091,0.330472,0.453129
6092,0.31168,0.475351
6093,0.26511,0.434086
6094,0.204026,0.488151
6095,0.247346,0.435764
6096,0.198159,0.428046
6097,0.187457,0.426072
6098,0.161284,0.504171
6099,0.172898,0.538896
6100,0.172898,0.538896
6101,0.172898,0.538896
6102,0.182162,0.550306
6103,0.227085,0.455124
6104,0.271874,0.410755
6105,0.271874,0.410755
6106,0.257616,0.45437
6107,0.257616,0.45437
6108,0.29743,0.415522
6109,0.241735,0.509995
6110,0.241735,0.509995
6111,0.231958,0.440045
6112,0.257884,0.478526
6113,0.271157,0.383653
6114,0.250715,0.309221
6115,0.250715,0.309221
6116,0.291783,0.429393
6117,0.291783,0.429393
6118,0.291783,0.429393
6119,0.291783,0.429393
6120,0.302184,0.442414
6121,0.232297,0.475408
6122,0.249784,0.435903
6123,0.249784,0.435903
6124,0.261143,0.390261
6125,0.261143,0.390261
6126,0.225019,0.355677
6127,0.199242,0.333514
6128,0.199242,0.333514
6129,0.199546,0.336679
6130,0.213929,0.357175
6131,0.22607,0.361195
6132,0.251527,0.414941
6133,0.251527,0.414941
6134,0.269466,0.364493
6135,0.269466,0.364493
6136,0.275134,0.347292
6137,0.275134,0.347292
6138,0.306949,0.357181
6139,0.315173,0.349945
6140,0.308279,0.357138
6141,0.293077,0.34804
6142,0.320965,0.338219
6143,0.298595,0.341772
6144,0.232133,0.344835
6145,0.274268,0.308739
6146,0.274268,0.308739
6147,0.265846,0.356663
6148,0.27447,0.371045
6149,0.249533,0.368425
6150,0.290995,0.383312
6151,0.329591,0.378592
6152,0.250128,0.390676
6153,0.217918,0.34296
6154,0.259214,0.357201
6155,0.29683,0.351108
6156,0.257778,0.358678
6157,0.285792,0.399482
6158,0.282842,0.366632
6159,0.278195,0.368648
6160,0.287188,0.413293
6161,0.287188,0.413293
6162,0.322869,0.418052
6163,0.322869,0.418052
6164,0.322869,0.418052
6165,0.268431,0.386145
6166,0.294218,0.445411
6167,0.338451,0.377159
6168,0.338451,0.377159
6169,0.339849,0.284627
6170,0.328967,0.310888
6171,0.300853,0.306974
6172,0.227629,0.322741
6173,0.258582,0.302276
6174,0.221513,0.322926
6175,0.206013,0.295345
6176,0.247692,0.251841
6177,0.247692,0.251841
6178,0.207014,0.253654
6179,0.207014,0.253654
6180,0.19771,0.226894
6181,0.0864081,0.207336
6182,0.127524,0.23199
6183,0.165452,0.225925
6184,0.140538,0.263759
6185,0.140538,0.263759
6186,0.140538,0.263759
6187,0.132146,0.288541
6188,0.147059,0.324199
6189,0.147059,0.324199
6190,0.13533,0.304312
6191,0.151745,0.282809
6192,0.10288,0.241027
6193,0.0777026,0.254395
6194,0.0924644,0.287055
6195,0.0890184,0.296693
6196,0.0890184,0.296693
6197,0.0890184,0.296693
6198,0.0692096,0.310124
6199,0.0548432,0.300679
6200,0.0823962,0.319241
6201,0.110126,0.290294
6202,0.0612329,0.294498
6203,0.104047,0.360173
6204,0.104047,0.360173
6205,0.117355,0.367977
6206,0.117355,0.367977
6207,0.117355,0.367977
6208,0.129434,0.366628
6209,0.141444,0.4058
6210,0.141444,0.4058
6211,0.141444,0.4058
6212,0.11032,0.426427
6213,0.0918538,0.380754
6214,0.110848,0.403272
6215,0.110848,0.403272
6216,0.136996,0.410868
6217,0.135018,0.41575
6218,0.135018,0.41575
6219,0.160784,0.324758
6220,0.160784,0.324758
6221,0.261926,0.350354
6222,0.261926,0.350354
6223,0.228586,0.402696
6224,0.214437,0.391799
6225,0.214437,0.391799
6226,0.168557,0.462909
6227,0.168557,0.462909
6228,0.168557,0.462909
6229,0.114614,0.435579
6230,0.204121,0.492847
6231,0.261227,0.467972
6232,0.261227,0.467972
6233,0.223717,0.485746
6234,0.232794,0.434424
6235,0.252146,0.461904
6236,0.252316,0.501597
6237,0.252316,0.501597
6238,0.22804,0.58162
6239,0.22804,0.58162
6240,0.219386,0.550559
6241,0.241031,0.488237
6242,0.200667,0.428486
6243,0.200667,0.428486
6244,0.223088,0.449068
6245,0.204205,0.475202
6246,0.231529,0.403228
6247,0.196317,0.413479
6248,0.169178,0.476314
6249,0.178971,0.489811
6250,0.1816,0.45454
6251,0.192475,0.463165
6252,0.122235,0.445249
6253,0.078795,0.435349
6254,0.078795,0.435349
6255,0.078795,0.435349
6256,0.0892729,0.441787
6257,0.0984729,0.490665
6258,0.120961,0.476198
6259,0.116903,0.400581
6260,0.126181,0.432835
6261,0.0826172,0.446136
6262,0.0905618,0.495322
6263,0.076439,0.420121
6264,0.0653741,0.407451
6265,0.0653741,0.407451
6266,0.0987724,0.481167
6267,0.129885,0.351477
6268,0.129885,0.351477
6269,0.164209,0.431281
6270,0.179026,0.432545
6271,0.202135,0.416184
6272,0.1201,0.388054
6273,0.121134,0.344964
6274,0.113971,0.339179
6275,0.137156,0.305047
6276,0.130392,0.320256
6277,0.133868,0.355821
6278,0.133868,0.355821
6279,0.168638,0.32514
6280,0.121601,0.283355
6281,0.114413,0.308658
6282,0.114413,0.308658
6283,0.103448,0.261219
6284,0.103448,0.261219
6285,0.111869,0.258889
6286,0.0741602,0.273065
6287,0.072156,0.284367
6288,0.072156,0.284367
6289,0.0623477,0.281833
6290,0.0395905,0.261305
6291,0.07873,0.227257
6292,0.0800939,0.268362
6293,0.0800939,0.268362
6294,0.121314,0.325546
6295,0.0569803,0.303589
6296,0.0972861,0.26647
6297,0.0985562,0.340578
6298,0.0985562,0.340578
6299,0.0985562,0.340578
6300,0.0674716,0.282481
6301,0.0543275,0.32582
6302,0.100334,0.339151
6303,0.100334,0.339151
6304,0.0701846,0.338448
6305,0.0484299,0.282292
6306,0.0800985,0.358719
6307,0.12223,0.37546
6308,0.104389,0.405705
6309,0.111341,0.467776
6310,0.0983891,0.468214
6311,0.0915112,0.428027
6312,0.0971639,0.414696
6313,0.0707996,0.42391
6314,0.0441796,0.374394
6315,0.0319599,0.422721
6316,0.0326113,0.485332
6317,0.0795597,0.441079
6318,0.0923888,0.433975
6319,0.0776113,0.501053
6320,0.0603313,0.493084
6321,0.0622404,0.452319
6322,0.0622404,0.452319
6323,0.0776982,0.464551
6324,0.0623339,0.465883
6325,0.00846207,0.434571
6326,0.0338642,0.465055
6327,0.0338642,0.465055
6328,0.10118,0.463349
6329,0.18076,0.463451
6330,0.18076,0.463451
6331,0.183545,0.422913
6332,0.110503,0.461678
6333,0.121424,0.430941
6334,0.147418,0.457548
6335,0.164006,0.468902
6336,0.192353,0.426006
6337,0.192353,0.426006
6338,0.192353,0.426006
6339,0.162828,0.411602
6340,0.191143,0.363539
6341,0.149686,0.355881
6342,0.161963,0.38388
6343,0.129239,0.424499
6344,0.111711,0.424129
6345,0.111711,0.424129
6346,0.084112,0.415602
6347,0.0496771,0.38388
6348,0.0758822,0.432433
6349,0.0539047,0.385988
6350,0.107622,0.348672
6351,0.0970964,0.430658
6352,0.0757773,0.437533
6353,0.0757773,0.437533
6354,0.0940995,0.447769
6355,0.0940995,0.447769
6356,0.0940995,0.447769
6357,0.0593271,0.327987
6358,0.0593271,0.327987
6359,0.0907867,0.353254
6360,0.117695,0.330268
6361,0.117695,0.330268
6362,0.117695,0.330268
6363,0.151236,0.318375
6364,0.155562,0.350432
6365,0.155562,0.350432
6366,0.155562,0.350432
6367,0.137406,0.319382
6368,0.15083,0.320594
6369,0.080537,0.34215
6370,0.0716675,0.289165
6371,0.0675263,0.281644
6372,0.0688723,0.263626
6373,0.102159,0.284645
6374,0.0674148,0.276786
6375,0.0674148,0.276786
6376,0.0945819,0.257838
6377,0.0945819,0.257838
6378,0.0747372,0.270536
6379,0.0675594,0.272132
6380,0.0616347,0.28407
6381,0.115351,0.324293
6382,0.09751,0.322046
6383,0.138711,0.278875
6384,0.138711,0.278875
6385,0.199466,0.296354
6386,0.143493,0.323817
6387,0.203699,0.297254
6388,0.158334,0.30386
6389,0.180012,0.338222
6390,0.200191,0.309147
6391,0.154528,0.329164
6392,0.154528,0.329164
6393,0.115218,0.315795
6394,0.115218,0.315795
6395,0.119242,0.329807
6396,0.143483,0.33307
6397,0.147143,0.348963
6398,0.177581,0.354052
6399,0.177581,0.354052
6400,0.267751,0.301984
6401,0.267751,0.301984
6402,0.218642,0.326689
6403,0.194793,0.309741
6404,0.177927,0.312761
6405,0.177927,0.312761
6406,0.177927,0.312761
6407,0.184828,0.302975
6408,0.181378,0.31911
6409,0.190076,0.373132
6410,0.236704,0.32887
6411,0.214144,0.256048
6412,0.235166,0.290522
6413,0.235166,0.290522
6414,0.25831,0.31031
6415,0.251508,0.274297
6416,0.251508,0.274297
6417,0.23177,0.297283
6418,0.190285,0.331277
6419,0.190285,0.331277
6420,0.190285,0.331277
6421,0.190285,0.331277
6422,0.190285,0.331277
6423,0.219001,0.297907
6424,0.219001,0.297907
6425,0.252243,0.336479
6426,0.252243,0.336479
6427,0.216001,0.362126
6428,0.216001,0.362126
6429,0.216001,0.362126
6430,0.218757,0.355679
6431,0.195061,0.340903
6432,0.212279,0.320011
6433,0.234633,0.353121
6434,0.208945,0.369378
6435,0.208945,0.369378
6436,0.208945,0.369378
6437,0.238555,0.351689
6438,0.238555,0.351689
6439,0.288661,0.370395
6440,0.271351,0.420943
6441,0.271351,0.420943
6442,0.219514,0.347094
6443,0.261852,0.359183
6444,0.243559,0.364474
6445,0.243559,0.364474
6446,0.222916,0.376928
6447,0.253806,0.287071
6448,0.253806,0.287071
6449,0.299748,0.285577
6450,0.31267,0.301593
6451,0.31934,0.293038
6452,0.315011,0.255381
6453,0.294852,0.223167
6454,0.28344,0.258625
6455,0.28344,0.258625
6456,0.29488,0.262836
6457,0.354468,0.235234
6458,0.33241,0.203334
6459,0.352269,0.203814
6460,0.334964,0.244291
6461,0.325191,0.183971
6462,0.355381,0.214425
6463,0.290214,0.19549
6464,0.289848,0.213865
6465,0.289848,0.213865
6466,0.269551,0.212652
6467,0.282409,0.230212
6468,0.322748,0.179218
6469,0.322748,0.179218
6470,0.310497,0.165024
6471,0.309007,0.187956
6472,0.312126,0.203263
6473,0.312126,0.203263
6474,0.293799,0.213451
6475,0.293799,0.213451
6476,0.284559,0.289016
6477,0.29044,0.241957
6478,0.302712,0.265561
6479,0.32397,0.279794
6480,0.32397,0.279794
6481,0.293084,0.250098
6482,0.293084,0.250098
6483,0.293084,0.250098
6484,0.293084,0.250098
6485,0.321461,0.254359
6486,0.321461,0.254359
6487,0.321461,0.254359
6488,0.325697,0.310144
6489,0.361704,0.353061
6490,0.377726,0.312616
6491,0.347647,0.328974
6492,0.347647,0.328974
6493,0.379047,0.321566
6494,0.410385,0.293736
6495,0.415407,0.284646
6496,0.437171,0.323943
6497,0.468188,0.290321
6498,0.44042,0.25992
6499,0.524067,0.258951
6500,0.44801,0.284855
6501,0.410728,0.280847
6502,0.383049,0.254424
6503,0.383049,0.254424
6504,0.410958,0.205572
6505,0.389601,0.194845
6506,0.352205,0.23681
6507,0.382414,0.240463
6508,0.381497,0.229764
6509,0.344399,0.236569
6510,0.392381,0.278551
6511,0.344496,0.269471
6512,0.345219,0.263954
6513,0.345219,0.263954
6514,0.404246,0.323398
6515,0.39517,0.305953
6516,0.370878,0.272006
6517,0.370878,0.272006
6518,0.345411,0.316766
6519,0.343554,0.320794
6520,0.391584,0.291675
6521,0.391584,0.291675
6522,0.43873,0.266912
6523,0.43873,0.266912
6524,0.465685,0.322419
6525,0.401292,0.304559
6526,0.427299,0.317389
6527,0.383488,0.250363
6528,0.447575,0.268958
6529,0.447575,0.268958
6530,0.468051,0.299791
6531,0.348472,0.290356
6532,0.348472,0.290356
6533,0.443172,0.292754
6534,0.444075,0.254003
6535,0.355454,0.249876
6536,0.372651,0.300313
6537,0.369941,0.346873
6538,0.325097,0.303603
6539,0.350303,0.263406
6540,0.34039,0.230194
6541,0.346549,0.257561
6542,0.422739,0.288574
6543,0.422739,0.288574
6544,0.433567,0.278313
6545,0.457478,0.305635
6546,0.457478,0.305635
6547,0.457478,0.305635
6548,0.445787,0.258966
6549,0.390832,0.240353
6550,0.390832,0.240353
6551,0.406924,0.227525
6552,0.399312,0.230115
6553,0.399312,0.230115
6554,0.341369,0.204814
6555,0.341843,0.168272
6556,0.376539,0.145298
6557,0.376539,0.145298
6558,0.376539,0.145298
6559,0.376539,0.145298
6560,0.417444,0.18379
6561,0.417444,0.18379
6562,0.480087,0.119452
6563,0.480087,0.119452
6564,0.443612,0.0877099
6565,0.443612,0.0877099
6566,0.443612,0.0877099
6567,0.425731,0.0980248
6568,0.425731,0.0980248
6569,0.434876,0.0675785
6570,0.354561,0.0832927
6571,0.386561,0.0466002
6572,0.403247,0.047245
6573,0.403247,0.047245
6574,0.370007,0.0562148
6575,0.370007,0.0562148
6576,0.288381,0.0786342
6577,0.329223,0.0446375
6578,0.318871,0.0869128
6579,0.281157,0.0803391
6580,0.248677,0.105209
6581,0.248677,0.105209
6582,0.290829,0.0454361
6583,0.239234,0.0408531
6584,0.243718,0.0800626
6585,0.195253,0.0347808
6586,0.237485,0.0162672
6587,0.214894,0.0536366
6588,0.214894,0.0536366
6589,0.220103,0.0442896
6590,0.244183,0.0874879
6591,0.273462,0.086945
6592,0.273462,0.086945
6593,0.273462,0.086945
6594,0.291202,0.0383481
6595,0.307489,0.0100963
6596,0.307489,0.0100963
6597,0.307489,0.0100963
6598,0.321271,0.0249134
6599,0.288254,0.0193428
6600,0.296744,0.0498237
6601,0.305912,0.0656805
6602,0.317878,0.0277193
6603,0.317878,0.0277193
6604,0.337459,0.0522531
6605,0.337459,0.0522531
6606,0.378674,0.0410643
6607,0.294205,0.0635347
6608,0.294205,0.0635347
6609,0.294205,0.0635347
6610,0.294205,0.0635347
6611,0.294205,0.0635347
6612,0.294205,0.0635347
6613,0.294205,0.0635347
6614,0.294205,0.0635347
6615,0.310761,0.0716615
6616,0.310761,0.0716615
6617,0.339215,0.0463467
6618,0.288925,0.0753069
6619,0.288925,0.0753069
6620,0.319672,0.0577409
6621,0.341453,0.0611406
6622,0.341453,0.0611406
6623,0.341453,0.0611406
6624,0.348465,0.023185
6625,0.308484,0.0229879
6626,0.306003,0.0403199
6627,0.306003,0.0403199
6628,0.27994,0.0594236
6629,0.259516,0.0731926
6630,0.257018,0.0980602
6631,0.272649,0.0870136
6632,0.272649,0.0870136
6633,0.307201,0.115578
6634,0.315212,0.0355777
6635,0.309505,0.051852
6636,0.284478,0.0870089
6637,0.306302,0.092242
6638,0.356186,0.1103
6639,0.341109,0.11546
6640,0.389525,0.126678
6641,0.325024,0.100886
6642,0.325024,0.100886
6643,0.325024,0.100886
6644,0.325024,0.100886
6645,0.325024,0.100886
6646,0.356189,0.125817
6647,0.383506,0.155854
6648,0.331522,0.151746
6649,0.331522,0.151746
6650,0.389544,0.181303
6651,0.389544,0.181303
6652,0.421689,0.153007
6653,0.421689,0.153007
6654,0.472211,0.128783
6655,0.439198,0.0778897
6656,0.438825,0.0844985
6657,0.390255,0.0798491
6658,0.405699,0.109896
6659,0.34945,0.121648
6660,0.349384,0.140631
6661,0.420224,0.10558
6662,0.449479,0.119589
6663,0.434687,0.142278
6664,0.399934,0.147332
6665,0.3571,0.139581
6666,0.3571,0.139581
6667,0.357611,0.142138
6668,0.304825,0.12626
6669,0.369171,0.146845
6670,0.258472,0.151524
6671,0.282399,0.18868
6672,0.248787,0.126853
6673,0.249951,0.0818359
6674,0.227313,0.0911602
6675,0.27254,0.115011
6676,0.328704,0.130971
6677,0.249403,0.122241
6678,0.265201,0.155781
6679,0.285957,0.134237
6680,0.372415,0.166578
6681,0.304229,0.153897
6682,0.304229,0.153897
6683,0.323362,0.130214
6684,0.262654,0.169126
6685,0.30657,0.192542
6686,0.315266,0.203845
6687,0.315266,0.203845
6688,0.291189,0.161925
6689,0.291189,0.161925
6690,0.33227,0.162383
6691,0.322971,0.164381
6692,0.322971,0.164381
6693,0.322971,0.164381
6694,0.322971,0.164381
6695,0.302234,0.202473
6696,0.392888,0.214276
6697,0.354524,0.191043
6698,0.348281,0.230734
6699,0.34296,0.269103
6700,0.34296,0.269103
6701,0.325115,0.228695
6702,0.354439,0.217947
6703,0.345572,0.224114
6704,0.375217,0.21005
6705,0.335201,0.248505
6706,0.307139,0.269785
6707,0.26627,0.236465
6708,0.295903,0.208438
6709,0.295903,0.208438
6710,0.295903,0.208438
6711,0.295903,0.208438
6712,0.292184,0.165574
6713,0.353533,0.157652
6714,0.314795,0.113319
6715,0.314795,0.113319
6716,0.343928,0.105867
6717,0.343928,0.105867
6718,0.374415,0.111356
6719,0.379521,0.0970289
6720,0.356021,0.0861358
6721,0.34333,0.0999683
6722,0.303239,0.109366
6723,0.303239,0.109366
6724,0.346036,0.120321
6725,0.350063,0.168901
6726,0.341692,0.164932
6727,0.324467,0.126907
6728,0.286636,0.142333
6729,0.2416,0.19133
6730,0.320825,0.230158
6731,0.340733,0.212507
6732,0.37396,0.153749
6733,0.37396,0.153749
6734,0.343835,0.167424
6735,0.418285,0.175898
6736,0.359811,0.217166
6737,0.317553,0.197093
6738,0.271499,0.208779
6739,0.345615,0.139413
6740,0.345615,0.139413
6741,0.372654,0.153177
6742,0.370817,0.144773
6743,0.370817,0.144773
6744,0.410201,0.134543
6745,0.410201,0.134543
6746,0.363746,0.198621
6747,0.342364,0.169982
6748,0.386396,0.178986
6749,0.411997,0.167538
6750,0.358474,0.160722
6751,0.344267,0.134341
6752,0.344267,0.134341
6753,0.321441,0.250333
6754,0.366199,0.254544
6755,0.293085,0.234706
6756,0.300883,0.266412
6757,0.234503,0.256405
6758,0.257109,0.293681
6759,0.257109,0.293681
6760,0.271488,0.233789
6761,0.297635,0.262003
6762,0.324428,0.267965
6763,0.32786,0.288599
6764,0.365058,0.244067
6765,0.365058,0.244067
6766,0.365058,0.244067
6767,0.403633,0.223655
6768,0.336124,0.214248
6769,0.336124,0.214248
6770,0.322225,0.188151
6771,0.317183,0.238541
6772,0.317183,0.238541
6773,0.317183,0.238541
6774,0.322307,0.219644
6775,0.322307,0.219644
6776,0.252503,0.211122
6777,0.303976,0.176789
6778,0.303976,0.176789
6779,0.313517,0.167377
6780,0.313517,0.167377
6781,0.350889,0.268333
6782,0.306215,0.269389
6783,0.306215,0.269389
6784,0.293113,0.251667
6785,0.354236,0.187716
6786,0.319469,0.261724
6787,0.283298,0.228005
6788,0.241203,0.275474
6789,0.257176,0.265016
6790,0.194495,0.26081
6791,0.216371,0.239365
6792,0.248371,0.276188
6793,0.266852,0.271319
6794,0.191329,0.269646
6795,0.191329,0.269646
6796,0.174572,0.273501
6797,0.212201,0.359674
6798,0.212201,0.359674
6799,0.242632,0.27962
6800,0.200509,0.301285
6801,0.170163,0.301549
6802,0.118857,0.341127
6803,0.118857,0.341127
6804,0.119065,0.352853
6805,0.119065,0.352853
6806,0.119065,0.352853
6807,0.0865669,0.34994
6808,0.0865669,0.34994
6809,0.104658,0.351955
6810,0.139659,0.317407
6811,0.126458,0.313142
6812,0.119816,0.348325
6813,0.125831,0.308121
6814,0.122401,0.338632
6815,0.117573,0.297875
6816,0.117573,0.297875
6817,0.13562,0.245575
6818,0.174826,0.242335
6819,0.183787,0.294425
6820,0.193898,0.29608
6821,0.182928,0.348919
6822,0.162512,0.313063
6823,0.166714,0.324541
6824,0.196589,0.342322
6825,0.183071,0.335011
6826,0.183071,0.335011
6827,0.18791,0.3735
6828,0.206558,0.327105
6829,0.200329,0.341433
6830,0.200813,0.333729
6831,0.210777,0.364693
6832,0.227533,0.273082
6833,0.21561,0.247612
6834,0.280244,0.203113
6835,0.280244,0.203113
6836,0.230681,0.215467
6837,0.228071,0.219686
6838,0.246141,0.227918
6839,0.204796,0.21448
6840,0.179797,0.164832
6841,0.229186,0.146411
6842,0.224764,0.153976
6843,0.186523,0.177085
6844,0.199423,0.232319
6845,0.205114,0.234807
6846,0.211112,0.232727
6847,0.246741,0.204779
6848,0.217983,0.211556
6849,0.243994,0.172521
6850,0.234491,0.198169
6851,0.284084,0.196499
6852,0.284084,0.196499
6853,0.284084,0.196499
6854,0.24401,0.251443
6855,0.224062,0.256887
6856,0.214177,0.255242
6857,0.188218,0.237946
6858,0.193319,0.180982
6859,0.165369,0.17695
6860,0.165369,0.17695
6861,0.189344,0.184828
6862,0.172543,0.229446
6863,0.17298,0.184145
6864,0.190646,0.17428
6865,0.197513,0.216973
6866,0.197513,0.216973
6867,0.17564,0.207918
6868,0.222845,0.184588
6869,0.211474,0.176936
6870,0.185624,0.211345
6871,0.176155,0.191156
6872,0.212263,0.211218
6873,0.212263,0.211218
6874,0.243228,0.162446
6875,0.271435,0.148056
6876,0.271435,0.148056
6877,0.30324,0.189436
6878,0.30324,0.189436
6879,0.309084,0.179576
6880,0.313053,0.172076
6881,0.278089,0.177804
6882,0.269287,0.219174
6883,0.283398,0.222688
6884,0.305205,0.253166
6885,0.305205,0.253166
6886,0.250927,0.284967
6887,0.250927,0.284967
6888,0.228783,0.276378
6889,0.23214,0.304929
6890,0.274385,0.301994
6891,0.258476,0.273887
6892,0.258476,0.273887
6893,0.242117,0.247495
6894,0.242117,0.247495
6895,0.242117,0.247495
6896,0.242117,0.247495
6897,0.251053,0.227818
6898,0.263029,0.195609
6899,0.327089,0.169645
6900,0.327089,0.169645
6901,0.285377,0.239101
6902,0.263591,0.244086
6903,0.305651,0.234913
6904,0.305651,0.234913
6905,0.305651,0.234913
6906,0.369584,0.262082
6907,0.369584,0.262082
6908,0.309605,0.29603
6909,0.356394,0.239292
6910,0.335623,0.250706
6911,0.386823,0.250286
6912,0.390503,0.270616
6913,0.390503,0.270616
6914,0.390503,0.270616
6915,0.390503,0.270616
6916,0.355172,0.278154
6917,0.355172,0.278154
6918,0.357551,0.281261
6919,0.343896,0.290259
6920,0.325047,0.329812
6921,0.325047,0.329812
6922,0.305338,0.267762
6923,0.314855,0.296525
6924,0.314855,0.296525
6925,0.32397,0.328422
6926,0.272297,0.293302
6927,0.344996,0.269644
6928,0.295033,0.274495
6929,0.295033,0.274495
6930,0.360251,0.31617
6931,0.361759,0.268159
6932,0.361759,0.268159
6933,0.361759,0.268159
6934,0.361759,0.268159
6935,0.361759,0.268159
6936,0.276281,0.239178
6937,0.244598,0.247971
6938,0.303807,0.240434
6939,0.303807,0.240434
6940,0.303807,0.240434
6941,0.27211,0.288336
6942,0.27211,0.288336
6943,0.27211,0.288336
6944,0.27211,0.288336
6945,0.253835,0.266805
6946,0.297583,0.295116
6947,0.297583,0.295116
6948,0.249991,0.258165
6949,0.301162,0.236926
6950,0.358667,0.232013
6951,0.341293,0.254876
6952,0.360329,0.321898
6953,0.360329,0.321898
6954,0.360329,0.321898
6955,0.296962,0.338245
6956,0.324245,0.333647
6957,0.324245,0.333647
6958,0.332108,0.32578
6959,0.34146,0.317693
6960,0.285672,0.28673
6961,0.285672,0.28673
6962,0.285698,0.328476
6963,0.292107,0.264912
6964,0.273392,0.233576
6965,0.273392,0.233576
6966,0.208271,0.261227
6967,0.273158,0.284847
6968,0.317404,0.265744
6969,0.269419,0.259647
6970,0.269419,0.259647
6971,0.323024,0.216706
6972,0.303918,0.258902
6973,0.327817,0.219431
6974,0.327817,0.219431
6975,0.318382,0.204729
6976,0.348341,0.251904
6977,0.351446,0.252621
6978,0.319667,0.289092
6979,0.284405,0.324663
6980,0.282195,0.326175
6981,0.312009,0.264372
6982,0.237552,0.235681
6983,0.237552,0.235681
6984,0.242865,0.25809
6985,0.242865,0.25809
6986,0.269031,0.205872
6987,0.229412,0.199085
6988,0.22674,0.259947
6989,0.22674,0.259947
6990,0.221394,0.243873
6991,0.273738,0.228912
6992,0.273738,0.228912
6993,0.273738,0.228912
6994,0.309226,0.269087
6995,0.309226,0.269087
6996,0.280668,0.266036
6997,0.268585,0.22506
6998,0.268585,0.22506
6999,0.257669,0.194259
7000,0.265115,0.217495
7001,0.286584,0.20939
7002,0.263519,0.226849
7003,0.263519,0.226849
7004,0.263519,0.226849
7005,0.318278,0.237717
7006,0.318278,0.237717
7007,0.292492,0.209699
7008,0.262212,0.226954
7009,0.286174,0.253529
7010,0.28146,0.210985
7011,0.262339,0.232708
7012,0.262339,0.232708
7013,0.277954,0.206908
7014,0.331227,0.169351
7015,0.310342,0.140245
7016,0.279174,0.181396
7017,0.279174,0.181396
7018,0.256882,0.200948
7019,0.248663,0.176364
7020,0.271579,0.151038
7021,0.288926,0.186298
7022,0.294223,0.160876
7023,0.303525,0.156634
7024,0.311705,0.144398
7025,0.345682,0.115531
7026,0.358536,0.129612
7027,0.374526,0.0799767
7028,0.371838,0.0996824
7029,0.340573,0.0884756
7030,0.293651,0.0944355
7031,0.265317,0.0770484
7032,0.265317,0.0770484
7033,0.265317,0.0770484
7034,0.307694,0.0794639
7035,0.292559,0.0849674
7036,0.292559,0.0849674
7037,0.244922,0.12935
7038,0.211807,0.141042
7039,0.211807,0.141042
7040,0.22273,0.137327
7041,0.22273,0.137327
7042,0.22273,0.137327
7043,0.243318,0.135903
7044,0.232192,0.112822
7045,0.282967,0.164924
7046,0.282967,0.164924
7047,0.2917,0.152234
7048,0.2917,0.152234
7049,0.299598,0.150279
7050,0.299598,0.150279
7051,0.272484,0.102647
7052,0.29155,0.0894153
7053,0.246819,0.0904913
7054,0.246819,0.0904913
7055,0.245549,0.104257
7056,0.234946,0.0743482
7057,0.255717,0.124718
7058,0.25678,0.0864825
7059,0.25678,0.0864825
7060,0.302748,0.125956
7061,0.32439,0.0827826
7062,0.290818,0.11061
7063,0.297254,0.133
7064,0.297254,0.133
7065,0.297254,0.133
7066,0.297254,0.133
7067,0.297254,0.133
7068,0.267925,0.130196
7069,0.222123,0.137663
7070,0.204719,0.195213
7071,0.219831,0.190949
7072,0.236621,0.212142
7073,0.240317,0.245979
7074,0.18924,0.316044
7075,0.215712,0.244954
7076,0.215712,0.244954
7077,0.172402,0.254573
7078,0.17179,0.273556
7079,0.111368,0.278257
7080,0.111368,0.278257
7081,0.109587,0.257644
7082,0.109587,0.257644
7083,0.109587,0.257644
7084,0.11019,0.234348
7085,0.11019,0.234348
7086,0.160622,0.284421
7087,0.17687,0.251107
7088,0.17687,0.251107
7089,0.197516,0.242991
7090,0.220793,0.190404
7091,0.166836,0.204496
7092,0.206394,0.180494
7093,0.206394,0.180494
7094,0.213734,0.191664
7095,0.213734,0.191664
7096,0.19687,0.179816
7097,0.192432,0.0940738
7098,0.185118,0.130701
7099,0.191718,0.18889
7100,0.206726,0.173132
7101,0.2574,0.159714
7102,0.301932,0.136117
7103,0.230743,0.169671
7104,0.231774,0.188666
7105,0.231774,0.188666
7106,0.234384,0.19429
7107,0.243592,0.237065
7108,0.248291,0.247813
7109,0.299624,0.288274
7110,0.276908,0.299793
7111,0.291803,0.348598
7112,0.288458,0.370757
7113,0.335238,0.38563
7114,0.291981,0.350903
7115,0.270884,0.363942
7116,0.270884,0.363942
7117,0.286618,0.357093
7118,0.279629,0.351232
7119,0.275228,0.343565
7120,0.268434,0.380881
7121,0.291326,0.387453
7122,0.291326,0.387453
7123,0.31615,0.44129
7124,0.307574,0.350131
7125,0.250305,0.381371
7126,0.264575,0.320658
7127,0.264575,0.320658
7128,0.27827,0.275567
7129,0.27827,0.275567
7130,0.27827,0.275567
7131,0.282093,0.283748
7132,0.2445,0.362046
7133,0.309045,0.362892
7134,0.286742,0.349269
7135,0.286742,0.349269
7136,0.286742,0.349269
7137,0.283198,0.315622
7138,0.362758,0.320146
7139,0.304672,0.356963
7140,0.311057,0.242111
7141,0.311057,0.242111
7142,0.311651,0.240945
7143,0.359522,0.223632
7144,0.29835,0.283251
7145,0.29835,0.283251
7146,0.305268,0.335347
7147,0.305268,0.335347
7148,0.283249,0.379901
7149,0.310112,0.37797
7150,0.250482,0.399926
7151,0.255504,0.434074
7152,0.26299,0.446045
7153,0.278811,0.402872
7154,0.268891,0.412136
7155,0.236002,0.392566
7156,0.236002,0.392566
7157,0.166289,0.390032
7158,0.166289,0.390032
7159,0.146064,0.310152
7160,0.166047,0.368873
7161,0.109082,0.383146
7162,0.109082,0.383146
7163,0.145753,0.280334
7164,0.145753,0.280334
7165,0.105398,0.345612
7166,0.105584,0.362572
7167,0.133407,0.320665
7168,0.106919,0.368098
7169,0.140876,0.333785
7170,0.125277,0.392908
7171,0.111043,0.385291
7172,0.121435,0.415756
7173,0.0934587,0.438232
7174,0.0934587,0.438232
7175,0.105305,0.449291
7176,0.0850716,0.39076
7177,0.0840511,0.450143
7178,0.0905997,0.428496
7179,0.121012,0.381336
7180,0.147458,0.368398
7181,0.134476,0.374197
7182,0.110774,0.402563
7183,0.160619,0.381375
7184,0.180646,0.34803
7185,0.242556,0.329873
7186,0.233756,0.326992
7187,0.233336,0.367388
7188,0.233336,0.367388
7189,0.255113,0.42345
7190,0.259669,0.385225
7191,0.259669,0.385225
7192,0.231332,0.437674
7193,0.18846,0.418311
7194,0.18846,0.418311
7195,0.217945,0.433703
7196,0.222722,0.330996
7197,0.222722,0.330996
7198,0.222722,0.330996
7199,0.222722,0.330996
7200,0.222722,0.330996
7201,0.169925,0.332949
7202,0.127624,0.37256
7203,0.0828637,0.365601
7204,0.102804,0.338317
7205,0.102804,0.338317
7206,0.10352,0.307896
7207,0.134373,0.275941
7208,0.208692,0.289356
7209,0.215813,0.387672
7210,0.181122,0.350592
7211,0.149058,0.3368
7212,0.143403,0.303643
7213,0.137877,0.34782
7214,0.137877,0.34782
7215,0.137253,0.302011
7216,0.137253,0.302011
7217,0.113448,0.301821
7218,0.107294,0.348755
7219,0.0483865,0.313879
7220,0.0483865,0.313879
7221,0.0483865,0.313879
7222,0.0483865,0.313879
7223,0.0147618,0.345491
7224,0.0147777,0.401698
7225,0.0345434,0.416525
7226,0.0329171,0.42384
7227,0.0481397,0.426961
7228,0.0467108,0.417864
7229,0.0693285,0.432118
7230,0.0693285,0.432118
7231,0.0693285,0.432118
7232,0.0443959,0.41982
7233,0.0443959,0.41982
7234,0.0443959,0.41982
7235,0.0497781,0.503374
7236,0.118187,0.440818
7237,0.104292,0.390959
7238,0.104292,0.390959
7239,0.1037,0.418192
7240,0.0678365,0.407273
7241,0.0617381,0.372078
7242,0.155806,0.378421
7243,0.155806,0.378421
7244,0.155806,0.378421
7245,0.155806,0.378421
7246,0.159553,0.355929
7247,0.159553,0.355929
7248,0.191724,0.392048
7249,0.183404,0.340348
7250,0.136629,0.31411
7251,0.186422,0.350106
7252,0.186422,0.350106
7253,0.156385,0.348752
7254,0.156385,0.348752
7255,0.154097,0.33893
7256,0.1732,0.307181
7257,0.150285,0.363026
7258,0.130533,0.318535
7259,0.172017,0.323918
7260,0.199248,0.297216
7261,0.179829,0.257509
7262,0.145594,0.24865
7263,0.11988,0.275804
7264,0.0893041,0.281464
7265,0.0918297,0.309912
7266,0.129002,0.319301
7267,0.125604,0.438348
7268,0.118991,0.383266
7269,0.171249,0.403114
7270,0.171249,0.403114
7271,0.161554,0.407418
7272,0.231953,0.417545
7273,0.231953,0.417545
7274,0.24646,0.423323
7275,0.239023,0.462477
7276,0.208658,0.407376
7277,0.22991,0.385854
7278,0.226326,0.360392
7279,0.199879,0.410995
7280,0.199879,0.410995
7281,0.18894,0.35813
7282,0.149904,0.387027
7283,0.192053,0.339561
7284,0.253444,0.342233
7285,0.227631,0.378931
7286,0.227411,0.370858
7287,0.233574,0.41185
7288,0.233574,0.41185
7289,0.25625,0.378732
7290,0.170907,0.398289
7291,0.199465,0.390916
7292,0.199465,0.390916
7293,0.199579,0.417554
7294,0.165342,0.411937
7295,0.165342,0.411937
7296,0.165342,0.411937
7297,0.165342,0.411937
7298,0.165342,0.411937
7299,0.187313,0.402567
7300,0.253561,0.401233
7301,0.226114,0.421422
7302,0.197215,0.445399
7303,0.258814,0.331363
7304,0.258814,0.331363
7305,0.235061,0.286255
7306,0.250576,0.341669
7307,0.276147,0.342895
7308,0.23988,0.315164
7309,0.170242,0.328591
7310,0.178143,0.310622
7311,0.158917,0.300757
7312,0.228863,0.305984
7313,0.228863,0.305984
7314,0.282112,0.287312
7315,0.277829,0.25702
7316,0.264856,0.236908
7317,0.264856,0.236908
7318,0.264856,0.236908
7319,0.212847,0.351822
7320,0.212847,0.351822
7321,0.252064,0.383331
7322,0.252064,0.383331
7323,0.252064,0.383331
7324,0.252064,0.383331
7325,0.252064,0.383331
7326,0.246007,0.445023
7327,0.264728,0.367163
7328,0.29252,0.381876
7329,0.29252,0.381876
7330,0.363004,0.418546
7331,0.363004,0.418546
7332,0.363004,0.418546
7333,0.363004,0.418546
7334,0.363004,0.418546
7335,0.363004,0.418546
7336,0.308128,0.425987
7337,0.367654,0.361898
7338,0.398213,0.344589
7339,0.398213,0.344589
7340,0.308064,0.337305
7341,0.338198,0.274141
7342,0.407951,0.271289
7343,0.407951,0.271289
7344,0.359521,0.281338
7345,0.316179,0.317462
7346,0.323135,0.328079
7347,0.345098,0.366068
7348,0.378818,0.36128
7349,0.368041,0.305091
7350,0.436581,0.325355
7351,0.459163,0.282939
7352,0.459163,0.282939
7353,0.42806,0.277608
7354,0.379515,0.294523
7355,0.382778,0.307699
7356,0.415585,0.310012
7357,0.500878,0.298
7358,0.473983,0.304541
7359,0.473983,0.304541
7360,0.424147,0.262899
7361,0.402776,0.238688
7362,0.369736,0.34567
7363,0.395071,0.323093
7364,0.412531,0.312774
7365,0.42964,0.357064
7366,0.461845,0.319153
7367,0.43727,0.338762
7368,0.43727,0.338762
7369,0.551569,0.290027
7370,0.505362,0.275793
7371,0.496079,0.280761
7372,0.496079,0.280761
7373,0.501468,0.278257
7374,0.503432,0.299064
7375,0.518435,0.273932
7376,0.534499,0.262148
7377,0.534499,0.262148
7378,0.481527,0.295651
7379,0.424181,0.255444
7380,0.364834,0.278739
7381,0.367934,0.261374
7382,0.400615,0.248218
7383,0.344515,0.249523
7384,0.437182,0.261976
7385,0.475092,0.263324
7386,0.429346,0.276302
7387,0.385737,0.297401
7388,0.357791,0.274203
7389,0.360399,0.256085
7390,0.356092,0.256431
7391,0.356092,0.256431
7392,0.356092,0.256431
7393,0.370438,0.251922
7394,0.392757,0.237657
7395,0.423354,0.202356
7396,0.41994,0.280007
7397,0.327745,0.229242
7398,0.357678,0.215192
7399,0.370717,0.233065
7400,0.370717,0.233065
7401,0.31446,0.284936
7402,0.357525,0.217783
7403,0.348613,0.262696
7404,0.348613,0.262696
7405,0.316363,0.255232
7406,0.336008,0.28672
7407,0.371732,0.331983
7408,0.339728,0.278284
7409,0.424839,0.275316
7410,0.347394,0.298268
7411,0.29599,0.293118
7412,0.341261,0.281338
7413,0.341261,0.281338
7414,0.341261,0.281338
7415,0.371793,0.249638
7416,0.401785,0.255531
7417,0.343684,0.264986
7418,0.357145,0.304417
7419,0.357145,0.304417
7420,0.356568,0.316886
7421,0.356568,0.316886
7422,0.358581,0.353086
7423,0.360818,0.339122
7424,0.360818,0.339122
7425,0.381663,0.362663
7426,0.354033,0.373413
7427,0.374402,0.341144
7428,0.321558,0.337578
7429,0.363467,0.35746
7430,0.398237,0.368436
7431,0.439448,0.363822
7432,0.439448,0.363822
7433,0.412338,0.386068
7434,0.398598,0.382358
7435,0.365858,0.505814
7436,0.409788,0.489198
7437,0.381529,0.589451
7438,0.381529,0.589451
7439,0.346334,0.497662
7440,0.30113,0.477109
7441,0.284291,0.473757
7442,0.269268,0.49908
7443,0.295831,0.45874
7444,0.295831,0.45874
7445,0.295831,0.45874
7446,0.295831,0.45874
7447,0.295831,0.45874
7448,0.2471,0.429144
7449,0.2471,0.429144
7450,0.262498,0.420376
7451,0.273473,0.411037
7452,0.340821,0.395253
7453,0.357611,0.348066
7454,0.307405,0.435438
7455,0.27233,0.399819
7456,0.27233,0.399819
7457,0.252163,0.37599
7458,0.307066,0.409416
7459,0.257595,0.382503
7460,0.27282,0.341369
7461,0.27282,0.341369
7462,0.24634,0.409754
7463,0.228805,0.442395
7464,0.168475,0.410623
7465,0.148345,0.377563
7466,0.148345,0.377563
7467,0.168793,0.422828
7468,0.182124,0.428089
7469,0.1681,0.487338
7470,0.163402,0.48381
7471,0.163402,0.48381
7472,0.163402,0.48381
7473,0.162786,0.434004
7474,0.200445,0.483547
7475,0.230127,0.493892
7476,0.211421,0.50351
7477,0.211421,0.50351
7478,0.211421,0.50351
7479,0.211421,0.50351
7480,0.17686,0.483858
7481,0.177499,0.457299
7482,0.169175,0.479334
7483,0.228727,0.503635
7484,0.236247,0.466672
7485,0.201388,0.412795
7486,0.265966,0.370986
7487,0.265966,0.370986
7488,0.24918,0.282943
7489,0.24918,0.282943
7490,0.194828,0.218213
7491,0.194828,0.218213
7492,0.246286,0.212218
7493,0.228962,0.202198
7494,0.236961,0.196159
7495,0.236961,0.196159
7496,0.27239,0.163371
7497,0.27239,0.163371
7498,0.250376,0.129996
7499,0.250376,0.129996
7500,0.315108,0.130082
7501,0.356608,0.109952
7502,0.304058,0.197788
7503,0.261071,0.197384
7504,0.222484,0.194646
7505,0.211481,0.272904
7506,0.181592,0.294916
7507,0.212655,0.290636
7508,0.147846,0.298393
7509,0.147846,0.298393
7510,0.155523,0.278697
7511,0.183182,0.283483
7512,0.153234,0.286567
7513,0.162326,0.303458
7514,0.203762,0.334539
7515,0.203762,0.334539
7516,0.147924,0.319418
7517,0.170877,0.302419
7518,0.111788,0.311232
7519,0.111788,0.311232
7520,0.190814,0.305601
7521,0.190814,0.305601
7522,0.167619,0.298941
7523,0.167619,0.298941
7524,0.165291,0.237652
7525,0.165291,0.237652
7526,0.163292,0.261158
7527,0.130457,0.249928
7528,0.130457,0.249928
7529,0.123638,0.286267
7530,0.123638,0.286267
7531,0.125029,0.319571
7532,0.101225,0.300572
7533,0.12279,0.238469
7534,0.12279,0.238469
7535,0.12279,0.238469
7536,0.093185,0.29636
7537,0.093185,0.29636
7538,0.0893756,0.265228
7539,0.100698,0.262756
7540,0.179394,0.276942
7541,0.154695,0.191589
7542,0.154695,0.191589
7543,0.154695,0.191589
7544,0.183765,0.222208
7545,0.169921,0.246856
7546,0.161303,0.247331
7547,0.161303,0.247331
7548,0.224274,0.265035
7549,0.176567,0.249053
7550,0.176567,0.249053
7551,0.254183,0.195909
7552,0.291214,0.206803
7553,0.219702,0.235209
7554,0.19709,0.227634
7555,0.19709,0.227634
7556,0.19709,0.227634
7557,0.226352,0.22121
7558,0.32026,0.216034
7559,0.290014,0.205483
7560,0.305251,0.221371
7561,0.327316,0.205504
7562,0.327316,0.205504
7563,0.218045,0.224486
7564,0.172971,0.243631
7565,0.172971,0.243631
7566,0.172971,0.243631
7567,0.129688,0.284486
7568,0.166576,0.30782
7569,0.0737873,0.311189
7570,0.0824174,0.284861
7571,0.0726182,0.302123
7572,0.0726182,0.302123
7573,0.0726182,0.302123
7574,0.0973777,0.238996
7575,0.0751817,0.272432
7576,0.111897,0.249097
7577,0.111897,0.249097
7578,0.144774,0.254564
7579,0.12398,0.223781
7580,0.12398,0.223781
7581,0.12398,0.223781
7582,0.110107,0.23129
7583,0.112664,0.284211
7584,0.112664,0.284211
7585,0.0763982,0.244912
7586,0.0799236,0.241692
7587,0.0799236,0.241692
7588,0.0799236,0.241692
7589,0.0932653,0.311918
7590,0.102587,0.286216
7591,0.0834648,0.265345
7592,0.0834648,0.265345
7593,0.0567433,0.295113
7594,0.0567433,0.295113
7595,0.0567433,0.295113
7596,0.104457,0.346053
7597,0.0938315,0.318287
7598,0.0938315,0.318287
7599,0.105249,0.317243
7600,0.0731655,0.319459
7601,0.0603206,0.319112
7602,0.0423955,0.244852
7603,0.0408188,0.225479
7604,0.0128846,0.204912
7605,0.0946938,0.256014
7606,0.0414679,0.38519
7607,0.0414679,0.38519
7608,0.0461114,0.347601
7609,0.0172566,0.342121
7610,0.0275597,0.353802
7611,0.0827932,0.374734
7612,0.0827932,0.374734
7613,0.0680269,0.348459
7614,0.0458114,0.410428
7615,0.04915,0.353994
7616,0.0470317,0.306114
7617,0.0728244,0.344704
7618,0.063909,0.301607
7619,0.063909,0.301607
7620,0.0417883,0.350263
7621,0.0388273,0.336711
7622,0.0839384,0.270846
7623,0.0461302,0.218082
7624,0.088224,0.186706
7625,0.0840813,0.175737
7626,0.0840813,0.175737
7627,0.102955,0.184079
7628,0.0614061,0.194327
7629,0.150243,0.152247
7630,0.0605418,0.139346
7631,0.0605418,0.139346
7632,0.0890423,0.164541
7633,0.116169,0.173517
7634,0.0862435,0.248702
7635,0.0862435,0.248702
7636,0.0940144,0.290005
7637,0.149301,0.279989
7638,0.124078,0.25112
7639,0.176943,0.275975
7640,0.142831,0.295062
7641,0.142831,0.295062
7642,0.109859,0.316612
7643,0.116038,0.342878
7644,0.158117,0.355586
7645,0.158117,0.355586
7646,0.16948,0.294578
7647,0.16948,0.294578
7648,0.127059,0.362641
7649,0.127059,0.362641
7650,0.19163,0.307831
7651,0.222246,0.271719
7652,0.182898,0.325715
7653,0.228103,0.301621
7654,0.214327,0.302105
7655,0.229601,0.295987
7656,0.169703,0.255103
7657,0.182355,0.278696
7658,0.165618,0.332356
7659,0.181256,0.3886
7660,0.181256,0.3886
7661,0.142495,0.327499
7662,0.142495,0.327499
7663,0.195914,0.312736
7664,0.180169,0.268408
7665,0.180169,0.268408
7666,0.17776,0.266156
7667,0.17776,0.266156
7668,0.113232,0.279474
7669,0.0764872,0.289572
7670,0.150273,0.316055
7671,0.18754,0.269881
7672,0.178994,0.208807
7673,0.178994,0.208807
7674,0.23499,0.280195
7675,0.23499,0.280195
7676,0.23499,0.280195
7677,0.260017,0.24369
7678,0.260017,0.24369
7679,0.260017,0.24369
7680,0.186913,0.27202
7681,0.188049,0.284907
7682,0.176264,0.366823
7683,0.16179,0.372742
7684,0.177814,0.32634
7685,0.143354,0.347063
7686,0.143354,0.347063
7687,0.179479,0.374585
7688,0.179479,0.374585
7689,0.139653,0.379001
7690,0.139653,0.379001
7691,0.130973,0.35864
7692,0.130973,0.35864
7693,0.130973,0.35864
7694,0.144592,0.380687
7695,0.124076,0.359022
7696,0.186183,0.26736
7697,0.199511,0.295795
7698,0.214703,0.31076
7699,0.223233,0.284553
7700,0.210397,0.258413
7701,0.164135,0.260085
7702,0.164135,0.260085
7703,0.12569,0.263899
7704,0.165966,0.300917
7705,0.165966,0.300917
7706,0.145484,0.261769
7707,0.171359,0.260335
7708,0.171673,0.260602
7709,0.175409,0.313498
7710,0.156713,0.25275
7711,0.18094,0.260396
7712,0.18094,0.260396
7713,0.20832,0.313531
7714,0.18471,0.294005
7715,0.224738,0.279985
7716,0.2207,0.285304
7717,0.234014,0.280225
7718,0.224958,0.330117
7719,0.193254,0.270328
7720,0.258748,0.251976
7721,0.258748,0.251976
7722,0.272136,0.233533
7723,0.296737,0.259762
7724,0.238194,0.271276
7725,0.239941,0.260597
7726,0.224505,0.321973
7727,0.203444,0.276906
7728,0.258757,0.305354
7729,0.230759,0.306736
7730,0.210049,0.276064
7731,0.208641,0.333373
7732,0.208641,0.333373
7733,0.202676,0.262045
7734,0.202676,0.262045
7735,0.190958,0.277384
7736,0.150802,0.254766
7737,0.173926,0.270554
7738,0.187256,0.248906
7739,0.187256,0.248906
7740,0.187237,0.32513
7741,0.163613,0.314422
7742,0.207421,0.242507
7743,0.237904,0.253258
7744,0.237904,0.253258
7745,0.239379,0.227149
7746,0.20988,0.224957
7747,0.195572,0.205133
7748,0.195572,0.205133
7749,0.186973,0.18806
7750,0.219794,0.198586
7751,0.185836,0.152769
7752,0.177013,0.180071
7753,0.19905,0.238308
7754,0.196896,0.228527
7755,0.210053,0.315721
7756,0.213813,0.328316
7757,0.172111,0.312391
7758,0.200297,0.297874
7759,0.200297,0.297874
7760,0.252929,0.375609
7761,0.228061,0.389392
7762,0.228061,0.389392
7763,0.228061,0.389392
7764,0.159986,0.453029
7765,0.159986,0.453029
7766,0.171404,0.387257
7767,0.150264,0.367942
7768,0.123899,0.296105
7769,0.123899,0.296105
7770,0.133192,0.292655
7771,0.181301,0.326424
7772,0.175585,0.340151
7773,0.158267,0.366449
7774,0.1482,0.344697
7775,0.0965191,0.370704
7776,0.124625,0.308538
7777,0.124625,0.308538
7778,0.158975,0.320679
7779,0.158975,0.320679
7780,0.158975,0.320679
7781,0.165634,0.368467
7782,0.165634,0.368467
7783,0.234205,0.350853
7784,0.234205,0.350853
7785,0.236577,0.30741
7786,0.236577,0.30741
7787,0.295021,0.285595
7788,0.223938,0.301529
7789,0.223938,0.301529
7790,0.24179,0.270576
7791,0.24179,0.270576
7792,0.24179,0.270576
7793,0.24179,0.270576
7794,0.24179,0.270576
7795,0.214339,0.251551
7796,0.155882,0.299981
7797,0.13461,0.321973
7798,0.199839,0.313393
7799,0.231837,0.292306
7800,0.205072,0.284643
7801,0.205072,0.284643
7802,0.220306,0.291104
7803,0.272676,0.283569
7804,0.274539,0.292719
7805,0.32073,0.356177
7806,0.32073,0.356177
7807,0.330184,0.348456
7808,0.337536,0.328963
7809,0.337536,0.328963
7810,0.341019,0.288275
7811,0.334189,0.280909
7812,0.338373,0.281967
7813,0.293413,0.261258
7814,0.29036,0.302739
7815,0.249172,0.313691
7816,0.249172,0.313691
7817,0.287408,0.364907
7818,0.225836,0.336991
7819,0.225836,0.336991
7820,0.225836,0.336991
7821,0.225836,0.336991
7822,0.262324,0.371573
7823,0.277079,0.382604
7824,0.211254,0.365146
7825,0.253253,0.317385
7826,0.165929,0.280693
7827,0.152344,0.31887
7828,0.186779,0.33436
7829,0.212064,0.31232
7830,0.212064,0.31232
7831,0.248487,0.276208
7832,0.248487,0.276208
7833,0.22512,0.290768
7834,0.249247,0.281264
7835,0.249247,0.281264
7836,0.249247,0.281264
7837,0.249247,0.281264
7838,0.249143,0.268438
7839,0.249143,0.268438
7840,0.249143,0.268438
7841,0.249143,0.268438
7842,0.243739,0.296527
7843,0.25461,0.305838
7844,0.276644,0.32654
7845,0.273782,0.308457
7846,0.17655,0.291814
7847,0.203202,0.372914
7848,0.203202,0.372914
7849,0.203202,0.372914
7850,0.239972,0.364215
7851,0.217219,0.329499
7852,0.253044,0.399378
7853,0.253044,0.399378
7854,0.290568,0.397032
7855,0.290568,0.397032
7856,0.265283,0.451822
7857,0.265283,0.451822
7858,0.262153,0.462219
7859,0.262153,0.462219
7860,0.301165,0.445682
7861,0.2783,0.406742
7862,0.2783,0.406742
7863,0.287297,0.383737
7864,0.301912,0.396081
7865,0.290638,0.374346
7866,0.229138,0.375226
7867,0.28156,0.380643
7868,0.325404,0.345906
7869,0.332319,0.339121
7870,0.308656,0.297508
7871,0.256487,0.319849
7872,0.261214,0.282007
7873,0.266666,0.225645
7874,0.228294,0.261372
7875,0.291871,0.262906
7876,0.291871,0.262906
7877,0.279274,0.282824
7878,0.323089,0.277043
7879,0.284202,0.288111
7880,0.31738,0.259271
7881,0.274431,0.241046
7882,0.251127,0.183149
7883,0.360124,0.1945
7884,0.3641,0.19581
7885,0.34239,0.221178
7886,0.419307,0.190988
7887,0.4225,0.153671
7888,0.4225,0.153671
7889,0.382216,0.16447
7890,0.353049,0.146737
7891,0.355415,0.102404
7892,0.405393,0.136325
7893,0.426266,0.127364
7894,0.448191,0.185079
7895,0.463626,0.186235
7896,0.449833,0.228645
7897,0.449833,0.228645
7898,0.401771,0.238079
7899,0.401771,0.238079
7900,0.432533,0.332308
7901,0.432533,0.332308
7902,0.423546,0.276139
7903,0.455494,0.320784
7904,0.396749,0.297262
7905,0.403809,0.309343
7906,0.450674,0.306427
7907,0.483461,0.318284
7908,0.52379,0.243584
7909,0.435067,0.275965
7910,0.435067,0.275965
7911,0.465608,0.295605
7912,0.500959,0.331242
7913,0.437304,0.345239
7914,0.437304,0.345239
7915,0.437304,0.345239
7916,0.437304,0.345239
7917,0.417039,0.379695
7918,0.553278,0.386856
7919,0.494622,0.364148
7920,0.494622,0.364148
7921,0.461032,0.358371
7922,0.461032,0.358371
7923,0.460807,0.349479
7924,0.460807,0.349479
7925,0.475003,0.328691
7926,0.460589,0.361807
7927,0.4474,0.413972
7928,0.4474,0.413972
7929,0.422044,0.391594
7930,0.363676,0.378649
7931,0.396285,0.375195
7932,0.396285,0.375195
7933,0.373976,0.343632
7934,0.373976,0.343632
7935,0.368983,0.349373
7936,0.467902,0.388825
7937,0.367075,0.377118
7938,0.449358,0.456906
7939,0.444645,0.42324
7940,0.455968,0.455953
7941,0.455968,0.455953
7942,0.518413,0.422253
7943,0.508473,0.414499
7944,0.471693,0.368169
7945,0.440168,0.346078
7946,0.486684,0.366399
7947,0.470494,0.338707
7948,0.426296,0.341818
7949,0.468506,0.347918
7950,0.550865,0.248859
7951,0.550865,0.248859
7952,0.498352,0.313414
7953,0.551862,0.27723
7954,0.549417,0.26525
7955,0.549417,0.26525
7956,0.511494,0.262954
7957,0.460965,0.22534
7958,0.534539,0.214581
7959,0.534539,0.214581
7960,0.641551,0.212995
7961,0.599766,0.248567
7962,0.625246,0.285003
7963,0.596536,0.192013
7964,0.594606,0.178855
7965,0.615567,0.223897
7966,0.540281,0.190362
7967,0.63201,0.205623
7968,0.634597,0.236031
7969,0.601559,0.229938
7970,0.601559,0.229938
7971,0.555956,0.18667
7972,0.492086,0.210148
7973,0.440387,0.222239
7974,0.483052,0.2561
7975,0.471137,0.246269
7976,0.487759,0.197264
7977,0.441179,0.253999
7978,0.529186,0.24296
7979,0.529186,0.24296
7980,0.456663,0.243364
7981,0.411178,0.258776
7982,0.476869,0.273155
7983,0.425682,0.21442
7984,0.395065,0.247207
7985,0.407075,0.264398
7986,0.407075,0.264398
7987,0.452982,0.233491
7988,0.439803,0.260852
7989,0.324594,0.255524
7990,0.286033,0.259391
7991,0.286033,0.259391
7992,0.364652,0.274471
7993,0.334235,0.291018
7994,0.384884,0.248897
7995,0.348235,0.270128
7996,0.336585,0.240862
7997,0.336585,0.240862
7998,0.333472,0.227631
7999,0.320342,0.258427
8000,0.284357,0.278221
8001,0.29526,0.201081
8002,0.340412,0.167676
8003,0.340412,0.167676
8004,0.362537,0.15273
8005,0.362537,0.15273
8006,0.251703,0.173306
8007,0.229569,0.212356
8008,0.272293,0.193599
8009,0.237069,0.213326
8010,0.237069,0.213326
8011,0.237069,0.213326
8012,0.272849,0.196848
8013,0.272849,0.196848
8014,0.360436,0.185112
8015,0.239661,0.194628
8016,0.239661,0.194628
8017,0.239661,0.194628
8018,0.239661,0.194628
8019,0.239661,0.194628
8020,0.183021,0.210257
8021,0.202006,0.290852
8022,0.26994,0.242566
8023,0.26994,0.242566
8024,0.31248,0.230284
8025,0.290716,0.196651
8026,0.218228,0.253273
8027,0.279052,0.319897
8028,0.25989,0.311449
8029,0.25989,0.311449
8030,0.21668,0.30782
8031,0.29592,0.309989
8032,0.253479,0.363942
8033,0.268779,0.326712
8034,0.22826,0.339877
8035,0.183002,0.357022
8036,0.152686,0.447188
8037,0.152686,0.447188
8038,0.152686,0.447188
8039,0.143678,0.454816
8040,0.171203,0.428787
8041,0.141907,0.386759
8042,0.199494,0.399495
8043,0.231697,0.387915
8044,0.207536,0.399367
8045,0.207536,0.399367
8046,0.245678,0.355355
8047,0.210174,0.442895
8048,0.169685,0.383248
8049,0.169685,0.383248
8050,0.169685,0.383248
8051,0.154843,0.37305
8052,0.154843,0.37305
8053,0.163341,0.472357
8054,0.147817,0.413056
8055,0.154856,0.437936
8056,0.166337,0.484486
8057,0.166337,0.484486
8058,0.192753,0.461511
8059,0.245789,0.497302
8060,0.245789,0.497302
8061,0.245789,0.497302
8062,0.245222,0.470371
8063,0.251982,0.463941
8064,0.278435,0.341922
8065,0.273783,0.378546
8066,0.233319,0.48834
8067,0.236198,0.49075
8068,0.236198,0.49075
8069,0.1675,0.578562
8070,0.165464,0.566748
8071,0.163943,0.572734
8072,0.148273,0.571337
8073,0.199186,0.576466
8074,0.182147,0.608426
8075,0.195839,0.610972
8076,0.166184,0.618704
8077,0.191787,0.543013
8078,0.164589,0.466536
8079,0.164128,0.540665
8080,0.193959,0.575674
8081,0.196838,0.460207
8082,0.196838,0.460207
8083,0.196838,0.460207
8084,0.141309,0.43911
8085,0.141309,0.43911
8086,0.141309,0.43911
8087,0.141597,0.412599
8088,0.109964,0.408359
8089,0.109964,0.408359
8090,0.0791108,0.425058
8091,0.106369,0.378295
8092,0.10713,0.419368
8093,0.109952,0.442638
8094,0.101194,0.49471
8095,0.101194,0.49471
8096,0.101194,0.49471
8097,0.152911,0.462449
8098,0.152911,0.462449
8099,0.152911,0.462449
8100,0.192886,0.475545
8101,0.15824,0.421576
8102,0.175343,0.484317
8103,0.115798,0.592435
8104,0.118308,0.509924
8105,0.118308,0.509924
8106,0.155923,0.475705
8107,0.155923,0.475705
8108,0.154062,0.493188
8109,0.180217,0.433136
8110,0.169171,0.401487
8111,0.171355,0.434593
8112,0.200492,0.414881
8113,0.273394,0.414085
8114,0.237738,0.396149
8115,0.30135,0.364459
8116,0.234798,0.385413
8117,0.241066,0.43217
8118,0.24589,0.42353
8119,0.24589,0.42353
8120,0.235713,0.461169
8121,0.235713,0.461169
8122,0.269338,0.489814
8123,0.269338,0.489814
8124,0.297375,0.494684
8125,0.304249,0.415662
8126,0.304249,0.415662
8127,0.345466,0.381351
8128,0.381213,0.357445
8129,0.345801,0.373099
8130,0.326574,0.384023
8131,0.339802,0.402723
8132,0.339802,0.402723
8133,0.339802,0.402723
8134,0.336562,0.327948
8135,0.340622,0.389905
8136,0.340622,0.389905
8137,0.388568,0.377085
8138,0.36956,0.345003
8139,0.342075,0.402444
8140,0.425506,0.376881
8141,0.425506,0.376881
8142,0.40593,0.354097
8143,0.40593,0.354097
8144,0.447311,0.264168
8145,0.419794,0.28165
8146,0.391874,0.304291
8147,0.391874,0.304291
8148,0.293612,0.302456
8149,0.292558,0.249331
8150,0.258944,0.238
8151,0.258944,0.238
8152,0.18551,0.293521
8153,0.210553,0.299238
8154,0.210553,0.299238
8155,0.224435,0.341588
8156,0.224435,0.341588
8157,0.224435,0.341588
8158,0.204351,0.35726
8159,0.204351,0.35726
8160,0.233865,0.353972
8161,0.265818,0.310928
8162,0.234963,0.313521
8163,0.180551,0.400429
8164,0.228814,0.319272
8165,0.218247,0.344286
8166,0.219733,0.34851
8167,0.236835,0.310587
8168,0.236835,0.310587
8169,0.236835,0.310587
8170,0.197493,0.284097
8171,0.197493,0.284097
8172,0.197493,0.284097
8173,0.215924,0.270039
8174,0.215924,0.270039
8175,0.187426,0.246699
8176,0.127517,0.271526
8177,0.108027,0.30527
8178,0.133321,0.27969
8179,0.180621,0.233294
8180,0.229823,0.248294
8181,0.267501,0.257996
8182,0.302355,0.268662
8183,0.274452,0.252891
8184,0.272481,0.269527
8185,0.289239,0.262863
8186,0.272154,0.270951
8187,0.272154,0.270951
8188,0.303386,0.269826
8189,0.325197,0.253616
8190,0.333477,0.269715
8191,0.302807,0.303248
8192,0.308431,0.291797
8193,0.256218,0.305191
8194,0.277247,0.238471
8195,0.262449,0.256587
8196,0.260913,0.207052
8197,0.305229,0.200129
8198,0.305229,0.200129
8199,0.286457,0.178506
8200,0.286457,0.178506
8201,0.319608,0.249891
8202,0.319608,0.249891
8203,0.319608,0.249891
8204,0.291172,0.270827
8205,0.25797,0.262028
8206,0.265436,0.254105
8207,0.291238,0.252573
8208,0.2923,0.236257
8209,0.23643,0.249227
8210,0.240167,0.297043
8211,0.231394,0.239097
8212,0.231394,0.239097
8213,0.231394,0.239097
8214,0.246101,0.285445
8215,0.203047,0.263521
8216,0.248399,0.215065
8217,0.266524,0.23663
8218,0.244596,0.269446
8219,0.244596,0.269446
8220,0.244596,0.269446
8221,0.280317,0.287439
8222,0.253783,0.305072
8223,0.241629,0.297652
8224,0.253339,0.274034
8225,0.224907,0.268614
8226,0.222149,0.287837
8227,0.245038,0.30324
8228,0.263857,0.239757
8229,0.263857,0.239757
8230,0.263857,0.239757
8231,0.263857,0.239757
8232,0.263857,0.239757
8233,0.251044,0.240269
8234,0.197844,0.30397
8235,0.197844,0.30397
8236,0.197844,0.30397
8237,0.189512,0.338395
8238,0.189512,0.338395
8239,0.170462,0.301592
8240,0.170462,0.301592
8241,0.170462,0.301592
8242,0.170462,0.301592
8243,0.170462,0.301592
8244,0.190037,0.300931
8245,0.211831,0.301538
8246,0.235937,0.242881
8247,0.235937,0.242881
8248,0.195253,0.270555
8249,0.227149,0.213513
8250,0.232082,0.207643
8251,0.250657,0.209168
8252,0.203586,0.192937
8253,0.203586,0.192937
8254,0.203586,0.192937
8255,0.192632,0.182693
8256,0.20169,0.17136
8257,0.17669,0.202473
8258,0.194636,0.203645
8259,0.194636,0.203645
8260,0.215725,0.191751
8261,0.222932,0.191307
8262,0.20407,0.180815
8263,0.155905,0.137848
8264,0.207017,0.184554
8265,0.195405,0.165452
8266,0.219883,0.177001
8267,0.212751,0.162761
8268,0.1862,0.13593
8269,0.147826,0.178642
8270,0.154009,0.176234
8271,0.177598,0.147206
8272,0.177598,0.147206
8273,0.166179,0.143772
8274,0.166179,0.143772
8275,0.153344,0.187959
8276,0.146565,0.187359
8277,0.160299,0.212858
8278,0.160299,0.212858
8279,0.160299,0.212858
8280,0.160299,0.212858
8281,0.158908,0.216892
8282,0.140366,0.252346
8283,0.13299,0.29534
8284,0.110232,0.280734
8285,0.110232,0.280734
8286,0.161985,0.28036
8287,0.167489,0.261954
8288,0.166007,0.301829
8289,0.166007,0.301829
8290,0.1349,0.291726
8291,0.146396,0.295135
8292,0.141386,0.283075
8293,0.141386,0.283075
8294,0.13566,0.344579
8295,0.170618,0.352322
8296,0.161987,0.362666
8297,0.155627,0.330679
8298,0.160045,0.289847
8299,0.160824,0.299435
8300,0.149569,0.294582
8301,0.149569,0.294582
8302,0.172005,0.291865
8303,0.190984,0.29497
8304,0.190984,0.29497
8305,0.190984,0.29497
8306,0.216344,0.262211
8307,0.216344,0.262211
8308,0.216344,0.262211
8309,0.190834,0.308471
8310,0.190834,0.308471
8311,0.200756,0.298041
8312,0.203338,0.254096
8313,0.203338,0.254096
8314,0.203338,0.254096
8315,0.12108,0.270956
8316,0.146835,0.225191
8317,0.146835,0.225191
8318,0.20054,0.229865
8319,0.20054,0.229865
8320,0.20054,0.229865
8321,0.174526,0.269123
8322,0.167413,0.23757
8323,0.163491,0.276663
8324,0.18745,0.289565
8325,0.210241,0.295606
8326,0.210241,0.295606
8327,0.192412,0.282414
8328,0.200609,0.264937
8329,0.19079,0.290123
8330,0.280705,0.268366
8331,0.254483,0.225846
8332,0.254483,0.225846
8333,0.22111,0.239297
8334,0.225587,0.248162
8335,0.196005,0.227235
8336,0.243909,0.280575
8337,0.252874,0.238128
8338,0.226185,0.289173
8339,0.226185,0.289173
8340,0.252719,0.268887
8341,0.220142,0.33764
8342,0.220142,0.33764
8343,0.21378,0.273276
8344,0.191815,0.314112
8345,0.21439,0.294624
8346,0.286437,0.257135
8347,0.316645,0.303661
8348,0.275495,0.275318
8349,0.275495,0.275318
8350,0.275495,0.275318
8351,0.275495,0.275318
8352,0.33082,0.265555
8353,0.33082,0.265555
8354,0.313387,0.299768
8355,0.313387,0.299768
8356,0.313387,0.299768
8357,0.290453,0.289146
8358,0.264134,0.319367
8359,0.247415,0.284164
8360,0.323688,0.240637
8361,0.256606,0.306884
8362,0.262793,0.269079
8363,0.259571,0.235139
8364,0.261287,0.247817
8365,0.278805,0.251488
8366,0.258344,0.21065
8367,0.257985,0.166236
8368,0.237349,0.152201
8369,0.237349,0.152201
8370,0.226888,0.144969
8371,0.242759,0.154432
8372,0.242759,0.154432
8373,0.256514,0.205916
8374,0.235572,0.206207
8375,0.25988,0.170958
8376,0.226799,0.144708
8377,0.240438,0.133634
8378,0.240058,0.136908
8379,0.307153,0.141757
8380,0.252246,0.185129
8381,0.252246,0.185129
8382,0.212069,0.142224
8383,0.206319,0.139729
8384,0.250067,0.105029
8385,0.211198,0.086967
8386,0.259529,0.108674
8387,0.259529,0.108674
8388,0.33088,0.113086
8389,0.33088,0.113086
8390,0.315627,0.105584
8391,0.288655,0.155205
8392,0.294392,0.151402
8393,0.2621,0.127584
8394,0.2621,0.127584
8395,0.197012,0.116682
8396,0.200261,0.0913253
8397,0.200261,0.0913253
8398,0.154569,0.113853
8399,0.16309,0.121074
8400,0.160598,0.0895896
8401,0.160598,0.0895896
8402,0.180989,0.138401
8403,0.180989,0.138401
8404,0.180989,0.138401
8405,0.183163,0.150545
8406,0.183163,0.150545
8407,0.168879,0.144254
8408,0.191505,0.140528
8409,0.187369,0.164381
8410,0.137777,0.118187
8411,0.137777,0.118187
8412,0.161993,0.149752
8413,0.164999,0.17485
8414,0.152347,0.172652
8415,0.152347,0.172652
8416,0.152347,0.172652
8417,0.129839,0.159172
8418,0.161805,0.127104
8419,0.178096,0.114261
8420,0.178096,0.114261
8421,0.181399,0.150704
8422,0.181399,0.150704
8423,0.19804,0.141272
8424,0.19804,0.141272
8425,0.190998,0.145286
8426,0.202165,0.168305
8427,0.19386,0.139416
8428,0.190865,0.114216
8429,0.217313,0.117051
8430,0.179499,0.138523
8431,0.179499,0.138523
8432,0.170215,0.16535
8433,0.165063,0.143535
8434,0.158058,0.133232
8435,0.158058,0.133232
8436,0.186649,0.129394
8437,0.202456,0.149416
8438,0.157606,0.150782
8439,0.157606,0.150782
8440,0.214549,0.116876
8441,0.203175,0.134908
8442,0.181698,0.2057
8443,0.213423,0.181851
8444,0.213423,0.181851
8445,0.257637,0.149176
8446,0.254616,0.166228
8447,0.230031,0.0938165
8448,0.182667,0.158378
8449,0.17071,0.172481
8450,0.180749,0.170142
8451,0.180749,0.170142
8452,0.164488,0.185874
8453,0.180841,0.233332
8454,0.180841,0.233332
8455,0.21907,0.257332
8456,0.187807,0.261914
8457,0.18331,0.232814
8458,0.210169,0.232335
8459,0.241391,0.217326
8460,0.251077,0.23471
8461,0.251077,0.23471
8462,0.216042,0.230065
8463,0.188796,0.239765
8464,0.188796,0.239765
8465,0.190914,0.236881
8466,0.190914,0.236881
8467,0.190914,0.236881
8468,0.178306,0.222539
8469,0.178455,0.181108
8470,0.248755,0.247742
8471,0.210933,0.250188
8472,0.190937,0.214119
8473,0.202084,0.23882
8474,0.202084,0.23882
8475,0.254393,0.295038
8476,0.254393,0.295038
8477,0.258512,0.245883
8478,0.254177,0.269385
8479,0.2568,0.245456
8480,0.246963,0.287143
8481,0.22726,0.245563
8482,0.21888,0.283689
8483,0.21888,0.283689
8484,0.1827,0.300675
8485,0.1827,0.300675
8486,0.180616,0.338724
8487,0.147884,0.283664
8488,0.143705,0.29222
8489,0.126353,0.270208
8490,0.144962,0.27042
8491,0.144962,0.27042
8492,0.166472,0.220897
8493,0.207668,0.221864
8494,0.207668,0.221864
8495,0.16259,0.285795
8496,0.170621,0.260843
8497,0.170107,0.262115
8498,0.20656,0.26763
8499,0.20656,0.26763
8500,0.205618,0.252766
8501,0.205618,0.252766
8502,0.205618,0.252766
8503,0.205618,0.252766
8504,0.205618,0.252766
8505,0.205618,0.252766
8506,0.206079,0.295509
8507,0.249598,0.225209
8508,0.259084,0.198712
8509,0.259084,0.198712
8510,0.244945,0.241057
8511,0.25155,0.242025
8512,0.262717,0.184445
8513,0.262717,0.184445
8514,0.22992,0.170817
8515,0.164484,0.162877
8516,0.195646,0.180742
8517,0.195646,0.180742
8518,0.213763,0.181734
8519,0.213763,0.181734
8520,0.243271,0.221457
8521,0.245139,0.242326
8522,0.26432,0.203006
8523,0.26432,0.203006
8524,0.26432,0.203006
8525,0.238699,0.217239
8526,0.238699,0.217239
8527,0.250348,0.259762
8528,0.21845,0.264304
8529,0.21845,0.264304
8530,0.21845,0.264304
8531,0.21845,0.264304
8532,0.199937,0.286654
8533,0.222589,0.268847
8534,0.232605,0.277167
8535,0.192057,0.293092
8536,0.192518,0.261405
8537,0.192518,0.261405
8538,0.187577,0.277859
8539,0.191355,0.226763
8540,0.191355,0.226763
8541,0.191355,0.226763
8542,0.166146,0.272225
8543,0.166146,0.272225
8544,0.175746,0.268223
8545,0.175746,0.268223
8546,0.19776,0.261351
8547,0.22257,0.266262
8548,0.22257,0.266262
8549,0.189781,0.221188
8550,0.167201,0.279992
8551,0.158923,0.288782
8552,0.161203,0.266627
8553,0.178561,0.28246
8554,0.156788,0.239839
8555,0.144545,0.238062
8556,0.160611,0.247944
8557,0.160611,0.247944
8558,0.180401,0.2466
8559,0.152228,0.219526
8560,0.157963,0.179253
8561,0.186702,0.151428
8562,0.165647,0.163628
8563,0.165647,0.163628
8564,0.167081,0.210001
8565,0.156076,0.147709
8566,0.14236,0.163643
8567,0.137804,0.139489
8568,0.162461,0.147484
8569,0.150118,0.140852
8570,0.171063,0.207928
8571,0.177585,0.192435
8572,0.178571,0.190474
8573,0.178571,0.190474
8574,0.178571,0.190474
8575,0.180774,0.132835
8576,0.180774,0.132835
8577,0.141972,0.172065
8578,0.137818,0.146853
8579,0.137818,0.146853
8580,0.123956,0.130208
8581,0.123956,0.130208
8582,0.117895,0.172681
8583,0.117895,0.172681
8584,0.117895,0.172681
8585,0.126173,0.164074
8586,0.134008,0.125607
8587,0.134008,0.125607
8588,0.143551,0.121597
8589,0.149489,0.0836936
8590,0.149489,0.0836936
8591,0.182043,0.145789
8592,0.182043,0.145789
8593,0.197099,0.126497
8594,0.197099,0.126497
8595,0.178607,0.1701
8596,0.195293,0.137557
8597,0.225406,0.112695
8598,0.225406,0.112695
8599,0.256447,0.114466
8600,0.254827,0.139516
8601,0.286086,0.127933
8602,0.286086,0.127933
8603,0.286086,0.127933
8604,0.243863,0.11898
8605,0.243863,0.11898
8606,0.2406,0.176366
8607,0.228928,0.19133
8608,0.232539,0.151263
8609,0.232539,0.151263
8610,0.22879,0.163711
8611,0.240163,0.179927
8612,0.240163,0.179927
8613,0.240163,0.179927
8614,0.255858,0.160408
8615,0.246837,0.149865
8616,0.243399,0.166743
8617,0.243399,0.166743
8618,0.215838,0.0907761
8619,0.226586,0.116831
8620,0.228615,0.117312
8621,0.228615,0.117312
8622,0.228615,0.117312
8623,0.254243,0.14225
8624,0.288244,0.114496
8625,0.288244,0.114496
8626,0.246765,0.140879
8627,0.197778,0.106806
8628,0.201225,0.109793
8629,0.223288,0.130792
8630,0.216711,0.129046
8631,0.17975,0.122609
8632,0.17975,0.122609
8633,0.17975,0.122609
8634,0.216041,0.122497
8635,0.217131,0.100485
8636,0.205981,0.104348
8637,0.229928,0.0754827
8638,0.222195,0.0751114
8639,0.269901,0.0781736
8640,0.265452,0.104615
8641,0.257672,0.122203
8642,0.228152,0.0974977
8643,0.228152,0.0974977
8644,0.177287,0.102895
8645,0.177287,0.102895
8646,0.177287,0.102895
8647,0.199373,0.0847431
8648,0.186632,0.112507
8649,0.214432,0.0944903
8650,0.200177,0.131147
8651,0.219788,0.124179
8652,0.219788,0.124179
8653,0.209337,0.130402
8654,0.224441,0.160353
8655,0.253231,0.158058
8656,0.253231,0.158058
8657,0.253231,0.158058
8658,0.223336,0.166066
8659,0.266173,0.16602
8660,0.217539,0.161965
8661,0.217539,0.161965
8662,0.242318,0.124133
8663,0.247177,0.128104
8664,0.247177,0.128104
8665,0.215201,0.116663
8666,0.192125,0.0954422
8667,0.205497,0.108544
8668,0.187549,0.126498
8669,0.187549,0.126498
8670,0.187549,0.126498
8671,0.197251,0.204836
8672,0.217855,0.14464
8673,0.217855,0.14464
8674,0.23039,0.168514
8675,0.208312,0.180406
8676,0.188632,0.240851
8677,0.188632,0.240851
8678,0.255031,0.206299
8679,0.244202,0.167128
8680,0.23006,0.18021
8681,0.175692,0.220497
8682,0.175692,0.220497
8683,0.175692,0.220497
8684,0.171881,0.185213
8685,0.242507,0.206926
8686,0.242507,0.206926
8687,0.242507,0.206926
8688,0.242507,0.206926
8689,0.292465,0.225322
8690,0.292465,0.225322
8691,0.285683,0.222026
8692,0.285683,0.222026
8693,0.285683,0.222026
8694,0.315662,0.244559
8695,0.251331,0.225291
8696,0.28782,0.232291
8697,0.297948,0.321727
8698,0.282301,0.281522
8699,0.254053,0.266952
8700,0.189469,0.242237
8701,0.189469,0.242237
8702,0.167016,0.24576
8703,0.233337,0.257439
8704,0.235088,0.276171
8705,0.259468,0.245604
8706,0.236813,0.271335
8707,0.277167,0.257229
8708,0.286308,0.262289
8709,0.328391,0.232555
8710,0.332973,0.254591
8711,0.344827,0.251134
8712,0.33967,0.225052
8713,0.392069,0.235037
8714,0.302399,0.222628
8715,0.37601,0.196319
8716,0.356352,0.205453
8717,0.333266,0.233065
8718,0.299222,0.198235
8719,0.30564,0.157853
8720,0.30564,0.157853
8721,0.30564,0.157853
8722,0.30564,0.157853
8723,0.267018,0.211104
8724,0.319555,0.175689
8725,0.319555,0.175689
8726,0.368698,0.149559
8727,0.352591,0.192624
8728,0.352591,0.192624
8729,0.379163,0.149544
8730,0.406272,0.133981
8731,0.406272,0.133981
8732,0.370976,0.123772
8733,0.370976,0.123772
8734,0.356924,0.115782
8735,0.38521,0.145616
8736,0.386724,0.163094
8737,0.386724,0.163094
8738,0.386133,0.1465
8739,0.386133,0.1465
8740,0.386133,0.1465
8741,0.373131,0.124113
8742,0.375736,0.154529
8743,0.288521,0.163531
8744,0.30136,0.168161
8745,0.30136,0.168161
8746,0.282012,0.171692
8747,0.282012,0.171692
8748,0.282012,0.171692
8749,0.246446,0.149614
8750,0.336523,0.189655
8751,0.336523,0.189655
8752,0.267721,0.170113
8753,0.267693,0.206831
8754,0.256853,0.184484
8755,0.325758,0.242366
8756,0.325758,0.242366
8757,0.24889,0.219621
8758,0.33014,0.20329
8759,0.361544,0.213663
8760,0.361544,0.213663
8761,0.361544,0.213663
8762,0.400648,0.240997
8763,0.399692,0.201496
8764,0.399692,0.201496
8765,0.399692,0.201496
8766,0.485071,0.194695
8767,0.531342,0.194669
8768,0.468139,0.19224
8769,0.485549,0.186916
8770,0.400578,0.216079
8771,0.401008,0.233171
8772,0.401008,0.233171
8773,0.401008,0.233171
8774,0.401008,0.233171
8775,0.401008,0.233171
8776,0.401008,0.233171
8777,0.401008,0.233171
8778,0.344418,0.269399
8779,0.360584,0.248468
8780,0.325216,0.244889
8781,0.325216,0.244889
8782,0.322757,0.248612
8783,0.278926,0.238889
8784,0.278926,0.238889
8785,0.215753,0.299978
8786,0.222266,0.307176
8787,0.176795,0.272405
8788,0.176795,0.272405
8789,0.199131,0.286626
8790,0.199131,0.286626
8791,0.199131,0.286626
8792,0.18034,0.296838
8793,0.18034,0.296838
8794,0.203545,0.275664
8795,0.226952,0.296379
8796,0.219446,0.236511
8797,0.282929,0.248949
8798,0.282929,0.248949
8799,0.251928,0.298009
8800,0.233519,0.26999
8801,0.212597,0.250451
8802,0.212597,0.250451
8803,0.212597,0.250451
8804,0.212597,0.250451
8805,0.253896,0.255597
8806,0.222901,0.215605
8807,0.192874,0.272636
8808,0.178494,0.278679
8809,0.178494,0.278679
8810,0.178494,0.278679
8811,0.178494,0.278679
8812,0.178494,0.278679
8813,0.178494,0.278679
8814,0.178494,0.278679
8815,0.178494,0.278679
8816,0.178494,0.278679
8817,0.178494,0.278679
8818,0.185082,0.280745
8819,0.176525,0.299305
8820,0.158276,0.274564
8821,0.158276,0.274564
8822,0.134676,0.332432
8823,0.0927273,0.313087
8824,0.129763,0.330742
8825,0.129763,0.330742
8826,0.14632,0.333347
8827,0.117075,0.342769
8828,0.117075,0.342769
8829,0.105295,0.374056
8830,0.105295,0.374056
8831,0.106904,0.285144
8832,0.11498,0.325939
8833,0.128261,0.294902
8834,0.128261,0.294902
8835,0.156158,0.323485
8836,0.156158,0.323485
8837,0.141041,0.325695
8838,0.150727,0.305453
8839,0.138167,0.34684
8840,0.138167,0.34684
8841,0.138167,0.34684
8842,0.154339,0.382148
8843,0.149063,0.370721
8844,0.149063,0.370721
8845,0.113011,0.35464
8846,0.13888,0.399665
8847,0.13888,0.399665
8848,0.167345,0.402837
8849,0.165082,0.38804
8850,0.160972,0.349605
8851,0.160972,0.349605
8852,0.160972,0.349605
8853,0.160972,0.349605
8854,0.175522,0.366154
8855,0.175522,0.366154
8856,0.169336,0.307775
8857,0.150231,0.358326
8858,0.146259,0.375159
8859,0.146259,0.375159
8860,0.126359,0.395701
8861,0.111528,0.375931
8862,0.130777,0.306931
8863,0.130777,0.306931
8864,0.110264,0.361691
8865,0.110264,0.361691
8866,0.121154,0.345417
8867,0.139666,0.351973
8868,0.139666,0.351973
8869,0.129254,0.399077
8870,0.129254,0.399077
8871,0.167413,0.398079
8872,0.15132,0.372258
8873,0.15132,0.372258
8874,0.159039,0.374665
8875,0.121989,0.422447
8876,0.121549,0.447776
8877,0.122859,0.472619
8878,0.122795,0.364966
8879,0.13985,0.308607
8880,0.13239,0.309687
8881,0.116296,0.384161
8882,0.167187,0.292036
8883,0.153625,0.328166
8884,0.12658,0.270079
8885,0.12658,0.270079
8886,0.12658,0.270079
8887,0.12658,0.270079
8888,0.119039,0.249123
8889,0.106016,0.245342
8890,0.106016,0.245342
8891,0.100639,0.244075
8892,0.0852042,0.245515
8893,0.0852042,0.245515
8894,0.0933009,0.259308
8895,0.091455,0.248008
8896,0.0769595,0.265686
8897,0.0878998,0.226279
8898,0.0920203,0.232755
8899,0.0450716,0.248674
8900,0.089997,0.251306
8901,0.084663,0.276538
8902,0.084663,0.276538
8903,0.084663,0.276538
8904,0.0831577,0.254409
8905,0.0998859,0.239121
8906,0.128431,0.264293
8907,0.148155,0.221397
8908,0.148155,0.221397
8909,0.151634,0.246454
8910,0.151634,0.246454
8911,0.133917,0.242749
8912,0.126358,0.248457
8913,0.127943,0.240973
8914,0.127943,0.240973
8915,0.127943,0.240973
8916,0.156263,0.259297
8917,0.170714,0.268664
8918,0.164819,0.262211
8919,0.152346,0.317936
8920,0.165328,0.279099
8921,0.143336,0.275318
8922,0.143336,0.275318
8923,0.166807,0.246672
8924,0.166807,0.246672
8925,0.163199,0.191702
8926,0.166924,0.208951
8927,0.145475,0.17891
8928,0.141068,0.16865
8929,0.141068,0.16865
8930,0.142899,0.198699
8931,0.158558,0.177243
8932,0.158558,0.177243
8933,0.14005,0.179262
8934,0.120078,0.192504
8935,0.11198,0.212991
8936,0.11198,0.212991
8937,0.0930276,0.22893
8938,0.120036,0.266649
8939,0.120036,0.266649
8940,0.168466,0.245294
8941,0.147085,0.259727
8942,0.147085,0.259727
8943,0.147085,0.259727
8944,0.147065,0.279684
8945,0.168914,0.264889
8946,0.180383,0.281353
8947,0.180383,0.281353
8948,0.180383,0.281353
8949,0.180383,0.281353
8950,0.180383,0.281353
8951,0.158616,0.243267
8952,0.200581,0.287035
8953,0.200581,0.287035
8954,0.200581,0.287035
8955,0.191818,0.317634
8956,0.202051,0.285997
8957,0.188171,0.247911
8958,0.197614,0.22231
8959,0.197614,0.22231
8960,0.158388,0.23744
8961,0.217802,0.231625
8962,0.332138,0.209206
8963,0.340362,0.27625
8964,0.31768,0.24683
8965,0.308033,0.252671
8966,0.374656,0.265743
8967,0.35401,0.253533
8968,0.337413,0.283733
8969,0.309476,0.285186
8970,0.349413,0.252569
8971,0.356874,0.218179
8972,0.356874,0.218179
8973,0.385915,0.195906
8974,0.385915,0.195906
8975,0.366414,0.159966
8976,0.314757,0.177567
8977,0.314757,0.177567
8978,0.392089,0.165331
8979,0.392089,0.165331
8980,0.392089,0.165331
8981,0.374312,0.146606
8982,0.323093,0.212041
8983,0.323093,0.212041
8984,0.323093,0.212041
8985,0.29506,0.214397
8986,0.29506,0.214397
8987,0.242915,0.200185
8988,0.252674,0.223583
8989,0.275522,0.254012
8990,0.310413,0.253
8991,0.267253,0.219193
8992,0.29557,0.237425
8993,0.274593,0.205877
8994,0.196769,0.217186
8995,0.164356,0.16826
8996,0.164356,0.16826
8997,0.161809,0.222938
8998,0.161809,0.222938
8999,0.188567,0.243053
9000,0.216584,0.207404
9001,0.20519,0.231371
9002,0.20519,0.231371
9003,0.20519,0.231371
9004,0.171491,0.222742
9005,0.171491,0.222742
9006,0.257462,0.243587
9007,0.278457,0.254628
9008,0.227951,0.267145
9009,0.244782,0.242576
9010,0.244782,0.242576
9011,0.244782,0.242576
9012,0.244782,0.242576
9013,0.244782,0.242576
9014,0.297052,0.239127
9015,0.295181,0.238475
9016,0.293315,0.221963
9017,0.289839,0.236489
9018,0.308966,0.229963
9019,0.308966,0.229963
9020,0.243147,0.236465
9021,0.243147,0.236465
9022,0.243147,0.236465
9023,0.243147,0.236465
9024,0.270469,0.233574
9025,0.2869,0.247835
9026,0.318293,0.255796
9027,0.24515,0.229603
9028,0.24515,0.229603
9029,0.257771,0.194545
9030,0.252923,0.210786
9031,0.223496,0.260905
9032,0.223496,0.260905
9033,0.217741,0.250697
9034,0.217231,0.255349
9035,0.215367,0.226586
9036,0.215367,0.226586
9037,0.215367,0.226586
9038,0.222238,0.265859
9039,0.222238,0.265859
9040,0.230773,0.209165
9041,0.230773,0.209165
9042,0.230773,0.209165
9043,0.230773,0.209165
9044,0.200255,0.234915
9045,0.27327,0.169474
9046,0.27327,0.169474
9047,0.27327,0.169474
9048,0.251237,0.0961641
9049,0.220238,0.153545
9050,0.263011,0.183721
9051,0.267884,0.173591
9052,0.267884,0.173591
9053,0.250441,0.20781
9054,0.253768,0.213777
9055,0.279847,0.27815
9056,0.261638,0.301053
9057,0.261638,0.301053
9058,0.270413,0.294763
9059,0.299132,0.297994
9060,0.243665,0.338407
9061,0.319359,0.309166
9062,0.295433,0.284546
9063,0.244004,0.33828
9064,0.255452,0.294303
9065,0.255452,0.294303
9066,0.262089,0.318396
9067,0.231556,0.337445
9068,0.201876,0.345618
9069,0.212674,0.384205
9070,0.26294,0.405632
9071,0.222115,0.380445
9072,0.254715,0.349969
9073,0.254715,0.349969
9074,0.254715,0.349969
9075,0.259464,0.369302
9076,0.316792,0.378746
9077,0.30343,0.407289
9078,0.30343,0.407289
9079,0.218238,0.369033
9080,0.190128,0.424127
9081,0.190128,0.424127
9082,0.182398,0.475688
9083,0.192714,0.548871
9084,0.224342,0.451771
9085,0.224342,0.451771
9086,0.238127,0.474482
9087,0.238127,0.474482
9088,0.238127,0.474482
9089,0.238127,0.474482
9090,0.255333,0.418827
9091,0.282845,0.381919
9092,0.305644,0.371354
9093,0.228144,0.358321
9094,0.241503,0.34815
9095,0.286307,0.342567
9096,0.269226,0.41333
9097,0.269226,0.41333
9098,0.269226,0.41333
9099,0.28378,0.38379
9100,0.346605,0.403065
9101,0.346605,0.403065
9102,0.346605,0.403065
9103,0.346605,0.403065
9104,0.346605,0.403065
9105,0.306689,0.404223
9106,0.292393,0.45451
9107,0.319754,0.474644
9108,0.319754,0.474644
9109,0.319754,0.474644
9110,0.319754,0.474644
9111,0.319754,0.474644
9112,0.338173,0.457607
9113,0.348787,0.469444
9114,0.348787,0.469444
9115,0.356942,0.442679
9116,0.356942,0.442679
9117,0.233709,0.447162
9118,0.233709,0.447162
9119,0.233709,0.447162
9120,0.263562,0.490023
9121,0.258776,0.460927
9122,0.300053,0.429695
9123,0.300053,0.429695
9124,0.255061,0.419836
9125,0.319955,0.36193
9126,0.296356,0.370243
9127,0.330814,0.373184
9128,0.307794,0.3507
9129,0.282995,0.349854
9130,0.282995,0.349854
9131,0.282995,0.349854
9132,0.291065,0.415707
9133,0.272911,0.400187
9134,0.272911,0.400187
9135,0.272911,0.400187
9136,0.334076,0.404695
9137,0.308554,0.405652
9138,0.317572,0.364794
9139,0.290479,0.418681
9140,0.290479,0.418681
9141,0.332174,0.352501
9142,0.332174,0.352501
9143,0.332174,0.352501
9144,0.310927,0.416948
9145,0.310927,0.416948
9146,0.297644,0.365902
9147,0.297644,0.365902
9148,0.297644,0.365902
9149,0.311732,0.346376
9150,0.311732,0.346376
9151,0.311732,0.346376
9152,0.372932,0.285255
9153,0.372932,0.285255
9154,0.33187,0.277495
9155,0.33187,0.277495
9156,0.342899,0.327131
9157,0.400265,0.364207
9158,0.400265,0.364207
9159,0.400265,0.364207
9160,0.400265,0.364207
9161,0.410578,0.270851
9162,0.410578,0.270851
9163,0.37878,0.25073
9164,0.396169,0.318223
9165,0.396169,0.318223
9166,0.459619,0.256599
9167,0.47851,0.299287
9168,0.47851,0.299287
9169,0.411327,0.295571
9170,0.342251,0.322396
9171,0.316239,0.270178
9172,0.344174,0.289937
9173,0.344174,0.289937
9174,0.318804,0.319357
9175,0.364991,0.319552
9176,0.364991,0.319552
9177,0.364991,0.319552
9178,0.415078,0.373139
9179,0.415078,0.373139
9180,0.415078,0.373139
9181,0.417773,0.36422
9182,0.455826,0.341434
9183,0.425345,0.319899
9184,0.411761,0.323156
9185,0.457295,0.363676
9186,0.374484,0.383117
9187,0.351983,0.399853
9188,0.351983,0.399853
9189,0.378377,0.412309
9190,0.308568,0.404179
9191,0.30393,0.453856
9192,0.311573,0.412172
9193,0.358118,0.35036
9194,0.296696,0.375831
9195,0.296696,0.375831
9196,0.284908,0.420333
9197,0.282636,0.391146
9198,0.293633,0.472196
9199,0.293633,0.472196
9200,0.293633,0.472196
9201,0.285073,0.509926
9202,0.285073,0.509926
9203,0.297549,0.408079
9204,0.25654,0.477484
9205,0.199902,0.412908
9206,0.23358,0.449163
9207,0.259987,0.4837
9208,0.239569,0.466085
9209,0.207252,0.479833
9210,0.194306,0.469657
9211,0.186429,0.353293
9212,0.185181,0.396247
9213,0.185181,0.396247
9214,0.201538,0.381853
9215,0.190931,0.374669
9216,0.203016,0.342443
9217,0.200263,0.347294
9218,0.1741,0.313844
9219,0.242751,0.363548
9220,0.283379,0.381498
9221,0.283379,0.381498
9222,0.330313,0.36404
9223,0.307968,0.302765
9224,0.335667,0.302925
9225,0.345185,0.360194
9226,0.345185,0.360194
9227,0.345185,0.360194
9228,0.345185,0.360194
9229,0.300479,0.270482
9230,0.300479,0.270482
9231,0.345631,0.248727
9232,0.322281,0.232515
9233,0.322281,0.232515
9234,0.316699,0.266068
9235,0.342894,0.321181
9236,0.342894,0.321181
9237,0.399037,0.382125
9238,0.458401,0.362895
9239,0.416233,0.362164
9240,0.397797,0.393349
9241,0.43754,0.345664
9242,0.435186,0.305436
9243,0.45577,0.320128
9244,0.466582,0.319391
9245,0.465005,0.330904
9246,0.476836,0.321552
9247,0.479152,0.323456
9248,0.479152,0.323456
9249,0.479152,0.323456
9250,0.4227,0.293511
9251,0.441292,0.311475
9252,0.48584,0.308028
9253,0.420693,0.331217
9254,0.430635,0.315292
9255,0.406598,0.334901
9256,0.443458,0.315061
9257,0.345873,0.396922
9258,0.336996,0.344632
9259,0.362718,0.304625
9260,0.358335,0.324608
9261,0.272138,0.347289
9262,0.336097,0.31039
9263,0.31674,0.330022
9264,0.279468,0.340061
9265,0.314347,0.353015
9266,0.314347,0.353015
9267,0.309685,0.32898
9268,0.315466,0.408575
9269,0.317395,0.401117
9270,0.292169,0.331789
9271,0.272481,0.321412
9272,0.360598,0.32504
9273,0.396806,0.333313
9274,0.396806,0.333313
9275,0.419389,0.287265
9276,0.399498,0.327857
9277,0.399498,0.327857
9278,0.476504,0.268394
9279,0.417513,0.287401
9280,0.417453,0.345345
9281,0.349903,0.366439
9282,0.332313,0.354883
9283,0.327933,0.363933
9284,0.28338,0.351172
9285,0.255642,0.328896
9286,0.288066,0.302664
9287,0.292646,0.260641
9288,0.334058,0.274222
9289,0.389982,0.245879
9290,0.371987,0.267162
9291,0.385913,0.261071
9292,0.402938,0.289024
9293,0.402938,0.289024
9294,0.360304,0.277246
9295,0.363731,0.274155
9296,0.363731,0.274155
9297,0.363731,0.274155
9298,0.340915,0.241331
9299,0.298404,0.266991
9300,0.305128,0.273012
9301,0.305128,0.273012
9302,0.32269,0.26112
9303,0.302116,0.231395
9304,0.298823,0.202671
9305,0.3317,0.208649
9306,0.328995,0.225138
9307,0.338151,0.190581
9308,0.338151,0.190581
9309,0.401503,0.159368
9310,0.401503,0.159368
9311,0.401503,0.159368
9312,0.340293,0.167848
9313,0.336844,0.1418
9314,0.320538,0.157892
9315,0.324492,0.151917
9316,0.311787,0.167957
9317,0.283731,0.211491
9318,0.340825,0.238512
9319,0.340825,0.238512
9320,0.334582,0.239897
9321,0.334582,0.239897
9322,0.305532,0.258358
9323,0.299229,0.278465
9324,0.299229,0.278465
9325,0.248354,0.235607
9326,0.248354,0.235607
9327,0.299241,0.245022
9328,0.389059,0.273446
9329,0.361463,0.258221
9330,0.361463,0.258221
9331,0.341992,0.202029
9332,0.32683,0.169469
9333,0.311881,0.235896
9334,0.311881,0.235896
9335,0.398484,0.222897
9336,0.398484,0.222897
9337,0.398484,0.222897
9338,0.380467,0.19243
9339,0.407915,0.197915
9340,0.438709,0.174211
9341,0.486754,0.222685
9342,0.486754,0.222685
9343,0.522285,0.246478
9344,0.46117,0.250511
9345,0.39662,0.294881
9346,0.406242,0.281843
9347,0.459086,0.276948
9348,0.459086,0.276948
9349,0.369528,0.297154
9350,0.419879,0.27723
9351,0.419879,0.27723
9352,0.411814,0.300709
9353,0.363851,0.327272
9354,0.378236,0.284675
9355,0.433909,0.295739
9356,0.41148,0.325899
9357,0.401749,0.323087
9358,0.289311,0.273025
9359,0.325776,0.274994
9360,0.338276,0.238004
9361,0.400883,0.237401
9362,0.372459,0.302845
9363,0.372459,0.302845
9364,0.338107,0.28615
9365,0.338116,0.30426
9366,0.321795,0.246248
9367,0.22517,0.24278
9368,0.212494,0.2313
9369,0.212494,0.2313
9370,0.242635,0.227904
9371,0.237135,0.266579
9372,0.237135,0.266579
9373,0.237135,0.266579
9374,0.272975,0.287363
9375,0.310814,0.284427
9376,0.310814,0.284427
9377,0.280817,0.252285
9378,0.234109,0.279776
9379,0.252048,0.287796
9380,0.286638,0.276896
9381,0.286638,0.276896
9382,0.266052,0.312462
9383,0.222737,0.292221
9384,0.204263,0.237193
9385,0.23215,0.262298
9386,0.317862,0.261006
9387,0.279375,0.206758
9388,0.264405,0.216607
9389,0.243136,0.137678
9390,0.297239,0.209716
9391,0.26736,0.19337
9392,0.263904,0.260496
9393,0.276486,0.239289
9394,0.276486,0.239289
9395,0.276486,0.239289
9396,0.276486,0.239289
9397,0.276486,0.239289
9398,0.241032,0.219334
9399,0.2715,0.214569
9400,0.216695,0.347588
9401,0.227198,0.252247
9402,0.227198,0.252247
9403,0.215243,0.277933
9404,0.225179,0.264419
9405,0.174967,0.272754
9406,0.19478,0.315775
9407,0.159328,0.287783
9408,0.17782,0.277156
9409,0.178719,0.285898
9410,0.135928,0.282976
9411,0.135928,0.282976
9412,0.119837,0.325383
9413,0.119837,0.325383
9414,0.0986625,0.338647
9415,0.0715199,0.328719
9416,0.11502,0.270112
9417,0.14908,0.264107
9418,0.163976,0.335494
9419,0.129779,0.288732
9420,0.139097,0.26488
9421,0.139097,0.26488
9422,0.114089,0.258019
9423,0.114089,0.258019
9424,0.0995885,0.318849
9425,0.099127,0.340001
9426,0.161851,0.321518
9427,0.202095,0.325778
9428,0.202095,0.325778
9429,0.193155,0.376141
9430,0.216761,0.355688
9431,0.157184,0.358678
9432,0.157184,0.358678
9433,0.20855,0.372781
9434,0.20855,0.372781
9435,0.196401,0.351397
9436,0.242,0.314848
9437,0.252392,0.341066
9438,0.252392,0.341066
9439,0.188075,0.388283
9440,0.188075,0.388283
9441,0.0945063,0.378753
9442,0.147353,0.379671
9443,0.187297,0.46733
9444,0.250594,0.431844
9445,0.250594,0.431844
9446,0.298832,0.475738
9447,0.316397,0.515539
9448,0.367235,0.495788
9449,0.418916,0.439359
9450,0.515476,0.423456
9451,0.500306,0.396793
9452,0.514082,0.408918
9453,0.514082,0.408918
9454,0.437896,0.400734
9455,0.450586,0.43599
9456,0.434574,0.386884
9457,0.396893,0.391719
9458,0.396893,0.391719
9459,0.439697,0.408305
9460,0.439697,0.408305
9461,0.505008,0.442591
9462,0.439214,0.44183
9463,0.439214,0.44183
9464,0.439214,0.44183
9465,0.464291,0.472642
9466,0.427793,0.462052
9467,0.383439,0.509788
9468,0.383439,0.509788
9469,0.345194,0.498021
9470,0.299663,0.408932
9471,0.299663,0.408932
9472,0.357824,0.489807
9473,0.364455,0.422818
9474,0.393997,0.344405
9475,0.393997,0.344405
9476,0.376601,0.343957
9477,0.374699,0.372986
9478,0.381738,0.285244
9479,0.44953,0.266278
9480,0.491964,0.22354
9481,0.491964,0.22354
9482,0.467702,0.151958
9483,0.467702,0.151958
9484,0.467702,0.151958
9485,0.457871,0.208925
9486,0.457871,0.208925
9487,0.407456,0.211655
9488,0.470555,0.145878
9489,0.48617,0.167196
9490,0.3802,0.194553
9491,0.4356,0.231978
9492,0.403406,0.238329
9493,0.438416,0.255835
9494,0.331499,0.218702
9495,0.331306,0.224638
9496,0.396533,0.263397
9497,0.396533,0.263397
9498,0.379454,0.361709
9499,0.459275,0.384811
9500,0.396562,0.359435
9501,0.380702,0.421198
9502,0.372615,0.371512
9503,0.372615,0.371512
9504,0.372615,0.371512
9505,0.333126,0.379297
9506,0.328371,0.391817
9507,0.328371,0.391817
9508,0.326613,0.394277
9509,0.34893,0.373241
9510,0.34893,0.373241
9511,0.378496,0.391486
9512,0.379934,0.353019
9513,0.359575,0.356482
9514,0.343139,0.34575
9515,0.435655,0.348205
9516,0.40592,0.303992
9517,0.427012,0.432454
9518,0.405719,0.401767
9519,0.386329,0.33876
9520,0.332953,0.350072
9521,0.277912,0.328077
9522,0.313153,0.325234
9523,0.360279,0.267567
9524,0.360279,0.267567
9525,0.317768,0.211827
9526,0.32184,0.255146
9527,0.262715,0.236802
9528,0.303225,0.219698
9529,0.262463,0.211507
9530,0.239479,0.20734
9531,0.239479,0.20734
9532,0.26364,0.216694
9533,0.26364,0.216694
9534,0.222093,0.255868
9535,0.222093,0.255868
9536,0.215811,0.275598
9537,0.216858,0.307428
9538,0.216858,0.307428
9539,0.26086,0.284698
9540,0.284121,0.22112
9541,0.307252,0.29137
9542,0.311393,0.343285
9543,0.306508,0.256804
9544,0.306508,0.256804
9545,0.299295,0.278989
9546,0.306073,0.246684
9547,0.313985,0.305397
9548,0.317715,0.269269
9549,0.319264,0.242539
9550,0.309849,0.309055
9551,0.331821,0.29422
9552,0.387008,0.2498
9553,0.387008,0.2498
9554,0.380053,0.250496
9555,0.382712,0.280091
9556,0.432954,0.291176
9557,0.381702,0.319154
9558,0.439448,0.312132
9559,0.381814,0.32337
9560,0.381814,0.32337
9561,0.317938,0.259609
9562,0.387819,0.26204
9563,0.351509,0.311826
9564,0.390057,0.272068
9565,0.375436,0.277348
9566,0.375436,0.277348
9567,0.33819,0.240462
9568,0.294018,0.262174
9569,0.327775,0.263782
9570,0.3549,0.207335
9571,0.333875,0.22426
9572,0.318931,0.25914
9573,0.330216,0.242274
9574,0.340979,0.232243
9575,0.340979,0.232243
9576,0.340979,0.232243
9577,0.324758,0.191687
9578,0.419435,0.220892
9579,0.418907,0.199389
9580,0.394193,0.208113
9581,0.364724,0.20342
9582,0.364724,0.20342
9583,0.364724,0.20342
9584,0.372348,0.22982
9585,0.36465,0.218169
9586,0.345762,0.239212
9587,0.351331,0.234683
9588,0.382109,0.242827
9589,0.348636,0.297538
9590,0.450866,0.257212
9591,0.397664,0.240399
9592,0.446432,0.271829
9593,0.456536,0.229377
9594,0.452099,0.242077
9595,0.382445,0.25211
9596,0.382445,0.25211
9597,0.431203,0.268032
9598,0.445508,0.28585
9599,0.445508,0.28585
9600,0.463785,0.289285
9601,0.498559,0.284017
9602,0.498559,0.284017
9603,0.469054,0.25425
9604,0.50168,0.233163
9605,0.461064,0.226921
9606,0.385655,0.232307
9607,0.426121,0.198548
9608,0.392773,0.248641
9609,0.403227,0.263745
9610,0.39567,0.29587
9611,0.39567,0.29587
9612,0.404171,0.272669
9613,0.447488,0.298891
9614,0.447488,0.298891
9615,0.458605,0.252576
9616,0.448228,0.231007
9617,0.396342,0.251445
9618,0.444105,0.260984
9619,0.444105,0.260984
9620,0.444105,0.260984
9621,0.456907,0.238558
9622,0.414119,0.310599
9623,0.44249,0.268484
9624,0.394298,0.305779
9625,0.408371,0.270451
9626,0.449615,0.244611
9627,0.443417,0.153696
9628,0.426369,0.150706
9629,0.412344,0.201695
9630,0.416179,0.1892
9631,0.431253,0.219439
9632,0.431253,0.219439
9633,0.411,0.199754
9634,0.411,0.199754
9635,0.393164,0.161637
9636,0.370177,0.146123
9637,0.328968,0.198645
9638,0.328968,0.198645
9639,0.334322,0.204582
9640,0.334322,0.204582
9641,0.403835,0.217112
9642,0.416204,0.224668
9643,0.416204,0.224668
9644,0.416204,0.224668
9645,0.44006,0.198308
9646,0.443571,0.165357
9647,0.455651,0.219623
9648,0.469053,0.231258
9649,0.486172,0.228286
9650,0.486172,0.228286
9651,0.431817,0.223552
9652,0.431817,0.223552
9653,0.431817,0.223552
9654,0.443706,0.259245
9655,0.461359,0.190311
9656,0.413983,0.294567
9657,0.383142,0.275898
9658,0.341035,0.304632
9659,0.359891,0.237029
9660,0.359891,0.237029
9661,0.359891,0.237029
9662,0.35077,0.255864
9663,0.348498,0.255621
9664,0.348498,0.255621
9665,0.348498,0.255621
9666,0.390473,0.252664
9667,0.390473,0.252664
9668,0.336691,0.285043
9669,0.346969,0.228798
9670,0.345047,0.256165
9671,0.315329,0.264505
9672,0.33859,0.277706
9673,0.314328,0.255093
9674,0.314328,0.255093
9675,0.327058,0.251075
9676,0.315697,0.29786
9677,0.315697,0.29786
9678,0.333684,0.370768
9679,0.333684,0.370768
9680,0.333684,0.370768
9681,0.333684,0.370768
9682,0.38928,0.399673
9683,0.414735,0.405033
9684,0.414471,0.372124
9685,0.454261,0.353809
9686,0.454261,0.353809
9687,0.500412,0.293644
9688,0.465535,0.315639
9689,0.360698,0.315863
9690,0.360698,0.315863
9691,0.360698,0.315863
9692,0.421212,0.365054
9693,0.421365,0.404494
9694,0.421365,0.404494
9695,0.453281,0.309177
9696,0.41075,0.305111
9697,0.41075,0.305111
9698,0.389034,0.361069
9699,0.394902,0.31468
9700,0.45227,0.322109
9701,0.474525,0.281309
9702,0.457802,0.285076
9703,0.489321,0.272155
9704,0.489321,0.272155
9705,0.430368,0.294331
9706,0.43588,0.310759
9707,0.374787,0.291932
9708,0.384015,0.255968
9709,0.366215,0.254751
9710,0.363343,0.260647
9711,0.335937,0.284612
9712,0.338157,0.274551
9713,0.433276,0.314562
9714,0.406582,0.304807
9715,0.419888,0.274194
9716,0.407295,0.297867
9717,0.450903,0.245748
9718,0.450903,0.245748
9719,0.443476,0.225651
9720,0.410455,0.245522
9721,0.426696,0.225241
9722,0.426696,0.225241
9723,0.457738,0.289714
9724,0.457738,0.289714
9725,0.50463,0.268065
9726,0.40864,0.227371
9727,0.40864,0.227371
9728,0.412303,0.250694
9729,0.388297,0.30261
9730,0.320757,0.320234
9731,0.415718,0.257671
9732,0.432262,0.252167
9733,0.432262,0.252167
9734,0.432262,0.252167
9735,0.429847,0.268397
9736,0.363484,0.296333
9737,0.337298,0.277437
9738,0.382762,0.244496
9739,0.38343,0.226028
9740,0.406348,0.231806
9741,0.386534,0.223002
9742,0.403417,0.246998
9743,0.403417,0.246998
9744,0.340546,0.251923
9745,0.36982,0.223931
9746,0.36982,0.223931
9747,0.36982,0.223931
9748,0.36982,0.223931
9749,0.366244,0.276896
9750,0.417259,0.249437
9751,0.374152,0.278255
9752,0.348591,0.24553
9753,0.368516,0.261673
9754,0.445852,0.291633
9755,0.445852,0.291633
9756,0.445852,0.291633
9757,0.395146,0.254967
9758,0.385986,0.241234
9759,0.408733,0.231905
9760,0.379834,0.264465
9761,0.396069,0.253292
9762,0.369747,0.295183
9763,0.352062,0.279325
9764,0.34195,0.259975
9765,0.353266,0.211914
9766,0.410891,0.211137
9767,0.410891,0.211137
9768,0.446018,0.190407
9769,0.431157,0.196735
9770,0.440215,0.183969
9771,0.440215,0.183969
9772,0.363836,0.183645
9773,0.335128,0.187515
9774,0.335128,0.187515
9775,0.360116,0.194792
9776,0.272877,0.223026
9777,0.342952,0.188126
9778,0.342952,0.188126
9779,0.301447,0.198754
9780,0.301447,0.198754
9781,0.353776,0.145521
9782,0.388474,0.172017
9783,0.449231,0.188519
9784,0.449231,0.188519
9785,0.447614,0.178239
9786,0.447877,0.157089
9787,0.447877,0.157089
9788,0.447877,0.157089
9789,0.447877,0.157089
9790,0.403211,0.158963
9791,0.383377,0.149769
9792,0.383377,0.149769
9793,0.383377,0.149769
9794,0.345401,0.180418
9795,0.33906,0.160723
9796,0.401559,0.146913
9797,0.401559,0.146913
9798,0.423416,0.139361
9799,0.433866,0.139935
9800,0.497091,0.122727
9801,0.458927,0.152119
9802,0.458927,0.152119
9803,0.375084,0.133173
9804,0.457597,0.158477
9805,0.469437,0.160328
9806,0.469437,0.160328
9807,0.415964,0.141858
9808,0.415964,0.141858
9809,0.4598,0.132397
9810,0.418678,0.172718
9811,0.443662,0.191507
9812,0.417342,0.146792
9813,0.410379,0.16965
9814,0.410379,0.16965
9815,0.449738,0.171302
9816,0.449738,0.171302
9817,0.369992,0.184612
9818,0.402993,0.183487
9819,0.374463,0.203304
9820,0.374463,0.203304
9821,0.374463,0.203304
9822,0.333179,0.195995
9823,0.327581,0.202093
9824,0.240803,0.25324
9825,0.32549,0.288543
9826,0.347782,0.319803
9827,0.352912,0.375372
9828,0.334634,0.314716
9829,0.334634,0.314716
9830,0.334634,0.314716
9831,0.263359,0.280602
9832,0.228438,0.278919
9833,0.228438,0.278919
9834,0.210255,0.297904
9835,0.197969,0.242758
9836,0.221406,0.265394
9837,0.287804,0.278914
9838,0.2459,0.251241
9839,0.250003,0.32854
9840,0.250003,0.32854
9841,0.250003,0.32854
9842,0.208982,0.30714
9843,0.223807,0.262107
9844,0.165002,0.288317
9845,0.165002,0.288317
9846,0.140788,0.310191
9847,0.189433,0.322662
9848,0.170626,0.276757
9849,0.217081,0.280859
9850,0.14271,0.363858
9851,0.164898,0.375888
9852,0.202422,0.375917
9853,0.230961,0.35896
9854,0.27984,0.309952
9855,0.282813,0.262768
9856,0.325787,0.233804
9857,0.293079,0.259426
9858,0.293079,0.259426
9859,0.293079,0.259426
9860,0.307252,0.325977
9861,0.31727,0.330038
9862,0.31727,0.330038
9863,0.375803,0.30985
9864,0.375803,0.30985
9865,0.36591,0.333816
9866,0.36591,0.333816
9867,0.382857,0.358627
9868,0.357354,0.381921
9869,0.421356,0.370521
9870,0.417466,0.362778
9871,0.397594,0.402783
9872,0.413062,0.421142
9873,0.380677,0.427185
9874,0.454948,0.388883
9875,0.454948,0.388883
9876,0.439394,0.370125
9877,0.407028,0.414692
9878,0.427036,0.357512
9879,0.391849,0.367135
9880,0.336149,0.376312
9881,0.330228,0.429968
9882,0.363272,0.339216
9883,0.280136,0.458435
9884,0.280136,0.458435
9885,0.297074,0.417854
9886,0.319147,0.383723
9887,0.29685,0.364801
9888,0.29685,0.364801
9889,0.30077,0.354741
9890,0.30077,0.354741
9891,0.335509,0.31222
9892,0.268705,0.290157
9893,0.262959,0.273463
9894,0.324715,0.274333
9895,0.324715,0.274333
9896,0.324715,0.274333
9897,0.324715,0.274333
9898,0.268532,0.240129
9899,0.194519,0.25164
9900,0.218782,0.200746
9901,0.194682,0.247355
9902,0.194682,0.247355
9903,0.165716,0.215061
9904,0.165716,0.215061
9905,0.165716,0.215061
9906,0.165716,0.215061
9907,0.218776,0.31979
9908,0.222172,0.269103
9909,0.225585,0.353337
9910,0.225693,0.317561
9911,0.237518,0.307742
9912,0.248193,0.326493
9913,0.248193,0.326493
9914,0.248193,0.326493
9915,0.251091,0.269761
9916,0.252918,0.300702
9917,0.229353,0.290696
9918,0.223028,0.300949
9919,0.226392,0.282888
9920,0.2304,0.272017
9921,0.2304,0.272017
9922,0.225265,0.306149
9923,0.204396,0.304357
9924,0.245698,0.314504
9925,0.229922,0.315449
9926,0.238033,0.27242
9927,0.238033,0.27242
9928,0.267945,0.295319
9929,0.287423,0.276188
9930,0.287423,0.276188
9931,0.283263,0.291533
9932,0.239002,0.240174
9933,0.233511,0.197216
9934,0.233511,0.197216
9935,0.226898,0.236671
9936,0.226898,0.236671
9937,0.216009,0.224554
9938,0.238247,0.190459
9939,0.221048,0.251669
9940,0.194045,0.237652
9941,0.21434,0.264834
9942,0.234308,0.24159
9943,0.20991,0.235309
9944,0.20991,0.235309
9945,0.210274,0.246181
9946,0.227411,0.224182
9947,0.216385,0.212019
9948,0.224872,0.246839
9949,0.224872,0.246839
9950,0.219003,0.233192
9951,0.188477,0.193537
9952,0.15846,0.206496
9953,0.15846,0.206496
9954,0.147693,0.202638
9955,0.147693,0.202638
9956,0.151192,0.205324
9957,0.123528,0.233719
9958,0.123174,0.204922
9959,0.139339,0.208659
9960,0.135483,0.249703
9961,0.160597,0.214454
9962,0.179048,0.229963
9963,0.188785,0.234826
9964,0.176779,0.224741
9965,0.156204,0.271975
9966,0.153485,0.267207
9967,0.146706,0.25048
9968,0.12307,0.22689
9969,0.145832,0.271686
9970,0.11764,0.198218
9971,0.18746,0.264886
9972,0.18746,0.264886
9973,0.164769,0.270502
9974,0.156847,0.246592
9975,0.120298,0.244575
9976,0.120298,0.244575
9977,0.129143,0.292455
9978,0.123989,0.315452
9979,0.123989,0.315452
9980,0.123989,0.315452
9981,0.123989,0.315452
9982,0.131674,0.30765
9983,0.150417,0.350884
9984,0.150417,0.350884
9985,0.16876,0.276198
9986,0.229809,0.290936
9987,0.225075,0.273986
9988,0.242359,0.275741
9989,0.194962,0.271519
9990,0.136841,0.307828
9991,0.153258,0.308753
9992,0.182816,0.280577
9993,0.106615,0.341222
9994,0.11457,0.342782
9995,0.0847756,0.344296
9996,0.115874,0.358781
9997,0.115874,0.358781
9998,0.123206,0.369727
9999,0.203641,0.36145
10000,0.273927,0.427467
10001,0.289238,0.335122
10002,0.339157,0.3341
10003,0.388042,0.398451
10004,0.395517,0.368061
10005,0.397993,0.360029
10006,0.397993,0.360029
10007,0.413339,0.40661
10008,0.413339,0.40661
10009,0.413339,0.40661
10010,0.413339,0.40661
10011,0.413339,0.40661
10012,0.421824,0.380614
10013,0.421824,0.380614
10014,0.526354,0.355971
10015,0.526354,0.355971
10016,0.530101,0.338652
10017,0.499907,0.363423
10018,0.448701,0.320385
10019,0.483039,0.304986
10020,0.40733,0.347166
10021,0.40733,0.347166
10022,0.393674,0.383778
10023,0.393352,0.442838
10024,0.289524,0.419432
10025,0.312519,0.446572
10026,0.294996,0.414817
10027,0.294996,0.414817
10028,0.363604,0.406641
10029,0.364413,0.427277
10030,0.364413,0.427277
10031,0.335307,0.464464
10032,0.335307,0.464464
10033,0.311843,0.428356
10034,0.34224,0.408363
10035,0.34224,0.408363
10036,0.391507,0.379181
10037,0.374979,0.314369
10038,0.374979,0.314369
10039,0.350655,0.323561
10040,0.350655,0.323561
10041,0.319039,0.362686
10042,0.319039,0.362686
10043,0.256812,0.286521
10044,0.260596,0.288977
10045,0.25444,0.296706
10046,0.291932,0.327055
10047,0.342034,0.293131
10048,0.321768,0.380696
10049,0.311556,0.261665
10050,0.308603,0.380443
10051,0.331139,0.382272
10052,0.362775,0.432357
10053,0.360225,0.474626
10054,0.355628,0.418146
10055,0.463485,0.33944
10056,0.475548,0.372573
10057,0.476126,0.426932
10058,0.470452,0.404341
10059,0.468935,0.474853
10060,0.467266,0.495708
10061,0.467266,0.495708
10062,0.467266,0.495708
10063,0.467266,0.495708
10064,0.467266,0.495708
10065,0.466688,0.455761
10066,0.503672,0.55055
10067,0.48558,0.488375
10068,0.422309,0.522451
10069,0.371544,0.472121
10070,0.370707,0.493872
10071,0.370707,0.493872
10072,0.383325,0.486787
10073,0.50756,0.429739
10074,0.498523,0.485097
10075,0.570669,0.434754
10076,0.570669,0.434754
10077,0.524006,0.473676
10078,0.459614,0.499973
10079,0.459614,0.499973
10080,0.365473,0.455844
10081,0.400267,0.437213
10082,0.341889,0.505509
10083,0.384926,0.559351
10084,0.418783,0.499737
10085,0.389697,0.40324
10086,0.388683,0.426387
10087,0.397293,0.351222
10088,0.446463,0.373155
10089,0.446463,0.373155
10090,0.390124,0.464183
10091,0.37244,0.454632
10092,0.37244,0.454632
10093,0.38507,0.428752
10094,0.38507,0.428752
10095,0.383351,0.434689
10096,0.374391,0.40248
10097,0.364755,0.412268
10098,0.366765,0.447278
10099,0.419204,0.454359
10100,0.369618,0.463765
10101,0.369618,0.463765
10102,0.341395,0.485612
10103,0.354681,0.461541
10104,0.410873,0.495972
10105,0.452979,0.38425
10106,0.452979,0.38425
10107,0.437824,0.530688
10108,0.393222,0.503061
10109,0.405342,0.512988
10110,0.4041,0.489174
10111,0.417585,0.412138
10112,0.410537,0.4386
10113,0.374175,0.430524
10114,0.357117,0.40654
10115,0.396973,0.390883
10116,0.396973,0.390883
10117,0.343004,0.499436
10118,0.343004,0.499436
10119,0.343004,0.499436
10120,0.343004,0.499436
10121,0.325449,0.486339
10122,0.302503,0.38884
10123,0.353629,0.387122
10124,0.353629,0.387122
10125,0.259246,0.425198
10126,0.259246,0.425198
10127,0.274752,0.396329
10128,0.293173,0.402042
10129,0.230307,0.382116
10130,0.26097,0.421979
10131,0.268807,0.403896
10132,0.272436,0.4537
10133,0.313446,0.449312
10134,0.359287,0.413643
10135,0.359287,0.413643
10136,0.322966,0.3463
10137,0.322966,0.3463
10138,0.272795,0.35779
10139,0.272795,0.35779
10140,0.224172,0.291346
10141,0.267372,0.289863
10142,0.26973,0.259323
10143,0.26973,0.259323
10144,0.26973,0.259323
10145,0.256248,0.291943
10146,0.256248,0.291943
10147,0.273272,0.277232
10148,0.265372,0.329155
10149,0.27354,0.353986
10150,0.27354,0.353986
10151,0.291715,0.369155
10152,0.260565,0.412784
10153,0.200949,0.350881
10154,0.219928,0.405424
10155,0.219928,0.405424
10156,0.19184,0.356064
10157,0.21688,0.401731
10158,0.21688,0.401731
10159,0.234497,0.41248
10160,0.259155,0.388578
10161,0.259155,0.388578
10162,0.259155,0.388578
10163,0.233159,0.359639
10164,0.283118,0.363475
10165,0.206682,0.354017
10166,0.206682,0.354017
10167,0.206682,0.354017
10168,0.206682,0.354017
10169,0.206682,0.354017
10170,0.206682,0.354017
10171,0.230464,0.362961
10172,0.252708,0.359668
10173,0.245298,0.382862
10174,0.279155,0.379302
10175,0.225152,0.377698
10176,0.173294,0.404362
10177,0.181301,0.353244
10178,0.185939,0.390797
10179,0.185939,0.390797
10180,0.185939,0.390797
10181,0.165739,0.431683
10182,0.160493,0.437242
10183,0.171689,0.486344
10184,0.148778,0.440537
10185,0.176472,0.437549
10186,0.147601,0.396085
10187,0.147601,0.396085
10188,0.136729,0.335661
10189,0.136729,0.335661
10190,0.134409,0.271006
10191,0.0955033,0.288965
10192,0.0853969,0.309995
10193,0.12853,0.316361
10194,0.12853,0.316361
10195,0.104946,0.313755
10196,0.112421,0.29162
10197,0.112421,0.29162
10198,0.0430048,0.333286
10199,0.0430048,0.333286
10200,0.0469078,0.331354
10201,0.0461208,0.319244
10202,0.0507991,0.357351
10203,0.0549036,0.348817
10204,0.0549036,0.348817
10205,0.0536843,0.330201
10206,0.0916968,0.301556
10207,0.0749593,0.295012
10208,0.0282922,0.301035
10209,0.0213074,0.335525
10210,0.0984805,0.345255
10211,0.0389878,0.31851
10212,0.0581292,0.317023
10213,0.0138203,0.372783
10214,0.027549,0.335552
10215,0.0753939,0.343848
10216,0.025325,0.263982
10217,0.025325,0.263982
10218,0.0534195,0.33978
10219,0.115949,0.324378
10220,0.0749464,0.318004
10221,0.0906311,0.274521
10222,0.156492,0.285486
10223,0.140414,0.262708
10224,0.127595,0.294475
10225,0.139175,0.259629
10226,0.139175,0.259629
10227,0.137072,0.321445
10228,0.150484,0.298092
10229,0.150484,0.298092
10230,0.190116,0.314454
10231,0.165111,0.326456
10232,0.163913,0.351182
10233,0.221042,0.332327
10234,0.221042,0.332327
10235,0.134126,0.285261
10236,0.132447,0.30036
10237,0.197442,0.287566
10238,0.205065,0.298892
10239,0.205065,0.298892
10240,0.205065,0.298892
10241,0.225466,0.263685
10242,0.220935,0.271782
10243,0.139464,0.280182
10244,0.135611,0.259107
10245,0.140399,0.272341
10246,0.163306,0.232602
10247,0.162142,0.278503
10248,0.138511,0.23979
10249,0.154008,0.23182
10250,0.185954,0.225892
10251,0.168486,0.241116
10252,0.158878,0.244292
10253,0.158878,0.244292
10254,0.158878,0.244292
10255,0.1601,0.212833
10256,0.1601,0.212833
10257,0.1601,0.212833
10258,0.179205,0.240476
10259,0.138621,0.213045
10260,0.173161,0.228926
10261,0.173161,0.228926
10262,0.151438,0.186059
10263,0.226081,0.162803
10264,0.23335,0.178045
10265,0.236756,0.196077
10266,0.236756,0.196077
10267,0.252545,0.195393
10268,0.252545,0.195393
10269,0.347082,0.208302
10270,0.336605,0.200647
10271,0.316159,0.2326
10272,0.344612,0.241118
10273,0.336081,0.265473
10274,0.271927,0.257373
10275,0.271927,0.257373
10276,0.305552,0.248689
10277,0.321044,0.251972
10278,0.372567,0.216375
10279,0.331674,0.2713
10280,0.312585,0.231094
10281,0.357086,0.237665
10282,0.274549,0.236582
10283,0.274549,0.236582
10284,0.292974,0.23468
10285,0.268733,0.263499
10286,0.265344,0.285103
10287,0.265344,0.285103
10288,0.308751,0.294166
10289,0.244968,0.224576
10290,0.227348,0.194489
10291,0.192844,0.197981
10292,0.223167,0.263537
10293,0.227089,0.197615
10294,0.264993,0.235909
10295,0.268393,0.268929
10296,0.268393,0.268929
10297,0.315728,0.319006
10298,0.291507,0.297012
10299,0.262556,0.338592
10300,0.262556,0.338592
10301,0.303238,0.351571
10302,0.255512,0.356657
10303,0.255512,0.356657
10304,0.255512,0.356657
10305,0.25504,0.341831
10306,0.263334,0.320364
10307,0.307982,0.430464
10308,0.307982,0.430464
10309,0.307982,0.430464
10310,0.307982,0.430464
10311,0.307982,0.430464
10312,0.231409,0.365634
10313,0.296218,0.321264
10314,0.296218,0.321264
10315,0.280358,0.300704
10316,0.280358,0.300704
10317,0.28867,0.303438
10318,0.302525,0.285696
10319,0.309364,0.291093
10320,0.288964,0.306837
10321,0.338355,0.311931
10322,0.327885,0.253391
10323,0.315908,0.252633
10324,0.339869,0.24416
10325,0.401554,0.249633
10326,0.444326,0.257616
10327,0.384249,0.251415
10328,0.403066,0.209604
10329,0.403066,0.209604
10330,0.415174,0.218669
10331,0.368958,0.221962
10332,0.368958,0.221962
10333,0.329656,0.262428
10334,0.329656,0.262428
10335,0.329656,0.262428
10336,0.291145,0.300164
10337,0.316387,0.290287
10338,0.356084,0.264018
10339,0.299595,0.279577
10340,0.31045,0.32629
10341,0.293373,0.294637
10342,0.278195,0.300633
10343,0.278195,0.300633
10344,0.298348,0.286315
10345,0.274628,0.297925
10346,0.27878,0.291692
10347,0.27878,0.291692
10348,0.244938,0.274984
10349,0.264768,0.222755
10350,0.264768,0.222755
10351,0.264333,0.19269
10352,0.264333,0.19269
10353,0.246822,0.245113
10354,0.246822,0.245113
10355,0.228426,0.19497
10356,0.25114,0.21907
10357,0.24834,0.225138
10358,0.269163,0.224891
10359,0.269163,0.224891
10360,0.267038,0.233727
10361,0.267038,0.233727
10362,0.265344,0.262622
10363,0.286988,0.262958
10364,0.286988,0.262958
10365,0.286988,0.262958
10366,0.286988,0.262958
10367,0.287658,0.24135
10368,0.287658,0.24135
10369,0.287658,0.24135
10370,0.293061,0.244896
10371,0.293061,0.244896
10372,0.312969,0.273372
10373,0.301936,0.222861
10374,0.314349,0.25922
10375,0.294443,0.2981
10376,0.278581,0.374523
10377,0.251173,0.314256
10378,0.164299,0.288452
10379,0.200223,0.316852
10380,0.231096,0.345498
10381,0.171654,0.311431
10382,0.15494,0.297156
10383,0.150857,0.265816
10384,0.165497,0.329891
10385,0.165497,0.329891
10386,0.165391,0.426878
10387,0.166603,0.445501
10388,0.170195,0.41113
10389,0.17965,0.472705
10390,0.22709,0.412176
10391,0.22709,0.412176
10392,0.231247,0.427528
10393,0.238518,0.438323
10394,0.2576,0.406756
10395,0.212117,0.398165
10396,0.178209,0.351431
10397,0.179527,0.333477
10398,0.103078,0.415237
10399,0.103078,0.415237
10400,0.103078,0.415237
10401,0.109158,0.438249
10402,0.126736,0.475208
10403,0.186459,0.466321
10404,0.169921,0.456245
10405,0.176443,0.496224
10406,0.176443,0.496224
10407,0.221723,0.483245
10408,0.186473,0.477924
10409,0.227652,0.516033
10410,0.237046,0.507764
10411,0.243632,0.509854
10412,0.282397,0.461686
10413,0.24454,0.471221
10414,0.24454,0.471221
10415,0.24454,0.471221
10416,0.24454,0.471221
10417,0.279763,0.387732
10418,0.226798,0.432396
10419,0.28828,0.441428
10420,0.299454,0.432587
10421,0.299454,0.432587
10422,0.268477,0.413773
10423,0.268477,0.413773
10424,0.296712,0.443065
10425,0.267924,0.355093
10426,0.347942,0.464699
10427,0.347942,0.464699
10428,0.347942,0.464699
10429,0.295327,0.465086
10430,0.331953,0.439013
10431,0.317145,0.398363
10432,0.383844,0.354961
10433,0.353688,0.32995
10434,0.371263,0.353157
10435,0.370972,0.362353
10436,0.370972,0.362353
10437,0.28896,0.351021
10438,0.280154,0.354113
10439,0.280154,0.354113
10440,0.280154,0.354113
10441,0.238121,0.340106
10442,0.243126,0.343798
10443,0.173417,0.340181
10444,0.173417,0.340181
10445,0.21012,0.392503
10446,0.205061,0.418589
10447,0.228464,0.382078
10448,0.242652,0.352023
10449,0.297332,0.302305
10450,0.299291,0.305344
10451,0.302082,0.279602
10452,0.301197,0.294642
10453,0.227853,0.336644
10454,0.241625,0.302575
10455,0.291187,0.273165
10456,0.291187,0.273165
10457,0.291187,0.273165
10458,0.212259,0.316123
10459,0.218102,0.33642
10460,0.201686,0.315316
10461,0.201686,0.315316
10462,0.259412,0.289537
10463,0.311132,0.342001
10464,0.311132,0.342001
10465,0.233785,0.315915
10466,0.21333,0.341022
10467,0.254222,0.388244
10468,0.258934,0.367326
10469,0.258934,0.367326
10470,0.232826,0.307016
10471,0.325443,0.228171
10472,0.285706,0.253779
10473,0.293642,0.247563
10474,0.293642,0.247563
10475,0.271257,0.280992
10476,0.264685,0.319584
10477,0.264685,0.319584
10478,0.254588,0.306704
10479,0.31544,0.302015
10480,0.31544,0.302015
10481,0.31544,0.302015
10482,0.354948,0.333415
10483,0.370336,0.332192
10484,0.405151,0.286993
10485,0.313374,0.292022
10486,0.309441,0.272117
10487,0.290965,0.254807
10488,0.304503,0.268715
10489,0.335065,0.252958
10490,0.335065,0.252958
10491,0.25986,0.240715
10492,0.298942,0.292434
10493,0.321234,0.282656
10494,0.26484,0.321362
10495,0.26484,0.321362
10496,0.285342,0.327922
10497,0.285342,0.327922
10498,0.292522,0.322757
10499,0.292522,0.322757
10500,0.255692,0.342351
10501,0.273362,0.277024
10502,0.281725,0.294037
10503,0.319025,0.318325
10504,0.278599,0.322877
10505,0.2964,0.323435
10506,0.310883,0.352999
10507,0.33586,0.375702
10508,0.302709,0.416424
10509,0.340559,0.448846
10510,0.335371,0.445928
10511,0.300218,0.390682
10512,0.254227,0.412247
10513,0.207356,0.47913
10514,0.227267,0.497359
10515,0.227267,0.497359
10516,0.225353,0.469647
10517,0.225353,0.469647
10518,0.168904,0.49704
10519,0.193068,0.447694
10520,0.199828,0.427784
10521,0.198249,0.338451
10522,0.198249,0.338451
10523,0.198249,0.338451
10524,0.188436,0.352121
10525,0.182425,0.318756
10526,0.182425,0.318756
10527,0.201017,0.380559
10528,0.177676,0.390565
10529,0.177676,0.390565
10530,0.177676,0.390565
10531,0.21917,0.299006
10532,0.190225,0.292458
10533,0.19147,0.272046
10534,0.19147,0.272046
10535,0.183565,0.283228
10536,0.207476,0.298447
10537,0.238029,0.292449
10538,0.238029,0.292449
10539,0.252736,0.303934
10540,0.200721,0.275322
10541,0.217969,0.275535
10542,0.272807,0.246768
10543,0.241976,0.23298
10544,0.269381,0.185784
10545,0.273513,0.22602
10546,0.273513,0.22602
10547,0.299132,0.244001
10548,0.344132,0.272024
10549,0.344745,0.285738
10550,0.28457,0.236051
10551,0.321847,0.218202
10552,0.303572,0.237781
10553,0.369522,0.266581
10554,0.369522,0.266581
10555,0.369522,0.266581
10556,0.328395,0.2516
10557,0.328395,0.2516
10558,0.360158,0.283153
10559,0.338879,0.342728
10560,0.338879,0.342728
10561,0.330086,0.277032
10562,0.363778,0.261674
10563,0.293164,0.257673
10564,0.289369,0.257544
10565,0.308445,0.276192
10566,0.257078,0.238194
10567,0.257078,0.238194
10568,0.284748,0.316229
10569,0.269018,0.406918
10570,0.279114,0.404756
10571,0.279114,0.404756
10572,0.329776,0.362388
10573,0.291073,0.371314
10574,0.257711,0.44203
10575,0.257711,0.44203
10576,0.278585,0.417723
10577,0.276381,0.454233
10578,0.336322,0.424585
10579,0.348986,0.395152
10580,0.313953,0.412719
10581,0.30393,0.433556
10582,0.285815,0.487644
10583,0.285815,0.487644
10584,0.285815,0.487644
10585,0.285815,0.487644
10586,0.311064,0.376169
10587,0.337701,0.359175
10588,0.294056,0.328357
10589,0.411962,0.277225
10590,0.411962,0.277225
10591,0.318953,0.274071
10592,0.404854,0.280394
10593,0.315896,0.264674
10594,0.353357,0.258955
10595,0.426538,0.228936
10596,0.415331,0.247833
10597,0.396508,0.291049
10598,0.396508,0.291049
10599,0.399753,0.2503
10600,0.418475,0.278671
10601,0.441421,0.32481
10602,0.441421,0.32481
10603,0.385554,0.329116
10604,0.385554,0.329116
10605,0.354317,0.380136
10606,0.389092,0.292089
10607,0.389092,0.292089
10608,0.42225,0.305289
10609,0.436156,0.361556
10610,0.347984,0.329547
10611,0.347984,0.329547
10612,0.388447,0.225135
10613,0.434924,0.199982
10614,0.45416,0.236733
10615,0.46668,0.24502
10616,0.46668,0.24502
10617,0.485255,0.298276
10618,0.52281,0.236338
10619,0.52281,0.236338
10620,0.47158,0.264969
10621,0.428357,0.2581
10622,0.428357,0.2581
10623,0.383027,0.269661
10624,0.366046,0.297962
10625,0.352333,0.270646
10626,0.352333,0.270646
10627,0.350933,0.220405
10628,0.289898,0.216393
10629,0.399763,0.195134
10630,0.385787,0.201229
10631,0.381218,0.224682
10632,0.438077,0.221889
10633,0.383553,0.192042
10634,0.354392,0.222259
10635,0.321758,0.224398
10636,0.347666,0.249467
10637,0.328671,0.269935
10638,0.291893,0.330116
10639,0.263772,0.305598
10640,0.263772,0.305598
10641,0.268022,0.339985
10642,0.287764,0.363819
10643,0.287764,0.363819
10644,0.287764,0.363819
10645,0.219535,0.361233
10646,0.217095,0.348111
10647,0.272025,0.334437
10648,0.318883,0.192222
10649,0.33734,0.142229
10650,0.32494,0.172099
10651,0.320714,0.192662
10652,0.320714,0.192662
10653,0.320714,0.192662
10654,0.359813,0.193078
10655,0.386441,0.169618
10656,0.422392,0.227017
10657,0.494485,0.221383
10658,0.535159,0.174729
10659,0.481887,0.152824
10660,0.448782,0.177355
10661,0.448782,0.177355
10662,0.406729,0.2013
10663,0.415818,0.201894
10664,0.404843,0.184108
10665,0.404843,0.184108
10666,0.423717,0.182426
10667,0.413503,0.164513
10668,0.481856,0.145244
10669,0.481856,0.145244
10670,0.472418,0.129938
10671,0.472418,0.129938
10672,0.449218,0.121904
10673,0.46798,0.164802
10674,0.46798,0.164802
10675,0.46798,0.164802
10676,0.407543,0.159698
10677,0.416435,0.15417
10678,0.416435,0.15417
10679,0.44406,0.128184
10680,0.44406,0.128184
10681,0.450509,0.15383
10682,0.450856,0.164504
10683,0.509953,0.179845
10684,0.506715,0.201421
10685,0.396491,0.228241
10686,0.340427,0.264988
10687,0.340427,0.264988
10688,0.331785,0.274177
10689,0.38774,0.272233
10690,0.38774,0.272233
10691,0.417606,0.220999
10692,0.409176,0.240019
10693,0.422451,0.204529
10694,0.38297,0.161886
10695,0.401504,0.153806
10696,0.401504,0.153806
10697,0.476882,0.156699
10698,0.419441,0.202627
10699,0.372482,0.166559
10700,0.356794,0.190213
10701,0.356794,0.190213
10702,0.337807,0.251133
10703,0.357676,0.217313
10704,0.335301,0.227014
10705,0.335301,0.227014
10706,0.324884,0.175548
10707,0.302264,0.240404
10708,0.285824,0.267777
10709,0.273517,0.281635
10710,0.299785,0.321061
10711,0.299785,0.321061
10712,0.299785,0.321061
10713,0.3522,0.324833
10714,0.280857,0.329691
10715,0.280857,0.329691
10716,0.290059,0.332223
10717,0.262486,0.360734
10718,0.244594,0.377634
10719,0.244594,0.377634
10720,0.244594,0.377634
10721,0.211613,0.35353
10722,0.230451,0.359314
10723,0.248052,0.340075
10724,0.248052,0.340075
10725,0.198717,0.428979
10726,0.198717,0.428979
10727,0.210888,0.420312
10728,0.192994,0.391021
10729,0.211144,0.417934
10730,0.215987,0.386743
10731,0.184602,0.41389
10732,0.192947,0.387359
10733,0.241765,0.354921
10734,0.241765,0.354921
10735,0.225237,0.389858
10736,0.233384,0.445841
10737,0.198962,0.409091
10738,0.163495,0.476463
10739,0.174332,0.491419
10740,0.174332,0.491419
10741,0.207208,0.468488
10742,0.207208,0.468488
10743,0.197689,0.506553
10744,0.189366,0.462189
10745,0.210302,0.477511
10746,0.210302,0.477511
10747,0.210302,0.477511
10748,0.223061,0.488942
10749,0.200703,0.397822
10750,0.219346,0.393689
10751,0.223891,0.308547
10752,0.213674,0.374834
10753,0.213674,0.374834
10754,0.246482,0.417911
10755,0.246482,0.417911
10756,0.234007,0.31772
10757,0.192458,0.41632
10758,0.213829,0.366084
10759,0.213829,0.366084
10760,0.199521,0.382278
10761,0.199521,0.382278
10762,0.199521,0.382278
10763,0.225638,0.399433
10764,0.223327,0.343502
10765,0.243213,0.326663
10766,0.243213,0.326663
10767,0.220306,0.31131
10768,0.229353,0.29146
10769,0.240465,0.294202
10770,0.240465,0.294202
10771,0.286468,0.379407
10772,0.286468,0.379407
10773,0.241216,0.334685
10774,0.231793,0.359656
10775,0.249724,0.347763
10776,0.306504,0.421259
10777,0.307193,0.46396
10778,0.357664,0.417313
10779,0.357664,0.417313
10780,0.37777,0.419165
10781,0.37777,0.419165
10782,0.37777,0.419165
10783,0.367764,0.43
10784,0.368453,0.450669
10785,0.335896,0.464092
10786,0.346381,0.484938
10787,0.326746,0.495119
10788,0.334969,0.569
10789,0.383089,0.624861
10790,0.383089,0.624861
10791,0.383089,0.624861
10792,0.364576,0.49481
10793,0.390605,0.363135
10794,0.390605,0.363135
10795,0.256982,0.3998
10796,0.256982,0.3998
10797,0.334658,0.406876
10798,0.242892,0.373113
10799,0.281431,0.354879
10800,0.233608,0.393673
10801,0.253921,0.446467
10802,0.239853,0.383114
10803,0.272356,0.381452
10804,0.291044,0.388992
10805,0.291044,0.388992
10806,0.31756,0.331035
10807,0.31756,0.331035
10808,0.31756,0.331035
10809,0.268738,0.325674
10810,0.270952,0.343705
10811,0.253069,0.319465
10812,0.253069,0.319465
10813,0.263642,0.304721
10814,0.263642,0.304721
10815,0.283967,0.342053
10816,0.291842,0.320117
10817,0.303883,0.302416
10818,0.283652,0.263438
10819,0.283652,0.263438
10820,0.276432,0.327511
10821,0.307726,0.352459
10822,0.332205,0.317928
10823,0.300994,0.317611
10824,0.319051,0.335952
10825,0.319051,0.335952
10826,0.324101,0.355035
10827,0.348682,0.304139
10828,0.399957,0.367548
10829,0.399957,0.367548
10830,0.399957,0.367548
10831,0.399957,0.367548
10832,0.372336,0.409045
10833,0.375716,0.359761
10834,0.409625,0.382699
10835,0.391094,0.360768
10836,0.402786,0.387503
10837,0.428167,0.352836
10838,0.40852,0.38074
10839,0.400367,0.371813
10840,0.400367,0.371813
10841,0.358018,0.332054
10842,0.411795,0.301037
10843,0.37782,0.203756
10844,0.37782,0.203756
10845,0.396324,0.235109
10846,0.396324,0.235109
10847,0.396324,0.235109
10848,0.37187,0.223217
10849,0.28259,0.230116
10850,0.28259,0.230116
10851,0.370684,0.2376
10852,0.370684,0.2376
10853,0.370684,0.2376
10854,0.370684,0.2376
10855,0.370629,0.216708
10856,0.400776,0.186503
10857,0.398921,0.220104
10858,0.415629,0.241319
10859,0.415629,0.241319
10860,0.429368,0.206415
10861,0.390241,0.233335
10862,0.379687,0.203693
10863,0.442861,0.148652
10864,0.432238,0.0439254
10865,0.39294,0.0652177
10866,0.404335,0.0682098
10867,0.369494,0.0649975
10868,0.359865,0.0843897
10869,0.401945,0.0988147
10870,0.375639,0.11175
10871,0.42486,0.129459
10872,0.42486,0.129459
10873,0.465188,0.128219
10874,0.408546,0.16018
10875,0.503714,0.145101
10876,0.503714,0.145101
10877,0.512919,0.119336
10878,0.446004,0.0949772
10879,0.52879,0.183881
10880,0.536243,0.19517
10881,0.58124,0.162555
10882,0.569523,0.152995
10883,0.4432,0.107181
10884,0.406199,0.111539
10885,0.406199,0.111539
10886,0.406199,0.111539
10887,0.440372,0.148047
10888,0.377939,0.198197
10889,0.377939,0.198197
10890,0.391101,0.197381
10891,0.396164,0.133405
10892,0.386319,0.116008
10893,0.348255,0.112076
10894,0.353202,0.0883616
10895,0.353202,0.0883616
10896,0.369741,0.0544642
10897,0.376509,0.0723052
10898,0.442505,0.099077
10899,0.50821,0.1241
10900,0.50821,0.1241
10901,0.50821,0.1241
10902,0.534516,0.159229
10903,0.534516,0.159229
10904,0.42029,0.143713
10905,0.38736,0.162503
10906,0.497307,0.195759
10907,0.4484,0.245249
10908,0.434005,0.14547
10909,0.388304,0.192324
10910,0.362374,0.188366
10911,0.362374,0.188366
10912,0.343156,0.156498
10913,0.343156,0.156498
10914,0.343156,0.156498
10915,0.383693,0.134706
10916,0.377697,0.1206
10917,0.377697,0.1206
10918,0.396195,0.134896
10919,0.39158,0.12991
10920,0.39158,0.12991
10921,0.405831,0.092298
10922,0.404684,0.100017
10923,0.424459,0.105802
10924,0.424459,0.105802
10925,0.424459,0.105802
10926,0.400645,0.0836763
10927,0.342055,0.0642971
10928,0.358676,0.0465936
10929,0.343724,0.0583962
10930,0.31193,0.0671381
10931,0.31193,0.0671381
10932,0.31193,0.0671381
10933,0.308816,0.0389715
10934,0.289708,0.0620996
10935,0.300326,0.0610021
10936,0.34998,0.0321651
10937,0.354496,0.0487042
10938,0.426696,0.028184
10939,0.384754,0.0354495
10940,0.349154,0.0161895
10941,0.349154,0.0161895
10942,0.38311,0.0519096
10943,0.42152,0.125736
10944,0.4082,0.125035
10945,0.4082,0.125035
10946,0.387578,0.129196
10947,0.399977,0.137144
10948,0.411252,0.109983
10949,0.411252,0.109983
10950,0.400303,0.113976
10951,0.364442,0.115493
10952,0.383132,0.0922192
10953,0.312057,0.17858
10954,0.352317,0.160991
10955,0.335095,0.128065
10956,0.335095,0.128065
10957,0.339874,0.134539
10958,0.339874,0.134539
10959,0.338288,0.149107
10960,0.369867,0.160085
10961,0.369867,0.160085
10962,0.375151,0.117374
10963,0.376237,0.0540219
10964,0.392847,0.0602433
10965,0.446791,0.0700038
10966,0.449236,0.0742928
10967,0.468955,0.108043
10968,0.428759,0.0972471
10969,0.459565,0.0841514
10970,0.447572,0.110202
10971,0.447572,0.110202
10972,0.447572,0.110202
10973,0.395969,0.109678
10974,0.424023,0.119334
10975,0.354586,0.098905
10976,0.354586,0.098905
10977,0.310649,0.120208
10978,0.303996,0.134894
10979,0.291891,0.123048
10980,0.293949,0.134466
10981,0.348789,0.132027
10982,0.287743,0.143524
10983,0.287743,0.143524
10984,0.287743,0.143524
10985,0.273468,0.139608
10986,0.273468,0.139608
10987,0.242709,0.160434
10988,0.242709,0.160434
10989,0.27791,0.199646
10990,0.252985,0.189941
10991,0.252985,0.189941
10992,0.275446,0.195476
10993,0.313463,0.185544
10994,0.283995,0.157039
10995,0.283995,0.157039
10996,0.283995,0.157039
10997,0.322051,0.12829
10998,0.317533,0.112649
10999,0.380442,0.129924
11000,0.332284,0.118564
11001,0.332284,0.118564
11002,0.291548,0.125583
11003,0.339541,0.103941
11004,0.291989,0.156204
11005,0.257841,0.139565
11006,0.247579,0.116724
11007,0.253194,0.116295
11008,0.267126,0.137696
11009,0.267126,0.137696
11010,0.267126,0.137696
11011,0.254914,0.138064
11012,0.22255,0.140514
11013,0.234066,0.143902
11014,0.234066,0.143902
11015,0.234066,0.143902
11016,0.234066,0.143902
11017,0.234066,0.143902
11018,0.182689,0.0967317
11019,0.197162,0.105691
11020,0.194785,0.125728
11021,0.191493,0.0586445
11022,0.216152,0.101754
11023,0.248267,0.111393
11024,0.221852,0.12179
11025,0.243124,0.117502
11026,0.265404,0.0976215
11027,0.265404,0.0976215
11028,0.265404,0.0976215
11029,0.299327,0.0607642
11030,0.271923,0.0713999
11031,0.277127,0.0886151
11032,0.277127,0.0886151
11033,0.288662,0.0778661
11034,0.275051,0.0839646
11035,0.275051,0.0839646
11036,0.310116,0.0764682
11037,0.310116,0.0764682
11038,0.294223,0.0860608
11039,0.294223,0.0860608
11040,0.311392,0.114396
11041,0.311392,0.114396
11042,0.311392,0.114396
11043,0.30792,0.123471
11044,0.278641,0.177502
11045,0.278641,0.177502
11046,0.276233,0.165761
11047,0.285371,0.140827
11048,0.298003,0.12647
11049,0.295428,0.130145
11050,0.335249,0.0843848
11051,0.270665,0.0884352
11052,0.332396,0.0985471
11053,0.32762,0.0866971
11054,0.373532,0.0395459
11055,0.408218,0.0644933
11056,0.408218,0.0644933
11057,0.399852,0.0833088
11058,0.363357,0.134804
11059,0.388764,0.143111
11060,0.389981,0.139943
11061,0.367079,0.122482
11062,0.367079,0.122482
11063,0.36962,0.149867
11064,0.437836,0.127208
11065,0.386393,0.152893
11066,0.386393,0.152893
11067,0.446643,0.158024
11068,0.446643,0.158024
11069,0.400544,0.149091
11070,0.400544,0.149091
11071,0.400544,0.149091
11072,0.400544,0.149091
11073,0.400544,0.149091
11074,0.437163,0.145839
11075,0.38748,0.132193
11076,0.378558,0.168218
11077,0.353085,0.161333
11078,0.296972,0.175013
11079,0.345393,0.190969
11080,0.353783,0.217091
11081,0.349317,0.223872
11082,0.349317,0.223872
11083,0.349317,0.223872
11084,0.223501,0.221905
11085,0.252966,0.210011
11086,0.200919,0.216053
11087,0.200919,0.216053
11088,0.257455,0.224111
11089,0.257455,0.224111
11090,0.22046,0.265646
11091,0.22046,0.265646
11092,0.22046,0.265646
11093,0.251587,0.26939
11094,0.265627,0.265793
11095,0.186443,0.269621
11096,0.200563,0.29803
11097,0.17162,0.287179
11098,0.183704,0.293927
11099,0.143228,0.322317
11100,0.143228,0.322317
11101,0.143228,0.322317
11102,0.135497,0.320768
11103,0.172088,0.313846
11104,0.198206,0.328489
11105,0.198206,0.328489
11106,0.135082,0.337139
11107,0.198415,0.34605
11108,0.155139,0.349751
11109,0.155139,0.349751
11110,0.133913,0.310122
11111,0.122209,0.277997
11112,0.107318,0.284745
11113,0.141676,0.28058
11114,0.141676,0.28058
11115,0.141676,0.28058
11116,0.125538,0.389043
11117,0.153113,0.370776
11118,0.14454,0.313243
11119,0.133624,0.316741
11120,0.113766,0.324305
11121,0.113766,0.324305
11122,0.113766,0.324305
11123,0.113766,0.324305
11124,0.11749,0.302094
11125,0.124482,0.311239
11126,0.137359,0.317352
11127,0.113767,0.305306
11128,0.151358,0.319346
11129,0.151358,0.319346
11130,0.151358,0.319346
11131,0.18407,0.276504
11132,0.213557,0.300275
11133,0.240794,0.303933
11134,0.28893,0.298839
11135,0.28893,0.298839
11136,0.281283,0.319359
11137,0.281283,0.319359
11138,0.207263,0.314815
11139,0.203666,0.303164
11140,0.203666,0.303164
11141,0.203666,0.303164
11142,0.268592,0.282825
11143,0.301825,0.277473
11144,0.221577,0.316777
11145,0.342014,0.321313
11146,0.332212,0.333962
11147,0.332212,0.333962
11148,0.367815,0.371192
11149,0.318553,0.380856
11150,0.311231,0.391995
11151,0.267303,0.354596
11152,0.267303,0.354596
11153,0.319975,0.337488
11154,0.252935,0.376193
11155,0.271946,0.370623
11156,0.232161,0.371137
11157,0.232161,0.371137
11158,0.271675,0.382646
11159,0.254823,0.378004
11160,0.266903,0.34074
11161,0.259078,0.378759
11162,0.288855,0.380902
11163,0.30613,0.324576
11164,0.30613,0.324576
11165,0.259631,0.319617
11166,0.304409,0.283565
11167,0.311627,0.331398
11168,0.307182,0.415829
11169,0.307182,0.415829
11170,0.279681,0.432473
11171,0.311747,0.400714
11172,0.291875,0.370159
11173,0.275505,0.366264
11174,0.275505,0.366264
11175,0.333103,0.315353
11176,0.28705,0.303512
11177,0.276049,0.294761
11178,0.258185,0.227605
11179,0.27247,0.261885
11180,0.299125,0.247126
11181,0.244026,0.299598
11182,0.25649,0.292277
11183,0.295921,0.198883
11184,0.295921,0.198883
11185,0.321754,0.233545
11186,0.352734,0.218199
11187,0.303698,0.314174
11188,0.361194,0.298993
11189,0.421822,0.255794
11190,0.419287,0.274309
11191,0.391584,0.298451
11192,0.413026,0.262134
11193,0.413026,0.262134
11194,0.495114,0.280907
11195,0.560092,0.248655
11196,0.533804,0.249033
11197,0.557231,0.234408
11198,0.610322,0.327257
11199,0.533324,0.287506
11200,0.496779,0.281737
11201,0.534696,0.259893
11202,0.534696,0.259893
11203,0.539048,0.23664
11204,0.539048,0.23664
11205,0.539048,0.23664
11206,0.538903,0.266941
11207,0.538903,0.266941
11208,0.506033,0.220036
11209,0.456356,0.202778
11210,0.46114,0.161238
11211,0.445785,0.145358
11212,0.445785,0.145358
11213,0.474037,0.211504
11214,0.407384,0.187333
11215,0.472217,0.162009
11216,0.470976,0.143372
11217,0.525379,0.148748
11218,0.556039,0.150464
11219,0.582193,0.192971
11220,0.536205,0.191203
11221,0.585647,0.206906
11222,0.585647,0.206906
11223,0.609918,0.210521
11224,0.566631,0.225302
11225,0.562842,0.262694
11226,0.593466,0.217215
11227,0.577669,0.241235
11228,0.577669,0.241235
11229,0.569793,0.269007
11230,0.569793,0.269007
11231,0.577182,0.28078
11232,0.620118,0.265599
11233,0.620118,0.265599
11234,0.620118,0.265599
11235,0.650337,0.267275
11236,0.587356,0.249418
11237,0.587356,0.249418
11238,0.58046,0.216466
11239,0.58046,0.216466
11240,0.499548,0.251508
11241,0.518652,0.225697
11242,0.518652,0.225697
11243,0.518652,0.225697
11244,0.504654,0.276612
11245,0.504654,0.276612
11246,0.479212,0.262644
11247,0.545528,0.263072
11248,0.506274,0.316192
11249,0.500447,0.267262
11250,0.407854,0.306818
11251,0.427856,0.285978
11252,0.383631,0.327589
11253,0.318387,0.318026
11254,0.318387,0.318026
11255,0.318387,0.318026
11256,0.37612,0.303486
11257,0.349821,0.311674
11258,0.372598,0.306605
11259,0.382481,0.333469
11260,0.369847,0.265997
11261,0.329469,0.271763
11262,0.321569,0.33113
11263,0.321569,0.33113
11264,0.364761,0.385256
11265,0.364761,0.385256
11266,0.364761,0.385256
11267,0.364761,0.385256
11268,0.364761,0.385256
11269,0.371966,0.304229
11270,0.371966,0.304229
11271,0.371966,0.304229
11272,0.450793,0.313882
11273,0.383583,0.260446
11274,0.449734,0.270989
11275,0.450836,0.268039
11276,0.450836,0.268039
11277,0.492171,0.281109
11278,0.475897,0.275198
11279,0.526119,0.26685
11280,0.556998,0.226813
11281,0.586513,0.208144
11282,0.586513,0.208144
11283,0.494076,0.203164
11284,0.475002,0.210314
11285,0.475002,0.210314
11286,0.475002,0.210314
11287,0.475002,0.210314
11288,0.475002,0.210314
11289,0.466768,0.195774
11290,0.479001,0.218171
11291,0.479001,0.218171
11292,0.489691,0.232971
11293,0.440169,0.235371
11294,0.504974,0.235391
11295,0.440421,0.267964
11296,0.440421,0.267964
11297,0.43506,0.234269
11298,0.468247,0.286506
11299,0.414957,0.293033
11300,0.414957,0.293033
11301,0.414957,0.293033
11302,0.389431,0.269473
11303,0.396455,0.241671
11304,0.396455,0.241671
11305,0.359311,0.275434
11306,0.335614,0.278349
11307,0.32793,0.300205
11308,0.402209,0.264674
11309,0.382592,0.222161
11310,0.382592,0.222161
11311,0.382592,0.222161
11312,0.36404,0.270827
11313,0.36404,0.270827
11314,0.36404,0.270827
11315,0.36404,0.270827
11316,0.371471,0.343157
11317,0.342953,0.30935
11318,0.321494,0.325241
11319,0.433186,0.333908
11320,0.431029,0.361151
11321,0.431029,0.361151
11322,0.431029,0.361151
11323,0.415856,0.393065
11324,0.42435,0.359341
11325,0.438404,0.382701
11326,0.366799,0.371602
11327,0.318429,0.35311
11328,0.325978,0.391061
11329,0.302782,0.431448
11330,0.317997,0.356743
11331,0.272325,0.367485
11332,0.272325,0.367485
11333,0.304439,0.357033
11334,0.304439,0.357033
11335,0.234229,0.445968
11336,0.289208,0.377304
11337,0.277022,0.394227
11338,0.219351,0.418665
11339,0.237945,0.416564
11340,0.269475,0.437537
11341,0.218915,0.500953
11342,0.218915,0.500953
11343,0.163232,0.482918
11344,0.163232,0.482918
11345,0.224846,0.51445
11346,0.240354,0.456912
11347,0.243523,0.419576
11348,0.243523,0.419576
11349,0.260163,0.346245
11350,0.199072,0.410477
11351,0.199072,0.410477
11352,0.231057,0.400651
11353,0.338552,0.304081
11354,0.367297,0.301844
11355,0.407156,0.313547
11356,0.397402,0.310137
11357,0.403663,0.280074
11358,0.422181,0.278573
11359,0.400984,0.335873
11360,0.400984,0.335873
11361,0.406562,0.309286
11362,0.46166,0.289973
11363,0.404251,0.294465
11364,0.404251,0.294465
11365,0.367102,0.333081
11366,0.336648,0.360102
11367,0.336648,0.360102
11368,0.358178,0.387674
11369,0.285917,0.414121
11370,0.285917,0.414121
11371,0.24738,0.386755
11372,0.24738,0.386755
11373,0.251696,0.344904
11374,0.290189,0.384669
11375,0.275711,0.396841
11376,0.302523,0.426971
11377,0.302523,0.426971
11378,0.336909,0.379843
11379,0.336909,0.379843
11380,0.334489,0.319985
11381,0.338055,0.286629
11382,0.289032,0.358782
11383,0.299806,0.3595
11384,0.288784,0.412012
11385,0.288784,0.412012
11386,0.250994,0.382397
11387,0.250994,0.382397
11388,0.231032,0.400437
11389,0.328518,0.460334
11390,0.34996,0.390651
11391,0.315396,0.391437
11392,0.315396,0.391437
11393,0.305631,0.380802
11394,0.302371,0.378892
11395,0.258142,0.404849
11396,0.301037,0.456607
11397,0.357091,0.392282
11398,0.396574,0.352929
11399,0.396574,0.352929
11400,0.453615,0.336833
11401,0.398237,0.327639
11402,0.398237,0.327639
11403,0.411559,0.240696
11404,0.411559,0.240696
11405,0.421102,0.27052
11406,0.457562,0.281329
11407,0.457562,0.281329
11408,0.431704,0.310688
11409,0.493217,0.352026
11410,0.487001,0.394755
11411,0.379875,0.390686
11412,0.379875,0.390686
11413,0.379875,0.390686
11414,0.402139,0.299223
11415,0.32569,0.239101
11416,0.375047,0.236537
11417,0.36176,0.191523
11418,0.368995,0.167105
11419,0.368995,0.167105
11420,0.422571,0.248503
11421,0.422571,0.248503
11422,0.422571,0.248503
11423,0.443061,0.25031
11424,0.433671,0.250428
11425,0.433671,0.250428
11426,0.433671,0.250428
11427,0.379277,0.233854
11428,0.379277,0.233854
11429,0.379129,0.3064
11430,0.39292,0.328254
11431,0.383205,0.312709
11432,0.373315,0.42344
11433,0.409605,0.316922
11434,0.372964,0.248889
11435,0.395639,0.260874
11436,0.363813,0.212267
11437,0.363813,0.212267
11438,0.363813,0.212267
11439,0.350165,0.178452
11440,0.343459,0.231172
11441,0.353615,0.280482
11442,0.353615,0.280482
11443,0.290847,0.213436
11444,0.274414,0.288564
11445,0.274414,0.288564
11446,0.238823,0.292181
11447,0.245326,0.218667
11448,0.314818,0.213606
11449,0.337119,0.171894
11450,0.374682,0.185483
11451,0.371586,0.13359
11452,0.371586,0.13359
11453,0.41315,0.213842
11454,0.41315,0.213842
11455,0.374711,0.187947
11456,0.409181,0.265324
11457,0.409181,0.265324
11458,0.397838,0.278226
11459,0.397838,0.278226
11460,0.36243,0.288185
11461,0.365629,0.269628
11462,0.400589,0.283284
11463,0.403874,0.289529
11464,0.502355,0.311528
11465,0.478129,0.300353
11466,0.478129,0.300353
11467,0.407896,0.294552
11468,0.420421,0.293006
11469,0.349349,0.312748
11470,0.333379,0.329635
11471,0.333379,0.329635
11472,0.333379,0.329635
11473,0.373294,0.309338
11474,0.343567,0.285166
11475,0.343567,0.285166
11476,0.414132,0.221827
11477,0.414132,0.221827
11478,0.414132,0.221827
11479,0.393961,0.269977
11480,0.436503,0.219913
11481,0.436503,0.219913
11482,0.436503,0.219913
11483,0.483573,0.269408
11484,0.483573,0.269408
11485,0.356271,0.25718
11486,0.390638,0.254418
11487,0.45649,0.256716
11488,0.364533,0.256443
11489,0.364533,0.256443
11490,0.502769,0.289809
11491,0.443377,0.323972
11492,0.443377,0.323972
11493,0.443377,0.323972
11494,0.443377,0.323972
11495,0.408231,0.304238
11496,0.487098,0.295286
11497,0.431337,0.292317
11498,0.373257,0.243358
11499,0.443799,0.326088
11500,0.443799,0.326088
11501,0.397573,0.313375
11502,0.397573,0.313375
11503,0.408261,0.31307
11504,0.345994,0.30252
11505,0.345994,0.30252
11506,0.345994,0.30252
11507,0.345994,0.30252
11508,0.349227,0.329348
11509,0.350919,0.300387
11510,0.354032,0.352981
11511,0.371779,0.362127
11512,0.312872,0.376042
11513,0.261201,0.364608
11514,0.261201,0.364608
11515,0.278981,0.409577
11516,0.283966,0.332335
11517,0.271101,0.344654
11518,0.291661,0.303084
11519,0.310071,0.287118
11520,0.280588,0.259886
11521,0.347858,0.252123
11522,0.33966,0.2714
11523,0.365782,0.233558
11524,0.406588,0.247639
11525,0.345687,0.302656
11526,0.345687,0.302656
11527,0.361434,0.294278
11528,0.362187,0.250727
11529,0.390658,0.265799
11530,0.390658,0.265799
11531,0.425129,0.272327
11532,0.413802,0.235465
11533,0.413802,0.235465
11534,0.405834,0.216971
11535,0.488811,0.226195
11536,0.398761,0.249119
11537,0.506642,0.227788
11538,0.506642,0.227788
11539,0.444245,0.213795
11540,0.418492,0.228152
11541,0.418492,0.228152
11542,0.418492,0.228152
11543,0.434403,0.229735
11544,0.515586,0.232626
11545,0.54255,0.2128
11546,0.576035,0.234877
11547,0.446734,0.224551
11548,0.429287,0.248485
11549,0.439336,0.296436
11550,0.486622,0.306941
11551,0.43134,0.296444
11552,0.412846,0.31647
11553,0.412846,0.31647
11554,0.412846,0.31647
11555,0.439249,0.295502
11556,0.439249,0.295502
11557,0.439249,0.295502
11558,0.439249,0.295502
11559,0.448166,0.324776
11560,0.448166,0.324776
11561,0.364199,0.305882
11562,0.372351,0.31278
11563,0.308411,0.313856
11564,0.323744,0.311533
11565,0.366163,0.310025
11566,0.330962,0.309676
11567,0.33468,0.395834
11568,0.393626,0.379801
11569,0.3796,0.419717
11570,0.399408,0.424153
11571,0.421012,0.374167
11572,0.443935,0.348994
11573,0.443935,0.348994
11574,0.394439,0.375856
11575,0.394439,0.375856
11576,0.394439,0.375856
11577,0.460531,0.312902
11578,0.469073,0.294523
11579,0.452498,0.302252
11580,0.453022,0.371985
11581,0.517614,0.405009
11582,0.481932,0.40574
11583,0.481932,0.40574
11584,0.48787,0.388331
11585,0.537586,0.465286
11586,0.525302,0.440106
11587,0.484592,0.423061
11588,0.484592,0.423061
11589,0.40388,0.371084
11590,0.373222,0.420446
11591,0.373222,0.420446
11592,0.357103,0.323687
11593,0.357103,0.323687
11594,0.355828,0.310466
11595,0.355828,0.310466
11596,0.353087,0.310144
11597,0.398059,0.334463
11598,0.425376,0.388795
11599,0.502718,0.376798
11600,0.502718,0.376798
11601,0.502718,0.376798
11602,0.454064,0.330599
11603,0.417458,0.361657
11604,0.417458,0.361657
11605,0.417458,0.361657
11606,0.405013,0.390769
11607,0.443059,0.333239
11608,0.452526,0.342322
11609,0.490138,0.312059
11610,0.42869,0.412283
11611,0.515659,0.330532
11612,0.476857,0.32074
11613,0.476857,0.32074
11614,0.487021,0.344592
11615,0.537671,0.312085
11616,0.447514,0.332242
11617,0.459662,0.373875
11618,0.394745,0.452039
11619,0.394745,0.452039
11620,0.394745,0.452039
11621,0.394745,0.452039
11622,0.382075,0.36326
11623,0.382075,0.36326
11624,0.385083,0.322871
11625,0.3773,0.371149
11626,0.397555,0.411931
11627,0.386349,0.345934
11628,0.386349,0.345934
11629,0.357769,0.325253
11630,0.369734,0.314458
11631,0.333261,0.280313
11632,0.316338,0.314667
11633,0.276826,0.327211
11634,0.297748,0.350462
11635,0.297748,0.350462
11636,0.350802,0.361311
11637,0.350802,0.361311
11638,0.378214,0.355268
11639,0.322791,0.376831
11640,0.360699,0.356235
11641,0.355754,0.327044
11642,0.325774,0.374594
11643,0.325774,0.374594
11644,0.303502,0.372763
11645,0.303502,0.372763
11646,0.303502,0.372763
11647,0.360634,0.380858
11648,0.337473,0.37562
11649,0.337644,0.389974
11650,0.344271,0.331334
11651,0.344271,0.331334
11652,0.367093,0.403269
11653,0.367093,0.403269
11654,0.335081,0.36275
11655,0.338425,0.426455
11656,0.274372,0.374754
11657,0.274372,0.374754
11658,0.274372,0.374754
11659,0.295836,0.449305
11660,0.265524,0.493617
11661,0.228328,0.453659
11662,0.304944,0.476962
11663,0.333665,0.529419
11664,0.333665,0.529419
11665,0.346822,0.553841
11666,0.307841,0.519163
11667,0.265354,0.488376
11668,0.250103,0.412023
11669,0.311349,0.507653
11670,0.311349,0.507653
11671,0.309585,0.486963
11672,0.309585,0.486963
11673,0.309585,0.486963
11674,0.273527,0.495712
11675,0.285633,0.476083
11676,0.308425,0.474747
11677,0.308425,0.474747
11678,0.261878,0.528989
11679,0.321752,0.450644
11680,0.351174,0.487977
11681,0.351174,0.487977
11682,0.427392,0.464482
11683,0.422799,0.49116
11684,0.422799,0.49116
11685,0.511321,0.518137
11686,0.511321,0.518137
11687,0.5146,0.456854
11688,0.470405,0.511444
11689,0.509146,0.394561
11690,0.509146,0.394561
11691,0.466608,0.382076
11692,0.505579,0.388916
11693,0.505579,0.388916
11694,0.528704,0.372468
11695,0.516621,0.370703
11696,0.49087,0.341825
11697,0.49087,0.341825
11698,0.498725,0.368483
11699,0.431273,0.36869
11700,0.459031,0.37957
11701,0.459031,0.37957
11702,0.459031,0.37957
11703,0.35525,0.397369
11704,0.383113,0.448933
11705,0.399664,0.402281
11706,0.35871,0.410684
11707,0.35871,0.410684
11708,0.344348,0.447132
11709,0.372696,0.476704
11710,0.375518,0.390959
11711,0.339318,0.367015
11712,0.339318,0.367015
11713,0.384553,0.325886
11714,0.375868,0.326993
11715,0.331764,0.322218
11716,0.331764,0.322218
11717,0.34086,0.392596
11718,0.364351,0.288733
11719,0.434728,0.346352
11720,0.396743,0.448133
11721,0.396743,0.448133
11722,0.432502,0.453751
11723,0.389693,0.394567
11724,0.389693,0.394567
11725,0.380574,0.380507
11726,0.352307,0.398927
11727,0.337146,0.434395
11728,0.308751,0.454081
11729,0.308751,0.454081
11730,0.272992,0.41461
11731,0.271491,0.518565
11732,0.253475,0.52561
11733,0.253475,0.52561
11734,0.228484,0.488918
11735,0.242379,0.515862
11736,0.24367,0.565302
11737,0.203122,0.508501
11738,0.257057,0.528209
11739,0.257741,0.448802
11740,0.257741,0.448802
11741,0.258552,0.490022
11742,0.289197,0.380787
11743,0.281944,0.367227
11744,0.313142,0.337719
11745,0.313142,0.337719
11746,0.313142,0.337719
11747,0.357688,0.416293
11748,0.385862,0.33237
11749,0.382046,0.374543
11750,0.382046,0.374543
11751,0.40628,0.328072
11752,0.431532,0.284271
11753,0.408162,0.283984
11754,0.399501,0.303924
11755,0.437997,0.280799
11756,0.409058,0.320367
11757,0.409058,0.320367
11758,0.401896,0.353048
11759,0.394334,0.310712
11760,0.394334,0.310712
11761,0.407317,0.323806
11762,0.407317,0.323806
11763,0.386125,0.312402
11764,0.430658,0.259432
11765,0.433507,0.193686
11766,0.448883,0.18158
11767,0.507549,0.192987
11768,0.507549,0.192987
11769,0.507549,0.192987
11770,0.508229,0.161784
11771,0.449332,0.135622
11772,0.449332,0.135622
11773,0.372592,0.185629
11774,0.325916,0.195034
11775,0.325916,0.195034
11776,0.2614,0.19803
11777,0.277506,0.179783
11778,0.325279,0.180565
11779,0.320377,0.119403
11780,0.375333,0.106549
11781,0.375333,0.106549
11782,0.299957,0.143561
11783,0.343348,0.191997
11784,0.331283,0.156017
11785,0.331283,0.156017
11786,0.331283,0.156017
11787,0.301047,0.130479
11788,0.301047,0.130479
11789,0.367397,0.177702
11790,0.422983,0.168903
11791,0.360251,0.19171
11792,0.360251,0.19171
11793,0.393907,0.158954
11794,0.436349,0.0937804
11795,0.436349,0.0937804
11796,0.438242,0.175572
11797,0.436468,0.170569
11798,0.514662,0.23291
11799,0.584643,0.217716
11800,0.563706,0.228375
11801,0.504003,0.283326
11802,0.504003,0.283326
11803,0.479789,0.237991
11804,0.479789,0.237991
11805,0.479789,0.237991
11806,0.479789,0.237991
11807,0.442136,0.26351
11808,0.420911,0.266581
11809,0.420911,0.266581
11810,0.43716,0.379248
11811,0.410364,0.348418
11812,0.410364,0.348418
11813,0.410364,0.348418
11814,0.442739,0.34378
11815,0.39518,0.319968
11816,0.34904,0.300584
11817,0.38738,0.2167
11818,0.385672,0.258137
11819,0.436698,0.269988
11820,0.376209,0.309944
11821,0.434708,0.321268
11822,0.466553,0.292209
11823,0.466553,0.292209
11824,0.44487,0.364532
11825,0.492116,0.307082
11826,0.447829,0.267442
11827,0.521727,0.263063
11828,0.480265,0.262674
11829,0.430014,0.288296
11830,0.367885,0.336015
11831,0.33612,0.303997
11832,0.373364,0.26538
11833,0.373364,0.26538
11834,0.349191,0.309692
11835,0.379899,0.30932
11836,0.374726,0.281974
11837,0.366658,0.345637
11838,0.366658,0.345637
11839,0.337867,0.307622
11840,0.337867,0.307622
11841,0.28944,0.36082
11842,0.28944,0.36082
11843,0.346026,0.324596
11844,0.361388,0.340672
11845,0.361388,0.340672
11846,0.403465,0.351314
11847,0.41683,0.277805
11848,0.393568,0.303833
11849,0.464021,0.266471
11850,0.380209,0.263819
11851,0.388445,0.258037
11852,0.388445,0.258037
11853,0.388445,0.258037
11854,0.380636,0.296509
11855,0.324732,0.299221
11856,0.324732,0.299221
11857,0.320226,0.290209
11858,0.299698,0.271763
11859,0.338877,0.297764
11860,0.308295,0.340866
11861,0.399128,0.308255
11862,0.399128,0.308255
11863,0.449062,0.306691
11864,0.432896,0.262515
11865,0.426281,0.330423
11866,0.426281,0.330423
11867,0.437801,0.357991
11868,0.439337,0.323008
11869,0.423265,0.348861
11870,0.423265,0.348861
11871,0.379711,0.329022
11872,0.352412,0.368763
11873,0.369476,0.437025
11874,0.369476,0.437025
11875,0.370616,0.43825
11876,0.337394,0.391869
11877,0.365858,0.486046
11878,0.333778,0.479779
11879,0.346901,0.508472
11880,0.318181,0.456073
11881,0.3121,0.460665
11882,0.269863,0.502915
11883,0.269863,0.502915
11884,0.295791,0.538465
11885,0.264973,0.501524
11886,0.272356,0.517263
11887,0.326265,0.44431
11888,0.351877,0.454983
11889,0.397355,0.531033
11890,0.368664,0.458331
11891,0.306424,0.478929
11892,0.310987,0.392895
11893,0.388544,0.380012
11894,0.388544,0.380012
11895,0.388544,0.380012
11896,0.344811,0.393223
11897,0.419944,0.371716
11898,0.419944,0.371716
11899,0.384668,0.35235
11900,0.369254,0.311659
11901,0.389161,0.311085
11902,0.422737,0.299667
11903,0.422737,0.299667
11904,0.473244,0.318405
11905,0.401931,0.33517
11906,0.341448,0.338179
11907,0.347197,0.331892
11908,0.355644,0.363416
11909,0.355644,0.363416
11910,0.314859,0.353656
11911,0.319431,0.372634
11912,0.307207,0.376219
11913,0.35907,0.419563
11914,0.35907,0.419563
11915,0.35907,0.419563
11916,0.35907,0.419563
11917,0.35907,0.419563
11918,0.35907,0.419563
11919,0.405761,0.392657
11920,0.415064,0.444249
11921,0.415064,0.444249
11922,0.422282,0.425865
11923,0.404795,0.346277
11924,0.323544,0.444278
11925,0.275474,0.453619
11926,0.259924,0.484396
11927,0.288284,0.491072
11928,0.2979,0.52931
11929,0.2979,0.52931
11930,0.2979,0.52931
11931,0.308898,0.617858
11932,0.335521,0.593667
11933,0.335521,0.593667
11934,0.277249,0.598146
11935,0.25013,0.502769
11936,0.25013,0.502769
11937,0.262625,0.529578
11938,0.286302,0.548098
11939,0.286302,0.548098
11940,0.299445,0.512236
11941,0.249898,0.500865
11942,0.247626,0.434372
11943,0.244078,0.478037
11944,0.261306,0.445541
11945,0.261306,0.445541
11946,0.253882,0.47071
11947,0.227919,0.345889
11948,0.227919,0.345889
11949,0.231489,0.431461
11950,0.262178,0.377664
11951,0.254183,0.402505
11952,0.254183,0.402505
11953,0.254183,0.402505
11954,0.25786,0.35698
11955,0.250534,0.38428
11956,0.289746,0.335729
11957,0.289746,0.335729
11958,0.289746,0.335729
11959,0.223899,0.411662
11960,0.243838,0.423168
11961,0.264189,0.376062
11962,0.24928,0.433124
11963,0.24928,0.433124
11964,0.24928,0.433124
11965,0.28286,0.432839
11966,0.326505,0.37273
11967,0.326505,0.37273
11968,0.326505,0.37273
11969,0.308745,0.353627
11970,0.308745,0.353627
11971,0.398623,0.341394
11972,0.386274,0.346027
11973,0.386274,0.346027
11974,0.386274,0.346027
11975,0.386274,0.346027
11976,0.435097,0.311925
11977,0.376596,0.31582
11978,0.376596,0.31582
11979,0.352329,0.231956
11980,0.376345,0.231263
11981,0.383134,0.313217
11982,0.357555,0.353363
11983,0.358457,0.316638
11984,0.358457,0.316638
11985,0.367942,0.31286
11986,0.367942,0.31286
11987,0.306773,0.407638
11988,0.306773,0.407638
11989,0.295319,0.357245
11990,0.356377,0.40278
11991,0.334818,0.367788
11992,0.255292,0.396515
11993,0.255292,0.396515
11994,0.317974,0.35749
11995,0.317974,0.35749
11996,0.361881,0.399028
11997,0.361881,0.399028
11998,0.361881,0.399028
11999,0.357819,0.402896
12000,0.390893,0.446489
12001,0.390893,0.446489
12002,0.390893,0.446489
12003,0.390893,0.446489
12004,0.390893,0.446489
12005,0.390893,0.446489
12006,0.424148,0.4316
12007,0.38307,0.49203
12008,0.360469,0.463356
12009,0.399162,0.593492
12010,0.390724,0.589588
12011,0.37654,0.423125
12012,0.350242,0.42987
12013,0.350242,0.42987
12014,0.350242,0.42987
12015,0.350242,0.42987
12016,0.336205,0.464307
12017,0.345161,0.383757
12018,0.345161,0.383757
12019,0.388576,0.397874
12020,0.368393,0.343424
12021,0.33748,0.36936
12022,0.31477,0.44097
12023,0.362882,0.414663
12024,0.31209,0.385167
12025,0.272496,0.324075
12026,0.272496,0.324075
12027,0.288861,0.302154
12028,0.354407,0.321047
12029,0.335379,0.276288
12030,0.335379,0.276288
12031,0.359605,0.280579
12032,0.371391,0.280549
12033,0.364834,0.309691
12034,0.358174,0.322607
12035,0.328127,0.307643
12036,0.33076,0.256202
12037,0.389503,0.238363
12038,0.35153,0.262305
12039,0.35153,0.262305
12040,0.335114,0.268041
12041,0.360785,0.280052
12042,0.329568,0.267845
12043,0.357421,0.281822
12044,0.360513,0.250622
12045,0.332989,0.273516
12046,0.312845,0.26567
12047,0.362333,0.302542
12048,0.286544,0.372279
12049,0.301031,0.354479
12050,0.326677,0.381703
12051,0.326677,0.381703
12052,0.351707,0.363025
12053,0.361113,0.360888
12054,0.322273,0.323861
12055,0.308458,0.314306
12056,0.308458,0.314306
12057,0.365915,0.269408
12058,0.363357,0.273893
12059,0.390637,0.26305
12060,0.390637,0.26305
12061,0.438272,0.273929
12062,0.441863,0.31198
12063,0.497694,0.254787
12064,0.488698,0.240275
12065,0.423976,0.276145
12066,0.397614,0.272205
12067,0.397614,0.272205
12068,0.363355,0.278225
12069,0.363355,0.278225
12070,0.435651,0.238577
12071,0.435651,0.238577
12072,0.370373,0.26656
12073,0.334869,0.277817
12074,0.361977,0.249577
12075,0.320627,0.208463
12076,0.32802,0.241399
12077,0.382295,0.239677
12078,0.382295,0.239677
12079,0.374886,0.244982
12080,0.374886,0.244982
12081,0.375263,0.242181
12082,0.355217,0.224969
12083,0.366824,0.235698
12084,0.359795,0.191709
12085,0.370388,0.233493
12086,0.361175,0.236407
12087,0.321226,0.237241
12088,0.293738,0.229371
12089,0.285984,0.214852
12090,0.24803,0.250001
12091,0.235388,0.261828
12092,0.225742,0.326456
12093,0.273273,0.284347
12094,0.225299,0.290869
12095,0.227742,0.289098
12096,0.263732,0.274965
12097,0.296401,0.286972
12098,0.260761,0.270234
12099,0.217287,0.215435
12100,0.20237,0.183672
12101,0.20237,0.183672
12102,0.20438,0.174308
12103,0.176773,0.205165
12104,0.176773,0.205165
12105,0.191061,0.237845
12106,0.188937,0.297864
12107,0.188937,0.297864
12108,0.200915,0.239154
12109,0.221192,0.274797
12110,0.221192,0.274797
12111,0.221192,0.274797
12112,0.244539,0.227513
12113,0.268905,0.227365
12114,0.268905,0.227365
12115,0.292532,0.23323
12116,0.299001,0.216294
12117,0.314826,0.232018
12118,0.314826,0.232018
12119,0.314826,0.232018
12120,0.289984,0.179083
12121,0.29417,0.171811
12122,0.29417,0.171811
12123,0.307841,0.145199
12124,0.334031,0.193417
12125,0.333242,0.186236
12126,0.333242,0.186236
12127,0.333242,0.186236
12128,0.267838,0.246457
12129,0.267838,0.246457
12130,0.298035,0.204736
12131,0.312996,0.218116
12132,0.314594,0.227568
12133,0.31457,0.200887
12134,0.384517,0.273694
12135,0.384517,0.273694
12136,0.384517,0.273694
12137,0.37226,0.271029
12138,0.394906,0.21567
12139,0.461067,0.199622
12140,0.461067,0.199622
12141,0.334506,0.229694
12142,0.334506,0.229694
12143,0.353195,0.279169
12144,0.353195,0.279169
12145,0.353195,0.279169
12146,0.353195,0.279169
12147,0.365531,0.260246
12148,0.365531,0.260246
12149,0.317425,0.313907
12150,0.336089,0.392051
12151,0.310234,0.418621
12152,0.310234,0.418621
12153,0.310234,0.418621
12154,0.325244,0.363035
12155,0.395427,0.384075
12156,0.395427,0.384075
12157,0.395427,0.384075
12158,0.348677,0.376798
12159,0.348677,0.376798
12160,0.40343,0.33378
12161,0.40343,0.33378
12162,0.304139,0.395971
12163,0.304139,0.395971
12164,0.316855,0.300317
12165,0.394932,0.337056
12166,0.414181,0.391732
12167,0.45723,0.274274
12168,0.41609,0.256535
12169,0.372832,0.269104
12170,0.353359,0.295997
12171,0.351005,0.278031
12172,0.351005,0.278031
12173,0.298587,0.273239
12174,0.256862,0.280641
12175,0.296159,0.300281
12176,0.320865,0.298904
12177,0.320865,0.298904
12178,0.367242,0.312844
12179,0.362535,0.276174
12180,0.314224,0.215928
12181,0.396018,0.246799
12182,0.396018,0.246799
12183,0.357373,0.174073
12184,0.377698,0.187953
12185,0.376159,0.219689
12186,0.437209,0.184131
12187,0.478314,0.167766
12188,0.478314,0.167766
12189,0.478504,0.177234
12190,0.490929,0.201726
12191,0.490929,0.201726
12192,0.466258,0.22625
12193,0.466258,0.22625
12194,0.484914,0.154456
12195,0.484914,0.154456
12196,0.530215,0.210056
12197,0.485522,0.270779
12198,0.489667,0.246369
12199,0.489667,0.246369
12200,0.489667,0.246369
12201,0.534567,0.236014
12202,0.501463,0.308927
12203,0.439292,0.327195
12204,0.439292,0.327195
12205,0.485873,0.381836
12206,0.51494,0.443414
12207,0.51494,0.443414
12208,0.434033,0.375631
12209,0.408707,0.424305
12210,0.408707,0.424305
12211,0.36944,0.444155
12212,0.36944,0.444155
12213,0.454137,0.565813
12214,0.406169,0.59587
12215,0.441314,0.571655
12216,0.441314,0.571655
12217,0.429832,0.490393
12218,0.532413,0.540876
12219,0.400889,0.568351
12220,0.400889,0.568351
12221,0.401059,0.492685
12222,0.365024,0.449221
12223,0.400488,0.463229
12224,0.409804,0.4817
12225,0.366062,0.416999
12226,0.376245,0.432864
12227,0.429709,0.497872
12228,0.357992,0.437401
12229,0.357992,0.437401
12230,0.357992,0.437401
12231,0.398088,0.527305
12232,0.371407,0.471972
12233,0.352779,0.483631
12234,0.369762,0.44929
12235,0.304518,0.512458
12236,0.304518,0.512458
12237,0.412244,0.53846
12238,0.527439,0.577096
12239,0.527439,0.577096
12240,0.49195,0.519253
12241,0.509087,0.46939
12242,0.509087,0.46939
12243,0.509087,0.46939
12244,0.415472,0.475712
12245,0.41999,0.497696
12246,0.41999,0.497696
12247,0.47223,0.56908
12248,0.497285,0.555911
12249,0.497285,0.555911
12250,0.466744,0.469756
12251,0.44672,0.503966
12252,0.470235,0.576498
12253,0.539472,0.500075
12254,0.603041,0.490691
12255,0.603041,0.490691
12256,0.618003,0.493697
12257,0.618003,0.493697
12258,0.618003,0.493697
12259,0.644427,0.461793
12260,0.659301,0.407565
12261,0.706885,0.39388
12262,0.665188,0.448066
12263,0.615363,0.520233
12264,0.653466,0.467579
12265,0.66403,0.477669
12266,0.667179,0.555841
12267,0.590926,0.689186
12268,0.548315,0.667326
12269,0.548315,0.667326
12270,0.495437,0.627399
12271,0.521387,0.614696
12272,0.521387,0.614696
12273,0.521387,0.614696
12274,0.518012,0.535795
12275,0.518012,0.535795
12276,0.514403,0.531276
12277,0.622535,0.554685
12278,0.622535,0.554685
12279,0.622535,0.554685
12280,0.622535,0.554685
12281,0.493132,0.640945
12282,0.581802,0.538205
12283,0.581802,0.538205
12284,0.581802,0.538205
12285,0.517972,0.523471
12286,0.478267,0.481992
12287,0.522373,0.439968
12288,0.543746,0.360385
12289,0.593744,0.467606
12290,0.593744,0.467606
12291,0.5597,0.388349
12292,0.494289,0.413275
12293,0.494289,0.413275
12294,0.519948,0.357868
12295,0.508503,0.409501
12296,0.508503,0.409501
12297,0.524211,0.303877
12298,0.513568,0.290835
12299,0.444163,0.297914
12300,0.435125,0.33056
12301,0.472201,0.322497
12302,0.527077,0.329718
12303,0.448561,0.337128
12304,0.36924,0.361185
12305,0.400656,0.236231
12306,0.400656,0.236231
12307,0.445735,0.314859
12308,0.365754,0.276486
12309,0.37439,0.295919
12310,0.37439,0.295919
12311,0.321876,0.282694
12312,0.307897,0.301567
12313,0.353728,0.185171
12314,0.461254,0.12852
12315,0.405889,0.125401
12316,0.405889,0.125401
12317,0.405889,0.125401
12318,0.410418,0.0593322
12319,0.403924,0.0329069
12320,0.416524,0.055039
12321,0.416524,0.055039
12322,0.439415,0.0412791
12323,0.439415,0.0412791
12324,0.439415,0.0412791
12325,0.458596,0.0331386
12326,0.458596,0.0331386
12327,0.476913,0.0916776
12328,0.427697,0.104896
12329,0.413449,0.101608
12330,0.421512,0.102068
12331,0.395294,0.102581
12332,0.417472,0.0814424
12333,0.426139,0.0667882
12334,0.448832,0.134007
12335,0.448832,0.134007
12336,0.376116,0.150098
12337,0.356376,0.165051
12338,0.37485,0.193403
12339,0.37485,0.193403
12340,0.418935,0.147203
12341,0.430515,0.115555
12342,0.444598,0.0921327
12343,0.444598,0.0921327
12344,0.461248,0.0693458
12345,0.379448,0.0694717
12346,0.391018,0.0914853
12347,0.393748,0.0910674
12348,0.388047,0.068417
12349,0.388047,0.068417
12350,0.402398,0.0439682
12351,0.395609,0.0196453
12352,0.352888,0.102827
12353,0.309956,0.0559286
12354,0.298276,0.108175
12355,0.292934,0.0475206
12356,0.328372,0.0563013
12357,0.328372,0.0563013
12358,0.336802,0.0742697
12359,0.336802,0.0742697
12360,0.336802,0.0742697
12361,0.363034,0.102813
12362,0.360801,0.103037
12363,0.356035,0.152663
12364,0.325197,0.146428
12365,0.325197,0.146428
12366,0.325197,0.146428
12367,0.303482,0.0905949
12368,0.299784,0.0449519
12369,0.325654,0.0809867
12370,0.325654,0.0809867
12371,0.325654,0.0809867
12372,0.325654,0.0809867
12373,0.373828,0.0825926
12374,0.356148,0.0706874
12375,0.356148,0.0706874
12376,0.381785,0.0693232
12377,0.401748,0.0677646
12378,0.401748,0.0677646
12379,0.349364,0.0347474
12380,0.391142,0.0795027
12381,0.41383,0.0299732
12382,0.350124,0.0390461
12383,0.35939,0.0256023
12384,0.35939,0.0256023
12385,0.374359,0.028842
12386,0.374359,0.028842
12387,0.431777,0.0375353
12388,0.431777,0.0375353
12389,0.431777,0.0375353
12390,0.438807,0.0371356
12391,0.43234,0.0293721
12392,0.384204,0.00388389
12393,0.3509,0.0139538
12394,0.435924,0.0348255
12395,0.449243,0.0537041
12396,0.475271,0.0508211
12397,0.475271,0.0508211
12398,0.475271,0.0508211
12399,0.435322,0.0760684
12400,0.462677,0.053942
12401,0.462677,0.053942
12402,0.446885,0.0306764
12403,0.408195,0.0214209
12404,0.401386,0.016173
12405,0.406329,0.020554
12406,0.406329,0.020554
12407,0.387471,0.0283269
12408,0.383955,0.0751709
12409,0.369324,0.0297445
12410,0.347805,0.0837492
12411,0.376481,0.0964672
12412,0.376481,0.0964672
12413,0.384633,0.0661455
12414,0.391984,0.065966
12415,0.408612,0.064655
12416,0.408612,0.064655
12417,0.384398,0.0788116
12418,0.357067,0.0297603
12419,0.413032,0.0331151
12420,0.407886,0.0572309
12421,0.363324,0.0303387
12422,0.485529,0.0460583
12423,0.426069,0.0471802
12424,0.36766,0.0572035
12425,0.306375,0.0730182
12426,0.281281,0.0965341
12427,0.301649,0.0877764
12428,0.301649,0.0877764
12429,0.331777,0.0989259
12430,0.265259,0.0830273
12431,0.265259,0.0830273
12432,0.333667,0.0775025
12433,0.343129,0.173082
12434,0.343129,0.173082
12435,0.362815,0.124099
12436,0.285368,0.135838
12437,0.285368,0.135838
12438,0.296119,0.114545
12439,0.347503,0.16818
12440,0.343915,0.131933
12441,0.403287,0.120285
12442,0.425084,0.134851
12443,0.376407,0.10879
12444,0.409479,0.0910402
12445,0.422347,0.11045
12446,0.414051,0.0864404
12447,0.44764,0.0786043
12448,0.451505,0.093182
12449,0.451505,0.093182
12450,0.451505,0.093182
12451,0.451505,0.093182
12452,0.416266,0.0641062
12453,0.499098,0.0590015
12454,0.573283,0.0979982
12455,0.45477,0.110009
12456,0.472297,0.137438
12457,0.472297,0.137438
12458,0.504445,0.15329
12459,0.438758,0.161992
12460,0.362137,0.157913
12461,0.362137,0.157913
12462,0.426651,0.160927
12463,0.426651,0.160927
12464,0.522178,0.184247
12465,0.455621,0.181868
12466,0.459686,0.196767
12467,0.515033,0.199733
12468,0.508617,0.170966
12469,0.484437,0.235651
12470,0.484437,0.235651
12471,0.505514,0.24087
12472,0.446643,0.230115
12473,0.446643,0.230115
12474,0.446643,0.230115
12475,0.446643,0.230115
12476,0.446643,0.230115
12477,0.437271,0.189809
12478,0.437271,0.189809
12479,0.393944,0.169716
12480,0.339124,0.205703
12481,0.378181,0.214105
12482,0.34768,0.208045
12483,0.324845,0.204737
12484,0.324845,0.204737
12485,0.321228,0.233359
12486,0.339131,0.216638
12487,0.337965,0.206711
12488,0.360204,0.238059
12489,0.360204,0.238059
12490,0.353481,0.230672
12491,0.433677,0.225276
12492,0.433033,0.230624
12493,0.402847,0.218772
12494,0.409993,0.235574
12495,0.455688,0.21828
12496,0.474212,0.206905
12497,0.474212,0.206905
12498,0.474212,0.206905
12499,0.474212,0.206905
12500,0.482601,0.254542
12501,0.482601,0.254542
12502,0.482601,0.254542
12503,0.491763,0.234552
12504,0.426426,0.200019
12505,0.428939,0.182078
12506,0.486011,0.227203
12507,0.503104,0.23082
12508,0.503104,0.23082
12509,0.405052,0.181842
12510,0.405052,0.181842
12511,0.423636,0.205284
12512,0.415679,0.216495
12513,0.421799,0.211594
12514,0.44304,0.158795
12515,0.422848,0.185871
12516,0.402621,0.157878
12517,0.435457,0.154905
12518,0.388094,0.206032
12519,0.395957,0.209579
12520,0.424474,0.193441
12521,0.425282,0.194879
12522,0.404908,0.211783
12523,0.376709,0.213128
12524,0.376709,0.213128
12525,0.355949,0.197547
12526,0.355949,0.197547
12527,0.408897,0.179514
12528,0.431373,0.183775
12529,0.376696,0.223215
12530,0.37552,0.240206
12531,0.376427,0.2502
12532,0.362012,0.248328
12533,0.362012,0.248328
12534,0.361991,0.25763
12535,0.361991,0.25763
12536,0.361991,0.25763
12537,0.361991,0.25763
12538,0.404028,0.238564
12539,0.354681,0.24072
12540,0.354681,0.24072
12541,0.354681,0.24072
12542,0.455779,0.234523
12543,0.345383,0.301714
12544,0.359283,0.265646
12545,0.381337,0.240488
12546,0.427483,0.178584
12547,0.460347,0.186993
12548,0.460347,0.186993
12549,0.482786,0.187421
12550,0.516628,0.168271
12551,0.496902,0.22825
12552,0.529911,0.206667
12553,0.536517,0.174517
12554,0.458292,0.0876202
12555,0.43345,0.0856782
12556,0.474545,0.102136
12557,0.413748,0.0457274
12558,0.413748,0.0457274
12559,0.388439,0.0616121
12560,0.37445,0.0456492
12561,0.34519,0.0514482
12562,0.331126,0.0535258
12563,0.308477,0.0842582
12564,0.305453,0.0199346
12565,0.305453,0.0199346
12566,0.320996,0.0570526
12567,0.321327,0.0123184
12568,0.368027,0.052859
12569,0.327769,0.0781012
12570,0.303706,0.0838699
12571,0.306401,0.0983992
12572,0.316123,0.113444
12573,0.316123,0.113444
12574,0.274003,0.080913
12575,0.335666,0.0949256
12576,0.335666,0.0949256
12577,0.287262,0.0821911
12578,0.254215,0.0970946
12579,0.274105,0.130183
12580,0.257874,0.180506
12581,0.257874,0.180506
12582,0.286934,0.143131
12583,0.268523,0.119477
12584,0.259892,0.135686
12585,0.291133,0.17681
12586,0.25226,0.222116
12587,0.25226,0.222116
12588,0.308078,0.207761
12589,0.308078,0.207761
12590,0.308078,0.207761
12591,0.250714,0.199745
12592,0.236765,0.246195
12593,0.235669,0.236602
12594,0.235669,0.236602
12595,0.235669,0.236602
12596,0.200317,0.200462
12597,0.234291,0.153661
12598,0.174788,0.176203
12599,0.168474,0.186646
12600,0.141788,0.164707
12601,0.147114,0.182788
12602,0.113834,0.216315
12603,0.0991581,0.229105
12604,0.130458,0.238355
12605,0.155572,0.19635
12606,0.135441,0.185362
12607,0.158488,0.186734
12608,0.168396,0.244682
12609,0.145253,0.191633
12610,0.145253,0.191633
12611,0.131247,0.241186
12612,0.131247,0.241186
12613,0.129463,0.242517
12614,0.14525,0.24091
12615,0.157986,0.257296
12616,0.177692,0.234201
12617,0.201877,0.241675
12618,0.201877,0.241675
12619,0.192753,0.258835
12620,0.192753,0.258835
12621,0.183158,0.253254
12622,0.190783,0.25032
12623,0.190783,0.25032
12624,0.254565,0.274852
12625,0.247411,0.274531
12626,0.2488,0.232497
12627,0.247056,0.264711
12628,0.247056,0.264711
12629,0.264228,0.266602
12630,0.291089,0.248126
12631,0.291089,0.248126
12632,0.28799,0.241693
12633,0.2929,0.237381
12634,0.281725,0.279777
12635,0.286638,0.228504
12636,0.286638,0.228504
12637,0.271967,0.277447
12638,0.224064,0.249447
12639,0.224064,0.249447
12640,0.235391,0.203022
12641,0.27007,0.172599
12642,0.27007,0.172599
12643,0.289295,0.143937
12644,0.277781,0.123912
12645,0.277781,0.123912
12646,0.226869,0.149252
12647,0.231725,0.175474
12648,0.251681,0.213414
12649,0.251681,0.213414
12650,0.239672,0.226198
12651,0.239672,0.226198
12652,0.235584,0.209858
12653,0.237959,0.252286
12654,0.249406,0.246162
12655,0.303677,0.232249
12656,0.316657,0.262917
12657,0.32607,0.296852
12658,0.32607,0.296852
12659,0.32607,0.296852
12660,0.27466,0.24929
12661,0.254657,0.302019
12662,0.220516,0.351884
12663,0.245525,0.409142
12664,0.264748,0.352151
12665,0.22651,0.352933
12666,0.22651,0.352933
12667,0.22651,0.352933
12668,0.221906,0.390249
12669,0.194392,0.444519
12670,0.194392,0.444519
12671,0.194392,0.444519
12672,0.198847,0.394162
12673,0.177432,0.36836
12674,0.177432,0.36836
12675,0.190188,0.371796
12676,0.187567,0.342354
12677,0.187567,0.342354
12678,0.178491,0.375712
12679,0.178491,0.375712
12680,0.158772,0.385969
12681,0.175939,0.411455
12682,0.175939,0.411455
12683,0.206522,0.476126
12684,0.177654,0.533411
12685,0.171644,0.414578
12686,0.171644,0.414578
12687,0.220387,0.467732
12688,0.201544,0.441753
12689,0.201544,0.441753
12690,0.231479,0.475736
12691,0.219511,0.471787
12692,0.225848,0.470347
12693,0.217721,0.482359
12694,0.205781,0.519725
12695,0.213566,0.417823
12696,0.201265,0.372377
12697,0.145203,0.36834
12698,0.218494,0.368332
12699,0.181357,0.389583
12700,0.171759,0.368803
12701,0.176215,0.391456
12702,0.176215,0.391456
12703,0.149594,0.383207
12704,0.149594,0.383207
12705,0.117883,0.368146
12706,0.117883,0.368146
12707,0.104099,0.310106
12708,0.121297,0.362895
12709,0.121297,0.362895
12710,0.1377,0.34197
12711,0.1377,0.34197
12712,0.0689612,0.407411
12713,0.0540538,0.364764
12714,0.070602,0.421318
12715,0.0652433,0.39985
12716,0.0662083,0.355464
12717,0.034725,0.386067
12718,0.0141463,0.412572
12719,0.0195242,0.454697
12720,0.0198808,0.452642
12721,0.0198808,0.452642
12722,0.0198808,0.452642
12723,0.0380983,0.445011
12724,0.0306552,0.443143
12725,0.0340523,0.460761
12726,0.0340523,0.460761
12727,0.0271248,0.520033
12728,0.0407192,0.464915
12729,0.0731592,0.521131
12730,0.0731592,0.521131
12731,0.0168878,0.491767
12732,0.0258074,0.541912
12733,0.0564523,0.507981
12734,0.0564523,0.507981
12735,0.0564523,0.507981
12736,0.0564523,0.507981
12737,0.0564523,0.507981
12738,0.0564523,0.507981
12739,0.0564523,0.507981
12740,0.0219432,0.501393
12741,0.0438636,0.611068
12742,0.0409629,0.538871
12743,0.0429965,0.620888
12744,0.0388126,0.617543
12745,0.0585897,0.553545
12746,0.0585897,0.553545
12747,0.0877702,0.570968
12748,0.0646518,0.513226
12749,0.0646518,0.513226
12750,0.0895048,0.475196
12751,0.0576962,0.496085
12752,0.0576962,0.496085
12753,0.0576962,0.496085
12754,0.04308,0.572522
12755,0.04308,0.572522
12756,0.0583735,0.548188
12757,0.0687219,0.448981
12758,0.0693853,0.500481
12759,0.0693853,0.500481
12760,0.0693853,0.500481
12761,0.117848,0.442327
12762,0.100151,0.41795
12763,0.100692,0.393832
12764,0.112744,0.429651
12765,0.112744,0.429651
12766,0.127722,0.403821
12767,0.174165,0.406677
12768,0.135158,0.448202
12769,0.138715,0.438597
12770,0.118788,0.367311
12771,0.188078,0.395873
12772,0.188078,0.395873
12773,0.156845,0.390501
12774,0.197817,0.372282
12775,0.215794,0.388086
12776,0.215794,0.388086
12777,0.205235,0.357121
12778,0.205235,0.357121
12779,0.209238,0.402139
12780,0.0935516,0.43163
12781,0.129268,0.450002
12782,0.180372,0.44703
12783,0.192732,0.451606
12784,0.210939,0.424479
12785,0.210536,0.425624
12786,0.210536,0.425624
12787,0.217044,0.431838
12788,0.235212,0.416439
12789,0.229721,0.424846
12790,0.229721,0.424846
12791,0.200995,0.44199
12792,0.283794,0.414583
12793,0.264022,0.445341
12794,0.205978,0.463045
12795,0.205978,0.463045
12796,0.242913,0.451105
12797,0.288986,0.407519
12798,0.247913,0.43069
12799,0.247913,0.43069
12800,0.243266,0.387947
12801,0.214948,0.393325
12802,0.214948,0.393325
12803,0.214948,0.393325
12804,0.243476,0.476586
12805,0.253502,0.440955
12806,0.249425,0.409409
12807,0.249425,0.409409
12808,0.267092,0.411808
12809,0.267092,0.411808
12810,0.224954,0.449653
12811,0.252222,0.483897
12812,0.250578,0.502253
12813,0.247403,0.498187
12814,0.200305,0.486814
12815,0.200155,0.430372
12816,0.200155,0.430372
12817,0.139108,0.498575
12818,0.155036,0.462298
12819,0.18127,0.461575
12820,0.18127,0.461575
12821,0.18127,0.461575
12822,0.18127,0.461575
12823,0.126672,0.482301
12824,0.126672,0.482301
12825,0.17479,0.548553
12826,0.132645,0.507354
12827,0.0799618,0.449231
12828,0.0799618,0.449231
12829,0.0799618,0.449231
12830,0.142427,0.471936
12831,0.142427,0.471936
12832,0.0956196,0.384217
12833,0.0767049,0.377212
12834,0.0767049,0.377212
12835,0.096389,0.412743
12836,0.096389,0.412743
12837,0.096389,0.412743
12838,0.0804369,0.557631
12839,0.0681663,0.578384
12840,0.0494184,0.57046
12841,0.0918185,0.518437
12842,0.0918185,0.518437
12843,0.0918185,0.518437
12844,0.0918185,0.518437
12845,0.113135,0.552215
12846,0.113135,0.552215
12847,0.108492,0.558555
12848,0.080842,0.596069
12849,0.0616039,0.530477
12850,0.0616039,0.530477
12851,0.0616039,0.530477
12852,0.0616039,0.530477
12853,0.0926847,0.525733
12854,0.0926847,0.525733
12855,0.0479672,0.467601
12856,0.115676,0.462921
12857,0.0820569,0.476168
12858,0.0820569,0.476168
12859,0.0788366,0.498654
12860,0.038447,0.440563
12861,0.038447,0.440563
12862,0.145663,0.485955
12863,0.209774,0.436239
12864,0.209774,0.436239
12865,0.209774,0.436239
12866,0.196497,0.450443
12867,0.152928,0.451651
12868,0.227153,0.473264
12869,0.227153,0.473264
12870,0.183319,0.469952
12871,0.229289,0.478248
12872,0.220325,0.501831
12873,0.127363,0.509159
12874,0.11041,0.491788
12875,0.15392,0.472293
12876,0.177593,0.380862
12877,0.175104,0.388964
12878,0.199862,0.315016
12879,0.199862,0.315016
12880,0.238803,0.387184
12881,0.238803,0.387184
12882,0.179612,0.400124
12883,0.256191,0.353334
12884,0.251375,0.281235
12885,0.266662,0.305936
12886,0.266662,0.305936
12887,0.233061,0.245088
12888,0.200597,0.241887
12889,0.200597,0.241887
12890,0.152734,0.246704
12891,0.174256,0.348005
12892,0.174256,0.348005
12893,0.173187,0.312402
12894,0.173187,0.312402
12895,0.137961,0.322005
12896,0.187382,0.285078
12897,0.187382,0.285078
12898,0.139254,0.275138
12899,0.138293,0.343204
12900,0.121984,0.332721
12901,0.121984,0.332721
12902,0.096601,0.340131
12903,0.10124,0.308645
12904,0.153135,0.35746
12905,0.153135,0.35746
12906,0.153135,0.35746
12907,0.195756,0.355182
12908,0.195756,0.355182
12909,0.136942,0.335371
12910,0.161933,0.371586
12911,0.224188,0.30663
12912,0.147192,0.270801
12913,0.212303,0.312741
12914,0.212303,0.312741
12915,0.229804,0.330183
12916,0.193602,0.290325
12917,0.193602,0.290325
12918,0.212086,0.277577
12919,0.250833,0.281264
12920,0.250833,0.281264
12921,0.238741,0.35482
12922,0.206596,0.36931
12923,0.206596,0.36931
12924,0.218521,0.329201
12925,0.218521,0.329201
12926,0.228061,0.284068
12927,0.263445,0.281541
12928,0.226626,0.318805
12929,0.274092,0.327366
12930,0.27024,0.287904
12931,0.268369,0.304153
12932,0.268369,0.304153
12933,0.2876,0.25899
12934,0.261368,0.257021
12935,0.261368,0.257021
12936,0.3321,0.251284
12937,0.38126,0.276462
12938,0.325456,0.22957
12939,0.370005,0.234421
12940,0.385383,0.249447
12941,0.341234,0.255639
12942,0.341234,0.255639
12943,0.302006,0.272069
12944,0.330063,0.315022
12945,0.331034,0.258161
12946,0.331034,0.258161
12947,0.382771,0.215373
12948,0.382771,0.215373
12949,0.394891,0.146178
12950,0.394891,0.146178
12951,0.363233,0.187644
12952,0.392622,0.142719
12953,0.399811,0.117416
12954,0.399811,0.117416
12955,0.326525,0.0972528
12956,0.326525,0.0972528
12957,0.326525,0.0972528
12958,0.320283,0.078119
12959,0.34655,0.101202
12960,0.313963,0.107302
12961,0.393298,0.101404
12962,0.412279,0.0917084
12963,0.441136,0.0606902
12964,0.452858,0.0880004
12965,0.452858,0.0880004
12966,0.439781,0.0445053
12967,0.444979,0.0975751
12968,0.393232,0.123422
12969,0.393232,0.123422
12970,0.393232,0.123422
12971,0.432676,0.121917
12972,0.471398,0.167656
12973,0.471398,0.167656
12974,0.518761,0.218121
12975,0.518761,0.218121
12976,0.464949,0.196115
12977,0.464949,0.196115
12978,0.445787,0.165772
12979,0.47005,0.257716
12980,0.459519,0.203687
12981,0.459519,0.203687
12982,0.459519,0.203687
12983,0.436641,0.140581
12984,0.454416,0.173024
12985,0.454416,0.173024
12986,0.431136,0.233432
12987,0.402078,0.224282
12988,0.35689,0.103074
12989,0.33269,0.127655
12990,0.370078,0.128717
12991,0.369156,0.156686
12992,0.359315,0.187826
12993,0.423936,0.142169
12994,0.423936,0.142169
12995,0.398141,0.146868
12996,0.395075,0.123266
12997,0.395075,0.123266
12998,0.374959,0.148061
12999,0.374959,0.148061
13000,0.374959,0.148061
13001,0.342129,0.160758
13002,0.261185,0.0721038
13003,0.267052,0.0446432
13004,0.267052,0.0446432
13005,0.267052,0.0446432
13006,0.267052,0.0446432
13007,0.237814,0.0580145
13008,0.245831,0.0554084
13009,0.245831,0.0554084
13010,0.273112,0.0873759
13011,0.296435,0.0740895
13012,0.296435,0.0740895
13013,0.349286,0.0813806
13014,0.349286,0.0813806
13015,0.340435,0.111728
13016,0.340435,0.111728
13017,0.373706,0.125776
13018,0.373706,0.125776
13019,0.297561,0.131631
13020,0.310771,0.16824
13021,0.302203,0.154036
13022,0.324013,0.109266
13023,0.324013,0.109266
13024,0.27914,0.126469
13025,0.298019,0.129378
13026,0.298019,0.129378
13027,0.28645,0.128406
13028,0.28645,0.128406
13029,0.28645,0.128406
13030,0.28645,0.128406
13031,0.288,0.13577
13032,0.259255,0.125722
13033,0.289352,0.123482
13034,0.289352,0.123482
13035,0.289352,0.123482
13036,0.312123,0.146367
13037,0.355399,0.1159
13038,0.33353,0.0782828
13039,0.33353,0.0782828
13040,0.351526,0.120117
13041,0.377031,0.0879411
13042,0.386568,0.0987561
13043,0.305008,0.10662
13044,0.330807,0.162929
13045,0.363275,0.134097
13046,0.363275,0.134097
13047,0.336076,0.132629
13048,0.316536,0.126973
13049,0.344233,0.131627
13050,0.344233,0.131627
13051,0.30575,0.122934
13052,0.257167,0.12884
13053,0.257167,0.12884
13054,0.273032,0.117282
13055,0.273032,0.117282
13056,0.273032,0.117282
13057,0.31946,0.134629
13058,0.31946,0.134629
13059,0.379912,0.174629
13060,0.392918,0.20763
13061,0.433341,0.229574
13062,0.433341,0.229574
13063,0.497998,0.220944
13064,0.42193,0.158741
13065,0.412746,0.175249
13066,0.454259,0.16498
13067,0.375825,0.165862
13068,0.43162,0.281597
13069,0.464687,0.257724
13070,0.464687,0.257724
13071,0.385659,0.224856
13072,0.413456,0.214562
13073,0.420817,0.174733
13074,0.491115,0.187734
13075,0.456286,0.20504
13076,0.437088,0.174084
13077,0.437088,0.174084
13078,0.422574,0.168405
13079,0.4667,0.175113
13080,0.430269,0.179255
13081,0.46066,0.217672
13082,0.46066,0.217672
13083,0.488006,0.271835
13084,0.464456,0.248957
13085,0.488254,0.225348
13086,0.467528,0.220329
13087,0.450411,0.311494
13088,0.460779,0.33702
13089,0.460779,0.33702
13090,0.460779,0.33702
13091,0.474454,0.255341
13092,0.468683,0.261475
13093,0.449925,0.258288
13094,0.443699,0.235601
13095,0.450581,0.195179
13096,0.429328,0.253663
13097,0.429328,0.253663
13098,0.561007,0.188846
13099,0.578623,0.239246
13100,0.604016,0.25316
13101,0.604016,0.25316
13102,0.604016,0.25316
13103,0.610518,0.215963
13104,0.636475,0.189866
13105,0.69708,0.199083
13106,0.749162,0.137835
13107,0.749162,0.137835
13108,0.749162,0.137835
13109,0.853407,0.0716724
13110,0.740791,0.0643807
13111,0.692726,0.107894
13112,0.692726,0.107894
13113,0.69388,0.110487
13114,0.69388,0.110487
13115,0.69388,0.110487
13116,0.69388,0.110487
13117,0.630978,0.103602
13118,0.575857,0.0734273
13119,0.474017,0.0543577
13120,0.474017,0.0543577
13121,0.531505,0.066377
13122,0.561648,0.0671458
13123,0.539992,0.0459659
13124,0.535286,0.0379828
13125,0.643093,0.0449435
13126,0.647623,0.0417772
13127,0.555108,0.00790388
13128,0.51103,0.0486039
13129,0.595035,0.0680871
13130,0.595035,0.0680871
13131,0.595035,0.0680871
13132,0.45939,0.189606
13133,0.453313,0.17322
13134,0.443033,0.193524
13135,0.435401,0.319871
13136,0.487154,0.309391
13137,0.477625,0.300127
13138,0.463708,0.351949
13139,0.438057,0.349436
13140,0.438057,0.349436
13141,0.446347,0.321472
13142,0.446347,0.321472
13143,0.391871,0.314406
13144,0.391871,0.314406
13145,0.39999,0.287985
13146,0.364354,0.272976
13147,0.353602,0.302842
13148,0.324995,0.397854
13149,0.340768,0.281236
13150,0.305925,0.30617
13151,0.305925,0.30617
13152,0.357934,0.353284
13153,0.301824,0.304474
13154,0.317602,0.272242
13155,0.27808,0.281273
13156,0.355363,0.168741
13157,0.371251,0.250794
13158,0.38482,0.270136
13159,0.38482,0.270136
13160,0.401507,0.301746
13161,0.328322,0.294592
13162,0.3909,0.277764
13163,0.426434,0.281063
13164,0.426434,0.281063
13165,0.366502,0.291318
13166,0.321336,0.33608
13167,0.323838,0.347762
13168,0.323838,0.347762
13169,0.323838,0.347762
13170,0.323081,0.399445
13171,0.311855,0.417056
13172,0.31489,0.432075
13173,0.292126,0.347417
13174,0.292126,0.347417
13175,0.31034,0.272785
13176,0.205114,0.324042
13177,0.241189,0.298588
13178,0.228475,0.218212
13179,0.228475,0.218212
13180,0.312122,0.203075
13181,0.267812,0.187153
13182,0.317331,0.188227
13183,0.286186,0.16767
13184,0.286186,0.16767
13185,0.309996,0.256421
13186,0.309651,0.22092
13187,0.309651,0.22092
13188,0.353226,0.177852
13189,0.353226,0.177852
13190,0.35516,0.224402
13191,0.35516,0.224402
13192,0.35516,0.224402
13193,0.311799,0.252279
13194,0.290895,0.215512
13195,0.292663,0.211541
13196,0.26594,0.24779
13197,0.248415,0.212509
13198,0.250316,0.18143
13199,0.285674,0.19485
13200,0.262327,0.210962
13201,0.251364,0.187335
13202,0.259367,0.183641
13203,0.259367,0.183641
13204,0.222226,0.158138
13205,0.222226,0.158138
13206,0.235801,0.178614
13207,0.235801,0.178614
13208,0.23483,0.135664
13209,0.208358,0.141056
13210,0.208358,0.141056
13211,0.262661,0.126373
13212,0.262661,0.126373
13213,0.247007,0.132412
13214,0.252018,0.183875
13215,0.223299,0.224292
13216,0.228727,0.230214
13217,0.219534,0.157539
13218,0.183043,0.276059
13219,0.181221,0.294508
13220,0.152713,0.273403
13221,0.188463,0.277982
13222,0.226891,0.284588
13223,0.225215,0.194256
13224,0.241333,0.201001
13225,0.273052,0.275758
13226,0.273052,0.275758
13227,0.273052,0.275758
13228,0.273052,0.275758
13229,0.273052,0.275758
13230,0.244636,0.244255
13231,0.23092,0.208549
13232,0.199788,0.242035
13233,0.251835,0.304225
13234,0.251835,0.304225
13235,0.218694,0.303614
13236,0.238529,0.200515
13237,0.21198,0.261831
13238,0.21198,0.261831
13239,0.212823,0.27293
13240,0.119888,0.307758
13241,0.152916,0.338589
13242,0.107819,0.243821
13243,0.107819,0.243821
13244,0.155367,0.276051
13245,0.155367,0.276051
13246,0.116502,0.293944
13247,0.113394,0.225222
13248,0.113394,0.225222
13249,0.113225,0.228567
13250,0.113225,0.228567
13251,0.0633548,0.208535
13252,0.0517376,0.241929
13253,0.0517376,0.241929
13254,0.0179109,0.279798
13255,0.0179109,0.279798
13256,0.015365,0.305393
13257,0.015365,0.305393
13258,0.0738348,0.295669
13259,0.138377,0.281331
13260,0.138377,0.281331
13261,0.157778,0.305768
13262,0.0877309,0.387341
13263,0.0877309,0.387341
13264,0.0301082,0.359481
13265,0.0732437,0.293306
13266,0.0535016,0.326944
13267,0.0535016,0.326944
13268,0.0892619,0.339846
13269,0.0322395,0.327946
13270,0.0852908,0.303486
13271,0.126209,0.296657
13272,0.0713984,0.290452
13273,0.0727654,0.248209
13274,0.132967,0.294019
13275,0.10822,0.296751
13276,0.10822,0.296751
13277,0.128822,0.291452
13278,0.128822,0.291452
13279,0.128822,0.291452
13280,0.12497,0.279045
13281,0.104329,0.317351
13282,0.130741,0.303481
13283,0.140963,0.289448
13284,0.140963,0.289448
13285,0.144885,0.310405
13286,0.144506,0.303238
13287,0.193198,0.282004
13288,0.14176,0.338982
13289,0.169492,0.312355
13290,0.169492,0.312355
13291,0.17127,0.272144
13292,0.243334,0.258095
13293,0.206559,0.243974
13294,0.239242,0.295995
13295,0.239242,0.295995
13296,0.221077,0.312922
13297,0.247774,0.33089
13298,0.219871,0.285528
13299,0.145539,0.330385
13300,0.145539,0.324914
13301,0.154941,0.337884
13302,0.154941,0.337884
13303,0.075869,0.301123
13304,0.120544,0.341987
13305,0.103687,0.309294
13306,0.103687,0.309294
13307,0.111947,0.31157
13308,0.13258,0.399206
13309,0.13258,0.399206
13310,0.145995,0.391427
13311,0.12989,0.399404
13312,0.156944,0.333399
13313,0.175713,0.348632
13314,0.162369,0.372274
13315,0.112205,0.36443
13316,0.119031,0.352706
13317,0.145563,0.363328
13318,0.153755,0.438007
13319,0.158815,0.377967
13320,0.128998,0.325981
13321,0.131135,0.385007
13322,0.133782,0.374701
13323,0.0998434,0.38351
13324,0.0652884,0.385679
13325,0.0610349,0.344065
13326,0.0542878,0.392678
13327,0.0542878,0.392678
13328,0.0359591,0.385163
13329,0.0359591,0.385163
13330,0.0359591,0.385163
13331,0.0791996,0.336695
13332,0.0883844,0.327431
13333,0.0402474,0.329795
13334,0.042939,0.278008
13335,0.042939,0.278008
13336,0.0854776,0.310115
13337,0.0559827,0.328316
13338,0.0562982,0.295628
13339,0.0562982,0.295628
13340,0.0588573,0.288381
13341,0.0588573,0.288381
13342,0.05195,0.26998
13343,0.124119,0.288441
13344,0.124119,0.288441
13345,0.0535158,0.315759
13346,0.059447,0.361721
13347,0.059447,0.361721
13348,0.059447,0.361721
13349,0.0882083,0.362336
13350,0.0949472,0.383548
13351,0.0664964,0.378447
13352,0.104475,0.337953
13353,0.104475,0.337953
13354,0.104475,0.337953
13355,0.111882,0.336105
13356,0.111882,0.336105
13357,0.111882,0.336105
13358,0.107665,0.263598
13359,0.104249,0.308427
13360,0.104249,0.308427
13361,0.124938,0.324011
13362,0.136879,0.336965
13363,0.140444,0.352001
13364,0.117481,0.349964
13365,0.113455,0.430596
13366,0.113546,0.401841
13367,0.150749,0.447808
13368,0.150749,0.447808
13369,0.145892,0.456888
13370,0.145892,0.456888
13371,0.138806,0.450625
13372,0.137969,0.480563
13373,0.158544,0.468731
13374,0.158544,0.468731
13375,0.127782,0.456977
13376,0.172697,0.384367
13377,0.158875,0.442266
13378,0.190322,0.436747
13379,0.190322,0.436747
13380,0.187579,0.413805
13381,0.27518,0.372053
13382,0.27518,0.372053
13383,0.292553,0.411633
13384,0.31036,0.407471
13385,0.334476,0.36201
13386,0.334476,0.36201
13387,0.381912,0.329053
13388,0.346173,0.355548
13389,0.345844,0.31918
13390,0.345844,0.31918
13391,0.317282,0.32991
13392,0.295168,0.270401
13393,0.293354,0.311651
13394,0.25416,0.301107
13395,0.285664,0.349159
13396,0.234027,0.325851
13397,0.234027,0.325851
13398,0.250456,0.338489
13399,0.309668,0.376367
13400,0.309668,0.376367
13401,0.30593,0.344777
13402,0.315763,0.346563
13403,0.322652,0.348699
13404,0.229324,0.329114
13405,0.229324,0.329114
13406,0.229324,0.329114
13407,0.210715,0.287486
13408,0.207766,0.339639
13409,0.21573,0.344663
13410,0.240373,0.367339
13411,0.27382,0.347969
13412,0.27382,0.347969
13413,0.317371,0.33043
13414,0.263956,0.391051
13415,0.263956,0.391051
13416,0.28486,0.414917
13417,0.28486,0.414917
13418,0.301888,0.37622
13419,0.329735,0.383629
13420,0.390967,0.350499
13421,0.337193,0.39746
13422,0.345917,0.381445
13423,0.387452,0.417536
13424,0.387452,0.417536
13425,0.387452,0.417536
13426,0.362716,0.367193
13427,0.323155,0.38977
13428,0.307186,0.368068
13429,0.268974,0.404067
13430,0.341606,0.412788
13431,0.341606,0.412788
13432,0.2635,0.418997
13433,0.32931,0.481266
13434,0.306834,0.440314
13435,0.269687,0.511129
13436,0.276327,0.449419
13437,0.328216,0.438874
13438,0.315329,0.37828
13439,0.315329,0.37828
13440,0.306118,0.417206
13441,0.306118,0.417206
13442,0.286229,0.418079
13443,0.351087,0.425831
13444,0.351087,0.425831
13445,0.304413,0.384565
13446,0.304413,0.384565
13447,0.303523,0.341479
13448,0.335723,0.361249
13449,0.335723,0.361249
13450,0.314113,0.397936
13451,0.318739,0.389185
13452,0.318739,0.389185
13453,0.318902,0.357194
13454,0.366825,0.391187
13455,0.366825,0.391187
13456,0.428289,0.289952
13457,0.428289,0.289952
13458,0.401427,0.311402
13459,0.429289,0.310301
13460,0.351511,0.346877
13461,0.372732,0.318294
13462,0.35531,0.32068
13463,0.35531,0.32068
13464,0.368984,0.360307
13465,0.390085,0.302076
13466,0.364594,0.409203
13467,0.362858,0.397841
13468,0.358207,0.45632
13469,0.365682,0.415056
13470,0.356662,0.446781
13471,0.399957,0.36535
13472,0.399957,0.36535
13473,0.399957,0.36535
13474,0.315115,0.343203
13475,0.328205,0.312939
13476,0.328205,0.312939
13477,0.318964,0.312528
13478,0.32423,0.267974
13479,0.358187,0.338467
13480,0.358187,0.338467
13481,0.358187,0.338467
13482,0.358187,0.338467
13483,0.358187,0.338467
13484,0.377002,0.315615
13485,0.377002,0.315615
13486,0.340385,0.34888
13487,0.340385,0.34888
13488,0.340385,0.34888
13489,0.345729,0.386063
13490,0.333527,0.377168
13491,0.306253,0.303827
13492,0.306253,0.303827
13493,0.275124,0.294156
13494,0.304405,0.306003
13495,0.353224,0.335471
13496,0.353224,0.335471
13497,0.353224,0.335471
13498,0.327378,0.281216
13499,0.327378,0.281216
13500,0.334281,0.3061
13501,0.384114,0.288091
13502,0.386037,0.258538
13503,0.386037,0.258538
13504,0.386037,0.258538
13505,0.305361,0.294248
13506,0.305361,0.294248
13507,0.315307,0.247512
13508,0.32164,0.27811
13509,0.283155,0.281513
13510,0.283155,0.281513
13511,0.240733,0.292959
13512,0.240733,0.292959
13513,0.220412,0.314702
13514,0.226545,0.351169
13515,0.223345,0.29654
13516,0.223345,0.29654
13517,0.223345,0.29654
13518,0.178845,0.293614
13519,0.181828,0.314061
13520,0.172237,0.339436
13521,0.172237,0.339436
13522,0.172237,0.339436
13523,0.204634,0.359177
13524,0.199621,0.394356
13525,0.184038,0.376922
13526,0.207875,0.35734
13527,0.20333,0.358738
13528,0.20333,0.358738
13529,0.240685,0.337311
13530,0.240685,0.337311
13531,0.240685,0.337311
13532,0.248962,0.352044
13533,0.248962,0.352044
13534,0.174174,0.312394
13535,0.154567,0.338475
13536,0.198121,0.285126
13537,0.161995,0.275388
13538,0.220954,0.292284
13539,0.188801,0.275474
13540,0.193971,0.292503
13541,0.193971,0.292503
13542,0.193971,0.292503
13543,0.193971,0.292503
13544,0.193971,0.292503
13545,0.248274,0.29507
13546,0.188364,0.242877
13547,0.231877,0.250751
13548,0.229019,0.223497
13549,0.229019,0.223497
13550,0.261933,0.176017
13551,0.209597,0.193665
13552,0.231495,0.189234
13553,0.280498,0.236388
13554,0.242521,0.227801
13555,0.223457,0.212026
13556,0.181922,0.18152
13557,0.251151,0.176052
13558,0.299551,0.195409
13559,0.237457,0.160618
13560,0.237457,0.160618
13561,0.239599,0.143204
13562,0.239599,0.143204
13563,0.239599,0.143204
13564,0.270813,0.127389
13565,0.270557,0.139166
13566,0.278625,0.157613
13567,0.282144,0.164369
13568,0.28983,0.138088
13569,0.287392,0.101125
13570,0.311186,0.116247
13571,0.325002,0.0940551
13572,0.326173,0.0945871
13573,0.326173,0.0945871
13574,0.27635,0.0979337
13575,0.342043,0.0936229
13576,0.318415,0.110523
13577,0.333974,0.112845
13578,0.318982,0.0908393
13579,0.305973,0.101819
13580,0.305973,0.101819
13581,0.305973,0.101819
13582,0.305973,0.101819
13583,0.305973,0.101819
13584,0.305973,0.101819
13585,0.305973,0.101819
13586,0.305973,0.101819
13587,0.312531,0.122245
13588,0.348804,0.104554
13589,0.332438,0.07557
13590,0.332438,0.07557
13591,0.325202,0.110857
13592,0.352688,0.0747389
13593,0.352688,0.0747389
13594,0.352688,0.0747389
13595,0.352688,0.0747389
13596,0.353184,0.0814301
13597,0.328329,0.0917736
13598,0.313126,0.102939
13599,0.313126,0.102939
13600,0.321213,0.0821063
13601,0.393435,0.0787289
13602,0.354109,0.0777317
13603,0.354109,0.0777317
13604,0.300083,0.0672479
13605,0.374335,0.0733077
13606,0.374335,0.0733077
13607,0.341989,0.113883
13608,0.345802,0.104737
13609,0.345802,0.104737
13610,0.325371,0.120261
13611,0.379513,0.143415
13612,0.362671,0.108375
13613,0.326424,0.134783
13614,0.329208,0.138432
13615,0.370526,0.157331
13616,0.316123,0.194498
13617,0.316123,0.194498
13618,0.292351,0.136223
13619,0.315269,0.131227
13620,0.315269,0.131227
13621,0.333756,0.162825
13622,0.289367,0.143026
13623,0.331179,0.137484
13624,0.331179,0.137484
13625,0.331179,0.137484
13626,0.331179,0.137484
13627,0.331179,0.137484
13628,0.328689,0.167485
13629,0.323057,0.186971
13630,0.31812,0.195127
13631,0.31812,0.195127
13632,0.278717,0.15821
13633,0.280698,0.161622
13634,0.224701,0.179539
13635,0.226993,0.184117
13636,0.264412,0.177655
13637,0.264412,0.177655
13638,0.24088,0.192212
13639,0.217517,0.179876
13640,0.191806,0.137785
13641,0.177676,0.162586
13642,0.209416,0.115321
13643,0.209416,0.115321
13644,0.209416,0.115321
13645,0.209416,0.115321
13646,0.209416,0.115321
13647,0.15486,0.178906
13648,0.15486,0.178906
13649,0.176878,0.231008
13650,0.136827,0.243897
13651,0.135676,0.226512
13652,0.130458,0.235466
13653,0.141899,0.213112
13654,0.116027,0.203003
13655,0.159017,0.20269
13656,0.142718,0.18211
13657,0.182307,0.163178
13658,0.182307,0.163178
13659,0.135981,0.188239
13660,0.179621,0.182922
13661,0.166569,0.191565
13662,0.159101,0.203985
13663,0.18051,0.17645
13664,0.18051,0.17645
13665,0.181222,0.16595
13666,0.176052,0.162735
13667,0.157639,0.162546
13668,0.156757,0.222575
13669,0.156757,0.222575
13670,0.217298,0.174365
13671,0.198279,0.208475
13672,0.205275,0.230927
13673,0.190014,0.256086
13674,0.190014,0.256086
13675,0.224087,0.235839
13676,0.224087,0.235839
13677,0.272023,0.281729
13678,0.231246,0.238715
13679,0.231246,0.238715
13680,0.231246,0.238715
13681,0.231246,0.238715
13682,0.231246,0.238715
13683,0.283232,0.213054
13684,0.308738,0.21885
13685,0.308738,0.21885
13686,0.320497,0.272746
13687,0.27726,0.275139
13688,0.313413,0.263285
13689,0.268105,0.251197
13690,0.227586,0.25351
13691,0.227586,0.25351
13692,0.201718,0.290095
13693,0.201718,0.290095
13694,0.201718,0.290095
13695,0.234381,0.238148
13696,0.234381,0.238148
13697,0.20137,0.301498
13698,0.262901,0.228449
13699,0.302605,0.252934
13700,0.269576,0.264609
13701,0.284174,0.28601
13702,0.255175,0.323964
13703,0.255175,0.323964
13704,0.255175,0.323964
13705,0.274845,0.261769
13706,0.270487,0.269414
13707,0.241936,0.285799
13708,0.241936,0.285799
13709,0.25365,0.293405
13710,0.227238,0.253663
13711,0.316519,0.270262
13712,0.316519,0.270262
13713,0.295765,0.291085
13714,0.29158,0.286754
13715,0.294099,0.282138
13716,0.323286,0.288021
13717,0.330814,0.256557
13718,0.330814,0.256557
13719,0.320003,0.18266
13720,0.320003,0.18266
13721,0.321683,0.220311
13722,0.342489,0.204703
13723,0.288797,0.218017
13724,0.248774,0.263062
13725,0.280296,0.243024
13726,0.292788,0.226908
13727,0.265798,0.270636
13728,0.265798,0.270636
13729,0.265798,0.270636
13730,0.265798,0.270636
13731,0.265798,0.270636
13732,0.249777,0.313749
13733,0.257735,0.2783
13734,0.333062,0.294486
13735,0.333062,0.294486
13736,0.333062,0.294486
13737,0.32151,0.270325
13738,0.32151,0.270325
13739,0.298909,0.265161
13740,0.298909,0.265161
13741,0.298909,0.265161
13742,0.375847,0.283477
13743,0.375847,0.283477
13744,0.416127,0.20395
13745,0.328019,0.253742
13746,0.328019,0.253742
13747,0.328019,0.253742
13748,0.395098,0.215119
13749,0.306091,0.260241
13750,0.320692,0.276951
13751,0.360607,0.253445
13752,0.318763,0.202055
13753,0.318763,0.202055
13754,0.299632,0.240852
13755,0.299632,0.240852
13756,0.313279,0.261159
13757,0.313279,0.261159
13758,0.313279,0.261159
13759,0.406457,0.275376
13760,0.421079,0.260408
13761,0.377536,0.225266
13762,0.30071,0.280289
13763,0.310616,0.300898
13764,0.310616,0.300898
13765,0.381702,0.320328
13766,0.381702,0.320328
13767,0.354234,0.327208
13768,0.373063,0.37053
13769,0.415116,0.37317
13770,0.387779,0.430427
13771,0.387779,0.430427
13772,0.330864,0.408702
13773,0.330864,0.408702
13774,0.348638,0.423671
13775,0.340834,0.388981
13776,0.382708,0.408221
13777,0.3574,0.437126
13778,0.323582,0.420149
13779,0.33211,0.437043
13780,0.31545,0.53061
13781,0.284693,0.553327
13782,0.284693,0.553327
13783,0.312328,0.568322
13784,0.359561,0.444433
13785,0.359561,0.444433
13786,0.359561,0.444433
13787,0.359561,0.444433
13788,0.337545,0.504743
13789,0.343011,0.507008
13790,0.343011,0.507008
13791,0.343011,0.507008
13792,0.352789,0.466405
13793,0.352789,0.466405
13794,0.352789,0.466405
13795,0.309338,0.438377
13796,0.371005,0.414527
13797,0.371005,0.414527
13798,0.307326,0.418356
13799,0.307326,0.418356
13800,0.212409,0.550712
13801,0.219128,0.448026
13802,0.222351,0.452895
13803,0.256121,0.423235
13804,0.309864,0.415206
13805,0.309864,0.415206
13806,0.272047,0.331099
13807,0.258215,0.340785
13808,0.258215,0.340785
13809,0.265656,0.337069
13810,0.265656,0.337069
13811,0.26629,0.373073
13812,0.280972,0.320778
13813,0.282371,0.305103
13814,0.272058,0.242701
13815,0.288846,0.223867
13816,0.288846,0.223867
13817,0.275837,0.239995
13818,0.275837,0.239995
13819,0.256134,0.258091
13820,0.236824,0.224088
13821,0.236824,0.224088
13822,0.20516,0.194966
13823,0.204334,0.258235
13824,0.1836,0.289247
13825,0.179249,0.227992
13826,0.236027,0.271588
13827,0.236027,0.271588
13828,0.24684,0.225498
13829,0.213885,0.356765
13830,0.213885,0.356765
13831,0.171435,0.319684
13832,0.171435,0.319684
13833,0.171435,0.319684
13834,0.213089,0.32546
13835,0.163173,0.374654
13836,0.10304,0.44598
13837,0.0736656,0.507843
13838,0.127894,0.434552
13839,0.0917681,0.463495
13840,0.0917681,0.463495
13841,0.169787,0.415602
13842,0.153155,0.452439
13843,0.153155,0.452439
13844,0.153155,0.452439
13845,0.135171,0.462002
13846,0.135171,0.462002
13847,0.142098,0.470275
13848,0.147037,0.541718
13849,0.213613,0.510035
13850,0.235957,0.40189
13851,0.262986,0.43929
13852,0.278866,0.391617
13853,0.278866,0.391617
13854,0.278866,0.391617
13855,0.343858,0.418768
13856,0.268091,0.406488
13857,0.328887,0.354532
13858,0.255156,0.385955
13859,0.276224,0.37719
13860,0.276224,0.37719
13861,0.226804,0.388664
13862,0.226804,0.388664
13863,0.205788,0.431968
13864,0.205788,0.431968
13865,0.245182,0.406945
13866,0.286174,0.391292
13867,0.300772,0.339812
13868,0.323236,0.259688
13869,0.299574,0.280745
13870,0.297129,0.348104
13871,0.3323,0.346799
13872,0.34034,0.413354
13873,0.3542,0.338402
13874,0.31593,0.295653
13875,0.33624,0.256321
13876,0.349079,0.248745
13877,0.45868,0.203527
13878,0.373249,0.227733
13879,0.385546,0.246981
13880,0.290838,0.228054
13881,0.290838,0.228054
13882,0.290838,0.228054
13883,0.290838,0.228054
13884,0.290838,0.228054
13885,0.311479,0.207874
13886,0.359595,0.208315
13887,0.351635,0.22206
13888,0.330773,0.289566
13889,0.330773,0.289566
13890,0.313337,0.272774
13891,0.309266,0.289396
13892,0.330374,0.248363
13893,0.346172,0.256092
13894,0.346172,0.256092
13895,0.442936,0.213771
13896,0.420067,0.248262
13897,0.425333,0.17805
13898,0.425333,0.17805
13899,0.393371,0.17848
13900,0.346101,0.144391
13901,0.389123,0.126247
13902,0.389123,0.126247
13903,0.380713,0.153311
13904,0.380713,0.153311
13905,0.417218,0.162717
13906,0.410775,0.142741
13907,0.473321,0.193103
13908,0.360757,0.216426
13909,0.406001,0.204311
13910,0.472208,0.18304
13911,0.428193,0.192164
13912,0.428193,0.192164
13913,0.428193,0.192164
13914,0.428193,0.192164
13915,0.349685,0.227088
13916,0.345103,0.221559
13917,0.345103,0.221559
13918,0.34511,0.199059
13919,0.368462,0.250322
13920,0.346525,0.281188
13921,0.341812,0.260161
13922,0.341812,0.260161
13923,0.341812,0.260161
13924,0.341812,0.260161
13925,0.361716,0.263978
13926,0.312268,0.294021
13927,0.276377,0.263332
13928,0.23758,0.2563
13929,0.276628,0.237743
13930,0.276628,0.237743
13931,0.216178,0.247627
13932,0.216178,0.247627
13933,0.196367,0.214185
13934,0.196367,0.214185
13935,0.196367,0.214185
13936,0.223308,0.210246
13937,0.233111,0.23161
13938,0.263831,0.206438
13939,0.269865,0.267824
13940,0.266542,0.241123
13941,0.267535,0.245439
13942,0.267535,0.245439
13943,0.279357,0.228161
13944,0.29816,0.253842
13945,0.260174,0.276906
13946,0.259014,0.286251
13947,0.304935,0.279959
13948,0.304935,0.279959
13949,0.25663,0.269769
13950,0.25663,0.269769
13951,0.25663,0.269769
13952,0.247212,0.246792
13953,0.247212,0.246792
13954,0.226132,0.261604
13955,0.270692,0.249634
13956,0.271811,0.202963
13957,0.267464,0.255547
13958,0.267464,0.255547
13959,0.267464,0.255547
13960,0.253184,0.297955
13961,0.280437,0.348654
13962,0.287506,0.316819
13963,0.287506,0.316819
13964,0.293998,0.362682
13965,0.287427,0.34245
13966,0.287427,0.34245
13967,0.282659,0.388626
13968,0.282659,0.388626
13969,0.288826,0.376047
13970,0.246132,0.439324
13971,0.240353,0.46557
13972,0.247812,0.416941
13973,0.246351,0.373966
13974,0.238976,0.360685
13975,0.238976,0.360685
13976,0.189291,0.389708
13977,0.233974,0.374698
13978,0.220793,0.387063
13979,0.193534,0.454972
13980,0.193534,0.454972
13981,0.180888,0.429733
13982,0.180888,0.429733
13983,0.179361,0.468921
13984,0.209671,0.353618
13985,0.208302,0.374402
13986,0.208633,0.393077
13987,0.208633,0.393077
13988,0.201979,0.432871
13989,0.201979,0.432871
13990,0.241198,0.364583
13991,0.177761,0.35224
13992,0.196912,0.321629
13993,0.148096,0.325434
13994,0.169327,0.295711
13995,0.208859,0.283472
13996,0.2489,0.276188
13997,0.263508,0.291257
13998,0.284612,0.292602
13999,0.282538,0.340357
14000,0.264665,0.290315
14001,0.297049,0.287046
14002,0.262268,0.288958
14003,0.262268,0.288958
14004,0.308255,0.213809
14005,0.323368,0.278792
14006,0.323368,0.278792
14007,0.26941,0.284964
14008,0.271667,0.293412
14009,0.28487,0.262322
14010,0.301138,0.252388
14011,0.332167,0.283494
14012,0.351895,0.252887
14013,0.325406,0.258799
14014,0.351344,0.261377
14015,0.351344,0.261377
14016,0.359612,0.235716
14017,0.304531,0.26047
14018,0.346656,0.333387
14019,0.346656,0.333387
14020,0.327505,0.291608
14021,0.340989,0.296408
14022,0.387937,0.276214
14023,0.398559,0.268044
14024,0.393358,0.268008
14025,0.400158,0.285964
14026,0.288767,0.260486
14027,0.342864,0.257789
14028,0.415985,0.3185
14029,0.393661,0.315305
14030,0.381231,0.256572
14031,0.381231,0.256572
14032,0.365115,0.276852
14033,0.365115,0.276852
14034,0.429398,0.310903
14035,0.434733,0.279321
14036,0.374285,0.280073
14037,0.417714,0.312159
14038,0.385487,0.345229
14039,0.385487,0.345229
14040,0.385487,0.345229
14041,0.392756,0.256839
14042,0.371228,0.285793
14043,0.344852,0.332451
14044,0.344852,0.332451
14045,0.344852,0.332451
14046,0.344852,0.332451
14047,0.344852,0.332451
14048,0.367276,0.290018
14049,0.339828,0.227329
14050,0.356974,0.224703
14051,0.356974,0.224703
14052,0.409337,0.27985
14053,0.360551,0.283563
14054,0.406845,0.311603
14055,0.395736,0.315523
14056,0.395736,0.315523
14057,0.403963,0.398521
14058,0.403963,0.398521
14059,0.364471,0.288064
14060,0.363808,0.256608
14061,0.339075,0.261131
14062,0.337776,0.218188
14063,0.366536,0.151109
14064,0.319266,0.137533
14065,0.319266,0.137533
14066,0.381411,0.1412
14067,0.400173,0.227518
14068,0.448421,0.183604
14069,0.455108,0.273018
14070,0.405463,0.270875
14071,0.405463,0.270875
14072,0.394259,0.314625
14073,0.38576,0.349044
14074,0.420717,0.329559
14075,0.426207,0.478238
14076,0.438594,0.475916
14077,0.385478,0.525843
14078,0.385478,0.525843
14079,0.360091,0.469085
14080,0.366574,0.482437
14081,0.366574,0.482437
14082,0.358864,0.473893
14083,0.391998,0.332988
14084,0.391998,0.332988
14085,0.397393,0.328402
14086,0.383661,0.354335
14087,0.367913,0.381099
14088,0.408814,0.362691
14089,0.364958,0.394838
14090,0.373369,0.397117
14091,0.373369,0.397117
14092,0.332945,0.42531
14093,0.332945,0.42531
14094,0.332945,0.42531
14095,0.340596,0.367936
14096,0.340596,0.367936
14097,0.322048,0.343523
14098,0.322048,0.343523
14099,0.350019,0.431795
14100,0.350019,0.431795
14101,0.324718,0.371735
14102,0.31535,0.392935
14103,0.316629,0.321894
14104,0.310837,0.315092
14105,0.253565,0.375866
14106,0.234169,0.379759
14107,0.217607,0.249015
14108,0.217607,0.249015
14109,0.231867,0.325716
14110,0.212224,0.279645
14111,0.212224,0.279645
14112,0.282209,0.282918
14113,0.308358,0.271827
14114,0.311306,0.267496
14115,0.311306,0.267496
14116,0.317556,0.303476
14117,0.276881,0.284185
14118,0.245652,0.266587
14119,0.234894,0.272805
14120,0.199693,0.278552
14121,0.164936,0.331845
14122,0.238903,0.340023
14123,0.219681,0.36561
14124,0.219681,0.36561
14125,0.196601,0.329923
14126,0.215379,0.337899
14127,0.230517,0.378053
14128,0.255948,0.349726
14129,0.256119,0.342746
14130,0.252273,0.420967
14131,0.251401,0.401829
14132,0.251401,0.401829
14133,0.251401,0.401829
14134,0.283335,0.421828
14135,0.304537,0.393278
14136,0.30844,0.509085
14137,0.273995,0.426945
14138,0.278269,0.41
14139,0.225425,0.465001
14140,0.25745,0.480226
14141,0.266869,0.405567
14142,0.248921,0.374148
14143,0.248921,0.374148
14144,0.200513,0.370805
14145,0.222958,0.458399
14146,0.222958,0.458399
14147,0.189912,0.415771
14148,0.255956,0.416772
14149,0.241141,0.432392
14150,0.27017,0.429691
14151,0.27017,0.429691
14152,0.219994,0.48123
14153,0.219994,0.48123
14154,0.197431,0.491305
14155,0.197431,0.491305
14156,0.21081,0.40931
14157,0.206239,0.472969
14158,0.219031,0.432013
14159,0.192903,0.428317
14160,0.213944,0.416132
14161,0.213944,0.416132
14162,0.213944,0.416132
14163,0.187965,0.532836
14164,0.164397,0.458864
14165,0.171517,0.411189
14166,0.171517,0.411189
14167,0.176345,0.412013
14168,0.172529,0.484755
14169,0.164163,0.495859
14170,0.164163,0.495859
14171,0.15932,0.449934
14172,0.174846,0.416095
14173,0.186222,0.430778
14174,0.186222,0.430778
14175,0.152938,0.435721
14176,0.185835,0.436785
14177,0.19808,0.382535
14178,0.252409,0.387439
14179,0.228322,0.413658
14180,0.192036,0.36676
14181,0.192036,0.36676
14182,0.192036,0.36676
14183,0.17825,0.382641
14184,0.148285,0.453132
14185,0.148285,0.453132
14186,0.148285,0.453132
14187,0.130618,0.501688
14188,0.104365,0.570411
14189,0.111313,0.500918
14190,0.212153,0.489671
14191,0.192021,0.50631
14192,0.192021,0.50631
14193,0.192021,0.50631
14194,0.192021,0.50631
14195,0.184974,0.398796
14196,0.184974,0.398796
14197,0.133485,0.466238
14198,0.121365,0.455983
14199,0.121365,0.455983
14200,0.110266,0.452328
14201,0.110266,0.452328
14202,0.112806,0.506359
14203,0.112806,0.506359
14204,0.112806,0.506359
14205,0.124639,0.524025
14206,0.111456,0.441351
14207,0.089056,0.429216
14208,0.089056,0.429216
14209,0.089056,0.429216
14210,0.101089,0.426793
14211,0.0909152,0.495095
14212,0.0977175,0.478687
14213,0.134026,0.431933
14214,0.150024,0.383415
14215,0.0957356,0.3719
14216,0.0957356,0.3719
14217,0.14776,0.393919
14218,0.14776,0.393919
14219,0.190212,0.348607
14220,0.126117,0.411469
14221,0.079955,0.381894
14222,0.079955,0.381894
14223,0.079955,0.381894
14224,0.079955,0.381894
14225,0.0917584,0.404157
14226,0.10336,0.446559
14227,0.0521129,0.412647
14228,0.0518841,0.446184
14229,0.056991,0.408871
14230,0.0640362,0.434362
14231,0.0874192,0.415367
14232,0.0953591,0.449177
14233,0.0953591,0.449177
14234,0.0953591,0.449177
14235,0.0953591,0.449177
14236,0.105011,0.420808
14237,0.095321,0.454358
14238,0.0702808,0.433103
14239,0.0439377,0.390283
14240,0.0513793,0.37703
14241,0.115123,0.30879
14242,0.078071,0.308203
14243,0.137707,0.29921
14244,0.08789,0.305478
14245,0.109714,0.264042
14246,0.1157,0.284686
14247,0.087269,0.308435
14248,0.087269,0.308435
14249,0.087269,0.308435
14250,0.087269,0.308435
14251,0.101159,0.300056
14252,0.115998,0.332935
14253,0.115998,0.332935
14254,0.115998,0.332935
14255,0.15092,0.372209
14256,0.133982,0.374313
14257,0.141337,0.38043
14258,0.153551,0.486491
14259,0.123661,0.399085
14260,0.133972,0.360897
14261,0.133972,0.360897
14262,0.16233,0.400747
14263,0.168167,0.348324
14264,0.168167,0.348324
14265,0.175842,0.408052
14266,0.175842,0.408052
14267,0.175842,0.408052
14268,0.175842,0.408052
14269,0.151893,0.383879
14270,0.144282,0.394351
14271,0.118398,0.39731
14272,0.118398,0.39731
14273,0.118398,0.39731
14274,0.149485,0.428608
14275,0.150177,0.372968
14276,0.163793,0.421299
14277,0.122904,0.391349
14278,0.16515,0.408151
14279,0.159931,0.39353
14280,0.168777,0.428752
14281,0.195896,0.318805
14282,0.195896,0.318805
14283,0.179162,0.350166
14284,0.179162,0.350166
14285,0.179162,0.350166
14286,0.179162,0.350166
14287,0.197475,0.323518
14288,0.197475,0.323518
14289,0.179341,0.278735
14290,0.163819,0.262096
14291,0.185968,0.245285
14292,0.185968,0.245285
14293,0.234792,0.25226
14294,0.224874,0.234661
14295,0.258432,0.188336
14296,0.246293,0.222693
14297,0.252974,0.229569
14298,0.269358,0.22998
14299,0.357138,0.237807
14300,0.362299,0.234842
14301,0.329323,0.186029
14302,0.342069,0.186052
14303,0.274039,0.203662
14304,0.249354,0.186694
14305,0.288769,0.202405
14306,0.283978,0.200337
14307,0.283978,0.200337
14308,0.283817,0.157711
14309,0.229955,0.183148
14310,0.236112,0.211873
14311,0.271649,0.200711
14312,0.271649,0.200711
14313,0.302925,0.166292
14314,0.306128,0.147804
14315,0.349917,0.156271
14316,0.286924,0.170293
14317,0.300747,0.161906
14318,0.336776,0.231401
14319,0.336776,0.231401
14320,0.336776,0.231401
14321,0.333873,0.237373
14322,0.413003,0.230231
14323,0.413003,0.230231
14324,0.434322,0.23462
14325,0.434322,0.23462
14326,0.472283,0.268142
14327,0.505449,0.301274
14328,0.505449,0.301274
14329,0.498096,0.331498
14330,0.420748,0.306759
14331,0.432308,0.294127
14332,0.459978,0.278435
14333,0.465324,0.250329
14334,0.488984,0.25496
14335,0.488984,0.25496
14336,0.498374,0.339119
14337,0.498374,0.339119
14338,0.495219,0.269769
14339,0.488015,0.334491
14340,0.303692,0.341605
14341,0.303692,0.341605
14342,0.364538,0.299678
14343,0.360259,0.389249
14344,0.326118,0.345872
14345,0.326118,0.345872
14346,0.403345,0.378675
14347,0.391943,0.36651
14348,0.391943,0.36651
14349,0.361592,0.3631
14350,0.376284,0.306344
14351,0.376807,0.293731
14352,0.376807,0.293731
14353,0.358309,0.273173
14354,0.383312,0.260445
14355,0.366685,0.255405
14356,0.313636,0.241319
14357,0.285719,0.252503
14358,0.334489,0.252708
14359,0.274762,0.335596
14360,0.304957,0.252825
14361,0.255395,0.26788
14362,0.220165,0.279834
14363,0.220165,0.279834
14364,0.220165,0.279834
14365,0.223797,0.292002
14366,0.223797,0.292002
14367,0.160545,0.298144
14368,0.160545,0.298144
14369,0.160545,0.298144
14370,0.143123,0.315528
14371,0.133795,0.297596
14372,0.121143,0.313515
14373,0.121143,0.313515
14374,0.121143,0.313515
14375,0.140424,0.300241
14376,0.161969,0.295789
14377,0.169204,0.305006
14378,0.175922,0.307141
14379,0.18193,0.326229
14380,0.185602,0.314834
14381,0.185602,0.314834
14382,0.188783,0.298872
14383,0.188783,0.298872
14384,0.187059,0.299841
14385,0.187059,0.299841
14386,0.214112,0.320425
14387,0.195572,0.319042
14388,0.19155,0.290376
14389,0.2017,0.293036
14390,0.216272,0.315629
14391,0.208948,0.309647
14392,0.233066,0.279072
14393,0.213295,0.36185
14394,0.213295,0.36185
14395,0.183353,0.341864
14396,0.178666,0.285166
14397,0.181508,0.249787
14398,0.208431,0.299196
14399,0.201414,0.373173
14400,0.201414,0.373173
14401,0.16777,0.384948
14402,0.156341,0.36054
14403,0.184845,0.33704
14404,0.175434,0.333196
14405,0.175434,0.333196
14406,0.175434,0.333196
14407,0.162945,0.38817
14408,0.211986,0.337453
14409,0.202161,0.278783
14410,0.203743,0.302033
14411,0.203743,0.302033
14412,0.203743,0.302033
14413,0.203743,0.302033
14414,0.213214,0.266074
14415,0.228231,0.308405
14416,0.228231,0.308405
14417,0.228231,0.308405
14418,0.213733,0.31884
14419,0.158064,0.406777
14420,0.158064,0.406777
14421,0.120827,0.41481
14422,0.120827,0.41481
14423,0.181271,0.366703
14424,0.181271,0.366703
14425,0.181271,0.366703
14426,0.18289,0.349279
14427,0.186459,0.345341
14428,0.196552,0.339409
14429,0.196552,0.339409
14430,0.168201,0.356618
14431,0.168201,0.356618
14432,0.239931,0.340706
14433,0.202178,0.348339
14434,0.202178,0.348339
14435,0.210925,0.334845
14436,0.209771,0.297428
14437,0.209814,0.348656
14438,0.209814,0.348656
14439,0.200942,0.340163
14440,0.204525,0.35451
14441,0.243817,0.324292
14442,0.243817,0.324292
14443,0.241994,0.274362
14444,0.289615,0.305132
14445,0.247778,0.291168
14446,0.283235,0.267714
14447,0.298696,0.297839
14448,0.314649,0.276541
14449,0.314674,0.250021
14450,0.314674,0.250021
14451,0.314674,0.250021
14452,0.289065,0.289386
14453,0.320364,0.271713
14454,0.232802,0.241371
14455,0.282549,0.183329
14456,0.282549,0.183329
14457,0.243501,0.254976
14458,0.250246,0.291432
14459,0.289443,0.313721
14460,0.339429,0.273378
14461,0.339429,0.273378
14462,0.283897,0.299366
14463,0.283897,0.299366
14464,0.27534,0.278374
14465,0.251593,0.309569
14466,0.251593,0.309569
14467,0.280726,0.306982
14468,0.279375,0.297543
14469,0.236812,0.277678
14470,0.236352,0.214285
14471,0.233212,0.248842
14472,0.257356,0.240291
14473,0.257356,0.240291
14474,0.289728,0.256041
14475,0.289728,0.256041
14476,0.290827,0.27775
14477,0.332912,0.222944
14478,0.355402,0.231577
14479,0.346669,0.227399
14480,0.331283,0.197888
14481,0.331283,0.197888
14482,0.40849,0.161735
14483,0.40849,0.161735
14484,0.40408,0.148833
14485,0.369999,0.154316
14486,0.406409,0.185266
14487,0.370706,0.121888
14488,0.37191,0.141311
14489,0.37191,0.141311
14490,0.330752,0.204508
14491,0.307983,0.184021
14492,0.286612,0.1768
14493,0.261686,0.139832
14494,0.300592,0.144497
14495,0.348311,0.119132
14496,0.309844,0.16147
14497,0.321296,0.161586
14498,0.321296,0.161586
14499,0.321296,0.161586
14500,0.321296,0.161586
14501,0.321296,0.161586
14502,0.272144,0.201139
14503,0.274279,0.182774
14504,0.25871,0.182699
14505,0.314607,0.195486
14506,0.317943,0.215055
14507,0.317943,0.215055
14508,0.317943,0.215055
14509,0.354656,0.221445
14510,0.382165,0.248469
14511,0.382165,0.248469
14512,0.381708,0.205696
14513,0.381708,0.205696
14514,0.381708,0.205696
14515,0.332078,0.220156
14516,0.348328,0.200284
14517,0.378664,0.225201
14518,0.304992,0.209128
14519,0.330357,0.205889
14520,0.330357,0.205889
14521,0.338201,0.182604
14522,0.35649,0.196299
14523,0.301228,0.143035
14524,0.285085,0.137854
14525,0.299464,0.134557
14526,0.286236,0.165726
14527,0.286236,0.165726
14528,0.286236,0.165726
14529,0.281064,0.151366
14530,0.295653,0.182077
14531,0.312397,0.15636
14532,0.316615,0.167997
14533,0.278708,0.157707
14534,0.304572,0.191803
14535,0.275403,0.184217
14536,0.334708,0.196135
14537,0.351091,0.163712
14538,0.373701,0.173259
14539,0.373701,0.173259
14540,0.373701,0.173259
14541,0.373701,0.173259
14542,0.334117,0.178565
14543,0.313449,0.184186
14544,0.287309,0.18911
14545,0.287309,0.18911
14546,0.287309,0.18911
14547,0.235382,0.190531
14548,0.299064,0.200448
14549,0.247191,0.195041
14550,0.28406,0.176867
14551,0.259827,0.232458
14552,0.259827,0.232458
14553,0.259827,0.232458
14554,0.259008,0.214447
14555,0.233333,0.204484
14556,0.257662,0.192668
14557,0.252011,0.253215
14558,0.257234,0.198661
14559,0.292827,0.204835
14560,0.265247,0.202211
14561,0.271246,0.17077
14562,0.265481,0.159448
14563,0.265481,0.159448
14564,0.265481,0.159448
14565,0.253642,0.142032
14566,0.184972,0.179984
14567,0.25084,0.194889
14568,0.23221,0.189679
14569,0.246708,0.210225
14570,0.246708,0.210225
14571,0.246708,0.210225
14572,0.230872,0.188869
14573,0.238161,0.200128
14574,0.211151,0.202727
14575,0.201827,0.213399
14576,0.201827,0.213399
14577,0.182009,0.220195
14578,0.14876,0.242824
14579,0.14876,0.242824
14580,0.14876,0.242824
14581,0.160834,0.264812
14582,0.160834,0.264812
14583,0.189514,0.237737
14584,0.186181,0.253644
14585,0.186181,0.253644
14586,0.182177,0.242572
14587,0.187,0.265861
14588,0.1853,0.253878
14589,0.176292,0.232063
14590,0.176292,0.232063
14591,0.176292,0.232063
14592,0.176292,0.232063
14593,0.206734,0.256997
14594,0.207619,0.288808
14595,0.201477,0.301886
14596,0.201477,0.301886
14597,0.201477,0.301886
14598,0.175978,0.316278
14599,0.164793,0.329653
14600,0.113647,0.361676
14601,0.145611,0.354853
14602,0.162075,0.373988
14603,0.184488,0.359325
14604,0.182469,0.31054
14605,0.195506,0.296939
14606,0.195506,0.296939
14607,0.195506,0.296939
14608,0.17878,0.275114
14609,0.17878,0.275114
14610,0.17878,0.275114
14611,0.183326,0.278806
14612,0.218349,0.27742
14613,0.198636,0.21916
14614,0.18137,0.293647
14615,0.169056,0.295559
14616,0.19061,0.286353
14617,0.168005,0.273096
14618,0.184493,0.291549
14619,0.199347,0.257265
14620,0.188575,0.228525
14621,0.225666,0.269195
14622,0.194697,0.24428
14623,0.185786,0.309952
14624,0.185786,0.309952
14625,0.197111,0.353484
14626,0.20431,0.334894
14627,0.20431,0.334894
14628,0.24298,0.296657
14629,0.24298,0.296657
14630,0.24298,0.296657
14631,0.258474,0.261705
14632,0.269488,0.275992
14633,0.269488,0.275992
14634,0.287439,0.27635
14635,0.255198,0.222075
14636,0.255198,0.222075
14637,0.255198,0.222075
14638,0.282176,0.256686
14639,0.305051,0.271233
14640,0.293041,0.310009
14641,0.337217,0.237046
14642,0.337217,0.237046
14643,0.33703,0.263049
14644,0.356165,0.231597
14645,0.34541,0.287456
14646,0.404334,0.222434
14647,0.404334,0.222434
14648,0.454339,0.230404
14649,0.473671,0.204538
14650,0.415508,0.196343
14651,0.466821,0.171654
14652,0.420977,0.188008
14653,0.412276,0.171274
14654,0.343049,0.172062
14655,0.377424,0.140066
14656,0.326271,0.162536
14657,0.317309,0.178745
14658,0.347414,0.191816
14659,0.347414,0.191816
14660,0.347414,0.191816
14661,0.348142,0.162774
14662,0.348142,0.162774
14663,0.363177,0.130113
14664,0.315874,0.153052
14665,0.254748,0.187616
14666,0.254748,0.187616
14667,0.211575,0.213801
14668,0.269625,0.180741
14669,0.25538,0.190871
14670,0.240895,0.184675
14671,0.255683,0.156639
14672,0.257838,0.170131
14673,0.214707,0.121816
14674,0.247829,0.121536
14675,0.251194,0.16999
14676,0.242653,0.199338
14677,0.241195,0.21782
14678,0.351792,0.192458
14679,0.320216,0.242486
14680,0.392348,0.239886
14681,0.392348,0.239886
14682,0.392348,0.239886
14683,0.410302,0.260062
14684,0.420793,0.233775
14685,0.498363,0.248131
14686,0.582057,0.232426
14687,0.526303,0.249193
14688,0.576694,0.248951
14689,0.576694,0.248951
14690,0.631184,0.247549
14691,0.631184,0.247549
14692,0.627969,0.204037
14693,0.627969,0.204037
14694,0.606446,0.221142
14695,0.570495,0.169263
14696,0.568937,0.235027
14697,0.604499,0.265798
14698,0.667061,0.211299
14699,0.578014,0.186776
14700,0.596427,0.213092
14701,0.495052,0.298615
14702,0.499552,0.278061
14703,0.499552,0.278061
14704,0.516131,0.328035
14705,0.516131,0.328035
14706,0.516131,0.328035
14707,0.516131,0.328035
14708,0.54628,0.2794
14709,0.538199,0.311085
14710,0.538199,0.311085
14711,0.538199,0.311085
14712,0.603997,0.243299
14713,0.608363,0.300788
14714,0.536057,0.301607
14715,0.536057,0.301607
14716,0.645401,0.345811
14717,0.683479,0.459003
14718,0.651064,0.503167
14719,0.651064,0.503167
14720,0.651064,0.503167
14721,0.706134,0.407258
14722,0.618571,0.377735
14723,0.605684,0.349851
14724,0.598557,0.364987
14725,0.585599,0.380707
14726,0.582257,0.385279
14727,0.582257,0.385279
14728,0.582257,0.385279
14729,0.530493,0.362277
14730,0.584009,0.332171
14731,0.48962,0.312231
14732,0.579161,0.310865
14733,0.622731,0.333574
14734,0.622731,0.333574
14735,0.567774,0.2808
14736,0.534272,0.293602
14737,0.534272,0.293602
14738,0.568276,0.321013
14739,0.533734,0.378146
14740,0.585831,0.44268
14741,0.583201,0.498186
14742,0.583201,0.498186
14743,0.583201,0.498186
14744,0.614197,0.476879
14745,0.614197,0.476879
14746,0.616181,0.451888
14747,0.496169,0.501259
14748,0.492287,0.428911
14749,0.524788,0.393236
14750,0.566567,0.518628
14751,0.534815,0.584862
14752,0.486683,0.466015
14753,0.528459,0.560707
14754,0.548945,0.456528
14755,0.505382,0.492345
14756,0.502092,0.488402
14757,0.502092,0.488402
14758,0.47655,0.432324
14759,0.492981,0.38629
14760,0.408637,0.458349
14761,0.385332,0.447015
14762,0.388418,0.425843
14763,0.388418,0.425843
14764,0.388418,0.425843
14765,0.388418,0.425843
14766,0.429277,0.394948
14767,0.390354,0.338232
14768,0.390354,0.338232
14769,0.390354,0.338232
14770,0.408748,0.397443
14771,0.413292,0.424778
14772,0.466807,0.35637
14773,0.397409,0.379573
14774,0.413142,0.348263
14775,0.390558,0.327824
14776,0.423462,0.308969
14777,0.403694,0.356096
14778,0.395107,0.274884
14779,0.395107,0.274884
14780,0.312128,0.371373
14781,0.312128,0.371373
14782,0.312128,0.371373
14783,0.364046,0.388052
14784,0.332332,0.386037
14785,0.338401,0.410453
14786,0.338401,0.410453
14787,0.305192,0.413015
14788,0.285477,0.315325
14789,0.201412,0.311897
14790,0.339264,0.352438
14791,0.419752,0.384245
14792,0.346983,0.365052
14793,0.346983,0.365052
14794,0.340404,0.354357
14795,0.332187,0.440498
14796,0.414587,0.409924
14797,0.432379,0.474723
14798,0.39417,0.457923
14799,0.360584,0.419769
14800,0.247741,0.443769
14801,0.247741,0.443769
14802,0.234442,0.487247
14803,0.307385,0.47969
14804,0.321579,0.542116
14805,0.304816,0.494949
14806,0.302055,0.433526
14807,0.346533,0.420116
14808,0.317513,0.380677
14809,0.311428,0.332392
14810,0.267246,0.360319
14811,0.267246,0.360319
14812,0.266909,0.361649
14813,0.188485,0.389288
14814,0.199527,0.346992
14815,0.213964,0.431525
14816,0.213964,0.431525
14817,0.232313,0.468428
14818,0.270791,0.471135
14819,0.266014,0.455515
14820,0.266014,0.455515
14821,0.26536,0.490028
14822,0.26556,0.498612
14823,0.227767,0.536544
14824,0.180252,0.530064
14825,0.150466,0.50895
14826,0.150466,0.50895
14827,0.148388,0.548019
14828,0.147581,0.49527
14829,0.147581,0.49527
14830,0.140902,0.539469
14831,0.152083,0.51149
14832,0.175748,0.448827
14833,0.175748,0.448827
14834,0.219669,0.523171
14835,0.177229,0.504966
14836,0.186433,0.643936
14837,0.186433,0.643936
14838,0.193312,0.644201
14839,0.193312,0.644201
14840,0.177306,0.622252
14841,0.133884,0.659821
14842,0.204815,0.628255
14843,0.221621,0.678796
14844,0.221621,0.678796
14845,0.221621,0.678796
14846,0.245388,0.703632
14847,0.22629,0.698669
14848,0.303488,0.522133
14849,0.303488,0.522133
14850,0.261783,0.53409
14851,0.261783,0.53409
14852,0.261783,0.53409
14853,0.218507,0.547585
14854,0.254196,0.526998
14855,0.304377,0.498444
14856,0.31979,0.50684
14857,0.30156,0.537201
14858,0.272427,0.505605
14859,0.249184,0.452482
14860,0.245627,0.429618
14861,0.221767,0.426347
14862,0.256928,0.355021
14863,0.258159,0.371822
14864,0.258159,0.371822
14865,0.243794,0.233359
14866,0.243794,0.233359
14867,0.211218,0.29626
14868,0.251093,0.360998
14869,0.254609,0.348343
14870,0.254609,0.348343
14871,0.269264,0.278811
14872,0.306603,0.238771
14873,0.306603,0.238771
14874,0.339207,0.2549
14875,0.295777,0.209175
14876,0.354458,0.242951
14877,0.354458,0.242951
14878,0.457976,0.263001
14879,0.440231,0.270523
14880,0.547498,0.224229
14881,0.51203,0.241386
14882,0.530905,0.214584
14883,0.573498,0.259409
14884,0.573498,0.259409
14885,0.489242,0.2943
14886,0.489242,0.2943
14887,0.511025,0.250117
14888,0.451416,0.208833
14889,0.451416,0.208833
14890,0.451416,0.208833
14891,0.451416,0.208833
14892,0.435365,0.251962
14893,0.435365,0.251962
14894,0.450738,0.238657
14895,0.450738,0.238657
14896,0.491093,0.203478
14897,0.491093,0.203478
14898,0.45322,0.176127
14899,0.394398,0.208832
14900,0.394398,0.208832
14901,0.398397,0.210153
14902,0.432892,0.248169
14903,0.418785,0.24718
14904,0.373375,0.219007
14905,0.349378,0.237249
14906,0.349378,0.237249
14907,0.371522,0.222304
14908,0.403242,0.238316
14909,0.403242,0.238316
14910,0.403242,0.238316
14911,0.37944,0.220541
14912,0.354183,0.221458
14913,0.354183,0.221458
14914,0.355514,0.247788
14915,0.355514,0.247788
14916,0.378892,0.231834
14917,0.346513,0.256922
14918,0.346513,0.256922
14919,0.374574,0.286439
14920,0.349341,0.297642
14921,0.349341,0.297642
14922,0.43492,0.323067
14923,0.328287,0.317995
14924,0.398533,0.290419
14925,0.370505,0.281309
14926,0.415524,0.267008
14927,0.415524,0.267008
14928,0.387219,0.283981
14929,0.319347,0.277099
14930,0.339835,0.291652
14931,0.371956,0.206548
14932,0.402605,0.206226
14933,0.332305,0.262971
14934,0.317415,0.288055
14935,0.317415,0.288055
14936,0.313371,0.278331
14937,0.32009,0.337221
14938,0.374705,0.343013
14939,0.374705,0.343013
14940,0.353505,0.335382
14941,0.341893,0.395856
14942,0.350105,0.375274
14943,0.380579,0.347203
14944,0.348841,0.336697
14945,0.36358,0.289723
14946,0.316279,0.354051
14947,0.305353,0.369872
14948,0.260435,0.363152
14949,0.260435,0.363152
14950,0.336245,0.307416
14951,0.363743,0.30534
14952,0.363743,0.30534
14953,0.383149,0.352477
14954,0.403717,0.305154
14955,0.396858,0.331778
14956,0.396858,0.331778
14957,0.371824,0.370296
14958,0.371824,0.370296
14959,0.377589,0.355024
14960,0.395474,0.427151
14961,0.395474,0.427151
14962,0.395474,0.427151
14963,0.371173,0.461617
14964,0.295299,0.528572
14965,0.352713,0.61184
14966,0.406407,0.509468
14967,0.406407,0.509468
14968,0.406407,0.509468
14969,0.388927,0.603011
14970,0.314115,0.64124
14971,0.314115,0.64124
14972,0.356436,0.577959
14973,0.408995,0.453297
14974,0.456798,0.494159
14975,0.479081,0.55544
14976,0.50759,0.572321
14977,0.501276,0.636637
14978,0.501276,0.636637
14979,0.496248,0.565545
14980,0.501506,0.602816
14981,0.415401,0.601406
14982,0.423312,0.631929
14983,0.442259,0.534477
14984,0.442259,0.534477
14985,0.442259,0.534477
14986,0.406612,0.562712
14987,0.406612,0.562712
14988,0.386874,0.6276
14989,0.367829,0.60693
14990,0.383375,0.64975
14991,0.383375,0.64975
14992,0.383375,0.64975
14993,0.404636,0.62119
14994,0.375122,0.645371
14995,0.388651,0.601504
14996,0.372982,0.619851
14997,0.433297,0.670211
14998,0.433297,0.670211
14999,0.433297,0.670211
15000,0.469166,0.628686
15001,0.413047,0.565552
15002,0.413047,0.565552
15003,0.399153,0.594494
15004,0.512126,0.692574
15005,0.512126,0.692574
15006,0.512126,0.692574
15007,0.505148,0.502668
15008,0.604409,0.535671
15009,0.515445,0.442962
15010,0.515445,0.442962
15011,0.515445,0.442962
15012,0.600319,0.46148
15013,0.489809,0.530615
15014,0.489809,0.530615
15015,0.483887,0.562299
15016,0.535454,0.519139
15017,0.440883,0.528234
15018,0.497596,0.54774
15019,0.527724,0.571464
15020,0.491656,0.535113
15021,0.5131,0.639064
15022,0.5131,0.639064
15023,0.471609,0.636215
15024,0.471609,0.636215
15025,0.451034,0.624036
15026,0.478236,0.52871
15027,0.478236,0.52871
15028,0.478236,0.52871
15029,0.524755,0.54717
15030,0.455962,0.59574
15031,0.455962,0.59574
15032,0.368054,0.540358
15033,0.374229,0.516787
15034,0.374229,0.516787
15035,0.340256,0.518178
15036,0.345597,0.551421
15037,0.300824,0.601076
15038,0.300824,0.601076
15039,0.300824,0.601076
15040,0.296704,0.449026
15041,0.341902,0.456651
15042,0.384658,0.610309
15043,0.294791,0.63069
15044,0.337713,0.617568
15045,0.33688,0.542719
15046,0.33688,0.542719
15047,0.322293,0.546211
15048,0.301441,0.555302
15049,0.301441,0.555302
15050,0.341544,0.576339
15051,0.384966,0.584016
15052,0.438716,0.613249
15053,0.428161,0.513725
15054,0.397587,0.439131
15055,0.333623,0.454228
15056,0.374048,0.477997
15057,0.291479,0.385752
15058,0.334881,0.372065
15059,0.31482,0.304823
15060,0.31482,0.304823
15061,0.315953,0.330792
15062,0.315953,0.330792
15063,0.315953,0.330792
15064,0.315953,0.330792
15065,0.315953,0.330792
15066,0.289267,0.359069
15067,0.269107,0.348265
15068,0.263929,0.33552
15069,0.245004,0.347028
15070,0.199782,0.382701
15071,0.249896,0.408576
15072,0.207697,0.459379
15073,0.195088,0.487084
15074,0.185222,0.392843
15075,0.208137,0.349498
15076,0.208137,0.349498
15077,0.162519,0.383992
15078,0.189861,0.388638
15079,0.189861,0.388638
15080,0.18879,0.406224
15081,0.190213,0.318437
15082,0.187768,0.438023
15083,0.210604,0.542602
15084,0.214496,0.566992
15085,0.242928,0.569522
15086,0.223873,0.519404
15087,0.223873,0.519404
15088,0.239855,0.435446
15089,0.235707,0.400282
15090,0.27156,0.410891
15091,0.256577,0.499683
15092,0.256577,0.499683
15093,0.203094,0.507234
15094,0.177869,0.509177
15095,0.177869,0.509177
15096,0.177869,0.509177
15097,0.177869,0.509177
15098,0.164866,0.471859
15099,0.148185,0.469339
15100,0.148185,0.469339
15101,0.148185,0.469339
15102,0.142149,0.551021
15103,0.170108,0.449647
15104,0.160884,0.430239
15105,0.160884,0.430239
15106,0.183667,0.404631
15107,0.156815,0.376214
15108,0.147469,0.423377
15109,0.160024,0.449375
15110,0.160024,0.449375
15111,0.160024,0.449375
15112,0.166718,0.570544
15113,0.142557,0.45603
15114,0.167438,0.429662
15115,0.165503,0.410727
15116,0.197524,0.425197
15117,0.215115,0.430098
15118,0.212765,0.438668
15119,0.212765,0.438668
15120,0.2303,0.353207
15121,0.2303,0.353207
15122,0.195938,0.385621
15123,0.195938,0.385621
15124,0.195938,0.385621
15125,0.184229,0.367758
15126,0.201311,0.401355
15127,0.201311,0.401355
15128,0.251951,0.364296
15129,0.251951,0.364296
15130,0.251951,0.364296
15131,0.242671,0.337184
15132,0.262593,0.342755
15133,0.248684,0.343639
15134,0.146301,0.280019
15135,0.11046,0.303788
15136,0.126649,0.316534
15137,0.1976,0.311738
15138,0.1976,0.311738
15139,0.25294,0.294928
15140,0.25294,0.294928
15141,0.295768,0.253402
15142,0.319837,0.238939
15143,0.319837,0.238939
15144,0.232983,0.21023
15145,0.155948,0.22995
15146,0.189709,0.236188
15147,0.212724,0.215309
15148,0.162401,0.219758
15149,0.1776,0.20516
15150,0.1776,0.20516
15151,0.121312,0.235716
15152,0.176229,0.295551
15153,0.205693,0.313059
15154,0.205693,0.313059
15155,0.184741,0.329455
15156,0.234458,0.301209
15157,0.200717,0.289282
15158,0.183253,0.299477
15159,0.183253,0.299477
15160,0.162931,0.355962
15161,0.162931,0.355962
15162,0.184868,0.362514
15163,0.211896,0.307724
15164,0.24176,0.318572
15165,0.219798,0.373586
15166,0.220117,0.400083
15167,0.209178,0.378353
15168,0.209178,0.378353
15169,0.202168,0.269647
15170,0.202168,0.269647
15171,0.165823,0.313336
15172,0.156507,0.324981
15173,0.207905,0.28397
15174,0.207905,0.28397
15175,0.207905,0.28397
15176,0.182078,0.251098
15177,0.164314,0.252341
15178,0.161449,0.291745
15179,0.161449,0.291745
15180,0.161449,0.291745
15181,0.185505,0.289071
15182,0.187007,0.288994
15183,0.240226,0.243711
15184,0.224081,0.243427
15185,0.148078,0.227867
15186,0.106194,0.270336
15187,0.154515,0.263556
15188,0.125671,0.248195
15189,0.163763,0.232767
15190,0.117989,0.214581
15191,0.170214,0.211505
15192,0.170214,0.211505
15193,0.170214,0.211505
15194,0.161935,0.186981
15195,0.178784,0.219866
15196,0.178784,0.219866
15197,0.153842,0.218817
15198,0.156692,0.206197
15199,0.156692,0.206197
15200,0.176046,0.185313
15201,0.20214,0.199854
15202,0.20214,0.199854
15203,0.20214,0.199854
15204,0.210202,0.175317
15205,0.210202,0.175317
15206,0.169855,0.230966
15207,0.234803,0.217616
15208,0.234803,0.217616
15209,0.234803,0.217616
15210,0.224981,0.227594
15211,0.224981,0.227594
15212,0.224981,0.227594
15213,0.218138,0.233297
15214,0.217893,0.264527
15215,0.258198,0.302606
15216,0.258198,0.302606
15217,0.258198,0.302606
15218,0.279728,0.279025
15219,0.277805,0.241071
15220,0.328296,0.255526
15221,0.298335,0.247797
15222,0.264937,0.228147
15223,0.280702,0.207003
15224,0.246279,0.190539
15225,0.246279,0.190539
15226,0.275242,0.198252
15227,0.26278,0.212199
15228,0.284367,0.253295
15229,0.284367,0.253295
15230,0.284367,0.253295
15231,0.309645,0.241428
15232,0.309645,0.241428
15233,0.241931,0.209556
15234,0.241931,0.209556
15235,0.241931,0.209556
15236,0.241931,0.209556
15237,0.241931,0.209556
15238,0.300582,0.167291
15239,0.300582,0.167291
15240,0.28132,0.175363
15241,0.28132,0.175363
15242,0.28132,0.175363
15243,0.298495,0.168958
15244,0.296703,0.155961
15245,0.283958,0.185743
15246,0.305241,0.163702
15247,0.28524,0.183923
15248,0.325691,0.172523
15249,0.282166,0.149314
15250,0.266548,0.204298
15251,0.308768,0.182866
15252,0.299888,0.192668
15253,0.248909,0.170184
15254,0.247564,0.203971
15255,0.247564,0.203971
15256,0.247564,0.203971
15257,0.247779,0.170356
15258,0.247779,0.170356
15259,0.254027,0.18284
15260,0.254027,0.18284
15261,0.237623,0.198475
15262,0.241229,0.193755
15263,0.277213,0.266516
15264,0.245136,0.307489
15265,0.245136,0.307489
15266,0.212296,0.276388
15267,0.22533,0.246906
15268,0.22533,0.246906
15269,0.22533,0.246906
15270,0.192724,0.271716
15271,0.192724,0.271716
15272,0.2442,0.194392
15273,0.272521,0.207397
15274,0.272521,0.207397
15275,0.272521,0.207397
15276,0.235813,0.220867
15277,0.285731,0.308375
15278,0.285731,0.308375
15279,0.321484,0.31479
15280,0.330339,0.365264
15281,0.3209,0.283098
15282,0.351957,0.261281
15283,0.348023,0.330702
15284,0.348023,0.330702
15285,0.348023,0.330702
15286,0.348023,0.330702
15287,0.348023,0.330702
15288,0.348023,0.330702
15289,0.348023,0.330702
15290,0.348023,0.330702
15291,0.348023,0.330702
15292,0.335092,0.307737
15293,0.401435,0.283838
15294,0.367733,0.308724
15295,0.372624,0.38034
15296,0.372624,0.38034
15297,0.352647,0.356666
15298,0.352647,0.356666
15299,0.429113,0.295437
15300,0.326899,0.356129
15301,0.327962,0.333156
15302,0.288289,0.334013
15303,0.31601,0.288509
15304,0.314638,0.265123
15305,0.321459,0.296885
15306,0.292017,0.319223
15307,0.292017,0.319223
15308,0.30312,0.335263
15309,0.33994,0.328063
15310,0.33994,0.328063
15311,0.33994,0.328063
15312,0.358219,0.351013
15313,0.465926,0.33004
15314,0.439998,0.304575
15315,0.418202,0.295223
15316,0.433278,0.279597
15317,0.434317,0.283341
15318,0.404213,0.330371
15319,0.474857,0.279958
15320,0.374615,0.27187
15321,0.412586,0.234847
15322,0.384343,0.247814
15323,0.420772,0.194487
15324,0.368803,0.197129
15325,0.368803,0.197129
15326,0.368803,0.197129
15327,0.443686,0.219653
15328,0.387703,0.199836
15329,0.387703,0.199836
15330,0.44984,0.232873
15331,0.44984,0.232873
15332,0.412931,0.200701
15333,0.431232,0.195596
15334,0.353168,0.248196
15335,0.444746,0.180284
15336,0.406686,0.201091
15337,0.413033,0.205469
15338,0.366294,0.256807
15339,0.337923,0.306389
15340,0.372038,0.317845
15341,0.372038,0.317845
15342,0.381083,0.295943
15343,0.317824,0.377984
15344,0.308063,0.351169
15345,0.279279,0.3441
15346,0.337969,0.327139
15347,0.337969,0.327139
15348,0.291686,0.34701
15349,0.291686,0.34701
15350,0.291686,0.34701
15351,0.291686,0.34701
15352,0.29499,0.378777
15353,0.29499,0.378777
15354,0.29499,0.378777
15355,0.26888,0.389354
15356,0.28271,0.373324
15357,0.28271,0.373324
15358,0.240918,0.359574
15359,0.240918,0.359574
15360,0.265532,0.398265
15361,0.265532,0.398265
15362,0.30756,0.390469
15363,0.334669,0.334488
15364,0.255357,0.321885
15365,0.323879,0.357856
15366,0.331469,0.316714
15367,0.331469,0.316714
15368,0.271499,0.323315
15369,0.271499,0.323315
15370,0.271499,0.323315
15371,0.271499,0.323315
15372,0.308765,0.277419
15373,0.33198,0.300386
15374,0.303901,0.275006
15375,0.279148,0.310483
15376,0.32106,0.294646
15377,0.311486,0.341249
15378,0.32318,0.346601
15379,0.309748,0.369016
15380,0.309748,0.369016
15381,0.317001,0.333965
15382,0.317001,0.333965
15383,0.294603,0.356443
15384,0.281493,0.40968
15385,0.281493,0.40968
15386,0.316626,0.421851
15387,0.316626,0.421851
15388,0.292179,0.427841
15389,0.24256,0.324136
15390,0.24256,0.324136
15391,0.192239,0.35414
15392,0.213537,0.329928
15393,0.214071,0.341228
15394,0.231014,0.322407
15395,0.303414,0.255682
15396,0.253732,0.297133
15397,0.26498,0.345216
15398,0.26498,0.345216
15399,0.209868,0.38433
15400,0.284675,0.391512
15401,0.274525,0.340634
15402,0.249958,0.39178
15403,0.249958,0.39178
15404,0.249958,0.39178
15405,0.243896,0.375111
15406,0.243896,0.375111
15407,0.220493,0.341521
15408,0.220493,0.341521
15409,0.212349,0.307978
15410,0.190594,0.297134
15411,0.116354,0.327372
15412,0.108523,0.328254
15413,0.108523,0.328254
15414,0.121251,0.375891
15415,0.132145,0.329406
15416,0.132145,0.329406
15417,0.132145,0.329406
15418,0.096012,0.249517
15419,0.125864,0.282167
15420,0.164485,0.287229
15421,0.164485,0.287229
15422,0.104336,0.275281
15423,0.104336,0.275281
15424,0.104336,0.275281
15425,0.104336,0.275281
15426,0.118713,0.295241
15427,0.118713,0.295241
15428,0.148069,0.288613
15429,0.156908,0.324204
15430,0.227063,0.29469
15431,0.229215,0.270598
15432,0.229215,0.270598
15433,0.229215,0.270598
15434,0.229215,0.270598
15435,0.180363,0.28812
15436,0.202655,0.273027
15437,0.189858,0.296767
15438,0.189634,0.270174
15439,0.189634,0.270174
15440,0.189634,0.270174
15441,0.193187,0.244462
15442,0.173819,0.256322
15443,0.173819,0.256322
15444,0.173819,0.256322
15445,0.155768,0.214791
15446,0.154956,0.241827
15447,0.154956,0.241827
15448,0.154956,0.241827
15449,0.150963,0.247064
15450,0.191192,0.225268
15451,0.191192,0.225268
15452,0.226016,0.223361
15453,0.23196,0.229905
15454,0.23196,0.229905
15455,0.23196,0.229905
15456,0.23196,0.229905
15457,0.23196,0.229905
15458,0.243013,0.221245
15459,0.243013,0.221245
15460,0.243013,0.221245
15461,0.223882,0.259178
15462,0.223882,0.259178
15463,0.223882,0.259178
15464,0.266533,0.285071
15465,0.266533,0.285071
15466,0.266533,0.285071
15467,0.231003,0.278686
15468,0.209994,0.318779
15469,0.229146,0.276631
15470,0.163674,0.304626
15471,0.163674,0.304626
15472,0.162175,0.333845
15473,0.163988,0.337444
15474,0.163988,0.337444
15475,0.163988,0.337444
15476,0.163988,0.337444
15477,0.175729,0.334425
15478,0.180881,0.352142
15479,0.180881,0.352142
15480,0.177951,0.308468
15481,0.18302,0.366829
15482,0.18302,0.366829
15483,0.18302,0.366829
15484,0.164554,0.310984
15485,0.226321,0.366373
15486,0.259153,0.360966
15487,0.19179,0.314347
15488,0.227924,0.345937
15489,0.199827,0.326043
15490,0.17303,0.324928
15491,0.223999,0.332805
15492,0.210485,0.320292
15493,0.208291,0.315726
15494,0.213761,0.299202
15495,0.190072,0.260661
15496,0.169298,0.28163
15497,0.157539,0.324572
15498,0.160274,0.327386
15499,0.134478,0.317917
15500,0.148889,0.344462
15501,0.165566,0.359397
15502,0.107071,0.423674
15503,0.144117,0.331071
15504,0.144117,0.331071
15505,0.0792294,0.361563
15506,0.123047,0.314908
15507,0.141798,0.346032
15508,0.140092,0.306671
15509,0.140092,0.306671
15510,0.140092,0.306671
15511,0.0997219,0.290197
15512,0.0997219,0.290197
15513,0.115721,0.26876
15514,0.115721,0.26876
15515,0.110719,0.280195
15516,0.110719,0.280195
15517,0.132198,0.311451
15518,0.115167,0.324674
15519,0.115167,0.324674
15520,0.128275,0.324382
15521,0.0995173,0.247339
15522,0.0995173,0.247339
15523,0.109836,0.198791
15524,0.170075,0.206463
15525,0.194613,0.198743
15526,0.156377,0.169976
15527,0.20021,0.237171
15528,0.155705,0.293303
15529,0.188664,0.3024
15530,0.158918,0.274439
15531,0.21065,0.38721
15532,0.21065,0.38721
15533,0.21065,0.38721
15534,0.188766,0.330293
15535,0.188766,0.330293
15536,0.211026,0.355421
15537,0.211026,0.355421
15538,0.213469,0.366385
15539,0.161192,0.357385
15540,0.158253,0.291972
15541,0.158253,0.291972
15542,0.165025,0.273475
15543,0.165025,0.273475
15544,0.165025,0.273475
15545,0.202938,0.242117
15546,0.144181,0.294292
15547,0.219581,0.269193
15548,0.234119,0.292774
15549,0.312862,0.26009
15550,0.312862,0.26009
15551,0.304935,0.266205
15552,0.304935,0.266205
15553,0.266859,0.25728
15554,0.317314,0.271052
15555,0.210191,0.309716
15556,0.299702,0.319262
15557,0.299685,0.335445
15558,0.316141,0.307566
15559,0.316141,0.307566
15560,0.325001,0.267281
15561,0.325001,0.267281
15562,0.372121,0.253515
15563,0.326727,0.261584
15564,0.326727,0.261584
15565,0.236405,0.24353
15566,0.333222,0.233108
15567,0.288518,0.214429
15568,0.333946,0.22186
15569,0.316224,0.233349
15570,0.316224,0.233349
15571,0.249474,0.244794
15572,0.249474,0.244794
15573,0.249474,0.244794
15574,0.249474,0.244794
15575,0.249474,0.244794
15576,0.261991,0.282436
15577,0.261991,0.282436
15578,0.247269,0.263249
15579,0.285822,0.272906
15580,0.291299,0.24681
15581,0.329353,0.269311
15582,0.329353,0.269311
15583,0.258272,0.267734
15584,0.26794,0.326845
15585,0.275282,0.300351
15586,0.288409,0.247032
15587,0.271005,0.310656
15588,0.312133,0.240306
15589,0.312133,0.240306
15590,0.29635,0.296149
15591,0.292595,0.261331
15592,0.315845,0.286718
15593,0.315845,0.286718
15594,0.237483,0.286559
15595,0.237483,0.286559
15596,0.270387,0.23256
15597,0.270387,0.23256
15598,0.315295,0.246135
15599,0.315295,0.246135
15600,0.315295,0.246135
15601,0.313329,0.197702
15602,0.279402,0.179014
15603,0.30325,0.212838
15604,0.315176,0.212991
15605,0.315176,0.212991
15606,0.366454,0.192004
15607,0.39091,0.193933
15608,0.39091,0.193933
15609,0.39091,0.193933
15610,0.39091,0.193933
15611,0.356788,0.174151
15612,0.378748,0.1369
15613,0.425675,0.157933
15614,0.420488,0.169053
15615,0.422625,0.201466
15616,0.422625,0.201466
15617,0.415443,0.240945
15618,0.378422,0.158346
15619,0.378422,0.158346
15620,0.378422,0.158346
15621,0.378422,0.158346
15622,0.422065,0.210653
15623,0.5043,0.215187
15624,0.5043,0.215187
15625,0.5043,0.215187
15626,0.384424,0.215227
15627,0.394408,0.229899
15628,0.38855,0.384953
15629,0.327787,0.364591
15630,0.372531,0.2931
15631,0.358522,0.280395
15632,0.32987,0.285943
15633,0.292989,0.251637
15634,0.300192,0.380142
15635,0.300192,0.380142
15636,0.300192,0.380142
15637,0.304959,0.313445
15638,0.294901,0.312109
15639,0.317411,0.339003
15640,0.280616,0.379943
15641,0.362055,0.393864
15642,0.295185,0.38881
15643,0.299994,0.415417
15644,0.29923,0.402634
15645,0.277958,0.439234
15646,0.29438,0.493462
15647,0.29438,0.493462
15648,0.29438,0.493462
15649,0.29438,0.493462
15650,0.29438,0.493462
15651,0.261526,0.443443
15652,0.188864,0.419659
15653,0.206017,0.382004
15654,0.216159,0.370665
15655,0.232411,0.38861
15656,0.189001,0.37864
15657,0.189001,0.37864
15658,0.200593,0.417398
15659,0.191508,0.430749
15660,0.210292,0.459223
15661,0.175897,0.435317
15662,0.146854,0.416814
15663,0.125985,0.437644
15664,0.09776,0.354388
15665,0.09776,0.354388
15666,0.09776,0.354388
15667,0.079808,0.41168
15668,0.079808,0.41168
15669,0.0947534,0.431159
15670,0.118636,0.399956
15671,0.147053,0.393788
15672,0.147053,0.393788
15673,0.205505,0.422284
15674,0.195954,0.398012
15675,0.155867,0.312665
15676,0.170453,0.331989
15677,0.227273,0.329576
15678,0.227273,0.329576
15679,0.223815,0.321706
15680,0.223815,0.321706
15681,0.274297,0.306559
15682,0.24337,0.38889
15683,0.25085,0.331452
15684,0.268908,0.324518
15685,0.25006,0.368071
15686,0.25006,0.368071
15687,0.25006,0.368071
15688,0.25006,0.368071
15689,0.265225,0.350236
15690,0.249715,0.334343
15691,0.249715,0.334343
15692,0.249715,0.334343
15693,0.243802,0.34658
15694,0.243802,0.34658
15695,0.264315,0.376798
15696,0.260081,0.389894
15697,0.260081,0.389894
15698,0.256799,0.401367
15699,0.256799,0.401367
15700,0.256799,0.401367
15701,0.256799,0.401367
15702,0.256799,0.401367
15703,0.256799,0.401367
15704,0.251644,0.329838
15705,0.264924,0.340333
15706,0.264924,0.340333
15707,0.277233,0.37878
15708,0.225669,0.321897
15709,0.225669,0.321897
15710,0.294771,0.322962
15711,0.298278,0.354897
15712,0.291537,0.340186
15713,0.279309,0.351265
15714,0.247394,0.313601
15715,0.263553,0.305021
15716,0.224026,0.22581
15717,0.252869,0.228505
15718,0.252869,0.228505
15719,0.252869,0.228505
15720,0.214583,0.243887
15721,0.214583,0.243887
15722,0.214583,0.243887
15723,0.214583,0.243887
15724,0.211911,0.251257
15725,0.211911,0.251257
15726,0.240627,0.283381
15727,0.252029,0.270877
15728,0.213772,0.246619
15729,0.213772,0.246619
15730,0.213772,0.246619
15731,0.267228,0.246215
15732,0.253773,0.269684
15733,0.236824,0.292411
15734,0.225748,0.25456
15735,0.22696,0.243243
15736,0.225015,0.237918
15737,0.202515,0.233811
15738,0.172672,0.263283
15739,0.172672,0.263283
15740,0.192069,0.25615
15741,0.209831,0.303908
15742,0.22109,0.358292
15743,0.278827,0.315431
15744,0.289881,0.323622
15745,0.300418,0.332467
15746,0.329694,0.305998
15747,0.278259,0.291972
15748,0.287398,0.322756
15749,0.280239,0.35758
15750,0.32483,0.306688
15751,0.32483,0.306688
15752,0.303331,0.319791
15753,0.266267,0.273234
15754,0.257947,0.307467
15755,0.233599,0.288068
15756,0.196454,0.265276
15757,0.188164,0.282134
15758,0.216621,0.261316
15759,0.196822,0.278156
15760,0.197176,0.340975
15761,0.197176,0.340975
15762,0.240462,0.334458
15763,0.193608,0.350382
15764,0.193608,0.350382
15765,0.193608,0.350382
15766,0.193608,0.350382
15767,0.193608,0.350382
15768,0.223298,0.338389
15769,0.229332,0.318544
15770,0.301194,0.301179
15771,0.295185,0.312408
15772,0.322012,0.311037
15773,0.322012,0.311037
15774,0.339285,0.309768
15775,0.335192,0.259648
15776,0.310997,0.337685
15777,0.286904,0.338503
15778,0.286904,0.338503
15779,0.292956,0.303609
15780,0.325774,0.2956
15781,0.26712,0.271375
15782,0.318879,0.252652
15783,0.298209,0.288993
15784,0.303328,0.231556
15785,0.303328,0.231556
15786,0.295899,0.266513
15787,0.292228,0.291386
15788,0.227068,0.240892
15789,0.284436,0.23578
15790,0.271248,0.267878
15791,0.271248,0.267878
15792,0.271248,0.267878
15793,0.291778,0.209703
15794,0.319514,0.219074
15795,0.267465,0.220265
15796,0.291885,0.219383
15797,0.303659,0.216004
15798,0.294871,0.200316
15799,0.294871,0.200316
15800,0.271163,0.241511
15801,0.229216,0.222806
15802,0.212337,0.231168
15803,0.213868,0.232102
15804,0.261221,0.210435
15805,0.261221,0.210435
15806,0.261221,0.210435
15807,0.261221,0.210435
15808,0.20486,0.204675
15809,0.20486,0.204675
15810,0.212622,0.21734
15811,0.179831,0.171788
15812,0.191164,0.176802
15813,0.15176,0.218603
15814,0.15176,0.218603
15815,0.15176,0.218603
15816,0.17567,0.167804
15817,0.198992,0.17617
15818,0.2045,0.176618
15819,0.191681,0.187566
15820,0.191681,0.187566
15821,0.191681,0.187566
15822,0.216236,0.208273
15823,0.212856,0.165029
15824,0.198065,0.168424
15825,0.226783,0.137838
15826,0.209001,0.145214
15827,0.241477,0.199733
15828,0.221701,0.21229
15829,0.221701,0.21229
15830,0.249579,0.246498
15831,0.241546,0.196829
15832,0.241546,0.196829
15833,0.289783,0.147494
15834,0.249593,0.195299
15835,0.219886,0.161634
15836,0.23041,0.171549
15837,0.23041,0.171549
15838,0.23041,0.171549
15839,0.23041,0.171549
15840,0.232415,0.1809
15841,0.232415,0.1809
15842,0.196231,0.198526
15843,0.22884,0.193069
15844,0.230999,0.234578
15845,0.230999,0.234578
15846,0.211291,0.218255
15847,0.234904,0.225343
15848,0.234904,0.225343
15849,0.197968,0.201656
15850,0.232269,0.198407
15851,0.260253,0.155205
15852,0.216765,0.104284
15853,0.221755,0.1331
15854,0.252064,0.177884
15855,0.252064,0.177884
15856,0.262924,0.188564
15857,0.27368,0.22612
15858,0.298232,0.183655
15859,0.280115,0.186288
15860,0.329638,0.181361
15861,0.321355,0.176514
15862,0.321355,0.176514
15863,0.321355,0.176514
15864,0.321117,0.23389
15865,0.260385,0.215378
15866,0.300583,0.19907
15867,0.349802,0.209551
15868,0.380234,0.203636
15869,0.363669,0.178795
15870,0.387022,0.165555
15871,0.430681,0.180154
15872,0.430681,0.180154
15873,0.430681,0.180154
15874,0.359405,0.148205
15875,0.323592,0.150978
15876,0.326493,0.155944
15877,0.326493,0.155944
15878,0.326493,0.155944
15879,0.319984,0.154571
15880,0.319984,0.154571
15881,0.293074,0.155943
15882,0.293074,0.155943
15883,0.309666,0.142702
15884,0.320665,0.131683
15885,0.386055,0.115992
15886,0.386055,0.115992
15887,0.386055,0.115992
15888,0.343195,0.0522849
15889,0.343195,0.0522849
15890,0.331506,0.0743181
15891,0.401224,0.0840076
15892,0.353726,0.129713
15893,0.365341,0.138106
15894,0.365341,0.138106
15895,0.386566,0.151457
15896,0.390211,0.116212
15897,0.359169,0.131406
15898,0.359169,0.131406
15899,0.359169,0.131406
15900,0.330223,0.102316
15901,0.298495,0.101878
15902,0.301534,0.126154
15903,0.363997,0.157788
15904,0.320537,0.166013
15905,0.300288,0.124964
15906,0.278784,0.0941786
15907,0.313477,0.0864415
15908,0.338711,0.110239
15909,0.402725,0.103785
15910,0.353932,0.0634311
15911,0.353932,0.0634311
15912,0.342481,0.0944554
15913,0.342481,0.0944554
15914,0.327454,0.102304
15915,0.327454,0.102304
15916,0.272617,0.0928417
15917,0.272617,0.0928417
15918,0.305177,0.0859046
15919,0.273696,0.0928829
15920,0.32407,0.123149
15921,0.32407,0.123149
15922,0.312524,0.124613
15923,0.312524,0.124613
15924,0.361297,0.108445
15925,0.363556,0.114951
15926,0.347113,0.063332
15927,0.456486,0.0897304
15928,0.387453,0.102792
15929,0.367501,0.0985714
15930,0.294843,0.0940196
15931,0.289521,0.137622
15932,0.263417,0.139094
15933,0.263116,0.169959
15934,0.263116,0.169959
15935,0.234627,0.157401
15936,0.234627,0.157401
15937,0.211881,0.0937734
15938,0.19374,0.140872
15939,0.183711,0.175235
15940,0.159542,0.172329
15941,0.177737,0.200265
15942,0.173404,0.210231
15943,0.126862,0.13888
15944,0.129316,0.111857
15945,0.125976,0.12254
15946,0.0970894,0.132337
15947,0.0970894,0.132337
15948,0.123252,0.125906
15949,0.126304,0.0813254
15950,0.142878,0.0880836
15951,0.167592,0.0412453
15952,0.128472,0.0969072
15953,0.147335,0.115096
15954,0.1041,0.111967
15955,0.1041,0.111967
15956,0.0357145,0.139172
15957,0.0435637,0.0760489
15958,0.0690958,0.114828
15959,0.0690958,0.114828
15960,0.15832,0.115976
15961,0.179954,0.111606
15962,0.118543,0.0522989
15963,0.161188,0.0620136
15964,0.213175,0.0648309
15965,0.222468,0.117064
15966,0.228128,0.0620649
15967,0.195546,0.146132
15968,0.236299,0.172895
15969,0.17169,0.10703
15970,0.17169,0.10703
15971,0.262921,0.0790231
15972,0.185414,0.0805121
15973,0.26602,0.0582132
15974,0.316605,0.0615829
15975,0.250928,0.12238
15976,0.266647,0.0985339
15977,0.266647,0.0985339
15978,0.266647,0.0985339
15979,0.301078,0.066959
15980,0.27535,0.0448705
15981,0.287271,0.00600653
15982,0.303617,0.033783
15983,0.303617,0.033783
15984,0.369127,0.0548927
15985,0.287337,0.0484789
15986,0.376413,0.0597497
15987,0.376413,0.0597497
15988,0.376413,0.0597497
15989,0.361369,0.0812008
15990,0.382673,0.072206
15991,0.382673,0.072206
15992,0.382673,0.072206
15993,0.400256,0.0658043
15994,0.506695,0.109346
15995,0.511281,0.10686
15996,0.495682,0.154173
15997,0.480935,0.125243
15998,0.480935,0.125243
15999,0.480935,0.125243
16000,0.433729,0.192049
16001,0.455049,0.187875
16002,0.477036,0.167896
16003,0.487809,0.292959
16004,0.444698,0.222182
16005,0.445999,0.241213
16006,0.496056,0.267305
16007,0.396344,0.274603
16008,0.396344,0.274603
16009,0.40355,0.277074
16010,0.418857,0.327606
16011,0.330377,0.343394
16012,0.330377,0.343394
16013,0.327364,0.358782
16014,0.287576,0.355611
16015,0.287576,0.355611
16016,0.317881,0.381187
16017,0.410111,0.441067
16018,0.355439,0.424841
16019,0.353396,0.403731
16020,0.342091,0.411649
16021,0.342091,0.411649
16022,0.360112,0.435268
16023,0.356359,0.369741
16024,0.370692,0.369
16025,0.370692,0.369
16026,0.370692,0.369
16027,0.336334,0.374779
16028,0.373102,0.335545
16029,0.375962,0.378163
16030,0.413677,0.372593
16031,0.42349,0.369392
16032,0.42349,0.369392
16033,0.42349,0.369392
16034,0.384498,0.324327
16035,0.353049,0.375665
16036,0.353049,0.375665
16037,0.353049,0.375665
16038,0.353049,0.375665
16039,0.32671,0.371447
16040,0.32671,0.371447
16041,0.344935,0.38564
16042,0.35874,0.396108
16043,0.333204,0.405775
16044,0.320614,0.436512
16045,0.346082,0.366173
16046,0.346082,0.366173
16047,0.346082,0.366173
16048,0.357265,0.297413
16049,0.375754,0.240357
16050,0.300708,0.316114
16051,0.300876,0.366535
16052,0.289043,0.308383
16053,0.319889,0.28247
16054,0.307768,0.261043
16055,0.217819,0.319261
16056,0.249951,0.318377
16057,0.239503,0.294495
16058,0.196002,0.323084
16059,0.223605,0.220026
16060,0.245423,0.231966
16061,0.222569,0.253974
16062,0.22283,0.269062
16063,0.197005,0.286697
16064,0.23458,0.255401
16065,0.225609,0.32542
16066,0.316194,0.381184
16067,0.316194,0.381184
16068,0.264444,0.385894
16069,0.264444,0.385894
16070,0.264444,0.385894
16071,0.264444,0.385894
16072,0.228283,0.386777
16073,0.216432,0.412841
16074,0.258115,0.412082
16075,0.358433,0.401809
16076,0.310279,0.351356
16077,0.33093,0.342596
16078,0.370176,0.343603
16079,0.312405,0.241346
16080,0.247141,0.264542
16081,0.242931,0.350393
16082,0.218023,0.390086
16083,0.218023,0.390086
16084,0.23121,0.371626
16085,0.248539,0.299496
16086,0.210301,0.331254
16087,0.201414,0.31449
16088,0.201414,0.31449
16089,0.245152,0.290813
16090,0.245152,0.290813
16091,0.245152,0.290813
16092,0.279117,0.335063
16093,0.279117,0.335063
16094,0.279117,0.335063
16095,0.278807,0.269598
16096,0.243662,0.291622
16097,0.259968,0.317196
16098,0.248176,0.335172
16099,0.280132,0.286122
16100,0.261379,0.282612
16101,0.246601,0.272652
16102,0.266458,0.251789
16103,0.266458,0.251789
16104,0.266458,0.251789
16105,0.25106,0.272911
16106,0.298444,0.232716
16107,0.298444,0.232716
16108,0.34181,0.18929
16109,0.320291,0.195298
16110,0.286117,0.194382
16111,0.270778,0.211104
16112,0.270778,0.211104
16113,0.32703,0.197253
16114,0.340162,0.20358
16115,0.342884,0.1901
16116,0.32144,0.192034
16117,0.342228,0.169169
16118,0.342228,0.169169
16119,0.386624,0.120377
16120,0.338167,0.150888
16121,0.344321,0.110734
16122,0.398514,0.147306
16123,0.398514,0.147306
16124,0.402094,0.103372
16125,0.402094,0.103372
16126,0.384867,0.113262
16127,0.407048,0.0972662
16128,0.407048,0.0972662
16129,0.386555,0.0885264
16130,0.386555,0.0885264
16131,0.386686,0.15423
16132,0.386686,0.15423
16133,0.386686,0.15423
16134,0.388673,0.11793
16135,0.388673,0.11793
16136,0.423653,0.0828491
16137,0.423653,0.0828491
16138,0.413215,0.127146
16139,0.369236,0.129309
16140,0.369236,0.129309
16141,0.369236,0.129309
16142,0.369236,0.129309
16143,0.399976,0.108648
16144,0.400133,0.100694
16145,0.400133,0.100694
16146,0.400133,0.100694
16147,0.358461,0.0929821
16148,0.319767,0.084716
16149,0.360348,0.105874
16150,0.360348,0.105874
16151,0.351201,0.106561
16152,0.351201,0.106561
16153,0.315422,0.112979
16154,0.319682,0.105725
16155,0.297269,0.145106
16156,0.253835,0.171085
16157,0.240916,0.159979
16158,0.292928,0.148822
16159,0.292928,0.148822
16160,0.351036,0.103698
16161,0.303349,0.107793
16162,0.33466,0.131706
16163,0.323025,0.121265
16164,0.32262,0.129343
16165,0.32262,0.129343
16166,0.32262,0.129343
16167,0.300556,0.121366
16168,0.300556,0.121366
16169,0.311457,0.0402397
16170,0.279722,0.107829
16171,0.249048,0.0722527
16172,0.250402,0.129793
16173,0.250402,0.129793
16174,0.252664,0.111356
16175,0.256572,0.106924
16176,0.299439,0.0669649
16177,0.299439,0.0669649
16178,0.304463,0.087498
16179,0.304463,0.087498
16180,0.304463,0.087498
16181,0.304463,0.087498
16182,0.304463,0.087498
16183,0.303271,0.11869
16184,0.303271,0.11869
16185,0.277338,0.114343
16186,0.227228,0.162353
16187,0.252095,0.148933
16188,0.235138,0.145233
16189,0.269525,0.128713
16190,0.232837,0.136252
16191,0.232837,0.136252
16192,0.232837,0.136252
16193,0.205179,0.144014
16194,0.236591,0.161495
16195,0.236591,0.161495
16196,0.251432,0.190268
16197,0.299687,0.210186
16198,0.242653,0.216237
16199,0.257504,0.238331
16200,0.340255,0.227521
16201,0.298482,0.219957
16202,0.292596,0.228031
16203,0.292596,0.228031
16204,0.292596,0.228031
16205,0.324819,0.199003
16206,0.278106,0.18382
16207,0.278106,0.18382
16208,0.236839,0.189231
16209,0.202464,0.189342
16210,0.212583,0.15604
16211,0.187993,0.17748
16212,0.214172,0.171907
16213,0.22645,0.171853
16214,0.207745,0.197696
16215,0.228969,0.178624
16216,0.228969,0.178624
16217,0.269852,0.161119
16218,0.277366,0.223811
16219,0.277366,0.223811
16220,0.34263,0.22292
16221,0.34263,0.22292
16222,0.31353,0.212587
16223,0.31353,0.212587
16224,0.312654,0.17069
16225,0.312654,0.17069
16226,0.336374,0.172912
16227,0.324355,0.155369
16228,0.361042,0.193335
16229,0.361042,0.193335
16230,0.375872,0.174994
16231,0.328706,0.222114
16232,0.347841,0.218983
16233,0.341845,0.269741
16234,0.341845,0.269741
16235,0.293269,0.302659
16236,0.293269,0.302659
16237,0.293269,0.302659
16238,0.293269,0.302659
16239,0.29723,0.30191
16240,0.29723,0.30191
16241,0.307291,0.311341
16242,0.261742,0.313686
16243,0.261742,0.313686
16244,0.269676,0.307335
16245,0.243041,0.296202
16246,0.286551,0.280618
16247,0.269332,0.319996
16248,0.287536,0.369524
16249,0.329509,0.352542
16250,0.329509,0.352542
16251,0.349251,0.375839
16252,0.349251,0.375839
16253,0.349251,0.375839
16254,0.303705,0.309419
16255,0.293997,0.313429
16256,0.293997,0.313429
16257,0.287455,0.307982
16258,0.223462,0.327954
16259,0.162205,0.332281
16260,0.207646,0.371677
16261,0.207646,0.371677
16262,0.207646,0.371677
16263,0.227481,0.310828
16264,0.227481,0.310828
16265,0.167022,0.277195
16266,0.201543,0.293234
16267,0.191073,0.313942
16268,0.151259,0.303932
16269,0.185897,0.274503
16270,0.185897,0.274503
16271,0.185897,0.274503
16272,0.200438,0.298182
16273,0.214055,0.284852
16274,0.197382,0.31275
16275,0.18984,0.285471
16276,0.220382,0.284832
16277,0.220382,0.284832
16278,0.220382,0.284832
16279,0.220382,0.284832
16280,0.249522,0.282483
16281,0.217049,0.299816
16282,0.175538,0.251891
16283,0.175538,0.251891
16284,0.214701,0.222974
16285,0.197512,0.196323
16286,0.197512,0.196323
16287,0.256977,0.183135
16288,0.31931,0.203214
16289,0.316828,0.235323
16290,0.302131,0.216111
16291,0.302131,0.216111
16292,0.302131,0.216111
16293,0.306653,0.212975
16294,0.298018,0.171346
16295,0.318692,0.134995
16296,0.291294,0.16608
16297,0.350172,0.201033
16298,0.364732,0.199482
16299,0.364732,0.199482
16300,0.364732,0.199482
16301,0.364732,0.199482
16302,0.384681,0.203273
16303,0.365478,0.184061
16304,0.301862,0.192186
16305,0.267773,0.149591
16306,0.290887,0.176994
16307,0.298668,0.216953
16308,0.322467,0.239029
16309,0.322467,0.239029
16310,0.322467,0.239029
16311,0.322467,0.239029
16312,0.370438,0.292229
16313,0.383692,0.299172
16314,0.409832,0.276675
16315,0.371731,0.211212
16316,0.371731,0.211212
16317,0.355643,0.200711
16318,0.352554,0.179254
16319,0.360461,0.157297
16320,0.360461,0.157297
16321,0.300944,0.191103
16322,0.268377,0.203001
16323,0.268377,0.203001
16324,0.268377,0.203001
16325,0.268377,0.203001
16326,0.280595,0.224897
16327,0.280595,0.224897
16328,0.280595,0.224897
16329,0.284003,0.226935
16330,0.260169,0.238181
16331,0.234708,0.235131
16332,0.263735,0.274759
16333,0.216131,0.296803
16334,0.235879,0.314751
16335,0.253761,0.281778
16336,0.205978,0.2524
16337,0.214164,0.251396
16338,0.231709,0.268914
16339,0.227528,0.241073
16340,0.205545,0.219792
16341,0.205545,0.219792
16342,0.18811,0.242466
16343,0.162858,0.242102
16344,0.163037,0.233025
16345,0.163037,0.233025
16346,0.161885,0.216562
16347,0.117405,0.241786
16348,0.149245,0.312548
16349,0.149245,0.312548
16350,0.121565,0.266959
16351,0.136133,0.320528
16352,0.1435,0.269084
16353,0.146176,0.265957
16354,0.146176,0.265957
16355,0.165022,0.231953
16356,0.169588,0.291307
16357,0.169588,0.291307
16358,0.168411,0.322392
16359,0.161955,0.283657
16360,0.161955,0.283657
16361,0.140367,0.296116
16362,0.140367,0.296116
16363,0.140367,0.296116
16364,0.151277,0.272522
16365,0.170551,0.28632
16366,0.170551,0.28632
16367,0.170551,0.28632
16368,0.170551,0.28632
16369,0.145837,0.341477
16370,0.14583,0.31342
16371,0.14583,0.31342
16372,0.148641,0.283915
16373,0.148641,0.283915
16374,0.174683,0.255113
16375,0.147395,0.279077
16376,0.147395,0.279077
16377,0.147395,0.279077
16378,0.147395,0.279077
16379,0.147395,0.279077
16380,0.142482,0.309096
16381,0.144252,0.366634
16382,0.1696,0.376608
16383,0.1696,0.376608
16384,0.135895,0.401202
16385,0.153609,0.429351
16386,0.153609,0.429351
16387,0.152189,0.398678
16388,0.138728,0.362237
16389,0.138728,0.362237
16390,0.157179,0.414548
16391,0.191443,0.405728
16392,0.197324,0.358277
16393,0.212815,0.338346
16394,0.222167,0.330768
16395,0.211731,0.265765
16396,0.168433,0.293603
16397,0.204247,0.262865
16398,0.204247,0.262865
16399,0.204247,0.262865
16400,0.21863,0.247033
16401,0.16892,0.253387
16402,0.16892,0.253387
16403,0.16892,0.253387
16404,0.176485,0.275598
16405,0.159095,0.255588
16406,0.181339,0.256419
16407,0.181339,0.256419
16408,0.190727,0.216199
16409,0.243622,0.181731
16410,0.214539,0.189305
16411,0.232575,0.185278
16412,0.18712,0.192281
16413,0.199976,0.225265
16414,0.248974,0.220988
16415,0.248974,0.220988
16416,0.231443,0.209197
16417,0.211627,0.238475
16418,0.211627,0.238475
16419,0.1944,0.289234
16420,0.233877,0.291964
16421,0.201376,0.282932
16422,0.223903,0.238453
16423,0.223903,0.238453
16424,0.223903,0.238453
16425,0.198119,0.24297
16426,0.198119,0.24297
16427,0.198119,0.24297
16428,0.243142,0.318245
16429,0.231079,0.334776
16430,0.231079,0.334776
16431,0.231035,0.319311
16432,0.231035,0.319311
16433,0.222354,0.319714
16434,0.216315,0.325828
16435,0.237312,0.276159
16436,0.239108,0.306073
16437,0.260762,0.248136
16438,0.260762,0.248136
16439,0.299505,0.285236
16440,0.327101,0.275861
16441,0.330836,0.308533
16442,0.308466,0.323948
16443,0.323569,0.321982
16444,0.29638,0.307257
16445,0.315836,0.33427
16446,0.315836,0.33427
16447,0.340223,0.309201
16448,0.319185,0.308564
16449,0.319185,0.308564
16450,0.300422,0.292613
16451,0.30711,0.296611
16452,0.30711,0.296611
16453,0.258526,0.290759
16454,0.238815,0.305873
16455,0.238815,0.305873
16456,0.249146,0.361626
16457,0.226774,0.368126
16458,0.257649,0.401178
16459,0.238924,0.312199
16460,0.234805,0.325275
16461,0.210784,0.332184
16462,0.210784,0.332184
16463,0.201125,0.352935
16464,0.161891,0.359897
16465,0.171381,0.341697
16466,0.15663,0.338509
16467,0.201212,0.33429
16468,0.178865,0.311407
16469,0.178865,0.311407
16470,0.171977,0.296909
16471,0.240011,0.276248
16472,0.226677,0.237043
16473,0.226677,0.237043
16474,0.226677,0.237043
16475,0.276798,0.210047
16476,0.254558,0.210967
16477,0.222862,0.207814
16478,0.158096,0.185644
16479,0.158096,0.185644
16480,0.262438,0.167433
16481,0.205068,0.165232
16482,0.210279,0.139051
16483,0.184516,0.14614
16484,0.167944,0.14615
16485,0.103802,0.179106
16486,0.0619277,0.136231
16487,0.0619277,0.136231
16488,0.0619277,0.136231
16489,0.0619277,0.136231
16490,0.0701672,0.164413
16491,0.0701672,0.164413
16492,0.0537499,0.198962
16493,0.15821,0.177673
16494,0.15821,0.177673
16495,0.15821,0.177673
16496,0.15821,0.177673
16497,0.15821,0.177673
16498,0.154217,0.145286
16499,0.160582,0.188637
16500,0.160582,0.188637
16501,0.194246,0.177815
16502,0.168863,0.175429
16503,0.136701,0.175999
16504,0.136798,0.173195
16505,0.136798,0.173195
16506,0.17193,0.236394
16507,0.166214,0.197521
16508,0.147186,0.209801
16509,0.147186,0.209801
16510,0.141151,0.18633
16511,0.141151,0.18633
16512,0.145102,0.171465
16513,0.145102,0.171465
16514,0.145102,0.171465
16515,0.145102,0.171465
16516,0.162986,0.170578
16517,0.200939,0.188544
16518,0.197432,0.206523
16519,0.12795,0.215541
16520,0.190532,0.18797
16521,0.190532,0.18797
16522,0.190532,0.18797
16523,0.190532,0.18797
16524,0.190532,0.18797
16525,0.177598,0.269957
16526,0.186657,0.343762
16527,0.186657,0.343762
16528,0.186657,0.343762
16529,0.186657,0.343762
16530,0.186657,0.343762
16531,0.186657,0.343762
16532,0.157908,0.344596
16533,0.16448,0.290213
16534,0.175041,0.269537
16535,0.175041,0.269537
16536,0.175041,0.269537
16537,0.184297,0.21797
16538,0.184297,0.21797
16539,0.132287,0.253311
16540,0.200118,0.307207
16541,0.179104,0.372245
16542,0.21631,0.399574
16543,0.21631,0.399574
16544,0.21631,0.399574
16545,0.21631,0.399574
16546,0.21631,0.399574
16547,0.202968,0.340783
16548,0.213279,0.401775
16549,0.162883,0.422859
16550,0.138939,0.41671
16551,0.138939,0.41671
16552,0.215774,0.433382
16553,0.215774,0.433382
16554,0.183062,0.347524
16555,0.165781,0.287195
16556,0.213191,0.231885
16557,0.189319,0.270374
16558,0.189319,0.270374
16559,0.240618,0.250697
16560,0.240618,0.250697
16561,0.26373,0.304077
16562,0.26373,0.304077
16563,0.260318,0.275633
16564,0.244843,0.244393
16565,0.266557,0.260452
16566,0.266557,0.260452
16567,0.293585,0.265316
16568,0.239619,0.225248
16569,0.19009,0.237865
16570,0.19009,0.237865
16571,0.178669,0.234965
16572,0.25457,0.322599
16573,0.245258,0.2735
16574,0.245258,0.2735
16575,0.215371,0.358467
16576,0.202317,0.264948
16577,0.202317,0.264948
16578,0.258009,0.320995
16579,0.264888,0.326269
16580,0.236266,0.302222
16581,0.240143,0.236274
16582,0.205269,0.283974
16583,0.191844,0.298926
16584,0.191844,0.298926
16585,0.215403,0.281792
16586,0.175708,0.254656
16587,0.190439,0.299366
16588,0.170749,0.292923
16589,0.166658,0.358801
16590,0.163329,0.376975
16591,0.227411,0.365113
16592,0.221882,0.322694
16593,0.266539,0.369733
16594,0.266539,0.369733
16595,0.246821,0.34933
16596,0.290576,0.351705
16597,0.347486,0.303769
16598,0.347486,0.303769
16599,0.296274,0.309805
16600,0.340043,0.299024
16601,0.340043,0.299024
16602,0.279612,0.334635
16603,0.25241,0.307986
16604,0.25241,0.307986
16605,0.282483,0.336452
16606,0.254595,0.333029
16607,0.258931,0.303815
16608,0.289825,0.303938
16609,0.236394,0.279177
16610,0.198813,0.301769
16611,0.198813,0.301769
16612,0.271767,0.329214
16613,0.288295,0.318494
16614,0.27981,0.260951
16615,0.198068,0.327847
16616,0.198068,0.327847
16617,0.212213,0.329009
16618,0.233083,0.295851
16619,0.223701,0.26718
16620,0.223701,0.26718
16621,0.223701,0.26718
16622,0.213286,0.310479
16623,0.190566,0.268769
16624,0.203184,0.337749
16625,0.23886,0.380589
16626,0.167971,0.353676
16627,0.119647,0.348597
16628,0.0801142,0.331565
16629,0.0801142,0.331565
16630,0.168311,0.371417
16631,0.147927,0.345731
16632,0.142251,0.379193
16633,0.133509,0.357545
16634,0.127305,0.409458
16635,0.126788,0.346158
16636,0.155658,0.342029
16637,0.155658,0.342029
16638,0.155658,0.342029
16639,0.155658,0.342029
16640,0.144439,0.359156
16641,0.144439,0.359156
16642,0.196952,0.393002
16643,0.242927,0.379726
16644,0.238767,0.359254
16645,0.286762,0.378755
16646,0.202668,0.381936
16647,0.202668,0.381936
16648,0.165854,0.397432
16649,0.148654,0.406918
16650,0.157104,0.375232
16651,0.168616,0.430347
16652,0.168616,0.430347
16653,0.168616,0.430347
16654,0.145792,0.375949
16655,0.172465,0.342672
16656,0.191665,0.323879
16657,0.191665,0.323879
16658,0.191122,0.346649
16659,0.204138,0.362208
16660,0.217977,0.401454
16661,0.195724,0.410826
16662,0.21703,0.388608
16663,0.227709,0.412413
16664,0.212788,0.448137
16665,0.204707,0.408361
16666,0.204707,0.408361
16667,0.204707,0.408361
16668,0.21073,0.42928
16669,0.259252,0.363563
16670,0.189192,0.32785
16671,0.14369,0.410098
16672,0.160968,0.376472
16673,0.181149,0.352828
16674,0.159593,0.289507
16675,0.124304,0.368848
16676,0.124304,0.368848
16677,0.136035,0.321936
16678,0.136035,0.321936
16679,0.132204,0.334773
16680,0.132204,0.334773
16681,0.114328,0.325335
16682,0.0982721,0.282617
16683,0.132318,0.347919
16684,0.132318,0.347919
16685,0.118451,0.314606
16686,0.0906584,0.369825
16687,0.0906584,0.369825
16688,0.0906584,0.369825
16689,0.106579,0.373351
16690,0.16217,0.404898
16691,0.190026,0.444666
16692,0.190026,0.444666
16693,0.190026,0.444666
16694,0.190026,0.444666
16695,0.210919,0.421706
16696,0.199443,0.353687
16697,0.220081,0.309018
16698,0.220081,0.309018
16699,0.194557,0.353684
16700,0.178423,0.351101
16701,0.178423,0.351101
16702,0.20814,0.373446
16703,0.20814,0.373446
16704,0.20814,0.373446
16705,0.17142,0.330676
16706,0.156052,0.370116
16707,0.129841,0.309046
16708,0.0828921,0.352883
16709,0.0976726,0.309847
16710,0.0976726,0.309847
16711,0.0712494,0.316862
16712,0.0803921,0.332851
16713,0.0838533,0.348309
16714,0.0838533,0.348309
16715,0.0910954,0.319844
16716,0.0758515,0.381076
16717,0.0758515,0.381076
16718,0.0758515,0.381076
16719,0.0842267,0.360043
16720,0.0727362,0.388518
16721,0.102455,0.381655
16722,0.0957762,0.393692
16723,0.0957762,0.393692
16724,0.0957762,0.393692
16725,0.0831822,0.340325
16726,0.101564,0.365352
16727,0.106408,0.328495
16728,0.0944455,0.403683
16729,0.124919,0.390572
16730,0.145457,0.422764
16731,0.145457,0.422764
16732,0.135656,0.474592
16733,0.137777,0.384269
16734,0.143175,0.405043
16735,0.165987,0.356137
16736,0.124723,0.339994
16737,0.0987986,0.301949
16738,0.0987986,0.301949
16739,0.107797,0.299436
16740,0.107797,0.299436
16741,0.107797,0.299436
16742,0.147251,0.3736
16743,0.138498,0.346763
16744,0.138498,0.346763
16745,0.138498,0.346763
16746,0.121748,0.351982
16747,0.141738,0.34632
16748,0.142684,0.286941
16749,0.163789,0.296896
16750,0.144917,0.288602
16751,0.147381,0.280124
16752,0.148155,0.323182
16753,0.148155,0.323182
16754,0.125006,0.273311
16755,0.134952,0.286125
16756,0.150768,0.319337
16757,0.150768,0.319337
16758,0.150768,0.319337
16759,0.121641,0.258325
16760,0.133685,0.300634
16761,0.142948,0.295089
16762,0.163419,0.281171
16763,0.163419,0.281171
16764,0.188756,0.278109
16765,0.194524,0.265907
16766,0.198815,0.297845
16767,0.20332,0.264619
16768,0.217659,0.286226
16769,0.182338,0.33233
16770,0.189997,0.357324
16771,0.209985,0.318582
16772,0.219329,0.312408
16773,0.235517,0.241756
16774,0.266372,0.254375
16775,0.252538,0.203758
16776,0.283454,0.244028
16777,0.246789,0.216504
16778,0.266744,0.185658
16779,0.269741,0.208621
16780,0.269741,0.208621
16781,0.269741,0.208621
16782,0.295212,0.19964
16783,0.295212,0.19964
16784,0.295212,0.19964
16785,0.291954,0.221997
16786,0.291954,0.221997
16787,0.291954,0.221997
16788,0.341737,0.179662
16789,0.339037,0.264919
16790,0.365506,0.187037
16791,0.39186,0.188849
16792,0.357359,0.191851
16793,0.357359,0.191851
16794,0.380586,0.189625
16795,0.37577,0.175027
16796,0.340128,0.225728
16797,0.340837,0.230501
16798,0.340837,0.230501
16799,0.312075,0.193723
16800,0.309138,0.157718
16801,0.324409,0.189562
16802,0.37076,0.188131
16803,0.365299,0.170355
16804,0.3365,0.22706
16805,0.31947,0.225214
16806,0.377654,0.223196
16807,0.429972,0.194721
16808,0.441725,0.242386
16809,0.441725,0.242386
16810,0.379275,0.301058
16811,0.380994,0.28268
16812,0.371189,0.234128
16813,0.371189,0.234128
16814,0.339668,0.209694
16815,0.251232,0.251268
16816,0.294169,0.229334
16817,0.294169,0.229334
16818,0.298997,0.257139
16819,0.298997,0.257139
16820,0.298997,0.257139
16821,0.352269,0.222427
16822,0.28481,0.271204
16823,0.28481,0.271204
16824,0.280865,0.309494
16825,0.259863,0.244004
16826,0.259863,0.244004
16827,0.245586,0.232277
16828,0.239183,0.197024
16829,0.221359,0.258332
16830,0.221359,0.258332
16831,0.221359,0.258332
16832,0.204057,0.242973
16833,0.231943,0.233827
16834,0.231943,0.233827
16835,0.259287,0.248532
16836,0.259287,0.248532
16837,0.23421,0.218016
16838,0.23421,0.218016
16839,0.203314,0.192686
16840,0.203314,0.192686
16841,0.203314,0.192686
16842,0.227054,0.173986
16843,0.261576,0.16816
16844,0.261576,0.16816
16845,0.210599,0.127809
16846,0.282679,0.108527
16847,0.249928,0.137375
16848,0.249928,0.137375
16849,0.224541,0.136793
16850,0.224541,0.136793
16851,0.224541,0.136793
16852,0.240566,0.125939
16853,0.242918,0.109527
16854,0.236351,0.0883799
16855,0.260737,0.0761857
16856,0.260737,0.0761857
16857,0.260737,0.0761857
16858,0.282123,0.0743717
16859,0.288257,0.0692403
16860,0.267369,0.0585255
16861,0.288305,0.100033
16862,0.288305,0.100033
16863,0.265916,0.0917696
16864,0.306607,0.113346
16865,0.417999,0.103995
16866,0.354233,0.122743
16867,0.354233,0.122743
16868,0.354233,0.122743
16869,0.326156,0.125238
16870,0.326156,0.125238
16871,0.326156,0.125238
16872,0.337144,0.113713
16873,0.330653,0.113174
16874,0.299164,0.10678
16875,0.240214,0.149649
16876,0.207299,0.132792
16877,0.206502,0.160699
16878,0.206502,0.160699
16879,0.193217,0.190548
16880,0.189459,0.172989
16881,0.186495,0.160781
16882,0.23477,0.111851
16883,0.278917,0.104482
16884,0.278917,0.104482
16885,0.283833,0.0605449
16886,0.306269,0.0936762
16887,0.306269,0.0936762
16888,0.229977,0.109584
16889,0.272319,0.10598
16890,0.272319,0.10598
16891,0.356725,0.103415
16892,0.321851,0.083669
16893,0.253514,0.123308
16894,0.29801,0.0943096
16895,0.29801,0.0943096
16896,0.338402,0.0811675
16897,0.332851,0.0770016
16898,0.302046,0.0735474
16899,0.301677,0.0829464
16900,0.27638,0.101544
16901,0.27638,0.101544
16902,0.329568,0.0795215
16903,0.400582,0.087322
16904,0.347327,0.103471
16905,0.347327,0.103471
16906,0.36075,0.142583
16907,0.312461,0.171307
16908,0.28184,0.166435
16909,0.300435,0.137571
16910,0.300435,0.137571
16911,0.269743,0.201206
16912,0.269743,0.201206
16913,0.300995,0.235598
16914,0.277303,0.261656
16915,0.268655,0.204039
16916,0.287557,0.155442
16917,0.268008,0.179544
16918,0.315103,0.181517
16919,0.290707,0.169026
16920,0.264919,0.151433
16921,0.292422,0.110412
16922,0.264731,0.146072
16923,0.296326,0.254858
16924,0.337308,0.286925
16925,0.363601,0.307178
16926,0.363601,0.307178
16927,0.352655,0.270167
16928,0.352655,0.270167
16929,0.400854,0.285458
16930,0.46738,0.209001
16931,0.453442,0.230552
16932,0.453442,0.230552
16933,0.416679,0.267589
16934,0.416679,0.267589
16935,0.366349,0.276515
16936,0.360642,0.326699
16937,0.359799,0.338154
16938,0.359799,0.338154
16939,0.411431,0.327568
16940,0.414098,0.31722
16941,0.427646,0.389904
16942,0.427646,0.389904
16943,0.435811,0.430688
16944,0.381383,0.377088
16945,0.321757,0.403435
16946,0.321757,0.403435
16947,0.321757,0.403435
16948,0.331519,0.366928
16949,0.359536,0.361221
16950,0.409234,0.357033
16951,0.369126,0.331824
16952,0.404382,0.364632
16953,0.379612,0.304055
16954,0.432363,0.308028
16955,0.428013,0.308038
16956,0.489651,0.263494
16957,0.489651,0.263494
16958,0.43562,0.270811
16959,0.43888,0.353549
16960,0.43888,0.353549
16961,0.43888,0.353549
16962,0.43888,0.353549
16963,0.431803,0.247382
16964,0.431803,0.247382
16965,0.506382,0.241973
16966,0.446016,0.241022
16967,0.382126,0.319461
16968,0.43802,0.245065
16969,0.402176,0.176125
16970,0.402354,0.232964
16971,0.391997,0.287799
16972,0.391997,0.287799
16973,0.309954,0.280692
16974,0.320698,0.276604
16975,0.320698,0.276604
16976,0.356122,0.283459
16977,0.353157,0.307597
16978,0.320732,0.360484
16979,0.320732,0.360484
16980,0.428478,0.32038
16981,0.428478,0.32038
16982,0.440174,0.248837
16983,0.440174,0.248837
16984,0.440174,0.248837
16985,0.433573,0.248815
16986,0.394374,0.258252
16987,0.40456,0.2167
16988,0.363224,0.213201
16989,0.406336,0.16154
16990,0.406336,0.16154
16991,0.406336,0.16154
16992,0.406336,0.16154
16993,0.401701,0.20092
16994,0.429574,0.14151
16995,0.419334,0.201079
16996,0.417827,0.166183
16997,0.412791,0.126484
16998,0.412791,0.126484
16999,0.32839,0.185753
17000,0.359674,0.147796
17001,0.35071,0.128911
17002,0.35071,0.128911
17003,0.347504,0.110941
17004,0.297029,0.0765561
17005,0.348161,0.101575
17006,0.297872,0.0928883
17007,0.297872,0.0928883
17008,0.294115,0.131964
17009,0.2785,0.188136
17010,0.318645,0.200147
17011,0.320547,0.185814
17012,0.320547,0.185814
17013,0.318976,0.27789
17014,0.30922,0.185328
17015,0.330873,0.210376
17016,0.278259,0.189083
17017,0.273108,0.144288
17018,0.227914,0.165975
17019,0.184881,0.165619
17020,0.230292,0.179123
17021,0.262172,0.231295
17022,0.262172,0.231295
17023,0.262172,0.231295
17024,0.262172,0.231295
17025,0.249345,0.250279
17026,0.206489,0.215696
17027,0.206167,0.23646
17028,0.246718,0.284313
17029,0.224919,0.287494
17030,0.16704,0.249654
17031,0.136388,0.303783
17032,0.1252,0.26557
17033,0.149669,0.254656
17034,0.119993,0.279146
17035,0.119993,0.279146
17036,0.109282,0.283719
17037,0.124589,0.210105
17038,0.109849,0.302962
17039,0.154373,0.292067
17040,0.156732,0.321327
17041,0.156732,0.321327
17042,0.176547,0.323038
17043,0.145055,0.331913
17044,0.151168,0.371065
17045,0.117175,0.395219
17046,0.109344,0.383379
17047,0.0679015,0.352971
17048,0.0869441,0.361723
17049,0.105253,0.328542
17050,0.105253,0.328542
17051,0.105253,0.328542
17052,0.144614,0.352949
17053,0.14821,0.308464
17054,0.154975,0.272279
17055,0.140359,0.311961
17056,0.169417,0.313751
17057,0.169417,0.313751
17058,0.168786,0.336195
17059,0.162215,0.347073
17060,0.1573,0.323845
17061,0.175595,0.301755
17062,0.175595,0.301755
17063,0.175595,0.301755
17064,0.175595,0.301755
17065,0.175595,0.301755
17066,0.189152,0.302771
17067,0.215557,0.269849
17068,0.203363,0.301741
17069,0.198644,0.321836
17070,0.198644,0.321836
17071,0.170196,0.284758
17072,0.17312,0.256321
17073,0.175222,0.276187
17074,0.175222,0.276187
17075,0.175222,0.276187
17076,0.18499,0.225384
17077,0.18499,0.225384
17078,0.18499,0.225384
17079,0.194826,0.198769
17080,0.197079,0.201225
17081,0.177156,0.20926
17082,0.177156,0.20926
17083,0.191805,0.215158
17084,0.191805,0.215158
17085,0.188648,0.212077
17086,0.27431,0.222879
17087,0.27431,0.222879
17088,0.27431,0.222879
17089,0.227642,0.258104
17090,0.189479,0.29416
17091,0.169248,0.247073
17092,0.169248,0.247073
17093,0.169248,0.247073
17094,0.182261,0.23759
17095,0.212856,0.219427
17096,0.242721,0.207261
17097,0.230894,0.206449
17098,0.271359,0.217554
17099,0.238898,0.237347
17100,0.238898,0.237347
17101,0.238898,0.237347
17102,0.238898,0.237347
17103,0.18103,0.236259
17104,0.157435,0.172436
17105,0.222038,0.213884
17106,0.189533,0.170894
17107,0.155932,0.195547
17108,0.150182,0.259737
17109,0.151545,0.256403
17110,0.139854,0.264837
17111,0.112164,0.275549
17112,0.100377,0.252259
17113,0.126366,0.217841
17114,0.121903,0.282804
17115,0.129002,0.278147
17116,0.129002,0.278147
17117,0.129002,0.278147
17118,0.117515,0.283881
17119,0.117515,0.283881
17120,0.138015,0.26116
17121,0.156463,0.284737
17122,0.160956,0.22575
17123,0.171359,0.232406
17124,0.148411,0.253327
17125,0.148411,0.253327
17126,0.148411,0.253327
17127,0.148411,0.253327
17128,0.102735,0.259333
17129,0.115871,0.290253
17130,0.0927232,0.269242
17131,0.0918955,0.265036
17132,0.0918955,0.265036
17133,0.128832,0.273887
17134,0.099932,0.238132
17135,0.152133,0.229573
17136,0.152133,0.229573
17137,0.164309,0.28891
17138,0.164309,0.28891
17139,0.153427,0.220429
17140,0.172603,0.20815
17141,0.172603,0.20815
17142,0.21382,0.211985
17143,0.202577,0.216357
17144,0.208417,0.207622
17145,0.262278,0.20698
17146,0.262278,0.20698
17147,0.240408,0.205596
17148,0.240408,0.205596
17149,0.266242,0.188312
17150,0.26151,0.156402
17151,0.253606,0.150182
17152,0.224682,0.142301
17153,0.17168,0.151259
17154,0.168646,0.174814
17155,0.210904,0.186285
17156,0.176468,0.167656
17157,0.185151,0.201557
17158,0.202435,0.196864
17159,0.20483,0.167666
17160,0.20483,0.167666
17161,0.206063,0.178542
17162,0.238167,0.141851
17163,0.255641,0.157944
17164,0.19554,0.195622
17165,0.197614,0.202859
17166,0.200383,0.198701
17167,0.207624,0.200996
17168,0.188949,0.168838
17169,0.229587,0.1804
17170,0.215115,0.179068
17171,0.215115,0.179068
17172,0.245109,0.185976
17173,0.202502,0.196408
17174,0.259195,0.244141
17175,0.269382,0.202212
17176,0.269382,0.202212
17177,0.269382,0.202212
17178,0.271718,0.234924
17179,0.271718,0.234924
17180,0.2299,0.24185
17181,0.288839,0.277829
17182,0.302106,0.273583
17183,0.252252,0.30032
17184,0.28977,0.327554
17185,0.28977,0.327554
17186,0.259249,0.291149
17187,0.282609,0.336463
17188,0.250817,0.398627
17189,0.186472,0.455129
17190,0.16141,0.444132
17191,0.152834,0.449334
17192,0.152834,0.449334
17193,0.174603,0.401805
17194,0.162122,0.395663
17195,0.157313,0.405571
17196,0.157313,0.405571
17197,0.150283,0.480471
17198,0.138064,0.400226
17199,0.138064,0.400226
17200,0.138064,0.400226
17201,0.148598,0.419307
17202,0.148598,0.419307
17203,0.193513,0.43229
17204,0.193513,0.43229
17205,0.193513,0.43229
17206,0.193513,0.43229
17207,0.193513,0.43229
17208,0.169671,0.403029
17209,0.159914,0.35369
17210,0.188102,0.281211
17211,0.168634,0.283908
17212,0.166087,0.272113
17213,0.174165,0.25816
17214,0.177656,0.249316
17215,0.215155,0.206261
17216,0.215433,0.177491
17217,0.215038,0.128406
17218,0.195909,0.164521
17219,0.195909,0.164521
17220,0.186907,0.194791
17221,0.1492,0.175837
17222,0.17585,0.138724
17223,0.149857,0.15861
17224,0.180294,0.170725
17225,0.180294,0.170725
17226,0.188028,0.177448
17227,0.188028,0.177448
17228,0.188028,0.177448
17229,0.219195,0.170569
17230,0.184897,0.212693
17231,0.179728,0.163454
17232,0.179728,0.163454
17233,0.18694,0.1207
17234,0.188862,0.103772
17235,0.227584,0.0648378
17236,0.210432,0.0842114
17237,0.198661,0.0489921
17238,0.198661,0.0489921
17239,0.207456,0.0228478
17240,0.207456,0.0228478
17241,0.21301,0.0380721
17242,0.21301,0.0380721
17243,0.228646,0.0112812
17244,0.233077,0.0960842
17245,0.205174,0.0869554
17246,0.241803,0.0841229
17247,0.241803,0.0841229
17248,0.258986,0.139392
17249,0.258986,0.139392
17250,0.250182,0.085869
17251,0.250182,0.085869
17252,0.25677,0.0909407
17253,0.253627,0.0549705
17254,0.240127,0.0331322
17255,0.255685,0.0371008
17256,0.290851,0.0577192
17257,0.328988,0.0758316
17258,0.328988,0.0758316
17259,0.272643,0.0368746
17260,0.272643,0.0368746
17261,0.272643,0.0368746
17262,0.272557,0.113122
17263,0.228909,0.100082
17264,0.24279,0.103133
17265,0.239456,0.0710412
17266,0.296471,0.0641725
17267,0.296471,0.0641725
17268,0.222283,0.0575129
17269,0.228359,0.0655206
17270,0.21627,0.116654
17271,0.183195,0.103829
17272,0.213667,0.100334
17273,0.208807,0.124893
17274,0.208807,0.124893
17275,0.172621,0.0986778
17276,0.160663,0.0658098
17277,0.160663,0.0658098
17278,0.160663,0.0658098
17279,0.076071,0.0654247
17280,0.0461583,0.078482
17281,0.0461583,0.078482
17282,0.098192,0.099366
17283,0.0729677,0.127561
17284,0.0839985,0.0559945
17285,0.0763496,0.13006
17286,0.0763496,0.13006
17287,0.0763496,0.13006
17288,0.0763496,0.13006
17289,0.0371093,0.142228
17290,0.0371093,0.142228
17291,0.0371093,0.142228
17292,0.0359687,0.136054
17293,0.0520954,0.160251
17294,0.0520954,0.160251
17295,0.0837004,0.133618
17296,0.0491756,0.160186
17297,0.0322034,0.152738
17298,0.0430623,0.132847
17299,0.0555226,0.128585
17300,0.0813346,0.150179
17301,0.0813346,0.150179
17302,0.0813346,0.150179
17303,0.0813346,0.150179
17304,0.107326,0.215338
17305,0.107326,0.215338
17306,0.101907,0.193266
17307,0.121708,0.182639
17308,0.121708,0.182639
17309,0.120679,0.205724
17310,0.118576,0.205767
17311,0.107463,0.2349
17312,0.0772204,0.234539
17313,0.0947898,0.197096
17314,0.112037,0.197679
17315,0.104313,0.169223
17316,0.0626093,0.181137
17317,0.0471554,0.183925
17318,0.0471554,0.183925
17319,0.056233,0.206235
17320,0.0780915,0.190594
17321,0.0489689,0.184094
17322,0.0489689,0.184094
17323,0.0489689,0.184094
17324,0.0227017,0.175577
17325,0.0227017,0.175577
17326,0.0227017,0.175577
17327,0.0161972,0.173307
17328,0.0161972,0.173307
17329,0.0162743,0.187412
17330,0.0557916,0.156122
17331,0.082869,0.159721
17332,0.0915107,0.176726
17333,0.110952,0.207418
17334,0.0592635,0.206965
17335,0.084425,0.180518
17336,0.0818048,0.181659
17337,0.0655843,0.164764
17338,0.0648948,0.200422
17339,0.09593,0.188868
17340,0.102925,0.193435
17341,0.0989177,0.218663
17342,0.0687599,0.195154
17343,0.0745861,0.190595
17344,0.117208,0.191052
17345,0.102706,0.203366
17346,0.112884,0.227424
17347,0.112884,0.227424
17348,0.0805192,0.258422
17349,0.0535266,0.233042
17350,0.0535266,0.233042
17351,0.0878152,0.246567
17352,0.0878152,0.246567
17353,0.0878152,0.246567
17354,0.112977,0.255569
17355,0.106408,0.245359
17356,0.106408,0.245359
17357,0.0941847,0.242957
17358,0.0929561,0.246088
17359,0.0842203,0.277009
17360,0.0842203,0.277009
17361,0.0922606,0.217463
17362,0.0922606,0.217463
17363,0.0960918,0.248671
17364,0.0993094,0.24112
17365,0.135946,0.260761
17366,0.111089,0.250393
17367,0.107368,0.24855
17368,0.107368,0.24855
17369,0.0874275,0.248523
17370,0.0943264,0.20123
17371,0.0748637,0.198575
17372,0.0611325,0.20367
17373,0.0611325,0.20367
17374,0.0616066,0.164996
17375,0.124491,0.229551
17376,0.0932587,0.221117
17377,0.0584316,0.25905
17378,0.0684569,0.243233
17379,0.0780546,0.241961
17380,0.0780546,0.241961
17381,0.0989318,0.279321
17382,0.11102,0.246254
17383,0.124517,0.198102
17384,0.096161,0.227396
17385,0.147617,0.245771
17386,0.122768,0.222206
17387,0.170931,0.231275
17388,0.170931,0.231275
17389,0.198679,0.234301
17390,0.198679,0.234301
17391,0.20009,0.182561
17392,0.20009,0.182561
17393,0.20009,0.182561
17394,0.213253,0.227921
17395,0.183268,0.22316
17396,0.183268,0.22316
17397,0.19269,0.222763
17398,0.191068,0.203313
17399,0.242469,0.226463
17400,0.242469,0.226463
17401,0.228961,0.252417
17402,0.199816,0.261306
17403,0.156146,0.272994
17404,0.135304,0.261891
17405,0.135304,0.261891
17406,0.106365,0.30818
17407,0.095925,0.310914
17408,0.0882694,0.348777
17409,0.0882694,0.348777
17410,0.0677551,0.394288
17411,0.0510552,0.42329
17412,0.0742517,0.402341
17413,0.102538,0.311385
17414,0.177291,0.319028
17415,0.141084,0.314774
17416,0.141084,0.314774
17417,0.141084,0.314774
17418,0.128758,0.29938
17419,0.163556,0.355021
17420,0.163556,0.355021
17421,0.209966,0.325201
17422,0.209966,0.325201
17423,0.209966,0.325201
17424,0.198217,0.314303
17425,0.190398,0.295276
17426,0.194394,0.287055
17427,0.190241,0.310606
17428,0.190241,0.310606
17429,0.211346,0.255253
17430,0.211346,0.255253
17431,0.176052,0.229688
17432,0.144546,0.234534
17433,0.144546,0.234534
17434,0.137455,0.19341
17435,0.143301,0.262727
17436,0.143301,0.262727
17437,0.150281,0.238463
17438,0.169948,0.252708
17439,0.184748,0.244756
17440,0.163649,0.286829
17441,0.158795,0.267546
17442,0.158795,0.267546
17443,0.12476,0.240582
17444,0.12476,0.240582
17445,0.12476,0.240582
17446,0.163069,0.229975
17447,0.182687,0.20484
17448,0.159738,0.195791
17449,0.164525,0.234522
17450,0.122488,0.162293
17451,0.147012,0.161847
17452,0.147012,0.161847
17453,0.164317,0.19731
17454,0.193535,0.176617
17455,0.193535,0.176617
17456,0.193535,0.176617
17457,0.210077,0.193599
17458,0.21955,0.177724
17459,0.269441,0.220412
17460,0.269441,0.220412
17461,0.269441,0.220412
17462,0.267957,0.208005
17463,0.198962,0.164883
17464,0.256382,0.153336
17465,0.216725,0.153156
17466,0.213382,0.13119
17467,0.233533,0.203732
17468,0.233533,0.203732
17469,0.279712,0.22712
17470,0.31128,0.21243
17471,0.269747,0.255663
17472,0.276506,0.219273
17473,0.269583,0.176297
17474,0.309645,0.236728
17475,0.279711,0.339014
17476,0.26556,0.375752
17477,0.26556,0.375752
17478,0.268308,0.400884
17479,0.229048,0.426328
17480,0.263687,0.366242
17481,0.263687,0.366242
17482,0.199453,0.377158
17483,0.199453,0.377158
17484,0.170524,0.404574
17485,0.15287,0.350693
17486,0.15287,0.350693
17487,0.142157,0.372319
17488,0.156735,0.362658
17489,0.18241,0.34197
17490,0.155852,0.31284
17491,0.162733,0.290372
17492,0.162733,0.290372
17493,0.149164,0.354945
17494,0.152697,0.287146
17495,0.152697,0.287146
17496,0.15812,0.299017
17497,0.132991,0.32425
17498,0.139157,0.362842
17499,0.139157,0.362842
17500,0.15148,0.294002
17501,0.141127,0.291847
17502,0.131588,0.278619
17503,0.156888,0.247377
17504,0.0951216,0.250885
17505,0.0951216,0.250885
17506,0.0540708,0.268915
17507,0.107336,0.229565
17508,0.130184,0.172246
17509,0.0930042,0.191838
17510,0.126325,0.158546
17511,0.126325,0.158546
17512,0.126325,0.158546
17513,0.069896,0.221783
17514,0.05531,0.248324
17515,0.109383,0.268911
17516,0.0703913,0.310518
17517,0.0860688,0.30384
17518,0.0860688,0.30384
17519,0.0817449,0.260295
17520,0.0817449,0.260295
17521,0.0817449,0.260295
17522,0.0880807,0.278785
17523,0.0733703,0.289923
17524,0.0663646,0.257858
17525,0.0663646,0.257858
17526,0.112779,0.241808
17527,0.0526602,0.201332
17528,0.0773561,0.16828
17529,0.0483569,0.16044
17530,0.0696404,0.129118
17531,0.0599668,0.171349
17532,0.0458375,0.124767
17533,0.0458375,0.124767
17534,0.0584595,0.161714
17535,0.0791799,0.153605
17536,0.108953,0.0995682
17537,0.108953,0.0995682
17538,0.103004,0.110405
17539,0.103004,0.110405
17540,0.103004,0.110405
17541,0.117898,0.121174
17542,0.122857,0.161117
17543,0.13866,0.151107
17544,0.135993,0.201498
17545,0.202128,0.188839
17546,0.202128,0.188839
17547,0.195985,0.18805
17548,0.234185,0.163821
17549,0.216824,0.179494
17550,0.257798,0.195587
17551,0.193697,0.239719
17552,0.180014,0.205309
17553,0.220606,0.17993
17554,0.205224,0.218858
17555,0.194315,0.214842
17556,0.134726,0.25557
17557,0.112675,0.256861
17558,0.135819,0.232429
17559,0.145691,0.205931
17560,0.165575,0.246449
17561,0.118053,0.251076
17562,0.136812,0.242516
17563,0.13083,0.23886
17564,0.13083,0.23886
17565,0.144018,0.231796
17566,0.146865,0.261904
17567,0.135529,0.242859
17568,0.149926,0.25341
17569,0.175112,0.259539
17570,0.175112,0.259539
17571,0.207014,0.257201
17572,0.182625,0.292443
17573,0.205187,0.306288
17574,0.240071,0.312174
17575,0.240071,0.312174
17576,0.240071,0.312174
17577,0.230596,0.300898
17578,0.214919,0.228997
17579,0.199927,0.231009
17580,0.211087,0.215027
17581,0.174726,0.183631
17582,0.19345,0.231074
17583,0.243704,0.230942
17584,0.231972,0.240645
17585,0.231972,0.240645
17586,0.214344,0.189503
17587,0.214344,0.189503
17588,0.200721,0.163079
17589,0.153656,0.19344
17590,0.18781,0.217488
17591,0.18781,0.217488
17592,0.134326,0.213587
17593,0.136617,0.237864
17594,0.112572,0.282078
17595,0.132446,0.246216
17596,0.132446,0.246216
17597,0.132446,0.246216
17598,0.132446,0.246216
17599,0.0828086,0.251809
17600,0.150015,0.267542
17601,0.150015,0.267542
17602,0.185855,0.23321
17603,0.170592,0.253419
17604,0.193613,0.255094
17605,0.254975,0.264795
17606,0.245576,0.265169
17607,0.305607,0.287662
17608,0.296935,0.269588
17609,0.290778,0.274071
17610,0.290778,0.274071
17611,0.295012,0.244109
17612,0.295012,0.244109
17613,0.295012,0.244109
17614,0.295012,0.244109
17615,0.252994,0.260242
17616,0.229,0.258022
17617,0.237527,0.289847
17618,0.191755,0.297937
17619,0.191755,0.297937
17620,0.247548,0.311104
17621,0.230868,0.284018
17622,0.215192,0.257889
17623,0.195882,0.221996
17624,0.201911,0.228228
17625,0.201911,0.228228
17626,0.21674,0.24419
17627,0.194677,0.261288
17628,0.194677,0.261288
17629,0.194677,0.261288
17630,0.203322,0.278569
17631,0.232357,0.296887
17632,0.178191,0.274097
17633,0.226851,0.289305
17634,0.222141,0.284403
17635,0.222141,0.284403
17636,0.214497,0.291556
17637,0.228466,0.283181
17638,0.241969,0.231476
17639,0.241969,0.231476
17640,0.296789,0.22717
17641,0.286517,0.242638
17642,0.245182,0.258098
17643,0.316914,0.215611
17644,0.316914,0.215611
17645,0.225746,0.262378
17646,0.225746,0.262378
17647,0.225746,0.262378
17648,0.225746,0.262378
17649,0.235027,0.281519
17650,0.224958,0.26065
17651,0.224958,0.26065
17652,0.251511,0.245871
17653,0.279338,0.301
17654,0.279338,0.301
17655,0.240996,0.27993
17656,0.235095,0.297435
17657,0.267168,0.309167
17658,0.227897,0.335306
17659,0.270582,0.414897
17660,0.270582,0.414897
17661,0.259218,0.397126
17662,0.276937,0.39341
17663,0.305314,0.387709
17664,0.344191,0.423164
17665,0.344191,0.423164
17666,0.288785,0.373906
17667,0.283872,0.409507
17668,0.29669,0.404453
17669,0.29669,0.404453
17670,0.301501,0.376501
17671,0.248802,0.371636
17672,0.26548,0.384081
17673,0.229829,0.432776
17674,0.229829,0.432776
17675,0.218265,0.460187
17676,0.226376,0.358104
17677,0.230392,0.339268
17678,0.196185,0.384223
17679,0.196185,0.384223
17680,0.213765,0.371599
17681,0.229745,0.425294
17682,0.301605,0.403247
17683,0.338881,0.347663
17684,0.338881,0.347663
17685,0.294225,0.386494
17686,0.294225,0.386494
17687,0.254799,0.384194
17688,0.239051,0.317013
17689,0.239051,0.317013
17690,0.242361,0.340816
17691,0.271455,0.281848
17692,0.260497,0.294056
17693,0.260497,0.294056
17694,0.241824,0.287012
17695,0.248213,0.260778
17696,0.248213,0.260778
17697,0.248213,0.260778
17698,0.226623,0.253819
17699,0.323518,0.2525
17700,0.323518,0.2525
17701,0.323518,0.2525
17702,0.323518,0.2525
17703,0.323518,0.2525
17704,0.305476,0.21429
17705,0.305476,0.21429
17706,0.341744,0.251755
17707,0.341744,0.251755
17708,0.362596,0.229084
17709,0.338265,0.173575
17710,0.338265,0.173575
17711,0.299169,0.177694
17712,0.268912,0.205315
17713,0.268912,0.205315
17714,0.259114,0.211072
17715,0.252176,0.232803
17716,0.224646,0.210465
17717,0.224646,0.210465
17718,0.179166,0.24472
17719,0.220435,0.248935
17720,0.188258,0.269756
17721,0.14504,0.28529
17722,0.136921,0.305701
17723,0.136921,0.305701
17724,0.0886057,0.351925
17725,0.0886057,0.351925
17726,0.144413,0.275541
17727,0.173326,0.288791
17728,0.1851,0.291365
17729,0.1851,0.291365
17730,0.174497,0.261574
17731,0.204389,0.294016
17732,0.212357,0.297572
17733,0.191778,0.342723
17734,0.191778,0.342723
17735,0.206723,0.383504
17736,0.218203,0.372127
17737,0.218203,0.372127
17738,0.179789,0.355677
17739,0.137077,0.432765
17740,0.14436,0.412033
17741,0.189302,0.406794
17742,0.131376,0.407285
17743,0.131376,0.407285
17744,0.144361,0.427257
17745,0.114322,0.376801
17746,0.0837143,0.398319
17747,0.0921962,0.356689
17748,0.0952605,0.412197
17749,0.0952605,0.412197
17750,0.0862923,0.434051
17751,0.10399,0.399196
17752,0.0806432,0.472938
17753,0.0806432,0.472938
17754,0.104018,0.442964
17755,0.104018,0.442964
17756,0.132031,0.46372
17757,0.114818,0.403942
17758,0.131072,0.378144
17759,0.131631,0.257997
17760,0.0967708,0.264455
17761,0.0967708,0.264455
17762,0.0967708,0.264455
17763,0.0967708,0.264455
17764,0.0967708,0.264455
17765,0.0967708,0.264455
17766,0.12792,0.285963
17767,0.12792,0.285963
17768,0.115804,0.333379
17769,0.104885,0.308491
17770,0.104885,0.308491
17771,0.14447,0.328567
17772,0.123915,0.285487
17773,0.0955377,0.267327
17774,0.10057,0.284379
17775,0.0842983,0.254735
17776,0.0686792,0.255267
17777,0.0592965,0.246788
17778,0.0636664,0.295128
17779,0.0468931,0.289007
17780,0.0671495,0.297191
17781,0.0671495,0.297191
17782,0.0755705,0.263778
17783,0.0754499,0.246085
17784,0.0969235,0.223576
17785,0.0540231,0.244765
17786,0.0554792,0.256299
17787,0.0554792,0.256299
17788,0.0617258,0.257427
17789,0.0601727,0.274987
17790,0.0787485,0.259094
17791,0.10155,0.263246
17792,0.10155,0.263246
17793,0.10155,0.263246
17794,0.104136,0.293109
17795,0.104136,0.293109
17796,0.0978227,0.252722
17797,0.0978227,0.252722
17798,0.0978227,0.252722
17799,0.0978227,0.252722
17800,0.06358,0.261107
17801,0.06358,0.261107
17802,0.06358,0.261107
17803,0.068971,0.224258
17804,0.068971,0.224258
17805,0.068971,0.224258
17806,0.068971,0.224258
17807,0.0183577,0.241541
17808,0.0367465,0.197442
17809,0.0578363,0.183156
17810,0.0578363,0.183156
17811,0.0578363,0.183156
17812,0.0614213,0.179382
17813,0.0614213,0.179382
17814,0.0614213,0.179382
17815,0.0807527,0.217965
17816,0.0934255,0.219575
17817,0.0934255,0.219575
17818,0.0525437,0.221373
17819,0.0779216,0.211872
17820,0.078557,0.250773
17821,0.0817469,0.235422
17822,0.119141,0.240281
17823,0.114728,0.253969
17824,0.114728,0.253969
17825,0.126329,0.26614
17826,0.126329,0.26614
17827,0.135265,0.242798
17828,0.135265,0.242798
17829,0.160528,0.226758
17830,0.180428,0.197053
17831,0.182098,0.18582
17832,0.182098,0.18582
17833,0.182098,0.18582
17834,0.182098,0.18582
17835,0.182098,0.18582
17836,0.182098,0.18582
17837,0.15691,0.221387
17838,0.181214,0.204322
17839,0.202422,0.212925
17840,0.236133,0.190023
17841,0.247464,0.186472
17842,0.201302,0.183831
17843,0.15831,0.240337
17844,0.175492,0.223756
17845,0.169258,0.16695
17846,0.132796,0.192982
17847,0.132796,0.192982
17848,0.188296,0.152883
17849,0.144824,0.142053
17850,0.161153,0.176914
17851,0.159667,0.201224
17852,0.180563,0.196643
17853,0.162069,0.226092
17854,0.134961,0.233817
17855,0.170084,0.221049
17856,0.149806,0.204186
17857,0.156604,0.228654
17858,0.180825,0.215025
17859,0.164153,0.215734
17860,0.151088,0.224927
17861,0.164688,0.220626
17862,0.164688,0.220626
17863,0.164688,0.220626
17864,0.164688,0.220626
17865,0.164464,0.26012
17866,0.164464,0.26012
17867,0.228599,0.281596
17868,0.227003,0.271095
17869,0.230952,0.272402
17870,0.211412,0.285336
17871,0.243204,0.224521
17872,0.238401,0.242454
17873,0.24659,0.252015
17874,0.242909,0.274225
17875,0.225442,0.337664
17876,0.225442,0.337664
17877,0.225442,0.337664
17878,0.20927,0.327351
17879,0.20927,0.327351
17880,0.215704,0.403267
17881,0.184259,0.408922
17882,0.214807,0.410482
17883,0.197018,0.363944
17884,0.194929,0.333608
17885,0.168793,0.348954
17886,0.156515,0.306838
17887,0.179953,0.324476
17888,0.171079,0.271896
17889,0.171079,0.271896
17890,0.173539,0.391903
17891,0.173539,0.391903
17892,0.173539,0.391903
17893,0.206422,0.367589
17894,0.206422,0.367589
17895,0.187663,0.363445
17896,0.173099,0.406241
17897,0.173099,0.406241
17898,0.188863,0.403086
17899,0.230202,0.40419
17900,0.203615,0.407099
17901,0.203615,0.407099
17902,0.203615,0.407099
17903,0.201071,0.409954
17904,0.205172,0.390865
17905,0.188149,0.276978
17906,0.219284,0.270017
17907,0.174941,0.286505
17908,0.2345,0.233735
17909,0.187544,0.296066
17910,0.187544,0.296066
17911,0.187544,0.296066
17912,0.207727,0.302603
17913,0.207727,0.302603
17914,0.234219,0.329465
17915,0.277816,0.307768
17916,0.241123,0.252843
17917,0.180604,0.294048
17918,0.180604,0.294048
17919,0.218272,0.275154
17920,0.221296,0.308801
17921,0.21665,0.278856
17922,0.21665,0.278856
17923,0.228498,0.315463
17924,0.228498,0.315463
17925,0.208456,0.303918
17926,0.280973,0.269654
17927,0.283239,0.312797
17928,0.283239,0.312797
17929,0.283239,0.312797
17930,0.283239,0.312797
17931,0.252986,0.365814
17932,0.252986,0.365814
17933,0.252986,0.365814
17934,0.222353,0.346758
17935,0.222353,0.346758
17936,0.222353,0.346758
17937,0.220805,0.311558
17938,0.163962,0.306078
17939,0.153711,0.327363
17940,0.153711,0.327363
17941,0.139812,0.290321
17942,0.263483,0.295138
17943,0.239471,0.314757
17944,0.239471,0.314757
17945,0.250335,0.28102
17946,0.268312,0.226172
17947,0.268312,0.226172
17948,0.268312,0.226172
17949,0.300603,0.187001
17950,0.274086,0.184721
17951,0.298342,0.172171
17952,0.32581,0.187405
17953,0.316391,0.200209
17954,0.330954,0.1793
17955,0.273079,0.171853
17956,0.251299,0.162006
17957,0.251299,0.162006
17958,0.239813,0.160703
17959,0.235304,0.136608
17960,0.218136,0.12981
17961,0.218136,0.12981
17962,0.2528,0.15984
17963,0.2528,0.15984
17964,0.2528,0.15984
17965,0.29476,0.134055
17966,0.321971,0.156353
17967,0.310343,0.156793
17968,0.315067,0.18424
17969,0.301732,0.175882
17970,0.283633,0.177147
17971,0.241449,0.161311
17972,0.229715,0.182701
17973,0.22071,0.200518
17974,0.26078,0.25903
17975,0.26078,0.25903
17976,0.263104,0.262006
17977,0.252837,0.26493
17978,0.222605,0.275579
17979,0.235934,0.280659
17980,0.220837,0.260536
17981,0.220837,0.260536
17982,0.242678,0.210005
17983,0.222103,0.337472
17984,0.222103,0.337472
17985,0.201942,0.300688
17986,0.181211,0.322674
17987,0.190417,0.25321
17988,0.190417,0.25321
17989,0.190417,0.25321
17990,0.190089,0.290391
17991,0.189154,0.37931
17992,0.189154,0.37931
17993,0.183815,0.377605
17994,0.172232,0.284201
17995,0.172232,0.284201
17996,0.200833,0.321988
17997,0.206486,0.287184
17998,0.19503,0.314435
17999,0.194863,0.323737
18000,0.218732,0.311046
18001,0.201262,0.28471
18002,0.20488,0.270694
18003,0.178943,0.22891
18004,0.178943,0.22891
18005,0.178943,0.22891
18006,0.170617,0.226518
18007,0.180336,0.26994
18008,0.149568,0.230847
18009,0.15493,0.267845
18010,0.180866,0.287088
18011,0.163515,0.266032
18012,0.160459,0.275244
18013,0.160459,0.275244
18014,0.160459,0.275244
18015,0.160459,0.275244
18016,0.198661,0.240511
18017,0.198661,0.240511
18018,0.198661,0.240511
18019,0.168784,0.214246
18020,0.107122,0.232006
18021,0.163926,0.237797
18022,0.163926,0.237797
18023,0.217352,0.238541
18024,0.229562,0.247485
18025,0.229562,0.247485
18026,0.241523,0.258991
18027,0.253296,0.287811
18028,0.253296,0.287811
18029,0.277471,0.329993
18030,0.294087,0.298944
18031,0.294087,0.298944
18032,0.269481,0.28926
18033,0.284828,0.278987
18034,0.245541,0.22201
18035,0.205997,0.246823
18036,0.205997,0.246823
18037,0.205997,0.246823
18038,0.222191,0.258706
18039,0.222191,0.258706
18040,0.213293,0.229739
18041,0.285404,0.223324
18042,0.23868,0.19978
18043,0.23868,0.19978
18044,0.272125,0.180563
18045,0.269479,0.18345
18046,0.269479,0.18345
18047,0.269479,0.18345
18048,0.23941,0.189498
18049,0.23941,0.189498
18050,0.234772,0.198166
18051,0.234772,0.198166
18052,0.249307,0.178343
18053,0.249307,0.178343
18054,0.249307,0.178343
18055,0.204456,0.203
18056,0.204456,0.203
18057,0.204456,0.203
18058,0.204456,0.203
18059,0.250355,0.164362
18060,0.235313,0.184248
18061,0.235313,0.184248
18062,0.214702,0.214408
18063,0.174904,0.195474
18064,0.174904,0.195474
18065,0.181552,0.200185
18066,0.161966,0.204096
18067,0.132457,0.202663
18068,0.132457,0.202663
18069,0.166998,0.170184
18070,0.166998,0.170184
18071,0.166998,0.170184
18072,0.233675,0.207448
18073,0.233675,0.207448
18074,0.233675,0.207448
18075,0.199036,0.193934
18076,0.247328,0.20336
18077,0.234994,0.191617
18078,0.234994,0.191617
18079,0.234994,0.191617
18080,0.204011,0.21651
18081,0.22207,0.233445
18082,0.242836,0.282931
18083,0.242836,0.282931
18084,0.242836,0.282931
18085,0.211657,0.256563
18086,0.211657,0.256563
18087,0.161365,0.323414
18088,0.0693213,0.259567
18089,0.106958,0.256579
18090,0.138478,0.269195
18091,0.0906671,0.254686
18092,0.14704,0.257503
18093,0.14704,0.257503
18094,0.14704,0.257503
18095,0.110388,0.298495
18096,0.145781,0.338778
18097,0.184071,0.331403
18098,0.15278,0.343859
18099,0.141963,0.31349
18100,0.126279,0.373393
18101,0.124867,0.304972
18102,0.153955,0.314209
18103,0.153955,0.314209
18104,0.159116,0.384659
18105,0.159116,0.384659
18106,0.168597,0.408271
18107,0.161433,0.393709
18108,0.164672,0.48349
18109,0.164672,0.48349
18110,0.164672,0.48349
18111,0.167982,0.420574
18112,0.188491,0.463858
18113,0.178639,0.531372
18114,0.171392,0.562052
18115,0.171392,0.562052
18116,0.171392,0.562052
18117,0.167663,0.506954
18118,0.153405,0.549579
18119,0.239396,0.498272
18120,0.211835,0.470185
18121,0.211835,0.470185
18122,0.211835,0.470185
18123,0.199494,0.499032
18124,0.199494,0.499032
18125,0.199494,0.499032
18126,0.149613,0.548512
18127,0.149613,0.548512
18128,0.149613,0.548512
18129,0.149613,0.548512
18130,0.149613,0.548512
18131,0.144866,0.497555
18132,0.131699,0.518663
18133,0.131699,0.518663
18134,0.180191,0.514875
18135,0.180191,0.514875
18136,0.180191,0.514875
18137,0.130827,0.597925
18138,0.107648,0.602291
18139,0.1042,0.558853
18140,0.1042,0.558853
18141,0.1042,0.558853
18142,0.1042,0.558853
18143,0.1042,0.558853
18144,0.113595,0.563953
18145,0.113595,0.563953
18146,0.137896,0.514588
18147,0.13234,0.635363
18148,0.160489,0.536858
18149,0.160489,0.536858
18150,0.110989,0.538562
18151,0.110989,0.538562
18152,0.0986923,0.417949
18153,0.134031,0.423666
18154,0.161233,0.438151
18155,0.161233,0.438151
18156,0.161233,0.438151
18157,0.161233,0.438151
18158,0.161233,0.438151
18159,0.112729,0.468868
18160,0.151828,0.430901
18161,0.222019,0.42767
18162,0.222019,0.42767
18163,0.205779,0.430532
18164,0.143383,0.486421
18165,0.144919,0.527885
18166,0.144543,0.491109
18167,0.166938,0.454234
18168,0.163734,0.512523
18169,0.153056,0.475519
18170,0.119934,0.467921
18171,0.155605,0.429479
18172,0.143469,0.430127
18173,0.13305,0.395196
18174,0.148111,0.396022
18175,0.134004,0.402369
18176,0.111668,0.341399
18177,0.111668,0.341399
18178,0.105289,0.303222
18179,0.122985,0.358897
18180,0.150944,0.355976
18181,0.150944,0.355976
18182,0.111893,0.408254
18183,0.0912762,0.354536
18184,0.0526699,0.375589
18185,0.0526699,0.375589
18186,0.0448568,0.418174
18187,0.0286646,0.405996
18188,0.0286646,0.405996
18189,0.036367,0.389882
18190,0.0107531,0.360989
18191,0.0340578,0.399504
18192,0.0252714,0.341094
18193,0.0252714,0.341094
18194,0.0149906,0.372225
18195,0.0149906,0.372225
18196,0.0580482,0.336801
18197,0.0588236,0.415169
18198,0.0588236,0.415169
18199,0.113809,0.418968
18200,0.0834475,0.366014
18201,0.0834475,0.366014
18202,0.131251,0.373344
18203,0.129924,0.325181
18204,0.184224,0.341861
18205,0.128603,0.317787
18206,0.146132,0.266907
18207,0.157658,0.274488
18208,0.157658,0.274488
18209,0.157658,0.274488
18210,0.162255,0.270447
18211,0.162255,0.270447
18212,0.101251,0.262162
18213,0.151574,0.319774
18214,0.150962,0.301662
18215,0.201184,0.340707
18216,0.240992,0.312523
18217,0.259244,0.336323
18218,0.267584,0.300843
18219,0.267584,0.300843
18220,0.229324,0.311892
18221,0.217003,0.34011
18222,0.217003,0.34011
18223,0.240637,0.344333
18224,0.274886,0.40339
18225,0.254104,0.35452
18226,0.29059,0.354694
18227,0.29059,0.354694
18228,0.314546,0.36322
18229,0.211503,0.3596
18230,0.211503,0.3596
18231,0.195335,0.324962
18232,0.195335,0.324962
18233,0.211803,0.291247
18234,0.193281,0.357377
18235,0.211871,0.373673
18236,0.211871,0.373673
18237,0.176235,0.402043
18238,0.155909,0.34836
18239,0.225672,0.399361
18240,0.199708,0.3549
18241,0.199708,0.3549
18242,0.167722,0.427356
18243,0.112903,0.428113
18244,0.112903,0.428113
18245,0.0848339,0.396255
18246,0.102753,0.376032
18247,0.159349,0.437201
18248,0.159349,0.437201
18249,0.143916,0.467616
18250,0.143916,0.467616
18251,0.169999,0.467804
18252,0.145008,0.45421
18253,0.153402,0.436111
18254,0.150958,0.423031
18255,0.170006,0.41524
18256,0.170006,0.41524
18257,0.170006,0.41524
18258,0.210036,0.467117
18259,0.210036,0.467117
18260,0.165556,0.362764
18261,0.169759,0.328075
18262,0.169759,0.328075
18263,0.169759,0.328075
18264,0.165421,0.315724
18265,0.143458,0.372737
18266,0.143458,0.372737
18267,0.119674,0.44837
18268,0.145441,0.367241
18269,0.0837712,0.441583
18270,0.134264,0.379692
18271,0.134264,0.379692
18272,0.132443,0.348131
18273,0.145547,0.367966
18274,0.151039,0.380682
18275,0.160354,0.367692
18276,0.169067,0.426861
18277,0.157694,0.386245
18278,0.12193,0.402729
18279,0.12193,0.402729
18280,0.135521,0.45374
18281,0.19038,0.493307
18282,0.15256,0.548308
18283,0.15256,0.548308
18284,0.17923,0.530888
18285,0.211485,0.51898
18286,0.15373,0.481794
18287,0.185589,0.432373
18288,0.139348,0.428521
18289,0.139348,0.428521
18290,0.139348,0.428521
18291,0.143459,0.491153
18292,0.123398,0.402369
18293,0.152377,0.362644
18294,0.137671,0.394744
18295,0.0920375,0.341323
18296,0.126223,0.294816
18297,0.0503352,0.335692
18298,0.0948761,0.366567
18299,0.0873107,0.294763
18300,0.0873107,0.294763
18301,0.115476,0.310428
18302,0.156981,0.379411
18303,0.165263,0.305396
18304,0.191041,0.315202
18305,0.114509,0.36206
18306,0.108723,0.303008
18307,0.108723,0.303008
18308,0.108723,0.303008
18309,0.176466,0.329216
18310,0.214772,0.271872
18311,0.230631,0.284999
18312,0.162798,0.284031
18313,0.169828,0.252788
18314,0.193505,0.281777
18315,0.193505,0.281777
18316,0.160663,0.329961
18317,0.160663,0.329961
18318,0.160663,0.329961
18319,0.201183,0.306268
18320,0.201183,0.306268
18321,0.201183,0.306268
18322,0.198515,0.314562
18323,0.161055,0.308759
18324,0.161055,0.308759
18325,0.161055,0.308759
18326,0.172527,0.247533
18327,0.172527,0.247533
18328,0.224114,0.248134
18329,0.224114,0.248134
18330,0.254726,0.279642
18331,0.214287,0.310737
18332,0.214885,0.345705
18333,0.222802,0.252947
18334,0.162177,0.265838
18335,0.105314,0.32203
18336,0.129681,0.285832
18337,0.129681,0.285832
18338,0.166038,0.350061
18339,0.166038,0.350061
18340,0.188268,0.358629
18341,0.19839,0.36345
18342,0.257407,0.363836
18343,0.257407,0.363836
18344,0.304155,0.359225
18345,0.214711,0.367429
18346,0.188409,0.384396
18347,0.186865,0.372398
18348,0.187026,0.4284
18349,0.136062,0.524848
18350,0.136062,0.524848
18351,0.176937,0.420079
18352,0.176937,0.420079
18353,0.193897,0.377508
18354,0.175591,0.370518
18355,0.175591,0.370518
18356,0.182772,0.360005
18357,0.189688,0.3424
18358,0.17761,0.321686
18359,0.205089,0.26555
18360,0.18509,0.274309
18361,0.185059,0.259973
18362,0.169962,0.220092
18363,0.169962,0.220092
18364,0.139471,0.237615
18365,0.139471,0.237615
18366,0.189473,0.219153
18367,0.163687,0.25635
18368,0.248292,0.275897
18369,0.248292,0.275897
18370,0.248292,0.275897
18371,0.245181,0.243485
18372,0.276,0.233792
18373,0.288173,0.263731
18374,0.288173,0.263731
18375,0.297013,0.220889
18376,0.342117,0.23022
18377,0.379581,0.160293
18378,0.418219,0.190779
18379,0.420866,0.248593
18380,0.475471,0.176459
18381,0.475471,0.176459
18382,0.37998,0.233992
18383,0.37998,0.233992
18384,0.380098,0.313589
18385,0.353403,0.322624
18386,0.353403,0.322624
18387,0.326156,0.313742
18388,0.326944,0.323686
18389,0.326944,0.323686
18390,0.338338,0.356492
18391,0.338306,0.38439
18392,0.345888,0.409985
18393,0.274798,0.414738
18394,0.265615,0.383732
18395,0.285756,0.406002
18396,0.346382,0.350534
18397,0.294571,0.405341
18398,0.291917,0.417053
18399,0.225477,0.358083
18400,0.293676,0.362519
18401,0.283566,0.359798
18402,0.255863,0.30918
18403,0.255863,0.30918
18404,0.223605,0.350572
18405,0.227148,0.314506
18406,0.227148,0.314506
18407,0.237922,0.351439
18408,0.22444,0.318676
18409,0.24896,0.363124
18410,0.323345,0.306732
18411,0.340835,0.334069
18412,0.295855,0.332371
18413,0.302927,0.303478
18414,0.347188,0.287439
18415,0.320675,0.293803
18416,0.395221,0.301094
18417,0.414289,0.272766
18418,0.378578,0.282075
18419,0.270589,0.277043
18420,0.300912,0.281565
18421,0.256577,0.279671
18422,0.307585,0.294656
18423,0.307585,0.294656
18424,0.313567,0.295729
18425,0.379224,0.286021
18426,0.349741,0.290608
18427,0.389429,0.262079
18428,0.405457,0.284336
18429,0.405457,0.284336
18430,0.333566,0.249663
18431,0.333566,0.249663
18432,0.333566,0.249663
18433,0.333566,0.249663
18434,0.405165,0.237534
18435,0.405165,0.237534
18436,0.330683,0.242771
18437,0.31617,0.269904
18438,0.383396,0.25062
18439,0.370326,0.213361
18440,0.370326,0.213361
18441,0.366316,0.269144
18442,0.404263,0.294179
18443,0.364559,0.288409
18444,0.368933,0.299456
18445,0.368933,0.299456
18446,0.368933,0.299456
18447,0.346283,0.300521
18448,0.388045,0.300049
18449,0.465765,0.304193
18450,0.380549,0.301968
18451,0.432244,0.318676
18452,0.449827,0.339092
18453,0.449827,0.339092
18454,0.399875,0.348857
18455,0.382821,0.321175
18456,0.446122,0.330893
18457,0.341457,0.280497
18458,0.246709,0.280239
18459,0.228144,0.367992
18460,0.228144,0.367992
18461,0.171257,0.330535
18462,0.171257,0.330535
18463,0.171257,0.330535
18464,0.171257,0.330535
18465,0.259592,0.318423
18466,0.223817,0.355199
18467,0.194945,0.393367
18468,0.18464,0.343673
18469,0.196097,0.366547
18470,0.241218,0.35876
18471,0.256256,0.336197
18472,0.256256,0.336197
18473,0.256256,0.336197
18474,0.256256,0.336197
18475,0.23188,0.302144
18476,0.23188,0.302144
18477,0.23188,0.302144
18478,0.23188,0.302144
18479,0.259105,0.330766
18480,0.243702,0.38797
18481,0.251637,0.381049
18482,0.254636,0.330447
18483,0.235377,0.291031
18484,0.249956,0.30118
18485,0.280555,0.320139
18486,0.280555,0.320139
18487,0.239181,0.331149
18488,0.239181,0.331149
18489,0.292508,0.331499
18490,0.295317,0.364721
18491,0.295317,0.364721
18492,0.254627,0.345221
18493,0.229854,0.359865
18494,0.260631,0.352287
18495,0.235053,0.299938
18496,0.250596,0.326852
18497,0.290545,0.292619
18498,0.261393,0.311337
18499,0.236812,0.265821
18500,0.236812,0.265821
18501,0.278484,0.276178
18502,0.256643,0.281042
18503,0.224727,0.267227
18504,0.230341,0.273664
18505,0.275686,0.31532
18506,0.270786,0.253537
18507,0.253775,0.310681
18508,0.240494,0.3086
18509,0.230052,0.326549
18510,0.230052,0.326549
18511,0.230052,0.326549
18512,0.182292,0.386947
18513,0.19472,0.382802
18514,0.244839,0.411303
18515,0.22409,0.354092
18516,0.198761,0.352109
18517,0.198761,0.352109
18518,0.205518,0.320236
18519,0.228021,0.329415
18520,0.228021,0.329415
18521,0.223743,0.367895
18522,0.206069,0.345477
18523,0.20244,0.345649
18524,0.178388,0.324147
18525,0.178388,0.324147
18526,0.197977,0.3159
18527,0.262818,0.272293
18528,0.278396,0.239952
18529,0.278396,0.239952
18530,0.296973,0.259236
18531,0.296973,0.259236
18532,0.296973,0.259236
18533,0.288985,0.251339
18534,0.287435,0.281962
18535,0.245807,0.257372
18536,0.317411,0.303527
18537,0.317411,0.303527
18538,0.334495,0.298235
18539,0.347279,0.322154
18540,0.3425,0.281215
18541,0.250991,0.358682
18542,0.250991,0.358682
18543,0.250991,0.358682
18544,0.278133,0.31248
18545,0.248997,0.282912
18546,0.248997,0.282912
18547,0.259228,0.340375
18548,0.259228,0.340375
18549,0.259228,0.340375
18550,0.259228,0.340375
18551,0.302114,0.320318
18552,0.351155,0.364992
18553,0.351155,0.364992
18554,0.27776,0.30251
18555,0.27776,0.30251
18556,0.326516,0.288712
18557,0.250151,0.230472
18558,0.250151,0.230472
18559,0.31178,0.235917
18560,0.350101,0.346482
18561,0.350101,0.346482
18562,0.375008,0.341194
18563,0.34384,0.291098
18564,0.366968,0.314707
18565,0.348187,0.374263
18566,0.348187,0.374263
18567,0.348187,0.374263
18568,0.325281,0.384845
18569,0.330363,0.307897
18570,0.330363,0.307897
18571,0.330363,0.307897
18572,0.330363,0.307897
18573,0.372098,0.403451
18574,0.263382,0.31894
18575,0.223816,0.346651
18576,0.192931,0.312773
18577,0.210823,0.355716
18578,0.184566,0.37356
18579,0.184566,0.37356
18580,0.184566,0.37356
18581,0.203117,0.36729
18582,0.18027,0.325428
18583,0.109793,0.33956
18584,0.138448,0.342259
18585,0.109072,0.354749
18586,0.213647,0.330036
18587,0.222939,0.315931
18588,0.194843,0.256512
18589,0.194843,0.256512
18590,0.24427,0.242785
18591,0.253333,0.300211
18592,0.280999,0.316374
18593,0.302379,0.289747
18594,0.302379,0.289747
18595,0.310531,0.275303
18596,0.262481,0.276052
18597,0.262481,0.276052
18598,0.323289,0.299416
18599,0.314974,0.380647
18600,0.309887,0.378113
18601,0.362883,0.396071
18602,0.362883,0.396071
18603,0.408296,0.360419
18604,0.425617,0.350399
18605,0.449382,0.30505
18606,0.381093,0.340406
18607,0.422523,0.315297
18608,0.445352,0.32031
18609,0.472314,0.359837
18610,0.528575,0.346153
18611,0.374361,0.285897
18612,0.419638,0.288981
18613,0.446282,0.293574
18614,0.446282,0.293574
18615,0.446282,0.293574
18616,0.494489,0.218781
18617,0.508137,0.232241
18618,0.508137,0.232241
18619,0.47438,0.236067
18620,0.512955,0.193924
18621,0.501751,0.224954
18622,0.526096,0.207203
18623,0.521693,0.17586
18624,0.388875,0.177369
18625,0.388875,0.177369
18626,0.375887,0.201496
18627,0.36447,0.20575
18628,0.385319,0.234638
18629,0.385319,0.234638
18630,0.419531,0.237419
18631,0.419531,0.237419
18632,0.419531,0.237419
18633,0.419531,0.237419
18634,0.358842,0.235126
18635,0.417576,0.244575
18636,0.417576,0.244575
18637,0.446101,0.2361
18638,0.446101,0.2361
18639,0.380335,0.237157
18640,0.380335,0.237157
18641,0.398207,0.275572
18642,0.432559,0.257152
18643,0.432559,0.257152
18644,0.397182,0.255593
18645,0.397182,0.255593
18646,0.421117,0.222424
18647,0.438944,0.264794
18648,0.395442,0.276145
18649,0.393174,0.217945
18650,0.403244,0.201627
18651,0.438883,0.191967
18652,0.491255,0.238486
18653,0.401746,0.19964
18654,0.419398,0.248518
18655,0.408032,0.246319
18656,0.408032,0.246319
18657,0.408032,0.246319
18658,0.352983,0.237755
18659,0.3661,0.26194
18660,0.357555,0.286944
18661,0.396902,0.338203
18662,0.40937,0.365099
18663,0.447582,0.42594
18664,0.34601,0.429929
18665,0.340812,0.409735
18666,0.340812,0.409735
18667,0.340812,0.409735
18668,0.340812,0.409735
18669,0.383949,0.372021
18670,0.360731,0.415547
18671,0.321774,0.4515
18672,0.321774,0.4515
18673,0.321774,0.4515
18674,0.329475,0.440302
18675,0.276697,0.433691
18676,0.237481,0.428235
18677,0.298847,0.437194
18678,0.291928,0.457866
18679,0.331651,0.423051
18680,0.168819,0.423798
18681,0.239767,0.409195
18682,0.16704,0.418648
18683,0.180415,0.391723
18684,0.104298,0.418369
18685,0.129816,0.45691
18686,0.129816,0.45691
18687,0.132424,0.413622
18688,0.13602,0.433261
18689,0.170259,0.520015
18690,0.170259,0.520015
18691,0.19532,0.484622
18692,0.210424,0.481303
18693,0.219944,0.597322
18694,0.166409,0.528506
18695,0.163865,0.503982
18696,0.163865,0.503982
18697,0.250596,0.464959
18698,0.183156,0.447437
18699,0.166624,0.42705
18700,0.162723,0.447212
18701,0.181744,0.450055
18702,0.212544,0.394113
18703,0.269365,0.375142
18704,0.260563,0.454309
18705,0.208867,0.54948
18706,0.208867,0.54948
18707,0.225906,0.484054
18708,0.225906,0.484054
18709,0.225906,0.484054
18710,0.225906,0.484054
18711,0.225906,0.484054
18712,0.210633,0.440474
18713,0.210633,0.440474
18714,0.210633,0.440474
18715,0.199676,0.52763
18716,0.187645,0.517848
18717,0.187294,0.589427
18718,0.240279,0.487782
18719,0.197946,0.565626
18720,0.197946,0.565626
18721,0.193939,0.514982
18722,0.224426,0.556809
18723,0.224426,0.556809
18724,0.248643,0.576665
18725,0.232495,0.556216
18726,0.2252,0.501274
18727,0.226234,0.394448
18728,0.207454,0.393599
18729,0.207454,0.393599
18730,0.213783,0.393325
18731,0.213783,0.393325
18732,0.213783,0.393325
18733,0.245285,0.474914
18734,0.245285,0.474914
18735,0.245285,0.474914
18736,0.245285,0.474914
18737,0.215677,0.348414
18738,0.23261,0.381881
18739,0.217384,0.41001
18740,0.217051,0.399551
18741,0.217051,0.399551
18742,0.178521,0.335516
18743,0.209993,0.260612
18744,0.227642,0.270119
18745,0.227642,0.270119
18746,0.227642,0.270119
18747,0.239378,0.298244
18748,0.239378,0.298244
18749,0.239378,0.298244
18750,0.26529,0.268332
18751,0.26529,0.268332
18752,0.235587,0.311304
18753,0.241589,0.264413
18754,0.219433,0.364447
18755,0.245605,0.377975
18756,0.245605,0.377975
18757,0.240421,0.365796
18758,0.240421,0.365796
18759,0.23326,0.33686
18760,0.278648,0.323553
18761,0.278648,0.323553
18762,0.273155,0.376861
18763,0.268285,0.362038
18764,0.294419,0.2835
18765,0.319621,0.292839
18766,0.347194,0.259944
18767,0.347194,0.259944
18768,0.347435,0.301092
18769,0.330381,0.302407
18770,0.358075,0.265935
18771,0.329214,0.317019
18772,0.329214,0.317019
18773,0.360124,0.31952
18774,0.3026,0.280113
18775,0.305073,0.267201
18776,0.297073,0.222957
18777,0.297073,0.222957
18778,0.315716,0.289446
18779,0.295014,0.259863
18780,0.295014,0.259863
18781,0.31661,0.272699
18782,0.378288,0.279329
18783,0.378288,0.279329
18784,0.378288,0.279329
18785,0.366922,0.301297
18786,0.36988,0.358354
18787,0.314552,0.30331
18788,0.314552,0.30331
18789,0.314552,0.30331
18790,0.314552,0.30331
18791,0.295922,0.279504
18792,0.287606,0.24523
18793,0.281541,0.217371
18794,0.281541,0.217371
18795,0.298123,0.25234
18796,0.298123,0.25234
18797,0.298123,0.25234
18798,0.256968,0.236979
18799,0.256968,0.236979
18800,0.243668,0.178276
18801,0.244146,0.205285
18802,0.274704,0.235634
18803,0.278619,0.234647
18804,0.271017,0.220271
18805,0.241806,0.219592
18806,0.24503,0.183195
18807,0.269883,0.147022
18808,0.296097,0.182155
18809,0.285233,0.212334
18810,0.2807,0.198665
18811,0.2807,0.198665
18812,0.328176,0.174613
18813,0.313577,0.203134
18814,0.313577,0.203134
18815,0.317776,0.241958
18816,0.28851,0.292188
18817,0.346679,0.300137
18818,0.346679,0.300137
18819,0.307554,0.257361
18820,0.317106,0.347838
18821,0.377236,0.298684
18822,0.353733,0.249959
18823,0.353733,0.249959
18824,0.353733,0.249959
18825,0.408488,0.221957
18826,0.408488,0.221957
18827,0.408488,0.221957
18828,0.365954,0.252857
18829,0.402389,0.234841
18830,0.402389,0.234841
18831,0.402389,0.234841
18832,0.313529,0.246149
18833,0.342516,0.247524
18834,0.315436,0.281422
18835,0.315436,0.281422
18836,0.315436,0.281422
18837,0.332966,0.306914
18838,0.371319,0.313872
18839,0.371319,0.313872
18840,0.333779,0.300192
18841,0.333779,0.300192
18842,0.330386,0.276918
18843,0.367341,0.329075
18844,0.35929,0.292361
18845,0.317483,0.314921
18846,0.317483,0.314921
18847,0.336688,0.32745
18848,0.301703,0.300197
18849,0.382252,0.291891
18850,0.393068,0.326627
18851,0.339957,0.349601
18852,0.341096,0.365668
18853,0.296669,0.328741
18854,0.296669,0.328741
18855,0.296669,0.328741
18856,0.296669,0.328741
18857,0.296669,0.328741
18858,0.274127,0.39778
18859,0.276838,0.376413
18860,0.276838,0.376413
18861,0.276225,0.388567
18862,0.269585,0.368286
18863,0.269585,0.368286
18864,0.247423,0.355957
18865,0.292683,0.282061
18866,0.293776,0.267525
18867,0.292691,0.272669
18868,0.277362,0.228194
18869,0.308318,0.176988
18870,0.315811,0.21654
18871,0.315811,0.21654
18872,0.315811,0.21654
18873,0.315811,0.21654
18874,0.348005,0.227732
18875,0.348005,0.227732
18876,0.365614,0.208303
18877,0.3609,0.153491
18878,0.3187,0.168054
18879,0.300559,0.134499
18880,0.300559,0.134499
18881,0.300559,0.134499
18882,0.264319,0.143358
18883,0.333579,0.149202
18884,0.327997,0.193166
18885,0.327997,0.193166
18886,0.38059,0.20683
18887,0.32344,0.226591
18888,0.384481,0.261034
18889,0.351464,0.278254
18890,0.323679,0.29219
18891,0.292182,0.277641
18892,0.280553,0.287803
18893,0.242594,0.273599
18894,0.294282,0.284969
18895,0.284185,0.260889
18896,0.284185,0.260889
18897,0.284185,0.260889
18898,0.284185,0.260889
18899,0.295925,0.289343
18900,0.351335,0.295157
18901,0.402663,0.297605
18902,0.409474,0.236623
18903,0.426506,0.249311
18904,0.426506,0.249311
18905,0.390615,0.261492
18906,0.394399,0.240235
18907,0.449717,0.249434
18908,0.416243,0.24056
18909,0.400801,0.290123
18910,0.400801,0.290123
18911,0.351832,0.340966
18912,0.339805,0.268993
18913,0.339805,0.268993
18914,0.369813,0.295934
18915,0.410723,0.364702
18916,0.392737,0.338729
18917,0.376069,0.314124
18918,0.288013,0.322883
18919,0.29244,0.335406
18920,0.266465,0.329391
18921,0.330545,0.325646
18922,0.377894,0.31041
18923,0.392243,0.309012
18924,0.392243,0.309012
18925,0.394262,0.315501
18926,0.37041,0.260341
18927,0.359862,0.31225
18928,0.338462,0.294157
18929,0.345143,0.28017
18930,0.379163,0.288306
18931,0.441763,0.308102
18932,0.441763,0.308102
18933,0.438735,0.236689
18934,0.438735,0.236689
18935,0.360493,0.242723
18936,0.382399,0.268587
18937,0.382399,0.268587
18938,0.362658,0.316706
18939,0.322139,0.276233
18940,0.317498,0.296512
18941,0.333422,0.289149
18942,0.326587,0.309664
18943,0.312154,0.319038
18944,0.312154,0.319038
18945,0.317696,0.329689
18946,0.317696,0.329689
18947,0.239837,0.266719
18948,0.292867,0.269771
18949,0.297074,0.239917
18950,0.260061,0.241019
18951,0.24878,0.217981
18952,0.248179,0.191056
18953,0.267511,0.231408
18954,0.267511,0.231408
18955,0.284424,0.203344
18956,0.330435,0.221702
18957,0.321569,0.22838
18958,0.321569,0.22838
18959,0.388567,0.242314
18960,0.388567,0.242314
18961,0.324309,0.201748
18962,0.360687,0.208154
18963,0.322176,0.235691
18964,0.322176,0.235691
18965,0.332528,0.230311
18966,0.38361,0.281311
18967,0.356135,0.284749
18968,0.396554,0.285979
18969,0.396554,0.285979
18970,0.396554,0.285979
18971,0.349363,0.30838
18972,0.349363,0.30838
18973,0.349363,0.30838
18974,0.350763,0.26119
18975,0.382839,0.250506
18976,0.364268,0.200075
18977,0.364268,0.200075
18978,0.357826,0.173334
18979,0.318547,0.193514
18980,0.308473,0.166758
18981,0.291128,0.160129
18982,0.291128,0.160129
18983,0.338641,0.168869
18984,0.332034,0.129021
18985,0.313013,0.102336
18986,0.312574,0.123994
18987,0.312574,0.123994
18988,0.312574,0.123994
18989,0.348066,0.153921
18990,0.348066,0.153921
18991,0.329067,0.174909
18992,0.329067,0.174909
18993,0.296811,0.177246
18994,0.296811,0.177246
18995,0.30196,0.164958
18996,0.290752,0.165427
18997,0.290752,0.165427
18998,0.329815,0.188859
18999,0.329012,0.16177
19000,0.328141,0.182189
19001,0.294083,0.21551
19002,0.299555,0.207573
19003,0.314027,0.184608
19004,0.314027,0.184608
19005,0.29535,0.260419
19006,0.29535,0.260419
19007,0.306074,0.167544
19008,0.341691,0.160002
19009,0.341691,0.160002
19010,0.33819,0.132896
19011,0.33819,0.132896
19012,0.33819,0.132896
19013,0.33819,0.132896
19014,0.335446,0.1398
19015,0.341855,0.169115
19016,0.341855,0.169115
19017,0.341855,0.169115
19018,0.335121,0.183346
19019,0.368401,0.226759
19020,0.397801,0.248586
19021,0.397801,0.248586
19022,0.410152,0.125924
19023,0.410152,0.125924
19024,0.395451,0.109824
19025,0.395451,0.109824
19026,0.422354,0.113978
19027,0.422354,0.113978
19028,0.422354,0.113978
19029,0.351814,0.0950208
19030,0.371759,0.154807
19031,0.378764,0.167654
19032,0.378764,0.167654
19033,0.378764,0.167654
19034,0.359009,0.185019
19035,0.403007,0.150463
19036,0.422913,0.0990812
19037,0.422913,0.0990812
19038,0.422913,0.0990812
19039,0.425375,0.105247
19040,0.392393,0.139814
19041,0.392393,0.139814
19042,0.353862,0.129163
19043,0.385525,0.156515
19044,0.372916,0.143943
19045,0.380775,0.162332
19046,0.380775,0.162332
19047,0.380775,0.162332
19048,0.380775,0.162332
19049,0.366495,0.173623
19050,0.423641,0.169707
19051,0.381124,0.15792
19052,0.400955,0.199167
19053,0.400955,0.199167
19054,0.400955,0.199167
19055,0.41457,0.220236
19056,0.41457,0.220236
19057,0.417076,0.264153
19058,0.389909,0.267124
19059,0.453788,0.272651
19060,0.453788,0.272651
19061,0.438548,0.192244
19062,0.438548,0.192244
19063,0.423576,0.257749
19064,0.487776,0.265135
19065,0.500317,0.289578
19066,0.42357,0.240212
19067,0.412792,0.211158
19068,0.40138,0.227905
19069,0.497478,0.178583
19070,0.44106,0.150809
19071,0.483987,0.179788
19072,0.41562,0.159662
19073,0.41562,0.159662
19074,0.57291,0.168326
19075,0.515481,0.154175
19076,0.484784,0.136376
19077,0.449102,0.185823
19078,0.359088,0.225942
19079,0.359088,0.225942
19080,0.361358,0.215329
19081,0.287391,0.175209
19082,0.299772,0.208668
19083,0.349161,0.284413
19084,0.376174,0.307328
19085,0.376174,0.307328
19086,0.410995,0.283856
19087,0.427245,0.28464
19088,0.456108,0.256774
19089,0.472851,0.243172
19090,0.478704,0.252243
19091,0.478704,0.252243
19092,0.416101,0.228647
19093,0.412348,0.246672
19094,0.412348,0.246672
19095,0.37997,0.285724
19096,0.409577,0.255841
19097,0.32299,0.28461
19098,0.357712,0.30862
19099,0.420304,0.27841
19100,0.361586,0.280418
19101,0.353114,0.273721
19102,0.370662,0.268612
19103,0.434419,0.194022
19104,0.434419,0.194022
19105,0.434419,0.194022
19106,0.359054,0.210427
19107,0.302021,0.223888
19108,0.302021,0.223888
19109,0.308312,0.21122
19110,0.308312,0.21122
19111,0.263667,0.264806
19112,0.202843,0.267476
19113,0.197883,0.264435
19114,0.232883,0.324409
19115,0.300654,0.32117
19116,0.364703,0.303215
19117,0.367392,0.318121
19118,0.35701,0.282865
19119,0.268708,0.291174
19120,0.259354,0.253318
19121,0.25961,0.277376
19122,0.228751,0.249622
19123,0.208312,0.221899
19124,0.208312,0.221899
19125,0.181084,0.22078
19126,0.181084,0.22078
19127,0.188787,0.23123
19128,0.218397,0.252223
19129,0.208768,0.277914
19130,0.208768,0.277914
19131,0.208768,0.277914
19132,0.208768,0.277914
19133,0.21421,0.294227
19134,0.225485,0.24527
19135,0.211916,0.256952
19136,0.246935,0.242948
19137,0.255387,0.210528
19138,0.285087,0.221724
19139,0.285087,0.221724
19140,0.285087,0.221724
19141,0.285087,0.221724
19142,0.285087,0.221724
19143,0.310226,0.265717
19144,0.310226,0.265717
19145,0.240802,0.291702
19146,0.242496,0.353913
19147,0.242496,0.353913
19148,0.253924,0.354802
19149,0.232043,0.332368
19150,0.308439,0.296429
19151,0.24832,0.311065
19152,0.298293,0.34222
19153,0.313036,0.317973
19154,0.305192,0.363683
19155,0.269825,0.386265
19156,0.308875,0.373436
19157,0.35905,0.378199
19158,0.357704,0.348605
19159,0.317828,0.405891
19160,0.344275,0.384931
19161,0.316194,0.461742
19162,0.326522,0.337351
19163,0.280319,0.421223
19164,0.253993,0.480814
19165,0.30696,0.449067
19166,0.299614,0.456215
19167,0.343757,0.473761
19168,0.322101,0.48685
19169,0.322101,0.48685
19170,0.294997,0.50679
19171,0.294997,0.50679
19172,0.270359,0.371915
19173,0.328374,0.353936
19174,0.328374,0.353936
19175,0.350494,0.37808
19176,0.391724,0.320885
19177,0.391724,0.320885
19178,0.384876,0.313515
19179,0.384876,0.313515
19180,0.316856,0.378281
19181,0.343387,0.326111
19182,0.376182,0.364565
19183,0.324084,0.320861
19184,0.324084,0.320861
19185,0.324084,0.320861
19186,0.310732,0.364567
19187,0.301312,0.430167
19188,0.305181,0.455224
19189,0.327165,0.454322
19190,0.327165,0.454322
19191,0.352353,0.409128
19192,0.413732,0.350708
19193,0.353498,0.352216
19194,0.277052,0.335665
19195,0.409472,0.327111
19196,0.409472,0.327111
19197,0.409472,0.327111
19198,0.314249,0.339361
19199,0.314249,0.339361
19200,0.252009,0.305083
19201,0.251813,0.28262
19202,0.251813,0.28262
19203,0.251813,0.28262
19204,0.265013,0.30243
19205,0.221141,0.290463
19206,0.212268,0.34048
19207,0.260901,0.334496
19208,0.194961,0.303507
19209,0.216074,0.336175
19210,0.321828,0.296667
19211,0.269037,0.343235
19212,0.269037,0.343235
19213,0.202185,0.336126
19214,0.239338,0.432284
19215,0.239338,0.432284
19216,0.239338,0.432284
19217,0.245272,0.423376
19218,0.209956,0.420958
19219,0.146679,0.429608
19220,0.136937,0.417866
19221,0.205557,0.444538
19222,0.158867,0.429671
19223,0.111203,0.409888
19224,0.192616,0.365396
19225,0.192616,0.365396
19226,0.206387,0.447591
19227,0.206387,0.447591
19228,0.231368,0.414014
19229,0.231368,0.414014
19230,0.280481,0.419879
19231,0.275961,0.392086
19232,0.278262,0.413179
19233,0.279898,0.338076
19234,0.351934,0.384555
19235,0.376416,0.372158
19236,0.421783,0.347868
19237,0.421783,0.347868
19238,0.421783,0.347868
19239,0.367681,0.343892
19240,0.367681,0.343892
19241,0.331354,0.41967
19242,0.289956,0.425789
19243,0.263181,0.426707
19244,0.284582,0.407652
19245,0.337858,0.402502
19246,0.307726,0.441308
19247,0.307726,0.441308
19248,0.307726,0.441308
19249,0.307726,0.441308
19250,0.307726,0.441308
19251,0.352669,0.487394
19252,0.395,0.465361
19253,0.358948,0.374906
19254,0.358948,0.374906
19255,0.384994,0.54297
19256,0.511083,0.441097
19257,0.446495,0.413072
19258,0.446495,0.413072
19259,0.403401,0.349303
19260,0.409245,0.295472
19261,0.419496,0.3695
19262,0.375187,0.381435
19263,0.345434,0.428025
19264,0.386559,0.442128
19265,0.386559,0.442128
19266,0.318981,0.402793
19267,0.318981,0.402793
19268,0.318981,0.402793
19269,0.384043,0.418467
19270,0.384043,0.418467
19271,0.358285,0.491784
19272,0.317636,0.491741
19273,0.308685,0.497964
19274,0.308685,0.497964
19275,0.274203,0.51437
19276,0.319619,0.367378
19277,0.319619,0.367378
19278,0.295412,0.362368
19279,0.295412,0.362368
19280,0.293758,0.357663
19281,0.271947,0.312949
19282,0.331663,0.341276
19283,0.315751,0.26013
19284,0.332956,0.281848
19285,0.332956,0.281848
19286,0.332956,0.281848
19287,0.313612,0.215762
19288,0.350555,0.204229
19289,0.335598,0.2562
19290,0.335598,0.2562
19291,0.332013,0.259365
19292,0.332013,0.259365
19293,0.332013,0.259365
19294,0.332013,0.259365
19295,0.347486,0.268438
19296,0.354331,0.25099
19297,0.321763,0.272136
19298,0.315449,0.260776
19299,0.26127,0.271858
19300,0.26127,0.271858
19301,0.235087,0.228236
19302,0.22112,0.220332
19303,0.22112,0.220332
19304,0.176032,0.284131
19305,0.176032,0.284131
19306,0.196504,0.242301
19307,0.196504,0.242301
19308,0.210533,0.333339
19309,0.199885,0.339918
19310,0.190994,0.397109
19311,0.194715,0.379002
19312,0.177138,0.405364
19313,0.177138,0.405364
19314,0.177138,0.405364
19315,0.167533,0.358129
19316,0.167533,0.358129
19317,0.193481,0.333231
19318,0.216406,0.342707
19319,0.216406,0.342707
19320,0.226291,0.433462
19321,0.253356,0.392857
19322,0.256953,0.349956
19323,0.256953,0.349956
19324,0.256953,0.349956
19325,0.246387,0.348804
19326,0.2611,0.34314
19327,0.2611,0.34314
19328,0.286274,0.387633
19329,0.238007,0.345479
19330,0.246487,0.363553
19331,0.309303,0.320084
19332,0.315598,0.341927
19333,0.334753,0.392777
19334,0.358679,0.386954
19335,0.354403,0.333552
19336,0.328867,0.370141
19337,0.363047,0.325119
19338,0.363047,0.325119
19339,0.371555,0.285544
19340,0.377808,0.317111
19341,0.348998,0.345333
19342,0.340897,0.315655
19343,0.340897,0.315655
19344,0.340897,0.315655
19345,0.335651,0.335463
19346,0.399853,0.284916
19347,0.399853,0.284916
19348,0.424396,0.270979
19349,0.408138,0.322637
19350,0.361157,0.309561
19351,0.351805,0.286047
19352,0.340985,0.277382
19353,0.326143,0.34382
19354,0.411933,0.284664
19355,0.43552,0.248262
19356,0.453068,0.215581
19357,0.410618,0.23286
19358,0.410618,0.23286
19359,0.385504,0.225192
19360,0.332632,0.247426
19361,0.332632,0.247426
19362,0.332632,0.247426
19363,0.291577,0.261766
19364,0.369869,0.240918
19365,0.307624,0.296519
19366,0.337905,0.320018
19367,0.370438,0.277199
19368,0.352851,0.309944
19369,0.304827,0.258378
19370,0.348268,0.242645
19371,0.342272,0.215776
19372,0.343893,0.249661
19373,0.436689,0.226908
19374,0.41973,0.194445
19375,0.502257,0.243358
19376,0.488587,0.241024
19377,0.419785,0.266495
19378,0.419785,0.266495
19379,0.438218,0.262114
19380,0.460937,0.23651
19381,0.427803,0.226841
19382,0.44828,0.207701
19383,0.419455,0.182378
19384,0.451064,0.2241
19385,0.469859,0.191765
19386,0.469859,0.191765
19387,0.448457,0.183004
19388,0.443129,0.177045
19389,0.366299,0.247643
19390,0.389522,0.288154
19391,0.340851,0.255123
19392,0.394655,0.192405
19393,0.404307,0.18248
19394,0.404307,0.18248
19395,0.397518,0.1932
19396,0.397518,0.1932
19397,0.397518,0.1932
19398,0.397518,0.1932
19399,0.402607,0.183818
19400,0.36715,0.14889
19401,0.36715,0.14889
19402,0.408309,0.176203
19403,0.342603,0.21032
19404,0.332615,0.178583
19405,0.304338,0.186149
19406,0.304338,0.186149
19407,0.31745,0.185263
19408,0.330228,0.176722
19409,0.282246,0.164747
19410,0.381015,0.122223
19411,0.338346,0.223771
19412,0.3632,0.14796
19413,0.3438,0.150299
19414,0.318541,0.168173
19415,0.318541,0.168173
19416,0.318541,0.168173
19417,0.317361,0.172197
19418,0.341942,0.164933
19419,0.330552,0.217037
19420,0.29595,0.338274
19421,0.302262,0.263067
19422,0.302262,0.263067
19423,0.302262,0.263067
19424,0.302262,0.263067
19425,0.302262,0.263067
19426,0.282309,0.313346
19427,0.282309,0.313346
19428,0.282309,0.313346
19429,0.282309,0.313346
19430,0.282309,0.313346
19431,0.334047,0.253763
19432,0.324741,0.221635
19433,0.349862,0.271794
19434,0.349862,0.271794
19435,0.346203,0.250185
19436,0.318698,0.244491
19437,0.298509,0.219994
19438,0.28316,0.18782
19439,0.259842,0.28631
19440,0.259842,0.28631
19441,0.304368,0.285085
19442,0.330754,0.318955
19443,0.297973,0.224429
19444,0.297973,0.224429
19445,0.297973,0.224429
19446,0.297973,0.224429
19447,0.354526,0.292312
19448,0.333628,0.297673
19449,0.313399,0.292469
19450,0.366821,0.230335
19451,0.374733,0.281693
19452,0.287843,0.281932
19453,0.304375,0.330937
19454,0.312794,0.343813
19455,0.322494,0.328045
19456,0.329686,0.3051
19457,0.368174,0.294274
19458,0.394107,0.285528
19459,0.328061,0.332445
19460,0.351213,0.347927
19461,0.34149,0.369575
19462,0.295747,0.280559
19463,0.25681,0.274516
19464,0.267276,0.329255
19465,0.285254,0.359637
19466,0.238234,0.350725
19467,0.238234,0.350725
19468,0.204814,0.364811
19469,0.273904,0.362122
19470,0.273904,0.362122
19471,0.273904,0.362122
19472,0.242893,0.362996
19473,0.1988,0.354048
19474,0.246011,0.332324
19475,0.246011,0.332324
19476,0.251998,0.351758
19477,0.251998,0.351758
19478,0.251998,0.351758
19479,0.205874,0.343294
19480,0.190955,0.365555
19481,0.199648,0.36223
19482,0.203488,0.341466
19483,0.166688,0.330639
19484,0.166688,0.330639
19485,0.134952,0.339118
19486,0.134952,0.339118
19487,0.134952,0.339118
19488,0.189445,0.320583
19489,0.22847,0.372974
19490,0.211049,0.334967
19491,0.211049,0.334967
19492,0.211049,0.334967
19493,0.21311,0.279331
19494,0.262225,0.34814
19495,0.268958,0.352711
19496,0.294289,0.313647
19497,0.298258,0.288162
19498,0.344577,0.314339
19499,0.360439,0.283498
19500,0.326865,0.34109
19501,0.326865,0.34109
19502,0.326865,0.34109
19503,0.362897,0.373387
19504,0.355354,0.358929
19505,0.316479,0.295002
19506,0.269585,0.311051
19507,0.297964,0.320332
19508,0.215572,0.280203
19509,0.229666,0.321166
19510,0.230423,0.283106
19511,0.230114,0.330277
19512,0.206688,0.320601
19513,0.233054,0.354174
19514,0.233054,0.354174
19515,0.233054,0.354174
19516,0.233054,0.354174
19517,0.233054,0.354174
19518,0.226471,0.359405
19519,0.226471,0.359405
19520,0.226471,0.359405
19521,0.19918,0.412029
19522,0.186723,0.325498
19523,0.186723,0.325498
19524,0.17897,0.319586
19525,0.204536,0.312706
19526,0.135891,0.297557
19527,0.141033,0.337274
19528,0.141033,0.337274
19529,0.104506,0.373732
19530,0.0677753,0.390966
19531,0.0677753,0.390966
19532,0.0546365,0.40046
19533,0.0723551,0.415082
19534,0.10086,0.353607
19535,0.0851678,0.318095
19536,0.10919,0.410503
19537,0.10919,0.410503
19538,0.101831,0.429525
19539,0.126897,0.405202
19540,0.138448,0.386406
19541,0.138448,0.386406
19542,0.0923536,0.438989
19543,0.111633,0.395047
19544,0.1433,0.385138
19545,0.0867006,0.367784
19546,0.0867006,0.367784
19547,0.0867006,0.367784
19548,0.0867006,0.367784
19549,0.0943736,0.327276
19550,0.0943736,0.327276
19551,0.0875459,0.325041
19552,0.0634655,0.391577
19553,0.0614938,0.357779
19554,0.057908,0.302345
19555,0.0503426,0.286536
19556,0.0503426,0.286536
19557,0.0503426,0.286536
19558,0.095882,0.236467
19559,0.0841171,0.323722
19560,0.0841171,0.323722
19561,0.053854,0.267608
19562,0.053854,0.267608
19563,0.0380001,0.289639
19564,0.0358762,0.227362
19565,0.027326,0.2103
19566,0.0204204,0.194007
19567,0.0379053,0.255561
19568,0.0490901,0.241598
19569,0.0443321,0.253191
19570,0.0443321,0.253191
19571,0.0346155,0.211711
19572,0.0203039,0.20751
19573,0.0433934,0.26091
19574,0.0105186,0.263628
19575,0.040687,0.27447
19576,0.040687,0.27447
19577,0.040687,0.27447
19578,0.0453541,0.277188
19579,0.0209038,0.250145
19580,0.0941127,0.239037
19581,0.0997444,0.224973
19582,0.0401828,0.191818
19583,0.0191774,0.220448
19584,0.00954272,0.212095
19585,0.00954272,0.212095
19586,0.0367973,0.25253
19587,0.0367973,0.25253
19588,0.0367973,0.25253
19589,0.0357927,0.228746
19590,0.0357927,0.228746
19591,0.0282627,0.180512
19592,0.0404624,0.182598
19593,0.073875,0.177596
19594,0.073875,0.177596
19595,0.0149084,0.174729
19596,0.0395375,0.224518
19597,0.0395375,0.224518
19598,0.0248503,0.196198
19599,0.0628063,0.185015
19600,0.0953775,0.17908
19601,0.0946768,0.154756
19602,0.107008,0.187696
19603,0.0849977,0.173583
19604,0.0965824,0.194266
19605,0.044002,0.158567
19606,0.0990051,0.149498
19607,0.0990051,0.149498
19608,0.0947339,0.149984
19609,0.0947339,0.149984
19610,0.0980978,0.161298
19611,0.0980978,0.161298
19612,0.132962,0.118586
19613,0.122542,0.0971038
19614,0.122156,0.144113
19615,0.122156,0.144113
19616,0.0917518,0.124378
19617,0.0917518,0.124378
19618,0.14524,0.116215
19619,0.157456,0.136744
19620,0.196497,0.112343
19621,0.164172,0.136976
19622,0.164172,0.136976
19623,0.17657,0.151566
19624,0.198437,0.152443
19625,0.143152,0.132576
19626,0.188191,0.145273
19627,0.177852,0.153643
19628,0.177852,0.153643
19629,0.171027,0.24212
19630,0.131805,0.304655
19631,0.148318,0.263341
19632,0.162634,0.240753
19633,0.162634,0.240753
19634,0.153394,0.242373
19635,0.153394,0.242373
19636,0.166668,0.340013
19637,0.143353,0.284982
19638,0.135635,0.293011
19639,0.175595,0.29863
19640,0.175595,0.29863
19641,0.175595,0.29863
19642,0.175595,0.29863
19643,0.175595,0.29863
19644,0.167822,0.23607
19645,0.167822,0.23607
19646,0.163292,0.221053
19647,0.163292,0.221053
19648,0.137199,0.237154
19649,0.137199,0.237154
19650,0.155571,0.217279
19651,0.155571,0.217279
19652,0.155571,0.217279
19653,0.174275,0.245468
19654,0.127441,0.261156
19655,0.144509,0.219379
19656,0.20481,0.219797
19657,0.20481,0.219797
19658,0.192093,0.198692
19659,0.236793,0.235583
19660,0.207985,0.243393
19661,0.207985,0.243393
19662,0.236849,0.267358
19663,0.236849,0.267358
19664,0.240339,0.285929
19665,0.226317,0.253293
19666,0.226317,0.253293
19667,0.226317,0.253293
19668,0.256554,0.369245
19669,0.228053,0.274276
19670,0.228053,0.274276
19671,0.254452,0.252502
19672,0.254452,0.252502
19673,0.246926,0.23883
19674,0.266957,0.186668
19675,0.266957,0.186668
19676,0.228001,0.203971
19677,0.228001,0.203971
19678,0.218329,0.172881
19679,0.218329,0.172881
19680,0.218329,0.172881
19681,0.290495,0.163589
19682,0.282813,0.183841
19683,0.224223,0.195125
19684,0.224223,0.195125
19685,0.197297,0.192374
19686,0.273114,0.191197
19687,0.267404,0.269419
19688,0.219322,0.25573
19689,0.235578,0.235142
19690,0.215662,0.228537
19691,0.285648,0.238607
19692,0.261501,0.264346
19693,0.285113,0.266483
19694,0.275842,0.176426
19695,0.281,0.251572
19696,0.281,0.251572
19697,0.299239,0.235203
19698,0.299239,0.235203
19699,0.350775,0.174225
19700,0.399954,0.248463
19701,0.392578,0.28045
19702,0.368833,0.292112
19703,0.368833,0.292112
19704,0.301993,0.293726
19705,0.291439,0.412997
19706,0.32655,0.279349
19707,0.32655,0.279349
19708,0.289246,0.289718
19709,0.28007,0.300868
19710,0.28007,0.300868
19711,0.281034,0.279464
19712,0.281034,0.279464
19713,0.281034,0.279464
19714,0.281034,0.279464
19715,0.285027,0.258376
19716,0.285027,0.258376
19717,0.259057,0.204833
19718,0.259057,0.204833
19719,0.247944,0.225254
19720,0.283745,0.231032
19721,0.257235,0.243243
19722,0.257235,0.243243
19723,0.315447,0.260189
19724,0.325343,0.276704
19725,0.355777,0.30727
19726,0.35467,0.288126
19727,0.298499,0.263775
19728,0.34982,0.259247
19729,0.416104,0.249991
19730,0.408764,0.212796
19731,0.380277,0.247867
19732,0.343742,0.240799
19733,0.36065,0.256167
19734,0.317038,0.273271
19735,0.364007,0.234001
19736,0.364007,0.234001
19737,0.360267,0.199069
19738,0.360267,0.199069
19739,0.369509,0.209908
19740,0.411179,0.214158
19741,0.372772,0.240988
19742,0.426423,0.254857
19743,0.423139,0.255845
19744,0.453768,0.245036
19745,0.453768,0.245036
19746,0.458875,0.244886
19747,0.458875,0.244886
19748,0.458875,0.244886
19749,0.433069,0.287434
19750,0.387723,0.309877
19751,0.434368,0.318657
19752,0.417817,0.33918
19753,0.417817,0.33918
19754,0.363725,0.326675
19755,0.363725,0.326675
19756,0.363725,0.326675
19757,0.407456,0.356764
19758,0.337621,0.383676
19759,0.299602,0.330652
19760,0.294911,0.2803
19761,0.227019,0.313397
19762,0.266892,0.371137
19763,0.266892,0.371137
19764,0.266892,0.371137
19765,0.288742,0.341215
19766,0.288742,0.341215
19767,0.316197,0.357798
19768,0.307103,0.389148
19769,0.345302,0.344666
19770,0.337571,0.349584
19771,0.337571,0.349584
19772,0.337571,0.349584
19773,0.323438,0.319957
19774,0.323438,0.319957
19775,0.317606,0.34347
19776,0.303865,0.345836
19777,0.299685,0.323092
19778,0.355655,0.332512
19779,0.318984,0.344042
19780,0.271715,0.317012
19781,0.308588,0.370904
19782,0.282137,0.308823
19783,0.321649,0.261779
19784,0.304408,0.247138
19785,0.339728,0.220081
19786,0.339728,0.220081
19787,0.35211,0.175009
19788,0.300337,0.258297
19789,0.31599,0.240147
19790,0.295843,0.211987
19791,0.295843,0.211987
19792,0.295843,0.211987
19793,0.332842,0.213981
19794,0.332842,0.213981
19795,0.332842,0.213981
19796,0.332842,0.213981
19797,0.288366,0.221213
19798,0.288366,0.221213
19799,0.303821,0.235027
19800,0.26803,0.232295
19801,0.26803,0.232295
19802,0.253703,0.213436
19803,0.276733,0.256776
19804,0.266879,0.298641
19805,0.266879,0.298641
19806,0.266879,0.298641
19807,0.266879,0.298641
19808,0.295709,0.326157
19809,0.243778,0.303271
19810,0.238723,0.314209
19811,0.238723,0.314209
19812,0.238723,0.314209
19813,0.24164,0.295083
19814,0.287964,0.275717
19815,0.274222,0.235616
19816,0.315176,0.233609
19817,0.303402,0.232695
19818,0.312966,0.244975
19819,0.316601,0.224528
19820,0.316601,0.224528
19821,0.316601,0.224528
19822,0.268138,0.2268
19823,0.268138,0.2268
19824,0.272637,0.191631
19825,0.329233,0.170793
19826,0.297623,0.213974
19827,0.297623,0.213974
19828,0.298575,0.216159
19829,0.317561,0.175685
19830,0.286001,0.141772
19831,0.261428,0.117795
19832,0.276371,0.108003
19833,0.276371,0.108003
19834,0.26458,0.102945
19835,0.26458,0.102945
19836,0.29151,0.135341
19837,0.29151,0.135341
19838,0.320614,0.133474
19839,0.304405,0.156365
19840,0.341403,0.122634
19841,0.33104,0.137734
19842,0.321237,0.133718
19843,0.373038,0.148333
19844,0.323551,0.183761
19845,0.380991,0.172584
19846,0.271241,0.175269
19847,0.224116,0.161603
19848,0.155117,0.154256
19849,0.193964,0.135122
19850,0.193964,0.135122
19851,0.225189,0.144385
19852,0.210917,0.159064
19853,0.241406,0.155071
19854,0.241164,0.136669
19855,0.249074,0.183468
19856,0.249074,0.183468
19857,0.249074,0.183468
19858,0.2443,0.177135
19859,0.256675,0.131247
19860,0.256675,0.131247
19861,0.256675,0.131247
19862,0.215811,0.156207
19863,0.196679,0.149376
19864,0.192791,0.169203
19865,0.192791,0.169203
19866,0.192791,0.169203
19867,0.192354,0.203139
19868,0.192354,0.203139
19869,0.167532,0.16745
19870,0.176501,0.131945
19871,0.195258,0.136086
19872,0.206647,0.15575
19873,0.152069,0.16449
19874,0.177885,0.150655
19875,0.206981,0.1543
19876,0.266307,0.11594
19877,0.266307,0.11594
19878,0.266307,0.11594
19879,0.266307,0.11594
19880,0.25202,0.144531
19881,0.243377,0.145278
19882,0.243377,0.145278
19883,0.190673,0.146588
19884,0.188839,0.130285
19885,0.189072,0.134561
19886,0.170497,0.130681
19887,0.170497,0.130681
19888,0.139526,0.134328
19889,0.139526,0.134328
19890,0.140909,0.138563
19891,0.123002,0.157362
19892,0.161186,0.166137
19893,0.0965526,0.181222
19894,0.0990235,0.215303
19895,0.108486,0.200929
19896,0.132948,0.188415
19897,0.132948,0.188415
19898,0.132948,0.188415
19899,0.174291,0.206201
19900,0.174945,0.194715
19901,0.234341,0.173652
19902,0.250559,0.190584
19903,0.238572,0.184926
19904,0.260649,0.171567
19905,0.29147,0.174191
19906,0.226914,0.169213
19907,0.198619,0.154291
19908,0.198619,0.154291
19909,0.244275,0.129136
19910,0.173544,0.154204
19911,0.239935,0.150217
19912,0.180087,0.151588
19913,0.23159,0.202638
19914,0.273237,0.177576
19915,0.276496,0.154943
19916,0.276496,0.154943
19917,0.29588,0.174776
19918,0.320316,0.178116
19919,0.272066,0.176318
19920,0.272066,0.176318
19921,0.238936,0.153687
19922,0.22937,0.218785
19923,0.244297,0.284089
19924,0.244297,0.284089
19925,0.244297,0.284089
19926,0.244297,0.284089
19927,0.217417,0.276625
19928,0.178678,0.274113
19929,0.163482,0.285915
19930,0.109235,0.334741
19931,0.12568,0.311669
19932,0.108897,0.319808
19933,0.108897,0.319808
19934,0.108897,0.319808
19935,0.0884991,0.265691
19936,0.132031,0.374739
19937,0.155256,0.299339
19938,0.155256,0.299339
19939,0.151291,0.294726
19940,0.151291,0.294726
19941,0.198319,0.28493
19942,0.202277,0.349993
19943,0.22112,0.273219
19944,0.252482,0.271212
19945,0.252482,0.271212
19946,0.209573,0.270632
19947,0.209573,0.270632
19948,0.209573,0.270632
19949,0.256518,0.231744
19950,0.280097,0.26166
19951,0.333216,0.245004
19952,0.343364,0.218521
19953,0.309648,0.22658
19954,0.35545,0.214883
19955,0.35545,0.214883
19956,0.34056,0.190211
19957,0.34056,0.190211
19958,0.326664,0.180835
19959,0.259468,0.156204
19960,0.259468,0.156204
19961,0.33679,0.149126
19962,0.348295,0.160371
19963,0.269292,0.163145
19964,0.269292,0.163145
19965,0.269292,0.163145
19966,0.232333,0.146247
19967,0.232333,0.146247
19968,0.231274,0.16239
19969,0.231274,0.16239
19970,0.20152,0.164506
19971,0.210456,0.162261
19972,0.180101,0.175261
19973,0.21633,0.176747
19974,0.231459,0.201977
19975,0.231459,0.201977
19976,0.231459,0.201977
19977,0.214427,0.180158
19978,0.252253,0.206945
19979,0.1986,0.214817
19980,0.274692,0.19721
19981,0.274692,0.19721
19982,0.238317,0.189886
19983,0.238317,0.189886
19984,0.238317,0.189886
19985,0.238317,0.189886
19986,0.263139,0.188564
19987,0.270104,0.181684
19988,0.269921,0.177742
19989,0.260372,0.175138
19990,0.235577,0.190032
19991,0.248084,0.124432
19992,0.251604,0.167498
19993,0.251604,0.167498
19994,0.251604,0.167498
19995,0.26948,0.193675
19996,0.283675,0.188777
19997,0.283675,0.188777
19998,0.284632,0.162451
19999,0.238239,0.130888
20000,0.220633,0.130643
