MDTU,|Tr(L)|,ReTr(L),ImTr(L)
1,1.62906,0.514439,-1.5457
2,1.66703,0.526465,-1.58171
3,1.66703,0.526465,-1.58171
4,1.60779,0.538813,-1.51481
5,1.686,0.576581,-1.58435
6,1.686,0.576581,-1.58435
7,1.68324,0.612357,-1.5679
8,1.67825,0.687915,-1.53079
9,1.67825,0.687915,-1.53079
10,1.68841,0.729069,-1.52289
11,1.68156,0.772041,-1.49385
12,1.67243,0.828974,-1.45253
13,1.67243,0.828974,-1.45253
14,1.71246,0.761552,-1.5338
15,1.65051,0.79887,-1.4443
16,1.71977,0.85701,-1.49103
17,1.66014,0.876413,-1.40995
18,1.66014,0.876413,-1.40995
19,1.72786,0.906456,-1.471
20,1.72786,0.906456,-1.471
21,1.72786,0.906456,-1.471
22,1.66316,0.907561,-1.39371
23,1.72236,1.00311,-1.40011
24,1.69136,0.992064,-1.36986
25,1.69136,0.992064,-1.36986
26,1.76823,0.996282,-1.46084
27,1.71596,0.963575,-1.41987
28,1.71596,0.963575,-1.41987
29,1.69868,0.93085,-1.42092
30,1.69868,0.93085,-1.42092
31,1.68998,0.96003,-1.39081
32,1.6838,0.772919,-1.49592
33,1.6838,0.772919,-1.49592
34,1.71486,0.867426,-1.4793
35,1.72904,0.831573,-1.51594
36,1.73792,0.840169,-1.52134
37,1.71861,0.838041,-1.50044
38,1.75601,0.95042,-1.47657
39,1.68231,1.0282,-1.33153
40,1.68231,1.0282,-1.33153
41,1.6577,0.879736,-1.405
42,1.71365,0.916354,-1.44806
43,1.74065,0.934074,-1.4688
44,1.74065,0.934074,-1.4688
45,1.77017,0.9956,-1.46365
46,1.74809,0.94222,-1.47243
47,1.71121,0.970063,-1.40969
48,1.77506,0.978471,-1.48103
49,1.85773,1.06308,-1.52349
50,1.86617,1.08053,-1.52153
51,1.85716,1.1601,-1.45025
52,1.87449,1.23369,-1.41129
53,1.85866,1.14735,-1.46226
54,1.75814,1.00038,-1.44579
55,1.8654,1.11167,-1.49796
56,1.93506,1.22715,-1.49618
57,2.0046,1.37013,-1.46328
58,1.88022,1.27165,-1.38496
59,1.88022,1.27165,-1.38496
60,1.95737,1.35526,-1.41229
61,1.95737,1.35526,-1.41229
62,1.95737,1.35526,-1.41229
63,1.89763,1.24903,-1.42861
64,1.84603,1.21618,-1.38879
65,1.84603,1.21618,-1.38879
66,1.86745,1.23845,-1.39771
67,1.97127,1.32926,-1.45566
68,1.97127,1.32926,-1.45566
69,2.00206,1.32284,-1.50277
70,1.96725,1.40419,-1.3778
71,1.96725,1.40419,-1.3778
72,1.96725,1.40419,-1.3778
73,1.96148,1.45365,-1.31694
74,1.96148,1.45365,-1.31694
75,1.95184,1.34813,-1.41146
76,1.95184,1.34813,-1.41146
77,1.82478,1.33134,-1.24794
78,1.82478,1.33134,-1.24794
79,1.81642,1.35811,-1.20619
80,1.81642,1.35811,-1.20619
81,1.81642,1.35811,-1.20619
82,1.97034,1.44481,-1.33969
83,1.99707,1.44611,-1.37734
84,1.92744,1.49067,-1.22185
85,2.03907,1.51941,-1.35985
86,2.04562,1.58377,-1.29469
87,2.00042,1.50591,-1.31678
88,2.06369,1.51541,-1.40084
89,1.96249,1.42889,-1.34524
90,1.96249,1.42889,-1.34524
91,1.96249,1.42889,-1.34524
92,1.96593,1.51951,-1.24738
93,1.96593,1.51951,-1.24738
94,1.96593,1.51951,-1.24738
95,1.96593,1.51951,-1.24738
96,1.96593,1.51951,-1.24738
97,2.07006,1.50652,-1.4197
98,2.04119,1.50211,-1.38207
99,2.00331,1.42755,-1.40548
100,1.99127,1.40829,-1.4078
101,2.13017,1.47341,-1.5384
102,2.13017,1.47341,-1.5384
103,1.93458,1.33314,-1.40191
104,1.93458,1.33314,-1.40191
105,2.01354,1.44556,-1.40168
106,2.00537,1.49819,-1.33302
107,2.00537,1.49819,-1.33302
108,2.04346,1.48961,-1.39885
109,1.89428,1.2955,-1.38201
110,2.02577,1.34353,-1.51614
111,2.01021,1.24008,-1.58214
112,2.04317,1.18989,-1.66094
113,2.04317,1.18989,-1.66094
114,2.02448,1.17435,-1.64906
115,2.0589,1.17852,-1.68824
116,2.0589,1.17852,-1.68824
117,2.02697,1.20968,-1.62644
118,1.92662,1.12822,-1.56173
119,2.0463,1.201,-1.65679
120,2.0463,1.201,-1.65679
121,1.93388,1.11056,-1.58321
122,2.07625,1.22768,-1.6744
123,2.07625,1.22768,-1.6744
124,2.01884,1.23935,-1.59365
125,2.05711,1.18837,-1.67912
126,2.08322,1.21317,-1.69352
127,2.14406,1.15216,-1.80819
128,2.19226,1.20779,-1.82955
129,2.19226,1.20779,-1.82955
130,2.19226,1.20779,-1.82955
131,2.19226,1.20779,-1.82955
132,2.19226,1.20779,-1.82955
133,2.19226,1.20779,-1.82955
134,2.19226,1.20779,-1.82955
135,2.12255,1.18024,-1.76416
136,2.21904,1.23009,-1.84689
137,2.1612,1.20356,-1.79505
138,2.1612,1.20356,-1.79505
139,2.10509,1.03537,-1.83286
140,2.10509,1.03537,-1.83286
141,2.10509,1.03537,-1.83286
142,2.13987,1.02264,-1.8797
143,2.16963,0.998409,-1.92626
144,2.16963,0.998409,-1.92626
145,2.16963,0.998409,-1.92626
146,2.05333,0.851724,-1.86835
147,2.12525,0.92457,-1.9136
148,2.09863,0.808739,-1.93654
149,2.22808,1.01658,-1.98265
150,2.22808,1.01658,-1.98265
151,2.22808,1.01658,-1.98265
152,2.23689,1.12165,-1.93535
153,2.20568,1.13617,-1.89054
154,2.20568,1.13617,-1.89054
155,2.24879,1.16276,-1.92485
156,2.22898,1.09773,-1.93992
157,2.22898,1.09773,-1.93992
158,2.22898,1.09773,-1.93992
159,2.12986,1.03862,-1.85945
160,2.17189,1.11288,-1.8651
161,2.11595,1.12134,-1.79439
162,2.11595,1.12134,-1.79439
163,2.11595,1.12134,-1.79439
164,2.15313,1.04675,-1.88156
165,2.11965,1.07717,-1.82555
166,2.11965,1.07717,-1.82555
167,2.06628,1.07018,-1.76755
168,2.04789,1.06984,-1.74622
169,2.04789,1.06984,-1.74622
170,2.12906,1.13305,-1.80252
171,2.09607,1.13059,-1.76501
172,2.12785,1.11197,-1.81419
173,2.12785,1.11197,-1.81419
174,2.0839,1.2021,-1.70224
175,2.00886,1.24556,-1.5761
176,2.00096,1.10493,-1.66823
177,2.00096,1.10493,-1.66823
178,1.99339,0.97535,-1.73847
179,2.02034,1.05276,-1.72437
180,2.02034,1.05276,-1.72437
181,2.02034,1.05276,-1.72437
182,1.96834,1.01063,-1.68908
183,1.96834,1.01063,-1.68908
184,1.94041,0.943744,-1.69545
185,1.98549,0.941257,-1.7482
186,1.94175,0.955166,-1.69057
187,1.90205,0.889621,-1.68118
188,1.90205,0.889621,-1.68118
189,1.88568,0.829257,-1.69355
190,2.00987,0.893239,-1.80048
191,2.00987,0.893239,-1.80048
192,1.9801,0.946005,-1.7395
193,1.987,1.00316,-1.71517
194,1.95134,0.979152,-1.6879
195,1.95134,0.979152,-1.6879
196,1.96441,0.946119,-1.72156
197,1.93723,0.993982,-1.66279
198,1.93723,0.993982,-1.66279
199,1.86804,0.96978,-1.59659
200,1.93647,1.00942,-1.65257
201,1.92198,1.02817,-1.62385
202,1.90808,1.07328,-1.57761
203,1.93296,1.04601,-1.62548
204,1.95586,1.03109,-1.662
205,1.95237,1.03913,-1.65286
206,1.95158,1.03543,-1.65425
207,1.95158,1.03543,-1.65425
208,1.95019,1.00465,-1.6715
209,1.87888,1.04352,-1.56245
210,1.85927,1.00301,-1.56553
211,1.92961,0.994103,-1.65383
212,1.88834,1.01197,-1.59429
213,1.88053,0.901145,-1.65055
214,1.88053,0.901145,-1.65055
215,1.88134,0.921075,-1.64045
216,1.88134,0.921075,-1.64045
217,1.88134,0.921075,-1.64045
218,1.94994,1.01999,-1.66189
219,1.94994,1.01999,-1.66189
220,1.94056,0.926569,-1.70506
221,2.00029,0.97142,-1.74857
222,1.94614,0.99847,-1.67049
223,2.01292,1.0683,-1.70604
224,2.00298,1.07556,-1.6897
225,2.12972,1.16071,-1.78563
226,2.12236,1.19454,-1.75428
227,2.09218,1.2559,-1.6733
228,2.12695,1.41064,-1.59186
229,2.12695,1.41064,-1.59186
230,2.02101,1.29826,-1.54888
231,1.99789,1.30911,-1.50924
232,2.03339,1.26652,-1.59079
233,2.03339,1.26652,-1.59079
234,2.04405,1.32888,-1.55314
235,2.01877,1.31034,-1.53573
236,2.04496,1.3038,-1.57543
237,2.04496,1.3038,-1.57543
238,2.10956,1.17776,-1.75018
239,2.12195,1.17874,-1.76444
240,2.12195,1.17874,-1.76444
241,2.08868,1.16899,-1.73091
242,2.21709,1.26071,-1.82376
243,2.15785,1.32003,-1.707
244,2.09691,1.25267,-1.68161
245,2.09691,1.25267,-1.68161
246,2.25458,1.42131,-1.75014
247,2.11233,1.36785,-1.60964
248,2.02194,1.22447,-1.60901
249,1.982,1.09407,-1.65267
250,1.93942,1.14775,-1.56334
251,1.93942,1.14775,-1.56334
252,1.91977,1.2062,-1.49351
253,1.91977,1.2062,-1.49351
254,1.86822,1.23516,-1.40165
255,1.87741,1.24079,-1.40894
256,1.83201,1.1969,-1.38698
257,1.8354,1.09905,-1.46996
258,1.89348,1.06195,-1.56765
259,1.86472,1.08206,-1.51866
260,1.95589,1.13961,-1.58959
261,1.91962,1.06116,-1.59965
262,1.85171,1.0689,-1.51204
263,1.85171,1.0689,-1.51204
264,1.85171,1.0689,-1.51204
265,1.91261,1.09347,-1.5692
266,2.06222,1.25109,-1.63938
267,2.05291,1.1245,-1.71754
268,2.05291,1.1245,-1.71754
269,2.03473,1.17228,-1.6631
270,2.04991,1.00976,-1.78396
271,2.04991,1.00976,-1.78396
272,2.02011,1.05326,-1.7238
273,2.00163,1.09371,-1.6764
274,1.94858,1.03994,-1.64787
275,2.07588,0.99643,-1.8211
276,1.97657,0.899842,-1.75986
277,1.97657,0.899842,-1.75986
278,1.97657,0.899842,-1.75986
279,1.97657,0.899842,-1.75986
280,1.89683,0.917855,-1.65997
281,1.89683,0.917855,-1.65997
282,1.96092,0.984734,-1.69574
283,2.02012,0.948354,-1.78367
284,2.10422,0.948874,-1.87814
285,2.06298,0.952311,-1.83003
286,1.98802,0.933418,-1.75526
287,1.98802,0.933418,-1.75526
288,2.02604,0.976814,-1.77501
289,2.0385,0.976228,-1.78954
290,2.07173,1.08396,-1.76554
291,2.08312,1.27828,-1.64481
292,2.10428,1.38289,-1.58607
293,2.10428,1.38289,-1.58607
294,2.07967,1.40873,-1.52988
295,2.06851,1.43645,-1.4884
296,2.12376,1.4552,-1.54685
297,2.10993,1.5766,-1.40219
298,2.10993,1.5766,-1.40219
299,2.18146,1.72926,-1.32981
300,2.13818,1.61442,-1.40194
301,2.14366,1.59246,-1.43504
302,2.25618,1.60308,-1.58761
303,2.25618,1.60308,-1.58761
304,2.35807,1.78411,-1.54189
305,2.36112,1.71725,-1.62048
306,2.48199,1.77021,-1.73972
307,2.41509,1.61678,-1.79408
308,2.41914,1.62129,-1.79546
309,2.41914,1.62129,-1.79546
310,2.43147,1.6431,-1.79228
311,2.39812,1.53006,-1.84659
312,2.46867,1.58888,-1.8894
313,2.46867,1.58888,-1.8894
314,2.46867,1.58888,-1.8894
315,2.46867,1.58888,-1.8894
316,2.42711,1.43445,-1.95786
317,2.42711,1.43445,-1.95786
318,2.4202,1.46728,-1.9247
319,2.4202,1.46728,-1.9247
320,2.26321,1.38956,-1.7864
321,2.30942,1.49656,-1.7589
322,2.16206,1.46584,-1.58929
323,2.33127,1.52651,-1.76199
324,2.33127,1.52651,-1.76199
325,2.22269,1.4552,-1.6801
326,2.22269,1.4552,-1.6801
327,2.19608,1.33822,-1.74124
328,2.19608,1.33822,-1.74124
329,2.10422,1.3368,-1.62502
330,2.10422,1.3368,-1.62502
331,2.16788,1.45266,-1.60919
332,2.25653,1.56488,-1.62576
333,2.21803,1.36364,-1.74933
334,2.11018,1.30222,-1.66044
335,2.12891,1.2832,-1.69873
336,2.12891,1.2832,-1.69873
337,2.10862,1.3978,-1.57875
338,2.03438,1.40101,-1.47509
339,2.03438,1.40101,-1.47509
340,2.00045,1.38043,-1.44784
341,2.00045,1.38043,-1.44784
342,2.00045,1.38043,-1.44784
343,1.97548,1.46166,-1.32894
344,2.06228,1.53281,-1.37967
345,2.06228,1.53281,-1.37967
346,1.98035,1.53719,-1.24853
347,2.0124,1.50426,-1.33676
348,2.06239,1.46945,-1.44712
349,2.03684,1.53551,-1.33825
350,2.03684,1.53551,-1.33825
351,2.03684,1.53551,-1.33825
352,2.10705,1.53419,-1.44427
353,2.10705,1.53419,-1.44427
354,2.10705,1.53419,-1.44427
355,2.04012,1.44664,-1.43851
356,2.00373,1.43948,-1.39386
357,2.00373,1.43948,-1.39386
358,1.993,1.54046,-1.26452
359,2.09076,1.56787,-1.38312
360,2.06302,1.5321,-1.38156
361,2.05331,1.65306,-1.21797
362,2.05331,1.65306,-1.21797
363,2.06899,1.5667,-1.35136
364,2.15035,1.65164,-1.37699
365,2.11022,1.5123,-1.47172
366,2.06645,1.49665,-1.42487
367,2.06645,1.49665,-1.42487
368,2.06382,1.54921,-1.36356
369,2.11988,1.49798,-1.49999
370,2.13506,1.45721,-1.56045
371,2.20914,1.48919,-1.63175
372,2.12083,1.48071,-1.51836
373,2.12083,1.48071,-1.51836
374,2.12083,1.48071,-1.51836
375,2.04037,1.40985,-1.47494
376,2.04037,1.40985,-1.47494
377,2.04348,1.33475,-1.54734
378,2.01766,1.33161,-1.51584
379,2.03304,1.29715,-1.56546
380,2.07078,1.25996,-1.64336
381,2.07078,1.25996,-1.64336
382,1.9728,1.24947,-1.52669
383,2.0693,1.38785,-1.53489
384,2.12449,1.35024,-1.64021
385,2.18974,1.40911,-1.67611
386,2.07881,1.37844,-1.55608
387,2.07881,1.37844,-1.55608
388,2.07881,1.37844,-1.55608
389,2.13043,1.47148,-1.54061
390,2.13043,1.47148,-1.54061
391,2.18939,1.56523,-1.53085
392,2.08902,1.5525,-1.39776
393,2.20283,1.70297,-1.39726
394,2.2586,1.70436,-1.48204
395,2.22135,1.51972,-1.62014
396,2.18819,1.61705,-1.47422
397,2.27055,1.62603,-1.58475
398,2.27055,1.62603,-1.58475
399,2.21751,1.60834,-1.52664
400,2.21495,1.54317,-1.5889
401,2.21495,1.54317,-1.5889
402,2.18694,1.59565,-1.49552
403,2.24482,1.56098,-1.61325
404,2.07942,1.56997,-1.36351
405,2.07942,1.56997,-1.36351
406,2.02304,1.47964,-1.37963
407,2.02304,1.47964,-1.37963
408,1.99032,1.38058,-1.43366
409,2.06155,1.48307,-1.43195
410,2.03078,1.54317,-1.3201
411,2.01404,1.49881,-1.34534
412,2.00566,1.4802,-1.3534
413,2.00566,1.4802,-1.3534
414,1.97727,1.49995,-1.28831
415,1.84397,1.45808,-1.12882
416,1.84397,1.45808,-1.12882
417,1.85318,1.44338,-1.16229
418,1.92616,1.54649,-1.14825
419,1.82074,1.43861,-1.11602
420,1.8772,1.53004,-1.0876
421,1.98336,1.67876,-1.05617
422,1.91116,1.58685,-1.0651
423,1.91116,1.58685,-1.0651
424,1.91116,1.58685,-1.0651
425,1.91116,1.58685,-1.0651
426,1.99478,1.67213,-1.08772
427,1.93644,1.61059,-1.07508
428,1.93644,1.61059,-1.07508
429,1.9241,1.67585,-0.945351
430,1.89008,1.6353,-0.947736
431,1.85076,1.56729,-0.984341
432,1.85076,1.56729,-0.984341
433,1.88863,1.59559,-1.01046
434,1.88634,1.59751,-1.00311
435,1.88634,1.59751,-1.00311
436,1.95202,1.5394,-1.20026
437,1.95202,1.5394,-1.20026
438,1.95852,1.51904,-1.23626
439,1.96134,1.56064,-1.18797
440,1.91992,1.49364,-1.20629
441,2.00317,1.62468,-1.17181
442,2.06308,1.67112,-1.20981
443,2.03998,1.66116,-1.18409
444,2.12876,1.72754,-1.24388
445,2.12876,1.72754,-1.24388
446,2.10725,1.70891,-1.23294
447,2.11815,1.68985,-1.27709
448,2.12665,1.65768,-1.3322
449,2.12665,1.65768,-1.3322
450,2.12665,1.65768,-1.3322
451,2.12665,1.65768,-1.3322
452,2.11769,1.5809,-1.40902
453,2.11769,1.5809,-1.40902
454,2.11769,1.5809,-1.40902
455,2.11769,1.5809,-1.40902
456,2.04652,1.45531,-1.43885
457,2.10754,1.58656,-1.38728
458,2.04075,1.52599,-1.355
459,2.01083,1.4461,-1.39722
460,2.01083,1.4461,-1.39722
461,1.94293,1.43405,-1.31091
462,1.99386,1.43522,-1.38405
463,1.99386,1.43522,-1.38405
464,2.0388,1.54537,-1.32986
465,2.0388,1.54537,-1.32986
466,2.0388,1.54537,-1.32986
467,1.98144,1.46861,-1.33014
468,1.98144,1.46861,-1.33014
469,1.9661,1.48134,-1.29274
470,1.99534,1.49313,-1.32361
471,1.92727,1.44215,-1.2785
472,1.90903,1.45049,-1.24117
473,1.94159,1.53336,-1.19104
474,1.94159,1.53336,-1.19104
475,1.94863,1.59638,-1.11748
476,1.94863,1.59638,-1.11748
477,1.96111,1.65074,-1.05879
478,2.00337,1.6964,-1.06571
479,1.93167,1.68166,-0.950445
480,1.90634,1.66791,-0.923156
481,1.90521,1.74225,-0.770957
482,1.87322,1.71713,-0.748616
483,1.82765,1.68276,-0.713175
484,1.91574,1.76586,-0.742823
485,1.91574,1.76586,-0.742823
486,2.00181,1.85555,-0.751126
487,1.95431,1.84831,-0.634866
488,1.88299,1.81345,-0.506985
489,1.9253,1.84118,-0.562896
490,2.00784,1.91843,-0.592511
491,1.94404,1.84495,-0.612744
492,1.88128,1.80374,-0.534563
493,1.78385,1.70922,-0.510575
494,1.78385,1.70922,-0.510575
495,1.83905,1.7799,-0.462675
496,1.86756,1.80414,-0.482559
497,1.86756,1.80414,-0.482559
498,1.86756,1.80414,-0.482559
499,1.78809,1.72526,-0.469836
500,1.78454,1.73941,-0.398767
501,1.83612,1.77923,-0.453543
502,1.90906,1.87147,-0.376965
503,1.97374,1.93759,-0.376045
504,1.97374,1.93759,-0.376045
505,1.90159,1.84826,-0.447196
506,1.90159,1.84826,-0.447196
507,1.90159,1.84826,-0.447196
508,1.87766,1.82776,-0.430007
509,1.88126,1.84611,-0.361932
510,1.92313,1.89653,-0.31878
511,1.94928,1.91745,-0.350803
512,1.92919,1.89472,-0.363032
513,1.99431,1.97683,-0.263521
514,1.99431,1.97683,-0.263521
515,1.99431,1.97683,-0.263521
516,1.99431,1.97683,-0.263521
517,1.93253,1.91178,-0.282444
518,1.93253,1.91178,-0.282444
519,1.95221,1.92833,-0.304475
520,2.03365,2.01621,-0.265748
521,1.98402,1.9691,-0.242836
522,2.0318,2.01708,-0.24413
523,1.93175,1.90498,-0.32054
524,1.93175,1.90498,-0.32054
525,1.93175,1.90498,-0.32054
526,1.91848,1.90814,-0.198906
527,1.90411,1.88941,-0.236138
528,1.95376,1.93087,-0.298166
529,1.91875,1.91102,-0.172058
530,1.93653,1.93084,-0.148363
531,1.90872,1.9074,-0.0708474
532,1.86495,1.86468,-0.0321598
533,1.86495,1.86468,-0.0321598
534,1.86495,1.86468,-0.0321598
535,1.98021,1.97546,-0.137043
536,2.01116,2.00468,-0.161389
537,2.0559,2.05284,-0.112222
538,2.02176,2.01706,-0.13775
539,2.02176,2.01706,-0.13775
540,2.12461,2.11471,-0.204791
541,2.19502,2.18438,-0.21593
542,2.26551,2.25799,-0.18443
543,2.30601,2.30278,-0.122079
544,2.30601,2.30278,-0.122079
545,2.18804,2.18771,-0.038016
546,2.1442,2.14375,0.0437154
547,2.16106,2.16105,0.00782901
548,2.34475,2.34287,-0.0936623
549,2.32704,2.32572,0.0781923
550,2.29683,2.28865,0.193694
551,2.21187,2.20696,0.147193
552,2.14683,2.13638,0.211647
553,2.11045,2.09519,0.253395
554,2.05311,2.04285,0.205001
555,2.05311,2.04285,0.205001
556,2.05763,2.05331,0.133222
557,2.05763,2.05331,0.133222
558,2.05763,2.05331,0.133222
559,2.10515,2.10514,-0.00582217
560,2.1892,2.18224,-0.174509
561,2.1892,2.18224,-0.174509
562,2.22194,2.19137,-0.367302
563,2.14251,2.11919,-0.315286
564,2.05597,2.00499,-0.455025
565,2.07305,2.02968,-0.421832
566,2.07761,2.05364,-0.314667
567,2.06741,2.04834,-0.280147
568,2.06741,2.04834,-0.280147
569,2.15184,2.12966,-0.308119
570,2.03158,2.01081,-0.289736
571,2.01113,1.99789,-0.230417
572,2.0102,2.00711,-0.111419
573,2.0212,2.016,-0.144937
574,2.0451,2.04489,-0.0292135
575,2.07119,2.06991,0.0725953
576,2.171,2.16711,0.129891
577,2.16903,2.16856,0.0450168
578,2.16903,2.16856,0.0450168
579,2.09612,2.09566,0.043579
580,2.15186,2.15096,0.0622814
581,2.08952,2.08409,0.150638
582,2.08952,2.08409,0.150638
583,2.08952,2.08409,0.150638
584,2.17601,2.17105,0.146901
585,2.12122,2.10076,0.293893
586,2.14996,2.11539,0.384015
587,2.11554,2.09264,0.310434
588,2.17946,2.17334,0.163234
589,2.17946,2.17334,0.163234
590,2.16848,2.15839,0.208932
591,2.16848,2.15839,0.208932
592,2.057,2.03883,0.272835
593,2.13023,2.11604,0.245469
594,2.1449,2.13434,0.212647
595,2.09205,2.08676,0.148635
596,2.01761,2.00296,0.242709
597,2.01761,2.00296,0.242709
598,2.01761,2.00296,0.242709
599,2.05463,2.04128,0.233925
600,1.94885,1.93287,0.249024
601,1.81989,1.78959,0.330736
602,1.95044,1.92634,0.305689
603,1.85699,1.82442,0.346247
604,1.85613,1.82564,0.33507
605,1.85195,1.8078,0.401969
606,1.97476,1.91938,0.464409
607,1.88156,1.83506,0.41573
608,2.05048,1.99226,0.48513
609,2.08176,2.02981,0.462147
610,1.95841,1.93101,0.326418
611,2.00933,1.98463,0.314094
612,2.00933,1.98463,0.314094
613,2.06054,2.03335,0.333653
614,2.06054,2.03335,0.333653
615,2.06054,2.03335,0.333653
616,2.06054,2.03335,0.333653
617,2.06054,2.03335,0.333653
618,1.99066,1.96789,0.300241
619,1.99066,1.96789,0.300241
620,1.96485,1.9505,0.236999
621,1.8905,1.88185,0.180602
622,2.02942,2.02026,0.192609
623,1.99281,1.98398,0.187475
624,1.99281,1.98398,0.187475
625,1.99281,1.98398,0.187475
626,1.99281,1.98398,0.187475
627,2.12361,2.11231,0.218789
628,2.11893,2.1136,0.150172
629,2.21545,2.21206,0.122454
630,2.15575,2.13616,0.289939
631,2.15016,2.12681,0.316024
632,2.15016,2.12681,0.316024
633,2.15016,2.12681,0.316024
634,2.12252,2.10025,0.30667
635,2.1416,2.11575,0.331753
636,2.1416,2.11575,0.331753
637,2.09137,2.06114,0.354296
638,2.0343,1.92912,0.645639
639,2.03862,1.93414,0.644273
640,2.08475,2.00055,0.586505
641,2.08475,2.00055,0.586505
642,2.04738,1.97572,0.536909
643,2.04738,1.97572,0.536909
644,2.00156,1.90609,0.610794
645,1.96567,1.85591,0.647651
646,1.88828,1.74771,0.714911
647,1.88828,1.74771,0.714911
648,1.95336,1.83805,0.661215
649,1.96198,1.80864,0.7604
650,2.01902,1.83776,0.836093
651,2.01902,1.83776,0.836093
652,2.17568,1.997,0.863472
653,2.23678,2.05183,0.890609
654,2.23678,2.05183,0.890609
655,2.23678,2.05183,0.890609
656,2.13662,2.00027,0.75103
657,2.12025,1.98421,0.747244
658,2.21608,2.06478,0.804814
659,2.15949,1.98673,0.846345
660,2.25575,2.11528,0.783605
661,2.27205,2.13181,0.785875
662,2.21094,2.128,0.599877
663,2.27416,2.17252,0.672274
664,2.16686,2.02033,0.783304
665,2.16686,2.02033,0.783304
666,2.23743,2.02668,0.947996
667,2.16164,1.95736,0.917291
668,2.16164,1.95736,0.917291
669,2.10968,1.90871,0.898657
670,2.20089,2.00945,0.897781
671,2.16131,1.99291,0.836387
672,2.16131,1.99291,0.836387
673,2.16131,1.99291,0.836387
674,2.14738,1.94837,0.902822
675,2.14738,1.94837,0.902822
676,2.12602,1.9117,0.930257
677,2.12602,1.9117,0.930257
678,2.08943,1.87,0.932098
679,2.15349,1.91437,0.986244
680,2.13647,1.9163,0.944615
681,2.14925,1.93487,0.935709
682,2.02591,1.83485,0.858849
683,1.93545,1.81431,0.673961
684,1.93545,1.81431,0.673961
685,1.90206,1.77941,0.671942
686,1.91999,1.83275,0.572165
687,1.86999,1.78252,0.56523
688,1.86999,1.78252,0.56523
689,1.85916,1.79133,0.49763
690,1.88012,1.80815,0.515216
691,2.08515,2.03294,0.463706
692,2.08515,2.03294,0.463706
693,2.08515,2.03294,0.463706
694,2.09746,2.02888,0.531998
695,2.09746,2.02888,0.531998
696,2.02867,2.00974,0.276498
697,1.99928,1.96901,0.346564
698,1.85924,1.83579,0.294399
699,1.83802,1.81541,0.287396
700,1.83802,1.81541,0.287396
701,1.83802,1.81541,0.287396
702,1.83802,1.81541,0.287396
703,1.8049,1.7888,0.240569
704,1.90257,1.88135,0.283371
705,1.9789,1.95885,0.281011
706,1.97708,1.9472,0.342409
707,2.02322,1.99475,0.338232
708,1.99132,1.98231,0.189204
709,1.99132,1.98231,0.189204
710,2.01407,1.99555,0.272481
711,1.92507,1.91267,0.218092
712,1.96436,1.95324,0.208772
713,1.87046,1.86098,0.188112
714,1.87256,1.86625,0.153594
715,1.80807,1.80571,0.0923486
716,1.83477,1.82281,0.2091
717,1.83477,1.82281,0.2091
718,1.87716,1.87569,0.0742638
719,1.97257,1.97249,0.0183669
720,1.95943,1.95915,-0.032967
721,1.95069,1.9502,-0.0438431
722,1.9832,1.96968,-0.231263
723,1.91771,1.88906,-0.330231
724,1.9373,1.87132,-0.501269
725,1.94096,1.91335,-0.326192
726,1.94096,1.91335,-0.326192
727,1.94096,1.91335,-0.326192
728,1.94096,1.91335,-0.326192
729,1.92642,1.87435,-0.44487
730,1.92381,1.90034,-0.299616
731,1.92381,1.90034,-0.299616
732,1.92381,1.90034,-0.299616
733,1.8892,1.85906,-0.336114
734,1.8892,1.85906,-0.336114
735,1.8892,1.85906,-0.336114
736,1.8892,1.85906,-0.336114
737,2.04656,2.03861,-0.180198
738,1.97375,1.97176,-0.0884915
739,1.97375,1.97176,-0.0884915
740,2.05869,2.05384,-0.141334
741,2.04053,2.03114,-0.195541
742,2.05414,2.04959,-0.136632
743,2.08701,2.08454,-0.101518
744,1.95996,1.956,-0.124576
745,2.03542,2.03383,-0.0804798
746,2.08759,2.08672,-0.0599189
747,2.13881,2.13741,-0.077192
748,2.1005,2.09974,-0.0565705
749,2.18823,2.18215,-0.163036
750,2.18259,2.17715,-0.153954
751,2.24625,2.24313,-0.118454
752,2.16118,2.15163,-0.202996
753,2.16118,2.15163,-0.202996
754,2.10999,2.08896,-0.297161
755,2.05197,2.03554,-0.259182
756,1.97327,1.94984,-0.303216
757,2.04757,1.98949,-0.484239
758,2.04757,1.98949,-0.484239
759,2.09309,2.02324,-0.536211
760,2.00385,1.9538,-0.445045
761,2.02809,1.95097,-0.553924
762,2.02809,1.95097,-0.553924
763,1.99329,1.89431,-0.620321
764,2.0002,1.89869,-0.629119
765,2.07255,1.94691,-0.710627
766,2.16867,2.05596,-0.690046
767,2.20739,2.11408,-0.635015
768,2.16845,2.08553,-0.593919
769,2.16548,2.05976,-0.668356
770,2.16548,2.05976,-0.668356
771,2.19132,2.06764,-0.725788
772,2.19132,2.06764,-0.725788
773,2.15904,2.06946,-0.615441
774,2.08221,1.99151,-0.607849
775,2.03973,1.90966,-0.716725
776,2.03973,1.90966,-0.716725
777,2.09654,1.98336,-0.679535
778,2.15559,2.05729,-0.64353
779,2.1301,1.96406,-0.824492
780,2.24556,2.0437,-0.930509
781,2.19,2.01955,-0.84706
782,2.1731,2.00981,-0.826444
783,2.20609,2.09576,-0.688928
784,2.20609,2.09576,-0.688928
785,2.20609,2.09576,-0.688928
786,2.14937,2.0546,-0.6312
787,2.03922,1.9692,-0.529781
788,2.05444,2.0073,-0.437553
789,2.05783,2.01178,-0.432935
790,1.97328,1.93877,-0.367411
791,2.08652,2.0258,-0.499686
792,1.99113,1.93534,-0.468042
793,1.97336,1.94566,-0.329491
794,1.97336,1.94566,-0.329491
795,1.89741,1.85191,-0.413031
796,1.89741,1.85191,-0.413031
797,2.03688,1.99825,-0.394831
798,1.97656,1.94779,-0.336036
799,2.01515,1.98996,-0.317606
800,1.91843,1.89466,-0.301067
801,1.98748,1.97529,-0.21977
802,1.84734,1.82686,-0.274281
803,1.79293,1.74838,-0.397203
804,1.83226,1.7986,-0.349611
805,1.77826,1.74854,-0.323779
806,1.7994,1.76614,-0.344381
807,1.81271,1.78,-0.342799
808,1.78441,1.7599,-0.294755
809,1.70913,1.67064,-0.360696
810,1.75584,1.72956,-0.302619
811,1.71996,1.6907,-0.315879
812,1.7945,1.7471,-0.409708
813,1.89951,1.8352,-0.490063
814,1.79275,1.71538,-0.520995
815,1.69461,1.60783,-0.535355
816,1.74699,1.65179,-0.568841
817,1.6672,1.57709,-0.540685
818,1.7486,1.65312,-0.569905
819,1.74949,1.65341,-0.571785
820,1.74949,1.65341,-0.571785
821,1.69331,1.62895,-0.462425
822,1.7809,1.71656,-0.474378
823,1.78739,1.73208,-0.441221
824,1.83641,1.75994,-0.524439
825,1.83641,1.75994,-0.524439
826,1.8145,1.74804,-0.486599
827,1.76779,1.70701,-0.459544
828,1.77689,1.73611,-0.378509
829,1.76969,1.71959,-0.418108
830,1.75724,1.72365,-0.341945
831,1.85636,1.82329,-0.34884
832,1.78553,1.76011,-0.300204
833,1.79888,1.7628,-0.35846
834,1.79888,1.7628,-0.35846
835,1.80713,1.75713,-0.422184
836,1.81724,1.74772,-0.497809
837,1.81724,1.74772,-0.497809
838,1.78478,1.74561,-0.371861
839,1.78478,1.74561,-0.371861
840,1.78478,1.74561,-0.371861
841,1.84707,1.81891,-0.321285
842,1.76259,1.75156,-0.196837
843,1.76259,1.75156,-0.196837
844,1.74229,1.7323,-0.18633
845,1.64622,1.63461,-0.195139
846,1.64622,1.63461,-0.195139
847,1.6624,1.63539,-0.298454
848,1.62775,1.57921,-0.394552
849,1.60189,1.51448,-0.521921
850,1.59123,1.48952,-0.559755
851,1.60748,1.50494,-0.564948
852,1.65135,1.56409,-0.529691
853,1.65188,1.55799,-0.548971
854,1.65188,1.55799,-0.548971
855,1.65734,1.55466,-0.574286
856,1.65734,1.55466,-0.574286
857,1.68135,1.55995,-0.62728
858,1.63483,1.52677,-0.584479
859,1.77424,1.63511,-0.688721
860,1.67921,1.5651,-0.608444
861,1.67921,1.5651,-0.608444
862,1.67921,1.5651,-0.608444
863,1.67921,1.5651,-0.608444
864,1.67921,1.5651,-0.608444
865,1.67921,1.5651,-0.608444
866,1.67921,1.5651,-0.608444
867,1.71723,1.61979,-0.57022
868,1.71723,1.61979,-0.57022
869,1.72938,1.61407,-0.620888
870,1.72374,1.62924,-0.562895
871,1.72374,1.62924,-0.562895
872,1.72374,1.62924,-0.562895
873,1.78103,1.65776,-0.65108
874,1.80593,1.7153,-0.564909
875,1.80593,1.7153,-0.564909
876,1.88981,1.80954,-0.544948
877,1.8933,1.76184,-0.693196
878,1.97086,1.83575,-0.717152
879,1.90957,1.77327,-0.708475
880,1.90957,1.77327,-0.708475
881,1.87018,1.73944,-0.686979
882,1.8751,1.74764,-0.679543
883,1.8751,1.74764,-0.679543
884,1.91986,1.78936,-0.695726
885,2.01707,1.87452,-0.744809
886,2.01707,1.87452,-0.744809
887,1.92747,1.77704,-0.746502
888,1.92747,1.77704,-0.746502
889,1.88922,1.74097,-0.733581
890,1.88922,1.74097,-0.733581
891,1.90581,1.80021,-0.625574
892,1.85673,1.74962,-0.62151
893,1.78093,1.67224,-0.612635
894,1.83462,1.73805,-0.587374
895,1.83462,1.73805,-0.587374
896,1.82047,1.73755,-0.543183
897,1.83142,1.78004,-0.43077
898,1.83142,1.78004,-0.43077
899,1.81646,1.75838,-0.455672
900,1.9,1.85766,-0.398845
901,1.9,1.85766,-0.398845
902,1.86621,1.819,-0.417123
903,1.81893,1.7921,-0.31129
904,1.86138,1.816,-0.408489
905,1.84538,1.80036,-0.405126
906,1.84538,1.80036,-0.405126
907,1.77342,1.71588,-0.448111
908,1.72997,1.6858,-0.388437
909,1.70096,1.65645,-0.386593
910,1.67256,1.63013,-0.374379
911,1.67256,1.63013,-0.374379
912,1.66009,1.59665,-0.454526
913,1.66009,1.59665,-0.454526
914,1.78721,1.68444,-0.597326
915,1.78721,1.68444,-0.597326
916,1.78078,1.64472,-0.68269
917,1.82379,1.72805,-0.583156
918,1.80228,1.68759,-0.632674
919,1.8463,1.7021,-0.71533
920,1.8463,1.7021,-0.71533
921,1.85375,1.76016,-0.581564
922,1.85375,1.76016,-0.581564
923,1.85375,1.76016,-0.581564
924,1.85375,1.76016,-0.581564
925,1.77705,1.64908,-0.662157
926,1.75309,1.6485,-0.59647
927,1.76465,1.68191,-0.533994
928,1.7388,1.64699,-0.557532
929,1.67823,1.55915,-0.620897
930,1.67823,1.55915,-0.620897
931,1.77366,1.6099,-0.744367
932,1.72612,1.59626,-0.656841
933,1.69892,1.60532,-0.556109
934,1.7485,1.62909,-0.635068
935,1.70198,1.58169,-0.628499
936,1.70198,1.58169,-0.628499
937,1.72894,1.61934,-0.605801
938,1.66786,1.52103,-0.684289
939,1.58616,1.4859,-0.554978
940,1.57217,1.4866,-0.511606
941,1.61493,1.5361,-0.498403
942,1.60378,1.52334,-0.501554
943,1.5813,1.53068,-0.396911
944,1.64789,1.58564,-0.448647
945,1.60525,1.53396,-0.473074
946,1.70769,1.61554,-0.553392
947,1.64805,1.53504,-0.599784
948,1.63275,1.53307,-0.56174
949,1.64861,1.55629,-0.543964
950,1.64861,1.55629,-0.543964
951,1.57627,1.47051,-0.567641
952,1.69707,1.56259,-0.662081
953,1.74252,1.58688,-0.719869
954,1.59355,1.46734,-0.621557
955,1.61307,1.49421,-0.607707
956,1.70975,1.53826,-0.746309
957,1.70975,1.53826,-0.746309
958,1.6903,1.52045,-0.738474
959,1.6903,1.52045,-0.738474
960,1.75369,1.59324,-0.732815
961,1.77048,1.59737,-0.763529
962,1.82423,1.58904,-0.895979
963,1.82423,1.58904,-0.895979
964,1.76749,1.58512,-0.781914
965,1.79831,1.64491,-0.726753
966,1.78148,1.56603,-0.849259
967,1.78148,1.56603,-0.849259
968,1.78148,1.56603,-0.849259
969,1.78148,1.56603,-0.849259
970,1.82035,1.58096,-0.902339
971,1.85084,1.6165,-0.901401
972,1.85084,1.6165,-0.901401
973,1.74335,1.51595,-0.860918
974,1.75523,1.52074,-0.876458
975,1.75523,1.52074,-0.876458
976,1.72357,1.51004,-0.830955
977,1.72357,1.51004,-0.830955
978,1.71593,1.57126,-0.68959
979,1.75849,1.58218,-0.767473
980,1.75849,1.58218,-0.767473
981,1.75849,1.58218,-0.767473
982,1.72971,1.64587,-0.531969
983,1.72991,1.65033,-0.518664
984,1.71061,1.61384,-0.567213
985,1.71061,1.61384,-0.567213
986,1.71061,1.61384,-0.567213
987,1.71061,1.61384,-0.567213
988,1.71787,1.66362,-0.428285
989,1.56375,1.53475,-0.29974
990,1.67067,1.62199,-0.400377
991,1.72158,1.6592,-0.459232
992,1.8147,1.74501,-0.49806
993,1.85665,1.80028,-0.454047
994,1.85665,1.80028,-0.454047
995,1.85665,1.80028,-0.454047
996,1.85665,1.80028,-0.454047
997,1.92541,1.86692,-0.470963
998,1.83673,1.7493,-0.559925
999,1.83673,1.7493,-0.559925
1000,1.78131,1.69899,-0.53525
1001,1.78131,1.69899,-0.53525
1002,1.84231,1.73566,-0.61771
1003,1.83892,1.77651,-0.475024
1004,1.83892,1.77651,-0.475024
1005,1.83892,1.77651,-0.475024
1006,1.80322,1.70289,-0.593094
1007,1.80322,1.70289,-0.593094
1008,1.79618,1.6926,-0.601143
1009,1.79618,1.6926,-0.601143
1010,1.85257,1.72727,-0.669725
1011,1.85257,1.72727,-0.669725
1012,1.83059,1.69253,-0.697449
1013,1.89531,1.78155,-0.646741
1014,1.89531,1.78155,-0.646741
1015,1.89531,1.78155,-0.646741
1016,1.86496,1.75129,-0.641158
1017,1.87932,1.76536,-0.644474
1018,1.91483,1.82416,-0.582245
1019,1.95853,1.86954,-0.583666
1020,1.91986,1.84187,-0.541639
1021,1.95143,1.83951,-0.651351
1022,1.86342,1.7104,-0.739511
1023,1.82511,1.70371,-0.654521
1024,1.82511,1.70371,-0.654521
1025,1.82511,1.70371,-0.654521
1026,1.94202,1.82074,-0.675535
1027,1.94997,1.86098,-0.582371
1028,1.99723,1.87647,-0.683949
1029,1.94646,1.84895,-0.608352
1030,1.94646,1.84895,-0.608352
1031,1.98509,1.86644,-0.676022
1032,1.95753,1.89209,-0.501909
1033,1.86618,1.80174,-0.486189
1034,1.82111,1.71362,-0.616371
1035,1.76411,1.6631,-0.588381
1036,1.80353,1.71219,-0.566694
1037,1.80353,1.71219,-0.566694
1038,1.80353,1.71219,-0.566694
1039,1.74257,1.67215,-0.490362
1040,1.74257,1.67215,-0.490362
1041,1.74568,1.70019,-0.395945
1042,1.75237,1.7123,-0.372621
1043,1.76893,1.74006,-0.318286
1044,1.71262,1.70045,-0.20377
1045,1.75531,1.70354,-0.423159
1046,1.61588,1.56436,-0.404761
1047,1.72317,1.67251,-0.414768
1048,1.65868,1.57746,-0.512684
1049,1.70254,1.61156,-0.549106
1050,1.72848,1.66495,-0.464315
1051,1.72848,1.66495,-0.464315
1052,1.71142,1.62928,-0.523849
1053,1.72639,1.657,-0.484526
1054,1.67375,1.60147,-0.48652
1055,1.67375,1.60147,-0.48652
1056,1.67375,1.60147,-0.48652
1057,1.67375,1.60147,-0.48652
1058,1.76787,1.69521,-0.5016
1059,1.76787,1.69521,-0.5016
1060,1.76787,1.69521,-0.5016
1061,1.75214,1.66056,-0.55903
1062,1.77301,1.67331,-0.586171
1063,1.77301,1.67331,-0.586171
1064,1.77301,1.67331,-0.586171
1065,1.80446,1.72735,-0.52187
1066,1.71038,1.628,-0.524415
1067,1.7377,1.67799,-0.451601
1068,1.7377,1.67799,-0.451601
1069,1.65496,1.60506,-0.40331
1070,1.65496,1.60506,-0.40331
1071,1.65496,1.60506,-0.40331
1072,1.58966,1.53106,-0.427613
1073,1.66877,1.61233,-0.430336
1074,1.70872,1.64311,-0.468944
1075,1.70507,1.66559,-0.364824
1076,1.66213,1.61938,-0.37455
1077,1.71033,1.69271,-0.244866
1078,1.71538,1.70681,-0.171192
1079,1.71538,1.70681,-0.171192
1080,1.7452,1.73218,-0.212789
1081,1.68427,1.67719,-0.154276
1082,1.68427,1.67719,-0.154276
1083,1.72624,1.71212,-0.220296
1084,1.70366,1.66984,-0.337764
1085,1.77954,1.7485,-0.33093
1086,1.78839,1.76511,-0.28758
1087,1.68095,1.65876,-0.272242
1088,1.68095,1.65876,-0.272242
1089,1.66467,1.64974,-0.222471
1090,1.66467,1.64974,-0.222471
1091,1.61775,1.60164,-0.227745
1092,1.61775,1.60164,-0.227745
1093,1.57836,1.54811,-0.307531
1094,1.57836,1.54811,-0.307531
1095,1.57836,1.54811,-0.307531
1096,1.57836,1.54811,-0.307531
1097,1.63753,1.61932,-0.243485
1098,1.72173,1.70507,-0.238879
1099,1.67794,1.67301,-0.128482
1100,1.67794,1.67301,-0.128482
1101,1.67794,1.67301,-0.128482
1102,1.67794,1.67301,-0.128482
1103,1.6806,1.67633,-0.119811
1104,1.6806,1.67633,-0.119811
1105,1.72834,1.72784,-0.0418212
1106,1.64928,1.64511,-0.117217
1107,1.64928,1.64511,-0.117217
1108,1.65668,1.64361,-0.207682
1109,1.67067,1.66505,-0.136965
1110,1.69532,1.68443,-0.19186
1111,1.69532,1.68443,-0.19186
1112,1.67512,1.66686,-0.166171
1113,1.72493,1.71633,-0.17207
1114,1.72493,1.71633,-0.17207
1115,1.72493,1.71633,-0.17207
1116,1.64991,1.64985,0.0143095
1117,1.73571,1.73453,-0.0642008
1118,1.73571,1.73453,-0.0642008
1119,1.73571,1.73453,-0.0642008
1120,1.73571,1.73453,-0.0642008
1121,1.78196,1.77733,-0.128491
1122,1.78196,1.77733,-0.128491
1123,1.74328,1.73259,-0.192744
1124,1.65789,1.6545,-0.105947
1125,1.65789,1.6545,-0.105947
1126,1.59557,1.5946,-0.055697
1127,1.59557,1.5946,-0.055697
1128,1.59557,1.5946,-0.055697
1129,1.55803,1.55566,-0.0858656
1130,1.6073,1.60721,0.0162862
1131,1.6073,1.60721,0.0162862
1132,1.6073,1.60721,0.0162862
1133,1.64543,1.64542,0.00267484
1134,1.64543,1.64542,0.00267484
1135,1.69775,1.69774,-0.0063668
1136,1.69466,1.69345,0.06414
1137,1.69466,1.69345,0.06414
1138,1.66166,1.65585,0.13889
1139,1.66166,1.65585,0.13889
1140,1.66166,1.65585,0.13889
1141,1.61824,1.6181,0.0214517
1142,1.60996,1.59872,0.189866
1143,1.60996,1.59872,0.189866
1144,1.53572,1.5288,0.145627
1145,1.53572,1.5288,0.145627
1146,1.53572,1.5288,0.145627
1147,1.56719,1.56629,0.0530318
1148,1.56719,1.56629,0.0530318
1149,1.58356,1.57858,0.12559
1150,1.58356,1.57858,0.12559
1151,1.58356,1.57858,0.12559
1152,1.63478,1.63395,0.0522186
1153,1.63524,1.63068,0.122105
1154,1.63524,1.63068,0.122105
1155,1.69572,1.68394,0.199555
1156,1.67866,1.66789,0.189853
1157,1.75099,1.73485,0.237185
1158,1.67431,1.66506,0.17575
1159,1.62648,1.61835,0.162398
1160,1.65128,1.63825,0.207039
1161,1.70651,1.68615,0.262796
1162,1.70651,1.68615,0.262796
1163,1.6851,1.67898,0.14355
1164,1.6851,1.67898,0.14355
1165,1.74249,1.73267,0.184694
1166,1.84358,1.82834,0.236577
1167,1.84358,1.82834,0.236577
1168,1.78191,1.76185,0.266646
1169,1.92844,1.90457,0.302466
1170,1.92844,1.90457,0.302466
1171,1.85728,1.82695,0.33426
1172,1.91596,1.89605,0.275518
1173,1.92369,1.9109,0.22142
1174,1.92369,1.9109,0.22142
1175,1.92369,1.9109,0.22142
1176,1.92222,1.89298,0.334035
1177,1.97124,1.94249,0.335455
1178,1.97148,1.90239,0.517343
1179,1.97148,1.90239,0.517343
1180,2.01055,1.93906,0.531379
1181,2.10061,2.0307,0.537426
1182,2.10061,2.0307,0.537426
1183,2.09746,2.03234,0.518584
1184,2.09746,2.03234,0.518584
1185,2.03708,1.93502,0.636679
1186,1.98144,1.86849,0.659449
1187,1.98144,1.86849,0.659449
1188,2.02378,1.92481,0.625134
1189,1.98132,1.87518,0.639796
1190,2.07501,1.94731,0.71668
1191,2.01945,1.89606,0.695065
1192,1.96501,1.8222,0.735414
1193,1.96632,1.78638,0.821743
1194,1.90918,1.74526,0.77398
1195,2.00689,1.72798,1.02064
1196,1.95246,1.62185,1.08706
1197,1.93035,1.63175,1.03134
1198,1.94434,1.62742,1.06393
1199,2.039,1.73031,1.07868
1200,2.0893,1.70172,1.21214
1201,1.99339,1.61014,1.17519
1202,1.99916,1.6126,1.18159
1203,1.99916,1.6126,1.18159
1204,1.93556,1.62136,1.05715
1205,1.88974,1.57196,1.04884
1206,1.88974,1.57196,1.04884
1207,1.79343,1.53313,0.930545
1208,1.81544,1.55418,0.938281
1209,1.87381,1.57871,1.00937
1210,1.8473,1.58892,0.942249
1211,1.97511,1.69286,1.01748
1212,1.95125,1.73264,0.897408
1213,1.8479,1.64768,0.836604
1214,1.82693,1.60747,0.868162
1215,1.82693,1.60747,0.868162
1216,1.82693,1.60747,0.868162
1217,1.82693,1.60747,0.868162
1218,1.87193,1.69625,0.791735
1219,1.89107,1.72419,0.776729
1220,1.89905,1.74001,0.760751
1221,1.89905,1.74001,0.760751
1222,1.77447,1.63616,0.68682
1223,1.7738,1.68959,0.54007
1224,1.75802,1.66241,0.571856
1225,1.78322,1.67714,0.605869
1226,1.77174,1.65515,0.632095
1227,1.84406,1.70729,0.69695
1228,1.86134,1.73431,0.675832
1229,1.83498,1.72356,0.629676
1230,1.83498,1.72356,0.629676
1231,1.84889,1.77048,0.53274
1232,1.84889,1.77048,0.53274
1233,1.85651,1.78503,0.510227
1234,1.85651,1.78503,0.510227
1235,1.94333,1.82415,0.670075
1236,1.94333,1.82415,0.670075
1237,1.94333,1.82415,0.670075
1238,1.94333,1.82415,0.670075
1239,1.94333,1.82415,0.670075
1240,1.94333,1.82415,0.670075
1241,1.8897,1.77474,0.649045
1242,1.94572,1.79264,0.756487
1243,1.94572,1.79264,0.756487
1244,1.95118,1.79324,0.769024
1245,1.8221,1.62142,0.831283
1246,1.85528,1.63094,0.884376
1247,1.81831,1.61584,0.833858
1248,1.89183,1.59777,1.01299
1249,1.85554,1.62122,0.902589
1250,1.87112,1.60472,0.962254
1251,1.90518,1.63554,0.97711
1252,1.81593,1.48411,1.04642
1253,1.9409,1.61745,1.07283
1254,1.93709,1.66094,0.996796
1255,1.93709,1.66094,0.996796
1256,1.93709,1.66094,0.996796
1257,1.95518,1.63581,1.07091
1258,2.04136,1.73526,1.07518
1259,1.91379,1.59356,1.05978
1260,1.91565,1.54415,1.13371
1261,1.91565,1.54415,1.13371
1262,2.02366,1.5802,1.26419
1263,2.04299,1.67463,1.17023
1264,2.10889,1.67265,1.28439
1265,1.97381,1.52994,1.24708
1266,1.96478,1.56315,1.19035
1267,1.96478,1.56315,1.19035
1268,1.95131,1.53715,1.20198
1269,1.93051,1.53639,1.16892
1270,1.96447,1.53272,1.22877
1271,1.92009,1.45404,1.254
1272,1.87369,1.36344,1.2852
1273,1.91748,1.3345,1.3769
1274,2.00325,1.39965,1.43318
1275,2.00325,1.39965,1.43318
1276,2.10741,1.48851,1.49181
1277,2.01393,1.41136,1.43665
1278,2.01393,1.41136,1.43665
1279,2.01393,1.41136,1.43665
1280,2.01393,1.41136,1.43665
1281,2.01393,1.41136,1.43665
1282,2.02696,1.35895,1.50394
1283,1.97059,1.3605,1.42558
1284,1.93287,1.32564,1.40665
1285,1.94957,1.3325,1.42311
1286,1.86312,1.25788,1.3744
1287,1.87853,1.28354,1.37165
1288,1.83984,1.24274,1.35669
1289,1.85594,1.2922,1.33219
1290,1.85594,1.2922,1.33219
1291,1.80923,1.28176,1.27687
1292,1.84881,1.33501,1.279
1293,1.92444,1.43129,1.28642
1294,1.82936,1.34426,1.24077
1295,1.85838,1.35961,1.2669
1296,1.86256,1.40249,1.22562
1297,1.98259,1.53809,1.25097
1298,1.94823,1.57407,1.148
1299,1.94823,1.57407,1.148
1300,2.04964,1.7042,1.13873
1301,2.0077,1.69348,1.07842
1302,2.0077,1.69348,1.07842
1303,2.02782,1.61275,1.22927
1304,2.05082,1.66825,1.19281
1305,2.0734,1.77893,1.06509
1306,2.0734,1.77893,1.06509
1307,2.06394,1.81851,0.976143
1308,2.11023,1.816,1.07481
1309,2.22602,1.93245,1.1049
1310,2.15052,1.97365,0.854084
1311,2.15952,1.92625,0.976261
1312,2.24786,2.00594,1.01445
1313,2.24786,2.00594,1.01445
1314,2.2726,2.03704,1.00756
1315,2.28348,2.05583,0.993904
1316,2.32338,2.04326,1.10596
1317,2.16669,1.93918,0.966521
1318,2.21723,1.97538,1.00697
1319,2.21053,1.96254,1.01729
1320,2.16145,1.93709,0.958939
1321,2.20158,2.02746,0.858102
1322,2.16965,2.03111,0.76287
1323,2.13343,2.01952,0.687779
1324,2.13343,2.01952,0.687779
1325,2.18105,2.0741,0.674586
1326,2.07523,1.98046,0.619947
1327,1.99508,1.93741,0.47623
1328,1.99508,1.93741,0.47623
1329,2.06889,1.9992,0.532444
1330,1.92938,1.8416,0.57534
1331,1.92938,1.8416,0.57534
1332,1.88856,1.79004,0.602014
1333,1.89598,1.79575,0.608309
1334,1.89598,1.79575,0.608309
1335,1.94169,1.80656,0.711677
1336,1.94169,1.80656,0.711677
1337,1.94169,1.80656,0.711677
1338,1.91496,1.76605,0.740356
1339,1.97952,1.81345,0.793651
1340,1.96761,1.80167,0.790867
1341,1.84765,1.75696,0.571739
1342,1.79285,1.70037,0.568372
1343,1.80893,1.7435,0.4821
1344,1.81829,1.76903,0.42041
1345,1.81364,1.76321,0.424685
1346,1.80143,1.77598,0.301785
1347,1.90374,1.85949,0.408089
1348,1.89159,1.85187,0.385578
1349,1.79271,1.74218,0.422659
1350,1.76924,1.7127,0.443689
1351,1.76924,1.7127,0.443689
1352,1.76924,1.7127,0.443689
1353,1.75159,1.69686,0.434443
1354,1.75159,1.69686,0.434443
1355,1.86604,1.81689,0.425485
1356,1.86604,1.81689,0.425485
1357,1.84441,1.81088,0.350125
1358,1.84441,1.81088,0.350125
1359,1.84441,1.81088,0.350125
1360,1.84486,1.80846,0.364656
1361,1.83633,1.79177,0.402045
1362,1.80837,1.7485,0.461484
1363,1.82141,1.76341,0.455959
1364,1.82363,1.74602,0.526315
1365,1.82363,1.74602,0.526315
1366,1.88644,1.82485,0.478114
1367,1.83455,1.78474,0.424602
1368,1.85126,1.78096,0.505319
1369,1.85126,1.78096,0.505319
1370,1.74809,1.6529,0.56899
1371,1.7498,1.65918,0.555821
1372,1.7498,1.65918,0.555821
1373,1.71283,1.60401,0.600777
1374,1.71283,1.60401,0.600777
1375,1.77577,1.67974,0.576069
1376,1.77577,1.67974,0.576069
1377,1.77577,1.67974,0.576069
1378,1.83738,1.75104,0.556612
1379,1.83738,1.75104,0.556612
1380,1.90766,1.79904,0.634531
1381,1.90766,1.79904,0.634531
1382,1.90766,1.79904,0.634531
1383,1.90127,1.77784,0.673878
1384,1.90127,1.77784,0.673878
1385,1.89842,1.7182,0.807335
1386,1.94943,1.81408,0.713718
1387,1.94943,1.81408,0.713718
1388,1.89929,1.78595,0.646274
1389,1.89929,1.78595,0.646274
1390,1.89028,1.78004,0.6361
1391,1.92746,1.85296,0.530704
1392,1.92881,1.85866,0.515455
1393,1.94731,1.8753,0.524656
1394,2.11556,1.97075,0.769247
1395,2.01106,1.85763,0.770461
1396,2.08222,1.97864,0.64856
1397,2.08222,1.97864,0.64856
1398,2.08222,1.97864,0.64856
1399,2.09644,2.00933,0.59805
1400,2.09644,2.00933,0.59805
1401,2.09644,2.00933,0.59805
1402,2.09644,2.00933,0.59805
1403,2.17842,2.08371,0.635343
1404,2.10489,1.98907,0.688584
1405,2.17718,2.09131,0.605419
1406,2.17737,2.07261,0.667262
1407,2.19124,2.05089,0.771605
1408,2.19124,2.05089,0.771605
1409,2.15496,1.99714,0.809509
1410,2.15496,1.99714,0.809509
1411,2.15496,1.99714,0.809509
1412,2.15496,1.99714,0.809509
1413,2.1193,1.95626,0.815144
1414,2.09747,1.97315,0.711383
1415,2.06483,1.9684,0.623626
1416,1.99464,1.89845,0.61195
1417,2.0227,1.88854,0.724402
1418,2.04454,1.88685,0.787367
1419,1.93713,1.72795,0.875584
1420,1.94225,1.74086,0.861244
1421,1.85054,1.60623,0.918979
1422,2.00723,1.7731,0.940795
1423,2.04017,1.78759,0.983266
1424,2.07466,1.75875,1.10046
1425,2.01967,1.77571,0.962246
1426,2.01105,1.80339,0.890004
1427,2.01105,1.80339,0.890004
1428,1.99314,1.7744,0.90781
1429,1.95911,1.78557,0.806116
1430,1.95911,1.78557,0.806116
1431,1.87257,1.72656,0.724919
1432,1.86303,1.68104,0.803115
1433,1.85787,1.73469,0.665249
1434,1.75152,1.66639,0.539432
1435,1.69616,1.59281,0.583017
1436,1.66623,1.54737,0.618017
1437,1.66623,1.54737,0.618017
1438,1.74124,1.61455,0.652031
1439,1.74781,1.63895,0.607194
1440,1.74781,1.63895,0.607194
1441,1.75197,1.644,0.605536
1442,1.74539,1.6638,0.527405
1443,1.72904,1.63551,0.560961
1444,1.7779,1.68616,0.563717
1445,1.76369,1.72211,0.380707
1446,1.65525,1.61926,0.343284
1447,1.79036,1.73884,0.426411
1448,1.79386,1.75234,0.383707
1449,1.84426,1.7951,0.422975
1450,1.85112,1.79884,0.436823
1451,1.88523,1.86215,0.294077
1452,1.9166,1.89752,0.269753
1453,1.86526,1.8441,0.280134
1454,1.95925,1.93453,0.310311
1455,1.90078,1.88039,0.2777
1456,1.90653,1.87951,0.319816
1457,1.96217,1.91643,0.421234
1458,1.90491,1.84634,0.468735
1459,1.90332,1.84098,0.483155
1460,1.91084,1.84547,0.495506
1461,1.91084,1.84547,0.495506
1462,1.99234,1.89384,0.618721
1463,1.99234,1.89384,0.618721
1464,2.01533,1.94205,0.53853
1465,2.04111,1.96815,0.540856
1466,2.16868,2.08515,0.596096
1467,2.16868,2.08515,0.596096
1468,2.16868,2.08515,0.596096
1469,1.95607,1.8662,0.586087
1470,1.93466,1.8549,0.549769
1471,1.94537,1.85586,0.58329
1472,1.94537,1.85586,0.58329
1473,1.94537,1.85586,0.58329
1474,2.02863,1.92016,0.654464
1475,1.9106,1.83734,0.523996
1476,1.86746,1.82045,0.416395
1477,1.75493,1.71669,0.364387
1478,1.80072,1.78899,0.205235
1479,1.78397,1.7798,0.121872
1480,1.74425,1.74046,0.114945
1481,1.76296,1.75737,0.140271
1482,1.76529,1.75596,0.181274
1483,1.76529,1.75596,0.181274
1484,1.76529,1.75596,0.181274
1485,1.79517,1.78222,0.215232
1486,1.79517,1.78222,0.215232
1487,1.80104,1.77179,0.3233
1488,1.8408,1.80784,0.346788
1489,1.87392,1.81848,0.452471
1490,1.87392,1.81848,0.452471
1491,1.87905,1.81587,0.483141
1492,1.90904,1.85557,0.448638
1493,1.81815,1.76876,0.42091
1494,1.81265,1.75961,0.435281
1495,1.82249,1.77111,0.429699
1496,1.87075,1.80331,0.497759
1497,1.87075,1.80331,0.497759
1498,1.94819,1.8806,0.508694
1499,1.94819,1.8806,0.508694
1500,2.08939,2.02838,0.501264
1501,1.97761,1.91331,0.500167
1502,1.98146,1.86509,0.669051
1503,2.04363,1.91178,0.72218
1504,2.06686,1.94267,0.705642
1505,2.06686,1.94267,0.705642
1506,2.05032,1.89942,0.77201
1507,2.12231,1.92902,0.884904
1508,2.07672,1.85291,0.937813
1509,2.0117,1.84086,0.81126
1510,2.04457,1.86522,0.83737
1511,1.94754,1.80652,0.727591
1512,1.94754,1.80652,0.727591
1513,2.03385,1.91823,0.675981
1514,2.05744,1.93603,0.696314
1515,2.1535,2.02441,0.734394
1516,2.14848,1.94189,0.91925
1517,2.26898,1.9865,1.09639
1518,2.12914,1.8715,1.01524
1519,2.14275,1.86375,1.05726
1520,2.08267,1.80101,1.04588
1521,2.11358,1.81878,1.0767
1522,2.01425,1.75761,0.98388
1523,2.01425,1.75761,0.98388
1524,2.01425,1.75761,0.98388
1525,2.01425,1.75761,0.98388
1526,2.04163,1.82576,0.913701
1527,2.04642,1.82544,0.924994
1528,2.00893,1.75313,0.980996
1529,2.02472,1.7827,0.959941
1530,2.00525,1.80211,0.879448
1531,2.05256,1.79741,0.991112
1532,2.05256,1.79741,0.991112
1533,1.94077,1.70598,0.92534
1534,1.86991,1.66749,0.846186
1535,1.86991,1.66749,0.846186
1536,1.91334,1.73751,0.801189
1537,2.01701,1.82471,0.8595
1538,2.01701,1.82471,0.8595
1539,2.00171,1.78374,0.908362
1540,1.93701,1.74,0.851131
1541,1.99641,1.76096,0.940562
1542,1.99641,1.76096,0.940562
1543,1.99641,1.76096,0.940562
1544,2.00105,1.75655,0.958506
1545,2.00105,1.75655,0.958506
1546,2.00105,1.75655,0.958506
1547,1.94519,1.72519,0.898608
1548,1.9488,1.68866,0.97274
1549,1.92058,1.68118,0.928581
1550,1.92058,1.68118,0.928581
1551,1.92058,1.68118,0.928581
1552,1.92058,1.68118,0.928581
1553,1.93682,1.65115,1.0124
1554,1.93682,1.65115,1.0124
1555,1.92104,1.59268,1.07414
1556,1.91236,1.64481,0.97556
1557,1.93188,1.68666,0.94199
1558,1.95251,1.65902,1.02953
1559,1.9847,1.66766,1.07608
1560,1.99281,1.64003,1.13209
1561,1.99281,1.64003,1.13209
1562,1.99281,1.64003,1.13209
1563,2.01641,1.6535,1.15406
1564,2.03864,1.57974,1.2886
1565,1.94149,1.58226,1.12508
1566,1.94149,1.58226,1.12508
1567,2.03605,1.66216,1.17589
1568,2.0963,1.73134,1.18193
1569,1.97352,1.6094,1.1422
1570,1.97372,1.63324,1.1082
1571,1.97372,1.63324,1.1082
1572,1.85393,1.53947,1.03299
1573,1.8819,1.59664,0.99614
1574,1.88112,1.57741,1.02489
1575,1.91148,1.65389,0.958333
1576,1.9707,1.69295,1.00876
1577,1.99593,1.70568,1.03654
1578,1.9045,1.62468,0.993762
1579,1.87278,1.60393,0.966808
1580,1.85444,1.57926,0.972052
1581,1.85444,1.57926,0.972052
1582,1.84416,1.58712,0.939122
1583,1.83321,1.58241,0.925553
1584,1.79485,1.49815,0.988455
1585,1.77074,1.51228,0.921159
1586,1.74253,1.42689,1.0002
1587,1.88054,1.5856,1.01108
1588,1.77364,1.49451,0.955107
1589,1.74914,1.42375,1.01608
1590,1.74914,1.42375,1.01608
1591,1.69403,1.39004,0.968255
1592,1.72694,1.35601,1.06937
1593,1.74089,1.39826,1.03709
1594,1.76007,1.38349,1.08803
1595,1.86431,1.43457,1.19066
1596,1.80667,1.4934,1.01676
1597,1.80667,1.4934,1.01676
1598,1.79188,1.44013,1.06624
1599,1.79188,1.44013,1.06624
1600,1.75805,1.43782,1.01163
1601,1.75805,1.43782,1.01163
1602,1.75805,1.43782,1.01163
1603,1.75973,1.39846,1.06815
1604,1.78961,1.44216,1.05965
1605,1.78961,1.44216,1.05965
1606,1.80433,1.52,0.972226
1607,1.80433,1.52,0.972226
1608,1.80433,1.52,0.972226
1609,1.79914,1.46535,1.04386
1610,1.79914,1.46535,1.04386
1611,1.79914,1.46535,1.04386
1612,1.90358,1.51753,1.14923
1613,1.87644,1.51697,1.10445
1614,1.86673,1.48172,1.13542
1615,1.92936,1.47483,1.24391
1616,1.99656,1.48686,1.33248
1617,2.02024,1.55309,1.29201
1618,2.02024,1.55309,1.29201
1619,2.02024,1.55309,1.29201
1620,1.90377,1.51855,1.14819
1621,1.85754,1.50276,1.09185
1622,1.92067,1.5495,1.13491
1623,1.92067,1.5495,1.13491
1624,2.00794,1.7693,0.949419
1625,2.00794,1.7693,0.949419
1626,2.08727,1.85329,0.960219
1627,2.08727,1.85329,0.960219
1628,2.07751,1.93803,0.748408
1629,2.09557,1.93014,0.81608
1630,2.09557,1.93014,0.81608
1631,2.06816,1.90037,0.815993
1632,2.06816,1.90037,0.815993
1633,2.01989,1.86476,0.776275
1634,2.01989,1.86476,0.776275
1635,2.06851,1.9219,0.764871
1636,2.11503,1.9299,0.865351
1637,2.06685,1.891,0.834269
1638,2.08723,1.91335,0.83404
1639,2.11727,1.90476,0.924496
1640,2.09167,1.90215,0.869994
1641,2.09167,1.90215,0.869994
1642,2.09167,1.90215,0.869994
1643,2.11264,1.91259,0.897369
1644,2.11264,1.91259,0.897369
1645,2.20428,1.98374,0.961054
1646,2.1155,1.88227,0.965594
1647,2.02874,1.80593,0.924353
1648,2.04954,1.81686,0.948488
1649,1.95546,1.76036,0.85144
1650,1.95546,1.76036,0.85144
1651,1.95546,1.76036,0.85144
1652,2.01317,1.79286,0.915686
1653,2.11176,1.88803,0.945987
1654,1.98429,1.80271,0.82924
1655,1.98429,1.80271,0.82924
1656,2.0135,1.79967,0.902961
1657,2.0135,1.79967,0.902961
1658,1.95925,1.78136,0.815721
1659,2.02412,1.80441,0.917136
1660,2.02919,1.82113,0.895041
1661,2.07059,1.82619,0.975896
1662,2.07059,1.82619,0.975896
1663,2.11037,1.8847,0.949504
1664,2.0138,1.78135,0.93924
1665,2.0466,1.7372,1.08199
1666,2.12242,1.84688,1.04581
1667,2.12242,1.84688,1.04581
1668,2.12242,1.84688,1.04581
1669,2.04843,1.78451,1.00577
1670,2.09342,1.85825,0.964002
1671,2.22643,1.88017,1.19245
1672,2.22643,1.88017,1.19245
1673,2.16848,1.89657,1.05134
1674,2.16848,1.89657,1.05134
1675,2.16848,1.89657,1.05134
1676,2.27835,1.91044,1.24141
1677,2.27835,1.91044,1.24141
1678,2.05499,1.75235,1.07344
1679,2.0175,1.71546,1.06183
1680,2.02963,1.72486,1.06969
1681,2.02963,1.72486,1.06969
1682,2.10927,1.85346,1.00682
1683,2.11298,1.8934,0.937936
1684,2.13666,1.89522,0.986635
1685,2.08634,1.82898,1.00382
1686,2.08634,1.82898,1.00382
1687,2.08634,1.82898,1.00382
1688,2.08634,1.82898,1.00382
1689,2.07702,1.78651,1.05944
1690,2.09654,1.72509,1.19146
1691,2.03978,1.69297,1.13777
1692,1.94617,1.70237,0.943124
1693,2.02992,1.78949,0.958275
1694,1.90229,1.69572,0.862097
1695,1.89064,1.65899,0.906789
1696,1.87651,1.64768,0.898039
1697,1.72353,1.50331,0.842975
1698,1.72353,1.50331,0.842975
1699,1.75701,1.49126,0.929101
1700,1.75701,1.49126,0.929101
1701,1.73428,1.47149,0.91785
1702,1.73428,1.47149,0.91785
1703,1.79971,1.53929,0.932491
1704,1.83708,1.60179,0.899528
1705,1.79439,1.54325,0.915544
1706,1.7388,1.47938,0.913716
1707,1.77732,1.56824,0.836365
1708,1.77732,1.56824,0.836365
1709,1.77732,1.56824,0.836365
1710,1.77732,1.56824,0.836365
1711,1.77732,1.56824,0.836365
1712,1.74052,1.53831,0.814255
1713,1.78543,1.51353,0.947106
1714,1.74269,1.43033,0.995565
1715,1.74269,1.43033,0.995565
1716,1.74269,1.43033,0.995565
1717,1.76397,1.36671,1.11521
1718,1.76397,1.36671,1.11521
1719,1.87665,1.41456,1.23322
1720,1.84873,1.35475,1.25795
1721,1.87207,1.34519,1.30196
1722,1.87207,1.34519,1.30196
1723,1.81361,1.31468,1.24933
1724,1.84056,1.32056,1.2821
1725,1.7705,1.34269,1.15406
1726,1.80385,1.34636,1.2005
1727,1.82694,1.37444,1.20359
1728,1.7713,1.39021,1.09764
1729,1.7798,1.41793,1.07573
1730,1.78031,1.35419,1.15572
1731,1.75065,1.34439,1.12134
1732,1.78072,1.3651,1.14345
1733,1.78072,1.3651,1.14345
1734,1.72266,1.32774,1.09757
1735,1.81099,1.41004,1.13644
1736,1.7853,1.32945,1.19157
1737,1.7853,1.32945,1.19157
1738,1.87442,1.38936,1.25822
1739,1.79189,1.3549,1.17265
1740,1.76092,1.26599,1.22398
1741,1.74852,1.34743,1.11435
1742,1.74852,1.34743,1.11435
1743,1.74852,1.34743,1.11435
1744,1.88325,1.43869,1.21524
1745,1.96763,1.53666,1.22892
1746,1.89139,1.44594,1.21927
1747,1.85254,1.44571,1.15836
1748,1.85254,1.44571,1.15836
1749,1.84227,1.50175,1.0671
1750,1.82725,1.50049,1.04278
1751,1.84576,1.52927,1.03352
1752,1.84576,1.52927,1.03352
1753,1.8141,1.48935,1.03576
1754,1.85451,1.58425,0.96404
1755,1.85451,1.58425,0.96404
1756,1.85451,1.58425,0.96404
1757,1.85451,1.58425,0.96404
1758,1.85451,1.58425,0.96404
1759,1.85451,1.58425,0.96404
1760,1.85451,1.58425,0.96404
1761,1.93584,1.65653,1.0017
1762,1.93584,1.65653,1.0017
1763,2.00249,1.74186,0.987874
1764,2.04048,1.82242,0.917772
1765,1.99031,1.7436,0.959786
1766,1.99031,1.7436,0.959786
1767,2.00863,1.79276,0.905874
1768,2.07958,1.8644,0.92122
1769,2.01517,1.82489,0.854801
1770,2.05605,1.86169,0.872616
1771,2.08592,1.91676,0.822851
1772,2.17278,1.91172,1.0326
1773,2.17066,1.90044,1.04885
1774,2.09237,1.84916,0.979091
1775,2.05757,1.82841,0.943673
1776,2.068,1.84366,0.936764
1777,2.04772,1.83058,0.917698
1778,2.12976,1.96392,0.823948
1779,2.09454,1.9132,0.852506
1780,2.07637,1.89655,0.845237
1781,2.08587,1.93444,0.780258
1782,2.08587,1.93444,0.780258
1783,2.08587,1.93444,0.780258
1784,2.08485,1.98683,0.631776
1785,2.08485,1.98683,0.631776
1786,2.02496,1.92676,0.622921
1787,2.02496,1.92676,0.622921
1788,1.96705,1.84462,0.683114
1789,1.96705,1.84462,0.683114
1790,1.96705,1.84462,0.683114
1791,2.04768,1.94739,0.632988
1792,2.04768,1.94739,0.632988
1793,2.16745,2.07043,0.641224
1794,1.98013,1.88355,0.610861
1795,1.98013,1.88355,0.610861
1796,1.82901,1.73811,0.56943
1797,1.81986,1.70447,0.637705
1798,1.76595,1.67576,0.557142
1799,1.85239,1.75305,0.598468
1800,1.97911,1.9006,0.55189
1801,1.94375,1.82815,0.660335
1802,1.97752,1.82979,0.749968
1803,1.92733,1.80461,0.676737
1804,1.92733,1.80461,0.676737
1805,1.92733,1.80461,0.676737
1806,1.94504,1.8099,0.712339
1807,1.94504,1.8099,0.712339
1808,1.95493,1.79343,0.778064
1809,1.93712,1.74083,0.84969
1810,1.93712,1.74083,0.84969
1811,1.93712,1.74083,0.84969
1812,1.81442,1.60446,0.847241
1813,1.81442,1.60446,0.847241
1814,1.7659,1.59341,0.761208
1815,1.75479,1.62089,0.672321
1816,1.75506,1.62446,0.664347
1817,1.81873,1.67261,0.714236
1818,1.8037,1.60167,0.829446
1819,1.91427,1.72196,0.836225
1820,1.91427,1.72196,0.836225
1821,1.91427,1.72196,0.836225
1822,1.96503,1.78769,0.815797
1823,1.96503,1.78769,0.815797
1824,1.96503,1.78769,0.815797
1825,1.98021,1.76634,0.89515
1826,1.99731,1.78611,0.893887
1827,1.99731,1.78611,0.893887
1828,1.99731,1.78611,0.893887
1829,2.05494,1.86719,0.858139
1830,1.96777,1.74569,0.908123
1831,1.96353,1.74873,0.892985
1832,1.96353,1.74873,0.892985
1833,1.87151,1.63655,0.90789
1834,1.86008,1.56625,1.00337
1835,1.91326,1.56504,1.10056
1836,1.91326,1.56504,1.10056
1837,1.92741,1.56676,1.12258
1838,1.92741,1.56676,1.12258
1839,1.92592,1.61492,1.04937
1840,2.07741,1.77219,1.08397
1841,2.05554,1.70054,1.15474
1842,2.02279,1.67194,1.13855
1843,2.01407,1.60498,1.21677
1844,1.99237,1.60834,1.17593
1845,1.97743,1.58882,1.17723
1846,1.97532,1.51721,1.26489
1847,1.97532,1.51721,1.26489
1848,1.97532,1.51721,1.26489
1849,2.09256,1.60599,1.3415
1850,2.03145,1.5686,1.29085
1851,1.9572,1.58604,1.14679
1852,1.9572,1.58604,1.14679
1853,1.9572,1.58604,1.14679
1854,2.09456,1.6677,1.26726
1855,2.09456,1.6677,1.26726
1856,2.09456,1.6677,1.26726
1857,1.95176,1.55426,1.18052
1858,1.86058,1.54475,1.03706
1859,1.95514,1.70536,0.956202
1860,1.87601,1.63039,0.92803
1861,1.94145,1.64805,1.02624
1862,1.94145,1.64805,1.02624
1863,1.8751,1.59981,0.978052
1864,1.95708,1.69033,0.986384
1865,1.95708,1.69033,0.986384
1866,1.9249,1.65532,0.982416
1867,1.9249,1.65532,0.982416
1868,2.04464,1.73666,1.07914
1869,2.04464,1.73666,1.07914
1870,2.08696,1.74491,1.14485
1871,2.08696,1.74491,1.14485
1872,2.11428,1.76341,1.16643
1873,2.1404,1.71666,1.27844
1874,2.21689,1.90122,1.14014
1875,2.15635,1.81353,1.1666
1876,2.16396,1.85129,1.12047
1877,2.16396,1.85129,1.12047
1878,2.13643,1.86045,1.05027
1879,2.1972,1.94029,1.03101
1880,2.1972,1.94029,1.03101
1881,2.1972,1.94029,1.03101
1882,2.13942,1.84146,1.0891
1883,2.20643,1.90633,1.11097
1884,2.1914,1.8423,1.18667
1885,2.26915,1.87643,1.27596
1886,2.29591,1.83405,1.38111
1887,2.29591,1.83405,1.38111
1888,2.29591,1.83405,1.38111
1889,2.29591,1.83405,1.38111
1890,2.26367,1.70246,1.49191
1891,2.21955,1.69335,1.43491
1892,2.14599,1.67138,1.34603
1893,2.14599,1.67138,1.34603
1894,2.2212,1.62567,1.51357
1895,2.18407,1.74459,1.314
1896,2.09222,1.62732,1.31499
1897,2.1122,1.69571,1.25934
1898,2.03958,1.66214,1.18203
1899,1.96195,1.63892,1.07851
1900,1.89643,1.55534,1.08506
1901,1.84726,1.52891,1.03672
1902,1.90875,1.59204,1.05296
1903,1.93296,1.61987,1.05468
1904,2.03614,1.75937,1.02493
1905,1.90241,1.65671,0.935128
1906,1.95295,1.68781,0.982494
1907,1.9213,1.63999,1.00092
1908,1.90242,1.58791,1.04773
1909,1.90658,1.60003,1.03682
1910,1.93936,1.65013,1.01892
1911,1.89492,1.58546,1.0378
1912,1.86074,1.55599,1.02041
1913,1.86074,1.55599,1.02041
1914,1.86074,1.55599,1.02041
1915,1.85291,1.53634,1.03582
1916,1.95241,1.61956,1.09037
1917,1.95113,1.63195,1.06941
1918,2.01096,1.68155,1.10288
1919,1.95528,1.52694,1.2213
1920,1.95528,1.52694,1.2213
1921,1.95528,1.52694,1.2213
1922,1.89884,1.4541,1.22114
1923,1.89587,1.3713,1.30914
1924,1.83135,1.30018,1.28973
1925,1.7962,1.22181,1.31662
1926,1.78657,1.21038,1.31409
1927,1.82328,1.24068,1.33606
1928,1.81356,1.23355,1.32941
1929,1.81356,1.23355,1.32941
1930,1.90284,1.29422,1.39491
1931,1.91644,1.31315,1.39584
1932,1.91644,1.31315,1.39584
1933,1.91644,1.31315,1.39584
1934,1.87891,1.21742,1.43115
1935,1.87891,1.21742,1.43115
1936,1.86223,1.14913,1.4654
1937,1.94182,1.18491,1.5384
1938,1.98634,1.18605,1.59337
1939,1.98634,1.18605,1.59337
1940,2.0703,1.27141,1.63391
1941,2.0703,1.27141,1.63391
1942,2.00285,1.39826,1.43397
1943,1.9289,1.43469,1.28931
1944,1.97145,1.48044,1.30189
1945,2.05107,1.62272,1.25445
1946,2.22517,1.8576,1.22504
1947,2.22517,1.8576,1.22504
1948,2.22517,1.8576,1.22504
1949,2.22517,1.8576,1.22504
1950,2.13365,1.83521,1.08833
1951,1.9513,1.6807,0.991371
1952,1.9513,1.6807,0.991371
1953,2.05878,1.70235,1.15784
1954,1.97768,1.58718,1.17986
1955,1.97352,1.46974,1.31706
1956,1.90079,1.37326,1.31421
1957,1.89774,1.38449,1.29792
1958,1.92065,1.40312,1.31154
1959,1.92065,1.40312,1.31154
1960,1.92065,1.40312,1.31154
1961,1.97053,1.517,1.25765
1962,1.97053,1.517,1.25765
1963,1.91236,1.43298,1.26638
1964,1.91236,1.43298,1.26638
1965,1.93066,1.4751,1.2456
1966,1.93066,1.4751,1.2456
1967,1.93066,1.4751,1.2456
1968,1.93066,1.4751,1.2456
1969,2.03979,1.5426,1.33459
1970,2.03979,1.5426,1.33459
1971,1.93072,1.46791,1.25416
1972,1.94341,1.49477,1.24197
1973,2.04662,1.64121,1.22273
1974,2.01067,1.63246,1.17383
1975,2.01067,1.63246,1.17383
1976,2.01889,1.60324,1.22701
1977,2.01889,1.60324,1.22701
1978,2.01889,1.60324,1.22701
1979,1.99596,1.61122,1.17805
1980,2.07754,1.63891,1.27677
1981,2.05893,1.64091,1.24363
1982,1.98421,1.58786,1.18987
1983,1.97018,1.49716,1.28068
1984,2.00704,1.5411,1.28577
1985,1.98616,1.57723,1.20715
1986,2.01319,1.6568,1.14366
1987,2.01319,1.6568,1.14366
1988,1.95473,1.64676,1.05316
1989,1.93555,1.59594,1.09515
1990,1.93555,1.59594,1.09515
1991,1.93555,1.59594,1.09515
1992,1.95457,1.66263,1.02763
1993,2.04676,1.77049,1.02693
1994,2.05865,1.78134,1.03193
1995,2.05865,1.78134,1.03193
1996,2.05492,1.69802,1.15733
1997,2.05492,1.69802,1.15733
1998,2.03074,1.53936,1.32449
1999,2.03074,1.53936,1.32449
2000,1.9629,1.51497,1.24813
2001,1.96022,1.56197,1.18436
2002,1.96022,1.56197,1.18436
2003,2.0511,1.53461,1.36088
2004,2.0511,1.53461,1.36088
2005,2.0163,1.57272,1.26175
2006,2.0163,1.57272,1.26175
2007,2.0163,1.57272,1.26175
2008,2.01749,1.52716,1.31835
2009,2.03935,1.50736,1.37361
2010,1.93294,1.43534,1.29462
2011,1.90366,1.31934,1.37233
2012,1.9105,1.38082,1.32035
2013,1.98037,1.51154,1.2795
2014,1.90519,1.38659,1.30656
2015,1.96253,1.2953,1.47435
2016,1.96253,1.2953,1.47435
2017,2.02593,1.39659,1.46762
2018,2.01306,1.38619,1.45976
2019,2.07111,1.42952,1.49865
2020,2.02132,1.34085,1.51256
2021,2.05676,1.34946,1.55216
2022,2.04796,1.34403,1.54523
2023,2.04796,1.34403,1.54523
2024,2.04796,1.34403,1.54523
2025,2.1193,1.47149,1.52517
2026,2.12412,1.47327,1.53015
2027,2.09087,1.37141,1.57828
2028,2.14764,1.42017,1.61104
2029,2.20821,1.43371,1.67949
2030,2.15735,1.2557,1.75425
2031,2.08174,1.2509,1.664
2032,2.14626,1.34579,1.67191
2033,2.14626,1.34579,1.67191
2034,2.14626,1.34579,1.67191
2035,2.1077,1.31448,1.64759
2036,1.92075,1.28032,1.4318
2037,1.89431,1.20326,1.46307
2038,1.89431,1.20326,1.46307
2039,2.00308,1.36027,1.47036
2040,2.00308,1.36027,1.47036
2041,1.96279,1.28966,1.47964
2042,1.95256,1.24284,1.50594
2043,1.85159,1.17563,1.43047
2044,1.85159,1.17563,1.43047
2045,1.89233,1.18739,1.47344
2046,1.89233,1.18739,1.47344
2047,1.94554,1.19161,1.53791
2048,1.99368,1.22586,1.57228
2049,2.09018,1.37633,1.57308
2050,2.04303,1.35539,1.52869
2051,1.97046,1.27341,1.5037
2052,1.97606,1.37433,1.41987
2053,2.0252,1.50304,1.35731
2054,2.0252,1.50304,1.35731
2055,1.9849,1.40471,1.40236
2056,1.96041,1.44447,1.32541
2057,2.06316,1.4324,1.48487
2058,2.11794,1.56587,1.42609
2059,2.08502,1.6045,1.3315
2060,2.06861,1.6431,1.25674
2061,2.01361,1.64162,1.16605
2062,2.02412,1.68562,1.1206
2063,2.02412,1.68562,1.1206
2064,2.02412,1.68562,1.1206
2065,2.02412,1.68562,1.1206
2066,2.11519,1.80078,1.10961
2067,2.11519,1.80078,1.10961
2068,2.11519,1.80078,1.10961
2069,2.11519,1.80078,1.10961
2070,2.09456,1.77778,1.10757
2071,2.07484,1.71659,1.16545
2072,2.13716,1.74644,1.23183
2073,2.13716,1.74644,1.23183
2074,2.13716,1.74644,1.23183
2075,2.10793,1.7055,1.23881
2076,2.05167,1.62518,1.25226
2077,1.97588,1.51069,1.27355
2078,2.04037,1.59325,1.27462
2079,1.99474,1.64607,1.12669
2080,2.12195,1.76486,1.1781
2081,1.99694,1.66746,1.09878
2082,2.04766,1.68687,1.16076
2083,2.0603,1.71216,1.14602
2084,2.03291,1.71696,1.08847
2085,2.03291,1.71696,1.08847
2086,2.15269,1.84934,1.10182
2087,2.02346,1.71139,1.0796
2088,2.1899,1.85465,1.16445
2089,2.01689,1.75821,0.988205
2090,2.14163,1.85556,1.06933
2091,2.15983,1.85195,1.11137
2092,2.07524,1.75921,1.10081
2093,2.04418,1.70129,1.13327
2094,2.04418,1.70129,1.13327
2095,2.16391,1.8467,1.12792
2096,2.14104,1.79305,1.17005
2097,2.14104,1.79305,1.17005
2098,2.09365,1.65796,1.27849
2099,2.13885,1.74641,1.23479
2100,2.13885,1.74641,1.23479
2101,2.13885,1.74641,1.23479
2102,2.14866,1.74103,1.2592
2103,2.14866,1.74103,1.2592
2104,2.13127,1.69486,1.29219
2105,2.08189,1.6465,1.27409
2106,2.07593,1.7261,1.15329
2107,2.01665,1.62153,1.19897
2108,1.87757,1.50739,1.11939
2109,1.87757,1.50739,1.11939
2110,2.018,1.5767,1.2595
2111,2.00554,1.47245,1.36165
2112,2.05656,1.59642,1.29648
2113,2.05656,1.59642,1.29648
2114,2.00673,1.54763,1.27743
2115,1.96782,1.48828,1.28737
2116,2.04929,1.51845,1.37619
2117,2.04929,1.51845,1.37619
2118,1.94087,1.42689,1.31566
2119,1.92817,1.43359,1.28944
2120,1.95497,1.45382,1.30701
2121,1.96717,1.4113,1.3704
2122,1.94332,1.41269,1.33448
2123,1.94332,1.41269,1.33448
2124,1.81595,1.33084,1.23553
2125,1.79729,1.32199,1.21762
2126,1.79729,1.32199,1.21762
2127,1.7578,1.33404,1.14464
2128,1.77138,1.35852,1.13674
2129,1.77138,1.35852,1.13674
2130,1.77138,1.35852,1.13674
2131,1.842,1.39221,1.20611
2132,1.94097,1.49459,1.23838
2133,1.94097,1.49459,1.23838
2134,1.95697,1.51867,1.23424
2135,1.83897,1.335,1.26475
2136,1.83897,1.335,1.26475
2137,1.98046,1.47741,1.31889
2138,1.84532,1.32514,1.28421
2139,1.84532,1.32514,1.28421
2140,1.82477,1.26874,1.31153
2141,1.96652,1.36807,1.41265
2142,1.8953,1.32524,1.35496
2143,1.89036,1.34966,1.32359
2144,1.92981,1.37701,1.35204
2145,2.03005,1.4256,1.44526
2146,2.03005,1.4256,1.44526
2147,2.02025,1.36896,1.48571
2148,2.02025,1.36896,1.48571
2149,2.02025,1.36896,1.48571
2150,2.09013,1.39206,1.5591
2151,2.19184,1.49691,1.60106
2152,2.09137,1.39502,1.55812
2153,2.09447,1.33465,1.61416
2154,2.09447,1.33465,1.61416
2155,2.15168,1.32563,1.69483
2156,2.19709,1.28589,1.78149
2157,2.12503,1.29923,1.6816
2158,2.12503,1.29923,1.6816
2159,2.03686,1.27501,1.58844
2160,2.03686,1.27501,1.58844
2161,2.00086,1.35718,1.47021
2162,1.99159,1.31399,1.49663
2163,1.99159,1.31399,1.49663
2164,2.01848,1.36399,1.48789
2165,1.9545,1.3483,1.41498
2166,1.9545,1.3483,1.41498
2167,2.00849,1.32025,1.5136
2168,2.00849,1.32025,1.5136
2169,2.00849,1.32025,1.5136
2170,2.00849,1.32025,1.5136
2171,1.90607,1.26156,1.42884
2172,1.90607,1.26156,1.42884
2173,1.90607,1.26156,1.42884
2174,1.90607,1.26156,1.42884
2175,1.90607,1.26156,1.42884
2176,1.91204,1.32529,1.37823
2177,1.9589,1.2944,1.47031
2178,1.9589,1.2944,1.47031
2179,1.92936,1.29611,1.42918
2180,1.9252,1.40389,1.31739
2181,1.93763,1.31555,1.42257
2182,2.00566,1.36482,1.46966
2183,1.93991,1.35681,1.38647
2184,1.93991,1.35681,1.38647
2185,1.93991,1.35681,1.38647
2186,1.93991,1.35681,1.38647
2187,1.94441,1.3728,1.37701
2188,1.89559,1.44059,1.23206
2189,1.89559,1.44059,1.23206
2190,1.96953,1.54575,1.22054
2191,1.96719,1.49399,1.27979
2192,1.98284,1.45885,1.34291
2193,1.98284,1.45885,1.34291
2194,1.98284,1.45885,1.34291
2195,2.00772,1.54177,1.28602
2196,1.93003,1.46476,1.25677
2197,1.90478,1.35234,1.34141
2198,1.85971,1.26315,1.36491
2199,1.99469,1.38336,1.43705
2200,1.99469,1.38336,1.43705
2201,2.06919,1.4771,1.44904
2202,1.94518,1.34944,1.40098
2203,2.07987,1.43651,1.50409
2204,2.08557,1.4734,1.47604
2205,2.08557,1.4734,1.47604
2206,2.10186,1.52067,1.45099
2207,2.04155,1.48809,1.39769
2208,2.18096,1.50065,1.5826
2209,2.1219,1.54303,1.45655
2210,2.18576,1.61401,1.47394
2211,2.18576,1.61401,1.47394
2212,2.18576,1.61401,1.47394
2213,2.10443,1.53865,1.43568
2214,2.10818,1.56086,1.41709
2215,2.13807,1.5148,1.50889
2216,2.17479,1.64332,1.4245
2217,2.16371,1.75053,1.27172
2218,2.16079,1.78574,1.21662
2219,2.16079,1.78574,1.21662
2220,2.1923,1.84679,1.18134
2221,2.18149,1.81601,1.20872
2222,2.17185,1.87249,1.10034
2223,2.07339,1.79875,1.03123
2224,2.07339,1.79875,1.03123
2225,2.07339,1.79875,1.03123
2226,2.07339,1.79875,1.03123
2227,2.07339,1.79875,1.03123
2228,2.07339,1.79875,1.03123
2229,2.17817,1.95554,0.959321
2230,2.17817,1.95554,0.959321
2231,2.2139,2.01375,0.919879
2232,2.2139,2.01375,0.919879
2233,2.2139,2.01375,0.919879
2234,2.2139,2.01375,0.919879
2235,2.2139,2.01375,0.919879
2236,2.23502,2.04296,0.906423
2237,2.11255,1.90781,0.907249
2238,2.11255,1.90781,0.907249
2239,1.98934,1.75861,0.929928
2240,2.09236,1.88246,0.913411
2241,2.20079,1.97376,0.973511
2242,2.20079,1.97376,0.973511
2243,2.17987,1.92168,1.02907
2244,2.17987,1.92168,1.02907
2245,2.18102,1.9113,1.05061
2246,2.18102,1.9113,1.05061
2247,2.16957,2.0017,0.8368
2248,2.29353,2.10416,0.912567
2249,2.29353,2.10416,0.912567
2250,2.24308,2.06635,0.872689
2251,2.24352,2.07499,0.853129
2252,2.20299,2.01844,0.882645
2253,2.20299,2.01844,0.882645
2254,2.11276,1.95399,0.803556
2255,2.00225,1.81515,0.845119
2256,2.06043,1.93386,0.711028
2257,1.90344,1.79066,0.645455
2258,1.92855,1.7839,0.732815
2259,1.85424,1.71284,0.710204
2260,1.93132,1.79389,0.715516
2261,1.93132,1.79389,0.715516
2262,1.87953,1.75232,0.6797
2263,1.89604,1.80587,0.577743
2264,1.76269,1.70694,0.439806
2265,1.80034,1.75208,0.414066
2266,1.80034,1.75208,0.414066
2267,1.80034,1.75208,0.414066
2268,1.86299,1.79041,0.514935
2269,1.73695,1.64774,0.549495
2270,1.73695,1.64774,0.549495
2271,1.74743,1.66383,0.534053
2272,1.74743,1.66383,0.534053
2273,1.69551,1.63446,0.450885
2274,1.72801,1.69134,0.35413
2275,1.75064,1.71131,0.368968
2276,1.76263,1.72927,0.341263
2277,1.76263,1.72927,0.341263
2278,1.7431,1.70479,0.363436
2279,1.80253,1.75642,0.405058
2280,1.77337,1.70806,0.476841
2281,1.8157,1.78733,0.319763
2282,1.87708,1.85949,0.256379
2283,1.83466,1.81092,0.294135
2284,1.78321,1.74156,0.383157
2285,1.78893,1.72085,0.488834
2286,1.72512,1.69077,0.342535
2287,1.69041,1.6405,0.407721
2288,1.69041,1.6405,0.407721
2289,1.7097,1.66847,0.37319
2290,1.7446,1.68502,0.452008
2291,1.7446,1.68502,0.452008
2292,1.854,1.79001,0.482893
2293,1.84162,1.78566,0.450541
2294,1.889,1.85415,0.361156
2295,1.889,1.85415,0.361156
2296,1.969,1.92902,0.394734
2297,1.969,1.92902,0.394734
2298,1.85774,1.79831,0.466119
2299,1.99934,1.9182,0.563786
2300,1.90748,1.83888,0.50698
2301,1.92412,1.85926,0.495359
2302,1.84331,1.76325,0.537345
2303,1.97972,1.92864,0.446802
2304,1.95295,1.91758,0.370007
2305,1.95176,1.8986,0.452416
2306,2.10951,2.03811,0.544181
2307,2.10951,2.03811,0.544181
2308,2.04503,1.96341,0.571975
2309,2.04503,1.96341,0.571975
2310,2.12203,2.02771,0.625622
2311,2.17243,2.09344,0.580501
2312,2.06474,2.00826,0.479627
2313,2.06474,2.00826,0.479627
2314,2.06474,2.00826,0.479627
2315,2.06474,2.00826,0.479627
2316,2.10601,2.03253,0.551469
2317,2.10601,2.03253,0.551469
2318,2.12045,2.05349,0.528679
2319,2.03562,1.99119,0.422999
2320,1.92332,1.86347,0.476049
2321,2.00267,1.9573,0.423869
2322,2.05239,2.02557,0.330678
2323,2.00462,1.9785,0.322526
2324,1.94906,1.91955,0.337881
2325,1.94635,1.93906,0.1683
2326,1.89029,1.88524,0.13809
2327,1.84542,1.83611,0.185126
2328,1.84542,1.83611,0.185126
2329,1.92494,1.89485,0.33904
2330,1.93512,1.9004,0.364899
2331,1.85166,1.80604,0.408479
2332,1.82868,1.80919,0.266321
2333,1.90474,1.86491,0.387487
2334,1.90474,1.86491,0.387487
2335,1.90358,1.88575,0.259965
2336,1.90358,1.88575,0.259965
2337,1.92793,1.91457,0.22652
2338,1.93481,1.91277,0.291146
2339,1.93481,1.91277,0.291146
2340,1.84839,1.80899,0.379638
2341,1.86774,1.83848,0.329345
2342,1.86774,1.83848,0.329345
2343,1.77092,1.74141,0.321911
2344,1.78727,1.77355,0.220995
2345,1.86772,1.85803,0.19007
2346,1.86772,1.85803,0.19007
2347,1.86772,1.85803,0.19007
2348,1.80261,1.78628,0.242146
2349,1.80261,1.78628,0.242146
2350,1.71084,1.71039,0.0395034
2351,1.7707,1.76968,0.0601489
2352,1.79925,1.79621,0.104582
2353,1.79638,1.78865,0.166454
2354,1.75954,1.75871,0.0539055
2355,1.74073,1.74055,-0.0248375
2356,1.82705,1.81923,-0.16896
2357,1.73033,1.72723,-0.103607
2358,1.74978,1.74632,-0.109938
2359,1.74978,1.74632,-0.109938
2360,1.84378,1.83933,-0.128164
2361,1.73206,1.73188,0.025614
2362,1.73206,1.73188,0.025614
2363,1.77545,1.77157,0.117242
2364,1.77545,1.77157,0.117242
2365,1.80106,1.79691,0.122229
2366,1.75603,1.74657,0.181995
2367,1.77919,1.7763,0.101304
2368,1.77919,1.7763,0.101304
2369,1.77919,1.7763,0.101304
2370,1.86982,1.86981,-0.00317369
2371,1.81429,1.81429,-0.00392605
2372,1.81429,1.81429,-0.00392605
2373,1.80814,1.7948,-0.219251
2374,1.80814,1.7948,-0.219251
2375,1.88268,1.85985,-0.292297
2376,1.88268,1.85985,-0.292297
2377,1.8669,1.84803,-0.264802
2378,1.8669,1.84803,-0.264802
2379,1.8669,1.84803,-0.264802
2380,1.8669,1.84803,-0.264802
2381,1.892,1.87466,-0.255526
2382,1.97966,1.95265,-0.32591
2383,1.99723,1.97123,-0.32125
2384,1.99723,1.97123,-0.32125
2385,2.05668,2.04215,-0.244005
2386,2.09791,2.0891,-0.192057
2387,2.05653,2.05428,-0.0962003
2388,2.06842,2.0684,-0.00981917
2389,2.0383,2.03775,-0.047191
2390,2.04158,2.03081,-0.209436
2391,2.03757,2.03535,-0.0951448
2392,2.03994,2.03982,-0.021314
2393,2.03994,2.03982,-0.021314
2394,2.01093,2.00977,-0.0682789
2395,2.01093,2.00977,-0.0682789
2396,1.98874,1.98865,-0.0192564
2397,1.98874,1.98865,-0.0192564
2398,2.01717,2.01708,-0.0199524
2399,2.01717,2.01708,-0.0199524
2400,2.00427,2.00414,-0.0228386
2401,2.04594,2.04521,-0.0544608
2402,1.89814,1.8974,0.0529995
2403,1.93,1.93,0.00122797
2404,1.824,1.82385,-0.023457
2405,1.824,1.82385,-0.023457
2406,1.87863,1.87219,-0.155424
2407,1.83339,1.82818,-0.138215
2408,1.921,1.91865,-0.0950395
2409,1.75044,1.74951,-0.0569691
2410,1.68386,1.67698,-0.152138
2411,1.75254,1.74974,-0.0990275
2412,1.75254,1.74974,-0.0990275
2413,1.75254,1.74974,-0.0990275
2414,1.75254,1.74974,-0.0990275
2415,1.75584,1.75325,-0.0954187
2416,1.80086,1.80071,-0.0228187
2417,1.85507,1.85322,-0.0826621
2418,1.8263,1.82605,-0.0301561
2419,1.76494,1.7646,-0.0344979
2420,1.76979,1.76897,-0.0536346
2421,1.75514,1.74841,-0.153578
2422,1.82114,1.81977,-0.0704551
2423,1.79039,1.78625,-0.121696
2424,1.79039,1.78625,-0.121696
2425,1.80397,1.79741,-0.153677
2426,1.80397,1.79741,-0.153677
2427,1.80397,1.79741,-0.153677
2428,1.84563,1.83777,-0.170054
2429,1.84563,1.83777,-0.170054
2430,1.84563,1.83777,-0.170054
2431,1.86656,1.84718,-0.268301
2432,1.96061,1.94417,-0.253306
2433,1.96018,1.9489,-0.210017
2434,1.96018,1.9489,-0.210017
2435,2.00853,1.99828,-0.202659
2436,2.03135,2.01191,-0.28036
2437,1.99068,1.96364,-0.327039
2438,1.98601,1.92881,-0.473216
2439,1.88063,1.80314,-0.534284
2440,1.88063,1.80314,-0.534284
2441,1.88063,1.80314,-0.534284
2442,1.88331,1.82799,-0.453125
2443,1.88348,1.82925,-0.448714
2444,1.89581,1.84543,-0.434173
2445,1.91495,1.85286,-0.483664
2446,1.86936,1.83069,-0.37825
2447,1.82148,1.77327,-0.416261
2448,1.87874,1.82844,-0.431816
2449,1.87874,1.82844,-0.431816
2450,1.91334,1.87675,-0.37239
2451,1.89885,1.87261,-0.31457
2452,1.91127,1.89814,-0.223637
2453,1.91127,1.89814,-0.223637
2454,1.91127,1.89814,-0.223637
2455,1.91127,1.89814,-0.223637
2456,1.94512,1.93607,-0.187341
2457,1.94512,1.93607,-0.187341
2458,1.94512,1.93607,-0.187341
2459,1.94512,1.93607,-0.187341
2460,1.98214,1.9621,-0.281139
2461,1.98214,1.9621,-0.281139
2462,1.90618,1.89526,-0.203723
2463,1.90618,1.89526,-0.203723
2464,1.91418,1.90427,-0.194511
2465,1.87989,1.869,-0.202063
2466,1.90718,1.90078,-0.156158
2467,1.90718,1.90078,-0.156158
2468,1.96928,1.9575,-0.21506
2469,1.96928,1.9575,-0.21506
2470,1.96323,1.96249,-0.0540943
2471,1.96336,1.96043,-0.107374
2472,1.97717,1.96986,-0.169804
2473,1.97717,1.96986,-0.169804
2474,1.9406,1.9284,-0.217259
2475,1.962,1.93982,-0.294135
2476,1.97321,1.94115,-0.35426
2477,1.97321,1.94115,-0.35426
2478,1.89321,1.88938,-0.120435
2479,1.87876,1.87785,-0.0584682
2480,1.87876,1.87785,-0.0584682
2481,1.83978,1.83324,-0.15497
2482,1.86409,1.84276,-0.281197
2483,1.95982,1.9483,-0.212216
2484,1.95982,1.9483,-0.212216
2485,1.95982,1.9483,-0.212216
2486,2.0615,2.03474,-0.331083
2487,2.0615,2.03474,-0.331083
2488,2.03789,2.01029,-0.334275
2489,2.03789,2.01029,-0.334275
2490,2.00523,1.97229,-0.361996
2491,1.9571,1.90722,-0.439016
2492,2.02476,1.96307,-0.495985
2493,2.00694,1.98998,-0.260418
2494,2.00694,1.98998,-0.260418
2495,2.06821,2.0624,-0.154943
2496,2.07334,2.0724,-0.0624831
2497,2.07334,2.0724,-0.0624831
2498,1.99119,1.9911,-0.0185059
2499,1.9969,1.99684,0.0162435
2500,2.04125,2.03832,0.109316
2501,2.00457,1.99806,0.161356
2502,2.07123,2.06986,0.0752954
2503,2.06275,2.06271,0.0123185
2504,2.06275,2.06271,0.0123185
2505,2.01872,2.01611,0.102499
2506,1.96013,1.95958,0.0464431
2507,1.89243,1.89171,0.0520895
2508,1.89032,1.88611,0.12604
2509,1.89032,1.88611,0.12604
2510,1.89032,1.88611,0.12604
2511,1.92825,1.92474,0.116386
2512,1.87716,1.87684,-0.0347084
2513,1.87019,1.86254,-0.169057
2514,1.94924,1.94043,-0.185145
2515,2.00111,1.99473,-0.159741
2516,1.93048,1.92236,-0.176811
2517,1.93048,1.92236,-0.176811
2518,1.93048,1.92236,-0.176811
2519,1.93048,1.92236,-0.176811
2520,2.00186,1.99442,-0.172355
2521,2.0007,1.97578,-0.314804
2522,1.91214,1.88855,-0.2994
2523,1.92735,1.89394,-0.357347
2524,1.86399,1.83825,-0.308685
2525,1.79666,1.7925,-0.12226
2526,1.85418,1.85024,-0.120868
2527,1.85695,1.8509,-0.149732
2528,1.81993,1.80727,-0.214245
2529,1.81993,1.80727,-0.214245
2530,1.81993,1.80727,-0.214245
2531,1.76576,1.75127,-0.225735
2532,1.76576,1.75127,-0.225735
2533,1.79948,1.78336,-0.24032
2534,1.80011,1.77131,-0.320707
2535,1.80205,1.77818,-0.292374
2536,1.89844,1.86915,-0.33218
2537,1.77158,1.74794,-0.288466
2538,1.77158,1.74794,-0.288466
2539,1.76913,1.74416,-0.296145
2540,1.73412,1.71905,-0.228159
2541,1.73412,1.71905,-0.228159
2542,1.73412,1.71905,-0.228159
2543,1.77613,1.7456,-0.3279
2544,1.84786,1.82807,-0.2697
2545,1.78218,1.7675,-0.228305
2546,1.78218,1.7675,-0.228305
2547,1.7546,1.72752,-0.30705
2548,1.7576,1.73297,-0.293191
2549,1.83927,1.80943,-0.330016
2550,1.77787,1.76401,-0.221584
2551,1.77787,1.76401,-0.221584
2552,1.8192,1.8099,-0.1837
2553,1.8192,1.8099,-0.1837
2554,1.8192,1.8099,-0.1837
2555,1.8192,1.8099,-0.1837
2556,1.72666,1.71675,-0.184751
2557,1.81171,1.8034,-0.173374
2558,1.85018,1.84254,-0.168033
2559,1.85018,1.84254,-0.168033
2560,1.85764,1.84764,-0.192559
2561,1.93077,1.92596,-0.136226
2562,1.93077,1.92596,-0.136226
2563,1.88805,1.8875,0.045484
2564,1.82061,1.82034,0.031655
2565,1.89849,1.89744,0.0632569
2566,1.89849,1.89744,0.0632569
2567,1.8457,1.84516,-0.0446988
2568,1.80362,1.8005,-0.106101
2569,1.81683,1.8107,-0.14916
2570,1.84205,1.8419,-0.023164
2571,1.75034,1.74743,-0.100964
2572,1.75213,1.74838,-0.114707
2573,1.73086,1.72434,-0.150076
2574,1.62876,1.62875,-0.00657846
2575,1.75,1.74751,-0.093333
2576,1.75,1.74751,-0.093333
2577,1.75001,1.7495,-0.0422215
2578,1.75342,1.75236,0.0609323
2579,1.71477,1.71381,0.0573567
2580,1.7456,1.74412,-0.071804
2581,1.72856,1.71764,-0.194054
2582,1.72856,1.71764,-0.194054
2583,1.78841,1.7882,-0.0275515
2584,1.71557,1.71371,-0.0797815
2585,1.75885,1.7548,-0.119332
2586,1.75885,1.7548,-0.119332
2587,1.7421,1.7319,-0.18828
2588,1.74755,1.72376,-0.287351
2589,1.74755,1.72376,-0.287351
2590,1.81825,1.79688,-0.277985
2591,1.74405,1.724,-0.263694
2592,1.74405,1.724,-0.263694
2593,1.81667,1.78689,-0.327626
2594,1.85556,1.82369,-0.342466
2595,1.85556,1.82369,-0.342466
2596,1.83822,1.81474,-0.292911
2597,1.85569,1.82709,-0.324578
2598,1.72753,1.66465,-0.461859
2599,1.72753,1.66465,-0.461859
2600,1.79493,1.73784,-0.449093
2601,1.84365,1.78251,-0.470847
2602,1.83772,1.78422,-0.440159
2603,1.78357,1.72481,-0.454027
2604,1.79671,1.75461,-0.386675
2605,1.79562,1.77644,-0.261777
2606,1.80408,1.78175,-0.282948
2607,1.80408,1.78175,-0.282948
2608,1.79893,1.77543,-0.289876
2609,1.79893,1.77543,-0.289876
2610,1.75803,1.7453,-0.211182
2611,1.76293,1.73994,-0.283794
2612,1.76293,1.73994,-0.283794
2613,1.89604,1.85133,-0.409367
2614,1.80099,1.78495,-0.239856
2615,1.80099,1.78495,-0.239856
2616,1.88129,1.86343,-0.258625
2617,1.88129,1.86343,-0.258625
2618,1.89528,1.88318,-0.213825
2619,1.82335,1.79672,-0.310466
2620,1.82335,1.79672,-0.310466
2621,1.82335,1.79672,-0.310466
2622,1.81383,1.78996,-0.293274
2623,1.74633,1.72834,-0.250059
2624,1.73271,1.72194,-0.192874
2625,1.73271,1.72194,-0.192874
2626,1.6751,1.66488,-0.184771
2627,1.6751,1.66488,-0.184771
2628,1.70093,1.69788,-0.101936
2629,1.8198,1.81105,-0.178259
2630,1.77412,1.76225,-0.204885
2631,1.77412,1.76225,-0.204885
2632,1.77412,1.76225,-0.204885
2633,1.77412,1.76225,-0.204885
2634,1.75566,1.7308,-0.29439
2635,1.87066,1.85424,-0.247341
2636,1.87066,1.85424,-0.247341
2637,1.88827,1.88431,-0.122161
2638,1.87335,1.86734,-0.150026
2639,1.83027,1.82481,-0.141211
2640,1.85064,1.8464,-0.125171
2641,1.89109,1.88509,-0.150578
2642,1.89109,1.88509,-0.150578
2643,1.89109,1.88509,-0.150578
2644,1.90857,1.89794,-0.201141
2645,1.90857,1.89794,-0.201141
2646,1.90754,1.89639,-0.205983
2647,1.90394,1.89249,-0.208481
2648,1.90166,1.89499,-0.159222
2649,1.90166,1.89499,-0.159222
2650,1.7794,1.77743,-0.083794
2651,1.7794,1.77743,-0.083794
2652,1.7794,1.77743,-0.083794
2653,1.8251,1.82126,-0.118271
2654,1.8251,1.82126,-0.118271
2655,1.8251,1.82126,-0.118271
2656,1.8251,1.82126,-0.118271
2657,1.8251,1.82126,-0.118271
2658,1.85538,1.84759,-0.169825
2659,1.85538,1.84759,-0.169825
2660,1.85538,1.84759,-0.169825
2661,1.95245,1.94696,-0.146245
2662,1.95245,1.94696,-0.146245
2663,1.87248,1.87213,-0.0362475
2664,1.81993,1.8189,-0.0612206
2665,1.92773,1.92139,-0.156298
2666,1.92233,1.91579,-0.158463
2667,1.91869,1.91508,-0.117727
2668,1.95005,1.94369,-0.157378
2669,1.96342,1.95636,-0.166365
2670,1.98805,1.98566,-0.0974799
2671,2.0131,2.01279,-0.0355997
2672,2.0131,2.01279,-0.0355997
2673,2.0131,2.01279,-0.0355997
2674,1.91181,1.91151,-0.0338996
2675,1.87107,1.87104,-0.0105576
2676,2.04039,2.04005,-0.0371133
2677,2.04039,2.04005,-0.0371133
2678,2.05093,2.04677,-0.130444
2679,2.05093,2.04677,-0.130444
2680,2.05093,2.04677,-0.130444
2681,1.99309,1.98841,-0.136489
2682,1.99309,1.98841,-0.136489
2683,2.02651,2.02565,0.0589326
2684,2.04573,2.04431,-0.0762702
2685,1.99846,1.99838,-0.0186586
2686,2.08978,2.08953,-0.0329021
2687,2.02741,2.02731,-0.0198131
2688,2.01024,2.00999,-0.032095
2689,2.01024,2.00999,-0.032095
2690,2.00735,2.00449,0.107214
2691,2.03752,2.02942,0.181396
2692,2.16462,2.15738,0.176957
2693,2.11685,2.11656,-0.0351607
2694,2.15868,2.15575,0.112446
2695,2.15868,2.15575,0.112446
2696,2.06428,2.06066,0.122236
2697,2.06428,2.06066,0.122236
2698,2.13291,2.11321,0.289195
2699,2.13291,2.11321,0.289195
2700,2.13291,2.11321,0.289195
2701,2.0322,2.01886,0.232416
2702,2.0322,2.01886,0.232416
2703,1.85356,1.8276,0.309151
2704,1.8156,1.78579,0.327669
2705,1.84322,1.82454,0.261785
2706,1.8561,1.85217,0.120652
2707,1.88964,1.88964,-0.00251475
2708,1.96672,1.9667,0.00828924
2709,1.89007,1.89005,-0.00938041
2710,1.89007,1.89005,-0.00938041
2711,1.89007,1.89005,-0.00938041
2712,1.89007,1.89005,-0.00938041
2713,1.89829,1.89237,0.149778
2714,1.78405,1.78184,0.0889086
2715,1.78441,1.78405,-0.0357801
2716,1.83785,1.82721,0.197417
2717,1.83785,1.82721,0.197417
2718,1.87394,1.86961,0.12732
2719,1.90126,1.89709,0.125901
2720,1.90885,1.90548,0.113474
2721,1.88382,1.88106,0.101823
2722,1.88352,1.8815,0.0871668
2723,1.88352,1.8815,0.0871668
2724,1.88352,1.8815,0.0871668
2725,1.88352,1.8815,0.0871668
2726,1.94894,1.93125,0.262019
2727,1.92083,1.91394,0.162536
2728,1.94093,1.93131,0.192988
2729,1.91317,1.8885,0.306241
2730,1.91317,1.8885,0.306241
2731,1.98531,1.94976,0.374018
2732,1.98531,1.94976,0.374018
2733,1.95867,1.9178,0.398056
2734,1.92749,1.90341,0.303694
2735,1.92749,1.90341,0.303694
2736,1.87372,1.85311,0.27711
2737,1.86988,1.84823,0.283724
2738,1.88795,1.87052,0.255883
2739,1.88795,1.87052,0.255883
2740,1.88795,1.87052,0.255883
2741,1.88795,1.87052,0.255883
2742,1.88188,1.87445,0.167038
2743,1.88188,1.87445,0.167038
2744,1.88188,1.87445,0.167038
2745,1.86213,1.8498,0.213905
2746,1.8445,1.83207,0.213755
2747,1.8445,1.83207,0.213755
2748,1.85634,1.84432,0.210855
2749,1.85634,1.84432,0.210855
2750,1.85634,1.84432,0.210855
2751,1.89942,1.8977,0.0807072
2752,1.89942,1.8977,0.0807072
2753,1.89942,1.8977,0.0807072
2754,1.87249,1.87215,0.03568
2755,1.83599,1.83599,0.00117956
2756,1.86184,1.86128,0.0457715
2757,1.86184,1.86128,0.0457715
2758,1.84329,1.84268,0.0477101
2759,1.88372,1.87963,0.124155
2760,1.92138,1.91419,0.166098
2761,1.94171,1.92946,0.217707
2762,1.88979,1.87201,0.25861
2763,1.88979,1.87201,0.25861
2764,1.95339,1.92186,0.349545
2765,1.99002,1.96939,0.285832
2766,1.99002,1.96939,0.285832
2767,1.93825,1.91194,0.318273
2768,2.08024,2.06999,0.206319
2769,2.02945,2.02285,0.163532
2770,2.02945,2.02285,0.163532
2771,2.05145,2.04314,0.184519
2772,2.10893,2.1,0.193879
2773,2.04681,2.0134,0.368319
2774,1.98459,1.95459,0.343775
2775,2.0532,2.03487,0.273736
2776,2.11125,2.10383,0.176899
2777,2.12392,2.11836,0.1536
2778,2.0938,2.08493,0.192592
2779,2.0938,2.08493,0.192592
2780,1.99658,1.99265,0.125199
2781,1.99105,1.9802,0.2076
2782,2.00232,1.97279,0.342639
2783,2.00232,1.97279,0.342639
2784,2.09997,2.08349,0.262606
2785,2.09997,2.08349,0.262606
2786,2.09997,2.08349,0.262606
2787,2.00878,1.99713,0.216034
2788,2.03991,2.03285,0.169525
2789,2.03545,2.02825,0.171042
2790,2.0058,2.00216,0.120753
2791,2.0058,2.00216,0.120753
2792,2.12797,2.127,0.0641756
2793,2.12797,2.127,0.0641756
2794,2.09798,2.09258,0.150431
2795,2.09798,2.09258,0.150431
2796,2.06369,2.06295,0.0552866
2797,2.06369,2.06295,0.0552866
2798,2.13523,2.13366,-0.0817762
2799,2.13523,2.13366,-0.0817762
2800,2.13523,2.13366,-0.0817762
2801,2.13523,2.13366,-0.0817762
2802,2.23928,2.22479,-0.254373
2803,2.23928,2.22479,-0.254373
2804,2.11453,2.09547,-0.28325
2805,2.14281,2.09659,-0.442673
2806,2.14281,2.09659,-0.442673
2807,2.11351,2.06755,-0.438374
2808,2.11351,2.06755,-0.438374
2809,2.03765,2.00546,-0.360749
2810,1.9704,1.95132,-0.273515
2811,1.9704,1.95132,-0.273515
2812,1.99188,1.98376,-0.179669
2813,2.02592,2.02133,-0.136445
2814,1.95941,1.92681,-0.35592
2815,1.95839,1.93496,-0.302019
2816,1.87291,1.86565,-0.164741
2817,1.87291,1.86565,-0.164741
2818,1.91187,1.90017,-0.21112
2819,1.79373,1.79069,-0.104413
2820,1.78393,1.77941,-0.126867
2821,1.80535,1.80347,-0.0823637
2822,1.83384,1.83327,-0.0453201
2823,1.92521,1.92179,-0.114816
2824,1.92521,1.92179,-0.114816
2825,1.92521,1.92179,-0.114816
2826,1.92521,1.92179,-0.114816
2827,2.07735,2.06976,-0.177346
2828,2.07735,2.06976,-0.177346
2829,2.10777,2.10045,-0.175504
2830,2.16476,2.1628,-0.092055
2831,2.08341,2.07546,-0.181854
2832,2.08341,2.07546,-0.181854
2833,2.07968,2.07826,-0.0766776
2834,2.02223,2.01844,-0.123866
2835,2.02223,2.01844,-0.123866
2836,2.02223,2.01844,-0.123866
2837,2.02223,2.01844,-0.123866
2838,1.92926,1.92831,-0.060455
2839,1.95191,1.94617,-0.149489
2840,1.95191,1.94617,-0.149489
2841,1.95191,1.94617,-0.149489
2842,1.95093,1.9374,-0.229349
2843,2.09323,2.08214,-0.21525
2844,2.01504,2.00105,-0.23706
2845,2.01504,2.00105,-0.23706
2846,2.06916,2.05519,-0.240049
2847,1.99366,1.97011,-0.305511
2848,1.99366,1.97011,-0.305511
2849,2.07,2.02177,-0.444206
2850,2.07,2.02177,-0.444206
2851,2.10863,2.05064,-0.491129
2852,2.11028,2.02657,-0.588451
2853,2.08545,2.01171,-0.549656
2854,2.06027,1.99366,-0.51965
2855,1.96944,1.89071,-0.551273
2856,1.96944,1.89071,-0.551273
2857,1.96944,1.89071,-0.551273
2858,1.96944,1.89071,-0.551273
2859,1.85866,1.80336,-0.450021
2860,2.00664,1.9499,-0.473801
2861,1.92781,1.87185,-0.461115
2862,1.8973,1.84215,-0.454145
2863,1.8973,1.84215,-0.454145
2864,1.78283,1.74106,-0.383659
2865,1.84746,1.80022,-0.415095
2866,1.84746,1.80022,-0.415095
2867,1.84218,1.78819,-0.442754
2868,1.84218,1.78819,-0.442754
2869,1.8686,1.7957,-0.516861
2870,1.96105,1.89484,-0.505294
2871,1.95843,1.88115,-0.54474
2872,1.95843,1.88115,-0.54474
2873,1.94285,1.86711,-0.537165
2874,1.99837,1.91686,-0.564901
2875,2.00439,1.92061,-0.573445
2876,2.00439,1.92061,-0.573445
2877,2.00834,1.91976,-0.589854
2878,2.02699,1.88767,-0.738506
2879,2.02699,1.88767,-0.738506
2880,2.02699,1.88767,-0.738506
2881,2.02699,1.88767,-0.738506
2882,2.02699,1.88767,-0.738506
2883,2.02037,1.91003,-0.658567
2884,2.07139,1.9542,-0.686852
2885,2.12944,2.01411,-0.691264
2886,2.21803,2.11801,-0.658529
2887,2.21803,2.11801,-0.658529
2888,2.24726,2.15581,-0.634534
2889,2.21486,2.14151,-0.565279
2890,2.16896,2.11174,-0.494911
2891,2.25551,2.20699,-0.465321
2892,2.4199,2.3877,-0.393455
2893,2.36347,2.33217,-0.383341
2894,2.4617,2.44396,-0.294986
2895,2.38688,2.37889,-0.195156
2896,2.31271,2.30333,-0.208148
2897,2.31271,2.30333,-0.208148
2898,2.33879,2.32755,-0.229
2899,2.33879,2.32755,-0.229
2900,2.39318,2.39283,-0.0410489
2901,2.42194,2.42114,0.0622241
2902,2.4763,2.4741,-0.104433
2903,2.45504,2.45503,0.00747985
2904,2.34384,2.34381,-0.0109428
2905,2.29626,2.29585,0.0432379
2906,2.26386,2.26191,0.0939003
2907,2.2725,2.27,0.106464
2908,2.18043,2.17895,0.0803026
2909,2.18043,2.17895,0.0803026
2910,2.26684,2.25798,0.20024
2911,2.22989,2.22756,0.101955
2912,2.22989,2.22756,0.101955
2913,2.2655,2.26501,-0.0469771
2914,2.33725,2.33044,-0.178368
2915,2.33725,2.33044,-0.178368
2916,2.37731,2.37476,-0.110096
2917,2.37731,2.37476,-0.110096
2918,2.47314,2.45594,-0.291204
2919,2.42677,2.41731,-0.214017
2920,2.33229,2.32914,-0.121311
2921,2.33229,2.32914,-0.121311
2922,2.30859,2.30125,-0.183939
2923,2.38559,2.36908,-0.28026
2924,2.38281,2.37011,-0.245704
2925,2.38281,2.37011,-0.245704
2926,2.38281,2.37011,-0.245704
2927,2.28542,2.2664,-0.294264
2928,2.32114,2.30076,-0.306875
2929,2.29465,2.28464,-0.214144
2930,2.29465,2.28464,-0.214144
2931,2.29465,2.28464,-0.214144
2932,2.29318,2.26915,-0.33109
2933,2.29318,2.26915,-0.33109
2934,2.34927,2.31899,-0.375986
2935,2.35135,2.34639,-0.152621
2936,2.2541,2.25205,-0.0960358
2937,2.2541,2.25205,-0.0960358
2938,2.2541,2.25205,-0.0960358
2939,2.2541,2.25205,-0.0960358
2940,2.11896,2.11627,-0.10671
2941,2.17967,2.17707,-0.106264
2942,2.1416,2.14049,-0.0690092
2943,2.16078,2.15026,-0.212889
2944,2.26787,2.264,-0.132381
2945,2.22871,2.22759,0.0706176
2946,2.19228,2.18498,0.17881
2947,2.0788,2.07494,0.126608
2948,2.0788,2.07494,0.126608
2949,2.03804,2.03014,0.179265
2950,2.03492,2.03472,0.0284636
2951,1.98851,1.98824,0.033188
2952,2.07541,2.0748,0.0505001
2953,2.0187,2.0187,0.00383385
2954,1.97359,1.97035,0.113086
2955,2.02412,2.0169,0.170819
2956,2.11989,2.11135,0.1901
2957,2.08323,2.08126,0.0904939
2958,2.00071,1.9852,0.248644
2959,2.00071,1.9852,0.248644
2960,2.04329,2.02129,0.299051
2961,1.93533,1.91207,0.299149
2962,1.93533,1.91207,0.299149
2963,1.91833,1.87934,0.384819
2964,1.96466,1.92657,0.384979
2965,1.96466,1.92657,0.384979
2966,1.98618,1.97614,0.199513
2967,2.13379,2.12363,0.20799
2968,2.21618,2.20624,0.209707
2969,2.25866,2.20301,0.49828
2970,2.21852,2.13848,0.590565
2971,2.00229,1.89174,0.656129
2972,2.00229,1.89174,0.656129
2973,2.02296,1.87711,0.754188
2974,1.98623,1.85038,0.721966
2975,1.98623,1.85038,0.721966
2976,1.98623,1.85038,0.721966
2977,2.02077,1.88977,0.715731
2978,1.91784,1.79071,0.686623
2979,1.99962,1.86049,0.73286
2980,1.85901,1.75733,0.606407
2981,1.9072,1.81723,0.578875
2982,1.83817,1.76136,0.525789
2983,1.83817,1.76136,0.525789
2984,1.7745,1.70976,0.474949
2985,1.86254,1.79625,0.492499
2986,1.79086,1.7361,0.439489
2987,1.79086,1.7361,0.439489
2988,1.81259,1.73851,0.512889
2989,1.81259,1.73851,0.512889
2990,1.76639,1.69054,0.512073
2991,1.76639,1.69054,0.512073
2992,1.76178,1.71481,0.404093
2993,1.83139,1.76859,0.475471
2994,1.7625,1.67797,0.539269
2995,1.7625,1.67797,0.539269
2996,1.66645,1.59811,0.472314
2997,1.67254,1.57379,0.566204
2998,1.60449,1.46412,0.656286
2999,1.60474,1.49771,0.576246
3000,1.60474,1.49771,0.576246
3001,1.64648,1.51965,0.633698
3002,1.64648,1.51965,0.633698
3003,1.57485,1.43467,0.649499
3004,1.5488,1.43495,0.58283
3005,1.64161,1.52849,0.59885
3006,1.662,1.52445,0.662037
3007,1.662,1.52445,0.662037
3008,1.58471,1.47714,0.573919
3009,1.65609,1.58149,0.491461
3010,1.65609,1.58149,0.491461
3011,1.59367,1.54134,0.405043
3012,1.59367,1.54134,0.405043
3013,1.59367,1.54134,0.405043
3014,1.61714,1.58058,0.341923
3015,1.61714,1.58058,0.341923
3016,1.63531,1.60515,0.312597
3017,1.56731,1.52809,0.348448
3018,1.56731,1.52809,0.348448
3019,1.56917,1.54114,0.295269
3020,1.56917,1.54114,0.295269
3021,1.67444,1.64754,0.298967
3022,1.67444,1.64754,0.298967
3023,1.68689,1.66088,0.295119
3024,1.68689,1.66088,0.295119
3025,1.82251,1.8019,0.273314
3026,1.83485,1.82089,0.225928
3027,1.80862,1.79354,0.233107
3028,1.925,1.91031,0.237363
3029,1.925,1.91031,0.237363
3030,1.95882,1.94545,0.228495
3031,1.96731,1.95256,0.240449
3032,2.01059,1.97,0.401961
3033,2.00075,1.94998,0.447902
3034,2.00075,1.94998,0.447902
3035,2.10367,2.03814,0.52097
3036,2.10367,2.03814,0.52097
3037,2.13253,2.05265,0.578199
3038,2.11038,2.06354,0.442157
3039,2.11038,2.06354,0.442157
3040,2.08146,2.04305,0.398001
3041,2.07097,2.05429,0.26231
3042,2.07097,2.05429,0.26231
3043,2.11653,2.09727,0.284876
3044,2.13381,2.10968,0.320022
3045,2.15263,2.09331,0.501853
3046,2.15263,2.09331,0.501853
3047,2.20712,2.12445,0.598395
3048,2.23976,2.16326,0.580351
3049,2.23976,2.16326,0.580351
3050,2.28906,2.1958,0.646715
3051,2.29402,2.19501,0.666669
3052,2.29402,2.19501,0.666669
3053,2.28674,2.12202,0.852164
3054,2.25454,2.07941,0.871202
3055,2.12769,2.02517,0.652485
3056,2.12334,2.02535,0.637584
3057,2.07168,1.9511,0.696479
3058,2.11836,1.98231,0.746929
3059,2.13142,1.98465,0.77724
3060,2.05233,1.90086,0.773804
3061,2.09348,1.98812,0.655746
3062,2.09348,1.98812,0.655746
3063,2.09348,1.98812,0.655746
3064,2.06639,1.99148,0.551355
3065,1.97605,1.89025,0.575955
3066,1.95719,1.88161,0.538619
3067,1.95719,1.88161,0.538619
3068,2.0299,1.94796,0.570911
3069,1.9931,1.90309,0.592219
3070,2.01408,1.91544,0.62259
3071,2.012,1.94681,0.508014
3072,2.012,1.94681,0.508014
3073,1.92472,1.87437,0.437359
3074,1.91395,1.86462,0.431716
3075,1.97936,1.914,0.504437
3076,2.00017,1.92348,0.548556
3077,1.89149,1.8122,0.541916
3078,1.78203,1.71018,0.500938
3079,1.90482,1.83919,0.495708
3080,1.90482,1.83919,0.495708
3081,1.9117,1.83993,0.518919
3082,1.8439,1.80672,0.368368
3083,1.8882,1.86485,0.296048
3084,1.8882,1.86485,0.296048
3085,1.85811,1.83333,0.30248
3086,1.85811,1.83333,0.30248
3087,1.7872,1.77696,0.191026
3088,1.76339,1.75657,0.154914
3089,1.76339,1.75657,0.154914
3090,1.8396,1.8279,0.207126
3091,1.95358,1.94014,0.228769
3092,1.95358,1.94014,0.228769
3093,1.98798,1.97582,0.219471
3094,1.80052,1.79961,0.0571142
3095,1.89878,1.89375,0.138064
3096,1.89878,1.89375,0.138064
3097,1.85547,1.85135,0.123526
3098,1.79053,1.79024,0.0320923
3099,1.7924,1.7921,-0.0325689
3100,1.88678,1.88641,0.0373886
3101,1.90668,1.90667,0.00236522
3102,1.91287,1.91223,-0.0497665
3103,1.91287,1.91223,-0.0497665
3104,2.00984,2.00968,-0.0257481
3105,2.00984,2.00968,-0.0257481
3106,1.98498,1.98496,-0.0093747
3107,2.02009,2.01725,-0.106987
3108,2.01041,2.0082,-0.0943066
3109,1.97729,1.97446,-0.105683
3110,1.97729,1.97446,-0.105683
3111,2.02567,2.02566,-0.00554335
3112,2.02567,2.02566,-0.00554335
3113,1.96729,1.96713,-0.0252388
3114,1.98508,1.98325,-0.085103
3115,2.02991,2.02274,-0.170516
3116,2.02991,2.02274,-0.170516
3117,2.02991,2.02274,-0.170516
3118,2.02991,2.02274,-0.170516
3119,1.93848,1.93552,-0.107055
3120,1.93848,1.93552,-0.107055
3121,1.94524,1.94249,-0.103445
3122,1.90542,1.90301,-0.0956549
3123,1.90542,1.90301,-0.0956549
3124,1.93721,1.9274,-0.194713
3125,1.97597,1.96924,-0.163014
3126,1.93011,1.91407,-0.248273
3127,1.93011,1.91407,-0.248273
3128,2.00642,1.99914,-0.170835
3129,2.00642,1.99914,-0.170835
3130,2.04061,2.03403,-0.16376
3131,1.98002,1.9673,-0.224094
3132,1.89851,1.88824,-0.197206
3133,1.87529,1.87088,-0.128671
3134,1.87529,1.87088,-0.128671
3135,1.83832,1.83751,-0.054589
3136,1.94838,1.94836,-0.00829497
3137,1.91601,1.91601,0.000188154
3138,1.91601,1.91601,0.000188154
3139,1.94888,1.94826,-0.0492336
3140,1.96536,1.95604,0.191149
3141,1.93171,1.9205,0.207844
3142,1.93171,1.9205,0.207844
3143,1.93171,1.9205,0.207844
3144,1.9615,1.95647,0.140345
3145,1.9615,1.95647,0.140345
3146,1.99086,1.9868,0.127103
3147,1.99086,1.9868,0.127103
3148,1.92891,1.92544,0.115672
3149,1.88386,1.87309,0.201144
3150,1.88386,1.87309,0.201144
3151,1.88386,1.87309,0.201144
3152,1.9125,1.89334,0.270026
3153,1.94535,1.9372,0.177879
3154,1.92337,1.91898,0.129935
3155,1.92337,1.91898,0.129935
3156,1.96636,1.95831,0.17768
3157,1.96512,1.95284,0.219401
3158,1.96512,1.95284,0.219401
3159,1.96512,1.95284,0.219401
3160,1.95351,1.9369,0.254234
3161,1.93197,1.89177,0.39202
3162,1.93197,1.89177,0.39202
3163,1.93197,1.89177,0.39202
3164,1.92401,1.90421,0.275285
3165,1.92401,1.90421,0.275285
3166,1.92401,1.90421,0.275285
3167,1.91948,1.91231,0.165776
3168,1.91948,1.91231,0.165776
3169,1.91948,1.91231,0.165776
3170,1.97644,1.9644,0.217869
3171,1.92593,1.91701,0.185104
3172,1.92593,1.91701,0.185104
3173,2.03723,2.01693,0.286891
3174,2.0611,2.04424,0.263119
3175,2.01964,2.00177,0.268011
3176,2.00565,1.98519,0.285757
3177,2.17015,2.13034,0.413799
3178,1.98437,1.88971,0.605551
3179,1.95125,1.86078,0.587276
3180,2.04255,1.93675,0.648855
3181,1.98231,1.87056,0.656173
3182,1.99215,1.87882,0.662342
3183,1.97434,1.88964,0.572091
3184,1.97434,1.88964,0.572091
3185,1.87756,1.7755,0.610591
3186,1.93765,1.82835,0.641593
3187,1.95291,1.86636,0.574946
3188,1.91735,1.83363,0.560415
3189,1.95078,1.88847,0.48907
3190,1.8822,1.81622,0.493979
3191,1.87124,1.74305,0.680682
3192,1.8341,1.74384,0.568281
3193,1.8341,1.74384,0.568281
3194,1.8341,1.74384,0.568281
3195,1.82745,1.73209,0.582632
3196,1.87547,1.75869,0.651464
3197,1.9578,1.86489,0.595956
3198,1.9578,1.86489,0.595956
3199,1.9578,1.86489,0.595956
3200,1.91494,1.82298,0.586318
3201,1.91494,1.82298,0.586318
3202,1.93911,1.85789,0.55533
3203,1.91766,1.803,0.653164
3204,1.88122,1.71864,0.765039
3205,1.88122,1.71864,0.765039
3206,1.86683,1.74971,0.65081
3207,1.86683,1.74971,0.65081
3208,1.94629,1.77221,0.804555
3209,1.98308,1.84232,0.733786
3210,1.9754,1.867,0.645388
3211,1.9754,1.867,0.645388
3212,1.90235,1.77608,0.68153
3213,1.95789,1.86227,0.604386
3214,1.89345,1.81664,0.533833
3215,1.90537,1.8236,0.552206
3216,1.90537,1.8236,0.552206
3217,1.86803,1.75801,0.631604
3218,1.86803,1.75801,0.631604
3219,1.95537,1.85624,0.614704
3220,1.95537,1.85624,0.614704
3221,1.95537,1.85624,0.614704
3222,1.9462,1.84109,0.630935
3223,1.88651,1.77018,0.652236
3224,1.88651,1.77018,0.652236
3225,1.94333,1.88157,0.485996
3226,1.94333,1.88157,0.485996
3227,1.91701,1.83543,0.553291
3228,1.77918,1.694,0.543914
3229,1.77918,1.694,0.543914
3230,1.77918,1.694,0.543914
3231,1.77918,1.694,0.543914
3232,1.86798,1.79254,0.525494
3233,1.89706,1.84304,0.449509
3234,1.92627,1.87384,0.446367
3235,1.88096,1.79344,0.567096
3236,2.00405,1.91551,0.589085
3237,1.93393,1.87765,0.463164
3238,1.92548,1.87827,0.423735
3239,1.96486,1.92689,0.384439
3240,1.94722,1.89773,0.436239
3241,2.00579,1.94124,0.504781
3242,2.00579,1.94124,0.504781
3243,2.04138,1.99709,0.42293
3244,1.98403,1.94306,0.401125
3245,2.04332,1.9825,0.494843
3246,1.95026,1.93056,0.276464
3247,1.92972,1.92245,0.167334
3248,1.98263,1.97738,0.14428
3249,1.94689,1.94689,0.00237006
3250,2.01482,1.99838,0.256924
3251,2.01482,1.99838,0.256924
3252,2.02879,2.00274,0.324116
3253,1.9895,1.95726,0.356683
3254,2.03883,2.0251,0.236255
3255,2.00235,1.99436,0.178649
3256,1.88574,1.88508,0.0502466
3257,1.89109,1.88696,0.124914
3258,1.92196,1.91958,-0.095816
3259,1.92196,1.91958,-0.095816
3260,1.89719,1.8959,-0.0699391
3261,1.92515,1.92485,-0.0337076
3262,2.03553,2.0331,-0.0993327
3263,1.93991,1.93984,0.0171099
3264,1.96557,1.96516,-0.0400726
3265,1.96506,1.965,0.0152251
3266,1.96506,1.965,0.0152251
3267,1.94581,1.94526,-0.0461619
3268,1.89435,1.89427,0.0166875
3269,1.91633,1.9157,-0.0490035
3270,2.06216,2.06205,0.0210286
3271,2.06216,2.06205,0.0210286
3272,2.00008,1.99758,0.100024
3273,2.02516,2.02021,0.141412
3274,1.97506,1.96056,0.238904
3275,1.90356,1.8858,0.259415
3276,1.89656,1.88815,0.178401
3277,1.89656,1.88815,0.178401
3278,1.88931,1.86817,0.281826
3279,1.88931,1.86817,0.281826
3280,1.89856,1.86072,0.377155
3281,1.9789,1.9496,0.339246
3282,1.9789,1.9496,0.339246
3283,1.88059,1.8579,0.29122
3284,1.88059,1.8579,0.29122
3285,1.88059,1.8579,0.29122
3286,2.00258,1.9781,0.312145
3287,2.00258,1.9781,0.312145
3288,2.03743,2.03464,0.106628
3289,2.04582,2.04137,0.134786
3290,2.01843,2.01634,0.0919335
3291,1.99434,1.98794,0.159685
3292,1.92659,1.91674,0.194631
3293,1.92659,1.91674,0.194631
3294,2.01815,2.01636,0.0848714
3295,2.01815,2.01636,0.0848714
3296,1.93426,1.92925,0.13911
3297,1.93426,1.92925,0.13911
3298,1.93426,1.92925,0.13911
3299,1.92011,1.90524,0.238499
3300,1.86455,1.85319,0.205509
3301,1.81412,1.81349,0.0479924
3302,1.80899,1.80831,0.049333
3303,1.80526,1.80525,-0.00493223
3304,1.80526,1.80525,-0.00493223
3305,1.80526,1.80525,-0.00493223
3306,1.80526,1.80525,-0.00493223
3307,1.84011,1.8297,-0.19548
3308,1.84011,1.8297,-0.19548
3309,1.79175,1.78926,-0.0944067
3310,1.68235,1.67779,-0.123857
3311,1.68235,1.67779,-0.123857
3312,1.69882,1.69426,-0.124312
3313,1.73754,1.7292,-0.17
3314,1.70541,1.68414,-0.268499
3315,1.70541,1.68414,-0.268499
3316,1.76955,1.75606,-0.218081
3317,1.76955,1.75606,-0.218081
3318,1.68093,1.63271,-0.399732
3319,1.68093,1.63271,-0.399732
3320,1.66047,1.61603,-0.38159
3321,1.66047,1.61603,-0.38159
3322,1.6602,1.63281,-0.30032
3323,1.77739,1.74676,-0.328537
3324,1.77739,1.74676,-0.328537
3325,1.77739,1.74676,-0.328537
3326,1.77739,1.74676,-0.328537
3327,1.77739,1.74676,-0.328537
3328,1.82993,1.80906,-0.275546
3329,1.81984,1.80793,-0.207888
3330,1.75292,1.75079,-0.086517
3331,1.73672,1.73064,-0.14526
3332,1.73672,1.73064,-0.14526
3333,1.74979,1.7452,-0.126622
3334,1.74979,1.7452,-0.126622
3335,1.68298,1.67905,-0.114901
3336,1.61096,1.60915,-0.0762794
3337,1.61096,1.60915,-0.0762794
3338,1.61096,1.60915,-0.0762794
3339,1.61096,1.60915,-0.0762794
3340,1.63506,1.63492,-0.0210802
3341,1.65029,1.65029,-0.00488971
3342,1.63349,1.63271,-0.0505074
3343,1.63349,1.63271,-0.0505074
3344,1.71172,1.7116,0.02026
3345,1.71172,1.7116,0.02026
3346,1.73457,1.73135,-0.105616
3347,1.73457,1.73135,-0.105616
3348,1.66293,1.66104,-0.0793821
3349,1.72129,1.7212,0.0176399
3350,1.72238,1.70815,0.220945
3351,1.83956,1.82986,0.188667
3352,1.77001,1.76979,-0.0283296
3353,1.76924,1.7683,-0.0577614
3354,1.8018,1.80129,0.04307
3355,1.79287,1.79282,0.0126211
3356,1.68689,1.68629,0.0452518
3357,1.68689,1.68629,0.0452518
3358,1.77905,1.77771,-0.0689726
3359,1.83858,1.8368,-0.0808296
3360,1.79187,1.79107,-0.0533612
3361,1.82657,1.82632,-0.0296804
3362,1.90805,1.90803,0.0101115
3363,2.00302,2.00128,-0.0836606
3364,1.97786,1.97771,-0.0243214
3365,2.04244,2.03451,-0.179814
3366,2.04244,2.03451,-0.179814
3367,1.91098,1.90605,-0.137169
3368,2.01137,1.99294,-0.271707
3369,1.94035,1.93063,-0.194013
3370,1.94035,1.93063,-0.194013
3371,1.95689,1.953,-0.123304
3372,2.03532,2.0258,-0.196585
3373,2.04561,2.03005,-0.251796
3374,2.00742,1.99196,-0.248608
3375,2.09465,2.07731,-0.268969
3376,2.09465,2.07731,-0.268969
3377,2.09465,2.07731,-0.268969
3378,1.99792,1.97766,-0.283815
3379,1.99792,1.97766,-0.283815
3380,1.99792,1.97766,-0.283815
3381,1.95069,1.93518,-0.245578
3382,1.85713,1.84515,-0.210594
3383,1.94412,1.91089,-0.357925
3384,1.97311,1.93751,-0.373106
3385,1.91869,1.89785,-0.282025
3386,1.91869,1.89785,-0.282025
3387,1.88161,1.88099,-0.0482934
3388,1.86628,1.86492,-0.070977
3389,1.86628,1.86492,-0.070977
3390,1.8054,1.80381,-0.0757653
3391,1.8054,1.80381,-0.0757653
3392,1.80743,1.80327,-0.122552
3393,1.80759,1.80199,-0.142269
3394,1.855,1.84248,-0.215216
3395,1.855,1.84248,-0.215216
3396,1.86939,1.85061,-0.2643
3397,1.86939,1.85061,-0.2643
3398,1.86939,1.85061,-0.2643
3399,1.88744,1.86837,-0.267607
3400,1.88744,1.86837,-0.267607
3401,1.88744,1.86837,-0.267607
3402,1.88744,1.86837,-0.267607
3403,1.86513,1.82806,-0.369984
3404,1.86513,1.82806,-0.369984
3405,1.86513,1.82806,-0.369984
3406,1.7897,1.77621,-0.219346
3407,1.7897,1.77621,-0.219346
3408,1.8373,1.81639,-0.276448
3409,1.83903,1.80389,-0.357818
3410,1.82991,1.7921,-0.370073
3411,1.81649,1.75911,-0.452948
3412,1.81649,1.75911,-0.452948
3413,1.81649,1.75911,-0.452948
3414,1.83436,1.77259,-0.472031
3415,1.82814,1.78219,-0.407306
3416,1.83245,1.78216,-0.426355
3417,1.82679,1.74904,-0.527269
3418,1.82679,1.74904,-0.527269
3419,1.8519,1.74865,-0.609706
3420,1.93287,1.81822,-0.655779
3421,1.95356,1.77065,-0.825335
3422,1.93098,1.78685,-0.732009
3423,1.89295,1.74486,-0.733984
3424,1.89295,1.74486,-0.733984
3425,1.96904,1.83099,-0.724289
3426,1.96904,1.83099,-0.724289
3427,1.96904,1.83099,-0.724289
3428,2.01106,1.76487,-0.964146
3429,2.02695,1.76304,-1.00012
3430,2.01188,1.75134,-0.990191
3431,1.98989,1.74015,-0.965158
3432,1.90057,1.65941,-0.926559
3433,1.98276,1.81113,-0.806949
3434,1.93143,1.77906,-0.751892
3435,1.91797,1.78345,-0.705634
3436,1.8984,1.75291,-0.728841
3437,1.85322,1.70629,-0.723181
3438,1.80995,1.66705,-0.704874
3439,1.80995,1.66705,-0.704874
3440,1.83862,1.69006,-0.724015
3441,1.83862,1.69006,-0.724015
3442,1.83862,1.69006,-0.724015
3443,1.83862,1.69006,-0.724015
3444,1.83079,1.71408,-0.643229
3445,1.84252,1.72275,-0.653459
3446,1.84252,1.72275,-0.653459
3447,1.86348,1.71256,-0.734631
3448,1.88382,1.72241,-0.762945
3449,1.97469,1.80309,-0.805144
3450,1.93545,1.76641,-0.791037
3451,1.93545,1.76641,-0.791037
3452,1.93545,1.76641,-0.791037
3453,1.89228,1.65387,-0.919461
3454,1.89228,1.65387,-0.919461
3455,1.81451,1.58204,-0.888599
3456,1.83511,1.54503,-0.990214
3457,1.83511,1.54503,-0.990214
3458,1.83511,1.54503,-0.990214
3459,1.89049,1.60276,-1.00255
3460,1.89049,1.60276,-1.00255
3461,1.89049,1.60276,-1.00255
3462,1.93667,1.70976,-0.909623
3463,1.94526,1.68538,-0.971366
3464,1.94762,1.75879,-0.836584
3465,1.98706,1.77277,-0.897591
3466,2.03796,1.83444,-0.887764
3467,2.03796,1.83444,-0.887764
3468,1.99121,1.80409,-0.842732
3469,1.99121,1.80409,-0.842732
3470,1.93503,1.80491,-0.697581
3471,1.85811,1.7515,-0.620337
3472,1.87954,1.77601,-0.615169
3473,1.87954,1.77601,-0.615169
3474,1.91225,1.80963,-0.618012
3475,1.95307,1.80753,-0.739833
3476,1.85562,1.70897,-0.722995
3477,1.85562,1.70897,-0.722995
3478,1.85428,1.69015,-0.762718
3479,1.82599,1.68339,-0.707431
3480,1.78754,1.65932,-0.664785
3481,1.80066,1.67243,-0.667354
3482,1.80066,1.67243,-0.667354
3483,1.82987,1.68724,-0.708276
3484,1.879,1.6991,-0.802316
3485,1.879,1.6991,-0.802316
3486,1.89224,1.72824,-0.770567
3487,1.89224,1.72824,-0.770567
3488,1.98403,1.83478,-0.754975
3489,1.86772,1.7595,-0.626531
3490,1.88931,1.83175,-0.462794
3491,1.86318,1.82852,-0.357659
3492,1.83095,1.76536,-0.485658
3493,1.83095,1.76536,-0.485658
3494,1.83095,1.76536,-0.485658
3495,1.81826,1.7532,-0.482031
3496,1.81826,1.7532,-0.482031
3497,1.81826,1.7532,-0.482031
3498,1.81826,1.7532,-0.482031
3499,1.85079,1.80915,-0.390408
3500,1.84711,1.80317,-0.400491
3501,1.84711,1.80317,-0.400491
3502,1.78359,1.74077,-0.388461
3503,1.78359,1.74077,-0.388461
3504,1.75403,1.71196,-0.381844
3505,1.78766,1.74853,-0.371982
3506,1.8372,1.79985,-0.368594
3507,1.77496,1.72584,-0.414694
3508,1.77805,1.72269,-0.440251
3509,1.90042,1.83676,-0.487758
3510,1.90042,1.83676,-0.487758
3511,1.82572,1.7365,-0.563754
3512,1.83741,1.75475,-0.544915
3513,1.91208,1.80228,-0.638633
3514,1.8026,1.71611,-0.551645
3515,1.8026,1.71611,-0.551645
3516,1.74509,1.66031,-0.537324
3517,1.75401,1.66851,-0.540945
3518,1.72682,1.63295,-0.561579
3519,1.72428,1.61919,-0.592759
3520,1.72428,1.61919,-0.592759
3521,1.72428,1.61919,-0.592759
3522,1.70004,1.57494,-0.640076
3523,1.72,1.55691,-0.731044
3524,1.67798,1.51818,-0.71467
3525,1.67798,1.51818,-0.71467
3526,1.71575,1.53939,-0.757687
3527,1.70988,1.58298,-0.646431
3528,1.72328,1.63361,-0.548644
3529,1.72328,1.63361,-0.548644
3530,1.8098,1.71075,-0.590529
3531,1.71489,1.65436,-0.451594
3532,1.73163,1.69795,-0.339854
3533,1.80158,1.78256,-0.261049
3534,1.85432,1.83357,-0.276625
3535,1.85432,1.83357,-0.276625
3536,1.95518,1.94562,-0.193043
3537,1.93274,1.92879,-0.123609
3538,1.93274,1.92879,-0.123609
3539,1.88432,1.86658,-0.257993
3540,2.06973,2.03894,-0.355699
3541,2.06973,2.03894,-0.355699
3542,2.06973,2.03894,-0.355699
3543,1.97835,1.9646,-0.232829
3544,1.97835,1.9646,-0.232829
3545,1.97835,1.9646,-0.232829
3546,2.04195,2.03063,-0.214735
3547,2.04195,2.03063,-0.214735
3548,2.04195,2.03063,-0.214735
3549,2.05917,2.05689,-0.0968906
3550,1.96519,1.96457,-0.0491339
3551,1.93751,1.9371,0.0397728
3552,1.93751,1.9371,0.0397728
3553,2.11671,2.11658,-0.0238516
3554,2.06936,2.06936,2.24466e-05
3555,1.9648,1.96224,-0.100274
3556,1.9374,1.92641,-0.206038
3557,1.9374,1.92641,-0.206038
3558,1.9374,1.92641,-0.206038
3559,1.9374,1.92641,-0.206038
3560,1.88502,1.85654,-0.326429
3561,1.91983,1.88414,-0.368451
3562,2.01395,1.96921,-0.422152
3563,2.01395,1.96921,-0.422152
3564,2.07324,2.03805,-0.380337
3565,1.96828,1.93237,-0.374224
3566,1.96828,1.93237,-0.374224
3567,1.93826,1.90925,-0.33407
3568,1.93393,1.92055,-0.22711
3569,1.88708,1.86276,-0.301999
3570,1.88708,1.86276,-0.301999
3571,1.88708,1.86276,-0.301999
3572,1.86327,1.83543,-0.320927
3573,1.86327,1.83543,-0.320927
3574,1.86327,1.83543,-0.320927
3575,1.86327,1.83543,-0.320927
3576,1.79214,1.77485,-0.248314
3577,1.90566,1.90534,-0.0353205
3578,1.988,1.98655,-0.0759325
3579,1.91028,1.90929,-0.0614689
3580,1.91028,1.90929,-0.0614689
3581,1.96278,1.9612,-0.0787991
3582,1.91862,1.90744,-0.206888
3583,1.93328,1.92859,-0.134655
3584,1.8688,1.84153,-0.318135
3585,1.99327,1.98047,-0.225505
3586,1.93175,1.93111,-0.0495983
3587,1.93175,1.93111,-0.0495983
3588,1.93175,1.93111,-0.0495983
3589,2.03094,2.03021,0.0545064
3590,2.04246,2.04236,0.0196691
3591,2.03979,2.03895,0.0584112
3592,1.97443,1.97443,0.00394935
3593,1.97443,1.97443,0.00394935
3594,2.00103,1.999,0.0900981
3595,2.0568,2.05374,0.112116
3596,1.99543,1.98222,0.229161
3597,1.98763,1.97758,0.199648
3598,1.89282,1.87754,0.240009
3599,1.89211,1.88425,0.172301
3600,1.89211,1.88425,0.172301
3601,1.95746,1.94879,0.184051
3602,1.91535,1.90247,0.221743
3603,1.94631,1.92551,0.28379
3604,1.98337,1.94168,0.404526
3605,1.98337,1.94168,0.404526
3606,2.00502,1.97291,0.357359
3607,2.00502,1.97291,0.357359
3608,1.95084,1.91655,0.364139
3609,2.03964,2.00913,0.351474
3610,2.00513,1.98195,0.304025
3611,2.02591,2.01931,0.163386
3612,1.99469,1.98742,0.17009
3613,2.04753,2.03642,0.213005
3614,2.02265,2.01831,0.132374
3615,2.01115,2.00292,0.181654
3616,2.00811,1.99005,0.268742
3617,2.00811,1.99005,0.268742
3618,2.00811,1.99005,0.268742
3619,2.06705,2.05904,0.181806
3620,2.0546,2.03725,0.266416
3621,2.0546,2.03725,0.266416
3622,1.9725,1.95112,0.289589
3623,2.06217,2.05144,0.210118
3624,2.09827,2.09226,0.158689
3625,2.09827,2.09226,0.158689
3626,2.05014,2.04621,0.126777
3627,2.05014,2.04621,0.126777
3628,2.00141,2.00128,0.0232746
3629,2.07703,2.07649,-0.0473535
3630,2.01729,2.01526,-0.090491
3631,2.07949,2.07334,-0.159795
3632,2.1286,2.11635,-0.228056
3633,2.0829,2.05609,-0.333111
3634,2.13582,2.11886,-0.268622
3635,2.13582,2.11886,-0.268622
3636,2.13582,2.11886,-0.268622
3637,2.08496,2.06173,-0.310425
3638,2.08496,2.06173,-0.310425
3639,2.10412,2.06453,-0.406264
3640,2.10412,2.06453,-0.406264
3641,2.02949,1.98984,-0.399201
3642,2.02949,1.98984,-0.399201
3643,2.07884,2.0315,-0.441099
3644,2.14033,2.07984,-0.50527
3645,2.11154,2.04116,-0.54062
3646,2.06032,1.98378,-0.556369
3647,2.19859,2.12988,-0.545391
3648,2.19859,2.12988,-0.545391
3649,2.09282,2.04825,-0.429624
3650,2.01491,1.96883,-0.428464
3651,2.01491,1.96883,-0.428464
3652,2.01491,1.96883,-0.428464
3653,2.077,2.05008,-0.333369
3654,1.97357,1.96191,-0.214186
3655,1.94264,1.92976,-0.223339
3656,1.91719,1.89112,-0.31507
3657,1.96055,1.94604,-0.238104
3658,2.10466,2.09856,-0.160035
3659,2.0505,2.04315,-0.173456
3660,2.0505,2.04315,-0.173456
3661,2.08677,2.07755,-0.19594
3662,2.03396,2.00813,-0.323165
3663,2.03825,1.99346,-0.424922
3664,2.05423,1.99684,-0.482166
3665,2.06084,2.00006,-0.496812
3666,1.98547,1.89246,-0.600574
3667,1.98547,1.89246,-0.600574
3668,1.98547,1.89246,-0.600574
3669,1.97568,1.91027,-0.504158
3670,2.05221,2.01845,-0.370725
3671,2.00744,1.98634,-0.290299
3672,2.00744,1.98634,-0.290299
3673,1.94865,1.93382,-0.239937
3674,1.94865,1.93382,-0.239937
3675,1.94865,1.93382,-0.239937
3676,1.94865,1.93382,-0.239937
3677,1.94898,1.9468,-0.0922405
3678,1.97731,1.97572,-0.0791029
3679,1.97731,1.97572,-0.0791029
3680,1.98726,1.98725,0.00488303
3681,1.97746,1.97598,-0.0765971
3682,1.98697,1.9839,-0.11045
3683,2.04656,2.0444,-0.093938
3684,2.0297,2.02961,-0.0190855
3685,2.04984,2.04695,0.108869
3686,2.0349,2.033,0.0879259
3687,1.92351,1.92345,0.0152539
3688,1.96854,1.96699,0.0782461
3689,1.93413,1.93191,0.0926689
3690,1.93413,1.93191,0.0926689
3691,2.06239,2.05416,0.184071
3692,2.10877,2.09289,0.258323
3693,2.10877,2.09289,0.258323
3694,2.10877,2.09289,0.258323
3695,2.17302,2.15983,0.239129
3696,2.19375,2.18665,0.176316
3697,2.19375,2.18665,0.176316
3698,2.19375,2.18665,0.176316
3699,2.14179,2.12527,0.265444
3700,2.14179,2.12527,0.265444
3701,2.14179,2.12527,0.265444
3702,2.1198,2.11417,0.15433
3703,2.1198,2.11417,0.15433
3704,2.1198,2.11417,0.15433
3705,2.09156,2.09146,-0.0196738
3706,2.12644,2.12604,-0.0413496
3707,2.12644,2.12604,-0.0413496
3708,2.11846,2.11643,-0.0928111
3709,2.12552,2.10874,-0.266545
3710,2.01787,2.0064,-0.214806
3711,2.05374,2.04696,-0.166734
3712,1.87733,1.867,-0.19664
3713,1.87733,1.867,-0.19664
3714,1.94096,1.9301,-0.20504
3715,1.94096,1.9301,-0.20504
3716,1.92387,1.91674,-0.165544
3717,1.92387,1.91674,-0.165544
3718,1.92387,1.91674,-0.165544
3719,1.92418,1.91035,-0.230261
3720,1.92536,1.91982,-0.145851
3721,1.92536,1.91982,-0.145851
3722,1.92536,1.91982,-0.145851
3723,1.85715,1.85555,-0.0770572
3724,1.87558,1.8744,-0.0666232
3725,1.78835,1.78829,-0.0153336
3726,1.79371,1.78924,-0.126585
3727,1.79371,1.78924,-0.126585
3728,1.8756,1.8632,-0.215278
3729,1.9036,1.87941,-0.30252
3730,1.94852,1.91715,-0.348233
3731,1.99717,1.95519,-0.407328
3732,2.03619,2.00481,-0.356111
3733,1.96282,1.92754,-0.370468
3734,2.01089,1.96354,-0.433839
3735,1.9441,1.91134,-0.355403
3736,2.03645,1.99186,-0.423811
3737,1.88843,1.82435,-0.487749
3738,1.87066,1.77557,-0.58882
3739,1.87066,1.77557,-0.58882
3740,1.77831,1.70287,-0.512431
3741,1.77831,1.70287,-0.512431
3742,1.77831,1.70287,-0.512431
3743,1.77488,1.71959,-0.439578
3744,1.85803,1.80694,-0.432741
3745,1.91378,1.84787,-0.497924
3746,1.96996,1.89783,-0.52822
3747,1.92188,1.84544,-0.536646
3748,1.86972,1.76765,-0.609305
3749,1.94072,1.85715,-0.563359
3750,1.94072,1.85715,-0.563359
3751,1.94072,1.85715,-0.563359
3752,1.89677,1.84354,-0.446204
3753,1.89677,1.84354,-0.446204
3754,1.9756,1.87656,-0.617656
3755,1.98306,1.91871,-0.501079
3756,1.91029,1.83799,-0.520602
3757,1.94138,1.84994,-0.588811
3758,1.92734,1.88631,-0.395571
3759,1.87048,1.81245,-0.462285
3760,1.85176,1.76839,-0.549388
3761,1.86926,1.7373,-0.689874
3762,1.9136,1.77277,-0.720516
3763,1.90921,1.80946,-0.609041
3764,2.01282,1.94243,-0.527658
3765,1.86565,1.81839,-0.417259
3766,1.92484,1.88607,-0.384379
3767,1.92484,1.88607,-0.384379
3768,1.83917,1.76771,-0.507665
3769,1.88729,1.78777,-0.604766
3770,1.83912,1.71789,-0.656689
3771,1.83912,1.71789,-0.656689
3772,1.83912,1.71789,-0.656689
3773,1.82638,1.69217,-0.687164
3774,1.77846,1.65225,-0.658026
3775,1.80072,1.61258,-0.801374
3776,1.76563,1.61839,-0.705893
3777,1.82375,1.68813,-0.690149
3778,1.90218,1.72981,-0.791223
3779,1.80859,1.66981,-0.694779
3780,1.81798,1.68641,-0.67901
3781,1.78728,1.66312,-0.654504
3782,1.78728,1.66312,-0.654504
3783,1.7407,1.60227,-0.680249
3784,1.78836,1.58617,-0.825996
3785,1.84325,1.64098,-0.839514
3786,1.84325,1.64098,-0.839514
3787,1.88858,1.71824,-0.783831
3788,1.88858,1.71824,-0.783831
3789,1.8338,1.6154,-0.867923
3790,1.80198,1.61953,-0.790112
3791,1.80198,1.61953,-0.790112
3792,1.84811,1.68965,-0.748725
3793,1.73043,1.5751,-0.716541
3794,1.80467,1.5377,-0.944621
3795,1.74651,1.44046,-0.987603
3796,1.79214,1.51755,-0.953307
3797,1.79098,1.42711,-1.0821
3798,1.79098,1.42711,-1.0821
3799,1.84321,1.41044,-1.18663
3800,1.93821,1.45336,-1.28234
3801,1.93821,1.45336,-1.28234
3802,1.93821,1.45336,-1.28234
3803,1.86159,1.37647,-1.25333
3804,1.86159,1.37647,-1.25333
3805,1.86159,1.37647,-1.25333
3806,1.85268,1.41454,-1.19645
3807,1.90186,1.43076,-1.253
3808,1.91691,1.47314,-1.22654
3809,1.80581,1.31597,-1.2366
3810,1.80581,1.31597,-1.2366
3811,1.80581,1.31597,-1.2366
3812,1.80581,1.31597,-1.2366
3813,1.76373,1.32759,-1.16114
3814,1.84019,1.37499,-1.223
3815,1.86286,1.44524,-1.17538
3816,1.81277,1.45112,-1.08645
3817,1.80257,1.43601,-1.08955
3818,1.80118,1.4696,-1.04141
3819,1.82062,1.42189,-1.13705
3820,1.78268,1.43364,-1.05955
3821,1.69675,1.33585,-1.04617
3822,1.69675,1.33585,-1.04617
3823,1.66282,1.28905,-1.05039
3824,1.78666,1.34038,-1.18134
3825,1.78933,1.43308,-1.07145
3826,1.90112,1.54895,-1.10227
3827,1.83385,1.47875,-1.08458
3828,1.88021,1.5583,-1.05209
3829,1.91233,1.63187,-0.996986
3830,1.91233,1.63187,-0.996986
3831,1.9751,1.692,-1.0189
3832,1.91397,1.61431,-1.02824
3833,1.9149,1.59671,-1.05706
3834,1.89887,1.60351,-1.01709
3835,1.89744,1.54484,-1.1017
3836,1.89744,1.54484,-1.1017
3837,1.89744,1.54484,-1.1017
3838,1.89744,1.54484,-1.1017
3839,2.0228,1.69893,-1.09789
3840,2.0228,1.69893,-1.09789
3841,2.01081,1.62981,-1.17774
3842,2.04828,1.64898,-1.21505
3843,2.04828,1.64898,-1.21505
3844,1.89629,1.50725,-1.1507
3845,1.97986,1.42635,-1.37309
3846,2.00036,1.47569,-1.35048
3847,2.00036,1.47569,-1.35048
3848,2.15156,1.62041,-1.41544
3849,2.15201,1.70785,-1.30935
3850,2.14085,1.70596,-1.29341
3851,2.14442,1.71055,-1.29327
3852,2.20611,1.80577,-1.26733
3853,2.12862,1.68591,-1.29951
3854,2.14705,1.64884,-1.3752
3855,2.20621,1.6549,-1.459
3856,2.17521,1.59878,-1.47495
3857,2.05247,1.47154,-1.43081
3858,2.05247,1.47154,-1.43081
3859,2.13566,1.56583,-1.45233
3860,1.9848,1.41491,-1.39193
3861,2.09402,1.44,-1.5203
3862,2.13929,1.5324,-1.49275
3863,2.19884,1.50622,-1.60193
3864,2.17227,1.58871,-1.48148
3865,2.21021,1.61837,-1.50529
3866,2.24583,1.54851,-1.62661
3867,2.24583,1.54851,-1.62661
3868,2.24044,1.54036,-1.62691
3869,2.30582,1.65384,-1.60674
3870,2.30582,1.65384,-1.60674
3871,2.18028,1.63023,-1.44775
3872,2.18028,1.63023,-1.44775
3873,2.23286,1.67219,-1.47968
3874,2.23286,1.67219,-1.47968
3875,2.23286,1.67219,-1.47968
3876,2.23286,1.67219,-1.47968
3877,2.16472,1.65399,-1.39655
3878,2.19899,1.53743,-1.57222
3879,2.19899,1.53743,-1.57222
3880,2.27,1.38074,-1.8018
3881,2.19539,1.35041,-1.73094
3882,2.20493,1.42604,-1.6817
3883,2.25291,1.41015,-1.75701
3884,2.25291,1.41015,-1.75701
3885,2.25291,1.41015,-1.75701
3886,2.17887,1.39479,-1.67393
3887,2.1376,1.46559,-1.55609
3888,2.1376,1.46559,-1.55609
3889,2.15398,1.47089,-1.57357
3890,2.15465,1.52605,-1.52109
3891,2.32802,1.63609,-1.65616
3892,2.32802,1.63609,-1.65616
3893,2.43915,1.89769,-1.53239
3894,2.43915,1.89769,-1.53239
3895,2.45399,1.89439,-1.55993
3896,2.55749,2.03295,-1.55173
3897,2.55749,2.03295,-1.55173
3898,2.55749,2.03295,-1.55173
3899,2.55749,2.03295,-1.55173
3900,2.36733,1.83406,-1.49681
3901,2.33812,1.76954,-1.52825
3902,2.3998,1.83591,-1.54546
3903,2.3998,1.83591,-1.54546
3904,2.34988,1.76066,-1.55628
3905,2.38694,1.8634,-1.49171
3906,2.25144,1.92627,-1.16553
3907,2.25144,1.92627,-1.16553
3908,2.33643,1.89969,-1.36019
3909,2.33643,1.89969,-1.36019
3910,2.33643,1.89969,-1.36019
3911,2.35617,2.00606,-1.23581
3912,2.38393,1.99849,-1.29969
3913,2.32255,1.89445,-1.34361
3914,2.38831,1.89974,-1.44742
3915,2.28117,1.77745,-1.42982
3916,2.19944,1.71738,-1.3741
3917,2.17596,1.6539,-1.414
3918,2.08923,1.54301,-1.40855
3919,2.08923,1.54301,-1.40855
3920,2.11733,1.58319,-1.40591
3921,2.11733,1.58319,-1.40591
3922,2.15911,1.68545,-1.34945
3923,2.18856,1.80787,-1.23345
3924,2.17453,1.7931,-1.23019
3925,2.09182,1.71511,-1.19753
3926,2.06498,1.59071,-1.31672
3927,2.06498,1.59071,-1.31672
3928,2.09817,1.55756,-1.40581
3929,2.09817,1.55756,-1.40581
3930,1.95896,1.37505,-1.39526
3931,1.95896,1.37505,-1.39526
3932,1.99976,1.34179,-1.48279
3933,2.05692,1.34556,-1.55576
3934,2.05692,1.34556,-1.55576
3935,2.05692,1.34556,-1.55576
3936,2.00425,1.26933,-1.55107
3937,1.99623,1.30954,-1.50666
3938,1.99623,1.30954,-1.50666
3939,1.93341,1.26434,-1.46271
3940,1.87401,1.26052,-1.38672
3941,1.89728,1.26016,-1.41833
3942,1.87163,1.25341,-1.38995
3943,1.95661,1.31326,-1.4504
3944,1.86982,1.24023,-1.39931
3945,1.80386,1.23109,-1.31845
3946,1.81443,1.29598,-1.26989
3947,1.81443,1.29598,-1.26989
3948,1.81849,1.30244,-1.26907
3949,1.85943,1.27747,-1.35112
3950,1.96389,1.23593,-1.52622
3951,1.96389,1.23593,-1.52622
3952,1.87929,1.23851,-1.41344
3953,1.94275,1.33458,-1.4118
3954,1.9195,1.24393,-1.46189
3955,1.92081,1.21706,-1.48602
3956,2.00095,1.16167,-1.62921
3957,2.00095,1.16167,-1.62921
3958,1.84982,1.06385,-1.5133
3959,1.85004,1.15367,-1.44627
3960,1.85004,1.15367,-1.44627
3961,1.7749,1.11309,-1.3825
3962,1.75159,1.08502,-1.37506
3963,1.72403,1.16868,-1.26746
3964,1.83733,1.2618,-1.33554
3965,1.83485,1.32281,-1.27155
3966,1.8647,1.40571,-1.22519
3967,1.87244,1.48145,-1.14513
3968,1.81617,1.40675,-1.1487
3969,1.81617,1.40675,-1.1487
3970,1.79154,1.3175,-1.21401
3971,1.87496,1.38841,-1.26008
3972,1.78373,1.33563,-1.18229
3973,1.88155,1.48419,-1.15646
3974,1.88155,1.48419,-1.15646
3975,1.81631,1.5155,-1.00111
3976,1.84465,1.46588,-1.1198
3977,1.93613,1.48737,-1.23949
3978,1.93543,1.55555,-1.15159
3979,1.89418,1.50812,-1.14607
3980,1.89418,1.50812,-1.14607
3981,1.90285,1.571,-1.07369
3982,1.9028,1.62607,-0.988189
3983,1.89533,1.61181,-0.997158
3984,1.87274,1.57935,-1.00638
3985,1.92791,1.61383,-1.05472
3986,1.98337,1.72771,-0.974038
3987,1.92702,1.67108,-0.959639
3988,1.97956,1.72765,-0.966383
3989,1.97956,1.72765,-0.966383
3990,1.96498,1.7823,-0.827376
3991,1.96524,1.81779,-0.746877
3992,1.99851,1.85498,-0.743712
3993,1.92219,1.75525,-0.783519
3994,1.91289,1.73916,-0.79654
3995,1.95018,1.7751,-0.807614
3996,1.93989,1.73816,-0.861366
3997,1.93989,1.73816,-0.861366
3998,2.01544,1.84936,-0.801157
3999,2.00149,1.88902,-0.661485
4000,2.00149,1.88902,-0.661485
4001,1.9361,1.84119,-0.598771
4002,1.9807,1.90016,-0.559059
4003,1.95118,1.87649,-0.534709
4004,1.93459,1.86806,-0.502968
4005,1.88142,1.8023,-0.539857
4006,1.88101,1.8032,-0.535401
4007,1.89397,1.82816,-0.494908
4008,2.00822,1.954,-0.463508
4009,1.95729,1.91306,-0.413746
4010,2.03219,1.97703,-0.470299
4011,2.05298,2.00588,-0.437248
4012,2.05298,2.00588,-0.437248
4013,2.04775,2.01165,-0.382788
4014,2.07028,2.02973,-0.40778
4015,2.07028,2.02973,-0.40778
4016,2.14864,2.11771,-0.363233
4017,2.14864,2.11771,-0.363233
4018,2.14864,2.11771,-0.363233
4019,2.15026,2.08617,-0.521065
4020,2.12113,2.06982,-0.463713
4021,2.07729,2.05012,-0.334869
4022,2.02918,1.99969,-0.344726
4023,2.02918,1.99969,-0.344726
4024,2.13834,2.10431,-0.379939
4025,2.07496,1.98782,-0.594994
4026,2.06569,2.01589,-0.45086
4027,2.04179,1.96792,-0.544214
4028,2.08318,2.04466,-0.398766
4029,2.17262,2.14641,-0.336427
4030,2.25516,2.22539,-0.365225
4031,2.31511,2.25267,-0.534039
4032,2.21987,2.1351,-0.607607
4033,2.15531,2.08066,-0.562311
4034,2.21644,2.11813,-0.652796
4035,2.21644,2.11813,-0.652796
4036,2.21178,2.06716,-0.786658
4037,2.21178,2.06716,-0.786658
4038,2.04892,1.90457,-0.755428
4039,2.04125,1.84569,-0.871854
4040,1.94821,1.74981,-0.856549
4041,1.93146,1.77609,-0.75899
4042,1.90974,1.7871,-0.673349
4043,1.90974,1.7871,-0.673349
4044,1.848,1.70964,-0.701597
4045,1.848,1.70964,-0.701597
4046,1.77733,1.6477,-0.666323
4047,1.90507,1.74214,-0.770886
4048,1.95567,1.74612,-0.880739
4049,1.86304,1.60328,-0.948915
4050,1.86304,1.60328,-0.948915
4051,1.95185,1.71411,-0.933551
4052,1.99066,1.76529,-0.920056
4053,1.9943,1.79589,-0.867194
4054,1.9943,1.79589,-0.867194
4055,1.94695,1.73457,-0.884226
4056,1.89516,1.68375,-0.869831
4057,1.89516,1.68375,-0.869831
4058,1.89551,1.7592,-0.705808
4059,1.89551,1.7592,-0.705808
4060,1.89551,1.7592,-0.705808
4061,1.94327,1.86494,-0.546166
4062,1.86427,1.79309,-0.510227
4063,1.854,1.80666,-0.41629
4064,1.89024,1.83563,-0.451103
4065,1.89024,1.83563,-0.451103
4066,1.79151,1.74526,-0.404452
4067,1.79151,1.74526,-0.404452
4068,1.79151,1.74526,-0.404452
4069,1.79151,1.74526,-0.404452
4070,1.799,1.7387,-0.461863
4071,1.799,1.7387,-0.461863
4072,1.84892,1.75285,-0.588234
4073,1.84892,1.75285,-0.588234
4074,1.9369,1.8685,-0.510191
4075,1.93103,1.86993,-0.48193
4076,1.97882,1.91013,-0.51686
4077,1.92418,1.84842,-0.534591
4078,1.92418,1.84842,-0.534591
4079,1.96779,1.91136,-0.467849
4080,1.91775,1.86031,-0.465822
4081,1.90602,1.87912,-0.319076
4082,1.92825,1.91919,-0.186754
4083,1.92825,1.91919,-0.186754
4084,1.93672,1.93035,-0.15699
4085,1.91856,1.90679,-0.212225
4086,1.91856,1.90679,-0.212225
4087,1.97052,1.94311,-0.327486
4088,1.97052,1.94311,-0.327486
4089,1.95735,1.93261,-0.310198
4090,1.92802,1.89216,-0.370129
4091,1.84369,1.81876,-0.302151
4092,1.84644,1.83167,-0.233036
4093,1.92543,1.92025,-0.141137
4094,1.96458,1.95615,-0.181786
4095,2.03334,2.03315,-0.0276115
4096,2.03334,2.03315,-0.0276115
4097,2.07153,2.07099,-0.0474256
4098,2.07153,2.07099,-0.0474256
4099,2.07457,2.07436,0.0291861
4100,2.07182,2.07146,-0.0382748
4101,2.08386,2.08361,0.0318037
4102,2.06932,2.05985,0.197741
4103,2.03882,2.01741,0.294662
4104,1.95676,1.91066,0.422241
4105,1.95676,1.91066,0.422241
4106,1.9327,1.8741,0.472309
4107,1.86684,1.82062,0.412809
4108,1.86684,1.82062,0.412809
4109,1.8318,1.76716,0.48232
4110,1.8318,1.76716,0.48232
4111,1.84433,1.74259,0.604114
4112,1.8385,1.74934,0.56561
4113,1.91101,1.81943,0.584507
4114,1.88988,1.8172,0.519055
4115,1.85234,1.76572,0.559815
4116,1.83595,1.71189,0.663453
4117,1.86144,1.7152,0.723222
4118,1.9013,1.74546,0.753848
4119,1.96764,1.81799,0.75267
4120,1.94605,1.80868,0.718201
4121,1.97578,1.84786,0.699354
4122,1.98943,1.85587,0.716641
4123,1.98943,1.85587,0.716641
4124,1.9739,1.77754,0.858279
4125,2.14122,1.94578,0.893757
4126,2.07163,1.83294,0.9654
4127,2.07163,1.83294,0.9654
4128,2.07163,1.83294,0.9654
4129,2.05256,1.75923,1.05742
4130,2.03873,1.72609,1.08491
4131,2.03873,1.72609,1.08491
4132,2.13011,1.8064,1.12885
4133,2.13011,1.8064,1.12885
4134,2.1571,1.90407,1.0137
4135,2.21044,1.95964,1.02267
4136,2.23457,1.95671,1.07915
4137,2.10881,1.8755,0.964146
4138,2.25373,1.99131,1.05546
4139,2.18186,1.95168,0.975439
4140,2.18186,1.95168,0.975439
4141,2.12232,1.87613,0.992174
4142,2.07778,1.74434,1.12891
4143,2.14727,1.76594,1.22157
4144,2.13019,1.67322,1.31834
4145,2.10414,1.67962,1.26739
4146,2.10414,1.67962,1.26739
4147,2.10414,1.67962,1.26739
4148,2.10414,1.67962,1.26739
4149,2.05376,1.62692,1.25341
4150,2.09862,1.48389,1.48401
4151,2.00515,1.43721,1.39823
4152,2.03534,1.45254,1.42575
4153,2.00817,1.36213,1.47559
4154,1.95938,1.38122,1.38974
4155,2.13961,1.4129,1.60675
4156,2.1277,1.40393,1.59879
4157,2.02769,1.27385,1.5776
4158,2.00395,1.2113,1.59642
4159,1.96616,1.18211,1.57111
4160,2.08808,1.30495,1.63009
4161,2.13558,1.47473,1.54464
4162,2.13558,1.47473,1.54464
4163,2.19069,1.5354,1.56259
4164,2.20818,1.54767,1.57504
4165,2.20231,1.44369,1.66311
4166,2.20231,1.44369,1.66311
4167,2.24126,1.44569,1.71266
4168,2.18159,1.30325,1.74954
4169,2.29874,1.50671,1.7361
4170,2.24907,1.48216,1.6916
4171,2.24907,1.48216,1.6916
4172,2.31675,1.59434,1.6809
4173,2.39607,1.62249,1.76315
4174,2.53596,1.71161,1.87122
4175,2.48674,1.68211,1.8315
4176,2.4375,1.66969,1.77582
4177,2.4375,1.66969,1.77582
4178,2.44932,1.64466,1.81501
4179,2.38895,1.48152,1.87407
4180,2.45744,1.53294,1.92071
4181,2.49632,1.49444,1.99956
4182,2.51107,1.52304,1.99645
4183,2.48812,1.60186,1.90389
4184,2.4767,1.55747,1.9257
4185,2.4767,1.55747,1.9257
4186,2.32297,1.44104,1.82197
4187,2.3571,1.41413,1.88577
4188,2.3571,1.41413,1.88577
4189,2.25841,1.48273,1.70351
4190,2.13204,1.4052,1.60344
4191,2.13311,1.35514,1.64735
4192,2.13311,1.35514,1.64735
4193,2.13311,1.35514,1.64735
4194,2.13311,1.35514,1.64735
4195,2.13311,1.35514,1.64735
4196,2.13311,1.35514,1.64735
4197,2.12408,1.35056,1.63942
4198,2.10893,1.39013,1.58593
4199,2.10893,1.39013,1.58593
4200,2.14049,1.40885,1.61147
4201,2.14819,1.51642,1.52157
4202,2.06718,1.38072,1.53845
4203,1.99238,1.36306,1.45315
4204,2.00287,1.5007,1.32641
4205,1.9584,1.52849,1.22437
4206,1.95689,1.46616,1.29606
4207,1.96401,1.46295,1.31039
4208,1.95212,1.44186,1.31599
4209,1.94484,1.51891,1.21462
4210,1.86853,1.48331,1.1363
4211,1.86853,1.48331,1.1363
4212,1.86853,1.48331,1.1363
4213,1.893,1.54921,1.08784
4214,1.981,1.619,1.14158
4215,2.02117,1.67094,1.13714
4216,2.03134,1.63749,1.20207
4217,1.98822,1.63878,1.1258
4218,1.98822,1.63878,1.1258
4219,2.00157,1.76835,0.937669
4220,2.00157,1.76835,0.937669
4221,2.00157,1.76835,0.937669
4222,2.00157,1.76835,0.937669
4223,2.00157,1.76835,0.937669
4224,2.12135,1.84959,1.03883
4225,2.11105,1.87014,0.979352
4226,2.17517,1.93629,0.991032
4227,2.29494,1.99095,1.14143
4228,2.26997,1.96368,1.13875
4229,2.16486,1.90443,1.02946
4230,2.14283,1.92506,0.941199
4231,2.12287,1.98319,0.757317
4232,2.12801,1.999,0.72968
4233,2.08804,1.95241,0.740254
4234,2.06383,1.88946,0.830261
4235,2.06383,1.88946,0.830261
4236,1.98512,1.83238,0.763602
4237,1.98512,1.83238,0.763602
4238,1.91414,1.80106,0.648158
4239,1.89324,1.76726,0.67908
4240,1.88145,1.73303,0.732449
4241,1.90749,1.75972,0.736138
4242,1.90749,1.75972,0.736138
4243,1.94756,1.79353,0.759109
4244,1.97095,1.79126,0.822211
4245,1.89797,1.76608,0.695176
4246,1.8298,1.7564,0.51307
4247,1.8298,1.7564,0.51307
4248,1.76105,1.71695,0.391625
4249,1.72943,1.68085,0.407011
4250,1.84502,1.79734,0.416739
4251,1.8566,1.79494,0.474496
4252,1.8566,1.79494,0.474496
4253,1.93762,1.89284,0.414172
4254,1.8945,1.85324,0.393263
4255,1.98576,1.91348,0.530905
4256,1.88968,1.84238,0.420179
4257,1.89635,1.83929,0.461705
4258,1.91004,1.88729,0.293931
4259,1.99299,1.98762,0.146139
4260,1.91547,1.91079,0.133845
4261,1.91756,1.91597,0.0778924
4262,1.91756,1.91597,0.0778924
4263,2.04243,2.03828,0.130171
4264,1.95268,1.95254,0.023504
4265,1.93702,1.9301,0.163555
4266,2.08546,2.07124,0.243143
4267,2.08023,2.0565,0.313283
4268,2.08023,2.0565,0.313283
4269,2.0731,2.05602,0.265508
4270,2.02965,2.0176,0.220875
4271,2.02922,2.02347,0.152621
4272,2.06676,2.05687,0.201912
4273,2.06157,2.04866,0.2303
4274,2.14263,2.13186,0.214551
4275,2.19493,2.1705,0.326576
4276,2.05279,2.04372,0.192656
4277,2.09715,2.08878,0.187184
4278,2.07969,2.04206,0.393802
4279,2.07969,2.04206,0.393802
4280,2.04954,2.01426,0.378638
4281,2.09466,2.06116,0.3731
4282,1.99455,1.97263,0.294925
4283,2.0578,2.00769,0.451349
4284,1.99024,1.92853,0.491771
4285,2.13294,2.05615,0.567171
4286,2.04069,1.96561,0.548434
4287,2.04069,1.96561,0.548434
4288,2.04069,1.96561,0.548434
4289,2.05184,1.99031,0.498702
4290,2.1103,2.01004,0.642748
4291,2.12243,2.04685,0.561364
4292,2.17095,2.13099,0.414619
4293,2.17095,2.13099,0.414619
4294,2.17095,2.13099,0.414619
4295,2.13671,2.11076,0.331983
4296,2.13671,2.11076,0.331983
4297,2.11288,2.0925,0.292762
4298,2.06162,2.03159,0.350608
4299,2.02924,2.01849,0.208622
4300,2.02924,2.01849,0.208622
4301,2.02924,2.01849,0.208622
4302,2.02924,2.01849,0.208622
4303,1.95912,1.95283,0.156939
4304,1.87196,1.87033,0.0782545
4305,1.84106,1.84102,-0.0117493
4306,1.84106,1.84102,-0.0117493
4307,1.93378,1.92481,-0.186012
4308,1.87267,1.86054,-0.212826
4309,1.86883,1.85915,-0.189944
4310,1.85899,1.8381,-0.277875
4311,1.86528,1.82199,-0.399535
4312,1.85437,1.78969,-0.485482
4313,1.80155,1.72479,-0.52027
4314,1.86261,1.78596,-0.52883
4315,1.83462,1.72849,-0.614954
4316,1.83462,1.72849,-0.614954
4317,1.84046,1.67281,-0.767461
4318,1.84046,1.67281,-0.767461
4319,1.92725,1.74209,-0.824263
4320,1.95384,1.82018,-0.710239
4321,1.92743,1.80391,-0.678885
4322,1.92743,1.80391,-0.678885
4323,1.92743,1.80391,-0.678885
4324,1.79952,1.68474,-0.632397
4325,1.82341,1.7502,-0.511479
4326,1.82341,1.7502,-0.511479
4327,1.76447,1.69687,-0.483708
4328,1.83354,1.74739,-0.555445
4329,1.91024,1.83154,-0.542684
4330,1.83819,1.75576,-0.544268
4331,1.916,1.82666,-0.578222
4332,1.98574,1.89498,-0.593487
4333,1.92054,1.80744,-0.649345
4334,1.92054,1.80744,-0.649345
4335,1.99349,1.90261,-0.595029
4336,1.95753,1.87059,-0.57692
4337,2.02061,1.92837,-0.603521
4338,1.97471,1.84058,-0.715381
4339,1.9147,1.74224,-0.794161
4340,1.9147,1.74224,-0.794161
4341,1.83733,1.65586,-0.796177
4342,1.83733,1.65586,-0.796177
4343,1.83733,1.65586,-0.796177
4344,1.84512,1.64855,-0.828705
4345,1.79328,1.61338,-0.782865
4346,1.79328,1.61338,-0.782865
4347,1.81044,1.68865,-0.65281
4348,1.82502,1.69057,-0.687509
4349,1.95961,1.81189,-0.746428
4350,1.95961,1.81189,-0.746428
4351,1.95961,1.81189,-0.746428
4352,1.88668,1.6972,-0.824069
4353,1.78859,1.66875,-0.643691
4354,1.78859,1.66875,-0.643691
4355,1.88725,1.7946,-0.58406
4356,1.80016,1.67894,-0.649424
4357,1.89354,1.74754,-0.729115
4358,1.83168,1.67364,-0.744309
4359,1.82753,1.67887,-0.721979
4360,1.82753,1.67887,-0.721979
4361,1.79013,1.68607,-0.60143
4362,1.68462,1.5417,-0.679046
4363,1.68462,1.5417,-0.679046
4364,1.68462,1.5417,-0.679046
4365,1.74109,1.60615,-0.672063
4366,1.78499,1.62472,-0.73924
4367,1.78499,1.62472,-0.73924
4368,1.8468,1.66161,-0.806052
4369,1.89284,1.70109,-0.83014
4370,1.82024,1.63623,-0.79753
4371,1.82024,1.63623,-0.79753
4372,1.87189,1.73893,-0.692908
4373,1.87189,1.73893,-0.692908
4374,1.88066,1.70444,-0.794852
4375,1.96488,1.80137,-0.784722
4376,1.88104,1.73782,-0.719901
4377,1.88104,1.73782,-0.719901
4378,1.90313,1.78268,-0.666303
4379,1.90313,1.78268,-0.666303
4380,2.04651,1.91404,-0.724349
4381,1.96505,1.82912,-0.718149
4382,1.96505,1.82912,-0.718149
4383,1.99337,1.90145,-0.598345
4384,1.99337,1.90145,-0.598345
4385,1.99337,1.90145,-0.598345
4386,2.04964,1.98704,-0.50271
4387,2.04964,1.98704,-0.50271
4388,2.11764,2.05564,-0.50869
4389,2.04985,2.01569,-0.372698
4390,2.09526,2.0619,-0.372408
4391,2.20721,2.1449,-0.520745
4392,2.18767,2.15571,-0.372574
4393,2.03646,1.99864,-0.390688
4394,2.09026,2.05846,-0.363189
4395,2.08875,2.05642,-0.366055
4396,2.08964,2.03576,-0.471452
4397,2.19721,2.13928,-0.501234
4398,2.17568,2.10087,-0.56562
4399,2.18335,2.081,-0.660648
4400,2.06845,1.96874,-0.634461
4401,2.06845,1.96874,-0.634461
4402,2.04689,1.90322,-0.753332
4403,2.04689,1.90322,-0.753332
4404,2.04689,1.90322,-0.753332
4405,2.02332,1.90908,-0.670275
4406,2.02074,1.91126,-0.656099
4407,1.98512,1.86285,-0.68592
4408,2.08363,1.98676,-0.62791
4409,2.02578,1.88881,-0.732236
4410,2.02624,1.92645,-0.628034
4411,2.02624,1.92645,-0.628034
4412,2.0151,1.93274,-0.570213
4413,2.04188,1.98467,-0.47993
4414,2.04188,1.98467,-0.47993
4415,2.12606,2.0513,-0.558837
4416,2.10859,2.0456,-0.511554
4417,2.0639,2.01286,-0.456165
4418,2.0639,2.01286,-0.456165
4419,2.06788,2.01353,-0.471001
4420,2.14141,2.04514,-0.634868
4421,2.14141,2.04514,-0.634868
4422,2.22824,2.15578,-0.563634
4423,2.22824,2.15578,-0.563634
4424,2.22824,2.15578,-0.563634
4425,2.13587,2.04421,-0.618986
4426,2.13587,2.04421,-0.618986
4427,2.09728,1.995,-0.646954
4428,2.22865,2.11954,-0.688797
4429,2.2764,2.14213,-0.770249
4430,2.14891,2.03348,-0.694821
4431,2.15778,2.0637,-0.630206
4432,2.19562,2.12,-0.571269
4433,2.24174,2.19809,-0.440244
4434,2.28169,2.23661,-0.451302
4435,2.28169,2.23661,-0.451302
4436,2.38287,2.34339,-0.431957
4437,2.34888,2.31165,-0.416535
4438,2.34888,2.31165,-0.416535
4439,2.4534,2.39821,-0.517441
4440,2.4534,2.39821,-0.517441
4441,2.4534,2.39821,-0.517441
4442,2.4534,2.39821,-0.517441
4443,2.38964,2.32123,-0.567689
4444,2.38964,2.32123,-0.567689
4445,2.4819,2.4401,-0.453601
4446,2.48376,2.39997,-0.639692
4447,2.39443,2.27157,-0.757126
4448,2.44873,2.34784,-0.69564
4449,2.44873,2.34784,-0.69564
4450,2.41646,2.3078,-0.716475
4451,2.42237,2.26389,-0.861797
4452,2.42237,2.26389,-0.861797
4453,2.42237,2.26389,-0.861797
4454,2.43551,2.2576,-0.913754
4455,2.4628,2.31571,-0.838371
4456,2.66136,2.48956,-0.940702
4457,2.57606,2.43155,-0.850686
4458,2.48102,2.35222,-0.789
4459,2.24759,2.16476,-0.604539
4460,2.24759,2.16476,-0.604539
4461,2.15832,2.06756,-0.619301
4462,2.0912,2.00931,-0.579472
4463,2.0912,2.00931,-0.579472
4464,2.24209,2.15002,-0.635881
4465,2.3129,2.20503,-0.698104
4466,2.36208,2.26644,-0.665329
4467,2.36208,2.26644,-0.665329
4468,2.36208,2.26644,-0.665329
4469,2.25556,2.16474,-0.633619
4470,2.29012,2.17948,-0.703237
4471,2.29012,2.17948,-0.703237
4472,2.29408,2.17912,-0.717081
4473,2.29408,2.17912,-0.717081
4474,2.29408,2.17912,-0.717081
4475,2.33178,2.19056,-0.799142
4476,2.28365,2.17143,-0.7071
4477,2.35084,2.28615,-0.547671
4478,2.25308,2.20103,-0.48153
4479,2.25653,2.21802,-0.415063
4480,2.14429,2.12944,-0.251933
4481,2.14429,2.12944,-0.251933
4482,2.19686,2.18576,-0.220516
4483,2.21724,2.19595,-0.30654
4484,2.27086,2.25529,-0.265493
4485,2.18285,2.17442,-0.191616
4486,2.02666,2.02386,-0.106503
4487,2.05064,2.04841,-0.0954938
4488,2.07442,2.07426,-0.0255294
4489,2.01348,2.01346,0.00892281
4490,2.01348,2.01346,0.00892281
4491,1.9821,1.9754,0.162874
4492,2.02815,2.02639,0.0845074
4493,2.15163,2.15008,0.0818546
4494,2.14486,2.144,0.0607944
4495,2.14486,2.144,0.0607944
4496,2.14486,2.144,0.0607944
4497,2.14486,2.144,0.0607944
4498,2.07184,2.07176,0.0180474
4499,2.00924,2.00479,0.133731
4500,2.00924,2.00479,0.133731
4501,2.04206,2.04204,0.008511
4502,2.04206,2.04204,0.008511
4503,2.06724,2.06724,0.00165729
4504,2.02988,2.02809,0.0852605
4505,2.04675,2.04181,0.142049
4506,2.00862,2.0085,0.022378
4507,2.00862,2.0085,0.022378
4508,2.1522,2.15207,0.0236075
4509,2.1522,2.15207,0.0236075
4510,2.1522,2.15207,0.0236075
4511,2.06248,2.05885,-0.12225
4512,2.09226,2.09059,-0.0835999
4513,2.03336,2.03333,0.0110829
4514,2.06353,2.06254,0.0639717
4515,2.06353,2.06254,0.0639717
4516,2.08709,2.08706,-0.0100995
4517,2.02637,2.0238,-0.102114
4518,1.99055,1.989,-0.0785725
4519,2.02035,2.01883,0.0784896
4520,2.09897,2.09534,0.123442
4521,2.09897,2.09534,0.123442
4522,1.92682,1.92611,-0.0523137
4523,1.92682,1.92611,-0.0523137
4524,1.97997,1.97856,-0.0746085
4525,2.03262,2.03045,-0.0939676
4526,2.03262,2.03045,-0.0939676
4527,2.03262,2.03045,-0.0939676
4528,1.93539,1.9322,-0.111052
4529,1.98181,1.98006,-0.0831288
4530,1.99536,1.99445,-0.0603331
4531,1.99536,1.99445,-0.0603331
4532,1.95917,1.95751,-0.0805872
4533,1.93505,1.9209,-0.233623
4534,1.9181,1.8971,-0.283069
4535,1.9274,1.89268,-0.364206
4536,1.89179,1.84137,-0.433849
4537,1.7959,1.72441,-0.501645
4538,1.7959,1.72441,-0.501645
4539,1.77474,1.68934,-0.5439
4540,1.66671,1.58939,-0.50176
4541,1.74471,1.6995,-0.394614
4542,1.74471,1.6995,-0.394614
4543,1.76159,1.70555,-0.440783
4544,1.78203,1.7142,-0.486969
4545,1.78425,1.7121,-0.502273
4546,1.78425,1.7121,-0.502273
4547,1.75342,1.64319,-0.61191
4548,1.75342,1.64319,-0.61191
4549,1.70268,1.49496,-0.814985
4550,1.70268,1.49496,-0.814985
4551,1.70268,1.49496,-0.814985
4552,1.72787,1.4831,-0.886545
4553,1.70809,1.45683,-0.891766
4554,1.71669,1.48257,-0.865444
4555,1.77929,1.60395,-0.770197
4556,1.74045,1.51104,-0.863676
4557,1.74045,1.51104,-0.863676
4558,1.80709,1.59143,-0.856123
4559,1.80709,1.59143,-0.856123
4560,1.8758,1.64796,-0.896019
4561,1.76905,1.55585,-0.841949
4562,1.76905,1.55585,-0.841949
4563,1.78642,1.58615,-0.821832
4564,1.72738,1.54199,-0.778528
4565,1.77114,1.57038,-0.819054
4566,1.76938,1.53729,-0.876044
4567,1.76938,1.53729,-0.876044
4568,1.76938,1.53729,-0.876044
4569,1.77961,1.5807,-0.817551
4570,1.77961,1.5807,-0.817551
4571,1.80939,1.6351,-0.774809
4572,1.8433,1.63457,-0.852006
4573,1.8457,1.67653,-0.771936
4574,1.8457,1.67653,-0.771936
4575,1.95176,1.81411,-0.719975
4576,1.95176,1.81411,-0.719975
4577,1.95176,1.81411,-0.719975
4578,1.96768,1.83432,-0.71205
4579,1.88849,1.79242,-0.594638
4580,1.88134,1.76052,-0.663306
4581,1.88403,1.7622,-0.666502
4582,1.88403,1.7622,-0.666502
4583,1.7885,1.68722,-0.593293
4584,1.7885,1.68722,-0.593293
4585,1.72268,1.61506,-0.59932
4586,1.72268,1.61506,-0.59932
4587,1.72268,1.61506,-0.59932
4588,1.72268,1.61506,-0.59932
4589,1.67447,1.5859,-0.537388
4590,1.7121,1.6327,-0.515336
4591,1.82619,1.75212,-0.514796
4592,1.86168,1.76242,-0.599773
4593,1.79647,1.66109,-0.684172
4594,1.79647,1.66109,-0.684172
4595,1.89605,1.72527,-0.786404
4596,1.91715,1.74035,-0.804154
4597,1.91715,1.74035,-0.804154
4598,2.04273,1.80848,-0.949832
4599,1.94531,1.75786,-0.833167
4600,1.92429,1.65647,-0.97928
4601,1.88535,1.65007,-0.912026
4602,1.81267,1.60601,-0.840527
4603,1.81937,1.61406,-0.839597
4604,1.78004,1.60149,-0.777026
4605,1.74418,1.56311,-0.77385
4606,1.72431,1.55401,-0.747186
4607,1.74096,1.54977,-0.793184
4608,1.74096,1.54977,-0.793184
4609,1.74096,1.54977,-0.793184
4610,1.74519,1.52631,-0.846204
4611,1.74519,1.52631,-0.846204
4612,1.74519,1.52631,-0.846204
4613,1.75474,1.48994,-0.926931
4614,1.68586,1.37965,-0.968853
4615,1.76063,1.4541,-0.992679
4616,1.76063,1.4541,-0.992679
4617,1.76063,1.4541,-0.992679
4618,1.76063,1.4541,-0.992679
4619,1.70928,1.42274,-0.947336
4620,1.70928,1.42274,-0.947336
4621,1.69377,1.43244,-0.903876
4622,1.69377,1.43244,-0.903876
4623,1.69377,1.43244,-0.903876
4624,1.69377,1.43244,-0.903876
4625,1.61296,1.36556,-0.858413
4626,1.67757,1.43105,-0.875409
4627,1.76524,1.39755,-1.07839
4628,1.86906,1.49741,-1.11854
4629,1.82979,1.42077,-1.15305
4630,1.78467,1.38554,-1.12487
4631,1.78467,1.38554,-1.12487
4632,1.8853,1.45744,-1.19593
4633,1.8853,1.45744,-1.19593
4634,1.91662,1.4876,-1.2085
4635,1.91662,1.4876,-1.2085
4636,1.91492,1.45275,-1.24757
4637,1.83014,1.44366,-1.12483
4638,1.68855,1.33359,-1.03573
4639,1.68855,1.33359,-1.03573
4640,1.71765,1.32551,-1.09239
4641,1.67696,1.34749,-0.998226
4642,1.66026,1.37676,-0.927889
4643,1.66026,1.37676,-0.927889
4644,1.66026,1.37676,-0.927889
4645,1.75854,1.42158,-1.03518
4646,1.73936,1.45081,-0.959444
4647,1.73936,1.45081,-0.959444
4648,1.80896,1.53365,-0.959302
4649,1.80825,1.5562,-0.92088
4650,1.80825,1.5562,-0.92088
4651,1.87132,1.51804,-1.09426
4652,1.82101,1.43775,-1.11756
4653,1.74719,1.4239,-1.01251
4654,1.84504,1.48527,-1.09459
4655,1.84504,1.48527,-1.09459
4656,1.84504,1.48527,-1.09459
4657,1.84504,1.48527,-1.09459
4658,1.78396,1.43739,-1.05661
4659,1.78396,1.43739,-1.05661
4660,1.87998,1.48847,-1.14838
4661,1.91747,1.48447,-1.21368
4662,1.9038,1.43561,-1.25039
4663,1.94134,1.52141,-1.20587
4664,2.03164,1.60054,-1.25134
4665,2.03164,1.60054,-1.25134
4666,2.03164,1.60054,-1.25134
4667,2.03764,1.66614,-1.17301
4668,2.03764,1.66614,-1.17301
4669,2.03764,1.66614,-1.17301
4670,2.05867,1.73695,-1.10505
4671,2.06958,1.73121,-1.13406
4672,1.9984,1.68289,-1.07773
4673,1.9984,1.68289,-1.07773
4674,1.9984,1.68289,-1.07773
4675,1.86108,1.45285,-1.16312
4676,1.86534,1.38573,-1.2487
4677,1.86534,1.38573,-1.2487
4678,1.83912,1.34636,-1.25286
4679,1.91561,1.35858,-1.3505
4680,1.94553,1.30761,-1.44056
4681,1.94553,1.30761,-1.44056
4682,2.00869,1.3172,-1.51651
4683,1.95015,1.27872,-1.4724
4684,1.99008,1.2364,-1.5594
4685,1.94072,1.22847,-1.50241
4686,1.96061,1.13943,-1.59553
4687,1.9163,0.976468,-1.64885
4688,1.8634,1.04422,-1.54333
4689,1.8634,1.04422,-1.54333
4690,1.8634,1.04422,-1.54333
4691,1.83069,1.05262,-1.49781
4692,1.83069,1.05262,-1.49781
4693,1.83069,1.05262,-1.49781
4694,1.72585,1.01091,-1.39879
4695,1.83371,1.14916,-1.42895
4696,1.90948,1.13742,-1.53375
4697,1.8586,1.03358,-1.5447
4698,1.8891,1.11657,-1.5238
4699,1.92919,1.11273,-1.57594
4700,1.96286,1.24953,-1.51376
4701,1.8984,1.14938,-1.51091
4702,1.91663,1.05492,-1.60019
4703,1.91663,1.05492,-1.60019
4704,1.83767,1.04707,-1.51019
4705,1.92117,1.09434,-1.57902
4706,1.96286,1.11051,-1.61851
4707,1.8494,1.22173,-1.3884
4708,1.94811,1.27779,-1.47051
4709,1.96134,1.25507,-1.5072
4710,1.92285,1.22597,-1.48134
4711,2.00931,1.29967,-1.53238
4712,2.00931,1.29967,-1.53238
4713,1.99074,1.29224,-1.51432
4714,2.09146,1.40882,-1.54577
4715,2.09146,1.40882,-1.54577
4716,2.16222,1.40305,-1.64519
4717,2.16222,1.40305,-1.64519
4718,2.08041,1.31986,-1.60813
4719,2.08041,1.31986,-1.60813
4720,2.10372,1.43756,-1.53592
4721,2.20215,1.47608,-1.63421
4722,2.20215,1.47608,-1.63421
4723,2.15796,1.49825,-1.55307
4724,2.15796,1.49825,-1.55307
4725,2.15796,1.49825,-1.55307
4726,2.0747,1.45118,-1.48273
4727,2.03587,1.48764,-1.38985
4728,1.97754,1.38724,-1.40934
4729,1.97754,1.38724,-1.40934
4730,1.81905,1.27595,-1.29649
4731,1.81905,1.27595,-1.29649
4732,1.81905,1.27595,-1.29649
4733,1.87549,1.27097,-1.37916
4734,1.91819,1.29615,-1.41401
4735,1.91819,1.29615,-1.41401
4736,1.96622,1.31499,-1.46179
4737,2.05462,1.46775,-1.43776
4738,2.14401,1.6312,-1.39139
4739,2.14401,1.6312,-1.39139
4740,2.08442,1.6252,-1.3052
4741,2.08755,1.62276,-1.3132
4742,2.08755,1.62276,-1.3132
4743,2.02713,1.62051,-1.21786
4744,2.02713,1.62051,-1.21786
4745,1.94656,1.53487,-1.19719
4746,1.88833,1.49825,-1.14937
4747,1.90174,1.51535,-1.14906
4748,1.98019,1.54731,-1.23571
4749,1.98019,1.54731,-1.23571
4750,1.9973,1.48291,-1.33797
4751,1.9973,1.48291,-1.33797
4752,1.90863,1.47604,-1.21003
4753,1.90416,1.47475,-1.20454
4754,1.90416,1.47475,-1.20454
4755,1.95838,1.48717,-1.27419
4756,1.85284,1.51299,-1.06952
4757,1.8864,1.58474,-1.02329
4758,1.96579,1.67716,-1.0254
4759,1.89182,1.65568,-0.915273
4760,1.89182,1.65568,-0.915273
4761,1.9203,1.73786,-0.816946
4762,1.94954,1.80029,-0.748101
4763,1.94954,1.80029,-0.748101
4764,1.94954,1.80029,-0.748101
4765,1.96447,1.7636,-0.865375
4766,1.90768,1.66795,-0.925849
4767,1.90768,1.66795,-0.925849
4768,1.98574,1.7687,-0.902687
4769,1.98574,1.7687,-0.902687
4770,1.98574,1.7687,-0.902687
4771,1.91695,1.74635,-0.790535
4772,1.87894,1.7064,-0.786526
4773,1.89467,1.74978,-0.72669
4774,1.76883,1.67574,-0.566284
4775,1.71561,1.64851,-0.4751
4776,1.77,1.70884,-0.46127
4777,1.81171,1.74609,-0.4832
4778,1.81171,1.74609,-0.4832
4779,1.81171,1.74609,-0.4832
4780,1.77118,1.68495,-0.545926
4781,1.77118,1.68495,-0.545926
4782,1.79189,1.6891,-0.598165
4783,1.79189,1.6891,-0.598165
4784,1.79399,1.7292,-0.477776
4785,1.79399,1.7292,-0.477776
4786,1.79399,1.7292,-0.477776
4787,1.79399,1.7292,-0.477776
4788,1.84619,1.78499,-0.471421
4789,1.89682,1.82999,-0.499056
4790,1.87578,1.83139,-0.405653
4791,1.87578,1.83139,-0.405653
4792,1.93042,1.84403,-0.571031
4793,1.85319,1.75565,-0.593298
4794,1.85319,1.75565,-0.593298
4795,1.85319,1.75565,-0.593298
4796,1.84434,1.72284,-0.658339
4797,1.94884,1.8376,-0.648995
4798,1.84701,1.75438,-0.57759
4799,1.84701,1.75438,-0.57759
4800,1.88371,1.77612,-0.627485
4801,1.88371,1.77612,-0.627485
4802,1.81657,1.70395,-0.629657
4803,1.79259,1.66815,-0.656251
4804,1.74164,1.64895,-0.560591
4805,1.74363,1.66599,-0.51453
4806,1.81524,1.74579,-0.497318
4807,1.89346,1.82505,-0.504366
4808,1.89346,1.82505,-0.504366
4809,1.89346,1.82505,-0.504366
4810,1.87531,1.81406,-0.475344
4811,1.87531,1.81406,-0.475344
4812,1.84429,1.79245,-0.434185
4813,1.87521,1.80662,-0.502496
4814,1.89692,1.8101,-0.567299
4815,1.89692,1.8101,-0.567299
4816,1.96725,1.85904,-0.643473
4817,1.96725,1.85904,-0.643473
4818,1.95369,1.83712,-0.664745
4819,2.03289,1.91585,-0.67983
4820,1.95521,1.81275,-0.732648
4821,1.95521,1.81275,-0.732648
4822,1.95521,1.81275,-0.732648
4823,1.95071,1.81519,-0.714391
4824,1.95071,1.81519,-0.714391
4825,1.95071,1.81519,-0.714391
4826,1.87288,1.68289,-0.82194
4827,1.87947,1.65803,-0.885071
4828,1.81785,1.61716,-0.830284
4829,1.81785,1.61716,-0.830284
4830,1.93619,1.70656,-0.914587
4831,1.93619,1.70656,-0.914587
4832,2.0073,1.81842,-0.850046
4833,2.01341,1.83625,-0.825831
4834,1.98062,1.7578,-0.912689
4835,2.03296,1.82639,-0.89288
4836,2.06199,1.86781,-0.873548
4837,2.02885,1.80496,-0.926465
4838,2.02906,1.79714,-0.942019
4839,2.00244,1.76294,-0.949645
4840,1.93168,1.66994,-0.970926
4841,1.93579,1.68122,-0.959574
4842,1.82604,1.56878,-0.934539
4843,1.85322,1.55919,-1.00168
4844,1.85322,1.55919,-1.00168
4845,1.85322,1.55919,-1.00168
4846,1.85897,1.61785,-0.915614
4847,1.89709,1.61229,-0.99974
4848,1.94191,1.72447,-0.892865
4849,1.98764,1.78186,-0.880724
4850,1.98764,1.78186,-0.880724
4851,1.98764,1.78186,-0.880724
4852,2.02062,1.79428,-0.929245
4853,2.02062,1.79428,-0.929245
4854,1.97761,1.73591,-0.94739
4855,1.96986,1.72075,-0.958836
4856,1.90118,1.64508,-0.953009
4857,1.93552,1.71616,-0.895003
4858,1.96321,1.74849,-0.892746
4859,1.96321,1.74849,-0.892746
4860,1.93517,1.74531,-0.835926
4861,1.9228,1.73686,-0.8249
4862,1.9228,1.73686,-0.8249
4863,1.93903,1.73764,-0.860496
4864,1.91772,1.67715,-0.929948
4865,1.84928,1.51424,-1.06157
4866,1.89017,1.63401,-0.950129
4867,1.89017,1.63401,-0.950129
4868,1.89017,1.63401,-0.950129
4869,1.93565,1.59564,-1.09575
4870,1.85504,1.393,-1.22503
4871,1.98182,1.5873,-1.18664
4872,1.93698,1.43328,-1.30293
4873,1.83186,1.3514,-1.2367
4874,1.83186,1.3514,-1.2367
4875,1.83186,1.3514,-1.2367
4876,1.93057,1.42542,-1.30202
4877,1.87232,1.4064,-1.23596
4878,1.8127,1.39529,-1.15718
4879,1.93687,1.49209,-1.23497
4880,1.93687,1.49209,-1.23497
4881,1.96717,1.53279,-1.23301
4882,1.96717,1.53279,-1.23301
4883,2.01886,1.66229,-1.14569
4884,2.01886,1.66229,-1.14569
4885,1.97018,1.60564,-1.14173
4886,1.97018,1.60564,-1.14173
4887,1.97018,1.60564,-1.14173
4888,1.98565,1.66879,-1.07609
4889,1.90959,1.6135,-1.02135
4890,1.94739,1.69234,-0.963494
4891,1.95256,1.73194,-0.901606
4892,1.88306,1.67126,-0.867635
4893,1.91233,1.637,-0.98856
4894,1.86027,1.57618,-0.988073
4895,1.91381,1.6212,-1.01705
4896,1.95539,1.66741,-1.02142
4897,1.93425,1.72271,-0.879531
4898,1.99468,1.78146,-0.897288
4899,1.98704,1.78198,-0.879143
4900,1.98704,1.78198,-0.879143
4901,1.98704,1.78198,-0.879143
4902,1.94685,1.7955,-0.752601
4903,1.94685,1.7955,-0.752601
4904,1.9163,1.75581,-0.767683
4905,1.9163,1.75581,-0.767683
4906,1.86111,1.7027,-0.751372
4907,1.86111,1.7027,-0.751372
4908,1.87214,1.75384,-0.654946
4909,1.7523,1.66742,-0.538755
4910,1.78416,1.66603,-0.638432
4911,1.83726,1.71663,-0.654771
4912,1.90106,1.76314,-0.710894
4913,1.90106,1.76314,-0.710894
4914,1.90315,1.78249,-0.666859
4915,1.99265,1.8676,-0.694785
4916,1.99265,1.8676,-0.694785
4917,1.9485,1.81884,-0.698904
4918,1.88836,1.76649,-0.667397
4919,1.7417,1.61393,-0.654813
4920,1.7129,1.60829,-0.589427
4921,1.77121,1.68141,-0.556815
4922,1.80423,1.68073,-0.656066
4923,1.80423,1.68073,-0.656066
4924,1.76218,1.64791,-0.624241
4925,1.65762,1.55005,-0.587421
4926,1.71021,1.61494,-0.562847
4927,1.76272,1.66254,-0.585785
4928,1.73372,1.64825,-0.537646
4929,1.73372,1.64825,-0.537646
4930,1.73372,1.64825,-0.537646
4931,1.68847,1.60031,-0.538467
4932,1.68847,1.60031,-0.538467
4933,1.72503,1.65673,-0.480614
4934,1.69401,1.61375,-0.515234
4935,1.67845,1.5907,-0.535595
4936,1.71124,1.63149,-0.516312
4937,1.71654,1.58756,-0.6528
4938,1.72869,1.61034,-0.628646
4939,1.79329,1.65072,-0.700711
4940,1.77599,1.65189,-0.652241
4941,1.74808,1.65324,-0.567959
4942,1.70384,1.58081,-0.635698
4943,1.70384,1.58081,-0.635698
4944,1.70384,1.58081,-0.635698
4945,1.70201,1.61235,-0.545115
4946,1.70201,1.61235,-0.545115
4947,1.70201,1.61235,-0.545115
4948,1.70201,1.61235,-0.545115
4949,1.70201,1.61235,-0.545115
4950,1.72316,1.63954,-0.530271
4951,1.71952,1.64407,-0.503742
4952,1.6392,1.56269,-0.49495
4953,1.6392,1.56269,-0.49495
4954,1.65936,1.53925,-0.619838
4955,1.65936,1.53925,-0.619838
4956,1.65936,1.53925,-0.619838
4957,1.67052,1.58594,-0.524835
4958,1.64499,1.52889,-0.607051
4959,1.64931,1.54944,-0.565218
4960,1.65851,1.57541,-0.518393
4961,1.65851,1.57541,-0.518393
4962,1.65851,1.57541,-0.518393
4963,1.62633,1.55787,-0.466867
4964,1.65973,1.60024,-0.440401
4965,1.65973,1.60024,-0.440401
4966,1.70658,1.65603,-0.412321
4967,1.70671,1.6647,-0.376345
4968,1.70671,1.6647,-0.376345
4969,1.63741,1.57648,-0.442532
4970,1.63741,1.57648,-0.442532
4971,1.65745,1.59181,-0.461806
4972,1.68361,1.63465,-0.403056
4973,1.69064,1.64705,-0.381425
4974,1.72554,1.66504,-0.452912
4975,1.71345,1.62955,-0.529596
4976,1.71345,1.62955,-0.529596
4977,1.77434,1.66939,-0.601194
4978,1.80638,1.67206,-0.683529
4979,1.86091,1.73661,-0.668699
4980,1.86091,1.73661,-0.668699
4981,1.85541,1.73304,-0.662658
4982,1.79115,1.70866,-0.537294
4983,1.79115,1.70866,-0.537294
4984,1.82083,1.75117,-0.498806
4985,1.85148,1.79681,-0.446582
4986,1.92292,1.84041,-0.557224
4987,1.87009,1.77581,-0.586285
4988,1.87009,1.77581,-0.586285
4989,1.87009,1.77581,-0.586285
4990,1.95993,1.84337,-0.665799
4991,1.95993,1.84337,-0.665799
4992,1.93446,1.82812,-0.632537
4993,1.93826,1.8113,-0.689955
4994,1.93826,1.8113,-0.689955
4995,1.93826,1.8113,-0.689955
4996,1.89259,1.78957,-0.615884
4997,1.89259,1.78957,-0.615884
4998,1.9476,1.82252,-0.6867
4999,1.9476,1.82252,-0.6867
5000,2.04151,1.88856,-0.775312
5001,1.95345,1.79999,-0.758949
5002,1.83607,1.69565,-0.704214
5003,1.8998,1.75191,-0.734889
5004,1.91921,1.76553,-0.752509
5005,1.89542,1.74666,-0.736058
5006,1.86316,1.71351,-0.731599
5007,1.86316,1.71351,-0.731599
5008,1.86316,1.71351,-0.731599
5009,1.85763,1.70599,-0.735121
5010,1.87527,1.73505,-0.711498
5011,2.02169,1.84861,-0.818451
5012,2.02169,1.84861,-0.818451
5013,1.98401,1.77032,-0.895691
5014,1.96451,1.74362,-0.905029
5015,1.96451,1.74362,-0.905029
5016,1.91434,1.68875,-0.90156
5017,1.91434,1.68875,-0.90156
5018,1.91434,1.68875,-0.90156
5019,1.89457,1.71674,-0.801376
5020,1.89997,1.70699,-0.834306
5021,1.89997,1.70699,-0.834306
5022,1.91327,1.63871,-0.987531
5023,1.91327,1.63871,-0.987531
5024,1.94761,1.60858,-1.09803
5025,1.94761,1.60858,-1.09803
5026,1.94373,1.59265,-1.11425
5027,1.94373,1.59265,-1.11425
5028,1.94373,1.59265,-1.11425
5029,1.94373,1.59265,-1.11425
5030,1.94373,1.59265,-1.11425
5031,1.94373,1.59265,-1.11425
5032,2.01193,1.70728,-1.06445
5033,2.02652,1.78195,-0.965115
5034,2.03368,1.79785,-0.950568
5035,1.93222,1.65615,-0.995302
5036,1.94651,1.61858,-1.08126
5037,1.93288,1.68749,-0.942565
5038,1.93288,1.68749,-0.942565
5039,1.8912,1.6619,-0.90262
5040,1.8984,1.59397,-1.0311
5041,1.86973,1.56956,-1.01605
5042,1.93557,1.60315,-1.08459
5043,1.98005,1.67368,-1.05802
5044,1.93762,1.69657,-0.935948
5045,1.99832,1.77933,-0.909555
5046,1.99832,1.77933,-0.909555
5047,1.99832,1.77933,-0.909555
5048,2.01834,1.78844,-0.935506
5049,2.08712,1.84479,-0.976132
5050,2.08712,1.84479,-0.976132
5051,2.08712,1.84479,-0.976132
5052,2.08712,1.84479,-0.976132
5053,2.21411,1.96379,-1.02264
5054,2.21411,1.96379,-1.02264
5055,2.12013,1.86004,-1.01745
5056,2.10735,1.90365,-0.903896
5057,2.03299,1.79646,-0.951717
5058,1.94724,1.70542,-0.939821
5059,1.90806,1.65219,-0.954442
5060,1.99371,1.70847,-1.02762
5061,1.99371,1.70847,-1.02762
5062,2.09936,1.78144,-1.11076
5063,2.08448,1.76368,-1.11108
5064,2.08448,1.76368,-1.11108
5065,2.03471,1.75796,-1.02451
5066,2.09994,1.8229,-1.04248
5067,2.0535,1.76585,-1.04816
5068,2.0535,1.76585,-1.04816
5069,2.0535,1.76585,-1.04816
5070,2.08927,1.85094,-0.969059
5071,2.16182,1.92365,-0.986429
5072,2.1663,1.89514,-1.04943
5073,2.13353,1.81513,-1.12128
5074,2.13566,1.81481,-1.12582
5075,2.05042,1.68606,-1.16679
5076,2.16406,1.74409,-1.28114
5077,2.16406,1.74409,-1.28114
5078,2.14948,1.70887,-1.30385
5079,2.14948,1.70887,-1.30385
5080,2.14948,1.70887,-1.30385
5081,2.18665,1.79549,-1.24806
5082,2.19265,1.80641,-1.24281
5083,2.09493,1.71606,-1.20161
5084,2.23322,1.79921,-1.32291
5085,2.17391,1.81059,-1.20318
5086,2.17957,1.8854,-1.09353
5087,2.11727,1.83254,-1.0605
5088,2.1679,1.94568,-0.956095
5089,2.1679,1.94568,-0.956095
5090,2.22139,1.95788,-1.04943
5091,2.17333,1.88926,-1.07428
5092,2.15034,1.82987,-1.1294
5093,2.16623,1.78697,-1.22445
5094,2.17261,1.81235,-1.19817
5095,2.12571,1.76588,-1.18335
5096,2.12571,1.76588,-1.18335
5097,2.04972,1.7124,-1.12652
5098,2.04972,1.7124,-1.12652
5099,2.04954,1.75257,-1.06258
5100,2.04954,1.75257,-1.06258
5101,2.04954,1.75257,-1.06258
5102,2.05043,1.79174,-0.996969
5103,2.05043,1.79174,-0.996969
5104,2.02098,1.81103,-0.896968
5105,2.00998,1.8125,-0.868824
5106,2.00998,1.8125,-0.868824
5107,1.91753,1.72863,-0.829936
5108,1.89759,1.674,-0.893626
5109,1.91643,1.67582,-0.929691
5110,1.89243,1.63623,-0.950817
5111,1.89243,1.63623,-0.950817
5112,1.89243,1.63623,-0.950817
5113,1.89297,1.70379,-0.82489
5114,1.97047,1.79259,-0.818159
5115,1.92764,1.7418,-0.825788
5116,1.9308,1.76984,-0.7718
5117,1.98891,1.80363,-0.838276
5118,1.885,1.65362,-0.904844
5119,1.885,1.65362,-0.904844
5120,1.92133,1.73045,-0.834894
5121,1.87848,1.70372,-0.791211
5122,1.88633,1.76989,-0.65248
5123,1.90944,1.79975,-0.63785
5124,1.97133,1.84439,-0.695964
5125,1.97133,1.84439,-0.695964
5126,1.93278,1.77214,-0.77146
5127,1.97197,1.80329,-0.798013
5128,1.85866,1.72229,-0.698828
5129,1.86685,1.74148,-0.6726
5130,1.83288,1.68085,-0.730889
5131,1.8521,1.72744,-0.668005
5132,1.92074,1.73254,-0.829192
5133,1.92074,1.73254,-0.829192
5134,1.92074,1.73254,-0.829192
5135,1.97539,1.71766,-0.975601
5136,1.97539,1.71766,-0.975601
5137,1.98055,1.74604,-0.934849
5138,1.97518,1.77208,-0.872404
5139,1.97518,1.77208,-0.872404
5140,1.97518,1.77208,-0.872404
5141,2.06096,1.83604,-0.936234
5142,2.11182,1.85574,-1.00799
5143,2.11182,1.85574,-1.00799
5144,2.12708,1.96398,-0.816873
5145,2.1733,2.0615,-0.688064
5146,2.13511,1.94329,-0.884481
5147,2.02939,1.85519,-0.822626
5148,2.15942,1.98909,-0.840605
5149,1.98958,1.85789,-0.711809
5150,1.99029,1.81183,-0.82373
5151,1.99029,1.81183,-0.82373
5152,2.04545,1.85774,-0.855956
5153,1.96322,1.78087,-0.826256
5154,1.8819,1.65411,-0.897475
5155,1.95846,1.74626,-0.886645
5156,1.95846,1.74626,-0.886645
5157,1.93564,1.68877,-0.945906
5158,1.95746,1.68006,-1.00451
5159,1.95746,1.68006,-1.00451
5160,1.95396,1.72517,-0.917469
5161,1.94534,1.75032,-0.848939
5162,1.94509,1.69335,-0.957048
5163,2.00733,1.75897,-0.96715
5164,1.97942,1.69635,-1.02006
5165,1.91723,1.66811,-0.945076
5166,1.91723,1.66811,-0.945076
5167,1.92494,1.74323,-0.81643
5168,1.92494,1.74323,-0.81643
5169,1.9018,1.76178,-0.716241
5170,1.92291,1.69095,-0.915574
5171,1.92291,1.69095,-0.915574
5172,1.99798,1.75022,-0.963657
5173,1.97876,1.74719,-0.928879
5174,1.96298,1.7287,-0.929992
5175,1.95217,1.72239,-0.918875
5176,2.006,1.7661,-0.951281
5177,2.10957,1.93673,-0.836281
5178,2.10957,1.93673,-0.836281
5179,2.08279,1.96739,-0.683674
5180,2.0734,1.96725,-0.654919
5181,2.05556,1.96709,-0.596584
5182,2.09313,2.01728,-0.558395
5183,2.02331,1.94301,-0.564331
5184,2.00574,1.8911,-0.668386
5185,2.0117,1.90044,-0.659745
5186,2.02833,1.90558,-0.694906
5187,2.02833,1.90558,-0.694906
5188,2.02833,1.90558,-0.694906
5189,2.01672,1.87084,-0.753081
5190,2.06662,1.92879,-0.742095
5191,2.04491,1.87234,-0.822202
5192,2.08047,1.92531,-0.78838
5193,2.05961,1.9223,-0.739425
5194,2.28127,2.07751,-0.942401
5195,2.18073,2.01397,-0.83636
5196,2.18073,2.01397,-0.83636
5197,2.08854,1.89986,-0.867469
5198,2.08854,1.89986,-0.867469
5199,2.20783,2.02391,-0.882214
5200,2.08702,1.91912,-0.820136
5201,2.08702,1.91912,-0.820136
5202,2.00609,1.8781,-0.705093
5203,2.00609,1.8781,-0.705093
5204,2.13993,1.9657,-0.84577
5205,2.20096,2.02806,-0.855108
5206,2.21333,2.01321,-0.919674
5207,2.23024,2.00917,-0.968087
5208,2.14449,1.92561,-0.94386
5209,2.06878,1.84259,-0.940588
5210,1.97726,1.77829,-0.864431
5211,2.04707,1.89437,-0.775778
5212,2.01394,1.84199,-0.814268
5213,2.03882,1.87361,-0.803974
5214,2.16437,2.04047,-0.721777
5215,2.09213,1.95126,-0.754709
5216,1.99175,1.82336,-0.801511
5217,1.99891,1.82563,-0.814094
5218,1.99891,1.82563,-0.814094
5219,2.02353,1.88615,-0.732885
5220,2.00185,1.87231,-0.708401
5221,2.00232,1.88266,-0.681806
5222,1.96852,1.84094,-0.697144
5223,1.96852,1.84094,-0.697144
5224,1.89988,1.78678,-0.645731
5225,1.90969,1.77386,-0.707334
5226,1.90969,1.77386,-0.707334
5227,1.90197,1.79344,-0.633289
5228,1.85071,1.75499,-0.587483
5229,1.85071,1.75499,-0.587483
5230,1.96705,1.852,-0.662869
5231,1.96705,1.852,-0.662869
5232,1.93681,1.82384,-0.651805
5233,1.91827,1.84514,-0.524611
5234,1.93246,1.87444,-0.470005
5235,1.89491,1.87311,-0.286587
5236,1.98001,1.93884,-0.401696
5237,1.98001,1.93884,-0.401696
5238,1.98001,1.93884,-0.401696
5239,1.98001,1.93884,-0.401696
5240,1.98001,1.93884,-0.401696
5241,1.97844,1.93429,-0.415662
5242,1.97844,1.93429,-0.415662
5243,1.9527,1.90296,-0.437912
5244,1.96823,1.91459,-0.456365
5245,1.96823,1.91459,-0.456365
5246,1.96823,1.91459,-0.456365
5247,2.00953,1.9439,-0.50939
5248,2.05203,1.98455,-0.521926
5249,2.03323,1.96014,-0.540268
5250,2.03323,1.96014,-0.540268
5251,1.87435,1.82991,-0.405736
5252,1.83997,1.80488,-0.357665
5253,1.83997,1.80488,-0.357665
5254,1.88426,1.83451,-0.430134
5255,1.84165,1.78949,-0.435219
5256,1.79105,1.76455,-0.306954
5257,1.79105,1.76455,-0.306954
5258,1.79105,1.76455,-0.306954
5259,1.84232,1.79271,-0.424644
5260,1.84042,1.76046,-0.53657
5261,1.84042,1.76046,-0.53657
5262,1.71555,1.67171,-0.385359
5263,1.71555,1.67171,-0.385359
5264,1.79185,1.73876,-0.432937
5265,1.79185,1.73876,-0.432937
5266,1.76453,1.71001,-0.435233
5267,1.77632,1.74562,-0.3288
5268,1.77632,1.74562,-0.3288
5269,1.76946,1.74446,-0.296357
5270,1.76946,1.74446,-0.296357
5271,1.76946,1.74446,-0.296357
5272,1.76946,1.74446,-0.296357
5273,1.7457,1.68851,-0.443167
5274,1.71407,1.66949,-0.388376
5275,1.6822,1.64423,-0.355425
5276,1.84526,1.79624,-0.422524
5277,1.76159,1.7165,-0.396034
5278,1.78727,1.69476,-0.567538
5279,1.82612,1.75916,-0.489976
5280,1.98863,1.91311,-0.542822
5281,1.98863,1.91311,-0.542822
5282,1.89003,1.79282,-0.598329
5283,1.89792,1.77594,-0.669429
5284,1.9427,1.78975,-0.755566
5285,1.9225,1.73405,-0.830104
5286,1.9225,1.73405,-0.830104
5287,1.94121,1.75178,-0.836409
5288,1.97671,1.79373,-0.830627
5289,1.98482,1.77473,-0.888741
5290,1.98482,1.77473,-0.888741
5291,1.98482,1.77473,-0.888741
5292,1.85578,1.65994,-0.829766
5293,1.90991,1.76114,-0.73902
5294,1.93267,1.81268,-0.670401
5295,1.90383,1.81709,-0.568121
5296,1.917,1.86049,-0.462045
5297,1.917,1.86049,-0.462045
5298,1.97809,1.90851,-0.520034
5299,1.97809,1.90851,-0.520034
5300,2.05984,1.98105,-0.564237
5301,1.95573,1.8692,-0.575313
5302,2.07146,1.97074,-0.638061
5303,1.95897,1.84187,-0.66714
5304,1.95897,1.84187,-0.66714
5305,1.91187,1.78306,-0.689884
5306,1.91187,1.78306,-0.689884
5307,1.99477,1.86702,-0.702384
5308,1.98388,1.81336,-0.804682
5309,2.04641,1.87306,-0.824269
5310,2.05271,1.87931,-0.825705
5311,2.13956,1.94624,-0.88875
5312,2.26303,1.9949,-1.06849
5313,2.32023,2.09934,-0.988045
5314,2.20397,1.98297,-0.961921
5315,2.20397,1.98297,-0.961921
5316,2.33786,2.09908,-1.02931
5317,2.22403,2.02474,-0.9202
5318,2.23012,2.06637,-0.838761
5319,2.30728,2.14191,-0.857761
5320,2.30728,2.14191,-0.857761
5321,2.24854,2.03259,-0.96151
5322,2.19542,2.01526,-0.870976
5323,2.10574,1.95614,-0.779541
5324,2.12608,1.93729,-0.87587
5325,2.12608,1.93729,-0.87587
5326,2.1115,1.91675,-0.885733
5327,2.18131,1.9408,-0.995698
5328,2.20752,1.961,-1.01371
5329,2.18077,1.93594,-1.00395
5330,2.18077,1.93594,-1.00395
5331,2.18077,1.93594,-1.00395
5332,2.27588,2.07068,-0.944414
5333,2.15393,1.99315,-0.816553
5334,2.16031,1.96907,-0.888648
5335,2.12784,1.94391,-0.865395
5336,2.12784,1.94391,-0.865395
5337,2.40701,2.23461,-0.894546
5338,2.40701,2.23461,-0.894546
5339,2.40701,2.23461,-0.894546
5340,2.27433,2.05011,-0.984696
5341,2.27433,2.05011,-0.984696
5342,2.27433,2.05011,-0.984696
5343,2.19882,1.94097,-1.03316
5344,2.23568,1.96802,-1.06073
5345,2.23467,1.95408,-1.08413
5346,2.23467,1.95408,-1.08413
5347,2.17643,1.94261,-0.981375
5348,2.19231,1.90981,-1.07649
5349,2.0606,1.8415,-0.924636
5350,2.08492,1.88816,-0.884156
5351,2.08492,1.88816,-0.884156
5352,2.02781,1.82478,-0.884419
5353,2.02781,1.82478,-0.884419
5354,2.02781,1.82478,-0.884419
5355,2.02781,1.82478,-0.884419
5356,2.02781,1.82478,-0.884419
5357,1.86856,1.63521,-0.904201
5358,1.99663,1.72186,-1.0108
5359,1.99663,1.72186,-1.0108
5360,1.9221,1.62692,-1.02351
5361,1.98823,1.77229,-0.901136
5362,1.93944,1.75979,-0.815216
5363,1.85408,1.68296,-0.777988
5364,1.81144,1.61106,-0.828135
5365,1.88568,1.73875,-0.729762
5366,1.88568,1.73875,-0.729762
5367,1.97512,1.83865,-0.72143
5368,1.93172,1.84259,-0.580024
5369,1.93172,1.84259,-0.580024
5370,1.94869,1.86455,-0.566418
5371,2.04283,1.97056,-0.538551
5372,2.04283,1.97056,-0.538551
5373,2.05885,1.94306,-0.680726
5374,2.22121,2.07863,-0.782996
5375,2.09991,2.00614,-0.6205
5376,2.04545,1.92729,-0.68515
5377,2.04545,1.92729,-0.68515
5378,2.07033,1.96759,-0.6441
5379,2.04784,1.93273,-0.676917
5380,2.01887,1.90031,-0.681649
5381,2.03243,1.89746,-0.728281
5382,2.03761,1.86265,-0.826066
5383,2.03761,1.86265,-0.826066
5384,2.09224,1.8826,-0.912846
5385,2.09224,1.8826,-0.912846
5386,2.06191,1.83921,-0.932072
5387,2.01901,1.75549,-0.997337
5388,2.08806,1.81111,-1.03916
5389,2.09834,1.81808,-1.04767
5390,2.1253,1.81228,-1.11021
5391,2.10565,1.7618,-1.15317
5392,2.03653,1.6784,-1.15345
5393,2.05569,1.7265,-1.11583
5394,2.05569,1.7265,-1.11583
5395,2.06187,1.72745,-1.12571
5396,2.06187,1.72745,-1.12571
5397,2.02207,1.78455,-0.950867
5398,2.0575,1.8071,-0.983707
5399,2.0575,1.8071,-0.983707
5400,2.01781,1.77694,-0.956056
5401,1.98507,1.70954,-1.00895
5402,2.03426,1.75107,-1.03534
5403,1.97928,1.68102,-1.04484
5404,1.97928,1.68102,-1.04484
5405,1.97754,1.64275,-1.10093
5406,1.97754,1.64275,-1.10093
5407,2.03755,1.71504,-1.10011
5408,2.03755,1.71504,-1.10011
5409,2.02774,1.71014,-1.08957
5410,2.18976,1.87082,-1.13801
5411,2.13869,1.78706,-1.17491
5412,2.13869,1.78706,-1.17491
5413,2.18877,1.77103,-1.28615
5414,2.18877,1.77103,-1.28615
5415,2.17725,1.70798,-1.35027
5416,2.17725,1.70798,-1.35027
5417,2.17725,1.70798,-1.35027
5418,2.15462,1.68397,-1.3441
5419,2.25829,1.75476,-1.42151
5420,2.32824,1.75178,-1.53363
5421,2.31336,1.78436,-1.47231
5422,2.31336,1.78436,-1.47231
5423,2.33197,1.69971,-1.59658
5424,2.33563,1.6556,-1.64748
5425,2.31511,1.66728,-1.60621
5426,2.34349,1.66186,-1.65231
5427,2.50844,1.84472,-1.69979
5428,2.51051,1.873,-1.67169
5429,2.51051,1.873,-1.67169
5430,2.46922,1.89625,-1.58155
5431,2.47803,1.87999,-1.6144
5432,2.47803,1.87999,-1.6144
5433,2.47803,1.87999,-1.6144
5434,2.47483,1.86184,-1.63044
5435,2.55869,1.87738,-1.73849
5436,2.56897,1.80629,-1.82672
5437,2.5721,1.66085,-1.964
5438,2.47433,1.51368,-1.95732
5439,2.40764,1.4596,-1.91476
5440,2.40764,1.4596,-1.91476
5441,2.36124,1.47269,-1.84571
5442,2.27753,1.44144,-1.76335
5443,2.28106,1.44086,-1.76838
5444,2.16719,1.31337,-1.72388
5445,2.20732,1.27225,-1.80379
5446,2.20732,1.27225,-1.80379
5447,2.22225,1.25022,-1.83721
5448,2.22225,1.25022,-1.83721
5449,2.22225,1.25022,-1.83721
5450,2.18507,1.1913,-1.83176
5451,2.18507,1.1913,-1.83176
5452,2.18507,1.1913,-1.83176
5453,2.18507,1.1913,-1.83176
5454,2.19099,1.20302,-1.83117
5455,2.2027,1.04275,-1.94025
5456,2.3376,1.0247,-2.10104
5457,2.3376,1.0247,-2.10104
5458,2.30939,1.05427,-2.0547
5459,2.30939,1.05427,-2.0547
5460,2.26771,0.964524,-2.05236
5461,2.26771,0.964524,-2.05236
5462,2.26771,0.964524,-2.05236
5463,2.17772,0.889305,-1.98786
5464,2.23976,0.84087,-2.07592
5465,2.23976,0.84087,-2.07592
5466,2.29664,0.923674,-2.10271
5467,2.13124,0.776426,-1.98477
5468,2.18948,0.923481,-1.9852
5469,2.18948,0.923481,-1.9852
5470,2.18948,0.923481,-1.9852
5471,2.212,0.948589,-1.99828
5472,2.28559,0.962245,-2.07316
5473,2.16651,0.902907,-1.9694
5474,2.20737,0.76957,-2.06887
5475,2.20505,0.85463,-2.0327
5476,2.25131,1.03718,-1.99816
5477,2.25131,1.03718,-1.99816
5478,2.17389,0.961485,-1.9497
5479,2.17389,0.961485,-1.9497
5480,2.21025,0.98699,-1.97764
5481,2.26099,1.02328,-2.01618
5482,2.26099,1.02328,-2.01618
5483,2.27023,0.910134,-2.07981
5484,2.27905,0.938555,-2.07682
5485,2.28334,0.746135,-2.15799
5486,2.28334,0.746135,-2.15799
5487,2.35412,0.780689,-2.2209
5488,2.35412,0.780689,-2.2209
5489,2.2362,0.481548,-2.18374
5490,2.22933,0.60512,-2.14564
5491,2.17166,0.379439,-2.13825
5492,2.17166,0.379439,-2.13825
5493,2.21713,0.289261,-2.19817
5494,2.26577,0.145639,-2.26109
5495,2.26577,0.145639,-2.26109
5496,2.26577,0.145639,-2.26109
5497,2.19316,0.152694,-2.18784
5498,2.19316,0.152694,-2.18784
5499,2.19316,0.152694,-2.18784
5500,2.19316,0.152694,-2.18784
5501,2.16803,0.277225,-2.15024
5502,2.13354,0.366241,-2.10188
5503,2.04024,0.363185,-2.00765
5504,2.05491,0.51622,-1.98901
5505,1.995,0.546907,-1.91857
5506,2.03177,0.484283,-1.97321
5507,2.05015,0.598564,-1.96083
5508,2.1316,0.700669,-2.01315
5509,2.13772,0.734078,-2.00773
5510,2.25302,0.664937,-2.15266
5511,2.15992,0.630247,-2.06593
5512,2.15992,0.630247,-2.06593
5513,2.27812,0.731254,-2.15756
5514,2.23791,0.60994,-2.15319
5515,2.28262,0.674489,-2.18069
5516,2.28262,0.674489,-2.18069
5517,2.28262,0.674489,-2.18069
5518,2.28262,0.674489,-2.18069
5519,2.26315,0.682464,-2.1578
5520,2.26315,0.682464,-2.1578
5521,2.23226,0.575372,-2.15684
5522,2.17333,0.797535,-2.02171
5523,2.23162,0.852085,-2.06254
5524,2.13423,0.843681,-1.96039
5525,2.16295,0.82123,-2.00099
5526,2.14546,0.78837,-1.99536
5527,2.03316,0.689569,-1.91265
5528,2.03316,0.689569,-1.91265
5529,2.03316,0.689569,-1.91265
5530,2.04608,0.766232,-1.89719
5531,2.02383,0.727771,-1.88845
5532,2.02383,0.727771,-1.88845
5533,2.02383,0.727771,-1.88845
5534,2.02383,0.727771,-1.88845
5535,1.95374,0.742165,-1.80729
5536,2.00579,0.754169,-1.85861
5537,1.92793,0.740886,-1.77989
5538,1.92793,0.740886,-1.77989
5539,1.93898,0.631689,-1.8332
5540,1.90735,0.658945,-1.78991
5541,1.88194,0.570582,-1.79336
5542,1.89211,0.70546,-1.75568
5543,1.97432,0.722879,-1.83723
5544,1.97432,0.722879,-1.83723
5545,1.96687,0.689351,-1.84211
5546,1.96687,0.689351,-1.84211
5547,1.96814,0.622023,-1.86726
5548,2.01668,0.647513,-1.9099
5549,2.03054,0.519756,-1.96289
5550,2.01619,0.587814,-1.9286
5551,2.05872,0.599124,-1.96961
5552,2.1198,0.743636,-1.98509
5553,2.12153,0.646339,-2.02068
5554,2.1075,0.723899,-1.97927
5555,2.1075,0.723899,-1.97927
5556,2.1075,0.723899,-1.97927
5557,2.07471,0.629331,-1.97696
5558,2.0204,0.58917,-1.93259
5559,1.96508,0.586653,-1.87546
5560,1.96508,0.586653,-1.87546
5561,2.07787,0.605415,-1.98771
5562,2.03391,0.580365,-1.94935
5563,2.02566,0.424055,-1.98077
5564,2.04698,0.337385,-2.01899
5565,2.04698,0.337385,-2.01899
5566,1.95633,0.384321,-1.91821
5567,1.95633,0.384321,-1.91821
5568,1.95633,0.384321,-1.91821
5569,1.95945,0.364916,-1.92518
5570,2.00927,0.321991,-1.9833
5571,1.9515,0.30283,-1.92786
5572,2.05788,0.3984,-2.01895
5573,1.99639,0.451817,-1.94459
5574,1.99639,0.451817,-1.94459
5575,1.99639,0.451817,-1.94459
5576,2.0476,0.431513,-2.00161
5577,2.07449,0.388371,-2.03781
5578,2.07449,0.388371,-2.03781
5579,2.02439,0.28759,-2.00386
5580,1.97272,0.166571,-1.96568
5581,1.97272,0.166571,-1.96568
5582,1.97272,0.166571,-1.96568
5583,1.97996,0.147718,-1.97444
5584,1.96281,0.156979,-1.95653
5585,1.91559,0.159192,-1.90896
5586,1.98414,0.110961,-1.98104
5587,1.95589,0.0291555,-1.95568
5588,1.94333,0.0292091,-1.94311
5589,1.84781,0.0997845,-1.84511
5590,1.84781,0.0997845,-1.84511
5591,1.84781,0.0997845,-1.84511
5592,1.86391,0.055795,-1.86308
5593,1.79955,0.0805393,-1.79775
5594,1.84061,0.0417288,-1.84014
5595,1.84061,0.0417288,-1.84014
5596,1.94867,0.117015,-1.94515
5597,1.94867,0.117015,-1.94515
5598,1.90106,0.102671,-1.89829
5599,1.9191,0.0345246,-1.91879
5600,1.90412,0.11332,-1.90075
5601,1.85689,-0.00632701,-1.85688
5602,1.81763,-0.0682666,-1.81635
5603,1.79071,-0.0744971,-1.78916
5604,1.83848,-0.13595,-1.83345
5605,1.85675,-0.158799,-1.84995
5606,1.83514,-0.154977,-1.82859
5607,1.84218,-0.118678,-1.83835
5608,1.85963,-0.173154,-1.85155
5609,1.87616,-0.0282008,-1.87595
5610,1.87616,-0.0282008,-1.87595
5611,1.85689,-0.0974022,-1.85434
5612,1.94454,0.0215919,-1.94443
5613,1.85424,0.0323497,-1.85396
5614,1.81294,-0.00971089,-1.81291
5615,1.81294,-0.00971089,-1.81291
5616,1.9797,0.119398,-1.9761
5617,1.9797,0.119398,-1.9761
5618,2.05777,0.0837556,-2.05606
5619,2.01066,0.08649,-2.0088
5620,2.08119,0.134988,-2.07681
5621,2.09461,0.218889,-2.08314
5622,2.09393,0.314699,-2.07015
5623,2.09393,0.314699,-2.07015
5624,2.06362,0.335909,-2.0361
5625,2.12682,0.336713,-2.1
5626,2.22327,0.332288,-2.1983
5627,2.22327,0.332288,-2.1983
5628,2.16686,0.222438,-2.15541
5629,2.17828,0.2385,-2.16519
5630,2.17828,0.2385,-2.16519
5631,2.15205,0.379559,-2.11831
5632,2.24367,0.340709,-2.21765
5633,2.28735,0.272236,-2.27109
5634,2.13329,0.211267,-2.1228
5635,2.14155,0.167071,-2.13503
5636,2.13149,0.121966,-2.128
5637,2.06842,0.0511397,-2.06779
5638,2.05398,0.0377458,-2.05364
5639,2.05341,-0.075984,-2.052
5640,2.14707,-0.103686,-2.14456
5641,2.14707,-0.103686,-2.14456
5642,1.99839,-0.079374,-1.99681
5643,1.99155,-0.235343,-1.9776
5644,1.99155,-0.235343,-1.9776
5645,2.03576,-0.384556,-1.99911
5646,2.05028,-0.340268,-2.02185
5647,1.97685,-0.367044,-1.94247
5648,1.97685,-0.367044,-1.94247
5649,2.0517,-0.491064,-1.99206
5650,2.09028,-0.472931,-2.03607
5651,2.15665,-0.581824,-2.07669
5652,2.15665,-0.581824,-2.07669
5653,2.1706,-0.630766,-2.07693
5654,2.12968,-0.604973,-2.04195
5655,2.12968,-0.604973,-2.04195
5656,2.12968,-0.604973,-2.04195
5657,2.01085,-0.553719,-1.93311
5658,2.01085,-0.553719,-1.93311
5659,2.00182,-0.529631,-1.93049
5660,2.12981,-0.650142,-2.02815
5661,2.12981,-0.650142,-2.02815
5662,2.06001,-0.578365,-1.97715
5663,2.15984,-0.684526,-2.0485
5664,2.12887,-0.627519,-2.03429
5665,2.09839,-0.649425,-1.99536
5666,2.09839,-0.649425,-1.99536
5667,2.09839,-0.649425,-1.99536
5668,2.05714,-0.553196,-1.98136
5669,2.05714,-0.553196,-1.98136
5670,2.00698,-0.506984,-1.94189
5671,2.00698,-0.506984,-1.94189
5672,2.00431,-0.443189,-1.9547
5673,2.01486,-0.514609,-1.94804
5674,1.98022,-0.517135,-1.9115
5675,2.06605,-0.586524,-1.98105
5676,2.0108,-0.576445,-1.9264
5677,2.02612,-0.686186,-1.90639
5678,2.05501,-0.777586,-1.90221
5679,1.9339,-0.758715,-1.77885
5680,1.9339,-0.758715,-1.77885
5681,1.9339,-0.758715,-1.77885
5682,1.90587,-0.777144,-1.74022
5683,1.95305,-0.676611,-1.8321
5684,1.95305,-0.676611,-1.8321
5685,1.95305,-0.676611,-1.8321
5686,1.95057,-0.730016,-1.80881
5687,1.96422,-0.807461,-1.79058
5688,1.89782,-0.718755,-1.75645
5689,1.89782,-0.718755,-1.75645
5690,1.80286,-0.735676,-1.64593
5691,1.79487,-0.83663,-1.58796
5692,1.79595,-0.744521,-1.63436
5693,1.79595,-0.744521,-1.63436
5694,1.79595,-0.744521,-1.63436
5695,1.78553,-0.694164,-1.64508
5696,1.81774,-0.734997,-1.66251
5697,1.79527,-0.705143,-1.65099
5698,1.82877,-0.689952,-1.69362
5699,1.8454,-0.773821,-1.67532
5700,1.85756,-0.670532,-1.73231
5701,1.85203,-0.658794,-1.7309
5702,1.77962,-0.625498,-1.66607
5703,1.77962,-0.625498,-1.66607
5704,1.82908,-0.640045,-1.71344
5705,1.94842,-0.61788,-1.84785
5706,1.94024,-0.563708,-1.85655
5707,1.95127,-0.556346,-1.87027
5708,2.01757,-0.581917,-1.93182
5709,2.00437,-0.678704,-1.88596
5710,2.01219,-0.555135,-1.9341
5711,2.01219,-0.555135,-1.9341
5712,2.02314,-0.388434,-1.9855
5713,2.04363,-0.438119,-1.99611
5714,2.04363,-0.438119,-1.99611
5715,2.04363,-0.438119,-1.99611
5716,1.93107,-0.543482,-1.85301
5717,1.90962,-0.520339,-1.83736
5718,1.90962,-0.520339,-1.83736
5719,1.91697,-0.554241,-1.8351
5720,1.96622,-0.753946,-1.81593
5721,1.9616,-0.81332,-1.78505
5722,1.9616,-0.81332,-1.78505
5723,2.031,-0.730703,-1.895
5724,2.02651,-0.696091,-1.90321
5725,2.05227,-0.721834,-1.92114
5726,2.05227,-0.721834,-1.92114
5727,1.91869,-0.673608,-1.79656
5728,1.98612,-0.778456,-1.8272
5729,1.98612,-0.778456,-1.8272
5730,2.02034,-0.858236,-1.82899
5731,2.00683,-0.850559,-1.81766
5732,1.91544,-0.788516,-1.74561
5733,1.90094,-0.693415,-1.76996
5734,1.84149,-0.660244,-1.71906
5735,1.84149,-0.660244,-1.71906
5736,1.81631,-0.741849,-1.6579
5737,1.77863,-0.739169,-1.61776
5738,1.77863,-0.739169,-1.61776
5739,1.7315,-0.704746,-1.58159
5740,1.70194,-0.67633,-1.56179
5741,1.75688,-0.804649,-1.56179
5742,1.76676,-0.720021,-1.61339
5743,1.76676,-0.720021,-1.61339
5744,1.72047,-0.726424,-1.55959
5745,1.72047,-0.726424,-1.55959
5746,1.65875,-0.75983,-1.47449
5747,1.70079,-0.839886,-1.47895
5748,1.64557,-0.835607,-1.41762
5749,1.64557,-0.835607,-1.41762
5750,1.64557,-0.835607,-1.41762
5751,1.69655,-0.859618,-1.46265
5752,1.69655,-0.859618,-1.46265
5753,1.69655,-0.859618,-1.46265
5754,1.71559,-0.968531,-1.41605
5755,1.71559,-0.968531,-1.41605
5756,1.69873,-0.940566,-1.41457
5757,1.71031,-1.04317,-1.35534
5758,1.75846,-1.09892,-1.37279
5759,1.75846,-1.09892,-1.37279
5760,1.77887,-1.11867,-1.3831
5761,1.8734,-1.2546,-1.39126
5762,1.84632,-1.20049,-1.40275
5763,1.76301,-0.99702,-1.45401
5764,1.85465,-1.09658,-1.49574
5765,1.84923,-1.06125,-1.5144
5766,1.84647,-1.04208,-1.52431
5767,1.78652,-1.05793,-1.4396
5768,1.78652,-1.05793,-1.4396
5769,1.81034,-1.09126,-1.44446
5770,1.8993,-1.16464,-1.50032
5771,1.93368,-1.1002,-1.59019
5772,1.99795,-1.05173,-1.69873
5773,2.01835,-0.982197,-1.76324
5774,2.0103,-0.911528,-1.79176
5775,2.0103,-0.911528,-1.79176
5776,1.99026,-0.840603,-1.80402
5777,2.04087,-0.977588,-1.7915
5778,2.04315,-0.956407,-1.80547
5779,2.04315,-0.956407,-1.80547
5780,2.04315,-0.956407,-1.80547
5781,2.07956,-1.00298,-1.8217
5782,2.07956,-1.00298,-1.8217
5783,2.00451,-0.949246,-1.7655
5784,2.00874,-0.952625,-1.76849
5785,2.08867,-1.00282,-1.83219
5786,2.01461,-0.922209,-1.79114
5787,1.90787,-0.929192,-1.6663
5788,1.88526,-1.01093,-1.5913
5789,1.90187,-0.932418,-1.65762
5790,1.89374,-0.924575,-1.6527
5791,1.94801,-0.784842,-1.78291
5792,1.94801,-0.784842,-1.78291
5793,1.86436,-0.650687,-1.74713
5794,1.873,-0.510308,-1.80214
5795,1.87618,-0.566451,-1.78862
5796,1.89063,-0.463537,-1.83292
5797,1.80912,-0.343489,-1.77621
5798,1.81887,-0.354255,-1.78404
5799,1.88145,-0.223284,-1.86815
5800,1.81028,-0.228376,-1.79581
5801,1.81028,-0.228376,-1.79581
5802,1.82566,-0.322717,-1.79691
5803,1.79269,-0.376075,-1.7528
5804,1.79269,-0.376075,-1.7528
5805,1.76219,-0.410119,-1.7138
5806,1.86687,-0.33721,-1.83616
5807,1.86687,-0.33721,-1.83616
5808,1.86687,-0.33721,-1.83616
5809,1.91245,-0.423787,-1.8649
5810,1.9083,-0.461481,-1.85166
5811,1.94017,-0.437571,-1.89019
5812,1.94017,-0.437571,-1.89019
5813,1.87022,-0.394789,-1.82807
5814,1.88952,-0.360925,-1.85472
5815,1.85326,-0.265696,-1.83411
5816,1.82606,-0.164291,-1.81865
5817,1.9141,-0.118323,-1.91044
5818,1.9141,-0.118323,-1.91044
5819,1.96197,-0.0130591,-1.96192
5820,1.96197,-0.0130591,-1.96192
5821,1.96078,0.170772,-1.95332
5822,1.92064,0.272169,-1.90126
5823,1.92492,0.363576,-1.89027
5824,1.92944,0.259877,-1.91186
5825,1.92944,0.259877,-1.91186
5826,1.96542,0.275008,-1.94609
5827,1.88667,0.296731,-1.86319
5828,1.87894,0.190825,-1.86922
5829,1.87894,0.190825,-1.86922
5830,1.87894,0.190825,-1.86922
5831,2.01633,0.0298712,-2.01611
5832,2.01333,0.194526,-2.00391
5833,1.9736,0.221417,-1.96114
5834,1.9671,0.175161,-1.95929
5835,1.94274,0.170984,-1.9352
5836,1.83528,0.113168,-1.83179
5837,1.85399,0.187181,-1.84451
5838,1.83811,0.127766,-1.83366
5839,1.83811,0.127766,-1.83366
5840,1.83811,0.127766,-1.83366
5841,1.83695,0.180961,-1.82801
5842,1.83695,0.180961,-1.82801
5843,1.89073,0.257028,-1.87318
5844,1.78019,0.180698,-1.771
5845,1.77639,0.170559,-1.76819
5846,1.77639,0.170559,-1.76819
5847,1.77639,0.170559,-1.76819
5848,1.77639,0.170559,-1.76819
5849,1.77639,0.170559,-1.76819
5850,1.66049,0.273389,-1.63783
5851,1.75368,0.252362,-1.73542
5852,1.73348,0.281084,-1.71054
5853,1.85399,0.20679,-1.84242
5854,1.87338,0.140881,-1.86807
5855,1.87619,0.128128,-1.87181
5856,1.87619,0.128128,-1.87181
5857,1.88517,0.0256367,-1.885
5858,1.84421,0.00504848,-1.8442
5859,1.80478,0.0414943,-1.8043
5860,1.79586,-0.040844,-1.7954
5861,1.79714,0.161871,-1.78984
5862,1.92627,0.204601,-1.91538
5863,1.9366,0.162424,-1.92978
5864,1.9366,0.162424,-1.92978
5865,1.8918,0.0714021,-1.89045
5866,1.86197,0.0385351,-1.86157
5867,1.91079,0.0404011,-1.91036
5868,1.83589,0.0205685,-1.83577
5869,1.79966,0.0814806,-1.79781
5870,1.87605,0.0416417,-1.87559
5871,1.88836,0.160349,-1.88154
5872,1.84792,0.170754,-1.84001
5873,1.83108,0.155219,-1.82449
5874,1.90145,0.192354,-1.8917
5875,1.95553,0.243454,-1.94031
5876,1.95553,0.243454,-1.94031
5877,1.95553,0.243454,-1.94031
5878,1.9172,0.20049,-1.90669
5879,1.93493,0.382745,-1.8967
5880,1.99383,0.270637,-1.97538
5881,2.03696,0.304646,-2.01405
5882,2.08211,0.26963,-2.06458
5883,1.98875,0.249461,-1.97304
5884,1.99555,0.290505,-1.97429
5885,2.10309,0.459199,-2.05235
5886,2.06378,0.388099,-2.02696
5887,2.06378,0.388099,-2.02696
5888,2.04457,0.358179,-2.01295
5889,1.98738,0.442855,-1.93741
5890,1.98296,0.528579,-1.91121
5891,1.98296,0.528579,-1.91121
5892,1.834,0.52454,-1.75739
5893,1.92612,0.62234,-1.82281
5894,1.91735,0.685546,-1.7906
5895,1.8918,0.646894,-1.77776
5896,1.8918,0.646894,-1.77776
5897,1.8918,0.646894,-1.77776
5898,1.92683,0.630266,-1.82084
5899,1.96712,0.671399,-1.849
5900,1.96656,0.651845,-1.85539
5901,1.9709,0.677099,-1.85094
5902,1.9709,0.677099,-1.85094
5903,1.9709,0.677099,-1.85094
5904,1.97566,0.675746,-1.8565
5905,1.8795,0.678974,-1.75257
5906,1.96838,0.745463,-1.82176
5907,1.96838,0.745463,-1.82176
5908,1.90004,0.664484,-1.78006
5909,1.90004,0.664484,-1.78006
5910,1.84596,0.614976,-1.74051
5911,1.84596,0.614976,-1.74051
5912,1.84596,0.614976,-1.74051
5913,1.86661,0.439972,-1.81401
5914,1.86661,0.439972,-1.81401
5915,1.96566,0.644695,-1.85692
5916,2.03869,0.70038,-1.91461
5917,2.03869,0.70038,-1.91461
5918,2.05266,0.682675,-1.93581
5919,2.02769,0.629997,-1.92734
5920,2.07546,0.851284,-1.89284
5921,2.01124,0.768871,-1.85848
5922,2.01124,0.768871,-1.85848
5923,2.11938,0.779426,-1.97085
5924,2.11938,0.779426,-1.97085
5925,2.05421,0.788084,-1.89702
5926,2.05421,0.788084,-1.89702
5927,2.07801,0.88249,-1.88131
5928,2.07801,0.88249,-1.88131
5929,2.0212,0.814802,-1.84969
5930,1.89572,0.818169,-1.71008
5931,1.98503,0.822091,-1.8068
5932,1.96993,0.843831,-1.78005
5933,1.97905,0.895269,-1.76497
5934,1.97905,0.895269,-1.76497
5935,1.99338,0.907736,-1.7747
5936,2.02919,0.865755,-1.83524
5937,1.9718,0.771631,-1.81455
5938,1.9718,0.771631,-1.81455
5939,1.93422,0.796885,-1.76244
5940,1.86343,0.839939,-1.66339
5941,1.96372,0.879799,-1.7556
5942,1.83839,0.73535,-1.68491
5943,2.0181,0.835171,-1.83718
5944,2.0385,0.631722,-1.93815
5945,2.05419,0.794094,-1.8945
5946,2.05419,0.794094,-1.8945
5947,2.05419,0.794094,-1.8945
5948,2.05312,0.798517,-1.89148
5949,1.97032,0.77322,-1.81226
5950,1.91741,0.721644,-1.77642
5951,1.86057,0.652686,-1.74234
5952,2.00861,0.623516,-1.90939
5953,2.08301,0.724606,-1.95291
5954,2.09101,0.78608,-1.93762
5955,2.12904,0.830346,-1.96044
5956,2.09096,0.775842,-1.9417
5957,2.09096,0.775842,-1.9417
5958,2.17646,0.81853,-2.01668
5959,2.00112,0.766378,-1.84855
5960,2.00302,0.754526,-1.85547
5961,2.00302,0.754526,-1.85547
5962,1.9805,0.759586,-1.82905
5963,1.95557,0.691614,-1.82919
5964,1.94743,0.581307,-1.85865
5965,1.94141,0.687541,-1.81559
5966,1.94151,0.78169,-1.7772
5967,1.94151,0.78169,-1.7772
5968,1.94151,0.78169,-1.7772
5969,1.94025,0.62022,-1.83845
5970,1.94025,0.62022,-1.83845
5971,1.94025,0.62022,-1.83845
5972,1.92281,0.644184,-1.81169
5973,1.94153,0.819874,-1.75992
5974,1.9831,0.70382,-1.854
5975,1.96049,0.732069,-1.81868
5976,2.09317,0.840345,-1.91708
5977,2.09317,0.840345,-1.91708
5978,2.00201,0.795893,-1.83701
5979,2.01829,0.847208,-1.83186
5980,2.01829,0.847208,-1.83186
5981,2.01829,0.847208,-1.83186
5982,1.93826,0.923169,-1.70429
5983,1.88194,0.918717,-1.64245
5984,1.92174,0.794619,-1.74976
5985,1.97936,0.728213,-1.84054
5986,1.94309,0.684852,-1.8184
5987,1.92471,0.687681,-1.79766
5988,1.90208,0.583861,-1.81025
5989,1.98295,0.628215,-1.88081
5990,2.07971,0.649022,-1.97585
5991,1.9779,0.641269,-1.87106
5992,1.96951,0.644916,-1.86092
5993,1.94802,0.676896,-1.82664
5994,1.94521,0.780924,-1.78157
5995,1.94521,0.780924,-1.78157
5996,1.94002,0.925536,-1.70501
5997,1.86686,0.845191,-1.66457
5998,1.84017,0.838434,-1.63806
5999,1.86241,0.924421,-1.61679
6000,1.93996,1.07142,-1.61725
6001,1.91075,1.02457,-1.61282
6002,1.86404,0.914421,-1.62434
6003,1.92166,0.910981,-1.69201
6004,2.02259,0.871622,-1.82514
6005,1.96023,0.847056,-1.76776
6006,1.93105,0.8782,-1.7198
6007,1.93105,0.8782,-1.7198
6008,1.96394,0.93225,-1.72857
6009,1.97814,0.994798,-1.7098
6010,1.97564,1.0049,-1.70097
6011,1.94134,0.949331,-1.69339
6012,1.94134,0.949331,-1.69339
6013,1.94134,0.949331,-1.69339
6014,1.94134,0.949331,-1.69339
6015,1.97308,0.961505,-1.72295
6016,1.97592,0.966568,-1.72338
6017,2.00648,0.987569,-1.74661
6018,1.99883,0.988575,-1.73725
6019,2.04911,0.998535,-1.78935
6020,2.01226,1.04032,-1.72247
6021,2.01226,1.04032,-1.72247
6022,2.03648,0.986317,-1.78169
6023,2.07363,0.94002,-1.84832
6024,2.07363,0.94002,-1.84832
6025,2.10448,0.973838,-1.8656
6026,2.04268,0.883694,-1.84164
6027,2.07742,0.798532,-1.91781
6028,2.08221,0.897639,-1.87879
6029,2.08863,0.797153,-1.93053
6030,2.12851,0.749596,-1.99215
6031,1.97306,0.731156,-1.83259
6032,1.97306,0.731156,-1.83259
6033,1.97306,0.731156,-1.83259
6034,2.07077,0.772466,-1.9213
6035,2.01695,0.769942,-1.86421
6036,1.98253,0.824549,-1.80293
6037,1.98253,0.824549,-1.80293
6038,1.98253,0.824549,-1.80293
6039,1.98253,0.824549,-1.80293
6040,2.01594,1.09771,-1.69087
6041,2.18295,1.28574,-1.76412
6042,2.19819,1.31517,-1.76135
6043,2.12279,1.28448,-1.69007
6044,2.1686,1.26883,-1.75866
6045,2.1686,1.26883,-1.75866
6046,2.04387,1.12143,-1.70874
6047,2.0907,1.08819,-1.78517
6048,2.0907,1.08819,-1.78517
6049,2.0907,1.08819,-1.78517
6050,1.98748,1.02815,-1.70087
6051,1.97273,0.997542,-1.70194
6052,1.97666,0.990993,-1.7103
6053,1.99785,0.910846,-1.77814
6054,1.96097,1.03194,-1.66749
6055,2.03022,1.05934,-1.73194
6056,2.02581,1.15211,-1.6663
6057,2.05306,1.25301,-1.62635
6058,1.99043,1.21317,-1.57799
6059,2.15079,1.38624,-1.64446
6060,2.15079,1.38624,-1.64446
6061,2.15079,1.38624,-1.64446
6062,2.13286,1.44744,-1.56652
6063,2.09013,1.4088,-1.544
6064,2.09013,1.4088,-1.544
6065,2.00371,1.27176,-1.54838
6066,2.03121,1.34405,-1.52294
6067,1.93626,1.22844,-1.49667
6068,1.92413,1.21606,-1.49113
6069,2.00462,1.3161,-1.51208
6070,2.00462,1.3161,-1.51208
6071,2.00407,1.27887,-1.54297
6072,2.00407,1.27887,-1.54297
6073,2.0047,1.3346,-1.49589
6074,2.0047,1.3346,-1.49589
6075,1.98642,1.24823,-1.54525
6076,1.9649,1.11434,-1.61835
6077,1.99942,1.19569,-1.6025
6078,1.99942,1.19569,-1.6025
6079,2.03967,1.20136,-1.64833
6080,2.04329,1.17639,-1.67067
6081,1.95229,1.14335,-1.58246
6082,1.94254,1.12254,-1.58536
6083,1.96116,1.17926,-1.567
6084,1.85974,1.03388,-1.54588
6085,1.85974,1.03388,-1.54588
6086,1.85798,1.02376,-1.55049
6087,1.89913,1.03041,-1.59529
6088,1.98069,1.01745,-1.69939
6089,1.98069,1.01745,-1.69939
6090,1.98069,1.01745,-1.69939
6091,2.05555,1.13403,-1.71443
6092,2.03782,1.0736,-1.73208
6093,2.06306,1.09424,-1.74896
6094,2.10821,1.01723,-1.84656
6095,2.0526,0.867287,-1.86037
6096,2.01456,0.856059,-1.82363
6097,2.08515,0.922694,-1.86989
6098,1.90772,0.7537,-1.75253
6099,1.86677,0.768665,-1.70118
6100,1.86677,0.768665,-1.70118
6101,1.86677,0.768665,-1.70118
6102,1.81439,0.750328,-1.65197
6103,1.90516,0.854598,-1.70274
6104,1.88746,0.8685,-1.67578
6105,1.88746,0.8685,-1.67578
6106,1.96164,0.88998,-1.74814
6107,1.96164,0.88998,-1.74814
6108,1.98529,0.866096,-1.78641
6109,2.02294,0.74151,-1.88214
6110,2.02294,0.74151,-1.88214
6111,2.00992,0.803099,-1.8425
6112,2.09515,0.718456,-1.96811
6113,1.98021,0.82967,-1.79802
6114,1.95802,0.7731,-1.79894
6115,1.95802,0.7731,-1.79894
6116,2.02179,0.927304,-1.79659
6117,2.02179,0.927304,-1.79659
6118,2.02179,0.927304,-1.79659
6119,2.02179,0.927304,-1.79659
6120,1.83083,0.890839,-1.59949
6121,1.89051,0.963621,-1.62649
6122,1.95657,0.892559,-1.74113
6123,1.95657,0.892559,-1.74113
6124,1.96711,0.928573,-1.73415
6125,1.96711,0.928573,-1.73415
6126,1.98808,0.918469,-1.7632
6127,2.03789,0.967384,-1.79365
6128,2.03789,0.967384,-1.79365
6129,2.03913,0.959234,-1.79943
6130,1.98001,0.931248,-1.74735
6131,2.02551,0.990407,-1.76686
6132,1.91539,0.860193,-1.71138
6133,1.91539,0.860193,-1.71138
6134,1.97824,0.875895,-1.77376
6135,1.97824,0.875895,-1.77376
6136,2.04797,1.02917,-1.77059
6137,2.04797,1.02917,-1.77059
6138,2.06911,1.08036,-1.76466
6139,2.05568,1.14673,-1.70611
6140,1.96019,1.00683,-1.68185
6141,2.03268,1.04388,-1.74416
6142,2.02272,1.08727,-1.70565
6143,2.05283,1.16614,-1.68945
6144,2.01698,1.01417,-1.74346
6145,2.09844,1.24482,-1.68935
6146,2.09844,1.24482,-1.68935
6147,2.12517,1.22934,-1.73351
6148,2.08509,1.18211,-1.71762
6149,2.043,1.23898,-1.62444
6150,2.00252,1.28611,-1.53493
6151,1.95655,1.3473,-1.41876
6152,1.95399,1.38068,-1.38269
6153,1.95647,1.47891,-1.28085
6154,1.94904,1.49537,-1.25004
6155,1.86077,1.35009,-1.28051
6156,1.92581,1.4211,-1.2997
6157,1.91549,1.4854,-1.20942
6158,1.96824,1.49109,-1.28476
6159,1.96658,1.5261,-1.24035
6160,1.87018,1.53989,-1.06129
6161,1.87018,1.53989,-1.06129
6162,1.82483,1.541,-0.977409
6163,1.82483,1.541,-0.977409
6164,1.82483,1.541,-0.977409
6165,1.86302,1.62906,-0.903872
6166,1.8097,1.60536,-0.835366
6167,1.77673,1.52283,-0.915303
6168,1.77673,1.52283,-0.915303
6169,1.85047,1.6189,-0.896319
6170,1.86189,1.63984,-0.8818
6171,1.84167,1.58155,-0.943641
6172,1.79522,1.57319,-0.86482
6173,1.78855,1.5944,-0.810427
6174,1.82908,1.62839,-0.833006
6175,1.82371,1.65316,-0.770036
6176,1.89537,1.68154,-0.874564
6177,1.89537,1.68154,-0.874564
6178,1.93945,1.74046,-0.855729
6179,1.93945,1.74046,-0.855729
6180,1.95535,1.79242,-0.781417
6181,1.97528,1.85251,-0.685521
6182,1.96668,1.78291,-0.83009
6183,1.91819,1.7338,-0.820605
6184,1.91967,1.68722,-0.915644
6185,1.91967,1.68722,-0.915644
6186,1.91967,1.68722,-0.915644
6187,1.92987,1.62489,-1.04123
6188,1.87526,1.5652,-1.03284
6189,1.87526,1.5652,-1.03284
6190,1.87773,1.53628,-1.07968
6191,1.88254,1.46227,-1.18562
6192,1.79942,1.32973,-1.21233
6193,1.80447,1.27379,-1.27811
6194,1.79552,1.21624,-1.32085
6195,1.76618,1.15174,-1.33899
6196,1.76618,1.15174,-1.33899
6197,1.76618,1.15174,-1.33899
6198,1.74724,1.27025,-1.19971
6199,1.69224,1.20451,-1.18862
6200,1.62459,1.12054,-1.1763
6201,1.65499,1.18143,-1.15898
6202,1.61181,1.16039,-1.11868
6203,1.64084,1.20124,-1.11776
6204,1.64084,1.20124,-1.11776
6205,1.59525,1.15604,-1.09926
6206,1.59525,1.15604,-1.09926
6207,1.59525,1.15604,-1.09926
6208,1.58259,1.06349,-1.172
6209,1.67177,1.09651,-1.26194
6210,1.67177,1.09651,-1.26194
6211,1.67177,1.09651,-1.26194
6212,1.69339,1.14218,-1.2502
6213,1.72231,1.23761,-1.19778
6214,1.74392,1.26618,-1.19919
6215,1.74392,1.26618,-1.19919
6216,1.7683,1.29971,-1.19901
6217,1.77873,1.31351,-1.19941
6218,1.77873,1.31351,-1.19941
6219,1.80494,1.3549,-1.1925
6220,1.80494,1.3549,-1.1925
6221,1.7279,1.23259,-1.21093
6222,1.7279,1.23259,-1.21093
6223,1.68366,1.23648,-1.14274
6224,1.77501,1.30999,-1.19774
6225,1.77501,1.30999,-1.19774
6226,1.78935,1.33613,-1.19019
6227,1.78935,1.33613,-1.19019
6228,1.78935,1.33613,-1.19019
6229,1.82196,1.4194,-1.1423
6230,1.77842,1.37871,-1.12335
6231,1.80267,1.39344,-1.14365
6232,1.80267,1.39344,-1.14365
6233,1.83737,1.44779,-1.13129
6234,1.92372,1.57621,-1.10284
6235,1.88285,1.60784,-0.979792
6236,1.77338,1.48166,-0.974457
6237,1.77338,1.48166,-0.974457
6238,1.73968,1.41221,-1.01594
6239,1.73968,1.41221,-1.01594
6240,1.77166,1.42901,-1.04723
6241,1.9524,1.60251,-1.11527
6242,2.00165,1.69734,-1.06098
6243,2.00165,1.69734,-1.06098
6244,1.98882,1.6804,-1.06379
6245,2.08251,1.7474,-1.13289
6246,2.00841,1.70594,-1.05996
6247,2.00251,1.63286,-1.15924
6248,2.12446,1.75586,-1.19594
6249,2.08583,1.70889,-1.19599
6250,2.10001,1.71822,-1.20737
6251,2.07846,1.76638,-1.09541
6252,2.04243,1.78609,-0.990656
6253,2.15234,1.92146,-0.969827
6254,2.15234,1.92146,-0.969827
6255,2.15234,1.92146,-0.969827
6256,2.17848,2.02018,-0.815285
6257,2.0723,1.90423,-0.817531
6258,2.0553,1.88482,-0.81958
6259,1.96823,1.85332,-0.662664
6260,2.07429,1.97849,-0.623099
6261,2.16414,2.06813,-0.637459
6262,2.05722,1.95321,-0.645833
6263,2.06009,1.96697,-0.612361
6264,2.07907,1.97089,-0.661928
6265,2.07907,1.97089,-0.661928
6266,2.01548,1.90021,-0.671828
6267,1.99625,1.871,-0.69598
6268,1.99625,1.871,-0.69598
6269,2.03643,1.84066,-0.871214
6270,1.95809,1.77954,-0.816931
6271,1.95813,1.82113,-0.719564
6272,2.07959,1.89322,-0.86045
6273,2.0566,1.87183,-0.851982
6274,2.00254,1.77989,-0.917693
6275,1.97572,1.73266,-0.949385
6276,1.97584,1.78019,-0.857258
6277,1.9491,1.75514,-0.847635
6278,1.9491,1.75514,-0.847635
6279,1.88667,1.76811,-0.65825
6280,2.01686,1.95474,-0.496726
6281,2.03668,1.97606,-0.493195
6282,2.03668,1.97606,-0.493195
6283,2.00089,1.95745,-0.414648
6284,2.00089,1.95745,-0.414648
6285,2.08894,2.03987,-0.450082
6286,2.04223,1.98257,-0.490009
6287,1.95444,1.88245,-0.525576
6288,1.95444,1.88245,-0.525576
6289,1.93587,1.86334,-0.524934
6290,1.94592,1.90994,-0.372457
6291,1.96809,1.93918,-0.336114
6292,2.07192,2.04772,-0.315707
6293,2.07192,2.04772,-0.315707
6294,2.1223,2.09656,-0.329504
6295,2.10429,2.08841,-0.258045
6296,2.0737,2.0494,-0.316505
6297,2.10306,2.09369,-0.198313
6298,2.10306,2.09369,-0.198313
6299,2.10306,2.09369,-0.198313
6300,2.02608,2.01254,-0.233876
6301,2.04521,2.02139,-0.311276
6302,2.08522,2.0757,-0.199029
6303,2.08522,2.0757,-0.199029
6304,2.13071,2.11806,-0.231835
6305,2.08237,2.07185,-0.209014
6306,2.16667,2.16656,-0.02123
6307,2.20401,2.20336,0.0533923
6308,2.11758,2.11735,-0.0309165
6309,2.0586,2.05829,0.0358155
6310,2.11718,2.11074,0.164989
6311,2.20145,2.18129,0.297261
6312,2.09635,2.08614,0.206687
6313,2.09673,2.09642,0.0357139
6314,2.02004,2.0199,-0.0234651
6315,1.9488,1.94861,0.0270897
6316,1.9703,1.96734,-0.107921
6317,1.97131,1.97041,-0.0593783
6318,1.98361,1.98329,0.0359274
6319,1.9128,1.91276,0.012408
6320,1.86695,1.86486,0.0881565
6321,1.90024,1.88179,0.264182
6322,1.90024,1.88179,0.264182
6323,1.90602,1.83511,0.515057
6324,1.90418,1.85496,0.430123
6325,1.89577,1.81336,0.552864
6326,1.85235,1.74425,0.623544
6327,1.85235,1.74425,0.623544
6328,1.91266,1.82041,0.586831
6329,1.84331,1.70718,0.69524
6330,1.84331,1.70718,0.69524
6331,1.8069,1.65365,0.728229
6332,1.77071,1.63492,0.680025
6333,1.8229,1.68019,0.707054
6334,1.82367,1.69409,0.675149
6335,1.84978,1.70558,0.716024
6336,1.81339,1.68195,0.6778
6337,1.81339,1.68195,0.6778
6338,1.81339,1.68195,0.6778
6339,1.80967,1.67085,0.695113
6340,1.86408,1.70336,0.757195
6341,1.9756,1.77004,0.877467
6342,1.9959,1.7741,0.914443
6343,1.88924,1.69276,0.83891
6344,1.86789,1.65671,0.862736
6345,1.86789,1.65671,0.862736
6346,1.89293,1.66925,0.892625
6347,1.8538,1.60819,0.922114
6348,1.75943,1.5028,0.91498
6349,1.7888,1.46453,1.02713
6350,1.80678,1.48449,1.02993
6351,1.7625,1.36377,1.11648
6352,1.74465,1.34825,1.10726
6353,1.74465,1.34825,1.10726
6354,1.6359,1.28573,1.01148
6355,1.6359,1.28573,1.01148
6356,1.6359,1.28573,1.01148
6357,1.67162,1.37353,0.952762
6358,1.67162,1.37353,0.952762
6359,1.59605,1.32763,0.885888
6360,1.68897,1.44057,0.881675
6361,1.68897,1.44057,0.881675
6362,1.68897,1.44057,0.881675
6363,1.70839,1.5236,0.77282
6364,1.71786,1.55198,0.736483
6365,1.71786,1.55198,0.736483
6366,1.71786,1.55198,0.736483
6367,1.75173,1.57773,0.761134
6368,1.72956,1.56357,0.739335
6369,1.72882,1.5189,0.825691
6370,1.69831,1.47529,0.841304
6371,1.83474,1.50345,1.05162
6372,1.83289,1.4806,1.08042
6373,1.83319,1.54974,0.979241
6374,1.8601,1.52652,1.06286
6375,1.8601,1.52652,1.06286
6376,1.92728,1.6084,1.06183
6377,1.92728,1.6084,1.06183
6378,1.96027,1.58049,1.15962
6379,2.04257,1.58839,1.28418
6380,2.01776,1.60007,1.22928
6381,1.97535,1.5567,1.21602
6382,2.02208,1.64094,1.18158
6383,2.01214,1.55609,1.27565
6384,2.01214,1.55609,1.27565
6385,2.06608,1.56507,1.34879
6386,2.03252,1.64744,1.19042
6387,1.90956,1.52939,1.14342
6388,1.99851,1.60244,1.19426
6389,1.92263,1.48923,1.21602
6390,1.93689,1.52168,1.19836
6391,1.9885,1.58373,1.20247
6392,1.9885,1.58373,1.20247
6393,2.11245,1.6483,1.32119
6394,2.11245,1.6483,1.32119
6395,2.00341,1.55009,1.2692
6396,1.9621,1.58489,1.1567
6397,2.04871,1.64335,1.22336
6398,2.01861,1.63374,1.18561
6399,2.01861,1.63374,1.18561
6400,1.94246,1.61676,1.07667
6401,1.94246,1.61676,1.07667
6402,2.03535,1.62744,1.22234
6403,2.11166,1.66627,1.29716
6404,2.18993,1.6527,1.43679
6405,2.18993,1.6527,1.43679
6406,2.18993,1.6527,1.43679
6407,2.24943,1.61322,1.56763
6408,2.06037,1.49176,1.42119
6409,2.05969,1.4533,1.45954
6410,2.02126,1.42415,1.43433
6411,1.94134,1.39409,1.35104
6412,1.97161,1.49434,1.28615
6413,1.97161,1.49434,1.28615
6414,2.02622,1.49255,1.37035
6415,2.00574,1.44275,1.39336
6416,2.00574,1.44275,1.39336
6417,1.98046,1.40586,1.39491
6418,2.01984,1.49181,1.36171
6419,2.01984,1.49181,1.36171
6420,2.01984,1.49181,1.36171
6421,2.01984,1.49181,1.36171
6422,2.01984,1.49181,1.36171
6423,1.94442,1.4159,1.33266
6424,1.94442,1.4159,1.33266
6425,1.97082,1.4849,1.29584
6426,1.97082,1.4849,1.29584
6427,1.99593,1.46554,1.35496
6428,1.99593,1.46554,1.35496
6429,1.99593,1.46554,1.35496
6430,2.00235,1.48636,1.34169
6431,2.05563,1.60771,1.28096
6432,2.03809,1.71665,1.09861
6433,2.06933,1.81383,0.996077
6434,1.9592,1.68889,0.993041
6435,1.9592,1.68889,0.993041
6436,1.9592,1.68889,0.993041
6437,1.97491,1.7063,0.994396
6438,1.97491,1.7063,0.994396
6439,1.89857,1.63879,0.958625
6440,1.9103,1.58724,1.06298
6441,1.9103,1.58724,1.06298
6442,1.94128,1.60596,1.09061
6443,1.8237,1.46931,1.08028
6444,1.86292,1.47837,1.13352
6445,1.86292,1.47837,1.13352
6446,1.90955,1.48127,1.20508
6447,1.8878,1.43007,1.23234
6448,1.8878,1.43007,1.23234
6449,1.8927,1.41261,1.2597
6450,1.87235,1.36583,1.28071
6451,1.89643,1.38314,1.29745
6452,1.97862,1.55535,1.22304
6453,2.03613,1.5018,1.37492
6454,2.03463,1.45746,1.41969
6455,2.03463,1.45746,1.41969
6456,2.03272,1.46286,1.41138
6457,1.99053,1.44351,1.37058
6458,1.93989,1.43721,1.30291
6459,1.96372,1.38379,1.39331
6460,2.03747,1.51091,1.3669
6461,2.09583,1.56984,1.38856
6462,2.11467,1.52588,1.46408
6463,2.14632,1.41354,1.61511
6464,2.16904,1.41793,1.64141
6465,2.16904,1.41793,1.64141
6466,2.19991,1.36932,1.72179
6467,2.21153,1.4844,1.63934
6468,2.10876,1.30384,1.65738
6469,2.10876,1.30384,1.65738
6470,2.0574,1.25919,1.62706
6471,2.0411,1.21088,1.64312
6472,2.20275,1.27696,1.79485
6473,2.20275,1.27696,1.79485
6474,2.1326,1.25129,1.72693
6475,2.1326,1.25129,1.72693
6476,2.18608,1.33676,1.72974
6477,2.15929,1.36416,1.6738
6478,2.15776,1.32219,1.70521
6479,2.09645,1.37435,1.58312
6480,2.09645,1.37435,1.58312
6481,2.10836,1.36831,1.60403
6482,2.10836,1.36831,1.60403
6483,2.10836,1.36831,1.60403
6484,2.10836,1.36831,1.60403
6485,2.13319,1.52503,1.49158
6486,2.13319,1.52503,1.49158
6487,2.13319,1.52503,1.49158
6488,2.11681,1.55989,1.43096
6489,2.04102,1.47066,1.41525
6490,2.10378,1.54031,1.43295
6491,1.91657,1.4809,1.21663
6492,1.91657,1.4809,1.21663
6493,1.94503,1.52067,1.21272
6494,2.04879,1.55396,1.3352
6495,2.01374,1.40892,1.43877
6496,1.99833,1.32606,1.49495
6497,2.06716,1.2711,1.63017
6498,1.9671,1.20516,1.5547
6499,1.97949,1.17693,1.59161
6500,1.92393,1.09585,1.58134
6501,1.96881,1.07295,1.65075
6502,1.91192,1.01498,1.62026
6503,1.91192,1.01498,1.62026
6504,1.8922,0.933989,1.64562
6505,2.01424,1.06943,1.7069
6506,2.05157,1.09781,1.73314
6507,2.02613,1.01278,1.75484
6508,2.04142,1.04175,1.75561
6509,1.92258,0.973056,1.65815
6510,1.9521,0.979346,1.68866
6511,2.03857,1.01966,1.76524
6512,1.98785,1.08458,1.6659
6513,1.98785,1.08458,1.6659
6514,2.06926,1.11102,1.7457
6515,1.95792,1.0916,1.62539
6516,2.10347,1.16199,1.75339
6517,2.10347,1.16199,1.75339
6518,2.04333,1.10385,1.71951
6519,2.02542,1.08143,1.71255
6520,2.02504,1.0842,1.71035
6521,2.02504,1.0842,1.71035
6522,2.04418,1.1081,1.71779
6523,2.04418,1.1081,1.71779
6524,2.0195,1.03972,1.73129
6525,1.90875,0.970605,1.64355
6526,1.86048,0.895654,1.6307
6527,1.9194,0.900227,1.6952
6528,1.84267,0.813174,1.65354
6529,1.84267,0.813174,1.65354
6530,1.82959,0.89644,1.59492
6531,1.76472,0.815218,1.56514
6532,1.76472,0.815218,1.56514
6533,1.81038,0.791458,1.62821
6534,1.83938,0.83186,1.64053
6535,1.96664,0.740627,1.82185
6536,1.80669,0.714422,1.65944
6537,1.79658,0.764316,1.62589
6538,1.77949,0.806605,1.58619
6539,1.72507,0.668204,1.5904
6540,1.79748,0.736823,1.63952
6541,1.73666,0.705889,1.58672
6542,1.6949,0.71003,1.53901
6543,1.6949,0.71003,1.53901
6544,1.62566,0.587814,1.51566
6545,1.6438,0.672726,1.49984
6546,1.6438,0.672726,1.49984
6547,1.6438,0.672726,1.49984
6548,1.72558,0.715339,1.57032
6549,1.65561,0.683189,1.50808
6550,1.65561,0.683189,1.50808
6551,1.57937,0.721899,1.40474
6552,1.65758,0.848981,1.42366
6553,1.65758,0.848981,1.42366
6554,1.71004,0.827843,1.4963
6555,1.77304,0.785914,1.58934
6556,1.66099,0.819196,1.44493
6557,1.66099,0.819196,1.44493
6558,1.66099,0.819196,1.44493
6559,1.66099,0.819196,1.44493
6560,1.54229,0.784411,1.32791
6561,1.54229,0.784411,1.32791
6562,1.66083,0.787006,1.46253
6563,1.66083,0.787006,1.46253
6564,1.65696,0.854109,1.41986
6565,1.65696,0.854109,1.41986
6566,1.65696,0.854109,1.41986
6567,1.69898,0.799596,1.49906
6568,1.69898,0.799596,1.49906
6569,1.76538,0.843339,1.55091
6570,1.88256,0.84678,1.68136
6571,1.92863,0.884801,1.71369
6572,1.92861,0.953501,1.67641
6573,1.92861,0.953501,1.67641
6574,1.91319,0.956931,1.65667
6575,1.91319,0.956931,1.65667
6576,2.05806,1.03761,1.77735
6577,2.01459,0.989884,1.75463
6578,2.07987,1.07388,1.78119
6579,1.93642,1.07509,1.61056
6580,1.8904,0.93469,1.64316
6581,1.8904,0.93469,1.64316
6582,1.83869,0.955403,1.57099
6583,1.83676,0.921562,1.58884
6584,1.811,1.02138,1.49549
6585,1.79309,1.0362,1.46338
6586,1.8269,0.940577,1.56616
6587,1.79005,1.04129,1.45602
6588,1.79005,1.04129,1.45602
6589,1.86551,1.06747,1.52991
6590,1.83032,1.03371,1.51046
6591,1.81418,0.960265,1.5392
6592,1.81418,0.960265,1.5392
6593,1.81418,0.960265,1.5392
6594,1.81756,0.934276,1.55905
6595,1.74684,0.893883,1.50081
6596,1.74684,0.893883,1.50081
6597,1.74684,0.893883,1.50081
6598,1.85314,0.911724,1.61335
6599,1.82449,1.02615,1.50856
6600,1.83282,1.11206,1.4569
6601,1.91902,1.15406,1.53323
6602,1.89732,1.12585,1.52717
6603,1.89732,1.12585,1.52717
6604,1.94686,1.08381,1.61729
6605,1.94686,1.08381,1.61729
6606,1.99694,1.05303,1.69674
6607,2.09651,1.15006,1.75291
6608,2.09651,1.15006,1.75291
6609,2.09651,1.15006,1.75291
6610,2.09651,1.15006,1.75291
6611,2.09651,1.15006,1.75291
6612,2.09651,1.15006,1.75291
6613,2.09651,1.15006,1.75291
6614,2.09651,1.15006,1.75291
6615,2.12193,1.08861,1.8214
6616,2.12193,1.08861,1.8214
6617,2.1005,1.11983,1.7771
6618,1.98753,1.06994,1.67496
6619,1.98753,1.06994,1.67496
6620,2.03068,1.1234,1.69164
6621,2.05294,1.0937,1.73735
6622,2.05294,1.0937,1.73735
6623,2.05294,1.0937,1.73735
6624,2.11656,1.14071,1.78286
6625,2.14905,1.14664,1.81759
6626,2.06417,1.144,1.71815
6627,2.06417,1.144,1.71815
6628,1.97961,1.17184,1.59551
6629,1.97464,1.16134,1.59702
6630,1.98771,1.09213,1.6608
6631,2.01204,1.13328,1.66253
6632,2.01204,1.13328,1.66253
6633,2.05339,1.10825,1.72864
6634,2.08115,1.19805,1.70172
6635,2.08325,1.17991,1.7169
6636,2.02832,1.16933,1.65734
6637,2.0379,1.0676,1.73588
6638,1.97237,0.94274,1.73247
6639,2.02403,0.949887,1.78729
6640,2.00029,0.898722,1.78703
6641,2.04043,1.02506,1.76425
6642,2.04043,1.02506,1.76425
6643,2.04043,1.02506,1.76425
6644,2.04043,1.02506,1.76425
6645,2.04043,1.02506,1.76425
6646,2.054,0.923204,1.83484
6647,1.94949,0.910455,1.72382
6648,2.07649,0.99311,1.82361
6649,2.07649,0.99311,1.82361
6650,2.10101,1.01226,1.84108
6651,2.10101,1.01226,1.84108
6652,2.09145,1.06942,1.79736
6653,2.09145,1.06942,1.79736
6654,2.13244,1.1744,1.77991
6655,2.08882,1.219,1.69623
6656,2.04121,1.25923,1.60651
6657,2.09298,1.25521,1.67481
6658,2.10695,1.33923,1.62656
6659,2.18822,1.22781,1.8113
6660,2.1479,1.16451,1.80482
6661,2.03045,1.06693,1.72754
6662,2.01209,1.04657,1.71849
6663,1.91894,1.03248,1.6175
6664,1.89486,0.991401,1.61481
6665,1.91211,1.02858,1.61189
6666,1.91211,1.02858,1.61189
6667,2.02057,1.11768,1.6833
6668,2.00558,0.978777,1.75053
6669,1.92964,0.942873,1.6836
6670,1.9267,0.883645,1.71211
6671,1.86308,0.831653,1.66716
6672,1.86249,0.757636,1.70142
6673,1.80177,0.798669,1.61509
6674,1.88048,0.746459,1.72598
6675,1.84384,0.725381,1.69516
6676,1.82183,0.676902,1.69141
6677,1.90667,0.733945,1.75975
6678,1.85264,0.626034,1.74366
6679,1.91199,0.514254,1.84154
6680,1.80979,0.531528,1.72998
6681,1.96146,0.438645,1.91179
6682,1.96146,0.438645,1.91179
6683,1.98557,0.532704,1.91277
6684,1.89848,0.39614,1.85669
6685,1.92304,0.516255,1.85245
6686,1.95006,0.473093,1.8918
6687,1.95006,0.473093,1.8918
6688,1.87798,0.414019,1.83177
6689,1.87798,0.414019,1.83177
6690,1.95089,0.510026,1.88304
6691,1.91395,0.551579,1.83275
6692,1.91395,0.551579,1.83275
6693,1.91395,0.551579,1.83275
6694,1.91395,0.551579,1.83275
6695,1.88672,0.466441,1.82815
6696,1.84963,0.414504,1.80259
6697,1.89442,0.447485,1.84081
6698,1.88787,0.377823,1.84967
6699,1.89034,0.310945,1.86459
6700,1.89034,0.310945,1.86459
6701,1.85088,0.270401,1.83102
6702,1.96366,0.346114,1.93291
6703,1.94421,0.457856,1.88952
6704,1.97771,0.308399,1.95351
6705,1.92805,0.314078,1.9023
6706,1.90234,0.376614,1.86469
6707,1.92178,0.272656,1.90234
6708,1.80845,0.296764,1.78394
6709,1.80845,0.296764,1.78394
6710,1.80845,0.296764,1.78394
6711,1.80845,0.296764,1.78394
6712,1.87313,0.383698,1.83341
6713,1.93383,0.529371,1.85996
6714,1.89416,0.506428,1.8252
6715,1.89416,0.506428,1.8252
6716,1.84644,0.538855,1.76606
6717,1.84644,0.538855,1.76606
6718,1.91413,0.584815,1.8226
6719,1.88796,0.656974,1.76996
6720,1.94394,0.67266,1.82385
6721,1.88029,0.694453,1.74735
6722,1.86294,0.597483,1.76452
6723,1.86294,0.597483,1.76452
6724,1.78369,0.630261,1.66863
6725,1.73419,0.624829,1.61771
6726,1.67393,0.601221,1.56224
6727,1.7922,0.545323,1.70722
6728,1.68553,0.535575,1.59817
6729,1.59301,0.673011,1.44386
6730,1.65367,0.721524,1.48796
6731,1.62498,0.656022,1.48667
6732,1.65758,0.60794,1.54208
6733,1.65758,0.60794,1.54208
6734,1.54356,0.551083,1.44184
6735,1.58585,0.510042,1.50159
6736,1.56577,0.521841,1.47625
6737,1.71901,0.543819,1.63072
6738,1.67635,0.531652,1.58981
6739,1.68123,0.469654,1.6143
6740,1.68123,0.469654,1.6143
6741,1.70566,0.55107,1.61419
6742,1.74929,0.672632,1.6148
6743,1.74929,0.672632,1.6148
6744,1.73483,0.734996,1.57144
6745,1.73483,0.734996,1.57144
6746,1.80489,0.642855,1.68653
6747,1.74223,0.59862,1.63616
6748,1.70411,0.549978,1.61292
6749,1.75677,0.559717,1.66522
6750,1.89973,0.549917,1.8184
6751,1.75465,0.45726,1.69402
6752,1.75465,0.45726,1.69402
6753,1.8059,0.528953,1.7267
6754,1.75796,0.419731,1.70711
6755,1.86261,0.490874,1.79676
6756,1.82007,0.482421,1.75497
6757,1.90064,0.492595,1.8357
6758,1.88937,0.423589,1.84127
6759,1.88937,0.423589,1.84127
6760,1.90568,0.364351,1.87052
6761,1.92298,0.479948,1.86213
6762,1.87103,0.481074,1.80812
6763,1.94418,0.525068,1.87194
6764,1.83417,0.596761,1.73438
6765,1.83417,0.596761,1.73438
6766,1.83417,0.596761,1.73438
6767,1.92856,0.577934,1.83993
6768,1.88776,0.674286,1.76323
6769,1.88776,0.674286,1.76323
6770,1.8739,0.665425,1.75178
6771,1.97031,0.825546,1.78903
6772,1.97031,0.825546,1.78903
6773,1.97031,0.825546,1.78903
6774,1.97653,0.927879,1.7452
6775,1.97653,0.927879,1.7452
6776,2.03342,0.904429,1.82121
6777,2.04999,0.930546,1.82662
6778,2.04999,0.930546,1.82662
6779,1.93878,0.812069,1.76051
6780,1.93878,0.812069,1.76051
6781,1.86863,0.775666,1.70004
6782,1.84991,0.765989,1.68388
6783,1.84991,0.765989,1.68388
6784,1.83381,0.755884,1.67077
6785,1.851,0.652041,1.73235
6786,1.83595,0.617695,1.72893
6787,1.81345,0.51177,1.73974
6788,1.83683,0.607911,1.73331
6789,1.79818,0.49024,1.73006
6790,1.83911,0.434316,1.78709
6791,1.85707,0.520909,1.78251
6792,1.85126,0.549454,1.76784
6793,1.88969,0.57217,1.80099
6794,1.93483,0.586059,1.84394
6795,1.93483,0.586059,1.84394
6796,1.87941,0.538525,1.8006
6797,1.86103,0.507165,1.79059
6798,1.86103,0.507165,1.79059
6799,1.99729,0.524496,1.92719
6800,2.04534,0.53696,1.9736
6801,1.98954,0.523051,1.91955
6802,2.01772,0.428226,1.97175
6803,2.01772,0.428226,1.97175
6804,2.03625,0.656728,1.92744
6805,2.03625,0.656728,1.92744
6806,2.03625,0.656728,1.92744
6807,2.04888,0.628694,1.95004
6808,2.04888,0.628694,1.95004
6809,2.09251,0.733335,1.9598
6810,2.11301,0.811908,1.9508
6811,2.08774,0.814183,1.92244
6812,2.18169,0.81539,2.02359
6813,2.25049,0.979524,2.02614
6814,2.22696,0.796601,2.07961
6815,2.22547,0.856648,2.05399
6816,2.22547,0.856648,2.05399
6817,2.16604,0.807373,2.00995
6818,2.31184,0.840655,2.15358
6819,2.24515,0.852874,2.07685
6820,2.33109,0.871053,2.16224
6821,2.17257,0.677412,2.06426
6822,2.19912,0.763012,2.06251
6823,2.14495,0.594727,2.06085
6824,2.06305,0.665894,1.95263
6825,2.00037,0.650414,1.89167
6826,2.00037,0.650414,1.89167
6827,1.955,0.59949,1.86081
6828,1.96512,0.735308,1.82236
6829,1.88957,0.745429,1.73632
6830,1.97899,0.757929,1.8281
6831,1.99724,0.727314,1.8601
6832,2.03611,0.744393,1.89516
6833,2.15888,0.739661,2.02821
6834,2.28169,0.866481,2.11076
6835,2.28169,0.866481,2.11076
6836,2.33233,0.934052,2.13713
6837,2.33743,0.804397,2.19466
6838,2.40793,0.888378,2.23806
6839,2.2778,0.754753,2.14913
6840,2.37482,0.787713,2.24037
6841,2.29536,0.671484,2.19495
6842,2.2623,0.652804,2.16606
6843,2.21278,0.797952,2.0639
6844,2.15194,0.789033,2.00206
6845,2.08067,0.706374,1.9571
6846,2.16853,0.779229,2.02369
6847,2.03321,0.747592,1.89078
6848,2.17469,0.901401,1.97907
6849,2.14427,0.799832,1.98951
6850,2.16828,0.770369,2.02681
6851,2.09904,0.72467,1.96998
6852,2.09904,0.72467,1.96998
6853,2.09904,0.72467,1.96998
6854,2.19742,0.856686,2.02355
6855,2.21598,0.907358,2.0217
6856,2.23476,0.94973,2.02291
6857,2.28682,1.06005,2.02629
6858,2.36621,1.05972,2.11564
6859,2.38241,1.03658,2.14509
6860,2.38241,1.03658,2.14509
6861,2.41485,0.829233,2.26801
6862,2.50506,1.04357,2.27734
6863,2.31869,0.996874,2.09346
6864,2.36968,0.968155,2.16289
6865,2.23323,0.790699,2.08856
6866,2.23323,0.790699,2.08856
6867,2.2401,0.837866,2.0775
6868,2.33493,0.89861,2.15509
6869,2.38732,0.931765,2.19798
6870,2.2621,0.856519,2.09368
6871,2.25336,0.7453,2.12654
6872,2.25053,0.599774,2.16914
6873,2.25053,0.599774,2.16914
6874,2.45844,0.731364,2.34714
6875,2.40025,0.780196,2.26991
6876,2.40025,0.780196,2.26991
6877,2.39106,0.84608,2.23636
6878,2.39106,0.84608,2.23636
6879,2.39144,0.855108,2.23334
6880,2.25538,0.74323,2.1294
6881,2.27807,0.610555,2.19473
6882,2.23115,0.645182,2.13583
6883,2.18579,0.623506,2.09497
6884,2.18199,0.60028,2.0978
6885,2.18199,0.60028,2.0978
6886,2.0351,0.56208,1.95594
6887,2.0351,0.56208,1.95594
6888,2.11773,0.570808,2.03935
6889,2.16992,0.642124,2.07274
6890,1.99179,0.612614,1.89524
6891,1.94316,0.628652,1.83866
6892,1.94316,0.628652,1.83866
6893,2.13767,0.581389,2.05709
6894,2.13767,0.581389,2.05709
6895,2.13767,0.581389,2.05709
6896,2.13767,0.581389,2.05709
6897,2.16966,0.599603,2.08516
6898,2.15741,0.618657,2.0668
6899,2.1796,0.538656,2.11199
6900,2.1796,0.538656,2.11199
6901,2.18286,0.555531,2.11099
6902,2.12916,0.433541,2.08455
6903,2.12324,0.545521,2.05196
6904,2.12324,0.545521,2.05196
6905,2.12324,0.545521,2.05196
6906,2.04214,0.588047,1.95564
6907,2.04214,0.588047,1.95564
6908,2.10421,0.53968,2.03383
6909,2.06349,0.451824,2.01341
6910,2.11938,0.567087,2.0421
6911,1.95831,0.473909,1.9001
6912,1.91752,0.530745,1.8426
6913,1.91752,0.530745,1.8426
6914,1.91752,0.530745,1.8426
6915,1.91752,0.530745,1.8426
6916,1.89277,0.466184,1.83446
6917,1.89277,0.466184,1.83446
6918,1.84164,0.451169,1.78553
6919,1.82655,0.549752,1.74185
6920,1.85847,0.619886,1.75204
6921,1.85847,0.619886,1.75204
6922,1.85421,0.533351,1.77585
6923,1.89526,0.477074,1.83424
6924,1.89526,0.477074,1.83424
6925,1.89022,0.44848,1.83625
6926,1.93615,0.569163,1.8506
6927,1.93082,0.588761,1.83886
6928,1.91699,0.672942,1.79499
6929,1.91699,0.672942,1.79499
6930,1.85258,0.669045,1.72755
6931,1.86649,0.642329,1.75249
6932,1.86649,0.642329,1.75249
6933,1.86649,0.642329,1.75249
6934,1.86649,0.642329,1.75249
6935,1.86649,0.642329,1.75249
6936,1.88083,0.681175,1.75315
6937,1.7566,0.633182,1.63851
6938,1.79394,0.726535,1.64024
6939,1.79394,0.726535,1.64024
6940,1.79394,0.726535,1.64024
6941,1.76414,0.672362,1.63099
6942,1.76414,0.672362,1.63099
6943,1.76414,0.672362,1.63099
6944,1.76414,0.672362,1.63099
6945,1.82367,0.723431,1.67404
6946,1.81922,0.7899,1.63879
6947,1.81922,0.7899,1.63879
6948,1.8841,0.815686,1.69837
6949,1.77146,0.754335,1.60282
6950,1.80087,0.742321,1.64076
6951,1.78415,0.622973,1.67185
6952,1.79771,0.662724,1.6711
6953,1.79771,0.662724,1.6711
6954,1.79771,0.662724,1.6711
6955,1.89518,0.707034,1.75835
6956,1.88498,0.788821,1.71199
6957,1.88498,0.788821,1.71199
6958,1.88424,0.816425,1.69817
6959,1.90368,0.815601,1.72011
6960,1.82065,0.86888,1.59994
6961,1.82065,0.86888,1.59994
6962,1.67436,0.798732,1.47156
6963,1.69136,0.809925,1.48483
6964,1.69309,0.809074,1.48726
6965,1.69309,0.809074,1.48726
6966,1.64448,0.773784,1.45106
6967,1.60054,0.735614,1.42148
6968,1.61847,0.833616,1.38728
6969,1.57445,0.820699,1.34364
6970,1.57445,0.820699,1.34364
6971,1.64128,0.825691,1.41846
6972,1.64695,0.808861,1.43464
6973,1.63825,0.772608,1.44463
6974,1.63825,0.772608,1.44463
6975,1.73502,0.789371,1.54505
6976,1.70756,0.745556,1.5362
6977,1.73576,0.807893,1.53629
6978,1.77288,0.766695,1.59852
6979,1.75347,0.716431,1.60044
6980,1.86565,0.79511,1.68774
6981,1.90801,0.844921,1.71074
6982,1.99958,0.827369,1.82038
6983,1.99958,0.827369,1.82038
6984,2.05275,0.759888,1.90692
6985,2.05275,0.759888,1.90692
6986,2.00332,0.611456,1.90772
6987,2.03302,0.715971,1.90278
6988,2.01367,0.633722,1.91135
6989,2.01367,0.633722,1.91135
6990,2.0137,0.52318,1.94455
6991,2.03674,0.588846,1.94976
6992,2.03674,0.588846,1.94976
6993,2.03674,0.588846,1.94976
6994,1.9906,0.675175,1.8726
6995,1.9906,0.675175,1.8726
6996,2.06823,0.716788,1.94005
6997,2.0904,0.667316,1.98103
6998,2.0904,0.667316,1.98103
6999,2.02551,0.620845,1.92801
7000,2.08188,0.637687,1.98181
7001,2.00432,0.634323,1.9013
7002,1.97196,0.690102,1.84726
7003,1.97196,0.690102,1.84726
7004,1.97196,0.690102,1.84726
7005,1.99445,0.700923,1.86722
7006,1.99445,0.700923,1.86722
7007,2.01958,0.781851,1.8621
7008,1.98649,0.729448,1.84771
7009,1.92648,0.690806,1.79836
7010,1.96132,0.632396,1.85658
7011,1.99087,0.637406,1.88607
7012,1.99087,0.637406,1.88607
7013,1.97409,0.598357,1.88122
7014,2.01297,0.575486,1.92895
7015,1.97299,0.583751,1.88465
7016,1.90717,0.628565,1.80061
7017,1.90717,0.628565,1.80061
7018,1.99584,0.725038,1.85949
7019,2.03064,0.694658,1.90813
7020,1.9228,0.721832,1.78216
7021,1.9466,0.740572,1.80022
7022,1.98841,0.729357,1.84981
7023,2.03198,0.672637,1.91742
7024,2.05044,0.567099,1.97046
7025,2.03182,0.560256,1.95305
7026,1.88088,0.62612,1.77361
7027,1.90781,0.659636,1.79015
7028,1.76744,0.557345,1.67726
7029,1.85161,0.565697,1.76307
7030,1.79157,0.564125,1.70044
7031,1.90867,0.630476,1.80154
7032,1.90867,0.630476,1.80154
7033,1.90867,0.630476,1.80154
7034,1.92908,0.784051,1.76256
7035,1.87451,0.791353,1.69928
7036,1.87451,0.791353,1.69928
7037,1.89586,0.801945,1.7179
7038,1.93009,0.81184,1.75105
7039,1.93009,0.81184,1.75105
7040,1.97034,0.92012,1.7423
7041,1.97034,0.92012,1.7423
7042,1.97034,0.92012,1.7423
7043,1.97236,0.981239,1.71096
7044,2.02693,1.04351,1.73768
7045,2.0491,1.02246,1.77578
7046,2.0491,1.02246,1.77578
7047,2.12786,1.01991,1.8675
7048,2.12786,1.01991,1.8675
7049,2.11633,1.09014,1.81396
7050,2.11633,1.09014,1.81396
7051,2.10634,1.06941,1.81468
7052,2.07641,1.00145,1.81895
7053,2.07541,0.927103,1.85682
7054,2.07541,0.927103,1.85682
7055,2.05475,0.982485,1.80464
7056,2.13463,1.01394,1.87845
7057,2.13345,0.914902,1.92732
7058,2.15054,0.979499,1.91453
7059,2.15054,0.979499,1.91453
7060,2.0849,0.864637,1.89716
7061,1.9944,0.772379,1.83876
7062,1.94984,0.823945,1.7672
7063,2.04012,0.947056,1.80697
7064,2.04012,0.947056,1.80697
7065,2.04012,0.947056,1.80697
7066,2.04012,0.947056,1.80697
7067,2.04012,0.947056,1.80697
7068,2.00649,1.08051,1.69071
7069,2.00941,1.00541,1.73979
7070,1.96328,1.00231,1.68815
7071,1.9447,0.950653,1.6965
7072,1.89647,0.926126,1.65496
7073,1.92124,1.00748,1.6359
7074,1.88348,0.945914,1.62872
7075,1.78178,0.955157,1.50414
7076,1.78178,0.955157,1.50414
7077,1.76792,0.907604,1.51716
7078,1.84289,0.953269,1.57719
7079,1.89504,0.928524,1.65197
7080,1.89504,0.928524,1.65197
7081,1.79838,0.757549,1.63104
7082,1.79838,0.757549,1.63104
7083,1.79838,0.757549,1.63104
7084,1.86007,0.626996,1.75121
7085,1.86007,0.626996,1.75121
7086,1.89182,0.767505,1.72914
7087,1.77844,0.707425,1.63169
7088,1.77844,0.707425,1.63169
7089,1.80639,0.752354,1.64226
7090,1.84715,0.704944,1.70734
7091,1.87879,0.919126,1.63861
7092,1.86317,0.89726,1.63289
7093,1.86317,0.89726,1.63289
7094,1.78816,0.852315,1.57196
7095,1.78816,0.852315,1.57196
7096,1.86328,0.876842,1.64406
7097,1.82437,0.894956,1.58977
7098,1.86307,0.869152,1.64791
7099,1.89169,0.78753,1.71996
7100,1.88893,0.78193,1.71949
7101,1.88264,0.765319,1.72006
7102,1.91882,0.761779,1.76113
7103,1.91185,0.741345,1.76226
7104,2.02229,0.759699,1.87417
7105,2.02229,0.759699,1.87417
7106,1.97387,0.700401,1.84543
7107,1.97391,0.692934,1.84829
7108,2.0118,0.690403,1.88963
7109,1.90083,0.753953,1.74491
7110,1.96062,0.727174,1.82079
7111,1.8904,0.654983,1.7733
7112,1.9144,0.420471,1.86765
7113,1.94409,0.528752,1.8708
7114,1.97911,0.531529,1.9064
7115,1.996,0.581559,1.9094
7116,1.996,0.581559,1.9094
7117,2.07093,0.640475,1.9694
7118,2.07256,0.680658,1.9576
7119,2.06335,0.725196,1.93171
7120,1.96808,0.65088,1.85734
7121,1.80532,0.551265,1.7191
7122,1.80532,0.551265,1.7191
7123,1.85917,0.603294,1.75856
7124,2.04771,0.552025,1.9719
7125,2.09381,0.670215,1.98365
7126,2.18092,0.802482,2.02791
7127,2.18092,0.802482,2.02791
7128,2.28387,0.869613,2.11184
7129,2.28387,0.869613,2.11184
7130,2.28387,0.869613,2.11184
7131,2.25172,0.861261,2.0805
7132,2.26976,0.85332,2.10325
7133,2.21739,1.1786,1.87823
7134,2.10045,1.03028,1.83041
7135,2.10045,1.03028,1.83041
7136,2.10045,1.03028,1.83041
7137,2.15795,1.11857,1.84541
7138,2.09172,1.07157,1.7964
7139,2.08728,1.11741,1.76299
7140,2.00955,1.07591,1.69726
7141,2.00955,1.07591,1.69726
7142,2.10554,1.1904,1.73674
7143,2.03584,1.0523,1.74279
7144,2.05318,1.08498,1.74309
7145,2.05318,1.08498,1.74309
7146,2.04054,1.05265,1.74806
7147,2.04054,1.05265,1.74806
7148,2.10088,1.20022,1.72429
7149,2.02047,1.20763,1.61985
7150,2.02645,1.11944,1.68919
7151,2.04189,1.0205,1.76859
7152,2.18054,1.09618,1.88498
7153,2.28465,1.14859,1.97494
7154,2.15422,1.24946,1.75485
7155,2.13161,1.24076,1.73329
7156,2.13161,1.24076,1.73329
7157,2.17086,1.28022,1.75319
7158,2.17086,1.28022,1.75319
7159,2.29441,1.4255,1.79785
7160,2.17847,1.40512,1.66474
7161,2.19971,1.58828,1.52188
7162,2.19971,1.58828,1.52188
7163,2.14694,1.44463,1.58821
7164,2.14694,1.44463,1.58821
7165,2.11542,1.47165,1.51963
7166,2.13564,1.45988,1.55876
7167,2.11404,1.38799,1.59458
7168,2.05446,1.4112,1.49309
7169,2.03804,1.32068,1.55224
7170,2.06512,1.3755,1.54036
7171,2.10959,1.32593,1.64082
7172,2.00064,1.29271,1.52691
7173,2.04843,1.31573,1.57001
7174,2.04843,1.31573,1.57001
7175,2.08695,1.29474,1.63678
7176,2.26018,1.4874,1.70178
7177,2.16026,1.4485,1.60268
7178,2.04299,1.40476,1.48339
7179,2.13138,1.45006,1.56209
7180,2.19069,1.54208,1.556
7181,2.1116,1.466,1.51978
7182,2.14976,1.47809,1.561
7183,2.16039,1.48219,1.57175
7184,2.00462,1.3427,1.48851
7185,1.92099,1.27442,1.43738
7186,1.9448,1.28953,1.45581
7187,1.96656,1.3009,1.4748
7188,1.96656,1.3009,1.4748
7189,1.95164,1.23585,1.51049
7190,1.98519,1.2239,1.56303
7191,1.98519,1.2239,1.56303
7192,2.00109,1.28391,1.5349
7193,1.87376,1.20256,1.43695
7194,1.87376,1.20256,1.43695
7195,1.84934,1.15376,1.4453
7196,1.8399,1.23313,1.36551
7197,1.8399,1.23313,1.36551
7198,1.8399,1.23313,1.36551
7199,1.8399,1.23313,1.36551
7200,1.8399,1.23313,1.36551
7201,1.82516,1.17758,1.39445
7202,1.88445,1.2039,1.44975
7203,1.92616,1.11442,1.57104
7204,1.87228,1.17078,1.46106
7205,1.87228,1.17078,1.46106
7206,1.93448,1.20077,1.5167
7207,1.99781,1.25029,1.55821
7208,1.96214,1.32076,1.45106
7209,1.98727,1.29655,1.50605
7210,2.00336,1.3958,1.43708
7211,1.95697,1.38478,1.3828
7212,1.93456,1.39111,1.34438
7213,1.88968,1.40021,1.26897
7214,1.88968,1.40021,1.26897
7215,1.92549,1.40994,1.31133
7216,1.92549,1.40994,1.31133
7217,1.9767,1.41605,1.37919
7218,2.07803,1.34861,1.58096
7219,2.06126,1.31321,1.58879
7220,2.06126,1.31321,1.58879
7221,2.06126,1.31321,1.58879
7222,2.06126,1.31321,1.58879
7223,2.02818,1.32895,1.53212
7224,2.06204,1.29688,1.60316
7225,2.09224,1.35906,1.59072
7226,2.04487,1.26909,1.6034
7227,2.09052,1.30165,1.63584
7228,2.02859,1.15881,1.66504
7229,2.07997,1.09641,1.76753
7230,2.07997,1.09641,1.76753
7231,2.07997,1.09641,1.76753
7232,1.95729,1.06064,1.645
7233,1.95729,1.06064,1.645
7234,1.95729,1.06064,1.645
7235,1.93163,0.977404,1.6661
7236,1.97591,0.944732,1.73542
7237,1.99256,1.08333,1.67234
7238,1.99256,1.08333,1.67234
7239,2.06249,1.18724,1.68651
7240,2.11349,1.20342,1.73741
7241,2.22532,1.32546,1.78751
7242,2.13564,1.27083,1.71637
7243,2.13564,1.27083,1.71637
7244,2.13564,1.27083,1.71637
7245,2.13564,1.27083,1.71637
7246,2.13142,1.20133,1.76061
7247,2.13142,1.20133,1.76061
7248,1.99774,1.12979,1.64759
7249,2.0455,1.23755,1.62866
7250,2.09935,1.18056,1.73595
7251,2.03698,1.17537,1.66368
7252,2.03698,1.17537,1.66368
7253,1.96037,1.13509,1.59831
7254,1.96037,1.13509,1.59831
7255,2.12818,1.37741,1.62231
7256,2.13109,1.3572,1.64304
7257,2.18025,1.38556,1.68336
7258,2.09914,1.27965,1.664
7259,2.17277,1.30804,1.73493
7260,2.1756,1.2129,1.80612
7261,2.30518,1.374,1.85094
7262,2.23228,1.35902,1.77091
7263,2.16285,1.33991,1.69781
7264,2.15175,1.26539,1.74035
7265,2.11701,1.33501,1.64301
7266,2.15416,1.4487,1.59426
7267,2.00706,1.36102,1.4751
7268,1.99603,1.24423,1.56078
7269,2.08063,1.2795,1.6407
7270,2.08063,1.2795,1.6407
7271,1.93998,1.25188,1.482
7272,1.9645,1.3128,1.46144
7273,1.9645,1.3128,1.46144
7274,1.92777,1.30205,1.42161
7275,1.88522,1.44539,1.21033
7276,1.87823,1.50786,1.11986
7277,1.80631,1.45227,1.07408
7278,1.74995,1.38298,1.07224
7279,1.7036,1.35299,1.03523
7280,1.7036,1.35299,1.03523
7281,1.82287,1.39185,1.17712
7282,1.84307,1.34929,1.25553
7283,1.9344,1.46296,1.26556
7284,1.84602,1.37312,1.23382
7285,1.8916,1.33357,1.34154
7286,1.89517,1.2916,1.38689
7287,1.88213,1.27291,1.3864
7288,1.88213,1.27291,1.3864
7289,1.8996,1.24854,1.43165
7290,1.96512,1.25107,1.51543
7291,2.01633,1.25507,1.57809
7292,2.01633,1.25507,1.57809
7293,2.06259,1.32076,1.58425
7294,2.07243,1.31612,1.60088
7295,2.07243,1.31612,1.60088
7296,2.07243,1.31612,1.60088
7297,2.07243,1.31612,1.60088
7298,2.07243,1.31612,1.60088
7299,2.0053,1.24146,1.5748
7300,1.85036,1.19153,1.41565
7301,1.95839,1.37689,1.39265
7302,2.03767,1.40498,1.47585
7303,2.02888,1.46866,1.39977
7304,2.02888,1.46866,1.39977
7305,1.99859,1.34793,1.47562
7306,2.03393,1.39964,1.47576
7307,1.91972,1.39657,1.31715
7308,1.9345,1.44699,1.28395
7309,1.97232,1.50852,1.27059
7310,1.99972,1.49867,1.32395
7311,1.97599,1.53628,1.24274
7312,1.98809,1.58042,1.20613
7313,1.98809,1.58042,1.20613
7314,1.92471,1.57682,1.10369
7315,2.02152,1.60213,1.23277
7316,1.9743,1.46001,1.32899
7317,1.9743,1.46001,1.32899
7318,1.9743,1.46001,1.32899
7319,2.01385,1.41454,1.43341
7320,2.01385,1.41454,1.43341
7321,1.93555,1.41774,1.31771
7322,1.93555,1.41774,1.31771
7323,1.93555,1.41774,1.31771
7324,1.93555,1.41774,1.31771
7325,1.93555,1.41774,1.31771
7326,1.98422,1.38539,1.4205
7327,1.93985,1.43991,1.29987
7328,2.02739,1.55679,1.29874
7329,2.02739,1.55679,1.29874
7330,1.97188,1.52865,1.24561
7331,1.97188,1.52865,1.24561
7332,1.97188,1.52865,1.24561
7333,1.97188,1.52865,1.24561
7334,1.97188,1.52865,1.24561
7335,1.97188,1.52865,1.24561
7336,2.02094,1.58486,1.25395
7337,2.05719,1.63334,1.2507
7338,1.98672,1.5942,1.18557
7339,1.98672,1.5942,1.18557
7340,1.97386,1.57416,1.19085
7341,1.98221,1.54915,1.23665
7342,2.06604,1.55804,1.35685
7343,2.06604,1.55804,1.35685
7344,2.05433,1.5221,1.37966
7345,1.99693,1.41451,1.40958
7346,1.99667,1.43962,1.38354
7347,1.98398,1.42518,1.38024
7348,2.06448,1.37694,1.53822
7349,2.11835,1.33325,1.64616
7350,2.09128,1.34986,1.59729
7351,2.05651,1.47012,1.43804
7352,2.05651,1.47012,1.43804
7353,2.07197,1.5273,1.40015
7354,2.06739,1.51515,1.40656
7355,2.03133,1.49644,1.37367
7356,2.06697,1.46802,1.45509
7357,2.07135,1.46674,1.46259
7358,1.98601,1.3898,1.41869
7359,1.98601,1.3898,1.41869
7360,2.02212,1.47336,1.38498
7361,2.07259,1.43277,1.49759
7362,2.03074,1.3729,1.49635
7363,1.97938,1.38556,1.41356
7364,2.03248,1.40397,1.46964
7365,2.03299,1.37351,1.49884
7366,1.99327,1.43722,1.38112
7367,2.01813,1.52449,1.32241
7368,2.01813,1.52449,1.32241
7369,1.99634,1.47221,1.34831
7370,2.02726,1.46981,1.39623
7371,2.01002,1.48159,1.35834
7372,2.01002,1.48159,1.35834
7373,1.99068,1.45034,1.36357
7374,1.99155,1.51599,1.29154
7375,1.99878,1.55198,1.25956
7376,1.9245,1.47415,1.23717
7377,1.9245,1.47415,1.23717
7378,1.90828,1.45086,1.23956
7379,1.92755,1.47175,1.24475
7380,1.97311,1.48621,1.29783
7381,2.03776,1.55361,1.31862
7382,1.89513,1.41586,1.2597
7383,1.87672,1.27656,1.37567
7384,1.91074,1.34326,1.35889
7385,1.92144,1.30794,1.40756
7386,1.94445,1.22537,1.50975
7387,2.02407,1.20043,1.62967
7388,2.06111,1.11141,1.73579
7389,2.1077,1.10024,1.79774
7390,2.14878,1.15638,1.81109
7391,2.14878,1.15638,1.81109
7392,2.14878,1.15638,1.81109
7393,2.16829,1.18687,1.81461
7394,2.04529,1.25221,1.61715
7395,2.09558,1.53139,1.43049
7396,2.10104,1.44097,1.52904
7397,2.28545,1.61373,1.61839
7398,2.24243,1.60564,1.56537
7399,2.09039,1.50585,1.44988
7400,2.09039,1.50585,1.44988
7401,2.12033,1.45237,1.5448
7402,2.16037,1.42102,1.62724
7403,2.10723,1.42144,1.55561
7404,2.10723,1.42144,1.55561
7405,2.10948,1.37456,1.60015
7406,1.97783,1.22204,1.55513
7407,1.9606,1.24887,1.51137
7408,1.91894,1.24154,1.46319
7409,1.95444,1.29251,1.46604
7410,1.95537,1.22869,1.52111
7411,2.01731,1.08317,1.70185
7412,1.9419,1.1216,1.58524
7413,1.9419,1.1216,1.58524
7414,1.9419,1.1216,1.58524
7415,1.97355,1.02675,1.68544
7416,1.953,0.971468,1.69424
7417,1.99169,0.901925,1.77578
7418,2.0336,0.844202,1.8501
7419,2.0336,0.844202,1.8501
7420,1.92867,0.752834,1.77567
7421,1.92867,0.752834,1.77567
7422,2.1107,0.867677,1.92411
7423,1.98028,0.653918,1.8692
7424,1.98028,0.653918,1.8692
7425,1.87084,0.709718,1.731
7426,1.83141,0.866542,1.61344
7427,1.80514,0.816649,1.60985
7428,1.86815,0.78309,1.6961
7429,1.8288,0.637854,1.71396
7430,1.71637,0.732061,1.55242
7431,1.7087,0.700723,1.55841
7432,1.7087,0.700723,1.55841
7433,1.72595,0.73015,1.5639
7434,1.7511,0.728759,1.59225
7435,1.73523,0.715215,1.58098
7436,1.71666,0.735249,1.55124
7437,1.71095,0.796045,1.51449
7438,1.71095,0.796045,1.51449
7439,1.66494,0.8737,1.41728
7440,1.68518,0.938074,1.39995
7441,1.73192,0.917924,1.46866
7442,1.74405,0.865173,1.51432
7443,1.74309,0.860119,1.5161
7444,1.74309,0.860119,1.5161
7445,1.74309,0.860119,1.5161
7446,1.74309,0.860119,1.5161
7447,1.74309,0.860119,1.5161
7448,1.71272,0.930029,1.43821
7449,1.71272,0.930029,1.43821
7450,1.72275,0.882531,1.47952
7451,1.66379,0.864515,1.42155
7452,1.62737,0.837429,1.39536
7453,1.70491,0.892201,1.45283
7454,1.77967,1.04498,1.44057
7455,1.73169,0.894071,1.48304
7456,1.73169,0.894071,1.48304
7457,1.83533,0.96568,1.56074
7458,1.83395,1.03049,1.51706
7459,1.92712,1.25705,1.46069
7460,1.94738,1.17034,1.55646
7461,1.94738,1.17034,1.55646
7462,1.88808,1.04011,1.57576
7463,1.82434,1.00912,1.51982
7464,1.89762,1.01827,1.60128
7465,2.03591,1.13248,1.69188
7466,2.03591,1.13248,1.69188
7467,2.10754,1.14946,1.76649
7468,2.07329,1.16651,1.714
7469,2.1488,1.25236,1.74611
7470,2.13637,1.29591,1.69844
7471,2.13637,1.29591,1.69844
7472,2.13637,1.29591,1.69844
7473,2.17709,1.35019,1.70784
7474,2.25776,1.48935,1.69685
7475,2.13567,1.45332,1.5649
7476,2.00603,1.18394,1.61939
7477,2.00603,1.18394,1.61939
7478,2.00603,1.18394,1.61939
7479,2.00603,1.18394,1.61939
7480,2.12011,1.1779,1.76279
7481,2.16944,1.1724,1.82536
7482,2.16681,1.12371,1.85266
7483,2.12459,1.23859,1.7262
7484,2.06879,1.15011,1.71962
7485,2.04487,1.12637,1.70669
7486,2.13711,1.27367,1.7161
7487,2.13711,1.27367,1.7161
7488,2.11387,1.17557,1.75684
7489,2.11387,1.17557,1.75684
7490,2.25032,1.2841,1.84797
7491,2.25032,1.2841,1.84797
7492,2.31209,1.34176,1.88294
7493,2.2198,1.36672,1.74916
7494,2.19516,1.34416,1.7355
7495,2.19516,1.34416,1.7355
7496,2.15978,1.45735,1.59399
7497,2.15978,1.45735,1.59399
7498,2.19602,1.42639,1.66971
7499,2.19602,1.42639,1.66971
7500,2.12596,1.2874,1.69184
7501,2.11768,1.29529,1.67535
7502,2.17917,1.29567,1.75215
7503,2.16861,1.13928,1.84524
7504,2.18826,1.1072,1.88748
7505,2.08797,1.03807,1.81164
7506,2.03866,1.00798,1.77204
7507,2.07217,1.03114,1.7974
7508,2.07142,0.97011,1.83021
7509,2.07142,0.97011,1.83021
7510,2.01804,0.915009,1.79868
7511,1.98652,0.932711,1.75394
7512,1.95025,0.884328,1.73822
7513,1.97703,0.823441,1.79739
7514,1.98826,0.905136,1.77029
7515,1.98826,0.905136,1.77029
7516,2.03956,0.968725,1.79482
7517,2.08566,0.929644,1.86701
7518,1.93987,0.916107,1.70992
7519,1.93987,0.916107,1.70992
7520,2.00052,0.954056,1.75836
7521,2.00052,0.954056,1.75836
7522,2.0085,0.917748,1.78656
7523,2.0085,0.917748,1.78656
7524,1.92674,0.846078,1.73104
7525,1.92674,0.846078,1.73104
7526,1.99002,0.787085,1.82775
7527,1.98232,0.803392,1.81222
7528,1.98232,0.803392,1.81222
7529,2.06942,0.818445,1.9007
7530,2.06942,0.818445,1.9007
7531,2.11485,0.862629,1.93093
7532,1.9512,0.762199,1.79618
7533,1.97618,0.678939,1.85589
7534,1.97618,0.678939,1.85589
7535,1.97618,0.678939,1.85589
7536,2.052,0.806774,1.88675
7537,2.052,0.806774,1.88675
7538,2.10379,0.7879,1.95067
7539,2.10935,0.858514,1.92674
7540,2.07164,0.682785,1.95589
7541,2.03927,0.677854,1.92331
7542,2.03927,0.677854,1.92331
7543,2.03927,0.677854,1.92331
7544,2.08551,0.69069,1.96781
7545,2.02792,0.690092,1.90689
7546,2.05993,0.617807,1.9651
7547,2.05993,0.617807,1.9651
7548,2.12763,0.72726,1.99947
7549,2.12527,0.622006,2.03221
7550,2.12527,0.622006,2.03221
7551,2.12952,0.697345,2.0121
7552,2.07674,0.755117,1.93459
7553,2.01957,0.794375,1.85678
7554,2.0153,0.734082,1.87685
7555,2.0153,0.734082,1.87685
7556,2.0153,0.734082,1.87685
7557,2.00057,0.644265,1.89399
7558,2.08533,0.684859,1.96966
7559,1.95985,0.597189,1.86665
7560,1.972,0.559415,1.89099
7561,1.92326,0.578256,1.83428
7562,1.92326,0.578256,1.83428
7563,1.97399,0.705037,1.84379
7564,1.9881,0.703765,1.85938
7565,1.9881,0.703765,1.85938
7566,1.9881,0.703765,1.85938
7567,1.92914,0.690782,1.80123
7568,1.94423,0.628,1.84001
7569,1.91925,0.514409,1.84902
7570,1.9283,0.61058,1.82908
7571,2.01981,0.595835,1.92992
7572,2.01981,0.595835,1.92992
7573,2.01981,0.595835,1.92992
7574,1.99447,0.633284,1.89126
7575,2.11538,0.741167,1.98129
7576,2.02886,0.816899,1.85714
7577,2.02886,0.816899,1.85714
7578,1.94558,0.830263,1.75953
7579,1.93622,0.798612,1.76385
7580,1.93622,0.798612,1.76385
7581,1.93622,0.798612,1.76385
7582,2.10393,0.916891,1.89362
7583,2.08421,0.948991,1.85563
7584,2.08421,0.948991,1.85563
7585,2.0982,0.854211,1.91645
7586,2.02001,0.863386,1.8262
7587,2.02001,0.863386,1.8262
7588,2.02001,0.863386,1.8262
7589,1.90675,0.86147,1.70105
7590,1.85658,0.856503,1.64721
7591,1.81383,0.777414,1.63879
7592,1.81383,0.777414,1.63879
7593,1.7427,0.667593,1.60976
7594,1.7427,0.667593,1.60976
7595,1.7427,0.667593,1.60976
7596,1.68811,0.66953,1.54966
7597,1.66461,0.567141,1.56501
7598,1.66461,0.567141,1.56501
7599,1.62891,0.59996,1.5144
7600,1.65009,0.60996,1.53321
7601,1.67228,0.574388,1.57054
7602,1.68329,0.676486,1.54137
7603,1.69444,0.660532,1.56039
7604,1.76078,0.558475,1.66986
7605,1.84301,0.553414,1.75796
7606,1.8697,0.518092,1.79649
7607,1.8697,0.518092,1.79649
7608,1.825,0.538474,1.74375
7609,1.81782,0.541955,1.73515
7610,1.79942,0.585439,1.70152
7611,1.70608,0.567929,1.60878
7612,1.70608,0.567929,1.60878
7613,1.77604,0.63096,1.66019
7614,1.84807,0.437701,1.79549
7615,1.83515,0.467276,1.77466
7616,1.82911,0.419891,1.78026
7617,1.84109,0.392912,1.79868
7618,1.87852,0.351334,1.84537
7619,1.87852,0.351334,1.84537
7620,1.78281,0.275229,1.76144
7621,1.8543,0.190158,1.84452
7622,1.88271,0.31639,1.85594
7623,1.88736,0.219164,1.87459
7624,1.91528,0.30289,1.89118
7625,1.9173,0.163846,1.91029
7626,1.9173,0.163846,1.91029
7627,1.96685,0.0484835,1.96625
7628,2.04538,0.229646,2.03245
7629,1.97113,0.157379,1.96484
7630,2.01381,0.172629,2.0064
7631,2.01381,0.172629,2.0064
7632,2.07769,0.142459,2.0728
7633,1.97006,0.146522,1.9646
7634,2.03968,-0.0148416,2.03963
7635,2.03968,-0.0148416,2.03963
7636,1.92336,0.0426719,1.92289
7637,1.85573,-0.0575839,1.85484
7638,1.88345,-0.0940149,1.8811
7639,1.82436,-0.109242,1.82109
7640,1.94874,-0.00310594,1.94874
7641,1.94874,-0.00310594,1.94874
7642,1.89881,0.0499561,1.89815
7643,1.9882,-0.00106522,1.9882
7644,1.9532,0.0435696,1.95271
7645,1.9532,0.0435696,1.95271
7646,1.91918,0.20444,1.90826
7647,1.91918,0.20444,1.90826
7648,1.93043,0.0808487,1.92874
7649,1.93043,0.0808487,1.92874
7650,1.92945,0.014999,1.92939
7651,1.95365,-0.056256,1.95284
7652,1.91237,0.00933883,1.91235
7653,1.96751,0.116245,1.96408
7654,1.86367,0.0493279,1.86301
7655,1.80457,0.0745731,1.80303
7656,1.78006,-0.00483775,1.78005
7657,1.78798,-0.0465169,1.78737
7658,1.92849,0.0223397,1.92836
7659,1.99659,-0.0379426,1.99622
7660,1.99659,-0.0379426,1.99622
7661,1.8641,-0.0133795,1.86405
7662,1.8641,-0.0133795,1.86405
7663,1.84303,0.0557975,1.84219
7664,1.91166,0.187284,1.90246
7665,1.91166,0.187284,1.90246
7666,1.88733,0.00838629,1.88731
7667,1.88733,0.00838629,1.88731
7668,1.97544,0.0253883,1.97527
7669,1.94656,-0.0149054,1.9465
7670,1.93127,-0.09215,1.92908
7671,1.95562,-0.0864249,1.95371
7672,2.03833,0.00124753,2.03832
7673,2.03833,0.00124753,2.03832
7674,2.02302,0.243253,2.00834
7675,2.02302,0.243253,2.00834
7676,2.02302,0.243253,2.00834
7677,2.00684,0.185919,1.99821
7678,2.00684,0.185919,1.99821
7679,2.00684,0.185919,1.99821
7680,2.00509,0.20222,1.99486
7681,1.97966,0.228186,1.96646
7682,1.85943,0.228417,1.84535
7683,1.8701,0.181211,1.8613
7684,1.86388,0.0970613,1.86135
7685,1.83289,0.144151,1.82721
7686,1.83289,0.144151,1.82721
7687,1.85229,0.282716,1.83059
7688,1.85229,0.282716,1.83059
7689,1.93599,0.282125,1.91532
7690,1.93599,0.282125,1.91532
7691,1.9312,0.273247,1.91178
7692,1.9312,0.273247,1.91178
7693,1.9312,0.273247,1.91178
7694,1.87393,0.406696,1.82926
7695,1.90121,0.367412,1.86538
7696,1.85255,0.395535,1.80984
7697,1.79489,0.425284,1.74378
7698,1.80863,0.49328,1.74006
7699,1.76957,0.461424,1.70835
7700,1.75429,0.47505,1.68875
7701,1.74861,0.280027,1.72604
7702,1.74861,0.280027,1.72604
7703,1.83471,0.258099,1.81646
7704,1.73174,0.297627,1.70598
7705,1.73174,0.297627,1.70598
7706,1.8176,0.373455,1.77883
7707,1.84385,0.293391,1.82036
7708,1.84739,0.302825,1.8224
7709,1.8628,0.280079,1.84163
7710,1.96454,0.398086,1.92379
7711,2.14588,0.508481,2.08476
7712,2.14588,0.508481,2.08476
7713,2.16674,0.563617,2.09215
7714,2.19127,0.539515,2.12381
7715,2.27497,0.661281,2.17674
7716,2.25351,0.741465,2.12804
7717,2.16272,0.707198,2.04383
7718,2.13386,0.644354,2.03425
7719,2.14439,0.628807,2.05012
7720,2.06408,0.639084,1.96265
7721,2.06408,0.639084,1.96265
7722,1.95595,0.587721,1.86556
7723,1.97614,0.627672,1.87381
7724,1.96752,0.629419,1.86413
7725,2.06314,0.518769,1.99685
7726,2.05606,0.507965,1.99232
7727,2.10064,0.608684,2.01052
7728,1.97552,0.552497,1.89669
7729,1.91704,0.457386,1.86167
7730,1.85152,0.349627,1.81821
7731,1.86779,0.36909,1.83096
7732,1.86779,0.36909,1.83096
7733,1.83897,0.435126,1.78675
7734,1.83897,0.435126,1.78675
7735,1.85474,0.421935,1.80611
7736,1.95813,0.386075,1.91969
7737,1.99495,0.34637,1.96465
7738,1.925,0.25557,1.90796
7739,1.925,0.25557,1.90796
7740,2.01746,0.21582,2.00589
7741,2.0539,0.117832,2.05051
7742,1.9496,0.11653,1.94611
7743,2.05964,0.124843,2.05585
7744,2.05964,0.124843,2.05585
7745,2.00225,0.288281,1.98139
7746,2.01023,0.343031,1.98075
7747,2.07875,0.259232,2.06252
7748,2.07875,0.259232,2.06252
7749,2.03214,0.307366,2.00876
7750,1.95491,0.274587,1.93552
7751,1.93826,0.209041,1.92695
7752,1.87577,0.188112,1.86631
7753,1.89861,0.292696,1.87591
7754,1.90651,0.213195,1.89455
7755,1.85264,0.219529,1.83959
7756,1.92003,0.189534,1.91065
7757,1.88367,0.175689,1.87546
7758,1.85161,0.238618,1.83617
7759,1.85161,0.238618,1.83617
7760,1.96198,0.359541,1.92875
7761,1.95276,0.372918,1.91683
7762,1.95276,0.372918,1.91683
7763,1.95276,0.372918,1.91683
7764,1.97509,0.464895,1.9196
7765,1.97509,0.464895,1.9196
7766,2.01183,0.450974,1.96064
7767,2.16298,0.44865,2.11594
7768,2.10107,0.393829,2.06383
7769,2.10107,0.393829,2.06383
7770,2.07739,0.401687,2.03819
7771,2.06368,0.399539,2.02464
7772,2.08673,0.482202,2.03025
7773,2.01032,0.547968,1.9342
7774,2.1114,0.679531,1.99906
7775,2.05404,0.631927,1.95441
7776,2.01297,0.509973,1.9473
7777,2.01297,0.509973,1.9473
7778,2.05811,0.514779,1.99269
7779,2.05811,0.514779,1.99269
7780,2.05811,0.514779,1.99269
7781,1.99626,0.5571,1.91695
7782,1.99626,0.5571,1.91695
7783,2.01965,0.58147,1.93414
7784,2.01965,0.58147,1.93414
7785,2.00335,0.652884,1.89397
7786,2.00335,0.652884,1.89397
7787,1.94275,0.703685,1.81082
7788,2.01851,0.618346,1.92146
7789,2.01851,0.618346,1.92146
7790,2.02891,0.789886,1.86884
7791,2.02891,0.789886,1.86884
7792,2.02891,0.789886,1.86884
7793,2.02891,0.789886,1.86884
7794,2.02891,0.789886,1.86884
7795,1.98605,0.67276,1.86864
7796,1.95523,0.609859,1.85769
7797,1.98157,0.756439,1.83151
7798,2.0388,0.827024,1.86353
7799,2.13747,0.85982,1.95691
7800,2.16235,0.852956,1.98701
7801,2.16235,0.852956,1.98701
7802,2.10195,0.899027,1.89999
7803,2.09799,0.851715,1.91732
7804,2.01211,0.877211,1.81082
7805,1.98999,0.871035,1.78924
7806,1.98999,0.871035,1.78924
7807,1.9831,0.940257,1.74602
7808,1.93692,0.776114,1.77462
7809,1.93692,0.776114,1.77462
7810,1.91283,0.743762,1.76231
7811,1.88657,0.840249,1.68912
7812,1.99393,1.02663,1.70932
7813,2.11095,1.04994,1.83133
7814,2.02516,0.992322,1.76537
7815,1.98302,0.935966,1.74824
7816,1.98302,0.935966,1.74824
7817,1.9142,0.853076,1.7136
7818,2.02828,0.904373,1.8155
7819,2.02828,0.904373,1.8155
7820,2.02828,0.904373,1.8155
7821,2.02828,0.904373,1.8155
7822,2.09201,1.01714,1.8281
7823,1.97813,0.949485,1.73536
7824,1.998,0.918779,1.77421
7825,2.04225,0.754035,1.89795
7826,2.03337,0.709727,1.90549
7827,2.0966,0.751209,1.9574
7828,1.95273,0.71903,1.81553
7829,2.03321,0.856193,1.84415
7830,2.03321,0.856193,1.84415
7831,1.87798,0.898578,1.64905
7832,1.87798,0.898578,1.64905
7833,1.86535,0.941326,1.61041
7834,1.90919,1.0502,1.59439
7835,1.90919,1.0502,1.59439
7836,1.90919,1.0502,1.59439
7837,1.90919,1.0502,1.59439
7838,1.81354,1.11874,1.42736
7839,1.81354,1.11874,1.42736
7840,1.81354,1.11874,1.42736
7841,1.81354,1.11874,1.42736
7842,1.86954,1.04369,1.5511
7843,1.85533,1.02414,1.54706
7844,1.87875,1.08681,1.5325
7845,1.90275,1.11537,1.54156
7846,1.86901,1.03083,1.55904
7847,1.81847,0.980452,1.53151
7848,1.81847,0.980452,1.53151
7849,1.81847,0.980452,1.53151
7850,1.8223,0.998799,1.5242
7851,1.76583,0.921526,1.5063
7852,1.73194,0.80645,1.53272
7853,1.73194,0.80645,1.53272
7854,1.71071,0.803565,1.51024
7855,1.71071,0.803565,1.51024
7856,1.68923,0.758669,1.50927
7857,1.68923,0.758669,1.50927
7858,1.77521,0.86221,1.55176
7859,1.77521,0.86221,1.55176
7860,1.7707,0.870866,1.54174
7861,1.80456,0.960611,1.52764
7862,1.80456,0.960611,1.52764
7863,1.81494,0.780725,1.63844
7864,1.83213,0.780025,1.65779
7865,1.8477,0.827506,1.65204
7866,1.87177,0.921819,1.62904
7867,1.82738,0.86686,1.60869
7868,1.80038,0.905724,1.55596
7869,1.81488,0.954662,1.5435
7870,1.84759,0.929303,1.59686
7871,1.86131,0.791145,1.6848
7872,1.96523,0.790466,1.79925
7873,1.91583,0.728908,1.77175
7874,1.92778,0.741396,1.77951
7875,1.91415,0.73419,1.76775
7876,1.91415,0.73419,1.76775
7877,1.96731,0.76055,1.81435
7878,1.95844,0.784517,1.79444
7879,1.88428,0.716071,1.74291
7880,1.87277,0.61851,1.76769
7881,1.94298,0.598966,1.84835
7882,2.04851,0.702499,1.92429
7883,1.97943,0.662449,1.86529
7884,1.98956,0.610317,1.89364
7885,2.04292,0.714125,1.91404
7886,1.97162,0.688855,1.84736
7887,2.02694,0.704588,1.90054
7888,2.02694,0.704588,1.90054
7889,1.93217,0.68778,1.80561
7890,1.87488,0.717806,1.73202
7891,1.89907,0.679333,1.77341
7892,1.99478,0.750053,1.8484
7893,1.87532,0.648665,1.75956
7894,1.87128,0.607364,1.76998
7895,1.78041,0.553871,1.69206
7896,1.88464,0.495708,1.81828
7897,1.88464,0.495708,1.81828
7898,1.93989,0.56161,1.85681
7899,1.93989,0.56161,1.85681
7900,1.79512,0.388426,1.75259
7901,1.79512,0.388426,1.75259
7902,1.75087,0.338386,1.71786
7903,1.75464,0.330584,1.72321
7904,1.58226,0.259734,1.5608
7905,1.62806,0.330348,1.59419
7906,1.65772,0.338817,1.62272
7907,1.68754,0.289602,1.6625
7908,1.70904,0.387574,1.66451
7909,1.82569,0.345842,1.79264
7910,1.82569,0.345842,1.79264
7911,1.86295,0.345403,1.83065
7912,1.81657,0.399303,1.77214
7913,1.81598,0.335094,1.7848
7914,1.81598,0.335094,1.7848
7915,1.81598,0.335094,1.7848
7916,1.81598,0.335094,1.7848
7917,1.80897,0.324981,1.77954
7918,1.80548,0.291831,1.78174
7919,1.79384,0.325618,1.76404
7920,1.79384,0.325618,1.76404
7921,1.85729,0.34276,1.82539
7922,1.85729,0.34276,1.82539
7923,1.90649,0.449949,1.85264
7924,1.90649,0.449949,1.85264
7925,1.98022,0.507185,1.91416
7926,1.98635,0.4454,1.93578
7927,1.97007,0.403371,1.92834
7928,1.97007,0.403371,1.92834
7929,1.99646,0.546077,1.92033
7930,2.0574,0.494912,1.99699
7931,1.96691,0.484996,1.90617
7932,1.96691,0.484996,1.90617
7933,1.99883,0.488882,1.93813
7934,1.99883,0.488882,1.93813
7935,1.91879,0.67896,1.79465
7936,1.90211,0.614282,1.80019
7937,1.89459,0.654364,1.778
7938,1.88638,0.678964,1.75995
7939,1.96233,0.699289,1.8335
7940,1.96552,0.636951,1.85945
7941,1.96552,0.636951,1.85945
7942,1.85044,0.64659,1.7338
7943,1.84963,0.673146,1.72279
7944,1.83406,0.681044,1.70293
7945,1.86665,0.563611,1.77953
7946,1.79094,0.521012,1.71348
7947,1.76764,0.661397,1.63924
7948,1.812,0.666417,1.685
7949,1.74966,0.570109,1.65417
7950,1.8535,0.664951,1.73011
7951,1.8535,0.664951,1.73011
7952,1.8525,0.677555,1.72415
7953,1.95092,0.596949,1.85735
7954,1.99066,0.705477,1.86146
7955,1.99066,0.705477,1.86146
7956,2.04756,0.659895,1.93831
7957,2.10359,0.675486,1.99219
7958,1.9818,0.546279,1.90502
7959,1.9818,0.546279,1.90502
7960,1.99974,0.66888,1.88456
7961,2.03002,0.799103,1.86613
7962,2.05421,0.802721,1.89088
7963,2.16851,0.732594,2.04101
7964,2.20938,0.793525,2.06196
7965,2.13726,0.795959,1.98351
7966,2.10919,0.842744,1.93351
7967,2.08559,1.01688,1.82089
7968,1.8783,0.980993,1.60177
7969,1.85222,0.970776,1.57744
7970,1.85222,0.970776,1.57744
7971,1.8798,0.888529,1.65655
7972,1.83844,1.05716,1.50409
7973,1.87276,1.1404,1.4855
7974,1.79033,1.07005,1.43536
7975,1.86677,1.03643,1.55262
7976,1.85144,1.00694,1.55367
7977,1.85574,0.997216,1.56504
7978,1.81678,0.907525,1.57387
7979,1.81678,0.907525,1.57387
7980,1.89344,0.934285,1.64689
7981,1.87036,0.862274,1.65974
7982,1.83864,0.971459,1.56105
7983,1.98318,1.00417,1.71016
7984,2.00008,1.09588,1.67312
7985,2.0119,0.887755,1.80545
7986,2.0119,0.887755,1.80545
7987,1.94512,0.843284,1.75281
7988,1.93115,0.757605,1.77634
7989,1.96884,0.80987,1.79456
7990,2.09135,0.887041,1.89391
7991,2.09135,0.887041,1.89391
7992,2.06114,0.886829,1.8606
7993,2.10421,0.878443,1.91207
7994,2.08308,0.811738,1.91841
7995,1.98923,0.746143,1.84399
7996,1.95269,0.74551,1.80478
7997,1.95269,0.74551,1.80478
7998,1.91874,0.819636,1.73486
7999,1.82635,0.849143,1.61695
8000,1.87788,0.846198,1.67643
8001,1.90474,0.947228,1.65251
8002,1.93395,1.08471,1.60111
8003,1.93395,1.08471,1.60111
8004,1.95305,1.06126,1.63955
8005,1.95305,1.06126,1.63955
8006,1.90852,1.05843,1.58814
8007,1.94879,1.148,1.57476
8008,1.89129,1.25883,1.4115
8009,1.93637,1.27133,1.46056
8010,1.93637,1.27133,1.46056
8011,1.93637,1.27133,1.46056
8012,1.91139,1.26896,1.42939
8013,1.91139,1.26896,1.42939
8014,1.89574,1.3481,1.33284
8015,1.89964,1.32266,1.36353
8016,1.89964,1.32266,1.36353
8017,1.89964,1.32266,1.36353
8018,1.89964,1.32266,1.36353
8019,1.89964,1.32266,1.36353
8020,1.95373,1.34336,1.4186
8021,1.91887,1.29896,1.41236
8022,1.85058,1.25845,1.35681
8023,1.85058,1.25845,1.35681
8024,1.86605,1.24988,1.38563
8025,1.92672,1.17237,1.52899
8026,1.95068,1.20656,1.53276
8027,1.89152,1.1904,1.46996
8028,1.93891,1.18878,1.53171
8029,1.93891,1.18878,1.53171
8030,1.85305,1.16887,1.43789
8031,1.81612,1.1334,1.41905
8032,1.92525,1.15533,1.54006
8033,1.8757,1.21651,1.42771
8034,1.8544,1.23212,1.38589
8035,1.91007,1.27094,1.42586
8036,1.81182,1.18972,1.36648
8037,1.81182,1.18972,1.36648
8038,1.81182,1.18972,1.36648
8039,1.83062,1.22819,1.35746
8040,1.93953,1.28741,1.45064
8041,1.93193,1.1893,1.52248
8042,1.87589,1.18107,1.4574
8043,1.92017,1.20856,1.49212
8044,1.97307,1.17346,1.58619
8045,1.97307,1.17346,1.58619
8046,1.98472,1.17549,1.59916
8047,1.99448,1.16655,1.61775
8048,2.01657,1.23826,1.59163
8049,2.01657,1.23826,1.59163
8050,2.01657,1.23826,1.59163
8051,1.9635,1.25979,1.50608
8052,1.9635,1.25979,1.50608
8053,1.84821,1.17529,1.42639
8054,1.88738,1.23672,1.42574
8055,1.95109,1.30889,1.44691
8056,1.93234,1.26724,1.45879
8057,1.93234,1.26724,1.45879
8058,1.89128,1.35271,1.32179
8059,2.00203,1.54135,1.27764
8060,2.00203,1.54135,1.27764
8061,2.00203,1.54135,1.27764
8062,1.87498,1.35739,1.29346
8063,1.89542,1.45921,1.20968
8064,1.89389,1.53347,1.11143
8065,1.92663,1.48243,1.23058
8066,1.91122,1.41675,1.2828
8067,1.88445,1.35829,1.30621
8068,1.88445,1.35829,1.30621
8069,1.83234,1.30639,1.28484
8070,1.80217,1.3635,1.17843
8071,1.83832,1.39841,1.19326
8072,1.76861,1.36201,1.12822
8073,1.76521,1.28127,1.2142
8074,1.79953,1.22483,1.31838
8075,1.76335,1.18549,1.30537
8076,1.74835,1.23622,1.23631
8077,1.74738,1.16429,1.30299
8078,1.68363,1.15177,1.22803
8079,1.71994,1.12628,1.29987
8080,1.7014,1.12869,1.27311
8081,1.75412,1.13343,1.33876
8082,1.75412,1.13343,1.33876
8083,1.75412,1.13343,1.33876
8084,1.72705,1.18908,1.25251
8085,1.72705,1.18908,1.25251
8086,1.72705,1.18908,1.25251
8087,1.73873,1.2905,1.16525
8088,1.73836,1.25146,1.20654
8089,1.73836,1.25146,1.20654
8090,1.67388,1.21097,1.15561
8091,1.70785,1.25059,1.16308
8092,1.65935,1.20898,1.13658
8093,1.69086,1.18117,1.2099
8094,1.66564,1.19383,1.16152
8095,1.66564,1.19383,1.16152
8096,1.66564,1.19383,1.16152
8097,1.68324,1.19766,1.18274
8098,1.68324,1.19766,1.18274
8099,1.68324,1.19766,1.18274
8100,1.71307,1.27909,1.13953
8101,1.69452,1.28746,1.10175
8102,1.76234,1.28656,1.20441
8103,1.7183,1.21113,1.2189
8104,1.80212,1.27829,1.27029
8105,1.80212,1.27829,1.27029
8106,1.79249,1.26326,1.27169
8107,1.79249,1.26326,1.27169
8108,1.81291,1.40441,1.14641
8109,1.81664,1.3758,1.18632
8110,1.8353,1.43166,1.14834
8111,1.81801,1.40835,1.14966
8112,1.77173,1.36641,1.1278
8113,1.73841,1.3502,1.095
8114,1.80543,1.4243,1.10948
8115,1.8318,1.35915,1.22809
8116,1.87405,1.33446,1.31577
8117,1.83353,1.3714,1.21701
8118,1.78306,1.34862,1.1664
8119,1.78306,1.34862,1.1664
8120,1.75413,1.21423,1.26594
8121,1.75413,1.21423,1.26594
8122,1.76077,1.27662,1.21266
8123,1.76077,1.27662,1.21266
8124,1.77582,1.28691,1.22367
8125,1.75052,1.39604,1.05612
8126,1.75052,1.39604,1.05612
8127,1.77418,1.43901,1.03777
8128,1.7813,1.42974,1.06248
8129,1.7894,1.3821,1.13655
8130,1.88601,1.51021,1.12973
8131,1.87066,1.49225,1.12808
8132,1.87066,1.49225,1.12808
8133,1.87066,1.49225,1.12808
8134,1.90532,1.5034,1.17049
8135,1.86296,1.44931,1.17052
8136,1.86296,1.44931,1.17052
8137,1.87912,1.59699,0.990311
8138,1.97268,1.67588,1.04062
8139,2.02027,1.70926,1.07699
8140,1.99435,1.72562,0.999834
8141,1.99435,1.72562,0.999834
8142,2.0516,1.7673,1.04198
8143,2.0516,1.7673,1.04198
8144,2.06119,1.76697,1.06128
8145,2.00001,1.70461,1.0461
8146,2.00416,1.70955,1.04599
8147,2.00416,1.70955,1.04599
8148,2.03617,1.78571,0.978378
8149,2.05582,1.83691,0.923111
8150,2.13051,1.92982,0.902696
8151,2.13051,1.92982,0.902696
8152,2.05593,1.87407,0.845389
8153,2.02697,1.87464,0.770933
8154,2.02697,1.87464,0.770933
8155,1.98125,1.75946,0.910848
8156,1.98125,1.75946,0.910848
8157,1.98125,1.75946,0.910848
8158,1.91307,1.6551,0.959424
8159,1.91307,1.6551,0.959424
8160,1.87328,1.65054,0.88595
8161,1.87388,1.6265,0.930541
8162,1.83461,1.57238,0.945205
8163,1.75773,1.46551,0.970507
8164,1.81469,1.5556,0.934456
8165,1.68405,1.43071,0.888309
8166,1.78353,1.50366,0.959156
8167,1.7724,1.51871,0.913735
8168,1.7724,1.51871,0.913735
8169,1.7724,1.51871,0.913735
8170,1.86132,1.61343,0.928104
8171,1.86132,1.61343,0.928104
8172,1.86132,1.61343,0.928104
8173,1.92719,1.64912,0.997224
8174,1.92719,1.64912,0.997224
8175,1.94317,1.71949,0.905144
8176,1.84865,1.60324,0.92041
8177,1.84614,1.57822,0.957838
8178,1.9889,1.69901,1.03396
8179,1.9555,1.67375,1.0112
8180,1.88965,1.6214,0.970479
8181,1.93348,1.75808,0.804684
8182,1.92177,1.7337,0.829141
8183,1.93109,1.70057,0.914957
8184,1.94694,1.71679,0.918266
8185,1.85489,1.63106,0.883323
8186,1.96767,1.67566,1.03144
8187,1.96767,1.67566,1.03144
8188,1.94197,1.65029,1.02362
8189,1.95765,1.61336,1.10881
8190,2.03374,1.70561,1.1077
8191,1.91936,1.65256,0.976215
8192,2.01118,1.70798,1.06191
8193,2.01236,1.68605,1.09856
8194,2.06008,1.70156,1.16129
8195,2.10375,1.77956,1.12201
8196,2.08051,1.71539,1.17726
8197,2.18405,1.90024,1.07665
8198,2.18405,1.90024,1.07665
8199,2.20454,1.89491,1.12662
8200,2.20454,1.89491,1.12662
8201,2.12153,1.86205,1.01669
8202,2.12153,1.86205,1.01669
8203,2.12153,1.86205,1.01669
8204,2.11099,1.85939,0.999486
8205,2.16968,1.91566,1.01869
8206,2.18534,1.86706,1.13568
8207,2.06734,1.77412,1.06132
8208,2.12118,1.84939,1.03883
8209,2.25005,1.92037,1.17255
8210,2.26939,1.96194,1.14058
8211,2.34425,2.00453,1.21548
8212,2.34425,2.00453,1.21548
8213,2.34425,2.00453,1.21548
8214,2.22151,1.9791,1.00909
8215,2.31485,2.0623,1.05141
8216,2.14683,1.89384,1.01107
8217,2.13518,1.8319,1.09687
8218,2.06644,1.77763,1.05367
8219,2.06644,1.77763,1.05367
8220,2.06644,1.77763,1.05367
8221,2.11287,1.75415,1.17778
8222,2.03514,1.68435,1.14226
8223,1.9622,1.63684,1.08211
8224,1.9317,1.62715,1.04108
8225,1.90532,1.64594,0.959758
8226,1.89995,1.62655,0.98191
8227,1.88609,1.63624,0.938115
8228,1.94082,1.73291,0.873951
8229,1.94082,1.73291,0.873951
8230,1.94082,1.73291,0.873951
8231,1.94082,1.73291,0.873951
8232,1.94082,1.73291,0.873951
8233,1.96921,1.79534,0.809044
8234,1.88509,1.72677,0.756175
8235,1.88509,1.72677,0.756175
8236,1.88509,1.72677,0.756175
8237,1.88892,1.73317,0.751091
8238,1.88892,1.73317,0.751091
8239,1.98172,1.8408,0.733944
8240,1.98172,1.8408,0.733944
8241,1.98172,1.8408,0.733944
8242,1.98172,1.8408,0.733944
8243,1.98172,1.8408,0.733944
8244,1.89668,1.77804,0.660286
8245,1.92705,1.80989,0.661679
8246,2.06251,1.90969,0.779138
8247,2.06251,1.90969,0.779138
8248,1.99473,1.85179,0.741495
8249,1.96957,1.76565,0.872748
8250,1.94178,1.68701,0.961507
8251,1.94092,1.64079,1.03681
8252,1.96288,1.6832,1.00982
8253,1.96288,1.6832,1.00982
8254,1.96288,1.6832,1.00982
8255,2.00706,1.67851,1.10041
8256,1.84698,1.55595,0.995171
8257,1.82124,1.54104,0.970633
8258,1.79983,1.54937,0.915884
8259,1.79983,1.54937,0.915884
8260,1.83042,1.51856,1.02197
8261,1.92246,1.52184,1.17467
8262,1.94123,1.51107,1.21861
8263,1.9099,1.41132,1.28681
8264,1.99889,1.4723,1.352
8265,1.94903,1.34945,1.40631
8266,1.93388,1.35694,1.3779
8267,1.94558,1.39381,1.35741
8268,1.86428,1.32624,1.3102
8269,1.87379,1.39672,1.2491
8270,1.94323,1.50661,1.2273
8271,1.92369,1.52083,1.17799
8272,1.92369,1.52083,1.17799
8273,1.97224,1.57979,1.18067
8274,1.97224,1.57979,1.18067
8275,1.98392,1.60332,1.16846
8276,1.94967,1.51862,1.2227
8277,1.92723,1.42824,1.29398
8278,1.92723,1.42824,1.29398
8279,1.92723,1.42824,1.29398
8280,1.92723,1.42824,1.29398
8281,1.99009,1.46094,1.35134
8282,1.98112,1.4446,1.35571
8283,1.90086,1.39617,1.28995
8284,1.88831,1.29386,1.37536
8285,1.88831,1.29386,1.37536
8286,1.85459,1.31866,1.30409
8287,1.83004,1.28307,1.3049
8288,1.92275,1.31154,1.406
8289,1.92275,1.31154,1.406
8290,1.938,1.3396,1.40047
8291,1.92945,1.35395,1.37462
8292,1.96707,1.3473,1.43322
8293,1.96707,1.3473,1.43322
8294,1.9615,1.39457,1.37936
8295,1.91338,1.35153,1.3544
8296,2.04071,1.46725,1.41834
8297,2.17239,1.56669,1.50491
8298,2.24649,1.55377,1.6225
8299,2.15607,1.43649,1.60784
8300,2.12354,1.38541,1.60936
8301,2.12354,1.38541,1.60936
8302,2.15701,1.43992,1.60603
8303,2.11821,1.40305,1.5869
8304,2.11821,1.40305,1.5869
8305,2.11821,1.40305,1.5869
8306,2.09066,1.3711,1.57828
8307,2.09066,1.3711,1.57828
8308,2.09066,1.3711,1.57828
8309,2.18342,1.34879,1.717
8310,2.18342,1.34879,1.717
8311,2.12018,1.28723,1.6847
8312,2.05858,1.2234,1.65561
8313,2.05858,1.2234,1.65561
8314,2.05858,1.2234,1.65561
8315,2.21941,1.36265,1.75185
8316,2.06792,1.34708,1.56898
8317,2.06792,1.34708,1.56898
8318,2.16771,1.41532,1.6419
8319,2.16771,1.41532,1.6419
8320,2.16771,1.41532,1.6419
8321,2.20486,1.46169,1.65072
8322,2.20089,1.43263,1.67077
8323,2.20752,1.41512,1.69427
8324,2.16207,1.24461,1.7679
8325,2.18286,1.2557,1.78553
8326,2.18286,1.2557,1.78553
8327,2.12255,1.1581,1.77876
8328,2.19013,1.15732,1.85938
8329,2.21999,1.13759,1.90636
8330,2.07273,1.22118,1.67479
8331,2.06891,1.23844,1.6573
8332,2.06891,1.23844,1.6573
8333,2.0253,1.2901,1.56125
8334,2.02409,1.28846,1.56103
8335,2.05024,1.28262,1.59949
8336,2.03753,1.12714,1.69738
8337,2.08175,1.20018,1.70096
8338,2.0912,1.14167,1.75206
8339,2.0912,1.14167,1.75206
8340,2.10553,1.04843,1.82594
8341,2.13864,1.10484,1.83115
8342,2.13864,1.10484,1.83115
8343,2.12007,1.12693,1.79575
8344,2.15323,1.2502,1.75311
8345,2.18068,1.26458,1.77658
8346,2.13402,1.2517,1.72837
8347,2.13948,1.15215,1.80275
8348,2.09331,1.16406,1.7398
8349,2.09331,1.16406,1.7398
8350,2.09331,1.16406,1.7398
8351,2.09331,1.16406,1.7398
8352,2.08582,1.19947,1.70644
8353,2.08582,1.19947,1.70644
8354,2.02198,1.15531,1.65941
8355,2.02198,1.15531,1.65941
8356,2.02198,1.15531,1.65941
8357,1.98449,1.13902,1.62506
8358,1.96813,1.25192,1.51862
8359,1.99204,1.31545,1.49594
8360,1.99362,1.29622,1.5147
8361,2.05279,1.28192,1.60331
8362,2.05613,1.30099,1.5922
8363,2.08956,1.38559,1.5641
8364,1.97829,1.27666,1.51121
8365,2.05205,1.36226,1.53465
8366,2.09546,1.39469,1.5639
8367,2.15802,1.4338,1.61285
8368,2.28196,1.4779,1.73873
8369,2.28196,1.4779,1.73873
8370,2.32915,1.5872,1.70463
8371,2.26417,1.54858,1.65179
8372,2.26417,1.54858,1.65179
8373,2.22699,1.55611,1.59311
8374,2.17933,1.53381,1.54819
8375,2.26266,1.61751,1.58218
8376,2.41221,1.76887,1.64007
8377,2.31218,1.75961,1.49999
8378,2.22702,1.65346,1.49188
8379,2.19596,1.65976,1.43786
8380,2.20416,1.59343,1.52293
8381,2.20416,1.59343,1.52293
8382,2.16386,1.5631,1.49634
8383,2.08868,1.52745,1.4246
8384,2.04958,1.51595,1.37938
8385,2.00598,1.59055,1.22233
8386,2.01048,1.66762,1.12296
8387,2.01048,1.66762,1.12296
8388,1.9935,1.5591,1.24228
8389,1.9935,1.5591,1.24228
8390,1.98953,1.54609,1.25214
8391,1.93509,1.45612,1.27448
8392,2.01275,1.47981,1.3643
8393,2.0786,1.49849,1.44053
8394,2.0786,1.49849,1.44053
8395,2.09768,1.43094,1.53385
8396,2.08765,1.4212,1.5292
8397,2.08765,1.4212,1.5292
8398,2.13488,1.51743,1.50171
8399,2.09967,1.4816,1.48778
8400,2.13819,1.54895,1.47398
8401,2.13819,1.54895,1.47398
8402,2.22032,1.5705,1.56951
8403,2.22032,1.5705,1.56951
8404,2.22032,1.5705,1.56951
8405,2.16636,1.64889,1.40509
8406,2.16636,1.64889,1.40509
8407,2.20611,1.67803,1.43219
8408,2.06662,1.59817,1.31025
8409,1.98906,1.56765,1.22426
8410,1.93604,1.48284,1.24476
8411,1.93604,1.48284,1.24476
8412,1.91179,1.50796,1.17516
8413,1.8781,1.39401,1.25856
8414,1.79599,1.31846,1.21952
8415,1.79599,1.31846,1.21952
8416,1.79599,1.31846,1.21952
8417,1.87466,1.39431,1.2531
8418,1.77047,1.22694,1.27639
8419,1.74166,1.13592,1.32025
8420,1.74166,1.13592,1.32025
8421,1.75247,1.17811,1.29739
8422,1.75247,1.17811,1.29739
8423,1.84,1.29432,1.3078
8424,1.84,1.29432,1.3078
8425,1.7406,1.20643,1.25467
8426,1.7713,1.24501,1.25994
8427,1.81922,1.26739,1.3051
8428,1.94024,1.39809,1.34531
8429,1.95491,1.3874,1.37724
8430,1.88496,1.2791,1.38455
8431,1.88496,1.2791,1.38455
8432,1.90443,1.25605,1.4315
8433,2.00819,1.34951,1.48716
8434,2.06386,1.3823,1.53256
8435,2.06386,1.3823,1.53256
8436,1.99758,1.43837,1.38615
8437,2.0014,1.43749,1.39256
8438,1.99945,1.3882,1.43899
8439,1.99945,1.3882,1.43899
8440,2.00548,1.31969,1.51009
8441,2.00643,1.35795,1.47707
8442,2.04912,1.4342,1.46355
8443,2.03953,1.55171,1.32357
8444,2.03953,1.55171,1.32357
8445,1.91823,1.39973,1.31163
8446,1.92004,1.38531,1.32946
8447,2.0069,1.36742,1.46895
8448,1.96575,1.29293,1.48071
8449,1.99638,1.28422,1.5285
8450,1.98042,1.28684,1.50536
8451,1.98042,1.28684,1.50536
8452,2.00865,1.41316,1.42746
8453,1.94635,1.27296,1.47236
8454,1.94635,1.27296,1.47236
8455,1.99333,1.31604,1.49714
8456,1.95676,1.33465,1.43095
8457,1.96007,1.30248,1.46473
8458,1.99613,1.23361,1.56931
8459,1.98066,1.22295,1.55801
8460,2.00844,1.11068,1.67339
8461,2.00844,1.11068,1.67339
8462,1.99037,1.08591,1.66805
8463,2.05403,1.18463,1.678
8464,2.05403,1.18463,1.678
8465,2.06786,1.19159,1.69001
8466,2.06786,1.19159,1.69001
8467,2.06786,1.19159,1.69001
8468,2.06758,1.24483,1.65085
8469,2.12588,1.3734,1.6227
8470,1.99931,1.27865,1.53697
8471,1.96245,1.34868,1.42559
8472,2.06937,1.46289,1.46364
8473,2.06038,1.40088,1.51086
8474,2.06038,1.40088,1.51086
8475,1.92832,1.17145,1.5317
8476,1.92832,1.17145,1.5317
8477,2.00445,1.19209,1.61144
8478,2.00441,1.32523,1.50381
8479,2.00578,1.33229,1.49939
8480,1.91846,1.35736,1.35575
8481,2.01376,1.467,1.37955
8482,2.04349,1.42635,1.46335
8483,2.04349,1.42635,1.46335
8484,2.03928,1.36354,1.51639
8485,2.03928,1.36354,1.51639
8486,2.09852,1.36367,1.59505
8487,1.95071,1.3887,1.36995
8488,1.98727,1.38079,1.42922
8489,2.02427,1.34669,1.51133
8490,2.04828,1.36679,1.52556
8491,2.04828,1.36679,1.52556
8492,2.03423,1.37096,1.50285
8493,2.01096,1.38548,1.45754
8494,2.01096,1.38548,1.45754
8495,2.19991,1.42919,1.67244
8496,2.21837,1.65739,1.47453
8497,2.19505,1.71339,1.37206
8498,2.16196,1.81691,1.17171
8499,2.16196,1.81691,1.17171
8500,1.98131,1.69084,1.03278
8501,1.98131,1.69084,1.03278
8502,1.98131,1.69084,1.03278
8503,1.98131,1.69084,1.03278
8504,1.98131,1.69084,1.03278
8505,1.98131,1.69084,1.03278
8506,1.96618,1.75232,0.891751
8507,1.91589,1.67244,0.934667
8508,1.96629,1.68712,1.0099
8509,1.96629,1.68712,1.0099
8510,1.97055,1.66863,1.04821
8511,1.91528,1.66571,0.945356
8512,1.84454,1.59567,0.925279
8513,1.84454,1.59567,0.925279
8514,1.94952,1.62203,1.0815
8515,1.92422,1.68441,0.930246
8516,1.84067,1.60025,0.909539
8517,1.84067,1.60025,0.909539
8518,1.7643,1.42926,1.0344
8519,1.7643,1.42926,1.0344
8520,1.74269,1.33025,1.12578
8521,1.81902,1.32776,1.24333
8522,1.74625,1.33086,1.13057
8523,1.74625,1.33086,1.13057
8524,1.74625,1.33086,1.13057
8525,1.69201,1.29682,1.08681
8526,1.69201,1.29682,1.08681
8527,1.73803,1.3976,1.03319
8528,1.77563,1.47729,0.985132
8529,1.77563,1.47729,0.985132
8530,1.77563,1.47729,0.985132
8531,1.77563,1.47729,0.985132
8532,1.69103,1.39853,0.950636
8533,1.81701,1.57569,0.90484
8534,1.81577,1.51768,0.996844
8535,1.70403,1.41034,0.956389
8536,1.86549,1.56344,1.0177
8537,1.86549,1.56344,1.0177
8538,1.85341,1.55376,1.01042
8539,1.8914,1.55225,1.0807
8540,1.8914,1.55225,1.0807
8541,1.8914,1.55225,1.0807
8542,1.8972,1.57926,1.05133
8543,1.8972,1.57926,1.05133
8544,2.01058,1.62781,1.18011
8545,2.01058,1.62781,1.18011
8546,1.90475,1.5491,1.10831
8547,1.76618,1.48199,0.960784
8548,1.76618,1.48199,0.960784
8549,1.81423,1.50851,1.00788
8550,1.88128,1.61534,0.96431
8551,1.93758,1.6881,0.951069
8552,1.97372,1.75943,0.894414
8553,1.89732,1.68437,0.873335
8554,1.77603,1.63741,0.687875
8555,1.75188,1.59185,0.731498
8556,1.77119,1.65577,0.628914
8557,1.77119,1.65577,0.628914
8558,1.76114,1.63993,0.642065
8559,1.70998,1.5992,0.60547
8560,1.67784,1.56915,0.594054
8561,1.66546,1.51599,0.689588
8562,1.6289,1.46601,0.71001
8563,1.6289,1.46601,0.71001
8564,1.67161,1.47709,0.782617
8565,1.69751,1.54798,0.696645
8566,1.70383,1.57761,0.643569
8567,1.70598,1.61316,0.555056
8568,1.76032,1.67318,0.547004
8569,1.77261,1.6359,0.682634
8570,1.73204,1.62021,0.612256
8571,1.73596,1.61371,0.639919
8572,1.72442,1.58475,0.679854
8573,1.72442,1.58475,0.679854
8574,1.72442,1.58475,0.679854
8575,1.82669,1.68889,0.696024
8576,1.82669,1.68889,0.696024
8577,1.87714,1.73771,0.709929
8578,1.94456,1.82169,0.680262
8579,1.94456,1.82169,0.680262
8580,1.87653,1.76041,0.649868
8581,1.87653,1.76041,0.649868
8582,1.89618,1.81616,0.545037
8583,1.89618,1.81616,0.545037
8584,1.89618,1.81616,0.545037
8585,1.94841,1.87626,0.525319
8586,1.9223,1.86298,0.473869
8587,1.9223,1.86298,0.473869
8588,1.95342,1.86278,0.588148
8589,1.9385,1.81161,0.689825
8590,1.9385,1.81161,0.689825
8591,1.91437,1.77591,0.714814
8592,1.91437,1.77591,0.714814
8593,1.8289,1.6738,0.73706
8594,1.8289,1.6738,0.73706
8595,1.78818,1.5988,0.800883
8596,1.71745,1.53196,0.77635
8597,1.61078,1.37431,0.840164
8598,1.61078,1.37431,0.840164
8599,1.58397,1.37478,0.786737
8600,1.60432,1.35027,0.866374
8601,1.61966,1.33622,0.915315
8602,1.61966,1.33622,0.915315
8603,1.61966,1.33622,0.915315
8604,1.62389,1.35238,0.898944
8605,1.62389,1.35238,0.898944
8606,1.68958,1.38561,0.966831
8607,1.74011,1.36299,1.08178
8608,1.75051,1.36932,1.09053
8609,1.75051,1.36932,1.09053
8610,1.76498,1.37706,1.10402
8611,1.83355,1.42302,1.15625
8612,1.83355,1.42302,1.15625
8613,1.83355,1.42302,1.15625
8614,1.92849,1.35671,1.37055
8615,1.93376,1.34794,1.38654
8616,1.87945,1.24975,1.40374
8617,1.87945,1.24975,1.40374
8618,1.88724,1.33439,1.33458
8619,1.82083,1.28591,1.28913
8620,1.85886,1.34506,1.28304
8621,1.85886,1.34506,1.28304
8622,1.85886,1.34506,1.28304
8623,1.8235,1.3043,1.27435
8624,1.80737,1.27404,1.28196
8625,1.80737,1.27404,1.28196
8626,1.84145,1.33024,1.27335
8627,1.85715,1.30241,1.32391
8628,1.83826,1.27574,1.32351
8629,1.82542,1.37464,1.20105
8630,1.84479,1.35796,1.24868
8631,1.78703,1.37654,1.13958
8632,1.78703,1.37654,1.13958
8633,1.78703,1.37654,1.13958
8634,1.74892,1.32455,1.14206
8635,1.7781,1.41024,1.08299
8636,1.72028,1.3492,1.06726
8637,1.78255,1.37754,1.13131
8638,1.92529,1.53416,1.16323
8639,1.82222,1.43901,1.11791
8640,1.88875,1.43389,1.22936
8641,1.84604,1.4457,1.14797
8642,1.89203,1.38613,1.2878
8643,1.89203,1.38613,1.2878
8644,1.98284,1.40001,1.40414
8645,1.98284,1.40001,1.40414
8646,1.98284,1.40001,1.40414
8647,1.93054,1.4098,1.31889
8648,1.86776,1.4098,1.22514
8649,1.92603,1.47326,1.2406
8650,1.8516,1.4364,1.16841
8651,1.91865,1.58621,1.07943
8652,1.91865,1.58621,1.07943
8653,1.86936,1.56716,1.01907
8654,1.84048,1.59832,0.912543
8655,1.85647,1.60387,0.934922
8656,1.85647,1.60387,0.934922
8657,1.85647,1.60387,0.934922
8658,1.81457,1.59691,0.861699
8659,1.81295,1.5944,0.862944
8660,1.89243,1.65676,0.914555
8661,1.89243,1.65676,0.914555
8662,1.8341,1.5805,0.930558
8663,1.87062,1.69372,0.794055
8664,1.87062,1.69372,0.794055
8665,1.81245,1.59987,0.85168
8666,1.92279,1.69911,0.900076
8667,1.91951,1.72716,0.837515
8668,1.91624,1.70426,0.876041
8669,1.91624,1.70426,0.876041
8670,1.91624,1.70426,0.876041
8671,1.86324,1.63531,0.892984
8672,1.87832,1.65475,0.888755
8673,1.87832,1.65475,0.888755
8674,1.83867,1.63633,0.838536
8675,1.82101,1.55622,0.945638
8676,1.81004,1.573,0.895489
8677,1.81004,1.573,0.895489
8678,1.83734,1.56486,0.962821
8679,1.79504,1.5427,0.917734
8680,1.86449,1.5764,0.995631
8681,1.85061,1.61399,0.90543
8682,1.85061,1.61399,0.90543
8683,1.85061,1.61399,0.90543
8684,1.93582,1.69795,0.929713
8685,1.86637,1.62311,0.921331
8686,1.86637,1.62311,0.921331
8687,1.86637,1.62311,0.921331
8688,1.86637,1.62311,0.921331
8689,1.77583,1.56724,0.835076
8690,1.77583,1.56724,0.835076
8691,1.86191,1.65692,0.849291
8692,1.86191,1.65692,0.849291
8693,1.86191,1.65692,0.849291
8694,1.821,1.54622,0.961882
8695,1.88326,1.53526,1.0907
8696,1.74531,1.3896,1.05599
8697,1.76823,1.41758,1.05693
8698,1.75221,1.38979,1.06712
8699,1.81258,1.47655,1.0513
8700,1.94474,1.54016,1.18739
8701,1.94474,1.54016,1.18739
8702,1.89288,1.51164,1.13928
8703,1.92641,1.52246,1.18032
8704,1.87034,1.54575,1.05301
8705,1.92188,1.50998,1.18894
8706,1.90023,1.38508,1.30094
8707,1.86478,1.3564,1.27969
8708,1.85661,1.45046,1.15895
8709,1.80815,1.44575,1.08591
8710,1.89184,1.4496,1.21561
8711,1.80011,1.33499,1.20756
8712,1.88924,1.47261,1.18349
8713,1.76361,1.32891,1.15944
8714,1.78105,1.31377,1.20255
8715,1.71464,1.29551,1.12323
8716,1.68214,1.33821,1.01921
8717,1.77464,1.36326,1.13616
8718,1.82707,1.44362,1.11987
8719,1.82169,1.42844,1.13053
8720,1.82169,1.42844,1.13053
8721,1.82169,1.42844,1.13053
8722,1.82169,1.42844,1.13053
8723,1.82519,1.41865,1.14837
8724,1.75721,1.35872,1.11429
8725,1.75721,1.35872,1.11429
8726,1.7766,1.36974,1.13143
8727,1.75048,1.35966,1.1025
8728,1.75048,1.35966,1.1025
8729,1.80736,1.47495,1.04454
8730,1.84979,1.49758,1.08582
8731,1.84979,1.49758,1.08582
8732,1.8053,1.5481,0.928706
8733,1.8053,1.5481,0.928706
8734,1.77917,1.5982,0.781793
8735,1.78714,1.56279,0.866926
8736,1.79578,1.54889,0.908719
8737,1.79578,1.54889,0.908719
8738,1.80626,1.55903,0.912151
8739,1.80626,1.55903,0.912151
8740,1.80626,1.55903,0.912151
8741,1.8314,1.67839,0.732829
8742,1.80834,1.62783,0.78758
8743,1.71455,1.51569,0.801471
8744,1.73011,1.47726,0.90054
8745,1.73011,1.47726,0.90054
8746,1.72526,1.45602,0.925489
8747,1.72526,1.45602,0.925489
8748,1.72526,1.45602,0.925489
8749,1.76546,1.48212,0.959241
8750,1.77918,1.45101,1.02958
8751,1.77918,1.45101,1.02958
8752,1.7486,1.43053,1.00559
8753,1.81996,1.43694,1.1169
8754,1.72989,1.28496,1.15819
8755,1.69216,1.19474,1.19834
8756,1.69216,1.19474,1.19834
8757,1.81819,1.30924,1.26162
8758,1.87352,1.28476,1.36363
8759,1.87689,1.2495,1.40053
8760,1.87689,1.2495,1.40053
8761,1.87689,1.2495,1.40053
8762,1.90144,1.18132,1.48995
8763,1.92416,1.24452,1.4675
8764,1.92416,1.24452,1.4675
8765,1.92416,1.24452,1.4675
8766,1.85868,1.29225,1.33596
8767,1.96673,1.31471,1.46273
8768,2.00833,1.4209,1.41931
8769,1.9219,1.34337,1.37443
8770,1.82504,1.27632,1.30451
8771,1.85304,1.34456,1.27511
8772,1.85304,1.34456,1.27511
8773,1.85304,1.34456,1.27511
8774,1.85304,1.34456,1.27511
8775,1.85304,1.34456,1.27511
8776,1.85304,1.34456,1.27511
8777,1.85304,1.34456,1.27511
8778,1.81072,1.36289,1.19215
8779,1.88289,1.41508,1.24211
8780,1.81946,1.37131,1.19581
8781,1.81946,1.37131,1.19581
8782,1.88741,1.43499,1.22602
8783,1.85019,1.44188,1.15939
8784,1.85019,1.44188,1.15939
8785,1.78846,1.42102,1.08595
8786,1.75671,1.37942,1.08776
8787,1.84886,1.39644,1.21171
8788,1.84886,1.39644,1.21171
8789,1.76263,1.33165,1.15481
8790,1.76263,1.33165,1.15481
8791,1.76263,1.33165,1.15481
8792,1.78129,1.31489,1.2017
8793,1.78129,1.31489,1.2017
8794,1.85504,1.41718,1.197
8795,1.77628,1.34194,1.16377
8796,1.90684,1.42711,1.26466
8797,1.94305,1.41997,1.32631
8798,1.94305,1.41997,1.32631
8799,1.98327,1.4731,1.3279
8800,1.9855,1.5585,1.23016
8801,2.04489,1.61396,1.25568
8802,2.04489,1.61396,1.25568
8803,2.04489,1.61396,1.25568
8804,2.04489,1.61396,1.25568
8805,2.06367,1.69601,1.1757
8806,2.03966,1.66253,1.18162
8807,2.1241,1.78505,1.15127
8808,2.1412,1.81303,1.13916
8809,2.1412,1.81303,1.13916
8810,2.1412,1.81303,1.13916
8811,2.1412,1.81303,1.13916
8812,2.1412,1.81303,1.13916
8813,2.1412,1.81303,1.13916
8814,2.1412,1.81303,1.13916
8815,2.1412,1.81303,1.13916
8816,2.1412,1.81303,1.13916
8817,2.1412,1.81303,1.13916
8818,2.21891,1.80761,1.2869
8819,2.2105,1.66607,1.45275
8820,2.34899,1.75785,1.55811
8821,2.34899,1.75785,1.55811
8822,2.37888,1.874,1.46532
8823,2.36843,1.80926,1.5284
8824,2.16692,1.58891,1.4734
8825,2.16692,1.58891,1.4734
8826,2.08295,1.65278,1.26768
8827,2.24766,1.76592,1.3905
8828,2.24766,1.76592,1.3905
8829,2.19701,1.90183,1.09995
8830,2.19701,1.90183,1.09995
8831,2.2705,1.96697,1.13409
8832,2.10624,1.80375,1.08754
8833,2.19715,1.89376,1.11407
8834,2.19715,1.89376,1.11407
8835,2.12695,1.89186,0.971985
8836,2.12695,1.89186,0.971985
8837,2.17062,1.90358,1.04308
8838,2.04137,1.76375,1.02781
8839,2.06276,1.73598,1.11416
8840,2.06276,1.73598,1.11416
8841,2.06276,1.73598,1.11416
8842,2.14472,1.87205,1.04655
8843,2.1468,1.88869,1.02059
8844,2.1468,1.88869,1.02059
8845,2.1277,1.8165,1.1079
8846,2.14178,1.89758,0.993182
8847,2.14178,1.89758,0.993182
8848,2.09157,1.88338,0.909715
8849,2.16971,1.81648,1.18661
8850,2.14208,1.83205,1.11
8851,2.14208,1.83205,1.11
8852,2.14208,1.83205,1.11
8853,2.14208,1.83205,1.11
8854,2.07092,1.81164,1.00334
8855,2.07092,1.81164,1.00334
8856,2.02505,1.71584,1.07552
8857,2.06153,1.77224,1.05313
8858,2.077,1.72985,1.14959
8859,2.077,1.72985,1.14959
8860,2.14621,1.79947,1.16966
8861,2.06317,1.70885,1.15607
8862,2.08863,1.67064,1.25353
8863,2.08863,1.67064,1.25353
8864,2.04581,1.65224,1.20641
8865,2.04581,1.65224,1.20641
8866,2.06046,1.57717,1.3259
8867,2.02662,1.53961,1.31787
8868,2.02662,1.53961,1.31787
8869,1.94092,1.43715,1.30452
8870,1.94092,1.43715,1.30452
8871,1.88297,1.41156,1.24622
8872,1.84073,1.34451,1.25721
8873,1.84073,1.34451,1.25721
8874,1.80144,1.33498,1.20955
8875,1.7897,1.266,1.26501
8876,1.76075,1.24244,1.24763
8877,1.75859,1.31107,1.17206
8878,1.82436,1.34167,1.2362
8879,1.91097,1.31101,1.39034
8880,1.88259,1.33333,1.32906
8881,1.85754,1.32166,1.30524
8882,1.83058,1.2554,1.33229
8883,1.8252,1.1566,1.41196
8884,1.9098,1.17359,1.50666
8885,1.9098,1.17359,1.50666
8886,1.9098,1.17359,1.50666
8887,1.9098,1.17359,1.50666
8888,1.89938,1.13103,1.52591
8889,1.85346,1.14217,1.45971
8890,1.85346,1.14217,1.45971
8891,1.84518,0.925601,1.59623
8892,1.7743,0.868245,1.54735
8893,1.7743,0.868245,1.54735
8894,1.89931,0.89369,1.67591
8895,1.90197,0.89227,1.67969
8896,1.84328,0.829577,1.64605
8897,1.78669,0.815594,1.58967
8898,1.83859,0.948017,1.57534
8899,1.77804,0.915972,1.52395
8900,1.76117,0.858757,1.53761
8901,1.79712,0.889061,1.5618
8902,1.79712,0.889061,1.5618
8903,1.79712,0.889061,1.5618
8904,1.81394,0.85635,1.59908
8905,1.93033,0.981794,1.662
8906,1.89868,0.88698,1.67876
8907,1.82358,0.866576,1.60452
8908,1.82358,0.866576,1.60452
8909,1.79048,0.729919,1.63494
8910,1.79048,0.729919,1.63494
8911,1.84363,0.681744,1.71295
8912,1.89461,0.807566,1.71388
8913,1.8975,0.853936,1.69449
8914,1.8975,0.853936,1.69449
8915,1.8975,0.853936,1.69449
8916,1.87863,0.77361,1.71195
8917,1.82163,0.690081,1.68586
8918,1.84909,0.856299,1.63886
8919,1.82219,0.761199,1.65559
8920,1.85222,0.693355,1.71755
8921,1.9408,0.680091,1.81774
8922,1.9408,0.680091,1.81774
8923,2.05801,0.746775,1.91774
8924,2.05801,0.746775,1.91774
8925,1.99435,0.709675,1.86381
8926,1.99161,0.634034,1.88799
8927,2.0856,0.740221,1.94982
8928,2.07916,0.711514,1.95362
8929,2.07916,0.711514,1.95362
8930,2.01025,0.661799,1.89819
8931,2.08156,0.576551,2.00013
8932,2.08156,0.576551,2.00013
8933,2.17531,0.578274,2.09704
8934,2.07448,0.468864,2.0208
8935,2.21979,0.653921,2.12129
8936,2.21979,0.653921,2.12129
8937,2.18282,0.669375,2.07765
8938,2.00712,0.629611,1.90581
8939,2.00712,0.629611,1.90581
8940,2.02919,0.550326,1.95314
8941,2.0175,0.521854,1.94884
8942,2.0175,0.521854,1.94884
8943,2.0175,0.521854,1.94884
8944,1.96465,0.485048,1.90384
8945,2.0413,0.431822,1.9951
8946,1.89625,0.47675,1.83534
8947,1.89625,0.47675,1.83534
8948,1.89625,0.47675,1.83534
8949,1.89625,0.47675,1.83534
8950,1.89625,0.47675,1.83534
8951,1.83247,0.465401,1.77239
8952,1.84779,0.351064,1.81414
8953,1.84779,0.351064,1.81414
8954,1.84779,0.351064,1.81414
8955,1.84079,0.379895,1.80116
8956,1.82678,0.260749,1.80808
8957,1.81386,0.116945,1.81009
8958,1.84905,0.0613235,1.84804
8959,1.84905,0.0613235,1.84804
8960,1.81374,0.117932,1.8099
8961,1.84698,0.205707,1.83549
8962,1.84901,0.19702,1.83849
8963,1.82495,0.152429,1.81858
8964,1.77047,0.180921,1.7612
8965,1.74769,0.212053,1.73477
8966,1.75868,0.282529,1.73584
8967,1.75048,0.346658,1.71581
8968,1.75099,0.26812,1.73034
8969,1.74645,0.264154,1.72636
8970,1.71863,0.273149,1.69679
8971,1.75143,0.288077,1.72758
8972,1.75143,0.288077,1.72758
8973,1.68447,0.283524,1.66044
8974,1.68447,0.283524,1.66044
8975,1.70149,0.380041,1.6585
8976,1.74096,0.475826,1.67467
8977,1.74096,0.475826,1.67467
8978,1.80221,0.49311,1.73344
8979,1.80221,0.49311,1.73344
8980,1.80221,0.49311,1.73344
8981,1.7975,0.482666,1.73149
8982,1.80573,0.520656,1.72904
8983,1.80573,0.520656,1.72904
8984,1.80573,0.520656,1.72904
8985,1.83559,0.475106,1.77304
8986,1.83559,0.475106,1.77304
8987,1.86143,0.578284,1.76933
8988,1.74386,0.535056,1.65975
8989,1.82122,0.540481,1.73917
8990,1.75838,0.503387,1.68479
8991,1.66535,0.467699,1.59832
8992,1.69581,0.466224,1.63046
8993,1.81462,0.440374,1.76038
8994,1.83448,0.489828,1.76788
8995,1.90899,0.445717,1.85623
8996,1.90899,0.445717,1.85623
8997,1.88382,0.504971,1.81488
8998,1.88382,0.504971,1.81488
8999,1.88997,0.485148,1.82664
9000,1.9149,0.503555,1.8475
9001,1.92517,0.590361,1.83241
9002,1.92517,0.590361,1.83241
9003,1.92517,0.590361,1.83241
9004,1.9157,0.596978,1.82031
9005,1.9157,0.596978,1.82031
9006,1.89933,0.629995,1.7918
9007,1.93774,0.658321,1.82249
9008,1.9114,0.519711,1.83939
9009,1.92646,0.586777,1.83492
9010,1.92646,0.586777,1.83492
9011,1.92646,0.586777,1.83492
9012,1.92646,0.586777,1.83492
9013,1.92646,0.586777,1.83492
9014,1.94065,0.528691,1.86725
9015,2.08032,0.589386,1.99509
9016,2.0541,0.644075,1.95051
9017,1.95428,0.653249,1.84186
9018,1.92752,0.714119,1.79035
9019,1.92752,0.714119,1.79035
9020,1.89689,0.580725,1.80581
9021,1.89689,0.580725,1.80581
9022,1.89689,0.580725,1.80581
9023,1.89689,0.580725,1.80581
9024,1.9867,0.596016,1.89519
9025,1.9786,0.569455,1.89489
9026,2.00215,0.719413,1.86844
9027,2.14738,0.776276,2.00216
9028,2.14738,0.776276,2.00216
9029,2.14951,0.741247,2.01766
9030,2.05374,0.741144,1.91535
9031,2.02318,0.736065,1.88454
9032,2.02318,0.736065,1.88454
9033,2.12895,0.759206,1.98897
9034,2.02918,0.616145,1.93338
9035,2.05782,0.760499,1.91214
9036,2.05782,0.760499,1.91214
9037,2.05782,0.760499,1.91214
9038,1.98441,0.769746,1.82904
9039,1.98441,0.769746,1.82904
9040,1.9615,0.765193,1.80609
9041,1.9615,0.765193,1.80609
9042,1.9615,0.765193,1.80609
9043,1.9615,0.765193,1.80609
9044,2.02035,0.786737,1.86088
9045,2.0973,0.709865,1.97351
9046,2.0973,0.709865,1.97351
9047,2.0973,0.709865,1.97351
9048,2.20141,0.759487,2.06625
9049,2.21037,0.735431,2.08444
9050,2.11797,0.744736,1.98271
9051,2.24318,0.818076,2.08869
9052,2.24318,0.818076,2.08869
9053,2.22911,0.900935,2.03894
9054,2.24257,0.800164,2.09496
9055,2.24636,0.866405,2.07255
9056,2.23158,0.742411,2.10446
9057,2.23158,0.742411,2.10446
9058,2.28039,0.780249,2.14275
9059,2.25693,0.742449,2.13131
9060,2.25663,0.637413,2.16474
9061,2.23409,0.765156,2.09897
9062,2.238,0.758199,2.10565
9063,2.38278,0.795224,2.24616
9064,2.41603,0.864181,2.25619
9065,2.41603,0.864181,2.25619
9066,2.31742,0.865637,2.14967
9067,2.32934,0.875428,2.15857
9068,2.352,0.823275,2.20321
9069,2.23581,0.654347,2.13791
9070,2.17799,0.706581,2.06019
9071,2.20249,0.82103,2.04374
9072,2.15315,0.648378,2.05321
9073,2.15315,0.648378,2.05321
9074,2.15315,0.648378,2.05321
9075,2.19621,0.703283,2.08056
9076,2.27141,0.658474,2.17387
9077,2.32551,0.768846,2.19474
9078,2.32551,0.768846,2.19474
9079,2.35093,0.853224,2.19064
9080,2.33222,0.995916,2.10889
9081,2.33222,0.995916,2.10889
9082,2.37779,0.870131,2.21286
9083,2.29645,0.826453,2.14259
9084,2.28004,0.772563,2.14516
9085,2.28004,0.772563,2.14516
9086,2.25971,0.780818,2.12053
9087,2.25971,0.780818,2.12053
9088,2.25971,0.780818,2.12053
9089,2.25971,0.780818,2.12053
9090,2.27321,0.82361,2.11876
9091,2.253,0.890529,2.06954
9092,2.20112,1.04431,1.93761
9093,2.26592,1.08867,1.98726
9094,2.28858,0.880145,2.11256
9095,2.28348,0.828771,2.12778
9096,2.27687,0.801499,2.13114
9097,2.27687,0.801499,2.13114
9098,2.27687,0.801499,2.13114
9099,2.19764,0.956028,1.9788
9100,2.13226,0.930582,1.91847
9101,2.13226,0.930582,1.91847
9102,2.13226,0.930582,1.91847
9103,2.13226,0.930582,1.91847
9104,2.13226,0.930582,1.91847
9105,2.04202,0.950199,1.80747
9106,2.12341,1.00665,1.86964
9107,2.02575,0.968031,1.77949
9108,2.02575,0.968031,1.77949
9109,2.02575,0.968031,1.77949
9110,2.02575,0.968031,1.77949
9111,2.02575,0.968031,1.77949
9112,1.88299,0.862167,1.67401
9113,2.02737,1.04737,1.73586
9114,2.02737,1.04737,1.73586
9115,2.00948,1.14551,1.651
9116,2.00948,1.14551,1.651
9117,2.08479,1.20805,1.6991
9118,2.08479,1.20805,1.6991
9119,2.08479,1.20805,1.6991
9120,2.14232,1.12301,1.82439
9121,2.08467,1.1029,1.76903
9122,2.0066,1.05247,1.70844
9123,2.0066,1.05247,1.70844
9124,2.05162,1.01414,1.78344
9125,2.04131,0.959008,1.80201
9126,2.02966,0.993316,1.76999
9127,2.00157,0.981705,1.74429
9128,2.07095,1.02284,1.80074
9129,2.13869,1.00804,1.88623
9130,2.13869,1.00804,1.88623
9131,2.13869,1.00804,1.88623
9132,1.98937,0.967396,1.73831
9133,1.944,0.978759,1.67964
9134,1.944,0.978759,1.67964
9135,1.944,0.978759,1.67964
9136,1.80523,0.923456,1.55115
9137,1.83142,0.901775,1.59403
9138,1.7798,0.935681,1.514
9139,1.85156,0.967475,1.57869
9140,1.85156,0.967475,1.57869
9141,1.93398,0.945755,1.68696
9142,1.93398,0.945755,1.68696
9143,1.93398,0.945755,1.68696
9144,1.99736,1.03585,1.70776
9145,1.99736,1.03585,1.70776
9146,2.00914,1.04817,1.71405
9147,2.00914,1.04817,1.71405
9148,2.00914,1.04817,1.71405
9149,2.17235,1.21251,1.80248
9150,2.17235,1.21251,1.80248
9151,2.17235,1.21251,1.80248
9152,2.06889,1.09561,1.75497
9153,2.06889,1.09561,1.75497
9154,1.99917,1.13612,1.64496
9155,1.99917,1.13612,1.64496
9156,2.02118,1.12159,1.68142
9157,2.09849,1.01291,1.83785
9158,2.09849,1.01291,1.83785
9159,2.09849,1.01291,1.83785
9160,2.09849,1.01291,1.83785
9161,1.93854,0.814616,1.75907
9162,1.93854,0.814616,1.75907
9163,1.97316,0.876641,1.76772
9164,1.98519,0.693944,1.85995
9165,1.98519,0.693944,1.85995
9166,1.98602,0.766706,1.83206
9167,2.0238,0.761499,1.87508
9168,2.0238,0.761499,1.87508
9169,1.95273,0.862879,1.75174
9170,2.05491,0.936215,1.82925
9171,2.11499,1.04352,1.83964
9172,2.03261,0.978246,1.78173
9173,2.03261,0.978246,1.78173
9174,2.0326,0.957753,1.79281
9175,1.98567,0.803121,1.81601
9176,1.98567,0.803121,1.81601
9177,1.98567,0.803121,1.81601
9178,1.87887,0.786199,1.70647
9179,1.87887,0.786199,1.70647
9180,1.87887,0.786199,1.70647
9181,1.94282,0.822476,1.76014
9182,1.94085,0.801612,1.76757
9183,1.9114,0.855576,1.70922
9184,1.97387,0.873089,1.77028
9185,1.89444,0.852851,1.69161
9186,1.92075,0.9454,1.67197
9187,1.90867,0.946998,1.65718
9188,1.90867,0.946998,1.65718
9189,1.91944,0.991244,1.64367
9190,2.0034,0.981125,1.74671
9191,1.94121,0.819406,1.75979
9192,1.87764,0.746622,1.72281
9193,1.80447,0.680761,1.67112
9194,1.87574,0.754985,1.71709
9195,1.87574,0.754985,1.71709
9196,1.85028,0.711216,1.70812
9197,1.86681,0.721075,1.72192
9198,1.75617,0.720805,1.60143
9199,1.75617,0.720805,1.60143
9200,1.75617,0.720805,1.60143
9201,1.71374,0.633567,1.59232
9202,1.71374,0.633567,1.59232
9203,1.72798,0.658386,1.59764
9204,1.80663,0.89788,1.56771
9205,1.87276,0.942205,1.61848
9206,1.84373,0.96977,1.56809
9207,1.79049,0.934716,1.52714
9208,1.77544,0.925409,1.51519
9209,1.7837,0.873111,1.5554
9210,1.64612,0.753803,1.46339
9211,1.66049,0.812931,1.44789
9212,1.6317,0.859897,1.38672
9213,1.6317,0.859897,1.38672
9214,1.61741,0.953755,1.30628
9215,1.62732,0.996765,1.28632
9216,1.6425,1.13011,1.19192
9217,1.66805,1.21679,1.14098
9218,1.72157,1.24201,1.19215
9219,1.69759,1.15428,1.24477
9220,1.73436,1.21633,1.23635
9221,1.73436,1.21633,1.23635
9222,1.71339,1.25624,1.16515
9223,1.76245,1.26246,1.2298
9224,1.81439,1.26306,1.30258
9225,1.766,1.21442,1.28216
9226,1.766,1.21442,1.28216
9227,1.766,1.21442,1.28216
9228,1.766,1.21442,1.28216
9229,1.84413,1.26215,1.34454
9230,1.84413,1.26215,1.34454
9231,1.95871,1.29025,1.4737
9232,1.92375,1.12389,1.56131
9233,1.92375,1.12389,1.56131
9234,1.97521,1.07342,1.65807
9235,1.88372,0.914826,1.64666
9236,1.88372,0.914826,1.64666
9237,1.87215,0.977616,1.59662
9238,1.931,0.948604,1.68194
9239,1.82448,0.928021,1.57082
9240,1.87902,0.926111,1.63494
9241,1.85751,1.00768,1.56042
9242,1.97354,0.979305,1.71342
9243,1.91245,0.861731,1.7073
9244,1.96706,0.857222,1.77045
9245,1.94308,0.841128,1.75159
9246,1.99514,0.866975,1.79693
9247,1.88653,0.836202,1.69109
9248,1.88653,0.836202,1.69109
9249,1.88653,0.836202,1.69109
9250,1.90962,0.816015,1.72649
9251,1.97935,0.862756,1.78143
9252,1.96787,0.76824,1.81171
9253,2.02075,0.782239,1.8632
9254,1.98132,0.598829,1.88866
9255,1.96502,0.628766,1.86171
9256,2.04518,0.742513,1.90564
9257,2.03249,0.661835,1.92171
9258,2.05846,0.886769,1.85766
9259,2.07037,0.772484,1.92086
9260,2.00064,0.908291,1.78258
9261,2.08612,1.01882,1.82041
9262,2.09581,1.11016,1.77763
9263,2.07362,0.827629,1.9013
9264,2.19294,0.779652,2.04966
9265,2.19515,0.783367,2.05061
9266,2.19515,0.783367,2.05061
9267,2.26088,0.791271,2.11789
9268,2.24034,0.833069,2.07969
9269,2.2273,0.904807,2.03524
9270,2.24483,0.918619,2.04826
9271,2.17715,0.978492,1.94487
9272,2.12528,0.819781,1.96081
9273,2.12751,0.929732,1.91361
9274,2.12751,0.929732,1.91361
9275,2.17103,0.954044,1.95017
9276,2.20259,0.884201,2.01733
9277,2.20259,0.884201,2.01733
9278,2.12593,0.819789,1.96151
9279,2.17503,0.900521,1.97985
9280,2.05724,0.941245,1.82929
9281,2.05767,0.900769,1.85004
9282,2.07637,0.884531,1.87854
9283,2.03859,0.905554,1.82642
9284,2.08275,1.02025,1.81575
9285,2.05341,1.03041,1.77616
9286,2.08639,1.01408,1.82336
9287,2.06848,0.912756,1.8562
9288,2.02557,0.865575,1.83131
9289,2.00443,0.8246,1.82696
9290,1.95382,0.848424,1.76
9291,1.97787,0.782737,1.8164
9292,1.90499,0.494224,1.83976
9293,1.90499,0.494224,1.83976
9294,1.84401,0.491524,1.7773
9295,1.99054,0.46221,1.93614
9296,1.99054,0.46221,1.93614
9297,1.99054,0.46221,1.93614
9298,1.82589,0.362124,1.78963
9299,1.90854,0.346867,1.87675
9300,1.88186,0.349341,1.84915
9301,1.88186,0.349341,1.84915
9302,1.95512,0.316904,1.92926
9303,1.9712,0.367175,1.9367
9304,1.96224,0.305341,1.93834
9305,1.90148,0.353617,1.86831
9306,1.99072,0.493685,1.92854
9307,2.05011,0.614413,1.95588
9308,2.05011,0.614413,1.95588
9309,1.99414,0.531141,1.9221
9310,1.99414,0.531141,1.9221
9311,1.99414,0.531141,1.9221
9312,2.07043,0.620105,1.97539
9313,1.95862,0.648197,1.84825
9314,1.99907,0.649625,1.89057
9315,2.07869,0.618231,1.98463
9316,2.02347,0.571841,1.94099
9317,2.05817,0.654783,1.95124
9318,1.97077,0.767138,1.81534
9319,1.97077,0.767138,1.81534
9320,2.03108,0.751929,1.88676
9321,2.03108,0.751929,1.88676
9322,2.00595,0.832777,1.82491
9323,2.1525,0.835844,1.98359
9324,2.1525,0.835844,1.98359
9325,2.1757,0.839016,2.00741
9326,2.1757,0.839016,2.00741
9327,2.18532,0.862027,2.00811
9328,2.08805,0.932616,1.8682
9329,1.99468,0.899259,1.78048
9330,1.99468,0.899259,1.78048
9331,2.10257,0.982274,1.85901
9332,2.11364,0.95289,1.88666
9333,2.14438,0.902745,1.9451
9334,2.14438,0.902745,1.9451
9335,2.03258,0.986263,1.77726
9336,2.03258,0.986263,1.77726
9337,2.03258,0.986263,1.77726
9338,2.03406,0.868621,1.83926
9339,2.05139,0.948917,1.81872
9340,2.05723,1.00077,1.7974
9341,1.83358,0.885385,1.60565
9342,1.83358,0.885385,1.60565
9343,1.84111,0.930691,1.58855
9344,1.85391,0.936076,1.60024
9345,1.9009,1.03236,1.59614
9346,1.74838,0.867343,1.51808
9347,1.78225,0.8775,1.55126
9348,1.78225,0.8775,1.55126
9349,1.85104,0.823885,1.65758
9350,1.91527,0.909717,1.68542
9351,1.91527,0.909717,1.68542
9352,1.89235,1.0122,1.59889
9353,1.98853,1.11705,1.64512
9354,2.01977,1.03272,1.73579
9355,1.96825,1.02821,1.67833
9356,1.92243,1.00737,1.63736
9357,1.81975,0.979609,1.53357
9358,1.88595,1.11086,1.52408
9359,1.67359,0.922011,1.39671
9360,1.8214,0.845712,1.61315
9361,1.7844,0.73695,1.62511
9362,1.70087,0.699101,1.55055
9363,1.70087,0.699101,1.55055
9364,1.76352,0.721756,1.60906
9365,1.77592,0.670031,1.64468
9366,1.81205,0.602252,1.70904
9367,1.91523,0.690791,1.78631
9368,1.91368,0.69338,1.78365
9369,1.91368,0.69338,1.78365
9370,1.82943,0.76332,1.66257
9371,1.86896,0.753239,1.71045
9372,1.86896,0.753239,1.71045
9373,1.86896,0.753239,1.71045
9374,1.9007,0.737405,1.75182
9375,1.89992,0.765624,1.73883
9376,1.89992,0.765624,1.73883
9377,1.85963,0.811445,1.67325
9378,1.89981,0.854677,1.6967
9379,1.82452,0.78953,1.64485
9380,1.80545,0.857675,1.58872
9381,1.80545,0.857675,1.58872
9382,1.80454,0.921816,1.55133
9383,1.88932,1.03289,1.58199
9384,1.90098,1.17507,1.4943
9385,1.78707,1.1245,1.38892
9386,1.85558,1.13907,1.46483
9387,1.84031,1.13919,1.44534
9388,1.79562,1.02932,1.47131
9389,1.7899,0.968291,1.50537
9390,1.75723,0.935165,1.48772
9391,1.7858,0.961674,1.50475
9392,1.77858,0.957396,1.49891
9393,1.80456,0.92893,1.5471
9394,1.80456,0.92893,1.5471
9395,1.80456,0.92893,1.5471
9396,1.80456,0.92893,1.5471
9397,1.80456,0.92893,1.5471
9398,1.81278,1.03137,1.49079
9399,1.86942,1.09385,1.51599
9400,1.85947,1.10603,1.49477
9401,1.90516,1.06218,1.58157
9402,1.90516,1.06218,1.58157
9403,1.94066,1.11674,1.58715
9404,1.8567,1.10141,1.49474
9405,1.95563,1.16979,1.56719
9406,2.01933,1.2136,1.61396
9407,1.99943,1.2126,1.58975
9408,1.9866,1.21325,1.57309
9409,2.09922,1.34896,1.60842
9410,2.10112,1.3667,1.59589
9411,2.10112,1.3667,1.59589
9412,2.09188,1.28608,1.64984
9413,2.09188,1.28608,1.64984
9414,1.95,1.19108,1.54396
9415,1.92757,1.19764,1.51036
9416,1.94229,1.25267,1.48435
9417,1.9142,1.22706,1.46919
9418,1.82807,1.15365,1.41807
9419,1.82347,1.10412,1.45119
9420,1.83875,1.0998,1.47358
9421,1.83875,1.0998,1.47358
9422,1.82778,1.1504,1.42034
9423,1.82778,1.1504,1.42034
9424,1.93951,1.22824,1.50104
9425,1.89809,1.15379,1.50716
9426,1.95925,1.22104,1.53222
9427,1.92891,1.17972,1.52609
9428,1.92891,1.17972,1.52609
9429,1.96773,1.16801,1.58357
9430,1.94963,1.09579,1.61254
9431,2.00837,1.11348,1.67144
9432,2.00837,1.11348,1.67144
9433,2.01393,1.03473,1.72779
9434,2.01393,1.03473,1.72779
9435,1.96321,1.05821,1.6536
9436,2.04442,0.996619,1.78505
9437,1.92776,0.838051,1.73606
9438,1.92776,0.838051,1.73606
9439,2.06295,0.939394,1.83665
9440,2.06295,0.939394,1.83665
9441,2.04873,1.01832,1.77772
9442,2.01251,1.03053,1.72864
9443,1.96282,0.984311,1.69817
9444,1.88318,0.89105,1.65904
9445,1.88318,0.89105,1.65904
9446,1.90369,0.946568,1.65168
9447,1.79374,0.817129,1.59681
9448,1.77933,0.774814,1.60177
9449,1.87809,0.812576,1.6932
9450,1.92374,0.887541,1.70676
9451,2.01181,0.864815,1.81645
9452,1.93995,0.824897,1.75584
9453,1.93995,0.824897,1.75584
9454,1.93363,0.858622,1.73254
9455,1.86621,0.761084,1.70396
9456,1.8258,0.773595,1.65381
9457,1.87005,0.692851,1.73696
9458,1.87005,0.692851,1.73696
9459,1.80877,0.758332,1.64213
9460,1.80877,0.758332,1.64213
9461,1.80664,0.663783,1.68027
9462,1.85961,0.575838,1.76821
9463,1.85961,0.575838,1.76821
9464,1.85961,0.575838,1.76821
9465,1.7803,0.538153,1.69701
9466,1.82003,0.564755,1.73019
9467,1.76799,0.586117,1.66801
9468,1.76799,0.586117,1.66801
9469,1.78623,0.560685,1.69595
9470,1.80683,0.51025,1.73329
9471,1.80683,0.51025,1.73329
9472,1.70573,0.50235,1.63007
9473,1.72603,0.512711,1.64813
9474,1.7826,0.443994,1.72643
9475,1.7826,0.443994,1.72643
9476,1.92627,0.619854,1.82381
9477,1.92739,0.720638,1.7876
9478,1.90612,0.876769,1.6925
9479,1.99411,0.910009,1.77436
9480,2.12917,0.944005,1.90846
9481,2.12917,0.944005,1.90846
9482,2.03887,0.818213,1.86749
9483,2.03887,0.818213,1.86749
9484,2.03887,0.818213,1.86749
9485,2.05723,0.913945,1.84306
9486,2.05723,0.913945,1.84306
9487,2.18004,0.940331,1.96681
9488,2.04596,0.821571,1.87376
9489,2.08424,0.932225,1.86414
9490,2.11661,0.911445,1.91031
9491,2.06348,0.719967,1.9338
9492,1.99886,0.832965,1.81704
9493,2.00219,0.904105,1.78644
9494,2.10281,1.00778,1.84559
9495,2.14391,0.994995,1.89904
9496,2.04988,0.922824,1.83041
9497,2.04988,0.922824,1.83041
9498,2.08232,0.89646,1.87948
9499,2.04013,0.961829,1.79917
9500,2.0704,0.916397,1.85655
9501,1.94207,0.82716,1.75711
9502,1.92114,0.757099,1.76566
9503,1.92114,0.757099,1.76566
9504,1.92114,0.757099,1.76566
9505,1.95976,0.74405,1.81303
9506,1.86906,0.738167,1.71711
9507,1.86906,0.738167,1.71711
9508,1.90237,0.721,1.76045
9509,1.90592,0.601026,1.80868
9510,1.90592,0.601026,1.80868
9511,1.83593,0.56429,1.74706
9512,1.80408,0.578135,1.70894
9513,1.90673,0.647674,1.79336
9514,1.98872,0.818224,1.8126
9515,1.98129,0.730457,1.84173
9516,2.04327,0.915412,1.82674
9517,2.00096,0.926717,1.77343
9518,2.02162,0.804408,1.85469
9519,2.06777,0.803799,1.90515
9520,2.08811,0.742494,1.95164
9521,2.12837,0.763475,1.98673
9522,2.12768,0.576998,2.04795
9523,2.12589,0.604139,2.03824
9524,2.12589,0.604139,2.03824
9525,2.07547,0.446201,2.02694
9526,2.10255,0.334399,2.07579
9527,2.16215,0.337581,2.13564
9528,2.12438,0.285224,2.10515
9529,2.11509,0.225856,2.103
9530,2.03737,0.131522,2.03313
9531,2.03737,0.131522,2.03313
9532,1.91784,0.111078,1.91463
9533,1.91784,0.111078,1.91463
9534,1.91226,0.0884914,1.91021
9535,1.91226,0.0884914,1.91021
9536,1.9856,0.129798,1.98135
9537,2.12305,0.144669,2.11811
9538,2.12305,0.144669,2.11811
9539,2.0305,0.0612808,2.02957
9540,2.00922,-0.0412061,2.0088
9541,2.074,-0.0559116,2.07325
9542,2.06419,0.0679859,2.06307
9543,2.03632,0.00977941,2.0363
9544,2.03632,0.00977941,2.0363
9545,2.19917,-0.110506,2.19639
9546,2.16981,0.0228061,2.16969
9547,2.00866,-0.116543,2.00528
9548,2.04621,-0.162339,2.03976
9549,2.07238,-0.32554,2.04665
9550,2.05991,-0.315138,2.03566
9551,1.99798,-0.314412,1.97309
9552,1.95603,-0.351519,1.92419
9553,1.95603,-0.351519,1.92419
9554,1.93282,-0.268502,1.91407
9555,1.92296,-0.30011,1.8994
9556,1.93492,-0.36093,1.90096
9557,1.95067,-0.402064,1.90879
9558,1.84133,-0.405684,1.79609
9559,1.90567,-0.466291,1.84774
9560,1.90567,-0.466291,1.84774
9561,1.94207,-0.367532,1.90698
9562,1.92386,-0.499831,1.8578
9563,1.8841,-0.540979,1.80476
9564,1.86141,-0.509654,1.79028
9565,1.91524,-0.465135,1.8579
9566,1.91524,-0.465135,1.8579
9567,1.96578,-0.429142,1.91836
9568,1.9347,-0.485588,1.87278
9569,1.87939,-0.498588,1.81205
9570,1.93067,-0.558546,1.84811
9571,1.94958,-0.443812,1.89839
9572,1.95302,-0.405734,1.91041
9573,1.98618,-0.472841,1.92908
9574,1.97976,-0.505015,1.91426
9575,1.97976,-0.505015,1.91426
9576,1.97976,-0.505015,1.91426
9577,2.01812,-0.567972,1.93655
9578,2.00642,-0.491815,1.94521
9579,2.04323,-0.429212,1.99764
9580,1.94265,-0.633199,1.83656
9581,1.99882,-0.541646,1.92404
9582,1.99882,-0.541646,1.92404
9583,1.99882,-0.541646,1.92404
9584,1.95779,-0.561894,1.87542
9585,2.0552,-0.510992,1.99066
9586,2.12564,-0.596143,2.04034
9587,2.0861,-0.577669,2.00453
9588,2.07135,-0.619184,1.97664
9589,2.08404,-0.631715,1.98599
9590,2.0246,-0.453842,1.97307
9591,1.99831,-0.45681,1.9454
9592,2.06768,-0.344541,2.03877
9593,1.94255,-0.418755,1.89688
9594,1.93065,-0.396704,1.88945
9595,1.98356,-0.491839,1.92161
9596,1.98356,-0.491839,1.92161
9597,1.9856,-0.543134,1.90987
9598,1.92308,-0.557766,1.84041
9599,1.92308,-0.557766,1.84041
9600,1.95225,-0.538833,1.87641
9601,2.00779,-0.569825,1.92524
9602,2.00779,-0.569825,1.92524
9603,2.04972,-0.527376,1.98071
9604,2.0281,-0.640666,1.92425
9605,2.04611,-0.603696,1.95503
9606,2.07056,-0.658957,1.9629
9607,2.05939,-0.707492,1.93405
9608,2.0583,-0.702834,1.93459
9609,1.97404,-0.702664,1.84475
9610,1.94358,-0.679364,1.82098
9611,1.94358,-0.679364,1.82098
9612,1.95415,-0.745781,1.80624
9613,1.95292,-0.805229,1.77919
9614,1.95292,-0.805229,1.77919
9615,1.94673,-0.819775,1.76571
9616,1.9101,-0.818462,1.72586
9617,1.96156,-0.788775,1.79599
9618,1.88956,-0.674819,1.76495
9619,1.88956,-0.674819,1.76495
9620,1.88956,-0.674819,1.76495
9621,2.10915,-0.865476,1.9234
9622,2.18177,-0.80084,2.02948
9623,2.12043,-0.63659,2.02261
9624,2.11723,-0.597839,2.03107
9625,2.00942,-0.571638,1.9264
9626,1.99923,-0.705032,1.87079
9627,2.03251,-0.80242,1.86741
9628,2.00006,-0.8129,1.82741
9629,1.98803,-0.753217,1.83981
9630,2.10467,-0.777358,1.95585
9631,2.14244,-0.743452,2.00931
9632,2.14244,-0.743452,2.00931
9633,2.11289,-0.591987,2.02826
9634,2.11289,-0.591987,2.02826
9635,2.06499,-0.539989,1.99314
9636,2.23742,-0.633962,2.14573
9637,2.20658,-0.531441,2.14162
9638,2.20658,-0.531441,2.14162
9639,2.25066,-0.39176,2.2163
9640,2.25066,-0.39176,2.2163
9641,2.14076,-0.385791,2.10571
9642,2.14473,-0.425268,2.10215
9643,2.14473,-0.425268,2.10215
9644,2.14473,-0.425268,2.10215
9645,2.11143,-0.460288,2.06065
9646,2.15643,-0.49659,2.09848
9647,2.12457,-0.480608,2.0695
9648,2.07312,-0.444373,2.02494
9649,2.21053,-0.361376,2.18079
9650,2.21053,-0.361376,2.18079
9651,2.20122,-0.528447,2.13685
9652,2.20122,-0.528447,2.13685
9653,2.20122,-0.528447,2.13685
9654,2.02716,-0.40551,1.98619
9655,2.10947,-0.59166,2.0248
9656,2.1367,-0.70659,2.01649
9657,2.11986,-0.690908,2.00411
9658,2.13061,-0.668786,2.02292
9659,2.15058,-0.707021,2.03104
9660,2.15058,-0.707021,2.03104
9661,2.15058,-0.707021,2.03104
9662,2.13371,-0.759012,1.99415
9663,2.06569,-0.832554,1.89049
9664,2.06569,-0.832554,1.89049
9665,2.06569,-0.832554,1.89049
9666,2.16244,-0.958669,1.93833
9667,2.16244,-0.958669,1.93833
9668,2.20103,-0.733056,2.07538
9669,2.17955,-0.82106,2.01899
9670,2.05427,-0.823361,1.88205
9671,2.04374,-0.840106,1.86309
9672,2.00614,-0.953579,1.76501
9673,2.08034,-1.02315,1.81135
9674,2.08034,-1.02315,1.81135
9675,2.11379,-1.10764,1.80035
9676,1.97659,-0.973544,1.72021
9677,1.97659,-0.973544,1.72021
9678,2.04828,-0.943107,1.81824
9679,2.04828,-0.943107,1.81824
9680,2.04828,-0.943107,1.81824
9681,2.04828,-0.943107,1.81824
9682,2.05078,-0.981286,1.80078
9683,1.98322,-1.04609,1.68489
9684,1.99434,-0.99394,1.72901
9685,1.98056,-1.03577,1.68814
9686,1.98056,-1.03577,1.68814
9687,1.96713,-1.00995,1.68807
9688,2.02698,-1.01551,1.75425
9689,1.9784,-0.871071,1.77631
9690,1.9784,-0.871071,1.77631
9691,1.9784,-0.871071,1.77631
9692,1.96692,-0.780778,1.80531
9693,1.85632,-0.771056,1.68861
9694,1.85632,-0.771056,1.68861
9695,1.85061,-0.764215,1.68545
9696,1.94541,-0.797669,1.77436
9697,1.94541,-0.797669,1.77436
9698,1.9645,-0.826967,1.78196
9699,2.04352,-0.926275,1.82154
9700,1.99824,-1.0054,1.72689
9701,2.15041,-1.01764,1.89437
9702,2.05436,-0.859995,1.86569
9703,1.99645,-0.86021,1.80163
9704,1.99645,-0.86021,1.80163
9705,1.92335,-0.924678,1.68649
9706,1.89308,-0.944009,1.64091
9707,1.96885,-0.972284,1.71202
9708,1.92575,-1.09685,1.58286
9709,1.94241,-1.02905,1.64742
9710,1.88646,-0.952377,1.62841
9711,1.93446,-0.918739,1.70236
9712,1.96179,-0.977953,1.70065
9713,1.96117,-0.853131,1.76589
9714,1.945,-0.868499,1.74032
9715,1.95205,-0.733744,1.8089
9716,2.01241,-0.81436,1.84028
9717,2.10654,-0.930015,1.89013
9718,2.10654,-0.930015,1.89013
9719,2.0893,-0.913197,1.87916
9720,2.093,-0.989726,1.8442
9721,1.99228,-0.897839,1.7785
9722,1.99228,-0.897839,1.7785
9723,1.95917,-0.782999,1.7959
9724,1.95917,-0.782999,1.7959
9725,1.93737,-0.739882,1.79052
9726,1.96891,-0.766362,1.81364
9727,1.96891,-0.766362,1.81364
9728,2.03974,-0.930506,1.81513
9729,1.94843,-1.03238,1.65245
9730,2.02999,-1.04283,1.74165
9731,2.03618,-1.09205,1.71856
9732,2.03757,-1.12854,1.6965
9733,2.03757,-1.12854,1.6965
9734,2.03757,-1.12854,1.6965
9735,2.09855,-1.03737,1.82422
9736,2.17174,-0.995299,1.93024
9737,2.13302,-0.948183,1.91069
9738,2.14338,-1.08058,1.85106
9739,2.09895,-0.933634,1.87987
9740,2.07217,-0.909454,1.86193
9741,2.10741,-0.994252,1.85813
9742,2.1532,-0.98161,1.91644
9743,2.1532,-0.98161,1.91644
9744,2.12042,-0.988539,1.87589
9745,2.15194,-1.08024,1.86116
9746,2.15194,-1.08024,1.86116
9747,2.15194,-1.08024,1.86116
9748,2.15194,-1.08024,1.86116
9749,2.12802,-1.02461,1.86511
9750,2.1194,-1.09439,1.81499
9751,2.09906,-1.20568,1.71825
9752,2.16126,-1.26747,1.75059
9753,2.18204,-1.30022,1.75235
9754,2.20582,-1.2654,1.80676
9755,2.20582,-1.2654,1.80676
9756,2.20582,-1.2654,1.80676
9757,2.01187,-1.19081,1.6216
9758,2.12038,-1.14529,1.78446
9759,2.13304,-1.1314,1.80825
9760,2.16567,-1.10223,1.86419
9761,2.23897,-1.17022,1.90881
9762,2.19396,-1.1753,1.8526
9763,2.21365,-1.1053,1.91796
9764,2.21985,-1.14166,1.90377
9765,2.38603,-1.11428,2.10986
9766,2.32779,-1.02738,2.0888
9767,2.32779,-1.02738,2.0888
9768,2.33608,-1.07622,2.07341
9769,2.3058,-1.02816,2.06387
9770,2.24745,-0.847324,2.0816
9771,2.24745,-0.847324,2.0816
9772,2.20565,-0.808179,2.05225
9773,2.21006,-0.87429,2.02977
9774,2.21006,-0.87429,2.02977
9775,2.201,-0.924351,1.99749
9776,2.18453,-1.02075,1.93139
9777,2.15097,-1.16884,1.80567
9778,2.15097,-1.16884,1.80567
9779,2.19155,-1.21352,1.8249
9780,2.19155,-1.21352,1.8249
9781,2.14965,-1.26874,1.73531
9782,2.10883,-1.29323,1.66575
9783,2.08836,-1.30975,1.62659
9784,2.08836,-1.30975,1.62659
9785,2.00468,-1.25169,1.56589
9786,1.97427,-1.23809,1.53781
9787,1.97427,-1.23809,1.53781
9788,1.97427,-1.23809,1.53781
9789,1.97427,-1.23809,1.53781
9790,1.97265,-1.09646,1.63985
9791,2.10117,-0.933078,1.88262
9792,2.10117,-0.933078,1.88262
9793,2.10117,-0.933078,1.88262
9794,1.99194,-0.844313,1.80415
9795,1.97512,-0.75385,1.8256
9796,1.91332,-0.753234,1.75881
9797,1.91332,-0.753234,1.75881
9798,1.94994,-0.74451,1.80221
9799,1.98446,-0.854526,1.79105
9800,1.99061,-0.860091,1.79521
9801,1.97794,-0.714396,1.84442
9802,1.97794,-0.714396,1.84442
9803,2.06344,-0.761364,1.91784
9804,2.05012,-0.705795,1.9248
9805,1.96732,-0.702161,1.83775
9806,1.96732,-0.702161,1.83775
9807,1.94667,-0.707874,1.8134
9808,1.94667,-0.707874,1.8134
9809,1.93677,-0.786681,1.7698
9810,1.91705,-0.786282,1.74839
9811,1.90888,-0.77474,1.74459
9812,1.97785,-0.775216,1.8196
9813,2.03013,-0.749241,1.88681
9814,2.03013,-0.749241,1.88681
9815,2.0711,-0.887622,1.87125
9816,2.0711,-0.887622,1.87125
9817,2.01713,-0.943809,1.7827
9818,2.04011,-0.884343,1.83848
9819,2.0253,-0.893154,1.81773
9820,2.0253,-0.893154,1.81773
9821,2.0253,-0.893154,1.81773
9822,2.10805,-1.00513,1.85299
9823,2.19755,-1.11483,1.89377
9824,2.18887,-1.07174,1.90854
9825,2.08582,-0.949383,1.85724
9826,1.99298,-0.99866,1.72471
9827,1.94334,-0.950034,1.69529
9828,2.02707,-1.2406,1.6031
9829,2.02707,-1.2406,1.6031
9830,2.02707,-1.2406,1.6031
9831,2.04239,-1.22571,1.63371
9832,1.91843,-1.1623,1.52625
9833,1.91843,-1.1623,1.52625
9834,1.92724,-1.21884,1.49287
9835,1.91581,-1.32171,1.38688
9836,1.99781,-1.37881,1.44572
9837,1.95455,-1.27889,1.47808
9838,2.02505,-1.31844,1.53706
9839,2.04515,-1.38071,1.50874
9840,2.04515,-1.38071,1.50874
9841,2.04515,-1.38071,1.50874
9842,1.9591,-1.25473,1.50457
9843,2.0928,-1.35285,1.59675
9844,2.04654,-1.43576,1.4584
9845,2.04654,-1.43576,1.4584
9846,2.02145,-1.46247,1.3955
9847,2.07032,-1.49656,1.43056
9848,2.03928,-1.6013,1.26274
9849,2.02638,-1.574,1.27622
9850,1.9319,-1.48212,1.23917
9851,1.8543,-1.39257,1.2244
9852,1.90686,-1.39339,1.30176
9853,1.87962,-1.20549,1.44214
9854,1.85952,-1.19449,1.42514
9855,1.83798,-1.17115,1.41654
9856,1.9096,-1.18058,1.50094
9857,1.88065,-1.23176,1.42112
9858,1.88065,-1.23176,1.42112
9859,1.88065,-1.23176,1.42112
9860,1.85824,-1.26285,1.36319
9861,1.78102,-1.28401,1.23424
9862,1.78102,-1.28401,1.23424
9863,1.71801,-1.2722,1.15459
9864,1.71801,-1.2722,1.15459
9865,1.77881,-1.36015,1.14637
9866,1.77881,-1.36015,1.14637
9867,1.72536,-1.36439,1.05608
9868,1.74945,-1.39197,1.0597
9869,1.64445,-1.39777,0.866271
9870,1.70781,-1.45561,0.89321
9871,1.80029,-1.55963,0.899238
9872,1.75553,-1.50762,0.899417
9873,1.76477,-1.53384,0.872789
9874,1.77078,-1.56503,0.828466
9875,1.77078,-1.56503,0.828466
9876,1.77815,-1.58814,0.799771
9877,1.75772,-1.56459,0.801039
9878,1.74137,-1.51865,0.852104
9879,1.68514,-1.4991,0.769676
9880,1.76865,-1.60046,0.752749
9881,1.72157,-1.52123,0.806034
9882,1.7651,-1.59026,0.765915
9883,1.7291,-1.58296,0.695723
9884,1.7291,-1.58296,0.695723
9885,1.71488,-1.56363,0.704204
9886,1.73307,-1.63935,0.562195
9887,1.69984,-1.6272,0.491595
9888,1.69984,-1.6272,0.491595
9889,1.74191,-1.69621,0.396357
9890,1.74191,-1.69621,0.396357
9891,1.76052,-1.72257,0.36356
9892,1.72234,-1.69579,0.301281
9893,1.7658,-1.75801,0.165609
9894,1.85844,-1.84718,0.204349
9895,1.85844,-1.84718,0.204349
9896,1.85844,-1.84718,0.204349
9897,1.85844,-1.84718,0.204349
9898,1.90217,-1.87518,0.319306
9899,1.92717,-1.89931,0.326509
9900,1.91077,-1.87014,0.391952
9901,1.94622,-1.88374,0.489175
9902,1.94622,-1.88374,0.489175
9903,1.99239,-1.90979,0.56774
9904,1.99239,-1.90979,0.56774
9905,1.99239,-1.90979,0.56774
9906,1.99239,-1.90979,0.56774
9907,1.96373,-1.88791,0.540408
9908,2.00571,-1.9134,0.60149
9909,1.94031,-1.83822,0.621061
9910,1.94187,-1.85773,0.565436
9911,1.98016,-1.93204,0.433916
9912,1.99081,-1.93663,0.461298
9913,1.99081,-1.93663,0.461298
9914,1.99081,-1.93663,0.461298
9915,1.97992,-1.93404,0.423794
9916,1.97903,-1.92139,0.474144
9917,1.96373,-1.87434,0.585758
9918,1.94356,-1.81696,0.689991
9919,1.94944,-1.78895,0.774585
9920,1.93019,-1.74143,0.83252
9921,1.93019,-1.74143,0.83252
9922,1.84523,-1.65958,0.806652
9923,1.8921,-1.71096,0.807871
9924,1.94363,-1.75824,0.828436
9925,1.96951,-1.725,0.950448
9926,1.99088,-1.69178,1.04953
9927,1.99088,-1.69178,1.04953
9928,2.0056,-1.729,1.01636
9929,1.96788,-1.69477,1.00014
9930,1.96788,-1.69477,1.00014
9931,1.8499,-1.59937,0.929595
9932,1.99602,-1.76951,0.923543
9933,1.90431,-1.70421,0.849736
9934,1.90431,-1.70421,0.849736
9935,1.91896,-1.73779,0.813945
9936,1.91896,-1.73779,0.813945
9937,1.96863,-1.82534,0.737321
9938,1.91707,-1.78776,0.692142
9939,1.93601,-1.76461,0.796423
9940,1.89471,-1.7417,0.745918
9941,1.94235,-1.77059,0.798581
9942,2.00605,-1.84973,0.77637
9943,2.0342,-1.85385,0.837374
9944,2.0342,-1.85385,0.837374
9945,2.04382,-1.85973,0.847715
9946,1.99265,-1.82369,0.803001
9947,2.03823,-1.90542,0.723694
9948,1.93872,-1.84805,0.585949
9949,1.93872,-1.84805,0.585949
9950,1.96788,-1.89082,0.545273
9951,2.08086,-2.00451,0.558482
9952,2.039,-1.97389,0.511171
9953,2.039,-1.97389,0.511171
9954,2.10092,-2.04133,0.496868
9955,2.10092,-2.04133,0.496868
9956,2.04411,-1.97779,0.516467
9957,1.97195,-1.9225,0.438826
9958,2.04446,-1.97259,0.537308
9959,1.94722,-1.87911,0.510475
9960,1.88566,-1.79274,0.584647
9961,1.87587,-1.78727,0.56967
9962,1.85141,-1.8232,0.321987
9963,1.86575,-1.8552,0.198166
9964,1.89209,-1.88399,0.174951
9965,1.85011,-1.8498,0.033758
9966,1.85183,-1.85116,-0.0497821
9967,1.80662,-1.80521,-0.0711945
9968,1.7595,-1.75431,-0.134991
9969,1.75458,-1.75253,-0.0848462
9970,1.79189,-1.79189,-0.000476079
9971,1.76971,-1.76721,0.0940509
9972,1.76971,-1.76721,0.0940509
9973,1.73329,-1.73091,0.0907017
9974,1.66845,-1.66694,0.0710774
9975,1.67805,-1.678,-0.0125266
9976,1.67805,-1.678,-0.0125266
9977,1.64196,-1.64193,-0.0104746
9978,1.6758,-1.6754,0.0365866
9979,1.6758,-1.6754,0.0365866
9980,1.6758,-1.6754,0.0365866
9981,1.6758,-1.6754,0.0365866
9982,1.67195,-1.66994,-0.0820845
9983,1.72311,-1.71948,-0.111828
9984,1.72311,-1.71948,-0.111828
9985,1.76351,-1.76351,0.0024754
9986,1.78655,-1.78546,0.0623835
9987,1.80307,-1.7966,0.152627
9988,1.81218,-1.80075,0.203249
9989,1.94701,-1.93896,0.176785
9990,1.87766,-1.87383,0.119912
9991,1.90199,-1.90142,0.0465378
9992,1.98144,-1.98021,0.069674
9993,2.00869,-2.00861,0.0177132
9994,1.94913,-1.94831,-0.0563954
9995,1.8991,-1.89839,-0.0520395
9996,1.86889,-1.86881,-0.0171703
9997,1.86889,-1.86881,-0.0171703
9998,1.90288,-1.90244,0.041071
9999,1.76577,-1.7655,-0.0308195
10000,1.80861,-1.808,0.0471548
10001,1.78324,-1.78239,0.0550194
10002,1.88374,-1.87613,0.16916
10003,1.79166,-1.77209,0.264091
10004,1.80739,-1.76079,0.407797
10005,1.81248,-1.77844,0.349618
10006,1.81248,-1.77844,0.349618
10007,1.85466,-1.82321,0.340097
10008,1.85466,-1.82321,0.340097
10009,1.85466,-1.82321,0.340097
10010,1.85466,-1.82321,0.340097
10011,1.85466,-1.82321,0.340097
10012,1.81108,-1.77549,0.357301
10013,1.81108,-1.77549,0.357301
10014,1.71533,-1.69025,0.292239
10015,1.71533,-1.69025,0.292239
10016,1.73608,-1.71571,0.265171
10017,1.77732,-1.75135,0.302702
10018,1.8172,-1.77986,0.366486
10019,1.77905,-1.76002,0.259475
10020,1.8503,-1.82418,0.309852
10021,1.8503,-1.82418,0.309852
10022,1.69174,-1.66778,0.283766
10023,1.77455,-1.7537,0.271226
10024,1.78286,-1.74705,0.355541
10025,1.74376,-1.71144,0.334189
10026,1.67903,-1.64894,0.316437
10027,1.67903,-1.64894,0.316437
10028,1.62841,-1.60003,0.30274
10029,1.63244,-1.6233,0.172546
10030,1.63244,-1.6233,0.172546
10031,1.64948,-1.64386,0.136039
10032,1.64948,-1.64386,0.136039
10033,1.66861,-1.65168,0.237152
10034,1.74319,-1.72655,0.240301
10035,1.74319,-1.72655,0.240301
10036,1.78357,-1.77018,0.218159
10037,1.94529,-1.92471,0.2822
10038,1.94529,-1.92471,0.2822
10039,1.95523,-1.92509,0.342019
10040,1.95523,-1.92509,0.342019
10041,1.94573,-1.89409,0.445323
10042,1.94573,-1.89409,0.445323
10043,2.02595,-1.94625,0.562641
10044,2.09734,-2.0087,0.603278
10045,2.10897,-2.03731,0.545092
10046,2.12916,-1.99795,0.735868
10047,2.07247,-1.93776,0.734979
10048,1.98067,-1.89057,0.590572
10049,2.05544,-1.97499,0.569423
10050,2.06559,-1.95349,0.671223
10051,1.98685,-1.89247,0.605055
10052,1.9713,-1.85902,0.655772
10053,1.89035,-1.7604,0.688789
10054,1.87871,-1.79832,0.543667
10055,1.82929,-1.7392,0.566995
10056,1.8083,-1.67298,0.686375
10057,1.85212,-1.68439,0.770196
10058,1.79894,-1.60571,0.811099
10059,1.83322,-1.5997,0.89535
10060,1.83158,-1.61695,0.860314
10061,1.83158,-1.61695,0.860314
10062,1.83158,-1.61695,0.860314
10063,1.83158,-1.61695,0.860314
10064,1.83158,-1.61695,0.860314
10065,1.81519,-1.66184,0.730211
10066,1.89347,-1.69883,0.836196
10067,1.92602,-1.73657,0.832979
10068,1.85505,-1.6448,0.857823
10069,1.89252,-1.69445,0.842899
10070,2.00994,-1.77153,0.949497
10071,2.00994,-1.77153,0.949497
10072,2.10177,-1.81422,1.06115
10073,2.07627,-1.85715,0.928374
10074,1.98933,-1.65174,1.1087
10075,2.03235,-1.65298,1.18242
10076,2.03235,-1.65298,1.18242
10077,1.89729,-1.63942,0.95499
10078,1.89618,-1.71754,0.803468
10079,1.89618,-1.71754,0.803468
10080,1.84365,-1.69611,0.722676
10081,1.9296,-1.74511,0.823368
10082,1.88476,-1.72485,0.759744
10083,1.81487,-1.61637,0.825269
10084,1.91296,-1.7109,0.855707
10085,2.03262,-1.85224,0.837108
10086,2.13738,-1.94454,0.887235
10087,2.15561,-1.93754,0.944771
10088,1.98843,-1.72325,0.992097
10089,1.98843,-1.72325,0.992097
10090,1.99304,-1.73477,0.981215
10091,1.8864,-1.65856,0.898702
10092,1.8864,-1.65856,0.898702
10093,1.9528,-1.69728,0.965751
10094,1.9528,-1.69728,0.965751
10095,2.03846,-1.7221,1.09072
10096,1.96195,-1.68521,1.00465
10097,1.92307,-1.615,1.04402
10098,1.90659,-1.58961,1.05271
10099,1.88407,-1.54434,1.07924
10100,1.89598,-1.63157,0.965756
10101,1.89598,-1.63157,0.965756
10102,1.95116,-1.70867,0.942055
10103,1.95985,-1.68535,1.00031
10104,1.91536,-1.60557,1.04438
10105,1.92799,-1.5876,1.09392
10106,1.92799,-1.5876,1.09392
10107,1.87546,-1.55645,1.04633
10108,1.94967,-1.63551,1.06128
10109,1.91164,-1.59775,1.04955
10110,1.84546,-1.57154,0.967464
10111,1.89031,-1.61037,0.989936
10112,1.86262,-1.54626,1.03846
10113,1.90056,-1.58682,1.046
10114,2.01434,-1.64314,1.1652
10115,2.01777,-1.52735,1.31856
10116,2.01777,-1.52735,1.31856
10117,1.85451,-1.46504,1.13705
10118,1.85451,-1.46504,1.13705
10119,1.85451,-1.46504,1.13705
10120,1.85451,-1.46504,1.13705
10121,1.84509,-1.5149,1.0533
10122,1.87165,-1.52199,1.08933
10123,1.89038,-1.55759,1.07119
10124,1.89038,-1.55759,1.07119
10125,1.89055,-1.62865,0.960037
10126,1.89055,-1.62865,0.960037
10127,1.8995,-1.60292,1.01919
10128,1.8495,-1.64393,0.847446
10129,1.88003,-1.68954,0.824599
10130,1.9154,-1.75134,0.775621
10131,1.84465,-1.6227,0.877246
10132,1.84077,-1.66677,0.781212
10133,1.76421,-1.60325,0.736214
10134,1.76924,-1.60367,0.747289
10135,1.76924,-1.60367,0.747289
10136,1.77169,-1.56527,0.82995
10137,1.77169,-1.56527,0.82995
10138,1.8274,-1.6384,0.809333
10139,1.8274,-1.6384,0.809333
10140,1.83912,-1.61316,0.883219
10141,1.98268,-1.66239,1.08051
10142,1.91817,-1.63876,0.996911
10143,1.91817,-1.63876,0.996911
10144,1.91817,-1.63876,0.996911
10145,1.8067,-1.56309,0.906039
10146,1.8067,-1.56309,0.906039
10147,1.78584,-1.56575,0.858865
10148,1.82696,-1.54385,0.976888
10149,1.75724,-1.53992,0.846468
10150,1.75724,-1.53992,0.846468
10151,1.69356,-1.51936,0.748111
10152,1.71126,-1.54496,0.73586
10153,1.77872,-1.62593,0.721265
10154,1.78836,-1.69283,0.57669
10155,1.78836,-1.69283,0.57669
10156,1.71183,-1.6639,0.40226
10157,1.65042,-1.61941,0.318427
10158,1.65042,-1.61941,0.318427
10159,1.70185,-1.66059,0.372496
10160,1.7519,-1.71649,0.350457
10161,1.7519,-1.71649,0.350457
10162,1.7519,-1.71649,0.350457
10163,1.70273,-1.68489,0.245826
10164,1.66468,-1.64016,0.284671
10165,1.73706,-1.69016,0.400917
10166,1.73706,-1.69016,0.400917
10167,1.73706,-1.69016,0.400917
10168,1.73706,-1.69016,0.400917
10169,1.73706,-1.69016,0.400917
10170,1.73706,-1.69016,0.400917
10171,1.80481,-1.73016,0.513676
10172,1.69594,-1.61369,0.52176
10173,1.79904,-1.70762,0.566171
10174,1.7673,-1.68385,0.536656
10175,1.80487,-1.6868,0.64207
10176,1.75401,-1.66172,0.561449
10177,1.82143,-1.78347,0.369876
10178,1.90406,-1.84848,0.45671
10179,1.90406,-1.84848,0.45671
10180,1.90406,-1.84848,0.45671
10181,1.76808,-1.72382,0.393091
10182,1.75867,-1.70624,0.42625
10183,1.7493,-1.69624,0.427604
10184,1.68306,-1.64542,0.353944
10185,1.68239,-1.64724,0.34214
10186,1.81237,-1.7648,0.412511
10187,1.81237,-1.7648,0.412511
10188,1.76176,-1.71394,0.407708
10189,1.76176,-1.71394,0.407708
10190,1.74309,-1.7088,0.344027
10191,1.75638,-1.73598,0.266961
10192,1.77844,-1.73239,0.402087
10193,1.72999,-1.68851,0.37654
10194,1.72999,-1.68851,0.37654
10195,1.7769,-1.757,0.265215
10196,1.72593,-1.70585,0.262501
10197,1.72593,-1.70585,0.262501
10198,1.72268,-1.71129,0.197764
10199,1.72268,-1.71129,0.197764
10200,1.6634,-1.64809,0.225161
10201,1.67371,-1.65304,0.262273
10202,1.65203,-1.6218,0.314606
10203,1.70687,-1.68589,0.266786
10204,1.70687,-1.68589,0.266786
10205,1.67672,-1.64593,0.319859
10206,1.69102,-1.66061,0.319221
10207,1.76166,-1.71598,0.398605
10208,1.78369,-1.73324,0.421245
10209,1.83869,-1.8105,0.320763
10210,1.81388,-1.8013,0.213264
10211,1.88846,-1.86394,0.303319
10212,1.92591,-1.88496,0.395015
10213,1.89873,-1.87149,0.320494
10214,1.95386,-1.91715,0.376962
10215,1.89888,-1.85985,0.383035
10216,1.87416,-1.83373,0.387207
10217,1.87416,-1.83373,0.387207
10218,1.83578,-1.79208,0.3982
10219,1.7941,-1.74034,0.435894
10220,1.87844,-1.81456,0.485691
10221,1.91413,-1.81717,0.601457
10222,1.87973,-1.80485,0.525274
10223,1.94229,-1.80937,0.706141
10224,1.90702,-1.80739,0.608334
10225,1.83612,-1.75032,0.554717
10226,1.83612,-1.75032,0.554717
10227,1.91933,-1.83035,0.577614
10228,1.77503,-1.65793,0.634059
10229,1.77503,-1.65793,0.634059
10230,1.89874,-1.75295,0.729641
10231,1.84165,-1.67603,0.763285
10232,1.87976,-1.6961,0.810405
10233,1.85785,-1.71205,0.721454
10234,1.85785,-1.71205,0.721454
10235,1.8393,-1.667,0.777273
10236,1.83265,-1.64721,0.803307
10237,1.86253,-1.70027,0.760317
10238,1.8676,-1.75441,0.640276
10239,1.8676,-1.75441,0.640276
10240,1.8676,-1.75441,0.640276
10241,1.89318,-1.77069,0.669936
10242,1.87766,-1.74044,0.704609
10243,1.92508,-1.77279,0.750444
10244,2.0174,-1.87509,0.744269
10245,1.88125,-1.719,0.764289
10246,1.91093,-1.77794,0.700431
10247,1.91061,-1.7995,0.642062
10248,2.054,-1.95979,0.614924
10249,2.09017,-2.00494,0.590788
10250,2.03936,-1.96551,0.543811
10251,2.00416,-1.92154,0.569509
10252,1.92827,-1.85081,0.541029
10253,1.92827,-1.85081,0.541029
10254,1.92827,-1.85081,0.541029
10255,2.01746,-1.94572,0.533204
10256,2.01746,-1.94572,0.533204
10257,2.01746,-1.94572,0.533204
10258,1.93565,-1.88186,0.453126
10259,2.03655,-1.95996,0.553251
10260,2.02828,-1.94799,0.565044
10261,2.02828,-1.94799,0.565044
10262,1.97061,-1.87569,0.604246
10263,2.0125,-1.94619,0.51236
10264,2.03932,-1.94006,0.62847
10265,2.07611,-1.92969,0.76586
10266,2.07611,-1.92969,0.76586
10267,1.98949,-1.84911,0.734054
10268,1.98949,-1.84911,0.734054
10269,1.91982,-1.78226,0.71362
10270,2.00106,-1.85605,0.747865
10271,1.92984,-1.79445,0.71009
10272,1.91009,-1.73746,0.793515
10273,1.94214,-1.72984,0.882923
10274,2.01949,-1.81105,0.893555
10275,2.01949,-1.81105,0.893555
10276,1.89517,-1.72369,0.787761
10277,1.96559,-1.79697,0.796503
10278,1.95104,-1.71204,0.935684
10279,1.90876,-1.62424,1.0026
10280,1.94699,-1.62969,1.06531
10281,1.94458,-1.62908,1.06183
10282,2.01137,-1.74842,0.994302
10283,2.01137,-1.74842,0.994302
10284,1.94866,-1.67197,1.00088
10285,1.95648,-1.69329,0.980096
10286,2.00005,-1.7538,0.961454
10287,2.00005,-1.7538,0.961454
10288,1.94655,-1.73,0.892267
10289,2.04815,-1.76524,1.03869
10290,2.0278,-1.76564,0.997249
10291,2.01694,-1.77917,0.95004
10292,2.00201,-1.7486,0.974909
10293,2.02506,-1.78919,0.948505
10294,1.95751,-1.75269,0.87173
10295,1.94932,-1.76384,0.829897
10296,1.94932,-1.76384,0.829897
10297,1.90284,-1.74159,0.7666
10298,1.94824,-1.77086,0.812216
10299,2.02083,-1.84631,0.82151
10300,2.02083,-1.84631,0.82151
10301,1.91784,-1.71273,0.86295
10302,1.93505,-1.77949,0.760167
10303,1.93505,-1.77949,0.760167
10304,1.93505,-1.77949,0.760167
10305,1.92006,-1.78058,0.718446
10306,1.96883,-1.82519,0.738219
10307,1.93794,-1.80294,0.710655
10308,1.93794,-1.80294,0.710655
10309,1.93794,-1.80294,0.710655
10310,1.93794,-1.80294,0.710655
10311,1.93794,-1.80294,0.710655
10312,2.11924,-1.9826,0.748637
10313,2.07345,-1.9215,0.779115
10314,2.07345,-1.9215,0.779115
10315,2.13601,-1.97555,0.812251
10316,2.13601,-1.97555,0.812251
10317,2.17541,-1.98141,0.89801
10318,2.13214,-1.92256,0.921834
10319,2.19553,-1.96608,0.9772
10320,2.12653,-1.90823,0.938508
10321,2.0723,-1.85979,0.914111
10322,2.11793,-1.93719,0.856109
10323,2.11377,-1.92041,0.883196
10324,1.96675,-1.76598,0.865704
10325,1.97716,-1.75114,0.917986
10326,1.99858,-1.73795,0.986846
10327,2.10743,-1.81608,1.06917
10328,2.01813,-1.7169,1.06072
10329,2.01813,-1.7169,1.06072
10330,2.05976,-1.81491,0.974005
10331,2.08499,-1.81135,1.03257
10332,2.08499,-1.81135,1.03257
10333,1.99088,-1.75999,0.930606
10334,1.99088,-1.75999,0.930606
10335,1.99088,-1.75999,0.930606
10336,2.01609,-1.80634,0.895408
10337,2.02986,-1.87921,0.767385
10338,2.08323,-1.90762,0.837148
10339,2.05472,-1.84771,0.898798
10340,1.9801,-1.79093,0.844615
10341,2.10407,-1.89556,0.913206
10342,2.0128,-1.78156,0.9367
10343,2.0128,-1.78156,0.9367
10344,2.07812,-1.79707,1.0436
10345,2.09038,-1.84275,0.986903
10346,1.95153,-1.7216,0.919001
10347,1.95153,-1.7216,0.919001
10348,1.95254,-1.71989,0.924347
10349,1.98323,-1.79306,0.847434
10350,1.98323,-1.79306,0.847434
10351,2.01108,-1.79455,0.90776
10352,2.01108,-1.79455,0.90776
10353,1.94634,-1.74081,0.870521
10354,1.94634,-1.74081,0.870521
10355,1.92097,-1.69263,0.908382
10356,1.95341,-1.77916,0.806466
10357,2.00489,-1.8351,0.807451
10358,1.93567,-1.74881,0.829747
10359,1.93567,-1.74881,0.829747
10360,2.00774,-1.81773,0.852572
10361,2.00774,-1.81773,0.852572
10362,1.97981,-1.82514,0.767159
10363,1.92707,-1.80648,0.671007
10364,1.92707,-1.80648,0.671007
10365,1.92707,-1.80648,0.671007
10366,1.92707,-1.80648,0.671007
10367,1.88789,-1.76016,0.68262
10368,1.88789,-1.76016,0.68262
10369,1.88789,-1.76016,0.68262
10370,1.89852,-1.65811,0.924686
10371,1.89852,-1.65811,0.924686
10372,1.90127,-1.64085,0.960442
10373,1.90367,-1.65799,0.935438
10374,1.95042,-1.75028,0.860619
10375,1.95541,-1.78262,0.803662
10376,1.98919,-1.77113,0.905537
10377,2.06601,-1.88237,0.851499
10378,2.09845,-1.92814,0.828128
10379,2.09775,-1.93656,0.806405
10380,2.01488,-1.86557,0.761175
10381,1.98028,-1.849,0.709019
10382,2.03082,-1.80299,0.934604
10383,2.00592,-1.77284,0.938486
10384,1.89571,-1.74632,0.737596
10385,1.89571,-1.74632,0.737596
10386,1.94232,-1.75127,0.840021
10387,1.86475,-1.75503,0.630215
10388,1.9295,-1.83241,0.604336
10389,1.899,-1.76135,0.709829
10390,1.92896,-1.79485,0.706676
10391,1.92896,-1.79485,0.706676
10392,1.97225,-1.78527,0.838184
10393,1.8917,-1.69726,0.835359
10394,2.00396,-1.86379,0.736301
10395,2.01137,-1.87346,0.73195
10396,2.02836,-1.90433,0.698433
10397,2.04066,-1.90165,0.740291
10398,1.91647,-1.77077,0.732945
10399,1.91647,-1.77077,0.732945
10400,1.91647,-1.77077,0.732945
10401,2.06929,-1.913,0.788913
10402,2.12705,-2.03259,0.626853
10403,2.0878,-1.99424,0.617997
10404,2.08111,-1.983,0.631437
10405,2.05258,-1.93789,0.676532
10406,2.05258,-1.93789,0.676532
10407,2.04222,-1.95756,0.581894
10408,2.1163,-2.03241,0.589921
10409,2.11419,-2.05699,0.488485
10410,2.0647,-2.03086,0.372284
10411,2.0442,-1.96245,0.572314
10412,2.02719,-1.93667,0.599001
10413,2.0197,-1.95346,0.513023
10414,2.0197,-1.95346,0.513023
10415,2.0197,-1.95346,0.513023
10416,2.0197,-1.95346,0.513023
10417,2.04998,-2.01396,0.382563
10418,2.01822,-2.00746,0.20814
10419,1.96281,-1.95746,0.144755
10420,1.87579,-1.87026,0.14384
10421,1.87579,-1.87026,0.14384
10422,1.9045,-1.90175,0.102337
10423,1.9045,-1.90175,0.102337
10424,1.77511,-1.76875,0.150174
10425,1.95345,-1.95129,0.0918848
10426,1.92462,-1.91833,0.155525
10427,1.92462,-1.91833,0.155525
10428,1.92462,-1.91833,0.155525
10429,1.8068,-1.8068,-0.00193205
10430,1.82497,-1.82424,0.0516199
10431,1.95766,-1.95748,-0.026615
10432,2.00219,-2.00119,-0.0634015
10433,2.00642,-2.00635,-0.0162381
10434,2.01665,-2.00557,0.211106
10435,1.94688,-1.93224,0.238338
10436,1.94688,-1.93224,0.238338
10437,1.92497,-1.91532,0.192504
10438,1.97804,-1.971,0.166761
10439,1.97804,-1.971,0.166761
10440,1.97804,-1.971,0.166761
10441,2.04519,-2.04277,0.099311
10442,1.90959,-1.90643,0.109817
10443,1.91628,-1.91627,-0.0038627
10444,1.91628,-1.91627,-0.0038627
10445,1.91568,-1.9154,0.0329354
10446,1.87785,-1.87633,-0.0756944
10447,1.85117,-1.85108,-0.0192242
10448,1.82916,-1.82888,0.0322527
10449,2.00898,-2.00897,0.00178574
10450,2.01033,-2.00983,-0.0450796
10451,1.90308,-1.9028,-0.0326036
10452,1.94294,-1.94251,0.040935
10453,1.97529,-1.97515,0.0233339
10454,1.90271,-1.89997,0.101905
10455,1.88377,-1.88199,0.0819472
10456,1.88377,-1.88199,0.0819472
10457,1.88377,-1.88199,0.0819472
10458,1.9099,-1.90984,0.0149261
10459,1.88537,-1.883,-0.0945467
10460,1.85667,-1.85164,-0.136549
10461,1.85667,-1.85164,-0.136549
10462,1.74851,-1.74744,-0.0612584
10463,1.72857,-1.72785,0.0498351
10464,1.72857,-1.72785,0.0498351
10465,1.77556,-1.77087,0.12888
10466,1.70807,-1.70641,0.0752287
10467,1.65318,-1.64518,0.162511
10468,1.70878,-1.70096,0.163305
10469,1.70878,-1.70096,0.163305
10470,1.6832,-1.67085,0.203501
10471,1.83614,-1.81631,0.269111
10472,1.9362,-1.90938,0.321203
10473,1.89724,-1.88826,0.184298
10474,1.89724,-1.88826,0.184298
10475,1.86222,-1.85024,0.210954
10476,1.87744,-1.87142,0.150204
10477,1.87744,-1.87142,0.150204
10478,1.85555,-1.85529,0.0310186
10479,1.90079,-1.90076,0.00967602
10480,1.90079,-1.90076,0.00967602
10481,1.90079,-1.90076,0.00967602
10482,1.87734,-1.87566,-0.0793626
10483,1.93363,-1.93051,-0.10982
10484,1.95795,-1.94771,-0.19997
10485,1.92562,-1.9211,-0.131931
10486,1.91535,-1.90324,-0.215064
10487,1.99773,-1.98942,-0.181945
10488,2.07267,-2.05246,-0.288708
10489,2.13824,-2.11092,-0.340674
10490,2.13824,-2.11092,-0.340674
10491,2.19101,-2.17039,-0.299882
10492,2.17672,-2.16601,-0.215597
10493,1.9616,-1.93702,-0.309525
10494,1.99213,-1.97534,-0.258111
10495,1.99213,-1.97534,-0.258111
10496,1.9435,-1.91776,-0.315223
10497,1.9435,-1.91776,-0.315223
10498,1.97824,-1.92182,-0.46906
10499,1.97824,-1.92182,-0.46906
10500,2.0656,-2.00536,-0.49522
10501,2.02398,-1.97856,-0.426368
10502,2.05213,-1.99225,-0.492104
10503,1.98092,-1.95598,-0.313365
10504,1.97162,-1.96008,-0.213023
10505,1.92068,-1.89625,-0.305345
10506,1.88673,-1.85278,-0.356311
10507,1.88168,-1.84469,-0.371289
10508,1.76097,-1.75135,-0.183806
10509,1.71839,-1.70741,-0.193908
10510,1.69141,-1.68171,-0.180826
10511,1.7078,-1.68141,-0.299028
10512,1.76931,-1.74966,-0.262912
10513,1.70338,-1.66621,-0.353881
10514,1.67365,-1.64734,-0.295633
10515,1.67365,-1.64734,-0.295633
10516,1.7371,-1.71149,-0.297198
10517,1.7371,-1.71149,-0.297198
10518,1.80388,-1.72294,-0.534296
10519,1.82397,-1.74175,-0.541454
10520,1.897,-1.83451,-0.482893
10521,1.91319,-1.83484,-0.541919
10522,1.91319,-1.83484,-0.541919
10523,1.91319,-1.83484,-0.541919
10524,1.87169,-1.7797,-0.579554
10525,1.88378,-1.80499,-0.539126
10526,1.88378,-1.80499,-0.539126
10527,2.00309,-1.92235,-0.562957
10528,1.95483,-1.91009,-0.41584
10529,1.95483,-1.91009,-0.41584
10530,1.95483,-1.91009,-0.41584
10531,1.91904,-1.87607,-0.403796
10532,1.88747,-1.86643,-0.281061
10533,1.83372,-1.81276,-0.276444
10534,1.83372,-1.81276,-0.276444
10535,1.86104,-1.83029,-0.336914
10536,1.86959,-1.83504,-0.357762
10537,1.92265,-1.87684,-0.417231
10538,1.92265,-1.87684,-0.417231
10539,1.91699,-1.87326,-0.4071
10540,2.03203,-2.0139,-0.270819
10541,2.03424,-2.00608,-0.337319
10542,2.05069,-2.02711,-0.310039
10543,2.04918,-2.00925,-0.40256
10544,2.00965,-1.98205,-0.331937
10545,2.0259,-1.97527,-0.450066
10546,2.0259,-1.97527,-0.450066
10547,2.02975,-1.94069,-0.594669
10548,2.02726,-1.94849,-0.559616
10549,1.92387,-1.88399,-0.389716
10550,1.9983,-1.9631,-0.373412
10551,1.98553,-1.94358,-0.405991
10552,1.99638,-1.94016,-0.470434
10553,1.8809,-1.81099,-0.508034
10554,1.8809,-1.81099,-0.508034
10555,1.8809,-1.81099,-0.508034
10556,1.96101,-1.90101,-0.481351
10557,1.96101,-1.90101,-0.481351
10558,1.84927,-1.76707,-0.545216
10559,1.96862,-1.84421,-0.688721
10560,1.96862,-1.84421,-0.688721
10561,1.95909,-1.85395,-0.633162
10562,1.99133,-1.86122,-0.707973
10563,2.02262,-1.85089,-0.815596
10564,1.94515,-1.77899,-0.786644
10565,1.90079,-1.74418,-0.755554
10566,1.9082,-1.77709,-0.695107
10567,1.9082,-1.77709,-0.695107
10568,1.86748,-1.69099,-0.792501
10569,1.76403,-1.59743,-0.748354
10570,1.80585,-1.62288,-0.792056
10571,1.80585,-1.62288,-0.792056
10572,1.77996,-1.58786,-0.804336
10573,1.78226,-1.57652,-0.831281
10574,1.77132,-1.56694,-0.826013
10575,1.77132,-1.56694,-0.826013
10576,1.86852,-1.64261,-0.89062
10577,1.79109,-1.60184,-0.801327
10578,1.82218,-1.66079,-0.74976
10579,1.90147,-1.74635,-0.752221
10580,1.90954,-1.75531,-0.751805
10581,1.80824,-1.62496,-0.793229
10582,1.89764,-1.73083,-0.777991
10583,1.89764,-1.73083,-0.777991
10584,1.89764,-1.73083,-0.777991
10585,1.89764,-1.73083,-0.777991
10586,1.90313,-1.75994,-0.724232
10587,1.8784,-1.73996,-0.707761
10588,1.91067,-1.76881,-0.722471
10589,1.9097,-1.73285,-0.802619
10590,1.9097,-1.73285,-0.802619
10591,1.97045,-1.78235,-0.840172
10592,2.01914,-1.83109,-0.85091
10593,2.02348,-1.78355,-0.955738
10594,2.04247,-1.83756,-0.891644
10595,2.07952,-1.79909,-1.04293
10596,2.0324,-1.73418,-1.05986
10597,2.01448,-1.68853,-1.09865
10598,2.01448,-1.68853,-1.09865
10599,1.99488,-1.59691,-1.19559
10600,1.91721,-1.54496,-1.13524
10601,1.93505,-1.50599,-1.21507
10602,1.93505,-1.50599,-1.21507
10603,1.85859,-1.30285,-1.3255
10604,1.85859,-1.30285,-1.3255
10605,1.90089,-1.33434,-1.35385
10606,1.85359,-1.20531,-1.4082
10607,1.85359,-1.20531,-1.4082
10608,1.89493,-1.15848,-1.49956
10609,1.88586,-1.09805,-1.53321
10610,2.02343,-1.13172,-1.67734
10611,2.02343,-1.13172,-1.67734
10612,2.11563,-1.10395,-1.80476
10613,2.07736,-1.03086,-1.80354
10614,2.08967,-0.959329,-1.85645
10615,2.07995,-0.970431,-1.83969
10616,2.07995,-0.970431,-1.83969
10617,2.12136,-0.960225,-1.8916
10618,2.02866,-0.843433,-1.84501
10619,2.02866,-0.843433,-1.84501
10620,2.11142,-1.00873,-1.85488
10621,2.23243,-1.17415,-1.89871
10622,2.23243,-1.17415,-1.89871
10623,2.26523,-1.21174,-1.91389
10624,2.19624,-1.15586,-1.86747
10625,2.30079,-1.2281,-1.94561
10626,2.30079,-1.2281,-1.94561
10627,2.3891,-1.38526,-1.9465
10628,2.39559,-1.29183,-2.01744
10629,2.30644,-1.11986,-2.01633
10630,2.25874,-1.13789,-1.95119
10631,2.32105,-1.22945,-1.96869
10632,2.30184,-1.25354,-1.93057
10633,2.44765,-1.15735,-2.15674
10634,2.26102,-0.941696,-2.05559
10635,2.31733,-0.878499,-2.14435
10636,2.22196,-0.791667,-2.07614
10637,2.19004,-0.84479,-2.02055
10638,2.17384,-0.898118,-1.97964
10639,2.20465,-1.09547,-1.91322
10640,2.20465,-1.09547,-1.91322
10641,2.16889,-0.949418,-1.95005
10642,2.2031,-0.993309,-1.96646
10643,2.2031,-0.993309,-1.96646
10644,2.2031,-0.993309,-1.96646
10645,2.16295,-1.03446,-1.89954
10646,2.26841,-1.15098,-1.95473
10647,2.05539,-1.19395,-1.67305
10648,2.21457,-1.25558,-1.82424
10649,2.1413,-1.3018,-1.70014
10650,2.12377,-1.39401,-1.60223
10651,2.18645,-1.49851,-1.59217
10652,2.18645,-1.49851,-1.59217
10653,2.18645,-1.49851,-1.59217
10654,2.1876,-1.37369,-1.70253
10655,2.10016,-1.30489,-1.64559
10656,2.14378,-1.23422,-1.75285
10657,2.21297,-1.17224,-1.87699
10658,2.21645,-1.0728,-1.93952
10659,2.20805,-1.19735,-1.85522
10660,2.32809,-1.2432,-1.96836
10661,2.32809,-1.2432,-1.96836
10662,2.29695,-1.29015,-1.90039
10663,2.24214,-1.17955,-1.90679
10664,2.25942,-1.18711,-1.92243
10665,2.25942,-1.18711,-1.92243
10666,2.3128,-1.29219,-1.91815
10667,2.27923,-1.22528,-1.92186
10668,2.25653,-1.25979,-1.87213
10669,2.25653,-1.25979,-1.87213
10670,2.32338,-1.25964,-1.95229
10671,2.32338,-1.25964,-1.95229
10672,2.31683,-1.33639,-1.89256
10673,2.30237,-1.2938,-1.90446
10674,2.30237,-1.2938,-1.90446
10675,2.30237,-1.2938,-1.90446
10676,2.28149,-1.29842,-1.87597
10677,2.21897,-1.34869,-1.76206
10678,2.21897,-1.34869,-1.76206
10679,2.15392,-1.25857,-1.74796
10680,2.15392,-1.25857,-1.74796
10681,2.13444,-1.28081,-1.70744
10682,2.18465,-1.21489,-1.8157
10683,2.1279,-1.24154,-1.72816
10684,2.17377,-1.17311,-1.83005
10685,2.23818,-1.17328,-1.90601
10686,2.25773,-1.06756,-1.98939
10687,2.25773,-1.06756,-1.98939
10688,2.40963,-1.12229,-2.13232
10689,2.3684,-1.10502,-2.09481
10690,2.3684,-1.10502,-2.09481
10691,2.39335,-1.07218,-2.13975
10692,2.41556,-1.09336,-2.15395
10693,2.41901,-1.07893,-2.16506
10694,2.31572,-1.05279,-2.06256
10695,2.34516,-1.03485,-2.10449
10696,2.34516,-1.03485,-2.10449
10697,2.31307,-0.979515,-2.09544
10698,2.2986,-1.06564,-2.03666
10699,2.27442,-1.08804,-1.99729
10700,2.26831,-1.03266,-2.01961
10701,2.26831,-1.03266,-2.01961
10702,2.2002,-1.01415,-1.95254
10703,2.17339,-0.985004,-1.93736
10704,2.1729,-0.904091,-1.97589
10705,2.1729,-0.904091,-1.97589
10706,2.1361,-0.786502,-1.98604
10707,2.10994,-0.825739,-1.94165
10708,2.20149,-0.94969,-1.98611
10709,2.22891,-0.923876,-2.02842
10710,2.22051,-1.15636,-1.89565
10711,2.22051,-1.15636,-1.89565
10712,2.22051,-1.15636,-1.89565
10713,2.25426,-1.23408,-1.88646
10714,2.31516,-1.26927,-1.93621
10715,2.31516,-1.26927,-1.93621
10716,2.34478,-1.34419,-1.92124
10717,2.39694,-1.48501,-1.8815
10718,2.45417,-1.49431,-1.94679
10719,2.45417,-1.49431,-1.94679
10720,2.45417,-1.49431,-1.94679
10721,2.36804,-1.46181,-1.86299
10722,2.18087,-1.32325,-1.73355
10723,2.21114,-1.41415,-1.6998
10724,2.21114,-1.41415,-1.6998
10725,2.21798,-1.36466,-1.74846
10726,2.21798,-1.36466,-1.74846
10727,2.12491,-1.2744,-1.70034
10728,2.2052,-1.28376,-1.793
10729,2.18927,-1.31803,-1.74806
10730,2.19445,-1.17226,-1.8551
10731,2.22429,-1.12893,-1.9165
10732,2.1626,-1.14229,-1.8363
10733,2.11737,-1.15067,-1.77741
10734,2.11737,-1.15067,-1.77741
10735,2.09423,-1.10079,-1.78159
10736,2.07586,-1.04777,-1.79202
10737,2.02094,-1.06135,-1.71981
10738,2.05502,-1.13995,-1.70986
10739,2.07181,-1.02157,-1.80244
10740,2.07181,-1.02157,-1.80244
10741,2.02758,-1.09621,-1.7057
10742,2.02758,-1.09621,-1.7057
10743,2.09791,-1.10966,-1.78041
10744,2.10908,-1.0361,-1.83704
10745,2.01044,-0.944886,-1.77456
10746,2.01044,-0.944886,-1.77456
10747,2.01044,-0.944886,-1.77456
10748,1.94963,-0.828474,-1.76485
10749,1.95142,-0.763177,-1.796
10750,2.06263,-0.683926,-1.94594
10751,2.01075,-0.598856,-1.9195
10752,2.10362,-0.577107,-2.02291
10753,2.10362,-0.577107,-2.02291
10754,1.97491,-0.607285,-1.87922
10755,1.97491,-0.607285,-1.87922
10756,1.99812,-0.541105,-1.92346
10757,1.98364,-0.50089,-1.91936
10758,1.92949,-0.442399,-1.87809
10759,1.92949,-0.442399,-1.87809
10760,2.06118,-0.419105,-2.01812
10761,2.06118,-0.419105,-2.01812
10762,2.06118,-0.419105,-2.01812
10763,2.01732,-0.378511,-1.98149
10764,2.00931,-0.33416,-1.98133
10765,2.02128,-0.367505,-1.98759
10766,2.02128,-0.367505,-1.98759
10767,1.95353,-0.464391,-1.89752
10768,1.98796,-0.456118,-1.93493
10769,2.10197,-0.51546,-2.03779
10770,2.10197,-0.51546,-2.03779
10771,2.15328,-0.497551,-2.09501
10772,2.15328,-0.497551,-2.09501
10773,2.10514,-0.465087,-2.05313
10774,2.12625,-0.581638,-2.04515
10775,2.1104,-0.580635,-2.02895
10776,2.16987,-0.492997,-2.11313
10777,2.27373,-0.510464,-2.21569
10778,2.23508,-0.509069,-2.17634
10779,2.23508,-0.509069,-2.17634
10780,2.18058,-0.450611,-2.13351
10781,2.18058,-0.450611,-2.13351
10782,2.18058,-0.450611,-2.13351
10783,2.14899,-0.409166,-2.10968
10784,2.13227,-0.46275,-2.08145
10785,2.19946,-0.453004,-2.1523
10786,2.17301,-0.48204,-2.11888
10787,2.12691,-0.43399,-2.08216
10788,2.04328,-0.383646,-2.00694
10789,2.06704,-0.284255,-2.0474
10790,2.06704,-0.284255,-2.0474
10791,2.06704,-0.284255,-2.0474
10792,1.95751,-0.280315,-1.93734
10793,2.025,-0.116721,-2.02164
10794,2.025,-0.116721,-2.02164
10795,2.13123,-0.189427,-2.1228
10796,2.13123,-0.189427,-2.1228
10797,2.04494,-0.225196,-2.0325
10798,2.0499,-0.257191,-2.0337
10799,2.09411,-0.335823,-2.06701
10800,2.14407,-0.124372,-2.14046
10801,2.14102,-0.366326,-2.10945
10802,2.03062,-0.378021,-1.99513
10803,2.05723,-0.300505,-2.03516
10804,1.98747,-0.31469,-1.9624
10805,1.98747,-0.31469,-1.9624
10806,2.00797,-0.268103,-1.98999
10807,2.00797,-0.268103,-1.98999
10808,2.00797,-0.268103,-1.98999
10809,2.00722,-0.195367,-1.99769
10810,2.08269,-0.167709,-2.07592
10811,2.13902,-0.0406512,-2.13864
10812,2.13902,-0.0406512,-2.13864
10813,2.08211,-0.0940683,-2.07999
10814,2.08211,-0.0940683,-2.07999
10815,2.16664,-0.1285,-2.16283
10816,2.15057,-0.151845,-2.1452
10817,2.13385,-0.180375,-2.12621
10818,2.09757,-0.0960243,-2.09538
10819,2.09757,-0.0960243,-2.09538
10820,2.18364,-0.166096,-2.17731
10821,2.18379,-0.274344,-2.16649
10822,2.26729,-0.145814,-2.2626
10823,2.22008,0.00106257,-2.22008
10824,2.33245,0.0135084,-2.33241
10825,2.33245,0.0135084,-2.33241
10826,2.36161,0.143088,-2.35728
10827,2.29623,0.128354,-2.29264
10828,2.34744,0.062488,-2.34661
10829,2.34744,0.062488,-2.34661
10830,2.34744,0.062488,-2.34661
10831,2.34744,0.062488,-2.34661
10832,2.29586,0.0484471,-2.29535
10833,2.30267,-0.0887175,-2.30096
10834,2.1594,-0.191323,-2.15091
10835,2.21225,-0.172091,-2.20555
10836,2.21086,-0.207343,-2.20111
10837,2.228,-0.108955,-2.22534
10838,2.34657,-0.0462598,-2.34611
10839,2.28732,-0.180932,-2.28015
10840,2.28732,-0.180932,-2.28015
10841,2.20573,-0.292847,-2.1862
10842,2.2478,-0.257995,-2.23295
10843,2.23452,-0.181226,-2.22716
10844,2.23452,-0.181226,-2.22716
10845,2.11179,-0.270375,-2.09441
10846,2.11179,-0.270375,-2.09441
10847,2.11179,-0.270375,-2.09441
10848,2.11344,-0.365916,-2.08153
10849,2.02353,-0.444507,-1.9741
10850,2.02353,-0.444507,-1.9741
10851,2.13217,-0.454111,-2.08325
10852,2.13217,-0.454111,-2.08325
10853,2.13217,-0.454111,-2.08325
10854,2.13217,-0.454111,-2.08325
10855,2.21465,-0.465885,-2.16509
10856,2.10858,-0.551691,-2.03512
10857,2.09521,-0.603785,-2.00632
10858,2.0514,-0.621465,-1.955
10859,2.0514,-0.621465,-1.955
10860,1.99417,-0.641501,-1.88817
10861,2.09603,-0.759595,-1.95355
10862,2.13701,-0.765426,-1.99523
10863,2.08497,-0.695035,-1.96571
10864,2.15205,-0.657845,-2.04904
10865,2.09135,-0.693945,-1.97286
10866,2.19063,-0.682848,-2.08149
10867,2.24145,-0.662351,-2.14135
10868,2.21085,-0.732851,-2.08585
10869,2.10052,-0.499429,-2.04029
10870,2.16189,-0.54487,-2.0921
10871,2.08222,-0.619726,-1.98786
10872,2.08222,-0.619726,-1.98786
10873,2.00608,-0.616449,-1.90901
10874,1.94943,-0.528216,-1.8765
10875,2.06192,-0.565146,-1.98296
10876,2.06192,-0.565146,-1.98296
10877,1.95333,-0.508209,-1.88606
10878,1.98513,-0.642446,-1.8783
10879,2.01206,-0.576161,-1.9278
10880,2.02042,-0.615634,-1.92434
10881,1.92408,-0.649885,-1.811
10882,1.96534,-0.722915,-1.82755
10883,1.90587,-0.595938,-1.8103
10884,1.93559,-0.672506,-1.815
10885,1.93559,-0.672506,-1.815
10886,1.93559,-0.672506,-1.815
10887,1.92653,-0.627862,-1.82135
10888,1.92416,-0.70379,-1.79082
10889,1.92416,-0.70379,-1.79082
10890,1.97338,-0.68944,-1.84902
10891,2.00153,-0.697904,-1.87591
10892,2.11232,-0.783909,-1.96148
10893,2.09263,-0.728104,-1.96188
10894,1.99956,-0.72941,-1.86177
10895,1.99956,-0.72941,-1.86177
10896,1.9829,-0.641358,-1.87631
10897,2.03623,-0.579889,-1.95191
10898,1.92687,-0.58459,-1.83605
10899,1.96685,-0.605589,-1.8713
10900,1.96685,-0.605589,-1.8713
10901,1.96685,-0.605589,-1.8713
10902,1.91955,-0.63661,-1.81091
10903,1.91955,-0.63661,-1.81091
10904,1.95616,-0.603464,-1.86075
10905,1.94204,-0.694146,-1.81375
10906,1.84833,-0.675021,-1.72066
10907,1.94374,-0.819809,-1.7624
10908,1.94859,-0.800369,-1.77662
10909,2.03505,-0.826754,-1.85955
10910,2.09972,-0.927865,-1.88359
10911,2.09972,-0.927865,-1.88359
10912,2.10619,-0.790347,-1.95227
10913,2.10619,-0.790347,-1.95227
10914,2.10619,-0.790347,-1.95227
10915,2.1764,-0.826905,-2.01319
10916,2.19941,-0.795289,-2.05059
10917,2.19941,-0.795289,-2.05059
10918,2.09512,-0.609299,-2.00456
10919,2.08098,-0.679841,-1.9668
10920,2.08098,-0.679841,-1.9668
10921,2.08212,-0.612761,-1.98991
10922,2.09584,-0.670471,-1.9857
10923,2.0901,-0.7237,-1.96081
10924,2.0901,-0.7237,-1.96081
10925,2.0901,-0.7237,-1.96081
10926,2.16038,-0.805624,-2.00455
10927,2.0997,-0.78567,-1.94716
10928,2.08389,-0.843211,-1.90568
10929,2.04343,-0.716354,-1.91375
10930,2.19396,-0.690515,-2.08246
10931,2.19396,-0.690515,-2.08246
10932,2.19396,-0.690515,-2.08246
10933,2.1798,-0.788799,-2.03207
10934,2.19021,-0.776421,-2.04798
10935,2.2175,-0.781871,-2.07509
10936,2.21285,-0.86936,-2.03492
10937,2.14166,-0.754685,-2.00429
10938,2.09251,-0.790374,-1.9375
10939,2.09486,-0.841226,-1.91854
10940,2.1593,-0.783512,-2.01214
10941,2.1593,-0.783512,-2.01214
10942,2.08214,-0.782926,-1.92934
10943,2.02074,-0.782998,-1.86288
10944,1.946,-0.666896,-1.82816
10945,1.946,-0.666896,-1.82816
10946,1.88986,-0.768175,-1.7267
10947,2.01838,-0.759281,-1.87013
10948,2.02208,-0.823677,-1.84671
10949,2.02208,-0.823677,-1.84671
10950,2.09319,-0.851351,-1.91224
10951,2.10201,-0.796743,-1.94516
10952,2.08092,-0.762209,-1.9363
10953,2.04186,-0.767651,-1.89206
10954,2.11165,-0.816535,-1.94739
10955,2.14326,-0.737096,-2.01253
10956,2.14326,-0.737096,-2.01253
10957,2.04041,-0.726326,-1.90676
10958,2.04041,-0.726326,-1.90676
10959,2.04692,-0.712589,-1.91888
10960,2.00463,-0.804159,-1.83626
10961,2.00463,-0.804159,-1.83626
10962,2.07974,-0.754416,-1.93809
10963,2.14997,-0.748108,-2.01561
10964,1.99851,-0.754911,-1.85045
10965,1.93036,-0.845666,-1.73526
10966,1.96847,-0.855372,-1.77291
10967,1.87521,-0.832751,-1.68016
10968,1.87629,-0.840494,-1.67751
10969,1.97951,-0.862565,-1.7817
10970,2.01564,-0.900054,-1.80353
10971,2.01564,-0.900054,-1.80353
10972,2.01564,-0.900054,-1.80353
10973,2.0266,-0.794715,-1.86427
10974,2.02125,-0.904434,-1.80761
10975,2.153,-1.04937,-1.87995
10976,2.153,-1.04937,-1.87995
10977,2.06979,-0.87867,-1.87403
10978,2.09025,-0.904249,-1.88454
10979,2.0284,-0.930432,-1.80241
10980,2.07199,-1.04825,-1.78726
10981,2.04463,-0.928664,-1.82156
10982,2.10277,-0.963435,-1.86908
10983,2.10277,-0.963435,-1.86908
10984,2.10277,-0.963435,-1.86908
10985,2.25143,-1.01644,-2.00893
10986,2.25143,-1.01644,-2.00893
10987,2.18168,-0.935666,-1.97085
10988,2.18168,-0.935666,-1.97085
10989,2.06394,-0.836098,-1.887
10990,2.15306,-0.848479,-1.97883
10991,2.15306,-0.848479,-1.97883
10992,2.01171,-0.8426,-1.82675
10993,1.97086,-0.855891,-1.77531
10994,2.00859,-0.821799,-1.83278
10995,2.00859,-0.821799,-1.83278
10996,2.00859,-0.821799,-1.83278
10997,2.10715,-0.70621,-1.98529
10998,2.06362,-0.644651,-1.96035
10999,2.01756,-0.533934,-1.94562
11000,2.05651,-0.675392,-1.94244
11001,2.05651,-0.675392,-1.94244
11002,1.96435,-0.654869,-1.85197
11003,1.91857,-0.693766,-1.78874
11004,1.94431,-0.702501,-1.81296
11005,1.8692,-0.716568,-1.7264
11006,1.87944,-0.709283,-1.74046
11007,1.95206,-0.81275,-1.77481
11008,1.92103,-0.678635,-1.79716
11009,1.92103,-0.678635,-1.79716
11010,1.92103,-0.678635,-1.79716
11011,1.85616,-0.656268,-1.73628
11012,2.02347,-0.823419,-1.84835
11013,2.03615,-0.74558,-1.89474
11014,2.03615,-0.74558,-1.89474
11015,2.03615,-0.74558,-1.89474
11016,2.03615,-0.74558,-1.89474
11017,2.03615,-0.74558,-1.89474
11018,2.02201,-0.550126,-1.94574
11019,1.99569,-0.579419,-1.90972
11020,1.99211,-0.586905,-1.90369
11021,2.01483,-0.488297,-1.95476
11022,1.8927,-0.385379,-1.85305
11023,1.92946,-0.295598,-1.90669
11024,1.90745,-0.344971,-1.876
11025,1.95578,-0.36033,-1.9223
11026,1.89074,-0.366026,-1.85498
11027,1.89074,-0.366026,-1.85498
11028,1.89074,-0.366026,-1.85498
11029,1.98061,-0.334185,-1.95221
11030,1.96751,-0.32446,-1.94057
11031,1.99195,-0.417719,-1.94766
11032,1.99195,-0.417719,-1.94766
11033,2.0373,-0.440151,-1.98919
11034,2.07911,-0.454813,-2.02875
11035,2.07911,-0.454813,-2.02875
11036,2.04061,-0.30434,-2.01779
11037,2.04061,-0.30434,-2.01779
11038,2.04455,-0.224683,-2.03216
11039,2.04455,-0.224683,-2.03216
11040,1.9952,-0.263113,-1.97778
11041,1.9952,-0.263113,-1.97778
11042,1.9952,-0.263113,-1.97778
11043,2.06646,-0.207931,-2.05598
11044,2.07537,-0.239066,-2.06155
11045,2.07537,-0.239066,-2.06155
11046,2.06493,-0.355106,-2.03416
11047,2.03275,-0.381111,-1.9967
11048,2.04888,-0.299727,-2.02684
11049,2.07882,-0.260136,-2.06248
11050,2.05501,-0.255621,-2.03905
11051,2.14519,-0.279504,-2.1269
11052,2.16069,-0.305331,-2.13901
11053,2.19847,-0.413476,-2.15924
11054,2.18515,-0.464876,-2.13512
11055,2.23104,-0.460076,-2.18309
11056,2.23104,-0.460076,-2.18309
11057,2.14013,-0.539991,-2.07089
11058,2.06977,-0.448599,-2.02058
11059,2.10585,-0.462306,-2.05448
11060,2.09799,-0.54425,-2.02616
11061,2.10815,-0.397951,-2.07025
11062,2.10815,-0.397951,-2.07025
11063,2.02421,-0.359598,-1.99201
11064,2.05204,-0.0624658,-2.05109
11065,2.15372,-0.0326622,-2.15347
11066,2.15372,-0.0326622,-2.15347
11067,2.21441,-0.0621048,-2.21354
11068,2.21441,-0.0621048,-2.21354
11069,2.17662,-0.121117,-2.17325
11070,2.17662,-0.121117,-2.17325
11071,2.17662,-0.121117,-2.17325
11072,2.17662,-0.121117,-2.17325
11073,2.17662,-0.121117,-2.17325
11074,2.29874,-0.161791,-2.29304
11075,2.28645,-0.111377,-2.28374
11076,2.23005,-0.0730006,-2.22885
11077,2.15935,-0.262263,-2.14336
11078,2.10112,-0.230921,-2.08839
11079,2.1558,-0.218581,-2.14469
11080,2.17645,-0.083534,-2.17485
11081,2.17419,0.0485344,-2.17365
11082,2.17419,0.0485344,-2.17365
11083,2.17419,0.0485344,-2.17365
11084,2.2336,0.0933645,-2.23165
11085,2.19767,0.0798121,-2.19623
11086,2.20001,0.195049,-2.19135
11087,2.20001,0.195049,-2.19135
11088,2.14421,-0.0108484,-2.14419
11089,2.14421,-0.0108484,-2.14419
11090,2.14262,0.0354654,-2.14233
11091,2.14262,0.0354654,-2.14233
11092,2.14262,0.0354654,-2.14233
11093,2.25509,0.200607,-2.24615
11094,2.24512,0.213572,-2.23494
11095,2.27009,0.328919,-2.24614
11096,2.24516,0.361051,-2.21594
11097,2.27245,0.424272,-2.23249
11098,2.22131,0.338506,-2.19536
11099,2.09535,0.256204,-2.07963
11100,2.09535,0.256204,-2.07963
11101,2.09535,0.256204,-2.07963
11102,2.167,0.363053,-2.13638
11103,2.11701,0.419911,-2.07495
11104,2.02953,0.390628,-1.99159
11105,2.02953,0.390628,-1.99159
11106,1.98707,0.36056,-1.95409
11107,2.02751,0.327643,-2.00086
11108,2.16081,0.407973,-2.12195
11109,2.16081,0.407973,-2.12195
11110,2.15499,0.421482,-2.11338
11111,2.20186,0.496818,-2.14507
11112,2.23574,0.482711,-2.18301
11113,2.19173,0.414111,-2.15225
11114,2.19173,0.414111,-2.15225
11115,2.19173,0.414111,-2.15225
11116,2.19276,0.499725,-2.13506
11117,2.10143,0.56099,-2.02516
11118,2.09326,0.446556,-2.04508
11119,2.08202,0.487371,-2.02418
11120,2.03825,0.58565,-1.9523
11121,2.03825,0.58565,-1.9523
11122,2.03825,0.58565,-1.9523
11123,2.03825,0.58565,-1.9523
11124,2.07858,0.652338,-1.97356
11125,2.10059,0.642038,-2.00006
11126,2.01244,0.670229,-1.89755
11127,1.98413,0.687905,-1.86106
11128,2.01932,0.586562,-1.93225
11129,2.01932,0.586562,-1.93225
11130,2.01932,0.586562,-1.93225
11131,2.11803,0.546486,-2.04631
11132,2.08505,0.555066,-2.00981
11133,2.03794,0.629912,-1.93815
11134,2.0154,0.627569,-1.9152
11135,2.0154,0.627569,-1.9152
11136,1.93414,0.563327,-1.85029
11137,1.93414,0.563327,-1.85029
11138,1.84493,0.402583,-1.80048
11139,1.8608,0.258341,-1.84278
11140,1.8608,0.258341,-1.84278
11141,1.8608,0.258341,-1.84278
11142,1.82068,0.160793,-1.81356
11143,1.76869,0.210031,-1.75618
11144,1.75703,0.107182,-1.75376
11145,1.69798,0.0787901,-1.69615
11146,1.71858,0.0694161,-1.71717
11147,1.71858,0.0694161,-1.71717
11148,1.6755,-0.00978145,-1.67548
11149,1.72552,0.0268915,-1.72531
11150,1.76002,-0.0825078,-1.75809
11151,1.75531,-0.0825899,-1.75336
11152,1.75531,-0.0825899,-1.75336
11153,1.73544,-0.08089,-1.73355
11154,1.78456,-0.0542659,-1.78374
11155,1.83609,-0.195302,-1.82567
11156,1.88467,-0.229266,-1.87068
11157,1.88467,-0.229266,-1.87068
11158,1.85754,-0.175536,-1.84922
11159,1.80268,-0.175767,-1.79409
11160,1.84354,-0.0808673,-1.84176
11161,1.79369,-0.0230727,-1.79354
11162,1.79926,-0.00957085,-1.79924
11163,1.88196,-0.0436257,-1.88145
11164,1.88196,-0.0436257,-1.88145
11165,1.89726,-0.0382609,-1.89688
11166,1.96463,-0.0233779,-1.96449
11167,1.90531,-0.046851,-1.90474
11168,1.89875,0.0757669,-1.89724
11169,1.89875,0.0757669,-1.89724
11170,1.90821,0.103893,-1.90538
11171,1.86864,0.115341,-1.86508
11172,1.90197,0.135096,-1.89716
11173,2.02829,0.210184,-2.01737
11174,2.02829,0.210184,-2.01737
11175,1.95422,0.216095,-1.94224
11176,1.98369,0.155375,-1.9776
11177,2.02483,0.18686,-2.01619
11178,2.09237,0.0278794,-2.09219
11179,2.09055,0.0312136,-2.09031
11180,2.04068,-0.0286472,-2.04047
11181,2.21226,-0.0119498,-2.21223
11182,2.15558,-0.176443,-2.14835
11183,2.01365,-0.241817,-1.99907
11184,2.01365,-0.241817,-1.99907
11185,2.09548,-0.212319,-2.0847
11186,2.07659,-0.21132,-2.06581
11187,2.08749,-0.259071,-2.07135
11188,2.03914,-0.283909,-2.01927
11189,1.97911,-0.362721,-1.94559
11190,1.99139,-0.374525,-1.95585
11191,2.12171,-0.427716,-2.07815
11192,2.09322,-0.462976,-2.04137
11193,2.09322,-0.462976,-2.04137
11194,2.04551,-0.570558,-1.96433
11195,1.99146,-0.435906,-1.94316
11196,2.01589,-0.436421,-1.96809
11197,2.09907,-0.289756,-2.07897
11198,2.05566,-0.287624,-2.03544
11199,2.05537,-0.278027,-2.03647
11200,2.04157,-0.341215,-2.01285
11201,2.11652,-0.33907,-2.08919
11202,2.11652,-0.33907,-2.08919
11203,2.0628,-0.24044,-2.04874
11204,2.0628,-0.24044,-2.04874
11205,2.0628,-0.24044,-2.04874
11206,2.07015,-0.295057,-2.04901
11207,2.07015,-0.295057,-2.04901
11208,1.99032,-0.212886,-1.9789
11209,2.05282,-0.372594,-2.01872
11210,2.08157,-0.417137,-2.03935
11211,2.12577,-0.42261,-2.08334
11212,2.12577,-0.42261,-2.08334
11213,2.00938,-0.396214,-1.96992
11214,2.03733,-0.400489,-1.99758
11215,2.10362,-0.485303,-2.04688
11216,1.98948,-0.434244,-1.94151
11217,1.92017,-0.376982,-1.8828
11218,1.91517,-0.360113,-1.88101
11219,1.85388,-0.430684,-1.80316
11220,1.8643,-0.574075,-1.77371
11221,1.76809,-0.514328,-1.69162
11222,1.76809,-0.514328,-1.69162
11223,1.83993,-0.479856,-1.77625
11224,1.92433,-0.625815,-1.81973
11225,1.86653,-0.625378,-1.75865
11226,1.86696,-0.594204,-1.76988
11227,1.84722,-0.533989,-1.76835
11228,1.84722,-0.533989,-1.76835
11229,1.89227,-0.446334,-1.83888
11230,1.89227,-0.446334,-1.83888
11231,1.85536,-0.330925,-1.82561
11232,1.77772,-0.389167,-1.7346
11233,1.77772,-0.389167,-1.7346
11234,1.77772,-0.389167,-1.7346
11235,1.80228,-0.516675,-1.72664
11236,1.89702,-0.455536,-1.84151
11237,1.89702,-0.455536,-1.84151
11238,1.87105,-0.40275,-1.82719
11239,1.87105,-0.40275,-1.82719
11240,1.99686,-0.485469,-1.93695
11241,1.97295,-0.46149,-1.91821
11242,1.97295,-0.46149,-1.91821
11243,1.97295,-0.46149,-1.91821
11244,1.91286,-0.360735,-1.87854
11245,1.91286,-0.360735,-1.87854
11246,1.95568,-0.44292,-1.90486
11247,1.90413,-0.436314,-1.85346
11248,1.87589,-0.421859,-1.82784
11249,1.8,-0.331011,-1.7693
11250,1.6986,-0.468626,-1.63268
11251,1.85454,-0.43156,-1.80363
11252,1.77574,-0.422544,-1.72474
11253,1.78074,-0.424215,-1.72948
11254,1.78074,-0.424215,-1.72948
11255,1.78074,-0.424215,-1.72948
11256,1.86353,-0.394809,-1.82123
11257,1.88033,-0.464024,-1.82218
11258,1.93778,-0.502445,-1.87151
11259,1.93377,-0.528809,-1.86006
11260,2.01094,-0.557473,-1.93213
11261,1.95413,-0.600343,-1.85963
11262,1.93801,-0.467983,-1.88066
11263,1.93801,-0.467983,-1.88066
11264,1.89939,-0.565225,-1.81334
11265,1.89939,-0.565225,-1.81334
11266,1.89939,-0.565225,-1.81334
11267,1.89939,-0.565225,-1.81334
11268,1.89939,-0.565225,-1.81334
11269,1.96445,-0.503739,-1.89876
11270,1.96445,-0.503739,-1.89876
11271,1.96445,-0.503739,-1.89876
11272,1.92446,-0.499135,-1.8586
11273,1.95422,-0.44791,-1.9022
11274,1.96208,-0.442925,-1.91144
11275,1.96629,-0.466764,-1.91009
11276,1.96629,-0.466764,-1.91009
11277,1.93984,-0.503294,-1.87341
11278,2.0501,-0.472635,-1.99487
11279,2.12727,-0.559142,-2.05247
11280,2.08749,-0.518251,-2.02214
11281,2.13591,-0.458458,-2.08613
11282,2.13591,-0.458458,-2.08613
11283,2.23154,-0.456215,-2.18441
11284,2.06314,-0.552805,-1.9877
11285,2.06314,-0.552805,-1.9877
11286,2.06314,-0.552805,-1.9877
11287,2.06314,-0.552805,-1.9877
11288,2.06314,-0.552805,-1.9877
11289,2.04019,-0.570732,-1.95874
11290,2.0271,-0.557951,-1.9488
11291,2.0271,-0.557951,-1.9488
11292,1.90852,-0.443808,-1.8562
11293,1.98001,-0.320189,-1.95395
11294,1.91752,-0.344616,-1.8863
11295,1.97715,-0.246111,-1.96178
11296,1.97715,-0.246111,-1.96178
11297,2.05215,-0.157609,-2.04609
11298,2.08167,-0.12869,-2.07769
11299,2.10146,-0.134132,-2.09718
11300,2.10146,-0.134132,-2.09718
11301,2.10146,-0.134132,-2.09718
11302,1.99109,-0.127192,-1.98703
11303,1.92382,-0.0745594,-1.92237
11304,1.92382,-0.0745594,-1.92237
11305,1.94218,-0.0859967,-1.94027
11306,1.96314,-0.00470942,-1.96314
11307,1.89598,0.0638979,-1.8949
11308,1.90537,0.0908696,-1.9032
11309,1.90875,0.168155,-1.90132
11310,1.90875,0.168155,-1.90132
11311,1.90875,0.168155,-1.90132
11312,1.91561,0.162824,-1.90867
11313,1.91561,0.162824,-1.90867
11314,1.91561,0.162824,-1.90867
11315,1.91561,0.162824,-1.90867
11316,1.88612,0.229729,-1.87207
11317,1.83547,0.230686,-1.82091
11318,1.88522,0.218399,-1.87252
11319,1.79933,0.30671,-1.773
11320,1.87804,0.216139,-1.86556
11321,1.87804,0.216139,-1.86556
11322,1.87804,0.216139,-1.86556
11323,1.77764,0.0761063,-1.77601
11324,1.92767,0.0936035,-1.9254
11325,1.88658,0.0759819,-1.88505
11326,1.92966,0.0241451,-1.92951
11327,1.91602,0.0856715,-1.9141
11328,1.89127,0.056233,-1.89044
11329,1.81261,0.0847568,-1.81062
11330,1.85135,0.0808148,-1.84959
11331,1.84493,0.232967,-1.83016
11332,1.84493,0.232967,-1.83016
11333,1.84906,0.14972,-1.84299
11334,1.84906,0.14972,-1.84299
11335,1.79329,0.214431,-1.78042
11336,1.7274,-0.0182625,-1.7273
11337,1.77417,0.0681425,-1.77286
11338,1.8301,0.112686,-1.82662
11339,1.78654,0.162425,-1.77914
11340,1.86774,0.2057,-1.85638
11341,1.84528,0.228797,-1.83104
11342,1.84528,0.228797,-1.83104
11343,1.79822,0.211264,-1.78576
11344,1.79822,0.211264,-1.78576
11345,1.76608,0.116031,-1.76226
11346,1.93569,0.215232,-1.92369
11347,1.98946,0.192376,-1.98014
11348,1.98946,0.192376,-1.98014
11349,1.93704,0.173545,-1.92925
11350,1.92924,0.160054,-1.92259
11351,1.92924,0.160054,-1.92259
11352,1.98315,0.126809,-1.97909
11353,1.99385,0.202849,-1.9835
11354,2.00663,0.203082,-1.99632
11355,2.05578,0.280955,-2.03649
11356,2.07047,0.191474,-2.0616
11357,2.01346,0.125866,-2.00953
11358,1.99079,0.0506264,-1.99015
11359,1.96792,0.120191,-1.96425
11360,1.96792,0.120191,-1.96425
11361,1.84119,0.00972876,-1.84116
11362,1.87764,-0.00273452,-1.87764
11363,1.87813,0.00145412,-1.87813
11364,1.87813,0.00145412,-1.87813
11365,1.89141,0.0537468,-1.89065
11366,1.9026,-0.1803,-1.89404
11367,1.9026,-0.1803,-1.89404
11368,1.88659,-0.198644,-1.8761
11369,1.88891,-0.177201,-1.88058
11370,1.88891,-0.177201,-1.88058
11371,1.89355,-0.01353,-1.8935
11372,1.89355,-0.01353,-1.8935
11373,1.93991,-0.0195409,-1.93981
11374,1.9722,-0.0212496,-1.97209
11375,2.05642,-0.0998951,-2.05399
11376,2.01372,-0.102763,-2.0111
11377,2.01372,-0.102763,-2.0111
11378,1.91748,-0.102897,-1.91471
11379,1.91748,-0.102897,-1.91471
11380,1.79985,-0.105033,-1.79679
11381,1.91788,-0.268597,-1.89898
11382,1.86431,-0.116776,-1.86065
11383,1.83036,0.00957004,-1.83034
11384,1.78336,0.0249651,-1.78319
11385,1.78336,0.0249651,-1.78319
11386,1.85991,-0.0470641,-1.85931
11387,1.85991,-0.0470641,-1.85931
11388,1.92022,0.0770585,-1.91867
11389,1.91321,-0.0747822,-1.91175
11390,1.87313,-0.143769,-1.8676
11391,1.94326,-0.146462,-1.93774
11392,1.94326,-0.146462,-1.93774
11393,2.03582,-0.165738,-2.02906
11394,2.07724,-0.182718,-2.06919
11395,1.95793,-0.219232,-1.94561
11396,1.88914,-0.234525,-1.87452
11397,1.96207,-0.226709,-1.94893
11398,2.03903,-0.263861,-2.02189
11399,2.03903,-0.263861,-2.02189
11400,2.17623,-0.2339,-2.16363
11401,2.07699,-0.268715,-2.05954
11402,2.07699,-0.268715,-2.05954
11403,2.12594,-0.259445,-2.11005
11404,2.12594,-0.259445,-2.11005
11405,2.08896,-0.312292,-2.06549
11406,2.0475,-0.399101,-2.00822
11407,2.0475,-0.399101,-2.00822
11408,2.061,-0.478596,-2.00466
11409,2.00682,-0.38823,-1.96891
11410,1.98501,-0.366475,-1.95089
11411,2.04419,-0.466529,-1.99024
11412,2.04419,-0.466529,-1.99024
11413,2.04419,-0.466529,-1.99024
11414,2.07808,-0.46904,-2.02445
11415,2.02333,-0.391756,-1.98504
11416,2.09728,-0.271956,-2.07958
11417,1.99511,-0.221701,-1.98275
11418,1.99695,-0.264146,-1.9794
11419,1.99695,-0.264146,-1.9794
11420,1.91227,-0.210729,-1.90063
11421,1.91227,-0.210729,-1.90063
11422,1.91227,-0.210729,-1.90063
11423,1.87065,-0.258369,-1.85272
11424,1.97024,-0.298496,-1.9475
11425,1.97024,-0.298496,-1.9475
11426,1.97024,-0.298496,-1.9475
11427,1.9236,-0.213954,-1.91166
11428,1.9236,-0.213954,-1.91166
11429,1.96347,-0.0679169,-1.9623
11430,2.02462,-0.0848673,-2.02284
11431,1.98336,-0.197809,-1.97348
11432,2.01954,-0.199456,-2.00966
11433,2.04892,-0.0409254,-2.04851
11434,2.07678,-0.107971,-2.07397
11435,2.03824,-0.136747,-2.03365
11436,2.03748,-0.0975055,-2.03515
11437,2.03748,-0.0975055,-2.03515
11438,2.03748,-0.0975055,-2.03515
11439,2.08979,-0.119289,-2.08639
11440,2.08475,-0.330095,-2.05845
11441,2.03194,-0.461439,-1.97885
11442,2.03194,-0.461439,-1.97885
11443,2.09799,-0.566662,-2.02001
11444,2.24261,-0.610001,-2.15805
11445,2.24261,-0.610001,-2.15805
11446,2.19131,-0.586019,-2.1115
11447,2.25007,-0.433816,-2.20785
11448,2.19151,-0.2687,-2.17497
11449,2.21389,-0.364011,-2.18376
11450,2.25639,-0.259227,-2.24145
11451,2.20851,-0.26195,-2.19292
11452,2.20851,-0.26195,-2.19292
11453,2.20386,-0.20455,-2.19435
11454,2.20386,-0.20455,-2.19435
11455,2.1094,-0.185976,-2.10119
11456,2.20761,-0.310706,-2.18564
11457,2.20761,-0.310706,-2.18564
11458,2.25912,-0.336373,-2.23394
11459,2.25912,-0.336373,-2.23394
11460,2.27801,-0.323421,-2.25494
11461,2.26733,-0.234616,-2.25516
11462,2.28809,-0.281391,-2.27073
11463,2.19702,-0.309242,-2.17515
11464,2.20356,-0.435607,-2.16007
11465,2.32124,-0.496986,-2.26741
11466,2.32124,-0.496986,-2.26741
11467,2.31774,-0.545157,-2.25271
11468,2.30781,-0.60382,-2.22741
11469,2.22816,-0.611365,-2.14265
11470,2.24529,-0.681033,-2.13951
11471,2.24529,-0.681033,-2.13951
11472,2.24529,-0.681033,-2.13951
11473,2.26722,-0.484766,-2.21479
11474,2.2574,-0.5382,-2.1923
11475,2.2574,-0.5382,-2.1923
11476,2.17096,-0.531071,-2.105
11477,2.17096,-0.531071,-2.105
11478,2.17096,-0.531071,-2.105
11479,2.16944,-0.508135,-2.10909
11480,2.26106,-0.508942,-2.20304
11481,2.26106,-0.508942,-2.20304
11482,2.26106,-0.508942,-2.20304
11483,2.21475,-0.488391,-2.16023
11484,2.21475,-0.488391,-2.16023
11485,2.1897,-0.499634,-2.13194
11486,2.23374,-0.575098,-2.15844
11487,2.15152,-0.468685,-2.09985
11488,2.10823,-0.445275,-2.06067
11489,2.10823,-0.445275,-2.06067
11490,2.06258,-0.394012,-2.0246
11491,2.00182,-0.37232,-1.96689
11492,2.00182,-0.37232,-1.96689
11493,2.00182,-0.37232,-1.96689
11494,2.00182,-0.37232,-1.96689
11495,1.95468,-0.369465,-1.91945
11496,2.01895,-0.354687,-1.98755
11497,1.98806,-0.570065,-1.90457
11498,1.98113,-0.627992,-1.87896
11499,2.0503,-0.660785,-1.9409
11500,2.0503,-0.660785,-1.9409
11501,2.03119,-0.639792,-1.9278
11502,2.03119,-0.639792,-1.9278
11503,1.97441,-0.633587,-1.86999
11504,2.00973,-0.690975,-1.88721
11505,2.00973,-0.690975,-1.88721
11506,2.00973,-0.690975,-1.88721
11507,2.00973,-0.690975,-1.88721
11508,2.04128,-0.697019,-1.91859
11509,2.04242,-0.677682,-1.92671
11510,2.00925,-0.735576,-1.86976
11511,2.04614,-0.930353,-1.8224
11512,2.0535,-0.946529,-1.82235
11513,1.97621,-0.999461,-1.70484
11514,1.97621,-0.999461,-1.70484
11515,2.0211,-1.03384,-1.73667
11516,2.08686,-0.917937,-1.87414
11517,2.13808,-0.9166,-1.93164
11518,2.03759,-0.810773,-1.86934
11519,2.07614,-0.936776,-1.85279
11520,2.08032,-0.898249,-1.8764
11521,2.14531,-0.919671,-1.93819
11522,2.13354,-0.939434,-1.91559
11523,2.15798,-0.941066,-1.94198
11524,2.05091,-0.955128,-1.81492
11525,2.03499,-0.971526,-1.7881
11526,2.03499,-0.971526,-1.7881
11527,1.99669,-0.87095,-1.79672
11528,2.00626,-0.959337,-1.76202
11529,2.01026,-0.970646,-1.7604
11530,2.01026,-0.970646,-1.7604
11531,1.89274,-0.9078,-1.66084
11532,1.8254,-0.856351,-1.61206
11533,1.8254,-0.856351,-1.61206
11534,1.89814,-0.91603,-1.66247
11535,1.92477,-0.957368,-1.66979
11536,1.93175,-1.0269,-1.6362
11537,1.91617,-1.09614,-1.57167
11538,1.91617,-1.09614,-1.57167
11539,1.93705,-1.06784,-1.61614
11540,1.95981,-0.951647,-1.71325
11541,1.95981,-0.951647,-1.71325
11542,1.95981,-0.951647,-1.71325
11543,1.96044,-0.840342,-1.7712
11544,1.96566,-0.842035,-1.77618
11545,1.96759,-0.81125,-1.79256
11546,2.00779,-0.856642,-1.81587
11547,1.91476,-0.801501,-1.73894
11548,1.87305,-0.724267,-1.72735
11549,1.81741,-0.75061,-1.65516
11550,1.85235,-0.731612,-1.70175
11551,1.84332,-0.694577,-1.70745
11552,1.86643,-0.753082,-1.70775
11553,1.86643,-0.753082,-1.70775
11554,1.86643,-0.753082,-1.70775
11555,1.86138,-0.845401,-1.65833
11556,1.86138,-0.845401,-1.65833
11557,1.86138,-0.845401,-1.65833
11558,1.86138,-0.845401,-1.65833
11559,1.7874,-0.832453,-1.58171
11560,1.7874,-0.832453,-1.58171
11561,1.85845,-0.967496,-1.58675
11562,1.87768,-0.902611,-1.6465
11563,1.90858,-0.92067,-1.67184
11564,1.85951,-0.836525,-1.66073
11565,1.84651,-0.738108,-1.69257
11566,1.9248,-0.85099,-1.72646
11567,1.86668,-0.798185,-1.68742
11568,1.88189,-0.817688,-1.69496
11569,1.89966,-0.810956,-1.71786
11570,1.90922,-0.923735,-1.67088
11571,1.85196,-0.873901,-1.6328
11572,1.90336,-0.867745,-1.69405
11573,1.90336,-0.867745,-1.69405
11574,1.77059,-0.717605,-1.61865
11575,1.77059,-0.717605,-1.61865
11576,1.77059,-0.717605,-1.61865
11577,1.80872,-0.73049,-1.65465
11578,1.87396,-0.729691,-1.72606
11579,1.88451,-0.770983,-1.71959
11580,1.80026,-0.61051,-1.69358
11581,1.83978,-0.647916,-1.72191
11582,1.82062,-0.550765,-1.73531
11583,1.82062,-0.550765,-1.73531
11584,1.808,-0.511082,-1.73426
11585,1.81258,-0.521809,-1.73585
11586,1.80294,-0.585078,-1.70536
11587,1.87785,-0.629707,-1.76913
11588,1.87785,-0.629707,-1.76913
11589,1.97445,-0.578364,-1.88784
11590,1.82768,-0.605413,-1.7245
11591,1.82768,-0.605413,-1.7245
11592,1.91941,-0.592206,-1.82576
11593,1.91941,-0.592206,-1.82576
11594,1.84889,-0.507976,-1.77774
11595,1.84889,-0.507976,-1.77774
11596,1.82026,-0.565996,-1.73002
11597,1.72342,-0.540624,-1.63643
11598,1.69036,-0.550355,-1.59826
11599,1.65189,-0.501065,-1.57406
11600,1.65189,-0.501065,-1.57406
11601,1.65189,-0.501065,-1.57406
11602,1.62977,-0.560919,-1.5302
11603,1.69642,-0.634356,-1.57335
11604,1.69642,-0.634356,-1.57335
11605,1.69642,-0.634356,-1.57335
11606,1.70664,-0.689589,-1.56111
11607,1.67172,-0.70633,-1.51517
11608,1.75883,-0.75871,-1.58678
11609,1.76727,-0.809689,-1.57088
11610,1.75238,-0.740838,-1.58807
11611,1.78525,-0.832231,-1.5794
11612,1.85452,-0.799725,-1.67322
11613,1.85452,-0.799725,-1.67322
11614,1.90385,-0.7165,-1.76388
11615,1.91167,-0.606295,-1.81298
11616,1.82062,-0.597333,-1.71984
11617,1.81457,-0.721629,-1.66491
11618,2.0062,-0.78559,-1.84599
11619,2.0062,-0.78559,-1.84599
11620,2.0062,-0.78559,-1.84599
11621,2.0062,-0.78559,-1.84599
11622,1.97106,-0.686424,-1.84767
11623,1.97106,-0.686424,-1.84767
11624,2.04165,-0.702729,-1.9169
11625,2.03353,-0.743159,-1.89288
11626,1.98823,-0.733583,-1.84795
11627,2.04163,-0.687362,-1.92244
11628,2.04163,-0.687362,-1.92244
11629,2.07105,-0.791165,-1.91397
11630,2.00624,-0.829961,-1.82651
11631,2.12596,-0.973178,-1.89014
11632,2.09207,-0.979209,-1.84876
11633,2.16045,-1.01255,-1.90847
11634,2.21062,-1.06745,-1.93581
11635,2.21062,-1.06745,-1.93581
11636,2.14218,-1.12729,-1.82157
11637,2.14218,-1.12729,-1.82157
11638,2.14252,-1.14913,-1.80829
11639,2.10711,-1.16213,-1.75766
11640,2.04425,-1.25992,-1.60983
11641,2.12955,-1.25355,-1.72151
11642,2.18649,-1.22985,-1.80781
11643,2.18649,-1.22985,-1.80781
11644,2.00477,-1.20504,-1.60219
11645,2.00477,-1.20504,-1.60219
11646,2.00477,-1.20504,-1.60219
11647,2.10211,-1.23417,-1.70168
11648,2.04166,-1.09636,-1.72231
11649,2.00208,-1.10514,-1.66942
11650,2.07946,-1.19416,-1.70239
11651,2.07946,-1.19416,-1.70239
11652,2.12507,-1.16309,-1.77852
11653,2.12507,-1.16309,-1.77852
11654,2.11352,-1.13206,-1.78478
11655,2.25962,-1.10675,-1.97002
11656,2.1939,-1.0794,-1.91
11657,2.1939,-1.0794,-1.91
11658,2.1939,-1.0794,-1.91
11659,2.0708,-1.01684,-1.80395
11660,2.22823,-1.12782,-1.92172
11661,2.2387,-1.07272,-1.96496
11662,2.33072,-1.20903,-1.99261
11663,2.27873,-1.15857,-1.96223
11664,2.27873,-1.15857,-1.96223
11665,2.37879,-1.15605,-2.07899
11666,2.30663,-1.18895,-1.9766
11667,2.30239,-1.2103,-1.95861
11668,2.32317,-1.09935,-2.04659
11669,2.27241,-0.916155,-2.07955
11670,2.27241,-0.916155,-2.07955
11671,2.20297,-0.98698,-1.9695
11672,2.20297,-0.98698,-1.9695
11673,2.20297,-0.98698,-1.9695
11674,2.2298,-1.12747,-1.92375
11675,2.44067,-1.36312,-2.02454
11676,2.33968,-1.31591,-1.93455
11677,2.33968,-1.31591,-1.93455
11678,2.39273,-1.31075,-2.00177
11679,2.48561,-1.30415,-2.116
11680,2.40408,-1.30551,-2.01872
11681,2.40408,-1.30551,-2.01872
11682,2.27296,-1.32535,-1.84656
11683,2.24645,-1.33494,-1.80679
11684,2.24645,-1.33494,-1.80679
11685,2.22344,-1.26816,-1.82632
11686,2.22344,-1.26816,-1.82632
11687,2.07945,-1.14652,-1.73483
11688,2.09325,-1.09486,-1.78409
11689,2.07331,-1.1474,-1.72687
11690,2.07331,-1.1474,-1.72687
11691,2.09087,-1.02317,-1.82343
11692,2.13721,-0.95667,-1.91114
11693,2.13721,-0.95667,-1.91114
11694,2.10981,-0.89177,-1.91207
11695,2.10784,-0.807114,-1.94719
11696,2.177,-0.746504,-2.04501
11697,2.177,-0.746504,-2.04501
11698,2.06396,-0.827017,-1.89102
11699,2.11674,-0.706106,-1.9955
11700,2.03662,-0.658537,-1.92721
11701,2.03662,-0.658537,-1.92721
11702,2.03662,-0.658537,-1.92721
11703,2.09408,-0.624665,-1.99874
11704,2.02366,-0.593375,-1.93471
11705,2.07302,-0.647631,-1.96926
11706,2.08054,-0.597559,-1.99287
11707,2.08054,-0.597559,-1.99287
11708,1.96983,-0.523737,-1.89892
11709,2.01441,-0.527332,-1.94416
11710,2.04146,-0.496609,-1.98014
11711,2.10384,-0.472996,-2.04997
11712,2.10384,-0.472996,-2.04997
11713,2.1514,-0.485038,-2.09601
11714,2.18863,-0.545056,-2.11967
11715,2.25098,-0.688455,-2.14311
11716,2.25098,-0.688455,-2.14311
11717,2.21418,-0.736309,-2.08816
11718,2.32922,-0.872973,-2.15944
11719,2.20484,-0.837659,-2.03952
11720,2.23685,-0.914369,-2.04142
11721,2.23685,-0.914369,-2.04142
11722,2.15516,-0.924796,-1.94665
11723,2.15854,-0.988729,-1.91877
11724,2.15854,-0.988729,-1.91877
11725,2.27895,-1.06018,-2.01734
11726,2.26949,-0.999892,-2.03735
11727,2.2718,-1.0043,-2.03776
11728,2.34695,-1.11471,-2.06534
11729,2.34695,-1.11471,-2.06534
11730,2.5381,-1.23422,-2.2178
11731,2.37883,-1.16517,-2.07394
11732,2.44177,-1.27694,-2.08126
11733,2.44177,-1.27694,-2.08126
11734,2.50453,-1.20137,-2.19759
11735,2.4006,-1.22388,-2.06519
11736,2.3837,-1.32631,-1.98064
11737,2.44509,-1.23246,-2.11175
11738,2.37749,-1.10272,-2.10629
11739,2.29915,-1.05448,-2.04307
11740,2.29915,-1.05448,-2.04307
11741,2.24486,-1.02167,-1.9989
11742,2.28261,-1.12262,-1.98746
11743,2.20785,-1.01494,-1.96074
11744,2.28833,-1.05781,-2.02916
11745,2.28833,-1.05781,-2.02916
11746,2.28833,-1.05781,-2.02916
11747,2.2913,-1.17655,-1.96616
11748,2.31122,-1.14342,-2.00856
11749,2.22869,-1.09599,-1.94059
11750,2.22869,-1.09599,-1.94059
11751,2.32893,-1.06591,-2.07069
11752,2.30394,-1.09488,-2.02716
11753,2.28508,-0.94205,-2.08186
11754,2.35335,-0.83657,-2.19964
11755,2.32013,-0.946015,-2.1185
11756,2.33871,-0.843626,-2.18125
11757,2.33871,-0.843626,-2.18125
11758,2.22931,-0.897205,-2.0408
11759,2.26431,-0.969891,-2.04608
11760,2.26431,-0.969891,-2.04608
11761,2.26014,-0.970589,-2.04113
11762,2.26014,-0.970589,-2.04113
11763,2.26961,-0.991111,-2.04177
11764,2.19364,-1.08916,-1.90415
11765,2.19232,-1.03342,-1.93348
11766,2.24255,-1.18954,-1.90106
11767,2.22374,-1.23088,-1.85201
11768,2.22374,-1.23088,-1.85201
11769,2.22374,-1.23088,-1.85201
11770,2.22344,-1.16006,-1.89682
11771,2.31252,-1.1936,-1.98067
11772,2.31252,-1.1936,-1.98067
11773,2.33076,-1.21592,-1.98846
11774,2.38004,-1.25947,-2.01949
11775,2.38004,-1.25947,-2.01949
11776,2.22386,-1.13416,-1.91291
11777,2.22155,-1.13939,-1.90711
11778,2.21659,-1.09891,-1.92501
11779,2.1625,-1.21755,-1.78716
11780,2.15791,-1.20607,-1.7894
11781,2.15791,-1.20607,-1.7894
11782,2.10718,-1.04263,-1.83115
11783,2.125,-0.981424,-1.88479
11784,2.08783,-0.919051,-1.87466
11785,2.08783,-0.919051,-1.87466
11786,2.08783,-0.919051,-1.87466
11787,2.01834,-0.806451,-1.85023
11788,2.01834,-0.806451,-1.85023
11789,2.02123,-0.864205,-1.82716
11790,1.9836,-0.960852,-1.73535
11791,2.07481,-1.09742,-1.76083
11792,2.07481,-1.09742,-1.76083
11793,2.09784,-0.97545,-1.85726
11794,2.11189,-0.910284,-1.90564
11795,2.11189,-0.910284,-1.90564
11796,2.06917,-1.01231,-1.80462
11797,2.0544,-0.945981,-1.82365
11798,2.05399,-0.997217,-1.79567
11799,1.96926,-0.906401,-1.74826
11800,1.97158,-1.00424,-1.69665
11801,1.95361,-0.900559,-1.73366
11802,1.95361,-0.900559,-1.73366
11803,2.06016,-0.88705,-1.85941
11804,2.06016,-0.88705,-1.85941
11805,2.06016,-0.88705,-1.85941
11806,2.06016,-0.88705,-1.85941
11807,1.97336,-0.781164,-1.81216
11808,2.02881,-0.747265,-1.88617
11809,2.02881,-0.747265,-1.88617
11810,1.95065,-0.694636,-1.82278
11811,2.0655,-0.88086,-1.86825
11812,2.0655,-0.88086,-1.86825
11813,2.0655,-0.88086,-1.86825
11814,2.0217,-0.944264,-1.78764
11815,2.06583,-1.04101,-1.78436
11816,2.11514,-1.17716,-1.7573
11817,2.05346,-1.08695,-1.7422
11818,2.1353,-1.1749,-1.78301
11819,2.10544,-1.22496,-1.71241
11820,2.10228,-1.13078,-1.77226
11821,2.03998,-1.12502,-1.70171
11822,2.16767,-1.29286,-1.73991
11823,2.16767,-1.29286,-1.73991
11824,2.12833,-1.29688,-1.68758
11825,2.06204,-1.29704,-1.60302
11826,2.08447,-1.28953,-1.63773
11827,2.06185,-1.35406,-1.55491
11828,2.22109,-1.5486,-1.59219
11829,2.16837,-1.5698,-1.49585
11830,2.21707,-1.61407,-1.51992
11831,2.2457,-1.66932,-1.50218
11832,2.19598,-1.58387,-1.52107
11833,2.19598,-1.58387,-1.52107
11834,2.08775,-1.52693,-1.4238
11835,2.11201,-1.62889,-1.34436
11836,2.10867,-1.67334,-1.28313
11837,2.01624,-1.61767,-1.20347
11838,2.01624,-1.61767,-1.20347
11839,2.05254,-1.70318,-1.14547
11840,2.05254,-1.70318,-1.14547
11841,2.12149,-1.80173,-1.12005
11842,2.12149,-1.80173,-1.12005
11843,2.04411,-1.77751,-1.00938
11844,2.13403,-1.88088,-1.00816
11845,2.13403,-1.88088,-1.00816
11846,2.10473,-1.87236,-0.961329
11847,2.11407,-1.88471,-0.957674
11848,2.02746,-1.84145,-0.848324
11849,2.06976,-1.86801,-0.8913
11850,2.16437,-1.97046,-0.895429
11851,2.1464,-1.99503,-0.791785
11852,2.1464,-1.99503,-0.791785
11853,2.1464,-1.99503,-0.791785
11854,2.13603,-1.9812,-0.798415
11855,2.08141,-1.89069,-0.870379
11856,2.08141,-1.89069,-0.870379
11857,2.07913,-1.92477,-0.786141
11858,2.09148,-1.87345,-0.929778
11859,2.17087,-1.97026,-0.911456
11860,2.15354,-1.881,-1.04861
11861,2.26108,-1.92236,-1.19038
11862,2.26108,-1.92236,-1.19038
11863,2.23117,-1.9328,-1.11464
11864,2.22277,-1.92732,-1.10732
11865,2.17132,-1.81498,-1.19184
11866,2.17132,-1.81498,-1.19184
11867,2.08364,-1.74996,-1.13102
11868,2.15622,-1.79662,-1.19223
11869,2.09867,-1.76711,-1.13214
11870,2.09867,-1.76711,-1.13214
11871,2.06508,-1.77221,-1.0601
11872,2.0605,-1.76425,-1.06447
11873,2.05892,-1.73835,-1.10331
11874,2.05892,-1.73835,-1.10331
11875,2.06954,-1.79826,-1.02432
11876,2.08533,-1.84755,-0.967045
11877,1.99478,-1.68444,-1.06856
11878,1.9906,-1.67935,-1.06878
11879,2.03757,-1.71913,-1.09376
11880,2.04091,-1.68215,-1.15572
11881,2.0343,-1.63614,-1.20889
11882,1.97046,-1.57841,-1.17955
11883,1.97046,-1.57841,-1.17955
11884,1.89162,-1.42845,-1.24006
11885,1.96667,-1.45765,-1.32025
11886,1.92502,-1.41164,-1.30881
11887,1.97122,-1.4406,-1.3455
11888,1.84581,-1.30488,-1.30549
11889,1.81609,-1.23322,-1.33317
11890,1.95683,-1.34933,-1.41721
11891,1.89374,-1.35496,-1.323
11892,1.91345,-1.38071,-1.32474
11893,1.99539,-1.45295,-1.36766
11894,1.99539,-1.45295,-1.36766
11895,1.99539,-1.45295,-1.36766
11896,1.96158,-1.43254,-1.34001
11897,1.92757,-1.43316,-1.28903
11898,1.92757,-1.43316,-1.28903
11899,1.91146,-1.40751,-1.29329
11900,1.8857,-1.31566,-1.35089
11901,1.95796,-1.40152,-1.36724
11902,1.95688,-1.43299,-1.33264
11903,1.95688,-1.43299,-1.33264
11904,1.96716,-1.39324,-1.38874
11905,1.90986,-1.37472,-1.32579
11906,2.00835,-1.4657,-1.37302
11907,1.92116,-1.41987,-1.29415
11908,1.98903,-1.38444,-1.42814
11909,1.98903,-1.38444,-1.42814
11910,1.99501,-1.43754,-1.38331
11911,2.02064,-1.39105,-1.46559
11912,1.96385,-1.30039,-1.47162
11913,1.94524,-1.42867,-1.32016
11914,1.94524,-1.42867,-1.32016
11915,1.94524,-1.42867,-1.32016
11916,1.94524,-1.42867,-1.32016
11917,1.94524,-1.42867,-1.32016
11918,1.94524,-1.42867,-1.32016
11919,1.89687,-1.42015,-1.2575
11920,1.80841,-1.39366,-1.15241
11921,1.80841,-1.39366,-1.15241
11922,1.75379,-1.35508,-1.11336
11923,1.76985,-1.35065,-1.14373
11924,1.80236,-1.36535,-1.17657
11925,1.80802,-1.35436,-1.19777
11926,1.82479,-1.38984,-1.18245
11927,1.84011,-1.43361,-1.15359
11928,1.82492,-1.45055,-1.10735
11929,1.82492,-1.45055,-1.10735
11930,1.82492,-1.45055,-1.10735
11931,1.81638,-1.36414,-1.19931
11932,1.79189,-1.39562,-1.12387
11933,1.79189,-1.39562,-1.12387
11934,1.8748,-1.42825,-1.21449
11935,1.85686,-1.47616,-1.12644
11936,1.85686,-1.47616,-1.12644
11937,1.81058,-1.40955,-1.13638
11938,1.9882,-1.50175,-1.30295
11939,1.9882,-1.50175,-1.30295
11940,1.89927,-1.44443,-1.23324
11941,1.91436,-1.4736,-1.22199
11942,1.98679,-1.48459,-1.32035
11943,1.9533,-1.4134,-1.34821
11944,1.93155,-1.44808,-1.27826
11945,1.93155,-1.44808,-1.27826
11946,1.94727,-1.46876,-1.27851
11947,1.90427,-1.47887,-1.19965
11948,1.90427,-1.47887,-1.19965
11949,1.88351,-1.49696,-1.14311
11950,1.96613,-1.59289,-1.15254
11951,1.97681,-1.5769,-1.19212
11952,1.97681,-1.5769,-1.19212
11953,1.97681,-1.5769,-1.19212
11954,2.00044,-1.58946,-1.21465
11955,1.99834,-1.66436,-1.10601
11956,1.96974,-1.71826,-0.963039
11957,1.96974,-1.71826,-0.963039
11958,1.96974,-1.71826,-0.963039
11959,2.08362,-1.77059,-1.0984
11960,2.06291,-1.79159,-1.02266
11961,2.04063,-1.71695,-1.10283
11962,2.18608,-1.84425,-1.17375
11963,2.18608,-1.84425,-1.17375
11964,2.18608,-1.84425,-1.17375
11965,2.09148,-1.68371,-1.24072
11966,2.15283,-1.65565,-1.37605
11967,2.15283,-1.65565,-1.37605
11968,2.15283,-1.65565,-1.37605
11969,2.09493,-1.65047,-1.29021
11970,2.09493,-1.65047,-1.29021
11971,2.01627,-1.64417,-1.16705
11972,1.97589,-1.60469,-1.15287
11973,1.97589,-1.60469,-1.15287
11974,1.97589,-1.60469,-1.15287
11975,1.97589,-1.60469,-1.15287
11976,1.85639,-1.4884,-1.10943
11977,2.03311,-1.60031,-1.25401
11978,2.03311,-1.60031,-1.25401
11979,2.02794,-1.61394,-1.22791
11980,2.0059,-1.5271,-1.30061
11981,2.12218,-1.64035,-1.34644
11982,2.11005,-1.60746,-1.36689
11983,2.19038,-1.68139,-1.40381
11984,2.19038,-1.68139,-1.40381
11985,2.09667,-1.50028,-1.46465
11986,2.09667,-1.50028,-1.46465
11987,2.07987,-1.4474,-1.49361
11988,2.07987,-1.4474,-1.49361
11989,2.18062,-1.4345,-1.64235
11990,2.20722,-1.46015,-1.65522
11991,2.21984,-1.42064,-1.70572
11992,2.11849,-1.34339,-1.63809
11993,2.11849,-1.34339,-1.63809
11994,2.20872,-1.433,-1.68076
11995,2.20872,-1.433,-1.68076
11996,2.12926,-1.43105,-1.57665
11997,2.12926,-1.43105,-1.57665
11998,2.12926,-1.43105,-1.57665
11999,2.1562,-1.48497,-1.56335
12000,2.13055,-1.53487,-1.47764
12001,2.13055,-1.53487,-1.47764
12002,2.13055,-1.53487,-1.47764
12003,2.13055,-1.53487,-1.47764
12004,2.13055,-1.53487,-1.47764
12005,2.13055,-1.53487,-1.47764
12006,2.19222,-1.58231,-1.51727
12007,2.15681,-1.62365,-1.41971
12008,1.97531,-1.49795,-1.28764
12009,1.90624,-1.4685,-1.21542
12010,1.89467,-1.50431,-1.15188
12011,2.02525,-1.65294,-1.17023
12012,2.03777,-1.60413,-1.2567
12013,2.03777,-1.60413,-1.2567
12014,2.03777,-1.60413,-1.2567
12015,2.03777,-1.60413,-1.2567
12016,1.89748,-1.44148,-1.23392
12017,1.88734,-1.53859,-1.09307
12018,1.88734,-1.53859,-1.09307
12019,1.92639,-1.59335,-1.08269
12020,1.95493,-1.61379,-1.10339
12021,1.94575,-1.63981,-1.04735
12022,1.9311,-1.66365,-0.980511
12023,1.902,-1.60294,-1.02381
12024,2.01391,-1.73581,-1.02116
12025,2.07859,-1.79861,-1.04189
12026,2.07859,-1.79861,-1.04189
12027,2.06203,-1.8064,-0.99442
12028,1.94527,-1.64929,-1.03147
12029,1.9711,-1.61869,-1.12475
12030,1.9711,-1.61869,-1.12475
12031,1.98596,-1.71235,-1.00593
12032,2.02547,-1.70138,-1.09903
12033,1.9478,-1.68475,-0.97751
12034,1.91713,-1.63036,-1.00862
12035,1.89283,-1.59825,-1.0141
12036,1.88955,-1.52286,-1.11861
12037,1.86862,-1.51344,-1.09602
12038,1.91491,-1.53868,-1.1399
12039,1.91491,-1.53868,-1.1399
12040,2.00831,-1.51079,-1.32319
12041,1.94753,-1.44499,-1.30571
12042,2.03921,-1.44571,-1.43815
12043,1.88798,-1.41411,-1.2509
12044,1.95441,-1.4532,-1.30688
12045,1.94659,-1.35236,-1.40011
12046,1.88339,-1.33514,-1.32838
12047,1.89871,-1.36058,-1.32436
12048,1.87248,-1.26365,-1.3818
12049,1.86984,-1.25784,-1.38352
12050,1.84033,-1.25974,-1.3416
12051,1.84033,-1.25974,-1.3416
12052,1.82679,-1.15795,-1.41291
12053,1.82902,-1.1504,-1.42193
12054,1.80962,-1.14686,-1.3998
12055,1.81041,-1.18687,-1.36709
12056,1.81041,-1.18687,-1.36709
12057,1.88507,-1.20555,-1.44919
12058,1.80881,-1.16226,-1.38599
12059,1.82942,-1.16807,-1.40797
12060,1.82942,-1.16807,-1.40797
12061,1.81268,-1.07325,-1.4608
12062,1.70502,-0.946116,-1.41844
12063,1.82008,-1.02205,-1.50602
12064,1.74826,-0.96937,-1.4549
12065,1.83616,-1.01479,-1.53025
12066,1.92273,-1.15959,-1.5337
12067,1.92273,-1.15959,-1.5337
12068,1.92052,-1.10865,-1.56821
12069,1.92052,-1.10865,-1.56821
12070,1.90531,-1.05659,-1.58551
12071,1.90531,-1.05659,-1.58551
12072,1.89721,-0.976087,-1.62685
12073,1.91201,-0.863707,-1.70581
12074,1.87811,-0.926384,-1.63374
12075,1.8876,-0.828374,-1.69613
12076,1.77414,-0.678426,-1.6393
12077,1.80335,-0.622686,-1.69244
12078,1.80335,-0.622686,-1.69244
12079,1.82938,-0.547155,-1.74564
12080,1.82938,-0.547155,-1.74564
12081,1.87922,-0.617954,-1.77471
12082,1.96568,-0.805665,-1.79299
12083,1.85015,-0.595914,-1.75155
12084,1.9217,-0.610726,-1.82207
12085,1.98641,-0.686198,-1.86413
12086,2.01375,-0.595025,-1.92384
12087,2.01691,-0.654544,-1.90775
12088,1.94941,-0.767546,-1.79195
12089,1.89289,-0.670467,-1.77018
12090,1.86082,-0.706136,-1.72164
12091,1.90797,-0.875816,-1.69508
12092,2.00727,-0.863938,-1.81184
12093,1.89475,-0.826252,-1.7051
12094,1.85453,-0.812386,-1.66712
12095,1.78881,-0.869616,-1.5632
12096,1.85593,-0.907774,-1.61878
12097,1.87479,-0.986424,-1.5943
12098,1.89143,-0.994376,-1.60895
12099,1.91091,-0.908798,-1.68098
12100,1.95591,-1.09977,-1.61744
12101,1.95591,-1.09977,-1.61744
12102,2.03769,-1.08858,-1.72255
12103,2.03487,-1.05557,-1.73968
12104,2.03487,-1.05557,-1.73968
12105,2.0324,-1.13789,-1.684
12106,2.00053,-1.16139,-1.62889
12107,2.00053,-1.16139,-1.62889
12108,2.02418,-1.14613,-1.66844
12109,2.02733,-1.13073,-1.68271
12110,2.02733,-1.13073,-1.68271
12111,2.02733,-1.13073,-1.68271
12112,1.97324,-1.12048,-1.62426
12113,1.96588,-1.02648,-1.67661
12114,1.96588,-1.02648,-1.67661
12115,1.95614,-0.933069,-1.71926
12116,1.97846,-0.927196,-1.74775
12117,1.8873,-0.922103,-1.6467
12118,1.8873,-0.922103,-1.6467
12119,1.8873,-0.922103,-1.6467
12120,1.93727,-0.919906,-1.70493
12121,1.83132,-0.778286,-1.65771
12122,1.83132,-0.778286,-1.65771
12123,1.87688,-0.849243,-1.67376
12124,1.91595,-0.892526,-1.69536
12125,1.94191,-0.927625,-1.70602
12126,1.94191,-0.927625,-1.70602
12127,1.94191,-0.927625,-1.70602
12128,1.87195,-0.785549,-1.69915
12129,1.87195,-0.785549,-1.69915
12130,1.87416,-0.815931,-1.68722
12131,1.82804,-0.801499,-1.64296
12132,1.8052,-0.890458,-1.5703
12133,1.93911,-1.07666,-1.61275
12134,1.80748,-0.921065,-1.55519
12135,1.80748,-0.921065,-1.55519
12136,1.80748,-0.921065,-1.55519
12137,1.85963,-0.96065,-1.59229
12138,1.8965,-0.997605,-1.61291
12139,1.9203,-1.06436,-1.59834
12140,1.9203,-1.06436,-1.59834
12141,1.90592,-0.951832,-1.65122
12142,1.90592,-0.951832,-1.65122
12143,1.91679,-0.794488,-1.74439
12144,1.91679,-0.794488,-1.74439
12145,1.91679,-0.794488,-1.74439
12146,1.91679,-0.794488,-1.74439
12147,1.88092,-0.632008,-1.77156
12148,1.88092,-0.632008,-1.77156
12149,1.94149,-0.690771,-1.81445
12150,1.96911,-0.626602,-1.86675
12151,1.83658,-0.594997,-1.73752
12152,1.83658,-0.594997,-1.73752
12153,1.83658,-0.594997,-1.73752
12154,1.88795,-0.575924,-1.79796
12155,1.92963,-0.593514,-1.83609
12156,1.92963,-0.593514,-1.83609
12157,1.92963,-0.593514,-1.83609
12158,1.85728,-0.452616,-1.80129
12159,1.85728,-0.452616,-1.80129
12160,1.81821,-0.512869,-1.74438
12161,1.81821,-0.512869,-1.74438
12162,1.85094,-0.496821,-1.78301
12163,1.85094,-0.496821,-1.78301
12164,1.8724,-0.496129,-1.80547
12165,1.88538,-0.508733,-1.81545
12166,1.90411,-0.474909,-1.84394
12167,2.08581,-0.540373,-2.0146
12168,2.18525,-0.468037,-2.13454
12169,2.07225,-0.554911,-1.99657
12170,1.99863,-0.643657,-1.89215
12171,2.03002,-0.687242,-1.91015
12172,2.03002,-0.687242,-1.91015
12173,2.06395,-0.737646,-1.92764
12174,2.09426,-0.567371,-2.01594
12175,2.18081,-0.533211,-2.11463
12176,2.14694,-0.600371,-2.06129
12177,2.14694,-0.600371,-2.06129
12178,2.12844,-0.513684,-2.06553
12179,2.15784,-0.633305,-2.06281
12180,2.07474,-0.53154,-2.0055
12181,2.03724,-0.571201,-1.95552
12182,2.03724,-0.571201,-1.95552
12183,2.04065,-0.490714,-1.98077
12184,2.02451,-0.458923,-1.97181
12185,2.01944,-0.344955,-1.98976
12186,1.9594,-0.284768,-1.9386
12187,1.94895,-0.32316,-1.92197
12188,1.94895,-0.32316,-1.92197
12189,1.9892,-0.265944,-1.97134
12190,2.0555,-0.193339,-2.04639
12191,2.0555,-0.193339,-2.04639
12192,2.01507,-0.242746,-2.0004
12193,2.01507,-0.242746,-2.0004
12194,2.03255,-0.318507,-2.00744
12195,2.03255,-0.318507,-2.00744
12196,2.04407,-0.315255,-2.01961
12197,2.04333,-0.300683,-2.02109
12198,1.96844,-0.271043,-1.94969
12199,1.96844,-0.271043,-1.94969
12200,1.96844,-0.271043,-1.94969
12201,1.9194,-0.160557,-1.91267
12202,1.9363,-0.199057,-1.92604
12203,1.84832,-0.062402,-1.84726
12204,1.84832,-0.062402,-1.84726
12205,1.85012,-0.0392747,-1.8497
12206,1.81579,-0.0032395,-1.81579
12207,1.81579,-0.0032395,-1.81579
12208,1.90119,-0.0793529,-1.89954
12209,1.79178,-0.0785054,-1.79006
12210,1.79178,-0.0785054,-1.79006
12211,1.833,-0.03125,-1.83274
12212,1.833,-0.03125,-1.83274
12213,1.82926,0.125189,-1.82498
12214,1.86085,0.0813283,-1.85908
12215,1.78902,0.116236,-1.78524
12216,1.78902,0.116236,-1.78524
12217,1.76683,0.0716375,-1.76537
12218,1.79926,0.125529,-1.79487
12219,1.81327,0.0913569,-1.81096
12220,1.81327,0.0913569,-1.81096
12221,1.89571,0.150223,-1.88975
12222,1.92442,0.224305,-1.9113
12223,1.89127,0.154749,-1.88492
12224,1.88215,0.103973,-1.87928
12225,1.90709,0.087993,-1.90506
12226,1.84657,0.145184,-1.84085
12227,1.9166,0.118191,-1.91295
12228,1.93591,0.0565563,-1.93509
12229,1.93591,0.0565563,-1.93509
12230,1.93591,0.0565563,-1.93509
12231,1.91738,0.0602214,-1.91644
12232,1.95099,0.145914,-1.94552
12233,1.99375,0.262327,-1.97641
12234,1.84762,0.236574,-1.83241
12235,1.85195,0.188799,-1.8423
12236,1.85195,0.188799,-1.8423
12237,1.80316,0.144179,-1.79739
12238,1.82696,0.111226,-1.82357
12239,1.82696,0.111226,-1.82357
12240,1.82155,0.0700075,-1.8202
12241,1.84386,0.156386,-1.83721
12242,1.84386,0.156386,-1.83721
12243,1.84386,0.156386,-1.83721
12244,1.95522,0.185548,-1.9464
12245,1.96403,0.0053248,-1.96402
12246,1.96403,0.0053248,-1.96402
12247,1.83989,0.000741659,-1.83989
12248,1.88375,-0.0417326,-1.88329
12249,1.88375,-0.0417326,-1.88329
12250,1.88664,-0.0841676,-1.88476
12251,1.89955,-0.0780124,-1.89795
12252,2.04885,-0.0495707,-2.04825
12253,1.96733,0.0853872,-1.96548
12254,1.994,0.0769839,-1.99251
12255,1.994,0.0769839,-1.99251
12256,2.02661,0.097023,-2.02429
12257,2.02661,0.097023,-2.02429
12258,2.02661,0.097023,-2.02429
12259,2.03643,0.315384,-2.01186
12260,2.06306,0.217963,-2.05151
12261,2.052,0.207336,-2.0415
12262,2.06135,0.189205,-2.05265
12263,2.04283,0.12238,-2.03916
12264,2.17506,0.103753,-2.17259
12265,2.21839,0.0549314,-2.21771
12266,2.22673,0.0276759,-2.22656
12267,2.16496,0.0179891,-2.16489
12268,2.15685,0.0915876,-2.1549
12269,2.15685,0.0915876,-2.1549
12270,2.10108,0.130395,-2.09702
12271,2.1645,0.0575667,-2.16374
12272,2.1645,0.0575667,-2.16374
12273,2.1645,0.0575667,-2.16374
12274,2.23923,0.146666,-2.23442
12275,2.23923,0.146666,-2.23442
12276,2.23768,0.0813231,-2.2362
12277,2.15615,0.0920355,-2.15419
12278,2.15615,0.0920355,-2.15419
12279,2.15615,0.0920355,-2.15419
12280,2.15615,0.0920355,-2.15419
12281,2.11979,0.0968336,-2.11757
12282,2.03767,0.179231,-2.02977
12283,2.03767,0.179231,-2.02977
12284,2.03767,0.179231,-2.02977
12285,2.21237,0.18694,-2.20446
12286,2.24247,0.0707739,-2.24135
12287,2.16711,0.0519499,-2.16649
12288,2.08354,0.00872269,-2.08352
12289,1.955,-0.15871,-1.94855
12290,1.955,-0.15871,-1.94855
12291,2.06894,-0.0316484,-2.0687
12292,2.01125,-0.0310296,-2.01101
12293,2.01125,-0.0310296,-2.01101
12294,2.0111,0.0096954,-2.01107
12295,1.9635,-0.064698,-1.96244
12296,1.9635,-0.064698,-1.96244
12297,1.98768,-0.0284254,-1.98748
12298,2.00114,-0.0637755,-2.00013
12299,1.97779,-0.217295,-1.96581
12300,1.95576,-0.236241,-1.94144
12301,1.98244,-0.167662,-1.97534
12302,1.87822,-0.163661,-1.87108
12303,1.97217,-0.372164,-1.93674
12304,1.86833,-0.231085,-1.85399
12305,1.91309,-0.166683,-1.90581
12306,1.91309,-0.166683,-1.90581
12307,1.94744,-0.154734,-1.94129
12308,1.93082,-0.140686,-1.92569
12309,1.8823,-0.0754654,-1.88079
12310,1.8823,-0.0754654,-1.88079
12311,1.8783,-0.00407035,-1.8783
12312,1.8319,0.000104693,-1.8319
12313,1.80241,0.124036,-1.79814
12314,1.79918,0.157014,-1.79231
12315,1.79439,0.191231,-1.78418
12316,1.79439,0.191231,-1.78418
12317,1.79439,0.191231,-1.78418
12318,1.83992,0.198439,-1.82919
12319,1.77396,0.133991,-1.76889
12320,1.84344,0.219641,-1.83031
12321,1.84344,0.219641,-1.83031
12322,1.88991,0.162642,-1.8829
12323,1.88991,0.162642,-1.8829
12324,1.88991,0.162642,-1.8829
12325,1.93073,0.251746,-1.91425
12326,1.93073,0.251746,-1.91425
12327,1.89076,0.293617,-1.86783
12328,1.90235,0.229667,-1.88844
12329,1.87233,0.245414,-1.85617
12330,1.85724,0.161323,-1.85023
12331,1.94291,0.154376,-1.93676
12332,1.88112,0.228995,-1.86712
12333,2.04628,0.21072,-2.0354
12334,2.02204,0.174704,-2.01448
12335,2.02204,0.174704,-2.01448
12336,2.04531,0.134121,-2.04091
12337,2.05322,0.141395,-2.04835
12338,2.05949,0.186789,-2.051
12339,2.05949,0.186789,-2.051
12340,1.91264,0.282614,-1.89165
12341,1.88522,0.325682,-1.85688
12342,1.90749,0.20901,-1.896
12343,1.90749,0.20901,-1.896
12344,1.94687,0.168057,-1.9396
12345,2.01133,0.25393,-1.99524
12346,2.00357,0.08607,-2.00172
12347,2.00163,0.170274,-1.99438
12348,1.91787,0.294469,-1.89512
12349,1.91787,0.294469,-1.89512
12350,1.96765,0.25245,-1.95139
12351,1.96584,0.140655,-1.9608
12352,1.92929,0.080352,-1.92761
12353,2.08894,-0.0278936,-2.08875
12354,2.10535,0.154271,-2.09969
12355,2.12221,0.295169,-2.10159
12356,2.06839,0.263705,-2.05151
12357,2.06839,0.263705,-2.05151
12358,2.06414,0.193186,-2.05507
12359,2.06414,0.193186,-2.05507
12360,2.06414,0.193186,-2.05507
12361,2.05377,0.135061,-2.04933
12362,2.08322,0.199708,-2.07362
12363,2.17307,0.05449,-2.17239
12364,2.13828,-0.0930384,-2.13625
12365,2.13828,-0.0930384,-2.13625
12366,2.13828,-0.0930384,-2.13625
12367,1.99531,-0.00587135,-1.9953
12368,2.10519,-0.0154259,-2.10514
12369,2.09609,0.0307601,-2.09586
12370,2.09609,0.0307601,-2.09586
12371,2.09609,0.0307601,-2.09586
12372,2.09609,0.0307601,-2.09586
12373,2.0291,-0.0871034,-2.02723
12374,2.0056,-0.127029,-2.00157
12375,2.0056,-0.127029,-2.00157
12376,1.99715,-0.0861444,-1.99529
12377,1.96901,-0.0333851,-1.96873
12378,1.96901,-0.0333851,-1.96873
12379,1.91306,-0.0510769,-1.91237
12380,1.92495,-0.205407,-1.91396
12381,1.94369,-0.102288,-1.941
12382,1.9666,-0.0340771,-1.9663
12383,1.86121,0.0320581,-1.86094
12384,1.86121,0.0320581,-1.86094
12385,1.91099,-0.108155,-1.90793
12386,1.91099,-0.108155,-1.90793
12387,1.82661,-0.153309,-1.82016
12388,1.82661,-0.153309,-1.82016
12389,1.82661,-0.153309,-1.82016
12390,1.80397,-0.192115,-1.79371
12391,1.76676,-0.167374,-1.75881
12392,1.80127,-0.11573,-1.79755
12393,1.87371,-0.14679,-1.86795
12394,1.82043,-0.10967,-1.81713
12395,1.93295,-0.0394198,-1.93255
12396,1.8877,-0.0221418,-1.88758
12397,1.8877,-0.0221418,-1.88758
12398,1.8877,-0.0221418,-1.88758
12399,1.92155,-0.0361621,-1.92121
12400,1.85736,-0.0286481,-1.85714
12401,1.85736,-0.0286481,-1.85714
12402,1.78561,0.0178176,-1.78553
12403,1.82276,0.189841,-1.81285
12404,1.81944,0.166804,-1.81177
12405,1.84246,0.245366,-1.82605
12406,1.84246,0.245366,-1.82605
12407,1.86189,0.329645,-1.83248
12408,1.89641,0.222629,-1.8833
12409,1.85683,0.167173,-1.84929
12410,1.9256,0.181901,-1.91699
12411,1.90754,0.0833057,-1.90572
12412,1.90754,0.0833057,-1.90572
12413,1.9579,0.00943811,-1.95788
12414,1.86733,0.0128638,-1.86729
12415,1.79638,0.055956,-1.79551
12416,1.79638,0.055956,-1.79551
12417,1.87976,0.0643337,-1.87866
12418,1.86902,0.109159,-1.86583
12419,1.90626,0.0936539,-1.90396
12420,1.98279,0.22932,-1.96949
12421,1.91811,0.0531744,-1.91738
12422,1.89709,0.0302435,-1.89685
12423,1.88974,-0.0103293,-1.88971
12424,1.95621,-0.0812091,-1.95453
12425,2.09963,-0.0333379,-2.09936
12426,2.21609,0.0318909,-2.21586
12427,2.17823,-0.000340635,-2.17822
12428,2.17823,-0.000340635,-2.17822
12429,2.28359,0.0533939,-2.28296
12430,2.14128,0.00895026,-2.14126
12431,2.14128,0.00895026,-2.14126
12432,2.01599,0.00985742,-2.01596
12433,1.90363,0.141506,-1.89836
12434,1.90363,0.141506,-1.89836
12435,1.92079,0.227692,-1.90725
12436,1.87028,0.290774,-1.84754
12437,1.87028,0.290774,-1.84754
12438,1.78715,0.293911,-1.76281
12439,1.99604,0.288716,-1.97505
12440,2.03709,0.40258,-1.99691
12441,2.00898,0.203434,-1.99865
12442,1.96474,0.139945,-1.95975
12443,1.93577,0.125633,-1.93169
12444,1.89017,0.131562,-1.88559
12445,1.87244,0.034754,-1.87211
12446,1.8256,0.019333,-1.8255
12447,1.75272,0.141352,-1.74701
12448,1.79596,0.176583,-1.78726
12449,1.79596,0.176583,-1.78726
12450,1.79596,0.176583,-1.78726
12451,1.79596,0.176583,-1.78726
12452,1.81511,0.247484,-1.79816
12453,1.80314,0.359464,-1.76695
12454,1.83344,0.349969,-1.79973
12455,1.80284,0.366407,-1.76521
12456,1.82482,0.314434,-1.79753
12457,1.82482,0.314434,-1.79753
12458,1.76352,0.383071,-1.72141
12459,1.83826,0.360845,-1.8025
12460,1.90502,0.391952,-1.86426
12461,1.90502,0.391952,-1.86426
12462,1.87751,0.386795,-1.83724
12463,1.87751,0.386795,-1.83724
12464,1.75432,0.311174,-1.7265
12465,1.85489,0.364674,-1.81869
12466,1.87761,0.24092,-1.86209
12467,1.84218,0.367459,-1.80516
12468,1.83431,0.336915,-1.8031
12469,1.79326,0.285811,-1.77034
12470,1.79326,0.285811,-1.77034
12471,1.81767,0.229571,-1.80311
12472,1.86564,0.257811,-1.84774
12473,1.86564,0.257811,-1.84774
12474,1.86564,0.257811,-1.84774
12475,1.86564,0.257811,-1.84774
12476,1.86564,0.257811,-1.84774
12477,1.84413,0.299009,-1.81973
12478,1.84413,0.299009,-1.81973
12479,1.84835,0.32173,-1.82014
12480,1.8885,0.172975,-1.88056
12481,1.92216,0.144735,-1.9167
12482,1.93218,0.100334,-1.92958
12483,1.89772,0.101337,-1.89501
12484,1.89772,0.101337,-1.89501
12485,1.86966,0.0742216,-1.86819
12486,1.97366,-0.032912,-1.97339
12487,1.96828,0.0475825,-1.9677
12488,1.97199,0.0611353,-1.97104
12489,1.97199,0.0611353,-1.97104
12490,1.96523,0.108647,-1.96223
12491,1.89624,0.296764,-1.87288
12492,1.95009,0.312015,-1.92496
12493,1.9661,0.342841,-1.93598
12494,2.06166,0.276766,-2.043
12495,2.02476,0.164051,-2.0181
12496,1.97226,0.112862,-1.96903
12497,1.97226,0.112862,-1.96903
12498,1.97226,0.112862,-1.96903
12499,1.97226,0.112862,-1.96903
12500,1.93062,0.111465,-1.9274
12501,1.93062,0.111465,-1.9274
12502,1.93062,0.111465,-1.9274
12503,1.96408,-0.0295611,-1.96386
12504,1.88603,0.083563,-1.88417
12505,1.8872,-0.0702465,-1.88589
12506,1.93275,-0.0544161,-1.93199
12507,1.9916,-0.12557,-1.98764
12508,1.9916,-0.12557,-1.98764
12509,2.08347,-0.161545,-2.0772
12510,2.08347,-0.161545,-2.0772
12511,2.1727,-0.143258,-2.16798
12512,2.1691,-0.0198853,-2.16901
12513,2.13245,-0.00339249,-2.13245
12514,2.0997,-0.0620589,-2.09879
12515,2.13338,-0.0551374,-2.13266
12516,2.19852,-0.0849669,-2.19687
12517,2.14809,-0.0585676,-2.14729
12518,2.16719,-0.0465299,-2.16669
12519,2.22255,0.120206,-2.2193
12520,2.20029,0.099228,-2.19805
12521,2.22221,0.0843133,-2.22061
12522,2.29274,0.252664,-2.27877
12523,2.22114,0.317632,-2.19831
12524,2.22114,0.317632,-2.19831
12525,2.19336,0.183884,-2.18564
12526,2.19336,0.183884,-2.18564
12527,2.16028,0.0935715,-2.15825
12528,2.08938,0.155296,-2.0836
12529,1.96862,0.152418,-1.96271
12530,2.02916,0.12491,-2.02531
12531,2.01263,0.0878073,-2.01071
12532,2.0006,0.241064,-1.98602
12533,2.0006,0.241064,-1.98602
12534,1.92105,0.291646,-1.89879
12535,1.92105,0.291646,-1.89879
12536,1.92105,0.291646,-1.89879
12537,1.92105,0.291646,-1.89879
12538,1.90621,0.341054,-1.87545
12539,1.92257,0.303507,-1.89846
12540,1.92257,0.303507,-1.89846
12541,1.92257,0.303507,-1.89846
12542,1.85614,0.20897,-1.84434
12543,1.85916,0.187216,-1.84971
12544,1.90963,0.288106,-1.88777
12545,1.99045,0.229111,-1.97723
12546,1.94484,0.113553,-1.94152
12547,2.0042,-0.0107274,-2.00418
12548,2.0042,-0.0107274,-2.00418
12549,1.93023,-0.108967,-1.92715
12550,1.97334,-0.115842,-1.96994
12551,1.96699,-0.112408,-1.96378
12552,1.94367,-0.0615484,-1.9427
12553,2.01786,-0.108189,-2.01496
12554,2.14701,-0.0418302,-2.1466
12555,1.97948,-0.0199458,-1.97938
12556,2.10289,-0.0591596,-2.10206
12557,1.98142,-0.129946,-1.97715
12558,1.98142,-0.129946,-1.97715
12559,2.00808,-0.266439,-1.99032
12560,1.91135,-0.243791,-1.89574
12561,1.88712,-0.306513,-1.86206
12562,1.89835,-0.298295,-1.87476
12563,1.82874,-0.291954,-1.80529
12564,1.88994,-0.454487,-1.83448
12565,1.88994,-0.454487,-1.83448
12566,1.88117,-0.455974,-1.82508
12567,1.86342,-0.478854,-1.80084
12568,1.85115,-0.48627,-1.78614
12569,1.97603,-0.334628,-1.94749
12570,2.01548,-0.351033,-1.98467
12571,2.0535,-0.411973,-2.01175
12572,2.06993,-0.347966,-2.04047
12573,2.06993,-0.347966,-2.04047
12574,2.16859,-0.508201,-2.1082
12575,2.08227,-0.336679,-2.05488
12576,2.08227,-0.336679,-2.05488
12577,2.09196,-0.263773,-2.07526
12578,2.1906,-0.353969,-2.16181
12579,2.12084,-0.303479,-2.09901
12580,2.00277,-0.190794,-1.99366
12581,2.00277,-0.190794,-1.99366
12582,1.9041,-0.0781036,-1.9025
12583,1.91758,-0.0832406,-1.91578
12584,1.94808,0.005639,-1.94808
12585,1.86942,0.0850652,-1.86749
12586,1.93927,0.224041,-1.92629
12587,1.93927,0.224041,-1.92629
12588,1.86125,0.232569,-1.84666
12589,1.86125,0.232569,-1.84666
12590,1.86125,0.232569,-1.84666
12591,1.97978,0.0299444,-1.97955
12592,1.98983,0.0744657,-1.98844
12593,1.94833,-0.0699679,-1.94707
12594,1.94833,-0.0699679,-1.94707
12595,1.94833,-0.0699679,-1.94707
12596,1.97154,0.0495616,-1.97091
12597,2.03564,0.0442084,-2.03516
12598,2.13192,0.0742866,-2.13063
12599,2.16701,0.0720645,-2.16581
12600,2.18449,0.210526,-2.17433
12601,2.07993,0.0452336,-2.07944
12602,2.0744,-0.0730665,-2.07311
12603,2.21495,-0.0428992,-2.21454
12604,2.18203,-0.15763,-2.17632
12605,2.16005,-0.116528,-2.1569
12606,2.18926,-0.161751,-2.18328
12607,2.2366,-0.194123,-2.22816
12608,2.09375,-0.169806,-2.08685
12609,2.1146,-0.373443,-2.08136
12610,2.1146,-0.373443,-2.08136
12611,2.02165,-0.498351,-1.95926
12612,2.02165,-0.498351,-1.95926
12613,2.0387,-0.519936,-1.97129
12614,2.0494,-0.516628,-1.98321
12615,1.99681,-0.479641,-1.93835
12616,2.05091,-0.419574,-2.00754
12617,2.11234,-0.457406,-2.06223
12618,2.11234,-0.457406,-2.06223
12619,2.2167,-0.768925,-2.07906
12620,2.2167,-0.768925,-2.07906
12621,2.08942,-0.775119,-1.94033
12622,2.05354,-0.731734,-1.91875
12623,2.05354,-0.731734,-1.91875
12624,2.02857,-0.562675,-1.94897
12625,2.03115,-0.520445,-1.96334
12626,2.03877,-0.51351,-1.97304
12627,1.99622,-0.523687,-1.9263
12628,1.99622,-0.523687,-1.9263
12629,1.94331,-0.628444,-1.83889
12630,1.99647,-0.730958,-1.85785
12631,1.99647,-0.730958,-1.85785
12632,1.97501,-0.732434,-1.83418
12633,1.95268,-0.74323,-1.8057
12634,1.93046,-0.6294,-1.82498
12635,1.98381,-0.487431,-1.923
12636,1.98381,-0.487431,-1.923
12637,1.94547,-0.413828,-1.90095
12638,2.00796,-0.476379,-1.95064
12639,2.00796,-0.476379,-1.95064
12640,2.01173,-0.43063,-1.9651
12641,2.07615,-0.594876,-1.9891
12642,2.07615,-0.594876,-1.9891
12643,1.99587,-0.682549,-1.87554
12644,2.00145,-0.603686,-1.90824
12645,2.00145,-0.603686,-1.90824
12646,2.0166,-0.599806,-1.92534
12647,2.03245,-0.582002,-1.94734
12648,1.96472,-0.561725,-1.88271
12649,1.96472,-0.561725,-1.88271
12650,2.01605,-0.712483,-1.88595
12651,2.01605,-0.712483,-1.88595
12652,2.08006,-0.65558,-1.97405
12653,2.09493,-0.584975,-2.0116
12654,2.05528,-0.447386,-2.006
12655,1.98811,-0.38324,-1.95083
12656,1.9785,-0.360126,-1.94545
12657,1.95081,-0.329547,-1.92277
12658,1.95081,-0.329547,-1.92277
12659,1.95081,-0.329547,-1.92277
12660,1.87431,-0.320146,-1.84676
12661,1.88039,-0.29918,-1.85644
12662,1.8177,-0.235356,-1.8024
12663,1.78865,-0.206481,-1.77669
12664,1.74086,-0.225725,-1.72616
12665,1.79816,-0.25281,-1.7803
12666,1.79816,-0.25281,-1.7803
12667,1.79816,-0.25281,-1.7803
12668,1.74559,-0.0984668,-1.74281
12669,1.72825,-0.0561012,-1.72734
12670,1.72825,-0.0561012,-1.72734
12671,1.72825,-0.0561012,-1.72734
12672,1.71286,-0.0442866,-1.71229
12673,1.71949,0.00346655,-1.71949
12674,1.71949,0.00346655,-1.71949
12675,1.84107,0.05027,-1.84039
12676,1.82334,0.00360724,-1.82334
12677,1.82334,0.00360724,-1.82334
12678,1.90222,0.0507986,-1.90154
12679,1.90222,0.0507986,-1.90154
12680,1.80172,-0.0313742,-1.80145
12681,1.86309,0.0917711,-1.86082
12682,1.86309,0.0917711,-1.86082
12683,1.78628,0.0237611,-1.78612
12684,1.80339,-0.00165679,-1.80339
12685,1.81441,0.0545448,-1.81359
12686,1.81441,0.0545448,-1.81359
12687,1.76389,0.114376,-1.76018
12688,1.67596,0.209529,-1.66281
12689,1.67596,0.209529,-1.66281
12690,1.66441,0.212716,-1.65076
12691,1.77201,0.142589,-1.76626
12692,1.76005,0.159633,-1.7528
12693,1.71755,0.156026,-1.71045
12694,1.7587,0.332923,-1.7269
12695,1.75311,0.263319,-1.73323
12696,1.76245,0.20169,-1.75087
12697,1.83334,0.258996,-1.81495
12698,1.84668,0.248275,-1.82991
12699,1.77093,0.236545,-1.75506
12700,1.86514,0.114262,-1.86164
12701,1.86396,0.00863014,-1.86394
12702,1.86396,0.00863014,-1.86394
12703,1.772,0.120501,-1.7679
12704,1.772,0.120501,-1.7679
12705,1.7509,0.0981466,-1.74815
12706,1.7509,0.0981466,-1.74815
12707,1.70226,0.0985966,-1.6994
12708,1.73085,-0.00658041,-1.73084
12709,1.73085,-0.00658041,-1.73084
12710,1.73018,-0.0386459,-1.72975
12711,1.73018,-0.0386459,-1.72975
12712,1.83746,-0.0733125,-1.836
12713,1.77355,-0.200008,-1.76224
12714,1.76779,-0.339626,-1.73486
12715,1.81686,-0.352879,-1.78226
12716,1.87003,-0.331792,-1.84036
12717,1.84314,-0.276986,-1.82221
12718,1.84207,-0.266276,-1.82272
12719,1.79496,-0.314611,-1.76717
12720,1.81321,-0.485573,-1.74699
12721,1.81321,-0.485573,-1.74699
12722,1.81321,-0.485573,-1.74699
12723,1.79416,-0.586098,-1.69572
12724,1.80882,-0.57703,-1.71431
12725,1.84855,-0.638428,-1.7348
12726,1.84855,-0.638428,-1.7348
12727,1.82612,-0.67355,-1.69736
12728,1.8303,-0.877935,-1.606
12729,1.81035,-0.841121,-1.60309
12730,1.81035,-0.841121,-1.60309
12731,1.84513,-0.849406,-1.63799
12732,1.86389,-0.912266,-1.62538
12733,1.83646,-0.836013,-1.63514
12734,1.83646,-0.836013,-1.63514
12735,1.83646,-0.836013,-1.63514
12736,1.83646,-0.836013,-1.63514
12737,1.83646,-0.836013,-1.63514
12738,1.83646,-0.836013,-1.63514
12739,1.83646,-0.836013,-1.63514
12740,1.88391,-0.717541,-1.74191
12741,1.87139,-0.800471,-1.69155
12742,1.83164,-0.770994,-1.66146
12743,1.86057,-0.847858,-1.65616
12744,1.93597,-0.847391,-1.74066
12745,1.88799,-0.836231,-1.6927
12746,1.88799,-0.836231,-1.6927
12747,1.83137,-0.864969,-1.61424
12748,1.85672,-0.826274,-1.66274
12749,1.85672,-0.826274,-1.66274
12750,1.96816,-0.949401,-1.72404
12751,1.88097,-0.871123,-1.66709
12752,1.88097,-0.871123,-1.66709
12753,1.88097,-0.871123,-1.66709
12754,1.87267,-0.791226,-1.69731
12755,1.87267,-0.791226,-1.69731
12756,1.82253,-0.815465,-1.62991
12757,1.8349,-0.706629,-1.69338
12758,1.84347,-0.568969,-1.75347
12759,1.84347,-0.568969,-1.75347
12760,1.84347,-0.568969,-1.75347
12761,1.82826,-0.541394,-1.74626
12762,1.81867,-0.627012,-1.70716
12763,1.76814,-0.534085,-1.68555
12764,1.80404,-0.691342,-1.66631
12765,1.80404,-0.691342,-1.66631
12766,1.71162,-0.635189,-1.5894
12767,1.70214,-0.578625,-1.60078
12768,1.74225,-0.523896,-1.66161
12769,1.73389,-0.58462,-1.63236
12770,1.67997,-0.440242,-1.62126
12771,1.7516,-0.441916,-1.69494
12772,1.7516,-0.441916,-1.69494
12773,1.78764,-0.375082,-1.74785
12774,1.88623,-0.554638,-1.80284
12775,1.84357,-0.434103,-1.79174
12776,1.84357,-0.434103,-1.79174
12777,1.92991,-0.524077,-1.85739
12778,1.92991,-0.524077,-1.85739
12779,1.96395,-0.594871,-1.87169
12780,2.02646,-0.548072,-1.95094
12781,1.96054,-0.565711,-1.87715
12782,1.90474,-0.636054,-1.7954
12783,1.79788,-0.588821,-1.69873
12784,1.80541,-0.68298,-1.67124
12785,1.82603,-0.691879,-1.68988
12786,1.82603,-0.691879,-1.68988
12787,1.9127,-0.770749,-1.75054
12788,1.91687,-0.879581,-1.70315
12789,2.03236,-0.994112,-1.77264
12790,2.03236,-0.994112,-1.77264
12791,1.92737,-1.04035,-1.62247
12792,2.1055,-1.19779,-1.7316
12793,2.05437,-1.20848,-1.66132
12794,1.97939,-1.00347,-1.70617
12795,1.97939,-1.00347,-1.70617
12796,1.92384,-0.95972,-1.66736
12797,1.92437,-1.07181,-1.59825
12798,1.98563,-1.16867,-1.60529
12799,1.98563,-1.16867,-1.60529
12800,2.01888,-1.16732,-1.6472
12801,2.02289,-1.24777,-1.59221
12802,2.02289,-1.24777,-1.59221
12803,2.02289,-1.24777,-1.59221
12804,1.95762,-1.11861,-1.60655
12805,1.97719,-1.22266,-1.55383
12806,2.00476,-1.40521,-1.42984
12807,2.00476,-1.40521,-1.42984
12808,2.00227,-1.35209,-1.4768
12809,2.00227,-1.35209,-1.4768
12810,1.98177,-1.33945,-1.46057
12811,2.03426,-1.37939,-1.49516
12812,2.00736,-1.42425,-1.41456
12813,1.92261,-1.37114,-1.34774
12814,1.97019,-1.25001,-1.52286
12815,1.92591,-1.09489,-1.58441
12816,1.92591,-1.09489,-1.58441
12817,1.94373,-1.07747,-1.61776
12818,1.95118,-1.02097,-1.66275
12819,2.00355,-1.04058,-1.71214
12820,2.00355,-1.04058,-1.71214
12821,2.00355,-1.04058,-1.71214
12822,2.00355,-1.04058,-1.71214
12823,1.95395,-0.953808,-1.70534
12824,1.95395,-0.953808,-1.70534
12825,2.01271,-1.09135,-1.69114
12826,1.93598,-1.09926,-1.59363
12827,1.97152,-1.05223,-1.66724
12828,1.97152,-1.05223,-1.66724
12829,1.97152,-1.05223,-1.66724
12830,1.9317,-1.05174,-1.62029
12831,1.9317,-1.05174,-1.62029
12832,2.00091,-1.13354,-1.64886
12833,2.01613,-1.12707,-1.67168
12834,2.01613,-1.12707,-1.67168
12835,1.9798,-1.03349,-1.68864
12836,1.9798,-1.03349,-1.68864
12837,1.9798,-1.03349,-1.68864
12838,1.96241,-0.970231,-1.70579
12839,1.93793,-0.995351,-1.66279
12840,1.96179,-1.04746,-1.65875
12841,2.08686,-1.14406,-1.74531
12842,2.08686,-1.14406,-1.74531
12843,2.08686,-1.14406,-1.74531
12844,2.08686,-1.14406,-1.74531
12845,1.9486,-0.995043,-1.67539
12846,1.9486,-0.995043,-1.67539
12847,2.02611,-1.09045,-1.70764
12848,1.96754,-1.10648,-1.62694
12849,2.04872,-1.08366,-1.73866
12850,2.04872,-1.08366,-1.73866
12851,2.04872,-1.08366,-1.73866
12852,2.04872,-1.08366,-1.73866
12853,1.98424,-1.06929,-1.67148
12854,1.98424,-1.06929,-1.67148
12855,1.85834,-1.02031,-1.55319
12856,1.92078,-1.09652,-1.57704
12857,1.92355,-1.02824,-1.62566
12858,1.92355,-1.02824,-1.62566
12859,1.93521,-1.10693,-1.58737
12860,1.96329,-1.05884,-1.65329
12861,1.96329,-1.05884,-1.65329
12862,1.87999,-1.1372,-1.49705
12863,1.83095,-1.12432,-1.44509
12864,1.83095,-1.12432,-1.44509
12865,1.83095,-1.12432,-1.44509
12866,1.84475,-1.10407,-1.47788
12867,1.83838,-1.15044,-1.43391
12868,1.91863,-1.219,-1.48161
12869,1.91863,-1.219,-1.48161
12870,1.89456,-1.24421,-1.42874
12871,1.94237,-1.2826,-1.45867
12872,1.89652,-1.36919,-1.31229
12873,1.86144,-1.318,-1.31448
12874,1.83549,-1.29472,-1.30104
12875,1.88406,-1.33733,-1.32713
12876,1.86872,-1.31855,-1.32421
12877,1.86308,-1.26376,-1.36894
12878,1.98553,-1.48978,-1.31259
12879,1.98553,-1.48978,-1.31259
12880,1.96772,-1.39768,-1.38508
12881,1.96772,-1.39768,-1.38508
12882,1.97738,-1.54084,-1.23929
12883,1.93467,-1.5239,-1.19192
12884,2.01419,-1.5386,-1.29987
12885,1.91604,-1.48643,-1.20904
12886,1.91604,-1.48643,-1.20904
12887,1.96609,-1.58345,-1.16542
12888,1.96715,-1.45982,-1.31855
12889,1.96715,-1.45982,-1.31855
12890,2.08449,-1.53127,-1.41433
12891,2.03228,-1.48611,-1.38623
12892,2.03228,-1.48611,-1.38623
12893,2.0128,-1.49287,-1.35006
12894,2.0128,-1.49287,-1.35006
12895,2.0208,-1.54925,-1.29749
12896,2.00966,-1.56822,-1.25674
12897,2.00966,-1.56822,-1.25674
12898,2.05482,-1.59501,-1.29546
12899,2.00591,-1.52651,-1.30133
12900,1.99707,-1.43629,-1.38758
12901,1.99707,-1.43629,-1.38758
12902,2.00485,-1.46751,-1.36595
12903,2.04833,-1.41359,-1.48237
12904,2.0998,-1.35424,-1.60474
12905,2.0998,-1.35424,-1.60474
12906,2.0998,-1.35424,-1.60474
12907,2.0983,-1.3261,-1.62614
12908,2.0983,-1.3261,-1.62614
12909,2.12001,-1.3122,-1.6651
12910,2.04941,-1.33221,-1.55734
12911,2.06462,-1.39775,-1.51953
12912,2.09099,-1.43745,-1.51855
12913,1.98712,-1.4783,-1.32789
12914,1.98712,-1.4783,-1.32789
12915,1.9636,-1.58639,-1.15719
12916,2.05026,-1.70556,-1.13782
12917,2.05026,-1.70556,-1.13782
12918,2.07478,-1.73745,-1.13401
12919,2.08832,-1.69279,-1.22293
12920,2.08832,-1.69279,-1.22293
12921,2.00584,-1.6461,-1.14619
12922,1.93977,-1.63464,-1.04436
12923,1.93977,-1.63464,-1.04436
12924,1.97225,-1.69956,-1.00063
12925,1.97225,-1.69956,-1.00063
12926,2.02572,-1.74649,-1.02631
12927,2.10813,-1.7765,-1.13502
12928,2.06241,-1.75726,-1.07961
12929,2.09719,-1.75536,-1.14757
12930,2.05229,-1.70865,-1.13684
12931,1.94878,-1.636,-1.05889
12932,1.94878,-1.636,-1.05889
12933,1.98821,-1.63021,-1.13814
12934,1.97968,-1.65112,-1.09221
12935,1.97968,-1.65112,-1.09221
12936,2.0348,-1.71551,-1.09428
12937,2.05288,-1.70991,-1.136
12938,2.10285,-1.75297,-1.16149
12939,2.13418,-1.76166,-1.20469
12940,2.09068,-1.79296,-1.07529
12941,2.16766,-1.86796,-1.09976
12942,2.16766,-1.86796,-1.09976
12943,2.12437,-1.81058,-1.11119
12944,2.10454,-1.84824,-1.00653
12945,2.16497,-1.90945,-1.02035
12946,2.16497,-1.90945,-1.02035
12947,2.09696,-1.77315,-1.11946
12948,2.09696,-1.77315,-1.11946
12949,2.13556,-1.7878,-1.16808
12950,2.13556,-1.7878,-1.16808
12951,2.02835,-1.77723,-0.977592
12952,2.08757,-1.77727,-1.09509
12953,2.03071,-1.69376,-1.12024
12954,2.03071,-1.69376,-1.12024
12955,1.96731,-1.55996,-1.19868
12956,1.96731,-1.55996,-1.19868
12957,1.96731,-1.55996,-1.19868
12958,1.99515,-1.60448,-1.18587
12959,1.8888,-1.50651,-1.13929
12960,1.93722,-1.54629,-1.16697
12961,1.91753,-1.57569,-1.09277
12962,2.021,-1.6054,-1.22765
12963,1.97587,-1.56078,-1.21163
12964,1.9356,-1.61797,-1.06241
12965,1.9356,-1.61797,-1.06241
12966,1.92543,-1.64278,-1.00428
12967,1.84258,-1.59361,-0.92494
12968,1.92533,-1.6697,-0.958641
12969,1.92533,-1.6697,-0.958641
12970,1.92533,-1.6697,-0.958641
12971,1.91424,-1.65037,-0.969831
12972,1.87158,-1.64912,-0.884992
12973,1.87158,-1.64912,-0.884992
12974,1.80142,-1.55787,-0.904519
12975,1.80142,-1.55787,-0.904519
12976,1.86402,-1.59426,-0.965866
12977,1.86402,-1.59426,-0.965866
12978,1.81663,-1.47944,-1.05423
12979,1.86788,-1.52861,-1.07346
12980,1.87834,-1.55239,-1.05747
12981,1.87834,-1.55239,-1.05747
12982,1.87834,-1.55239,-1.05747
12983,1.79785,-1.47311,-1.03063
12984,1.76221,-1.44461,-1.0092
12985,1.76221,-1.44461,-1.0092
12986,1.72717,-1.463,-0.918014
12987,1.77946,-1.4737,-0.997348
12988,1.89757,-1.5096,-1.14973
12989,1.84492,-1.46806,-1.11737
12990,1.90772,-1.50891,-1.16729
12991,1.91741,-1.56545,-1.10717
12992,1.97677,-1.60442,-1.15474
12993,1.91483,-1.53214,-1.14853
12994,1.91483,-1.53214,-1.14853
12995,1.96959,-1.56688,-1.19339
12996,1.99505,-1.50865,-1.30545
12997,1.99505,-1.50865,-1.30545
12998,2.00262,-1.49699,-1.33024
12999,2.00262,-1.49699,-1.33024
13000,2.00262,-1.49699,-1.33024
13001,2.02177,-1.49107,-1.36538
13002,2.11046,-1.49749,-1.48714
13003,2.10912,-1.46801,-1.51438
13004,2.10912,-1.46801,-1.51438
13005,2.10912,-1.46801,-1.51438
13006,2.10912,-1.46801,-1.51438
13007,2.15122,-1.53969,-1.50238
13008,2.19715,-1.61911,-1.48524
13009,2.19715,-1.61911,-1.48524
13010,2.15504,-1.53734,-1.51022
13011,2.22351,-1.5599,-1.58452
13012,2.22351,-1.5599,-1.58452
13013,2.21888,-1.5959,-1.5416
13014,2.21888,-1.5959,-1.5416
13015,2.27311,-1.61179,-1.60286
13016,2.27311,-1.61179,-1.60286
13017,2.33203,-1.55888,-1.73444
13018,2.33203,-1.55888,-1.73444
13019,2.3357,-1.34374,-1.91046
13020,2.26578,-1.28049,-1.86925
13021,2.179,-1.32069,-1.73315
13022,2.17816,-1.23426,-1.79471
13023,2.17816,-1.23426,-1.79471
13024,2.23015,-1.1974,-1.88144
13025,2.17464,-1.27002,-1.76525
13026,2.17464,-1.27002,-1.76525
13027,2.11632,-1.21671,-1.7316
13028,2.11632,-1.21671,-1.7316
13029,2.11632,-1.21671,-1.7316
13030,2.11632,-1.21671,-1.7316
13031,2.01195,-1.40342,-1.44165
13032,2.05811,-1.44522,-1.46531
13033,2.12603,-1.51594,-1.49061
13034,2.12603,-1.51594,-1.49061
13035,2.12603,-1.51594,-1.49061
13036,2.08989,-1.46691,-1.48856
13037,2.09311,-1.43613,-1.52271
13038,2.179,-1.60809,-1.4704
13039,2.179,-1.60809,-1.4704
13040,2.06652,-1.55825,-1.35734
13041,2.03044,-1.56495,-1.29369
13042,1.97008,-1.49256,-1.28588
13043,2.03314,-1.59701,-1.25825
13044,1.99983,-1.66702,-1.1047
13045,2.09649,-1.74905,-1.1559
13046,2.09649,-1.74905,-1.1559
13047,2.1898,-1.82957,-1.20329
13048,2.223,-1.86264,-1.21338
13049,2.23447,-1.82088,-1.2951
13050,2.23447,-1.82088,-1.2951
13051,2.25144,-1.83525,-1.30416
13052,2.2124,-1.79886,-1.28795
13053,2.2124,-1.79886,-1.28795
13054,2.00898,-1.67196,-1.1138
13055,2.00898,-1.67196,-1.1138
13056,2.00898,-1.67196,-1.1138
13057,2.14529,-1.72009,-1.28201
13058,2.14529,-1.72009,-1.28201
13059,1.99294,-1.58708,-1.20541
13060,2.05787,-1.62555,-1.26191
13061,1.99406,-1.616,-1.16826
13062,1.99406,-1.616,-1.16826
13063,1.97674,-1.55344,-1.22242
13064,1.92141,-1.46134,-1.24753
13065,2.02435,-1.57411,-1.27285
13066,1.95324,-1.48325,-1.27087
13067,1.98908,-1.56472,-1.22805
13068,1.98345,-1.42076,-1.38401
13069,2.02438,-1.49185,-1.36839
13070,2.02438,-1.49185,-1.36839
13071,2.07746,-1.48333,-1.4545
13072,2.09154,-1.39724,-1.55636
13073,2.20038,-1.46104,-1.64531
13074,2.13323,-1.41259,-1.59852
13075,2.1547,-1.5498,-1.49695
13076,2.09535,-1.55386,-1.4057
13077,2.09535,-1.55386,-1.4057
13078,2.08788,-1.49501,-1.45745
13079,2.046,-1.38351,-1.50731
13080,1.97698,-1.30353,-1.48636
13081,1.97599,-1.25184,-1.52886
13082,1.97599,-1.25184,-1.52886
13083,1.97117,-1.25091,-1.52339
13084,1.93285,-1.22353,-1.49629
13085,1.9913,-1.23902,-1.55888
13086,1.91289,-1.15646,-1.52372
13087,1.95363,-1.2218,-1.52442
13088,1.86192,-1.15731,-1.45855
13089,1.86192,-1.15731,-1.45855
13090,1.86192,-1.15731,-1.45855
13091,1.8686,-1.21876,-1.41644
13092,1.86617,-1.2314,-1.40223
13093,1.86342,-1.18865,-1.43508
13094,1.90711,-1.30141,-1.39406
13095,1.96652,-1.30004,-1.4755
13096,1.90905,-1.20858,-1.47778
13097,1.90905,-1.20858,-1.47778
13098,1.93185,-1.26015,-1.46426
13099,1.88293,-1.15603,-1.48628
13100,1.88889,-1.21575,-1.44562
13101,1.88889,-1.21575,-1.44562
13102,1.88889,-1.21575,-1.44562
13103,1.82923,-1.13834,-1.43188
13104,1.83058,-1.06974,-1.48549
13105,1.70598,-1.04633,-1.34743
13106,1.68661,-1.07771,-1.29737
13107,1.68661,-1.07771,-1.29737
13108,1.68661,-1.07771,-1.29737
13109,1.70363,-1.1252,-1.27917
13110,1.63434,-1.13355,-1.17735
13111,1.71636,-1.24547,-1.18098
13112,1.71636,-1.24547,-1.18098
13113,1.71642,-1.2466,-1.17986
13114,1.71642,-1.2466,-1.17986
13115,1.71642,-1.2466,-1.17986
13116,1.71642,-1.2466,-1.17986
13117,1.80465,-1.28474,-1.26736
13118,1.80815,-1.29147,-1.2655
13119,1.86512,-1.4168,-1.21299
13120,1.86512,-1.4168,-1.21299
13121,1.84096,-1.28422,-1.31905
13122,1.82714,-1.25103,-1.33169
13123,1.83382,-1.1797,-1.40399
13124,1.92984,-1.22036,-1.495
13125,1.88193,-1.19241,-1.45596
13126,1.98014,-1.20645,-1.57018
13127,2.03057,-1.28165,-1.57499
13128,1.96,-1.27733,-1.48663
13129,1.96744,-1.31466,-1.46372
13130,1.96744,-1.31466,-1.46372
13131,1.96744,-1.31466,-1.46372
13132,1.86684,-1.2142,-1.41803
13133,1.87284,-1.19901,-1.43871
13134,1.96425,-1.2806,-1.48941
13135,1.87749,-1.33976,-1.3153
13136,1.73345,-1.19305,-1.25756
13137,1.69662,-1.18772,-1.21155
13138,1.7318,-1.16103,-1.28497
13139,1.74036,-1.11706,-1.33455
13140,1.74036,-1.11706,-1.33455
13141,1.76675,-1.14725,-1.34359
13142,1.76675,-1.14725,-1.34359
13143,1.78689,-1.19197,-1.33124
13144,1.78689,-1.19197,-1.33124
13145,1.81945,-1.20969,-1.35906
13146,1.88077,-1.26751,-1.3895
13147,1.81764,-1.1837,-1.37938
13148,1.81544,-1.15987,-1.39661
13149,1.88005,-1.23159,-1.42047
13150,1.93651,-1.19569,-1.52329
13151,1.93651,-1.19569,-1.52329
13152,1.84848,-1.20149,-1.40474
13153,1.87947,-1.33165,-1.32631
13154,1.75011,-1.34491,-1.11986
13155,1.77769,-1.4167,-1.07385
13156,1.73258,-1.38101,-1.04624
13157,1.74373,-1.37601,-1.07107
13158,1.79832,-1.42623,-1.09537
13159,1.79832,-1.42623,-1.09537
13160,1.78088,-1.4064,-1.09251
13161,1.85992,-1.46578,-1.14491
13162,1.8582,-1.49073,-1.10935
13163,1.93348,-1.52402,-1.18982
13164,1.93348,-1.52402,-1.18982
13165,1.94072,-1.50754,-1.22218
13166,2.01623,-1.53955,-1.30191
13167,1.99561,-1.53246,-1.27829
13168,1.99561,-1.53246,-1.27829
13169,1.99561,-1.53246,-1.27829
13170,2.00739,-1.54376,-1.28313
13171,2.02829,-1.52695,-1.33506
13172,1.94045,-1.55913,-1.15519
13173,2.05606,-1.6222,-1.26327
13174,2.05606,-1.6222,-1.26327
13175,2.07097,-1.60436,-1.30956
13176,2.10013,-1.62247,-1.33346
13177,2.05124,-1.65112,-1.21712
13178,2.07201,-1.74582,-1.11594
13179,2.07201,-1.74582,-1.11594
13180,2.05921,-1.74161,-1.0987
13181,2.05863,-1.78745,-1.02127
13182,2.05873,-1.8058,-0.988657
13183,2.02619,-1.74654,-1.02716
13184,2.02619,-1.74654,-1.02716
13185,2.06853,-1.78159,-1.05109
13186,2.10835,-1.84933,-1.01248
13187,2.10835,-1.84933,-1.01248
13188,1.99437,-1.78523,-0.889091
13189,1.99437,-1.78523,-0.889091
13190,2.03556,-1.81091,-0.929567
13191,2.03556,-1.81091,-0.929567
13192,2.03556,-1.81091,-0.929567
13193,2.03141,-1.83058,-0.880694
13194,2.08227,-1.84551,-0.964328
13195,1.96719,-1.71945,-0.955674
13196,1.9657,-1.6497,-1.06887
13197,2.00233,-1.74985,-0.973313
13198,1.98795,-1.71362,-1.00768
13199,2.04347,-1.71196,-1.11577
13200,1.96701,-1.68077,-1.02183
13201,2.01311,-1.77695,-0.946067
13202,2.05025,-1.86501,-0.85163
13203,2.05025,-1.86501,-0.85163
13204,2.04988,-1.81393,-0.954828
13205,2.04988,-1.81393,-0.954828
13206,2.07405,-1.77831,-1.06737
13207,2.07405,-1.77831,-1.06737
13208,2.0462,-1.72859,-1.09495
13209,2.03813,-1.77582,-1.00021
13210,2.03813,-1.77582,-1.00021
13211,2.07226,-1.74626,-1.11571
13212,2.07226,-1.74626,-1.11571
13213,2.1427,-1.78521,-1.18499
13214,2.21705,-1.83501,-1.24421
13215,2.13798,-1.80341,-1.14834
13216,2.12262,-1.83736,-1.06284
13217,2.14658,-1.84776,-1.09251
13218,2.0071,-1.77886,-0.929569
13219,2.10505,-1.85939,-0.986861
13220,2.14796,-1.9341,-0.934333
13221,2.14693,-1.97012,-0.853186
13222,2.21949,-2.02446,-0.909763
13223,2.15414,-2.00881,-0.777822
13224,2.01526,-1.8574,-0.781876
13225,1.88752,-1.76659,-0.66475
13226,1.88752,-1.76659,-0.66475
13227,1.88752,-1.76659,-0.66475
13228,1.88752,-1.76659,-0.66475
13229,1.88752,-1.76659,-0.66475
13230,2.04165,-1.88223,-0.790931
13231,2.0672,-1.93545,-0.726187
13232,1.9822,-1.83048,-0.760586
13233,1.99638,-1.85289,-0.743195
13234,1.99638,-1.85289,-0.743195
13235,1.93475,-1.78596,-0.744029
13236,1.86406,-1.74795,-0.647608
13237,1.90182,-1.78378,-0.659604
13238,1.90182,-1.78378,-0.659604
13239,1.89538,-1.79428,-0.610774
13240,1.97473,-1.86446,-0.650634
13241,1.9214,-1.83056,-0.583794
13242,1.99715,-1.94145,-0.46837
13243,1.99715,-1.94145,-0.46837
13244,1.99884,-1.96074,-0.388419
13245,1.99884,-1.96074,-0.388419
13246,1.9853,-1.89344,-0.596903
13247,2.00175,-1.94071,-0.490567
13248,2.00175,-1.94071,-0.490567
13249,2.0644,-2.04168,-0.305469
13250,2.0644,-2.04168,-0.305469
13251,2.01157,-1.99275,-0.274485
13252,1.9974,-1.97904,-0.270201
13253,1.9974,-1.97904,-0.270201
13254,2.05215,-2.04065,-0.216976
13255,2.05215,-2.04065,-0.216976
13256,2.13281,-2.12335,-0.200624
13257,2.13281,-2.12335,-0.200624
13258,2.09266,-2.08568,-0.17086
13259,2.22719,-2.21647,-0.218255
13260,2.22719,-2.21647,-0.218255
13261,2.10575,-2.08916,-0.263809
13262,2.14905,-2.14415,-0.145061
13263,2.14905,-2.14415,-0.145061
13264,2.22109,-2.22104,-0.0147544
13265,2.20959,-2.20858,0.0669926
13266,2.24486,-2.24486,0.000772038
13267,2.24486,-2.24486,0.000772038
13268,2.26104,-2.25921,-0.09087
13269,2.22079,-2.21649,-0.138165
13270,2.26975,-2.26831,-0.0808067
13271,2.15666,-2.14925,-0.178566
13272,2.17592,-2.17125,-0.142556
13273,2.06995,-2.06246,-0.175902
13274,2.02346,-1.99779,-0.32131
13275,2.08359,-2.05353,-0.3527
13276,2.08359,-2.05353,-0.3527
13277,2.12194,-2.08866,-0.374347
13278,2.12194,-2.08866,-0.374347
13279,2.12194,-2.08866,-0.374347
13280,2.19441,-2.15059,-0.436364
13281,1.99281,-1.93948,-0.457954
13282,1.917,-1.86858,-0.428171
13283,1.92826,-1.89299,-0.367123
13284,1.92826,-1.89299,-0.367123
13285,1.92931,-1.89394,-0.367734
13286,1.84825,-1.82034,-0.320022
13287,1.82558,-1.80236,-0.290258
13288,1.75366,-1.74525,-0.171534
13289,1.772,-1.74731,-0.294779
13290,1.772,-1.74731,-0.294779
13291,1.8574,-1.83137,-0.309833
13292,1.92618,-1.89665,-0.335994
13293,1.99317,-1.93966,-0.45872
13294,2.05603,-1.99034,-0.515579
13295,2.05603,-1.99034,-0.515579
13296,2.04203,-1.96962,-0.53894
13297,2.04346,-1.9688,-0.54732
13298,2.01529,-1.9834,-0.357069
13299,1.91752,-1.8926,-0.30812
13300,1.89041,-1.85506,-0.363847
13301,1.83554,-1.78418,-0.431189
13302,1.83554,-1.78418,-0.431189
13303,1.87042,-1.82052,-0.429135
13304,1.88407,-1.79339,-0.577492
13305,1.85623,-1.72761,-0.678934
13306,1.85623,-1.72761,-0.678934
13307,1.8354,-1.71138,-0.663251
13308,1.8828,-1.71464,-0.777783
13309,1.8828,-1.71464,-0.777783
13310,1.86027,-1.69076,-0.775837
13311,1.7955,-1.66752,-0.665721
13312,1.89857,-1.7863,-0.643186
13313,1.80062,-1.65591,-0.707242
13314,1.8979,-1.72653,-0.788131
13315,1.95827,-1.81814,-0.727463
13316,1.87525,-1.75619,-0.657549
13317,1.89606,-1.81599,-0.545175
13318,1.84661,-1.78254,-0.482226
13319,1.82798,-1.77218,-0.448217
13320,1.95638,-1.89817,-0.473656
13321,1.96242,-1.90046,-0.489235
13322,1.96012,-1.88124,-0.550466
13323,2.16955,-2.07185,-0.64372
13324,2.11349,-2.02875,-0.59246
13325,2.11086,-2.02747,-0.58743
13326,2.13833,-2.06741,-0.546146
13327,2.13833,-2.06741,-0.546146
13328,2.20479,-2.11404,-0.62607
13329,2.20479,-2.11404,-0.62607
13330,2.20479,-2.11404,-0.62607
13331,2.25314,-2.2008,-0.482841
13332,2.34537,-2.25075,-0.659443
13333,2.31642,-2.21095,-0.69102
13334,2.25332,-2.20295,-0.473751
13335,2.25332,-2.20295,-0.473751
13336,2.30473,-2.26109,-0.446375
13337,2.26858,-2.22277,-0.45357
13338,2.14265,-2.11756,-0.326925
13339,2.14265,-2.11756,-0.326925
13340,2.26422,-2.25444,-0.210235
13341,2.26422,-2.25444,-0.210235
13342,2.32137,-2.31085,-0.220743
13343,2.25107,-2.23951,-0.227788
13344,2.25107,-2.23951,-0.227788
13345,2.17376,-2.15394,-0.292871
13346,2.18912,-2.17066,-0.283647
13347,2.18912,-2.17066,-0.283647
13348,2.18912,-2.17066,-0.283647
13349,2.04685,-2.03708,-0.199755
13350,2.00824,-2.00039,-0.177439
13351,2.0123,-2.00825,-0.127537
13352,1.91548,-1.90948,-0.151572
13353,1.91548,-1.90948,-0.151572
13354,1.91548,-1.90948,-0.151572
13355,2.07124,-2.06001,-0.215335
13356,2.07124,-2.06001,-0.215335
13357,2.07124,-2.06001,-0.215335
13358,2.2037,-2.18357,-0.297155
13359,2.25761,-2.23456,-0.321761
13360,2.25761,-2.23456,-0.321761
13361,2.22966,-2.21382,-0.265281
13362,2.31473,-2.27838,-0.408649
13363,2.28902,-2.26995,-0.294882
13364,2.25177,-2.20779,-0.442875
13365,2.28036,-2.22573,-0.496183
13366,2.36616,-2.29783,-0.564554
13367,2.18229,-2.11331,-0.544329
13368,2.18229,-2.11331,-0.544329
13369,2.0493,-1.99464,-0.470181
13370,2.0493,-1.99464,-0.470181
13371,2.08771,-2.03004,-0.487305
13372,2.06033,-2.01492,-0.430181
13373,1.94326,-1.91991,-0.300322
13374,1.94326,-1.91991,-0.300322
13375,2.02319,-2.01159,-0.216395
13376,2.04723,-2.04464,-0.102995
13377,2.03594,-2.03472,-0.0703974
13378,2.02327,-2.0225,-0.0559458
13379,2.02327,-2.0225,-0.0559458
13380,2.06748,-2.06556,-0.0891091
13381,2.10523,-2.1047,-0.0470375
13382,2.10523,-2.1047,-0.0470375
13383,2.13745,-2.13696,0.0456582
13384,2.10146,-2.10069,0.0571163
13385,2.02232,-2.02134,-0.0630929
13386,2.02232,-2.02134,-0.0630929
13387,2.07688,-2.07388,-0.111647
13388,2.21367,-2.20036,-0.242336
13389,2.27958,-2.24214,-0.411459
13390,2.27958,-2.24214,-0.411459
13391,2.19058,-2.17373,-0.271204
13392,2.22831,-2.21331,-0.25808
13393,2.3181,-2.3057,-0.239439
13394,2.25847,-2.25229,-0.167038
13395,2.22309,-2.20883,-0.251455
13396,2.2653,-2.25579,-0.207347
13397,2.2653,-2.25579,-0.207347
13398,2.22189,-2.21575,-0.165068
13399,2.02011,-2.00494,-0.247125
13400,2.02011,-2.00494,-0.247125
13401,2.03393,-1.97735,-0.47641
13402,2.02136,-1.96689,-0.466112
13403,2.03696,-2.00615,-0.352926
13404,2.03729,-1.99641,-0.406044
13405,2.03729,-1.99641,-0.406044
13406,2.03729,-1.99641,-0.406044
13407,2.13619,-2.08664,-0.457417
13408,2.07105,-2.03475,-0.386082
13409,2.04358,-2.03005,-0.234756
13410,2.065,-2.05619,-0.190523
13411,2.00029,-1.98018,-0.282974
13412,2.00029,-1.98018,-0.282974
13413,2.069,-2.04559,-0.310393
13414,1.952,-1.9235,-0.332336
13415,1.952,-1.9235,-0.332336
13416,1.9514,-1.93494,-0.252933
13417,1.9514,-1.93494,-0.252933
13418,1.85098,-1.8449,-0.149845
13419,1.70358,-1.7006,-0.100642
13420,1.77297,-1.76475,-0.170529
13421,1.77761,-1.77104,-0.152734
13422,1.74871,-1.74486,-0.115973
13423,1.74099,-1.74097,0.00813047
13424,1.74099,-1.74097,0.00813047
13425,1.74099,-1.74097,0.00813047
13426,1.81806,-1.8179,-0.0244933
13427,1.67064,-1.67037,0.0295228
13428,1.70633,-1.70602,0.0320269
13429,1.73431,-1.73204,0.0887719
13430,1.78952,-1.785,0.127135
13431,1.78952,-1.785,0.127135
13432,1.77789,-1.76585,0.206574
13433,1.68962,-1.68298,0.149657
13434,1.64971,-1.63725,0.202352
13435,1.62087,-1.60845,0.200271
13436,1.66507,-1.65616,0.171967
13437,1.67609,-1.67274,0.105991
13438,1.78069,-1.77836,0.0909983
13439,1.78069,-1.77836,0.0909983
13440,1.67503,-1.66615,0.172296
13441,1.67503,-1.66615,0.172296
13442,1.70135,-1.68489,0.23608
13443,1.66555,-1.65922,0.144978
13444,1.66555,-1.65922,0.144978
13445,1.62251,-1.61984,0.0930086
13446,1.62251,-1.61984,0.0930086
13447,1.64663,-1.64066,0.140027
13448,1.57446,-1.56569,0.165967
13449,1.57446,-1.56569,0.165967
13450,1.71281,-1.7016,0.195606
13451,1.60807,-1.60551,0.0907344
13452,1.60807,-1.60551,0.0907344
13453,1.67288,-1.67102,0.0787425
13454,1.66864,-1.66359,0.12981
13455,1.66864,-1.66359,0.12981
13456,1.66311,-1.66276,0.0342105
13457,1.66311,-1.66276,0.0342105
13458,1.69693,-1.69693,-0.000341659
13459,1.64595,-1.64274,-0.102817
13460,1.61521,-1.61102,-0.116214
13461,1.63251,-1.62069,-0.196126
13462,1.6672,-1.65041,-0.235971
13463,1.6672,-1.65041,-0.235971
13464,1.69306,-1.69061,-0.0909667
13465,1.74848,-1.74653,-0.0826786
13466,1.79236,-1.78947,-0.101662
13467,1.78296,-1.78174,-0.0660334
13468,1.7299,-1.71906,-0.193349
13469,1.68832,-1.67791,-0.187186
13470,1.69544,-1.67494,-0.26284
13471,1.71429,-1.69017,-0.28654
13472,1.71429,-1.69017,-0.28654
13473,1.71429,-1.69017,-0.28654
13474,1.85765,-1.83229,-0.305907
13475,1.97258,-1.95485,-0.263899
13476,1.97258,-1.95485,-0.263899
13477,1.94628,-1.91334,-0.356556
13478,1.93037,-1.91679,-0.228628
13479,1.8581,-1.85088,-0.163646
13480,1.8581,-1.85088,-0.163646
13481,1.8581,-1.85088,-0.163646
13482,1.8581,-1.85088,-0.163646
13483,1.8581,-1.85088,-0.163646
13484,1.80211,-1.79418,-0.168901
13485,1.80211,-1.79418,-0.168901
13486,1.75424,-1.73706,-0.244866
13487,1.75424,-1.73706,-0.244866
13488,1.75424,-1.73706,-0.244866
13489,1.80591,-1.79814,-0.167345
13490,1.76786,-1.75527,-0.210558
13491,1.89808,-1.88265,-0.241566
13492,1.89808,-1.88265,-0.241566
13493,1.91942,-1.89699,-0.292566
13494,1.8809,-1.87156,-0.187186
13495,1.83435,-1.82914,-0.138125
13496,1.83435,-1.82914,-0.138125
13497,1.83435,-1.82914,-0.138125
13498,1.87467,-1.86845,-0.152606
13499,1.87467,-1.86845,-0.152606
13500,1.81725,-1.81241,-0.132453
13501,1.82044,-1.80314,-0.250424
13502,1.78396,-1.77385,-0.189674
13503,1.78396,-1.77385,-0.189674
13504,1.78396,-1.77385,-0.189674
13505,1.70862,-1.6993,-0.178262
13506,1.70862,-1.6993,-0.178262
13507,1.64114,-1.63224,-0.170678
13508,1.64366,-1.62065,-0.274052
13509,1.60608,-1.56907,-0.342759
13510,1.60608,-1.56907,-0.342759
13511,1.58844,-1.54526,-0.367818
13512,1.58844,-1.54526,-0.367818
13513,1.71744,-1.66789,-0.409595
13514,1.67471,-1.62603,-0.400879
13515,1.73098,-1.6829,-0.405137
13516,1.73098,-1.6829,-0.405137
13517,1.73098,-1.6829,-0.405137
13518,1.75162,-1.6919,-0.45347
13519,1.75798,-1.72591,-0.334222
13520,1.72757,-1.68496,-0.38131
13521,1.72757,-1.68496,-0.38131
13522,1.72757,-1.68496,-0.38131
13523,1.66628,-1.59411,-0.485067
13524,1.63837,-1.54376,-0.54869
13525,1.68031,-1.57713,-0.579755
13526,1.6606,-1.57587,-0.523665
13527,1.75427,-1.64478,-0.610073
13528,1.75427,-1.64478,-0.610073
13529,1.71356,-1.56747,-0.692316
13530,1.71356,-1.56747,-0.692316
13531,1.71356,-1.56747,-0.692316
13532,1.69586,-1.59235,-0.583396
13533,1.69586,-1.59235,-0.583396
13534,1.6763,-1.58692,-0.540044
13535,1.64187,-1.52408,-0.610685
13536,1.63522,-1.49974,-0.651702
13537,1.66943,-1.46864,-0.79379
13538,1.55268,-1.42253,-0.622286
13539,1.6603,-1.49274,-0.726853
13540,1.64101,-1.40399,-0.849554
13541,1.64101,-1.40399,-0.849554
13542,1.64101,-1.40399,-0.849554
13543,1.64101,-1.40399,-0.849554
13544,1.64101,-1.40399,-0.849554
13545,1.60773,-1.40054,-0.789482
13546,1.6365,-1.45519,-0.748706
13547,1.63522,-1.42136,-0.808496
13548,1.66895,-1.46663,-0.796497
13549,1.66895,-1.46663,-0.796497
13550,1.82743,-1.56555,-0.942629
13551,1.77595,-1.49281,-0.962039
13552,1.85026,-1.57323,-0.973876
13553,1.71856,-1.43149,-0.950944
13554,1.7624,-1.45751,-0.990814
13555,1.82502,-1.43876,-1.12278
13556,1.8015,-1.39024,-1.1457
13557,1.78418,-1.30272,-1.2191
13558,1.77118,-1.28754,-1.21627
13559,1.72556,-1.24917,-1.19043
13560,1.72556,-1.24917,-1.19043
13561,1.86666,-1.31444,-1.3254
13562,1.86666,-1.31444,-1.3254
13563,1.86666,-1.31444,-1.3254
13564,1.79831,-1.25985,-1.28324
13565,1.83001,-1.36434,-1.21964
13566,1.70241,-1.23228,-1.17461
13567,1.66098,-1.21148,-1.1363
13568,1.63717,-1.10685,-1.20632
13569,1.58422,-1.06282,-1.17481
13570,1.64465,-1.08262,-1.23806
13571,1.59711,-1.15575,-1.10227
13572,1.60706,-1.13522,-1.1375
13573,1.60706,-1.13522,-1.1375
13574,1.62705,-1.17986,-1.12037
13575,1.6213,-1.23986,-1.04468
13576,1.5093,-1.1599,-0.965724
13577,1.49082,-1.10295,-1.00303
13578,1.64744,-1.22778,-1.09846
13579,1.64425,-1.18861,-1.13611
13580,1.64425,-1.18861,-1.13611
13581,1.64425,-1.18861,-1.13611
13582,1.64425,-1.18861,-1.13611
13583,1.64425,-1.18861,-1.13611
13584,1.64425,-1.18861,-1.13611
13585,1.64425,-1.18861,-1.13611
13586,1.64425,-1.18861,-1.13611
13587,1.64346,-1.14891,-1.17515
13588,1.54537,-1.08802,-1.09744
13589,1.54446,-1.01752,-1.1619
13590,1.54446,-1.01752,-1.1619
13591,1.69269,-1.13562,-1.25521
13592,1.69685,-1.13778,-1.25886
13593,1.69685,-1.13778,-1.25886
13594,1.69685,-1.13778,-1.25886
13595,1.69685,-1.13778,-1.25886
13596,1.7404,-1.22205,-1.23918
13597,1.7916,-1.25185,-1.28167
13598,1.95536,-1.28026,-1.47796
13599,1.95536,-1.28026,-1.47796
13600,1.97711,-1.37827,-1.4175
13601,2.08591,-1.42554,-1.52279
13602,2.06912,-1.40886,-1.51537
13603,2.06912,-1.40886,-1.51537
13604,1.98493,-1.37685,-1.42976
13605,1.90569,-1.39335,-1.30009
13606,1.90569,-1.39335,-1.30009
13607,1.95258,-1.44588,-1.31226
13608,1.88081,-1.37719,-1.28094
13609,1.88081,-1.37719,-1.28094
13610,2.01622,-1.50263,-1.34434
13611,1.95956,-1.43839,-1.33076
13612,1.88702,-1.39151,-1.27458
13613,1.96448,-1.43086,-1.34604
13614,2.01304,-1.50906,-1.33231
13615,1.86008,-1.36147,-1.26739
13616,1.95231,-1.39814,-1.36261
13617,1.95231,-1.39814,-1.36261
13618,1.98998,-1.4544,-1.35821
13619,1.96789,-1.459,-1.32058
13620,1.96789,-1.459,-1.32058
13621,1.94732,-1.43786,-1.31325
13622,2.02786,-1.55275,-1.3043
13623,2.03821,-1.56696,-1.30343
13624,2.03821,-1.56696,-1.30343
13625,2.03821,-1.56696,-1.30343
13626,2.03821,-1.56696,-1.30343
13627,2.03821,-1.56696,-1.30343
13628,2.05738,-1.56292,-1.33794
13629,2.11238,-1.62997,-1.34363
13630,2.09467,-1.55306,-1.40558
13631,2.09467,-1.55306,-1.40558
13632,2.03472,-1.57936,-1.28285
13633,2.08242,-1.62164,-1.30644
13634,2.09328,-1.68011,-1.24862
13635,2.02766,-1.5627,-1.29204
13636,2.03843,-1.54854,-1.3256
13637,2.03843,-1.54854,-1.3256
13638,2.04415,-1.54871,-1.33419
13639,2.05819,-1.516,-1.39207
13640,2.06062,-1.55367,-1.3536
13641,2.01905,-1.55681,-1.28565
13642,2.05869,-1.5655,-1.33694
13643,2.05869,-1.5655,-1.33694
13644,2.05869,-1.5655,-1.33694
13645,2.05869,-1.5655,-1.33694
13646,2.05869,-1.5655,-1.33694
13647,2.15596,-1.64746,-1.3907
13648,2.15596,-1.64746,-1.3907
13649,2.181,-1.5954,-1.4871
13650,2.11671,-1.40596,-1.58231
13651,2.25124,-1.50071,-1.67807
13652,2.27539,-1.39007,-1.80141
13653,2.29109,-1.37555,-1.8322
13654,2.17872,-1.21427,-1.80896
13655,2.24524,-1.24572,-1.86796
13656,2.20282,-1.12557,-1.89354
13657,2.16201,-1.09657,-1.86328
13658,2.16201,-1.09657,-1.86328
13659,2.14806,-1.08152,-1.85594
13660,2.09633,-1.01577,-1.8338
13661,2.14309,-1.03019,-1.87924
13662,2.20759,-1.15755,-1.87976
13663,2.06462,-1.03188,-1.78826
13664,2.06462,-1.03188,-1.78826
13665,2.15802,-1.15407,-1.8235
13666,2.10366,-1.10322,-1.79117
13667,2.00287,-0.973586,-1.75032
13668,1.9898,-0.971099,-1.73674
13669,1.9898,-0.971099,-1.73674
13670,2.14155,-1.08302,-1.84751
13671,2.07051,-1.10536,-1.75076
13672,1.91053,-1.14609,-1.52859
13673,1.93241,-1.10414,-1.5859
13674,1.93241,-1.10414,-1.5859
13675,1.95673,-1.1406,-1.58991
13676,1.95673,-1.1406,-1.58991
13677,1.92182,-0.945869,-1.67294
13678,2.01609,-1.13173,-1.66847
13679,2.01609,-1.13173,-1.66847
13680,2.01609,-1.13173,-1.66847
13681,2.01609,-1.13173,-1.66847
13682,2.01609,-1.13173,-1.66847
13683,2.10494,-1.17937,-1.74351
13684,2.00085,-1.10334,-1.66915
13685,2.00085,-1.10334,-1.66915
13686,2.02052,-1.04814,-1.7274
13687,1.95086,-1.05455,-1.64128
13688,2.00135,-0.945986,-1.76366
13689,1.99171,-0.838385,-1.80666
13690,2.05755,-0.715359,-1.92919
13691,2.05755,-0.715359,-1.92919
13692,2.08778,-0.793637,-1.93105
13693,2.08778,-0.793637,-1.93105
13694,2.08778,-0.793637,-1.93105
13695,1.95807,-0.808908,-1.78317
13696,1.95807,-0.808908,-1.78317
13697,1.94822,-0.859661,-1.7483
13698,1.96944,-0.716831,-1.83435
13699,1.9212,-0.832462,-1.73148
13700,1.87754,-0.805693,-1.69589
13701,1.96316,-0.975043,-1.7039
13702,1.95554,-1.11448,-1.60689
13703,1.95554,-1.11448,-1.60689
13704,1.95554,-1.11448,-1.60689
13705,1.93763,-1.04245,-1.63331
13706,1.94738,-1.04537,-1.64301
13707,1.95824,-1.03702,-1.66111
13708,1.95824,-1.03702,-1.66111
13709,1.91663,-1.02422,-1.62001
13710,2.0134,-1.07028,-1.70536
13711,1.94691,-1.05014,-1.63941
13712,1.94691,-1.05014,-1.63941
13713,1.93701,-1.03814,-1.63531
13714,2.07657,-1.12069,-1.7482
13715,2.03825,-1.10906,-1.7101
13716,2.01608,-1.18734,-1.62936
13717,1.99467,-1.15479,-1.6264
13718,1.99467,-1.15479,-1.6264
13719,2.00097,-1.24463,-1.56678
13720,2.00097,-1.24463,-1.56678
13721,2.05079,-1.2098,-1.65594
13722,2.08445,-1.15915,-1.73243
13723,2.14688,-1.3497,-1.66955
13724,2.13441,-1.40932,-1.60296
13725,2.2298,-1.44617,-1.69722
13726,2.23535,-1.56062,-1.60039
13727,2.35789,-1.67629,-1.65823
13728,2.35789,-1.67629,-1.65823
13729,2.35789,-1.67629,-1.65823
13730,2.35789,-1.67629,-1.65823
13731,2.35789,-1.67629,-1.65823
13732,2.12769,-1.44706,-1.55983
13733,2.02904,-1.3268,-1.53513
13734,2.05387,-1.33569,-1.56022
13735,2.05387,-1.33569,-1.56022
13736,2.05387,-1.33569,-1.56022
13737,2.11702,-1.36669,-1.61676
13738,2.11702,-1.36669,-1.61676
13739,2.02962,-1.33482,-1.52893
13740,2.02962,-1.33482,-1.52893
13741,2.02962,-1.33482,-1.52893
13742,1.98358,-1.25009,-1.54009
13743,1.98358,-1.25009,-1.54009
13744,2.0237,-1.27828,-1.56888
13745,2.09724,-1.31424,-1.63437
13746,2.09724,-1.31424,-1.63437
13747,2.09724,-1.31424,-1.63437
13748,2.1578,-1.4244,-1.62086
13749,2.14623,-1.45851,-1.5745
13750,2.09924,-1.44295,-1.5247
13751,2.12197,-1.41919,-1.57755
13752,2.14279,-1.48212,-1.54754
13753,2.14279,-1.48212,-1.54754
13754,2.20615,-1.50274,-1.6152
13755,2.20615,-1.50274,-1.6152
13756,2.11329,-1.39159,-1.59044
13757,2.11329,-1.39159,-1.59044
13758,2.11329,-1.39159,-1.59044
13759,2.12963,-1.42772,-1.58016
13760,2.13915,-1.49933,-1.52578
13761,2.06968,-1.34173,-1.57586
13762,2.08113,-1.33515,-1.5964
13763,2.04618,-1.34726,-1.54005
13764,2.04618,-1.34726,-1.54005
13765,2.05102,-1.33197,-1.55965
13766,2.05102,-1.33197,-1.55965
13767,2.00231,-1.19719,-1.60499
13768,2.02473,-1.30001,-1.55225
13769,2.0745,-1.37575,-1.5527
13770,2.07004,-1.28991,-1.61901
13771,2.07004,-1.28991,-1.61901
13772,2.07441,-1.26232,-1.64613
13773,2.07441,-1.26232,-1.64613
13774,2.16146,-1.32499,-1.70772
13775,2.09543,-1.30236,-1.64155
13776,1.99828,-1.16458,-1.62385
13777,2.04015,-1.33585,-1.54199
13778,1.99387,-1.28091,-1.528
13779,2.0117,-1.29075,-1.54301
13780,2.03593,-1.27015,-1.59114
13781,1.96438,-1.14665,-1.59499
13782,1.96438,-1.14665,-1.59499
13783,2.02011,-1.10922,-1.68834
13784,2.00252,-1.08187,-1.68512
13785,2.00252,-1.08187,-1.68512
13786,2.00252,-1.08187,-1.68512
13787,2.00252,-1.08187,-1.68512
13788,1.88552,-1.15619,-1.48942
13789,1.88033,-1.24295,-1.41092
13790,1.88033,-1.24295,-1.41092
13791,1.88033,-1.24295,-1.41092
13792,1.87136,-1.20655,-1.43046
13793,1.87136,-1.20655,-1.43046
13794,1.87136,-1.20655,-1.43046
13795,1.82378,-1.13028,-1.43131
13796,1.83609,-1.08472,-1.48142
13797,1.83609,-1.08472,-1.48142
13798,1.84102,-1.16811,-1.42298
13799,1.84102,-1.16811,-1.42298
13800,1.88754,-1.13291,-1.50974
13801,1.78644,-1.10801,-1.40131
13802,1.81549,-1.08408,-1.45629
13803,1.79619,-1.1113,-1.41114
13804,1.71985,-1.17065,-1.25994
13805,1.71985,-1.17065,-1.25994
13806,1.70946,-1.10976,-1.30026
13807,1.73289,-1.16558,-1.28231
13808,1.73289,-1.16558,-1.28231
13809,1.84162,-1.16361,-1.42744
13810,1.84162,-1.16361,-1.42744
13811,1.8411,-1.20799,-1.38939
13812,1.86056,-1.27145,-1.35835
13813,1.8678,-1.2896,-1.35115
13814,1.91335,-1.33054,-1.37499
13815,1.89164,-1.35773,-1.31715
13816,1.89164,-1.35773,-1.31715
13817,1.90445,-1.29401,-1.3973
13818,1.90445,-1.29401,-1.3973
13819,1.89456,-1.30771,-1.37085
13820,1.86632,-1.19554,-1.43312
13821,1.86632,-1.19554,-1.43312
13822,1.89318,-1.19985,-1.4644
13823,1.92599,-1.30584,-1.41571
13824,1.90503,-1.26314,-1.42605
13825,1.91969,-1.22165,-1.48081
13826,1.93481,-1.40499,-1.33022
13827,1.93481,-1.40499,-1.33022
13828,2.01058,-1.47572,-1.36553
13829,1.97766,-1.49835,-1.29078
13830,1.97766,-1.49835,-1.29078
13831,1.88373,-1.34701,-1.31681
13832,1.88373,-1.34701,-1.31681
13833,1.88373,-1.34701,-1.31681
13834,1.85312,-1.25503,-1.36344
13835,1.77321,-1.13532,-1.3621
13836,1.80447,-1.15711,-1.38464
13837,1.7952,-0.957322,-1.51864
13838,1.77663,-0.951005,-1.50066
13839,1.88739,-0.984654,-1.61019
13840,1.88739,-0.984654,-1.61019
13841,1.8251,-0.837765,-1.62146
13842,1.86731,-0.915824,-1.6273
13843,1.86731,-0.915824,-1.6273
13844,1.86731,-0.915824,-1.6273
13845,1.92307,-0.913976,-1.692
13846,1.92307,-0.913976,-1.692
13847,1.93641,-0.974601,-1.67328
13848,1.89132,-1.0171,-1.59455
13849,1.89251,-0.909559,-1.65961
13850,1.87585,-0.991877,-1.59216
13851,1.94775,-0.973301,-1.68714
13852,2.03791,-0.881306,-1.83749
13853,2.03791,-0.881306,-1.83749
13854,2.03791,-0.881306,-1.83749
13855,1.99915,-0.84009,-1.81408
13856,2.00918,-0.823241,-1.83278
13857,1.96862,-0.704681,-1.83817
13858,1.93892,-0.701461,-1.80759
13859,1.87205,-0.740506,-1.71936
13860,1.87205,-0.740506,-1.71936
13861,1.93193,-0.823817,-1.74747
13862,1.93193,-0.823817,-1.74747
13863,1.84144,-0.93321,-1.58746
13864,1.84144,-0.93321,-1.58746
13865,1.85489,-0.920144,-1.61058
13866,1.85848,-0.821559,-1.66702
13867,1.93143,-0.925948,-1.695
13868,1.92105,-0.883458,-1.70585
13869,1.96284,-0.902816,-1.74289
13870,1.88533,-0.887396,-1.66342
13871,1.85413,-0.882437,-1.63068
13872,1.88038,-1.02764,-1.57474
13873,1.86663,-1.01005,-1.56975
13874,1.84246,-1.00204,-1.54615
13875,1.8705,-1.04524,-1.55121
13876,1.82916,-0.90935,-1.58711
13877,1.81073,-0.937375,-1.54921
13878,1.7988,-0.922837,-1.54404
13879,1.8178,-0.8318,-1.61633
13880,1.83574,-0.774517,-1.66435
13881,1.83574,-0.774517,-1.66435
13882,1.83574,-0.774517,-1.66435
13883,1.83574,-0.774517,-1.66435
13884,1.83574,-0.774517,-1.66435
13885,1.781,-0.725204,-1.62666
13886,1.84807,-0.733621,-1.69623
13887,1.98264,-0.711789,-1.85046
13888,2.03155,-0.826689,-1.85574
13889,2.03155,-0.826689,-1.85574
13890,2.04997,-0.775549,-1.8976
13891,2.14389,-0.8509,-1.9678
13892,2.22062,-0.714186,-2.10264
13893,2.12753,-0.623361,-2.03416
13894,2.12753,-0.623361,-2.03416
13895,2.21636,-0.856725,-2.04409
13896,2.20437,-0.90588,-2.00964
13897,2.14341,-0.955899,-1.91845
13898,2.14341,-0.955899,-1.91845
13899,2.16455,-0.823627,-2.00172
13900,2.22632,-0.922946,-2.026
13901,2.15445,-0.928262,-1.94421
13902,2.15445,-0.928262,-1.94421
13903,2.24531,-0.915361,-2.05025
13904,2.24531,-0.915361,-2.05025
13905,2.31352,-0.93267,-2.11719
13906,2.29115,-0.965344,-2.07785
13907,2.15119,-0.938102,-1.93586
13908,2.16394,-0.820199,-2.00248
13909,2.23069,-0.922453,-2.03103
13910,2.17917,-0.923,-1.97405
13911,2.15134,-0.894381,-1.95661
13912,2.15134,-0.894381,-1.95661
13913,2.15134,-0.894381,-1.95661
13914,2.15134,-0.894381,-1.95661
13915,2.14856,-0.732855,-2.01971
13916,2.13829,-0.755208,-2.00049
13917,2.13829,-0.755208,-2.00049
13918,2.16427,-0.742674,-2.03285
13919,2.16573,-0.796334,-2.01401
13920,2.23812,-0.825337,-2.08039
13921,2.09045,-0.697078,-1.9708
13922,2.09045,-0.697078,-1.9708
13923,2.09045,-0.697078,-1.9708
13924,2.09045,-0.697078,-1.9708
13925,2.19223,-0.796077,-2.04257
13926,2.11447,-0.579442,-2.03353
13927,2.16074,-0.626287,-2.06799
13928,2.23435,-0.520719,-2.17283
13929,2.1556,-0.531944,-2.08894
13930,2.1556,-0.531944,-2.08894
13931,2.18634,-0.551045,-2.11576
13932,2.18634,-0.551045,-2.11576
13933,2.22251,-0.690752,-2.11244
13934,2.22251,-0.690752,-2.11244
13935,2.22251,-0.690752,-2.11244
13936,2.20391,-0.572224,-2.12832
13937,2.19932,-0.555439,-2.12803
13938,2.17759,-0.640513,-2.08126
13939,2.20887,-0.643763,-2.11298
13940,2.20778,-0.765606,-2.07079
13941,2.07204,-0.655156,-1.96574
13942,2.07204,-0.655156,-1.96574
13943,2.08486,-0.644617,-1.9827
13944,2.11407,-0.70357,-1.99356
13945,2.1073,-0.671931,-1.9973
13946,2.08515,-0.578474,-2.0033
13947,2.12111,-0.60613,-2.03266
13948,2.12111,-0.60613,-2.03266
13949,2.041,-0.647025,-1.93572
13950,2.041,-0.647025,-1.93572
13951,2.041,-0.647025,-1.93572
13952,2.03676,-0.595091,-1.94789
13953,2.03676,-0.595091,-1.94789
13954,1.98201,-0.469647,-1.92556
13955,2.10948,-0.533901,-2.0408
13956,2.01275,-0.571566,-1.92989
13957,1.91943,-0.541717,-1.8414
13958,1.91943,-0.541717,-1.8414
13959,1.91943,-0.541717,-1.8414
13960,1.9242,-0.55882,-1.84126
13961,1.90085,-0.607259,-1.80124
13962,1.89028,-0.677621,-1.76465
13963,1.89028,-0.677621,-1.76465
13964,1.82927,-0.595649,-1.72958
13965,1.83886,-0.466828,-1.77861
13966,1.83886,-0.466828,-1.77861
13967,1.87335,-0.43913,-1.82115
13968,1.87335,-0.43913,-1.82115
13969,1.85588,-0.46531,-1.7966
13970,1.86006,-0.501099,-1.79129
13971,1.81605,-0.468306,-1.75463
13972,1.92707,-0.569178,-1.8411
13973,1.84284,-0.639516,-1.72831
13974,1.9651,-0.585387,-1.87589
13975,1.9651,-0.585387,-1.87589
13976,1.96069,-0.479967,-1.90104
13977,1.91656,-0.406459,-1.87296
13978,1.89933,-0.404967,-1.85565
13979,1.85055,-0.427285,-1.80055
13980,1.85055,-0.427285,-1.80055
13981,1.95856,-0.466929,-1.90209
13982,1.95856,-0.466929,-1.90209
13983,1.89051,-0.33601,-1.86041
13984,1.93604,-0.402156,-1.89381
13985,1.96576,-0.233555,-1.95184
13986,1.96568,-0.166687,-1.9586
13987,1.96568,-0.166687,-1.9586
13988,2.04939,-0.0950144,-2.04719
13989,2.04939,-0.0950144,-2.04719
13990,2.07046,-0.329779,-2.04402
13991,2.03387,-0.339659,-2.00531
13992,2.14753,-0.443802,-2.10118
13993,2.15511,-0.299181,-2.13424
13994,2.13437,-0.153097,-2.12887
13995,2.11777,-0.240376,-2.10409
13996,2.02602,-0.234297,-2.01242
13997,2.06322,-0.111859,-2.06019
13998,1.98282,-0.133591,-1.97831
13999,1.93531,-0.198852,-1.92506
14000,2.08596,-0.184845,-2.07775
14001,2.17942,-0.199893,-2.17024
14002,2.18905,-0.156469,-2.18345
14003,2.18905,-0.156469,-2.18345
14004,2.15458,-0.146224,-2.14961
14005,2.07776,-0.13352,-2.07346
14006,2.07776,-0.13352,-2.07346
14007,1.97858,-0.0537551,-1.97785
14008,2.01579,-0.00980306,-2.01576
14009,2.03903,0.0527273,-2.03835
14010,2.01846,-0.0431684,-2.018
14011,2.04437,-0.114101,-2.04119
14012,2.0482,-0.19448,-2.03895
14013,2.04658,-0.245949,-2.03175
14014,2.02688,-0.232141,-2.01354
14015,2.02688,-0.232141,-2.01354
14016,2.09812,-0.288286,-2.07823
14017,2.0437,-0.252739,-2.02801
14018,1.99181,-0.250663,-1.97598
14019,1.99181,-0.250663,-1.97598
14020,1.98216,-0.278728,-1.96246
14021,1.90746,-0.293775,-1.8847
14022,1.94251,-0.380325,-1.90491
14023,1.89583,-0.447323,-1.8423
14024,1.89,-0.537111,-1.81208
14025,1.90063,-0.495061,-1.83502
14026,2.02506,-0.561454,-1.94568
14027,1.99558,-0.515215,-1.92793
14028,1.91471,-0.463661,-1.85773
14029,1.95121,-0.437472,-1.90154
14030,1.88448,-0.567092,-1.79713
14031,1.88448,-0.567092,-1.79713
14032,1.90315,-0.512785,-1.83276
14033,1.90315,-0.512785,-1.83276
14034,1.93912,-0.473878,-1.88033
14035,1.97214,-0.578251,-1.88546
14036,1.90798,-0.491304,-1.84364
14037,1.92587,-0.535524,-1.84991
14038,1.90073,-0.54185,-1.82186
14039,1.90073,-0.54185,-1.82186
14040,1.90073,-0.54185,-1.82186
14041,1.99192,-0.663936,-1.87801
14042,1.96833,-0.499727,-1.90384
14043,1.99012,-0.55345,-1.91161
14044,1.99012,-0.55345,-1.91161
14045,1.99012,-0.55345,-1.91161
14046,1.99012,-0.55345,-1.91161
14047,1.99012,-0.55345,-1.91161
14048,1.89825,-0.509428,-1.82861
14049,1.88134,-0.49004,-1.8164
14050,1.82287,-0.501478,-1.75254
14051,1.82287,-0.501478,-1.75254
14052,1.91095,-0.49146,-1.84668
14053,1.82803,-0.470321,-1.76649
14054,1.80751,-0.481388,-1.74222
14055,1.8309,-0.307872,-1.80482
14056,1.8309,-0.307872,-1.80482
14057,1.83515,-0.262559,-1.81628
14058,1.83515,-0.262559,-1.81628
14059,1.83197,-0.258905,-1.81359
14060,1.90721,-0.272175,-1.88769
14061,1.78288,-0.165598,-1.77517
14062,1.81493,-0.106487,-1.8118
14063,1.79797,-0.169271,-1.78999
14064,1.85966,-0.249545,-1.84284
14065,1.85966,-0.249545,-1.84284
14066,1.75474,-0.151626,-1.74818
14067,1.69861,-0.0170155,-1.69853
14068,1.72857,0.00736287,-1.72855
14069,1.63876,0.00880393,-1.63874
14070,1.72001,0.140292,-1.71427
14071,1.72001,0.140292,-1.71427
14072,1.73916,0.0519365,-1.73839
14073,1.7555,-0.102358,-1.75251
14074,1.62545,0.0194169,-1.62534
14075,1.52574,-0.0516774,-1.52486
14076,1.60377,0.0722675,-1.60214
14077,1.68044,0.0882031,-1.67813
14078,1.68044,0.0882031,-1.67813
14079,1.70203,0.0132075,-1.70198
14080,1.69571,0.0316725,-1.69541
14081,1.69571,0.0316725,-1.69541
14082,1.71514,0.0434439,-1.71459
14083,1.7464,-0.0869021,-1.74424
14084,1.7464,-0.0869021,-1.74424
14085,1.75376,-0.0839136,-1.75175
14086,1.7805,-0.0418357,-1.78001
14087,1.79518,-0.155931,-1.7884
14088,1.74384,-0.161952,-1.7363
14089,1.78599,-0.186766,-1.7762
14090,1.78991,-0.197428,-1.77899
14091,1.78991,-0.197428,-1.77899
14092,1.89323,-0.19007,-1.88366
14093,1.89323,-0.19007,-1.88366
14094,1.89323,-0.19007,-1.88366
14095,1.90792,-0.0689429,-1.90667
14096,1.90792,-0.0689429,-1.90667
14097,1.86298,-0.242702,-1.8471
14098,1.86298,-0.242702,-1.8471
14099,1.87654,-0.290236,-1.85396
14100,1.87654,-0.290236,-1.85396
14101,1.87908,-0.249413,-1.86245
14102,1.94609,-0.137815,-1.9412
14103,1.89736,0.00479936,-1.89735
14104,1.93723,-0.00514564,-1.93722
14105,1.92163,0.0514666,-1.92094
14106,1.91076,-0.0465974,-1.91019
14107,1.99763,-0.0930587,-1.99546
14108,1.99763,-0.0930587,-1.99546
14109,1.99585,-0.0865324,-1.99398
14110,2.06718,-0.0959695,-2.06495
14111,2.06718,-0.0959695,-2.06495
14112,1.94482,-0.0433192,-1.94434
14113,1.94693,-0.174904,-1.93906
14114,2.03273,-0.22813,-2.01989
14115,2.03273,-0.22813,-2.01989
14116,2.03345,-0.108478,-2.03055
14117,2.29243,-0.166508,-2.28638
14118,2.17542,-0.16123,-2.16944
14119,2.19757,-0.0350867,-2.19729
14120,2.34492,0.0914054,-2.34314
14121,2.29431,-0.0244304,-2.29418
14122,2.2259,-0.0572605,-2.22516
14123,2.10227,-0.131756,-2.09814
14124,2.10227,-0.131756,-2.09814
14125,2.10604,-0.115888,-2.10285
14126,2.08565,0.0691057,-2.0845
14127,2.0356,0.0964486,-2.03331
14128,2.19665,0.141737,-2.19207
14129,2.24379,0.160793,-2.23802
14130,2.18584,0.161071,-2.1799
14131,2.22169,0.154899,-2.21629
14132,2.22169,0.154899,-2.21629
14133,2.22169,0.154899,-2.21629
14134,2.24814,0.106399,-2.24562
14135,2.23638,0.266144,-2.22049
14136,2.22088,0.206102,-2.2113
14137,2.16344,0.346211,-2.13556
14138,2.08497,0.320327,-2.06021
14139,2.05391,0.314582,-2.02968
14140,2.11911,0.212031,-2.10847
14141,2.13951,0.31878,-2.11563
14142,2.07746,0.342048,-2.04911
14143,2.07746,0.342048,-2.04911
14144,2.19292,0.450443,-2.14616
14145,2.1575,0.356004,-2.12792
14146,2.1575,0.356004,-2.12792
14147,2.19742,0.325103,-2.17324
14148,2.14572,0.400476,-2.10801
14149,2.14016,0.590934,-2.05696
14150,2.03602,0.462911,-1.9827
14151,2.03602,0.462911,-1.9827
14152,1.95737,0.317176,-1.9315
14153,1.95737,0.317176,-1.9315
14154,2.00467,0.418505,-1.9605
14155,2.00467,0.418505,-1.9605
14156,2.04163,0.403483,-2.00136
14157,1.94424,0.391657,-1.90439
14158,2.01149,0.402656,-1.97077
14159,2.02663,0.364073,-1.99366
14160,1.98041,0.485808,-1.9199
14161,1.98041,0.485808,-1.9199
14162,1.98041,0.485808,-1.9199
14163,1.98434,0.488223,-1.92334
14164,2.01394,0.443469,-1.96451
14165,2.09037,0.42576,-2.04655
14166,2.09037,0.42576,-2.04655
14167,2.13332,0.384505,-2.09839
14168,2.07038,0.448925,-2.02113
14169,1.99064,0.460411,-1.93666
14170,1.99064,0.460411,-1.93666
14171,2.11897,0.59769,-2.03293
14172,2.10134,0.654124,-1.99694
14173,1.99206,0.712055,-1.86045
14174,1.99206,0.712055,-1.86045
14175,2.1122,0.77604,-1.96447
14176,2.04438,0.729905,-1.90964
14177,2.07058,0.712078,-1.94429
14178,1.97524,0.661974,-1.86101
14179,1.98435,0.631737,-1.8811
14180,1.99775,0.628602,-1.89627
14181,1.99775,0.628602,-1.89627
14182,1.99775,0.628602,-1.89627
14183,1.99531,0.633409,-1.8921
14184,1.98915,0.454379,-1.93656
14185,1.98915,0.454379,-1.93656
14186,1.98915,0.454379,-1.93656
14187,2.02719,0.42177,-1.98283
14188,1.91295,0.272601,-1.89342
14189,1.90048,0.375124,-1.86309
14190,1.90177,0.208143,-1.89035
14191,1.94494,0.347555,-1.91364
14192,1.94494,0.347555,-1.91364
14193,1.94494,0.347555,-1.91364
14194,1.94494,0.347555,-1.91364
14195,1.91506,0.312887,-1.88932
14196,1.91506,0.312887,-1.88932
14197,1.81481,0.280005,-1.79307
14198,1.95867,0.355851,-1.92607
14199,1.95867,0.355851,-1.92607
14200,1.98826,0.357755,-1.95581
14201,1.98826,0.357755,-1.95581
14202,2.04025,0.417229,-1.99714
14203,2.04025,0.417229,-1.99714
14204,2.04025,0.417229,-1.99714
14205,2.01978,0.367759,-1.98601
14206,2.07433,0.354445,-2.04383
14207,2.03356,0.0956264,-2.03131
14208,2.03356,0.0956264,-2.03131
14209,2.03356,0.0956264,-2.03131
14210,1.90629,0.0275829,-1.90609
14211,1.81907,-0.0454345,-1.8185
14212,1.81031,-0.0157384,-1.81024
14213,1.80427,0.018843,-1.80418
14214,1.87055,-0.042819,-1.87006
14215,1.94841,-0.0901332,-1.94633
14216,1.94841,-0.0901332,-1.94633
14217,1.89265,-0.0527595,-1.89191
14218,1.89265,-0.0527595,-1.89191
14219,1.88213,0.0103399,-1.8821
14220,1.87068,0.0771493,-1.86909
14221,1.82769,0.118606,-1.82384
14222,1.82769,0.118606,-1.82384
14223,1.82769,0.118606,-1.82384
14224,1.82769,0.118606,-1.82384
14225,1.80384,0.00705723,-1.80383
14226,1.74499,0.0507051,-1.74425
14227,1.66285,-0.00693437,-1.66284
14228,1.74033,-0.0678225,-1.73901
14229,1.79714,-0.0799831,-1.79536
14230,1.6872,0.0347753,-1.68684
14231,1.70855,0.00535536,-1.70854
14232,1.69145,-0.0532,-1.69061
14233,1.69145,-0.0532,-1.69061
14234,1.69145,-0.0532,-1.69061
14235,1.69145,-0.0532,-1.69061
14236,1.68907,0.0793644,-1.6872
14237,1.64949,0.0314207,-1.64919
14238,1.71246,0.000967582,-1.71246
14239,1.61617,-0.00323105,-1.61616
14240,1.63736,0.0444047,-1.63676
14241,1.60278,0.0849161,-1.60052
14242,1.64308,-0.018903,-1.64298
14243,1.56272,0.01038,-1.56269
14244,1.57749,0.0942449,-1.57468
14245,1.64319,0.0782044,-1.64132
14246,1.69128,0.028562,-1.69104
14247,1.72811,0.00935896,-1.72809
14248,1.72811,0.00935896,-1.72809
14249,1.72811,0.00935896,-1.72809
14250,1.72811,0.00935896,-1.72809
14251,1.81392,0.155859,-1.80721
14252,1.84079,0.02622,-1.8406
14253,1.84079,0.02622,-1.8406
14254,1.84079,0.02622,-1.8406
14255,1.81261,-0.15064,-1.80634
14256,1.71062,-0.0445325,-1.71004
14257,1.73281,-0.0717219,-1.73133
14258,1.75405,-0.104284,-1.75095
14259,1.76441,-0.186905,-1.75449
14260,1.75802,-0.220581,-1.74412
14261,1.75802,-0.220581,-1.74412
14262,1.76346,-0.234484,-1.7478
14263,1.77561,-0.300389,-1.75001
14264,1.77561,-0.300389,-1.75001
14265,1.79414,-0.397746,-1.7495
14266,1.79414,-0.397746,-1.7495
14267,1.79414,-0.397746,-1.7495
14268,1.79414,-0.397746,-1.7495
14269,1.75359,-0.361514,-1.71592
14270,1.90777,-0.507306,-1.83909
14271,1.81582,-0.420436,-1.76648
14272,1.81582,-0.420436,-1.76648
14273,1.81582,-0.420436,-1.76648
14274,1.9201,-0.271879,-1.90075
14275,1.97581,-0.350168,-1.94454
14276,1.94066,-0.38553,-1.90197
14277,1.84863,-0.371014,-1.81101
14278,1.91808,-0.505583,-1.85025
14279,1.94409,-0.599719,-1.84928
14280,1.99329,-0.690169,-1.86999
14281,1.95877,-0.595646,-1.86601
14282,1.95877,-0.595646,-1.86601
14283,1.93382,-0.649439,-1.82151
14284,1.93382,-0.649439,-1.82151
14285,1.93382,-0.649439,-1.82151
14286,1.93382,-0.649439,-1.82151
14287,1.93129,-0.667156,-1.8124
14288,1.93129,-0.667156,-1.8124
14289,2.02391,-0.711157,-1.89485
14290,2.07867,-0.579368,-1.9963
14291,1.97911,-0.522304,-1.90895
14292,1.97911,-0.522304,-1.90895
14293,1.94899,-0.536856,-1.87359
14294,2.03744,-0.521325,-1.96961
14295,2.04766,-0.472055,-1.9925
14296,2.04256,-0.489924,-1.98294
14297,1.88501,-0.520589,-1.8117
14298,1.86808,-0.611058,-1.76531
14299,1.83194,-0.688075,-1.69781
14300,1.78655,-0.719533,-1.63525
14301,1.88467,-0.658436,-1.76591
14302,1.92818,-0.570608,-1.84181
14303,1.89044,-0.538579,-1.8121
14304,1.87067,-0.495416,-1.80387
14305,1.80635,-0.378145,-1.76632
14306,1.77522,-0.431816,-1.7219
14307,1.77522,-0.431816,-1.7219
14308,1.86146,-0.514861,-1.78884
14309,1.79727,-0.459601,-1.73751
14310,1.68918,-0.415235,-1.63735
14311,1.78416,-0.46336,-1.72294
14312,1.78416,-0.46336,-1.72294
14313,1.80984,-0.541891,-1.72681
14314,1.79911,-0.660377,-1.67352
14315,1.77203,-0.71915,-1.61954
14316,1.81342,-0.766669,-1.64339
14317,1.88622,-0.848008,-1.68485
14318,1.78451,-0.838449,-1.57527
14319,1.78451,-0.838449,-1.57527
14320,1.78451,-0.838449,-1.57527
14321,1.78174,-0.700855,-1.63811
14322,1.76443,-0.64401,-1.6427
14323,1.76443,-0.64401,-1.6427
14324,1.83526,-0.55658,-1.74883
14325,1.83526,-0.55658,-1.74883
14326,1.83578,-0.606723,-1.73263
14327,1.75149,-0.604791,-1.64376
14328,1.75149,-0.604791,-1.64376
14329,1.87577,-0.661992,-1.75507
14330,1.96637,-0.574923,-1.88045
14331,1.91848,-0.514029,-1.84834
14332,1.92305,-0.571686,-1.83611
14333,1.93552,-0.529672,-1.86164
14334,1.95368,-0.575759,-1.86691
14335,1.95368,-0.575759,-1.86691
14336,1.93111,-0.516129,-1.86086
14337,1.93111,-0.516129,-1.86086
14338,1.99059,-0.503223,-1.92594
14339,1.9415,-0.445964,-1.88959
14340,2.00272,-0.43208,-1.95555
14341,2.00272,-0.43208,-1.95555
14342,2.02713,-0.412089,-1.9848
14343,2.01213,-0.345757,-1.9822
14344,1.9509,-0.359637,-1.91746
14345,1.9509,-0.359637,-1.91746
14346,1.92328,-0.273414,-1.90375
14347,2.02624,-0.210524,-2.01527
14348,2.02624,-0.210524,-2.01527
14349,1.93721,-0.0157905,-1.93715
14350,1.88642,-0.183351,-1.87749
14351,1.82899,-0.276044,-1.80804
14352,1.82899,-0.276044,-1.80804
14353,1.87702,-0.374872,-1.8392
14354,1.85427,-0.292464,-1.83106
14355,1.8504,-0.348608,-1.81726
14356,1.83604,-0.344795,-1.80337
14357,1.81482,-0.378354,-1.77494
14358,1.70331,-0.302664,-1.6762
14359,1.82991,-0.326419,-1.80056
14360,1.84138,-0.415229,-1.79395
14361,1.84423,-0.354114,-1.80991
14362,1.84219,-0.398778,-1.79851
14363,1.84219,-0.398778,-1.79851
14364,1.84219,-0.398778,-1.79851
14365,1.83553,-0.201574,-1.82442
14366,1.83553,-0.201574,-1.82442
14367,1.92905,-0.25139,-1.9126
14368,1.92905,-0.25139,-1.9126
14369,1.92905,-0.25139,-1.9126
14370,1.92533,-0.361776,-1.89104
14371,2.01118,-0.481115,-1.95279
14372,1.98906,-0.408204,-1.94673
14373,1.98906,-0.408204,-1.94673
14374,1.98906,-0.408204,-1.94673
14375,1.91538,-0.433148,-1.86576
14376,1.92415,-0.514289,-1.85415
14377,1.88514,-0.445691,-1.8317
14378,1.94489,-0.524401,-1.87286
14379,1.94546,-0.585313,-1.85532
14380,1.98956,-0.584336,-1.90181
14381,1.98956,-0.584336,-1.90181
14382,2.0243,-0.666708,-1.91136
14383,2.0243,-0.666708,-1.91136
14384,2.0179,-0.557574,-1.93934
14385,2.0179,-0.557574,-1.93934
14386,2.06525,-0.598803,-1.97654
14387,1.87859,-0.505426,-1.80933
14388,1.99702,-0.688065,-1.87474
14389,1.99273,-0.562316,-1.91175
14390,1.9536,-0.567804,-1.86926
14391,1.86049,-0.583655,-1.76658
14392,1.85473,-0.606469,-1.75277
14393,1.887,-0.583475,-1.79452
14394,1.887,-0.583475,-1.79452
14395,1.93464,-0.669776,-1.815
14396,2.04971,-0.696475,-1.92775
14397,2.00038,-0.71194,-1.8694
14398,1.99508,-0.620748,-1.89605
14399,1.96474,-0.644894,-1.85589
14400,1.96474,-0.644894,-1.85589
14401,2.1023,-0.812298,-1.93902
14402,2.01513,-0.807695,-1.84617
14403,2.02075,-0.783675,-1.8626
14404,1.97065,-0.744506,-1.8246
14405,1.97065,-0.744506,-1.8246
14406,1.97065,-0.744506,-1.8246
14407,1.82429,-0.734751,-1.66979
14408,1.75191,-0.778434,-1.56946
14409,1.77818,-0.760139,-1.60751
14410,1.7765,-0.724791,-1.62193
14411,1.7765,-0.724791,-1.62193
14412,1.7765,-0.724791,-1.62193
14413,1.7765,-0.724791,-1.62193
14414,1.6893,-0.679268,-1.54671
14415,1.69035,-0.572433,-1.59048
14416,1.69035,-0.572433,-1.59048
14417,1.69035,-0.572433,-1.59048
14418,1.70909,-0.640709,-1.58445
14419,1.84148,-0.662438,-1.7182
14420,1.84148,-0.662438,-1.7182
14421,1.87406,-0.736051,-1.72346
14422,1.87406,-0.736051,-1.72346
14423,1.83941,-0.668464,-1.71365
14424,1.83941,-0.668464,-1.71365
14425,1.83941,-0.668464,-1.71365
14426,1.85889,-0.714065,-1.71627
14427,1.8772,-0.623027,-1.7708
14428,1.84636,-0.646001,-1.72966
14429,1.84636,-0.646001,-1.72966
14430,1.82919,-0.67341,-1.70073
14431,1.82919,-0.67341,-1.70073
14432,1.90209,-0.57449,-1.81326
14433,1.83147,-0.433056,-1.77954
14434,1.83147,-0.433056,-1.77954
14435,1.76808,-0.36991,-1.72895
14436,1.77797,-0.41306,-1.72933
14437,1.77914,-0.400839,-1.7334
14438,1.77914,-0.400839,-1.7334
14439,1.76655,-0.302589,-1.74044
14440,1.80565,-0.29423,-1.78151
14441,1.78265,-0.343216,-1.7493
14442,1.78265,-0.343216,-1.7493
14443,1.72004,-0.347429,-1.68459
14444,1.78666,-0.239634,-1.77051
14445,1.76762,-0.280411,-1.74524
14446,1.74574,-0.194334,-1.73489
14447,1.65651,-0.227717,-1.64079
14448,1.7545,-0.230089,-1.73935
14449,1.7426,-0.0623616,-1.74149
14450,1.7426,-0.0623616,-1.74149
14451,1.7426,-0.0623616,-1.74149
14452,1.68174,0.0333828,-1.68141
14453,1.70034,-0.0166204,-1.70026
14454,1.72211,-0.0646046,-1.7209
14455,1.67994,-0.0450595,-1.67934
14456,1.67994,-0.0450595,-1.67934
14457,1.69698,-0.0708851,-1.6955
14458,1.74892,-0.113416,-1.74524
14459,1.72368,-0.134511,-1.71843
14460,1.70261,-0.0611735,-1.70151
14461,1.70261,-0.0611735,-1.70151
14462,1.755,-0.127819,-1.75034
14463,1.755,-0.127819,-1.75034
14464,1.80965,-0.0969877,-1.80705
14465,1.8251,-0.0988487,-1.82242
14466,1.8251,-0.0988487,-1.82242
14467,1.77005,-0.0714044,-1.76861
14468,1.85711,-0.000720447,-1.85711
14469,1.96374,0.0234003,-1.9636
14470,1.97188,-0.0425081,-1.97142
14471,2.06397,-0.023604,-2.06384
14472,2.11219,-0.0571718,-2.11141
14473,2.11219,-0.0571718,-2.11141
14474,2.02859,0.0107168,-2.02856
14475,2.02859,0.0107168,-2.02856
14476,1.98554,0.0497511,-1.98491
14477,1.93417,-0.0850743,-1.9323
14478,1.90912,-0.0579469,-1.90824
14479,1.93338,-1.63552e-05,-1.93338
14480,1.99374,-0.0671169,-1.99261
14481,1.99374,-0.0671169,-1.99261
14482,1.98658,-0.0169056,-1.98651
14483,1.98658,-0.0169056,-1.98651
14484,1.99249,0.0444049,-1.992
14485,1.99491,0.0532311,-1.9942
14486,1.96347,0.0624644,-1.96247
14487,1.8987,0.0999741,-1.89606
14488,2.02755,0.203981,-2.01726
14489,2.02755,0.203981,-2.01726
14490,2.04525,0.266026,-2.02787
14491,2.11139,0.271303,-2.09389
14492,2.03151,0.290027,-2.0107
14493,1.97162,0.381025,-1.93445
14494,2.04794,0.404409,-2.00761
14495,2.0263,0.400239,-1.98638
14496,2.05609,0.581785,-1.97206
14497,2.04265,0.524423,-1.97419
14498,2.04265,0.524423,-1.97419
14499,2.04265,0.524423,-1.97419
14500,2.04265,0.524423,-1.97419
14501,2.04265,0.524423,-1.97419
14502,2.07394,0.521226,-2.00738
14503,1.91879,0.474184,-1.85928
14504,1.92888,0.487024,-1.86639
14505,1.88214,0.507104,-1.81254
14506,1.90376,0.586562,-1.81115
14507,1.90376,0.586562,-1.81115
14508,1.90376,0.586562,-1.81115
14509,1.76902,0.569136,-1.67496
14510,1.85048,0.703055,-1.71172
14511,1.85048,0.703055,-1.71172
14512,1.90501,0.800312,-1.72875
14513,1.90501,0.800312,-1.72875
14514,1.90501,0.800312,-1.72875
14515,2.03231,0.815664,-1.86145
14516,1.99164,0.68032,-1.87184
14517,1.97025,0.641537,-1.86288
14518,1.96798,0.620624,-1.86756
14519,1.8695,0.804721,-1.68744
14520,1.8695,0.804721,-1.68744
14521,1.8609,0.795421,-1.68234
14522,1.85211,0.807115,-1.667
14523,1.85108,0.8409,-1.64905
14524,1.87592,0.872877,-1.66047
14525,1.7931,0.767101,-1.62072
14526,1.80155,0.851845,-1.58744
14527,1.80155,0.851845,-1.58744
14528,1.80155,0.851845,-1.58744
14529,1.7962,0.840952,-1.58718
14530,1.7523,0.84232,-1.53658
14531,1.85471,0.834786,-1.65623
14532,1.90177,0.830621,-1.71079
14533,1.86003,0.855506,-1.65161
14534,1.87622,0.89074,-1.6513
14535,1.83542,0.899922,-1.59966
14536,1.81507,0.916896,-1.56645
14537,1.77532,0.958716,-1.4942
14538,1.82829,0.982629,-1.54177
14539,1.82829,0.982629,-1.54177
14540,1.82829,0.982629,-1.54177
14541,1.82829,0.982629,-1.54177
14542,1.80758,1.00798,-1.50044
14543,1.79481,1.10566,-1.41381
14544,1.83766,1.13706,-1.44364
14545,1.83766,1.13706,-1.44364
14546,1.83766,1.13706,-1.44364
14547,1.86005,1.15622,-1.45704
14548,1.84905,1.2291,-1.38141
14549,1.95775,1.28151,-1.48004
14550,1.95205,1.25646,-1.49392
14551,1.94722,1.30965,-1.441
14552,1.94722,1.30965,-1.441
14553,1.94722,1.30965,-1.441
14554,1.8305,1.26943,-1.31882
14555,1.91563,1.29999,-1.40701
14556,1.9112,1.30456,-1.39671
14557,1.94459,1.27694,-1.46659
14558,1.96139,1.2086,-1.54478
14559,1.94491,1.29767,-1.4487
14560,2.01673,1.28324,-1.5558
14561,2.11795,1.3175,-1.65829
14562,2.20509,1.37498,-1.72391
14563,2.20509,1.37498,-1.72391
14564,2.20509,1.37498,-1.72391
14565,2.24572,1.34519,-1.79826
14566,2.15073,1.26624,-1.73847
14567,2.15862,1.26306,-1.75051
14568,2.10336,1.2432,-1.69664
14569,2.12366,1.25276,-1.7148
14570,2.12366,1.25276,-1.7148
14571,2.12366,1.25276,-1.7148
14572,2.22625,1.32917,-1.78591
14573,2.25001,1.25923,-1.86465
14574,2.16579,1.25504,-1.76509
14575,2.16637,1.27935,-1.74826
14576,2.16637,1.27935,-1.74826
14577,2.09523,1.16227,-1.7433
14578,2.05263,1.12422,-1.71739
14579,2.05263,1.12422,-1.71739
14580,2.05263,1.12422,-1.71739
14581,2.07874,1.16967,-1.71844
14582,2.07874,1.16967,-1.71844
14583,2.08639,1.22179,-1.69122
14584,2.10926,1.31874,-1.64617
14585,2.10926,1.31874,-1.64617
14586,2.18604,1.38794,-1.6889
14587,2.20926,1.52947,-1.59423
14588,2.13762,1.53731,-1.48529
14589,2.20251,1.56624,-1.54852
14590,2.20251,1.56624,-1.54852
14591,2.20251,1.56624,-1.54852
14592,2.20251,1.56624,-1.54852
14593,2.16363,1.55798,-1.50134
14594,2.02857,1.43764,-1.43119
14595,2.11507,1.49871,-1.49244
14596,2.11507,1.49871,-1.49244
14597,2.11507,1.49871,-1.49244
14598,2.06897,1.49036,-1.43508
14599,2.1345,1.60833,-1.40335
14600,2.08481,1.51871,-1.42826
14601,2.06501,1.47745,-1.44271
14602,2.02464,1.43291,-1.43036
14603,2.11008,1.46923,-1.51454
14604,2.10152,1.51854,-1.45274
14605,2.14885,1.50446,-1.53432
14606,2.14885,1.50446,-1.53432
14607,2.14885,1.50446,-1.53432
14608,2.22471,1.54058,-1.60498
14609,2.22471,1.54058,-1.60498
14610,2.22471,1.54058,-1.60498
14611,2.21586,1.50574,-1.62566
14612,2.16129,1.30503,-1.72281
14613,2.2103,1.23008,-1.83639
14614,2.24368,1.33927,-1.80012
14615,2.11462,1.27951,-1.68359
14616,2.07814,1.22455,-1.67902
14617,2.01513,1.24014,-1.58834
14618,1.99707,1.28976,-1.52473
14619,2.07356,1.35875,-1.56635
14620,2.05122,1.31719,-1.57242
14621,1.94134,1.3066,-1.43582
14622,1.90923,1.28786,-1.40946
14623,1.8887,1.24303,-1.42199
14624,1.8887,1.24303,-1.42199
14625,1.88233,1.22498,-1.42919
14626,1.93826,1.29446,-1.44264
14627,1.93826,1.29446,-1.44264
14628,1.91435,1.18584,-1.50284
14629,1.91435,1.18584,-1.50284
14630,1.91435,1.18584,-1.50284
14631,1.96367,1.24711,-1.51681
14632,2.03194,1.18488,-1.65071
14633,2.03194,1.18488,-1.65071
14634,2.07403,1.24138,-1.6615
14635,2.11359,1.18032,-1.75331
14636,2.11359,1.18032,-1.75331
14637,2.11359,1.18032,-1.75331
14638,2.04825,1.22238,-1.64351
14639,1.96967,1.20137,-1.56086
14640,1.97501,1.17395,-1.58824
14641,1.93375,1.30222,-1.42955
14642,1.93375,1.30222,-1.42955
14643,1.9085,1.3148,-1.38336
14644,1.90986,1.38573,-1.31428
14645,1.8298,1.32904,-1.25771
14646,1.81639,1.36834,-1.19454
14647,1.81639,1.36834,-1.19454
14648,1.83602,1.37354,-1.21835
14649,1.82196,1.48621,-1.0539
14650,1.90973,1.491,-1.19331
14651,1.72286,1.24615,-1.1897
14652,1.80566,1.25149,-1.30161
14653,1.77928,1.29924,-1.21566
14654,1.81854,1.32773,-1.24267
14655,1.78284,1.33396,-1.18281
14656,1.85535,1.41896,-1.19535
14657,1.81035,1.33195,-1.22608
14658,1.78148,1.31095,-1.20626
14659,1.78148,1.31095,-1.20626
14660,1.78148,1.31095,-1.20626
14661,1.74882,1.25355,-1.21941
14662,1.74882,1.25355,-1.21941
14663,1.90094,1.26534,-1.41863
14664,1.91915,1.25729,-1.44995
14665,1.96675,1.33658,-1.4428
14666,1.96675,1.33658,-1.4428
14667,1.96391,1.27119,-1.497
14668,1.95466,1.17149,-1.5647
14669,1.97561,1.16565,-1.59509
14670,1.92911,1.15091,-1.54818
14671,1.85881,1.18354,-1.43331
14672,1.90447,1.10472,-1.55133
14673,1.87248,1.06061,-1.54314
14674,1.93693,1.17756,-1.53788
14675,1.91184,1.17496,-1.50818
14676,1.88214,1.17164,-1.47299
14677,1.90129,1.12531,-1.53251
14678,1.88324,1.1458,-1.49456
14679,1.88429,1.1264,-1.51055
14680,1.88517,1.20846,-1.44689
14681,1.88517,1.20846,-1.44689
14682,1.88517,1.20846,-1.44689
14683,1.91185,1.25972,-1.43815
14684,1.84562,1.06274,-1.50894
14685,1.90197,1.11636,-1.53988
14686,1.78246,1.04209,-1.4461
14687,1.83328,1.0547,-1.49951
14688,1.91434,1.0275,-1.61522
14689,1.91434,1.0275,-1.61522
14690,1.87107,1.01151,-1.57409
14691,1.87107,1.01151,-1.57409
14692,1.8982,0.952862,-1.64171
14693,1.8982,0.952862,-1.64171
14694,1.85967,0.859487,-1.64914
14695,1.86335,0.911541,-1.62516
14696,1.78889,0.754097,-1.62217
14697,1.68822,0.813589,-1.47924
14698,1.76108,0.889387,-1.52
14699,1.81781,0.88892,-1.58564
14700,1.79285,0.732304,-1.63647
14701,1.83674,0.674959,-1.70823
14702,1.73412,0.60227,-1.62617
14703,1.73412,0.60227,-1.62617
14704,1.77912,0.477702,-1.71379
14705,1.77912,0.477702,-1.71379
14706,1.77912,0.477702,-1.71379
14707,1.77912,0.477702,-1.71379
14708,1.73205,0.63306,-1.61221
14709,1.74408,0.760404,-1.56959
14710,1.74408,0.760404,-1.56959
14711,1.74408,0.760404,-1.56959
14712,1.79209,0.703031,-1.64844
14713,1.73967,0.785203,-1.55239
14714,1.76883,0.745129,-1.60423
14715,1.76883,0.745129,-1.60423
14716,1.79362,0.828673,-1.59071
14717,1.76754,0.848378,-1.55062
14718,1.74763,0.914844,-1.48905
14719,1.74763,0.914844,-1.48905
14720,1.74763,0.914844,-1.48905
14721,1.83337,1.03144,-1.51571
14722,1.74424,0.853645,-1.52107
14723,1.78069,0.81665,-1.58239
14724,1.71426,0.783083,-1.52495
14725,1.73297,0.822017,-1.5256
14726,1.78109,0.85093,-1.56468
14727,1.78109,0.85093,-1.56468
14728,1.78109,0.85093,-1.56468
14729,1.80523,0.902054,-1.5637
14730,1.76761,0.935354,-1.49985
14731,1.80594,0.952874,-1.5341
14732,1.75496,0.972947,-1.46056
14733,1.81544,1.00918,-1.5091
14734,1.81544,1.00918,-1.5091
14735,1.71179,0.958695,-1.41814
14736,1.69385,0.912151,-1.42728
14737,1.69385,0.912151,-1.42728
14738,1.71333,0.963181,-1.41696
14739,1.73397,0.876699,-1.49601
14740,1.66535,0.795412,-1.46311
14741,1.75246,0.751202,-1.58329
14742,1.75246,0.751202,-1.58329
14743,1.75246,0.751202,-1.58329
14744,1.77588,0.740364,-1.61419
14745,1.77588,0.740364,-1.61419
14746,1.79292,0.856766,-1.57496
14747,1.87268,0.85604,-1.66558
14748,1.8909,0.803194,-1.71184
14749,1.86958,0.826694,-1.67687
14750,1.84616,0.684026,-1.71476
14751,1.86049,0.614081,-1.75622
14752,1.93534,0.690667,-1.8079
14753,1.91981,0.598994,-1.82397
14754,1.93619,0.686837,-1.81028
14755,1.9274,0.680915,-1.80311
14756,1.98083,0.71244,-1.84827
14757,1.98083,0.71244,-1.84827
14758,1.9425,0.742081,-1.79516
14759,1.95824,0.713134,-1.82377
14760,1.94689,0.760957,-1.79201
14761,1.90978,0.71885,-1.76933
14762,2.0867,1.02522,-1.81749
14763,2.0867,1.02522,-1.81749
14764,2.0867,1.02522,-1.81749
14765,2.0867,1.02522,-1.81749
14766,1.94349,0.944041,-1.6988
14767,2.03994,1.03006,-1.76077
14768,2.03994,1.03006,-1.76077
14769,2.03994,1.03006,-1.76077
14770,2.03353,0.966379,-1.78924
14771,2.10134,1.00344,-1.84628
14772,2.08468,0.988217,-1.83557
14773,2.07011,0.8651,-1.88068
14774,2.05246,0.876064,-1.8561
14775,1.93408,0.637197,-1.8261
14776,1.96466,0.598747,-1.8712
14777,1.89738,0.647025,-1.78365
14778,1.93882,0.719879,-1.80022
14779,1.93882,0.719879,-1.80022
14780,1.94109,0.728224,-1.79931
14781,1.94109,0.728224,-1.79931
14782,1.94109,0.728224,-1.79931
14783,1.87667,0.62404,-1.76988
14784,1.83825,0.66388,-1.71419
14785,1.81552,0.739969,-1.65787
14786,1.81552,0.739969,-1.65787
14787,1.7939,0.741464,-1.6335
14788,1.77887,0.690516,-1.63938
14789,1.72062,0.71302,-1.56593
14790,1.68972,0.628425,-1.56851
14791,1.71719,0.627209,-1.59855
14792,1.81633,0.572745,-1.72366
14793,1.81633,0.572745,-1.72366
14794,1.80784,0.386861,-1.76596
14795,1.79938,0.3025,-1.77378
14796,1.80963,0.352322,-1.775
14797,1.83789,0.502654,-1.76781
14798,1.9009,0.509856,-1.83125
14799,1.84793,0.503275,-1.77808
14800,1.91843,0.458645,-1.8628
14801,1.91843,0.458645,-1.8628
14802,1.96344,0.616375,-1.86419
14803,2.12107,0.721076,-1.99474
14804,2.03869,0.663351,-1.92775
14805,1.96803,0.599897,-1.87437
14806,1.92337,0.581805,-1.83326
14807,1.81853,0.495125,-1.74982
14808,1.79967,0.557934,-1.711
14809,1.83027,0.602372,-1.7283
14810,1.7866,0.611276,-1.67877
14811,1.7866,0.611276,-1.67877
14812,1.9531,0.671802,-1.83393
14813,1.92032,0.625829,-1.81547
14814,1.84118,0.528234,-1.76378
14815,1.88099,0.51087,-1.81029
14816,1.88099,0.51087,-1.81029
14817,1.88867,0.579714,-1.7975
14818,1.8861,0.527384,-1.81086
14819,1.88637,0.620419,-1.78143
14820,1.88637,0.620419,-1.78143
14821,1.95123,0.699425,-1.82156
14822,1.91585,0.596966,-1.82048
14823,1.99644,0.548254,-1.91969
14824,1.8484,0.594901,-1.75005
14825,1.91998,0.491836,-1.85591
14826,1.91998,0.491836,-1.85591
14827,1.96059,0.599234,-1.86678
14828,1.9594,0.483868,-1.89871
14829,1.9594,0.483868,-1.89871
14830,1.9843,0.445809,-1.93358
14831,2.00648,0.416131,-1.96285
14832,1.94735,0.350914,-1.91548
14833,1.94735,0.350914,-1.91548
14834,1.95893,0.406845,-1.91621
14835,1.98482,0.47787,-1.92644
14836,2.06816,0.45339,-2.01785
14837,2.06816,0.45339,-2.01785
14838,2.15493,0.66886,-2.0485
14839,2.15493,0.66886,-2.0485
14840,2.16995,0.500287,-2.11149
14841,2.09387,0.558092,-2.01812
14842,1.99314,0.481513,-1.9341
14843,1.98634,0.484226,-1.92641
14844,1.98634,0.484226,-1.92641
14845,1.98634,0.484226,-1.92641
14846,2.01678,0.502709,-1.95312
14847,2.06256,0.49233,-2.00294
14848,2.13499,0.338614,-2.10796
14849,2.13499,0.338614,-2.10796
14850,1.99842,0.319999,-1.97264
14851,1.99842,0.319999,-1.97264
14852,1.99842,0.319999,-1.97264
14853,2.09452,0.39305,-2.05731
14854,2.0599,0.446902,-2.01084
14855,1.92646,0.403869,-1.88365
14856,1.96649,0.416749,-1.92182
14857,1.94196,0.427312,-1.89436
14858,1.97471,0.426175,-1.92817
14859,1.96842,0.39376,-1.92864
14860,2.0367,0.537255,-1.96456
14861,2.00929,0.529927,-1.93815
14862,1.94118,0.467385,-1.88407
14863,1.95825,0.341504,-1.92824
14864,1.95825,0.341504,-1.92824
14865,1.9232,0.293077,-1.90074
14866,1.9232,0.293077,-1.90074
14867,1.96021,0.28064,-1.94001
14868,1.91151,0.27503,-1.89162
14869,1.96685,0.248886,-1.95104
14870,1.96685,0.248886,-1.95104
14871,1.96226,0.311833,-1.93732
14872,1.90208,0.327119,-1.87374
14873,1.90208,0.327119,-1.87374
14874,1.85911,0.357577,-1.8244
14875,1.96217,0.447946,-1.91035
14876,1.96446,0.484353,-1.90381
14877,1.96446,0.484353,-1.90381
14878,1.90929,0.440311,-1.85783
14879,1.89079,0.401668,-1.84764
14880,1.83974,0.454895,-1.78261
14881,1.94579,0.380665,-1.90819
14882,1.98427,0.418101,-1.93972
14883,1.92836,0.296551,-1.90542
14884,1.92836,0.296551,-1.90542
14885,2.00254,0.571864,-1.91915
14886,2.00254,0.571864,-1.91915
14887,2.03994,0.623445,-1.94234
14888,2.11084,0.686087,-1.99622
14889,2.11084,0.686087,-1.99622
14890,2.11084,0.686087,-1.99622
14891,2.11084,0.686087,-1.99622
14892,2.12927,0.669135,-2.0214
14893,2.12927,0.669135,-2.0214
14894,2.19421,0.833306,-2.02981
14895,2.19421,0.833306,-2.02981
14896,2.2209,0.95685,-2.0042
14897,2.2209,0.95685,-2.0042
14898,2.2814,1.01573,-2.04281
14899,2.20642,0.981584,-1.97605
14900,2.20642,0.981584,-1.97605
14901,2.10358,1.04271,-1.82696
14902,2.06523,1.06375,-1.7702
14903,2.12526,1.06426,-1.83959
14904,2.14605,1.12225,-1.82923
14905,2.17958,1.27821,-1.76543
14906,2.17958,1.27821,-1.76543
14907,2.11027,1.24067,-1.70704
14908,2.11247,1.24654,-1.70549
14909,2.11247,1.24654,-1.70549
14910,2.11247,1.24654,-1.70549
14911,2.13708,1.21954,-1.75495
14912,2.07792,1.23955,-1.66771
14913,2.07792,1.23955,-1.66771
14914,2.04021,1.25925,-1.60522
14915,2.04021,1.25925,-1.60522
14916,2.12341,1.33317,-1.65272
14917,2.0513,1.31001,-1.57851
14918,2.0513,1.31001,-1.57851
14919,2.01304,1.1627,-1.64331
14920,1.94814,1.09819,-1.6091
14921,1.94814,1.09819,-1.6091
14922,1.92438,1.1026,-1.57719
14923,1.95543,1.10504,-1.61325
14924,1.96584,1.10451,-1.62621
14925,1.97187,1.1053,-1.63296
14926,2.00639,1.18844,-1.61654
14927,2.00639,1.18844,-1.61654
14928,1.87036,0.978636,-1.5939
14929,1.94622,1.10119,-1.60472
14930,1.95345,1.20982,-1.53373
14931,1.95967,1.20545,-1.54506
14932,2.06823,1.29581,-1.61197
14933,2.14977,1.45077,-1.58644
14934,2.10623,1.38308,-1.58849
14935,2.10623,1.38308,-1.58849
14936,2.1809,1.38294,-1.68636
14937,2.12477,1.29715,-1.68287
14938,2.10522,1.35268,-1.61314
14939,2.10522,1.35268,-1.61314
14940,2.02819,1.3617,-1.50311
14941,2.09711,1.56103,-1.40039
14942,2.07974,1.59831,-1.33069
14943,1.96219,1.46317,-1.3074
14944,2.00289,1.46255,-1.3684
14945,2.12442,1.5843,-1.41532
14946,2.06114,1.48829,-1.42594
14947,2.14051,1.63146,-1.38567
14948,2.16923,1.68192,-1.36993
14949,2.16923,1.68192,-1.36993
14950,2.27126,1.75085,-1.44677
14951,2.27156,1.78996,-1.39857
14952,2.27156,1.78996,-1.39857
14953,2.14361,1.71089,-1.29149
14954,2.05,1.61383,-1.26415
14955,2.05544,1.65444,-1.21971
14956,2.05544,1.65444,-1.21971
14957,2.07304,1.73229,-1.13871
14958,2.07304,1.73229,-1.13871
14959,2.13273,1.79787,-1.14724
14960,2.03779,1.73719,-1.06525
14961,2.03779,1.73719,-1.06525
14962,2.03779,1.73719,-1.06525
14963,2.07284,1.7528,-1.1065
14964,2.05484,1.76915,-1.04522
14965,1.9712,1.66025,-1.06264
14966,2.00815,1.68815,-1.08757
14967,2.00815,1.68815,-1.08757
14968,2.00815,1.68815,-1.08757
14969,2.00799,1.59826,-1.21555
14970,2.0488,1.71611,-1.11916
14971,2.0488,1.71611,-1.11916
14972,2.11531,1.82339,-1.07229
14973,2.15025,1.92514,-0.957828
14974,2.13328,1.93267,-0.903139
14975,2.06018,1.86942,-0.865788
14976,1.9869,1.77947,-0.883869
14977,1.94583,1.69309,-0.959008
14978,1.94583,1.69309,-0.959008
14979,1.83898,1.60516,-0.897395
14980,1.7778,1.56749,-0.83879
14981,1.85741,1.61468,-0.918048
14982,1.99316,1.71348,-1.01818
14983,1.93075,1.64681,-1.00787
14984,1.93075,1.64681,-1.00787
14985,1.93075,1.64681,-1.00787
14986,1.98115,1.7187,-0.985411
14987,1.98115,1.7187,-0.985411
14988,2.06387,1.83947,-0.935884
14989,2.09175,1.88581,-0.905066
14990,2.10428,1.81431,-1.06596
14991,2.10428,1.81431,-1.06596
14992,2.10428,1.81431,-1.06596
14993,2.02446,1.74517,-1.02606
14994,1.9699,1.6078,-1.1382
14995,1.92541,1.55724,-1.13235
14996,1.93963,1.54964,-1.16654
14997,1.92749,1.55329,-1.14128
14998,1.92749,1.55329,-1.14128
14999,1.92749,1.55329,-1.14128
15000,1.93649,1.5549,-1.15424
15001,1.92014,1.51786,-1.17602
15002,1.92014,1.51786,-1.17602
15003,1.92831,1.48863,-1.22571
15004,1.86592,1.37732,-1.25883
15005,1.86592,1.37732,-1.25883
15006,1.86592,1.37732,-1.25883
15007,1.841,1.35898,-1.24196
15008,1.7382,1.35446,-1.08938
15009,1.83847,1.47441,-1.09822
15010,1.83847,1.47441,-1.09822
15011,1.83847,1.47441,-1.09822
15012,1.80878,1.51487,-0.988346
15013,1.82582,1.53555,-0.987786
15014,1.82582,1.53555,-0.987786
15015,1.75901,1.45369,-0.990409
15016,1.70911,1.37993,-1.0084
15017,1.78534,1.51411,-0.94599
15018,1.76258,1.4779,-0.960468
15019,1.69972,1.45725,-0.874918
15020,1.79482,1.54248,-0.917693
15021,1.67516,1.48026,-0.7842
15022,1.67516,1.48026,-0.7842
15023,1.77268,1.60648,-0.749424
15024,1.77268,1.60648,-0.749424
15025,1.77863,1.60281,-0.771045
15026,1.73168,1.57069,-0.729154
15027,1.73168,1.57069,-0.729154
15028,1.73168,1.57069,-0.729154
15029,1.84085,1.6754,-0.762741
15030,1.84947,1.69385,-0.742568
15031,1.84947,1.69385,-0.742568
15032,1.89692,1.78689,-0.636676
15033,1.91466,1.71913,-0.84294
15034,1.91466,1.71913,-0.84294
15035,1.94482,1.74576,-0.85711
15036,1.91871,1.79123,-0.687734
15037,1.94313,1.78645,-0.76442
15038,1.94313,1.78645,-0.76442
15039,1.94313,1.78645,-0.76442
15040,2.03673,1.84154,-0.870069
15041,1.95847,1.80117,-0.769005
15042,1.95862,1.79137,-0.791931
15043,1.9148,1.69965,-0.881846
15044,1.87472,1.63351,-0.919907
15045,1.90632,1.6924,-0.877401
15046,1.90632,1.6924,-0.877401
15047,1.94212,1.74811,-0.846139
15048,1.94913,1.73103,-0.895903
15049,1.94913,1.73103,-0.895903
15050,2.01014,1.76465,-0.962645
15051,2.00088,1.73438,-0.997729
15052,2.02563,1.72811,-1.05679
15053,1.99078,1.7781,-0.8953
15054,2.16459,1.98426,-0.86495
15055,2.07797,1.87328,-0.89933
15056,2.17063,1.97925,-0.891181
15057,2.28006,2.07883,-0.936576
15058,2.26262,2.04338,-0.971621
15059,2.19679,2.00181,-0.904783
15060,2.19679,2.00181,-0.904783
15061,2.20523,1.99297,-0.943984
15062,2.20523,1.99297,-0.943984
15063,2.20523,1.99297,-0.943984
15064,2.20523,1.99297,-0.943984
15065,2.20523,1.99297,-0.943984
15066,2.21307,1.95768,-1.03208
15067,2.1988,1.96295,-0.990739
15068,2.14334,1.88739,-1.01572
15069,2.15674,1.8615,-1.0892
15070,2.16095,1.89525,-1.03815
15071,2.07203,1.80927,-1.00986
15072,2.03152,1.7195,-1.08184
15073,2.1053,1.76301,-1.15069
15074,2.13664,1.82848,-1.10539
15075,2.21686,1.90126,-1.14003
15076,2.21686,1.90126,-1.14003
15077,2.17265,1.86787,-1.1097
15078,2.21686,1.92738,-1.0953
15079,2.21686,1.92738,-1.0953
15080,2.21157,1.92831,-1.08289
15081,2.28081,2.01666,-1.06544
15082,2.15209,1.86531,-1.07336
15083,2.01031,1.71711,-1.04541
15084,1.98909,1.6644,-1.08915
15085,1.94398,1.66219,-1.00807
15086,1.93752,1.57936,-1.12232
15087,1.93752,1.57936,-1.12232
15088,1.97616,1.7266,-0.961274
15089,2.01126,1.8569,-0.772721
15090,1.9067,1.7829,-0.675851
15091,1.93569,1.82069,-0.65725
15092,1.93569,1.82069,-0.65725
15093,1.97204,1.87524,-0.610271
15094,2.01799,1.92019,-0.620622
15095,2.01799,1.92019,-0.620622
15096,2.01799,1.92019,-0.620622
15097,2.01799,1.92019,-0.620622
15098,2.00308,1.86817,-0.722677
15099,1.9743,1.8756,-0.616436
15100,1.9743,1.8756,-0.616436
15101,1.9743,1.8756,-0.616436
15102,1.95196,1.83351,-0.669601
15103,2.11446,1.96463,-0.781781
15104,2.12041,1.93266,-0.872315
15105,2.12041,1.93266,-0.872315
15106,2.09783,1.87827,-0.934334
15107,2.01996,1.8218,-0.872505
15108,1.96665,1.77525,-0.846291
15109,1.89655,1.71037,-0.81946
15110,1.89655,1.71037,-0.81946
15111,1.89655,1.71037,-0.81946
15112,1.80585,1.65536,-0.721703
15113,1.87608,1.7214,-0.745959
15114,1.96253,1.79699,-0.788898
15115,1.89601,1.77724,-0.660508
15116,1.92118,1.80365,-0.661656
15117,1.91128,1.78191,-0.69122
15118,1.84224,1.72214,-0.65429
15119,1.84224,1.72214,-0.65429
15120,1.6953,1.54604,-0.695556
15121,1.6953,1.54604,-0.695556
15122,1.8433,1.7071,-0.69538
15123,1.8433,1.7071,-0.69538
15124,1.8433,1.7071,-0.69538
15125,1.67165,1.57586,-0.557747
15126,1.73279,1.65815,-0.503082
15127,1.73279,1.65815,-0.503082
15128,1.72192,1.66905,-0.423401
15129,1.72192,1.66905,-0.423401
15130,1.72192,1.66905,-0.423401
15131,1.78364,1.72155,-0.466508
15132,1.7039,1.62609,-0.509044
15133,1.77668,1.71824,-0.451954
15134,1.848,1.81127,-0.366584
15135,1.80084,1.76011,-0.380821
15136,1.88546,1.84139,-0.405265
15137,1.82157,1.79688,-0.29892
15138,1.82157,1.79688,-0.29892
15139,1.80648,1.78163,-0.29864
15140,1.80648,1.78163,-0.29864
15141,1.73783,1.7207,-0.243386
15142,1.80036,1.78557,-0.230263
15143,1.80036,1.78557,-0.230263
15144,1.78174,1.76963,-0.207419
15145,1.87316,1.85985,-0.222935
15146,1.86616,1.8579,-0.175359
15147,1.95036,1.91771,-0.355374
15148,2.01792,1.95181,-0.512288
15149,2.08284,1.98818,-0.620791
15150,2.08284,1.98818,-0.620791
15151,2.0989,2.03126,-0.528536
15152,2.08513,2.01665,-0.529996
15153,2.0177,1.92821,-0.594244
15154,2.0177,1.92821,-0.594244
15155,2.06056,1.96016,-0.635343
15156,2.04455,1.93487,-0.660625
15157,2.08726,1.9707,-0.687752
15158,1.95503,1.82585,-0.698861
15159,1.95503,1.82585,-0.698861
15160,1.94058,1.8644,-0.538391
15161,1.94058,1.8644,-0.538391
15162,1.9346,1.87286,-0.48484
15163,1.90936,1.838,-0.517118
15164,1.84074,1.77464,-0.48887
15165,1.85147,1.79111,-0.468896
15166,1.7946,1.77061,-0.292451
15167,1.72884,1.69413,-0.344709
15168,1.72884,1.69413,-0.344709
15169,1.75155,1.71485,-0.356699
15170,1.75155,1.71485,-0.356699
15171,1.75041,1.69841,-0.423456
15172,1.84242,1.80885,-0.350101
15173,1.88007,1.85448,-0.309176
15174,1.88007,1.85448,-0.309176
15175,1.88007,1.85448,-0.309176
15176,1.85547,1.83438,-0.278985
15177,1.86809,1.84336,-0.302918
15178,1.92168,1.9021,-0.273604
15179,1.92168,1.9021,-0.273604
15180,1.92168,1.9021,-0.273604
15181,1.91085,1.8889,-0.288813
15182,1.77777,1.76927,-0.173552
15183,1.77791,1.7643,-0.219526
15184,1.75727,1.72598,-0.330155
15185,1.80761,1.77725,-0.329905
15186,1.82067,1.77944,-0.385264
15187,1.93459,1.88059,-0.453886
15188,1.96937,1.92204,-0.42919
15189,1.86723,1.8352,-0.344369
15190,1.86091,1.83944,-0.281851
15191,1.91006,1.86431,-0.415533
15192,1.91006,1.86431,-0.415533
15193,1.91006,1.86431,-0.415533
15194,1.98612,1.94136,-0.419272
15195,1.96338,1.90082,-0.491671
15196,1.96338,1.90082,-0.491671
15197,1.98903,1.93005,-0.480793
15198,1.97041,1.93385,-0.377835
15199,1.97041,1.93385,-0.377835
15200,2.03601,1.99186,-0.421665
15201,2.0712,2.03262,-0.397865
15202,2.0712,2.03262,-0.397865
15203,2.0712,2.03262,-0.397865
15204,2.06734,2.04845,-0.278861
15205,2.06734,2.04845,-0.278861
15206,1.93539,1.92073,-0.237766
15207,1.9038,1.88774,-0.246746
15208,1.9038,1.88774,-0.246746
15209,1.9038,1.88774,-0.246746
15210,1.93309,1.90653,-0.319402
15211,1.93309,1.90653,-0.319402
15212,1.93309,1.90653,-0.319402
15213,1.87231,1.84773,-0.302429
15214,1.86701,1.84929,-0.256609
15215,1.85712,1.84011,-0.250752
15216,1.85712,1.84011,-0.250752
15217,1.85712,1.84011,-0.250752
15218,1.81543,1.7924,-0.288225
15219,1.86474,1.8479,-0.250055
15220,1.85615,1.84331,-0.217945
15221,1.99088,1.9757,-0.245342
15222,1.91623,1.88544,-0.34212
15223,1.84093,1.79959,-0.38797
15224,1.84301,1.81184,-0.33754
15225,1.84301,1.81184,-0.33754
15226,1.79301,1.78828,-0.130269
15227,1.81553,1.80506,-0.19466
15228,1.82865,1.82011,-0.176486
15229,1.82865,1.82011,-0.176486
15230,1.82865,1.82011,-0.176486
15231,1.81464,1.80029,-0.227801
15232,1.81464,1.80029,-0.227801
15233,1.83495,1.79269,-0.391551
15234,1.83495,1.79269,-0.391551
15235,1.83495,1.79269,-0.391551
15236,1.83495,1.79269,-0.391551
15237,1.83495,1.79269,-0.391551
15238,1.78585,1.72647,-0.456666
15239,1.78585,1.72647,-0.456666
15240,1.83931,1.76729,-0.509645
15241,1.83931,1.76729,-0.509645
15242,1.83931,1.76729,-0.509645
15243,1.76232,1.72622,-0.354875
15244,1.79413,1.76484,-0.322884
15245,1.80465,1.78773,-0.246599
15246,1.88835,1.88106,-0.165726
15247,1.90083,1.88975,-0.204965
15248,1.85615,1.82991,-0.310971
15249,1.91208,1.88261,-0.334417
15250,1.85861,1.82619,-0.345621
15251,1.88416,1.849,-0.3623
15252,1.94911,1.91036,-0.386699
15253,1.92672,1.87609,-0.438787
15254,2.00554,1.96049,-0.422726
15255,2.00554,1.96049,-0.422726
15256,2.00554,1.96049,-0.422726
15257,2.10068,2.07941,-0.298146
15258,2.10068,2.07941,-0.298146
15259,2.01115,1.99697,-0.23835
15260,2.01115,1.99697,-0.23835
15261,1.92215,1.91047,-0.21154
15262,1.85586,1.8422,-0.224754
15263,1.82073,1.80625,-0.229155
15264,1.84491,1.82595,-0.263786
15265,1.84491,1.82595,-0.263786
15266,1.92906,1.90521,-0.302374
15267,1.98214,1.94827,-0.364835
15268,1.98214,1.94827,-0.364835
15269,1.98214,1.94827,-0.364835
15270,1.97859,1.94816,-0.345672
15271,1.97859,1.94816,-0.345672
15272,1.98887,1.94178,-0.430245
15273,1.8981,1.86731,-0.340504
15274,1.8981,1.86731,-0.340504
15275,1.8981,1.86731,-0.340504
15276,1.90501,1.8554,-0.431904
15277,1.92291,1.88682,-0.370756
15278,1.92291,1.88682,-0.370756
15279,1.95771,1.92847,-0.337054
15280,1.84664,1.82676,-0.270235
15281,1.81165,1.7776,-0.349612
15282,1.81694,1.78735,-0.32656
15283,1.72764,1.70596,-0.272809
15284,1.72764,1.70596,-0.272809
15285,1.72764,1.70596,-0.272809
15286,1.72764,1.70596,-0.272809
15287,1.72764,1.70596,-0.272809
15288,1.72764,1.70596,-0.272809
15289,1.72764,1.70596,-0.272809
15290,1.72764,1.70596,-0.272809
15291,1.72764,1.70596,-0.272809
15292,1.73126,1.71876,-0.207606
15293,1.72508,1.70469,-0.264449
15294,1.77635,1.73799,-0.367198
15295,1.70434,1.6713,-0.333967
15296,1.70434,1.6713,-0.333967
15297,1.71939,1.68554,-0.339499
15298,1.71939,1.68554,-0.339499
15299,1.73499,1.69804,-0.356173
15300,1.8631,1.83403,-0.32785
15301,1.77117,1.73315,-0.365011
15302,1.86531,1.80507,-0.470187
15303,1.85527,1.78394,-0.509511
15304,1.80106,1.72956,-0.502432
15305,1.75352,1.7051,-0.409232
15306,1.76109,1.70267,-0.449815
15307,1.76109,1.70267,-0.449815
15308,1.77395,1.68484,-0.555163
15309,1.74537,1.65009,-0.568797
15310,1.74537,1.65009,-0.568797
15311,1.74537,1.65009,-0.568797
15312,1.80953,1.72334,-0.551819
15313,1.77586,1.69487,-0.530166
15314,1.72806,1.66899,-0.447954
15315,1.72747,1.69031,-0.35635
15316,1.75906,1.70055,-0.449905
15317,1.77638,1.70707,-0.491356
15318,1.71302,1.66919,-0.385039
15319,1.74055,1.72664,-0.219617
15320,1.80265,1.78337,-0.262936
15321,1.8119,1.78973,-0.28262
15322,1.87378,1.83501,-0.379176
15323,1.91161,1.85754,-0.451431
15324,1.90632,1.84935,-0.462552
15325,1.90632,1.84935,-0.462552
15326,1.90632,1.84935,-0.462552
15327,1.85114,1.77615,-0.521554
15328,1.94273,1.84672,-0.603149
15329,1.94273,1.84672,-0.603149
15330,1.92402,1.88023,-0.408172
15331,1.92402,1.88023,-0.408172
15332,2.04022,1.98731,-0.461633
15333,1.97999,1.958,-0.294297
15334,1.90912,1.8855,-0.299366
15335,1.93791,1.91259,-0.312284
15336,1.91798,1.88167,-0.371428
15337,2.01229,1.98834,-0.309559
15338,1.89435,1.87783,-0.249696
15339,1.93084,1.90793,-0.296584
15340,1.93295,1.91344,-0.273976
15341,1.93295,1.91344,-0.273976
15342,2.00272,2.00099,-0.0833415
15343,1.94604,1.94426,-0.0830577
15344,1.86218,1.85938,-0.102153
15345,1.9982,1.99812,-0.0169828
15346,1.93642,1.93578,0.049977
15347,1.93642,1.93578,0.049977
15348,2.00741,2.00739,0.00895485
15349,2.00741,2.00739,0.00895485
15350,2.00741,2.00739,0.00895485
15351,2.00741,2.00739,0.00895485
15352,1.91652,1.91647,0.0125267
15353,1.91652,1.91647,0.0125267
15354,1.91652,1.91647,0.0125267
15355,1.94031,1.93788,0.0972097
15356,1.90974,1.90302,0.160026
15357,1.90974,1.90302,0.160026
15358,1.84227,1.82711,0.235857
15359,1.84227,1.82711,0.235857
15360,1.99139,1.97867,0.224704
15361,1.99139,1.97867,0.224704
15362,2.08614,2.07092,0.2515
15363,1.94265,1.93287,0.194603
15364,1.98341,1.97035,0.227233
15365,1.94827,1.9365,0.213836
15366,1.97879,1.97034,0.182655
15367,1.97879,1.97034,0.182655
15368,2.02621,2.02195,0.131246
15369,2.02621,2.02195,0.131246
15370,2.02621,2.02195,0.131246
15371,2.02621,2.02195,0.131246
15372,2.01778,2.01321,0.135616
15373,1.89949,1.89861,0.0577779
15374,1.95637,1.95572,-0.0503053
15375,2.04469,2.0439,-0.0567503
15376,1.9134,1.91128,-0.0901559
15377,1.93739,1.93444,-0.106838
15378,1.94761,1.94748,-0.0227511
15379,1.8957,1.89552,0.0255339
15380,1.8957,1.89552,0.0255339
15381,1.92983,1.92961,0.0288948
15382,1.92983,1.92961,0.0288948
15383,2.05486,2.054,0.0595154
15384,1.98489,1.98429,0.0488956
15385,1.98489,1.98429,0.0488956
15386,1.98139,1.97895,0.0983295
15387,1.98139,1.97895,0.0983295
15388,1.99557,1.99533,0.0312887
15389,2.0237,2.02172,0.089317
15390,2.0237,2.02172,0.089317
15391,2.00673,2.00479,0.0883262
15392,2.00123,2.00104,0.0275913
15393,2.00872,1.9981,0.206306
15394,1.88947,1.87574,0.22743
15395,1.92881,1.91694,0.213688
15396,1.96905,1.95264,0.253667
15397,1.89348,1.88088,0.218155
15398,1.89348,1.88088,0.218155
15399,1.8916,1.87066,0.280693
15400,1.90021,1.86029,0.387448
15401,1.86996,1.79909,0.50994
15402,1.7758,1.70655,0.491088
15403,1.7758,1.70655,0.491088
15404,1.7758,1.70655,0.491088
15405,1.79959,1.72907,0.498826
15406,1.79959,1.72907,0.498826
15407,1.76025,1.68564,0.507065
15408,1.76025,1.68564,0.507065
15409,1.78918,1.69545,0.571489
15410,1.9035,1.77851,0.678395
15411,1.95794,1.81574,0.732536
15412,1.9376,1.80481,0.704952
15413,1.9376,1.80481,0.704952
15414,1.9729,1.81789,0.766575
15415,1.91872,1.74106,0.80635
15416,1.91872,1.74106,0.80635
15417,1.91872,1.74106,0.80635
15418,1.93365,1.74266,0.837921
15419,1.93055,1.76432,0.783694
15420,1.95376,1.7617,0.844732
15421,1.95376,1.7617,0.844732
15422,1.8875,1.72956,0.755816
15423,1.8875,1.72956,0.755816
15424,1.8875,1.72956,0.755816
15425,1.8875,1.72956,0.755816
15426,1.81423,1.66551,0.719361
15427,1.81423,1.66551,0.719361
15428,1.87805,1.75249,0.675186
15429,1.87759,1.7285,0.733224
15430,1.92806,1.78431,0.730509
15431,1.94307,1.79144,0.752499
15432,1.94307,1.79144,0.752499
15433,1.94307,1.79144,0.752499
15434,1.94307,1.79144,0.752499
15435,1.99596,1.84939,0.750756
15436,1.94583,1.82346,0.679153
15437,1.91318,1.79897,0.651112
15438,1.90135,1.76196,0.714583
15439,1.90135,1.76196,0.714583
15440,1.90135,1.76196,0.714583
15441,1.86826,1.67315,0.831254
15442,1.91183,1.73624,0.800368
15443,1.91183,1.73624,0.800368
15444,1.91183,1.73624,0.800368
15445,1.97556,1.82829,0.74847
15446,1.91833,1.73339,0.821812
15447,1.91833,1.73339,0.821812
15448,1.91833,1.73339,0.821812
15449,1.97084,1.71501,0.971055
15450,2.085,1.77704,1.09058
15451,2.085,1.77704,1.09058
15452,2.13349,1.72476,1.25578
15453,2.07258,1.64991,1.25434
15454,2.07258,1.64991,1.25434
15455,2.07258,1.64991,1.25434
15456,2.07258,1.64991,1.25434
15457,2.07258,1.64991,1.25434
15458,2.05877,1.64169,1.24233
15459,2.05877,1.64169,1.24233
15460,2.05877,1.64169,1.24233
15461,1.99332,1.65649,1.10878
15462,1.99332,1.65649,1.10878
15463,1.99332,1.65649,1.10878
15464,2.03773,1.74516,1.05202
15465,2.03773,1.74516,1.05202
15466,2.03773,1.74516,1.05202
15467,2.01485,1.7723,0.958415
15468,1.92442,1.76155,0.77482
15469,1.85591,1.68079,0.786999
15470,1.91,1.69406,0.882188
15471,1.91,1.69406,0.882188
15472,1.93438,1.72867,0.868058
15473,1.91964,1.76937,0.744536
15474,1.91964,1.76937,0.744536
15475,1.91964,1.76937,0.744536
15476,1.91964,1.76937,0.744536
15477,1.9365,1.81164,0.684116
15478,1.94642,1.83066,0.661242
15479,1.94642,1.83066,0.661242
15480,1.9437,1.84414,0.6141
15481,1.89651,1.80496,0.582104
15482,1.89651,1.80496,0.582104
15483,1.89651,1.80496,0.582104
15484,2.00094,1.9409,0.486505
15485,2.01021,1.95507,0.467591
15486,2.01051,1.97299,0.386599
15487,2.00752,1.97495,0.36013
15488,2.08276,2.07301,0.201296
15489,2.11254,2.09681,0.257265
15490,2.15263,2.12171,0.363553
15491,2.0541,2.03487,0.28034
15492,1.9715,1.9575,0.234525
15493,2.01316,2.00244,0.207503
15494,1.98261,1.97951,0.110758
15495,1.91599,1.90246,0.227311
15496,1.88051,1.87912,0.0722327
15497,1.86396,1.85811,0.147478
15498,1.77231,1.75503,0.246931
15499,1.70603,1.69826,0.162587
15500,1.74406,1.73885,0.134725
15501,1.68641,1.68415,0.0872485
15502,1.73126,1.72785,0.108539
15503,1.80227,1.79701,0.137505
15504,1.80227,1.79701,0.137505
15505,1.76417,1.7621,0.0854483
15506,1.69308,1.69265,0.0379365
15507,1.72995,1.72988,-0.016278
15508,1.72665,1.71958,-0.156146
15509,1.72665,1.71958,-0.156146
15510,1.72665,1.71958,-0.156146
15511,1.74688,1.74586,-0.0596241
15512,1.74688,1.74586,-0.0596241
15513,1.68698,1.68589,0.0606546
15514,1.68698,1.68589,0.0606546
15515,1.73639,1.73636,-0.00909604
15516,1.73639,1.73636,-0.00909604
15517,1.79055,1.79028,-0.031591
15518,1.81477,1.81475,-0.00806224
15519,1.81477,1.81475,-0.00806224
15520,1.9009,1.89613,-0.134584
15521,1.87141,1.87141,0.00222801
15522,1.87141,1.87141,0.00222801
15523,1.79679,1.79651,0.0312929
15524,1.85881,1.85518,0.116217
15525,1.92614,1.9077,0.265921
15526,1.86035,1.82266,0.372561
15527,1.86452,1.81819,0.413095
15528,1.91114,1.8711,0.389153
15529,1.85097,1.81934,0.340749
15530,1.93164,1.90509,0.319189
15531,1.90459,1.88882,0.244559
15532,1.90459,1.88882,0.244559
15533,1.90459,1.88882,0.244559
15534,1.79175,1.77451,0.247918
15535,1.79175,1.77451,0.247918
15536,1.85594,1.83288,0.291706
15537,1.85594,1.83288,0.291706
15538,1.7923,1.76032,0.33704
15539,1.92163,1.86141,0.477299
15540,1.87304,1.82735,0.411185
15541,1.87304,1.82735,0.411185
15542,1.88792,1.85284,0.362289
15543,1.88792,1.85284,0.362289
15544,1.88792,1.85284,0.362289
15545,1.89876,1.85718,0.395197
15546,2.05276,2.02394,0.342804
15547,2.14292,2.12249,0.295206
15548,2.13516,2.12215,0.235357
15549,1.98537,1.96667,0.271827
15550,1.98537,1.96667,0.271827
15551,2.07696,2.05529,0.299265
15552,2.07696,2.05529,0.299265
15553,1.98784,1.95055,0.383205
15554,2.04769,2.02425,0.30896
15555,2.07289,2.0195,0.467427
15556,2.26726,2.18831,0.593099
15557,2.24952,2.20756,0.432421
15558,2.31958,2.2491,0.567459
15559,2.31958,2.2491,0.567459
15560,2.28646,2.23755,0.470403
15561,2.28646,2.23755,0.470403
15562,2.35013,2.29232,0.518041
15563,2.2605,2.23246,0.35491
15564,2.2605,2.23246,0.35491
15565,2.3857,2.36235,0.332954
15566,2.37596,2.33311,0.449214
15567,2.27319,2.24061,0.38345
15568,2.27786,2.26342,0.256049
15569,2.27844,2.23885,0.422911
15570,2.27844,2.23885,0.422911
15571,2.31324,2.26369,0.476231
15572,2.31324,2.26369,0.476231
15573,2.31324,2.26369,0.476231
15574,2.31324,2.26369,0.476231
15575,2.31324,2.26369,0.476231
15576,2.24005,2.16142,0.588284
15577,2.24005,2.16142,0.588284
15578,2.21808,2.16304,0.491063
15579,2.15777,2.0778,0.581994
15580,2.01709,1.97236,0.422404
15581,1.97236,1.94841,0.306414
15582,1.97236,1.94841,0.306414
15583,2.03038,2.0083,0.298649
15584,2.11976,2.11301,0.168996
15585,2.02484,2.02015,0.137772
15586,1.94356,1.93404,0.19211
15587,1.96508,1.958,0.16667
15588,1.97204,1.96036,0.214295
15589,1.97204,1.96036,0.214295
15590,2.07301,2.06045,0.227841
15591,2.08026,2.0777,0.103109
15592,2.0797,2.07965,0.014199
15593,2.0797,2.07965,0.014199
15594,2.10483,2.10341,-0.077249
15595,2.10483,2.10341,-0.077249
15596,2.07069,2.07066,-0.00989799
15597,2.07069,2.07066,-0.00989799
15598,2.06509,2.06509,-0.00297782
15599,2.06509,2.06509,-0.00297782
15600,2.06509,2.06509,-0.00297782
15601,2.07943,2.07634,0.113321
15602,2.10752,2.10316,0.1355
15603,2.04398,2.04364,0.0374939
15604,2.02684,2.02312,0.122617
15605,2.02684,2.02312,0.122617
15606,2.05595,2.04145,0.243767
15607,2.10063,2.0905,0.206083
15608,2.10063,2.0905,0.206083
15609,2.10063,2.0905,0.206083
15610,2.10063,2.0905,0.206083
15611,2.07402,2.06791,0.159034
15612,1.96497,1.92759,0.381454
15613,1.85801,1.85291,0.137478
15614,1.90089,1.89209,0.182757
15615,1.96057,1.92369,0.378519
15616,1.96057,1.92369,0.378519
15617,1.89562,1.88029,0.240602
15618,1.75911,1.74299,0.23761
15619,1.75911,1.74299,0.23761
15620,1.75911,1.74299,0.23761
15621,1.75911,1.74299,0.23761
15622,1.80275,1.7899,0.214856
15623,1.7086,1.69939,0.177223
15624,1.7086,1.69939,0.177223
15625,1.7086,1.69939,0.177223
15626,1.74204,1.72911,0.211858
15627,1.80235,1.79208,0.192184
15628,1.76012,1.75855,0.0742208
15629,1.84039,1.83872,0.0782324
15630,1.88583,1.88302,0.102891
15631,1.92426,1.9181,0.153849
15632,1.94427,1.94175,0.0989025
15633,2.00205,2.00013,0.0878519
15634,1.89651,1.89556,-0.0600256
15635,1.89651,1.89556,-0.0600256
15636,1.89651,1.89556,-0.0600256
15637,1.85459,1.85459,0.00102096
15638,1.94221,1.94182,-0.0384846
15639,1.82179,1.8201,-0.0783666
15640,1.88417,1.88407,-0.019154
15641,1.79034,1.7903,-0.0121996
15642,1.90351,1.90266,-0.0569514
15643,1.96045,1.95949,0.0614501
15644,2.02737,2.01709,0.203904
15645,1.85369,1.84379,0.191342
15646,1.88569,1.87938,0.154205
15647,1.88569,1.87938,0.154205
15648,1.88569,1.87938,0.154205
15649,1.88569,1.87938,0.154205
15650,1.88569,1.87938,0.154205
15651,1.94001,1.93864,0.0728846
15652,1.94244,1.93511,0.168612
15653,1.98497,1.9728,0.219475
15654,1.91334,1.90434,0.18539
15655,1.88643,1.87858,0.171926
15656,1.96323,1.95905,0.12804
15657,1.96323,1.95905,0.12804
15658,1.90595,1.89889,0.163887
15659,1.81212,1.79601,0.241063
15660,1.87031,1.8192,0.434259
15661,1.82746,1.75886,0.496014
15662,1.8438,1.78079,0.477899
15663,1.81971,1.77769,0.388786
15664,1.83873,1.80079,0.371625
15665,1.83873,1.80079,0.371625
15666,1.83873,1.80079,0.371625
15667,1.84249,1.80805,0.35458
15668,1.84249,1.80805,0.35458
15669,1.76104,1.7174,0.389624
15670,1.70706,1.67789,0.314234
15671,1.65989,1.63165,0.304879
15672,1.65989,1.63165,0.304879
15673,1.71096,1.66999,0.372173
15674,1.72553,1.6844,0.374479
15675,1.72926,1.67005,0.448616
15676,1.77721,1.72241,0.437916
15677,1.73369,1.6616,0.494746
15678,1.73369,1.6616,0.494746
15679,1.79119,1.7032,0.554506
15680,1.79119,1.7032,0.554506
15681,1.82311,1.74449,0.529609
15682,1.86837,1.78579,0.549324
15683,1.80518,1.74073,0.478059
15684,1.79385,1.72362,0.497001
15685,1.86964,1.79066,0.537679
15686,1.86964,1.79066,0.537679
15687,1.86964,1.79066,0.537679
15688,1.86964,1.79066,0.537679
15689,1.93336,1.87261,0.480831
15690,1.83748,1.80537,0.341967
15691,1.83748,1.80537,0.341967
15692,1.83748,1.80537,0.341967
15693,1.8503,1.81429,0.363262
15694,1.8503,1.81429,0.363262
15695,1.83819,1.81414,0.296366
15696,1.70129,1.68105,0.261667
15697,1.70129,1.68105,0.261667
15698,1.7757,1.76056,0.231395
15699,1.7757,1.76056,0.231395
15700,1.7757,1.76056,0.231395
15701,1.7757,1.76056,0.231395
15702,1.7757,1.76056,0.231395
15703,1.7757,1.76056,0.231395
15704,1.82786,1.81365,0.227465
15705,1.80458,1.80389,0.0498728
15706,1.80458,1.80389,0.0498728
15707,1.85606,1.85589,0.0250654
15708,1.85542,1.85436,0.0627765
15709,1.85542,1.85436,0.0627765
15710,1.78672,1.78483,0.082293
15711,1.79772,1.79747,0.0296984
15712,1.93158,1.93156,-0.00912479
15713,1.80567,1.8031,0.0962708
15714,1.89495,1.887,0.173406
15715,1.80194,1.78921,0.213812
15716,1.83758,1.81585,0.281771
15717,1.82126,1.77495,0.408101
15718,1.82126,1.77495,0.408101
15719,1.82126,1.77495,0.408101
15720,1.76713,1.72487,0.384115
15721,1.76713,1.72487,0.384115
15722,1.76713,1.72487,0.384115
15723,1.76713,1.72487,0.384115
15724,1.66646,1.60149,0.460794
15725,1.66646,1.60149,0.460794
15726,1.66428,1.61199,0.413896
15727,1.74438,1.67391,0.49079
15728,1.8259,1.73176,0.578715
15729,1.8259,1.73176,0.578715
15730,1.8259,1.73176,0.578715
15731,1.91053,1.7873,0.675055
15732,1.98506,1.84416,0.734536
15733,1.97953,1.88767,0.595999
15734,1.96604,1.85823,0.64213
15735,1.94649,1.86343,0.562564
15736,1.87138,1.80907,0.478856
15737,1.82368,1.78429,0.377012
15738,1.75793,1.70404,0.431945
15739,1.75793,1.70404,0.431945
15740,1.66541,1.6069,0.43758
15741,1.76187,1.6962,0.476548
15742,1.71068,1.6291,0.521991
15743,1.68526,1.61852,0.469568
15744,1.61769,1.56567,0.406936
15745,1.56928,1.49319,0.482745
15746,1.55119,1.48142,0.459962
15747,1.6557,1.58029,0.493996
15748,1.62457,1.57357,0.40386
15749,1.71687,1.64416,0.494343
15750,1.74197,1.7043,0.360308
15751,1.74197,1.7043,0.360308
15752,1.74285,1.70665,0.353351
15753,1.75007,1.72769,0.279005
15754,1.77064,1.74548,0.297445
15755,1.81126,1.77937,0.338363
15756,1.78972,1.76426,0.300785
15757,1.78491,1.75394,0.331091
15758,1.7695,1.74526,0.291894
15759,1.80292,1.78131,0.278311
15760,1.88467,1.85872,0.311661
15761,1.88467,1.85872,0.311661
15762,1.89385,1.86571,0.325219
15763,1.75355,1.73015,0.285521
15764,1.75355,1.73015,0.285521
15765,1.75355,1.73015,0.285521
15766,1.75355,1.73015,0.285521
15767,1.75355,1.73015,0.285521
15768,1.82239,1.77194,0.425829
15769,1.81731,1.76972,0.413159
15770,1.76011,1.7196,0.375436
15771,1.83118,1.77937,0.432501
15772,1.73989,1.68589,0.43013
15773,1.73989,1.68589,0.43013
15774,1.79512,1.73224,0.470967
15775,1.75257,1.70556,0.403194
15776,1.84019,1.79658,0.398267
15777,1.83809,1.78521,0.4377
15778,1.83809,1.78521,0.4377
15779,1.79842,1.71405,0.544374
15780,1.70207,1.58604,0.617687
15781,1.85101,1.74297,0.623115
15782,1.86992,1.73392,0.700067
15783,1.81474,1.74106,0.511833
15784,1.84196,1.7144,0.673547
15785,1.84196,1.7144,0.673547
15786,1.83283,1.72437,0.621119
15787,1.96266,1.87646,0.575263
15788,1.95056,1.88193,0.51288
15789,1.88685,1.83248,0.449691
15790,1.90505,1.83854,0.498989
15791,1.90505,1.83854,0.498989
15792,1.90505,1.83854,0.498989
15793,1.92258,1.83694,0.567412
15794,1.86229,1.8057,0.455583
15795,1.95556,1.92754,0.329874
15796,1.90232,1.85675,0.413865
15797,1.80464,1.77357,0.333395
15798,2.02306,1.9683,0.467516
15799,2.02306,1.9683,0.467516
15800,2.02924,1.98317,0.429941
15801,2.0947,2.05409,0.410496
15802,2.10466,2.02853,0.560971
15803,2.15753,2.05961,0.642609
15804,2.1441,2.03335,0.680184
15805,2.1441,2.03335,0.680184
15806,2.1441,2.03335,0.680184
15807,2.1441,2.03335,0.680184
15808,2.13937,1.9573,0.863636
15809,2.13937,1.9573,0.863636
15810,2.07148,1.88207,0.865355
15811,2.22793,2.03744,0.90139
15812,2.2408,2.04363,0.91912
15813,2.30792,2.13611,0.8738
15814,2.30792,2.13611,0.8738
15815,2.30792,2.13611,0.8738
15816,2.22457,2.11693,0.68361
15817,2.17116,2.07531,0.637974
15818,2.19726,2.09567,0.660371
15819,2.27485,2.19004,0.615378
15820,2.27485,2.19004,0.615378
15821,2.27485,2.19004,0.615378
15822,2.26856,2.17022,0.66067
15823,2.22957,2.12564,0.672806
15824,2.2554,2.16292,0.639195
15825,2.18083,2.01539,0.833205
15826,2.20433,2.05734,0.79147
15827,2.1626,2.00566,0.808813
15828,2.15866,2.02951,0.735466
15829,2.15866,2.02951,0.735466
15830,2.10894,1.97774,0.732256
15831,2.16261,2.01885,0.77531
15832,2.16261,2.01885,0.77531
15833,2.07304,1.88623,0.860036
15834,2.07427,1.93417,0.749365
15835,2.09581,1.93755,0.798939
15836,2.05537,1.91578,0.744536
15837,2.05537,1.91578,0.744536
15838,2.05537,1.91578,0.744536
15839,2.05537,1.91578,0.744536
15840,2.01683,1.84642,0.811374
15841,2.01683,1.84642,0.811374
15842,2.02235,1.81924,0.883331
15843,2.15891,1.93896,0.949369
15844,2.12534,1.91296,0.926101
15845,2.12534,1.91296,0.926101
15846,1.94159,1.7594,0.821139
15847,2.01647,1.84279,0.818712
15848,2.01647,1.84279,0.818712
15849,2.1361,1.97706,0.808799
15850,2.09588,1.90882,0.865506
15851,2.12759,1.956,0.837084
15852,2.15618,1.95267,0.914435
15853,2.13139,1.95513,0.848715
15854,1.99253,1.82256,0.80525
15855,1.99253,1.82256,0.80525
15856,1.8954,1.77054,0.676575
15857,1.92714,1.8082,0.666539
15858,1.91874,1.81144,0.632645
15859,1.85,1.75749,0.5777
15860,1.86289,1.71639,0.724131
15861,1.82583,1.69784,0.67156
15862,1.82583,1.69784,0.67156
15863,1.82583,1.69784,0.67156
15864,1.92701,1.80044,0.686872
15865,1.83976,1.74786,0.574198
15866,1.92995,1.83485,0.598371
15867,1.86192,1.76795,0.584041
15868,1.90172,1.80475,0.5995
15869,1.98401,1.839,0.744555
15870,1.92261,1.7508,0.794429
15871,1.91133,1.76222,0.740105
15872,1.91133,1.76222,0.740105
15873,1.91133,1.76222,0.740105
15874,1.96271,1.80384,0.773563
15875,1.91892,1.78974,0.692178
15876,1.97821,1.86914,0.647786
15877,1.97821,1.86914,0.647786
15878,1.97821,1.86914,0.647786
15879,1.9673,1.88729,0.555362
15880,1.9673,1.88729,0.555362
15881,1.88624,1.81009,0.530558
15882,1.88624,1.81009,0.530558
15883,1.95793,1.87746,0.55554
15884,1.94033,1.8541,0.57202
15885,1.97899,1.90481,0.536732
15886,1.97899,1.90481,0.536732
15887,1.97899,1.90481,0.536732
15888,1.989,1.93273,0.469785
15889,1.989,1.93273,0.469785
15890,1.97732,1.92731,0.441877
15891,1.88538,1.85116,0.357573
15892,1.9264,1.89,0.372719
15893,1.95403,1.90079,0.45303
15894,1.95403,1.90079,0.45303
15895,1.90564,1.87671,0.330785
15896,1.9714,1.9231,0.433724
15897,2.08061,2.0186,0.504174
15898,2.08061,2.0186,0.504174
15899,2.08061,2.0186,0.504174
15900,1.98408,1.86431,0.678906
15901,2.12501,1.96303,0.813752
15902,2.05518,1.87425,0.843169
15903,2.05328,1.88415,0.81606
15904,2.06831,1.90762,0.799283
15905,2.03112,1.8856,0.75497
15906,2.18552,1.98805,0.907837
15907,2.10453,1.89708,0.911131
15908,2.00039,1.82546,0.818066
15909,2.04482,1.83625,0.8997
15910,2.04125,1.86132,0.837945
15911,2.04125,1.86132,0.837945
15912,2.04172,1.8451,0.874193
15913,2.04172,1.8451,0.874193
15914,1.9279,1.74604,0.817403
15915,1.9279,1.74604,0.817403
15916,1.97114,1.78626,0.833459
15917,1.97114,1.78626,0.833459
15918,1.95885,1.79913,0.774759
15919,1.95971,1.75266,0.876716
15920,1.95345,1.77933,0.80621
15921,1.95345,1.77933,0.80621
15922,1.96549,1.73431,0.924826
15923,1.96549,1.73431,0.924826
15924,1.94531,1.72194,0.905076
15925,1.93646,1.73045,0.86915
15926,1.95588,1.75114,0.871204
15927,1.85083,1.6374,0.862841
15928,1.9094,1.69041,0.887862
15929,1.9767,1.7673,0.885441
15930,1.88158,1.69445,0.818045
15931,1.8616,1.60397,0.944895
15932,1.90822,1.66548,0.93139
15933,2.02541,1.7789,0.968398
15934,2.02541,1.7789,0.968398
15935,1.9508,1.72804,0.905268
15936,1.9508,1.72804,0.905268
15937,1.94055,1.7101,0.917227
15938,1.92122,1.70734,0.880953
15939,1.98313,1.75115,0.930735
15940,1.97604,1.71313,0.984844
15941,2.00214,1.72974,1.00826
15942,2.06467,1.71874,1.14403
15943,1.95991,1.54335,1.20803
15944,1.89395,1.50375,1.15142
15945,1.9807,1.5638,1.2156
15946,1.89731,1.44219,1.23284
15947,1.89731,1.44219,1.23284
15948,1.86601,1.4311,1.19748
15949,1.8941,1.41374,1.26054
15950,1.96544,1.43318,1.34498
15951,1.87337,1.43951,1.19887
15952,1.9144,1.52526,1.15694
15953,1.86086,1.48148,1.12607
15954,1.91857,1.53851,1.14625
15955,1.91857,1.53851,1.14625
15956,2.01977,1.59355,1.24099
15957,1.95898,1.58054,1.15737
15958,2.06745,1.67715,1.20894
15959,2.06745,1.67715,1.20894
15960,2.17292,1.78455,1.23975
15961,2.10675,1.75618,1.16373
15962,2.05516,1.79834,0.99482
15963,2.05042,1.83094,0.922983
15964,1.9661,1.72576,0.941954
15965,2.01847,1.8137,0.885831
15966,1.99916,1.81234,0.843845
15967,1.97593,1.76195,0.89433
15968,1.94231,1.69928,0.940752
15969,2.01695,1.66874,1.13288
15970,2.01695,1.66874,1.13288
15971,1.99433,1.6754,1.08185
15972,2.05101,1.77134,1.03393
15973,1.92451,1.61235,1.05074
15974,1.92941,1.65226,0.996328
15975,1.9348,1.66725,0.981699
15976,1.89889,1.65783,0.925964
15977,1.89889,1.65783,0.925964
15978,1.89889,1.65783,0.925964
15979,1.95962,1.73905,0.903227
15980,1.97759,1.81725,0.78004
15981,2.14701,1.94614,0.906763
15982,2.08119,1.88938,0.872699
15983,2.08119,1.88938,0.872699
15984,2.0256,1.87494,0.7666
15985,2.02183,1.86518,0.780338
15986,2.07797,1.90326,0.833999
15987,2.07797,1.90326,0.833999
15988,2.07797,1.90326,0.833999
15989,2.11474,1.91769,0.891414
15990,2.13532,1.88894,0.995745
15991,2.13532,1.88894,0.995745
15992,2.13532,1.88894,0.995745
15993,2.13495,1.90384,0.96614
15994,2.05387,1.83824,0.916115
15995,1.99332,1.79103,0.874955
15996,1.91632,1.74947,0.782062
15997,1.86283,1.63804,0.887108
15998,1.86283,1.63804,0.887108
15999,1.86283,1.63804,0.887108
16000,1.90297,1.72117,0.811704
16001,1.96471,1.67286,1.03034
16002,1.98307,1.72135,0.984646
16003,2.08392,1.83585,0.986095
16004,2.12453,1.85656,1.03286
16005,2.04353,1.78165,1.00088
16006,2.07474,1.86308,0.912964
16007,2.05957,1.84034,0.924663
16008,2.05957,1.84034,0.924663
16009,2.05236,1.86174,0.863786
16010,2.07398,1.9006,0.830136
16011,2.03653,1.86096,0.827196
16012,2.03653,1.86096,0.827196
16013,2.00251,1.85626,0.751226
16014,2.00753,1.91033,0.61713
16015,2.00753,1.91033,0.61713
16016,1.9091,1.78157,0.68604
16017,1.971,1.84817,0.684909
16018,1.92867,1.81145,0.662116
16019,1.92386,1.79344,0.696298
16020,1.98132,1.8134,0.798261
16021,1.98132,1.8134,0.798261
16022,1.87558,1.69454,0.803944
16023,1.87244,1.69673,0.791926
16024,1.88334,1.7548,0.683852
16025,1.88334,1.7548,0.683852
16026,1.88334,1.7548,0.683852
16027,1.93961,1.84308,0.604299
16028,1.9223,1.84109,0.552855
16029,1.97263,1.90932,0.495717
16030,1.86742,1.78252,0.556644
16031,1.94331,1.81739,0.68815
16032,1.94331,1.81739,0.68815
16033,1.94331,1.81739,0.68815
16034,1.94041,1.8318,0.640086
16035,1.96825,1.87736,0.591206
16036,1.96825,1.87736,0.591206
16037,1.96825,1.87736,0.591206
16038,1.96825,1.87736,0.591206
16039,2.09087,1.9809,0.669144
16040,2.09087,1.9809,0.669144
16041,2.14346,2.00177,0.766379
16042,2.08164,1.9604,0.700041
16043,2.06312,1.96415,0.631325
16044,1.98919,1.8813,0.646205
16045,2.0134,1.85445,0.784101
16046,2.0134,1.85445,0.784101
16047,2.0134,1.85445,0.784101
16048,2.05943,1.88951,0.81913
16049,2.01341,1.83165,0.835997
16050,2.05659,1.86104,0.875274
16051,2.06199,1.85344,0.903643
16052,2.07417,1.85537,0.927235
16053,1.99243,1.68544,1.06259
16054,1.99994,1.59623,1.20492
16055,1.994,1.47601,1.34069
16056,1.96788,1.44275,1.33829
16057,1.86721,1.38629,1.25087
16058,1.95128,1.44976,1.30602
16059,1.95512,1.48663,1.26982
16060,1.93986,1.49386,1.23751
16061,1.99375,1.5009,1.31238
16062,1.95419,1.4394,1.32174
16063,1.99888,1.49824,1.32319
16064,1.99757,1.51744,1.2991
16065,1.99602,1.51252,1.30245
16066,1.86258,1.41277,1.21378
16067,1.86258,1.41277,1.21378
16068,1.85155,1.4367,1.16796
16069,1.85155,1.4367,1.16796
16070,1.85155,1.4367,1.16796
16071,1.85155,1.4367,1.16796
16072,1.93551,1.48706,1.23889
16073,1.86711,1.41875,1.21378
16074,1.77872,1.44752,1.03369
16075,1.73805,1.47097,0.925767
16076,1.79943,1.4851,1.01609
16077,1.83933,1.54232,1.00219
16078,1.8711,1.48006,1.14474
16079,1.9233,1.49669,1.2079
16080,1.88608,1.46966,1.18212
16081,1.80868,1.39851,1.14695
16082,1.79749,1.35858,1.17696
16083,1.79749,1.35858,1.17696
16084,1.81738,1.3328,1.23553
16085,1.9266,1.44919,1.2695
16086,1.85758,1.43884,1.17488
16087,1.79452,1.39653,1.12695
16088,1.79452,1.39653,1.12695
16089,1.83146,1.40391,1.17613
16090,1.83146,1.40391,1.17613
16091,1.83146,1.40391,1.17613
16092,1.7988,1.31629,1.226
16093,1.7988,1.31629,1.226
16094,1.7988,1.31629,1.226
16095,1.83349,1.4387,1.13659
16096,1.81959,1.38929,1.17507
16097,1.71919,1.31641,1.10574
16098,1.7057,1.2662,1.14287
16099,1.73143,1.27551,1.17086
16100,1.75506,1.37895,1.0857
16101,1.74465,1.34327,1.1133
16102,1.71482,1.39944,0.991047
16103,1.71482,1.39944,0.991047
16104,1.71482,1.39944,0.991047
16105,1.75929,1.3955,1.0713
16106,1.68342,1.31967,1.04516
16107,1.68342,1.31967,1.04516
16108,1.75774,1.46053,0.978025
16109,1.7409,1.38491,1.05487
16110,1.83578,1.42709,1.15477
16111,1.84844,1.45726,1.13715
16112,1.84844,1.45726,1.13715
16113,1.73835,1.38278,1.05346
16114,1.67439,1.31864,1.03187
16115,1.65231,1.34639,0.957791
16116,1.67997,1.3903,0.943061
16117,1.64797,1.42406,0.829375
16118,1.64797,1.42406,0.829375
16119,1.62991,1.43095,0.780367
16120,1.64352,1.42528,0.818376
16121,1.5762,1.40324,0.717855
16122,1.56562,1.40203,0.696769
16123,1.56562,1.40203,0.696769
16124,1.61471,1.49369,0.613339
16125,1.61471,1.49369,0.613339
16126,1.62216,1.46924,0.687561
16127,1.61976,1.48962,0.636116
16128,1.61976,1.48962,0.636116
16129,1.58893,1.48601,0.562539
16130,1.58893,1.48601,0.562539
16131,1.62447,1.51199,0.593978
16132,1.62447,1.51199,0.593978
16133,1.62447,1.51199,0.593978
16134,1.58281,1.49445,0.521451
16135,1.58281,1.49445,0.521451
16136,1.5407,1.49084,0.388784
16137,1.5407,1.49084,0.388784
16138,1.57976,1.53642,0.367472
16139,1.56653,1.52061,0.376519
16140,1.56653,1.52061,0.376519
16141,1.56653,1.52061,0.376519
16142,1.56653,1.52061,0.376519
16143,1.68924,1.65633,0.331852
16144,1.71615,1.6747,0.374885
16145,1.71615,1.6747,0.374885
16146,1.71615,1.6747,0.374885
16147,1.75044,1.71091,0.369889
16148,1.82465,1.79389,0.333643
16149,1.80164,1.76917,0.340494
16150,1.80164,1.76917,0.340494
16151,1.79226,1.74884,0.392134
16152,1.79226,1.74884,0.392134
16153,1.83464,1.76821,0.489208
16154,1.84742,1.79131,0.451848
16155,1.86498,1.79396,0.50975
16156,1.8736,1.77874,0.588623
16157,1.92934,1.77507,0.755957
16158,1.91363,1.74424,0.787168
16159,1.91363,1.74424,0.787168
16160,1.97331,1.81743,0.768722
16161,1.88038,1.7075,0.787567
16162,1.86336,1.67309,0.820287
16163,1.90133,1.67434,0.900921
16164,1.91287,1.66661,0.938869
16165,1.91287,1.66661,0.938869
16166,1.91287,1.66661,0.938869
16167,1.86815,1.62159,0.92759
16168,1.86815,1.62159,0.92759
16169,1.90137,1.60101,1.02565
16170,1.94516,1.61816,1.07943
16171,1.97011,1.60633,1.14063
16172,1.93375,1.5471,1.16011
16173,1.93375,1.5471,1.16011
16174,1.90275,1.44671,1.23592
16175,1.98397,1.53595,1.25579
16176,1.96912,1.52838,1.24158
16177,1.96912,1.52838,1.24158
16178,1.9491,1.49372,1.25211
16179,1.9491,1.49372,1.25211
16180,1.9491,1.49372,1.25211
16181,1.9491,1.49372,1.25211
16182,1.9491,1.49372,1.25211
16183,1.98705,1.5171,1.28326
16184,1.98705,1.5171,1.28326
16185,1.96297,1.48294,1.28614
16186,2.01121,1.49459,1.3458
16187,2.01554,1.57242,1.26091
16188,2.00587,1.57471,1.24249
16189,1.94275,1.56299,1.15383
16190,1.95316,1.60051,1.11946
16191,1.95316,1.60051,1.11946
16192,1.95316,1.60051,1.11946
16193,2.02148,1.65964,1.15411
16194,1.97647,1.57185,1.19822
16195,1.97647,1.57185,1.19822
16196,1.88885,1.54465,1.08711
16197,1.90541,1.5553,1.10074
16198,1.8089,1.4889,1.02727
16199,1.82422,1.39166,1.17944
16200,1.85642,1.48218,1.11779
16201,1.93978,1.55917,1.154
16202,1.88509,1.63635,0.935901
16203,1.88509,1.63635,0.935901
16204,1.88509,1.63635,0.935901
16205,1.82761,1.56272,0.947661
16206,1.91956,1.66138,0.96153
16207,1.91956,1.66138,0.96153
16208,1.96549,1.65623,1.05832
16209,1.92999,1.72344,0.868696
16210,2.04286,1.75727,1.04176
16211,2.00239,1.72065,1.02416
16212,2.0837,1.73899,1.14792
16213,2.10696,1.79505,1.1032
16214,2.08549,1.76436,1.11188
16215,2.0763,1.80697,1.02267
16216,2.0763,1.80697,1.02267
16217,2.16581,1.88112,1.07336
16218,2.15148,1.88066,1.04498
16219,2.15148,1.88066,1.04498
16220,2.13971,1.83936,1.09321
16221,2.13971,1.83936,1.09321
16222,2.08043,1.80281,1.0383
16223,2.08043,1.80281,1.0383
16224,2.10615,1.88239,0.944714
16225,2.10615,1.88239,0.944714
16226,2.08043,1.86366,0.924644
16227,2.1847,1.93774,1.009
16228,2.13389,1.86441,1.03801
16229,2.13389,1.86441,1.03801
16230,2.087,1.86234,0.941958
16231,2.12692,1.95093,0.847171
16232,2.10613,1.8992,0.910397
16233,2.1987,2.00899,0.893458
16234,2.1987,2.00899,0.893458
16235,2.13876,1.95846,0.859499
16236,2.13876,1.95846,0.859499
16237,2.13876,1.95846,0.859499
16238,2.13876,1.95846,0.859499
16239,2.04537,1.87278,0.822344
16240,2.04537,1.87278,0.822344
16241,1.95299,1.83648,0.664465
16242,1.98716,1.85013,0.725143
16243,1.98716,1.85013,0.725143
16244,2.01991,1.87706,0.746108
16245,1.9437,1.80001,0.733436
16246,1.98039,1.81418,0.794177
16247,2.00003,1.8713,0.705958
16248,1.91342,1.75644,0.759015
16249,1.85812,1.72354,0.69429
16250,1.85812,1.72354,0.69429
16251,1.93654,1.8258,0.645476
16252,1.93654,1.8258,0.645476
16253,1.93654,1.8258,0.645476
16254,1.8471,1.78414,0.47817
16255,1.91183,1.84301,0.508345
16256,1.91183,1.84301,0.508345
16257,1.78946,1.75178,0.36531
16258,1.81242,1.7889,0.29104
16259,1.88158,1.85227,0.330809
16260,1.92096,1.8946,0.317163
16261,1.92096,1.8946,0.317163
16262,1.92096,1.8946,0.317163
16263,1.8973,1.87397,0.296589
16264,1.8973,1.87397,0.296589
16265,1.89607,1.86886,0.320034
16266,1.93265,1.89973,0.355206
16267,1.85178,1.82284,0.326113
16268,1.85012,1.84389,0.151689
16269,1.85447,1.85294,0.0753637
16270,1.85447,1.85294,0.0753637
16271,1.85447,1.85294,0.0753637
16272,1.87067,1.87064,0.0104547
16273,1.83591,1.83144,0.128073
16274,1.91088,1.90289,0.17458
16275,1.87338,1.85593,0.25515
16276,1.81113,1.80159,0.185638
16277,1.81113,1.80159,0.185638
16278,1.81113,1.80159,0.185638
16279,1.81113,1.80159,0.185638
16280,1.96585,1.96039,0.146391
16281,1.90052,1.89987,0.0494685
16282,1.96519,1.96368,0.077074
16283,1.96519,1.96368,0.077074
16284,1.97123,1.96697,0.129507
16285,1.87546,1.86563,0.191811
16286,1.87546,1.86563,0.191811
16287,1.86141,1.8573,0.123601
16288,1.86667,1.85807,0.178927
16289,1.85865,1.85375,0.134891
16290,1.89251,1.89195,0.0462351
16291,1.89251,1.89195,0.0462351
16292,1.89251,1.89195,0.0462351
16293,1.90121,1.90035,0.0573294
16294,1.94007,1.93819,-0.0854267
16295,1.94833,1.94775,0.0474725
16296,1.99586,1.99574,-0.021851
16297,1.89377,1.88951,0.126974
16298,1.81494,1.81241,0.0957494
16299,1.81494,1.81241,0.0957494
16300,1.81494,1.81241,0.0957494
16301,1.81494,1.81241,0.0957494
16302,1.82146,1.81589,0.142401
16303,1.81464,1.80774,0.158135
16304,1.89116,1.89094,0.029302
16305,1.88706,1.88521,0.083581
16306,1.90349,1.90095,0.0982786
16307,1.84387,1.84181,0.0871604
16308,1.81325,1.81197,0.0680455
16309,1.81325,1.81197,0.0680455
16310,1.81325,1.81197,0.0680455
16311,1.81325,1.81197,0.0680455
16312,1.81434,1.81019,0.122612
16313,1.82802,1.81987,0.172359
16314,1.84875,1.84688,0.0831517
16315,1.77271,1.77248,0.0288123
16316,1.77271,1.77248,0.0288123
16317,1.84436,1.84299,-0.0712399
16318,1.91567,1.91491,-0.0539217
16319,1.92398,1.92389,0.019261
16320,1.92398,1.92389,0.019261
16321,1.9243,1.92386,0.0409736
16322,1.96074,1.95738,0.114891
16323,1.96074,1.95738,0.114891
16324,1.96074,1.95738,0.114891
16325,1.96074,1.95738,0.114891
16326,1.88012,1.87542,0.132759
16327,1.88012,1.87542,0.132759
16328,1.88012,1.87542,0.132759
16329,1.91469,1.91395,0.0533363
16330,1.93286,1.92708,0.149372
16331,1.85853,1.84375,0.23392
16332,1.86855,1.84451,0.298726
16333,1.86614,1.83471,0.341014
16334,1.82739,1.76727,0.464871
16335,1.86518,1.79021,0.523475
16336,1.87457,1.79612,0.536623
16337,1.84136,1.69661,0.715612
16338,1.81536,1.70802,0.614954
16339,1.92234,1.76852,0.753463
16340,1.93745,1.81507,0.677658
16341,1.93745,1.81507,0.677658
16342,1.96102,1.81127,0.751596
16343,1.92691,1.81107,0.658016
16344,1.89561,1.77589,0.662981
16345,1.89561,1.77589,0.662981
16346,1.92851,1.80734,0.672811
16347,1.93108,1.7352,0.847431
16348,1.95181,1.7207,0.921276
16349,1.95181,1.7207,0.921276
16350,2.06547,1.76706,1.06942
16351,2.00723,1.75666,0.971131
16352,1.93889,1.71865,0.897509
16353,1.88863,1.68744,0.84821
16354,1.88863,1.68744,0.84821
16355,1.85068,1.64475,0.848411
16356,1.84914,1.63227,0.868896
16357,1.84914,1.63227,0.868896
16358,1.96505,1.68768,1.00656
16359,2.07586,1.78212,1.06454
16360,2.07586,1.78212,1.06454
16361,2.10066,1.76893,1.13299
16362,2.10066,1.76893,1.13299
16363,2.10066,1.76893,1.13299
16364,2.04471,1.60564,1.266
16365,2.08722,1.73279,1.16359
16366,2.08722,1.73279,1.16359
16367,2.08722,1.73279,1.16359
16368,2.08722,1.73279,1.16359
16369,2.01582,1.6899,1.09898
16370,2.04445,1.71246,1.11679
16371,2.04445,1.71246,1.11679
16372,2.05172,1.69514,1.15588
16373,2.05172,1.69514,1.15588
16374,2.08186,1.73286,1.15383
16375,2.15293,1.78602,1.20218
16376,2.15293,1.78602,1.20218
16377,2.15293,1.78602,1.20218
16378,2.15293,1.78602,1.20218
16379,2.15293,1.78602,1.20218
16380,2.13589,1.74086,1.2375
16381,2.218,1.79185,1.30721
16382,2.13055,1.64609,1.35264
16383,2.13055,1.64609,1.35264
16384,2.15181,1.64233,1.39034
16385,2.00835,1.5714,1.25067
16386,2.00835,1.5714,1.25067
16387,2.07086,1.62452,1.28428
16388,2.10575,1.61149,1.35546
16389,2.10575,1.61149,1.35546
16390,2.05953,1.6471,1.23641
16391,2.03931,1.65591,1.19027
16392,2.06381,1.65619,1.2314
16393,2.04319,1.6324,1.22878
16394,1.96742,1.64031,1.08634
16395,2.00055,1.58516,1.22044
16396,2.19406,1.83906,1.19656
16397,2.08707,1.76336,1.11643
16398,2.08707,1.76336,1.11643
16399,2.08707,1.76336,1.11643
16400,2.19108,1.89034,1.10791
16401,2.24193,1.9199,1.15769
16402,2.24193,1.9199,1.15769
16403,2.24193,1.9199,1.15769
16404,2.24892,1.95447,1.11251
16405,2.15784,1.89366,1.03456
16406,2.09622,1.86545,0.95615
16407,2.09622,1.86545,0.95615
16408,2.10258,1.87892,0.943661
16409,2.10475,1.90447,0.896083
16410,1.99125,1.77276,0.906857
16411,1.98424,1.78169,0.873394
16412,2.04032,1.75632,1.03837
16413,1.88271,1.6617,0.885076
16414,1.94093,1.66314,1.00058
16415,1.94093,1.66314,1.00058
16416,2.05468,1.76434,1.05301
16417,1.9568,1.71235,0.947055
16418,1.9568,1.71235,0.947055
16419,2.00884,1.76889,0.952093
16420,1.95558,1.75251,0.86775
16421,1.92521,1.70184,0.90011
16422,1.91136,1.7139,0.84608
16423,1.91136,1.7139,0.84608
16424,1.91136,1.7139,0.84608
16425,1.99815,1.78374,0.900501
16426,1.99815,1.78374,0.900501
16427,1.99815,1.78374,0.900501
16428,2.02816,1.78855,0.956311
16429,2.04567,1.82736,0.919508
16430,2.04567,1.82736,0.919508
16431,2.00296,1.74255,0.987616
16432,2.00296,1.74255,0.987616
16433,2.00561,1.78786,0.908851
16434,1.93149,1.72875,0.861449
16435,1.88607,1.67834,0.860494
16436,1.86117,1.69829,0.761425
16437,1.90882,1.68656,0.893931
16438,1.90882,1.68656,0.893931
16439,1.92534,1.67445,0.950334
16440,1.80984,1.60344,0.839356
16441,1.83399,1.54963,0.980908
16442,1.79776,1.53154,0.941451
16443,1.76497,1.44365,1.01537
16444,1.81267,1.46204,1.07156
16445,1.79202,1.41449,1.10026
16446,1.79202,1.41449,1.10026
16447,1.84287,1.44998,1.13742
16448,1.86614,1.41725,1.21404
16449,1.86614,1.41725,1.21404
16450,1.84623,1.3853,1.22046
16451,1.89425,1.46812,1.19699
16452,1.89425,1.46812,1.19699
16453,1.92747,1.5516,1.14353
16454,1.95338,1.5748,1.15572
16455,1.95338,1.5748,1.15572
16456,1.8829,1.51549,1.11741
16457,1.97144,1.51409,1.26259
16458,1.93869,1.3935,1.34784
16459,1.92595,1.32107,1.40144
16460,1.91321,1.28521,1.41725
16461,2.00733,1.3634,1.47326
16462,2.00733,1.3634,1.47326
16463,1.96531,1.3754,1.40383
16464,1.92372,1.30624,1.41225
16465,2.03699,1.39466,1.48467
16466,2.0738,1.58234,1.34048
16467,1.96333,1.49568,1.27185
16468,2.00443,1.58478,1.22729
16469,2.00443,1.58478,1.22729
16470,2.05662,1.59041,1.30395
16471,2.08442,1.55969,1.38281
16472,2.09588,1.5826,1.37407
16473,2.09588,1.5826,1.37407
16474,2.09588,1.5826,1.37407
16475,1.99238,1.41911,1.39846
16476,2.0035,1.49186,1.3373
16477,2.02751,1.45156,1.41554
16478,1.97053,1.43484,1.35064
16479,1.97053,1.43484,1.35064
16480,1.99466,1.45729,1.36197
16481,1.91786,1.53832,1.14532
16482,1.95039,1.53483,1.20346
16483,1.98205,1.49375,1.30278
16484,1.91477,1.45494,1.24479
16485,1.91625,1.40288,1.30536
16486,1.93363,1.42233,1.30993
16487,1.93363,1.42233,1.30993
16488,1.93363,1.42233,1.30993
16489,1.93363,1.42233,1.30993
16490,1.97278,1.45057,1.33705
16491,1.97278,1.45057,1.33705
16492,2.05172,1.4675,1.43388
16493,2.08245,1.48438,1.46056
16494,2.08245,1.48438,1.46056
16495,2.08245,1.48438,1.46056
16496,2.08245,1.48438,1.46056
16497,2.08245,1.48438,1.46056
16498,2.14948,1.45382,1.58324
16499,2.15418,1.55529,1.49049
16500,2.15418,1.55529,1.49049
16501,2.13098,1.50961,1.50404
16502,2.10924,1.51214,1.47049
16503,2.12328,1.50726,1.49549
16504,2.18741,1.47233,1.61773
16505,2.18741,1.47233,1.61773
16506,2.12726,1.4973,1.51106
16507,2.18241,1.51815,1.56784
16508,2.24441,1.57821,1.59581
16509,2.24441,1.57821,1.59581
16510,2.16164,1.5205,1.53648
16511,2.16164,1.5205,1.53648
16512,2.20472,1.47299,1.64045
16513,2.20472,1.47299,1.64045
16514,2.20472,1.47299,1.64045
16515,2.20472,1.47299,1.64045
16516,2.14896,1.46386,1.57325
16517,2.18513,1.57546,1.51418
16518,2.11431,1.51291,1.47696
16519,2.06895,1.346,1.57125
16520,2.08411,1.22266,1.68779
16521,2.08411,1.22266,1.68779
16522,2.08411,1.22266,1.68779
16523,2.08411,1.22266,1.68779
16524,2.08411,1.22266,1.68779
16525,2.09488,1.32209,1.625
16526,2.07323,1.15935,1.71877
16527,2.07323,1.15935,1.71877
16528,2.07323,1.15935,1.71877
16529,2.07323,1.15935,1.71877
16530,2.07323,1.15935,1.71877
16531,2.07323,1.15935,1.71877
16532,2.06602,1.14616,1.71894
16533,2.01125,1.13709,1.65896
16534,2.01012,1.0075,1.7394
16535,2.01012,1.0075,1.7394
16536,2.01012,1.0075,1.7394
16537,1.93772,0.90627,1.71273
16538,1.93772,0.90627,1.71273
16539,1.83448,0.893622,1.60211
16540,1.79156,0.789426,1.60826
16541,1.73279,0.914781,1.47165
16542,1.77258,0.885528,1.53554
16543,1.77258,0.885528,1.53554
16544,1.77258,0.885528,1.53554
16545,1.77258,0.885528,1.53554
16546,1.77258,0.885528,1.53554
16547,1.73546,0.900953,1.48327
16548,1.73268,0.801532,1.53614
16549,1.80304,0.858542,1.58551
16550,1.86454,0.95871,1.59919
16551,1.86454,0.95871,1.59919
16552,1.87023,0.940281,1.61668
16553,1.87023,0.940281,1.61668
16554,1.98843,0.958856,1.74196
16555,1.98668,1.03845,1.69366
16556,2.037,1.06309,1.73759
16557,1.98363,0.925736,1.75436
16558,1.98363,0.925736,1.75436
16559,2.00128,0.988339,1.7402
16560,2.00128,0.988339,1.7402
16561,1.98351,0.937418,1.74801
16562,1.98351,0.937418,1.74801
16563,1.95749,0.726649,1.81763
16564,1.96055,0.67028,1.84241
16565,1.92434,0.648225,1.81187
16566,1.92434,0.648225,1.81187
16567,1.86564,0.624256,1.7581
16568,1.94838,0.600348,1.85359
16569,1.89595,0.562506,1.81059
16570,1.89595,0.562506,1.81059
16571,1.88867,0.638722,1.77739
16572,1.88718,0.736111,1.7377
16573,1.84507,0.649848,1.72684
16574,1.84507,0.649848,1.72684
16575,1.83066,0.606141,1.7274
16576,1.87793,0.702904,1.74143
16577,1.87793,0.702904,1.74143
16578,1.81231,0.65316,1.69051
16579,1.89278,0.77289,1.72779
16580,1.948,0.766521,1.79085
16581,2.08271,0.806366,1.92027
16582,2.05197,0.745706,1.91168
16583,2.23509,0.716665,2.11707
16584,2.23509,0.716665,2.11707
16585,2.21927,0.71843,2.09976
16586,2.12415,0.677665,2.01315
16587,2.17522,0.722496,2.05172
16588,2.04597,0.725464,1.91304
16589,2.0271,0.668616,1.91366
16590,2.07615,0.748783,1.93643
16591,1.93098,0.741159,1.78307
16592,1.99893,0.786926,1.83751
16593,1.88518,0.784724,1.71409
16594,1.88518,0.784724,1.71409
16595,1.83586,0.770194,1.66649
16596,1.85074,0.763195,1.68605
16597,1.86464,0.780256,1.69354
16598,1.86464,0.780256,1.69354
16599,1.84765,0.618777,1.74095
16600,1.82167,0.642856,1.70447
16601,1.82167,0.642856,1.70447
16602,1.88424,0.604214,1.78474
16603,1.85839,0.557374,1.77284
16604,1.85839,0.557374,1.77284
16605,1.88476,0.620854,1.77956
16606,1.83696,0.685908,1.7041
16607,1.9514,0.64575,1.84146
16608,1.85681,0.613579,1.7525
16609,1.92298,0.588511,1.83071
16610,1.87389,0.645686,1.75914
16611,1.87389,0.645686,1.75914
16612,1.77769,0.706251,1.63138
16613,1.86248,0.743707,1.70755
16614,1.91797,0.726217,1.77516
16615,2.02017,0.77148,1.86706
16616,2.02017,0.77148,1.86706
16617,2.09821,0.746934,1.96076
16618,2.02087,0.84879,1.83397
16619,2.02184,0.942802,1.78856
16620,2.02184,0.942802,1.78856
16621,2.02184,0.942802,1.78856
16622,2.07203,0.915068,1.85902
16623,2.17299,0.971592,1.94368
16624,2.09452,1.0414,1.81727
16625,2.15112,1.01736,1.89534
16626,2.1282,0.899508,1.92876
16627,2.16506,0.830529,1.99943
16628,2.11645,0.761214,1.97483
16629,2.11645,0.761214,1.97483
16630,2.15512,0.754648,2.01867
16631,2.05125,0.704309,1.92655
16632,2.00889,0.63617,1.9055
16633,1.99569,0.55582,1.91673
16634,1.96838,0.660682,1.85419
16635,1.96588,0.716095,1.83081
16636,1.94041,0.653911,1.82691
16637,1.94041,0.653911,1.82691
16638,1.94041,0.653911,1.82691
16639,1.94041,0.653911,1.82691
16640,1.99212,0.721551,1.85685
16641,1.99212,0.721551,1.85685
16642,1.90416,0.722958,1.76157
16643,1.94289,0.716586,1.80591
16644,2.01678,0.76013,1.86805
16645,2.00612,0.785563,1.84591
16646,2.00551,0.689204,1.88336
16647,2.00551,0.689204,1.88336
16648,1.93301,0.57993,1.84396
16649,1.94374,0.50919,1.87586
16650,1.92093,0.437485,1.87045
16651,1.92097,0.494845,1.85614
16652,1.92097,0.494845,1.85614
16653,1.92097,0.494845,1.85614
16654,1.82551,0.597019,1.72513
16655,1.79947,0.646887,1.67918
16656,1.81713,0.630923,1.70409
16657,1.81713,0.630923,1.70409
16658,1.80583,0.495434,1.73654
16659,1.78077,0.534681,1.6986
16660,1.70835,0.503147,1.63258
16661,1.71451,0.519942,1.63377
16662,1.89164,0.548863,1.81026
16663,1.85148,0.540196,1.77093
16664,1.88094,0.465186,1.82251
16665,1.91182,0.512718,1.84179
16666,1.91182,0.512718,1.84179
16667,1.91182,0.512718,1.84179
16668,1.84234,0.488362,1.77644
16669,1.85562,0.404256,1.81105
16670,1.88797,0.416475,1.84146
16671,2.01736,0.451587,1.96616
16672,1.99649,0.427579,1.95016
16673,2.00532,0.362843,1.97222
16674,1.97973,0.583505,1.89179
16675,1.92233,0.490007,1.85882
16676,1.92233,0.490007,1.85882
16677,1.98134,0.474181,1.92376
16678,1.98134,0.474181,1.92376
16679,2.09255,0.418982,2.05017
16680,2.09255,0.418982,2.05017
16681,2.08353,0.474328,2.02882
16682,1.95667,0.437652,1.9071
16683,2.04884,0.499569,1.987
16684,2.04884,0.499569,1.987
16685,1.9619,0.501635,1.89669
16686,2.00491,0.45302,1.95306
16687,2.00491,0.45302,1.95306
16688,2.00491,0.45302,1.95306
16689,1.90535,0.492999,1.84046
16690,1.82301,0.505405,1.75155
16691,1.84224,0.464321,1.78276
16692,1.84224,0.464321,1.78276
16693,1.84224,0.464321,1.78276
16694,1.84224,0.464321,1.78276
16695,1.8662,0.509363,1.79534
16696,1.90339,0.561739,1.81861
16697,1.88137,0.610549,1.77955
16698,1.88137,0.610549,1.77955
16699,1.93678,0.693259,1.80845
16700,1.92983,0.665374,1.8115
16701,1.92983,0.665374,1.8115
16702,1.88125,0.550469,1.79891
16703,1.88125,0.550469,1.79891
16704,1.88125,0.550469,1.79891
16705,1.78088,0.568634,1.68766
16706,1.84261,0.686295,1.71004
16707,1.8242,0.726814,1.67315
16708,1.8959,0.749591,1.74143
16709,1.84692,0.783234,1.67263
16710,1.84692,0.783234,1.67263
16711,1.84654,0.714786,1.70259
16712,1.89914,0.733746,1.75168
16713,1.87486,0.671066,1.75065
16714,1.87486,0.671066,1.75065
16715,1.84855,0.711326,1.70621
16716,1.82894,0.78142,1.6536
16717,1.82894,0.78142,1.6536
16718,1.82894,0.78142,1.6536
16719,1.75147,0.664525,1.62051
16720,1.75426,0.636499,1.63471
16721,1.72827,0.725229,1.56875
16722,1.7043,0.765521,1.5227
16723,1.7043,0.765521,1.5227
16724,1.7043,0.765521,1.5227
16725,1.69809,0.74748,1.52473
16726,1.7737,0.814005,1.57589
16727,1.76163,0.809157,1.5648
16728,1.76191,0.773582,1.583
16729,1.72569,0.677142,1.58729
16730,1.61558,0.692916,1.45944
16731,1.61558,0.692916,1.45944
16732,1.69315,0.658123,1.56001
16733,1.68589,0.698431,1.53441
16734,1.6768,0.665848,1.53893
16735,1.65917,0.739014,1.4855
16736,1.69054,0.709165,1.5346
16737,1.72015,0.714509,1.56474
16738,1.72015,0.714509,1.56474
16739,1.7921,0.699945,1.64976
16740,1.7921,0.699945,1.64976
16741,1.7921,0.699945,1.64976
16742,1.70831,0.664931,1.57359
16743,1.79668,0.681405,1.66245
16744,1.79668,0.681405,1.66245
16745,1.79668,0.681405,1.66245
16746,1.86932,0.725568,1.72276
16747,1.91245,0.717109,1.77291
16748,1.92622,0.79884,1.75276
16749,1.92347,0.693945,1.79392
16750,1.85977,0.759517,1.69761
16751,1.75071,0.805194,1.55456
16752,1.75407,0.766854,1.57756
16753,1.75407,0.766854,1.57756
16754,1.82538,0.791268,1.64496
16755,1.79926,0.74716,1.63679
16756,1.7323,0.74954,1.56175
16757,1.7323,0.74954,1.56175
16758,1.7323,0.74954,1.56175
16759,1.82791,0.818856,1.63424
16760,1.82779,0.755214,1.66447
16761,1.75697,0.777798,1.57543
16762,1.77605,0.648552,1.6534
16763,1.77605,0.648552,1.6534
16764,1.6574,0.569846,1.55636
16765,1.67378,0.650095,1.54238
16766,1.70254,0.658116,1.5702
16767,1.65584,0.802524,1.44836
16768,1.65343,0.757121,1.4699
16769,1.77539,0.77082,1.59933
16770,1.76396,0.79394,1.57519
16771,1.76453,0.940454,1.49303
16772,1.82562,0.80778,1.63719
16773,1.94293,0.777855,1.78042
16774,2.01265,0.810573,1.84221
16775,2.1259,0.841389,1.95231
16776,2.05754,0.759977,1.91204
16777,2.05834,0.730143,1.92449
16778,1.99056,0.633476,1.88708
16779,2.02921,0.52436,1.96029
16780,2.02921,0.52436,1.96029
16781,2.02921,0.52436,1.96029
16782,2.06098,0.537156,1.98975
16783,2.06098,0.537156,1.98975
16784,2.06098,0.537156,1.98975
16785,1.93019,0.502391,1.86366
16786,1.93019,0.502391,1.86366
16787,1.93019,0.502391,1.86366
16788,1.89245,0.591159,1.79775
16789,1.91739,0.541752,1.83926
16790,1.93387,0.6308,1.8281
16791,1.94539,0.727169,1.80438
16792,1.97324,0.657269,1.86056
16793,1.97324,0.657269,1.86056
16794,1.96729,0.654018,1.8554
16795,1.99885,0.904454,1.78251
16796,1.85524,0.941719,1.59846
16797,1.86663,1.03104,1.55604
16798,1.86663,1.03104,1.55604
16799,1.88465,0.933292,1.63734
16800,1.9527,0.89648,1.73475
16801,1.90039,0.85028,1.69956
16802,1.94571,0.982659,1.67934
16803,1.83726,0.959553,1.56678
16804,1.82702,0.83811,1.62345
16805,1.79412,0.799274,1.60625
16806,1.7675,0.714614,1.6166
16807,1.65589,0.599405,1.5436
16808,1.73791,0.721577,1.58102
16809,1.73791,0.721577,1.58102
16810,1.78528,0.690985,1.64614
16811,1.75282,0.664104,1.62214
16812,1.81383,0.763365,1.64538
16813,1.81383,0.763365,1.64538
16814,1.87719,0.717194,1.73479
16815,1.85113,0.742171,1.69584
16816,1.83065,0.706421,1.68886
16817,1.83065,0.706421,1.68886
16818,1.85894,0.725056,1.71171
16819,1.85894,0.725056,1.71171
16820,1.85894,0.725056,1.71171
16821,1.81764,0.711674,1.67253
16822,1.82397,0.698484,1.68493
16823,1.82397,0.698484,1.68493
16824,1.87588,0.724369,1.73037
16825,1.87771,0.716579,1.7356
16826,1.87771,0.716579,1.7356
16827,1.94799,0.619755,1.84678
16828,2.09369,0.647686,1.99099
16829,2.08902,0.675269,1.97687
16830,2.08902,0.675269,1.97687
16831,2.08902,0.675269,1.97687
16832,2.01915,0.702838,1.89288
16833,2.13612,1.01675,1.87862
16834,2.13612,1.01675,1.87862
16835,2.11509,1.05197,1.83492
16836,2.11509,1.05197,1.83492
16837,2.19392,1.12111,1.88584
16838,2.19392,1.12111,1.88584
16839,2.22202,1.14512,1.90423
16840,2.22202,1.14512,1.90423
16841,2.22202,1.14512,1.90423
16842,2.23666,1.08878,1.95376
16843,2.22925,0.959011,2.01242
16844,2.22925,0.959011,2.01242
16845,2.17,1.0252,1.91255
16846,2.12423,0.97232,1.88864
16847,2.13804,1.03555,1.87052
16848,2.13804,1.03555,1.87052
16849,2.06891,0.994025,1.81448
16850,2.06891,0.994025,1.81448
16851,2.06891,0.994025,1.81448
16852,2.09326,0.898601,1.89057
16853,2.14066,0.947484,1.91956
16854,2.00538,0.943813,1.7694
16855,2.08408,0.988821,1.83456
16856,2.08408,0.988821,1.83456
16857,2.08408,0.988821,1.83456
16858,1.95568,0.940129,1.71489
16859,2.02068,0.789965,1.85986
16860,2.02584,0.870664,1.8292
16861,2.07379,0.984918,1.82498
16862,2.07379,0.984918,1.82498
16863,2.09685,1.00836,1.83848
16864,2.06331,1.10237,1.74414
16865,2.08329,1.14398,1.7411
16866,2.12524,1.13641,1.79589
16867,2.12524,1.13641,1.79589
16868,2.12524,1.13641,1.79589
16869,2.08053,1.10092,1.76539
16870,2.08053,1.10092,1.76539
16871,2.08053,1.10092,1.76539
16872,2.09244,1.1576,1.74306
16873,2.00623,1.11638,1.66692
16874,2.06028,1.01894,1.79068
16875,2.17733,1.03467,1.91579
16876,2.2151,1.17437,1.87817
16877,2.13379,1.10863,1.82319
16878,2.13379,1.10863,1.82319
16879,2.03342,1.11029,1.70354
16880,2.0882,1.09542,1.77781
16881,2.06299,1.02721,1.78906
16882,2.02458,1.01955,1.74913
16883,1.99407,1.03859,1.70225
16884,1.99407,1.03859,1.70225
16885,2.05815,1.02459,1.78499
16886,1.99206,1.00258,1.72138
16887,1.99206,1.00258,1.72138
16888,2.11088,1.08098,1.81309
16889,2.14181,1.14742,1.80852
16890,2.14181,1.14742,1.80852
16891,2.0653,1.08844,1.75521
16892,2.02065,0.983135,1.76535
16893,2.03886,0.973293,1.79155
16894,2.1049,0.856024,1.92298
16895,2.1049,0.856024,1.92298
16896,2.05641,0.904663,1.84672
16897,2.11343,1.01611,1.85314
16898,2.1838,0.906277,1.98686
16899,2.213,0.931824,2.00725
16900,2.25443,0.895525,2.06894
16901,2.25443,0.895525,2.06894
16902,2.23404,0.938774,2.02723
16903,2.08737,0.871703,1.89664
16904,2.06269,0.776628,1.9109
16905,2.06269,0.776628,1.9109
16906,2.02026,0.805766,1.85261
16907,2.05263,0.798851,1.8908
16908,1.97426,0.795941,1.8067
16909,1.9077,0.736216,1.75991
16910,1.9077,0.736216,1.75991
16911,1.946,0.748414,1.79632
16912,1.946,0.748414,1.79632
16913,2.03514,0.763276,1.88659
16914,2.02143,0.736483,1.88249
16915,2.01734,0.770922,1.86423
16916,2.13768,0.679253,2.02689
16917,2.18741,0.84794,2.01638
16918,2.09191,0.919036,1.87921
16919,2.11297,1.00122,1.8607
16920,2.10556,1.10669,1.79126
16921,2.0406,1.13194,1.69788
16922,1.98564,1.13352,1.6303
16923,2.01235,1.21389,1.605
16924,1.94071,1.24618,1.48775
16925,1.94461,1.33007,1.41859
16926,1.94461,1.33007,1.41859
16927,1.96831,1.47372,1.30475
16928,1.96831,1.47372,1.30475
16929,2.02501,1.52239,1.33529
16930,1.9655,1.54818,1.21093
16931,1.99228,1.50489,1.30556
16932,1.99228,1.50489,1.30556
16933,2.00157,1.54798,1.26887
16934,2.00157,1.54798,1.26887
16935,1.99086,1.48795,1.3227
16936,1.99324,1.48759,1.32669
16937,1.92785,1.43677,1.28541
16938,1.92785,1.43677,1.28541
16939,1.99674,1.43739,1.38596
16940,2.08225,1.47168,1.47307
16941,2.04054,1.45185,1.43385
16942,2.04054,1.45185,1.43385
16943,2.00449,1.48436,1.34709
16944,1.95162,1.40671,1.35276
16945,2.00211,1.42423,1.40714
16946,2.00211,1.42423,1.40714
16947,2.00211,1.42423,1.40714
16948,1.96976,1.41423,1.3711
16949,1.92251,1.45214,1.2599
16950,2.06542,1.57393,1.33744
16951,2.02808,1.5083,1.35579
16952,2.0293,1.51951,1.34504
16953,2.03343,1.51267,1.35891
16954,1.98587,1.44649,1.36065
16955,1.92235,1.4455,1.26726
16956,2.01016,1.46065,1.38104
16957,2.01016,1.46065,1.38104
16958,2.1061,1.63799,1.32387
16959,2.04973,1.60367,1.27656
16960,2.04973,1.60367,1.27656
16961,2.04973,1.60367,1.27656
16962,2.04973,1.60367,1.27656
16963,2.0248,1.65224,1.17043
16964,2.0248,1.65224,1.17043
16965,1.98409,1.7131,1.00094
16966,2.00592,1.76505,0.953045
16967,1.85576,1.63959,0.869249
16968,1.86866,1.61163,0.94581
16969,1.98114,1.62075,1.13934
16970,1.94713,1.53304,1.20047
16971,1.95869,1.58109,1.15613
16972,1.95869,1.58109,1.15613
16973,1.80427,1.4098,1.12599
16974,1.83193,1.41914,1.15845
16975,1.83193,1.41914,1.15845
16976,1.87033,1.29856,1.34606
16977,1.82937,1.25806,1.32811
16978,1.88015,1.28511,1.37239
16979,1.88015,1.28511,1.37239
16980,1.84986,1.30226,1.31381
16981,1.84986,1.30226,1.31381
16982,1.88553,1.31155,1.35465
16983,1.88553,1.31155,1.35465
16984,1.88553,1.31155,1.35465
16985,1.87818,1.29052,1.36459
16986,1.92742,1.27695,1.44372
16987,1.93622,1.31561,1.4206
16988,1.90944,1.31155,1.38774
16989,1.893,1.29422,1.38146
16990,1.893,1.29422,1.38146
16991,1.893,1.29422,1.38146
16992,1.893,1.29422,1.38146
16993,2.02741,1.43049,1.4367
16994,1.93087,1.18351,1.52564
16995,1.95285,1.18319,1.5536
16996,1.9596,1.16,1.57937
16997,2.07888,1.25049,1.66073
16998,2.07888,1.25049,1.66073
16999,2.02452,1.19914,1.63118
17000,1.925,1.27238,1.44454
17001,1.89654,1.20097,1.46784
17002,1.89654,1.20097,1.46784
17003,1.99226,1.36131,1.45463
17004,2.06392,1.41416,1.5033
17005,1.9986,1.35227,1.47165
17006,1.94917,1.2997,1.4526
17007,1.94917,1.2997,1.4526
17008,1.97717,1.35518,1.43969
17009,2.12241,1.41463,1.58224
17010,2.01447,1.36468,1.48181
17011,1.98474,1.31076,1.49034
17012,1.98474,1.31076,1.49034
17013,1.98191,1.32084,1.47761
17014,1.98614,1.2919,1.50856
17015,2.07464,1.34435,1.58015
17016,2.16455,1.37966,1.66787
17017,2.05937,1.30313,1.59464
17018,2.14249,1.34052,1.6713
17019,2.12487,1.30848,1.6742
17020,2.10734,1.36161,1.60839
17021,2.06642,1.31755,1.5919
17022,2.06642,1.31755,1.5919
17023,2.06642,1.31755,1.5919
17024,2.06642,1.31755,1.5919
17025,2.06367,1.35051,1.5604
17026,2.21083,1.42906,1.68687
17027,2.12807,1.4353,1.57117
17028,2.07834,1.40529,1.53123
17029,1.97873,1.31756,1.47628
17030,1.97579,1.2777,1.50706
17031,1.99313,1.31929,1.494
17032,2.09253,1.3928,1.56166
17033,2.09776,1.52109,1.44461
17034,2.06364,1.4034,1.51297
17035,2.06364,1.4034,1.51297
17036,2.05802,1.37235,1.53366
17037,2.15226,1.42738,1.61085
17038,2.04184,1.36149,1.52166
17039,2.0204,1.37224,1.4829
17040,2.03169,1.33718,1.52961
17041,2.03169,1.33718,1.52961
17042,2.06296,1.41741,1.49891
17043,2.08383,1.43195,1.51389
17044,2.0619,1.36997,1.54097
17045,1.93486,1.3482,1.38781
17046,1.96297,1.39946,1.3765
17047,1.89994,1.34946,1.33743
17048,1.88966,1.3382,1.33418
17049,1.84549,1.33832,1.27071
17050,1.84549,1.33832,1.27071
17051,1.84549,1.33832,1.27071
17052,1.73195,1.26299,1.18513
17053,1.74622,1.23383,1.23569
17054,1.7816,1.31814,1.19859
17055,1.76624,1.2542,1.24362
17056,1.75967,1.31689,1.16716
17057,1.75967,1.31689,1.16716
17058,1.74435,1.32474,1.13482
17059,1.72118,1.21576,1.21836
17060,1.7084,1.21985,1.19607
17061,1.75068,1.21231,1.263
17062,1.75068,1.21231,1.263
17063,1.75068,1.21231,1.263
17064,1.75068,1.21231,1.263
17065,1.75068,1.21231,1.263
17066,1.71596,1.20536,1.22132
17067,1.75023,1.2023,1.27191
17068,1.73353,1.22222,1.22934
17069,1.65496,1.12498,1.21379
17070,1.65496,1.12498,1.21379
17071,1.81509,1.22459,1.33975
17072,1.73079,1.16397,1.28094
17073,1.82576,1.27127,1.31044
17074,1.82576,1.27127,1.31044
17075,1.82576,1.27127,1.31044
17076,1.7848,1.29839,1.22463
17077,1.7848,1.29839,1.22463
17078,1.7848,1.29839,1.22463
17079,1.90902,1.31838,1.38068
17080,1.95208,1.3493,1.41067
17081,1.87626,1.27984,1.372
17082,1.87626,1.27984,1.372
17083,1.94663,1.33102,1.42047
17084,1.94663,1.33102,1.42047
17085,1.90718,1.38424,1.31195
17086,1.84842,1.33799,1.27533
17087,1.84842,1.33799,1.27533
17088,1.84842,1.33799,1.27533
17089,1.94245,1.48236,1.25527
17090,1.83522,1.3193,1.27572
17091,1.94876,1.42906,1.32494
17092,1.94876,1.42906,1.32494
17093,1.94876,1.42906,1.32494
17094,2.05679,1.47121,1.43732
17095,2.08495,1.51091,1.43671
17096,2.10475,1.5735,1.39789
17097,2.06918,1.55449,1.36567
17098,1.98853,1.4888,1.31822
17099,1.94184,1.50572,1.22618
17100,1.94184,1.50572,1.22618
17101,1.94184,1.50572,1.22618
17102,1.94184,1.50572,1.22618
17103,2.01555,1.58534,1.24465
17104,1.97208,1.50275,1.27705
17105,1.9534,1.54636,1.19353
17106,2.03414,1.60804,1.24576
17107,2.03148,1.71073,1.09559
17108,2.00095,1.7262,1.01195
17109,2.1091,1.70425,1.24251
17110,2.08499,1.65104,1.27329
17111,2.005,1.53985,1.28409
17112,2.0317,1.48574,1.38579
17113,2.08926,1.55809,1.39189
17114,2.12243,1.55816,1.44112
17115,2.12704,1.6373,1.35777
17116,2.12704,1.6373,1.35777
17117,2.12704,1.6373,1.35777
17118,2.13105,1.6571,1.33993
17119,2.13105,1.6571,1.33993
17120,2.23125,1.80066,1.31761
17121,2.1288,1.68269,1.30398
17122,2.12515,1.61702,1.37895
17123,2.0893,1.61516,1.3253
17124,2.10067,1.69115,1.24613
17125,2.10067,1.69115,1.24613
17126,2.10067,1.69115,1.24613
17127,2.10067,1.69115,1.24613
17128,2.13028,1.71344,1.26579
17129,2.11673,1.78359,1.13989
17130,2.09465,1.77896,1.10583
17131,2.11872,1.75649,1.1848
17132,2.11872,1.75649,1.1848
17133,2.09947,1.7276,1.19296
17134,2.09631,1.78326,1.10204
17135,2.08182,1.79481,1.05482
17136,2.08182,1.79481,1.05482
17137,1.95417,1.6953,0.971971
17138,1.95417,1.6953,0.971971
17139,2.02711,1.70706,1.09321
17140,2.05104,1.77416,1.02914
17141,2.05104,1.77416,1.02914
17142,1.9371,1.60525,1.08421
17143,1.98936,1.6434,1.12106
17144,1.95185,1.59416,1.12622
17145,1.90225,1.53639,1.12163
17146,1.90225,1.53639,1.12163
17147,2.06672,1.67434,1.21158
17148,2.06672,1.67434,1.21158
17149,2.0466,1.56194,1.32246
17150,2.01164,1.49806,1.34258
17151,2.03815,1.49543,1.38484
17152,2.09732,1.52379,1.44111
17153,2.06032,1.45079,1.46293
17154,2.12337,1.55602,1.44481
17155,2.11536,1.55719,1.43175
17156,2.00693,1.48867,1.34596
17157,2.06923,1.48115,1.44496
17158,2.10306,1.5037,1.47029
17159,2.00264,1.45441,1.37669
17160,2.00264,1.45441,1.37669
17161,2.03586,1.46437,1.41434
17162,2.04681,1.43845,1.45612
17163,2.12244,1.4615,1.53909
17164,2.11423,1.52004,1.46951
17165,2.1202,1.5583,1.43769
17166,2.11033,1.60489,1.37034
17167,2.04406,1.56806,1.31124
17168,2.12357,1.66029,1.32401
17169,2.01583,1.56811,1.26673
17170,2.06423,1.65067,1.23949
17171,2.06423,1.65067,1.23949
17172,1.98969,1.65423,1.10562
17173,2.1003,1.7583,1.14877
17174,2.12829,1.77289,1.17749
17175,2.09615,1.75371,1.14818
17176,2.09615,1.75371,1.14818
17177,2.09615,1.75371,1.14818
17178,2.15413,1.82323,1.14723
17179,2.15413,1.82323,1.14723
17180,2.13136,1.85924,1.04208
17181,2.22432,1.99028,0.993169
17182,2.17445,1.92494,1.01135
17183,2.2202,1.95368,1.05472
17184,2.13237,1.85563,1.05055
17185,2.13237,1.85563,1.05055
17186,2.00151,1.7142,1.03323
17187,1.92562,1.61353,1.05098
17188,1.90835,1.56769,1.08819
17189,1.92293,1.62274,1.0317
17190,1.87965,1.62183,0.95014
17191,1.97748,1.70209,1.00665
17192,1.97748,1.70209,1.00665
17193,2.04922,1.76954,1.03346
17194,1.95607,1.73084,0.911259
17195,1.97654,1.71522,0.982197
17196,1.97654,1.71522,0.982197
17197,1.96878,1.72645,0.946285
17198,1.9732,1.72379,0.96025
17199,1.9732,1.72379,0.96025
17200,1.9732,1.72379,0.96025
17201,1.99925,1.65606,1.12002
17202,1.99925,1.65606,1.12002
17203,2.00783,1.70866,1.05444
17204,2.00783,1.70866,1.05444
17205,2.00783,1.70866,1.05444
17206,2.00783,1.70866,1.05444
17207,2.00783,1.70866,1.05444
17208,2.02024,1.71069,1.07467
17209,2.03901,1.80878,0.941211
17210,2.1243,1.94582,0.852293
17211,2.01164,1.83709,0.819644
17212,2.07027,1.92464,0.762753
17213,2.06714,1.91281,0.78372
17214,2.01662,1.89875,0.679344
17215,1.96569,1.85901,0.638768
17216,1.93791,1.89319,0.413928
17217,2.0074,1.99463,0.226148
17218,1.93962,1.91339,0.317904
17219,1.93962,1.91339,0.317904
17220,1.90267,1.89329,0.188746
17221,2.00476,1.99374,0.20991
17222,2.00563,1.9979,0.175882
17223,1.93466,1.92361,0.206429
17224,1.88927,1.86336,0.31178
17225,1.88927,1.86336,0.31178
17226,1.9196,1.88813,0.346197
17227,1.9196,1.88813,0.346197
17228,1.9196,1.88813,0.346197
17229,1.73614,1.70514,0.326614
17230,1.8277,1.79917,0.321646
17231,1.9187,1.90559,0.223919
17232,1.9187,1.90559,0.223919
17233,1.86649,1.86204,0.128795
17234,1.9251,1.92015,0.138006
17235,1.82714,1.82668,0.0413796
17236,1.86841,1.86834,0.0167767
17237,1.8965,1.8965,-0.00378691
17238,1.8965,1.8965,-0.00378691
17239,1.90191,1.90169,0.0290842
17240,1.90191,1.90169,0.0290842
17241,1.92467,1.92111,0.116926
17242,1.92467,1.92111,0.116926
17243,1.84668,1.83773,0.181615
17244,1.83072,1.81678,0.225543
17245,1.87158,1.86809,0.114276
17246,1.95915,1.93904,0.28002
17247,1.95915,1.93904,0.28002
17248,1.94495,1.91845,0.319985
17249,1.94495,1.91845,0.319985
17250,1.83876,1.82848,0.194236
17251,1.83876,1.82848,0.194236
17252,1.93009,1.91889,0.207669
17253,1.99487,1.96261,0.357316
17254,1.99251,1.94829,0.41748
17255,1.95338,1.92181,0.349775
17256,1.99012,1.94466,0.422921
17257,2.03666,2.01621,0.287889
17258,2.03666,2.01621,0.287889
17259,2.04882,2.04441,0.13426
17260,2.04882,2.04441,0.13426
17261,2.04882,2.04441,0.13426
17262,2.08307,2.07876,0.133956
17263,2.15957,2.15851,0.0675939
17264,2.12269,2.11821,0.137776
17265,2.20197,2.19908,0.112802
17266,2.11053,2.10209,0.188636
17267,2.11053,2.10209,0.188636
17268,2.13165,2.1312,0.0439356
17269,2.09128,2.08739,0.127576
17270,2.0912,2.08117,0.204536
17271,2.06738,2.06325,0.130543
17272,2.00533,1.9954,0.199309
17273,2.12876,2.1257,0.114112
17274,2.12876,2.1257,0.114112
17275,2.02771,2.0271,0.0496007
17276,1.98329,1.98297,0.0354946
17277,1.98329,1.98297,0.0354946
17278,1.98329,1.98297,0.0354946
17279,2.05927,2.05615,0.113367
17280,2.14424,2.14315,0.0682231
17281,2.14424,2.14315,0.0682231
17282,2.18823,2.18821,-0.00884377
17283,2.15386,2.15311,-0.0569099
17284,2.21323,2.21105,-0.0981853
17285,2.25608,2.25486,-0.0740673
17286,2.25608,2.25486,-0.0740673
17287,2.25608,2.25486,-0.0740673
17288,2.25608,2.25486,-0.0740673
17289,2.30601,2.29725,-0.200821
17290,2.30601,2.29725,-0.200821
17291,2.30601,2.29725,-0.200821
17292,2.23525,2.23359,0.0862141
17293,2.2293,2.22614,0.118651
17294,2.2293,2.22614,0.118651
17295,2.17357,2.17324,0.0382253
17296,2.06853,2.06829,0.0315311
17297,2.05602,2.04581,0.204636
17298,2.10181,2.09845,0.118806
17299,2.179,2.17755,-0.0794256
17300,2.0992,2.09897,-0.0307629
17301,2.0992,2.09897,-0.0307629
17302,2.0992,2.09897,-0.0307629
17303,2.0992,2.09897,-0.0307629
17304,1.99784,1.99683,0.0635307
17305,1.99784,1.99683,0.0635307
17306,2.08324,2.08265,0.0495683
17307,2.16694,2.16419,0.109135
17308,2.16694,2.16419,0.109135
17309,2.20564,2.19997,0.157985
17310,2.22222,2.22109,0.0708845
17311,2.13109,2.12977,0.0747514
17312,2.22331,2.2203,0.115576
17313,2.14484,2.14015,0.141766
17314,2.23693,2.22116,0.265166
17315,2.17438,2.15195,0.311496
17316,2.18583,2.16371,0.31016
17317,2.18321,2.16633,0.271011
17318,2.18321,2.16633,0.271011
17319,2.1468,2.12343,0.315919
17320,2.07968,2.05249,0.335191
17321,2.24742,2.2327,0.25683
17322,2.24742,2.2327,0.25683
17323,2.24742,2.2327,0.25683
17324,2.32081,2.29703,0.331431
17325,2.32081,2.29703,0.331431
17326,2.32081,2.29703,0.331431
17327,2.30856,2.28538,0.326334
17328,2.30856,2.28538,0.326334
17329,2.29968,2.27344,0.346456
17330,2.34648,2.33306,0.250611
17331,2.29725,2.29129,0.165351
17332,2.19654,2.18966,0.173668
17333,2.14349,2.13666,0.17099
17334,2.04513,2.04015,0.142605
17335,2.0151,2.01275,0.0973015
17336,2.0843,2.08326,0.0657179
17337,2.13156,2.13,0.0815404
17338,2.08265,2.08081,0.0874353
17339,2.10904,2.10881,0.0306726
17340,2.00961,2.00882,0.0560121
17341,1.97399,1.97392,0.0165206
17342,2.03458,2.03116,0.117876
17343,2.04068,2.03397,0.165319
17344,2.03126,2.01043,0.290197
17345,2.12369,2.09108,0.370777
17346,2.07328,2.01761,0.477221
17347,2.07328,2.01761,0.477221
17348,2.01021,1.9386,0.531766
17349,2.12418,2.04723,0.566561
17350,2.12418,2.04723,0.566561
17351,2.08157,2.00798,0.548625
17352,2.08157,2.00798,0.548625
17353,2.08157,2.00798,0.548625
17354,2.06004,1.99676,0.50668
17355,2.05907,1.99044,0.527188
17356,2.05907,1.99044,0.527188
17357,2.0991,1.97673,0.706248
17358,2.11343,1.99253,0.704586
17359,2.1597,2.01495,0.777359
17360,2.1597,2.01495,0.777359
17361,2.25392,2.11892,0.768311
17362,2.25392,2.11892,0.768311
17363,2.30536,2.18076,0.747642
17364,2.1872,2.05965,0.735991
17365,2.17813,2.02681,0.797671
17366,2.15808,2.02214,0.753838
17367,2.16575,2.06473,0.653731
17368,2.16575,2.06473,0.653731
17369,2.17342,2.05708,0.70157
17370,2.29376,2.19131,0.677841
17371,2.34638,2.2456,0.680276
17372,2.33827,2.18746,0.826143
17373,2.33827,2.18746,0.826143
17374,2.30665,2.173,0.773766
17375,2.30382,2.1378,0.858718
17376,2.22734,2.02484,0.927937
17377,2.23647,2.09596,0.780204
17378,2.23083,2.06487,0.844322
17379,2.25831,2.11223,0.79905
17380,2.25831,2.11223,0.79905
17381,2.10375,1.99323,0.672906
17382,2.14725,1.99019,0.806124
17383,2.15846,2.01675,0.769186
17384,2.21597,2.02542,0.89899
17385,2.06572,1.88965,0.834515
17386,2.16876,1.95974,0.928941
17387,2.20961,2.03063,0.871181
17388,2.20961,2.03063,0.871181
17389,2.15469,1.94108,0.935371
17390,2.15469,1.94108,0.935371
17391,2.15417,1.99352,0.81627
17392,2.15417,1.99352,0.81627
17393,2.15417,1.99352,0.81627
17394,2.05345,1.89463,0.791859
17395,2.10142,1.94276,0.801024
17396,2.10142,1.94276,0.801024
17397,2.23177,2.05894,0.861154
17398,2.22874,2.04936,0.876012
17399,2.2419,2.03991,0.929989
17400,2.2419,2.03991,0.929989
17401,2.11003,1.91886,0.877606
17402,2.07095,1.9335,0.741889
17403,2.08636,1.9575,0.721876
17404,2.02817,1.88445,0.749892
17405,2.02817,1.88445,0.749892
17406,1.87368,1.70948,0.767054
17407,1.96963,1.80479,0.788781
17408,2.03229,1.85551,0.829017
17409,2.03229,1.85551,0.829017
17410,2.0748,1.86544,0.908253
17411,2.16386,1.93241,0.97369
17412,2.15509,1.86166,1.08565
17413,2.2287,1.88666,1.18643
17414,2.28673,1.94126,1.20857
17415,2.17541,1.84492,1.15268
17416,2.17541,1.84492,1.15268
17417,2.17541,1.84492,1.15268
17418,2.11968,1.84996,1.03473
17419,2.0396,1.74989,1.0478
17420,2.0396,1.74989,1.0478
17421,2.01429,1.70369,1.07463
17422,2.01429,1.70369,1.07463
17423,2.01429,1.70369,1.07463
17424,2.05339,1.72001,1.1216
17425,2.06691,1.76658,1.07301
17426,2.09171,1.8079,1.05202
17427,2.05815,1.78127,1.03103
17428,2.05815,1.78127,1.03103
17429,2.13987,1.84105,1.09067
17430,2.13987,1.84105,1.09067
17431,2.1947,1.87142,1.14651
17432,2.11605,1.81103,1.09447
17433,2.11605,1.81103,1.09447
17434,2.22872,1.9114,1.1462
17435,2.22689,1.85054,1.23876
17436,2.22689,1.85054,1.23876
17437,2.16225,1.7659,1.24776
17438,2.18179,1.81202,1.21523
17439,2.25986,1.92711,1.18035
17440,2.16363,1.85644,1.11127
17441,2.14308,1.75694,1.22718
17442,2.14308,1.75694,1.22718
17443,2.19303,1.74903,1.32299
17444,2.19303,1.74903,1.32299
17445,2.19303,1.74903,1.32299
17446,2.25634,1.77408,1.39417
17447,2.21435,1.65624,1.46976
17448,2.22812,1.6585,1.48791
17449,2.20468,1.67611,1.43223
17450,2.32925,1.7864,1.49473
17451,2.31554,1.749,1.51747
17452,2.31554,1.749,1.51747
17453,2.12615,1.60876,1.39011
17454,2.18913,1.60129,1.4927
17455,2.18913,1.60129,1.4927
17456,2.18913,1.60129,1.4927
17457,2.09803,1.57079,1.39081
17458,2.22501,1.66915,1.47126
17459,2.10912,1.61928,1.35141
17460,2.10912,1.61928,1.35141
17461,2.10912,1.61928,1.35141
17462,2.16278,1.72281,1.30749
17463,2.19547,1.79967,1.25749
17464,2.15845,1.71895,1.30541
17465,2.06041,1.5752,1.32818
17466,2.02246,1.57343,1.2707
17467,2.00179,1.53876,1.28039
17468,2.00179,1.53876,1.28039
17469,1.92208,1.41071,1.30549
17470,1.98298,1.47699,1.32315
17471,2.04299,1.47412,1.41449
17472,2.07281,1.47195,1.45941
17473,2.08248,1.59686,1.33669
17474,1.91548,1.31276,1.39489
17475,1.97672,1.32235,1.46929
17476,1.91344,1.32692,1.3786
17477,1.91344,1.32692,1.3786
17478,1.92022,1.41308,1.30018
17479,1.94809,1.53655,1.19752
17480,1.86374,1.44775,1.17369
17481,1.86374,1.44775,1.17369
17482,1.80552,1.38644,1.15659
17483,1.80552,1.38644,1.15659
17484,1.74404,1.35312,1.10034
17485,1.91876,1.41803,1.29261
17486,1.91876,1.41803,1.29261
17487,1.92365,1.51611,1.18399
17488,2.08844,1.71538,1.19125
17489,1.95059,1.63318,1.06655
17490,2.00018,1.73454,0.996044
17491,1.97923,1.70351,1.00767
17492,1.97923,1.70351,1.00767
17493,2.06012,1.74434,1.09607
17494,2.00383,1.71223,1.04098
17495,2.00383,1.71223,1.04098
17496,2.00239,1.60031,1.20356
17497,2.02371,1.59899,1.24042
17498,2.06488,1.65194,1.23888
17499,2.06488,1.65194,1.23888
17500,2.1717,1.64332,1.41978
17501,2.28421,1.72916,1.49253
17502,2.14317,1.61964,1.40355
17503,2.13663,1.56465,1.45501
17504,2.14615,1.51544,1.51968
17505,2.14615,1.51544,1.51968
17506,2.07639,1.52949,1.4043
17507,1.98973,1.41325,1.40063
17508,1.98441,1.38376,1.42235
17509,2.06369,1.5008,1.41647
17510,2.08797,1.48905,1.46368
17511,2.08797,1.48905,1.46368
17512,2.08797,1.48905,1.46368
17513,2.09973,1.45839,1.51063
17514,2.08662,1.45014,1.50036
17515,2.13524,1.5362,1.48301
17516,2.1912,1.57826,1.52001
17517,2.12136,1.52929,1.47019
17518,2.12136,1.52929,1.47019
17519,2.13586,1.59019,1.4259
17520,2.13586,1.59019,1.4259
17521,2.13586,1.59019,1.4259
17522,2.12373,1.51799,1.48524
17523,2.04176,1.52032,1.36286
17524,2.02326,1.3874,1.47265
17525,2.02326,1.3874,1.47265
17526,1.96168,1.3146,1.45602
17527,2.067,1.33225,1.58038
17528,2.10099,1.3168,1.63712
17529,2.10482,1.19596,1.73204
17530,2.17215,1.25931,1.76985
17531,2.19677,1.13377,1.88159
17532,2.10621,1.08729,1.80386
17533,2.10621,1.08729,1.80386
17534,2.08701,1.00092,1.83133
17535,2.17835,0.982401,1.94425
17536,2.17208,0.971416,1.94275
17537,2.17208,0.971416,1.94275
17538,2.09831,1.05567,1.81341
17539,2.09831,1.05567,1.81341
17540,2.09831,1.05567,1.81341
17541,2.21601,1.21367,1.8541
17542,2.16482,1.12815,1.84763
17543,2.13847,1.16449,1.79361
17544,2.09299,1.12663,1.76389
17545,2.13446,0.999226,1.88613
17546,2.13446,0.999226,1.88613
17547,2.21667,0.963963,1.9961
17548,2.23596,0.88197,2.05466
17549,2.24409,0.887112,2.0613
17550,2.22454,0.787256,2.08058
17551,2.24058,0.731895,2.11768
17552,2.19311,0.760811,2.05691
17553,2.15821,0.779957,2.01235
17554,2.16004,0.787724,2.01129
17555,2.21232,0.823527,2.05333
17556,2.26761,1.05055,2.00957
17557,2.25509,1.06893,1.98565
17558,2.29489,1.14629,1.9881
17559,2.2561,1.04422,1.9999
17560,2.20527,0.978931,1.97609
17561,2.14951,1.0683,1.86524
17562,2.15029,0.982526,1.91269
17563,2.13128,0.981765,1.89169
17564,2.13128,0.981765,1.89169
17565,2.0848,1.04725,1.80268
17566,2.06224,1.14129,1.71764
17567,2.05407,1.21508,1.65614
17568,2.11881,1.23837,1.71924
17569,1.91982,1.13261,1.55012
17570,1.91982,1.13261,1.55012
17571,1.90974,1.18243,1.49965
17572,1.88413,1.03811,1.57235
17573,1.9196,1.01222,1.63104
17574,1.96118,1.10648,1.61924
17575,1.96118,1.10648,1.61924
17576,1.96118,1.10648,1.61924
17577,1.917,1.10163,1.56885
17578,1.99434,0.955797,1.75039
17579,2.00272,0.908529,1.78479
17580,1.96639,0.826377,1.78431
17581,2.08735,0.959967,1.85351
17582,2.07108,0.856248,1.88579
17583,2.1115,0.867112,1.92524
17584,2.12764,0.860926,1.94568
17585,2.12764,0.860926,1.94568
17586,2.12068,0.779436,1.97225
17587,2.12068,0.779436,1.97225
17588,2.07267,0.821102,1.90309
17589,2.08421,0.704134,1.96166
17590,1.96461,0.67029,1.84672
17591,1.96461,0.67029,1.84672
17592,1.99832,0.761572,1.84751
17593,1.96422,0.591275,1.87311
17594,1.86687,0.645846,1.7516
17595,1.83392,0.531251,1.75529
17596,1.83392,0.531251,1.75529
17597,1.83392,0.531251,1.75529
17598,1.83392,0.531251,1.75529
17599,1.90482,0.49877,1.83836
17600,2.03275,0.721729,1.90031
17601,2.03275,0.721729,1.90031
17602,1.94984,0.712014,1.81519
17603,1.9437,0.790576,1.77566
17604,2.03764,0.86257,1.84606
17605,1.92351,0.820985,1.7395
17606,1.85865,0.80274,1.67636
17607,1.8336,0.755166,1.67088
17608,1.87568,0.851363,1.67134
17609,1.8994,0.683292,1.77224
17610,1.8994,0.683292,1.77224
17611,1.93209,0.794745,1.76106
17612,1.93209,0.794745,1.76106
17613,1.93209,0.794745,1.76106
17614,1.93209,0.794745,1.76106
17615,1.90942,0.802262,1.7327
17616,1.90449,0.721919,1.76236
17617,1.89152,0.75538,1.73414
17618,1.95041,0.840527,1.76
17619,1.95041,0.840527,1.76
17620,1.95143,0.791484,1.78371
17621,1.90096,0.77038,1.73786
17622,1.98964,0.732672,1.84983
17623,1.97447,0.625501,1.87278
17624,1.93508,0.760792,1.77925
17625,1.93508,0.760792,1.77925
17626,1.97396,0.778029,1.81416
17627,1.97451,0.727879,1.83545
17628,1.97451,0.727879,1.83545
17629,1.97451,0.727879,1.83545
17630,1.87145,0.753367,1.71311
17631,2.04261,0.731664,1.90708
17632,2.0502,0.815526,1.88102
17633,2.04241,0.880566,1.84284
17634,1.9975,0.84021,1.8122
17635,1.9975,0.84021,1.8122
17636,1.99781,0.696079,1.87262
17637,1.92064,0.711263,1.78409
17638,1.91179,0.712178,1.77419
17639,1.91179,0.712178,1.77419
17640,1.98809,0.671031,1.87142
17641,2.00547,0.775496,1.84946
17642,1.97725,0.732851,1.83642
17643,1.98534,0.764452,1.83226
17644,1.98534,0.764452,1.83226
17645,1.95162,0.749023,1.80216
17646,1.95162,0.749023,1.80216
17647,1.95162,0.749023,1.80216
17648,1.95162,0.749023,1.80216
17649,1.86434,0.76245,1.7013
17650,1.89832,0.828975,1.70775
17651,1.89832,0.828975,1.70775
17652,1.83134,0.782075,1.65595
17653,1.91731,0.808813,1.73836
17654,1.91731,0.808813,1.73836
17655,1.92265,0.91429,1.69135
17656,2.05839,0.928935,1.83686
17657,2.05141,0.756356,1.90689
17658,1.94946,0.839344,1.75951
17659,2.02559,0.986245,1.76927
17660,2.02559,0.986245,1.76927
17661,1.91935,0.845634,1.72303
17662,2.02177,0.804198,1.85495
17663,2.01526,0.748912,1.87094
17664,1.95421,0.716271,1.81821
17665,1.95421,0.716271,1.81821
17666,1.93467,0.756966,1.78044
17667,1.94055,0.723151,1.80078
17668,1.96137,0.645771,1.85201
17669,1.96137,0.645771,1.85201
17670,1.90611,0.661212,1.78775
17671,1.9466,0.79512,1.7768
17672,1.93821,0.887041,1.72331
17673,2.03458,0.987136,1.77906
17674,2.03458,0.987136,1.77906
17675,1.98853,0.946494,1.74883
17676,1.94682,0.977604,1.68356
17677,2.12483,1.09441,1.82131
17678,1.97465,1.0367,1.68063
17679,1.97465,1.0367,1.68063
17680,2.07378,1.06524,1.77927
17681,2.07119,1.09966,1.75515
17682,2.07201,1.09056,1.76179
17683,2.17768,1.01547,1.92643
17684,2.17768,1.01547,1.92643
17685,2.01683,1.06093,1.71524
17686,2.01683,1.06093,1.71524
17687,2.09907,1.03223,1.82773
17688,1.97271,1.03512,1.67931
17689,1.97271,1.03512,1.67931
17690,1.97484,1.02519,1.68789
17691,2.05206,0.965973,1.81049
17692,2.06774,1.02947,1.79325
17693,2.06774,1.02947,1.79325
17694,2.13334,1.17426,1.78109
17695,2.18698,1.16875,1.84849
17696,2.18698,1.16875,1.84849
17697,2.18698,1.16875,1.84849
17698,2.16468,1.13139,1.84547
17699,2.11334,1.10703,1.80019
17700,2.11334,1.10703,1.80019
17701,2.11334,1.10703,1.80019
17702,2.11334,1.10703,1.80019
17703,2.11334,1.10703,1.80019
17704,2.11572,0.982995,1.8735
17705,2.11572,0.982995,1.8735
17706,2.17299,1.00116,1.92861
17707,2.17299,1.00116,1.92861
17708,2.20235,0.918196,2.00181
17709,2.11514,0.795562,1.95982
17710,2.11514,0.795562,1.95982
17711,2.10711,0.913865,1.89863
17712,2.03843,0.877378,1.83995
17713,2.03843,0.877378,1.83995
17714,1.97311,0.852533,1.77943
17715,1.99059,0.756291,1.84133
17716,2.03756,0.833405,1.85932
17717,2.03756,0.833405,1.85932
17718,2.07033,0.819873,1.90108
17719,1.99767,0.73163,1.85888
17720,1.91656,0.656391,1.80065
17721,2.0074,0.663981,1.89441
17722,2.03917,0.767696,1.88914
17723,2.03917,0.767696,1.88914
17724,2.00922,0.765957,1.85749
17725,2.00922,0.765957,1.85749
17726,1.92982,0.877369,1.71885
17727,1.91769,0.84098,1.72345
17728,1.94456,0.791281,1.77629
17729,1.94456,0.791281,1.77629
17730,1.96539,0.814156,1.78883
17731,1.85107,0.744241,1.69486
17732,1.77066,0.684392,1.63305
17733,1.83333,0.657388,1.71141
17734,1.83333,0.657388,1.71141
17735,1.80481,0.68635,1.66921
17736,1.70624,0.67257,1.56809
17737,1.70624,0.67257,1.56809
17738,1.76048,0.667153,1.62918
17739,1.86315,0.779666,1.69217
17740,1.80629,0.69584,1.66688
17741,1.71945,0.709541,1.56622
17742,1.72722,0.675584,1.58961
17743,1.72722,0.675584,1.58961
17744,1.7761,0.626196,1.66205
17745,1.8163,0.65997,1.69215
17746,1.74707,0.622774,1.6323
17747,1.82271,0.656369,1.70043
17748,1.78125,0.557261,1.69184
17749,1.78125,0.557261,1.69184
17750,1.66539,0.556057,1.56981
17751,1.6243,0.481985,1.55114
17752,1.77192,0.60696,1.66473
17753,1.77192,0.60696,1.66473
17754,1.73831,0.611781,1.6271
17755,1.73831,0.611781,1.6271
17756,1.74089,0.716805,1.58648
17757,1.72519,0.788116,1.53465
17758,1.84155,0.834024,1.64186
17759,1.92365,0.872966,1.71416
17760,1.9358,0.925628,1.70016
17761,1.9358,0.925628,1.70016
17762,1.9358,0.925628,1.70016
17763,1.9358,0.925628,1.70016
17764,1.9358,0.925628,1.70016
17765,1.9358,0.925628,1.70016
17766,1.83856,0.779061,1.66534
17767,1.83856,0.779061,1.66534
17768,1.7988,0.812394,1.6049
17769,1.81458,0.756001,1.6496
17770,1.81458,0.756001,1.6496
17771,1.8256,0.819625,1.63126
17772,1.78905,0.876705,1.55951
17773,1.79642,0.895474,1.55733
17774,1.9984,0.953268,1.75639
17775,1.98206,1.05313,1.67912
17776,1.96294,1.07138,1.64478
17777,2.02278,1.16797,1.65151
17778,2.01951,1.1538,1.65746
17779,2.00344,1.0412,1.71162
17780,2.0892,1.11736,1.7653
17781,2.0892,1.11736,1.7653
17782,2.14181,1.23276,1.75147
17783,2.1501,1.20245,1.78242
17784,1.97957,1.13452,1.62221
17785,1.99611,1.07119,1.68435
17786,1.94441,0.824523,1.76094
17787,1.94441,0.824523,1.76094
17788,1.97216,0.75691,1.82113
17789,2.03093,0.795024,1.86885
17790,1.93433,0.77612,1.7718
17791,1.9092,0.8075,1.73002
17792,1.9092,0.8075,1.73002
17793,1.9092,0.8075,1.73002
17794,1.87027,0.678481,1.74286
17795,1.87027,0.678481,1.74286
17796,2.01746,0.801998,1.8512
17797,2.01746,0.801998,1.8512
17798,2.01746,0.801998,1.8512
17799,2.01746,0.801998,1.8512
17800,2.00262,0.699832,1.87636
17801,2.00262,0.699832,1.87636
17802,2.00262,0.699832,1.87636
17803,2.05403,0.745075,1.91414
17804,2.05403,0.745075,1.91414
17805,2.05403,0.745075,1.91414
17806,2.05403,0.745075,1.91414
17807,2.02156,0.822439,1.8467
17808,2.14335,0.966476,1.91308
17809,2.08345,0.896752,1.88059
17810,2.08345,0.896752,1.88059
17811,2.08345,0.896752,1.88059
17812,2.10431,0.767559,1.95932
17813,2.10431,0.767559,1.95932
17814,2.10431,0.767559,1.95932
17815,2.06869,0.776254,1.91752
17816,2.07442,0.69248,1.95542
17817,2.07442,0.69248,1.95542
17818,2.06925,0.61898,1.9745
17819,2.04418,0.610814,1.95079
17820,2.08704,0.595444,2.0003
17821,2.06679,0.645246,1.96349
17822,2.04904,0.558651,1.97141
17823,2.06329,0.580434,1.97996
17824,2.06329,0.580434,1.97996
17825,2.02307,0.597243,1.9329
17826,2.02307,0.597243,1.9329
17827,1.96734,0.446032,1.91611
17828,1.96734,0.446032,1.91611
17829,1.9838,0.473611,1.92644
17830,2.00623,0.650435,1.89786
17831,2.00751,0.712675,1.87675
17832,2.00751,0.712675,1.87675
17833,2.00751,0.712675,1.87675
17834,2.00751,0.712675,1.87675
17835,2.00751,0.712675,1.87675
17836,2.00751,0.712675,1.87675
17837,2.03993,0.591684,1.95224
17838,2.07131,0.503309,2.00922
17839,2.06372,0.417015,2.02115
17840,2.05117,0.479464,1.99435
17841,1.90837,0.519537,1.83629
17842,1.93764,0.358903,1.90411
17843,1.84947,0.216718,1.83672
17844,1.88484,0.238253,1.86973
17845,1.88308,0.185251,1.87395
17846,1.94896,0.207877,1.93784
17847,1.94896,0.207877,1.93784
17848,1.9591,0.176451,1.95114
17849,2.04248,0.289025,2.02192
17850,1.91312,0.23709,1.89837
17851,1.89759,0.314677,1.87131
17852,1.8639,0.182177,1.85498
17853,1.85748,0.229249,1.84327
17854,1.8048,0.108288,1.80155
17855,1.96636,0.0788856,1.96477
17856,1.90769,0.130061,1.90325
17857,1.96061,0.0769041,1.9591
17858,1.9357,-0.0153125,1.93564
17859,1.9152,0.0339406,1.9149
17860,1.94408,0.0517045,1.94339
17861,1.88693,0.0344723,1.88661
17862,1.88693,0.0344723,1.88661
17863,1.88693,0.0344723,1.88661
17864,1.88693,0.0344723,1.88661
17865,1.96158,0.0293382,1.96136
17866,1.96158,0.0293382,1.96136
17867,1.85645,-0.00733425,1.85644
17868,1.8915,0.0509541,1.89081
17869,1.93772,-0.0374189,1.93736
17870,1.9636,0.0739209,1.96221
17871,1.90944,0.103113,1.90665
17872,1.85719,0.0674326,1.85596
17873,1.87539,-0.0108916,1.87536
17874,1.78868,-0.0897434,1.78642
17875,1.8426,-0.0603379,1.84161
17876,1.8426,-0.0603379,1.84161
17877,1.8426,-0.0603379,1.84161
17878,1.90999,0.116411,1.90644
17879,1.90999,0.116411,1.90644
17880,1.87095,0.208813,1.85926
17881,1.86468,0.179616,1.85601
17882,1.78425,0.0691807,1.78291
17883,1.8351,0.180994,1.82615
17884,1.82359,0.244896,1.80707
17885,1.82961,0.218865,1.81648
17886,1.84029,0.266809,1.82085
17887,1.85239,0.278224,1.83137
17888,1.91343,0.357291,1.87977
17889,1.91343,0.357291,1.87977
17890,1.90326,0.26944,1.88409
17891,1.90326,0.26944,1.88409
17892,1.90326,0.26944,1.88409
17893,1.90232,0.256726,1.88491
17894,1.90232,0.256726,1.88491
17895,1.84161,0.126493,1.83726
17896,1.89477,0.0335247,1.89447
17897,1.89477,0.0335247,1.89447
17898,1.85023,0.207994,1.8385
17899,1.83128,0.214399,1.81869
17900,1.8871,0.325041,1.8589
17901,1.8871,0.325041,1.8589
17902,1.8871,0.325041,1.8589
17903,1.84577,0.19805,1.83511
17904,1.87385,0.283549,1.85227
17905,1.92152,0.241177,1.90633
17906,1.93974,0.170579,1.93223
17907,1.86342,0.0435185,1.86291
17908,1.89471,0.0468941,1.89413
17909,1.93169,-0.114541,1.92829
17910,1.93169,-0.114541,1.92829
17911,1.93169,-0.114541,1.92829
17912,1.85534,-0.0235784,1.85519
17913,1.85534,-0.0235784,1.85519
17914,1.95246,-0.0262724,1.95229
17915,1.82336,-0.00275886,1.82336
17916,1.91395,-0.00384226,1.91395
17917,1.94194,-0.0207686,1.94182
17918,1.94194,-0.0207686,1.94182
17919,1.90289,-0.0588914,1.90197
17920,1.9481,-0.010563,1.94808
17921,2.01496,0.00212354,2.01496
17922,2.01496,0.00212354,2.01496
17923,2.01889,0.139286,2.01408
17924,2.01889,0.139286,2.01408
17925,2.02321,0.169074,2.01614
17926,2.02419,0.384509,1.98734
17927,1.92734,0.412243,1.88274
17928,1.92734,0.412243,1.88274
17929,1.92734,0.412243,1.88274
17930,1.92734,0.412243,1.88274
17931,1.98669,0.433542,1.93881
17932,1.98669,0.433542,1.93881
17933,1.98669,0.433542,1.93881
17934,1.91579,0.439639,1.86466
17935,1.91579,0.439639,1.86466
17936,1.91579,0.439639,1.86466
17937,1.95608,0.43735,1.90656
17938,1.92464,0.51677,1.85396
17939,1.97663,0.473199,1.91915
17940,1.97663,0.473199,1.91915
17941,1.91377,0.447759,1.86065
17942,1.88973,0.5072,1.82039
17943,1.90008,0.479193,1.83866
17944,1.90008,0.479193,1.83866
17945,1.91505,0.482102,1.85337
17946,1.92611,0.485277,1.86397
17947,1.92611,0.485277,1.86397
17948,1.92611,0.485277,1.86397
17949,1.96036,0.440529,1.91023
17950,1.95823,0.397738,1.91741
17951,2.04289,0.440528,1.99483
17952,1.91725,0.396001,1.87591
17953,1.96385,0.509354,1.89665
17954,2.06708,0.502876,2.00497
17955,1.99021,0.399923,1.94961
17956,1.98594,0.35384,1.95416
17957,1.98594,0.35384,1.95416
17958,1.95794,0.247251,1.94226
17959,1.84886,0.264122,1.8299
17960,1.86444,0.229621,1.85025
17961,1.86444,0.229621,1.85025
17962,1.89023,0.287935,1.86817
17963,1.89023,0.287935,1.86817
17964,1.89023,0.287935,1.86817
17965,1.98478,0.212317,1.97339
17966,2.07519,0.277084,2.05661
17967,2.06001,0.153127,2.05431
17968,2.10136,0.250129,2.08643
17969,1.98284,0.105869,1.98001
17970,2.04919,0.0758954,2.04779
17971,2.16307,0.154791,2.15753
17972,2.1454,0.176965,2.13809
17973,2.26173,0.29554,2.24234
17974,2.17837,0.434674,2.13456
17975,2.17837,0.434674,2.13456
17976,2.11295,0.458646,2.06257
17977,2.05568,0.449927,2.00584
17978,2.06876,0.458174,2.01739
17979,2.00088,0.503857,1.9364
17980,2.04,0.568709,1.95913
17981,2.04,0.568709,1.95913
17982,1.98325,0.498261,1.91964
17983,2.00969,0.423325,1.9646
17984,2.00969,0.423325,1.9646
17985,2.03649,0.48569,1.97772
17986,2.12345,0.509642,2.06139
17987,2.03634,0.335857,2.00845
17988,2.03634,0.335857,2.00845
17989,2.03634,0.335857,2.00845
17990,2.04819,0.193716,2.03901
17991,2.08659,0.158855,2.08054
17992,2.08659,0.158855,2.08054
17993,2.13107,0.0544002,2.13037
17994,2.17289,0.073739,2.17164
17995,2.17289,0.073739,2.17164
17996,2.14506,0.024834,2.14491
17997,2.18122,0.145719,2.17635
17998,2.24392,-0.0736831,2.24271
17999,2.35169,0.0599903,2.35093
18000,2.35397,0.182035,2.34693
18001,2.31907,0.229272,2.30771
18002,2.27103,0.238096,2.25851
18003,2.27694,0.273739,2.26043
18004,2.27694,0.273739,2.26043
18005,2.27694,0.273739,2.26043
18006,2.21595,0.253661,2.20139
18007,2.09253,0.282951,2.07331
18008,2.2137,0.377514,2.18127
18009,2.3004,0.28479,2.2827
18010,2.25418,0.380468,2.22184
18011,2.14335,0.359466,2.11299
18012,2.05667,0.21069,2.04585
18013,2.05667,0.21069,2.04585
18014,2.05667,0.21069,2.04585
18015,2.05667,0.21069,2.04585
18016,2.08434,0.19113,2.07556
18017,2.08434,0.19113,2.07556
18018,2.08434,0.19113,2.07556
18019,2.18174,0.0921789,2.17979
18020,2.22241,-0.0761876,2.2211
18021,2.17754,0.0151865,2.17749
18022,2.17754,0.0151865,2.17749
18023,2.20406,0.00629987,2.20405
18024,2.23163,0.0403871,2.23126
18025,2.23163,0.0403871,2.23126
18026,2.18006,-0.00223939,2.18006
18027,2.15372,0.169875,2.14701
18028,2.15372,0.169875,2.14701
18029,2.30219,0.270374,2.28626
18030,2.29957,0.19869,2.29097
18031,2.29957,0.19869,2.29097
18032,2.24913,0.00287499,2.24912
18033,2.21994,0.0337429,2.21969
18034,2.24562,0.117373,2.24255
18035,2.23111,0.052494,2.23049
18036,2.23111,0.052494,2.23049
18037,2.23111,0.052494,2.23049
18038,2.21681,0.0405596,2.21644
18039,2.21681,0.0405596,2.21644
18040,2.17916,0.0921737,2.17721
18041,2.30183,0.135857,2.29781
18042,2.29538,0.103709,2.29304
18043,2.29538,0.103709,2.29304
18044,2.21645,0.214061,2.20609
18045,2.33088,0.217207,2.32074
18046,2.33088,0.217207,2.32074
18047,2.33088,0.217207,2.32074
18048,2.24154,0.0930569,2.23961
18049,2.24154,0.0930569,2.23961
18050,2.14422,0.0823325,2.14264
18051,2.14422,0.0823325,2.14264
18052,2.12964,0.0609631,2.12876
18053,2.12964,0.0609631,2.12876
18054,2.12964,0.0609631,2.12876
18055,2.27217,0.0770373,2.27086
18056,2.27217,0.0770373,2.27086
18057,2.27217,0.0770373,2.27086
18058,2.27217,0.0770373,2.27086
18059,2.21044,0.168231,2.20403
18060,2.21024,0.00806461,2.21022
18061,2.21024,0.00806461,2.21022
18062,2.17566,-0.0536167,2.175
18063,2.1247,-0.00149715,2.1247
18064,2.1247,-0.00149715,2.1247
18065,2.06888,-0.00829035,2.06886
18066,2.09071,-0.0829616,2.08906
18067,2.19871,-0.252334,2.18419
18068,2.19871,-0.252334,2.18419
18069,2.19914,-0.208102,2.18927
18070,2.19914,-0.208102,2.18927
18071,2.19914,-0.208102,2.18927
18072,2.21616,-0.185613,2.20838
18073,2.21616,-0.185613,2.20838
18074,2.21616,-0.185613,2.20838
18075,2.15694,-0.257396,2.14153
18076,2.11587,-0.357278,2.08549
18077,2.09212,-0.535296,2.02248
18078,2.09212,-0.535296,2.02248
18079,2.09212,-0.535296,2.02248
18080,2.09573,-0.584658,2.01253
18081,2.12106,-0.631941,2.02474
18082,2.19131,-0.626848,2.09974
18083,2.19131,-0.626848,2.09974
18084,2.19131,-0.626848,2.09974
18085,2.12771,-0.548702,2.05574
18086,2.12771,-0.548702,2.05574
18087,2.15022,-0.616179,2.06004
18088,2.2163,-0.757452,2.08285
18089,2.17349,-0.74635,2.04133
18090,2.24381,-0.936368,2.03909
18091,2.12157,-0.80877,1.96136
18092,2.16731,-0.703086,2.0501
18093,2.16731,-0.703086,2.0501
18094,2.16731,-0.703086,2.0501
18095,2.06267,-0.713181,1.93545
18096,2.01064,-0.694391,1.88692
18097,1.99088,-0.655966,1.87971
18098,1.93602,-0.630293,1.83055
18099,1.95517,-0.54902,1.8765
18100,2.01368,-0.607132,1.91997
18101,2.00061,-0.497935,1.93765
18102,1.98653,-0.560462,1.90583
18103,1.98653,-0.560462,1.90583
18104,1.86989,-0.507559,1.79969
18105,1.86989,-0.507559,1.79969
18106,1.85882,-0.530907,1.78139
18107,1.89056,-0.564109,1.80444
18108,1.87728,-0.522232,1.80317
18109,1.87728,-0.522232,1.80317
18110,1.87728,-0.522232,1.80317
18111,1.94271,-0.650956,1.8304
18112,1.8844,-0.562605,1.79845
18113,1.82851,-0.38741,1.787
18114,1.78558,-0.331511,1.75454
18115,1.78558,-0.331511,1.75454
18116,1.78558,-0.331511,1.75454
18117,1.8023,-0.556168,1.71434
18118,1.79009,-0.46627,1.7283
18119,1.86632,-0.423639,1.8176
18120,1.82059,-0.562135,1.73164
18121,1.82059,-0.562135,1.73164
18122,1.82059,-0.562135,1.73164
18123,1.70666,-0.566795,1.60979
18124,1.70666,-0.566795,1.60979
18125,1.70666,-0.566795,1.60979
18126,1.8423,-0.450416,1.78639
18127,1.8423,-0.450416,1.78639
18128,1.8423,-0.450416,1.78639
18129,1.8423,-0.450416,1.78639
18130,1.8423,-0.450416,1.78639
18131,1.66139,-0.441273,1.60171
18132,1.71775,-0.478081,1.64987
18133,1.71775,-0.478081,1.64987
18134,1.76214,-0.431259,1.70855
18135,1.76214,-0.431259,1.70855
18136,1.76214,-0.431259,1.70855
18137,1.7625,-0.564555,1.66964
18138,1.69051,-0.548881,1.59892
18139,1.65879,-0.573861,1.55636
18140,1.65879,-0.573861,1.55636
18141,1.65879,-0.573861,1.55636
18142,1.65879,-0.573861,1.55636
18143,1.65879,-0.573861,1.55636
18144,1.67404,-0.66875,1.53466
18145,1.67404,-0.66875,1.53466
18146,1.64514,-0.573937,1.54177
18147,1.63127,-0.615217,1.51081
18148,1.5608,-0.497053,1.47954
18149,1.5608,-0.497053,1.47954
18150,1.58525,-0.430974,1.52554
18151,1.58525,-0.430974,1.52554
18152,1.5779,-0.418344,1.52144
18153,1.56577,-0.354544,1.5251
18154,1.57679,-0.386887,1.52859
18155,1.57679,-0.386887,1.52859
18156,1.57679,-0.386887,1.52859
18157,1.57679,-0.386887,1.52859
18158,1.57679,-0.386887,1.52859
18159,1.59783,-0.467325,1.52796
18160,1.55673,-0.401239,1.50414
18161,1.63927,-0.495673,1.56254
18162,1.63927,-0.495673,1.56254
18163,1.61447,-0.538042,1.52218
18164,1.54721,-0.547691,1.44703
18165,1.63884,-0.526839,1.55185
18166,1.61806,-0.46018,1.55124
18167,1.67362,-0.446732,1.6129
18168,1.68656,-0.44848,1.62584
18169,1.76397,-0.592799,1.66138
18170,1.72635,-0.641571,1.60271
18171,1.69273,-0.567102,1.59491
18172,1.65639,-0.577471,1.55246
18173,1.70932,-0.515395,1.62976
18174,1.77053,-0.63191,1.65393
18175,1.7877,-0.584058,1.6896
18176,1.891,-0.685497,1.76238
18177,1.891,-0.685497,1.76238
18178,1.86219,-0.730371,1.71299
18179,1.71529,-0.742501,1.54626
18180,1.78091,-0.746016,1.61712
18181,1.78091,-0.746016,1.61712
18182,1.80661,-0.819532,1.61004
18183,1.80107,-0.785825,1.6206
18184,1.74387,-0.776341,1.56153
18185,1.74387,-0.776341,1.56153
18186,1.79878,-0.728651,1.64459
18187,1.81036,-0.648473,1.69024
18188,1.81036,-0.648473,1.69024
18189,1.8267,-0.730337,1.67435
18190,1.8276,-0.723952,1.6781
18191,1.79353,-0.666388,1.66514
18192,1.81712,-0.595885,1.71664
18193,1.81712,-0.595885,1.71664
18194,1.80817,-0.601131,1.70532
18195,1.80817,-0.601131,1.70532
18196,1.78894,-0.563624,1.69784
18197,1.71143,-0.510795,1.63342
18198,1.71143,-0.510795,1.63342
18199,1.71056,-0.44495,1.65168
18200,1.77514,-0.471111,1.71149
18201,1.77514,-0.471111,1.71149
18202,1.75273,-0.523169,1.67283
18203,1.72437,-0.477129,1.65705
18204,1.70178,-0.409235,1.65184
18205,1.79217,-0.419629,1.74235
18206,1.79253,-0.342992,1.75941
18207,1.77246,-0.381685,1.73087
18208,1.77246,-0.381685,1.73087
18209,1.77246,-0.381685,1.73087
18210,1.81588,-0.353466,1.78115
18211,1.81588,-0.353466,1.78115
18212,1.76454,-0.252789,1.74634
18213,1.84714,-0.280697,1.82569
18214,1.89379,-0.293932,1.87084
18215,1.84906,-0.198491,1.83838
18216,1.87483,-0.170174,1.86709
18217,1.8608,-0.152256,1.85456
18218,1.9317,-0.118873,1.92804
18219,1.9317,-0.118873,1.92804
18220,1.88804,-0.168706,1.88049
18221,1.94382,-0.128801,1.93955
18222,1.94382,-0.128801,1.93955
18223,1.90308,-0.197219,1.89284
18224,1.77887,-0.110411,1.77544
18225,1.76851,-0.12584,1.76402
18226,1.82864,-0.120092,1.82469
18227,1.82864,-0.120092,1.82469
18228,1.79188,-0.102606,1.78894
18229,1.90047,-0.0926231,1.89821
18230,1.90047,-0.0926231,1.89821
18231,1.82153,-0.0208749,1.82141
18232,1.82153,-0.0208749,1.82141
18233,1.83096,-0.0432294,1.83045
18234,1.95791,-0.0629076,1.9569
18235,1.93334,0.00798813,1.93332
18236,1.93334,0.00798813,1.93332
18237,1.8871,-0.0105775,1.88708
18238,1.93774,-0.0593885,1.93683
18239,1.9738,-0.0688668,1.9726
18240,1.95372,-0.143899,1.94841
18241,1.95372,-0.143899,1.94841
18242,2.02988,0.0295637,2.02966
18243,2.02892,0.0911634,2.02687
18244,2.02892,0.0911634,2.02687
18245,2.11927,0.121241,2.1158
18246,2.1341,0.0414607,2.1337
18247,2.03567,-0.0837777,2.03395
18248,2.03567,-0.0837777,2.03395
18249,2.09658,-0.0267714,2.09641
18250,2.09658,-0.0267714,2.09641
18251,2.03297,-0.0594095,2.0321
18252,2.01005,-0.0476341,2.00949
18253,2.03197,-0.224745,2.0195
18254,2.01823,-0.198469,2.00845
18255,2.05359,0.0401287,2.0532
18256,2.05359,0.0401287,2.0532
18257,2.05359,0.0401287,2.0532
18258,2.07301,0.123386,2.06934
18259,2.07301,0.123386,2.06934
18260,2.19655,0.0101746,2.19652
18261,2.1068,0.0849832,2.10509
18262,2.1068,0.0849832,2.10509
18263,2.1068,0.0849832,2.10509
18264,2.10907,0.0455324,2.10858
18265,2.16346,0.114077,2.16045
18266,2.16346,0.114077,2.16045
18267,2.08824,0.215498,2.07709
18268,2.13401,0.13748,2.12957
18269,2.24167,0.033208,2.24143
18270,2.15576,0.10685,2.15311
18271,2.15576,0.10685,2.15311
18272,2.20998,0.0581785,2.20921
18273,2.11937,0.0160235,2.11931
18274,2.0526,-0.0116203,2.05256
18275,2.02902,0.0965256,2.02672
18276,2.06073,0.0289794,2.06053
18277,2.20111,0.0176726,2.20104
18278,2.2004,0.106771,2.19781
18279,2.2004,0.106771,2.19781
18280,2.12256,0.195496,2.11354
18281,2.0708,0.218402,2.05925
18282,1.96912,0.250054,1.95318
18283,1.96912,0.250054,1.95318
18284,1.99389,0.316639,1.96859
18285,1.96063,0.362064,1.92691
18286,1.93586,0.249699,1.91969
18287,1.99372,0.236891,1.9796
18288,1.97885,0.348464,1.94792
18289,1.97885,0.348464,1.94792
18290,1.97885,0.348464,1.94792
18291,2.00694,0.257629,1.99034
18292,2.04137,0.120725,2.0378
18293,2.0319,0.186862,2.02329
18294,2.03573,0.283247,2.01593
18295,1.97167,0.335303,1.94295
18296,2.036,0.385879,1.9991
18297,1.94764,0.488834,1.8853
18298,1.83549,0.401825,1.79096
18299,1.88715,0.419166,1.84001
18300,1.88715,0.419166,1.84001
18301,1.99347,0.480309,1.93474
18302,1.9889,0.579072,1.90274
18303,1.8928,0.59912,1.79547
18304,1.84409,0.467426,1.78386
18305,1.93083,0.653482,1.81689
18306,1.9931,0.716545,1.85984
18307,1.9931,0.716545,1.85984
18308,1.9931,0.716545,1.85984
18309,2.03014,0.75601,1.88413
18310,1.92312,0.73418,1.77746
18311,1.97082,0.717876,1.83543
18312,1.96254,0.725657,1.82345
18313,1.88212,0.588024,1.7879
18314,1.87461,0.597073,1.77699
18315,1.87461,0.597073,1.77699
18316,1.92472,0.570811,1.83813
18317,1.92472,0.570811,1.83813
18318,1.92472,0.570811,1.83813
18319,1.88752,0.598893,1.78999
18320,1.88752,0.598893,1.78999
18321,1.88752,0.598893,1.78999
18322,1.91297,0.561145,1.82881
18323,1.88439,0.549311,1.80255
18324,1.88439,0.549311,1.80255
18325,1.88439,0.549311,1.80255
18326,1.93761,0.581329,1.84835
18327,1.93761,0.581329,1.84835
18328,2.03504,0.486111,1.97612
18329,2.03504,0.486111,1.97612
18330,1.94597,0.469442,1.8885
18331,2.02367,0.46101,1.97046
18332,2.12622,0.356598,2.0961
18333,2.01801,0.388359,1.98029
18334,2.03614,0.475343,1.97988
18335,2.09316,0.545175,2.02091
18336,2.00243,0.49355,1.94065
18337,2.00243,0.49355,1.94065
18338,1.91725,0.518339,1.84585
18339,1.91725,0.518339,1.84585
18340,1.82048,0.376426,1.78114
18341,1.83035,0.40613,1.78472
18342,1.75559,0.406479,1.70789
18343,1.75559,0.406479,1.70789
18344,1.79314,0.388279,1.7506
18345,1.95035,0.479021,1.89061
18346,1.8548,0.327848,1.8256
18347,1.91999,0.3457,1.88861
18348,1.83613,0.29764,1.81185
18349,1.88107,0.271484,1.86138
18350,1.88107,0.271484,1.86138
18351,1.88862,0.313379,1.86244
18352,1.88862,0.313379,1.86244
18353,1.84628,0.14041,1.84094
18354,1.83287,0.178663,1.82414
18355,1.83287,0.178663,1.82414
18356,1.818,0.180223,1.80905
18357,1.76755,0.158108,1.76046
18358,1.85473,0.273255,1.83449
18359,1.80176,0.269286,1.78153
18360,1.78385,0.175815,1.77516
18361,1.8148,0.174391,1.8064
18362,1.91311,0.131801,1.90856
18363,1.91311,0.131801,1.90856
18364,1.98492,0.110127,1.98186
18365,1.98492,0.110127,1.98186
18366,1.98668,0.170626,1.97934
18367,2.00622,0.175316,1.99855
18368,1.90483,0.162925,1.89785
18369,1.90483,0.162925,1.89785
18370,1.90483,0.162925,1.89785
18371,1.9048,0.0943545,1.90246
18372,1.86931,0.0367944,1.86895
18373,1.84463,0.0999417,1.84193
18374,1.84463,0.0999417,1.84193
18375,1.83331,0.114763,1.82971
18376,1.88449,0.0363685,1.88414
18377,1.80588,-0.0167032,1.8058
18378,1.85799,-0.121349,1.85403
18379,1.77973,-0.109808,1.77634
18380,1.86543,-0.0798242,1.86373
18381,1.86543,-0.0798242,1.86373
18382,1.88178,-0.0935969,1.87945
18383,1.88178,-0.0935969,1.87945
18384,1.86591,-0.0299001,1.86567
18385,1.91027,0.0529281,1.90954
18386,1.91027,0.0529281,1.90954
18387,1.93394,0.103217,1.93119
18388,1.88076,0.14962,1.8748
18389,1.88076,0.14962,1.8748
18390,1.93358,0.30906,1.90873
18391,1.92853,0.24039,1.91349
18392,1.87293,0.132832,1.86821
18393,1.88144,0.138075,1.87636
18394,1.87076,0.0563632,1.86991
18395,1.92348,0.0904023,1.92135
18396,1.8402,0.0775986,1.83856
18397,1.88397,0.0783072,1.88234
18398,1.90978,0.14898,1.90396
18399,1.9959,0.0891559,1.99391
18400,1.92402,0.0877816,1.92201
18401,2.0171,0.136898,2.01245
18402,1.94221,0.164972,1.93519
18403,1.94221,0.164972,1.93519
18404,2.03119,0.245286,2.01633
18405,2.03289,0.308056,2.00941
18406,2.03289,0.308056,2.00941
18407,2.05726,0.355967,2.02623
18408,2.0912,0.372419,2.05777
18409,2.06294,0.429556,2.01772
18410,2.00662,0.523331,1.93718
18411,2.06016,0.498104,1.99904
18412,1.99946,0.437999,1.9509
18413,1.9856,0.461462,1.93124
18414,1.94754,0.403556,1.90528
18415,1.96463,0.3187,1.93861
18416,1.94155,0.417815,1.89606
18417,1.88507,0.457341,1.82875
18418,1.84291,0.460554,1.78444
18419,1.8751,0.482438,1.81197
18420,1.79795,0.709725,1.65194
18421,1.87273,0.750783,1.71565
18422,1.78467,0.6449,1.66407
18423,1.78467,0.6449,1.66407
18424,1.78722,0.619824,1.6763
18425,1.81625,0.529004,1.7375
18426,1.79427,0.58362,1.6967
18427,1.84543,0.64222,1.73008
18428,1.81943,0.752695,1.65644
18429,1.81943,0.752695,1.65644
18430,1.89003,0.72337,1.74612
18431,1.89003,0.72337,1.74612
18432,1.89003,0.72337,1.74612
18433,1.89003,0.72337,1.74612
18434,1.89046,0.706735,1.75339
18435,1.89046,0.706735,1.75339
18436,1.94401,0.694356,1.81577
18437,1.97904,0.77236,1.8221
18438,1.89476,0.72299,1.7514
18439,1.90517,0.765127,1.74477
18440,1.90517,0.765127,1.74477
18441,1.87878,0.738409,1.72759
18442,1.97045,0.719509,1.83439
18443,1.91684,0.670262,1.79584
18444,2.01941,0.726336,1.88426
18445,2.01941,0.726336,1.88426
18446,2.01941,0.726336,1.88426
18447,2.10737,0.811403,1.9449
18448,2.0467,0.719402,1.9161
18449,2.05301,0.818299,1.88288
18450,2.01049,0.886921,1.80429
18451,1.98046,0.806899,1.80862
18452,1.98562,0.793279,1.82028
18453,1.98562,0.793279,1.82028
18454,1.99866,0.79306,1.83459
18455,1.97231,0.673131,1.85389
18456,1.96014,0.621909,1.85886
18457,2.02676,0.773155,1.8735
18458,2.04175,0.706514,1.91561
18459,2.07,0.820416,1.90047
18460,2.07,0.820416,1.90047
18461,2.06653,0.766217,1.91924
18462,2.06653,0.766217,1.91924
18463,2.06653,0.766217,1.91924
18464,2.06653,0.766217,1.91924
18465,2.01803,0.862366,1.82449
18466,1.91565,0.728916,1.77155
18467,1.97036,0.809584,1.79635
18468,2.07676,1.0021,1.81899
18469,2.01859,0.841061,1.83502
18470,1.95149,0.733884,1.80824
18471,1.85143,0.715028,1.70779
18472,1.85143,0.715028,1.70779
18473,1.85143,0.715028,1.70779
18474,1.85143,0.715028,1.70779
18475,1.78322,0.632936,1.66711
18476,1.78322,0.632936,1.66711
18477,1.78322,0.632936,1.66711
18478,1.78322,0.632936,1.66711
18479,1.79607,0.610075,1.68929
18480,1.84993,0.655571,1.72988
18481,1.84144,0.617592,1.73479
18482,1.80899,0.625578,1.69738
18483,1.7872,0.628916,1.67289
18484,1.82404,0.527408,1.74612
18485,1.75965,0.563697,1.66691
18486,1.75965,0.563697,1.66691
18487,1.81768,0.592681,1.71834
18488,1.81768,0.592681,1.71834
18489,1.79966,0.626426,1.68711
18490,1.75263,0.645919,1.62926
18491,1.75263,0.645919,1.62926
18492,1.79129,0.678385,1.65786
18493,1.8086,0.757179,1.64247
18494,1.75784,0.692702,1.6156
18495,1.81022,0.718598,1.66148
18496,1.7921,0.728316,1.63742
18497,1.72111,0.755703,1.54632
18498,1.74295,0.900212,1.49247
18499,1.77957,0.93677,1.51305
18500,1.77957,0.93677,1.51305
18501,1.76141,0.939424,1.48999
18502,1.79376,0.936294,1.53001
18503,1.87112,0.975996,1.59641
18504,1.84321,0.908226,1.60391
18505,1.94094,0.936576,1.70002
18506,1.93,0.934712,1.68855
18507,1.89292,0.927793,1.64995
18508,1.93659,0.990518,1.66411
18509,1.91048,0.985546,1.63665
18510,1.91048,0.985546,1.63665
18511,1.91048,0.985546,1.63665
18512,1.98537,1.00989,1.70934
18513,1.9771,1.01882,1.69439
18514,1.85867,0.861015,1.64721
18515,1.88655,0.910426,1.65233
18516,2.0275,0.986966,1.77106
18517,2.0275,0.986966,1.77106
18518,2.10516,1.09392,1.79862
18519,1.99138,1.07259,1.67784
18520,1.99138,1.07259,1.67784
18521,2.09361,1.07045,1.79926
18522,2.0811,1.0314,1.80754
18523,2.1224,1.04448,1.8476
18524,2.14835,0.977744,1.91296
18525,2.14835,0.977744,1.91296
18526,2.12807,0.966572,1.8959
18527,2.08851,0.895517,1.88678
18528,2.06785,1.00995,1.80444
18529,2.06785,1.00995,1.80444
18530,2.09379,1.08435,1.79113
18531,2.09379,1.08435,1.79113
18532,2.09379,1.08435,1.79113
18533,2.10314,1.0446,1.82537
18534,2.15201,1.04922,1.8789
18535,2.17091,0.978275,1.938
18536,2.0827,0.865132,1.89451
18537,2.0827,0.865132,1.89451
18538,2.10797,0.850596,1.92874
18539,2.08993,0.78168,1.93824
18540,2.0588,0.781941,1.90453
18541,2.01715,0.764992,1.86646
18542,2.01715,0.764992,1.86646
18543,2.01715,0.764992,1.86646
18544,2.07768,0.699701,1.95631
18545,2.10782,0.779279,1.95847
18546,2.10782,0.779279,1.95847
18547,2.13608,0.890739,1.9415
18548,2.13608,0.890739,1.9415
18549,2.13608,0.890739,1.9415
18550,2.13608,0.890739,1.9415
18551,2.02583,0.894445,1.81767
18552,1.96804,0.890239,1.75517
18553,1.96804,0.890239,1.75517
18554,2.03374,1.01493,1.76239
18555,2.03374,1.01493,1.76239
18556,2.09798,1.1725,1.73976
18557,2.06473,1.1195,1.73489
18558,2.06473,1.1195,1.73489
18559,2.00398,1.04836,1.70789
18560,2.05469,1.1373,1.71122
18561,2.05469,1.1373,1.71122
18562,1.95834,1.05222,1.65165
18563,2.01782,1.04996,1.72313
18564,1.98119,1.0285,1.69331
18565,2.04098,1.00637,1.77561
18566,2.04098,1.00637,1.77561
18567,2.04098,1.00637,1.77561
18568,2.07463,1.05004,1.78927
18569,2.0104,1.06321,1.70625
18570,2.0104,1.06321,1.70625
18571,2.0104,1.06321,1.70625
18572,2.0104,1.06321,1.70625
18573,1.93307,1.16813,1.5402
18574,1.97354,1.22757,1.5453
18575,1.91654,1.29304,1.41463
18576,1.99843,1.34793,1.4754
18577,1.84392,1.26139,1.34498
18578,1.82656,1.28363,1.29947
18579,1.82656,1.28363,1.29947
18580,1.82656,1.28363,1.29947
18581,1.84103,1.31014,1.29341
18582,1.89143,1.36834,1.30581
18583,1.85835,1.4018,1.22001
18584,1.86391,1.41671,1.21123
18585,1.8789,1.4419,1.20466
18586,1.89462,1.46551,1.20077
18587,1.9425,1.58964,1.1164
18588,1.89152,1.53228,1.10905
18589,1.89152,1.53228,1.10905
18590,1.83291,1.45816,1.11055
18591,1.80215,1.44834,1.07241
18592,1.74043,1.41892,1.00785
18593,1.72177,1.43378,0.953306
18594,1.72177,1.43378,0.953306
18595,1.74498,1.44559,0.977354
18596,1.71416,1.48447,0.857144
18597,1.71416,1.48447,0.857144
18598,1.65151,1.48555,0.721555
18599,1.6884,1.56636,0.630252
18600,1.67439,1.4972,0.749639
18601,1.64155,1.48133,0.707369
18602,1.64155,1.48133,0.707369
18603,1.72702,1.61732,0.605689
18604,1.64752,1.54735,0.565708
18605,1.66653,1.5551,0.599165
18606,1.69393,1.60799,0.532693
18607,1.75216,1.69099,0.458933
18608,1.64083,1.5553,0.52285
18609,1.6515,1.55583,0.553955
18610,1.62749,1.52019,0.581171
18611,1.66776,1.50107,0.726762
18612,1.67714,1.51329,0.72303
18613,1.70901,1.52818,0.765108
18614,1.70901,1.52818,0.765108
18615,1.70901,1.52818,0.765108
18616,1.69283,1.46707,0.844604
18617,1.79986,1.52872,0.950001
18618,1.79986,1.52872,0.950001
18619,1.92056,1.62656,1.0212
18620,1.93193,1.58571,1.10357
18621,1.92366,1.55658,1.13028
18622,1.94941,1.58628,1.1331
18623,2.06169,1.58797,1.31488
18624,2.15972,1.70309,1.32811
18625,2.15972,1.70309,1.32811
18626,2.19115,1.75619,1.31032
18627,2.22384,1.82401,1.27219
18628,2.25663,1.87045,1.26245
18629,2.25663,1.87045,1.26245
18630,2.27251,1.91961,1.21631
18631,2.27251,1.91961,1.21631
18632,2.27251,1.91961,1.21631
18633,2.27251,1.91961,1.21631
18634,2.27284,1.92531,1.20788
18635,2.32034,1.94762,1.26124
18636,2.32034,1.94762,1.26124
18637,2.2816,1.9243,1.22587
18638,2.2816,1.9243,1.22587
18639,2.35378,2.00161,1.23848
18640,2.35378,2.00161,1.23848
18641,2.37308,2.05883,1.18014
18642,2.33779,2.03261,1.15488
18643,2.33779,2.03261,1.15488
18644,2.35469,1.94837,1.32226
18645,2.35469,1.94837,1.32226
18646,2.42581,1.98142,1.39948
18647,2.45326,1.89902,1.55313
18648,2.46709,1.84729,1.63525
18649,2.32301,1.76756,1.50735
18650,2.33194,1.73365,1.55961
18651,2.3507,1.68741,1.63659
18652,2.28866,1.60714,1.62944
18653,2.32605,1.50361,1.77473
18654,2.21376,1.44369,1.67824
18655,2.2534,1.39015,1.7735
18656,2.2534,1.39015,1.7735
18657,2.2534,1.39015,1.7735
18658,2.32442,1.22846,1.97327
18659,2.33209,1.18029,2.01136
18660,2.43933,1.04935,2.20209
18661,2.2684,0.958377,2.056
18662,2.2029,0.883774,2.01785
18663,2.13539,0.947253,1.91379
18664,2.11845,0.980979,1.87764
18665,2.16367,0.997201,1.92017
18666,2.16367,0.997201,1.92017
18667,2.16367,0.997201,1.92017
18668,2.16367,0.997201,1.92017
18669,2.14622,0.915913,1.94097
18670,2.23232,1.01494,1.98825
18671,2.08383,1.01598,1.81937
18672,2.08383,1.01598,1.81937
18673,2.08383,1.01598,1.81937
18674,2.04561,1.1447,1.69534
18675,1.96177,0.982655,1.69792
18676,2.0341,1.0102,1.76553
18677,2.07586,1.0681,1.77999
18678,2.0412,1.06052,1.74408
18679,2.13075,1.08413,1.83432
18680,2.07313,1.10763,1.75244
18681,2.0349,1.21044,1.63574
18682,2.16155,1.29856,1.72801
18683,2.16083,1.17862,1.81109
18684,2.10039,1.14011,1.76402
18685,2.13026,1.17951,1.77391
18686,2.13026,1.17951,1.77391
18687,2.20931,1.05505,1.94111
18688,2.19376,1.05238,1.92486
18689,2.16609,1.03186,1.90453
18690,2.16609,1.03186,1.90453
18691,2.20687,1.22273,1.83718
18692,2.20423,1.24794,1.81694
18693,2.0521,1.21872,1.65101
18694,2.14222,1.3157,1.69057
18695,2.06777,1.29573,1.61145
18696,2.06777,1.29573,1.61145
18697,2.03402,1.35045,1.52103
18698,2.12851,1.5904,1.41464
18699,2.13921,1.70486,1.29215
18700,2.14358,1.74226,1.24878
18701,2.16374,1.80452,1.19392
18702,2.13274,1.65308,1.34756
18703,2.10204,1.59435,1.3699
18704,2.18991,1.63672,1.45494
18705,2.11019,1.6188,1.35366
18706,2.11019,1.6188,1.35366
18707,1.99054,1.55911,1.2375
18708,1.99054,1.55911,1.2375
18709,1.99054,1.55911,1.2375
18710,1.99054,1.55911,1.2375
18711,1.99054,1.55911,1.2375
18712,2.03081,1.55888,1.30157
18713,2.03081,1.55888,1.30157
18714,2.03081,1.55888,1.30157
18715,2.05069,1.58563,1.30044
18716,2.01561,1.53541,1.30584
18717,2.01269,1.47279,1.3718
18718,2.11782,1.43535,1.55721
18719,2.14229,1.45435,1.57299
18720,2.14229,1.45435,1.57299
18721,2.24473,1.53769,1.63534
18722,2.11903,1.47291,1.52343
18723,2.11903,1.47291,1.52343
18724,2.10668,1.39114,1.58204
18725,2.08531,1.35374,1.58616
18726,2.10887,1.33268,1.63441
18727,2.0601,1.22655,1.65518
18728,2.00865,1.3094,1.5232
18729,2.00865,1.3094,1.5232
18730,2.04749,1.35434,1.53557
18731,2.04749,1.35434,1.53557
18732,2.04749,1.35434,1.53557
18733,2.09568,1.32654,1.6224
18734,2.09568,1.32654,1.6224
18735,2.09568,1.32654,1.6224
18736,2.09568,1.32654,1.6224
18737,2.15177,1.42916,1.6086
18738,2.15425,1.48897,1.55684
18739,2.10565,1.49124,1.4866
18740,2.13048,1.48218,1.53039
18741,2.13048,1.48218,1.53039
18742,2.1625,1.55414,1.50369
18743,2.22777,1.66069,1.48495
18744,2.32905,1.627,1.66654
18745,2.32905,1.627,1.66654
18746,2.32905,1.627,1.66654
18747,2.3766,1.77294,1.58269
18748,2.3766,1.77294,1.58269
18749,2.3766,1.77294,1.58269
18750,2.40512,1.80121,1.59381
18751,2.40512,1.80121,1.59381
18752,2.3384,1.66405,1.64288
18753,2.39629,1.68074,1.70802
18754,2.29347,1.54249,1.69728
18755,2.26605,1.54551,1.65722
18756,2.26605,1.54551,1.65722
18757,2.22225,1.45368,1.68084
18758,2.22225,1.45368,1.68084
18759,2.16619,1.47744,1.58416
18760,2.18094,1.4545,1.6251
18761,2.18094,1.4545,1.6251
18762,2.12667,1.24714,1.72261
18763,2.2134,1.28684,1.80089
18764,2.26271,1.38004,1.79314
18765,2.26837,1.4549,1.74034
18766,2.25331,1.3694,1.78945
18767,2.25331,1.3694,1.78945
18768,2.28728,1.32924,1.86139
18769,2.22297,1.21005,1.86478
18770,2.28595,1.32501,1.86278
18771,2.27009,1.39936,1.78749
18772,2.27009,1.39936,1.78749
18773,2.22363,1.45746,1.67939
18774,2.18684,1.43379,1.65121
18775,2.20718,1.3573,1.74051
18776,2.14447,1.31113,1.69697
18777,2.14447,1.31113,1.69697
18778,2.0387,1.28713,1.58101
18779,2.03289,1.17513,1.65882
18780,2.03289,1.17513,1.65882
18781,2.11627,1.27909,1.68599
18782,1.97968,1.24672,1.5378
18783,1.97968,1.24672,1.5378
18784,1.97968,1.24672,1.5378
18785,1.97651,1.24466,1.53539
18786,1.9786,1.29585,1.4952
18787,1.97036,1.2957,1.48441
18788,1.97036,1.2957,1.48441
18789,1.97036,1.2957,1.48441
18790,1.97036,1.2957,1.48441
18791,2.06088,1.30848,1.5922
18792,2.15595,1.43295,1.61082
18793,2.10516,1.49211,1.48503
18794,2.10516,1.49211,1.48503
18795,2.05381,1.41515,1.48845
18796,2.05381,1.41515,1.48845
18797,2.05381,1.41515,1.48845
18798,2.08147,1.28815,1.63499
18799,2.08147,1.28815,1.63499
18800,2.18191,1.46631,1.61575
18801,2.11021,1.35734,1.61574
18802,2.12789,1.39265,1.60886
18803,2.09859,1.35878,1.59931
18804,2.0622,1.22695,1.65749
18805,1.94673,1.21859,1.51815
18806,1.91243,1.26766,1.43192
18807,1.91868,1.34225,1.37102
18808,1.9039,1.2746,1.4143
18809,1.90236,1.17598,1.49534
18810,1.87282,1.08623,1.52564
18811,1.87282,1.08623,1.52564
18812,1.83159,1.12828,1.44281
18813,1.86715,1.09172,1.51473
18814,1.86715,1.09172,1.51473
18815,1.88802,1.08323,1.54636
18816,1.97716,1.11591,1.63215
18817,1.86838,1.06543,1.53484
18818,1.86838,1.06543,1.53484
18819,1.93321,1.10961,1.58306
18820,1.85375,1.0453,1.53093
18821,1.83347,0.89955,1.59763
18822,1.86207,1.03804,1.54589
18823,1.86207,1.03804,1.54589
18824,1.86207,1.03804,1.54589
18825,1.88247,1.01518,1.58527
18826,1.88247,1.01518,1.58527
18827,1.88247,1.01518,1.58527
18828,1.74277,0.882694,1.5027
18829,1.83455,0.931,1.58076
18830,1.83455,0.931,1.58076
18831,1.83455,0.931,1.58076
18832,1.88675,1.03777,1.57571
18833,1.87923,1.00374,1.58871
18834,1.86536,1.00465,1.5717
18835,1.86536,1.00465,1.5717
18836,1.86536,1.00465,1.5717
18837,1.89148,0.93192,1.64597
18838,1.80794,1.02456,1.4896
18839,1.80794,1.02456,1.4896
18840,1.84262,0.971849,1.56549
18841,1.84262,0.971849,1.56549
18842,1.76304,0.864991,1.53626
18843,1.75547,0.951231,1.47541
18844,1.77855,0.881903,1.5445
18845,1.76556,0.983425,1.46631
18846,1.76556,0.983425,1.46631
18847,1.79356,1.08885,1.42522
18848,1.75516,1.1091,1.36033
18849,1.76973,1.11341,1.3756
18850,1.73848,1.08517,1.35821
18851,1.8542,1.17977,1.43046
18852,1.83384,1.20982,1.37815
18853,1.97929,1.38647,1.41254
18854,1.97929,1.38647,1.41254
18855,1.97929,1.38647,1.41254
18856,1.97929,1.38647,1.41254
18857,1.97929,1.38647,1.41254
18858,1.84732,1.42932,1.17031
18859,1.82246,1.46054,1.09004
18860,1.82246,1.46054,1.09004
18861,1.81361,1.48976,1.03431
18862,1.75149,1.47077,0.951067
18863,1.75149,1.47077,0.951067
18864,1.7177,1.48054,0.870925
18865,1.81657,1.55281,0.942712
18866,1.85398,1.62945,0.884376
18867,1.83866,1.60135,0.903514
18868,1.95244,1.71016,0.942005
18869,1.85669,1.58861,0.961046
18870,1.85658,1.5619,1.00367
18871,1.85658,1.5619,1.00367
18872,1.85658,1.5619,1.00367
18873,1.85658,1.5619,1.00367
18874,1.82344,1.60569,0.86412
18875,1.82344,1.60569,0.86412
18876,1.82494,1.67542,0.723444
18877,1.89601,1.71322,0.812219
18878,1.97227,1.69158,1.01412
18879,1.98585,1.68857,1.04513
18880,1.98585,1.68857,1.04513
18881,1.98585,1.68857,1.04513
18882,2.03325,1.76104,1.0163
18883,2.03212,1.80145,0.940372
18884,2.08139,1.77157,1.09257
18885,2.08139,1.77157,1.09257
18886,2.13343,1.87298,1.0215
18887,2.05158,1.83809,0.911275
18888,2.00622,1.77966,0.92614
18889,1.98398,1.75628,0.922863
18890,1.96972,1.77411,0.855755
18891,2.03636,1.82751,0.898309
18892,2.07397,1.85316,0.931196
18893,2.01874,1.84387,0.821845
18894,2.03941,1.85775,0.841395
18895,2.1491,1.95365,0.895476
18896,2.1491,1.95365,0.895476
18897,2.1491,1.95365,0.895476
18898,2.1491,1.95365,0.895476
18899,2.0718,1.88996,0.84875
18900,2.09858,1.91575,0.856711
18901,2.07201,1.89551,0.836817
18902,2.08135,1.95788,0.706221
18903,2.12087,2.00635,0.687482
18904,2.12087,2.00635,0.687482
18905,2.06696,1.98664,0.570624
18906,2.02873,1.9685,0.490654
18907,1.94632,1.9029,0.408814
18908,1.9983,1.98064,0.265094
18909,1.83335,1.78826,0.404071
18910,1.83335,1.78826,0.404071
18911,1.92307,1.91009,0.223054
18912,1.94858,1.9407,0.175019
18913,1.94858,1.9407,0.175019
18914,1.92791,1.92696,0.060548
18915,1.87772,1.86409,0.225891
18916,2.0018,1.98184,0.281965
18917,1.98696,1.97634,0.205196
18918,1.96466,1.95076,0.233241
18919,1.99297,1.99085,0.091978
18920,1.91325,1.89215,0.283363
18921,1.81747,1.80701,0.19471
18922,1.78266,1.78032,0.0912494
18923,1.79087,1.79052,0.0353053
18924,1.79087,1.79052,0.0353053
18925,1.84925,1.84911,0.0226286
18926,1.86868,1.8673,-0.071783
18927,1.81063,1.81049,0.0224474
18928,1.84249,1.84245,0.0120692
18929,1.90899,1.90671,-0.0932499
18930,1.88429,1.8684,-0.244206
18931,1.77665,1.7652,-0.201386
18932,1.77665,1.7652,-0.201386
18933,1.78755,1.77789,-0.18565
18934,1.78755,1.77789,-0.18565
18935,1.84792,1.82987,-0.257619
18936,1.84703,1.84032,-0.157291
18937,1.84703,1.84032,-0.157291
18938,1.83114,1.82364,-0.165609
18939,1.94238,1.93121,-0.207978
18940,1.926,1.92445,-0.0772944
18941,1.86395,1.86234,-0.0775926
18942,1.81535,1.81486,0.0420599
18943,1.81888,1.81848,0.0384565
18944,1.81888,1.81848,0.0384565
18945,1.79562,1.79541,0.0276096
18946,1.79562,1.79541,0.0276096
18947,1.80079,1.80028,-0.0430225
18948,1.7106,1.7081,-0.0924647
18949,1.72163,1.72125,-0.036015
18950,1.60267,1.59986,-0.0948001
18951,1.66029,1.66005,-0.0281839
18952,1.70494,1.70392,-0.0587616
18953,1.75266,1.75211,0.0438509
18954,1.75266,1.75211,0.0438509
18955,1.68699,1.68699,0.00318028
18956,1.66386,1.66385,-0.00678648
18957,1.56236,1.56084,0.069015
18958,1.56236,1.56084,0.069015
18959,1.57588,1.57351,0.0863381
18960,1.57588,1.57351,0.0863381
18961,1.59616,1.57734,0.244409
18962,1.62048,1.61524,0.130224
18963,1.65907,1.65552,0.108332
18964,1.65907,1.65552,0.108332
18965,1.69494,1.69372,0.0641685
18966,1.59258,1.59081,-0.0749853
18967,1.65516,1.65206,-0.101173
18968,1.62356,1.62324,-0.0322639
18969,1.62356,1.62324,-0.0322639
18970,1.62356,1.62324,-0.0322639
18971,1.71152,1.71105,-0.0401806
18972,1.71152,1.71105,-0.0401806
18973,1.71152,1.71105,-0.0401806
18974,1.751,1.75055,-0.039554
18975,1.80493,1.80375,-0.065163
18976,1.86944,1.8653,-0.124402
18977,1.86944,1.8653,-0.124402
18978,1.81889,1.81719,-0.0787769
18979,1.86586,1.86516,-0.0510815
18980,1.86699,1.86282,-0.124594
18981,1.83918,1.83797,-0.0665811
18982,1.83918,1.83797,-0.0665811
18983,1.84722,1.84322,-0.121421
18984,1.77775,1.7754,-0.0913593
18985,1.80001,1.79703,-0.1036
18986,1.91461,1.90014,-0.234935
18987,1.91461,1.90014,-0.234935
18988,1.91461,1.90014,-0.234935
18989,1.83599,1.82203,-0.225997
18990,1.83599,1.82203,-0.225997
18991,1.91899,1.91431,-0.133972
18992,1.91899,1.91431,-0.133972
18993,1.95636,1.93654,-0.277815
18994,1.95636,1.93654,-0.277815
18995,1.98201,1.93798,-0.415471
18996,2.00014,1.95666,-0.41475
18997,2.00014,1.95666,-0.41475
18998,2.00013,1.96615,-0.367131
18999,1.98207,1.95939,-0.298979
19000,2.01406,2.0012,-0.227225
19001,1.98029,1.95,-0.345019
19002,1.99159,1.97015,-0.291434
19003,1.9444,1.9221,-0.293619
19004,1.9444,1.9221,-0.293619
19005,1.93342,1.89819,-0.367415
19006,1.93342,1.89819,-0.367415
19007,1.82312,1.78509,-0.370428
19008,1.90464,1.83559,-0.508195
19009,1.90464,1.83559,-0.508195
19010,1.84295,1.75011,-0.577557
19011,1.84295,1.75011,-0.577557
19012,1.84295,1.75011,-0.577557
19013,1.84295,1.75011,-0.577557
19014,1.86006,1.79792,-0.476736
19015,1.82031,1.75099,-0.497551
19016,1.82031,1.75099,-0.497551
19017,1.82031,1.75099,-0.497551
19018,1.7815,1.7,-0.532663
19019,1.76173,1.69469,-0.481397
19020,1.7788,1.67677,-0.593753
19021,1.7788,1.67677,-0.593753
19022,1.81344,1.71881,-0.578135
19023,1.81344,1.71881,-0.578135
19024,1.84867,1.77546,-0.515099
19025,1.84867,1.77546,-0.515099
19026,1.73693,1.67316,-0.466331
19027,1.73693,1.67316,-0.466331
19028,1.73693,1.67316,-0.466331
19029,1.9033,1.8491,-0.450962
19030,1.8278,1.78782,-0.380196
19031,1.86439,1.7796,-0.555858
19032,1.86439,1.7796,-0.555858
19033,1.86439,1.7796,-0.555858
19034,1.75996,1.68129,-0.520306
19035,1.74967,1.65637,-0.563694
19036,1.76678,1.68315,-0.537151
19037,1.76678,1.68315,-0.537151
19038,1.76678,1.68315,-0.537151
19039,1.68314,1.62744,-0.429414
19040,1.77224,1.72309,-0.414492
19041,1.77224,1.72309,-0.414492
19042,1.76281,1.73256,-0.325171
19043,1.76188,1.71541,-0.401966
19044,1.82946,1.78966,-0.379507
19045,1.84561,1.81085,-0.3565
19046,1.84561,1.81085,-0.3565
19047,1.84561,1.81085,-0.3565
19048,1.84561,1.81085,-0.3565
19049,1.90174,1.85135,-0.434891
19050,1.86561,1.78723,-0.535098
19051,1.80783,1.73287,-0.515174
19052,1.8082,1.73581,-0.506484
19053,1.8082,1.73581,-0.506484
19054,1.8082,1.73581,-0.506484
19055,1.74983,1.6968,-0.427517
19056,1.74983,1.6968,-0.427517
19057,1.78597,1.73661,-0.416967
19058,1.82768,1.75645,-0.505259
19059,1.88767,1.82337,-0.488455
19060,1.88767,1.82337,-0.488455
19061,1.89897,1.86197,-0.372997
19062,1.89897,1.86197,-0.372997
19063,1.91026,1.8579,-0.444195
19064,1.9123,1.84101,-0.517262
19065,1.86052,1.80553,-0.449009
19066,1.92027,1.8344,-0.567817
19067,1.91081,1.84126,-0.51082
19068,1.9292,1.86526,-0.492559
19069,1.91673,1.83501,-0.553715
19070,1.95684,1.88342,-0.530959
19071,2.06073,1.96629,-0.616686
19072,1.97417,1.85075,-0.687086
19073,1.97417,1.85075,-0.687086
19074,1.87635,1.74719,-0.684131
19075,1.88481,1.7225,-0.765175
19076,1.9303,1.81422,-0.659274
19077,1.87098,1.77455,-0.592919
19078,2.00192,1.86704,-0.722387
19079,2.00192,1.86704,-0.722387
19080,2.15521,2.03294,-0.71562
19081,2.10577,1.98974,-0.689351
19082,2.15024,2.05016,-0.648349
19083,2.03763,1.91691,-0.690939
19084,2.06493,1.93512,-0.720583
19085,2.06493,1.93512,-0.720583
19086,2.04774,1.92536,-0.697284
19087,2.06784,1.9711,-0.625066
19088,2.11175,2.03555,-0.562148
19089,2.1557,2.0721,-0.594496
19090,2.1325,1.9964,-0.74964
19091,2.1325,1.9964,-0.74964
19092,2.1387,1.98051,-0.807214
19093,2.0743,1.88729,-0.860731
19094,2.0743,1.88729,-0.860731
19095,2.06185,1.8933,-0.816485
19096,2.03199,1.85406,-0.831516
19097,2.01681,1.80363,-0.902475
19098,2.12456,1.90094,-0.948781
19099,2.2034,1.94935,-1.02714
19100,2.15465,1.87419,-1.06298
19101,2.16241,1.86335,-1.09725
19102,2.09467,1.78195,-1.10105
19103,2.0751,1.74772,-1.11871
19104,2.0751,1.74772,-1.11871
19105,2.0751,1.74772,-1.11871
19106,1.97844,1.73083,-0.958372
19107,2.06757,1.78179,-1.04885
19108,2.06757,1.78179,-1.04885
19109,2.01634,1.66204,-1.14161
19110,2.01634,1.66204,-1.14161
19111,2.08882,1.799,-1.06149
19112,2.05204,1.75646,-1.061
19113,2.03923,1.74509,-1.05504
19114,2.00505,1.63575,-1.15955
19115,1.95659,1.58557,-1.14638
19116,1.92029,1.58729,-1.08075
19117,2.05523,1.74525,-1.0854
19118,2.1578,1.86787,-1.08034
19119,2.29127,1.91968,-1.25091
19120,2.16918,1.79143,-1.22317
19121,2.2498,1.83787,-1.29761
19122,2.23853,1.79878,-1.33245
19123,2.17772,1.81136,-1.20889
19124,2.17772,1.81136,-1.20889
19125,2.28494,1.84495,-1.348
19126,2.28494,1.84495,-1.348
19127,2.231,1.78002,-1.34495
19128,2.20158,1.81638,-1.24409
19129,2.24353,1.93702,-1.13197
19130,2.24353,1.93702,-1.13197
19131,2.24353,1.93702,-1.13197
19132,2.24353,1.93702,-1.13197
19133,2.21043,1.91871,-1.09752
19134,2.1794,1.88786,-1.08892
19135,2.24166,1.91316,-1.16827
19136,2.24371,1.96144,-1.08949
19137,2.24518,2.0589,-0.895415
19138,2.2395,2.09496,-0.7915
19139,2.2395,2.09496,-0.7915
19140,2.2395,2.09496,-0.7915
19141,2.2395,2.09496,-0.7915
19142,2.2395,2.09496,-0.7915
19143,2.25415,2.16131,-0.640246
19144,2.25415,2.16131,-0.640246
19145,2.33617,2.24451,-0.647955
19146,2.29612,2.19571,-0.671582
19147,2.29612,2.19571,-0.671582
19148,2.3895,2.23877,-0.835213
19149,2.35422,2.22054,-0.782025
19150,2.3126,2.17451,-0.787156
19151,2.39971,2.20587,-0.944844
19152,2.42468,2.23122,-0.949064
19153,2.33518,2.17563,-0.84837
19154,2.23452,2.04928,-0.890807
19155,2.12334,1.89564,-0.95663
19156,2.12837,1.91081,-0.93741
19157,2.08588,1.88114,-0.901221
19158,2.09889,1.88705,-0.91891
19159,2.05561,1.82753,-0.941105
19160,2.16095,1.91991,-0.991783
19161,2.03038,1.88049,-0.765652
19162,2.08213,1.85086,-0.953725
19163,1.98985,1.71594,-1.0075
19164,1.93078,1.7107,-0.895215
19165,1.96122,1.70065,-0.976816
19166,1.84913,1.60851,-0.912114
19167,1.78694,1.53171,-0.92034
19168,1.79223,1.49463,-0.989026
19169,1.79223,1.49463,-0.989026
19170,1.82525,1.48301,-1.06405
19171,1.82525,1.48301,-1.06405
19172,1.86287,1.58076,-0.985641
19173,1.84932,1.55859,-0.995381
19174,1.84932,1.55859,-0.995381
19175,1.90339,1.57862,-1.06341
19176,1.88996,1.52953,-1.11019
19177,1.88996,1.52953,-1.11019
19178,1.95093,1.55305,-1.18075
19179,1.95093,1.55305,-1.18075
19180,1.95429,1.50709,-1.24416
19181,1.91792,1.40871,-1.30151
19182,1.97221,1.54458,-1.22633
19183,2.00904,1.53373,-1.29766
19184,2.00904,1.53373,-1.29766
19185,2.00904,1.53373,-1.29766
19186,2.03003,1.56546,-1.29242
19187,2.07191,1.60731,-1.30743
19188,1.9323,1.55545,-1.14645
19189,1.94366,1.63454,-1.05172
19190,1.94366,1.63454,-1.05172
19191,2.01039,1.69855,-1.07545
19192,2.0911,1.76319,-1.12422
19193,2.05321,1.66144,-1.20635
19194,2.06084,1.71876,-1.13707
19195,2.07084,1.73365,-1.13261
19196,2.07084,1.73365,-1.13261
19197,2.07084,1.73365,-1.13261
19198,2.06776,1.70374,-1.17171
19199,2.06776,1.70374,-1.17171
19200,2.00686,1.66271,-1.12377
19201,2.121,1.86166,-1.01629
19202,2.121,1.86166,-1.01629
19203,2.121,1.86166,-1.01629
19204,2.07937,1.83581,-0.976511
19205,1.99714,1.79868,-0.867942
19206,2.05543,1.83421,-0.927619
19207,2.08756,1.95466,-0.732936
19208,2.20162,2.10094,-0.658189
19209,2.20578,2.0868,-0.714641
19210,2.19053,2.06809,-0.722114
19211,2.1109,2.02539,-0.594747
19212,2.1109,2.02539,-0.594747
19213,1.95077,1.85614,-0.60023
19214,2.01271,1.88259,-0.711945
19215,2.01271,1.88259,-0.711945
19216,2.01271,1.88259,-0.711945
19217,2.05275,1.92926,-0.701224
19218,1.97671,1.82645,-0.755959
19219,1.93636,1.8058,-0.698981
19220,1.98728,1.85876,-0.703046
19221,1.91191,1.80755,-0.623043
19222,1.87607,1.77808,-0.59839
19223,1.80809,1.71808,-0.56339
19224,1.79295,1.71883,-0.510223
19225,1.79295,1.71883,-0.510223
19226,1.92195,1.84226,-0.547684
19227,1.92195,1.84226,-0.547684
19228,1.87886,1.79082,-0.568391
19229,1.87886,1.79082,-0.568391
19230,1.91123,1.79475,-0.657024
19231,1.91771,1.81474,-0.619954
19232,1.99573,1.83692,-0.780146
19233,2.01421,1.85064,-0.795105
19234,2.05271,1.86699,-0.853215
19235,2.09223,1.84784,-0.981285
19236,2.12517,1.89665,-0.958686
19237,2.12517,1.89665,-0.958686
19238,2.12517,1.89665,-0.958686
19239,2.11851,1.87659,-0.98311
19240,2.11851,1.87659,-0.98311
19241,2.07276,1.7875,-1.04937
19242,2.13722,1.87881,-1.0187
19243,2.01411,1.8014,-0.900894
19244,2.07908,1.8307,-0.985451
19245,1.9992,1.76009,-0.948099
19246,1.9092,1.61659,-1.01573
19247,1.9092,1.61659,-1.01573
19248,1.9092,1.61659,-1.01573
19249,1.9092,1.61659,-1.01573
19250,1.9092,1.61659,-1.01573
19251,1.96459,1.57029,-1.18059
19252,1.93389,1.52259,-1.19233
19253,1.95459,1.49879,-1.25461
19254,1.95459,1.49879,-1.25461
19255,1.90645,1.41656,-1.2759
19256,1.80977,1.35442,-1.20033
19257,1.77796,1.32092,-1.19008
19258,1.77796,1.32092,-1.19008
19259,1.87086,1.37471,-1.26897
19260,1.88025,1.43289,-1.21744
19261,1.76757,1.3202,-1.17532
19262,1.74525,1.38623,-1.06032
19263,1.86286,1.46653,-1.14872
19264,1.82605,1.41457,-1.15474
19265,1.82605,1.41457,-1.15474
19266,1.78646,1.36062,-1.15765
19267,1.78646,1.36062,-1.15765
19268,1.78646,1.36062,-1.15765
19269,1.95723,1.51562,-1.23839
19270,1.95723,1.51562,-1.23839
19271,1.95261,1.43365,-1.32565
19272,1.86895,1.43077,-1.20244
19273,1.95105,1.50601,-1.24037
19274,1.95105,1.50601,-1.24037
19275,1.96192,1.56109,-1.18833
19276,1.93227,1.5809,-1.11104
19277,1.93227,1.5809,-1.11104
19278,1.96089,1.58619,-1.15286
19279,1.96089,1.58619,-1.15286
19280,1.93917,1.65689,-1.00753
19281,1.97539,1.76031,-0.896364
19282,2.02781,1.76523,-0.997995
19283,2.04905,1.79091,-0.995609
19284,2.03999,1.7442,-1.05798
19285,2.03999,1.7442,-1.05798
19286,2.03999,1.7442,-1.05798
19287,2.11923,1.85406,-1.02644
19288,2.23164,1.92464,-1.12959
19289,2.13999,1.90195,-0.98089
19290,2.13999,1.90195,-0.98089
19291,2.16809,1.9162,-1.01429
19292,2.16809,1.9162,-1.01429
19293,2.16809,1.9162,-1.01429
19294,2.16809,1.9162,-1.01429
19295,2.22534,1.86074,-1.22057
19296,2.22044,1.91319,-1.12697
19297,2.18883,1.93494,-1.02323
19298,2.20725,2.00453,-0.924036
19299,2.19083,2.02194,-0.843511
19300,2.19083,2.02194,-0.843511
19301,2.27127,2.142,-0.755316
19302,2.30976,2.16312,-0.809854
19303,2.30976,2.16312,-0.809854
19304,2.36429,2.17016,-0.938211
19305,2.36429,2.17016,-0.938211
19306,2.27377,2.07171,-0.937033
19307,2.27377,2.07171,-0.937033
19308,2.36692,2.16276,-0.961642
19309,2.38725,2.12316,-1.09139
19310,2.34707,2.05511,-1.13368
19311,2.30159,1.98054,-1.17251
19312,2.283,1.96811,-1.15699
19313,2.283,1.96811,-1.15699
19314,2.283,1.96811,-1.15699
19315,2.20469,1.90849,-1.10379
19316,2.20469,1.90849,-1.10379
19317,2.39756,2.00906,-1.30842
19318,2.31128,2.01424,-1.13352
19319,2.31128,2.01424,-1.13352
19320,2.24907,1.96883,-1.08722
19321,2.18371,1.92005,-1.04019
19322,2.23785,1.94609,-1.10487
19323,2.23785,1.94609,-1.10487
19324,2.23785,1.94609,-1.10487
19325,2.20419,1.95263,-1.02259
19326,2.14722,1.9516,-0.895443
19327,2.14722,1.9516,-0.895443
19328,2.12204,1.91102,-0.922525
19329,2.13282,1.88993,-0.988492
19330,2.1072,1.87557,-0.960474
19331,2.02761,1.8226,-0.888445
19332,2.10447,1.87128,-0.962882
19333,1.97656,1.80828,-0.798069
19334,2.06361,1.80201,-1.0056
19335,2.00894,1.7602,-0.968261
19336,1.94632,1.70986,-0.929796
19337,2.00822,1.76739,-0.953565
19338,2.00822,1.76739,-0.953565
19339,2.08238,1.83652,-0.981571
19340,1.9642,1.66624,-1.04007
19341,1.90839,1.61704,-1.01349
19342,1.92347,1.5715,-1.10911
19343,1.92347,1.5715,-1.10911
19344,1.92347,1.5715,-1.10911
19345,1.97018,1.58516,-1.16998
19346,1.86041,1.48028,-1.12691
19347,1.86041,1.48028,-1.12691
19348,1.88101,1.45079,-1.19726
19349,1.9482,1.52715,-1.20966
19350,1.86262,1.39796,-1.23088
19351,1.89371,1.45079,-1.21711
19352,2.07806,1.58674,-1.34186
19353,2.05624,1.48618,-1.42106
19354,1.96349,1.37728,-1.39944
19355,1.98903,1.37769,-1.43465
19356,2.02346,1.28526,-1.56285
19357,1.96528,1.26737,-1.50202
19358,1.96528,1.26737,-1.50202
19359,1.92875,1.31045,-1.4152
19360,1.87256,1.29392,-1.3536
19361,1.87256,1.29392,-1.3536
19362,1.87256,1.29392,-1.3536
19363,1.90875,1.29487,-1.40236
19364,1.90142,1.27671,-1.40905
19365,1.87101,1.14716,-1.47808
19366,1.93037,1.17814,-1.52915
19367,1.96744,1.2712,-1.50162
19368,2.00655,1.19762,-1.60995
19369,2.08191,1.14186,-1.74084
19370,2.12365,1.11728,-1.80598
19371,2.0974,1.11818,-1.77448
19372,2.0837,1.22315,-1.68693
19373,2.13246,1.23796,-1.73632
19374,2.17196,1.24353,-1.78074
19375,2.08382,1.11543,-1.76015
19376,2.12693,1.09922,-1.82086
19377,2.16428,1.20558,-1.79741
19378,2.16428,1.20558,-1.79741
19379,2.15005,1.26368,-1.7395
19380,2.14872,1.09031,-1.85155
19381,2.16708,1.01429,-1.91506
19382,2.10964,0.942784,-1.88726
19383,2.06876,0.959979,-1.83254
19384,2.09413,1.13987,-1.75673
19385,1.99409,0.977198,-1.73824
19386,1.99409,0.977198,-1.73824
19387,2.1099,1.00149,-1.85706
19388,2.02303,0.866401,-1.82811
19389,1.90727,0.791606,-1.73524
19390,1.95306,0.729456,-1.81173
19391,2.03735,0.791714,-1.87722
19392,2.06467,0.866131,-1.87421
19393,1.97136,0.714579,-1.83729
19394,1.97136,0.714579,-1.83729
19395,2.01554,0.83223,-1.8357
19396,2.01554,0.83223,-1.8357
19397,2.01554,0.83223,-1.8357
19398,2.01554,0.83223,-1.8357
19399,2.08232,0.687911,-1.96541
19400,2.12761,0.702383,-2.00833
19401,2.12761,0.702383,-2.00833
19402,2.17108,0.726916,-2.04577
19403,2.29768,0.846815,-2.13594
19404,2.2628,0.916176,-2.06902
19405,2.2672,0.869201,-2.09396
19406,2.2672,0.869201,-2.09396
19407,2.24155,0.875331,-2.06358
19408,2.22635,0.841877,-2.06104
19409,2.18767,0.654054,-2.08761
19410,2.15242,0.642331,-2.05434
19411,2.19641,0.554654,-2.12522
19412,2.15467,0.476865,-2.10124
19413,2.16022,0.414646,-2.12005
19414,2.16539,0.377449,-2.13224
19415,2.16539,0.377449,-2.13224
19416,2.16539,0.377449,-2.13224
19417,2.18766,0.428666,-2.14525
19418,2.23265,0.487582,-2.17876
19419,2.14984,0.492356,-2.0927
19420,2.21393,0.568958,-2.13957
19421,2.13808,0.52732,-2.07204
19422,2.13808,0.52732,-2.07204
19423,2.13808,0.52732,-2.07204
19424,2.13808,0.52732,-2.07204
19425,2.13808,0.52732,-2.07204
19426,2.12742,0.5256,-2.06148
19427,2.12742,0.5256,-2.06148
19428,2.12742,0.5256,-2.06148
19429,2.12742,0.5256,-2.06148
19430,2.12742,0.5256,-2.06148
19431,2.07848,0.404788,-2.03869
19432,2.04288,0.337678,-2.01478
19433,2.04051,0.213312,-2.02933
19434,2.04051,0.213312,-2.02933
19435,2.04987,0.125319,-2.04604
19436,1.99811,0.264115,-1.98057
19437,2.07125,0.218633,-2.05967
19438,2.0553,0.201739,-2.04537
19439,2.03965,0.0681784,-2.03851
19440,2.03965,0.0681784,-2.03851
19441,2.14079,-0.0115126,-2.14076
19442,2.04985,-0.048518,-2.04928
19443,2.13106,0.0396221,-2.13069
19444,2.13106,0.0396221,-2.13069
19445,2.13106,0.0396221,-2.13069
19446,2.13106,0.0396221,-2.13069
19447,2.13626,0.061057,-2.13539
19448,2.07339,0.158619,-2.06731
19449,2.20296,0.285129,-2.18443
19450,2.15097,0.311615,-2.12827
19451,2.21816,0.369914,-2.1871
19452,2.25009,0.327696,-2.2261
19453,2.19289,0.297274,-2.17265
19454,2.10132,0.325556,-2.07595
19455,2.1093,0.335745,-2.08241
19456,2.19694,0.442581,-2.1519
19457,2.11115,0.456389,-2.06122
19458,2.18061,0.561544,-2.10706
19459,2.11026,0.706835,-1.98836
19460,2.10654,0.69487,-1.98864
19461,2.00593,0.649344,-1.89793
19462,2.02852,0.688645,-1.90805
19463,2.05246,0.698755,-1.92985
19464,2.03493,0.697726,-1.91158
19465,2.04703,0.662996,-1.93669
19466,1.96874,0.723799,-1.83086
19467,1.96874,0.723799,-1.83086
19468,2.09913,0.649631,-1.99608
19469,2.1097,0.667894,-2.00119
19470,2.1097,0.667894,-2.00119
19471,2.1097,0.667894,-2.00119
19472,2.09476,0.668485,-1.98524
19473,2.05494,0.707597,-1.92928
19474,1.9841,0.62462,-1.88321
19475,1.9841,0.62462,-1.88321
19476,2.00338,0.58938,-1.91473
19477,2.00338,0.58938,-1.91473
19478,2.00338,0.58938,-1.91473
19479,2.03671,0.566075,-1.95646
19480,2.03084,0.397518,-1.99155
19481,1.91897,0.422843,-1.8718
19482,1.83181,0.467101,-1.77125
19483,1.78085,0.363762,-1.7433
19484,1.78085,0.363762,-1.7433
19485,1.70617,0.333191,-1.67332
19486,1.70617,0.333191,-1.67332
19487,1.70617,0.333191,-1.67332
19488,1.68679,0.279629,-1.66345
19489,1.65736,0.269679,-1.63528
19490,1.70526,0.32041,-1.67489
19491,1.70526,0.32041,-1.67489
19492,1.70526,0.32041,-1.67489
19493,1.65339,0.343231,-1.61738
19494,1.63813,0.336054,-1.60329
19495,1.69031,0.477832,-1.62136
19496,1.718,0.485266,-1.64804
19497,1.7348,0.51094,-1.65785
19498,1.64926,0.466874,-1.5818
19499,1.73629,0.51008,-1.65968
19500,1.67779,0.465019,-1.61206
19501,1.67779,0.465019,-1.61206
19502,1.67779,0.465019,-1.61206
19503,1.62081,0.36461,-1.57926
19504,1.68241,0.497361,-1.60721
19505,1.692,0.48755,-1.62024
19506,1.7604,0.506008,-1.68611
19507,1.73054,0.554826,-1.63919
19508,1.8239,0.718006,-1.67663
19509,1.83738,0.69582,-1.70053
19510,1.89792,0.731648,-1.75123
19511,1.84528,0.782314,-1.67124
19512,1.80007,0.638617,-1.68298
19513,1.7784,0.535743,-1.69579
19514,1.7784,0.535743,-1.69579
19515,1.7784,0.535743,-1.69579
19516,1.7784,0.535743,-1.69579
19517,1.7784,0.535743,-1.69579
19518,1.81038,0.610066,-1.70449
19519,1.81038,0.610066,-1.70449
19520,1.81038,0.610066,-1.70449
19521,1.85257,0.746783,-1.69539
19522,1.84489,0.719211,-1.69893
19523,1.84489,0.719211,-1.69893
19524,1.85114,0.765571,-1.68541
19525,1.75655,0.630245,-1.63959
19526,1.74602,0.611868,-1.6353
19527,1.81795,0.729609,-1.66511
19528,1.81795,0.729609,-1.66511
19529,1.74577,0.756334,-1.57343
19530,1.79988,0.740545,-1.64047
19531,1.79988,0.740545,-1.64047
19532,1.75942,0.695967,-1.61591
19533,1.77106,0.77155,-1.59416
19534,1.6261,0.742956,-1.44645
19535,1.60079,0.844909,-1.35965
19536,1.65635,0.847614,-1.42304
19537,1.65635,0.847614,-1.42304
19538,1.74037,0.958136,-1.45287
19539,1.69713,0.839541,-1.47493
19540,1.73737,0.78247,-1.55119
19541,1.73737,0.78247,-1.55119
19542,1.69065,0.66403,-1.55479
19543,1.7421,0.807866,-1.54346
19544,1.76341,0.79344,-1.57482
19545,1.72709,0.776953,-1.54246
19546,1.72709,0.776953,-1.54246
19547,1.72709,0.776953,-1.54246
19548,1.72709,0.776953,-1.54246
19549,1.78305,0.729625,-1.62694
19550,1.78305,0.729625,-1.62694
19551,1.77296,0.670737,-1.64119
19552,1.84673,0.713139,-1.70348
19553,1.90867,0.653696,-1.79324
19554,1.91014,0.7342,-1.7634
19555,1.86182,0.643635,-1.74703
19556,1.86182,0.643635,-1.74703
19557,1.86182,0.643635,-1.74703
19558,1.89574,0.721699,-1.75299
19559,1.87113,0.679645,-1.74334
19560,1.87113,0.679645,-1.74334
19561,1.87271,0.65592,-1.75409
19562,1.87271,0.65592,-1.75409
19563,1.79639,0.661276,-1.67025
19564,1.90324,0.736457,-1.75497
19565,1.87828,0.691908,-1.7462
19566,1.79897,0.703268,-1.65581
19567,1.81304,0.685396,-1.6785
19568,1.88379,0.74637,-1.72962
19569,1.86792,0.740483,-1.71487
19570,1.86792,0.740483,-1.71487
19571,1.92868,0.807114,-1.75168
19572,1.90737,0.70691,-1.77154
19573,1.88793,0.681604,-1.7606
19574,1.77138,0.63445,-1.65386
19575,1.90169,0.586492,-1.80899
19576,1.90169,0.586492,-1.80899
19577,1.90169,0.586492,-1.80899
19578,1.82055,0.673856,-1.69125
19579,1.86434,0.698218,-1.72866
19580,1.83273,0.7456,-1.67421
19581,1.85692,0.681786,-1.72723
19582,1.8081,0.565999,-1.71723
19583,1.81353,0.389126,-1.77129
19584,1.7861,0.323228,-1.75661
19585,1.7861,0.323228,-1.75661
19586,1.74842,0.36674,-1.70952
19587,1.74842,0.36674,-1.70952
19588,1.74842,0.36674,-1.70952
19589,1.76208,0.30846,-1.73487
19590,1.76208,0.30846,-1.73487
19591,1.93891,0.392055,-1.89886
19592,1.91623,0.465331,-1.85888
19593,1.78027,0.476948,-1.71519
19594,1.78027,0.476948,-1.71519
19595,1.77843,0.411539,-1.73016
19596,1.74138,0.492372,-1.67033
19597,1.74138,0.492372,-1.67033
19598,1.72355,0.473151,-1.65734
19599,1.73776,0.468649,-1.67338
19600,1.65122,0.316274,-1.62065
19601,1.73993,0.256955,-1.72085
19602,1.69748,0.329543,-1.66519
19603,1.72516,0.237924,-1.70867
19604,1.725,0.244901,-1.70752
19605,1.842,0.36104,-1.80628
19606,1.79512,0.393136,-1.75154
19607,1.79512,0.393136,-1.75154
19608,1.77914,0.231801,-1.76398
19609,1.77914,0.231801,-1.76398
19610,1.85063,0.257671,-1.8326
19611,1.85063,0.257671,-1.8326
19612,1.80694,0.33436,-1.77574
19613,1.85832,0.344307,-1.82615
19614,1.77628,0.331836,-1.74501
19615,1.77628,0.331836,-1.74501
19616,1.86836,0.436461,-1.81666
19617,1.86836,0.436461,-1.81666
19618,1.87604,0.401811,-1.8325
19619,1.94262,0.373186,-1.90644
19620,2.00936,0.455465,-1.95706
19621,1.99808,0.382294,-1.96116
19622,1.99808,0.382294,-1.96116
19623,1.92673,0.250724,-1.91035
19624,1.97911,0.221807,-1.96664
19625,2.04645,0.152481,-2.04076
19626,1.87557,0.234751,-1.86082
19627,1.9025,0.0813914,-1.90076
19628,1.9025,0.0813914,-1.90076
19629,1.80357,-0.0132565,-1.80353
19630,1.82414,0.0531674,-1.82336
19631,1.76791,-0.0300648,-1.76765
19632,1.71779,-0.0805552,-1.7159
19633,1.71779,-0.0805552,-1.7159
19634,1.81765,0.0697528,-1.81631
19635,1.81765,0.0697528,-1.81631
19636,1.75971,0.015446,-1.75964
19637,1.81025,-0.116034,-1.80652
19638,1.77609,-0.0799329,-1.77429
19639,1.83633,-0.11666,-1.83262
19640,1.83633,-0.11666,-1.83262
19641,1.83633,-0.11666,-1.83262
19642,1.83633,-0.11666,-1.83262
19643,1.83633,-0.11666,-1.83262
19644,1.9115,-0.150125,-1.9056
19645,1.9115,-0.150125,-1.9056
19646,1.91107,-0.0858665,-1.90914
19647,1.91107,-0.0858665,-1.90914
19648,1.91623,-0.0931179,-1.91396
19649,1.91623,-0.0931179,-1.91396
19650,1.93917,-0.164898,-1.93215
19651,1.93917,-0.164898,-1.93215
19652,1.93917,-0.164898,-1.93215
19653,1.95389,-0.113398,-1.9506
19654,1.93872,-0.0950991,-1.93639
19655,1.96847,-0.124335,-1.96454
19656,2.07135,-0.262207,-2.05469
19657,2.07135,-0.262207,-2.05469
19658,1.98032,-0.277901,-1.96073
19659,1.97599,-0.188629,-1.96696
19660,1.99172,-0.112343,-1.98855
19661,1.99172,-0.112343,-1.98855
19662,2.03966,-0.248289,-2.02449
19663,2.03966,-0.248289,-2.02449
19664,2.04849,-0.238583,-2.03455
19665,2.04816,-0.246811,-2.03324
19666,2.04816,-0.246811,-2.03324
19667,2.04816,-0.246811,-2.03324
19668,2.10468,-0.271354,-2.08711
19669,2.18757,-0.274805,-2.17024
19670,2.18757,-0.274805,-2.17024
19671,2.11508,-0.275599,-2.09705
19672,2.11508,-0.275599,-2.09705
19673,2.0791,-0.212243,-2.06824
19674,1.93783,-0.125685,-1.93375
19675,1.93783,-0.125685,-1.93375
19676,1.99189,-0.0716335,-1.9906
19677,1.99189,-0.0716335,-1.9906
19678,1.95715,-0.132387,-1.95266
19679,1.95715,-0.132387,-1.95266
19680,1.95715,-0.132387,-1.95266
19681,1.98009,-0.14965,-1.97443
19682,2.01693,-0.0818114,-2.01527
19683,1.93453,-0.0687406,-1.93331
19684,1.93453,-0.0687406,-1.93331
19685,2.00208,-0.0295711,-2.00186
19686,2.07819,0.00283265,-2.07819
19687,2.03165,-0.00105236,-2.03165
19688,2.0128,0.137266,-2.00811
19689,2.10475,0.150504,-2.09936
19690,2.04709,0.192026,-2.03806
19691,2.07841,0.252447,-2.06303
19692,2.03822,0.231636,-2.02501
19693,2.0115,0.190383,-2.00248
19694,2.09786,0.0816328,-2.09627
19695,2.15475,0.123609,-2.1512
19696,2.15475,0.123609,-2.1512
19697,2.17381,0.0499665,-2.17324
19698,2.17381,0.0499665,-2.17324
19699,2.19854,0.000937064,-2.19854
19700,2.24345,0.000869889,-2.24345
19701,2.17956,-0.0256042,-2.17941
19702,2.10462,-0.135751,-2.10024
19703,2.10462,-0.135751,-2.10024
19704,2.20981,-0.176561,-2.20275
19705,2.10132,-0.21734,-2.09005
19706,2.19888,-0.0688055,-2.1978
19707,2.19888,-0.0688055,-2.1978
19708,2.14113,-0.0654587,-2.14012
19709,2.13731,-0.220023,-2.12595
19710,2.13731,-0.220023,-2.12595
19711,2.20306,-0.275238,-2.1858
19712,2.20306,-0.275238,-2.1858
19713,2.20306,-0.275238,-2.1858
19714,2.20306,-0.275238,-2.1858
19715,2.31163,-0.252676,-2.29778
19716,2.31163,-0.252676,-2.29778
19717,2.18188,-0.144085,-2.17711
19718,2.18188,-0.144085,-2.17711
19719,2.21023,-0.139431,-2.20582
19720,2.07196,-0.125319,-2.06816
19721,2.13705,-0.119017,-2.13374
19722,2.13705,-0.119017,-2.13374
19723,2.08165,-0.0924052,-2.0796
19724,2.12089,-0.00442786,-2.12089
19725,2.13522,-0.00906711,-2.1352
19726,2.12712,0.00347235,-2.12711
19727,2.12244,0.0116684,-2.12241
19728,2.15297,-0.0196965,-2.15287
19729,2.17588,0.00320451,-2.17588
19730,2.19512,-0.032801,-2.19488
19731,2.24583,0.1434,-2.24125
19732,2.2052,0.196222,-2.19645
19733,2.13207,0.0980119,-2.12981
19734,2.13441,0.152402,-2.12896
19735,2.17666,0.157725,-2.17094
19736,2.17666,0.157725,-2.17094
19737,2.11606,0.240918,-2.1023
19738,2.11606,0.240918,-2.1023
19739,2.07131,0.30779,-2.04831
19740,2.05968,0.253769,-2.04399
19741,2.01549,0.180869,-2.00736
19742,1.93255,0.274417,-1.91296
19743,1.96591,0.209921,-1.95467
19744,1.95796,0.201954,-1.94751
19745,1.95796,0.201954,-1.94751
19746,1.95456,0.245741,-1.93905
19747,1.95456,0.245741,-1.93905
19748,1.95456,0.245741,-1.93905
19749,1.90227,0.270803,-1.8829
19750,1.8458,0.316804,-1.81841
19751,1.85209,0.245361,-1.83576
19752,1.77688,0.146448,-1.77084
19753,1.77688,0.146448,-1.77084
19754,1.84062,0.158346,-1.8338
19755,1.84062,0.158346,-1.8338
19756,1.84062,0.158346,-1.8338
19757,1.78314,0.20113,-1.77176
19758,1.75805,0.151169,-1.75154
19759,1.81474,0.123036,-1.81056
19760,1.81135,-0.0649901,-1.81019
19761,1.85909,-0.223831,-1.84556
19762,1.91421,-0.185328,-1.90521
19763,1.91421,-0.185328,-1.90521
19764,1.91421,-0.185328,-1.90521
19765,1.92872,-0.179105,-1.92039
19766,1.92872,-0.179105,-1.92039
19767,1.85844,-0.114022,-1.85494
19768,1.8174,-0.0838828,-1.81546
19769,1.86642,-0.0822324,-1.86461
19770,1.91532,-0.148099,-1.90959
19771,1.91532,-0.148099,-1.90959
19772,1.91532,-0.148099,-1.90959
19773,1.85175,-0.102979,-1.84889
19774,1.85175,-0.102979,-1.84889
19775,1.92103,-0.064076,-1.91996
19776,1.90985,-0.0260702,-1.90968
19777,1.98849,0.00787333,-1.98847
19778,1.91096,0.086981,-1.90898
19779,1.91258,0.0743951,-1.91114
19780,1.99742,0.150578,-1.99174
19781,1.91825,0.156569,-1.91185
19782,2.12449,0.0653462,-2.12349
19783,2.0364,0.147584,-2.03105
19784,2.18142,0.352304,-2.15279
19785,2.09031,0.195659,-2.08114
19786,2.09031,0.195659,-2.08114
19787,2.15637,-0.0230542,-2.15625
19788,2.08647,-0.0312185,-2.08624
19789,2.02115,-0.00374781,-2.02115
19790,2.08548,0.098757,-2.08314
19791,2.08548,0.098757,-2.08314
19792,2.08548,0.098757,-2.08314
19793,2.01255,0.135399,-2.00799
19794,2.01255,0.135399,-2.00799
19795,2.01255,0.135399,-2.00799
19796,2.01255,0.135399,-2.00799
19797,1.96778,0.0792085,-1.96619
19798,1.96778,0.0792085,-1.96619
19799,1.95379,0.210506,-1.94241
19800,2.02076,0.0513136,-2.02011
19801,2.02076,0.0513136,-2.02011
19802,2.06473,-0.0457804,-2.06422
19803,1.98,0.104382,-1.97725
19804,1.97915,0.299743,-1.95633
19805,1.97915,0.299743,-1.95633
19806,1.97915,0.299743,-1.95633
19807,1.97915,0.299743,-1.95633
19808,1.96,0.259636,-1.94273
19809,1.98878,0.291502,-1.9673
19810,1.9272,0.376004,-1.89016
19811,1.9272,0.376004,-1.89016
19812,1.9272,0.376004,-1.89016
19813,1.96974,0.315965,-1.94424
19814,2.02428,0.349266,-1.99392
19815,1.9845,0.324334,-1.95781
19816,1.98642,0.3403,-1.95705
19817,1.99187,0.299152,-1.96928
19818,1.90231,0.330451,-1.87339
19819,1.93731,0.26527,-1.91906
19820,1.93731,0.26527,-1.91906
19821,1.93731,0.26527,-1.91906
19822,1.94814,0.316868,-1.9222
19823,1.94814,0.316868,-1.9222
19824,2.03273,0.28348,-2.01286
19825,2.02844,0.349709,-1.99806
19826,2.01705,0.317525,-1.9919
19827,2.01705,0.317525,-1.9919
19828,2.05134,0.384723,-2.01494
19829,2.13512,0.449855,-2.08719
19830,2.19375,0.43062,-2.15108
19831,2.12791,0.327603,-2.10254
19832,2.11031,0.348364,-2.08136
19833,2.11031,0.348364,-2.08136
19834,2.10087,0.349776,-2.07155
19835,2.10087,0.349776,-2.07155
19836,2.07921,0.407811,-2.03883
19837,2.07921,0.407811,-2.03883
19838,2.06995,0.450753,-2.02027
19839,1.99989,0.476739,-1.94224
19840,2.02112,0.493069,-1.96005
19841,2.00865,0.497871,-1.94598
19842,2.04524,0.505001,-1.98191
19843,1.96004,0.38002,-1.92285
19844,1.99476,0.247888,-1.9793
19845,1.88708,0.247329,-1.8708
19846,1.90916,0.317344,-1.8826
19847,1.91184,0.325682,-1.8839
19848,1.98558,0.382239,-1.94844
19849,2.00055,0.382824,-1.96358
19850,2.00055,0.382824,-1.96358
19851,1.99466,0.372333,-1.9596
19852,2.01883,0.475399,-1.96206
19853,1.99523,0.345203,-1.96514
19854,2.06172,0.311648,-2.03803
19855,1.96453,0.309235,-1.94004
19856,1.96453,0.309235,-1.94004
19857,1.96453,0.309235,-1.94004
19858,1.96512,0.35029,-1.93365
19859,2.09006,0.355816,-2.05955
19860,2.09006,0.355816,-2.05955
19861,2.09006,0.355816,-2.05955
19862,2.17484,0.249738,-2.16045
19863,2.10743,0.0733557,-2.10615
19864,2.10415,-0.00183923,-2.10415
19865,2.10415,-0.00183923,-2.10415
19866,2.10415,-0.00183923,-2.10415
19867,2.06883,-0.0233076,-2.0687
19868,2.06883,-0.0233076,-2.0687
19869,2.1722,-0.020973,-2.1721
19870,2.13431,-0.131255,-2.13028
19871,2.21549,-0.196146,-2.20679
19872,2.14571,-0.21749,-2.13466
19873,2.18666,-0.297491,-2.16633
19874,2.26913,-0.261746,-2.25399
19875,2.13318,-0.143619,-2.12834
19876,2.15186,-0.183414,-2.14403
19877,2.15186,-0.183414,-2.14403
19878,2.15186,-0.183414,-2.14403
19879,2.15186,-0.183414,-2.14403
19880,2.19922,-0.249347,-2.18504
19881,2.14492,-0.319305,-2.12102
19882,2.14492,-0.319305,-2.12102
19883,2.23912,-0.420381,-2.1993
19884,2.27951,-0.345925,-2.25311
19885,2.28281,-0.25981,-2.26797
19886,2.21505,-0.400541,-2.17854
19887,2.21505,-0.400541,-2.17854
19888,2.25313,-0.487271,-2.19981
19889,2.25313,-0.487271,-2.19981
19890,2.19169,-0.627536,-2.09992
19891,2.21846,-0.579265,-2.1415
19892,2.14033,-0.467029,-2.08875
19893,2.11452,-0.428934,-2.07056
19894,2.12539,-0.273477,-2.10772
19895,2.26979,-0.372419,-2.23902
19896,2.29232,-0.398164,-2.25747
19897,2.29232,-0.398164,-2.25747
19898,2.29232,-0.398164,-2.25747
19899,2.20703,-0.43387,-2.16396
19900,2.15678,-0.230625,-2.14441
19901,2.17602,-0.21536,-2.16534
19902,2.14693,-0.126734,-2.14319
19903,2.05474,-0.108703,-2.05186
19904,2.1553,-0.106274,-2.15267
19905,2.10353,-0.0782911,-2.10208
19906,2.07735,-0.201563,-2.06755
19907,2.03458,-0.136472,-2.03
19908,2.03458,-0.136472,-2.03
19909,2.12573,-0.0762234,-2.12436
19910,2.10627,-0.00692029,-2.10626
19911,2.0669,-0.0601181,-2.06602
19912,2.07523,-0.0146201,-2.07518
19913,2.00639,-0.113844,-2.00316
19914,1.95048,-0.0902601,-1.94839
19915,2.01877,-0.0361316,-2.01845
19916,2.01877,-0.0361316,-2.01845
19917,2.01848,-0.0482349,-2.0179
19918,1.90041,-0.114543,-1.89695
19919,1.94461,-0.142449,-1.93939
19920,1.94461,-0.142449,-1.93939
19921,1.87417,-0.0586938,-1.87325
19922,1.87404,-0.0195642,-1.87394
19923,1.79392,-0.00622065,-1.79391
19924,1.79392,-0.00622065,-1.79391
19925,1.79392,-0.00622065,-1.79391
19926,1.79392,-0.00622065,-1.79391
19927,1.86341,0.124489,-1.85925
19928,1.89033,0.104554,-1.88744
19929,1.79164,0.0749491,-1.79008
19930,1.88329,0.14877,-1.8774
19931,1.92691,0.272788,-1.9075
19932,1.88319,0.243451,-1.86739
19933,1.88319,0.243451,-1.86739
19934,1.88319,0.243451,-1.86739
19935,1.87637,0.3568,-1.84214
19936,1.9405,0.419326,-1.89465
19937,1.93284,0.473229,-1.87401
19938,1.93284,0.473229,-1.87401
19939,1.98207,0.561107,-1.90099
19940,1.98207,0.561107,-1.90099
19941,1.87095,0.544934,-1.78984
19942,1.92546,0.561311,-1.84183
19943,2.00327,0.533676,-1.93087
19944,1.95087,0.563144,-1.86783
19945,1.95087,0.563144,-1.86783
19946,1.92241,0.505116,-1.85486
19947,1.92241,0.505116,-1.85486
19948,1.92241,0.505116,-1.85486
19949,1.91927,0.424565,-1.87173
19950,1.90284,0.366359,-1.86724
19951,1.78862,0.243751,-1.77194
19952,1.97295,0.226188,-1.95994
19953,1.97183,0.25592,-1.95515
19954,1.84847,0.200656,-1.83755
19955,1.84847,0.200656,-1.83755
19956,1.83066,0.117049,-1.82691
19957,1.83066,0.117049,-1.82691
19958,1.90515,0.0702814,-1.90385
19959,1.9575,0.122588,-1.95366
19960,1.9575,0.122588,-1.95366
19961,1.94096,0.0378727,-1.94059
19962,2.02779,0.077095,-2.02632
19963,2.03754,0.0323226,-2.03729
19964,2.03754,0.0323226,-2.03729
19965,2.03754,0.0323226,-2.03729
19966,1.98947,0.164258,-1.98267
19967,1.98947,0.164258,-1.98267
19968,1.99521,0.109338,-1.99221
19969,1.99521,0.109338,-1.99221
19970,2.04199,0.152436,-2.03629
19971,2.12143,0.16832,-2.11474
19972,2.0968,-0.0178843,-2.09673
19973,2.14011,0.0258262,-2.13995
19974,2.12337,0.131662,-2.11929
19975,2.12337,0.131662,-2.11929
19976,2.12337,0.131662,-2.11929
19977,2.16658,0.190614,-2.15817
19978,2.13175,0.239789,-2.11822
19979,2.0934,0.154061,-2.08772
19980,2.15935,0.463114,-2.1091
19981,2.15935,0.463114,-2.1091
19982,2.12338,0.569746,-2.04551
19983,2.12338,0.569746,-2.04551
19984,2.12338,0.569746,-2.04551
19985,2.12338,0.569746,-2.04551
19986,2.14864,0.527525,-2.08288
19987,2.07097,0.358478,-2.03971
19988,2.10074,0.386663,-2.06485
19989,2.229,0.388491,-2.19489
19990,2.27701,0.363375,-2.24783
19991,2.22137,0.209863,-2.21144
19992,2.10723,0.265958,-2.09037
19993,2.10723,0.265958,-2.09037
19994,2.10723,0.265958,-2.09037
19995,2.1407,0.301946,-2.1193
19996,2.07605,0.227259,-2.06358
19997,2.07605,0.227259,-2.06358
19998,2.15327,0.072879,-2.15204
19999,2.14409,0.180202,-2.1365
20000,2.15075,0.245943,-2.13664
