MDTU,|det-1|^2,1-Re(det),Im(det)
1,0.961101,0.98009,3.43154e-06
2,0.962719,0.980944,-5.49748e-05
3,0.962719,0.980944,-5.49748e-05
4,0.962719,0.980944,-5.49748e-05
5,0.962719,0.980944,-5.49748e-05
6,0.962196,0.980653,6.72305e-06
7,0.95885,0.978877,4.27592e-05
8,0.95885,0.978877,4.27592e-05
9,0.956747,0.977765,-0.000101503
10,0.956747,0.977765,-0.000101503
11,0.956747,0.977765,-0.000101503
12,0.956747,0.977765,-0.000101503
13,0.956747,0.977765,-0.000101503
14,0.956747,0.977765,-0.000101503
15,0.956747,0.977765,-0.000101503
16,0.956747,0.977765,-0.000101503
17,0.949534,0.973994,-0.000169509
18,0.943686,0.970821,-1.20571e-05
19,0.937951,0.967718,0.000118585
20,0.937951,0.967718,0.000118585
21,0.936598,0.967011,-0.000108872
22,0.936598,0.967011,-0.000108872
23,0.934516,0.965909,1.25546e-05
24,0.932395,0.964768,0.000202511
25,0.933685,0.965483,1.41133e-05
26,0.933685,0.965483,1.41133e-05
27,0.928762,0.962805,0.000221252
28,0.928762,0.962805,0.000221252
29,0.928762,0.962805,0.000221252
30,0.925601,0.960963,-3.62052e-05
31,0.927577,0.96198,-7.55222e-05
32,0.927577,0.96198,-7.55222e-05
33,0.927577,0.96198,-7.55222e-05
34,0.929534,0.963181,0.000220819
35,0.929534,0.963181,0.000220819
36,0.929534,0.963181,0.000220819
37,0.927095,0.961846,5.90218e-05
38,0.918826,0.957058,0.000343674
39,0.918826,0.957058,0.000343674
40,0.918826,0.957058,0.000343674
41,0.911431,0.952955,0.000358698
42,0.922456,0.959029,0.00017272
43,0.922456,0.959029,0.00017272
44,0.922456,0.959029,0.00017272
45,0.922456,0.959029,0.00017272
46,0.922456,0.959029,0.00017272
47,0.922456,0.959029,0.00017272
48,0.915649,0.955555,0.00013765
49,0.916846,0.956369,8.73065e-05
50,0.916846,0.956369,8.73065e-05
51,0.91588,0.95576,-0.000484496
52,0.91588,0.95576,-0.000484496
53,0.91588,0.95576,-0.000484496
54,0.91588,0.95576,-0.000484496
55,0.91588,0.95576,-0.000484496
56,0.91588,0.95576,-0.000484496
57,0.91588,0.95576,-0.000484496
58,0.898453,0.946005,6.01159e-06
59,0.891444,0.942176,-5.83046e-05
60,0.891444,0.942176,-5.83046e-05
61,0.895667,0.944422,0.000317826
62,0.880928,0.935872,-0.000431612
63,0.880928,0.935872,-0.000431612
64,0.883365,0.937501,0.000223697
65,0.883365,0.937501,0.000223697
66,0.883365,0.937501,0.000223697
67,0.884072,0.937912,0.000213919
68,0.884072,0.937912,0.000213919
69,0.884072,0.937912,0.000213919
70,0.87912,0.934725,7.43239e-05
71,0.874845,0.932582,0.000130263
72,0.874845,0.932582,0.000130263
73,0.874845,0.932582,0.000130263
74,0.875425,0.933154,0.00021773
75,0.865722,0.927384,-0.000326046
76,0.865722,0.927384,-0.000326046
77,0.865722,0.927384,-0.000326046
78,0.861346,0.924857,-0.000195282
79,0.861346,0.924857,-0.000195282
80,0.875167,0.933098,-0.000298584
81,0.875167,0.933098,-0.000298584
82,0.872997,0.931683,0.00018453
83,0.872997,0.931683,0.00018453
84,0.872997,0.931683,0.00018453
85,0.872997,0.931683,0.00018453
86,0.872997,0.931683,0.00018453
87,0.877454,0.934293,0.000260604
88,0.879625,0.935583,0.000442477
89,0.873599,0.931874,-0.000166406
90,0.880182,0.935827,0.000403786
91,0.880182,0.935827,0.000403786
92,0.863109,0.925884,-0.000434138
93,0.871274,0.93007,-0.000279827
94,0.871274,0.93007,-0.000279827
95,0.88116,0.936184,-0.000458002
96,0.883213,0.93723,-0.000216666
97,0.883213,0.93723,-0.000216666
98,0.879134,0.93508,0.000312355
99,0.87359,0.931397,2.13512e-05
100,0.875069,0.932388,0.000400466
101,0.875069,0.932388,0.000400466
102,0.873668,0.93199,-0.000306619
103,0.873668,0.93199,-0.000306619
104,0.861016,0.92442,-0.00022289
105,0.861016,0.92442,-0.00022289
106,0.871178,0.930235,-0.000311976
107,0.871178,0.930235,-0.000311976
108,0.857495,0.922344,-0.000246449
109,0.855741,0.92126,0.000187271
110,0.855741,0.92126,0.000187271
111,0.854141,0.920414,0.00029598
112,0.855538,0.921414,0.000256714
113,0.86309,0.925918,-5.82388e-05
114,0.86309,0.925918,-5.82388e-05
115,0.865974,0.927789,-0.000251763
116,0.866231,0.927928,0.00020993
117,0.863681,0.926222,-0.000220783
118,0.863681,0.926222,-0.000220783
119,0.867285,0.928307,-1.49388e-05
120,0.867285,0.928307,-1.49388e-05
121,0.862371,0.925442,0.000283932
122,0.862371,0.925442,0.000283932
123,0.846158,0.916254,7.96457e-05
124,0.834358,0.909118,-0.000480554
125,0.834358,0.909118,-0.000480554
126,0.810646,0.893811,-6.27814e-05
127,0.810646,0.893811,-6.27814e-05
128,0.805987,0.889656,1.401e-05
129,0.805987,0.889656,1.401e-05
130,0.805987,0.889656,1.401e-05
131,0.813985,0.895249,0.000116769
132,0.813985,0.895249,0.000116769
133,0.803398,0.88903,-0.000121136
134,0.803398,0.88903,-0.000121136
135,0.803398,0.88903,-0.000121136
136,0.803398,0.88903,-0.000121136
137,0.775517,0.86774,0.000532919
138,0.773968,0.868634,-1.27982e-05
139,0.773968,0.868634,-1.27982e-05
140,0.759527,0.856962,0.000132378
141,0.751512,0.852398,-6.57104e-05
142,0.763436,0.861076,-0.000912613
143,0.763436,0.861076,-0.000912613
144,0.763436,0.861076,-0.000912613
145,0.763436,0.861076,-0.000912613
146,0.763436,0.861076,-0.000912613
147,0.736156,0.842339,-0.000138707
148,0.725849,0.834851,0.000137669
149,0.749421,0.850925,0.00111289
150,0.738676,0.843885,0.000841379
151,0.738676,0.843885,0.000841379
152,0.737307,0.841041,0.000922881
153,0.737307,0.841041,0.000922881
154,0.747464,0.852739,3.9977e-05
155,0.747464,0.852739,3.9977e-05
156,0.747464,0.852739,3.9977e-05
157,0.747464,0.852739,3.9977e-05
158,0.747464,0.852739,3.9977e-05
159,0.761926,0.862119,0.000119791
160,0.74607,0.851643,-0.000103682
161,0.74607,0.851643,-0.000103682
162,0.74607,0.851643,-0.000103682
163,0.74607,0.851643,-0.000103682
164,0.755269,0.858248,-5.9065e-05
165,0.749706,0.854367,0.00173631
166,0.751811,0.856168,-0.000216416
167,0.748173,0.851344,0.000184428
168,0.717964,0.826897,0.000601467
169,0.725786,0.837136,0.000812188
170,0.748379,0.853513,-6.58429e-05
171,0.748379,0.853513,-6.58429e-05
172,0.721593,0.834373,-0.000924136
173,0.704862,0.819939,0.0011689
174,0.704862,0.819939,0.0011689
175,0.704862,0.819939,0.0011689
176,0.70634,0.820969,-0.000645564
177,0.70634,0.820969,-0.000645564
178,0.699278,0.817502,-0.000325907
179,0.699278,0.817502,-0.000325907
180,0.698116,0.815919,3.53528e-05
181,0.698116,0.815919,3.53529e-05
182,0.686706,0.801803,-8.53738e-05
183,0.686706,0.801803,-8.53738e-05
184,0.667219,0.790629,9.60907e-05
185,0.673618,0.792902,-0.00106119
186,0.672408,0.793706,7.49823e-05
187,0.699653,0.817436,0.000111098
188,0.699653,0.817436,0.000111098
189,0.677311,0.797562,0.00206942
190,0.668905,0.791372,0.000573049
191,0.642912,0.76459,-0.000756456
192,0.65191,0.779219,0.000136857
193,0.651612,0.775389,7.78235e-05
194,0.651612,0.775389,7.78235e-05
195,0.651612,0.775389,7.78235e-05
196,0.652027,0.778456,-0.000129142
197,0.633526,0.758398,0.000944672
198,0.656275,0.779936,-0.000539079
199,0.665366,0.780178,-0.000406148
200,0.665366,0.780178,-0.000406148
201,0.685586,0.802208,0.000235278
202,0.677417,0.796906,5.41939e-05
203,0.677417,0.796906,5.41939e-05
204,0.677406,0.794985,-0.00156909
205,0.667102,0.786181,-9.17574e-05
206,0.664537,0.787266,-0.000751929
207,0.634964,0.756187,-0.0009311
208,0.642611,0.768843,-0.000507083
209,0.646243,0.776559,-0.000180804
210,0.673529,0.795963,0.000883592
211,0.673529,0.795963,0.000883592
212,0.668879,0.794384,-0.00102966
213,0.697777,0.815694,0.000340841
214,0.697777,0.815694,0.000340841
215,0.695428,0.813778,-0.000835964
216,0.681765,0.805864,-0.00023947
217,0.664328,0.791505,-0.000130841
218,0.651339,0.780083,0.000142102
219,0.652154,0.78421,-0.00106966
220,0.642659,0.778612,-0.000903324
221,0.641462,0.776238,-0.000379392
222,0.638929,0.77595,0.000154216
223,0.638929,0.77595,0.000154216
224,0.657143,0.789483,-0.00046545
225,0.598657,0.739623,-0.000429584
226,0.598718,0.744639,-0.000417099
227,0.598718,0.744639,-0.000417099
228,0.584517,0.732688,6.35201e-05
229,0.568191,0.715142,-0.000260532
230,0.568191,0.715142,-0.000260532
231,0.577996,0.719366,0.000538935
232,0.577996,0.719366,0.000538935
233,0.601719,0.733065,-0.00138888
234,0.576086,0.700134,-0.00052838
235,0.576086,0.700134,-0.00052838
236,0.603054,0.738641,-0.00171695
237,0.602153,0.74299,0.00104482
238,0.613572,0.741583,0.000770301
239,0.564605,0.700321,-0.00178832
240,0.564605,0.700321,-0.00178832
241,0.542788,0.683722,0.0018519
242,0.559698,0.692062,0.00147603
243,0.556713,0.687932,-0.000587894
244,0.522762,0.670005,-0.000693801
245,0.522762,0.670005,-0.000693801
246,0.553358,0.700715,0.000611938
247,0.553358,0.700715,0.000611938
248,0.541784,0.69085,-0.000405473
249,0.541784,0.69085,-0.000405473
250,0.546147,0.686907,1.10565e-06
251,0.546147,0.686907,1.10578e-06
252,0.551966,0.691407,-0.000151235
253,0.551966,0.691407,-0.000151235
254,0.547765,0.693162,-0.00107218
255,0.509995,0.651901,-0.00198228
256,0.514782,0.651034,0.00180671
257,0.492391,0.614265,-0.00227215
258,0.492391,0.614265,-0.00227215
259,0.497333,0.637437,-0.000925567
260,0.484515,0.63117,0.00036647
261,0.484515,0.63117,0.00036647
262,0.495987,0.643474,-0.000213447
263,0.518035,0.66593,-0.000764141
264,0.518035,0.66593,-0.000764141
265,0.532461,0.663043,-0.000798458
266,0.525302,0.643377,-0.00176995
267,0.511473,0.629493,-0.00226847
268,0.511473,0.629493,-0.00226847
269,0.535493,0.649065,-0.00185115
270,0.535493,0.649065,-0.00185115
271,0.535493,0.649065,-0.00185115
272,0.51645,0.648675,5.60527e-05
273,0.544766,0.679285,0.000899703
274,0.541408,0.677187,0.00315886
275,0.49735,0.619553,0.000867059
276,0.490494,0.615343,0.00158795
277,0.499014,0.607304,3.64363e-05
278,0.504213,0.623475,0.000791041
279,0.492874,0.59062,0.00164452
280,0.492874,0.59062,0.00164452
281,0.492874,0.59062,0.00164452
282,0.482701,0.562328,-0.000954872
283,0.491989,0.582307,0.00169118
284,0.511554,0.618526,-0.00361022
285,0.511554,0.618526,-0.00361022
286,0.511554,0.618526,-0.00361022
287,0.481523,0.561113,0.0020187
288,0.456249,0.493693,-0.00130322
289,0.452083,0.548465,0.000774973
290,0.462109,0.542027,-0.00110017
291,0.476947,0.570896,0.000120779
292,0.471915,0.591831,-0.00396662
293,0.471483,0.588058,-0.00203422
294,0.471483,0.588058,-0.00203422
295,0.471483,0.588058,-0.00203422
296,0.482647,0.576659,0.00123566
297,0.482647,0.576659,0.00123566
298,0.482647,0.576659,0.00123566
299,0.501441,0.603161,0.000579396
300,0.491007,0.611961,-0.000381182
301,0.496037,0.555387,-0.000783768
302,0.507642,0.591623,-0.000468569
303,0.517012,0.597653,0.00270746
304,0.517012,0.597653,0.00270746
305,0.484888,0.593239,-0.000123993
306,0.526891,0.657745,0.00124498
307,0.526891,0.657745,0.00124498
308,0.526891,0.657745,0.00124498
309,0.526891,0.657745,0.00124498
310,0.487293,0.594699,-0.00111659
311,0.507702,0.623695,-0.00145347
312,0.50843,0.631222,0.00182922
313,0.50843,0.631222,0.00182922
314,0.524248,0.659728,0.00187564
315,0.524248,0.659728,0.00187564
316,0.490938,0.613794,0.00236726
317,0.490938,0.613794,0.00236726
318,0.490938,0.613794,0.00236726
319,0.486142,0.594661,0.00161269
320,0.486142,0.594661,0.00161269
321,0.503221,0.633973,0.00137083
322,0.49186,0.611902,0.000683101
323,0.509035,0.614013,0.00270709
324,0.511518,0.637351,0.000635364
325,0.542963,0.666551,0.000647817
326,0.503865,0.623231,-0.000263111
327,0.538837,0.662532,-0.00114022
328,0.538837,0.662532,-0.00114022
329,0.538837,0.662532,-0.00114022
330,0.494847,0.631249,0.00183281
331,0.536872,0.674297,0.0021183
332,0.548263,0.682646,-0.00140787
333,0.548263,0.682646,-0.00140787
334,0.548263,0.682646,-0.00140787
335,0.548263,0.682646,-0.00140787
336,0.548263,0.682646,-0.00140787
337,0.539336,0.673896,0.00114632
338,0.525813,0.6662,0.000754976
339,0.550139,0.687505,-0.000659832
340,0.547009,0.667043,0.00139905
341,0.536472,0.670512,-0.000980939
342,0.536472,0.670512,-0.000980939
343,0.546098,0.670517,-0.000165047
344,0.561814,0.684058,-5.52278e-05
345,0.561814,0.684058,-5.52278e-05
346,0.561814,0.684058,-5.52278e-05
347,0.561814,0.684058,-5.52278e-05
348,0.575751,0.681069,-0.00167971
349,0.606275,0.730984,-0.000501306
350,0.606275,0.730984,-0.000501306
351,0.606275,0.730984,-0.000501306
352,0.606275,0.730984,-0.000501306
353,0.606275,0.730984,-0.000501306
354,0.606275,0.730984,-0.000501306
355,0.604262,0.732049,-0.0010539
356,0.612354,0.740667,-0.00111416
357,0.575103,0.705559,-0.00103011
358,0.591004,0.727674,-0.00140665
359,0.591004,0.727674,-0.00140665
360,0.564489,0.693961,0.00122759
361,0.594685,0.73161,-0.0021456
362,0.594685,0.73161,-0.0021456
363,0.594685,0.73161,-0.0021456
364,0.598639,0.739272,0.00243683
365,0.594531,0.729926,-0.00133218
366,0.594531,0.729926,-0.00133218
367,0.594531,0.729926,-0.00133218
368,0.552064,0.691835,-0.000259177
369,0.576663,0.709228,-0.000838914
370,0.560702,0.701026,-0.00145796
371,0.560702,0.701026,-0.00145796
372,0.581418,0.717929,-0.00181509
373,0.605121,0.733569,-0.00119061
374,0.605121,0.733569,-0.00119061
375,0.592984,0.721462,-0.00125992
376,0.574949,0.703587,-0.000168471
377,0.574949,0.703587,-0.000168471
378,0.574949,0.703587,-0.000168471
379,0.564942,0.685605,-0.00103353
380,0.592623,0.732074,0.000324847
381,0.592623,0.732074,0.000324847
382,0.592623,0.732074,0.000324847
383,0.592623,0.732074,0.000324847
384,0.552678,0.696224,0.000876331
385,0.552678,0.696224,0.000876331
386,0.552678,0.696224,0.000876331
387,0.552678,0.696224,0.000876331
388,0.560219,0.703892,0.000292328
389,0.560219,0.703892,0.000292328
390,0.521862,0.65973,0.000689311
391,0.521862,0.65973,0.000689312
392,0.550687,0.693135,0.000615702
393,0.541036,0.692522,-0.000451969
394,0.541036,0.692522,-0.000451969
395,0.539483,0.679193,0.000117491
396,0.536077,0.670666,0.00150508
397,0.550157,0.696884,0.000168257
398,0.550157,0.696884,0.000168257
399,0.539451,0.680479,-0.000437459
400,0.539451,0.680479,-0.000437459
401,0.545702,0.681731,0.00121872
402,0.545702,0.681731,0.00121872
403,0.546114,0.694796,-0.000314824
404,0.54179,0.687685,0.000494114
405,0.54179,0.687685,0.000494114
406,0.542731,0.692885,0.00199733
407,0.542731,0.692885,0.00199733
408,0.542731,0.692885,0.00199733
409,0.524846,0.66501,-0.0009831
410,0.550193,0.69713,0.00195935
411,0.553092,0.697791,0.00147925
412,0.564104,0.705825,0.00175893
413,0.555102,0.69949,0.00317331
414,0.561234,0.707559,0.000659367
415,0.561234,0.707559,0.000659367
416,0.561234,0.707559,0.000659367
417,0.568809,0.706233,8.11044e-05
418,0.53932,0.683732,-0.000836613
419,0.510664,0.657086,-0.00113729
420,0.549255,0.692517,-0.00015138
421,0.54195,0.691408,-0.000774217
422,0.555423,0.695997,0.000889309
423,0.555423,0.695997,0.000889309
424,0.529037,0.658673,-0.000138174
425,0.529037,0.658673,-0.000138174
426,0.558933,0.701623,-0.000383008
427,0.54419,0.685887,0.00162491
428,0.54419,0.685887,0.00162491
429,0.54419,0.685887,0.00162491
430,0.574516,0.717857,-0.000862108
431,0.590256,0.725701,0.000261152
432,0.566431,0.705859,0.000744208
433,0.54868,0.682719,0.000903778
434,0.5546,0.690701,0.000297051
435,0.5546,0.690701,0.000297051
436,0.5546,0.690701,0.000297051
437,0.56846,0.714361,0.000911662
438,0.555615,0.691155,-0.000196106
439,0.542478,0.686485,-0.00223553
440,0.542478,0.686485,-0.00223553
441,0.547337,0.687086,-0.00109263
442,0.572634,0.706329,-0.000307165
443,0.59178,0.723805,-0.00166187
444,0.594828,0.721319,0.00104329
445,0.594828,0.721319,0.00104329
446,0.574268,0.710293,0.000520549
447,0.574268,0.710293,0.000520549
448,0.592348,0.731138,0.00056629
449,0.592348,0.731138,0.00056629
450,0.57003,0.699334,0.000335957
451,0.599753,0.733081,0.00126861
452,0.629597,0.758873,0.000728482
453,0.6354,0.762958,-0.000383617
454,0.637349,0.761945,0.000280053
455,0.641137,0.770135,0.00175501
456,0.643771,0.770629,0.00147076
457,0.643771,0.770629,0.00147076
458,0.643771,0.770629,0.00147076
459,0.641905,0.76927,0.0016344
460,0.636138,0.761604,0.000559499
461,0.636138,0.761604,0.000559499
462,0.61517,0.742763,-0.000933753
463,0.61517,0.742763,-0.000933753
464,0.629473,0.759692,0.00109186
465,0.636471,0.763286,5.92207e-05
466,0.623947,0.75327,0.00147678
467,0.617823,0.746639,0.00200009
468,0.617823,0.746639,0.00200009
469,0.631161,0.76318,0.00128476
470,0.649854,0.778885,0.000586702
471,0.649854,0.778885,0.000586702
472,0.649854,0.778885,0.000586702
473,0.675695,0.800363,0.00125284
474,0.675695,0.800363,0.00125284
475,0.65841,0.785988,0.00113551
476,0.655974,0.788136,0.000350068
477,0.67363,0.799024,7.17708e-05
478,0.663104,0.788531,-0.000163589
479,0.674883,0.80191,-0.000424436
480,0.676727,0.801185,0.000501993
481,0.716827,0.832227,-0.000644395
482,0.69707,0.819332,-0.000180245
483,0.675053,0.802055,-0.00176366
484,0.675053,0.802055,-0.00176366
485,0.666532,0.795286,0.000526648
486,0.666532,0.795286,0.000526648
487,0.674308,0.801819,-0.000183772
488,0.670939,0.799887,0.00196638
489,0.670939,0.799887,0.00196638
490,0.670939,0.799887,0.00196638
491,0.670939,0.799887,0.00196638
492,0.670939,0.799887,0.00196638
493,0.670939,0.799887,0.00196638
494,0.635442,0.771283,0.00171809
495,0.647325,0.785028,0.000824573
496,0.628886,0.765663,0.000893993
497,0.628886,0.765663,0.000893993
498,0.592259,0.740704,0.00266289
499,0.609955,0.754853,0.00227718
500,0.625136,0.764828,-0.00120237
501,0.599284,0.742257,0.00137926
502,0.57455,0.720413,-0.000889845
503,0.599063,0.744678,0.000424919
504,0.599063,0.744678,0.000424919
505,0.632519,0.772206,-0.000737985
506,0.630811,0.766991,-0.000108791
507,0.632614,0.774315,-0.000224964
508,0.632614,0.774315,-0.000224964
509,0.624888,0.764508,0.000467554
510,0.624888,0.764508,0.000467554
511,0.624888,0.764508,0.000467554
512,0.624888,0.764508,0.000467554
513,0.624888,0.764508,0.000467554
514,0.602858,0.742841,0.000145642
515,0.615805,0.75845,0.00200409
516,0.615805,0.75845,0.00200409
517,0.593413,0.741604,1.02975e-06
518,0.558894,0.710405,-0.00160329
519,0.556471,0.705545,0.00208306
520,0.513959,0.656778,-0.000322855
521,0.545102,0.686998,0.00069809
522,0.535958,0.676028,0.00029958
523,0.516902,0.650666,-0.00036848
524,0.559963,0.693727,0.00080098
525,0.531762,0.665884,-0.0016073
526,0.522909,0.642392,-0.00107151
527,0.504704,0.635181,-0.00168209
528,0.51543,0.644536,-0.000700579
529,0.51543,0.644536,-0.000700579
530,0.52251,0.614961,6.64952e-05
531,0.52251,0.614961,6.64955e-05
532,0.52251,0.614961,6.64955e-05
533,0.52251,0.614961,6.64955e-05
534,0.52251,0.614961,6.64955e-05
535,0.542615,0.603563,-0.000327916
536,0.532264,0.632395,0.000833288
537,0.507326,0.584516,0.000296591
538,0.528477,0.635671,-1.00405e-05
539,0.530344,0.652964,-0.000825094
540,0.555558,0.676227,-4.61993e-05
541,0.534372,0.631976,0.00125425
542,0.534372,0.631976,0.00125425
543,0.530876,0.595569,-0.00303677
544,0.530876,0.595569,-0.00303677
545,0.535656,0.645076,-0.000383512
546,0.529847,0.645894,0.000234587
547,0.535975,0.637949,0.0018787
548,0.535975,0.637949,0.0018787
549,0.558841,0.679604,0.000806038
550,0.558841,0.679604,0.000806038
551,0.542301,0.652262,0.000569626
552,0.553505,0.681209,-0.00114697
553,0.528802,0.632515,-0.00215652
554,0.528802,0.632515,-0.00215652
555,0.529104,0.594613,-0.00403567
556,0.550194,0.654281,-7.197e-05
557,0.518312,0.612369,-0.000791957
558,0.518312,0.612369,-0.000791957
559,0.518312,0.612369,-0.000791957
560,0.518312,0.612369,-0.000791957
561,0.518312,0.612369,-0.000791957
562,0.548104,0.672669,0.000373811
563,0.555744,0.694086,-0.000156753
564,0.522588,0.653937,-0.00222458
565,0.522588,0.653937,-0.00222458
566,0.557517,0.686641,-0.000649127
567,0.504671,0.618982,-0.00239334
568,0.53191,0.659543,0.00155001
569,0.53191,0.659543,0.00155001
570,0.53191,0.659543,0.00155001
571,0.507358,0.626208,0.000282401
572,0.513086,0.617362,0.00297358
573,0.513086,0.617362,0.00297358
574,0.544093,0.655327,-0.000513574
575,0.527112,0.635023,0.00149572
576,0.550001,0.677754,-0.00123288
577,0.567892,0.692524,0.000297314
578,0.567892,0.692524,0.000297314
579,0.567892,0.692524,0.000297314
580,0.567892,0.692524,0.000297314
581,0.561646,0.691373,-0.00195628
582,0.578548,0.708197,0.000967474
583,0.58907,0.725585,-0.00180893
584,0.544478,0.673659,-0.00144496
585,0.610692,0.743599,-0.000966962
586,0.589204,0.719031,-0.0019923
587,0.589204,0.719031,-0.0019923
588,0.589204,0.719031,-0.0019923
589,0.589204,0.719031,-0.0019923
590,0.589204,0.719031,-0.0019923
591,0.622347,0.750397,-0.00191293
592,0.622347,0.750397,-0.00191293
593,0.619082,0.746944,-0.000392128
594,0.614051,0.745262,9.09288e-05
595,0.620035,0.742135,-0.000264473
596,0.620035,0.742135,-0.000264473
597,0.620035,0.742135,-0.000264473
598,0.620035,0.742135,-0.000264473
599,0.599863,0.720374,-0.00112986
600,0.59021,0.718022,0.00116281
601,0.605862,0.718536,-0.000511015
602,0.59466,0.715019,-0.00173289
603,0.581511,0.687727,0.00150752
604,0.584722,0.71031,-0.000806867
605,0.584722,0.71031,-0.000806867
606,0.589138,0.708294,0.00220788
607,0.595172,0.714551,-0.00109786
608,0.595172,0.714551,-0.00109786
609,0.571753,0.699545,-0.00193468
610,0.576872,0.705366,-0.000125477
611,0.578731,0.704723,-0.000785501
612,0.605902,0.738739,0.000136244
613,0.602975,0.727327,-0.000671224
614,0.615617,0.742921,0.000780889
615,0.592636,0.72226,-0.000736328
616,0.592636,0.72226,-0.000736328
617,0.593116,0.712474,-0.000602603
618,0.620176,0.747764,-0.000438044
619,0.620176,0.747764,-0.000438044
620,0.620176,0.747764,-0.000438044
621,0.589887,0.722511,-0.000996073
622,0.593859,0.720177,-9.86213e-05
623,0.598848,0.727969,0.00147644
624,0.588387,0.720842,-0.00070372
625,0.572969,0.700159,0.000536412
626,0.607389,0.73908,-0.000387172
627,0.607389,0.73908,-0.000387172
628,0.607389,0.73908,-0.000387172
629,0.61455,0.74186,0.000232755
630,0.598637,0.714708,-0.00175204
631,0.598637,0.714708,-0.00175204
632,0.598637,0.714708,-0.00175204
633,0.616078,0.746558,-0.000821536
634,0.616078,0.746558,-0.000821536
635,0.626012,0.749768,-0.00106399
636,0.652745,0.778716,-0.000320464
637,0.661653,0.786458,-0.00164054
638,0.621221,0.749738,-0.000468791
639,0.620557,0.751573,0.000909662
640,0.620557,0.751573,0.000909662
641,0.607008,0.742854,0.00126753
642,0.607008,0.742854,0.00126753
643,0.616722,0.739184,0.00115662
644,0.614945,0.751184,0.00172334
645,0.612636,0.750741,0.00161826
646,0.644183,0.780403,0.000753384
647,0.597943,0.739759,-0.000100131
648,0.551431,0.698714,0.00147291
649,0.575035,0.715824,-0.00086703
650,0.553355,0.681833,-0.000435422
651,0.530933,0.680858,0.00100866
652,0.530933,0.680858,0.00100866
653,0.536929,0.672017,0.000678737
654,0.562185,0.699788,0.00236316
655,0.562185,0.699788,0.00236316
656,0.532393,0.634804,-0.00102796
657,0.51524,0.622568,-0.0022538
658,0.526012,0.654215,-0.0007724
659,0.503732,0.610793,-0.00101849
660,0.504815,0.614495,-0.000272947
661,0.504815,0.614495,-0.000272947
662,0.534343,0.663277,-0.00163939
663,0.534343,0.663277,-0.00163939
664,0.520171,0.6431,0.00123875
665,0.522142,0.629796,0.000979345
666,0.522142,0.629796,0.000979345
667,0.522142,0.629796,0.000979345
668,0.50134,0.583542,-0.0013571
669,0.482226,0.565023,0.00183428
670,0.482226,0.565023,0.00183428
671,0.474978,0.573122,0.00147489
672,0.487012,0.571472,-0.000834987
673,0.487012,0.571472,-0.000834987
674,0.487012,0.571472,-0.000834987
675,0.455997,0.559425,0.000649593
676,0.465823,0.579082,-0.00168916
677,0.469622,0.591354,0.000535832
678,0.469622,0.591354,0.000535832
679,0.478708,0.595214,-0.000643372
680,0.460684,0.558901,-0.00282987
681,0.460684,0.558901,-0.00282987
682,0.472823,0.576632,-0.00274842
683,0.444877,0.4824,-0.00310196
684,0.460258,0.466196,0.00232325
685,0.469995,0.521381,-0.000923389
686,0.470498,0.459112,-0.0018164
687,0.475339,0.458639,-0.000335943
688,0.472442,0.439237,-0.00159033
689,0.493501,0.546929,-0.000196887
690,0.493225,0.538645,0.000897827
691,0.448437,0.545033,0.000259152
692,0.451566,0.536818,-0.000905313
693,0.439053,0.464585,4.96302e-05
694,0.49355,0.433695,-0.000491265
695,0.445965,0.485303,0.000261985
696,0.445965,0.485303,0.000261985
697,0.441816,0.537765,0.0020834
698,0.445891,0.560131,0.000231741
699,0.428253,0.519788,-0.00151475
700,0.468817,0.512925,-0.00302481
701,0.407014,0.529901,0.000325823
702,0.434674,0.511507,0.00249779
703,0.423688,0.490754,0.00288337
704,0.437606,0.488617,-0.000383183
705,0.431386,0.502597,0.000663248
706,0.431386,0.502597,0.000663248
707,0.431386,0.502597,0.000663248
708,0.431386,0.502597,0.000663248
709,0.44153,0.393692,0.00100723
710,0.469469,0.36806,-0.00313801
711,0.462413,0.430201,0.000482279
712,0.462413,0.430201,0.000482279
713,0.469729,0.435861,-0.00154559
714,0.44434,0.467208,-0.00431164
715,0.468745,0.473786,-0.00112646
716,0.501439,0.436904,-0.0024651
717,0.466767,0.502051,-0.000891797
718,0.505879,0.516179,0.000143297
719,0.494143,0.585826,-0.00128383
720,0.502859,0.586275,0.00177483
721,0.512478,0.58455,-0.00165277
722,0.512478,0.58455,-0.00165277
723,0.485748,0.579592,-0.000827886
724,0.485748,0.579592,-0.000827886
725,0.513574,0.61275,0.00149748
726,0.513574,0.61275,0.00149748
727,0.515933,0.596408,-0.00119585
728,0.527188,0.63074,0.00191726
729,0.527188,0.63074,0.00191726
730,0.540073,0.661155,0.00117566
731,0.504793,0.622297,-0.000726384
732,0.504793,0.622297,-0.000726384
733,0.521031,0.631286,-5.28752e-05
734,0.550593,0.66969,-3.96987e-05
735,0.550593,0.66969,-3.96987e-05
736,0.529353,0.646771,-0.000666017
737,0.529353,0.646771,-0.000666017
738,0.571861,0.705882,-0.000600606
739,0.567576,0.702664,-0.00118239
740,0.586737,0.716573,0.000979886
741,0.566838,0.703925,7.70084e-05
742,0.566838,0.703925,7.70084e-05
743,0.576844,0.705498,-0.00169753
744,0.576844,0.705498,-0.00169753
745,0.545264,0.672232,-0.000402859
746,0.583229,0.715669,-0.00064805
747,0.583229,0.715669,-0.00064805
748,0.546927,0.680173,-0.0011111
749,0.550416,0.678956,0.000190416
750,0.550416,0.678956,0.000190416
751,0.55457,0.693262,-0.00206235
752,0.55457,0.693262,-0.00206235
753,0.55457,0.693262,-0.00206235
754,0.560863,0.690277,-0.000686766
755,0.575756,0.707621,-0.000959997
756,0.551358,0.686946,0.00144405
757,0.550486,0.70008,-0.000926821
758,0.556729,0.705005,-7.89659e-05
759,0.528347,0.669353,0.00212608
760,0.526455,0.667358,0.00113038
761,0.493233,0.612051,-0.000334346
762,0.494342,0.597465,0.00208488
763,0.509966,0.627387,0.00225711
764,0.502653,0.612674,-0.00243339
765,0.528452,0.654126,-0.0014893
766,0.540286,0.686069,0.00164629
767,0.507771,0.648653,0.0016956
768,0.526145,0.663111,0.000135156
769,0.526145,0.663111,0.000135156
770,0.549863,0.688556,-0.000970025
771,0.549863,0.688556,-0.000970025
772,0.549863,0.688556,-0.000970025
773,0.54752,0.678089,0.00120927
774,0.54752,0.678089,0.00120927
775,0.532391,0.66243,-0.00194439
776,0.532391,0.66243,-0.00194439
777,0.532391,0.66243,-0.00194439
778,0.557235,0.681768,0.0021802
779,0.557235,0.681768,0.0021802
780,0.5634,0.700467,-0.000504335
781,0.537628,0.672806,0.000689972
782,0.529157,0.671719,0.00139181
783,0.559897,0.697695,0.00201501
784,0.54764,0.702973,0.00057954
785,0.457681,0.597977,-0.00192294
786,0.494874,0.632157,0.00112764
787,0.498208,0.650754,-0.000689358
788,0.498208,0.650754,-0.000689358
789,0.513365,0.65899,0.000921319
790,0.53038,0.677834,0.000690785
791,0.53038,0.677834,0.000690785
792,0.555874,0.687684,-6.82378e-06
793,0.566766,0.706293,0.000936101
794,0.566766,0.706293,0.000936101
795,0.553863,0.7003,0.00104006
796,0.541532,0.670801,-0.000146524
797,0.553208,0.691484,0.000125712
798,0.563538,0.69325,0.000250068
799,0.553458,0.67058,-0.002255
800,0.570811,0.6947,-0.00209082
801,0.570811,0.6947,-0.00209082
802,0.539834,0.675672,0.000278243
803,0.521257,0.660764,-0.00299781
804,0.492832,0.62498,-0.0036592
805,0.492832,0.62498,-0.0036592
806,0.537631,0.671479,0.00188475
807,0.537631,0.671479,0.00188475
808,0.537631,0.671479,0.00188475
809,0.537631,0.671479,0.00188475
810,0.537631,0.671479,0.00188475
811,0.537631,0.671479,0.00188475
812,0.490845,0.630328,0.000355025
813,0.522589,0.657548,-0.00036994
814,0.541305,0.68579,4.00893e-05
815,0.508192,0.658065,0.00222862
816,0.525244,0.661057,-0.000336442
817,0.525244,0.661057,-0.000336442
818,0.525244,0.661057,-0.000336442
819,0.525244,0.661057,-0.000336442
820,0.501232,0.608186,-0.000828062
821,0.501232,0.608186,-0.000828062
822,0.531788,0.661066,0.000950634
823,0.524179,0.655555,-0.000516889
824,0.524179,0.655555,-0.000516889
825,0.524179,0.655555,-0.000516889
826,0.524179,0.655555,-0.000516889
827,0.524179,0.655555,-0.000516889
828,0.511392,0.599024,0.00252125
829,0.531114,0.649156,0.000218421
830,0.531114,0.649156,0.000218421
831,0.548606,0.668726,0.000614509
832,0.548606,0.668726,0.000614509
833,0.530304,0.657624,0.00071929
834,0.558598,0.691338,0.00198649
835,0.545584,0.676231,0.00220579
836,0.545584,0.676231,0.00220579
837,0.526039,0.661199,0.00104557
838,0.542822,0.68744,0.00139543
839,0.537488,0.673883,0.000828078
840,0.55244,0.696675,0.000728077
841,0.549442,0.68168,0.00204891
842,0.549442,0.68168,0.00204891
843,0.549442,0.68168,0.00204891
844,0.549442,0.68168,0.00204891
845,0.543503,0.683768,-0.000233057
846,0.556559,0.69988,0.000190599
847,0.562175,0.688902,0.00119596
848,0.562175,0.688902,0.00119596
849,0.562175,0.688902,0.00119596
850,0.572648,0.708039,-0.00115106
851,0.572648,0.708039,-0.00115106
852,0.591129,0.731037,0.00112318
853,0.591129,0.731037,0.00112318
854,0.591129,0.731037,0.00112318
855,0.591129,0.731037,0.00112318
856,0.574614,0.71182,0.00103165
857,0.591927,0.731693,0.00107459
858,0.580927,0.724513,-0.000952374
859,0.585226,0.729996,0.000528959
860,0.585226,0.729996,0.000528959
861,0.558491,0.709824,-0.000538333
862,0.558491,0.709824,-0.000538333
863,0.566775,0.704917,-0.00136611
864,0.591727,0.728474,0.00188448
865,0.591727,0.728474,0.00188448
866,0.531383,0.669127,0.000690527
867,0.531383,0.669127,0.000690527
868,0.531383,0.669127,0.000690527
869,0.552398,0.679611,0.00106617
870,0.569124,0.705074,0.000371691
871,0.569124,0.705074,0.00037169
872,0.594716,0.732788,0.000625385
873,0.601388,0.736595,-0.00155954
874,0.601388,0.736595,-0.00155954
875,0.601388,0.736595,-0.00155954
876,0.578391,0.706278,-0.000575266
877,0.574196,0.714973,-0.00178742
878,0.57973,0.722423,0.00111778
879,0.57973,0.722423,0.00111778
880,0.57973,0.722423,0.00111778
881,0.565897,0.709844,-0.000572365
882,0.536288,0.684041,-0.00102625
883,0.536288,0.684041,-0.00102625
884,0.564058,0.697927,-0.000279073
885,0.567655,0.702853,-0.000665479
886,0.583667,0.707172,-0.000781368
887,0.619899,0.747898,0.00093382
888,0.619899,0.747898,0.00093382
889,0.619899,0.747898,0.00093382
890,0.598968,0.731701,-6.82654e-05
891,0.578552,0.70384,0.000122307
892,0.578552,0.70384,0.000122307
893,0.586053,0.703936,-0.000435889
894,0.604607,0.713747,5.02963e-06
895,0.585851,0.708883,-0.00023509
896,0.57752,0.718922,-0.000616124
897,0.566053,0.710339,0.000271931
898,0.595779,0.739279,0.000723525
899,0.608511,0.747475,0.000679912
900,0.608511,0.747475,0.000679912
901,0.608511,0.747475,0.000679912
902,0.597237,0.73814,0.00131496
903,0.601693,0.741105,-8.01133e-05
904,0.595483,0.725756,-0.00103115
905,0.595483,0.725756,-0.00103115
906,0.59694,0.726116,0.000744972
907,0.595198,0.730692,-0.000931166
908,0.601673,0.735904,0.000193014
909,0.607737,0.741746,0.00141559
910,0.603108,0.730239,-0.00022054
911,0.618945,0.752546,-0.000842577
912,0.633341,0.762602,-0.00083507
913,0.633341,0.762602,-0.00083507
914,0.633341,0.762602,-0.00083507
915,0.612478,0.748794,-0.000974257
916,0.612478,0.748794,-0.000974257
917,0.610979,0.744983,0.00136428
918,0.594245,0.718446,-0.0015891
919,0.594245,0.718446,-0.0015891
920,0.594087,0.725395,-0.000600004
921,0.574244,0.70001,-0.00112192
922,0.59163,0.70558,0.00186226
923,0.59163,0.70558,0.00186226
924,0.588285,0.714319,0.000405473
925,0.570646,0.708176,0.00107566
926,0.570646,0.708176,0.00107566
927,0.538012,0.667603,0.00102655
928,0.520965,0.648903,-0.00136468
929,0.58953,0.720079,0.000949557
930,0.571161,0.699059,0.000336459
931,0.573085,0.707472,0.00187333
932,0.546355,0.681165,-0.00196867
933,0.546355,0.681165,-0.00196867
934,0.546355,0.681165,-0.00196867
935,0.546355,0.681165,-0.00196867
936,0.513355,0.630901,0.000377762
937,0.520803,0.645067,-0.00249104
938,0.520803,0.645067,-0.00249104
939,0.520191,0.63367,0.0016815
940,0.526153,0.638702,0.00218967
941,0.516965,0.641451,-0.000773583
942,0.53669,0.652751,0.00207712
943,0.53669,0.652751,0.00207712
944,0.53669,0.652751,0.00207712
945,0.539233,0.66229,0.00174582
946,0.547841,0.679468,-0.000169148
947,0.528293,0.658363,-0.00111675
948,0.528293,0.658363,-0.00111675
949,0.528293,0.658363,-0.00111675
950,0.531111,0.648813,-0.000314936
951,0.549845,0.672537,0.00101468
952,0.5211,0.646116,0.00158579
953,0.5211,0.646116,0.00158579
954,0.514109,0.640338,-0.000595627
955,0.514109,0.640338,-0.000595627
956,0.512671,0.642571,-0.00258299
957,0.515202,0.64342,-0.000350535
958,0.50425,0.629095,0.000309354
959,0.527325,0.652454,0.00036954
960,0.527325,0.652454,0.00036954
961,0.520091,0.652336,0.000635966
962,0.520091,0.652336,0.000635966
963,0.520091,0.652336,0.000635966
964,0.52216,0.653265,0.00210313
965,0.504929,0.629699,0.00117592
966,0.507742,0.615674,-0.000245428
967,0.507742,0.615674,-0.000245428
968,0.524703,0.633607,-0.00119539
969,0.524703,0.633607,-0.00119539
970,0.514417,0.577177,0.000919192
971,0.514417,0.577177,0.000919192
972,0.492843,0.563166,0.00331639
973,0.492843,0.563166,0.00331639
974,0.489588,0.554307,0.000666432
975,0.489588,0.554307,0.000666432
976,0.482121,0.543157,-0.000899672
977,0.500021,0.519898,-0.000209287
978,0.488366,0.54769,0.00112946
979,0.456959,0.503005,0.00248886
980,0.481804,0.545812,0.00116008
981,0.452034,0.519851,0.00110071
982,0.452034,0.519851,0.00110071
983,0.466454,0.558722,-0.00095019
984,0.465928,0.537615,-0.000847904
985,0.469942,0.567868,0.000391744
986,0.467312,0.578083,0.000740465
987,0.507325,0.610647,-0.00117309
988,0.486533,0.570934,-0.000614422
989,0.465715,0.545077,-0.00294848
990,0.480171,0.578144,0.000110001
991,0.498253,0.599966,0.00120137
992,0.490219,0.602305,-0.002558
993,0.493525,0.608075,0.000533559
994,0.494742,0.587363,0.000621841
995,0.494742,0.587363,0.000621841
996,0.494742,0.587363,0.000621841
997,0.525918,0.651932,-0.000367447
998,0.549687,0.67243,-0.000413065
999,0.554416,0.692336,0.000397294
1000,0.523217,0.654881,0.000278384
1001,0.523217,0.654881,0.000278384
1002,0.493845,0.623207,-7.84377e-05
1003,0.536254,0.672451,-0.000491575
1004,0.559511,0.690294,0.000987499
1005,0.559511,0.690294,0.000987499
1006,0.57447,0.71102,0.000248665
1007,0.55575,0.689332,0.000117465
1008,0.568439,0.70882,0.000778662
1009,0.561782,0.685519,0.00074593
1010,0.549792,0.674164,0.00219338
1011,0.592395,0.718582,0.000705305
1012,0.6016,0.72761,-0.000506555
1013,0.620605,0.752303,-7.5379e-05
1014,0.607609,0.737302,-0.00118395
1015,0.592407,0.724443,0.000742948
1016,0.588393,0.721539,0.000701959
1017,0.597399,0.727875,-0.000540917
1018,0.60966,0.738704,0.000203484
1019,0.60966,0.738704,0.000203484
1020,0.600882,0.721497,0.00252994
1021,0.630912,0.754192,0.00120006
1022,0.634358,0.761147,-0.00111119
1023,0.632692,0.758026,-0.000567342
1024,0.632692,0.758026,-0.000567342
1025,0.632692,0.758026,-0.000567342
1026,0.632692,0.758026,-0.000567342
1027,0.619771,0.747084,-4.07804e-05
1028,0.598777,0.724745,-0.000174469
1029,0.617489,0.750696,-0.000192683
1030,0.665221,0.791931,0.00137839
1031,0.649163,0.779129,0.000197074
1032,0.635083,0.76722,0.000568717
1033,0.635083,0.76722,0.000568717
1034,0.600249,0.729561,0.000614307
1035,0.639158,0.768979,-0.000109621
1036,0.625491,0.760609,0.00143277
1037,0.650564,0.780451,0.00114162
1038,0.60383,0.736957,-0.000767484
1039,0.602552,0.732707,-0.000153663
1040,0.602552,0.732707,-0.000153663
1041,0.602552,0.732707,-0.000153662
1042,0.602552,0.732707,-0.000153662
1043,0.584581,0.709061,0.00132701
1044,0.57648,0.707061,8.52732e-05
1045,0.593885,0.721415,0.00023639
1046,0.593885,0.721415,0.00023639
1047,0.603371,0.728511,0.000254666
1048,0.657014,0.782702,0.000441226
1049,0.657014,0.782702,0.000441226
1050,0.657014,0.782702,0.000441226
1051,0.657014,0.782702,0.000441226
1052,0.636554,0.763993,0.000656151
1053,0.633838,0.764991,0.00150536
1054,0.632571,0.761824,0.00273086
1055,0.610381,0.733,-0.000182032
1056,0.594835,0.720512,-0.000533414
1057,0.594835,0.720512,-0.000533414
1058,0.616045,0.749434,-0.000495648
1059,0.587104,0.71795,9.52509e-05
1060,0.587104,0.71795,9.52509e-05
1061,0.587104,0.71795,9.52509e-05
1062,0.588932,0.712116,-0.00212004
1063,0.578811,0.694862,0.00106597
1064,0.578811,0.694862,0.00106597
1065,0.578811,0.694862,0.00106597
1066,0.572617,0.692993,-0.00191402
1067,0.579601,0.698829,0.000397348
1068,0.571076,0.68733,-0.00196032
1069,0.56997,0.672854,0.00242615
1070,0.56997,0.672854,0.00242615
1071,0.562204,0.670492,7.06165e-05
1072,0.562204,0.670492,7.06165e-05
1073,0.577025,0.678189,-0.000276707
1074,0.595854,0.718744,-0.00186724
1075,0.602942,0.726876,0.00114048
1076,0.611475,0.738542,0.000203951
1077,0.587667,0.708934,-0.000779717
1078,0.604072,0.736158,0.00101931
1079,0.61948,0.752113,0.000210105
1080,0.639615,0.77085,-0.00076653
1081,0.630372,0.76122,-3.14236e-05
1082,0.614685,0.752564,0.00085785
1083,0.614227,0.75209,-0.000295864
1084,0.629085,0.760585,0.00181067
1085,0.601291,0.738208,-0.00152899
1086,0.601291,0.738208,-0.00152899
1087,0.648827,0.778664,-0.00086463
1088,0.603168,0.735233,0.0014847
1089,0.598825,0.723668,-0.000627201
1090,0.614232,0.745788,-0.00108189
1091,0.575477,0.714487,0.00135578
1092,0.611933,0.743435,-0.00138533
1093,0.599184,0.729388,-0.00104082
1094,0.560729,0.677172,-0.00162866
1095,0.572521,0.700611,-0.000988263
1096,0.548113,0.675699,0.00232967
1097,0.548113,0.675699,0.00232967
1098,0.550204,0.681984,-0.00170807
1099,0.571143,0.700523,0.000943719
1100,0.571143,0.700523,0.000943719
1101,0.551558,0.675878,-0.000587142
1102,0.494502,0.608594,0.00177547
1103,0.527989,0.65049,0.00103503
1104,0.511475,0.62173,0.000280254
1105,0.511475,0.62173,0.000280254
1106,0.511475,0.62173,0.000280254
1107,0.535714,0.661787,-0.00105443
1108,0.535714,0.661787,-0.00105443
1109,0.528079,0.656108,0.0016086
1110,0.523674,0.648615,0.000141606
1111,0.523674,0.648615,0.000141606
1112,0.567905,0.705345,0.00257527
1113,0.534898,0.659988,6.69752e-05
1114,0.560805,0.693894,-0.0011918
1115,0.560805,0.693894,-0.0011918
1116,0.560805,0.693894,-0.0011918
1117,0.553367,0.67638,-0.000871102
1118,0.578489,0.702196,0.00135328
1119,0.584629,0.691793,-0.000871008
1120,0.564976,0.680259,-0.00220934
1121,0.57078,0.678966,-0.000196236
1122,0.57078,0.678966,-0.000196236
1123,0.581448,0.698696,0.000700844
1124,0.581302,0.706249,-0.000466608
1125,0.569292,0.702191,-0.00204517
1126,0.567895,0.695622,-5.95332e-05
1127,0.582916,0.719351,0.000397798
1128,0.611846,0.748145,0.000200925
1129,0.622629,0.75363,-0.000568074
1130,0.615236,0.745201,0.00130499
1131,0.608133,0.746033,-0.000707748
1132,0.59254,0.726938,0.000888378
1133,0.577269,0.712196,0.000567935
1134,0.549847,0.678604,0.00102143
1135,0.561116,0.700124,0.000284623
1136,0.561116,0.700124,0.000284623
1137,0.561116,0.700124,0.000284623
1138,0.561116,0.700124,0.000284623
1139,0.561116,0.700124,0.000284623
1140,0.573949,0.710923,0.00125969
1141,0.552481,0.678696,-0.00151505
1142,0.562841,0.688722,0.00224339
1143,0.587821,0.728528,0.000551902
1144,0.577246,0.703653,0.00138985
1145,0.53831,0.668072,-0.00138721
1146,0.525643,0.663914,-0.000856558
1147,0.503951,0.646878,6.9449e-06
1148,0.501126,0.633898,-0.000326592
1149,0.501126,0.633898,-0.000326592
1150,0.501126,0.633898,-0.000326592
1151,0.499246,0.590049,-0.000524039
1152,0.481105,0.576525,-0.00139661
1153,0.481105,0.576525,-0.00139661
1154,0.471472,0.520944,-0.0023635
1155,0.436015,0.539717,0.00108033
1156,0.479013,0.592914,-0.000795287
1157,0.494079,0.561468,-0.00124128
1158,0.472118,0.55567,-0.000319263
1159,0.472118,0.55567,-0.000319263
1160,0.500106,0.512633,0.000376067
1161,0.501324,0.550028,-0.000491369
1162,0.501324,0.550028,-0.000491369
1163,0.520366,0.529484,0.000158354
1164,0.571156,0.450767,3.93464e-05
1165,0.571156,0.450767,3.93464e-05
1166,0.541511,0.484234,0.00343443
1167,0.525153,0.468626,-0.000393836
1168,0.525153,0.468626,-0.000393836
1169,0.474721,0.556328,-0.00342967
1170,0.474721,0.556328,-0.00342967
1171,0.474721,0.556328,-0.00342967
1172,0.476018,0.566456,0.000748897
1173,0.476018,0.566456,0.000748897
1174,0.476018,0.566456,0.000748897
1175,0.476018,0.566456,0.000748897
1176,0.476018,0.566456,0.000748897
1177,0.476018,0.566456,0.000748897
1178,0.476018,0.566456,0.000748897
1179,0.476018,0.566456,0.000748897
1180,0.476018,0.566456,0.000748897
1181,0.489484,0.549489,-0.00135194
1182,0.480204,0.553338,-0.00149943
1183,0.480204,0.553338,-0.00149943
1184,0.469589,0.516877,0.00241985
1185,0.470866,0.553531,0.00203854
1186,0.473675,0.553353,-0.0012548
1187,0.506972,0.526267,-0.000742852
1188,0.489653,0.537666,0.00141743
1189,0.467828,0.539876,0.0024559
1190,0.467828,0.539876,0.0024559
1191,0.467828,0.539876,0.0024559
1192,0.467828,0.539876,0.0024559
1193,0.467828,0.539876,0.0024559
1194,0.493474,0.558238,-0.000576289
1195,0.493474,0.558238,-0.000576289
1196,0.469069,0.529782,0.000422841
1197,0.492247,0.567437,-0.00114249
1198,0.492247,0.567437,-0.00114249
1199,0.492247,0.567437,-0.00114249
1200,0.492247,0.567437,-0.00114249
1201,0.527924,0.615599,-0.00160742
1202,0.527924,0.615599,-0.00160742
1203,0.527924,0.615599,-0.00160742
1204,0.506701,0.620417,-0.000973476
1205,0.496671,0.616512,3.10372e-05
1206,0.501222,0.62336,0.0016437
1207,0.516924,0.633379,-7.50099e-05
1208,0.516924,0.633379,-7.50099e-05
1209,0.508145,0.624731,-0.00158279
1210,0.508145,0.624731,-0.00158279
1211,0.529873,0.657789,0.00147948
1212,0.529873,0.657789,0.00147948
1213,0.517791,0.652203,0.00087769
1214,0.564904,0.702864,-0.000907296
1215,0.564904,0.702864,-0.000907296
1216,0.564904,0.702864,-0.000907296
1217,0.525007,0.644397,-0.0020409
1218,0.525007,0.644397,-0.0020409
1219,0.540472,0.670021,0.000950426
1220,0.535238,0.669393,-0.00123532
1221,0.514796,0.650736,0.000813808
1222,0.517429,0.647098,-0.000826515
1223,0.518722,0.654605,-0.00069943
1224,0.516879,0.659238,0.00138896
1225,0.512846,0.66166,-0.000334131
1226,0.521937,0.673303,0.00113597
1227,0.496252,0.649705,-0.000330253
1228,0.529046,0.675963,-0.000913943
1229,0.529046,0.675963,-0.000913943
1230,0.50981,0.659761,0.00102156
1231,0.50981,0.659761,0.00102156
1232,0.555118,0.70687,0.000999264
1233,0.581867,0.728912,-0.000429502
1234,0.56598,0.71435,-0.000616975
1235,0.551697,0.699941,-0.000593092
1236,0.551697,0.699941,-0.000593092
1237,0.551697,0.699941,-0.000593092
1238,0.551697,0.699941,-0.000593092
1239,0.552629,0.704656,0.000853109
1240,0.552629,0.704656,0.000853109
1241,0.552629,0.704656,0.000853109
1242,0.581128,0.722746,0.00232572
1243,0.550323,0.689042,-0.0026217
1244,0.528744,0.664989,-0.000543065
1245,0.503638,0.638691,0.000161483
1246,0.503638,0.638691,0.000161483
1247,0.503638,0.638691,0.000161483
1248,0.516666,0.635511,0.00069507
1249,0.516666,0.635511,0.00069507
1250,0.528984,0.655903,0.000178601
1251,0.525731,0.648414,0.0004036
1252,0.517795,0.645205,0.00037133
1253,0.508225,0.622017,0.00228869
1254,0.520839,0.634103,0.000122566
1255,0.520839,0.634103,0.000122566
1256,0.520839,0.634103,0.000122566
1257,0.555466,0.688613,0.0010279
1258,0.531912,0.66873,-0.00213272
1259,0.578406,0.71858,-0.000321616
1260,0.578406,0.71858,-0.000321616
1261,0.596904,0.729689,-9.18964e-05
1262,0.616971,0.750659,0.000304839
1263,0.616971,0.750659,0.000304839
1264,0.616971,0.750659,0.000304839
1265,0.613057,0.7392,-0.000851187
1266,0.614999,0.752065,-0.000442433
1267,0.60228,0.74143,-7.36823e-05
1268,0.627106,0.762532,-0.000303991
1269,0.627106,0.762532,-0.000303991
1270,0.656545,0.784899,0.000188398
1271,0.656545,0.784899,0.000188398
1272,0.656545,0.784899,0.000188398
1273,0.656545,0.784899,0.000188398
1274,0.656545,0.784899,0.000188398
1275,0.656545,0.784899,0.000188398
1276,0.656545,0.784899,0.000188398
1277,0.609915,0.746346,-0.00107323
1278,0.609915,0.746346,-0.00107323
1279,0.609915,0.746346,-0.00107323
1280,0.609915,0.746346,-0.00107323
1281,0.609915,0.746346,-0.00107323
1282,0.608072,0.743524,0.0010852
1283,0.608072,0.743524,0.0010852
1284,0.612745,0.746834,-0.00120237
1285,0.612537,0.747752,0.000102411
1286,0.614871,0.746304,-0.00192829
1287,0.610312,0.750974,-0.0013564
1288,0.601649,0.741696,-0.000881584
1289,0.609043,0.750575,-0.000193811
1290,0.609075,0.743759,-0.000172793
1291,0.605769,0.73944,0.000148243
1292,0.617078,0.746415,-0.00125243
1293,0.617078,0.746415,-0.00125243
1294,0.617078,0.746415,-0.00125243
1295,0.625733,0.752944,0.000886723
1296,0.639303,0.768772,-0.0003316
1297,0.639925,0.769857,0.000958781
1298,0.623246,0.751004,0.00166566
1299,0.623246,0.751004,0.00166566
1300,0.630738,0.761784,0.000588989
1301,0.630738,0.761784,0.000588989
1302,0.630738,0.761784,0.000588989
1303,0.625091,0.75616,0.00246193
1304,0.625091,0.75616,0.00246193
1305,0.625091,0.75616,0.00246193
1306,0.588108,0.716395,0.000848124
1307,0.557922,0.677499,0.00254334
1308,0.557922,0.677499,0.00254334
1309,0.52664,0.646142,0.000757867
1310,0.553432,0.667922,-0.000298741
1311,0.553432,0.667922,-0.000298741
1312,0.561289,0.67098,-0.000208075
1313,0.552062,0.649917,-0.000742581
1314,0.546856,0.637467,0.00133854
1315,0.541685,0.636536,-0.00295122
1316,0.541685,0.636536,-0.00295122
1317,0.548426,0.650441,-0.000533618
1318,0.54423,0.66477,0.000131054
1319,0.556265,0.673099,-0.000851966
1320,0.521901,0.646246,0.000128997
1321,0.54801,0.671383,0.00101763
1322,0.54801,0.671383,0.00101763
1323,0.54801,0.671383,0.00101763
1324,0.502985,0.609451,0.00114659
1325,0.502985,0.609451,0.00114659
1326,0.509302,0.595089,0.00167597
1327,0.504307,0.583322,-0.000271837
1328,0.530614,0.648119,0.00120445
1329,0.5223,0.629681,-0.00204513
1330,0.5223,0.629681,-0.00204513
1331,0.542393,0.669089,0.000399409
1332,0.535059,0.667745,0.000527768
1333,0.535059,0.667745,0.000527768
1334,0.523333,0.656263,-0.00203288
1335,0.542182,0.667005,0.000575967
1336,0.542182,0.667005,0.000575967
1337,0.542182,0.667005,0.000575967
1338,0.525699,0.654209,-0.000721311
1339,0.525699,0.654209,-0.000721311
1340,0.525096,0.654152,-0.00116903
1341,0.525096,0.654152,-0.00116903
1342,0.510829,0.633274,6.18059e-05
1343,0.510829,0.633274,6.18059e-05
1344,0.518429,0.640957,-0.000772518
1345,0.516511,0.630301,-0.000787554
1346,0.529168,0.649882,-0.00104642
1347,0.528953,0.645018,0.00355927
1348,0.519584,0.63515,-0.000328416
1349,0.494633,0.625096,-0.00258743
1350,0.499919,0.62187,6.04221e-05
1351,0.511163,0.630117,-0.000586356
1352,0.501052,0.628648,-0.000943693
1353,0.501052,0.628648,-0.000943693
1354,0.475989,0.6032,0.000598204
1355,0.476259,0.58872,-0.00229641
1356,0.488754,0.607468,1.04987e-06
1357,0.488754,0.607468,1.04987e-06
1358,0.507866,0.623001,-0.00162105
1359,0.489074,0.564991,-0.00186481
1360,0.487544,0.527805,0.000952542
1361,0.487544,0.527805,0.000952541
1362,0.477458,0.536731,0.00147763
1363,0.470867,0.547334,0.00203271
1364,0.465302,0.547473,-0.00104294
1365,0.465302,0.547473,-0.00104294
1366,0.507198,0.603611,-0.00131608
1367,0.503991,0.610229,0.000445907
1368,0.503991,0.610229,0.000445907
1369,0.503991,0.610229,0.000445907
1370,0.503991,0.610229,0.000445907
1371,0.473596,0.57385,0.00237772
1372,0.545967,0.657938,-0.0011656
1373,0.520876,0.630181,0.000347517
1374,0.521856,0.623262,-0.00314037
1375,0.521856,0.623262,-0.00314037
1376,0.523683,0.602383,0.00118488
1377,0.523683,0.602383,0.00118488
1378,0.501557,0.604419,-0.00149473
1379,0.501557,0.604419,-0.00149473
1380,0.501557,0.604419,-0.00149473
1381,0.496996,0.583508,0.00336835
1382,0.496996,0.583508,0.00336835
1383,0.4848,0.577532,0.00342079
1384,0.498137,0.604856,0.000643525
1385,0.50953,0.603149,0.000700752
1386,0.50953,0.603149,0.000700752
1387,0.529144,0.644354,-0.00141296
1388,0.529144,0.644354,-0.00141296
1389,0.53366,0.658689,-5.79661e-05
1390,0.53366,0.658689,-5.79661e-05
1391,0.53366,0.658689,-5.79658e-05
1392,0.53366,0.658689,-5.79658e-05
1393,0.539273,0.655846,0.00105279
1394,0.542471,0.666792,-0.000333007
1395,0.542471,0.666792,-0.000333007
1396,0.499971,0.619976,0.00076781
1397,0.495406,0.595228,0.00276398
1398,0.479789,0.566427,0.000307408
1399,0.492602,0.616857,-0.000460563
1400,0.504517,0.604525,-0.00398137
1401,0.504517,0.604525,-0.00398137
1402,0.504517,0.604525,-0.00398137
1403,0.480728,0.614393,-0.000422142
1404,0.504705,0.641167,0.000214518
1405,0.486675,0.60984,-0.00016462
1406,0.494289,0.630757,-0.000323978
1407,0.494289,0.630757,-0.000323978
1408,0.494289,0.630757,-0.000323978
1409,0.501651,0.638747,-0.00120793
1410,0.508068,0.643258,-0.000586633
1411,0.508068,0.643258,-0.000586632
1412,0.51814,0.648554,-0.000790099
1413,0.524346,0.643802,-0.000323135
1414,0.534506,0.6724,0.000679015
1415,0.519265,0.652863,-0.00337638
1416,0.495687,0.618919,-0.000108708
1417,0.513674,0.658198,0.000420722
1418,0.513674,0.658198,0.000420722
1419,0.513674,0.658198,0.000420722
1420,0.513674,0.658198,0.000420722
1421,0.502154,0.648907,-3.86833e-05
1422,0.502154,0.648907,-3.86833e-05
1423,0.494734,0.613929,0.00109022
1424,0.493618,0.628993,0.000575551
1425,0.493618,0.628993,0.000575551
1426,0.48521,0.602428,0.000449328
1427,0.484823,0.597333,0.000214842
1428,0.47961,0.604433,0.000398187
1429,0.43329,0.553545,-0.00178127
1430,0.474622,0.57254,0.00105411
1431,0.495732,0.628473,-3.89385e-06
1432,0.495732,0.628473,-3.89385e-06
1433,0.512789,0.666096,0.00163642
1434,0.522782,0.669421,0.000975609
1435,0.537686,0.679339,0.00217272
1436,0.537686,0.679339,0.00217272
1437,0.537686,0.679339,0.00217272
1438,0.537686,0.679339,0.00217272
1439,0.537686,0.679339,0.00217272
1440,0.519341,0.651428,-0.000968238
1441,0.519341,0.651428,-0.000968238
1442,0.53077,0.671478,-0.000403718
1443,0.515255,0.633873,-0.00104989
1444,0.515255,0.633873,-0.00104989
1445,0.522366,0.65559,-0.00128273
1446,0.532728,0.672038,-0.000624712
1447,0.506365,0.649854,0.000740262
1448,0.497943,0.655612,0.00205505
1449,0.497943,0.655612,0.00205505
1450,0.497943,0.655612,0.00205505
1451,0.507006,0.661052,0.00140724
1452,0.507006,0.661052,0.00140724
1453,0.507006,0.661052,0.00140724
1454,0.510665,0.668046,0.00106471
1455,0.510665,0.668046,0.00106471
1456,0.538609,0.692822,-0.00106685
1457,0.547018,0.703106,-0.000497481
1458,0.523922,0.684781,0.000379401
1459,0.52975,0.685866,0.00130827
1460,0.564066,0.719218,0.000210512
1461,0.564066,0.719218,0.000210512
1462,0.59074,0.741185,0.00169044
1463,0.564656,0.719711,7.67881e-05
1464,0.564656,0.719711,7.67881e-05
1465,0.573639,0.724568,0.000586275
1466,0.573639,0.724568,0.000586275
1467,0.573639,0.724568,0.000586275
1468,0.583738,0.737823,-0.000526886
1469,0.583738,0.737823,-0.000526886
1470,0.583738,0.737823,-0.000526886
1471,0.583738,0.737823,-0.000526886
1472,0.57742,0.727343,-0.000415196
1473,0.577408,0.727978,0.00130703
1474,0.589295,0.738607,0.000504926
1475,0.591905,0.742301,-0.000201804
1476,0.615019,0.75831,0.000567233
1477,0.597295,0.738867,0.000949783
1478,0.581464,0.723045,-0.00069468
1479,0.57102,0.708798,-0.00020998
1480,0.5715,0.708888,-0.000604639
1481,0.5715,0.708888,-0.000604639
1482,0.568525,0.706083,0.00255189
1483,0.574407,0.716362,0.00148186
1484,0.590291,0.720072,0.00191935
1485,0.591548,0.72974,-0.000170116
1486,0.591548,0.72974,-0.000170116
1487,0.591548,0.72974,-0.000170116
1488,0.596796,0.731806,0.000134183
1489,0.542293,0.67243,0.00201631
1490,0.542293,0.67243,0.00201631
1491,0.55982,0.696579,-0.000739425
1492,0.57009,0.708799,0.000639585
1493,0.57009,0.708799,0.000639585
1494,0.572103,0.713477,0.00161469
1495,0.567801,0.703332,0.000763184
1496,0.588582,0.722284,-0.000956221
1497,0.588582,0.722284,-0.000956221
1498,0.588582,0.722284,-0.000956221
1499,0.564899,0.694136,-0.00254715
1500,0.554969,0.687657,0.00112167
1501,0.5893,0.722427,-0.00092572
1502,0.5893,0.722427,-0.00092572
1503,0.592752,0.730434,-0.000490686
1504,0.592752,0.730434,-0.000490686
1505,0.592752,0.730434,-0.000490686
1506,0.592752,0.730434,-0.000490686
1507,0.592752,0.730434,-0.000490686
1508,0.59262,0.729983,0.00071559
1509,0.592352,0.73438,-0.00172423
1510,0.613851,0.746559,-0.00102137
1511,0.613851,0.746559,-0.00102137
1512,0.661096,0.789736,0.000823885
1513,0.628621,0.760016,-4.3728e-05
1514,0.675592,0.798701,0.000600684
1515,0.654012,0.781118,-0.000607914
1516,0.654012,0.781118,-0.000607914
1517,0.629247,0.762225,0.00199408
1518,0.685108,0.806293,-0.00100003
1519,0.683852,0.805568,0.000335555
1520,0.676025,0.799253,-0.000343839
1521,0.676025,0.799253,-0.000343839
1522,0.683165,0.804297,0.000201859
1523,0.690595,0.808755,0.000865875
1524,0.690595,0.808755,0.000865875
1525,0.65298,0.774934,0.00171971
1526,0.680151,0.798028,0.000818674
1527,0.680151,0.798028,0.000818674
1528,0.680151,0.798028,0.000818674
1529,0.661652,0.782132,-0.000466229
1530,0.661652,0.782132,-0.000466229
1531,0.705793,0.819652,0.000833527
1532,0.705793,0.819652,0.000833527
1533,0.705793,0.819652,0.000833527
1534,0.724239,0.835401,0.000663999
1535,0.711243,0.826104,-7.28523e-05
1536,0.711243,0.826104,-7.28523e-05
1537,0.714183,0.828949,0.00104878
1538,0.714183,0.828949,0.00104878
1539,0.718749,0.832146,0.000456846
1540,0.718749,0.832146,0.000456846
1541,0.728466,0.840158,0.000151392
1542,0.728466,0.840158,0.000151392
1543,0.733348,0.842942,-0.000292645
1544,0.705268,0.822262,0.000135402
1545,0.686604,0.803918,0.000213908
1546,0.677508,0.79793,0.000848019
1547,0.683022,0.803614,-0.000146349
1548,0.69673,0.816083,-0.000478964
1549,0.674418,0.799509,0.00143296
1550,0.701697,0.814961,-0.000231003
1551,0.686504,0.802927,0.000562365
1552,0.686504,0.802927,0.000562365
1553,0.686504,0.802927,0.000562365
1554,0.676784,0.795309,-0.000173514
1555,0.683701,0.803372,-0.000696372
1556,0.674638,0.793418,-5.63365e-06
1557,0.679085,0.799048,0.000542857
1558,0.69888,0.810738,-3.57329e-05
1559,0.69888,0.810738,-3.57329e-05
1560,0.71698,0.829218,-0.000270452
1561,0.71698,0.829218,-0.000270452
1562,0.717369,0.8323,0.000577014
1563,0.703412,0.821793,-0.00180399
1564,0.703412,0.821793,-0.00180399
1565,0.703412,0.821793,-0.00180399
1566,0.717672,0.830956,0.000107689
1567,0.689391,0.81165,-0.000131321
1568,0.689391,0.81165,-0.000131321
1569,0.689391,0.81165,-0.000131321
1570,0.677337,0.802894,0.000651936
1571,0.677337,0.802894,0.000651937
1572,0.686612,0.810176,0.00105177
1573,0.692334,0.815056,8.78079e-05
1574,0.69897,0.81868,0.00115039
1575,0.69897,0.81868,0.00115039
1576,0.69897,0.81868,0.00115039
1577,0.665426,0.79477,-0.000582803
1578,0.643955,0.781129,-0.000837879
1579,0.664747,0.794393,0.000584268
1580,0.664747,0.794393,0.000584268
1581,0.664747,0.794393,0.000584268
1582,0.664747,0.794393,0.000584268
1583,0.655946,0.787351,-0.00040799
1584,0.6385,0.775448,-0.000386023
1585,0.65498,0.788112,-0.000258262
1586,0.612345,0.749794,-0.00122005
1587,0.604022,0.736797,-0.00276107
1588,0.606335,0.72154,0.00116502
1589,0.574111,0.684965,-0.000604618
1590,0.574111,0.684965,-0.000604618
1591,0.574111,0.684965,-0.000604619
1592,0.61509,0.742585,-1.18594e-05
1593,0.61509,0.742585,-1.18594e-05
1594,0.61509,0.742585,-1.18594e-05
1595,0.613158,0.745668,0.000890608
1596,0.625441,0.759124,0.0019417
1597,0.596246,0.73322,-0.000504297
1598,0.596246,0.73322,-0.000504297
1599,0.600899,0.743683,-0.00144468
1600,0.613676,0.741368,-0.00158092
1601,0.57779,0.70835,0.00055865
1602,0.606588,0.735313,0.00149768
1603,0.606588,0.735313,0.00149768
1604,0.606588,0.735313,0.00149768
1605,0.606588,0.735313,0.00149768
1606,0.589722,0.729974,-0.000176048
1607,0.589722,0.729974,-0.000176048
1608,0.589722,0.729974,-0.000176048
1609,0.594315,0.73627,-0.000975103
1610,0.608323,0.745914,5.40159e-05
1611,0.588983,0.717885,0.000487444
1612,0.565439,0.703551,-0.00201954
1613,0.561338,0.681429,0.000703566
1614,0.561338,0.681429,0.000703566
1615,0.567062,0.70078,0.0012171
1616,0.567062,0.70078,0.0012171
1617,0.565381,0.698889,0.000601068
1618,0.5396,0.666339,-0.00108612
1619,0.5396,0.666339,-0.00108612
1620,0.54863,0.655465,0.00144172
1621,0.554073,0.683505,-0.00219905
1622,0.554073,0.683505,-0.00219905
1623,0.543793,0.681919,-0.00204883
1624,0.551298,0.689317,0.00178941
1625,0.551298,0.689317,0.00178941
1626,0.551298,0.689317,0.00178941
1627,0.54523,0.675,-0.00126337
1628,0.54523,0.675,-0.00126337
1629,0.551256,0.691234,-0.00273681
1630,0.587659,0.724056,-0.000243578
1631,0.587659,0.724056,-0.000243578
1632,0.587659,0.724056,-0.000243578
1633,0.591278,0.728627,0.000205783
1634,0.591278,0.728627,0.000205783
1635,0.561522,0.69652,0.00136869
1636,0.536001,0.676175,-0.000492235
1637,0.523584,0.647253,0.000318922
1638,0.523584,0.647253,0.000318922
1639,0.53488,0.65847,-0.000103211
1640,0.53488,0.65847,-0.000103211
1641,0.513761,0.641785,-0.00244872
1642,0.541066,0.676105,-0.00148732
1643,0.541066,0.676105,-0.00148732
1644,0.545206,0.684808,-0.000168685
1645,0.545206,0.684808,-0.000168685
1646,0.555009,0.693285,0.00236108
1647,0.527881,0.669305,0.000915605
1648,0.522963,0.659271,0.000239536
1649,0.551198,0.686211,-0.000104321
1650,0.551198,0.686211,-0.000104321
1651,0.524891,0.662865,-0.00278748
1652,0.524891,0.662865,-0.00278748
1653,0.523665,0.66395,0.000464115
1654,0.527438,0.664263,-0.00019817
1655,0.525853,0.641585,0.000647053
1656,0.525853,0.641585,0.000647053
1657,0.542893,0.664826,4.18602e-05
1658,0.542893,0.664826,4.18602e-05
1659,0.542893,0.664826,4.18602e-05
1660,0.533142,0.648952,9.16687e-05
1661,0.533142,0.648952,9.16689e-05
1662,0.533795,0.619905,0.00304959
1663,0.517729,0.596545,0.00012253
1664,0.486293,0.589521,-0.00132438
1665,0.486293,0.589521,-0.00132438
1666,0.484117,0.589385,-0.00155805
1667,0.461568,0.546854,0.00264104
1668,0.461568,0.546854,0.00264104
1669,0.466718,0.565866,-0.00177841
1670,0.466718,0.565866,-0.00177841
1671,0.478125,0.563037,-0.00254127
1672,0.478125,0.563037,-0.00254127
1673,0.498072,0.590503,0.00173026
1674,0.498072,0.590503,0.00173026
1675,0.512753,0.598453,-0.00143424
1676,0.507812,0.577114,0.000248401
1677,0.507812,0.577114,0.000248401
1678,0.479877,0.573496,-0.00168518
1679,0.502738,0.623057,-0.00104975
1680,0.502738,0.623057,-0.00104975
1681,0.502738,0.623057,-0.00104975
1682,0.489418,0.567176,-0.000449602
1683,0.487994,0.50302,-0.000622808
1684,0.512894,0.607261,0.0016977
1685,0.52504,0.650406,-0.00252251
1686,0.540063,0.650525,-0.00243323
1687,0.525434,0.637351,-0.00298541
1688,0.504961,0.627266,-0.00398117
1689,0.522043,0.644896,-0.000313562
1690,0.522043,0.644896,-0.000313562
1691,0.526811,0.648847,0.00149787
1692,0.562746,0.698228,0.00240656
1693,0.562746,0.698228,0.00240656
1694,0.545379,0.672234,-0.000131427
1695,0.545379,0.672234,-0.000131427
1696,0.540547,0.667737,0.00084311
1697,0.540547,0.667737,0.00084311
1698,0.540547,0.667737,0.00084311
1699,0.540547,0.667737,0.00084311
1700,0.552431,0.673322,-0.00234786
1701,0.552431,0.673322,-0.00234786
1702,0.528962,0.644371,0.000483404
1703,0.509006,0.625491,-0.00213651
1704,0.49785,0.615706,-0.000980715
1705,0.49785,0.615706,-0.000980715
1706,0.53912,0.675397,-0.000505361
1707,0.565125,0.690269,0.00193906
1708,0.563441,0.701046,0.000530397
1709,0.563441,0.701046,0.000530397
1710,0.57351,0.696169,0.00148784
1711,0.57351,0.696169,0.00148784
1712,0.61846,0.744211,-0.00162714
1713,0.61846,0.744211,-0.00162714
1714,0.61846,0.744211,-0.00162714
1715,0.61846,0.744211,-0.00162714
1716,0.61846,0.744211,-0.00162714
1717,0.576561,0.699052,-0.000918813
1718,0.60834,0.744793,6.47937e-05
1719,0.604964,0.74564,0.000730016
1720,0.617023,0.752921,-0.000695558
1721,0.620176,0.75351,9.97004e-05
1722,0.646003,0.773499,0.000182782
1723,0.646003,0.773499,0.000182782
1724,0.625647,0.754204,0.00145278
1725,0.625647,0.754204,0.00145278
1726,0.618837,0.754319,-0.00114959
1727,0.618837,0.754319,-0.00114959
1728,0.618837,0.754319,-0.00114959
1729,0.65708,0.785848,-0.00123254
1730,0.65708,0.785848,-0.00123254
1731,0.630867,0.767082,-0.000434805
1732,0.64696,0.781116,0.0011836
1733,0.64696,0.781116,0.0011836
1734,0.614247,0.758416,0.000648542
1735,0.59848,0.747117,-0.00104978
1736,0.618102,0.758071,-0.000504729
1737,0.598115,0.738764,-0.001062
1738,0.601316,0.739759,0.000803817
1739,0.602514,0.744495,0.0010131
1740,0.602514,0.744495,0.0010131
1741,0.55744,0.702071,0.000133635
1742,0.566062,0.710953,-0.000591909
1743,0.573018,0.709171,-0.00160447
1744,0.54611,0.672606,0.00168062
1745,0.540349,0.679614,0.000166928
1746,0.552543,0.69165,0.00128866
1747,0.565182,0.698346,0.00143097
1748,0.571498,0.698314,-0.00145492
1749,0.577861,0.706925,-0.000896988
1750,0.558443,0.688119,0.000350748
1751,0.577365,0.719393,-0.000102787
1752,0.604187,0.739319,0.000463814
1753,0.604187,0.739319,0.000463814
1754,0.608104,0.734443,-0.000344595
1755,0.593914,0.720492,0.000343622
1756,0.58601,0.713151,-0.0010238
1757,0.583642,0.724612,0.000827537
1758,0.584476,0.719611,-0.00173075
1759,0.581646,0.704483,-0.00124472
1760,0.581646,0.704483,-0.00124472
1761,0.581646,0.704483,-0.00124472
1762,0.559211,0.666134,-0.00104524
1763,0.559211,0.666134,-0.00104524
1764,0.559211,0.666134,-0.00104524
1765,0.571356,0.679527,-0.000329025
1766,0.571356,0.679527,-0.000329025
1767,0.561235,0.678889,0.0011905
1768,0.551996,0.650702,-0.00091612
1769,0.551996,0.650702,-0.00091612
1770,0.551996,0.650702,-0.00091612
1771,0.557809,0.674455,-0.00337646
1772,0.558793,0.679652,-0.00164779
1773,0.558793,0.679652,-0.00164779
1774,0.564403,0.683236,0.000225504
1775,0.566589,0.666572,-0.000988323
1776,0.566589,0.666572,-0.000988323
1777,0.582462,0.69939,-0.00134174
1778,0.566857,0.682651,0.000609814
1779,0.538835,0.643177,0.00204327
1780,0.539863,0.655088,-0.00128716
1781,0.539863,0.655088,-0.00128716
1782,0.539863,0.655088,-0.00128716
1783,0.539863,0.655088,-0.00128716
1784,0.523479,0.649801,-0.000808487
1785,0.523479,0.649801,-0.000808487
1786,0.514998,0.630325,0.000393555
1787,0.542411,0.663615,-0.00154041
1788,0.514729,0.628806,0.000494449
1789,0.52073,0.655577,0.000359111
1790,0.557857,0.692632,0.00175101
1791,0.562067,0.706642,-0.000491744
1792,0.565674,0.71108,-0.00070919
1793,0.565674,0.71108,-0.00070919
1794,0.565674,0.71108,-0.00070919
1795,0.564043,0.704474,0.000122958
1796,0.564043,0.704474,0.000122958
1797,0.564043,0.704474,0.000122958
1798,0.564043,0.704474,0.000122958
1799,0.564043,0.704474,0.000122958
1800,0.524663,0.653659,-0.000325836
1801,0.540949,0.670429,0.00109633
1802,0.553333,0.696603,-0.0013762
1803,0.553333,0.696603,-0.0013762
1804,0.577841,0.713233,0.000368076
1805,0.577841,0.713233,0.000368076
1806,0.54931,0.695586,0.000377622
1807,0.54931,0.695586,0.000377622
1808,0.537671,0.689117,-0.00138251
1809,0.565108,0.713681,-0.00139108
1810,0.63023,0.772372,0.00077856
1811,0.63023,0.772372,0.00077856
1812,0.634093,0.773588,0.001159
1813,0.634093,0.773588,0.001159
1814,0.630631,0.769264,4.14328e-05
1815,0.630631,0.769264,4.14328e-05
1816,0.66189,0.797839,-0.000436679
1817,0.610657,0.752884,-3.94781e-05
1818,0.609715,0.753068,0.00144308
1819,0.609715,0.753068,0.00144308
1820,0.609715,0.753068,0.00144308
1821,0.609715,0.753068,0.00144308
1822,0.642183,0.781102,0.000202959
1823,0.642183,0.781102,0.000202959
1824,0.642183,0.781102,0.000202959
1825,0.637708,0.77846,0.000371415
1826,0.637708,0.77846,0.000371415
1827,0.627923,0.768838,0.000365058
1828,0.627923,0.768838,0.000365058
1829,0.669558,0.802103,0.00117526
1830,0.669558,0.802103,0.00117526
1831,0.669558,0.802103,0.00117526
1832,0.669558,0.802103,0.00117526
1833,0.669558,0.802103,0.00117526
1834,0.669558,0.802103,0.00117526
1835,0.633458,0.776974,0.000439437
1836,0.646999,0.786091,8.93455e-05
1837,0.646999,0.786091,8.93455e-05
1838,0.646999,0.786091,8.93455e-05
1839,0.646999,0.786091,8.93455e-05
1840,0.647691,0.786711,0.000882023
1841,0.647151,0.786131,0.000530131
1842,0.614794,0.759845,0.000255939
1843,0.633782,0.776527,-0.0018089
1844,0.633782,0.776527,-0.0018089
1845,0.613376,0.760455,-0.000676451
1846,0.610437,0.757147,-0.000494523
1847,0.569887,0.72235,-0.000296866
1848,0.574122,0.724966,-0.00130009
1849,0.548873,0.694936,0.000165568
1850,0.551675,0.709559,-0.00129415
1851,0.540169,0.696651,-0.00140767
1852,0.526581,0.685972,0.000673206
1853,0.554587,0.70732,-0.000343797
1854,0.554587,0.70732,-0.000343797
1855,0.589497,0.741346,-0.00122442
1856,0.580483,0.723124,1.00699e-06
1857,0.580483,0.723124,1.00699e-06
1858,0.605062,0.750149,-0.000789277
1859,0.605062,0.750149,-0.000789277
1860,0.599144,0.737268,-0.000430438
1861,0.599292,0.730458,0.000946655
1862,0.599292,0.730458,0.000946655
1863,0.581169,0.721055,0.000974396
1864,0.581169,0.721055,0.000974396
1865,0.581169,0.721055,0.000974396
1866,0.581169,0.721055,0.000974396
1867,0.606757,0.736623,-0.000502861
1868,0.606757,0.736623,-0.000502861
1869,0.598615,0.732225,-0.00135838
1870,0.598615,0.732225,-0.00135838
1871,0.605313,0.735375,-0.00144578
1872,0.593465,0.721075,0.000678907
1873,0.593465,0.721075,0.000678907
1874,0.58335,0.70585,0.00204933
1875,0.58335,0.70585,0.00204933
1876,0.55977,0.690253,-0.000852175
1877,0.596209,0.731145,0.000511426
1878,0.56886,0.705688,0.000244124
1879,0.529273,0.641601,-0.000334584
1880,0.515169,0.594238,0.000307433
1881,0.512867,0.607142,-0.00144359
1882,0.512867,0.607142,-0.00144359
1883,0.513886,0.622718,0.000441788
1884,0.533778,0.632956,0.0012251
1885,0.499397,0.581601,-0.0019316
1886,0.492975,0.59234,-0.00216584
1887,0.502446,0.604373,-0.00217215
1888,0.503392,0.607002,-0.00101089
1889,0.520795,0.594091,-0.000135953
1890,0.520795,0.594091,-0.000135953
1891,0.520795,0.594091,-0.000135953
1892,0.504537,0.585528,0.000544244
1893,0.529864,0.623075,-8.22771e-05
1894,0.551315,0.678797,-0.00323125
1895,0.567324,0.691826,-0.000249802
1896,0.581354,0.717591,-0.00103432
1897,0.570958,0.702424,-0.00140772
1898,0.570958,0.702424,-0.00140772
1899,0.584742,0.70235,-0.000311833
1900,0.593663,0.721502,0.000589435
1901,0.593663,0.721502,0.000589435
1902,0.593989,0.721895,-0.00202077
1903,0.640198,0.766556,0.00130451
1904,0.648721,0.777944,-0.000673863
1905,0.627296,0.763246,0.00139109
1906,0.606406,0.746947,-0.00285901
1907,0.632109,0.766437,8.72265e-05
1908,0.63899,0.768995,-0.000557801
1909,0.666968,0.788963,0.000548984
1910,0.666968,0.788963,0.000548984
1911,0.640755,0.767609,-0.00088907
1912,0.640036,0.770859,0.000816457
1913,0.640036,0.770859,0.000816457
1914,0.603555,0.739433,-0.00110332
1915,0.642484,0.775478,0.00104067
1916,0.644239,0.774556,-0.000157164
1917,0.676326,0.802794,9.18974e-05
1918,0.681405,0.80598,0.00188656
1919,0.681405,0.80598,0.00188656
1920,0.681405,0.80598,0.00188656
1921,0.681405,0.80598,0.00188656
1922,0.672418,0.799973,2.05799e-05
1923,0.657311,0.788636,0.000473809
1924,0.639941,0.774879,-0.000240999
1925,0.637241,0.769034,0.000867985
1926,0.647913,0.776072,0.000303606
1927,0.647913,0.776072,0.000303606
1928,0.658577,0.786311,0.000518766
1929,0.658577,0.786311,0.000518766
1930,0.658577,0.786311,0.000518766
1931,0.658577,0.786311,0.000518766
1932,0.658577,0.786311,0.000518766
1933,0.644807,0.771754,-0.000280366
1934,0.644807,0.771754,-0.000280366
1935,0.621988,0.756268,0.00271527
1936,0.634905,0.768257,0.00016533
1937,0.620944,0.754471,-0.00105464
1938,0.620944,0.754471,-0.00105464
1939,0.620944,0.754471,-0.00105464
1940,0.625725,0.760764,-0.000283183
1941,0.620074,0.752339,-0.000684062
1942,0.61967,0.75322,-0.00116614
1943,0.665372,0.795472,0.000869947
1944,0.665372,0.795472,0.000869947
1945,0.665372,0.795472,0.000869947
1946,0.642409,0.775017,0.000914368
1947,0.620856,0.75717,0.000366129
1948,0.604354,0.740083,-0.000764075
1949,0.599436,0.737167,0.000865598
1950,0.599436,0.737167,0.000865598
1951,0.590946,0.724721,-5.58084e-05
1952,0.590946,0.724721,-5.58084e-05
1953,0.590946,0.724721,-5.58084e-05
1954,0.562758,0.687144,0.00132526
1955,0.562758,0.687144,0.00132526
1956,0.562411,0.692409,-0.000413019
1957,0.563933,0.688812,0.00175022
1958,0.563933,0.688812,0.00175022
1959,0.547875,0.665904,0.00158061
1960,0.569207,0.692306,0.000417454
1961,0.531755,0.649291,-7.51456e-06
1962,0.523865,0.638329,0.00187487
1963,0.535526,0.663578,0.0017809
1964,0.516097,0.633087,-8.5091e-06
1965,0.516097,0.633087,-8.5091e-06
1966,0.522113,0.629659,0.000655616
1967,0.51975,0.634482,0.00335789
1968,0.51975,0.634482,0.00335789
1969,0.498916,0.601445,-0.000592239
1970,0.498916,0.601445,-0.000592239
1971,0.493493,0.627952,-0.00392172
1972,0.506229,0.603966,0.000314231
1973,0.494818,0.580297,-0.000536665
1974,0.494818,0.580297,-0.000536665
1975,0.488264,0.565631,0.000993227
1976,0.488264,0.565631,0.000993227
1977,0.488264,0.565631,0.000993227
1978,0.50437,0.601918,0.000289982
1979,0.50437,0.601918,0.000289982
1980,0.50437,0.601918,0.000289982
1981,0.51724,0.623747,0.00282464
1982,0.50335,0.600774,0.00488351
1983,0.558944,0.683186,-0.000835921
1984,0.541782,0.675447,-0.00162439
1985,0.506659,0.638845,0.0014956
1986,0.521081,0.65331,0.00041829
1987,0.521081,0.65331,0.00041829
1988,0.532605,0.670729,0.00135034
1989,0.532605,0.670729,0.00135034
1990,0.52293,0.665888,-0.000361079
1991,0.52293,0.665888,-0.000361079
1992,0.546365,0.675556,0.00156068
1993,0.543991,0.681851,0.000642948
1994,0.543991,0.681851,0.000642948
1995,0.515837,0.664026,0.000341542
1996,0.552578,0.691303,-0.00172508
1997,0.55549,0.67121,-0.000622504
1998,0.550216,0.685642,0.000165813
1999,0.550216,0.685642,0.000165813
2000,0.550216,0.685642,0.000165813
2001,0.542327,0.662084,-0.000426114
2002,0.54189,0.65688,-0.00192739
2003,0.569504,0.694221,-0.00241374
2004,0.569504,0.694221,-0.00241374
2005,0.569504,0.694221,-0.00241374
2006,0.572506,0.702563,-0.0012011
2007,0.563228,0.69811,-0.000984412
2008,0.558819,0.686772,-0.00169896
2009,0.536086,0.650607,0.00212307
2010,0.515906,0.627919,-0.00119339
2011,0.50372,0.5967,0.000960455
2012,0.526003,0.626,0.000958664
2013,0.526003,0.626,0.000958664
2014,0.503211,0.632859,-0.000299283
2015,0.549705,0.678056,0.000416567
2016,0.57186,0.715406,-0.00122954
2017,0.579421,0.71579,0.000993825
2018,0.582468,0.714742,0.00108932
2019,0.585172,0.726011,-0.0023554
2020,0.585172,0.726011,-0.0023554
2021,0.583082,0.713539,-0.000524453
2022,0.583082,0.713539,-0.000524453
2023,0.583082,0.713539,-0.000524453
2024,0.583082,0.713539,-0.000524453
2025,0.592081,0.731433,0.000748897
2026,0.567956,0.711165,0.00096891
2027,0.541623,0.68423,-0.00144179
2028,0.572492,0.704467,-0.000876372
2029,0.572492,0.704467,-0.000876372
2030,0.545731,0.681206,-0.00143588
2031,0.56306,0.696452,0.000237997
2032,0.56306,0.696452,0.000237997
2033,0.56306,0.696452,0.000237997
2034,0.579861,0.721683,0.000163682
2035,0.578188,0.717835,0.00124607
2036,0.583429,0.710114,0.0022558
2037,0.579777,0.703218,0.00127069
2038,0.574781,0.705428,0.00112537
2039,0.553153,0.682159,-0.000967975
2040,0.553153,0.682159,-0.000967975
2041,0.55911,0.679481,-0.000717918
2042,0.534233,0.650713,-0.00150443
2043,0.526204,0.646193,-0.000982643
2044,0.526204,0.646193,-0.000982643
2045,0.53762,0.638042,-0.00229778
2046,0.527743,0.625013,0.00303456
2047,0.527743,0.625013,0.00303456
2048,0.520844,0.596878,0.000782787
2049,0.506105,0.551581,-0.00124223
2050,0.512524,0.571977,0.00271268
2051,0.506563,0.586638,5.178e-05
2052,0.522937,0.579363,0.000308026
2053,0.549293,0.623654,0.00199018
2054,0.541542,0.633851,-0.00150846
2055,0.541542,0.633851,-0.00150846
2056,0.541542,0.633851,-0.00150846
2057,0.541542,0.633851,-0.00150846
2058,0.541542,0.633851,-0.00150846
2059,0.539268,0.628855,0.000518838
2060,0.539268,0.628855,0.000518838
2061,0.538471,0.62903,-0.000157914
2062,0.538471,0.62903,-0.000157914
2063,0.549474,0.600567,0.000563312
2064,0.549474,0.600567,0.000563312
2065,0.534963,0.641022,-0.000345427
2066,0.503146,0.609474,-0.000674303
2067,0.503146,0.609474,-0.000674303
2068,0.503146,0.609474,-0.000674303
2069,0.485807,0.601748,-0.000420616
2070,0.494287,0.615914,0.00335393
2071,0.494287,0.615914,0.00335393
2072,0.493628,0.607807,0.000887016
2073,0.493628,0.607807,0.000887016
2074,0.467237,0.568914,0.00179915
2075,0.467237,0.568914,0.00179915
2076,0.481299,0.602401,-0.00118781
2077,0.48842,0.615596,-0.00172478
2078,0.488285,0.583566,-0.000599157
2079,0.475359,0.589988,0.0001315
2080,0.468382,0.554098,-0.000234813
2081,0.47465,0.587161,-0.000865374
2082,0.47465,0.587161,-0.000865374
2083,0.47465,0.587161,-0.000865374
2084,0.485915,0.605396,-4.15492e-05
2085,0.485915,0.605396,-4.15492e-05
2086,0.45229,0.53304,0.00156
2087,0.47174,0.548939,-0.00136233
2088,0.47174,0.548939,-0.00136233
2089,0.47174,0.548939,-0.00136233
2090,0.436126,0.543111,0.000786341
2091,0.464895,0.591019,-0.000850174
2092,0.464895,0.591019,-0.000850174
2093,0.454538,0.590028,0.00101371
2094,0.499513,0.636396,-0.00158787
2095,0.486882,0.630993,0.00150522
2096,0.486882,0.630993,0.00150522
2097,0.51518,0.662249,0.00181988
2098,0.482836,0.622571,0.000643293
2099,0.525296,0.65541,0.000604395
2100,0.507787,0.634373,0.00162289
2101,0.5231,0.660455,0.00138287
2102,0.549424,0.669157,-0.000901185
2103,0.554801,0.69037,-0.00148327
2104,0.554801,0.69037,-0.00148327
2105,0.536282,0.682193,-0.000442432
2106,0.51087,0.643657,-0.00103911
2107,0.523863,0.659922,-0.00232748
2108,0.570349,0.711167,-0.00105387
2109,0.570349,0.711167,-0.00105387
2110,0.583033,0.72323,-0.000355725
2111,0.566339,0.694588,0.000379532
2112,0.533124,0.661732,-0.000792182
2113,0.51802,0.651763,0.00158305
2114,0.530849,0.662019,0.0017107
2115,0.550479,0.694027,0.000873727
2116,0.550479,0.694027,0.000873727
2117,0.550999,0.690609,-0.000857119
2118,0.523742,0.657334,-0.000442758
2119,0.525611,0.666042,0.00161047
2120,0.52217,0.638858,-0.000463035
2121,0.54006,0.683446,0.000483779
2122,0.54006,0.683446,0.000483779
2123,0.58285,0.702888,0.000458835
2124,0.603769,0.735899,0.00070115
2125,0.620384,0.751889,-0.00076637
2126,0.620384,0.751889,-0.00076637
2127,0.58633,0.716709,6.40296e-05
2128,0.58633,0.716709,6.40296e-05
2129,0.583564,0.71606,0.00096589
2130,0.562137,0.708017,0.000487742
2131,0.569009,0.715173,-0.000964706
2132,0.569009,0.715173,-0.000964706
2133,0.558998,0.705848,0.000938104
2134,0.551756,0.702466,-0.00150375
2135,0.558416,0.700153,8.239e-05
2136,0.597121,0.73128,-0.00182201
2137,0.583364,0.718563,0.00188144
2138,0.583364,0.718563,0.00188144
2139,0.610504,0.753777,-0.00147335
2140,0.557901,0.700264,0.000210358
2141,0.584671,0.726743,-0.00161776
2142,0.584671,0.726743,-0.00161776
2143,0.563446,0.706915,-0.000231612
2144,0.54418,0.685181,0.00387216
2145,0.539206,0.680202,0.00105965
2146,0.52549,0.651849,0.00212667
2147,0.544441,0.68135,0.000832114
2148,0.575054,0.717305,0.00246558
2149,0.582134,0.718878,0.0020534
2150,0.541154,0.685136,0.000934535
2151,0.568949,0.705184,0.0003597
2152,0.558797,0.693717,-0.00130811
2153,0.561593,0.701222,0.00201866
2154,0.561593,0.701222,0.00201866
2155,0.561593,0.701222,0.00201866
2156,0.577746,0.724108,-0.000707209
2157,0.545599,0.695663,0.000457212
2158,0.532014,0.682593,0.000247143
2159,0.549868,0.690822,-0.000139153
2160,0.523372,0.649381,0.000371974
2161,0.558887,0.681907,0.00248321
2162,0.558887,0.681907,0.00248321
2163,0.53107,0.65576,-0.00123767
2164,0.558738,0.69011,0.00032287
2165,0.543758,0.674353,5.3466e-05
2166,0.543758,0.674353,5.3466e-05
2167,0.559149,0.685874,-0.00127239
2168,0.556211,0.680012,-0.00107741
2169,0.556211,0.680012,-0.00107741
2170,0.59675,0.727226,0.00119911
2171,0.586888,0.714805,-0.000124387
2172,0.586888,0.714805,-0.000124387
2173,0.597315,0.731693,-0.00106164
2174,0.605851,0.736195,0.000641925
2175,0.605851,0.736195,0.000641925
2176,0.605851,0.736195,0.000641925
2177,0.605851,0.736195,0.000641925
2178,0.640052,0.774061,1.83571e-05
2179,0.642735,0.772,0.00103315
2180,0.642735,0.772,0.00103315
2181,0.650064,0.779927,-0.000793466
2182,0.650064,0.779927,-0.000793466
2183,0.650064,0.779927,-0.000793466
2184,0.632657,0.762689,0.000379371
2185,0.627209,0.755851,-0.00130933
2186,0.627893,0.761281,-0.000298375
2187,0.627893,0.761281,-0.000298375
2188,0.648178,0.781127,-0.00169772
2189,0.651135,0.783321,0.000588427
2190,0.651135,0.783321,0.000588427
2191,0.626836,0.760147,0.000312912
2192,0.661783,0.789974,-0.000286637
2193,0.665632,0.794634,-0.000982882
2194,0.665632,0.794634,-0.000982882
2195,0.664108,0.791075,0.000598774
2196,0.683899,0.806271,8.07484e-05
2197,0.704466,0.820927,-0.000388723
2198,0.695509,0.81713,0.000909478
2199,0.70403,0.820615,0.000399997
2200,0.738199,0.846053,-0.000189789
2201,0.738199,0.846053,-0.000189789
2202,0.757546,0.86059,-0.000690093
2203,0.757546,0.86059,-0.000690093
2204,0.757546,0.86059,-0.000690093
2205,0.757546,0.86059,-0.000690093
2206,0.757546,0.86059,-0.000690093
2207,0.757546,0.86059,-0.000690093
2208,0.767796,0.867551,0.000399604
2209,0.740852,0.851511,0.00107795
2210,0.740852,0.851511,0.00107795
2211,0.729575,0.843593,0.000294957
2212,0.729575,0.843593,0.000294957
2213,0.729575,0.843593,0.000294957
2214,0.729575,0.843593,0.000294957
2215,0.741492,0.850372,0.00135403
2216,0.728964,0.843693,-0.000501024
2217,0.728964,0.843693,-0.000501024
2218,0.713796,0.830964,0.000830479
2219,0.716837,0.833782,-0.000850384
2220,0.722123,0.837306,0.000199088
2221,0.722123,0.837306,0.000199088
2222,0.722123,0.837306,0.000199088
2223,0.710948,0.826757,0.00029049
2224,0.721399,0.833002,0.00121465
2225,0.721399,0.833002,0.00121465
2226,0.70999,0.822878,0.00079215
2227,0.70306,0.820904,0.00137182
2228,0.687666,0.810162,-0.000853548
2229,0.687666,0.810162,-0.000853548
2230,0.681422,0.805437,-0.000469776
2231,0.672845,0.793354,-2.98884e-05
2232,0.672224,0.791383,-0.000398169
2233,0.672224,0.791383,-0.000398169
2234,0.688598,0.808836,6.70198e-05
2235,0.66104,0.784296,-0.000594705
2236,0.676101,0.799776,0.000148053
2237,0.667783,0.793301,-0.000417607
2238,0.668619,0.792614,-0.000727828
2239,0.663941,0.785447,-0.000720601
2240,0.663941,0.785447,-0.000720601
2241,0.663941,0.785447,-0.0007206
2242,0.692189,0.80928,-0.000272145
2243,0.692189,0.80928,-0.000272145
2244,0.702381,0.817855,-0.000123009
2245,0.702381,0.817855,-0.000123009
2246,0.70815,0.824824,0.000188885
2247,0.661406,0.78718,-0.000225815
2248,0.62453,0.754074,5.14046e-05
2249,0.659032,0.783219,-0.000178694
2250,0.651143,0.777614,0.000187657
2251,0.642406,0.769446,0.000470523
2252,0.658513,0.783477,0.000129027
2253,0.658513,0.783477,0.000129027
2254,0.67431,0.793872,-0.000173314
2255,0.67431,0.793872,-0.000173314
2256,0.661126,0.786158,6.88044e-05
2257,0.670396,0.790864,0.00107484
2258,0.711587,0.828186,0.00105531
2259,0.711587,0.828186,0.00105531
2260,0.711587,0.828186,0.00105531
2261,0.685018,0.802245,0.00130544
2262,0.693527,0.805973,-0.000281137
2263,0.693527,0.805973,-0.000281137
2264,0.693527,0.805973,-0.000281137
2265,0.693527,0.805973,-0.000281137
2266,0.693527,0.805973,-0.000281137
2267,0.667151,0.784094,1.56905e-05
2268,0.669247,0.788578,-0.00154605
2269,0.669247,0.788578,-0.00154605
2270,0.669247,0.788578,-0.00154605
2271,0.670791,0.789653,0.00144426
2272,0.670791,0.789653,0.00144426
2273,0.680284,0.800373,0.000654561
2274,0.696507,0.812836,5.24825e-05
2275,0.696507,0.812836,5.24825e-05
2276,0.696507,0.812836,5.24825e-05
2277,0.695664,0.808683,-0.000441158
2278,0.695664,0.808683,-0.000441158
2279,0.693308,0.80971,4.07434e-05
2280,0.690357,0.809746,0.000234807
2281,0.721642,0.832736,-0.00113706
2282,0.721642,0.832736,-0.00113706
2283,0.69414,0.81249,3.29668e-05
2284,0.69414,0.81249,3.29668e-05
2285,0.698736,0.813186,-0.000436317
2286,0.696869,0.80942,0.000210241
2287,0.696869,0.80942,0.000210241
2288,0.696869,0.80942,0.000210241
2289,0.696869,0.80942,0.000210241
2290,0.696869,0.80942,0.000210241
2291,0.683007,0.798733,-0.000779645
2292,0.683007,0.798733,-0.000779645
2293,0.683007,0.798733,-0.000779645
2294,0.686173,0.798503,-0.000791488
2295,0.663855,0.785107,0.00108334
2296,0.663855,0.785107,0.00108334
2297,0.663855,0.785107,0.00108334
2298,0.663855,0.785107,0.00108334
2299,0.635305,0.757396,0.00157586
2300,0.63487,0.759479,3.98308e-05
2301,0.589473,0.709196,0.000427472
2302,0.604958,0.730157,0.00133092
2303,0.634081,0.751856,-0.000440017
2304,0.627858,0.744119,-0.000368608
2305,0.630435,0.743452,0.000773559
2306,0.630435,0.743452,0.000773559
2307,0.630435,0.743452,0.000773559
2308,0.606432,0.722796,-4.4642e-05
2309,0.609668,0.731429,-0.000205185
2310,0.568545,0.684572,0.000740182
2311,0.568545,0.684572,0.000740182
2312,0.568545,0.684572,0.000740182
2313,0.592331,0.720053,0.00157651
2314,0.598421,0.718369,0.000425962
2315,0.598421,0.718369,0.000425962
2316,0.617184,0.740401,-0.000599461
2317,0.615391,0.743766,-0.000393485
2318,0.583682,0.708045,0.000111505
2319,0.582141,0.709564,0.00115808
2320,0.588485,0.71042,0.000987172
2321,0.588485,0.71042,0.000987172
2322,0.604771,0.727658,0.000164024
2323,0.609972,0.727545,0.000553422
2324,0.60989,0.730742,0.000758015
2325,0.621041,0.747208,0.000474068
2326,0.607073,0.741617,-0.000274784
2327,0.611413,0.741245,-0.000779541
2328,0.611413,0.741245,-0.000779541
2329,0.593887,0.73033,0.00162198
2330,0.568986,0.705055,-0.000442044
2331,0.592478,0.7226,-0.00144209
2332,0.61732,0.750027,-0.000131571
2333,0.61732,0.750027,-0.000131571
2334,0.61732,0.750027,-0.000131571
2335,0.616553,0.735095,0.00249723
2336,0.592622,0.711159,-0.000949464
2337,0.592622,0.711159,-0.000949464
2338,0.592622,0.711159,-0.000949464
2339,0.592622,0.711159,-0.000949464
2340,0.592622,0.711159,-0.000949464
2341,0.592622,0.711159,-0.000949464
2342,0.622431,0.74972,0.000713254
2343,0.63577,0.76427,-0.000322558
2344,0.63577,0.76427,-0.000322558
2345,0.681751,0.79953,-0.000383768
2346,0.681751,0.79953,-0.000383768
2347,0.681751,0.79953,-0.000383768
2348,0.681751,0.79953,-0.000383768
2349,0.681751,0.79953,-0.000383768
2350,0.681751,0.79953,-0.000383768
2351,0.681751,0.79953,-0.000383768
2352,0.681751,0.79953,-0.000383768
2353,0.681751,0.79953,-0.000383768
2354,0.681751,0.79953,-0.000383768
2355,0.681751,0.79953,-0.000383768
2356,0.696671,0.812888,0.0011346
2357,0.696671,0.812888,0.0011346
2358,0.696671,0.812888,0.0011346
2359,0.696671,0.812888,0.0011346
2360,0.668594,0.792219,-0.000447112
2361,0.676873,0.802313,-0.00091492
2362,0.676873,0.802313,-0.00091492
2363,0.668559,0.797887,-0.00115071
2364,0.6466,0.780742,-3.56821e-05
2365,0.637484,0.773269,-0.00155091
2366,0.619819,0.757404,-0.00245215
2367,0.619819,0.757404,-0.00245215
2368,0.619819,0.757404,-0.00245215
2369,0.642197,0.78014,-0.000818233
2370,0.642197,0.78014,-0.000818233
2371,0.650577,0.782525,-0.000607909
2372,0.650577,0.782525,-0.000607909
2373,0.650577,0.782525,-0.000607909
2374,0.676527,0.802587,-6.1987e-05
2375,0.671417,0.791246,7.12335e-05
2376,0.642583,0.767978,0.000606342
2377,0.643178,0.765608,0.000355114
2378,0.670278,0.793978,-0.00101621
2379,0.648502,0.776759,-0.000969225
2380,0.661939,0.790082,-0.00138898
2381,0.661939,0.790082,-0.00138898
2382,0.700646,0.815719,0.0010503
2383,0.700646,0.815719,0.0010503
2384,0.687779,0.808917,-0.000200155
2385,0.698518,0.816958,7.3664e-05
2386,0.709549,0.823755,-0.000394939
2387,0.685612,0.806586,-0.00128341
2388,0.737618,0.846054,-0.000781703
2389,0.737618,0.846054,-0.000781703
2390,0.717281,0.829979,-0.000133043
2391,0.725482,0.835417,9.72874e-05
2392,0.725482,0.835417,9.72874e-05
2393,0.725482,0.835417,9.72874e-05
2394,0.725482,0.835417,9.72874e-05
2395,0.725482,0.835417,9.72874e-05
2396,0.720658,0.831777,-0.000547389
2397,0.713189,0.827028,0.00056045
2398,0.713189,0.827028,0.00056045
2399,0.711486,0.826727,-0.000581435
2400,0.740816,0.848982,0.000378468
2401,0.723674,0.836212,0.00042666
2402,0.719557,0.832572,-0.000187556
2403,0.707521,0.824496,-0.00026861
2404,0.707343,0.824939,-0.000251173
2405,0.677016,0.804895,0.000145435
2406,0.688336,0.813988,-0.000922111
2407,0.688336,0.813988,-0.000922111
2408,0.696498,0.818107,0.00035531
2409,0.696498,0.818107,0.00035531
2410,0.696498,0.818107,0.00035531
2411,0.714163,0.831697,-0.000949522
2412,0.714163,0.831697,-0.000949522
2413,0.706576,0.825747,-0.000193271
2414,0.706576,0.825747,-0.000193271
2415,0.706576,0.825747,-0.000193271
2416,0.706576,0.825747,-0.000193271
2417,0.706576,0.825747,-0.000193271
2418,0.706576,0.825747,-0.000193271
2419,0.675669,0.802377,-0.00172242
2420,0.653411,0.783564,-9.15639e-05
2421,0.671163,0.794461,-0.00104079
2422,0.64739,0.775441,-0.000115282
2423,0.641897,0.76651,0.000349454
2424,0.649364,0.772922,0.00065975
2425,0.63795,0.763226,0.000414115
2426,0.63795,0.763226,0.000414115
2427,0.63795,0.763226,0.000414115
2428,0.693695,0.812187,0.000111639
2429,0.666931,0.786647,4.42018e-05
2430,0.657261,0.776885,4.85504e-05
2431,0.647577,0.771568,0.000722012
2432,0.648376,0.772263,0.000995327
2433,0.674884,0.796743,-0.000839203
2434,0.674884,0.796743,-0.000839203
2435,0.674884,0.796743,-0.000839203
2436,0.706383,0.821522,-7.05155e-05
2437,0.706383,0.821522,-7.05155e-05
2438,0.706383,0.821522,-7.05155e-05
2439,0.671538,0.793492,-0.00119403
2440,0.671538,0.793492,-0.00119403
2441,0.671538,0.793492,-0.00119403
2442,0.660873,0.785344,-0.000631358
2443,0.676059,0.796261,-0.000430608
2444,0.680296,0.800292,0.00161289
2445,0.690088,0.807495,0.00106094
2446,0.690088,0.807495,0.00106094
2447,0.69045,0.811747,-0.000504858
2448,0.69045,0.811747,-0.000504858
2449,0.707094,0.818824,-0.00170387
2450,0.714293,0.826771,-0.00081261
2451,0.714293,0.826771,-0.00081261
2452,0.716184,0.83258,0.000167139
2453,0.716184,0.83258,0.000167139
2454,0.727637,0.841114,-0.00106727
2455,0.697516,0.818286,-0.000360712
2456,0.677485,0.80652,-0.000903474
2457,0.693311,0.816633,-0.00111171
2458,0.702526,0.823114,0.000500164
2459,0.702526,0.823114,0.000500164
2460,0.694592,0.81641,-0.000320903
2461,0.694592,0.81641,-0.000320903
2462,0.669723,0.794963,-0.000768468
2463,0.669723,0.794963,-0.000768468
2464,0.669723,0.794963,-0.000768468
2465,0.696757,0.815101,-0.000286602
2466,0.696757,0.815101,-0.000286602
2467,0.675357,0.805311,0.000555613
2468,0.709872,0.829553,0.000452166
2469,0.703136,0.825893,-5.82587e-06
2470,0.708331,0.829183,0.000167697
2471,0.708331,0.829183,0.000167697
2472,0.681261,0.805983,-0.000301934
2473,0.697356,0.817683,0.000149971
2474,0.735238,0.842642,0.000337791
2475,0.735238,0.842642,0.000337791
2476,0.757451,0.858382,0.000359177
2477,0.757451,0.858382,0.000359177
2478,0.715666,0.824831,0.000488161
2479,0.715666,0.824831,0.000488161
2480,0.735038,0.84296,0.00161397
2481,0.741054,0.849074,0.000359329
2482,0.741054,0.849074,0.000359329
2483,0.72954,0.841371,-0.00103213
2484,0.729242,0.840143,-4.23437e-05
2485,0.776258,0.873184,-0.000586684
2486,0.776258,0.873184,-0.000586684
2487,0.741769,0.850049,-0.00118469
2488,0.741769,0.850049,-0.00118469
2489,0.72108,0.833424,-0.000231442
2490,0.72108,0.833424,-0.000231442
2491,0.72017,0.834605,8.33322e-05
2492,0.738903,0.848994,-0.00051795
2493,0.748008,0.855712,-0.000622779
2494,0.748008,0.855712,-0.000622779
2495,0.721132,0.833951,6.88155e-07
2496,0.708865,0.824443,0.000269777
2497,0.734516,0.843194,0.000102022
2498,0.734516,0.843194,0.000102022
2499,0.718162,0.831905,-0.00149013
2500,0.718162,0.831905,-0.00149013
2501,0.73063,0.842543,-0.000435814
2502,0.73063,0.842543,-0.000435814
2503,0.73063,0.842543,-0.000435814
2504,0.736227,0.846141,0.000751387
2505,0.699895,0.819483,0.000247662
2506,0.691824,0.81179,-0.0010964
2507,0.70836,0.824116,0.000594236
2508,0.70836,0.824116,0.000594236
2509,0.694274,0.812608,0.000183507
2510,0.69508,0.815194,-0.000259943
2511,0.69508,0.815194,-0.000259943
2512,0.694939,0.811783,-0.000219032
2513,0.705023,0.819676,-0.000416827
2514,0.691421,0.809759,0.000151753
2515,0.691421,0.809759,0.000151753
2516,0.691421,0.809759,0.000151753
2517,0.691421,0.809759,0.000151753
2518,0.691421,0.809759,0.000151753
2519,0.70555,0.823283,-6.02973e-05
2520,0.702385,0.821589,-1.45957e-05
2521,0.694383,0.813273,-0.000572206
2522,0.70299,0.817437,0.00107047
2523,0.70299,0.817437,0.00107047
2524,0.727765,0.839186,-0.000612821
2525,0.727765,0.839186,-0.000612821
2526,0.737539,0.845948,0.000335156
2527,0.733686,0.840474,0.000487794
2528,0.687124,0.805108,0.000599302
2529,0.675917,0.796878,-0.00121244
2530,0.663856,0.785723,0.000675445
2531,0.663856,0.785723,0.000675445
2532,0.665729,0.788413,0.000166517
2533,0.665729,0.788413,0.000166517
2534,0.680449,0.797397,-0.000290309
2535,0.663229,0.777759,-0.00113354
2536,0.663229,0.777759,-0.00113354
2537,0.680742,0.790155,-0.00224137
2538,0.675922,0.7801,-0.000486746
2539,0.675922,0.7801,-0.000486746
2540,0.675922,0.7801,-0.000486746
2541,0.692878,0.801129,0.00103312
2542,0.692878,0.801129,0.00103312
2543,0.692878,0.801129,0.00103312
2544,0.682913,0.798084,-0.00102348
2545,0.700299,0.816449,0.00167759
2546,0.700299,0.816449,0.00167759
2547,0.696944,0.811451,-0.000678633
2548,0.696944,0.811451,-0.000678633
2549,0.696944,0.811451,-0.000678633
2550,0.696944,0.811451,-0.000678633
2551,0.723193,0.834068,-0.000838776
2552,0.71294,0.824535,0.000463349
2553,0.71294,0.824535,0.000463349
2554,0.704002,0.816727,0.000799709
2555,0.726926,0.836416,0.00106795
2556,0.726926,0.836416,0.00106795
2557,0.726926,0.836416,0.00106795
2558,0.726926,0.836416,0.00106795
2559,0.726926,0.836416,0.00106795
2560,0.726926,0.836416,0.00106795
2561,0.747014,0.851606,-0.00156031
2562,0.772985,0.869562,-0.000641971
2563,0.756754,0.85819,5.61519e-05
2564,0.756754,0.85819,5.61519e-05
2565,0.778999,0.873919,0.00116053
2566,0.761494,0.861885,0.000313918
2567,0.761494,0.861885,0.000313918
2568,0.761494,0.861885,0.000313918
2569,0.761494,0.861885,0.000313918
2570,0.767977,0.865051,-0.000725933
2571,0.767977,0.865051,-0.000725933
2572,0.767977,0.865051,-0.000725933
2573,0.766657,0.865164,-0.000760664
2574,0.766657,0.865164,-0.000760664
2575,0.784744,0.877216,-0.00124811
2576,0.784744,0.877216,-0.00124811
2577,0.784744,0.877216,-0.00124811
2578,0.784744,0.877216,-0.00124811
2579,0.802538,0.888936,-0.00010759
2580,0.802538,0.888936,-0.00010759
2581,0.802538,0.888936,-0.00010759
2582,0.790654,0.880975,-0.000619178
2583,0.777021,0.872363,-0.000580419
2584,0.77135,0.867761,-0.000142662
2585,0.77135,0.867761,-0.000142662
2586,0.781042,0.873555,-6.97094e-05
2587,0.791416,0.88158,-4.43179e-05
2588,0.791416,0.88158,-4.43179e-05
2589,0.791416,0.88158,-4.43179e-05
2590,0.791416,0.88158,-4.43179e-05
2591,0.791416,0.88158,-4.43179e-05
2592,0.791416,0.88158,-4.43179e-05
2593,0.791416,0.88158,-4.43179e-05
2594,0.791416,0.88158,-4.43179e-05
2595,0.788671,0.880258,-0.000212019
2596,0.777172,0.872584,-0.00106421
2597,0.754332,0.855736,-0.000526519
2598,0.754332,0.855736,-0.000526519
2599,0.754332,0.855736,-0.000526519
2600,0.755338,0.856128,-7.79208e-05
2601,0.752646,0.857039,-0.000209917
2602,0.734845,0.843098,-0.000322251
2603,0.757092,0.857905,0.000733256
2604,0.757092,0.857905,0.000733256
2605,0.734839,0.842313,-0.000288024
2606,0.734839,0.842313,-0.000288024
2607,0.734839,0.842313,-0.000288024
2608,0.74973,0.853468,0.000552775
2609,0.74973,0.853468,0.000552775
2610,0.728849,0.839522,0.000285082
2611,0.75175,0.857026,-0.000737032
2612,0.75175,0.857026,-0.000737032
2613,0.739879,0.84655,0.000695524
2614,0.75397,0.855325,-0.000242538
2615,0.75397,0.855325,-0.000242538
2616,0.75397,0.855325,-0.000242538
2617,0.719158,0.828648,0.000143532
2618,0.722127,0.833724,-0.000253601
2619,0.733667,0.841995,-0.000166741
2620,0.733667,0.841995,-0.000166741
2621,0.733667,0.841995,-0.000166741
2622,0.732481,0.841869,0.000689304
2623,0.714168,0.828139,0.000472216
2624,0.711196,0.826194,-9.22035e-05
2625,0.720691,0.83303,0.000339268
2626,0.720691,0.83303,0.000339268
2627,0.699124,0.816853,-0.0011263
2628,0.699124,0.816853,-0.0011263
2629,0.693696,0.811535,0.000659805
2630,0.693696,0.811535,0.000659805
2631,0.693696,0.811535,0.000659805
2632,0.693696,0.811535,0.000659805
2633,0.683488,0.802325,-6.15501e-05
2634,0.681863,0.801191,-0.000572829
2635,0.649249,0.771451,-0.000522196
2636,0.652359,0.779016,0.000320171
2637,0.638881,0.762619,-0.000397121
2638,0.638881,0.762619,-0.000397121
2639,0.635721,0.751749,0.00156773
2640,0.64768,0.753803,0.00135492
2641,0.64768,0.753803,0.00135492
2642,0.62026,0.741559,-0.000675894
2643,0.584744,0.706359,0.000980968
2644,0.584744,0.706359,0.000980968
2645,0.603086,0.728062,-0.000175917
2646,0.589471,0.717751,0.000241167
2647,0.589471,0.717751,0.000241167
2648,0.620486,0.747089,-0.000456689
2649,0.575809,0.705615,-0.00140318
2650,0.575809,0.705615,-0.00140318
2651,0.607442,0.732,-0.000452471
2652,0.597358,0.721835,0.000230997
2653,0.58387,0.711243,0.000641565
2654,0.579102,0.711525,0.00255012
2655,0.578548,0.709634,-0.000575349
2656,0.593438,0.730514,-0.000546519
2657,0.593438,0.730514,-0.000546519
2658,0.593438,0.730514,-0.000546519
2659,0.585563,0.720867,-7.49912e-05
2660,0.594563,0.721341,-0.000426851
2661,0.55493,0.695928,-0.0010503
2662,0.553598,0.697281,-0.000558741
2663,0.553598,0.697281,-0.000558741
2664,0.557053,0.697907,5.03759e-05
2665,0.558802,0.70415,-0.000271103
2666,0.606288,0.748161,0.00158832
2667,0.629384,0.768532,-0.00029302
2668,0.615926,0.752384,0.000211063
2669,0.645349,0.778085,0.000118941
2670,0.623141,0.756346,-0.00104074
2671,0.623141,0.756346,-0.00104074
2672,0.600739,0.736219,-0.000943424
2673,0.631326,0.767522,0.000610494
2674,0.612461,0.750359,0.000360353
2675,0.62686,0.758884,1.60944e-05
2676,0.62686,0.758884,1.60944e-05
2677,0.622289,0.758455,0.00117209
2678,0.625877,0.758802,0.00107038
2679,0.625877,0.758802,0.00107038
2680,0.625877,0.758802,0.00107038
2681,0.625877,0.758802,0.00107038
2682,0.6246,0.761148,0.000125981
2683,0.6246,0.761148,0.000125981
2684,0.6246,0.761148,0.000125981
2685,0.6246,0.761148,0.000125981
2686,0.63578,0.774185,-0.000333618
2687,0.654147,0.789236,0.000669113
2688,0.654147,0.789236,0.000669113
2689,0.654147,0.789236,0.000669113
2690,0.634802,0.77444,-0.000474833
2691,0.634802,0.77444,-0.000474833
2692,0.646969,0.784293,-0.000553243
2693,0.646969,0.784293,-0.000553243
2694,0.646969,0.784293,-0.000553243
2695,0.646969,0.784293,-0.000553243
2696,0.64152,0.781789,-0.000403459
2697,0.622255,0.757843,0.000772584
2698,0.622255,0.757843,0.000772584
2699,0.622255,0.757843,0.000772584
2700,0.622255,0.757843,0.000772584
2701,0.622255,0.757843,0.000772584
2702,0.606501,0.747592,0.00083168
2703,0.618157,0.754638,-0.000971285
2704,0.623989,0.763317,0.000269409
2705,0.623989,0.763317,0.000269409
2706,0.651187,0.787906,0.000359604
2707,0.651187,0.787906,0.000359604
2708,0.651187,0.787906,0.000359604
2709,0.619636,0.764332,-0.00116883
2710,0.619636,0.764332,-0.00116883
2711,0.612066,0.7571,0.00120748
2712,0.612066,0.7571,0.00120748
2713,0.591552,0.74149,0.000897917
2714,0.572577,0.723776,-8.7238e-05
2715,0.572577,0.723776,-8.7238e-05
2716,0.569361,0.718861,0.000234955
2717,0.569361,0.718861,0.000234955
2718,0.569361,0.718861,0.000234955
2719,0.582281,0.731079,0.00132737
2720,0.557481,0.702239,-0.000928496
2721,0.549928,0.683928,-0.00129874
2722,0.549928,0.683928,-0.00129874
2723,0.547761,0.687764,-0.00138804
2724,0.547761,0.687764,-0.00138804
2725,0.550178,0.681131,-0.0012756
2726,0.550178,0.681131,-0.0012756
2727,0.563413,0.696145,0.00122114
2728,0.556111,0.697341,-0.000149354
2729,0.580772,0.725736,0.000308491
2730,0.580772,0.725736,0.000308491
2731,0.543478,0.690305,0.00115715
2732,0.541192,0.679674,-0.000220423
2733,0.569895,0.715605,0.000189213
2734,0.569895,0.715605,0.000189213
2735,0.506805,0.644164,-0.00105976
2736,0.506805,0.644164,-0.00105976
2737,0.506805,0.644164,-0.00105976
2738,0.506805,0.644164,-0.00105976
2739,0.553275,0.70389,-7.11657e-05
2740,0.580873,0.727592,4.47788e-05
2741,0.595658,0.740944,0.000708625
2742,0.595658,0.740944,0.000708625
2743,0.595658,0.740944,0.000708625
2744,0.560285,0.707393,-7.62327e-05
2745,0.560285,0.707393,-7.62327e-05
2746,0.560285,0.707393,-7.62327e-05
2747,0.552874,0.690199,0.000491752
2748,0.544428,0.691703,0.000863156
2749,0.544428,0.691703,0.000863156
2750,0.544891,0.689279,0.000637415
2751,0.544891,0.689279,0.000637415
2752,0.544891,0.689279,0.000637415
2753,0.558626,0.686112,-0.000327245
2754,0.548132,0.673513,-0.000261969
2755,0.548132,0.673513,-0.000261969
2756,0.548132,0.673513,-0.000261969
2757,0.548132,0.673513,-0.000261969
2758,0.554362,0.686068,-0.000340864
2759,0.554362,0.686068,-0.000340864
2760,0.53702,0.652595,0.000194822
2761,0.534176,0.663315,0.00218615
2762,0.534176,0.663315,0.00218615
2763,0.534176,0.663315,0.00218615
2764,0.534176,0.663315,0.00218615
2765,0.555791,0.671248,-0.00119946
2766,0.555791,0.671248,-0.00119946
2767,0.535675,0.631848,0.000998867
2768,0.529165,0.626525,0.00123817
2769,0.529165,0.626525,0.00123817
2770,0.529165,0.626525,0.00123817
2771,0.529165,0.626525,0.00123817
2772,0.540372,0.608466,0.0019313
2773,0.533461,0.61844,0.000374352
2774,0.532628,0.620726,0.00152171
2775,0.521672,0.620309,-0.000717952
2776,0.521672,0.620309,-0.000717952
2777,0.521672,0.620309,-0.000717952
2778,0.545166,0.614065,0.000548095
2779,0.570116,0.666511,-0.00112568
2780,0.570116,0.666511,-0.00112568
2781,0.583803,0.710066,0.00223695
2782,0.583803,0.710066,0.00223695
2783,0.570318,0.704753,-0.000981219
2784,0.556081,0.670911,0.00163834
2785,0.553806,0.672499,-0.000232439
2786,0.547895,0.685938,0.00101681
2787,0.547895,0.685938,0.00101681
2788,0.537013,0.668962,0.00198234
2789,0.537013,0.668962,0.00198234
2790,0.537013,0.668962,0.00198234
2791,0.566399,0.712765,-0.000350399
2792,0.582428,0.726255,-0.000939487
2793,0.531239,0.67786,-0.00018345
2794,0.51836,0.664465,0.000157703
2795,0.549447,0.698555,0.000372888
2796,0.556645,0.692506,0.00159904
2797,0.590767,0.733647,0.000312897
2798,0.590767,0.733647,0.000312897
2799,0.600472,0.741795,-0.000128676
2800,0.621172,0.752473,0.000539472
2801,0.621172,0.752473,0.000539472
2802,0.621172,0.752473,0.000539472
2803,0.621172,0.752473,0.000539472
2804,0.621172,0.752473,0.000539472
2805,0.58672,0.724605,-6.99938e-05
2806,0.59354,0.728788,0.000654389
2807,0.59354,0.728788,0.000654389
2808,0.59354,0.728788,0.000654389
2809,0.59354,0.728788,0.000654389
2810,0.593608,0.726185,0.00073343
2811,0.591456,0.724056,-0.000213449
2812,0.603668,0.738094,-0.000759561
2813,0.603668,0.738094,-0.000759561
2814,0.603668,0.738094,-0.000759561
2815,0.636055,0.766812,0.000481882
2816,0.650382,0.784036,0.000857985
2817,0.617613,0.759416,-0.000108383
2818,0.617613,0.759416,-0.000108383
2819,0.636181,0.774693,0.00139205
2820,0.605993,0.753054,-0.000430173
2821,0.59125,0.738177,-7.03118e-05
2822,0.59125,0.738177,-7.03118e-05
2823,0.610577,0.751777,0.000543748
2824,0.610577,0.751777,0.000543748
2825,0.610577,0.751777,0.000543748
2826,0.627736,0.764105,-0.000617834
2827,0.621641,0.755672,-0.000150596
2828,0.621641,0.755672,-0.000150596
2829,0.621641,0.755672,-0.000150596
2830,0.6142,0.743472,-7.28676e-05
2831,0.6142,0.743472,-7.28677e-05
2832,0.614796,0.74879,-0.000141642
2833,0.614796,0.74879,-0.000141642
2834,0.5933,0.738505,1.55526e-05
2835,0.599325,0.742463,-0.000399745
2836,0.586153,0.71946,0.000307943
2837,0.580767,0.718454,-0.0010856
2838,0.580767,0.718454,-0.0010856
2839,0.580767,0.718454,-0.0010856
2840,0.562872,0.699368,-0.000191855
2841,0.56788,0.705529,-0.00145568
2842,0.56788,0.705529,-0.00145568
2843,0.54098,0.676561,-0.00256547
2844,0.54098,0.676561,-0.00256547
2845,0.539714,0.667364,0.000213216
2846,0.539714,0.667364,0.000213216
2847,0.498306,0.61693,-0.00292051
2848,0.523932,0.640538,0.00224684
2849,0.523932,0.640538,0.00224684
2850,0.523932,0.640538,0.00224684
2851,0.531144,0.63462,-0.000825597
2852,0.492425,0.59745,0.000909385
2853,0.492425,0.59745,0.000909385
2854,0.510589,0.581839,0.00150106
2855,0.494221,0.611394,0.00155674
2856,0.496489,0.623978,-0.00147561
2857,0.510969,0.638699,-0.00235885
2858,0.510969,0.638699,-0.00235885
2859,0.501725,0.607864,3.34669e-05
2860,0.479311,0.59597,0.000555767
2861,0.479311,0.59597,0.000555766
2862,0.474904,0.522469,6.46027e-05
2863,0.474904,0.522469,6.46027e-05
2864,0.51806,0.603171,2.62638e-05
2865,0.502171,0.571478,-0.00107315
2866,0.517175,0.577448,-0.000289418
2867,0.511131,0.582223,0.00369127
2868,0.511131,0.582223,0.00369127
2869,0.557267,0.689152,0.000298906
2870,0.564592,0.689751,-0.00163048
2871,0.579644,0.701995,-0.00060344
2872,0.579644,0.701995,-0.00060344
2873,0.579644,0.701995,-0.00060344
2874,0.57654,0.700573,-0.00204657
2875,0.586312,0.710407,-0.0012996
2876,0.586312,0.710407,-0.0012996
2877,0.578217,0.711003,-0.000845245
2878,0.598323,0.729843,8.83108e-05
2879,0.598323,0.729843,8.83108e-05
2880,0.598323,0.729843,8.83108e-05
2881,0.598323,0.729843,8.83107e-05
2882,0.619072,0.747514,0.00193941
2883,0.619072,0.747514,0.00193941
2884,0.618874,0.749623,0.00105909
2885,0.58842,0.703413,0.000561427
2886,0.58842,0.703413,0.000561427
2887,0.58926,0.717273,0.000714524
2888,0.564546,0.696665,0.000453035
2889,0.548078,0.6943,-0.000169278
2890,0.555584,0.698758,-0.0010779
2891,0.581381,0.717424,0.000629842
2892,0.584888,0.726764,-5.95488e-05
2893,0.577147,0.720433,0.000318444
2894,0.612038,0.752061,-0.000296493
2895,0.618483,0.755113,0.00120782
2896,0.622834,0.759506,-0.0010815
2897,0.602879,0.741343,0.000792113
2898,0.617691,0.75375,0.000741735
2899,0.611396,0.744949,0.0012561
2900,0.611396,0.744949,0.0012561
2901,0.611396,0.744949,0.0012561
2902,0.63383,0.76762,-0.000600123
2903,0.621137,0.757654,-0.000944335
2904,0.628635,0.765378,0.000161585
2905,0.628635,0.765378,0.000161585
2906,0.618734,0.755989,0.00104285
2907,0.610618,0.741695,-0.00165868
2908,0.605065,0.739906,-0.0010403
2909,0.59762,0.727363,-0.000859828
2910,0.628362,0.762744,1.78295e-05
2911,0.628362,0.762744,1.78295e-05
2912,0.628362,0.762744,1.78295e-05
2913,0.597777,0.728875,-0.000493296
2914,0.597777,0.728875,-0.000493296
2915,0.615252,0.740108,-0.00121658
2916,0.624733,0.747123,-0.000119137
2917,0.64026,0.767249,-0.000880202
2918,0.64026,0.767249,-0.000880202
2919,0.6226,0.750986,-7.98925e-05
2920,0.617148,0.750649,0.000428299
2921,0.617148,0.750649,0.000428299
2922,0.625634,0.756665,0.000403141
2923,0.628615,0.757912,0.000432936
2924,0.631765,0.762159,0.000128016
2925,0.631765,0.762159,0.000128016
2926,0.647269,0.776633,0.00058184
2927,0.654977,0.779833,0.0016221
2928,0.644739,0.772703,0.000629205
2929,0.644739,0.772703,0.000629205
2930,0.644739,0.772703,0.000629205
2931,0.629355,0.759633,4.403e-05
2932,0.636631,0.764703,-0.000794609
2933,0.638747,0.764106,0.000849424
2934,0.638747,0.764106,0.000849424
2935,0.649889,0.773483,0.000382989
2936,0.649889,0.773483,0.000382989
2937,0.64532,0.773661,-0.000210328
2938,0.64532,0.773661,-0.000210328
2939,0.62616,0.756723,-4.84617e-06
2940,0.645921,0.772393,-0.000152868
2941,0.642562,0.765388,-0.00137156
2942,0.639065,0.754832,0.000760694
2943,0.635964,0.738987,0.000706238
2944,0.624743,0.72125,-0.000395573
2945,0.602776,0.707586,0.00187388
2946,0.602776,0.707586,0.00187388
2947,0.596288,0.709626,7.10909e-05
2948,0.596288,0.709626,7.10909e-05
2949,0.571553,0.682023,7.55302e-05
2950,0.554957,0.659341,-0.000266846
2951,0.554957,0.659341,-0.000266846
2952,0.558342,0.681647,0.00189401
2953,0.595731,0.723545,-0.000848045
2954,0.595731,0.723545,-0.000848045
2955,0.573593,0.713649,0.00205786
2956,0.595844,0.734942,-0.000308292
2957,0.591557,0.7295,0.00171973
2958,0.591557,0.7295,0.00171973
2959,0.603655,0.745116,4.43839e-06
2960,0.603258,0.743558,-0.00113341
2961,0.633664,0.767311,0.00151406
2962,0.633664,0.767311,0.00151406
2963,0.654355,0.784594,-0.000144399
2964,0.654355,0.784594,-0.000144399
2965,0.652205,0.780496,0.000930751
2966,0.652205,0.780496,0.000930751
2967,0.676044,0.802676,-0.000497154
2968,0.648425,0.779522,-7.4812e-05
2969,0.654906,0.788731,-0.000172611
2970,0.677826,0.80593,0.000263612
2971,0.677826,0.80593,0.000263612
2972,0.677826,0.80593,0.000263612
2973,0.673605,0.803418,-0.000386396
2974,0.673605,0.803418,-0.000386396
2975,0.668199,0.794413,0.000128417
2976,0.651967,0.781016,-0.00173554
2977,0.670874,0.796408,-0.00058215
2978,0.670874,0.796408,-0.00058215
2979,0.670874,0.796408,-0.00058215
2980,0.671007,0.798653,0.000484996
2981,0.671007,0.798653,0.000484996
2982,0.682589,0.806489,-0.00103018
2983,0.648754,0.775324,0.00111846
2984,0.674775,0.795666,0.000375542
2985,0.670338,0.785168,-7.21525e-05
2986,0.684517,0.802442,-0.00122404
2987,0.698491,0.816968,-0.000457644
2988,0.71632,0.830776,-0.000817059
2989,0.740575,0.847402,0.0011894
2990,0.740575,0.847402,0.0011894
2991,0.731368,0.841292,0.000275478
2992,0.702377,0.820797,0.000738361
2993,0.702377,0.820797,0.000738361
2994,0.689419,0.810323,-0.00107284
2995,0.686899,0.804618,0.000133287
2996,0.688675,0.808854,-0.000328135
2997,0.670918,0.794576,0.000958317
2998,0.703509,0.82279,0.00108811
2999,0.703509,0.82279,0.00108811
3000,0.688126,0.810975,-0.00102393
