MDTU,|Tr(Lx)|,|Tr(Ly)|
1,0.033311,0.0354889
2,0.033311,0.0354889
3,0.033311,0.0354889
4,0.033311,0.0354889
5,0.033311,0.0354889
6,0.033311,0.0354889
7,0.0448753,0.042558
8,0.0497841,0.0292199
9,0.0497841,0.0292199
10,0.0492154,0.0366522
11,0.0492154,0.0366522
12,0.0588126,0.0334441
13,0.0434428,0.0434661
14,0.0327206,0.0416019
15,0.042929,0.0495155
16,0.042929,0.0495155
17,0.042929,0.0495155
18,0.0501805,0.0300656
19,0.0501805,0.0300656
20,0.0501805,0.0300656
21,0.0501805,0.0300656
22,0.0374625,0.0457587
23,0.0374625,0.0457587
24,0.0374625,0.0457587
25,0.0374625,0.0457587
26,0.0461722,0.0482194
27,0.0461722,0.0482194
28,0.0461722,0.0482194
29,0.0461722,0.0482194
30,0.0461722,0.0482194
31,0.0295333,0.0459514
32,0.0295333,0.0459514
33,0.0295333,0.0459514
34,0.0171401,0.0474035
35,0.0171401,0.0474035
36,0.012233,0.0456654
37,0.012233,0.0456654
38,0.0190533,0.0611525
39,0.0190533,0.0611525
40,0.0270195,0.0458464
41,0.0151534,0.0516561
42,0.0199599,0.058334
43,0.00663447,0.0502792
44,0.00663447,0.0502792
45,0.00663447,0.0502792
46,0.0337563,0.0449022
47,0.0373571,0.0501334
48,0.0373571,0.0501334
49,0.0445181,0.0509987
50,0.0596358,0.0730002
51,0.0596358,0.0730002
52,0.0446821,0.0818358
53,0.0259415,0.107401
54,0.0259415,0.107401
55,0.00857904,0.107253
56,0.0369426,0.0791322
57,0.0303177,0.0869232
58,0.00473776,0.10304
59,0.0748499,0.0894963
60,0.0748499,0.0894963
61,0.0575489,0.075411
62,0.0358104,0.064472
63,0.0358104,0.064472
64,0.0705407,0.0740236
65,0.067814,0.0639872
66,0.067814,0.0639872
67,0.067814,0.0639872
68,0.0246148,0.0464385
69,0.0246148,0.0464385
70,0.0595264,0.0692443
71,0.0459076,0.0383292
72,0.0459076,0.0383292
73,0.0459076,0.0383292
74,0.0459076,0.0383292
75,0.0408131,0.0149789
76,0.0444016,0.0437612
77,0.0482075,0.0338906
78,0.0655396,0.0138876
79,0.0655396,0.0138876
80,0.0867126,0.0343464
81,0.0656486,0.0269156
82,0.0585475,0.0373524
83,0.0585475,0.0373524
84,0.056938,0.037405
85,0.056938,0.037405
86,0.057985,0.0426376
87,0.0469581,0.0677584
88,0.0827584,0.0494579
89,0.0910446,0.0461534
90,0.0910446,0.0461534
91,0.0910446,0.0461534
92,0.10009,0.0544976
93,0.0969237,0.0772288
94,0.0823743,0.100653
95,0.0823743,0.100653
96,0.157376,0.0990506
97,0.125734,0.0814114
98,0.108252,0.0852228
99,0.108252,0.0852228
100,0.0724946,0.118017
101,0.0328588,0.0858345
102,0.0328101,0.112086
103,0.0328101,0.112086
104,0.0253423,0.0902108
105,0.0135535,0.0553416
106,0.045843,0.0644177
107,0.045843,0.0644177
108,0.0714218,0.062354
109,0.0994781,0.0672244
110,0.0742957,0.0974197
111,0.0614518,0.106848
112,0.0837552,0.113173
113,0.0724283,0.090594
114,0.0326699,0.143583
115,0.0701214,0.136116
116,0.0701214,0.136116
117,0.0701214,0.136116
118,0.0701214,0.136116
119,0.0849799,0.149038
120,0.060783,0.111478
121,0.068867,0.11636
122,0.115499,0.126515
123,0.115499,0.126515
124,0.115499,0.126515
125,0.0747025,0.130838
126,0.0747025,0.130838
127,0.0747025,0.130838
128,0.116176,0.121464
129,0.167824,0.185586
130,0.189621,0.188487
131,0.159711,0.191493
132,0.159711,0.191493
133,0.128205,0.181041
134,0.201353,0.23137
135,0.282688,0.198311
136,0.282688,0.198311
137,0.282688,0.198311
138,0.174831,0.228865
139,0.210419,0.253153
140,0.176942,0.25994
141,0.170351,0.251119
142,0.170351,0.251119
143,0.181302,0.26214
144,0.13927,0.242379
145,0.13927,0.242379
146,0.119441,0.162628
147,0.123416,0.168064
148,0.123416,0.168064
149,0.132642,0.220695
150,0.103601,0.210528
151,0.177377,0.272678
152,0.158407,0.190518
153,0.116197,0.244096
154,0.12909,0.210699
155,0.12909,0.210699
156,0.161577,0.277831
157,0.161577,0.277831
158,0.217086,0.191859
159,0.207062,0.233092
160,0.198269,0.270058
161,0.165061,0.318231
162,0.173817,0.304356
163,0.18618,0.314348
164,0.153986,0.285865
165,0.175415,0.339138
166,0.197849,0.297889
167,0.0999904,0.325255
168,0.0594292,0.261315
169,0.0594292,0.261315
170,0.0593197,0.194619
171,0.0566881,0.186467
172,0.131634,0.224474
173,0.108733,0.257852
174,0.115689,0.21913
175,0.124771,0.234951
176,0.0828522,0.174264
177,0.0873604,0.136296
178,0.0873604,0.136296
179,0.104888,0.199828
180,0.145203,0.195319
181,0.222051,0.165395
182,0.167412,0.260999
183,0.167412,0.260999
184,0.199026,0.204765
185,0.209059,0.211935
186,0.195463,0.256523
187,0.195463,0.256523
188,0.195463,0.256523
189,0.100437,0.177751
190,0.113574,0.229237
191,0.158567,0.147134
192,0.11047,0.180192
193,0.147848,0.133894
194,0.125093,0.146449
195,0.152973,0.094692
196,0.130427,0.121672
197,0.0933475,0.0994306
198,0.0704457,0.124361
199,0.0629118,0.142323
200,0.0922404,0.110908
201,0.100939,0.109643
202,0.0959367,0.0677167
203,0.0959367,0.0677167
204,0.185058,0.141417
205,0.101431,0.115711
206,0.0935085,0.150569
207,0.115008,0.166214
208,0.143525,0.116225
209,0.139951,0.123694
210,0.139306,0.0979281
211,0.139515,0.131849
212,0.139515,0.131849
213,0.18595,0.102453
214,0.189778,0.201687
215,0.189778,0.201687
216,0.18545,0.215541
217,0.227703,0.153606
218,0.227703,0.153606
219,0.150982,0.125442
220,0.199467,0.114703
221,0.167733,0.0792907
222,0.202551,0.107996
223,0.226552,0.117102
224,0.224106,0.133735
225,0.132651,0.0937302
226,0.132651,0.0937302
227,0.108622,0.0762819
228,0.108622,0.0762819
229,0.143527,0.152784
230,0.124327,0.0976779
231,0.127579,0.152381
232,0.0879691,0.0733963
233,0.0453683,0.123435
234,0.0888259,0.0784734
235,0.0928271,0.0262114
236,0.0589165,0.132581
237,0.0589165,0.132581
238,0.0589165,0.132581
239,0.0589165,0.132581
240,0.0849619,0.0807684
241,0.0638748,0.100734
242,0.0638748,0.100734
243,0.161893,0.186826
244,0.161893,0.186826
245,0.131899,0.179182
246,0.131899,0.179182
247,0.131899,0.179182
248,0.13503,0.228493
249,0.180993,0.196171
250,0.209113,0.230244
251,0.170055,0.176421
252,0.21072,0.139793
253,0.266549,0.114033
254,0.269578,0.180825
255,0.325514,0.0836765
256,0.277584,0.174219
257,0.264373,0.166517
258,0.285493,0.149731
259,0.181709,0.178724
260,0.181709,0.178724
261,0.181709,0.178724
262,0.193366,0.181995
263,0.107757,0.151169
264,0.174673,0.210196
265,0.143718,0.116992
266,0.151896,0.155538
267,0.181979,0.186017
268,0.181979,0.186017
269,0.217285,0.10792
270,0.187318,0.0639457
271,0.197427,0.0638936
272,0.257899,0.107993
273,0.257899,0.107993
274,0.16406,0.15161
275,0.146805,0.127263
276,0.247881,0.104999
277,0.197423,0.0393641
278,0.118174,0.0864778
279,0.176074,0.0690925
280,0.212263,0.122934
281,0.18085,0.117972
282,0.293793,0.152856
283,0.231111,0.111451
284,0.209564,0.132076
285,0.289761,0.226153
286,0.236986,0.102814
287,0.236986,0.102814
288,0.252263,0.165078
289,0.252695,0.164009
290,0.252695,0.164009
291,0.210585,0.234788
292,0.232705,0.239502
293,0.257195,0.263054
294,0.257195,0.263054
295,0.220909,0.35708
296,0.220909,0.35708
297,0.257702,0.286729
298,0.260454,0.287623
299,0.249084,0.342815
300,0.242737,0.280567
301,0.275062,0.246059
302,0.328093,0.260055
303,0.328093,0.260055
304,0.382259,0.286044
305,0.329915,0.222822
306,0.350766,0.208476
307,0.378138,0.222636
308,0.262435,0.267981
309,0.261101,0.260161
310,0.210329,0.331918
311,0.210329,0.331918
312,0.210329,0.331918
313,0.220565,0.300756
314,0.220565,0.300756
315,0.220565,0.300756
316,0.220565,0.300756
317,0.253954,0.341288
318,0.219618,0.417653
319,0.200584,0.380287
320,0.233283,0.338721
321,0.213259,0.338893
322,0.236365,0.327807
323,0.309139,0.311809
324,0.306086,0.247734
325,0.304587,0.246763
326,0.304587,0.246763
327,0.311723,0.29526
328,0.311723,0.29526
329,0.331139,0.303213
330,0.331887,0.35679
331,0.373441,0.294294
332,0.373441,0.294294
333,0.277145,0.237504
334,0.293122,0.249724
335,0.242511,0.207704
336,0.277706,0.195177
337,0.277706,0.195177
338,0.194434,0.191574
339,0.231732,0.182003
340,0.334327,0.134233
341,0.392109,0.184276
342,0.386626,0.216665
343,0.363915,0.254313
344,0.332297,0.226519
345,0.332297,0.226519
346,0.289993,0.216319
347,0.299238,0.177578
348,0.299238,0.177578
349,0.341997,0.284403
350,0.280844,0.306699
351,0.317263,0.320766
352,0.185975,0.317684
353,0.185975,0.317684
354,0.190899,0.311829
355,0.282013,0.336344
356,0.262647,0.246377
357,0.262647,0.246377
358,0.238846,0.238543
359,0.249133,0.274089
360,0.249133,0.274089
361,0.29992,0.289757
362,0.334946,0.276331
363,0.276957,0.239531
364,0.276957,0.239531
365,0.262025,0.239748
366,0.287396,0.237959
367,0.332982,0.289186
368,0.291747,0.192682
369,0.344744,0.206837
370,0.303518,0.243037
371,0.333253,0.202235
372,0.318433,0.229797
373,0.323685,0.244172
374,0.344507,0.172624
375,0.322369,0.218996
376,0.322369,0.218996
377,0.328646,0.261196
378,0.328646,0.261196
379,0.308913,0.282765
380,0.325845,0.25209
381,0.379309,0.295126
382,0.325683,0.267226
383,0.293497,0.286877
384,0.293497,0.286877
385,0.242289,0.289182
386,0.268594,0.266923
387,0.268594,0.266923
388,0.268594,0.266923
389,0.224747,0.282946
390,0.214693,0.326779
391,0.214693,0.326779
392,0.231189,0.308059
393,0.25839,0.399172
394,0.25839,0.399172
395,0.264067,0.434653
396,0.270197,0.508009
397,0.223312,0.432166
398,0.262456,0.354657
399,0.217858,0.394429
400,0.217858,0.394429
401,0.217858,0.394429
402,0.217858,0.394429
403,0.163732,0.359809
404,0.199951,0.399226
405,0.199951,0.399226
406,0.248243,0.416475
407,0.248243,0.416475
408,0.248243,0.416475
409,0.248243,0.416475
410,0.209438,0.393965
411,0.259174,0.386837
412,0.32551,0.391069
413,0.299872,0.427898
414,0.322596,0.406782
415,0.425729,0.430897
416,0.425729,0.430897
417,0.366824,0.399687
418,0.297229,0.427665
419,0.346455,0.42406
420,0.346455,0.42406
421,0.311041,0.477831
422,0.311041,0.477831
423,0.351518,0.450384
424,0.327584,0.337066
425,0.419237,0.3023
426,0.419237,0.3023
427,0.419237,0.3023
428,0.419237,0.3023
429,0.386137,0.32252
430,0.386137,0.32252
431,0.391637,0.31061
432,0.324692,0.23339
433,0.324692,0.23339
434,0.302085,0.271506
435,0.34193,0.215481
436,0.378191,0.252009
437,0.355455,0.26424
438,0.40974,0.190859
439,0.40974,0.190859
440,0.387978,0.218512
441,0.325072,0.188416
442,0.31504,0.230001
443,0.345565,0.240206
444,0.345565,0.240206
445,0.345565,0.240206
446,0.345565,0.240206
447,0.293648,0.210885
448,0.293648,0.210885
449,0.341856,0.246421
450,0.341856,0.246421
451,0.285518,0.216341
452,0.268084,0.181073
453,0.314134,0.155485
454,0.314134,0.155485
455,0.250339,0.200467
456,0.309473,0.114706
457,0.282905,0.190601
458,0.282905,0.190601
459,0.282905,0.190601
460,0.369173,0.124975
461,0.359418,0.17259
462,0.393712,0.205952
463,0.393712,0.205952
464,0.398659,0.265666
465,0.4063,0.16958
466,0.325533,0.206089
467,0.389484,0.280171
468,0.389484,0.280171
469,0.246399,0.356772
470,0.259739,0.363025
471,0.250603,0.399151
472,0.260682,0.449345
473,0.247158,0.426227
474,0.247158,0.426227
475,0.229162,0.324647
476,0.263938,0.450346
477,0.263938,0.450346
478,0.197674,0.482397
479,0.250041,0.335537
480,0.242531,0.37819
481,0.242531,0.37819
482,0.211912,0.224498
483,0.235876,0.207166
484,0.215842,0.253287
485,0.204738,0.321314
486,0.198523,0.276555
487,0.180246,0.321796
488,0.23357,0.253105
489,0.20505,0.285675
490,0.200633,0.304775
491,0.129932,0.363172
492,0.151877,0.3339
493,0.151877,0.3339
494,0.139665,0.270122
495,0.139665,0.270122
496,0.161252,0.414339
497,0.164651,0.371655
498,0.127234,0.325768
499,0.173669,0.379393
500,0.1465,0.348745
501,0.205784,0.316777
502,0.205784,0.316777
503,0.205784,0.316777
504,0.278622,0.232492
505,0.230373,0.22609
506,0.309823,0.193208
507,0.293464,0.238125
508,0.292129,0.270327
509,0.33886,0.248375
510,0.392662,0.257835
511,0.438556,0.257834
512,0.521938,0.228876
513,0.378376,0.257847
514,0.442388,0.203754
515,0.40223,0.221474
516,0.402898,0.197603
517,0.402898,0.197603
518,0.39333,0.199822
519,0.434689,0.196562
520,0.435031,0.208441
521,0.435031,0.208441
522,0.435031,0.208441
523,0.323318,0.256828
524,0.365331,0.199929
525,0.365331,0.199929
526,0.29797,0.22976
527,0.318134,0.229848
528,0.40377,0.272261
529,0.40377,0.272261
530,0.459181,0.307084
531,0.39866,0.380481
532,0.39866,0.380481
533,0.311274,0.286707
534,0.387059,0.304256
535,0.427096,0.257015
536,0.427096,0.257015
537,0.427096,0.257015
538,0.364777,0.323681
539,0.364777,0.323681
540,0.364777,0.323681
541,0.368286,0.278699
542,0.368286,0.278699
543,0.30775,0.299826
544,0.30775,0.299826
545,0.30775,0.299826
546,0.171421,0.313637
547,0.162461,0.337319
548,0.162461,0.337319
549,0.187051,0.343193
550,0.159298,0.304367
551,0.1728,0.28818
552,0.1728,0.28818
553,0.170895,0.224623
554,0.170895,0.224623
555,0.159853,0.307828
556,0.170236,0.24523
557,0.180808,0.252593
558,0.163408,0.166525
559,0.15907,0.182137
560,0.230037,0.265502
561,0.244069,0.231132
562,0.217265,0.254863
563,0.217265,0.254863
564,0.225415,0.225432
565,0.167676,0.21657
566,0.162475,0.162794
567,0.162475,0.162794
568,0.16822,0.0862428
569,0.228457,0.0681571
570,0.202601,0.129015
571,0.180968,0.1164
572,0.171172,0.0960377
573,0.126185,0.12176
574,0.036866,0.129374
575,0.0588861,0.109511
576,0.0588861,0.109511
577,0.0588861,0.109511
578,0.0443277,0.122051
579,0.0998745,0.0744678
580,0.116535,0.0864664
581,0.116535,0.0864664
582,0.0428679,0.15632
583,0.0104697,0.197376
584,0.0420057,0.183737
585,0.089134,0.228385
586,0.0432948,0.303132
587,0.101069,0.272278
588,0.0677271,0.2901
589,0.0115745,0.259348
590,0.150156,0.2871
591,0.13309,0.358137
592,0.0951309,0.415549
593,0.0951309,0.415549
594,0.0604065,0.481606
595,0.0891628,0.445721
596,0.10974,0.433145
597,0.126026,0.439043
598,0.106991,0.442864
599,0.106991,0.442864
600,0.0988433,0.398817
601,0.0730945,0.402114
602,0.100578,0.360092
603,0.136477,0.376883
604,0.0418413,0.40357
605,0.0553521,0.363185
606,0.0626378,0.357394
607,0.0424396,0.332543
608,0.0424396,0.332543
609,0.0741292,0.334951
610,0.11132,0.401714
611,0.11132,0.401714
612,0.141531,0.341273
613,0.115043,0.323946
614,0.115043,0.323946
615,0.158515,0.299262
616,0.137767,0.384128
617,0.137767,0.384128
618,0.099887,0.360264
619,0.099887,0.360264
620,0.12941,0.375172
621,0.12941,0.375172
622,0.172916,0.387572
623,0.140277,0.372269
624,0.0404611,0.354445
625,0.082856,0.425233
626,0.0537967,0.426706
627,0.0687249,0.494645
628,0.115118,0.465112
629,0.0995241,0.504542
630,0.100605,0.455805
631,0.100605,0.455805
632,0.100605,0.455805
633,0.126317,0.465183
634,0.101852,0.44083
635,0.110344,0.397104
636,0.110344,0.397104
637,0.152208,0.373658
638,0.141455,0.429224
639,0.131999,0.442577
640,0.164276,0.429614
641,0.15187,0.475734
642,0.15187,0.475734
643,0.119243,0.495889
644,0.0849477,0.49727
645,0.115168,0.519036
646,0.185328,0.487079
647,0.184403,0.443552
648,0.195189,0.494265
649,0.178955,0.49002
650,0.0855322,0.42527
651,0.0528135,0.438155
652,0.171276,0.404508
653,0.128844,0.412025
654,0.128844,0.412025
655,0.108695,0.476953
656,0.0830917,0.433983
657,0.0830917,0.433983
658,0.14184,0.434585
659,0.141661,0.416769
660,0.236553,0.388763
661,0.236553,0.388763
662,0.228701,0.463942
663,0.149894,0.523343
664,0.149894,0.523343
665,0.149894,0.523343
666,0.184914,0.556271
667,0.184914,0.556271
668,0.184914,0.556271
669,0.140732,0.541405
670,0.140732,0.541405
671,0.117882,0.56999
672,0.137324,0.485237
673,0.137324,0.485237
674,0.13769,0.578516
675,0.13769,0.578516
676,0.13769,0.578516
677,0.144461,0.595526
678,0.144461,0.595526
679,0.224725,0.56754
680,0.230027,0.526337
681,0.240679,0.471548
682,0.290543,0.38395
683,0.315167,0.420767
684,0.315167,0.420767
685,0.35271,0.524335
686,0.35271,0.524335
687,0.300525,0.478481
688,0.300525,0.478481
689,0.279088,0.419828
690,0.279088,0.419828
691,0.279088,0.419828
692,0.216397,0.466342
693,0.216397,0.466342
694,0.208739,0.546023
695,0.208739,0.546023
696,0.208739,0.546023
697,0.172737,0.438412
698,0.109584,0.475031
699,0.159477,0.408059
700,0.162281,0.533156
701,0.162281,0.533156
702,0.198818,0.460168
703,0.211732,0.397029
704,0.217986,0.483936
705,0.179916,0.458129
706,0.121537,0.514436
707,0.0821651,0.52951
708,0.0821651,0.52951
709,0.151879,0.425211
710,0.0976162,0.44293
711,0.0845222,0.398578
712,0.125158,0.423897
713,0.125158,0.423897
714,0.103941,0.425012
715,0.115,0.492423
716,0.0905354,0.409407
717,0.125099,0.335368
718,0.135699,0.32279
719,0.155152,0.328192
720,0.128927,0.333332
721,0.128927,0.333332
722,0.102008,0.342357
723,0.154311,0.358502
724,0.154311,0.358502
725,0.154311,0.358502
726,0.154311,0.358502
727,0.0924845,0.416903
728,0.0740736,0.346111
729,0.0740736,0.346111
730,0.0559234,0.395663
731,0.0153786,0.41014
732,0.0166345,0.439159
733,0.0166345,0.439159
734,0.0166345,0.439159
735,0.0898132,0.386432
736,0.0443063,0.417158
737,0.0426403,0.429857
738,0.151864,0.373701
739,0.180583,0.363572
740,0.147805,0.354932
741,0.159812,0.291864
742,0.107919,0.290623
743,0.185846,0.313942
744,0.129889,0.340944
745,0.151462,0.33426
746,0.151462,0.33426
747,0.204502,0.317329
748,0.0819984,0.334264
749,0.0819984,0.334264
750,0.0819984,0.334264
751,0.0821291,0.333572
752,0.0146207,0.302018
753,0.0471168,0.35168
754,0.0878203,0.354798
755,0.0878203,0.354798
756,0.0551548,0.309663
757,0.0551548,0.309663
758,0.0178903,0.356772
759,0.0647605,0.379582
760,0.0752204,0.321301
761,0.119513,0.359168
762,0.129802,0.33136
763,0.118725,0.308298
764,0.16645,0.366831
765,0.138353,0.328597
766,0.138353,0.328597
767,0.130101,0.324299
768,0.149906,0.322091
769,0.168488,0.382269
770,0.125934,0.413586
771,0.146497,0.392599
772,0.0509246,0.357167
773,0.0509246,0.357167
774,0.151781,0.301283
775,0.151781,0.301283
776,0.10319,0.251531
777,0.0643561,0.242522
778,0.106501,0.229673
779,0.112104,0.32391
780,0.112104,0.32391
781,0.112104,0.32391
782,0.0883199,0.375203
783,0.0895886,0.292104
784,0.0342832,0.30637
785,0.0462486,0.278109
786,0.0513007,0.362625
787,0.0513007,0.362625
788,0.111855,0.354768
789,0.0810078,0.294945
790,0.0810078,0.294945
791,0.0810078,0.294945
792,0.0810078,0.294945
793,0.154996,0.228435
794,0.0775756,0.265352
795,0.0741624,0.26544
796,0.195444,0.284096
797,0.159006,0.225947
798,0.14062,0.229342
799,0.118337,0.20056
800,0.108575,0.220206
801,0.108575,0.220206
802,0.218147,0.252725
803,0.17841,0.237385
804,0.121603,0.251395
805,0.212051,0.223631
806,0.212051,0.223631
807,0.212051,0.223631
808,0.212051,0.223631
809,0.212051,0.223631
810,0.212051,0.223631
811,0.231512,0.239489
812,0.321039,0.240242
813,0.395697,0.25761
814,0.363512,0.217194
815,0.47031,0.209161
816,0.41376,0.222307
817,0.306337,0.291732
818,0.306337,0.291732
819,0.306337,0.291732
820,0.245551,0.330898
821,0.327696,0.288441
822,0.24958,0.275766
823,0.329601,0.211924
824,0.379802,0.216323
825,0.347398,0.209559
826,0.332221,0.224615
827,0.454207,0.22162
828,0.391315,0.156147
829,0.391315,0.156147
830,0.385057,0.132593
831,0.37977,0.0910067
832,0.418497,0.131258
833,0.401263,0.129615
834,0.401263,0.129615
835,0.401263,0.129615
836,0.414171,0.129331
837,0.40055,0.186803
838,0.378053,0.208156
839,0.364776,0.210855
840,0.364776,0.210855
841,0.364776,0.210855
842,0.364776,0.210855
843,0.35593,0.255778
844,0.324868,0.234982
845,0.32313,0.252442
846,0.302859,0.300035
847,0.302859,0.300035
848,0.327036,0.20003
849,0.297106,0.254437
850,0.331877,0.23286
851,0.356606,0.330541
852,0.368284,0.304722
853,0.404635,0.323393
854,0.398064,0.30893
855,0.392914,0.283746
856,0.3825,0.402472
857,0.383442,0.36102
858,0.392402,0.352403
859,0.392402,0.352403
860,0.392402,0.352403
861,0.433812,0.376355
862,0.358126,0.397815
863,0.300594,0.38275
864,0.393279,0.341912
865,0.393279,0.341912
866,0.393279,0.341912
867,0.408552,0.423073
868,0.430024,0.326272
869,0.430024,0.326272
870,0.430024,0.326272
871,0.468975,0.33735
872,0.468975,0.33735
873,0.424432,0.433657
874,0.370607,0.358207
875,0.356639,0.337633
876,0.356639,0.337633
877,0.356639,0.337633
878,0.363896,0.324713
879,0.306023,0.382028
880,0.325729,0.415247
881,0.325729,0.415247
882,0.350675,0.463913
883,0.350675,0.463913
884,0.316435,0.472252
885,0.386936,0.418042
886,0.369455,0.448052
887,0.369455,0.448052
888,0.389556,0.370032
889,0.389556,0.370032
890,0.359273,0.396206
891,0.322832,0.444503
892,0.332023,0.375822
893,0.356644,0.480671
894,0.351866,0.473841
895,0.339955,0.445921
896,0.293116,0.405276
897,0.343387,0.449371
898,0.343387,0.449371
899,0.429002,0.368374
900,0.377472,0.276941
901,0.372558,0.325172
902,0.311926,0.339038
903,0.311926,0.339038
904,0.376609,0.288882
905,0.32166,0.248138
906,0.364816,0.231775
907,0.364816,0.231775
908,0.364816,0.231775
909,0.258664,0.228212
910,0.25309,0.292679
911,0.25309,0.292679
912,0.283617,0.294051
913,0.276269,0.320344
914,0.314144,0.300084
915,0.371173,0.242748
916,0.371173,0.242748
917,0.371173,0.242748
918,0.418203,0.292562
919,0.418203,0.292562
920,0.393216,0.218545
921,0.393216,0.218545
922,0.362902,0.197191
923,0.386379,0.175476
924,0.358376,0.157202
925,0.358376,0.157202
926,0.273293,0.113824
927,0.273293,0.113824
928,0.314537,0.0304314
929,0.364397,0.0747076
930,0.338772,0.129896
931,0.347291,0.0759115
932,0.333429,0.143126
933,0.264466,0.143139
934,0.279056,0.227111
935,0.296646,0.193266
936,0.293923,0.206249
937,0.296586,0.190411
938,0.296586,0.190411
939,0.264503,0.186795
940,0.25241,0.193955
941,0.25241,0.193955
942,0.25241,0.193955
943,0.322691,0.260676
944,0.360724,0.19637
945,0.334812,0.273367
946,0.36813,0.258214
947,0.325239,0.238929
948,0.325239,0.238929
949,0.325239,0.238929
950,0.314081,0.310989
951,0.306664,0.226593
952,0.311452,0.234535
953,0.331112,0.207401
954,0.369766,0.165997
955,0.414401,0.207904
956,0.329222,0.247979
957,0.303309,0.297678
958,0.222385,0.335212
959,0.255929,0.340468
960,0.3046,0.27451
961,0.3046,0.27451
962,0.3046,0.27451
963,0.212578,0.256278
964,0.234439,0.319413
965,0.314089,0.307592
966,0.320677,0.341993
967,0.320677,0.341993
968,0.34582,0.321103
969,0.294776,0.309997
970,0.327344,0.323247
971,0.341419,0.374664
972,0.341419,0.374664
973,0.341419,0.374664
974,0.341419,0.374664
975,0.311928,0.362421
976,0.359498,0.353571
977,0.303563,0.347127
978,0.303563,0.347127
979,0.303563,0.347127
980,0.335609,0.349614
981,0.335609,0.349614
982,0.278094,0.290585
983,0.321107,0.289833
984,0.386001,0.197565
985,0.339513,0.237848
986,0.339513,0.237848
987,0.322287,0.277047
988,0.284854,0.33231
989,0.250637,0.354774
990,0.157896,0.43686
991,0.0959732,0.400047
992,0.14146,0.364151
993,0.127425,0.365076
994,0.179454,0.373107
995,0.179454,0.373107
996,0.179454,0.373107
997,0.173196,0.351186
998,0.208994,0.377411
999,0.215446,0.323155
1000,0.211897,0.316712
1001,0.229894,0.390877
1002,0.253316,0.357981
1003,0.257706,0.459575
1004,0.199793,0.407687
1005,0.199793,0.407687
1006,0.199793,0.407687
1007,0.252437,0.326236
1008,0.175247,0.347675
1009,0.208265,0.302957
1010,0.208265,0.302957
1011,0.149185,0.270997
1012,0.149185,0.270997
1013,0.149529,0.313366
1014,0.149529,0.313366
1015,0.121367,0.342266
1016,0.155907,0.344482
1017,0.10863,0.332322
1018,0.167419,0.354232
1019,0.170105,0.349976
1020,0.152942,0.300892
1021,0.135156,0.32611
1022,0.13097,0.28857
1023,0.134854,0.339667
1024,0.130409,0.271767
1025,0.130409,0.271767
1026,0.0647,0.257223
1027,0.0799749,0.218955
1028,0.0799749,0.218955
1029,0.0858015,0.253195
1030,0.136252,0.269511
1031,0.136252,0.269511
1032,0.108085,0.245958
1033,0.136921,0.273281
1034,0.149725,0.258703
1035,0.149725,0.258703
1036,0.173937,0.312891
1037,0.18449,0.366731
1038,0.171489,0.318598
1039,0.171489,0.318598
1040,0.171489,0.318598
1041,0.180588,0.329759
1042,0.177707,0.413556
1043,0.220173,0.334139
1044,0.220173,0.334139
1045,0.220173,0.334139
1046,0.206242,0.367053
1047,0.247858,0.346013
1048,0.247858,0.346013
1049,0.249447,0.297609
1050,0.285214,0.30105
1051,0.298005,0.346298
1052,0.354273,0.263066
1053,0.346381,0.287122
1054,0.308741,0.316227
1055,0.326247,0.280271
1056,0.326247,0.280271
1057,0.326247,0.280271
1058,0.293601,0.301407
1059,0.299999,0.307718
1060,0.288056,0.253429
1061,0.288056,0.253429
1062,0.288056,0.253429
1063,0.2596,0.257064
1064,0.252203,0.290899
1065,0.179703,0.333463
1066,0.143869,0.392009
1067,0.143869,0.392009
1068,0.143869,0.392009
1069,0.143869,0.392009
1070,0.143869,0.392009
1071,0.0678277,0.308761
1072,0.0678277,0.308761
1073,0.115298,0.288795
1074,0.140411,0.325521
1075,0.127043,0.342534
1076,0.127043,0.342534
1077,0.127043,0.342534
1078,0.095682,0.289775
1079,0.0862323,0.276837
1080,0.162072,0.303843
1081,0.173633,0.255005
1082,0.105459,0.274809
1083,0.134134,0.290513
1084,0.145886,0.29779
1085,0.132141,0.338776
1086,0.132141,0.338776
1087,0.132141,0.338776
1088,0.132141,0.338776
1089,0.133389,0.326971
1090,0.133389,0.326971
1091,0.0690487,0.445331
1092,0.0972283,0.445005
1093,0.0972283,0.445005
1094,0.128454,0.368346
1095,0.128454,0.368346
1096,0.110456,0.367864
1097,0.110456,0.367864
1098,0.128061,0.39993
1099,0.16441,0.403212
1100,0.153805,0.359757
1101,0.248537,0.372095
1102,0.15924,0.363202
1103,0.197359,0.381655
1104,0.182997,0.438396
1105,0.202777,0.394948
1106,0.166808,0.333201
1107,0.166808,0.333201
1108,0.166808,0.333201
1109,0.166808,0.333201
1110,0.166808,0.333201
1111,0.0448153,0.332468
1112,0.129919,0.206565
1113,0.0380875,0.259871
1114,0.144391,0.238916
1115,0.187992,0.250562
1116,0.187992,0.250562
1117,0.174188,0.310993
1118,0.210587,0.261052
1119,0.15292,0.230242
1120,0.19116,0.221458
1121,0.19116,0.221458
1122,0.0911963,0.184322
1123,0.0733268,0.159365
1124,0.0733268,0.159365
1125,0.0733268,0.159365
1126,0.119075,0.120934
1127,0.119075,0.120934
1128,0.119075,0.120934
1129,0.119075,0.120934
1130,0.119075,0.120934
1131,0.0196746,0.109649
1132,0.0191626,0.133825
1133,0.0938249,0.177658
1134,0.0938249,0.177658
1135,0.058326,0.1827
1136,0.058326,0.1827
1137,0.0656324,0.186783
1138,0.017099,0.162024
1139,0.0336549,0.188302
1140,0.130486,0.15981
1141,0.122971,0.158683
1142,0.122151,0.19693
1143,0.122151,0.19693
1144,0.0221905,0.184039
1145,0.101524,0.111617
1146,0.111772,0.148323
1147,0.111772,0.148323
1148,0.111772,0.148323
1149,0.14981,0.116754
1150,0.147836,0.112277
1151,0.147836,0.112277
1152,0.180522,0.138668
1153,0.180349,0.130935
1154,0.180349,0.130935
1155,0.180349,0.130935
1156,0.230619,0.118895
1157,0.194631,0.132419
1158,0.140886,0.171781
1159,0.142894,0.181897
1160,0.207673,0.118738
1161,0.207673,0.118738
1162,0.207673,0.118738
1163,0.207673,0.118738
1164,0.207673,0.118738
1165,0.207673,0.118738
1166,0.207673,0.118738
1167,0.1972,0.0571958
1168,0.1972,0.0571958
1169,0.256321,0.131018
1170,0.243886,0.132463
1171,0.213556,0.087343
1172,0.225951,0.0952769
1173,0.225951,0.0952769
1174,0.225951,0.0952769
1175,0.198168,0.0864877
1176,0.178809,0.0453206
1177,0.242741,0.0376809
1178,0.242741,0.0376809
1179,0.19372,0.0149245
1180,0.163894,0.0593537
1181,0.190543,0.0772477
1182,0.196716,0.0489327
1183,0.0988657,0.0522466
1184,0.0752197,0.0582062
1185,0.0236928,0.0870858
1186,0.0480838,0.151088
1187,0.0397006,0.0991427
1188,0.069016,0.11741
1189,0.0846929,0.182836
1190,0.0846929,0.182836
1191,0.0846929,0.182836
1192,0.0323366,0.223117
1193,0.114542,0.267097
1194,0.114542,0.267097
1195,0.114542,0.267097
1196,0.142389,0.217713
1197,0.142389,0.217713
1198,0.0917162,0.17735
1199,0.105691,0.142103
1200,0.0642884,0.125368
1201,0.0281548,0.148967
1202,0.0935151,0.157709
1203,0.0793856,0.193706
1204,0.0417538,0.189814
1205,0.103398,0.218938
1206,0.0348353,0.246608
1207,0.108201,0.284037
1208,0.108201,0.284037
1209,0.152972,0.333464
1210,0.199908,0.376506
1211,0.21609,0.379759
1212,0.164018,0.377576
1213,0.132169,0.382275
1214,0.129511,0.414556
1215,0.129503,0.383433
1216,0.112172,0.340442
1217,0.12518,0.344639
1218,0.12518,0.344639
1219,0.10192,0.387247
1220,0.10192,0.387247
1221,0.105307,0.343323
1222,0.053996,0.266115
1223,0.053996,0.266115
1224,0.053996,0.266115
1225,0.0975165,0.309052
1226,0.0975165,0.309052
1227,0.168828,0.292653
1228,0.155714,0.280991
1229,0.155714,0.280991
1230,0.114435,0.244159
1231,0.114435,0.244159
1232,0.144144,0.253361
1233,0.130037,0.282696
1234,0.130037,0.282696
1235,0.0594835,0.200918
1236,0.0594835,0.200918
1237,0.0594835,0.200918
1238,0.0564062,0.191047
1239,0.0764181,0.238098
1240,0.159562,0.218421
1241,0.159562,0.218421
1242,0.113102,0.260809
1243,0.173337,0.24603
1244,0.15832,0.350138
1245,0.153175,0.247745
1246,0.118793,0.260344
1247,0.0954117,0.263731
1248,0.148598,0.252699
1249,0.112228,0.277579
1250,0.0649913,0.366927
1251,0.0785076,0.341277
1252,0.0785076,0.341277
1253,0.0785076,0.341277
1254,0.127285,0.397605
1255,0.140988,0.390751
1256,0.198012,0.451837
1257,0.244704,0.505
1258,0.318538,0.484057
1259,0.25207,0.402375
1260,0.282342,0.301696
1261,0.220997,0.350013
1262,0.232205,0.343928
1263,0.234293,0.462129
1264,0.265416,0.359737
1265,0.314372,0.377887
1266,0.322246,0.473662
1267,0.36383,0.422051
1268,0.305031,0.359595
1269,0.305031,0.359595
1270,0.416443,0.414457
1271,0.431943,0.421695
1272,0.389739,0.436608
1273,0.389739,0.436608
1274,0.387405,0.346123
1275,0.352799,0.402878
1276,0.352799,0.402878
1277,0.403678,0.328085
1278,0.417268,0.315188
1279,0.409074,0.295951
1280,0.409074,0.295951
1281,0.442556,0.27568
1282,0.470344,0.231677
1283,0.357803,0.18254
1284,0.380641,0.179683
1285,0.418173,0.173135
1286,0.319101,0.193128
1287,0.358261,0.155744
1288,0.317945,0.100064
1289,0.357241,0.111185
1290,0.341103,0.0726317
1291,0.401285,0.119098
1292,0.419229,0.160822
1293,0.443829,0.133482
1294,0.433991,0.150756
1295,0.408752,0.146031
1296,0.408243,0.0345424
1297,0.416904,0.0723675
1298,0.416904,0.0723675
1299,0.416904,0.0723675
1300,0.449638,0.151321
1301,0.469908,0.184158
1302,0.491012,0.166683
1303,0.448175,0.0944871
1304,0.41625,0.1271
1305,0.465564,0.162298
1306,0.451883,0.166483
1307,0.478256,0.166922
1308,0.510401,0.224504
1309,0.54599,0.168181
1310,0.557325,0.181881
1311,0.674129,0.246364
1312,0.663202,0.252936
1313,0.663202,0.252936
1314,0.613234,0.245332
1315,0.613234,0.245332
1316,0.721674,0.375246
1317,0.651146,0.315828
1318,0.631285,0.429587
1319,0.694115,0.482031
1320,0.688305,0.429415
1321,0.620977,0.410575
1322,0.567766,0.477047
1323,0.567766,0.477047
1324,0.584774,0.442447
1325,0.584774,0.442447
1326,0.615303,0.423874
1327,0.634544,0.415684
1328,0.647072,0.307688
1329,0.647072,0.307688
1330,0.647072,0.307688
1331,0.647682,0.347864
1332,0.665431,0.349422
1333,0.613435,0.286322
1334,0.667448,0.238292
1335,0.583306,0.230316
1336,0.647298,0.287184
1337,0.647298,0.287184
1338,0.647298,0.287184
1339,0.640174,0.315028
1340,0.659867,0.322693
1341,0.69898,0.275017
1342,0.707061,0.24906
1343,0.707061,0.24906
1344,0.711839,0.276455
1345,0.75525,0.261659
1346,0.656357,0.244436
1347,0.62421,0.184972
1348,0.529188,0.199519
1349,0.464402,0.109312
1350,0.464402,0.109312
1351,0.500128,0.0824765
1352,0.399532,0.0956469
1353,0.421549,0.190041
1354,0.421549,0.190041
1355,0.421549,0.190041
1356,0.364736,0.0857102
1357,0.364736,0.0857102
1358,0.375269,0.0346333
1359,0.394785,0.0440986
1360,0.381483,0.0810253
1361,0.432833,0.123487
1362,0.369387,0.123813
1363,0.379404,0.167512
1364,0.461229,0.149372
1365,0.456927,0.0965479
1366,0.439366,0.0656091
1367,0.439366,0.0656091
1368,0.439366,0.0656091
1369,0.439366,0.0656091
1370,0.454794,0.0332149
1371,0.398781,0.0901961
1372,0.426959,0.0747983
1373,0.415042,0.046756
1374,0.339605,0.0404972
1375,0.339605,0.0404972
1376,0.339605,0.0404972
1377,0.447307,0.0961139
1378,0.447307,0.0961139
1379,0.466214,0.121714
1380,0.476442,0.11815
1381,0.493743,0.127297
1382,0.493743,0.127297
1383,0.537337,0.111202
1384,0.461573,0.106786
1385,0.461573,0.106786
1386,0.520303,0.0680529
1387,0.520303,0.0680529
1388,0.439135,0.121572
1389,0.439135,0.121572
1390,0.465986,0.0650614
1391,0.49423,0.0648429
1392,0.49423,0.0648429
1393,0.486899,0.102882
1394,0.428297,0.122676
1395,0.476765,0.141703
1396,0.476765,0.141703
1397,0.454988,0.157151
1398,0.471801,0.183358
1399,0.471801,0.183358
1400,0.471801,0.183358
1401,0.438204,0.105996
1402,0.385393,0.0909761
1403,0.422057,0.107534
1404,0.470716,0.113926
1405,0.426792,0.150906
1406,0.347953,0.140325
1407,0.357569,0.176275
1408,0.487516,0.182042
1409,0.485183,0.121059
1410,0.485183,0.121059
1411,0.485183,0.121059
1412,0.402273,0.0917577
1413,0.470524,0.100991
1414,0.425125,0.0940519
1415,0.462156,0.112279
1416,0.462156,0.112279
1417,0.446763,0.114928
1418,0.488758,0.0791924
1419,0.53022,0.105607
1420,0.477756,0.0839204
1421,0.477756,0.0839204
1422,0.40067,0.071505
1423,0.40067,0.071505
1424,0.353824,0.0475951
1425,0.428874,0.033017
1426,0.39578,0.0580036
1427,0.443638,0.0997817
1428,0.374266,0.106383
1429,0.396501,0.0971079
1430,0.412463,0.0781616
1431,0.371616,0.0571339
1432,0.381566,0.0943036
1433,0.443543,0.0708799
1434,0.443543,0.0708799
1435,0.415018,0.109621
1436,0.444134,0.108258
1437,0.444134,0.108258
1438,0.468314,0.156249
1439,0.468314,0.156249
1440,0.468314,0.156249
1441,0.547109,0.124613
1442,0.616894,0.167001
1443,0.558148,0.199726
1444,0.594696,0.179928
1445,0.594696,0.179928
1446,0.594696,0.179928
1447,0.535905,0.156916
1448,0.51257,0.107653
1449,0.523982,0.192632
1450,0.630081,0.174539
1451,0.440034,0.227127
1452,0.571042,0.189445
1453,0.614358,0.163574
1454,0.602611,0.0414858
1455,0.585215,0.0456274
1456,0.601581,0.0617299
1457,0.612299,0.0491747
1458,0.617395,0.120716
1459,0.617395,0.120716
1460,0.617395,0.120716
1461,0.617395,0.120716
1462,0.640373,0.126689
1463,0.640373,0.126689
1464,0.519397,0.122271
1465,0.46096,0.116179
1466,0.504723,0.122235
1467,0.504723,0.122235
1468,0.504723,0.122235
1469,0.490004,0.157314
1470,0.48199,0.168492
1471,0.501463,0.157829
1472,0.379558,0.151619
1473,0.379558,0.151619
1474,0.468684,0.149868
1475,0.41439,0.108908
1476,0.37439,0.100477
1477,0.467217,0.0768006
1478,0.390182,0.0962083
1479,0.438468,0.0212115
1480,0.438468,0.0212115
1481,0.430535,0.0764714
1482,0.313065,0.0459441
1483,0.313065,0.0459441
1484,0.290349,0.0727468
1485,0.27476,0.0595865
1486,0.333145,0.142335
1487,0.325027,0.137507
1488,0.343938,0.11554
1489,0.427562,0.0683141
1490,0.427562,0.0683141
1491,0.427562,0.0683141
1492,0.388791,0.113668
1493,0.388791,0.113668
1494,0.353765,0.0688221
1495,0.353765,0.0688221
1496,0.351665,0.152056
1497,0.420871,0.140929
1498,0.375778,0.0975724
1499,0.375778,0.0975724
1500,0.378774,0.107725
1501,0.378774,0.107725
1502,0.378774,0.107725
1503,0.452828,0.15923
1504,0.452828,0.15923
1505,0.514652,0.162153
1506,0.514652,0.162153
1507,0.533981,0.146975
1508,0.533981,0.146975
1509,0.420651,0.145693
1510,0.420651,0.145693
1511,0.376741,0.179748
1512,0.379406,0.18182
1513,0.416865,0.23798
1514,0.416865,0.23798
1515,0.333479,0.219629
1516,0.495111,0.244839
1517,0.495111,0.244839
1518,0.495111,0.244839
1519,0.478239,0.248099
1520,0.459139,0.204064
1521,0.419144,0.262701
1522,0.45106,0.24879
1523,0.45106,0.24879
1524,0.45106,0.24879
1525,0.423176,0.192769
1526,0.54998,0.219192
1527,0.559508,0.222252
1528,0.507514,0.157538
1529,0.507514,0.157538
1530,0.507514,0.157538
1531,0.507514,0.157538
1532,0.524126,0.124545
1533,0.652189,0.109277
1534,0.624287,0.231647
1535,0.624287,0.231647
1536,0.624287,0.231647
1537,0.64085,0.215309
1538,0.64085,0.215309
1539,0.637948,0.225298
1540,0.69264,0.184456
1541,0.69264,0.184456
1542,0.661917,0.281908
1543,0.661917,0.281908
1544,0.546083,0.259028
1545,0.546083,0.259028
1546,0.546083,0.259028
1547,0.546083,0.259028
1548,0.457793,0.261982
1549,0.402708,0.329761
1550,0.430282,0.357457
1551,0.429569,0.423572
1552,0.437153,0.35232
1553,0.388318,0.331085
1554,0.439038,0.293768
1555,0.417827,0.317504
1556,0.357211,0.370731
1557,0.403346,0.42083
1558,0.268457,0.385204
1559,0.235297,0.338573
1560,0.282364,0.297481
1561,0.282364,0.297481
1562,0.308897,0.252818
1563,0.279572,0.156159
1564,0.279572,0.156159
1565,0.279572,0.156159
1566,0.279572,0.156159
1567,0.279572,0.156159
1568,0.314252,0.20945
1569,0.319031,0.199418
1570,0.363548,0.150486
1571,0.334254,0.17754
1572,0.334254,0.17754
1573,0.351215,0.193014
1574,0.252129,0.128433
1575,0.22326,0.199974
1576,0.250419,0.250873
1577,0.245621,0.304732
1578,0.165685,0.258507
1579,0.165685,0.258507
1580,0.165685,0.258507
1581,0.218608,0.26068
1582,0.27865,0.260745
1583,0.218254,0.274702
1584,0.237745,0.228434
1585,0.264529,0.322633
1586,0.209393,0.323708
1587,0.207741,0.260836
1588,0.207741,0.260836
1589,0.207741,0.260836
1590,0.207741,0.260836
1591,0.205183,0.236739
1592,0.213604,0.198017
1593,0.169221,0.25029
1594,0.210654,0.299775
1595,0.184499,0.357429
1596,0.209013,0.362143
1597,0.209013,0.362143
1598,0.203406,0.362919
1599,0.22929,0.501065
1600,0.236764,0.320183
1601,0.127163,0.31632
1602,0.143931,0.291476
1603,0.143931,0.291476
1604,0.138513,0.328773
1605,0.138513,0.328773
1606,0.111806,0.299138
1607,0.144278,0.291724
1608,0.144278,0.291724
1609,0.171993,0.302475
1610,0.190619,0.324307
1611,0.268771,0.312382
1612,0.213167,0.333889
1613,0.197872,0.344275
1614,0.187283,0.368152
1615,0.207907,0.358646
1616,0.234969,0.337873
1617,0.28254,0.303871
1618,0.18595,0.321316
1619,0.212394,0.339657
1620,0.213608,0.351149
1621,0.184987,0.255701
1622,0.184987,0.255701
1623,0.184987,0.255701
1624,0.183538,0.253353
1625,0.26221,0.330036
1626,0.277017,0.331279
1627,0.277017,0.331279
1628,0.295522,0.312035
1629,0.280342,0.291954
1630,0.280342,0.291954
1631,0.280342,0.291954
1632,0.25265,0.341092
1633,0.194101,0.287459
1634,0.19144,0.350133
1635,0.134674,0.343407
1636,0.134674,0.343407
1637,0.0986651,0.342214
1638,0.122201,0.322239
1639,0.0869698,0.328795
1640,0.0869698,0.328795
1641,0.146301,0.306547
1642,0.107346,0.297791
1643,0.0848925,0.35461
1644,0.102442,0.36786
1645,0.17935,0.328052
1646,0.1475,0.423747
1647,0.1475,0.423747
1648,0.1475,0.423747
1649,0.172637,0.435265
1650,0.132193,0.450213
1651,0.146905,0.496753
1652,0.126574,0.445999
1653,0.126574,0.445999
1654,0.202658,0.458201
1655,0.17841,0.434404
1656,0.17841,0.434404
1657,0.178125,0.408763
1658,0.0942795,0.440046
1659,0.0893361,0.48081
1660,0.147029,0.389553
1661,0.102223,0.385153
1662,0.101217,0.36835
1663,0.173918,0.330075
1664,0.240823,0.37315
1665,0.240823,0.37315
1666,0.278139,0.347045
1667,0.229233,0.250581
1668,0.229233,0.250581
1669,0.295413,0.336923
1670,0.202959,0.350536
1671,0.202959,0.350536
1672,0.202959,0.350536
1673,0.27459,0.367187
1674,0.27459,0.367187
1675,0.240987,0.370337
1676,0.240987,0.370337
1677,0.240987,0.370337
1678,0.269472,0.364129
1679,0.291626,0.274809
1680,0.317094,0.26667
1681,0.317094,0.26667
1682,0.258732,0.258972
1683,0.258732,0.258972
1684,0.273296,0.287819
1685,0.273296,0.287819
1686,0.288544,0.314394
1687,0.215661,0.299389
1688,0.215661,0.299389
1689,0.343838,0.300219
1690,0.326509,0.352971
1691,0.381752,0.343138
1692,0.381752,0.343138
1693,0.381752,0.343138
1694,0.294174,0.293508
1695,0.294174,0.293508
1696,0.335415,0.363906
1697,0.29344,0.379042
1698,0.29344,0.379042
1699,0.327387,0.44394
1700,0.327387,0.44394
1701,0.360896,0.436953
1702,0.360896,0.436953
1703,0.360896,0.436953
1704,0.37395,0.476123
1705,0.346659,0.515382
1706,0.341665,0.516887
1707,0.268277,0.461222
1708,0.211965,0.519632
1709,0.237561,0.424244
1710,0.209879,0.361235
1711,0.194607,0.451182
1712,0.149137,0.390864
1713,0.185,0.349145
1714,0.197755,0.448875
1715,0.197755,0.448875
1716,0.1944,0.47617
1717,0.1944,0.47617
1718,0.186338,0.475895
1719,0.16999,0.412867
1720,0.16999,0.412867
1721,0.232412,0.441791
1722,0.165608,0.427945
1723,0.203346,0.437133
1724,0.242001,0.440007
1725,0.295121,0.557522
1726,0.295121,0.557522
1727,0.294319,0.459087
1728,0.248907,0.540016
1729,0.283158,0.524009
1730,0.25932,0.49636
1731,0.25932,0.49636
1732,0.25932,0.49636
1733,0.283725,0.462773
1734,0.24857,0.403706
1735,0.282006,0.391491
1736,0.367529,0.259004
1737,0.393917,0.225283
1738,0.393917,0.225283
1739,0.454549,0.283422
1740,0.452145,0.334763
1741,0.452145,0.334763
1742,0.452145,0.334763
1743,0.385679,0.289862
1744,0.283929,0.345977
1745,0.226273,0.427478
1746,0.334813,0.340076
1747,0.389884,0.320576
1748,0.370035,0.338989
1749,0.370035,0.338989
1750,0.309807,0.37357
1751,0.266014,0.406383
1752,0.359533,0.329765
1753,0.359533,0.329765
1754,0.33824,0.378083
1755,0.252808,0.377519
1756,0.44757,0.409404
1757,0.318717,0.343069
1758,0.323506,0.401105
1759,0.365422,0.364046
1760,0.270846,0.348712
1761,0.270846,0.348712
1762,0.315567,0.408298
1763,0.37052,0.421122
1764,0.392453,0.396865
1765,0.396593,0.374855
1766,0.312175,0.327498
1767,0.28412,0.323302
1768,0.289266,0.361489
1769,0.289266,0.361489
1770,0.359662,0.297577
1771,0.359662,0.297577
1772,0.369344,0.305534
1773,0.369344,0.305534
1774,0.396196,0.299169
1775,0.452461,0.272902
1776,0.452461,0.272902
1777,0.452461,0.272902
1778,0.452461,0.272902
1779,0.418421,0.195806
1780,0.493682,0.176333
1781,0.493682,0.176333
1782,0.551571,0.233837
1783,0.610757,0.150919
1784,0.575327,0.0829499
1785,0.63654,0.170702
1786,0.63654,0.170702
1787,0.63654,0.170702
1788,0.583328,0.147048
1789,0.620199,0.162054
1790,0.620199,0.162054
1791,0.620199,0.162054
1792,0.620199,0.162054
1793,0.680894,0.136463
1794,0.61037,0.053278
1795,0.510165,0.0883439
1796,0.510165,0.0883439
1797,0.643096,0.0924567
1798,0.643096,0.0924567
1799,0.717577,0.102786
1800,0.77619,0.160093
1801,0.77619,0.160093
1802,0.738627,0.244808
1803,0.773072,0.284111
1804,0.712996,0.185314
1805,0.738912,0.186364
1806,0.781362,0.030665
1807,0.735506,0.0553369
1808,0.727121,0.0166172
1809,0.605536,0.119366
1810,0.67413,0.198467
1811,0.67413,0.198467
1812,0.628505,0.182897
1813,0.600762,0.0313694
1814,0.599703,0.0592088
1815,0.724012,0.0385959
1816,0.74495,0.0232298
1817,0.624639,0.122975
1818,0.582893,0.18
1819,0.445794,0.20045
1820,0.337511,0.170124
1821,0.325034,0.122757
1822,0.292194,0.198515
1823,0.292194,0.198515
1824,0.311638,0.198725
1825,0.273414,0.176109
1826,0.280338,0.225502
1827,0.280338,0.225502
1828,0.320747,0.196598
1829,0.34599,0.174285
1830,0.329958,0.136765
1831,0.329958,0.136765
1832,0.372007,0.111561
1833,0.357385,0.094829
1834,0.457259,0.00561968
1835,0.497881,0.0119722
1836,0.486293,0.0664484
1837,0.516272,0.103109
1838,0.531324,0.181453
1839,0.531324,0.181453
1840,0.43885,0.265345
1841,0.489574,0.198777
1842,0.463392,0.114245
1843,0.446677,0.0437046
1844,0.604306,0.0990375
1845,0.557136,0.0551921
1846,0.557136,0.0551921
1847,0.534229,0.0836932
1848,0.534229,0.0836932
1849,0.534229,0.0836932
1850,0.512888,0.0896408
1851,0.459609,0.106419
1852,0.459609,0.106419
1853,0.459609,0.106419
1854,0.405843,0.10357
1855,0.426983,0.0576631
1856,0.388225,0.0803386
1857,0.324614,0.0814282
1858,0.409059,0.123738
1859,0.280395,0.0742447
1860,0.280395,0.0742447
1861,0.261291,0.126653
1862,0.316074,0.113445
1863,0.310453,0.0862513
1864,0.370886,0.0597128
1865,0.337525,0.129978
1866,0.313156,0.121028
1867,0.299075,0.11067
1868,0.286822,0.109749
1869,0.268755,0.0944023
1870,0.26447,0.166963
1871,0.282387,0.0949673
1872,0.22491,0.0684534
1873,0.22491,0.0684534
1874,0.22491,0.0684534
1875,0.226588,0.0874164
1876,0.295041,0.0521265
1877,0.278444,0.108557
1878,0.290334,0.169282
1879,0.23712,0.190252
1880,0.23712,0.190252
1881,0.23712,0.190252
1882,0.262168,0.188545
1883,0.295502,0.219483
1884,0.246899,0.208852
1885,0.246899,0.208852
1886,0.246899,0.208852
1887,0.280532,0.205873
1888,0.282535,0.218338
1889,0.357941,0.200089
1890,0.35985,0.236226
1891,0.429394,0.191356
1892,0.411038,0.191012
1893,0.38758,0.22844
1894,0.372236,0.19146
1895,0.372901,0.180975
1896,0.305156,0.235197
1897,0.305156,0.235197
1898,0.37027,0.15531
1899,0.399771,0.104867
1900,0.347191,0.0100044
1901,0.382574,0.114199
1902,0.398247,0.0999091
1903,0.398247,0.0999091
1904,0.398166,0.165228
1905,0.398166,0.165228
1906,0.402505,0.110035
1907,0.402505,0.110035
1908,0.541948,0.0624463
1909,0.384797,0.0421952
1910,0.426162,0.0894222
1911,0.450013,0.0329058
1912,0.525722,0.0250917
1913,0.492477,0.0710556
1914,0.490066,0.0954142
1915,0.540182,0.156936
1916,0.540182,0.156936
1917,0.52796,0.0922066
1918,0.520243,0.0892694
1919,0.397923,0.0643051
1920,0.397923,0.0643051
1921,0.397923,0.0643051
1922,0.363883,0.0682723
1923,0.363883,0.0682723
1924,0.408229,0.0379014
1925,0.468008,0.0713189
1926,0.389895,0.127899
1927,0.381766,0.159107
1928,0.381766,0.159107
1929,0.469231,0.213388
1930,0.333957,0.257221
1931,0.333957,0.257221
1932,0.359201,0.262346
1933,0.359201,0.262346
1934,0.336009,0.289531
1935,0.336009,0.289531
1936,0.326404,0.315472
1937,0.383927,0.259039
1938,0.376876,0.372194
1939,0.376876,0.372194
1940,0.475815,0.30155
1941,0.439099,0.241434
1942,0.428157,0.320198
1943,0.428157,0.320198
1944,0.464104,0.291596
1945,0.464104,0.291596
1946,0.464104,0.291596
1947,0.464104,0.291596
1948,0.394202,0.219037
1949,0.4108,0.304418
1950,0.345515,0.258624
1951,0.260791,0.278115
1952,0.295962,0.303042
1953,0.295616,0.308437
1954,0.382359,0.36111
1955,0.383151,0.359785
1956,0.346072,0.436459
1957,0.426735,0.376681
1958,0.446354,0.293228
1959,0.396369,0.301311
1960,0.435405,0.216412
1961,0.435405,0.216412
1962,0.447203,0.203259
1963,0.411954,0.280901
1964,0.421611,0.230906
1965,0.421611,0.230906
1966,0.435725,0.322136
1967,0.412679,0.245166
1968,0.390413,0.210149
1969,0.373781,0.207414
1970,0.405579,0.0757203
1971,0.405579,0.0757203
1972,0.428256,0.127071
1973,0.428256,0.127071
1974,0.535819,0.125669
1975,0.456654,0.133356
1976,0.486056,0.152345
1977,0.399768,0.168114
1978,0.305905,0.123747
1979,0.373022,0.00975167
1980,0.305859,0.0576883
1981,0.31566,0.102816
1982,0.271179,0.0895959
1983,0.196735,0.132806
1984,0.216064,0.176499
1985,0.248758,0.214135
1986,0.250187,0.211403
1987,0.221671,0.207039
1988,0.221671,0.207039
1989,0.221671,0.207039
1990,0.173717,0.238622
1991,0.215246,0.121531
1992,0.165042,0.118171
1993,0.143323,0.16754
1994,0.20243,0.0843732
1995,0.20243,0.0843732
1996,0.293279,0.0786571
1997,0.309134,0.0446994
1998,0.366763,0.0787437
1999,0.366763,0.0787437
2000,0.325394,0.0907175
2001,0.288941,0.132795
2002,0.265115,0.138856
2003,0.265115,0.138856
2004,0.195774,0.14213
2005,0.195774,0.14213
2006,0.214495,0.149022
2007,0.214495,0.149022
2008,0.239037,0.180071
2009,0.169085,0.143476
2010,0.136398,0.211706
2011,0.15364,0.193964
2012,0.180103,0.203082
2013,0.169917,0.2036
2014,0.235073,0.176504
2015,0.214635,0.167083
2016,0.221896,0.218222
2017,0.221896,0.218222
2018,0.182513,0.160852
2019,0.221684,0.293551
2020,0.193633,0.134203
2021,0.193633,0.134203
2022,0.214737,0.107036
2023,0.214737,0.107036
2024,0.184292,0.115695
2025,0.115549,0.124584
2026,0.142521,0.153394
2027,0.107818,0.225328
2028,0.0679704,0.15223
2029,0.0887991,0.151394
2030,0.0887991,0.151394
2031,0.0811229,0.176189
2032,0.122273,0.246316
2033,0.0841621,0.221757
2034,0.0841621,0.221757
2035,0.147637,0.179109
2036,0.120235,0.167675
2037,0.0911202,0.209985
2038,0.0608429,0.215449
2039,0.0921182,0.207581
2040,0.115671,0.22529
2041,0.115671,0.22529
2042,0.0683789,0.255947
2043,0.0743253,0.228875
2044,0.0885256,0.227797
2045,0.0885256,0.227797
2046,0.0995492,0.232368
2047,0.146971,0.235005
2048,0.146971,0.235005
2049,0.149693,0.162092
2050,0.138975,0.192757
2051,0.110517,0.169488
2052,0.110517,0.169488
2053,0.12838,0.188793
2054,0.12838,0.188793
2055,0.12838,0.188793
2056,0.0835375,0.201314
2057,0.0835375,0.201314
2058,0.0835375,0.201314
2059,0.132016,0.173734
2060,0.161557,0.146753
2061,0.161557,0.146753
2062,0.107916,0.117254
2063,0.192783,0.088354
2064,0.14061,0.219145
2065,0.128809,0.154171
2066,0.183188,0.108941
2067,0.136887,0.131576
2068,0.136887,0.131576
2069,0.180607,0.152659
2070,0.212377,0.162353
2071,0.0840808,0.126389
2072,0.0536835,0.144243
2073,0.0225801,0.131804
2074,0.106939,0.138223
2075,0.099929,0.18004
2076,0.099929,0.18004
2077,0.099929,0.18004
2078,0.099929,0.18004
2079,0.137163,0.230882
2080,0.129682,0.193988
2081,0.129682,0.193988
2082,0.129682,0.193988
2083,0.129682,0.193988
2084,0.129682,0.193988
2085,0.194393,0.289825
2086,0.19925,0.263638
2087,0.19925,0.263638
2088,0.19925,0.263638
2089,0.133366,0.24057
2090,0.133366,0.24057
2091,0.133366,0.24057
2092,0.133366,0.24057
2093,0.111596,0.265155
2094,0.111596,0.265155
2095,0.155964,0.262635
2096,0.0574915,0.257967
2097,0.0574915,0.257967
2098,0.0574915,0.257967
2099,0.0801209,0.234526
2100,0.0646544,0.252416
2101,0.0358057,0.308787
2102,0.0446506,0.30105
2103,0.0446506,0.30105
2104,0.0561324,0.335047
2105,0.0483839,0.312217
2106,0.0435896,0.360179
2107,0.0106307,0.30803
2108,0.0480095,0.299416
2109,0.0600387,0.303138
2110,0.0629662,0.30582
2111,0.0629662,0.30582
2112,0.0937178,0.28585
2113,0.0367039,0.318804
2114,0.0893086,0.268888
2115,0.0893086,0.268888
2116,0.0364003,0.265618
2117,0.00983575,0.267212
2118,0.0295199,0.286244
2119,0.0429592,0.321466
2120,0.101964,0.347329
2121,0.030968,0.365698
2122,0.0442531,0.287105
2123,0.0421596,0.335096
2124,0.132506,0.3783
2125,0.10918,0.388018
2126,0.108608,0.385895
2127,0.0512434,0.332431
2128,0.0359051,0.324438
2129,0.0359051,0.324438
2130,0.0635981,0.344152
2131,0.0417461,0.431342
2132,0.0258247,0.411033
2133,0.0258247,0.411033
2134,0.0205544,0.30663
2135,0.0205544,0.30663
2136,0.0801197,0.324528
2137,0.0499537,0.253846
2138,0.053002,0.30944
2139,0.0482957,0.292717
2140,0.111722,0.275261
2141,0.111722,0.275261
2142,0.125181,0.277692
2143,0.125181,0.277692
2144,0.0621432,0.265015
2145,0.0737899,0.324542
2146,0.0739653,0.363619
2147,0.0739653,0.363619
2148,0.0739653,0.363619
2149,0.117891,0.332369
2150,0.0806225,0.314062
2151,0.102762,0.295637
2152,0.102762,0.295637
2153,0.0437178,0.317468
2154,0.0955529,0.428284
2155,0.0281721,0.436678
2156,0.0273899,0.413983
2157,0.0307691,0.403139
2158,0.0307691,0.403139
2159,0.0786335,0.332973
2160,0.0786335,0.332973
2161,0.0487766,0.431751
2162,0.0602307,0.395183
2163,0.0602307,0.395183
2164,0.0525781,0.410112
2165,0.0656874,0.372523
2166,0.0672213,0.289796
2167,0.0915059,0.310295
2168,0.0915059,0.310295
2169,0.0691311,0.353282
2170,0.0631485,0.304169
2171,0.0398345,0.328365
2172,0.0272042,0.38205
2173,0.0272042,0.38205
2174,0.0140979,0.416013
2175,0.0537348,0.38632
2176,0.0537348,0.38632
2177,0.0819149,0.372034
2178,0.0703152,0.408756
2179,0.070458,0.448781
2180,0.070458,0.448781
2181,0.0218037,0.505027
2182,0.0218037,0.505027
2183,0.0600483,0.456907
2184,0.0850302,0.377812
2185,0.0850302,0.377812
2186,0.0850302,0.377812
2187,0.0778619,0.441891
2188,0.0842514,0.398663
2189,0.0842514,0.398663
2190,0.12229,0.361417
2191,0.12229,0.361417
2192,0.130562,0.318508
2193,0.129217,0.41491
2194,0.0987572,0.403091
2195,0.112257,0.380363
2196,0.0776849,0.398868
2197,0.150833,0.371558
2198,0.16534,0.395108
2199,0.244844,0.421811
2200,0.244844,0.421811
2201,0.22045,0.408686
2202,0.198922,0.420659
2203,0.162164,0.398817
2204,0.165912,0.411703
2205,0.22888,0.366429
2206,0.262631,0.394776
2207,0.320457,0.372758
2208,0.320457,0.372758
2209,0.254326,0.389309
2210,0.252474,0.339003
2211,0.202919,0.412814
2212,0.202919,0.412814
2213,0.197185,0.340021
2214,0.169524,0.384005
2215,0.13991,0.404824
2216,0.0677509,0.387572
2217,0.119463,0.396708
2218,0.119463,0.396708
2219,0.0639838,0.378284
2220,0.0990495,0.384445
2221,0.0990495,0.384445
2222,0.103886,0.390111
2223,0.0871676,0.38894
2224,0.0871676,0.38894
2225,0.0301682,0.456805
2226,0.0301682,0.456805
2227,0.033477,0.426375
2228,0.033477,0.426375
2229,0.0576568,0.367162
2230,0.0576568,0.367162
2231,0.0576568,0.367162
2232,0.0576568,0.367162
2233,0.0871392,0.297096
2234,0.0871392,0.297096
2235,0.151281,0.280758
2236,0.131194,0.261566
2237,0.131194,0.261566
2238,0.131194,0.261566
2239,0.114252,0.237593
2240,0.0868103,0.367038
2241,0.0516219,0.34259
2242,0.0516219,0.34259
2243,0.0516219,0.34259
2244,0.109166,0.408584
2245,0.069122,0.403905
2246,0.100145,0.394979
2247,0.146818,0.40794
2248,0.134851,0.491988
2249,0.173986,0.473206
2250,0.18642,0.470603
2251,0.139503,0.481156
2252,0.139503,0.481156
2253,0.139503,0.481156
2254,0.195445,0.453
2255,0.195445,0.453
2256,0.195445,0.453
2257,0.13673,0.426545
2258,0.128399,0.443817
2259,0.128399,0.443817
2260,0.172345,0.387243
2261,0.150141,0.452671
2262,0.218103,0.417785
2263,0.193667,0.320704
2264,0.217528,0.31615
2265,0.1742,0.269229
2266,0.192058,0.274477
2267,0.180348,0.314317
2268,0.113505,0.31336
2269,0.19507,0.320147
2270,0.222887,0.296223
2271,0.240213,0.355871
2272,0.128782,0.301782
2273,0.128782,0.301782
2274,0.185168,0.34426
2275,0.177054,0.33608
2276,0.177054,0.33608
2277,0.177054,0.33608
2278,0.187688,0.345535
2279,0.175147,0.338395
2280,0.214128,0.338956
2281,0.348659,0.318711
2282,0.348659,0.318711
2283,0.301293,0.267696
2284,0.301293,0.267696
2285,0.255313,0.294215
2286,0.255313,0.294215
2287,0.297192,0.281493
2288,0.297192,0.281493
2289,0.254851,0.295294
2290,0.254851,0.295294
2291,0.270171,0.331557
2292,0.235853,0.296376
2293,0.169975,0.376693
2294,0.194339,0.327042
2295,0.235888,0.387784
2296,0.365618,0.388751
2297,0.320366,0.394376
2298,0.306876,0.328235
2299,0.251926,0.320165
2300,0.253725,0.236146
2301,0.26556,0.23419
2302,0.206526,0.311756
2303,0.211121,0.368203
2304,0.262529,0.311108
2305,0.310444,0.264825
2306,0.270562,0.24033
2307,0.270562,0.24033
2308,0.237373,0.279226
2309,0.188978,0.320039
2310,0.190217,0.267648
2311,0.220022,0.248587
2312,0.220022,0.248587
2313,0.25514,0.28613
2314,0.324623,0.320536
2315,0.272742,0.308406
2316,0.322684,0.29418
2317,0.322684,0.29418
2318,0.397934,0.334069
2319,0.402657,0.35537
2320,0.402657,0.35537
2321,0.376278,0.358152
2322,0.370616,0.353899
2323,0.370616,0.353899
2324,0.411972,0.294322
2325,0.425946,0.235878
2326,0.449283,0.257063
2327,0.412332,0.344859
2328,0.442723,0.22956
2329,0.384399,0.232379
2330,0.407863,0.230178
2331,0.368473,0.277322
2332,0.318688,0.287752
2333,0.333621,0.245966
2334,0.398266,0.276524
2335,0.342575,0.316547
2336,0.355295,0.318782
2337,0.355295,0.318782
2338,0.343931,0.427419
2339,0.343931,0.427419
2340,0.343931,0.427419
2341,0.360606,0.435494
2342,0.302373,0.429538
2343,0.324279,0.384617
2344,0.260006,0.423995
2345,0.278769,0.356439
2346,0.277613,0.329309
2347,0.290436,0.27146
2348,0.266552,0.28057
2349,0.266552,0.28057
2350,0.246658,0.239681
2351,0.160832,0.257291
2352,0.160832,0.257291
2353,0.167481,0.274529
2354,0.167481,0.274529
2355,0.167481,0.274529
2356,0.192079,0.213309
2357,0.184182,0.320154
2358,0.152552,0.295801
2359,0.152552,0.295801
2360,0.242358,0.198381
2361,0.242358,0.198381
2362,0.182727,0.283584
2363,0.213551,0.31214
2364,0.213551,0.31214
2365,0.206006,0.282162
2366,0.141022,0.287785
2367,0.109212,0.327777
2368,0.108833,0.402179
2369,0.129716,0.387256
2370,0.129716,0.387256
2371,0.177179,0.309725
2372,0.184502,0.285436
2373,0.151806,0.333904
2374,0.151806,0.333904
2375,0.134105,0.350856
2376,0.12235,0.442121
2377,0.137659,0.460317
2378,0.137659,0.460317
2379,0.098606,0.456369
2380,0.0643552,0.394345
2381,0.0643552,0.394345
2382,0.0939791,0.507191
2383,0.0939791,0.507191
2384,0.0939791,0.507191
2385,0.111544,0.481232
2386,0.128001,0.507224
2387,0.128001,0.507224
2388,0.128001,0.507224
2389,0.085951,0.451856
2390,0.0647798,0.42696
2391,0.0647798,0.42696
2392,0.08059,0.306346
2393,0.107482,0.373155
2394,0.111072,0.463984
2395,0.111072,0.463984
2396,0.12201,0.390117
2397,0.109236,0.436245
2398,0.085747,0.471533
2399,0.085747,0.471533
2400,0.085747,0.471533
2401,0.137181,0.383274
2402,0.137181,0.383274
2403,0.109744,0.416589
2404,0.0866153,0.495559
2405,0.0866153,0.495559
2406,0.0866153,0.495559
2407,0.181466,0.442787
2408,0.10605,0.480286
2409,0.130544,0.543934
2410,0.130544,0.543934
2411,0.121563,0.40104
2412,0.121563,0.40104
2413,0.121563,0.40104
2414,0.0447653,0.35243
2415,0.0687827,0.419064
2416,0.0687827,0.419064
2417,0.079377,0.391797
2418,0.150695,0.302806
2419,0.150695,0.302806
2420,0.113244,0.313217
2421,0.131838,0.315784
2422,0.093737,0.373819
2423,0.093737,0.373819
2424,0.0921927,0.384897
2425,0.0835947,0.364447
2426,0.128353,0.344195
2427,0.202679,0.317103
2428,0.257242,0.329632
2429,0.207941,0.296383
2430,0.207941,0.296383
2431,0.207941,0.296383
2432,0.104239,0.259906
2433,0.104239,0.259906
2434,0.128283,0.285573
2435,0.128283,0.285573
2436,0.128283,0.285573
2437,0.0649169,0.307852
2438,0.0794335,0.363973
2439,0.0463482,0.449304
2440,0.0855192,0.479135
2441,0.102903,0.419554
2442,0.0783093,0.427559
2443,0.0752525,0.371125
2444,0.0101108,0.405802
2445,0.0683411,0.395727
2446,0.0786774,0.354627
2447,0.0786774,0.354627
2448,0.107523,0.334671
2449,0.136629,0.308516
2450,0.136629,0.308516
2451,0.136629,0.308516
2452,0.112765,0.329981
2453,0.181834,0.36253
2454,0.181834,0.36253
2455,0.203419,0.402598
2456,0.203419,0.402598
2457,0.169815,0.346811
2458,0.163679,0.317663
2459,0.150407,0.311105
2460,0.150407,0.311105
2461,0.150407,0.311105
2462,0.114833,0.306816
2463,0.113243,0.308068
2464,0.0841748,0.285449
2465,0.134028,0.228354
2466,0.134717,0.295119
2467,0.134717,0.295119
2468,0.129641,0.371095
2469,0.0567417,0.337775
2470,0.0567417,0.337775
2471,0.120388,0.325963
2472,0.106049,0.34595
2473,0.0770262,0.387138
2474,0.0770262,0.387138
2475,0.0770262,0.387138
2476,0.0770262,0.387138
2477,0.126491,0.37994
2478,0.170337,0.338717
2479,0.176979,0.333375
2480,0.200123,0.304823
2481,0.200123,0.304823
2482,0.214272,0.337897
2483,0.214272,0.337897
2484,0.208987,0.325029
2485,0.215167,0.348448
2486,0.275011,0.386103
2487,0.23092,0.263837
2488,0.23092,0.263837
2489,0.246621,0.205127
2490,0.242606,0.165685
2491,0.242606,0.165685
2492,0.242606,0.165685
2493,0.242606,0.165685
2494,0.275161,0.232131
2495,0.231028,0.226748
2496,0.231028,0.226748
2497,0.257515,0.149463
2498,0.257515,0.149463
2499,0.268314,0.104898
2500,0.268314,0.104898
2501,0.268314,0.104898
2502,0.268314,0.104898
2503,0.268314,0.104898
2504,0.292405,0.0595028
2505,0.340818,0.0424464
2506,0.352691,0.0961132
2507,0.372456,0.130838
2508,0.280231,0.151368
2509,0.272495,0.176108
2510,0.272495,0.176108
2511,0.200944,0.159191
2512,0.247383,0.10466
2513,0.247383,0.10466
2514,0.264978,0.129053
2515,0.241175,0.11685
2516,0.223724,0.105348
2517,0.246538,0.084397
2518,0.237059,0.113738
2519,0.237059,0.113738
2520,0.190712,0.127689
2521,0.190712,0.127689
2522,0.190712,0.127689
2523,0.190712,0.127689
2524,0.222108,0.0929191
2525,0.246133,0.0868477
2526,0.258963,0.0553586
2527,0.3089,0.0747488
2528,0.3089,0.0747488
2529,0.313535,0.109484
2530,0.313535,0.109484
2531,0.33923,0.135596
2532,0.349478,0.0567832
2533,0.349478,0.0567832
2534,0.349478,0.0567832
2535,0.361623,0.0305706
2536,0.361623,0.0305706
2537,0.332379,0.0446919
2538,0.332379,0.0446919
2539,0.29701,0.0606748
2540,0.420982,0.093649
2541,0.372534,0.0965623
2542,0.372534,0.0965623
2543,0.372534,0.0965623
2544,0.372534,0.0965623
2545,0.458582,0.171562
2546,0.458654,0.197082
2547,0.394753,0.137482
2548,0.267923,0.196306
2549,0.267923,0.196306
2550,0.267923,0.196306
2551,0.155549,0.193798
2552,0.155549,0.193798
2553,0.21743,0.227399
2554,0.265434,0.237401
2555,0.265434,0.237401
2556,0.268739,0.185449
2557,0.268739,0.185449
2558,0.255936,0.222956
2559,0.259916,0.204635
2560,0.259916,0.204635
2561,0.230454,0.189161
2562,0.230454,0.189161
2563,0.265766,0.251563
2564,0.293961,0.247251
2565,0.310634,0.251333
2566,0.23604,0.298171
2567,0.23604,0.298171
2568,0.250595,0.235567
2569,0.259289,0.255422
2570,0.227305,0.255004
2571,0.192333,0.209454
2572,0.20104,0.214007
2573,0.168306,0.219008
2574,0.144013,0.309797
2575,0.152838,0.333066
2576,0.125761,0.276801
2577,0.168768,0.354374
2578,0.168768,0.354374
2579,0.136636,0.389566
2580,0.108451,0.346495
2581,0.144105,0.325555
2582,0.124241,0.359197
2583,0.0949537,0.300442
2584,0.145553,0.330084
2585,0.123281,0.348559
2586,0.123281,0.348559
2587,0.0481079,0.355028
2588,0.0838582,0.340227
2589,0.208051,0.321027
2590,0.127852,0.290451
2591,0.141294,0.290945
2592,0.199238,0.242517
2593,0.256012,0.259208
2594,0.255358,0.292009
2595,0.264794,0.274458
2596,0.30073,0.330413
2597,0.30073,0.330413
2598,0.243903,0.330762
2599,0.262155,0.377598
2600,0.28249,0.349127
2601,0.330036,0.348623
2602,0.258847,0.384909
2603,0.342317,0.302805
2604,0.320509,0.334368
2605,0.320509,0.334368
2606,0.320509,0.334368
2607,0.301961,0.281277
2608,0.301961,0.281277
2609,0.278194,0.37658
2610,0.155296,0.336715
2611,0.13771,0.366747
2612,0.109642,0.350319
2613,0.126012,0.297182
2614,0.134494,0.267902
2615,0.104377,0.345136
2616,0.185152,0.333513
2617,0.303523,0.350062
2618,0.289826,0.358265
2619,0.211626,0.335595
2620,0.211626,0.335595
2621,0.194623,0.31429
2622,0.194623,0.31429
2623,0.228462,0.342663
2624,0.193244,0.334043
2625,0.20398,0.377003
2626,0.180121,0.428333
2627,0.191797,0.351875
2628,0.204688,0.354378
2629,0.204688,0.354378
2630,0.260227,0.363197
2631,0.253269,0.464475
2632,0.227543,0.435572
2633,0.245364,0.457882
2634,0.179622,0.491305
2635,0.148102,0.509743
2636,0.148102,0.509743
2637,0.0937291,0.504615
2638,0.0937291,0.504615
2639,0.0916684,0.578046
2640,0.0883664,0.585164
2641,0.0883664,0.585164
2642,0.0883664,0.585164
2643,0.153954,0.588106
2644,0.221233,0.566453
2645,0.199462,0.553789
2646,0.199462,0.553789
2647,0.178736,0.537057
2648,0.188048,0.508285
2649,0.188048,0.508285
2650,0.182437,0.464249
2651,0.224977,0.415375
2652,0.188916,0.478415
2653,0.188916,0.478415
2654,0.312796,0.413736
2655,0.260282,0.372099
2656,0.266849,0.349741
2657,0.273254,0.313617
2658,0.273254,0.313617
2659,0.288215,0.28468
2660,0.253664,0.376375
2661,0.240422,0.31564
2662,0.278445,0.273226
2663,0.274122,0.322631
2664,0.257593,0.289865
2665,0.257593,0.289865
2666,0.339457,0.290846
2667,0.339457,0.290846
2668,0.350826,0.145291
2669,0.368528,0.253533
2670,0.368528,0.253533
2671,0.342047,0.141721
2672,0.301765,0.225537
2673,0.306688,0.281581
2674,0.263598,0.249449
2675,0.369835,0.277754
2676,0.346812,0.211159
2677,0.346812,0.211159
2678,0.268266,0.258056
2679,0.268266,0.258056
2680,0.305001,0.195279
2681,0.224972,0.186535
2682,0.142419,0.186641
2683,0.148393,0.220859
2684,0.194958,0.24426
2685,0.194958,0.24426
2686,0.17539,0.161361
2687,0.191244,0.225771
2688,0.172622,0.23449
2689,0.225845,0.301094
2690,0.223379,0.32816
2691,0.344403,0.273764
2692,0.379222,0.291872
2693,0.33698,0.306846
2694,0.299466,0.264014
2695,0.299466,0.264014
2696,0.329144,0.269687
2697,0.329144,0.269687
2698,0.329144,0.269687
2699,0.329144,0.269687
2700,0.276501,0.288705
2701,0.276501,0.288705
2702,0.307216,0.27461
2703,0.260903,0.266803
2704,0.321865,0.255318
2705,0.369046,0.191904
2706,0.369046,0.191904
2707,0.369046,0.191904
2708,0.408631,0.216446
2709,0.408631,0.216446
2710,0.423023,0.127491
2711,0.405402,0.277865
2712,0.405708,0.246584
2713,0.405708,0.246584
2714,0.405708,0.246584
2715,0.405708,0.246584
2716,0.343222,0.194449
2717,0.290036,0.230289
2718,0.241108,0.281646
2719,0.316241,0.256539
2720,0.239731,0.263235
2721,0.214312,0.266074
2722,0.214312,0.266074
2723,0.210676,0.311586
2724,0.272838,0.341377
2725,0.302774,0.28237
2726,0.262951,0.330702
2727,0.321269,0.295694
2728,0.321269,0.295694
2729,0.402294,0.325155
2730,0.402294,0.325155
2731,0.402294,0.325155
2732,0.402294,0.325155
2733,0.363111,0.298065
2734,0.383175,0.333485
2735,0.374626,0.294008
2736,0.395599,0.29791
2737,0.330923,0.312789
2738,0.343577,0.269575
2739,0.343577,0.269575
2740,0.358581,0.233173
2741,0.423259,0.304029
2742,0.410993,0.299868
2743,0.420334,0.280628
2744,0.420334,0.280628
2745,0.420334,0.280628
2746,0.389605,0.1912
2747,0.42703,0.204589
2748,0.396016,0.232673
2749,0.396016,0.232673
2750,0.434925,0.210371
2751,0.434925,0.210371
2752,0.434925,0.210371
2753,0.432809,0.179415
2754,0.389453,0.251
2755,0.347547,0.302767
2756,0.347547,0.302767
2757,0.355249,0.251642
2758,0.413095,0.196385
2759,0.413095,0.196385
2760,0.413095,0.196385
2761,0.332644,0.240771
2762,0.332644,0.240771
2763,0.384588,0.169535
2764,0.36759,0.115886
2765,0.360662,0.127135
2766,0.333634,0.168475
2767,0.333634,0.168475
2768,0.333634,0.168475
2769,0.43554,0.167719
2770,0.474454,0.176427
2771,0.474454,0.176427
2772,0.474454,0.176427
2773,0.457731,0.177254
2774,0.409844,0.161799
2775,0.434678,0.193567
2776,0.314901,0.243529
2777,0.314901,0.243529
2778,0.314901,0.243529
2779,0.350347,0.202437
2780,0.350347,0.202437
2781,0.350347,0.202437
2782,0.391611,0.188005
2783,0.420209,0.119165
2784,0.417182,0.136518
2785,0.417182,0.136518
2786,0.337866,0.14824
2787,0.337866,0.14824
2788,0.305172,0.180407
2789,0.33964,0.118772
2790,0.33964,0.118772
2791,0.33964,0.118772
2792,0.354809,0.0967437
2793,0.29089,0.0725902
2794,0.264008,0.118553
2795,0.310363,0.159945
2796,0.310363,0.159945
2797,0.307412,0.118653
2798,0.277112,0.153181
2799,0.277112,0.153181
2800,0.262956,0.217644
2801,0.240183,0.205188
2802,0.260703,0.201311
2803,0.293324,0.158394
2804,0.327682,0.107716
2805,0.334577,0.117476
2806,0.345262,0.113883
2807,0.335426,0.168423
2808,0.305225,0.189664
2809,0.305225,0.189664
2810,0.23035,0.198013
2811,0.253641,0.265294
2812,0.230624,0.193203
2813,0.190075,0.275466
2814,0.116418,0.268491
2815,0.17648,0.251099
2816,0.124478,0.261493
2817,0.158434,0.237136
2818,0.249133,0.240826
2819,0.211902,0.243357
2820,0.211902,0.243357
2821,0.211902,0.243357
2822,0.197614,0.285304
2823,0.326455,0.313585
2824,0.370793,0.336867
2825,0.266148,0.344859
2826,0.21416,0.410543
2827,0.128249,0.435413
2828,0.10658,0.336967
2829,0.10658,0.336967
2830,0.10658,0.336967
2831,0.10658,0.336967
2832,0.10658,0.336967
2833,0.10658,0.336967
2834,0.186549,0.442231
2835,0.184847,0.405846
2836,0.148294,0.352576
2837,0.110446,0.313288
2838,0.110446,0.313288
2839,0.110446,0.313288
2840,0.110446,0.313288
2841,0.0892382,0.30445
2842,0.0882594,0.3955
2843,0.133695,0.398534
2844,0.144151,0.462174
2845,0.201121,0.437382
2846,0.201121,0.437382
2847,0.201121,0.437382
2848,0.141188,0.457683
2849,0.128647,0.414975
2850,0.128647,0.414975
2851,0.070112,0.460084
2852,0.070112,0.460084
2853,0.0797473,0.424056
2854,0.136635,0.400227
2855,0.13647,0.399073
2856,0.07022,0.433563
2857,0.07022,0.433563
2858,0.07022,0.433563
2859,0.07022,0.433563
2860,0.07022,0.433563
2861,0.0792477,0.425723
2862,0.0792477,0.425723
2863,0.0535206,0.474584
2864,0.0461388,0.380639
2865,0.0440607,0.386428
2866,0.0716821,0.397656
2867,0.0771932,0.314446
2868,0.0358667,0.335105
2869,0.0358667,0.335105
2870,0.112758,0.339362
2871,0.112758,0.339362
2872,0.14729,0.348192
2873,0.133384,0.305695
2874,0.149969,0.383704
2875,0.0568147,0.40022
2876,0.0721213,0.370374
2877,0.0335637,0.394593
2878,0.0507041,0.360316
2879,0.113119,0.379108
2880,0.0369517,0.402587
2881,0.0855954,0.360334
2882,0.0855954,0.360334
2883,0.105959,0.364856
2884,0.126008,0.362958
2885,0.167124,0.366839
2886,0.193587,0.439821
2887,0.193587,0.439821
2888,0.21792,0.415226
2889,0.159221,0.398273
2890,0.14978,0.360337
2891,0.173203,0.376116
2892,0.0922203,0.341347
2893,0.104011,0.282886
2894,0.112309,0.311059
2895,0.095772,0.252416
2896,0.125872,0.264156
2897,0.125872,0.264156
2898,0.150403,0.319757
2899,0.121136,0.416095
2900,0.137294,0.418539
2901,0.272173,0.469374
2902,0.188885,0.467308
2903,0.188885,0.467308
2904,0.188885,0.467308
2905,0.188885,0.467308
2906,0.137584,0.439514
2907,0.0993114,0.552204
2908,0.0161152,0.579031
2909,0.17328,0.533171
2910,0.18998,0.599132
2911,0.131337,0.548857
2912,0.0558357,0.586983
2913,0.047604,0.519192
2914,0.0696515,0.503294
2915,0.0721977,0.492584
2916,0.145338,0.433889
2917,0.107999,0.482239
2918,0.107999,0.482239
2919,0.107999,0.482239
2920,0.115874,0.487536
2921,0.145823,0.398534
2922,0.145823,0.398534
2923,0.137449,0.450938
2924,0.155335,0.445292
2925,0.136831,0.44125
2926,0.136831,0.44125
2927,0.123399,0.466428
2928,0.150576,0.449782
2929,0.166528,0.454703
2930,0.166528,0.454703
2931,0.188617,0.426781
2932,0.177774,0.3833
2933,0.177774,0.3833
2934,0.115742,0.319873
2935,0.240906,0.327116
2936,0.177132,0.308065
2937,0.134186,0.31629
2938,0.170665,0.291551
2939,0.0662447,0.254254
2940,0.0662447,0.254254
2941,0.0444249,0.209885
2942,0.0479082,0.218917
2943,0.0467587,0.270076
2944,0.0732268,0.364938
2945,0.0955945,0.337102
2946,0.0955945,0.337102
2947,0.0603576,0.38526
2948,0.0739212,0.355214
2949,0.0739212,0.355214
2950,0.135281,0.298429
2951,0.135281,0.298429
2952,0.135281,0.298429
2953,0.148446,0.32606
2954,0.148446,0.32606
2955,0.204946,0.341329
2956,0.248515,0.331603
2957,0.296955,0.318297
2958,0.32216,0.343173
2959,0.32216,0.343173
2960,0.254877,0.3208
2961,0.33104,0.381203
2962,0.262252,0.399555
2963,0.237532,0.306721
2964,0.249281,0.314248
2965,0.249281,0.314248
2966,0.2312,0.275839
2967,0.2312,0.275839
2968,0.263521,0.242989
2969,0.341904,0.198219
2970,0.341904,0.198219
2971,0.341904,0.198219
2972,0.312437,0.292173
2973,0.370324,0.223816
2974,0.369169,0.125104
2975,0.351536,0.116893
2976,0.284782,0.156401
2977,0.214372,0.172166
2978,0.293248,0.215285
2979,0.293248,0.215285
2980,0.324119,0.20734
2981,0.358314,0.208139
2982,0.292092,0.198527
2983,0.20387,0.249838
2984,0.216473,0.308994
2985,0.174999,0.237239
2986,0.172033,0.27996
2987,0.132622,0.274587
2988,0.132622,0.274587
2989,0.132622,0.274587
2990,0.153826,0.274209
2991,0.153826,0.274209
2992,0.153826,0.274209
2993,0.124989,0.243966
2994,0.117723,0.272909
2995,0.174763,0.264305
2996,0.174763,0.264305
2997,0.174763,0.264305
2998,0.174763,0.264305
2999,0.149754,0.286895
3000,0.215509,0.328262
3001,0.259946,0.256064
3002,0.259946,0.256064
3003,0.367224,0.228336
3004,0.284331,0.302844
3005,0.284331,0.302844
3006,0.267393,0.319312
3007,0.267393,0.319312
3008,0.293579,0.239617
3009,0.299332,0.247626
3010,0.299332,0.247626
3011,0.299332,0.247626
3012,0.265133,0.226252
3013,0.275434,0.261688
3014,0.275434,0.261688
3015,0.256257,0.207574
3016,0.179301,0.243194
3017,0.245389,0.30011
3018,0.286375,0.252147
3019,0.286375,0.252147
3020,0.393005,0.282194
3021,0.382815,0.264213
3022,0.366658,0.301086
3023,0.394496,0.295004
3024,0.340706,0.302789
3025,0.31493,0.216074
3026,0.260285,0.298765
3027,0.260285,0.298765
3028,0.255573,0.201114
3029,0.255573,0.201114
3030,0.255573,0.201114
3031,0.345181,0.236861
3032,0.322605,0.194714
3033,0.322605,0.194714
3034,0.339441,0.206112
3035,0.3372,0.265219
3036,0.284718,0.278517
3037,0.299338,0.307792
3038,0.232946,0.299832
3039,0.305106,0.279427
3040,0.307854,0.242021
3041,0.330554,0.219288
3042,0.379771,0.213987
3043,0.384779,0.289853
3044,0.441281,0.236582
3045,0.462704,0.306623
3046,0.462704,0.306623
3047,0.454075,0.301792
3048,0.417712,0.377277
3049,0.363239,0.389358
3050,0.376028,0.387569
3051,0.394339,0.380756
3052,0.394339,0.380756
3053,0.334605,0.445743
3054,0.334331,0.40792
3055,0.293658,0.413785
3056,0.303509,0.36723
3057,0.287499,0.298651
3058,0.287499,0.298651
3059,0.287499,0.298651
3060,0.287499,0.298651
3061,0.350177,0.234739
3062,0.364599,0.246587
3063,0.316611,0.198656
3064,0.321576,0.231407
3065,0.340117,0.24438
3066,0.320812,0.182914
3067,0.320812,0.182914
3068,0.430077,0.19515
3069,0.430077,0.19515
3070,0.346393,0.178216
3071,0.346393,0.178216
3072,0.346393,0.178216
3073,0.312379,0.199612
3074,0.284312,0.197991
3075,0.360209,0.226557
3076,0.295933,0.223504
3077,0.281502,0.239727
3078,0.295055,0.126869
3079,0.295055,0.126869
3080,0.341476,0.14137
3081,0.307786,0.153764
3082,0.283206,0.120345
3083,0.370599,0.0853813
3084,0.333262,0.162932
3085,0.333262,0.162932
3086,0.333262,0.162932
3087,0.333262,0.162932
3088,0.391238,0.124232
3089,0.391238,0.124232
3090,0.370111,0.0970758
3091,0.370111,0.0970758
3092,0.384052,0.054641
3093,0.400238,0.0275756
3094,0.387455,0.0605169
3095,0.369386,0.026032
3096,0.38603,0.0888214
3097,0.38603,0.0888214
3098,0.38603,0.0888214
3099,0.45013,0.110584
3100,0.45013,0.110584
3101,0.50382,0.154575
3102,0.452489,0.11692
3103,0.50331,0.11784
3104,0.50331,0.11784
3105,0.447662,0.108679
3106,0.447662,0.108679
3107,0.447662,0.108679
3108,0.378282,0.126418
3109,0.378282,0.126418
3110,0.371949,0.126226
3111,0.370583,0.106185
3112,0.404583,0.152769
3113,0.404583,0.152769
3114,0.417895,0.148101
3115,0.417895,0.148101
3116,0.425601,0.156967
3117,0.453739,0.148735
3118,0.449249,0.160303
3119,0.478947,0.144265
3120,0.420316,0.150413
3121,0.387096,0.148906
3122,0.387096,0.148906
3123,0.354759,0.0884724
3124,0.367541,0.116378
3125,0.394782,0.157442
3126,0.444319,0.174991
3127,0.302794,0.124917
3128,0.302794,0.124917
3129,0.338883,0.118394
3130,0.320432,0.171612
3131,0.331393,0.155699
3132,0.337102,0.122533
3133,0.367746,0.235017
3134,0.299477,0.157856
3135,0.318785,0.169583
3136,0.318785,0.169583
3137,0.318785,0.169583
3138,0.382664,0.199519
3139,0.382664,0.199519
3140,0.382664,0.199519
3141,0.382664,0.199519
3142,0.382664,0.199519
3143,0.404124,0.188056
3144,0.361373,0.13673
3145,0.359464,0.154266
3146,0.320486,0.135609
3147,0.315445,0.107278
3148,0.366182,0.0882113
3149,0.366182,0.0882113
3150,0.371394,0.11445
3151,0.322329,0.16225
3152,0.322329,0.16225
3153,0.259469,0.0476418
3154,0.308243,0.0596389
3155,0.305301,0.110767
3156,0.31447,0.141029
3157,0.31447,0.141029
3158,0.359129,0.203345
3159,0.350382,0.169107
3160,0.33671,0.18993
3161,0.33671,0.18993
3162,0.33671,0.18993
3163,0.238571,0.182963
3164,0.26685,0.110387
3165,0.381542,0.104654
3166,0.380624,0.0892052
3167,0.369049,0.13052
3168,0.369049,0.13052
3169,0.369049,0.13052
3170,0.337373,0.110569
3171,0.365914,0.105604
3172,0.365914,0.105604
3173,0.390432,0.171493
3174,0.432005,0.128909
3175,0.457842,0.098625
3176,0.413453,0.140568
3177,0.421091,0.187011
3178,0.421091,0.187011
3179,0.449069,0.179618
3180,0.407298,0.184624
3181,0.357284,0.188663
3182,0.402611,0.179786
3183,0.412866,0.285117
3184,0.412866,0.285117
3185,0.405711,0.334699
3186,0.437349,0.232615
3187,0.416422,0.154087
3188,0.416422,0.154087
3189,0.416422,0.154087
3190,0.388007,0.215114
3191,0.391473,0.241656
3192,0.391473,0.241656
3193,0.369145,0.238054
3194,0.384597,0.22724
3195,0.384597,0.22724
3196,0.384597,0.22724
3197,0.384597,0.22724
3198,0.384597,0.22724
3199,0.439697,0.28088
3200,0.453167,0.181914
3201,0.453167,0.181914
3202,0.467318,0.222617
3203,0.467318,0.222617
3204,0.477636,0.179441
3205,0.477636,0.179441
3206,0.477636,0.179441
3207,0.486251,0.163415
3208,0.486251,0.163415
3209,0.486251,0.163415
3210,0.442433,0.141095
3211,0.429685,0.163644
3212,0.405634,0.23774
3213,0.405848,0.168644
3214,0.407959,0.22277
3215,0.407959,0.22277
3216,0.306476,0.19842
3217,0.256264,0.192514
3218,0.256264,0.192514
3219,0.286872,0.269148
3220,0.237172,0.300795
3221,0.32,0.270334
3222,0.332604,0.27521
3223,0.343447,0.215488
3224,0.369585,0.278646
3225,0.365831,0.25101
3226,0.365831,0.25101
3227,0.395834,0.276757
3228,0.376592,0.329888
3229,0.416881,0.367973
3230,0.416881,0.367973
3231,0.416881,0.367973
3232,0.388028,0.290283
3233,0.404242,0.284362
3234,0.426732,0.266673
3235,0.386925,0.30736
3236,0.386925,0.30736
3237,0.371668,0.316778
3238,0.370144,0.312234
3239,0.424758,0.33155
3240,0.388898,0.260651
3241,0.424961,0.263054
3242,0.402544,0.34517
3243,0.429613,0.275577
3244,0.419236,0.279967
3245,0.419236,0.279967
3246,0.367468,0.304008
3247,0.383518,0.265744
3248,0.356825,0.326252
3249,0.356825,0.326252
3250,0.392992,0.351697
3251,0.369521,0.340929
3252,0.343028,0.325975
3253,0.316404,0.288168
3254,0.316404,0.288168
3255,0.32451,0.256222
3256,0.282013,0.264863
3257,0.282013,0.264863
3258,0.341082,0.287303
3259,0.314781,0.256879
3260,0.316855,0.250634
3261,0.316855,0.250634
3262,0.317721,0.240698
3263,0.284004,0.21299
3264,0.284004,0.21299
3265,0.306529,0.230591
3266,0.306529,0.230591
3267,0.26144,0.225288
3268,0.254751,0.178766
3269,0.254751,0.178766
3270,0.258804,0.276371
3271,0.292626,0.344844
3272,0.256446,0.29196
3273,0.294208,0.281132
3274,0.294208,0.281132
3275,0.309072,0.224999
3276,0.298656,0.296727
3277,0.298656,0.296727
3278,0.298621,0.291909
3279,0.25779,0.325722
3280,0.330278,0.256907
3281,0.351016,0.326958
3282,0.294708,0.236701
3283,0.335552,0.230461
3284,0.335552,0.230461
3285,0.306327,0.249765
3286,0.3369,0.19294
3287,0.3369,0.19294
3288,0.3369,0.19294
3289,0.3369,0.19294
3290,0.3369,0.19294
3291,0.269933,0.166812
3292,0.210097,0.159496
3293,0.30855,0.264033
3294,0.274688,0.28084
3295,0.324573,0.222453
3296,0.324573,0.222453
3297,0.337226,0.216844
3298,0.353577,0.267276
3299,0.353577,0.267276
3300,0.418266,0.231065
3301,0.418266,0.231065
3302,0.366821,0.283453
3303,0.372219,0.295594
3304,0.402422,0.292083
3305,0.402422,0.292083
3306,0.423755,0.355385
3307,0.496968,0.304449
3308,0.507953,0.259686
3309,0.443364,0.307395
3310,0.443364,0.307395
3311,0.346255,0.306231
3312,0.26521,0.299649
3313,0.28549,0.341391
3314,0.246858,0.297947
3315,0.174937,0.397929
3316,0.174623,0.324205
3317,0.263922,0.345049
3318,0.279271,0.39544
3319,0.234683,0.42538
3320,0.234683,0.42538
3321,0.234683,0.42538
3322,0.225174,0.444077
3323,0.274706,0.412903
3324,0.346838,0.380171
3325,0.242535,0.416426
3326,0.242535,0.416426
3327,0.226613,0.499499
3328,0.226613,0.499499
3329,0.260832,0.512376
3330,0.27702,0.425942
3331,0.27344,0.373889
3332,0.357793,0.352893
3333,0.357793,0.352893
3334,0.323868,0.390194
3335,0.298459,0.363982
3336,0.339867,0.335686
3337,0.334731,0.324869
3338,0.294102,0.333761
3339,0.237747,0.350615
3340,0.289629,0.391886
3341,0.289629,0.391886
3342,0.21088,0.292712
3343,0.21663,0.248024
3344,0.21663,0.248024
3345,0.228369,0.253755
3346,0.228369,0.253755
3347,0.27223,0.298802
3348,0.273566,0.310668
3349,0.273566,0.310668
3350,0.28925,0.323923
3351,0.28925,0.323923
3352,0.341996,0.316605
3353,0.390828,0.333912
3354,0.329478,0.312982
3355,0.329478,0.312982
3356,0.287274,0.228699
3357,0.298153,0.292442
3358,0.294412,0.255785
3359,0.294412,0.255785
3360,0.383849,0.261927
3361,0.341099,0.253384
3362,0.413509,0.218194
3363,0.340149,0.295806
3364,0.339015,0.243174
3365,0.405231,0.235196
3366,0.405231,0.235196
3367,0.405231,0.235196
3368,0.397724,0.281379
3369,0.393726,0.291477
3370,0.411635,0.332821
3371,0.411635,0.332821
3372,0.411635,0.332821
3373,0.333822,0.381275
3374,0.385081,0.372814
3375,0.352033,0.361654
3376,0.30511,0.325301
3377,0.269773,0.403549
3378,0.252122,0.355476
3379,0.244005,0.327306
3380,0.286268,0.304152
3381,0.278746,0.295678
3382,0.3025,0.284065
3383,0.247772,0.325201
3384,0.226972,0.226799
3385,0.259893,0.227822
3386,0.28011,0.235052
3387,0.28011,0.235052
3388,0.28011,0.235052
3389,0.28011,0.235052
3390,0.281836,0.290745
3391,0.281836,0.290745
3392,0.343099,0.288349
3393,0.343099,0.288349
3394,0.270618,0.308147
3395,0.329862,0.365623
3396,0.329862,0.365623
3397,0.329862,0.365623
3398,0.265366,0.368692
3399,0.265366,0.368692
3400,0.37418,0.303587
3401,0.37418,0.303587
3402,0.301714,0.193219
3403,0.345466,0.252633
3404,0.345466,0.252633
3405,0.296145,0.232712
3406,0.34139,0.270584
3407,0.358576,0.298804
3408,0.334004,0.253783
3409,0.334004,0.253783
3410,0.306226,0.296147
3411,0.357016,0.272715
3412,0.374422,0.296236
3413,0.33006,0.301239
3414,0.272288,0.271684
3415,0.298426,0.186832
3416,0.282994,0.219513
3417,0.340034,0.219307
3418,0.340034,0.219307
3419,0.352406,0.211212
3420,0.370095,0.335108
3421,0.36069,0.293851
3422,0.36069,0.293851
3423,0.267906,0.288093
3424,0.267906,0.288093
3425,0.27933,0.273182
3426,0.299916,0.264577
3427,0.299916,0.264577
3428,0.31209,0.302867
3429,0.31209,0.302867
3430,0.31209,0.302867
3431,0.377678,0.296002
3432,0.37263,0.345256
3433,0.36233,0.316402
3434,0.36233,0.316402
3435,0.30101,0.30543
3436,0.250852,0.335966
3437,0.247046,0.307377
3438,0.290147,0.259095
3439,0.250577,0.28052
3440,0.250577,0.28052
3441,0.206204,0.297149
3442,0.222902,0.289706
3443,0.247984,0.306357
3444,0.247984,0.306357
3445,0.225142,0.272484
3446,0.251581,0.249813
3447,0.18145,0.231706
3448,0.175537,0.29567
3449,0.175537,0.29567
3450,0.14295,0.270563
3451,0.241198,0.366291
3452,0.227116,0.362216
3453,0.251368,0.374576
3454,0.251368,0.374576
3455,0.216949,0.335925
3456,0.256341,0.393978
3457,0.284913,0.488545
3458,0.237113,0.447045
3459,0.275981,0.500334
3460,0.265334,0.45439
3461,0.315804,0.423925
3462,0.315804,0.423925
3463,0.315804,0.423925
3464,0.315804,0.423925
3465,0.209616,0.392912
3466,0.205584,0.357513
3467,0.269297,0.422643
3468,0.282797,0.325061
3469,0.282797,0.325061
3470,0.307419,0.333924
3471,0.351778,0.30533
3472,0.358222,0.321264
3473,0.358222,0.321264
3474,0.303005,0.311841
3475,0.401547,0.309854
3476,0.316513,0.34418
3477,0.285196,0.44272
3478,0.296162,0.41743
3479,0.292757,0.457358
3480,0.219492,0.389355
3481,0.260858,0.449019
3482,0.260858,0.449019
3483,0.205197,0.378712
3484,0.269136,0.355323
3485,0.253624,0.407107
3486,0.226746,0.353999
3487,0.226746,0.353999
3488,0.226746,0.353999
3489,0.238425,0.341178
3490,0.251916,0.215875
3491,0.277248,0.25911
3492,0.277248,0.25911
3493,0.277248,0.25911
3494,0.277248,0.25911
3495,0.277248,0.25911
3496,0.277248,0.25911
3497,0.218594,0.210023
3498,0.21423,0.245366
3499,0.21423,0.245366
3500,0.191477,0.0961568
3501,0.16398,0.168143
3502,0.16398,0.168143
3503,0.135028,0.160369
3504,0.189562,0.178894
3505,0.153172,0.24692
3506,0.153172,0.24692
3507,0.201014,0.207062
3508,0.23951,0.284301
3509,0.23951,0.284301
3510,0.205722,0.216415
3511,0.302001,0.289573
3512,0.245368,0.324041
3513,0.311956,0.29944
3514,0.311956,0.29944
3515,0.238358,0.303861
3516,0.230349,0.201576
3517,0.256376,0.121844
3518,0.256038,0.235752
3519,0.204598,0.338998
3520,0.295131,0.441346
3521,0.262933,0.493586
3522,0.262933,0.493586
3523,0.387782,0.454143
3524,0.283733,0.310354
3525,0.283733,0.310354
3526,0.283139,0.343327
3527,0.304831,0.399829
3528,0.291862,0.268178
3529,0.201041,0.253016
3530,0.103252,0.272248
3531,0.162932,0.171903
3532,0.232394,0.226077
3533,0.232394,0.226077
3534,0.217929,0.300415
3535,0.210376,0.284092
3536,0.210376,0.284092
3537,0.221689,0.247622
3538,0.221689,0.247622
3539,0.207856,0.307181
3540,0.207856,0.307181
3541,0.240325,0.329131
3542,0.241834,0.284
3543,0.241834,0.284
3544,0.225849,0.384084
3545,0.246867,0.425509
3546,0.246867,0.425509
3547,0.21576,0.455672
3548,0.216596,0.486382
3549,0.219361,0.441575
3550,0.252047,0.380106
3551,0.175834,0.387481
3552,0.134591,0.38623
3553,0.151136,0.415245
3554,0.222725,0.399915
3555,0.222725,0.399915
3556,0.237479,0.505399
3557,0.179089,0.499337
3558,0.179089,0.499337
3559,0.179089,0.499337
3560,0.179089,0.499337
3561,0.16651,0.466074
3562,0.186984,0.396276
3563,0.180925,0.391135
3564,0.180925,0.391135
3565,0.205891,0.323732
3566,0.21953,0.381241
3567,0.246399,0.392886
3568,0.158792,0.431342
3569,0.158792,0.431342
3570,0.139942,0.448568
3571,0.161117,0.483525
3572,0.189937,0.42966
3573,0.175494,0.452709
3574,0.169525,0.440849
3575,0.169525,0.440849
3576,0.201651,0.503333
3577,0.259816,0.340421
3578,0.231117,0.350696
3579,0.231117,0.350696
3580,0.16214,0.410176
3581,0.215458,0.479134
3582,0.249136,0.503252
3583,0.281852,0.436398
3584,0.281852,0.436398
3585,0.281852,0.436398
3586,0.31546,0.366166
3587,0.33494,0.383433
3588,0.292382,0.424403
3589,0.292382,0.424403
3590,0.239735,0.394017
3591,0.250497,0.397905
3592,0.250497,0.397905
3593,0.250497,0.397905
3594,0.260077,0.449439
3595,0.238861,0.494033
3596,0.23189,0.583296
3597,0.246977,0.548483
3598,0.246977,0.548483
3599,0.281087,0.523912
3600,0.349511,0.577516
3601,0.285926,0.559385
3602,0.278403,0.547096
3603,0.302727,0.306539
3604,0.293876,0.228399
3605,0.278478,0.251401
3606,0.253727,0.164463
3607,0.253727,0.164463
3608,0.253727,0.164463
3609,0.253727,0.164463
3610,0.238166,0.270366
3611,0.238166,0.270366
3612,0.223149,0.320874
3613,0.22825,0.293806
3614,0.234635,0.294312
3615,0.265239,0.417649
3616,0.279281,0.419561
3617,0.279281,0.419561
3618,0.279281,0.419561
3619,0.274872,0.411096
3620,0.256716,0.356319
3621,0.197802,0.33797
3622,0.247594,0.347857
3623,0.336169,0.39907
3624,0.336169,0.39907
3625,0.310868,0.437531
3626,0.318171,0.388323
3627,0.318171,0.388323
3628,0.318171,0.388323
3629,0.318171,0.388323
3630,0.309916,0.368551
3631,0.258818,0.376393
3632,0.265393,0.304074
3633,0.204047,0.334639
3634,0.201252,0.35532
3635,0.201093,0.349257
3636,0.0915115,0.362446
3637,0.12176,0.412386
3638,0.12176,0.412386
3639,0.12176,0.412386
3640,0.0684333,0.464614
3641,0.046168,0.50001
3642,0.0355117,0.516259
3643,0.0665818,0.484802
3644,0.0665818,0.484802
3645,0.107416,0.462461
3646,0.195391,0.394334
3647,0.169056,0.417973
3648,0.196967,0.451484
3649,0.161906,0.415162
3650,0.167331,0.400962
3651,0.171162,0.443171
3652,0.171162,0.443171
3653,0.113843,0.348403
3654,0.0836656,0.355709
3655,0.0908188,0.47355
3656,0.0908188,0.47355
3657,0.0908188,0.47355
3658,0.0921995,0.430312
3659,0.0921995,0.430312
3660,0.091782,0.463784
3661,0.133187,0.506907
3662,0.189528,0.332781
3663,0.146285,0.393214
3664,0.177333,0.430419
3665,0.177333,0.430419
3666,0.110092,0.601015
3667,0.0784242,0.53213
3668,0.107813,0.441287
3669,0.107813,0.441287
3670,0.152869,0.451423
3671,0.139727,0.42578
3672,0.133078,0.420016
3673,0.133078,0.420016
3674,0.124096,0.381071
3675,0.124096,0.381071
3676,0.159049,0.308525
3677,0.159049,0.308525
3678,0.182402,0.28346
3679,0.182402,0.28346
3680,0.182402,0.28346
3681,0.182402,0.28346
3682,0.245172,0.251874
3683,0.245172,0.251874
3684,0.218516,0.286381
3685,0.269368,0.25024
3686,0.180391,0.281646
3687,0.180391,0.281646
3688,0.183574,0.252919
3689,0.183574,0.252919
3690,0.193569,0.254335
3691,0.192683,0.261635
3692,0.192683,0.261635
3693,0.224411,0.23753
3694,0.224411,0.23753
3695,0.224411,0.23753
3696,0.202786,0.239166
3697,0.202786,0.239166
3698,0.202786,0.239166
3699,0.228006,0.268393
3700,0.228006,0.268393
3701,0.228006,0.268393
3702,0.299095,0.219941
3703,0.310379,0.231581
3704,0.310379,0.231581
3705,0.30989,0.261748
3706,0.315448,0.308437
3707,0.286463,0.297548
3708,0.289442,0.295683
3709,0.24085,0.308851
3710,0.283798,0.258704
3711,0.278547,0.276791
3712,0.205048,0.248953
3713,0.186369,0.247763
3714,0.23379,0.198457
3715,0.219004,0.280861
3716,0.219004,0.280861
3717,0.226988,0.242941
3718,0.294515,0.202093
3719,0.327244,0.227524
3720,0.312778,0.200432
3721,0.265498,0.212522
3722,0.208553,0.251285
3723,0.269041,0.164535
3724,0.269041,0.164535
3725,0.280611,0.157656
3726,0.280611,0.157656
3727,0.280611,0.157656
3728,0.305365,0.179039
3729,0.306096,0.169301
3730,0.379827,0.147476
3731,0.379257,0.15537
3732,0.379257,0.15537
3733,0.379257,0.15537
3734,0.379257,0.15537
3735,0.379257,0.15537
3736,0.300504,0.114331
3737,0.336196,0.130664
3738,0.25859,0.0642816
3739,0.229498,0.032746
3740,0.208876,0.0509299
3741,0.212212,0.0304471
3742,0.247949,0.0894031
3743,0.274932,0.0373024
3744,0.33978,0.0144993
3745,0.351072,0.153411
3746,0.335609,0.128181
3747,0.335609,0.128181
3748,0.309645,0.0813431
3749,0.309645,0.0813431
3750,0.345691,0.0173847
3751,0.296968,0.125545
3752,0.296968,0.125545
3753,0.296968,0.125545
3754,0.296968,0.125545
3755,0.222061,0.0978295
3756,0.276084,0.0892127
3757,0.245949,0.122124
3758,0.245949,0.122124
3759,0.298902,0.164446
3760,0.298902,0.164446
3761,0.298902,0.164446
3762,0.282113,0.140688
3763,0.286985,0.174323
3764,0.286837,0.185722
3765,0.286837,0.185722
3766,0.26987,0.20104
3767,0.345475,0.291994
3768,0.259281,0.281209
3769,0.3112,0.142117
3770,0.230543,0.166114
3771,0.272713,0.163252
3772,0.315167,0.183803
3773,0.315167,0.183803
3774,0.289036,0.158073
3775,0.328175,0.129312
3776,0.26813,0.126531
3777,0.315466,0.10364
3778,0.315466,0.10364
3779,0.253528,0.137677
3780,0.253528,0.137677
3781,0.226556,0.101803
3782,0.226556,0.101803
3783,0.255867,0.133105
3784,0.255867,0.133105
3785,0.339133,0.0379562
3786,0.275772,0.135904
3787,0.291522,0.152201
3788,0.317183,0.0760058
3789,0.295415,0.0840114
3790,0.26435,0.0683201
3791,0.17955,0.0124478
3792,0.16902,0.0812798
3793,0.206469,0.0784084
3794,0.206469,0.0784084
3795,0.201179,0.0788776
3796,0.240191,0.136073
3797,0.238059,0.137137
3798,0.248105,0.0651951
3799,0.196952,0.0974909
3800,0.169083,0.150582
3801,0.112252,0.155146
3802,0.104634,0.107947
3803,0.104634,0.107947
3804,0.143,0.0817389
3805,0.173269,0.0438992
3806,0.173269,0.0438992
3807,0.173269,0.0438992
3808,0.173269,0.0438992
3809,0.216296,0.0775651
3810,0.161192,0.0704972
3811,0.127909,0.0255065
3812,0.167468,0.0692764
3813,0.162596,0.10553
3814,0.156551,0.0638438
3815,0.156551,0.0638438
3816,0.213245,0.0877781
3817,0.213245,0.0877781
3818,0.167044,0.0357094
3819,0.141665,0.0969529
3820,0.136799,0.0503358
3821,0.131805,0.0554699
3822,0.0999496,0.0594597
3823,0.12055,0.0263588
3824,0.103034,0.0735629
3825,0.0591952,0.074812
3826,0.0474233,0.118317
3827,0.0035353,0.125646
3828,0.0323478,0.139239
3829,0.0121196,0.283223
3830,0.0882428,0.241122
3831,0.0793992,0.210147
3832,0.0967622,0.23184
3833,0.0688448,0.247458
3834,0.0726633,0.273133
3835,0.0539082,0.248987
3836,0.0748113,0.294075
3837,0.0748113,0.294075
3838,0.0648114,0.244221
3839,0.10972,0.276539
3840,0.116657,0.244622
3841,0.0869356,0.190485
3842,0.0869356,0.190485
3843,0.0657484,0.228965
3844,0.0567885,0.226341
3845,0.0476331,0.159928
3846,0.10347,0.188308
3847,0.10347,0.188308
3848,0.153425,0.164655
3849,0.211327,0.150144
3850,0.235769,0.111605
3851,0.235769,0.111605
3852,0.235769,0.111605
3853,0.235769,0.111605
3854,0.211425,0.151281
3855,0.164701,0.181358
3856,0.164701,0.181358
3857,0.166762,0.177056
3858,0.206651,0.221822
3859,0.206651,0.221822
3860,0.212948,0.21828
3861,0.257787,0.244819
3862,0.298589,0.214656
3863,0.298589,0.214656
3864,0.298589,0.214656
3865,0.298589,0.214656
3866,0.298589,0.214656
3867,0.298589,0.214656
3868,0.244599,0.250409
3869,0.244599,0.250409
3870,0.244599,0.250409
3871,0.227073,0.239122
3872,0.227073,0.239122
3873,0.202491,0.227289
3874,0.182562,0.241043
3875,0.186856,0.247545
3876,0.19939,0.268136
3877,0.176712,0.316005
3878,0.176712,0.316005
3879,0.205839,0.335378
3880,0.158823,0.296269
3881,0.122323,0.420175
3882,0.124994,0.366235
3883,0.145076,0.376479
3884,0.145076,0.376479
3885,0.145076,0.376479
3886,0.0893695,0.343842
3887,0.0817227,0.322488
3888,0.0747987,0.38668
3889,0.0747987,0.38668
3890,0.0728177,0.42631
3891,0.124072,0.35701
3892,0.0962316,0.325741
3893,0.111094,0.347484
3894,0.120382,0.304731
3895,0.103858,0.315763
3896,0.103858,0.315763
3897,0.116962,0.362423
3898,0.125234,0.410117
3899,0.167936,0.378428
3900,0.132271,0.402469
3901,0.110679,0.437121
3902,0.110679,0.437121
3903,0.113333,0.424839
3904,0.113333,0.424839
3905,0.128418,0.429025
3906,0.0871585,0.458874
3907,0.104825,0.455217
3908,0.104825,0.455217
3909,0.0800688,0.402704
3910,0.106332,0.397934
3911,0.162639,0.381565
3912,0.154866,0.348918
3913,0.154866,0.348918
3914,0.147529,0.359466
3915,0.147529,0.359466
3916,0.147529,0.359466
3917,0.147529,0.359466
3918,0.190418,0.39883
3919,0.180855,0.317835
3920,0.180855,0.317835
3921,0.180855,0.317835
3922,0.105286,0.346505
3923,0.105286,0.346505
3924,0.105778,0.334367
3925,0.155065,0.355487
3926,0.146547,0.404857
3927,0.203193,0.438874
3928,0.160751,0.447414
3929,0.108204,0.470394
3930,0.108204,0.470394
3931,0.17311,0.449431
3932,0.208301,0.450504
3933,0.1394,0.43927
3934,0.181097,0.407468
3935,0.193113,0.320457
3936,0.155075,0.316625
3937,0.13774,0.35236
3938,0.157679,0.387424
3939,0.144345,0.316706
3940,0.188969,0.321155
3941,0.188969,0.321155
3942,0.122342,0.346012
3943,0.122342,0.346012
3944,0.140694,0.294291
3945,0.147503,0.312079
3946,0.162837,0.336903
3947,0.162837,0.336903
3948,0.182764,0.450653
3949,0.182764,0.450653
3950,0.125218,0.419773
3951,0.115548,0.422177
3952,0.176066,0.425478
3953,0.189835,0.438762
3954,0.19906,0.400993
3955,0.195463,0.436454
3956,0.195463,0.436454
3957,0.132785,0.497171
3958,0.132785,0.497171
3959,0.132785,0.497171
3960,0.140977,0.485763
3961,0.135802,0.534418
3962,0.139542,0.479458
3963,0.0868332,0.515133
3964,0.0868332,0.515133
3965,0.12548,0.553951
3966,0.186478,0.585685
3967,0.186478,0.585685
3968,0.186478,0.585685
3969,0.162789,0.507113
3970,0.171685,0.486756
3971,0.171861,0.433305
3972,0.128789,0.450483
3973,0.112522,0.513601
3974,0.107183,0.467607
3975,0.107183,0.467607
3976,0.106711,0.423395
3977,0.106711,0.423395
3978,0.121875,0.467621
3979,0.186384,0.464158
3980,0.186384,0.464158
3981,0.0747917,0.513437
3982,0.0349355,0.464205
3983,0.0677339,0.426141
3984,0.0677339,0.426141
3985,0.0180938,0.43022
3986,0.0180938,0.43022
3987,0.0704222,0.394358
3988,0.11645,0.38614
3989,0.129267,0.357142
3990,0.133474,0.357439
3991,0.0752706,0.301086
3992,0.0752706,0.301086
3993,0.11901,0.272022
3994,0.0730985,0.312054
3995,0.0836213,0.288413
3996,0.144057,0.255899
3997,0.175026,0.253735
3998,0.175026,0.253735
3999,0.162603,0.248012
4000,0.162603,0.248012
4001,0.18427,0.233841
4002,0.214692,0.2346
4003,0.156371,0.223355
4004,0.156371,0.223355
4005,0.124403,0.226334
4006,0.124403,0.226334
4007,0.124403,0.226334
4008,0.124403,0.226334
4009,0.190715,0.290774
4010,0.167892,0.318109
4011,0.140355,0.322977
4012,0.19489,0.385094
4013,0.165449,0.41797
4014,0.165449,0.41797
4015,0.179308,0.453157
4016,0.211029,0.46372
4017,0.211029,0.46372
4018,0.211029,0.46372
4019,0.211029,0.46372
4020,0.213326,0.409563
4021,0.170716,0.436615
4022,0.221706,0.446825
4023,0.203914,0.434736
4024,0.137473,0.484386
4025,0.211524,0.448819
4026,0.170048,0.429506
4027,0.170048,0.429506
4028,0.174423,0.396566
4029,0.186918,0.348173
4030,0.200727,0.471325
4031,0.135419,0.492407
4032,0.225605,0.475685
4033,0.225605,0.475685
4034,0.216598,0.388996
4035,0.23218,0.428587
4036,0.232649,0.301381
4037,0.232649,0.301381
4038,0.232649,0.301381
4039,0.178647,0.390168
4040,0.172662,0.336849
4041,0.208298,0.331816
4042,0.239941,0.402742
4043,0.182384,0.395664
4044,0.252595,0.400888
4045,0.203563,0.348138
4046,0.188722,0.388966
4047,0.286544,0.304616
4048,0.195017,0.296468
4049,0.200604,0.34221
4050,0.176856,0.431212
4051,0.136165,0.374917
4052,0.168489,0.43186
4053,0.168489,0.43186
4054,0.203459,0.405488
4055,0.185795,0.365856
4056,0.185795,0.365856
4057,0.185795,0.365856
4058,0.125364,0.34218
4059,0.178389,0.432759
4060,0.211939,0.393776
4061,0.211939,0.393776
4062,0.147802,0.295818
4063,0.198102,0.325342
4064,0.174075,0.294892
4065,0.247151,0.357726
4066,0.248077,0.319816
4067,0.129217,0.329489
4068,0.199049,0.278082
4069,0.175849,0.272872
4070,0.175849,0.272872
4071,0.0656231,0.262246
4072,0.0656231,0.262246
4073,0.0656231,0.262246
4074,0.0656231,0.262246
4075,0.0528522,0.224248
4076,0.0242597,0.1857
4077,0.0115656,0.197641
4078,0.0115656,0.197641
4079,0.0115656,0.197641
4080,0.0866218,0.177419
4081,0.0799669,0.189151
4082,0.0776614,0.231984
4083,0.0776614,0.231984
4084,0.0917286,0.217257
4085,0.0917286,0.217257
4086,0.127287,0.205122
4087,0.190643,0.129245
4088,0.182528,0.142764
4089,0.200324,0.0900013
4090,0.151864,0.176315
4091,0.130992,0.197652
4092,0.0922465,0.212601
4093,0.0922465,0.212601
4094,0.110055,0.217888
4095,0.118816,0.189983
4096,0.117068,0.187492
4097,0.0819551,0.267892
4098,0.142326,0.251432
4099,0.142326,0.251432
4100,0.142326,0.251432
4101,0.108948,0.18579
4102,0.170423,0.231069
4103,0.109685,0.201842
4104,0.109685,0.201842
4105,0.109685,0.201842
4106,0.109685,0.201842
4107,0.172607,0.158402
4108,0.0981332,0.224091
4109,0.154278,0.171402
4110,0.092174,0.225509
4111,0.107796,0.128896
4112,0.0962142,0.101883
4113,0.093495,0.0862733
4114,0.113301,0.12057
4115,0.145116,0.158277
4116,0.151549,0.129979
4117,0.09588,0.154539
4118,0.127923,0.113942
4119,0.116825,0.137304
4120,0.0201025,0.115975
4121,0.0498009,0.185861
4122,0.0715452,0.158915
4123,0.126543,0.160777
4124,0.126543,0.160777
4125,0.087328,0.278577
4126,0.087328,0.278577
4127,0.119805,0.256932
4128,0.119805,0.256932
4129,0.119805,0.256932
4130,0.127653,0.268795
4131,0.0647526,0.347947
4132,0.0647526,0.347947
4133,0.0797602,0.203025
4134,0.00242648,0.260259
4135,0.043223,0.320154
4136,0.043223,0.320154
4137,0.043223,0.320154
4138,0.0566587,0.237626
4139,0.0566587,0.237626
4140,0.0369977,0.311841
4141,0.0480475,0.25534
4142,0.0569248,0.249323
4143,0.0569248,0.249323
4144,0.0319192,0.246453
4145,0.0188868,0.278262
4146,0.0620554,0.287249
4147,0.0620554,0.287249
4148,0.0598415,0.327672
4149,0.0598415,0.327672
4150,0.118813,0.328476
4151,0.102464,0.318372
4152,0.169518,0.380705
4153,0.122406,0.351903
4154,0.11177,0.400638
4155,0.100186,0.436902
4156,0.142316,0.34243
4157,0.112589,0.360938
4158,0.112589,0.360938
4159,0.0676374,0.311971
4160,0.0676374,0.311971
4161,0.154363,0.371473
4162,0.130076,0.393177
4163,0.111275,0.345301
4164,0.0849666,0.323719
4165,0.0436922,0.341355
4166,0.0436922,0.341355
4167,0.0739672,0.364636
4168,0.0739672,0.364636
4169,0.111954,0.313475
4170,0.0893551,0.329771
4171,0.0928529,0.371117
4172,0.0911418,0.374469
4173,0.00624366,0.309512
4174,0.0196404,0.3373
4175,0.00263468,0.392505
4176,0.00263468,0.392505
4177,0.00263468,0.392505
4178,0.0571823,0.408577
4179,0.0372472,0.414417
4180,0.0225846,0.381584
4181,0.0289372,0.411702
4182,0.0656394,0.426989
4183,0.0656394,0.426989
4184,0.109307,0.42188
4185,0.135548,0.46694
4186,0.135548,0.46694
4187,0.0827371,0.458308
4188,0.0975374,0.465112
4189,0.0789155,0.364698
4190,0.01064,0.295243
4191,0.0337274,0.354501
4192,0.0337274,0.354501
4193,0.00573782,0.425701
4194,0.013638,0.45935
4195,0.0336396,0.433585
4196,0.0520733,0.397659
4197,0.0520733,0.397659
4198,0.0311237,0.308315
4199,0.0440279,0.345539
4200,0.0278636,0.357696
4201,0.0278636,0.357696
4202,0.118238,0.451534
4203,0.118238,0.451534
4204,0.118238,0.451534
4205,0.0757741,0.466704
4206,0.0667118,0.457878
4207,0.0667118,0.457878
4208,0.0840194,0.433659
4209,0.0840194,0.433659
4210,0.071488,0.443061
4211,0.0473668,0.531274
4212,0.057263,0.478505
4213,0.057263,0.478505
4214,0.0859981,0.429481
4215,0.0402698,0.382271
4216,0.092459,0.360004
4217,0.16367,0.344393
4218,0.163232,0.405329
4219,0.171279,0.313113
4220,0.118527,0.318839
4221,0.151874,0.292077
4222,0.151874,0.292077
4223,0.209952,0.292524
4224,0.196734,0.276653
4225,0.249905,0.222201
4226,0.228789,0.224676
4227,0.228789,0.224676
4228,0.221611,0.243028
4229,0.221611,0.243028
4230,0.211497,0.329116
4231,0.218506,0.291449
4232,0.218506,0.291449
4233,0.254863,0.241891
4234,0.265047,0.22474
4235,0.265047,0.22474
4236,0.238519,0.275306
4237,0.238519,0.275306
4238,0.238519,0.275306
4239,0.189724,0.258499
4240,0.189724,0.258499
4241,0.154261,0.285737
4242,0.10754,0.299184
4243,0.156859,0.315212
4244,0.22627,0.327604
4245,0.171442,0.344473
4246,0.171442,0.344473
4247,0.171442,0.344473
4248,0.171442,0.344473
4249,0.171442,0.344473
4250,0.171442,0.344473
4251,0.170602,0.334205
4252,0.196269,0.306469
4253,0.196269,0.306469
4254,0.196269,0.306469
4255,0.165811,0.350634
4256,0.141486,0.303982
4257,0.18824,0.251704
4258,0.151087,0.319701
4259,0.136454,0.337225
4260,0.102146,0.358475
4261,0.0970444,0.410025
4262,0.0970444,0.410025
4263,0.0970444,0.410025
4264,0.146049,0.343705
4265,0.135567,0.293912
4266,0.101435,0.299306
4267,0.101435,0.299306
4268,0.115395,0.263687
4269,0.126725,0.356243
4270,0.134363,0.32656
4271,0.193375,0.405805
4272,0.165289,0.397159
4273,0.167424,0.484912
4274,0.164232,0.470433
4275,0.164232,0.470433
4276,0.207556,0.496304
4277,0.226422,0.494868
4278,0.226422,0.494868
4279,0.23779,0.423239
4280,0.279712,0.390112
4281,0.314694,0.325054
4282,0.347232,0.398476
4283,0.358486,0.31562
4284,0.322522,0.346234
4285,0.267682,0.309707
4286,0.294538,0.363384
4287,0.369283,0.344058
4288,0.390892,0.325451
4289,0.357642,0.345353
4290,0.284118,0.322583
4291,0.284118,0.322583
4292,0.366352,0.31168
4293,0.364451,0.322338
4294,0.364451,0.322338
4295,0.353892,0.280579
4296,0.371266,0.264857
4297,0.371266,0.264857
4298,0.318208,0.360804
4299,0.321465,0.301514
4300,0.321465,0.301514
4301,0.321465,0.301514
4302,0.321465,0.301514
4303,0.255058,0.270786
4304,0.256725,0.299026
4305,0.256725,0.299026
4306,0.272924,0.367518
4307,0.260087,0.340404
4308,0.299682,0.306068
4309,0.299682,0.306068
4310,0.299682,0.306068
4311,0.265965,0.352255
4312,0.274815,0.373947
4313,0.274815,0.373947
4314,0.293292,0.344255
4315,0.29668,0.34586
4316,0.29668,0.34586
4317,0.285605,0.298602
4318,0.285605,0.298602
4319,0.220527,0.300099
4320,0.220527,0.300099
4321,0.220527,0.300099
4322,0.203069,0.28385
4323,0.203069,0.28385
4324,0.203069,0.28385
4325,0.203069,0.28385
4326,0.229827,0.314386
4327,0.229827,0.314386
4328,0.148885,0.436756
4329,0.170326,0.411742
4330,0.170326,0.411742
4331,0.183962,0.353445
4332,0.157031,0.353071
4333,0.164208,0.363236
4334,0.210985,0.410091
4335,0.168643,0.409309
4336,0.187944,0.415006
4337,0.187944,0.415006
4338,0.159167,0.386899
4339,0.106088,0.368012
4340,0.154484,0.382214
4341,0.146784,0.335552
4342,0.188842,0.284891
4343,0.137708,0.212823
4344,0.0842999,0.24327
4345,0.127392,0.231589
4346,0.127392,0.231589
4347,0.127392,0.231589
4348,0.118709,0.281462
4349,0.157459,0.232815
4350,0.157459,0.232815
4351,0.0986857,0.200782
4352,0.0859438,0.247354
4353,0.0817922,0.226328
4354,0.142026,0.356361
4355,0.0997505,0.379597
4356,0.0909621,0.322772
4357,0.0735763,0.405417
4358,0.098784,0.450828
4359,0.130018,0.408994
4360,0.130018,0.408994
4361,0.0318808,0.367455
4362,0.0318808,0.367455
4363,0.0669703,0.330252
4364,0.0669703,0.330252
4365,0.0669703,0.330252
4366,0.0537958,0.331851
4367,0.107764,0.307491
4368,0.100365,0.333285
4369,0.198389,0.358204
4370,0.22527,0.37291
4371,0.132188,0.443261
4372,0.137519,0.470827
4373,0.170292,0.408043
4374,0.170292,0.408043
4375,0.137859,0.409748
4376,0.145249,0.392681
4377,0.145249,0.392681
4378,0.145249,0.392681
4379,0.127295,0.432186
4380,0.130283,0.427446
4381,0.130283,0.427446
4382,0.0726808,0.435186
4383,0.0295952,0.440992
4384,0.110193,0.467628
4385,0.0778456,0.511435
4386,0.107735,0.520765
4387,0.107735,0.520765
4388,0.0578618,0.485732
4389,0.0232731,0.455723
4390,0.0350403,0.492306
4391,0.0535793,0.422211
4392,0.0784426,0.379866
4393,0.0784426,0.379866
4394,0.067792,0.366224
4395,0.0557433,0.43163
4396,0.11499,0.35856
4397,0.11499,0.35856
4398,0.136792,0.342435
4399,0.0748874,0.365217
4400,0.100261,0.376673
4401,0.0742875,0.418895
4402,0.098479,0.463838
4403,0.132537,0.406393
4404,0.132537,0.406393
4405,0.103651,0.438054
4406,0.105826,0.373333
4407,0.105826,0.373333
4408,0.112027,0.393133
4409,0.164194,0.326762
4410,0.139436,0.323336
4411,0.139436,0.323336
4412,0.139436,0.323336
4413,0.087909,0.37667
4414,0.140255,0.391692
4415,0.0916347,0.38408
4416,0.146127,0.350745
4417,0.128924,0.387326
4418,0.154275,0.443799
4419,0.126841,0.462139
4420,0.111935,0.417256
4421,0.180035,0.517506
4422,0.133459,0.451583
4423,0.173333,0.61302
4424,0.129902,0.583449
4425,0.0632152,0.496286
4426,0.0632152,0.496286
4427,0.0817184,0.48194
4428,0.0162036,0.398505
4429,0.0788586,0.436333
4430,0.0630312,0.444929
4431,0.0649553,0.425933
4432,0.0920911,0.513437
4433,0.0920911,0.513437
4434,0.0920911,0.513437
4435,0.0781828,0.520555
4436,0.0781828,0.520555
4437,0.0781828,0.520555
4438,0.0812046,0.504036
4439,0.0660549,0.466236
4440,0.10664,0.435893
4441,0.0589466,0.403407
4442,0.0271942,0.334905
4443,0.0271942,0.334905
4444,0.0271942,0.334905
4445,0.0271942,0.334905
4446,0.108368,0.316801
4447,0.123545,0.351138
4448,0.148149,0.33058
4449,0.0240462,0.258924
4450,0.0240462,0.258924
4451,0.0599184,0.335373
4452,0.0789875,0.343121
4453,0.0789875,0.343121
4454,0.127387,0.335887
4455,0.216573,0.370604
4456,0.216573,0.370604
4457,0.116001,0.302264
4458,0.116001,0.302264
4459,0.113067,0.34997
4460,0.113067,0.34997
4461,0.1276,0.330293
4462,0.129091,0.373895
4463,0.199421,0.360029
4464,0.175544,0.30859
4465,0.182545,0.302079
4466,0.276278,0.286888
4467,0.293178,0.257947
4468,0.301556,0.301808
4469,0.389958,0.31749
4470,0.368929,0.388925
4471,0.38577,0.271533
4472,0.35972,0.382563
4473,0.377986,0.357731
4474,0.337623,0.397777
4475,0.345446,0.461119
4476,0.374757,0.454957
4477,0.340422,0.441897
4478,0.476653,0.472969
4479,0.368304,0.381665
4480,0.330602,0.35449
4481,0.330602,0.35449
4482,0.224665,0.310359
4483,0.249671,0.337321
4484,0.325966,0.263218
4485,0.345842,0.28509
4486,0.384734,0.229129
4487,0.392295,0.230217
4488,0.358739,0.18623
4489,0.348275,0.198311
4490,0.348275,0.198311
4491,0.348275,0.198311
4492,0.377033,0.212996
4493,0.377033,0.212996
4494,0.286721,0.173917
4495,0.286721,0.173917
4496,0.289253,0.205904
4497,0.355495,0.145231
4498,0.368747,0.0993497
4499,0.370956,0.0724082
4500,0.363304,0.0254881
4501,0.363304,0.0254881
4502,0.363304,0.0254881
4503,0.408941,0.0629771
4504,0.479129,0.085821
4505,0.456653,0.115521
4506,0.498715,0.15457
4507,0.480776,0.140124
4508,0.500314,0.182951
4509,0.527617,0.157563
4510,0.406839,0.227305
4511,0.435349,0.196999
4512,0.406356,0.274583
4513,0.414131,0.220674
4514,0.414131,0.220674
4515,0.348586,0.271878
4516,0.348592,0.317299
4517,0.359059,0.335158
4518,0.333729,0.442168
4519,0.25402,0.421271
4520,0.2209,0.368258
4521,0.211691,0.362788
4522,0.176857,0.542278
4523,0.181143,0.464867
4524,0.144798,0.528491
4525,0.144798,0.528491
4526,0.144798,0.528491
4527,0.144798,0.528491
4528,0.135353,0.472436
4529,0.189457,0.367983
4530,0.188775,0.38292
4531,0.188775,0.38292
4532,0.188775,0.38292
4533,0.197889,0.39435
4534,0.138404,0.448945
4535,0.189493,0.514498
4536,0.140477,0.49717
4537,0.104178,0.509104
4538,0.0773772,0.497635
4539,0.0884869,0.537371
4540,0.0744281,0.542508
4541,0.0744281,0.542508
4542,0.0837119,0.585362
4543,0.108721,0.533302
4544,0.147803,0.442345
4545,0.139966,0.490686
4546,0.0983981,0.3794
4547,0.140965,0.35126
4548,0.109181,0.32154
4549,0.125151,0.23562
4550,0.14518,0.263684
4551,0.109454,0.329346
4552,0.109454,0.329346
4553,0.109454,0.329346
4554,0.0935488,0.305291
4555,0.159102,0.329729
4556,0.159102,0.329729
4557,0.139992,0.256131
4558,0.139992,0.256131
4559,0.139992,0.256131
4560,0.108815,0.214912
4561,0.121192,0.28969
4562,0.152825,0.245748
4563,0.172896,0.207782
4564,0.172896,0.207782
4565,0.237764,0.219783
4566,0.26427,0.243752
4567,0.22904,0.2298
4568,0.197449,0.237727
4569,0.191494,0.178257
4570,0.191494,0.178257
4571,0.191494,0.178257
4572,0.191494,0.178257
4573,0.140012,0.225218
4574,0.130463,0.226812
4575,0.169671,0.267201
4576,0.169671,0.267201
4577,0.169671,0.267201
4578,0.155255,0.250028
4579,0.162088,0.277662
4580,0.201547,0.292264
4581,0.201547,0.292264
4582,0.201547,0.292264
4583,0.247208,0.336587
4584,0.184719,0.2985
4585,0.192646,0.216609
4586,0.332311,0.22872
4587,0.332311,0.22872
4588,0.332311,0.22872
4589,0.324428,0.249059
4590,0.307035,0.261824
4591,0.307035,0.261824
4592,0.262776,0.320973
4593,0.311076,0.301203
4594,0.275085,0.296613
4595,0.19753,0.306172
4596,0.180239,0.307415
4597,0.229702,0.260923
4598,0.229702,0.260923
4599,0.229702,0.260923
4600,0.297378,0.228442
4601,0.28768,0.235202
4602,0.28768,0.235202
4603,0.39895,0.25277
4604,0.39895,0.25277
4605,0.401765,0.24886
4606,0.396517,0.219304
4607,0.396517,0.219304
4608,0.396517,0.219304
4609,0.480046,0.225462
4610,0.496392,0.269766
4611,0.364298,0.286132
4612,0.364298,0.286132
4613,0.33197,0.309567
4614,0.340601,0.301811
4615,0.340601,0.301811
4616,0.276127,0.37274
4617,0.276127,0.37274
4618,0.277913,0.326915
4619,0.277913,0.326915
4620,0.331819,0.281173
4621,0.336734,0.275084
4622,0.272135,0.22582
4623,0.272135,0.22582
4624,0.250818,0.234185
4625,0.273039,0.212956
4626,0.27144,0.166042
4627,0.27144,0.166042
4628,0.27144,0.166042
4629,0.27144,0.166042
4630,0.210008,0.165726
4631,0.210008,0.165726
4632,0.187216,0.177224
4633,0.240858,0.179974
4634,0.23404,0.266998
4635,0.23404,0.266998
4636,0.23404,0.266998
4637,0.23404,0.266998
4638,0.206284,0.248197
4639,0.206284,0.248197
4640,0.258085,0.281602
4641,0.233581,0.311363
4642,0.233581,0.311363
4643,0.233581,0.311363
4644,0.233581,0.311363
4645,0.233581,0.311363
4646,0.233581,0.311363
4647,0.290201,0.344621
4648,0.290201,0.344621
4649,0.21665,0.326143
4650,0.220304,0.313504
4651,0.195744,0.325703
4652,0.195744,0.325703
4653,0.220769,0.404304
4654,0.242561,0.436048
4655,0.231976,0.409057
4656,0.231976,0.409057
4657,0.230904,0.365661
4658,0.23663,0.299661
4659,0.219131,0.342449
4660,0.219131,0.342449
4661,0.219131,0.342449
4662,0.315502,0.332367
4663,0.244513,0.362107
4664,0.187506,0.279317
4665,0.269999,0.383494
4666,0.226821,0.362432
4667,0.220035,0.343298
4668,0.180967,0.394353
4669,0.248443,0.352855
4670,0.258644,0.253875
4671,0.223403,0.242364
4672,0.223403,0.242364
4673,0.205004,0.264039
4674,0.263817,0.313063
4675,0.2287,0.290955
4676,0.281611,0.293357
4677,0.281611,0.293357
4678,0.280301,0.242656
4679,0.280301,0.242656
4680,0.226259,0.216599
4681,0.263648,0.236454
4682,0.186529,0.198176
4683,0.1701,0.207189
4684,0.1701,0.207189
4685,0.151573,0.287361
4686,0.123363,0.242013
4687,0.182891,0.299427
4688,0.176799,0.352477
4689,0.205325,0.339302
4690,0.242003,0.311843
4691,0.292857,0.294327
4692,0.292857,0.294327
4693,0.299788,0.313085
4694,0.32423,0.308354
4695,0.370941,0.225079
4696,0.370941,0.225079
4697,0.292927,0.195279
4698,0.344286,0.145403
4699,0.308801,0.16943
4700,0.282429,0.167355
4701,0.31912,0.251536
4702,0.354133,0.184153
4703,0.367774,0.214922
4704,0.320884,0.304184
4705,0.392691,0.320991
4706,0.383895,0.322537
4707,0.359806,0.339825
4708,0.359806,0.339825
4709,0.379799,0.322034
4710,0.409681,0.374828
4711,0.463608,0.392313
4712,0.416106,0.293505
4713,0.416106,0.293505
4714,0.365506,0.331674
4715,0.335791,0.335841
4716,0.312683,0.339994
4717,0.310489,0.347711
4718,0.323934,0.399526
4719,0.401899,0.376197
4720,0.408249,0.364513
4721,0.400019,0.336474
4722,0.345454,0.352507
4723,0.317945,0.373716
4724,0.360823,0.384653
4725,0.374808,0.303875
4726,0.374808,0.303875
4727,0.37716,0.334197
4728,0.344924,0.293675
4729,0.375998,0.240943
4730,0.342973,0.253559
4731,0.342973,0.253559
4732,0.338914,0.251527
4733,0.42662,0.352417
4734,0.42662,0.352417
4735,0.427734,0.37247
4736,0.48307,0.354197
4737,0.495387,0.36255
4738,0.423625,0.379505
4739,0.410512,0.342853
4740,0.387951,0.392286
4741,0.299594,0.441196
4742,0.299594,0.441196
4743,0.299594,0.441196
4744,0.298692,0.374493
4745,0.291209,0.425087
4746,0.199653,0.370293
4747,0.199653,0.370293
4748,0.153365,0.465068
4749,0.210254,0.350391
4750,0.221634,0.385707
4751,0.213668,0.346936
4752,0.304999,0.443789
4753,0.304999,0.443789
4754,0.304999,0.443789
4755,0.187007,0.378112
4756,0.187007,0.378112
4757,0.253621,0.353106
4758,0.286697,0.352585
4759,0.279363,0.311336
4760,0.346327,0.387226
4761,0.474826,0.388783
4762,0.454087,0.394817
4763,0.454087,0.394817
4764,0.446538,0.435605
4765,0.476949,0.449377
4766,0.476949,0.449377
4767,0.40883,0.503813
4768,0.369483,0.485714
4769,0.472224,0.474595
4770,0.454676,0.480538
4771,0.4554,0.471811
4772,0.401802,0.492118
4773,0.433972,0.566737
4774,0.433972,0.566737
4775,0.433972,0.566737
4776,0.433972,0.566737
4777,0.44261,0.50043
4778,0.430076,0.493533
4779,0.250639,0.539674
4780,0.233125,0.431984
4781,0.233125,0.431984
4782,0.366358,0.434038
4783,0.278015,0.459312
4784,0.391976,0.426387
4785,0.391976,0.426387
4786,0.379269,0.348012
4787,0.379269,0.348012
4788,0.465842,0.39476
4789,0.440303,0.367876
4790,0.440303,0.367876
4791,0.474115,0.404909
4792,0.474115,0.404909
4793,0.474115,0.404909
4794,0.51132,0.361164
4795,0.495541,0.389275
4796,0.477831,0.419346
4797,0.46591,0.373783
4798,0.472446,0.405614
4799,0.480995,0.4088
4800,0.420177,0.372781
4801,0.480828,0.336678
4802,0.480828,0.336678
4803,0.468443,0.333539
4804,0.423819,0.28217
4805,0.314805,0.348051
4806,0.336683,0.298789
4807,0.336683,0.298789
4808,0.316193,0.248866
4809,0.316193,0.248866
4810,0.316193,0.248866
4811,0.419121,0.137817
4812,0.405537,0.246472
4813,0.31293,0.304645
4814,0.31293,0.304645
4815,0.315721,0.314831
4816,0.315721,0.314831
4817,0.315721,0.314831
4818,0.320789,0.303745
4819,0.342192,0.348515
4820,0.290485,0.288306
4821,0.266543,0.396702
4822,0.280066,0.389037
4823,0.296678,0.340005
4824,0.296678,0.340005
4825,0.342605,0.455174
4826,0.342605,0.455174
4827,0.360867,0.511298
4828,0.360867,0.511298
4829,0.270426,0.474515
4830,0.292913,0.473027
4831,0.292913,0.473027
4832,0.294808,0.479277
4833,0.343152,0.44078
4834,0.280232,0.538633
4835,0.288256,0.465779
4836,0.350648,0.418453
4837,0.350648,0.418453
4838,0.350648,0.418453
4839,0.318016,0.45062
4840,0.318016,0.45062
4841,0.318016,0.45062
4842,0.367696,0.486289
4843,0.411376,0.437666
4844,0.390056,0.439785
4845,0.416461,0.390225
4846,0.465115,0.355101
4847,0.480138,0.370965
4848,0.439272,0.33522
4849,0.392389,0.414409
4850,0.426333,0.438952
4851,0.380843,0.411892
4852,0.399567,0.404838
4853,0.390358,0.425948
4854,0.390358,0.425948
4855,0.358802,0.397601
4856,0.371256,0.348512
4857,0.371256,0.348512
4858,0.378914,0.398693
4859,0.384224,0.387119
4860,0.428548,0.446457
4861,0.397447,0.395633
4862,0.326848,0.449456
4863,0.314439,0.447711
4864,0.297308,0.388986
4865,0.297308,0.388986
4866,0.239402,0.48563
4867,0.239402,0.48563
4868,0.27939,0.389982
4869,0.245463,0.493022
4870,0.229754,0.372313
4871,0.278548,0.348327
4872,0.278548,0.348327
4873,0.283925,0.315029
4874,0.283925,0.315029
4875,0.263475,0.337154
4876,0.364657,0.303788
4877,0.404953,0.304023
4878,0.319189,0.453921
4879,0.342918,0.502167
4880,0.342918,0.502167
4881,0.342918,0.502167
4882,0.356956,0.462706
4883,0.356956,0.462706
4884,0.356956,0.462706
4885,0.376024,0.532982
4886,0.32803,0.476068
4887,0.350487,0.551834
4888,0.35575,0.548915
4889,0.35575,0.548915
4890,0.38389,0.503197
4891,0.335136,0.49838
4892,0.335136,0.49838
4893,0.385316,0.519702
4894,0.388963,0.537362
4895,0.351227,0.5274
4896,0.345272,0.487246
4897,0.369826,0.462597
4898,0.368807,0.514508
4899,0.368807,0.514508
4900,0.357812,0.515882
4901,0.401968,0.480326
4902,0.401968,0.480326
4903,0.410152,0.352001
4904,0.362683,0.374972
4905,0.36055,0.369072
4906,0.349203,0.448638
4907,0.349203,0.448638
4908,0.369903,0.411771
4909,0.396865,0.406884
4910,0.411271,0.457157
4911,0.466314,0.427587
4912,0.404078,0.461789
4913,0.387898,0.384261
4914,0.387898,0.384261
4915,0.35927,0.381737
4916,0.3563,0.388316
4917,0.280481,0.446815
4918,0.233175,0.391836
4919,0.209322,0.36721
4920,0.250223,0.381174
4921,0.250223,0.381174
4922,0.282766,0.36979
4923,0.266708,0.394541
4924,0.269201,0.491623
4925,0.236675,0.402889
4926,0.295089,0.423742
4927,0.296795,0.508882
4928,0.288935,0.622916
4929,0.404296,0.430916
4930,0.317441,0.448511
4931,0.317441,0.448511
4932,0.28263,0.429153
4933,0.322386,0.345074
4934,0.322386,0.345074
4935,0.271836,0.34924
4936,0.287373,0.32353
4937,0.287373,0.32353
4938,0.287821,0.264485
4939,0.266547,0.269799
4940,0.278929,0.222303
4941,0.289192,0.226598
4942,0.289192,0.226598
4943,0.315004,0.243557
4944,0.376549,0.23883
4945,0.3565,0.183982
4946,0.358914,0.173773
4947,0.373455,0.275775
4948,0.294623,0.345905
4949,0.371619,0.200047
4950,0.421186,0.27376
4951,0.421186,0.27376
4952,0.392128,0.275476
4953,0.408911,0.279413
4954,0.409506,0.231359
4955,0.409506,0.231359
4956,0.409506,0.231359
4957,0.443956,0.32887
4958,0.463556,0.387227
4959,0.304682,0.345139
4960,0.304682,0.345139
4961,0.288773,0.267509
4962,0.318892,0.315009
4963,0.370423,0.308486
4964,0.370423,0.308486
4965,0.33326,0.328457
4966,0.370961,0.295058
4967,0.370961,0.295058
4968,0.396803,0.309892
4969,0.396803,0.309892
4970,0.337281,0.326346
4971,0.337281,0.326346
4972,0.332151,0.347294
4973,0.410403,0.438593
4974,0.39299,0.427807
4975,0.447259,0.467208
4976,0.447259,0.467208
4977,0.38963,0.469267
4978,0.360001,0.500693
4979,0.421446,0.489387
4980,0.383239,0.531094
4981,0.383239,0.531094
4982,0.411721,0.475329
4983,0.411721,0.475329
4984,0.414539,0.401231
4985,0.414539,0.401231
4986,0.414539,0.401231
4987,0.347932,0.362871
4988,0.422986,0.351701
4989,0.486064,0.411196
4990,0.486064,0.411196
4991,0.466044,0.365228
4992,0.447455,0.276886
4993,0.515062,0.344598
4994,0.57981,0.422814
4995,0.510827,0.436646
4996,0.578379,0.410757
4997,0.537262,0.412789
4998,0.469318,0.397214
4999,0.435464,0.413658
5000,0.492312,0.379561
5001,0.460358,0.339757
5002,0.484888,0.251683
5003,0.458619,0.213733
5004,0.51403,0.188975
5005,0.494445,0.198464
5006,0.563772,0.208457
5007,0.563772,0.208457
5008,0.463514,0.170275
5009,0.438708,0.175532
5010,0.509278,0.251303
5011,0.523196,0.203365
5012,0.523196,0.203365
5013,0.470844,0.244805
5014,0.470844,0.244805
5015,0.46618,0.198903
5016,0.430686,0.285873
5017,0.355127,0.240005
5018,0.294582,0.252716
5019,0.231827,0.316144
5020,0.231827,0.316144
5021,0.215156,0.299761
5022,0.265317,0.344278
5023,0.257032,0.347221
5024,0.290996,0.401251
5025,0.263421,0.367659
5026,0.235216,0.446457
5027,0.235216,0.446457
5028,0.23183,0.504472
5029,0.216085,0.528098
5030,0.216085,0.528098
5031,0.27288,0.573296
5032,0.27288,0.573296
5033,0.27288,0.573296
5034,0.214077,0.542362
5035,0.230487,0.555842
5036,0.195336,0.449566
5037,0.195336,0.449566
5038,0.109846,0.509009
5039,0.109846,0.509009
5040,0.109846,0.509009
5041,0.134844,0.460486
5042,0.103216,0.473893
5043,0.103216,0.473893
5044,0.150295,0.432664
5045,0.23611,0.419833
5046,0.246254,0.355759
5047,0.24484,0.373739
5048,0.269365,0.342345
5049,0.31483,0.18697
5050,0.316335,0.251581
5051,0.316335,0.251581
5052,0.316335,0.251581
5053,0.337406,0.171957
5054,0.346464,0.234217
5055,0.315049,0.225262
5056,0.315049,0.225262
5057,0.301035,0.199675
5058,0.265506,0.18348
5059,0.310777,0.147961
5060,0.345462,0.160939
5061,0.266706,0.183282
5062,0.273987,0.156077
5063,0.23954,0.125628
5064,0.23954,0.125628
5065,0.240772,0.180119
5066,0.240772,0.180119
5067,0.240772,0.180119
5068,0.240772,0.180119
5069,0.336286,0.13817
5070,0.396674,0.215204
5071,0.348293,0.23482
5072,0.310578,0.219475
5073,0.310578,0.219475
5074,0.277583,0.305468
5075,0.277583,0.305468
5076,0.219409,0.261478
5077,0.314145,0.262832
5078,0.28253,0.316795
5079,0.28253,0.316795
5080,0.28253,0.316795
5081,0.246764,0.30504
5082,0.296178,0.338146
5083,0.297597,0.330068
5084,0.297597,0.330068
5085,0.319526,0.270525
5086,0.262645,0.314199
5087,0.279501,0.318841
5088,0.297651,0.351589
5089,0.293296,0.351728
5090,0.318762,0.454617
5091,0.275441,0.482335
5092,0.309084,0.426771
5093,0.301378,0.366156
5094,0.301378,0.366156
5095,0.325303,0.486316
5096,0.322577,0.484115
5097,0.310059,0.333114
5098,0.348422,0.29949
5099,0.315458,0.296862
5100,0.359367,0.296536
5101,0.359367,0.296536
5102,0.359367,0.296536
5103,0.339459,0.264643
5104,0.379643,0.304892
5105,0.397329,0.315556
5106,0.397329,0.315556
5107,0.381841,0.355774
5108,0.381841,0.355774
5109,0.356127,0.346165
5110,0.362666,0.318409
5111,0.339063,0.301152
5112,0.338741,0.318604
5113,0.32126,0.250279
5114,0.241993,0.222857
5115,0.312698,0.301498
5116,0.312698,0.301498
5117,0.243225,0.324217
5118,0.243225,0.324217
5119,0.316874,0.341363
5120,0.229977,0.365973
5121,0.189248,0.314484
5122,0.172186,0.39158
5123,0.172186,0.39158
5124,0.172186,0.39158
5125,0.182323,0.42399
5126,0.192375,0.418288
5127,0.206974,0.323034
5128,0.160043,0.321642
5129,0.160043,0.321642
5130,0.144045,0.302247
5131,0.195836,0.303457
5132,0.200114,0.236589
5133,0.153592,0.253779
5134,0.19338,0.253278
5135,0.162964,0.26711
5136,0.184122,0.25451
5137,0.203786,0.220029
5138,0.201187,0.206307
5139,0.21624,0.22535
5140,0.21624,0.22535
5141,0.21624,0.22535
5142,0.207829,0.343269
5143,0.227225,0.315684
5144,0.18493,0.34064
5145,0.18493,0.34064
5146,0.207279,0.261585
5147,0.24629,0.318587
5148,0.2023,0.266477
5149,0.229611,0.373715
5150,0.21147,0.315772
5151,0.198935,0.314581
5152,0.113152,0.269279
5153,0.129032,0.196299
5154,0.196555,0.231118
5155,0.268994,0.212337
5156,0.287573,0.205949
5157,0.305096,0.208236
5158,0.344637,0.195782
5159,0.355569,0.177173
5160,0.355569,0.177173
5161,0.354926,0.101834
5162,0.355907,0.124877
5163,0.333208,0.142469
5164,0.392434,0.130669
5165,0.392434,0.130669
5166,0.303456,0.21538
5167,0.306826,0.234083
5168,0.306826,0.234083
5169,0.256891,0.164117
5170,0.256891,0.164117
5171,0.300938,0.154521
5172,0.35713,0.197895
5173,0.290542,0.242466
5174,0.28347,0.230187
5175,0.334601,0.225443
5176,0.334601,0.225443
5177,0.368374,0.285759
5178,0.423658,0.284779
5179,0.312987,0.273322
5180,0.29904,0.318586
5181,0.368916,0.401757
5182,0.358768,0.329099
5183,0.303748,0.294631
5184,0.304923,0.370493
5185,0.304923,0.370493
5186,0.307424,0.444133
5187,0.329091,0.441985
5188,0.250635,0.365356
5189,0.250635,0.365356
5190,0.310751,0.269781
5191,0.214006,0.263619
5192,0.276646,0.329745
5193,0.260757,0.319329
5194,0.277603,0.208472
5195,0.277603,0.208472
5196,0.329749,0.309516
5197,0.372683,0.368328
5198,0.372683,0.368328
5199,0.400178,0.33374
5200,0.380754,0.359515
5201,0.340097,0.305296
5202,0.27791,0.288658
5203,0.300104,0.236395
5204,0.300104,0.236395
5205,0.433744,0.203833
5206,0.432613,0.228085
5207,0.432613,0.228085
5208,0.418067,0.198627
5209,0.342415,0.200191
5210,0.3442,0.141327
5211,0.3442,0.141327
5212,0.355138,0.199384
5213,0.338024,0.225433
5214,0.291897,0.258703
5215,0.29271,0.2504
5216,0.365427,0.199501
5217,0.387853,0.129132
5218,0.403165,0.0795877
5219,0.403165,0.0795877
5220,0.464606,0.0264383
5221,0.461407,0.0333106
5222,0.440117,0.0668901
5223,0.434827,0.100643
5224,0.372399,0.144064
5225,0.372399,0.144064
5226,0.37111,0.16151
5227,0.374077,0.152604
5228,0.388198,0.17963
5229,0.470892,0.149891
5230,0.470892,0.149891
5231,0.3433,0.154919
5232,0.387428,0.16637
5233,0.348411,0.151047
5234,0.376494,0.185394
5235,0.363038,0.171654
5236,0.363038,0.171654
5237,0.363038,0.171654
5238,0.429953,0.177774
5239,0.379271,0.2113
5240,0.379271,0.2113
5241,0.379271,0.2113
5242,0.379271,0.2113
5243,0.349528,0.264056
5244,0.292205,0.236557
5245,0.296491,0.232277
5246,0.319439,0.234931
5247,0.319439,0.234931
5248,0.319439,0.234931
5249,0.359762,0.160596
5250,0.359762,0.160596
5251,0.330867,0.22424
5252,0.311439,0.243423
5253,0.264541,0.32135
5254,0.28931,0.309864
5255,0.249963,0.360813
5256,0.287502,0.329761
5257,0.287502,0.329761
5258,0.302425,0.366615
5259,0.302425,0.366615
5260,0.274964,0.337886
5261,0.274964,0.337886
5262,0.225162,0.33315
5263,0.31006,0.301741
5264,0.298722,0.316029
5265,0.253208,0.32829
5266,0.300684,0.315175
5267,0.329092,0.40033
5268,0.250992,0.396527
5269,0.220724,0.401087
5270,0.220724,0.401087
5271,0.206861,0.49728
5272,0.2399,0.540662
5273,0.198725,0.523007
5274,0.198725,0.523007
5275,0.189231,0.500116
5276,0.20649,0.483111
5277,0.260062,0.459635
5278,0.260062,0.459635
5279,0.201687,0.399506
5280,0.197614,0.515092
5281,0.263616,0.465925
5282,0.201725,0.457316
5283,0.227233,0.44766
5284,0.26449,0.437412
5285,0.291426,0.455539
5286,0.205267,0.441998
5287,0.289903,0.516973
5288,0.255686,0.549172
5289,0.237569,0.546892
5290,0.321441,0.576114
5291,0.344599,0.632617
5292,0.351216,0.649942
5293,0.409284,0.554797
5294,0.529127,0.629522
5295,0.533585,0.64412
5296,0.556874,0.588703
5297,0.556874,0.588703
5298,0.473122,0.558751
5299,0.43026,0.550756
5300,0.401521,0.490487
5301,0.334192,0.474957
5302,0.334192,0.474957
5303,0.412119,0.513348
5304,0.344484,0.45318
5305,0.344484,0.45318
5306,0.3099,0.413162
5307,0.291943,0.449449
5308,0.291943,0.449449
5309,0.287791,0.393787
5310,0.295739,0.496731
5311,0.29428,0.485572
5312,0.302678,0.52741
5313,0.336514,0.558297
5314,0.29467,0.542687
5315,0.319665,0.56674
5316,0.319665,0.56674
5317,0.313255,0.522857
5318,0.331364,0.549273
5319,0.271582,0.57473
5320,0.334644,0.499307
5321,0.306532,0.442933
5322,0.337343,0.481625
5323,0.37551,0.453467
5324,0.371365,0.495222
5325,0.371365,0.495222
5326,0.371365,0.495222
5327,0.371365,0.495222
5328,0.270756,0.504052
5329,0.23656,0.525423
5330,0.133168,0.561539
5331,0.212833,0.577129
5332,0.219738,0.558169
5333,0.212335,0.585275
5334,0.204389,0.538855
5335,0.204389,0.538855
5336,0.204389,0.538855
5337,0.204389,0.538855
5338,0.245197,0.552223
5339,0.232668,0.525177
5340,0.184345,0.503248
5341,0.234162,0.536953
5342,0.268557,0.469926
5343,0.25372,0.488595
5344,0.286764,0.493157
5345,0.330463,0.420933
5346,0.315217,0.373943
5347,0.377945,0.411014
5348,0.377945,0.411014
5349,0.409092,0.343866
5350,0.363004,0.281663
5351,0.363004,0.281663
5352,0.415319,0.26988
5353,0.415319,0.26988
5354,0.393161,0.362786
5355,0.360347,0.362182
5356,0.359285,0.317064
5357,0.359285,0.317064
5358,0.309724,0.315643
5359,0.300994,0.308848
5360,0.248824,0.279364
5361,0.248824,0.279364
5362,0.233434,0.289945
5363,0.254275,0.310982
5364,0.35034,0.270457
5365,0.329322,0.357779
5366,0.329322,0.357779
5367,0.342984,0.342705
5368,0.335087,0.362846
5369,0.335087,0.362846
5370,0.257374,0.32006
5371,0.306039,0.300372
5372,0.306039,0.300372
5373,0.302135,0.323859
5374,0.317316,0.356208
5375,0.317316,0.356208
5376,0.27907,0.346638
5377,0.305557,0.3363
5378,0.274496,0.327381
5379,0.310088,0.395386
5380,0.221962,0.434647
5381,0.218939,0.479977
5382,0.218939,0.479977
5383,0.290995,0.371937
5384,0.263721,0.377251
5385,0.263721,0.377251
5386,0.344828,0.430125
5387,0.312738,0.414467
5388,0.287334,0.474399
5389,0.280526,0.503912
5390,0.255963,0.49203
5391,0.233729,0.530211
5392,0.24744,0.386119
5393,0.246977,0.408013
5394,0.253308,0.433899
5395,0.153132,0.360784
5396,0.108261,0.376782
5397,0.108261,0.376782
5398,0.131233,0.322719
5399,0.0938066,0.344691
5400,0.0938066,0.344691
5401,0.0938066,0.344691
5402,0.0938066,0.344691
5403,0.112447,0.351723
5404,0.0857551,0.37416
5405,0.0536887,0.454423
5406,0.0536887,0.454423
5407,0.0913707,0.434871
5408,0.0909644,0.508855
5409,0.0909644,0.508855
5410,0.0909644,0.508855
5411,0.103963,0.516825
5412,0.132701,0.447234
5413,0.097402,0.497333
5414,0.0938194,0.477976
5415,0.18464,0.489255
5416,0.252687,0.499073
5417,0.252687,0.499073
5418,0.229177,0.489988
5419,0.319803,0.606366
5420,0.266523,0.586045
5421,0.261838,0.484664
5422,0.272909,0.534945
5423,0.272909,0.534945
5424,0.272909,0.534945
5425,0.417665,0.489523
5426,0.360646,0.436169
5427,0.313481,0.51594
5428,0.318398,0.437096
5429,0.298287,0.507404
5430,0.2976,0.474377
5431,0.322099,0.557676
5432,0.322099,0.557676
5433,0.269155,0.486712
5434,0.246718,0.503608
5435,0.226269,0.611223
5436,0.226269,0.611223
5437,0.226269,0.611223
5438,0.193013,0.512402
5439,0.111544,0.569445
5440,0.0514014,0.508554
5441,0.0851193,0.506393
5442,0.0851193,0.506393
5443,0.125541,0.520456
5444,0.159617,0.496268
5445,0.202504,0.437663
5446,0.206614,0.441067
5447,0.211559,0.456133
5448,0.122727,0.465782
5449,0.205098,0.40125
5450,0.205098,0.40125
5451,0.213685,0.438642
5452,0.150039,0.401049
5453,0.155834,0.454062
5454,0.157335,0.467385
5455,0.125974,0.473107
5456,0.170184,0.41738
5457,0.197416,0.399337
5458,0.0662611,0.388321
5459,0.135901,0.385449
5460,0.109744,0.364063
5461,0.142133,0.458256
5462,0.166847,0.42956
5463,0.149802,0.374429
5464,0.149802,0.374429
5465,0.193088,0.415132
5466,0.242415,0.429553
5467,0.218538,0.388657
5468,0.223623,0.431854
5469,0.184777,0.425001
5470,0.184777,0.425001
5471,0.280833,0.39322
5472,0.280833,0.39322
5473,0.280833,0.39322
5474,0.280833,0.39322
5475,0.26758,0.285906
5476,0.253425,0.279457
5477,0.267407,0.313412
5478,0.317109,0.301664
5479,0.37218,0.29856
5480,0.383236,0.319151
5481,0.329938,0.299419
5482,0.352472,0.238103
5483,0.4005,0.229847
5484,0.331034,0.239094
5485,0.330999,0.263071
5486,0.348227,0.220051
5487,0.348227,0.220051
5488,0.348227,0.220051
5489,0.348227,0.220051
5490,0.348227,0.220051
5491,0.348227,0.220051
5492,0.409978,0.232881
5493,0.409978,0.232881
5494,0.377577,0.216451
5495,0.375883,0.244491
5496,0.426577,0.227252
5497,0.431807,0.245149
5498,0.35753,0.30805
5499,0.35753,0.30805
5500,0.379176,0.318499
5501,0.306075,0.316156
5502,0.29682,0.259866
5503,0.348583,0.237439
5504,0.278999,0.260686
5505,0.278999,0.260686
5506,0.278999,0.260686
5507,0.278999,0.260686
5508,0.347823,0.229492
5509,0.356406,0.251259
5510,0.387577,0.286239
5511,0.45946,0.249507
5512,0.39987,0.311027
5513,0.399784,0.22702
5514,0.496922,0.168318
5515,0.414993,0.155643
5516,0.393574,0.131538
5517,0.363769,0.161237
5518,0.391664,0.143763
5519,0.333185,0.145051
5520,0.333185,0.145051
5521,0.397457,0.173638
5522,0.455931,0.187282
5523,0.462955,0.235179
5524,0.494582,0.297128
5525,0.570518,0.251716
5526,0.525069,0.271639
5527,0.567432,0.282416
5528,0.607817,0.303786
5529,0.492297,0.324322
5530,0.397569,0.362614
5531,0.483213,0.345173
5532,0.396203,0.39745
5533,0.395456,0.361011
5534,0.536824,0.344886
5535,0.536824,0.344886
5536,0.544788,0.309975
5537,0.468634,0.333116
5538,0.490363,0.339743
5539,0.490363,0.339743
5540,0.534751,0.37226
5541,0.493651,0.326533
5542,0.48158,0.310698
5543,0.417034,0.337646
5544,0.447611,0.427062
5545,0.447611,0.427062
5546,0.520214,0.332257
5547,0.558835,0.351053
5548,0.597979,0.353973
5549,0.574173,0.343449
5550,0.575589,0.323834
5551,0.520627,0.283928
5552,0.355125,0.262176
5553,0.422579,0.33989
5554,0.416686,0.343186
5555,0.393144,0.319725
5556,0.401807,0.234469
5557,0.401807,0.234469
5558,0.342635,0.182317
5559,0.43604,0.168869
5560,0.344296,0.153626
5561,0.328192,0.10684
5562,0.285357,0.13666
5563,0.3452,0.135073
5564,0.335719,0.140266
5565,0.335719,0.140266
5566,0.36804,0.163498
5567,0.363774,0.206344
5568,0.237324,0.216841
5569,0.267003,0.262716
5570,0.235332,0.257235
5571,0.235332,0.257235
5572,0.185831,0.319394
5573,0.178948,0.264592
5574,0.181193,0.254332
5575,0.224725,0.220116
5576,0.28685,0.1915
5577,0.307352,0.163869
5578,0.307352,0.163869
5579,0.296964,0.163497
5580,0.296964,0.163497
5581,0.296964,0.163497
5582,0.338908,0.130715
5583,0.41091,0.0825344
5584,0.417178,0.120668
5585,0.354569,0.0838
5586,0.377842,0.108464
5587,0.372107,0.10279
5588,0.3779,0.116992
5589,0.3779,0.116992
5590,0.325643,0.131429
5591,0.325643,0.131429
5592,0.291241,0.127467
5593,0.270513,0.135353
5594,0.270513,0.135353
5595,0.288922,0.117561
5596,0.301175,0.115467
5597,0.387319,0.133189
5598,0.256042,0.207981
5599,0.296722,0.194877
5600,0.274593,0.223318
5601,0.274593,0.223318
5602,0.274593,0.223318
5603,0.276588,0.22877
5604,0.276588,0.22877
5605,0.271336,0.230242
5606,0.271336,0.230242
5607,0.248047,0.211341
5608,0.322011,0.325917
5609,0.322011,0.325917
5610,0.270463,0.339933
5611,0.270463,0.339933
5612,0.317786,0.412389
5613,0.25827,0.435668
5614,0.25827,0.435668
5615,0.298735,0.379046
5616,0.24376,0.316197
5617,0.311348,0.340546
5618,0.239387,0.277745
5619,0.239387,0.277745
5620,0.194407,0.269957
5621,0.178466,0.335067
5622,0.144468,0.334798
5623,0.191708,0.233209
5624,0.191708,0.233209
5625,0.1974,0.299673
5626,0.1974,0.299673
5627,0.263685,0.305678
5628,0.226246,0.294185
5629,0.226246,0.294185
5630,0.226246,0.294185
5631,0.250389,0.271609
5632,0.223139,0.292237
5633,0.23108,0.38454
5634,0.23108,0.38454
5635,0.273821,0.33309
5636,0.354565,0.311282
5637,0.328787,0.386596
5638,0.264934,0.445023
5639,0.373253,0.384642
5640,0.435714,0.346962
5641,0.396462,0.383456
5642,0.396462,0.383456
5643,0.396462,0.383456
5644,0.392142,0.307886
5645,0.426508,0.299661
5646,0.397302,0.247934
5647,0.357241,0.329388
5648,0.357241,0.329388
5649,0.357241,0.329388
5650,0.421319,0.268822
5651,0.421319,0.268822
5652,0.442524,0.326234
5653,0.382918,0.324941
5654,0.425078,0.286671
5655,0.370324,0.339555
5656,0.439136,0.376916
5657,0.420464,0.374432
5658,0.406201,0.374761
5659,0.39424,0.32299
5660,0.366825,0.331492
5661,0.366825,0.331492
5662,0.457266,0.292356
5663,0.374156,0.3065
5664,0.382708,0.319339
5665,0.287358,0.337966
5666,0.368474,0.295022
5667,0.403866,0.289373
5668,0.382293,0.348907
5669,0.38742,0.33737
5670,0.438805,0.344351
5671,0.434053,0.353997
5672,0.36753,0.312135
5673,0.436377,0.341478
5674,0.424838,0.337115
5675,0.408856,0.345039
5676,0.408856,0.345039
5677,0.408856,0.345039
5678,0.408856,0.345039
5679,0.408856,0.345039
5680,0.421562,0.392789
5681,0.49093,0.470373
5682,0.511705,0.416818
5683,0.511705,0.416818
5684,0.494101,0.44531
5685,0.51153,0.374865
5686,0.442917,0.357656
5687,0.452877,0.322465
5688,0.36431,0.351273
5689,0.36431,0.351273
5690,0.368797,0.277203
5691,0.294389,0.263005
5692,0.294389,0.263005
5693,0.328074,0.290871
5694,0.325672,0.365264
5695,0.346507,0.290572
5696,0.346507,0.290572
5697,0.229803,0.290669
5698,0.278573,0.302136
5699,0.278573,0.302136
5700,0.247934,0.305065
5701,0.243951,0.315875
5702,0.207776,0.282341
5703,0.207776,0.282341
5704,0.239349,0.337904
5705,0.245616,0.398239
5706,0.245616,0.398239
5707,0.244912,0.34129
5708,0.206612,0.341175
5709,0.206612,0.341175
5710,0.172682,0.3067
5711,0.17838,0.348103
5712,0.192763,0.381356
5713,0.177947,0.386122
5714,0.177947,0.386122
5715,0.167437,0.355179
5716,0.167437,0.355179
5717,0.21836,0.433946
5718,0.21836,0.433946
5719,0.21836,0.433946
5720,0.228445,0.419672
5721,0.213205,0.513752
5722,0.258029,0.446773
5723,0.258029,0.446773
5724,0.258029,0.446773
5725,0.280814,0.457099
5726,0.286733,0.533676
5727,0.286733,0.533676
5728,0.29022,0.432292
5729,0.24612,0.418869
5730,0.277178,0.431529
5731,0.260735,0.428821
5732,0.260735,0.428821
5733,0.223777,0.376571
5734,0.223777,0.376571
5735,0.234609,0.317018
5736,0.23158,0.287988
5737,0.212021,0.282881
5738,0.25344,0.317397
5739,0.294116,0.320104
5740,0.230026,0.295616
5741,0.222246,0.336828
5742,0.153724,0.262554
5743,0.133503,0.320986
5744,0.097257,0.332671
5745,0.097257,0.332671
5746,0.0854799,0.326226
5747,0.143843,0.369477
5748,0.104543,0.375937
5749,0.0776053,0.305856
5750,0.133379,0.373071
5751,0.0778984,0.373649
5752,0.0411066,0.326208
5753,0.0411066,0.326208
5754,0.0653671,0.347731
5755,0.0769658,0.354779
5756,0.0968597,0.368655
5757,0.0778723,0.39305
5758,0.0778723,0.39305
5759,0.102428,0.349422
5760,0.0937041,0.331352
5761,0.088093,0.375734
5762,0.088093,0.375734
5763,0.11121,0.382022
5764,0.11121,0.382022
5765,0.0496815,0.376387
5766,0.0496815,0.376387
5767,0.047481,0.360063
5768,0.0411589,0.436468
5769,0.0411589,0.436468
5770,0.0185015,0.42289
5771,0.0379137,0.460832
5772,0.0379137,0.460832
5773,0.0379137,0.460832
5774,0.0720218,0.46211
5775,0.0814678,0.419245
5776,0.0663744,0.428945
5777,0.0564363,0.477332
5778,0.0876379,0.508301
5779,0.0876379,0.508301
5780,0.120749,0.473344
5781,0.0440156,0.337791
5782,0.0440156,0.337791
5783,0.00969228,0.36542
5784,0.0132071,0.349943
5785,0.0132071,0.349943
5786,0.0132071,0.349943
5787,0.0861197,0.368605
5788,0.0665545,0.342309
5789,0.0665545,0.342309
5790,0.0845674,0.401982
5791,0.0845674,0.401982
5792,0.0604571,0.365768
5793,0.056377,0.311271
5794,0.0564909,0.375599
5795,0.0627539,0.335776
5796,0.0777097,0.401275
5797,0.122485,0.36422
5798,0.122485,0.36422
5799,0.229322,0.380469
5800,0.277051,0.377407
5801,0.26125,0.367305
5802,0.26125,0.367305
5803,0.36501,0.320105
5804,0.456509,0.353987
5805,0.380385,0.412777
5806,0.46184,0.485869
5807,0.377285,0.509039
5808,0.319891,0.463522
5809,0.384903,0.450843
5810,0.319323,0.412089
5811,0.296654,0.489642
5812,0.296654,0.489642
5813,0.296654,0.489642
5814,0.296654,0.489642
5815,0.15613,0.482637
5816,0.15613,0.482637
5817,0.15613,0.482637
5818,0.27116,0.451888
5819,0.234221,0.431174
5820,0.234221,0.431174
5821,0.202737,0.450216
5822,0.219705,0.4536
5823,0.298502,0.454359
5824,0.238951,0.447665
5825,0.249761,0.334262
5826,0.156428,0.385681
5827,0.207958,0.433581
5828,0.171384,0.40004
5829,0.171384,0.40004
5830,0.255367,0.384946
5831,0.204623,0.423674
5832,0.237201,0.537095
5833,0.242545,0.451574
5834,0.203452,0.448138
5835,0.203452,0.448138
5836,0.203452,0.448138
5837,0.155245,0.467588
5838,0.192199,0.469881
5839,0.194447,0.445773
5840,0.21856,0.500292
5841,0.21856,0.500292
5842,0.137451,0.51119
5843,0.152862,0.387792
5844,0.186051,0.375281
5845,0.186051,0.375281
5846,0.281796,0.384278
5847,0.218212,0.388448
5848,0.242857,0.300305
5849,0.215995,0.261663
5850,0.161392,0.261779
5851,0.161392,0.261779
5852,0.21251,0.236406
5853,0.182738,0.287179
5854,0.150518,0.303984
5855,0.211684,0.293265
5856,0.219788,0.245582
5857,0.36311,0.230129
5858,0.375363,0.219183
5859,0.440745,0.184374
5860,0.440901,0.263636
5861,0.499088,0.225548
5862,0.499088,0.225548
5863,0.499088,0.225548
5864,0.499088,0.225548
5865,0.499001,0.221203
5866,0.380025,0.211313
5867,0.327333,0.212851
5868,0.327729,0.246393
5869,0.327729,0.246393
5870,0.257572,0.223307
5871,0.25275,0.245416
5872,0.202157,0.288276
5873,0.195179,0.265368
5874,0.279546,0.288969
5875,0.358436,0.334729
5876,0.428797,0.253714
5877,0.341112,0.284879
5878,0.284494,0.294526
5879,0.284494,0.294526
5880,0.284494,0.294526
5881,0.271139,0.311042
5882,0.303783,0.294872
5883,0.275352,0.359464
5884,0.275352,0.359464
5885,0.287823,0.314005
5886,0.227458,0.305336
5887,0.194961,0.403369
5888,0.123982,0.332847
5889,0.123982,0.332847
5890,0.123982,0.332847
5891,0.140156,0.40831
5892,0.188451,0.358921
5893,0.15028,0.313841
5894,0.239397,0.298618
5895,0.280123,0.290217
5896,0.330478,0.307535
5897,0.344654,0.273587
5898,0.307074,0.258185
5899,0.271943,0.318267
5900,0.335705,0.408828
5901,0.335705,0.408828
5902,0.41505,0.322313
5903,0.41505,0.322313
5904,0.41505,0.322313
5905,0.440062,0.335692
5906,0.412708,0.344957
5907,0.387529,0.383194
5908,0.387529,0.383194
5909,0.387529,0.383194
5910,0.377447,0.412854
5911,0.262053,0.383498
5912,0.306203,0.40774
5913,0.307922,0.405114
5914,0.307922,0.405114
5915,0.266668,0.413063
5916,0.256744,0.381458
5917,0.284262,0.330566
5918,0.273271,0.381758
5919,0.328262,0.348975
5920,0.281952,0.40951
5921,0.343012,0.303872
5922,0.343012,0.303872
5923,0.396142,0.343793
5924,0.396142,0.343793
5925,0.319835,0.360668
5926,0.355466,0.321605
5927,0.403999,0.298029
5928,0.403999,0.298029
5929,0.403999,0.298029
5930,0.359777,0.324439
5931,0.262085,0.418256
5932,0.262085,0.418256
5933,0.262085,0.418256
5934,0.337473,0.398723
5935,0.296358,0.484597
5936,0.305372,0.39588
5937,0.305372,0.39588
5938,0.330424,0.341386
5939,0.330424,0.341386
5940,0.330424,0.341386
5941,0.382132,0.351497
5942,0.332399,0.368406
5943,0.407283,0.294787
5944,0.399623,0.329523
5945,0.399623,0.329523
5946,0.335692,0.301435
5947,0.3522,0.26817
5948,0.3522,0.26817
5949,0.3522,0.26817
5950,0.339873,0.306776
5951,0.424021,0.30095
5952,0.418955,0.198676
5953,0.430554,0.179123
5954,0.413612,0.172047
5955,0.491628,0.190477
5956,0.512053,0.207619
5957,0.512053,0.207619
5958,0.512053,0.207619
5959,0.479119,0.303269
5960,0.442421,0.234078
5961,0.460093,0.199028
5962,0.463326,0.160225
5963,0.442995,0.214712
5964,0.442995,0.214712
5965,0.505096,0.227034
5966,0.429891,0.239585
5967,0.425433,0.335831
5968,0.429822,0.299023
5969,0.429822,0.299023
5970,0.485245,0.33963
5971,0.47014,0.240592
5972,0.385522,0.335753
5973,0.385522,0.335753
5974,0.393436,0.280789
5975,0.393436,0.280789
5976,0.413486,0.265339
5977,0.413486,0.265339
5978,0.328401,0.251085
5979,0.319651,0.274136
5980,0.398276,0.244839
5981,0.443254,0.226896
5982,0.405817,0.28638
5983,0.463707,0.263005
5984,0.42277,0.194639
5985,0.483891,0.23986
5986,0.483891,0.23986
5987,0.416064,0.241705
5988,0.416064,0.241705
5989,0.462516,0.262086
5990,0.407283,0.221863
5991,0.407283,0.221863
5992,0.400984,0.186913
5993,0.400984,0.186913
5994,0.406012,0.190999
5995,0.475344,0.167532
5996,0.420588,0.193149
5997,0.432472,0.235195
5998,0.432472,0.235195
5999,0.432472,0.235195
6000,0.432472,0.235195
6001,0.475162,0.204109
6002,0.386836,0.132392
6003,0.386836,0.132392
6004,0.386836,0.132392
6005,0.439235,0.121778
6006,0.407748,0.127899
6007,0.407748,0.127899
6008,0.331294,0.118625
6009,0.370446,0.158127
6010,0.377532,0.162409
6011,0.3166,0.181036
6012,0.3166,0.181036
6013,0.3166,0.181036
6014,0.3166,0.181036
6015,0.281051,0.141652
6016,0.281051,0.141652
6017,0.284588,0.187594
6018,0.331572,0.180286
6019,0.339412,0.166033
6020,0.339412,0.166033
6021,0.385411,0.137295
6022,0.351235,0.111551
6023,0.351235,0.111551
6024,0.351235,0.111551
6025,0.371154,0.139098
6026,0.371154,0.139098
6027,0.371154,0.139098
6028,0.441867,0.11374
6029,0.498473,0.131478
6030,0.509161,0.128371
6031,0.509161,0.128371
6032,0.378423,0.119057
6033,0.378423,0.119057
6034,0.377694,0.114291
6035,0.377694,0.114291
6036,0.41793,0.0853867
6037,0.41793,0.0853867
6038,0.408678,0.0892276
6039,0.417737,0.136085
6040,0.412388,0.110334
6041,0.412388,0.110334
6042,0.308316,0.106021
6043,0.342062,0.0405668
6044,0.392829,0.131716
6045,0.450049,0.140068
6046,0.434179,0.144968
6047,0.472229,0.152392
6048,0.352077,0.180859
6049,0.405378,0.169256
6050,0.380709,0.163615
6051,0.435338,0.216269
6052,0.39299,0.279876
6053,0.426748,0.259345
6054,0.380259,0.247093
6055,0.380259,0.247093
6056,0.380259,0.247093
6057,0.397569,0.201927
6058,0.378359,0.167974
6059,0.378359,0.167974
6060,0.439659,0.179753
6061,0.367352,0.118709
6062,0.311527,0.168564
6063,0.321282,0.156135
6064,0.325838,0.167296
6065,0.325838,0.167296
6066,0.35794,0.174651
6067,0.34586,0.128308
6068,0.34586,0.128308
6069,0.314776,0.200564
6070,0.314776,0.200564
6071,0.327349,0.207587
6072,0.354099,0.215944
6073,0.383818,0.181507
6074,0.352688,0.207607
6075,0.427111,0.239713
6076,0.427111,0.239713
6077,0.548272,0.22449
6078,0.548272,0.22449
6079,0.522155,0.213643
6080,0.5643,0.263617
6081,0.5643,0.263617
6082,0.516388,0.249954
6083,0.520272,0.275909
6084,0.520272,0.275909
6085,0.395834,0.269207
6086,0.395834,0.269207
6087,0.365642,0.234895
6088,0.294447,0.331208
6089,0.339631,0.255763
6090,0.365543,0.364585
6091,0.365543,0.364585
6092,0.371083,0.328211
6093,0.360086,0.251374
6094,0.434144,0.199127
6095,0.411371,0.153957
6096,0.453685,0.202095
6097,0.453685,0.202095
6098,0.435507,0.237688
6099,0.519963,0.29457
6100,0.456881,0.15885
6101,0.525138,0.170607
6102,0.514411,0.148102
6103,0.487252,0.253393
6104,0.487252,0.253393
6105,0.507449,0.180812
6106,0.493171,0.191637
6107,0.43707,0.124817
6108,0.471613,0.153646
6109,0.497395,0.13605
6110,0.487433,0.171162
6111,0.534419,0.0627707
6112,0.534419,0.0627707
6113,0.36235,0.0959904
6114,0.439232,0.0415083
6115,0.443413,0.0475222
6116,0.42779,0.0959037
6117,0.327374,0.144947
6118,0.472905,0.110229
6119,0.472905,0.110229
6120,0.492472,0.116016
6121,0.49685,0.0720486
6122,0.362813,0.11719
6123,0.362813,0.11719
6124,0.371702,0.154273
6125,0.361734,0.0914692
6126,0.364254,0.121423
6127,0.389082,0.194899
6128,0.367746,0.117594
6129,0.360869,0.116399
6130,0.38659,0.150626
6131,0.38659,0.150626
6132,0.425969,0.202987
6133,0.425969,0.202987
6134,0.408555,0.134859
6135,0.379253,0.10481
6136,0.390466,0.106
6137,0.429349,0.136941
6138,0.408958,0.136687
6139,0.359182,0.149483
6140,0.410948,0.10451
6141,0.39573,0.110396
6142,0.384209,0.0280281
6143,0.39551,0.074465
6144,0.39551,0.074465
6145,0.34938,0.114659
6146,0.342955,0.149028
6147,0.342955,0.149028
6148,0.345148,0.0756649
6149,0.323814,0.0873608
6150,0.38791,0.07513
6151,0.460741,0.0943801
6152,0.417728,0.100351
6153,0.411966,0.175983
6154,0.411966,0.175983
6155,0.400068,0.289812
6156,0.372052,0.164815
6157,0.38826,0.125223
6158,0.455842,0.177513
6159,0.455842,0.177513
6160,0.409449,0.139148
6161,0.409449,0.139148
6162,0.409449,0.139148
6163,0.438641,0.0941207
6164,0.38939,0.0937624
6165,0.345639,0.0521053
6166,0.348391,0.0467619
6167,0.326045,0.0359849
6168,0.292925,0.0858581
6169,0.292925,0.0858581
6170,0.292925,0.0858581
6171,0.288066,0.087495
6172,0.288066,0.087495
6173,0.295041,0.0765725
6174,0.295041,0.0765725
6175,0.251855,0.0635561
6176,0.251855,0.0635561
6177,0.224434,0.0513645
6178,0.235916,0.0240638
6179,0.17526,0.0564325
6180,0.17526,0.0564325
6181,0.239571,0.0654844
6182,0.305297,0.0328616
6183,0.305297,0.0328616
6184,0.259174,0.0450063
6185,0.211123,0.0577242
6186,0.203137,0.16127
6187,0.203137,0.16127
6188,0.203137,0.16127
6189,0.203137,0.16127
6190,0.239757,0.150883
6191,0.284659,0.158383
6192,0.335277,0.242516
6193,0.333381,0.219076
6194,0.293371,0.167928
6195,0.305146,0.222878
6196,0.305146,0.222878
6197,0.263656,0.282846
6198,0.263656,0.282846
6199,0.272586,0.144228
6200,0.310832,0.16406
6201,0.310832,0.16406
6202,0.327764,0.220525
6203,0.320642,0.108203
6204,0.267066,0.146884
6205,0.214696,0.190581
6206,0.335589,0.19239
6207,0.303608,0.193851
6208,0.249422,0.229584
6209,0.249502,0.28352
6210,0.249502,0.28352
6211,0.241824,0.254576
6212,0.349737,0.247293
6213,0.347495,0.339449
6214,0.373328,0.328728
6215,0.374101,0.342366
6216,0.357555,0.313786
6217,0.31818,0.25824
6218,0.31818,0.25824
6219,0.33593,0.301073
6220,0.29168,0.276085
6221,0.32427,0.372504
6222,0.325779,0.314754
6223,0.361639,0.321859
6224,0.372175,0.235129
6225,0.401063,0.29826
6226,0.324489,0.219952
6227,0.329308,0.233307
6228,0.329308,0.233307
6229,0.329308,0.233307
6230,0.365736,0.310077
6231,0.323591,0.319217
6232,0.323591,0.319217
6233,0.323591,0.319217
6234,0.363246,0.316404
6235,0.393242,0.335307
6236,0.436612,0.373888
6237,0.379656,0.322157
6238,0.344785,0.273518
6239,0.344785,0.273518
6240,0.344785,0.273518
6241,0.344785,0.273518
6242,0.409991,0.260217
6243,0.427409,0.25771
6244,0.427409,0.25771
6245,0.427409,0.25771
6246,0.461589,0.266361
6247,0.461589,0.266361
6248,0.388757,0.272651
6249,0.361447,0.221464
6250,0.350735,0.272003
6251,0.319624,0.229051
6252,0.293213,0.234468
6253,0.293213,0.234468
6254,0.293213,0.234468
6255,0.346041,0.276336
6256,0.346041,0.276336
6257,0.346041,0.276336
6258,0.298209,0.256778
6259,0.355865,0.31284
6260,0.383771,0.318714
6261,0.31476,0.291694
6262,0.369408,0.2494
6263,0.312563,0.186161
6264,0.312563,0.186161
6265,0.389643,0.146174
6266,0.389643,0.146174
6267,0.389643,0.146174
6268,0.331618,0.169949
6269,0.332355,0.104955
6270,0.425596,0.0701288
6271,0.336025,0.114345
6272,0.336025,0.114345
6273,0.336025,0.114345
6274,0.336025,0.114345
6275,0.336025,0.114345
6276,0.28684,0.106658
6277,0.28684,0.106658
6278,0.277019,0.14961
6279,0.277019,0.14961
6280,0.313987,0.174573
6281,0.353617,0.137476
6282,0.311357,0.10366
6283,0.311357,0.10366
6284,0.259574,0.0821026
6285,0.259574,0.0821026
6286,0.208708,0.0560316
6287,0.255583,0.108489
6288,0.255583,0.108489
6289,0.255583,0.108489
6290,0.258359,0.0498967
6291,0.258359,0.0498967
6292,0.254619,0.195464
6293,0.254619,0.195464
6294,0.26776,0.110404
6295,0.305966,0.0767996
6296,0.305966,0.0767996
6297,0.305966,0.0767996
6298,0.300576,0.140976
6299,0.300576,0.140976
6300,0.300576,0.140976
6301,0.305171,0.145745
6302,0.378484,0.124357
6303,0.347938,0.0608767
6304,0.347938,0.0608767
6305,0.342616,0.112055
6306,0.342616,0.112055
6307,0.342616,0.112055
6308,0.323296,0.166799
6309,0.283382,0.210252
6310,0.244372,0.215538
6311,0.200537,0.270943
6312,0.209181,0.156675
6313,0.261766,0.14462
6314,0.243237,0.13103
6315,0.243237,0.13103
6316,0.243237,0.13103
6317,0.302625,0.23253
6318,0.232943,0.119519
6319,0.375475,0.0784042
6320,0.400274,0.0583445
6321,0.410057,0.088794
6322,0.368675,0.0756293
6323,0.411007,0.0864378
6324,0.411007,0.0864378
6325,0.429231,0.116942
6326,0.429231,0.116942
6327,0.439721,0.0389686
6328,0.50921,0.0834641
6329,0.425902,0.0563043
6330,0.425902,0.0563043
6331,0.44287,0.069292
6332,0.453302,0.0741328
6333,0.419295,0.107177
6334,0.419295,0.107177
6335,0.407817,0.155223
6336,0.388761,0.116917
6337,0.349957,0.0934639
6338,0.362443,0.0869044
6339,0.385902,0.0970251
6340,0.3846,0.159439
6341,0.412251,0.186563
6342,0.412251,0.186563
6343,0.355255,0.163136
6344,0.319368,0.197388
6345,0.324243,0.090433
6346,0.351988,0.114531
6347,0.351988,0.114531
6348,0.434889,0.0999357
6349,0.442983,0.0589152
6350,0.433404,0.149253
6351,0.418266,0.193765
6352,0.424163,0.210092
6353,0.412782,0.0975003
6354,0.340619,0.130168
6355,0.395987,0.159356
6356,0.404781,0.0893718
6357,0.352647,0.147731
6358,0.352647,0.147731
6359,0.435859,0.093549
6360,0.417301,0.15094
6361,0.471685,0.0802417
6362,0.471685,0.0802417
6363,0.471651,0.154473
6364,0.605349,0.0729807
6365,0.613241,0.142721
6366,0.562926,0.161224
6367,0.547354,0.168428
6368,0.603323,0.199326
6369,0.512218,0.199058
6370,0.493192,0.184516
6371,0.493192,0.184516
6372,0.494454,0.222448
6373,0.494354,0.250659
6374,0.494354,0.250659
6375,0.511108,0.175565
6376,0.511108,0.175565
6377,0.511108,0.175565
6378,0.463747,0.17095
6379,0.434801,0.144752
6380,0.496288,0.116229
6381,0.579513,0.0887391
6382,0.542278,0.120047
6383,0.452941,0.0753361
6384,0.407049,0.102655
6385,0.484129,0.0282855
6386,0.566,0.0750998
6387,0.595414,0.0252677
6388,0.576977,0.0225224
6389,0.636566,0.0988662
6390,0.636566,0.0988662
6391,0.559595,0.0893569
6392,0.48126,0.121944
6393,0.48126,0.121944
6394,0.343104,0.126624
6395,0.343104,0.126624
6396,0.338597,0.18092
6397,0.337345,0.166997
6398,0.321716,0.146229
6399,0.343732,0.168107
6400,0.343732,0.168107
6401,0.337699,0.0912256
6402,0.342833,0.0685574
6403,0.323694,0.0897613
6404,0.329056,0.0764103
6405,0.329056,0.0764103
6406,0.371154,0.100371
6407,0.360406,0.137526
6408,0.308235,0.129319
6409,0.322345,0.12228
6410,0.322345,0.12228
6411,0.379087,0.0972723
6412,0.339158,0.0809292
6413,0.339158,0.0809292
6414,0.351634,0.0783945
6415,0.301284,0.0469784
6416,0.250272,0.0823273
6417,0.2805,0.0835932
6418,0.2805,0.0835932
6419,0.189424,0.0924296
6420,0.176232,0.0796782
6421,0.115086,0.156261
6422,0.169753,0.193796
6423,0.147712,0.181472
6424,0.120096,0.1772
6425,0.120096,0.1772
6426,0.120096,0.1772
6427,0.120096,0.1772
6428,0.120096,0.1772
6429,0.120096,0.1772
6430,0.119159,0.207423
6431,0.119159,0.207423
6432,0.131989,0.177995
6433,0.12807,0.191624
6434,0.162779,0.134224
6435,0.162779,0.134224
6436,0.218002,0.186725
6437,0.233342,0.216933
6438,0.233342,0.216933
6439,0.178372,0.195375
6440,0.178372,0.195375
6441,0.230967,0.220876
6442,0.226897,0.178921
6443,0.183666,0.237231
6444,0.190351,0.214627
6445,0.181813,0.218425
6446,0.181813,0.218425
6447,0.200285,0.184957
6448,0.223912,0.222265
6449,0.223912,0.222265
6450,0.209352,0.188084
6451,0.209352,0.188084
6452,0.209352,0.188084
6453,0.171696,0.210722
6454,0.154552,0.26117
6455,0.130672,0.308344
6456,0.199924,0.314799
6457,0.259772,0.227459
6458,0.246579,0.170265
6459,0.311789,0.217307
6460,0.309483,0.174238
6461,0.254105,0.224242
6462,0.235755,0.229492
6463,0.215331,0.180036
6464,0.222835,0.271161
6465,0.222835,0.271161
6466,0.189025,0.229046
6467,0.246131,0.269141
6468,0.246131,0.269141
6469,0.257669,0.269426
6470,0.190978,0.26958
6471,0.190978,0.26958
6472,0.154081,0.292509
6473,0.249856,0.296271
6474,0.158637,0.28368
6475,0.158637,0.28368
6476,0.158637,0.28368
6477,0.252977,0.295779
6478,0.243439,0.298703
6479,0.270256,0.348516
6480,0.291065,0.286438
6481,0.285981,0.244888
6482,0.281585,0.233032
6483,0.281585,0.233032
6484,0.312119,0.244342
6485,0.358093,0.271166
6486,0.331967,0.339367
6487,0.407104,0.299385
6488,0.372584,0.348486
6489,0.372584,0.348486
6490,0.372584,0.348486
6491,0.372584,0.348486
6492,0.381528,0.353665
6493,0.381528,0.353665
6494,0.311498,0.399247
6495,0.299286,0.404379
6496,0.251084,0.444048
6497,0.251084,0.444048
6498,0.251084,0.444048
6499,0.296227,0.428237
6500,0.239632,0.379151
6501,0.304712,0.370336
6502,0.304712,0.370336
6503,0.293592,0.432853
6504,0.304672,0.362531
6505,0.33841,0.452601
6506,0.351097,0.450463
6507,0.329394,0.407158
6508,0.318234,0.4386
6509,0.264988,0.336638
6510,0.26093,0.37824
6511,0.26093,0.37824
6512,0.257787,0.331358
6513,0.310245,0.301269
6514,0.310245,0.301269
6515,0.255554,0.306235
6516,0.161115,0.260658
6517,0.236455,0.409463
6518,0.236455,0.409463
6519,0.236455,0.409463
6520,0.261287,0.360388
6521,0.286274,0.403683
6522,0.288953,0.389106
6523,0.260827,0.401402
6524,0.27899,0.39306
6525,0.280707,0.428414
6526,0.280707,0.428414
6527,0.2829,0.307251
6528,0.239682,0.309608
6529,0.239682,0.309608
6530,0.277554,0.291256
6531,0.199003,0.36644
6532,0.199003,0.36644
6533,0.199003,0.36644
6534,0.225215,0.371681
6535,0.157471,0.380565
6536,0.157471,0.380565
6537,0.157471,0.380565
6538,0.147601,0.398669
6539,0.147601,0.398669
6540,0.147601,0.398669
6541,0.147601,0.398669
6542,0.147601,0.398669
6543,0.147601,0.398669
6544,0.147601,0.398669
6545,0.170327,0.374486
6546,0.118614,0.426425
6547,0.160253,0.448255
6548,0.149169,0.347662
6549,0.156607,0.357944
6550,0.190164,0.289018
6551,0.155109,0.256337
6552,0.149877,0.31282
6553,0.149877,0.31282
6554,0.184929,0.317211
6555,0.254243,0.269701
6556,0.254243,0.269701
6557,0.254243,0.269701
6558,0.254243,0.269701
6559,0.223657,0.267044
6560,0.19076,0.294118
6561,0.19076,0.294118
6562,0.19076,0.294118
6563,0.162727,0.340026
6564,0.205175,0.33251
6565,0.205175,0.33251
6566,0.203299,0.385733
6567,0.234938,0.382533
6568,0.233261,0.385574
6569,0.203169,0.500129
6570,0.200972,0.453293
6571,0.200972,0.453293
6572,0.207101,0.483034
6573,0.219224,0.488946
6574,0.236119,0.518375
6575,0.355833,0.497156
6576,0.378769,0.430835
6577,0.378769,0.430835
6578,0.344961,0.435222
6579,0.284001,0.421647
6580,0.352048,0.479503
6581,0.342399,0.379093
6582,0.284376,0.372589
6583,0.236045,0.380382
6584,0.216179,0.363869
6585,0.216179,0.363869
6586,0.216179,0.363869
6587,0.228405,0.372464
6588,0.230972,0.287246
6589,0.215104,0.354519
6590,0.215104,0.354519
6591,0.215104,0.354519
6592,0.215104,0.354519
6593,0.215104,0.354519
6594,0.215104,0.354519
6595,0.182453,0.370671
6596,0.182453,0.370671
6597,0.182453,0.370671
6598,0.182453,0.370671
6599,0.220137,0.335258
6600,0.220137,0.335258
6601,0.271797,0.342438
6602,0.242474,0.345201
6603,0.242474,0.345201
6604,0.196951,0.367317
6605,0.196951,0.367317
6606,0.203023,0.35332
6607,0.244768,0.455449
6608,0.244768,0.455449
6609,0.18898,0.386868
6610,0.162141,0.417434
6611,0.22503,0.279402
6612,0.198781,0.284753
6613,0.178263,0.315015
6614,0.178263,0.315015
6615,0.178263,0.315015
6616,0.23667,0.3041
6617,0.194737,0.344855
6618,0.194575,0.329391
6619,0.231815,0.282535
6620,0.175437,0.269444
6621,0.235029,0.314276
6622,0.251689,0.310297
6623,0.226262,0.298351
6624,0.186739,0.285821
6625,0.12879,0.280194
6626,0.176023,0.31315
6627,0.176023,0.31315
6628,0.160697,0.276053
6629,0.214202,0.291917
6630,0.181491,0.311222
6631,0.113185,0.31731
6632,0.129274,0.297881
6633,0.129274,0.297881
6634,0.12013,0.381932
6635,0.142322,0.300022
6636,0.175046,0.292533
6637,0.184131,0.330846
6638,0.184131,0.330846
6639,0.121084,0.293619
6640,0.158457,0.32367
6641,0.164483,0.265662
6642,0.164483,0.265662
6643,0.119141,0.343752
6644,0.119894,0.338593
6645,0.119894,0.338593
6646,0.12591,0.353137
6647,0.0937124,0.366851
6648,0.150911,0.371954
6649,0.150911,0.371954
6650,0.150911,0.371954
6651,0.12337,0.383518
6652,0.20104,0.435643
6653,0.20104,0.435643
6654,0.204763,0.448672
6655,0.154791,0.496872
6656,0.147448,0.521874
6657,0.143651,0.485637
6658,0.143651,0.485637
6659,0.116325,0.543642
6660,0.138531,0.492126
6661,0.164115,0.483767
6662,0.164115,0.483767
6663,0.164115,0.483767
6664,0.164115,0.483767
6665,0.154467,0.452929
6666,0.166621,0.456958
6667,0.198884,0.477461
6668,0.175163,0.383057
6669,0.175163,0.383057
6670,0.214916,0.419338
6671,0.21566,0.36587
6672,0.226371,0.474241
6673,0.231692,0.488682
6674,0.234467,0.509745
6675,0.239186,0.462457
6676,0.182214,0.516643
6677,0.210594,0.587186
6678,0.257971,0.500715
6679,0.224582,0.479072
6680,0.28769,0.459029
6681,0.182161,0.490764
6682,0.231976,0.473119
6683,0.231976,0.473119
6684,0.231976,0.473119
6685,0.23416,0.437279
6686,0.23416,0.437279
6687,0.23416,0.437279
6688,0.297584,0.444236
6689,0.297584,0.444236
6690,0.273222,0.453296
6691,0.262964,0.464681
6692,0.262964,0.464681
6693,0.262964,0.464681
6694,0.273927,0.437543
6695,0.419994,0.413629
6696,0.419994,0.413629
6697,0.419994,0.413629
6698,0.287617,0.416456
6699,0.247361,0.374316
6700,0.387536,0.32404
6701,0.424055,0.313257
6702,0.430254,0.33008
6703,0.47106,0.325993
6704,0.453781,0.352411
6705,0.445358,0.333507
6706,0.470377,0.340249
6707,0.470377,0.340249
6708,0.364009,0.362469
6709,0.474677,0.361992
6710,0.393098,0.430679
6711,0.421821,0.360923
6712,0.497201,0.32263
6713,0.499119,0.363987
6714,0.457704,0.282804
6715,0.453339,0.332654
6716,0.482449,0.356645
6717,0.480371,0.309535
6718,0.493614,0.333224
6719,0.496438,0.338262
6720,0.52658,0.337381
6721,0.52658,0.337381
6722,0.505632,0.291251
6723,0.572386,0.245591
6724,0.493659,0.213263
6725,0.493659,0.213263
6726,0.457785,0.217313
6727,0.47623,0.246906
6728,0.400997,0.18308
6729,0.400997,0.18308
6730,0.400997,0.18308
6731,0.400997,0.18308
6732,0.448952,0.114459
6733,0.448952,0.114459
6734,0.437203,0.178898
6735,0.438119,0.325702
6736,0.438119,0.325702
6737,0.438119,0.325702
6738,0.475111,0.248525
6739,0.556565,0.122091
6740,0.556565,0.122091
6741,0.446934,0.13408
6742,0.370365,0.209113
6743,0.364617,0.178768
6744,0.336171,0.223752
6745,0.330729,0.215105
6746,0.381209,0.249972
6747,0.381209,0.249972
6748,0.381209,0.249972
6749,0.381209,0.249972
6750,0.254932,0.332359
6751,0.28357,0.324137
6752,0.28357,0.324137
6753,0.31652,0.291233
6754,0.32036,0.235785
6755,0.383733,0.171002
6756,0.373536,0.202285
6757,0.364118,0.223392
6758,0.376079,0.272871
6759,0.415152,0.231643
6760,0.4446,0.218335
6761,0.495188,0.234968
6762,0.460462,0.211185
6763,0.460462,0.211185
6764,0.460462,0.211185
6765,0.364691,0.188874
6766,0.345835,0.241276
6767,0.379672,0.288516
6768,0.379672,0.288516
6769,0.340239,0.271577
6770,0.400377,0.286843
6771,0.400377,0.286843
6772,0.550205,0.226148
6773,0.485962,0.285413
6774,0.450547,0.25281
6775,0.544128,0.246704
6776,0.491327,0.238422
6777,0.491327,0.238422
6778,0.491327,0.238422
6779,0.459278,0.238304
6780,0.479406,0.225701
6781,0.479406,0.225701
6782,0.52661,0.183617
6783,0.411921,0.209953
6784,0.411921,0.209953
6785,0.453361,0.196684
6786,0.383802,0.217357
6787,0.295326,0.189367
6788,0.316704,0.178205
6789,0.277077,0.20072
6790,0.277077,0.20072
6791,0.309488,0.165092
6792,0.307517,0.215101
6793,0.355688,0.203658
6794,0.338422,0.220582
6795,0.328362,0.215439
6796,0.260863,0.235015
6797,0.260863,0.235015
6798,0.360246,0.16695
6799,0.289654,0.191671
6800,0.32844,0.228458
6801,0.355335,0.196933
6802,0.426865,0.22166
6803,0.450583,0.156778
6804,0.465486,0.191621
6805,0.465486,0.191621
6806,0.532804,0.265224
6807,0.549725,0.33234
6808,0.533527,0.360961
6809,0.483042,0.369339
6810,0.475584,0.372932
6811,0.475584,0.372932
6812,0.475584,0.372932
6813,0.439501,0.339942
6814,0.423461,0.361832
6815,0.404911,0.424296
6816,0.404911,0.424296
6817,0.364629,0.376607
6818,0.397969,0.334469
6819,0.368669,0.321337
6820,0.404764,0.2851
6821,0.404764,0.2851
6822,0.38783,0.286142
6823,0.38783,0.286142
6824,0.415792,0.286724
6825,0.470711,0.258028
6826,0.362565,0.2231
6827,0.39057,0.244725
6828,0.39057,0.244725
6829,0.286715,0.225501
6830,0.308834,0.231745
6831,0.331691,0.288094
6832,0.360233,0.296434
6833,0.360233,0.296434
6834,0.341808,0.315137
6835,0.378302,0.238788
6836,0.413399,0.270356
6837,0.403791,0.222966
6838,0.403791,0.222966
6839,0.380568,0.274726
6840,0.36,0.225104
6841,0.373933,0.280132
6842,0.373933,0.280132
6843,0.376394,0.234768
6844,0.376394,0.234768
6845,0.376394,0.234768
6846,0.367015,0.319873
6847,0.29236,0.305203
6848,0.257265,0.360404
6849,0.225533,0.32861
6850,0.225533,0.32861
6851,0.225533,0.32861
6852,0.254524,0.373557
6853,0.214073,0.307023
6854,0.251885,0.202648
6855,0.223693,0.2855
6856,0.232246,0.310832
6857,0.28475,0.294788
6858,0.279212,0.32442
6859,0.367722,0.400619
6860,0.367722,0.400619
6861,0.30885,0.41367
6862,0.313606,0.415401
6863,0.318527,0.417952
6864,0.285741,0.479271
6865,0.285797,0.443754
6866,0.285797,0.443754
6867,0.313852,0.454029
6868,0.369903,0.458406
6869,0.291657,0.433978
6870,0.241772,0.410955
6871,0.241772,0.410955
6872,0.262749,0.436998
6873,0.267596,0.468218
6874,0.24804,0.502188
6875,0.222235,0.476303
6876,0.290308,0.467705
6877,0.336608,0.461484
6878,0.336608,0.461484
6879,0.299166,0.48967
6880,0.329705,0.443521
6881,0.329705,0.443521
6882,0.329705,0.443521
6883,0.284404,0.441603
6884,0.301821,0.394265
6885,0.239153,0.441111
6886,0.239153,0.441111
6887,0.239153,0.441111
6888,0.270132,0.433302
6889,0.270132,0.433302
6890,0.35493,0.435374
6891,0.300066,0.381999
6892,0.300066,0.381999
6893,0.300066,0.381999
6894,0.296458,0.439267
6895,0.311571,0.42349
6896,0.344547,0.371501
6897,0.276603,0.426712
6898,0.276603,0.426712
6899,0.22176,0.368653
6900,0.223828,0.332451
6901,0.20961,0.393348
6902,0.20961,0.393348
6903,0.171515,0.371684
6904,0.109946,0.33426
6905,0.109946,0.33426
6906,0.196519,0.338605
6907,0.201135,0.324906
6908,0.201135,0.324906
6909,0.211424,0.360542
6910,0.25931,0.346973
6911,0.285335,0.293928
6912,0.267858,0.390545
6913,0.305838,0.365944
6914,0.247352,0.386467
6915,0.158771,0.326975
6916,0.171632,0.365756
6917,0.171632,0.365756
6918,0.171632,0.365756
6919,0.175607,0.301194
6920,0.175607,0.301194
6921,0.175607,0.301194
6922,0.162458,0.269284
6923,0.162458,0.269284
6924,0.149232,0.367314
6925,0.213666,0.334245
6926,0.183862,0.396138
6927,0.17948,0.450864
6928,0.111795,0.363878
6929,0.111795,0.363878
6930,0.121325,0.379048
6931,0.124553,0.280229
6932,0.0897661,0.339666
6933,0.130246,0.359866
6934,0.134911,0.358849
6935,0.134911,0.358849
6936,0.163815,0.328401
6937,0.192649,0.335534
6938,0.12991,0.316113
6939,0.136143,0.367968
6940,0.136143,0.367968
6941,0.136143,0.367968
6942,0.249722,0.345896
6943,0.195105,0.344949
6944,0.25086,0.346658
6945,0.177147,0.352337
6946,0.184662,0.339247
6947,0.12443,0.345277
6948,0.104934,0.265621
6949,0.158837,0.272278
6950,0.129847,0.2884
6951,0.18168,0.292977
6952,0.208809,0.309211
6953,0.209094,0.303052
6954,0.139403,0.298784
6955,0.249146,0.285625
6956,0.249146,0.285625
6957,0.20167,0.273865
6958,0.20167,0.273865
6959,0.166252,0.353205
6960,0.149793,0.304491
6961,0.121692,0.339295
6962,0.224284,0.356984
6963,0.224272,0.364215
6964,0.361924,0.316514
6965,0.361924,0.316514
6966,0.361524,0.310047
6967,0.324546,0.367112
6968,0.288015,0.372099
6969,0.202376,0.288065
6970,0.202376,0.288065
6971,0.343731,0.34822
6972,0.343731,0.34822
6973,0.328755,0.305211
6974,0.455273,0.378874
6975,0.398561,0.368385
6976,0.442878,0.347507
6977,0.45062,0.322154
6978,0.45062,0.322154
6979,0.502676,0.333516
6980,0.451405,0.325488
6981,0.451405,0.325488
6982,0.451405,0.325488
6983,0.451405,0.325488
6984,0.451405,0.325488
6985,0.451405,0.325488
6986,0.451405,0.325488
6987,0.418101,0.310797
6988,0.499574,0.234538
6989,0.490159,0.222542
6990,0.407512,0.243593
6991,0.407512,0.243593
6992,0.377675,0.27457
6993,0.419385,0.286284
6994,0.338254,0.303097
6995,0.463366,0.299686
6996,0.415011,0.328411
6997,0.515312,0.344291
6998,0.507125,0.375898
6999,0.452661,0.367728
7000,0.452661,0.367728
7001,0.452661,0.367728
7002,0.452661,0.367728
7003,0.441097,0.315822
7004,0.441097,0.315822
7005,0.442134,0.337576
7006,0.442134,0.337576
7007,0.542989,0.34032
7008,0.511787,0.29101
7009,0.511787,0.29101
7010,0.511787,0.29101
7011,0.50866,0.308158
7012,0.494154,0.326629
7013,0.494154,0.326629
7014,0.494154,0.326629
7015,0.45691,0.260029
7016,0.52826,0.292967
7017,0.588401,0.329806
7018,0.514524,0.350243
7019,0.514524,0.350243
7020,0.582036,0.365602
7021,0.495564,0.345357
7022,0.589027,0.340042
7023,0.514049,0.309637
7024,0.564378,0.301545
7025,0.564378,0.301545
7026,0.582127,0.316183
7027,0.58244,0.354041
7028,0.547757,0.380292
7029,0.483894,0.348513
7030,0.483894,0.348513
7031,0.483894,0.348513
7032,0.483894,0.348513
7033,0.391118,0.346942
7034,0.442621,0.327251
7035,0.442621,0.327251
7036,0.442621,0.327251
7037,0.365174,0.360776
7038,0.365174,0.360776
7039,0.334074,0.416696
7040,0.334074,0.416696
7041,0.32989,0.383377
7042,0.32989,0.383377
7043,0.443165,0.455037
7044,0.436094,0.412252
7045,0.366358,0.443646
7046,0.366358,0.443646
7047,0.366358,0.443646
7048,0.314977,0.490905
7049,0.319691,0.50276
7050,0.39862,0.542483
7051,0.405312,0.567201
7052,0.438815,0.504208
7053,0.438815,0.504208
7054,0.395052,0.534168
7055,0.392423,0.544571
7056,0.392423,0.544571
7057,0.392423,0.544571
7058,0.392423,0.544571
7059,0.421158,0.545168
7060,0.384219,0.415644
7061,0.463151,0.512826
7062,0.407755,0.488458
7063,0.346106,0.409592
7064,0.419119,0.293611
7065,0.419119,0.293611
7066,0.375296,0.245076
7067,0.440935,0.216295
7068,0.494599,0.24286
7069,0.441947,0.28415
7070,0.393314,0.283544
7071,0.388631,0.277654
7072,0.415147,0.326714
7073,0.480618,0.23571
7074,0.422757,0.278025
7075,0.440444,0.295029
7076,0.396682,0.391072
7077,0.396682,0.391072
7078,0.396682,0.391072
7079,0.382122,0.36982
7080,0.345083,0.320998
7081,0.345083,0.320998
7082,0.351583,0.30023
7083,0.346427,0.312182
7084,0.309925,0.377781
7085,0.255494,0.39212
7086,0.274929,0.375626
7087,0.274929,0.375626
7088,0.225684,0.419043
7089,0.254,0.3255
7090,0.254,0.3255
7091,0.254,0.3255
7092,0.268362,0.38128
7093,0.270797,0.356227
7094,0.238649,0.302456
7095,0.251953,0.202696
7096,0.249422,0.214427
7097,0.249422,0.214427
7098,0.257709,0.25773
7099,0.257709,0.25773
7100,0.290914,0.319677
7101,0.332823,0.306214
7102,0.365966,0.359429
7103,0.369828,0.297316
7104,0.387367,0.274229
7105,0.541466,0.266193
7106,0.541466,0.266193
7107,0.541466,0.266193
7108,0.556402,0.253471
7109,0.492876,0.306847
7110,0.52488,0.256504
7111,0.52488,0.256504
7112,0.52488,0.256504
7113,0.575935,0.22302
7114,0.507142,0.31233
7115,0.452908,0.287171
7116,0.454782,0.276375
7117,0.443766,0.283494
7118,0.505686,0.259277
7119,0.54706,0.220604
7120,0.508353,0.274931
7121,0.527273,0.272977
7122,0.560829,0.412702
7123,0.536546,0.32527
7124,0.522544,0.368768
7125,0.522544,0.368768
7126,0.481082,0.369546
7127,0.405632,0.410686
7128,0.346694,0.356883
7129,0.346694,0.356883
7130,0.243824,0.448639
7131,0.201527,0.417174
7132,0.189274,0.427074
7133,0.21179,0.348826
7134,0.21179,0.348826
7135,0.124242,0.348676
7136,0.0745824,0.367247
7137,0.0902285,0.336605
7138,0.0902285,0.336605
7139,0.0974518,0.395239
7140,0.162022,0.339089
7141,0.162022,0.339089
7142,0.162022,0.339089
7143,0.149109,0.340885
7144,0.118901,0.388063
7145,0.150925,0.277084
7146,0.150925,0.277084
7147,0.229651,0.380134
7148,0.223769,0.365783
7149,0.240592,0.305344
7150,0.180228,0.277444
7151,0.113372,0.376015
7152,0.110529,0.26712
7153,0.0499766,0.26804
7154,0.236165,0.290298
7155,0.182468,0.278344
7156,0.194118,0.351522
7157,0.243358,0.408784
7158,0.297994,0.468161
7159,0.297994,0.468161
7160,0.353303,0.407314
7161,0.340042,0.467502
7162,0.301411,0.45957
7163,0.355373,0.459932
7164,0.319285,0.494485
7165,0.319285,0.494485
7166,0.342146,0.478267
7167,0.342146,0.478267
7168,0.252103,0.492777
7169,0.252103,0.492777
7170,0.249728,0.469581
7171,0.249728,0.469581
7172,0.249728,0.469581
7173,0.250689,0.375454
7174,0.282335,0.372824
7175,0.282335,0.372824
7176,0.282335,0.372824
7177,0.255691,0.344369
7178,0.262288,0.441735
7179,0.222397,0.468788
7180,0.222397,0.468788
7181,0.254496,0.517707
7182,0.321479,0.552137
7183,0.33483,0.593546
7184,0.33483,0.593546
7185,0.33483,0.593546
7186,0.33483,0.593546
7187,0.226568,0.434451
7188,0.226568,0.434451
7189,0.226568,0.434451
7190,0.221886,0.567125
7191,0.221886,0.567125
7192,0.193679,0.500067
7193,0.155013,0.515461
7194,0.22474,0.558266
7195,0.170384,0.507154
7196,0.176609,0.571701
7197,0.179549,0.555951
7198,0.24613,0.528844
7199,0.241284,0.538272
7200,0.376326,0.647578
7201,0.287733,0.6288
7202,0.198291,0.583795
7203,0.198291,0.583795
7204,0.181979,0.533572
7205,0.180677,0.532016
7206,0.213136,0.524022
7207,0.213136,0.524022
7208,0.213136,0.524022
7209,0.219994,0.489686
7210,0.208872,0.416923
7211,0.194935,0.423614
7212,0.308141,0.437375
7213,0.308141,0.437375
7214,0.208377,0.484909
7215,0.384209,0.537264
7216,0.330212,0.60464
7217,0.400934,0.59517
7218,0.460049,0.487207
7219,0.460049,0.487207
7220,0.460049,0.487207
7221,0.388688,0.398812
7222,0.404268,0.40552
7223,0.367573,0.307889
7224,0.338509,0.276495
7225,0.275073,0.261182
7226,0.259079,0.248185
7227,0.259079,0.248185
7228,0.259079,0.248185
7229,0.27345,0.363206
7230,0.296872,0.359316
7231,0.294291,0.339381
7232,0.380812,0.303936
7233,0.419287,0.359816
7234,0.334752,0.321815
7235,0.364995,0.335338
7236,0.286501,0.352855
7237,0.255346,0.339542
7238,0.326869,0.313471
7239,0.351575,0.321985
7240,0.304926,0.321781
7241,0.267211,0.322914
7242,0.267682,0.313545
7243,0.263398,0.406579
7244,0.319407,0.426731
7245,0.340778,0.413545
7246,0.324349,0.395515
7247,0.324349,0.395515
7248,0.311746,0.337927
7249,0.390484,0.398011
7250,0.383694,0.448428
7251,0.399923,0.404815
7252,0.390524,0.421239
7253,0.444774,0.439486
7254,0.384934,0.309599
7255,0.384934,0.309599
7256,0.337453,0.305163
7257,0.337453,0.305163
7258,0.370608,0.366309
7259,0.417468,0.364735
7260,0.445538,0.371345
7261,0.36169,0.3257
7262,0.295138,0.321202
7263,0.295138,0.321202
7264,0.295138,0.321202
7265,0.371027,0.346403
7266,0.38939,0.305752
7267,0.446145,0.305743
7268,0.466612,0.300679
7269,0.400503,0.262562
7270,0.344928,0.280594
7271,0.332801,0.289069
7272,0.364266,0.329647
7273,0.327317,0.331049
7274,0.322408,0.361957
7275,0.287732,0.417963
7276,0.287732,0.417963
7277,0.264082,0.3131
7278,0.224566,0.388037
7279,0.340502,0.354426
7280,0.345167,0.343993
7281,0.2969,0.34135
7282,0.383173,0.343391
7283,0.400985,0.408603
7284,0.389482,0.381004
7285,0.321133,0.355601
7286,0.376183,0.368067
7287,0.473734,0.475297
7288,0.380489,0.418641
7289,0.409052,0.369452
7290,0.426623,0.328122
7291,0.367113,0.374689
7292,0.258604,0.398598
7293,0.313535,0.407909
7294,0.242114,0.318551
7295,0.329458,0.305987
7296,0.329458,0.305987
7297,0.385955,0.335842
7298,0.385955,0.335842
7299,0.344883,0.384954
7300,0.359706,0.316776
7301,0.307443,0.381729
7302,0.321077,0.440932
7303,0.356449,0.384193
7304,0.356449,0.384193
7305,0.423428,0.32324
7306,0.41649,0.388286
7307,0.41288,0.397822
7308,0.458638,0.364143
7309,0.532517,0.33338
7310,0.479218,0.282776
7311,0.538186,0.370563
7312,0.472481,0.264528
7313,0.472481,0.264528
7314,0.417255,0.233146
7315,0.432865,0.229471
7316,0.424403,0.147301
7317,0.458438,0.150301
7318,0.439751,0.152723
7319,0.461389,0.196692
7320,0.497116,0.144883
7321,0.497116,0.144883
7322,0.445258,0.066695
7323,0.422928,0.10425
7324,0.422928,0.10425
7325,0.418159,0.130623
7326,0.418159,0.130623
7327,0.390914,0.146634
7328,0.375629,0.226748
7329,0.410259,0.190085
7330,0.419801,0.250679
7331,0.514403,0.152391
7332,0.489585,0.150684
7333,0.397867,0.171524
7334,0.395059,0.173795
7335,0.395059,0.173795
7336,0.460289,0.18015
7337,0.482908,0.154663
7338,0.495945,0.280726
7339,0.466429,0.272009
7340,0.518566,0.30807
7341,0.518566,0.30807
7342,0.483882,0.292746
7343,0.418029,0.256213
7344,0.418029,0.256213
7345,0.469595,0.296464
7346,0.454163,0.266874
7347,0.454163,0.266874
7348,0.454163,0.266874
7349,0.346058,0.163348
7350,0.375022,0.21312
7351,0.33694,0.206175
7352,0.305021,0.165909
7353,0.277161,0.172958
7354,0.31832,0.130876
7355,0.31832,0.130876
7356,0.35219,0.157054
7357,0.35219,0.157054
7358,0.367403,0.104053
7359,0.408286,0.140326
7360,0.319613,0.0627784
7361,0.420877,0.1022
7362,0.456116,0.0520171
7363,0.51225,0.0475768
7364,0.489132,0.0536532
7365,0.489132,0.0536532
7366,0.57569,0.00578123
7367,0.500906,0.0499542
7368,0.45906,0.00585208
7369,0.45906,0.00585208
7370,0.45159,0.0131802
7371,0.53072,0.0110564
7372,0.50569,0.0543198
7373,0.477325,0.0622268
7374,0.529274,0.0600792
7375,0.529274,0.0600792
7376,0.519791,0.0755812
7377,0.579421,0.0548465
7378,0.478773,0.0386409
7379,0.478773,0.0386409
7380,0.478773,0.0386409
7381,0.588662,0.0751496
7382,0.498411,0.0450167
7383,0.498411,0.0450167
7384,0.522945,0.0467999
7385,0.496744,0.029094
7386,0.438089,0.0890364
7387,0.438089,0.0890364
7388,0.519196,0.0274669
7389,0.490808,0.0978104
7390,0.405005,0.0865287
7391,0.442299,0.135784
7392,0.450446,0.107624
7393,0.515403,0.079268
7394,0.559391,0.0809057
7395,0.519846,0.0642686
7396,0.519846,0.0642686
7397,0.454705,0.102043
7398,0.454705,0.102043
7399,0.55347,0.145011
7400,0.552215,0.170025
7401,0.474956,0.0968358
7402,0.521675,0.0491725
7403,0.521675,0.0491725
7404,0.471031,0.117333
7405,0.471353,0.0918515
7406,0.471353,0.0918515
7407,0.471353,0.0918515
7408,0.490252,0.139428
7409,0.490252,0.139428
7410,0.416594,0.188269
7411,0.452652,0.173776
7412,0.421937,0.172145
7413,0.465587,0.19699
7414,0.416277,0.148208
7415,0.452762,0.229141
7416,0.572774,0.225021
7417,0.545488,0.218557
7418,0.58972,0.211582
7419,0.594582,0.210763
7420,0.651681,0.219747
7421,0.651681,0.219747
7422,0.547744,0.207231
7423,0.478838,0.235399
7424,0.533645,0.19232
7425,0.605739,0.148511
7426,0.54205,0.127255
7427,0.451887,0.0838921
7428,0.49875,0.115828
7429,0.422441,0.0792215
7430,0.453563,0.0674818
7431,0.406124,0.0794612
7432,0.406124,0.0794612
7433,0.316425,0.0879557
7434,0.33953,0.0755627
7435,0.328257,0.0899432
7436,0.328257,0.0899432
7437,0.307574,0.0928146
7438,0.307574,0.0928146
7439,0.26412,0.0958284
7440,0.273619,0.055562
7441,0.273619,0.055562
7442,0.273619,0.055562
7443,0.273619,0.055562
7444,0.230339,0.0710847
7445,0.295874,0.131661
7446,0.295874,0.131661
7447,0.295874,0.131661
7448,0.347785,0.142773
7449,0.347785,0.142773
7450,0.329522,0.195957
7451,0.329522,0.195957
7452,0.329522,0.195957
7453,0.409215,0.217409
7454,0.409215,0.217409
7455,0.398473,0.277263
7456,0.398473,0.277263
7457,0.334599,0.28212
7458,0.334599,0.28212
7459,0.334599,0.28212
7460,0.319618,0.257106
7461,0.283253,0.215761
7462,0.298676,0.213201
7463,0.340036,0.126695
7464,0.340036,0.126695
7465,0.340036,0.126695
7466,0.282522,0.11341
7467,0.342885,0.0917379
7468,0.342885,0.0917379
7469,0.391634,0.192755
7470,0.391634,0.192755
7471,0.349751,0.209232
7472,0.349751,0.209232
7473,0.392077,0.236676
7474,0.37656,0.326712
7475,0.38033,0.280453
7476,0.384315,0.169611
7477,0.406807,0.208957
7478,0.322543,0.124209
7479,0.312643,0.178967
7480,0.257165,0.1725
7481,0.227967,0.200041
7482,0.252113,0.238643
7483,0.245843,0.239746
7484,0.245843,0.239746
7485,0.311193,0.231131
7486,0.252316,0.275596
7487,0.252316,0.275596
7488,0.239389,0.232578
7489,0.272879,0.187323
7490,0.254968,0.259825
7491,0.270314,0.235678
7492,0.194837,0.266557
7493,0.164999,0.248311
7494,0.153124,0.267144
7495,0.10021,0.290744
7496,0.10021,0.290744
7497,0.130905,0.31293
7498,0.107335,0.313887
7499,0.0747533,0.321317
7500,0.0619975,0.360334
7501,0.0619975,0.360334
7502,0.128019,0.426204
7503,0.116826,0.279356
7504,0.148272,0.230476
7505,0.171661,0.19259
7506,0.237846,0.196574
7507,0.237846,0.196574
7508,0.237846,0.196574
7509,0.264544,0.192037
7510,0.264544,0.192037
7511,0.233017,0.127775
7512,0.233017,0.127775
7513,0.259852,0.123697
7514,0.259852,0.123697
7515,0.203069,0.159948
7516,0.205107,0.214699
7517,0.133554,0.155545
7518,0.133554,0.155545
7519,0.181061,0.196011
7520,0.181061,0.196011
7521,0.184934,0.201807
7522,0.184934,0.201807
7523,0.184934,0.201807
7524,0.17279,0.143112
7525,0.172657,0.156564
7526,0.193275,0.182031
7527,0.213296,0.224187
7528,0.213296,0.224187
7529,0.2075,0.176013
7530,0.2075,0.176013
7531,0.131173,0.143334
7532,0.170254,0.120088
7533,0.170254,0.120088
7534,0.222389,0.128819
7535,0.222389,0.128819
7536,0.219179,0.190858
7537,0.26551,0.148443
7538,0.26551,0.148443
7539,0.26551,0.148443
7540,0.255566,0.200246
7541,0.263378,0.152653
7542,0.195973,0.159274
7543,0.22486,0.152582
7544,0.22486,0.152582
7545,0.203648,0.149072
7546,0.290124,0.189257
7547,0.293072,0.156304
7548,0.376026,0.133168
7549,0.285858,0.167216
7550,0.290493,0.14596
7551,0.247964,0.166187
7552,0.237221,0.162874
7553,0.293331,0.170261
7554,0.270297,0.173481
7555,0.270297,0.173481
7556,0.270297,0.173481
7557,0.239848,0.185385
7558,0.264445,0.171388
7559,0.253618,0.178049
7560,0.280371,0.245882
7561,0.270516,0.2443
7562,0.219484,0.28371
7563,0.219484,0.28371
7564,0.291724,0.285403
7565,0.30142,0.289601
7566,0.364758,0.318449
7567,0.364758,0.318449
7568,0.309395,0.251386
7569,0.290462,0.296708
7570,0.305953,0.311926
7571,0.288837,0.260091
7572,0.288837,0.260091
7573,0.269107,0.311741
7574,0.269005,0.275071
7575,0.288436,0.279646
7576,0.256684,0.242101
7577,0.256684,0.242101
7578,0.27555,0.29496
7579,0.205379,0.321582
7580,0.205379,0.321582
7581,0.258385,0.318738
7582,0.288422,0.324964
7583,0.288422,0.324964
7584,0.179079,0.240267
7585,0.270055,0.310236
7586,0.308091,0.26253
7587,0.308091,0.26253
7588,0.308091,0.26253
7589,0.285208,0.278698
7590,0.270062,0.255172
7591,0.281818,0.281898
7592,0.277889,0.319747
7593,0.243107,0.345112
7594,0.262356,0.319443
7595,0.24699,0.239759
7596,0.24699,0.239759
7597,0.24699,0.239759
7598,0.219434,0.280934
7599,0.211969,0.184111
7600,0.211969,0.184111
7601,0.200696,0.221974
7602,0.185685,0.295484
7603,0.213869,0.277717
7604,0.182446,0.248471
7605,0.214853,0.275088
7606,0.213363,0.33043
7607,0.173808,0.318
7608,0.173808,0.318
7609,0.208457,0.275616
7610,0.156774,0.283509
7611,0.148043,0.329714
7612,0.148043,0.329714
7613,0.185098,0.339828
7614,0.185098,0.339828
7615,0.149467,0.316437
7616,0.198499,0.330782
7617,0.216615,0.307143
7618,0.109308,0.317611
7619,0.100895,0.290178
7620,0.100895,0.290178
7621,0.100895,0.290178
7622,0.104362,0.359977
7623,0.104362,0.359977
7624,0.142703,0.320607
7625,0.142703,0.320607
7626,0.140929,0.266276
7627,0.121238,0.275535
7628,0.104196,0.274188
7629,0.131412,0.296006
7630,0.131412,0.296006
7631,0.131412,0.296006
7632,0.0520477,0.293117
7633,0.031494,0.312369
7634,0.031494,0.312369
7635,0.0681637,0.356541
7636,0.0681637,0.356541
7637,0.0681637,0.356541
7638,0.0523875,0.366254
7639,0.100855,0.289739
7640,0.100855,0.289739
7641,0.100855,0.289739
7642,0.109053,0.347714
7643,0.113242,0.300449
7644,0.0698854,0.262928
7645,0.107594,0.27703
7646,0.104678,0.331158
7647,0.104678,0.331158
7648,0.0877746,0.326311
7649,0.0801362,0.360252
7650,0.131457,0.377751
7651,0.195756,0.362334
7652,0.144129,0.343041
7653,0.144129,0.343041
7654,0.144129,0.343041
7655,0.182253,0.332003
7656,0.101259,0.367751
7657,0.101259,0.367751
7658,0.101259,0.367751
7659,0.147645,0.391573
7660,0.110909,0.452779
7661,0.050088,0.528783
7662,0.050088,0.528783
7663,0.050088,0.528783
7664,0.0281045,0.493295
7665,0.0408208,0.477904
7666,0.0288255,0.47976
7667,0.02744,0.443329
7668,0.02744,0.443329
7669,0.0651518,0.369951
7670,0.0418131,0.337428
7671,0.0418131,0.337428
7672,0.0418131,0.337428
7673,0.0418131,0.337428
7674,0.0656184,0.399917
7675,0.101581,0.393548
7676,0.0673062,0.357319
7677,0.0673062,0.357319
7678,0.0395867,0.388578
7679,0.0395867,0.388578
7680,0.0502522,0.430242
7681,0.0446598,0.41607
7682,0.130985,0.460853
7683,0.0448081,0.435004
7684,0.0448081,0.435004
7685,0.0850911,0.47183
7686,0.0850911,0.47183
7687,0.0650282,0.403421
7688,0.0650282,0.403421
7689,0.0650282,0.403421
7690,0.101177,0.402626
7691,0.101177,0.402626
7692,0.113536,0.424619
7693,0.10951,0.321055
7694,0.219471,0.355836
7695,0.219471,0.355836
7696,0.259853,0.237559
7697,0.259853,0.237559
7698,0.168751,0.26292
7699,0.241398,0.317828
7700,0.236827,0.270695
7701,0.236827,0.270695
7702,0.237774,0.242629
7703,0.2497,0.274165
7704,0.262091,0.287206
7705,0.286774,0.260937
7706,0.35367,0.233907
7707,0.339143,0.247739
7708,0.294571,0.256067
7709,0.242573,0.26844
7710,0.283641,0.294085
7711,0.283641,0.294085
7712,0.283641,0.294085
7713,0.283641,0.294085
7714,0.321456,0.242903
7715,0.321456,0.242903
7716,0.353115,0.316188
7717,0.229043,0.263806
7718,0.261914,0.28879
7719,0.331924,0.171035
7720,0.34656,0.211412
7721,0.295207,0.201701
7722,0.268422,0.208126
7723,0.307024,0.252629
7724,0.231228,0.263301
7725,0.231228,0.263301
7726,0.340876,0.210952
7727,0.443619,0.227732
7728,0.404507,0.257188
7729,0.450768,0.239006
7730,0.423417,0.216323
7731,0.383996,0.215536
7732,0.411617,0.186805
7733,0.44049,0.264585
7734,0.403898,0.302634
7735,0.381685,0.298689
7736,0.379059,0.331586
7737,0.379059,0.331586
7738,0.404336,0.245165
7739,0.404336,0.245165
7740,0.442634,0.299351
7741,0.388049,0.348624
7742,0.43061,0.324087
7743,0.323549,0.323503
7744,0.267768,0.353475
7745,0.316573,0.362098
7746,0.316573,0.362098
7747,0.316573,0.362098
7748,0.316573,0.362098
7749,0.345549,0.289166
7750,0.345549,0.289166
7751,0.396044,0.334098
7752,0.380056,0.346396
7753,0.387869,0.294859
7754,0.333232,0.242273
7755,0.337175,0.141174
7756,0.301863,0.145542
7757,0.277942,0.109597
7758,0.328488,0.213173
7759,0.328488,0.213173
7760,0.286712,0.25104
7761,0.290623,0.248593
7762,0.307868,0.393706
7763,0.307868,0.393706
7764,0.229724,0.382635
7765,0.245612,0.437925
7766,0.226451,0.362139
7767,0.210971,0.24478
7768,0.17272,0.281082
7769,0.178844,0.190506
7770,0.178844,0.190506
7771,0.180342,0.184443
7772,0.180342,0.184443
7773,0.178228,0.15947
7774,0.191435,0.214023
7775,0.199404,0.155785
7776,0.199404,0.155785
7777,0.199404,0.155785
7778,0.183746,0.259593
7779,0.256896,0.237233
7780,0.256896,0.237233
7781,0.251773,0.273951
7782,0.251773,0.273951
7783,0.27723,0.286031
7784,0.304502,0.27577
7785,0.337456,0.355182
7786,0.347827,0.275245
7787,0.323917,0.380194
7788,0.345128,0.323978
7789,0.30399,0.293098
7790,0.364577,0.286174
7791,0.345511,0.315415
7792,0.345511,0.315415
7793,0.35708,0.311282
7794,0.347966,0.383191
7795,0.319688,0.363054
7796,0.356961,0.401566
7797,0.277058,0.388512
7798,0.277058,0.388512
7799,0.290353,0.309285
7800,0.258705,0.362116
7801,0.258705,0.362116
7802,0.299797,0.299219
7803,0.310055,0.353837
7804,0.310055,0.353837
7805,0.278217,0.316547
7806,0.278217,0.316547
7807,0.278217,0.316547
7808,0.230942,0.347788
7809,0.238999,0.258119
7810,0.231392,0.294825
7811,0.292001,0.288036
7812,0.35737,0.264499
7813,0.24896,0.324547
7814,0.208265,0.345465
7815,0.194279,0.352256
7816,0.194279,0.352256
7817,0.194279,0.352256
7818,0.194863,0.437805
7819,0.247173,0.390519
7820,0.26072,0.460353
7821,0.193064,0.480105
7822,0.2041,0.432428
7823,0.2041,0.432428
7824,0.2041,0.432428
7825,0.258231,0.428201
7826,0.233828,0.432419
7827,0.233828,0.432419
7828,0.228917,0.498574
7829,0.215173,0.456866
7830,0.215173,0.456866
7831,0.215173,0.456866
7832,0.210584,0.431993
7833,0.244741,0.449471
7834,0.244741,0.449471
7835,0.244741,0.449471
7836,0.244741,0.449471
7837,0.255077,0.382572
7838,0.279012,0.356764
7839,0.22264,0.326484
7840,0.22264,0.326484
7841,0.22264,0.326484
7842,0.225203,0.378878
7843,0.218707,0.325391
7844,0.202979,0.233116
7845,0.214325,0.26091
7846,0.214325,0.26091
7847,0.214325,0.26091
7848,0.222047,0.243544
7849,0.222047,0.243544
7850,0.202363,0.329124
7851,0.25859,0.413273
7852,0.315574,0.35497
7853,0.31398,0.309123
7854,0.31398,0.309123
7855,0.443944,0.362337
7856,0.43367,0.394034
7857,0.444255,0.368129
7858,0.435836,0.289736
7859,0.435836,0.289736
7860,0.430357,0.372995
7861,0.373556,0.447132
7862,0.373556,0.447132
7863,0.310252,0.449445
7864,0.293658,0.4551
7865,0.293658,0.4551
7866,0.293658,0.4551
7867,0.265007,0.369078
7868,0.226186,0.400984
7869,0.344165,0.34467
7870,0.340988,0.38585
7871,0.288375,0.382403
7872,0.288375,0.382403
7873,0.320168,0.357733
7874,0.273409,0.350736
7875,0.273409,0.350736
7876,0.332141,0.29919
7877,0.33768,0.337434
7878,0.389053,0.367978
7879,0.400418,0.325323
7880,0.397597,0.337172
7881,0.356515,0.35889
7882,0.325643,0.343318
7883,0.312215,0.370832
7884,0.307723,0.289485
7885,0.353452,0.280132
7886,0.393565,0.287062
7887,0.440346,0.332644
7888,0.452501,0.306693
7889,0.46184,0.290733
7890,0.46184,0.290733
7891,0.39164,0.271092
7892,0.380783,0.363142
7893,0.308999,0.40154
7894,0.308999,0.40154
7895,0.308999,0.40154
7896,0.316764,0.319279
7897,0.421985,0.379559
7898,0.421985,0.379559
7899,0.290646,0.432755
7900,0.281336,0.445304
7901,0.228197,0.43165
7902,0.33315,0.367965
7903,0.411053,0.384794
7904,0.346695,0.365995
7905,0.527925,0.361991
7906,0.340404,0.375094
7907,0.240109,0.32404
7908,0.270793,0.309347
7909,0.338376,0.335725
7910,0.404993,0.378518
7911,0.332749,0.430071
7912,0.332749,0.430071
7913,0.378961,0.37949
7914,0.360943,0.303737
7915,0.376052,0.250234
7916,0.319571,0.3431
7917,0.331164,0.363581
7918,0.279194,0.349092
7919,0.346806,0.363197
7920,0.287105,0.32888
7921,0.312523,0.319493
7922,0.2319,0.302859
7923,0.2319,0.302859
7924,0.2319,0.302859
7925,0.2319,0.302859
7926,0.168314,0.247511
7927,0.168314,0.247511
7928,0.180454,0.301298
7929,0.232958,0.292265
7930,0.246059,0.282316
7931,0.281372,0.253262
7932,0.249742,0.280881
7933,0.230189,0.317316
7934,0.230063,0.316908
7935,0.192444,0.293813
7936,0.220996,0.242111
7937,0.220996,0.242111
7938,0.16003,0.181972
7939,0.238361,0.121199
7940,0.25969,0.145335
7941,0.224252,0.19496
7942,0.194483,0.143117
7943,0.181799,0.174897
7944,0.23304,0.201927
7945,0.233395,0.237259
7946,0.317683,0.279495
7947,0.317683,0.279495
7948,0.405449,0.345421
7949,0.293115,0.334728
7950,0.336506,0.314388
7951,0.380417,0.380509
7952,0.361169,0.409874
7953,0.361169,0.409874
7954,0.361169,0.409874
7955,0.431088,0.457846
7956,0.431088,0.457846
7957,0.36157,0.461593
7958,0.373877,0.42957
7959,0.373877,0.42957
7960,0.339211,0.407998
7961,0.338929,0.418497
7962,0.338929,0.418497
7963,0.329762,0.38456
7964,0.362422,0.431381
7965,0.327328,0.368766
7966,0.35822,0.401398
7967,0.416675,0.398249
7968,0.422378,0.406893
7969,0.429438,0.396335
7970,0.429438,0.396335
7971,0.429438,0.396335
7972,0.311268,0.381663
7973,0.311268,0.381663
7974,0.251797,0.368878
7975,0.218919,0.385959
7976,0.310931,0.410553
7977,0.197838,0.408628
7978,0.222984,0.438457
7979,0.1482,0.439496
7980,0.282934,0.543315
7981,0.219156,0.482636
7982,0.231151,0.411101
7983,0.206855,0.406238
7984,0.292514,0.416634
7985,0.292514,0.416634
7986,0.190452,0.484972
7987,0.190452,0.484972
7988,0.253429,0.45733
7989,0.300444,0.402673
7990,0.141087,0.340012
7991,0.141087,0.340012
7992,0.155438,0.414605
7993,0.128062,0.500585
7994,0.164863,0.463927
7995,0.105661,0.482203
7996,0.105661,0.482203
7997,0.105661,0.482203
7998,0.105661,0.482203
7999,0.178025,0.521658
8000,0.188981,0.52312
8001,0.188981,0.52312
8002,0.157573,0.494352
8003,0.157573,0.494352
8004,0.156325,0.515094
8005,0.102325,0.586912
8006,0.071006,0.636846
8007,0.071006,0.636846
8008,0.071006,0.636846
8009,0.129509,0.615021
8010,0.111241,0.631328
8011,0.0489376,0.643985
8012,0.0826569,0.583848
8013,0.161006,0.429241
8014,0.174529,0.51018
8015,0.140952,0.472501
8016,0.100474,0.398563
8017,0.100474,0.398563
8018,0.0781895,0.43488
8019,0.138323,0.529418
8020,0.181585,0.470939
8021,0.112285,0.440942
8022,0.148035,0.458621
8023,0.21199,0.410298
8024,0.178348,0.344445
8025,0.231136,0.373685
8026,0.203783,0.361867
8027,0.203783,0.361867
8028,0.267481,0.283046
8029,0.252204,0.372183
8030,0.366621,0.337854
8031,0.240954,0.321296
8032,0.244305,0.347064
8033,0.244305,0.347064
8034,0.330133,0.339314
8035,0.292737,0.290393
8036,0.292737,0.290393
8037,0.300999,0.373457
8038,0.216949,0.26876
8039,0.216949,0.26876
8040,0.164704,0.312876
8041,0.16572,0.368146
8042,0.263469,0.307989
8043,0.263469,0.307989
8044,0.238653,0.317389
8045,0.197513,0.327423
8046,0.24506,0.328273
8047,0.243103,0.320623
8048,0.297793,0.323534
8049,0.297793,0.323534
8050,0.297793,0.323534
8051,0.297793,0.323534
8052,0.292341,0.23994
8053,0.300349,0.270683
8054,0.300349,0.270683
8055,0.21356,0.315128
8056,0.221678,0.258271
8057,0.199212,0.307136
8058,0.267667,0.329109
8059,0.261733,0.327944
8060,0.350535,0.329025
8061,0.350535,0.329025
8062,0.349284,0.324379
8063,0.258752,0.220968
8064,0.230821,0.277317
8065,0.230821,0.277317
8066,0.270013,0.345793
8067,0.270013,0.345793
8068,0.276862,0.281788
8069,0.2917,0.257619
8070,0.27459,0.311349
8071,0.278758,0.29498
8072,0.217354,0.297149
8073,0.218884,0.180765
8074,0.273273,0.176918
8075,0.279974,0.1909
8076,0.240098,0.280898
8077,0.279887,0.288971
8078,0.351058,0.335198
8079,0.288407,0.347575
8080,0.340666,0.272421
8081,0.327972,0.293502
8082,0.327972,0.293502
8083,0.321959,0.322768
8084,0.358669,0.417654
8085,0.349682,0.411039
8086,0.349682,0.411039
8087,0.288112,0.351158
8088,0.239108,0.347689
8089,0.239108,0.347689
8090,0.282555,0.435881
8091,0.282555,0.435881
8092,0.227874,0.45354
8093,0.254977,0.478117
8094,0.288633,0.419764
8095,0.309205,0.439213
8096,0.309205,0.439213
8097,0.309205,0.439213
8098,0.280376,0.363772
8099,0.224387,0.318833
8100,0.224387,0.318833
8101,0.161606,0.426481
8102,0.0841172,0.384663
8103,0.0886402,0.360636
8104,0.158967,0.354767
8105,0.182069,0.396374
8106,0.182069,0.396374
8107,0.209866,0.389375
8108,0.209866,0.389375
8109,0.22807,0.373693
8110,0.245563,0.316694
8111,0.251858,0.379475
8112,0.251858,0.379475
8113,0.205278,0.359954
8114,0.266564,0.389494
8115,0.266564,0.389494
8116,0.230208,0.418286
8117,0.194054,0.330323
8118,0.194688,0.305016
8119,0.194688,0.305016
8120,0.252773,0.32345
8121,0.181306,0.333208
8122,0.181306,0.333208
8123,0.181306,0.333208
8124,0.112065,0.305485
8125,0.112065,0.305485
8126,0.112065,0.305485
8127,0.112065,0.305485
8128,0.0814148,0.320838
8129,0.0891989,0.447417
8130,0.10957,0.389261
8131,0.198127,0.390152
8132,0.198127,0.390152
8133,0.183479,0.364613
8134,0.179898,0.303951
8135,0.198736,0.370186
8136,0.183752,0.315585
8137,0.183752,0.315585
8138,0.227721,0.25308
8139,0.26638,0.229882
8140,0.265136,0.214781
8141,0.265136,0.214781
8142,0.343819,0.271503
8143,0.36521,0.261051
8144,0.36521,0.261051
8145,0.36521,0.261051
8146,0.36521,0.261051
8147,0.36521,0.261051
8148,0.33288,0.284725
8149,0.33288,0.284725
8150,0.339429,0.270438
8151,0.32664,0.251913
8152,0.266018,0.266215
8153,0.253632,0.248882
8154,0.238011,0.318615
8155,0.254047,0.257056
8156,0.304856,0.269046
8157,0.304856,0.269046
8158,0.285363,0.244615
8159,0.294854,0.232825
8160,0.317725,0.207551
8161,0.320087,0.296296
8162,0.39152,0.285922
8163,0.390271,0.246938
8164,0.42159,0.299175
8165,0.439545,0.262004
8166,0.362915,0.208973
8167,0.35458,0.180911
8168,0.374481,0.138304
8169,0.292673,0.236882
8170,0.313959,0.230969
8171,0.251062,0.320246
8172,0.232293,0.302696
8173,0.237809,0.367601
8174,0.237809,0.367601
8175,0.249442,0.392574
8176,0.306641,0.293429
8177,0.306641,0.293429
8178,0.306641,0.293429
8179,0.259423,0.286228
8180,0.284297,0.20465
8181,0.22679,0.315024
8182,0.22679,0.315024
8183,0.270333,0.292136
8184,0.251307,0.292946
8185,0.251307,0.292946
8186,0.278227,0.256804
8187,0.272897,0.309891
8188,0.304927,0.305737
8189,0.262457,0.259269
8190,0.262457,0.259269
8191,0.26932,0.301886
8192,0.262714,0.246078
8193,0.258498,0.249344
8194,0.297964,0.333545
8195,0.240016,0.313667
8196,0.240016,0.313667
8197,0.240016,0.313667
8198,0.326297,0.34737
8199,0.326297,0.34737
8200,0.332355,0.302483
8201,0.377322,0.30271
8202,0.379823,0.299721
8203,0.401209,0.380304
8204,0.389831,0.446956
8205,0.389831,0.446956
8206,0.382729,0.415584
8207,0.382729,0.415584
8208,0.366684,0.495406
8209,0.366684,0.495406
8210,0.343571,0.53838
8211,0.389771,0.493106
8212,0.313884,0.466168
8213,0.303441,0.433468
8214,0.326526,0.445992
8215,0.327779,0.39234
8216,0.332173,0.451996
8217,0.341451,0.327142
8218,0.341451,0.327142
8219,0.341451,0.327142
8220,0.341451,0.327142
8221,0.341451,0.327142
8222,0.312744,0.313083
8223,0.271815,0.290853
8224,0.271363,0.290248
8225,0.29152,0.272957
8226,0.272047,0.259544
8227,0.326539,0.273562
8228,0.326539,0.273562
8229,0.368818,0.210549
8230,0.353567,0.179319
8231,0.351282,0.218428
8232,0.328541,0.199526
8233,0.362718,0.158669
8234,0.428582,0.214603
8235,0.409081,0.116939
8236,0.387852,0.151684
8237,0.401896,0.17972
8238,0.383918,0.0889979
8239,0.357809,0.140685
8240,0.319243,0.0911394
8241,0.375071,0.142459
8242,0.375071,0.142459
8243,0.375071,0.142459
8244,0.409603,0.143349
8245,0.409603,0.143349
8246,0.409603,0.143349
8247,0.345079,0.104878
8248,0.294291,0.0882898
8249,0.294291,0.0882898
8250,0.294291,0.0882898
8251,0.314331,0.0665549
8252,0.314331,0.0665549
8253,0.314331,0.0665549
8254,0.362446,0.0409628
8255,0.373013,0.0964101
8256,0.381021,0.126857
8257,0.388091,0.095301
8258,0.341541,0.0849937
8259,0.341541,0.0849937
8260,0.304056,0.130637
8261,0.304056,0.130637
8262,0.247407,0.108631
8263,0.274713,0.0168973
8264,0.305359,0.00654376
8265,0.305359,0.00654376
8266,0.305359,0.00654376
8267,0.297387,0.0374461
8268,0.345297,0.0171085
8269,0.345297,0.0171085
8270,0.42002,0.0344214
8271,0.335429,0.0158415
8272,0.335429,0.0158415
8273,0.312427,0.0232722
8274,0.312427,0.0232722
8275,0.335983,0.0950507
8276,0.333668,0.0710853
8277,0.280434,0.0890756
8278,0.185629,0.109542
8279,0.20381,0.187153
8280,0.241645,0.159967
8281,0.257002,0.189199
8282,0.257002,0.189199
8283,0.195506,0.265201
8284,0.195506,0.265201
8285,0.292524,0.198971
8286,0.281247,0.203275
8287,0.281247,0.203275
8288,0.337822,0.18956
8289,0.337822,0.18956
8290,0.312771,0.15838
8291,0.332528,0.184261
8292,0.286321,0.221817
8293,0.312028,0.204811
8294,0.312028,0.204811
8295,0.368362,0.229099
8296,0.368362,0.229099
8297,0.343021,0.209182
8298,0.343021,0.209182
8299,0.42927,0.236927
8300,0.42927,0.236927
8301,0.378666,0.211395
8302,0.479076,0.253595
8303,0.479076,0.253595
8304,0.479076,0.253595
8305,0.482251,0.231502
8306,0.482364,0.27835
8307,0.373077,0.439355
8308,0.373077,0.439355
8309,0.312268,0.484216
8310,0.312268,0.484216
8311,0.299374,0.472099
8312,0.281602,0.403907
8313,0.281602,0.403907
8314,0.281602,0.403907
8315,0.251762,0.54276
8316,0.251762,0.54276
8317,0.224814,0.467332
8318,0.224814,0.467332
8319,0.26593,0.462005
8320,0.164095,0.477747
8321,0.270166,0.388648
8322,0.299143,0.311673
8323,0.359797,0.277269
8324,0.359797,0.277269
8325,0.359797,0.277269
8326,0.35637,0.333186
8327,0.213127,0.419846
8328,0.229218,0.326678
8329,0.229218,0.326678
8330,0.229218,0.326678
8331,0.224882,0.435579
8332,0.232234,0.44722
8333,0.232234,0.44722
8334,0.231962,0.471918
8335,0.265126,0.305541
8336,0.246842,0.374896
8337,0.30394,0.31846
8338,0.30394,0.31846
8339,0.30394,0.31846
8340,0.323113,0.245079
8341,0.275254,0.208524
8342,0.275254,0.208524
8343,0.233591,0.209934
8344,0.233591,0.209934
8345,0.233591,0.209934
8346,0.24701,0.232571
8347,0.293536,0.321184
8348,0.219463,0.275954
8349,0.248673,0.24755
8350,0.182741,0.197505
8351,0.182741,0.197505
8352,0.182741,0.197505
8353,0.2225,0.192554
8354,0.231207,0.167944
8355,0.165295,0.264475
8356,0.202301,0.286267
8357,0.210445,0.143919
8358,0.308169,0.184243
8359,0.343075,0.219491
8360,0.278119,0.221761
8361,0.238464,0.274426
8362,0.284296,0.294272
8363,0.284296,0.294272
8364,0.284296,0.294272
8365,0.298157,0.298845
8366,0.298808,0.343656
8367,0.265429,0.364168
8368,0.265429,0.364168
8369,0.230976,0.33356
8370,0.230976,0.33356
8371,0.192244,0.353317
8372,0.192244,0.353317
8373,0.273785,0.427151
8374,0.273785,0.427151
8375,0.273785,0.427151
8376,0.271259,0.425442
8377,0.235643,0.412556
8378,0.235643,0.412556
8379,0.212998,0.372152
8380,0.180517,0.425796
8381,0.180517,0.425796
8382,0.209549,0.431552
8383,0.241316,0.485861
8384,0.241316,0.485861
8385,0.254016,0.45469
8386,0.274117,0.475583
8387,0.274117,0.475583
8388,0.25103,0.489239
8389,0.25103,0.489239
8390,0.25103,0.489239
8391,0.257273,0.509941
8392,0.202333,0.442523
8393,0.220508,0.435346
8394,0.260254,0.361916
8395,0.260254,0.361916
8396,0.228289,0.509576
8397,0.228289,0.509576
8398,0.249608,0.43871
8399,0.216004,0.425255
8400,0.195158,0.413676
8401,0.201644,0.510023
8402,0.200041,0.499074
8403,0.202462,0.561723
8404,0.23152,0.512023
8405,0.23152,0.512023
8406,0.266557,0.499354
8407,0.291746,0.481712
8408,0.30402,0.507834
8409,0.308567,0.604072
8410,0.308567,0.604072
8411,0.299296,0.529087
8412,0.277313,0.602816
8413,0.289642,0.721014
8414,0.320771,0.650807
8415,0.258408,0.655319
8416,0.234002,0.680714
8417,0.236255,0.646546
8418,0.236255,0.646546
8419,0.23917,0.663524
8420,0.262619,0.647319
8421,0.295539,0.654249
8422,0.335118,0.620137
8423,0.335118,0.620137
8424,0.318929,0.533051
8425,0.349295,0.476826
8426,0.299623,0.547495
8427,0.278666,0.595421
8428,0.247754,0.548121
8429,0.244243,0.599422
8430,0.207898,0.490172
8431,0.240735,0.49969
8432,0.228067,0.378191
8433,0.262913,0.416838
8434,0.209871,0.389882
8435,0.141152,0.398688
8436,0.186233,0.526271
8437,0.186233,0.526271
8438,0.186233,0.526271
8439,0.153966,0.437568
8440,0.114175,0.437497
8441,0.0635008,0.468847
8442,0.0635008,0.468847
8443,0.148722,0.506755
8444,0.1948,0.45078
8445,0.1948,0.45078
8446,0.1948,0.45078
8447,0.1948,0.45078
8448,0.259356,0.441233
8449,0.271715,0.486437
8450,0.200269,0.462147
8451,0.216235,0.42717
8452,0.217565,0.420271
8453,0.267356,0.353273
8454,0.211446,0.381763
8455,0.211446,0.381763
8456,0.24967,0.433306
8457,0.208591,0.390015
8458,0.208591,0.390015
8459,0.208591,0.390015
8460,0.175366,0.353644
8461,0.23773,0.407176
8462,0.187696,0.333417
8463,0.240391,0.339722
8464,0.240391,0.339722
8465,0.240391,0.339722
8466,0.222281,0.338065
8467,0.222281,0.338065
8468,0.222281,0.338065
8469,0.234249,0.340918
8470,0.234249,0.340918
8471,0.270575,0.268792
8472,0.270575,0.268792
8473,0.2655,0.252981
8474,0.253175,0.232113
8475,0.253175,0.232113
8476,0.266005,0.281621
8477,0.373095,0.230248
8478,0.320329,0.219083
8479,0.303679,0.18951
8480,0.346492,0.245796
8481,0.345219,0.249301
8482,0.345219,0.249301
8483,0.345219,0.249301
8484,0.345219,0.249301
8485,0.316457,0.303749
8486,0.271513,0.297915
8487,0.271513,0.297915
8488,0.239515,0.307001
8489,0.239515,0.307001
8490,0.265166,0.292551
8491,0.278054,0.262075
8492,0.257173,0.211625
8493,0.159342,0.243758
8494,0.159342,0.243758
8495,0.224695,0.24916
8496,0.224695,0.24916
8497,0.205502,0.262337
8498,0.181709,0.296302
8499,0.181709,0.296302
8500,0.116151,0.256627
8501,0.190057,0.253029
8502,0.146278,0.242536
8503,0.177088,0.285441
8504,0.176091,0.282379
8505,0.148203,0.285607
8506,0.232625,0.268246
8507,0.20618,0.199335
8508,0.176563,0.219231
8509,0.233791,0.21466
8510,0.261161,0.149761
8511,0.27388,0.210423
8512,0.225951,0.257396
8513,0.248544,0.32032
8514,0.28237,0.305616
8515,0.218381,0.323594
8516,0.227796,0.31219
8517,0.227796,0.31219
8518,0.242628,0.165314
8519,0.223053,0.156337
8520,0.223053,0.156337
8521,0.235149,0.179271
8522,0.220509,0.239319
8523,0.197915,0.255075
8524,0.176297,0.257844
8525,0.17687,0.336673
8526,0.216915,0.330077
8527,0.216915,0.330077
8528,0.27683,0.311071
8529,0.27683,0.311071
8530,0.346645,0.278521
8531,0.346645,0.278521
8532,0.338065,0.250656
8533,0.280682,0.294265
8534,0.230165,0.220435
8535,0.198464,0.250187
8536,0.198464,0.250187
8537,0.285853,0.253461
8538,0.285853,0.253461
8539,0.223518,0.218099
8540,0.190686,0.244982
8541,0.16499,0.228552
8542,0.16499,0.228552
8543,0.16499,0.228552
8544,0.136971,0.264329
8545,0.109705,0.281184
8546,0.118879,0.279007
8547,0.118879,0.279007
8548,0.118879,0.279007
8549,0.118879,0.279007
8550,0.118879,0.279007
8551,0.118879,0.279007
8552,0.0636536,0.265586
8553,0.0666271,0.283338
8554,0.112441,0.254687
8555,0.113602,0.245293
8556,0.113602,0.245293
8557,0.0973581,0.194689
8558,0.171872,0.207467
8559,0.171872,0.207467
8560,0.134171,0.188316
8561,0.13322,0.13201
8562,0.15887,0.114214
8563,0.165518,0.0794106
8564,0.138441,0.0988901
8565,0.138441,0.0988901
8566,0.137898,0.209341
8567,0.137898,0.209341
8568,0.137439,0.18535
8569,0.137497,0.136116
8570,0.142867,0.122913
8571,0.207061,0.106507
8572,0.207061,0.106507
8573,0.151837,0.10117
8574,0.111001,0.0859552
8575,0.0601813,0.0901735
8576,0.0712325,0.121876
8577,0.131033,0.0847565
8578,0.0782675,0.104338
8579,0.0908495,0.140329
8580,0.0908495,0.140329
8581,0.130346,0.118205
8582,0.130346,0.118205
8583,0.0936681,0.114264
8584,0.12087,0.100341
8585,0.12087,0.100341
8586,0.153802,0.103138
8587,0.153802,0.103138
8588,0.153802,0.103138
8589,0.160157,0.124834
8590,0.169242,0.0802833
8591,0.160428,0.0812259
8592,0.180744,0.0991735
8593,0.180744,0.0991735
8594,0.162903,0.0826117
8595,0.162903,0.0826117
8596,0.162903,0.0826117
8597,0.162903,0.0826117
8598,0.14155,0.0784409
8599,0.151557,0.0788034
8600,0.109478,0.028365
8601,0.0606167,0.0638729
8602,0.0606167,0.0638729
8603,0.128397,0.0573609
8604,0.202892,0.0645697
8605,0.200429,0.0581853
8606,0.200429,0.0581853
8607,0.250946,0.0764211
8608,0.250946,0.0764211
8609,0.250946,0.0764211
8610,0.221916,0.0502181
8611,0.244438,0.0188814
8612,0.244056,0.0484086
8613,0.247364,0.0835285
8614,0.247364,0.0835285
8615,0.247364,0.0835285
8616,0.276434,0.0889757
8617,0.276434,0.0889757
8618,0.276434,0.0889757
8619,0.276434,0.0889757
8620,0.309516,0.110027
8621,0.318072,0.134751
8622,0.294248,0.111731
8623,0.312071,0.123028
8624,0.268465,0.225579
8625,0.28586,0.17385
8626,0.292424,0.170522
8627,0.292424,0.170522
8628,0.248812,0.167103
8629,0.248812,0.167103
8630,0.248812,0.167103
8631,0.248812,0.167103
8632,0.332524,0.294001
8633,0.254974,0.240604
8634,0.265115,0.268431
8635,0.157914,0.184458
8636,0.163668,0.136206
8637,0.162893,0.17559
8638,0.158441,0.147992
8639,0.118556,0.143231
8640,0.0476481,0.108859
8641,0.102007,0.152221
8642,0.102545,0.0692632
8643,0.102545,0.0692632
8644,0.102545,0.0692632
8645,0.237881,0.0426996
8646,0.237881,0.0426996
8647,0.237881,0.0426996
8648,0.237881,0.0426996
8649,0.117049,0.121753
8650,0.211713,0.0944173
8651,0.211713,0.0944173
8652,0.234738,0.156079
8653,0.181391,0.162231
8654,0.181391,0.162231
8655,0.181391,0.162231
8656,0.181391,0.162231
8657,0.183582,0.166191
8658,0.183582,0.166191
8659,0.183582,0.166191
8660,0.218693,0.219494
8661,0.170263,0.17228
8662,0.158815,0.181623
8663,0.158815,0.181623
8664,0.178179,0.138359
8665,0.178179,0.138359
8666,0.186612,0.148362
8667,0.178981,0.205611
8668,0.1929,0.197197
8669,0.198944,0.167705
8670,0.198944,0.167705
8671,0.197644,0.112679
8672,0.227403,0.196597
8673,0.227403,0.196597
8674,0.364941,0.22061
8675,0.308911,0.229266
8676,0.33457,0.188819
8677,0.314149,0.21568
8678,0.349686,0.217541
8679,0.329643,0.189781
8680,0.393704,0.192469
8681,0.400226,0.211115
8682,0.350571,0.209958
8683,0.379115,0.243506
8684,0.379115,0.243506
8685,0.431855,0.213169
8686,0.396333,0.278947
8687,0.396333,0.278947
8688,0.367152,0.206931
8689,0.334356,0.173481
8690,0.336053,0.223371
8691,0.37543,0.173652
8692,0.401429,0.167971
8693,0.401429,0.167971
8694,0.472981,0.115535
8695,0.465195,0.155938
8696,0.399002,0.211451
8697,0.399002,0.211451
8698,0.369814,0.153292
8699,0.416329,0.105753
8700,0.387165,0.148592
8701,0.387165,0.148592
8702,0.37731,0.170149
8703,0.37731,0.170149
8704,0.365097,0.0480259
8705,0.489781,0.126268
8706,0.547282,0.119573
8707,0.428629,0.15663
8708,0.578164,0.0799347
8709,0.709586,0.132876
8710,0.698753,0.248283
8711,0.685699,0.234115
8712,0.636903,0.232184
8713,0.602665,0.245871
8714,0.602665,0.245871
8715,0.501431,0.233016
8716,0.499534,0.213482
8717,0.387517,0.184137
8718,0.387517,0.184137
8719,0.387517,0.184137
8720,0.480756,0.178011
8721,0.501731,0.181098
8722,0.528135,0.214404
8723,0.528135,0.214404
8724,0.390182,0.149322
8725,0.428044,0.121506
8726,0.404916,0.123986
8727,0.421672,0.0717283
8728,0.355361,0.16091
8729,0.321737,0.197639
8730,0.365455,0.124528
8731,0.365455,0.124528
8732,0.371585,0.198511
8733,0.48807,0.226714
8734,0.48807,0.226714
8735,0.403957,0.190701
8736,0.482783,0.171152
8737,0.474859,0.156914
8738,0.4435,0.148268
8739,0.336562,0.1187
8740,0.362454,0.0418992
8741,0.372021,0.118821
8742,0.372021,0.118821
8743,0.440795,0.117127
8744,0.454474,0.10156
8745,0.422377,0.102067
8746,0.422377,0.102067
8747,0.422377,0.102067
8748,0.41671,0.157819
8749,0.41671,0.157819
8750,0.41671,0.157819
8751,0.364642,0.0784427
8752,0.364642,0.0784427
8753,0.346991,0.157578
8754,0.387119,0.209717
8755,0.355531,0.178565
8756,0.359244,0.124281
8757,0.341439,0.144308
8758,0.334617,0.227112
8759,0.334617,0.227112
8760,0.326002,0.304349
8761,0.349884,0.390839
8762,0.400438,0.335373
8763,0.369843,0.285493
8764,0.443656,0.220413
8765,0.395659,0.188978
8766,0.435892,0.152376
8767,0.437354,0.178779
8768,0.387253,0.177299
8769,0.395665,0.131767
8770,0.343067,0.15249
8771,0.343067,0.15249
8772,0.342022,0.138474
8773,0.338564,0.0863422
8774,0.348322,0.0109369
8775,0.333662,0.00591834
8776,0.354326,0.10359
8777,0.354326,0.10359
8778,0.354326,0.10359
8779,0.353496,0.0376675
8780,0.353496,0.0376675
8781,0.353496,0.0376675
8782,0.369721,0.0630061
8783,0.369721,0.0630061
8784,0.369721,0.0630061
8785,0.318612,0.0690832
8786,0.236863,0.0731554
8787,0.237228,0.0787703
8788,0.268789,0.149093
8789,0.321943,0.117967
8790,0.321943,0.117967
8791,0.294928,0.162878
8792,0.312032,0.162971
8793,0.273589,0.106804
8794,0.301054,0.177217
8795,0.301054,0.177217
8796,0.219033,0.223466
8797,0.191044,0.216003
8798,0.189347,0.240056
8799,0.189347,0.240056
8800,0.265889,0.339876
8801,0.220653,0.378839
8802,0.220653,0.378839
8803,0.238267,0.376472
8804,0.238267,0.376472
8805,0.346424,0.413788
8806,0.282044,0.286569
8807,0.282044,0.286569
8808,0.363466,0.214698
8809,0.309188,0.168375
8810,0.309188,0.168375
8811,0.328416,0.266908
8812,0.361434,0.276467
8813,0.361434,0.276467
8814,0.296767,0.270992
8815,0.296767,0.270992
8816,0.296767,0.270992
8817,0.296767,0.270992
8818,0.296767,0.270992
8819,0.296767,0.270992
8820,0.273699,0.190801
8821,0.289208,0.258131
8822,0.262057,0.164094
8823,0.263514,0.226957
8824,0.234204,0.173765
8825,0.264055,0.177282
8826,0.322179,0.224755
8827,0.314746,0.236706
8828,0.349959,0.152803
8829,0.411159,0.0821239
8830,0.482966,0.0740367
8831,0.374047,0.157239
8832,0.345006,0.159798
8833,0.345006,0.159798
8834,0.345006,0.159798
8835,0.448297,0.196687
8836,0.448297,0.196687
8837,0.417545,0.199079
8838,0.417545,0.199079
8839,0.36152,0.208475
8840,0.36152,0.208475
8841,0.288953,0.206719
8842,0.232816,0.307748
8843,0.313706,0.276728
8844,0.253743,0.272325
8845,0.25907,0.242845
8846,0.235739,0.237195
8847,0.243771,0.259182
8848,0.243771,0.259182
8849,0.296784,0.215606
8850,0.296784,0.215606
8851,0.383057,0.228396
8852,0.38075,0.239176
8853,0.320635,0.200857
8854,0.395866,0.277664
8855,0.38219,0.289165
8856,0.49224,0.289451
8857,0.49224,0.289451
8858,0.426522,0.34716
8859,0.453061,0.22453
8860,0.353733,0.241659
8861,0.353733,0.241659
8862,0.385421,0.11567
8863,0.385421,0.11567
8864,0.386343,0.154427
8865,0.388333,0.177746
8866,0.375014,0.149045
8867,0.375014,0.149045
8868,0.426244,0.182847
8869,0.426244,0.182847
8870,0.402332,0.108422
8871,0.445905,0.105701
8872,0.389092,0.18469
8873,0.389092,0.18469
8874,0.292521,0.147404
8875,0.292521,0.147404
8876,0.292521,0.147404
8877,0.292521,0.147404
8878,0.292521,0.147404
8879,0.312037,0.110541
8880,0.312037,0.110541
8881,0.299559,0.0919624
8882,0.280335,0.116462
8883,0.291747,0.118619
8884,0.291747,0.118619
8885,0.238245,0.152226
8886,0.230925,0.192219
8887,0.166002,0.234182
8888,0.16453,0.180047
8889,0.0836099,0.171627
8890,0.0836099,0.171627
8891,0.0620906,0.178046
8892,0.129116,0.243073
8893,0.0659883,0.166641
8894,0.0420851,0.190236
8895,0.0724859,0.193492
8896,0.0724859,0.193492
8897,0.0724859,0.193492
8898,0.0823352,0.179094
8899,0.10899,0.153399
8900,0.0724307,0.165272
8901,0.0724307,0.165272
8902,0.0936177,0.127015
8903,0.0989094,0.13914
8904,0.0989094,0.13914
8905,0.0841578,0.167889
8906,0.123576,0.16572
8907,0.153851,0.167502
8908,0.148344,0.126502
8909,0.148344,0.126502
8910,0.148344,0.126502
8911,0.148344,0.126502
8912,0.183464,0.0844882
8913,0.183464,0.0844882
8914,0.154677,0.0868083
8915,0.209154,0.100352
8916,0.14844,0.0820017
8917,0.204291,0.0878299
8918,0.204291,0.0878299
8919,0.204291,0.0878299
8920,0.180953,0.133656
8921,0.180953,0.133656
8922,0.220853,0.167876
8923,0.208936,0.154901
8924,0.161492,0.16178
8925,0.123223,0.203529
8926,0.0543,0.234011
8927,0.070853,0.198137
8928,0.149579,0.161439
8929,0.149579,0.161439
8930,0.250137,0.162905
8931,0.244221,0.206318
8932,0.254359,0.175066
8933,0.254359,0.175066
8934,0.292778,0.168212
8935,0.300217,0.157951
8936,0.300217,0.157951
8937,0.290549,0.113149
8938,0.337089,0.0921905
8939,0.337089,0.0921905
8940,0.339068,0.143151
8941,0.384299,0.171963
8942,0.391059,0.163707
8943,0.391059,0.163707
8944,0.294272,0.155243
8945,0.268263,0.148493
8946,0.323494,0.246958
8947,0.307509,0.227553
8948,0.33711,0.218443
8949,0.334163,0.243779
8950,0.343567,0.184976
8951,0.343567,0.184976
8952,0.384371,0.162309
8953,0.36791,0.172084
8954,0.433789,0.159973
8955,0.4117,0.188354
8956,0.510782,0.203513
8957,0.491859,0.198213
8958,0.409244,0.197624
8959,0.452751,0.199557
8960,0.452751,0.199557
8961,0.452751,0.199557
8962,0.440573,0.186563
8963,0.435134,0.213702
8964,0.388572,0.197636
8965,0.401204,0.226388
8966,0.475177,0.230062
8967,0.506765,0.224348
8968,0.440268,0.148202
8969,0.388179,0.156288
8970,0.50387,0.16023
8971,0.50387,0.16023
8972,0.50387,0.16023
8973,0.50387,0.16023
8974,0.476767,0.147059
8975,0.45285,0.117069
8976,0.43581,0.174282
8977,0.367519,0.161158
8978,0.344327,0.181903
8979,0.289608,0.22048
8980,0.289608,0.22048
8981,0.301835,0.301996
8982,0.310344,0.266982
8983,0.255742,0.304609
8984,0.255742,0.304609
8985,0.255742,0.304609
8986,0.264279,0.393796
8987,0.248567,0.372192
8988,0.263091,0.353742
8989,0.263091,0.353742
8990,0.247393,0.332054
8991,0.230902,0.347303
8992,0.230902,0.347303
8993,0.315698,0.348568
8994,0.277957,0.394242
8995,0.310243,0.398612
8996,0.181806,0.405065
8997,0.28968,0.338551
8998,0.301896,0.326946
8999,0.3195,0.319614
9000,0.302422,0.394242
9001,0.221949,0.456313
9002,0.221949,0.456313
9003,0.2727,0.462314
9004,0.2727,0.462314
9005,0.2727,0.462314
9006,0.2727,0.462314
9007,0.2727,0.462314
9008,0.187147,0.376966
9009,0.208275,0.41805
9010,0.26101,0.359935
9011,0.265986,0.383993
9012,0.210534,0.366627
9013,0.263447,0.345389
9014,0.234199,0.344584
9015,0.32615,0.245914
9016,0.307905,0.227846
9017,0.281443,0.247453
9018,0.274413,0.2642
9019,0.274413,0.2642
9020,0.274413,0.2642
9021,0.365414,0.195303
9022,0.365414,0.195303
9023,0.276052,0.170324
9024,0.336289,0.217297
9025,0.3441,0.194288
9026,0.370441,0.0876885
9027,0.392971,0.124964
9028,0.416409,0.190784
9029,0.416409,0.190784
9030,0.416409,0.190784
9031,0.416746,0.174262
9032,0.432261,0.201546
9033,0.424298,0.217574
9034,0.424298,0.217574
9035,0.424298,0.217574
9036,0.426846,0.115059
9037,0.426846,0.115059
9038,0.323087,0.13293
9039,0.272832,0.174831
9040,0.331584,0.105023
9041,0.334688,0.15528
9042,0.334688,0.15528
9043,0.324325,0.153633
9044,0.324325,0.153633
9045,0.292091,0.138627
9046,0.34845,0.134531
9047,0.34845,0.134531
9048,0.322077,0.121126
9049,0.416486,0.172964
9050,0.518733,0.163009
9051,0.559132,0.18534
9052,0.529911,0.181518
9053,0.529911,0.181518
9054,0.429092,0.207525
9055,0.390256,0.237249
9056,0.390256,0.237249
9057,0.412563,0.210745
9058,0.458503,0.208549
9059,0.432544,0.26148
9060,0.341887,0.191593
9061,0.341887,0.191593
9062,0.344908,0.199231
9063,0.319454,0.232495
9064,0.282603,0.218975
9065,0.260394,0.324122
9066,0.263772,0.312505
9067,0.280088,0.35887
9068,0.280088,0.35887
9069,0.276616,0.351038
9070,0.276616,0.351038
9071,0.276616,0.351038
9072,0.218317,0.370016
9073,0.241853,0.336117
9074,0.241853,0.336117
9075,0.273447,0.292788
9076,0.273447,0.292788
9077,0.242781,0.246489
9078,0.16711,0.28316
9079,0.0991246,0.204272
9080,0.0885187,0.236718
9081,0.0885187,0.236718
9082,0.122609,0.218158
9083,0.124042,0.239737
9084,0.125204,0.283151
9085,0.052968,0.251647
9086,0.0656141,0.250881
9087,0.0908341,0.243484
9088,0.105032,0.23664
9089,0.105032,0.23664
9090,0.119365,0.222022
9091,0.0995504,0.218073
9092,0.0775588,0.230375
9093,0.0775588,0.230375
9094,0.0472381,0.286279
9095,0.0934435,0.264296
9096,0.0934435,0.264296
9097,0.0354995,0.259139
9098,0.0346466,0.253121
9099,0.0500888,0.240861
9100,0.101882,0.199544
9101,0.101919,0.179685
9102,0.0335433,0.190552
9103,0.0147518,0.278179
9104,0.0147518,0.278179
9105,0.0556488,0.296691
9106,0.0556488,0.296691
9107,0.0123778,0.218193
9108,0.0478352,0.120385
9109,0.0247374,0.114035
9110,0.045157,0.149337
9111,0.045157,0.149337
9112,0.0206381,0.110494
9113,0.0206381,0.110494
9114,0.0189155,0.1174
9115,0.0061131,0.160937
9116,0.0061131,0.160937
9117,0.0474988,0.0607679
9118,0.0474988,0.0607679
9119,0.0585526,0.0531307
9120,0.0585526,0.0531307
9121,0.0249776,0.161569
9122,0.0249776,0.161569
9123,0.0324727,0.144139
9124,0.0713088,0.10765
9125,0.0622088,0.126669
9126,0.0313503,0.136299
9127,0.0591719,0.183441
9128,0.0234252,0.166595
9129,0.0473379,0.161076
9130,0.0643113,0.172123
9131,0.0643113,0.172123
9132,0.0643113,0.172123
9133,0.0492685,0.134926
9134,0.101188,0.161941
9135,0.101188,0.161941
9136,0.132301,0.276283
9137,0.132301,0.276283
9138,0.0548732,0.221408
9139,0.0275624,0.224033
9140,0.0275624,0.224033
9141,0.0381342,0.203611
9142,0.0897031,0.177968
9143,0.102997,0.316509
9144,0.0313387,0.29645
9145,0.0313387,0.29645
9146,0.0313387,0.29645
9147,0.0764197,0.27572
9148,0.069212,0.261258
9149,0.069212,0.261258
9150,0.0791628,0.317717
9151,0.0409485,0.264742
9152,0.0409485,0.264742
9153,0.0409485,0.264742
9154,0.0409485,0.264742
9155,0.0774685,0.301468
9156,0.0330375,0.370706
9157,0.0330375,0.370706
9158,0.0330375,0.370706
9159,0.0175178,0.299025
9160,0.0175178,0.299025
9161,0.0175178,0.299025
9162,0.0691298,0.307634
9163,0.0691298,0.307634
9164,0.119339,0.351982
9165,0.119339,0.351982
9166,0.119339,0.351982
9167,0.119339,0.351982
9168,0.177009,0.376782
9169,0.141981,0.321313
9170,0.0797626,0.336176
9171,0.131422,0.29208
9172,0.121704,0.247001
9173,0.0798903,0.355265
9174,0.100696,0.328164
9175,0.100696,0.328164
9176,0.106891,0.288459
9177,0.126205,0.192254
9178,0.126205,0.192254
9179,0.126942,0.321124
9180,0.126942,0.321124
9181,0.126942,0.321124
9182,0.201724,0.289544
9183,0.13,0.230337
9184,0.168888,0.229748
9185,0.168888,0.229748
9186,0.173256,0.247647
9187,0.173256,0.247647
9188,0.154701,0.27711
9189,0.203993,0.279389
9190,0.191324,0.28179
9191,0.162093,0.290897
9192,0.199614,0.284144
9193,0.259612,0.289062
9194,0.259612,0.289062
9195,0.259612,0.289062
9196,0.297657,0.271015
9197,0.422201,0.30744
9198,0.364961,0.320569
9199,0.310924,0.217732
9200,0.310924,0.217732
9201,0.415831,0.204915
9202,0.303609,0.231875
9203,0.256444,0.238641
9204,0.22521,0.174682
9205,0.20074,0.2107
9206,0.194481,0.171729
9207,0.194481,0.171729
9208,0.201199,0.195364
9209,0.204301,0.192964
9210,0.204301,0.192964
9211,0.198589,0.245062
9212,0.229659,0.266753
9213,0.215424,0.239952
9214,0.320796,0.2672
9215,0.276038,0.245757
9216,0.276038,0.245757
9217,0.316651,0.252606
9218,0.327745,0.218877
9219,0.327745,0.218877
9220,0.335026,0.23304
9221,0.379674,0.244892
9222,0.396539,0.257282
9223,0.344682,0.335477
9224,0.344682,0.335477
9225,0.437864,0.280071
9226,0.424853,0.388101
9227,0.373979,0.383376
9228,0.273971,0.30029
9229,0.349495,0.312496
9230,0.349495,0.312496
9231,0.337976,0.315537
9232,0.283549,0.34106
9233,0.368731,0.306452
9234,0.368731,0.306452
9235,0.368731,0.306452
9236,0.368731,0.306452
9237,0.339118,0.414687
9238,0.35551,0.391408
9239,0.324548,0.380534
9240,0.298273,0.436316
9241,0.31316,0.35349
9242,0.338041,0.355705
9243,0.325696,0.335263
9244,0.325696,0.335263
9245,0.344671,0.306725
9246,0.253994,0.316436
9247,0.347303,0.359
9248,0.411237,0.290854
9249,0.352775,0.264732
9250,0.352775,0.264732
9251,0.352775,0.264732
9252,0.44535,0.294868
9253,0.4257,0.274247
9254,0.389894,0.293854
9255,0.379222,0.278452
9256,0.387631,0.350339
9257,0.401978,0.319632
9258,0.401463,0.28267
9259,0.413716,0.284617
9260,0.483651,0.340317
9261,0.538485,0.325904
9262,0.529635,0.317581
9263,0.402474,0.327538
9264,0.372596,0.270725
9265,0.336898,0.278907
9266,0.296937,0.268816
9267,0.335651,0.278774
9268,0.335651,0.278774
9269,0.335651,0.278774
9270,0.411178,0.222015
9271,0.310721,0.312778
9272,0.294014,0.36673
9273,0.294014,0.36673
9274,0.308399,0.371632
9275,0.308399,0.371632
9276,0.312989,0.397715
9277,0.366822,0.349109
9278,0.438928,0.432088
9279,0.327886,0.329225
9280,0.329514,0.434168
9281,0.329514,0.434168
9282,0.368566,0.437628
9283,0.375657,0.357145
9284,0.39038,0.307364
9285,0.370826,0.332581
9286,0.370826,0.332581
9287,0.370826,0.332581
9288,0.378725,0.321337
9289,0.315378,0.375607
9290,0.319805,0.379158
9291,0.311123,0.3348
9292,0.339661,0.380026
9293,0.278661,0.351717
9294,0.278661,0.351717
9295,0.278661,0.351717
9296,0.391347,0.358675
9297,0.305343,0.365581
9298,0.305343,0.365581
9299,0.296101,0.412938
9300,0.296101,0.412938
9301,0.296101,0.412938
9302,0.275122,0.56137
9303,0.260462,0.5123
9304,0.178824,0.434648
9305,0.260019,0.432151
9306,0.282619,0.534487
9307,0.222897,0.493908
9308,0.197473,0.528317
9309,0.196264,0.440191
9310,0.229688,0.438309
9311,0.25139,0.414759
9312,0.243287,0.550546
9313,0.207727,0.45955
9314,0.160667,0.42246
9315,0.160667,0.42246
9316,0.185635,0.438952
9317,0.232643,0.41949
9318,0.192209,0.389289
9319,0.228724,0.354528
9320,0.255226,0.361504
9321,0.255226,0.361504
9322,0.255226,0.361504
9323,0.226733,0.354574
9324,0.221739,0.390863
9325,0.210139,0.383197
9326,0.158505,0.400689
9327,0.120248,0.351256
9328,0.128082,0.332563
9329,0.107345,0.369278
9330,0.0924954,0.307337
9331,0.0924954,0.307337
9332,0.0820749,0.255208
9333,0.125696,0.276892
9334,0.131687,0.300764
9335,0.0973319,0.329644
9336,0.0500229,0.352342
9337,0.0500229,0.352342
9338,0.0785989,0.352397
9339,0.0350488,0.345449
9340,0.0350488,0.345449
9341,0.0915648,0.34837
9342,0.0915648,0.34837
9343,0.118287,0.278079
9344,0.118287,0.278079
9345,0.179737,0.26759
9346,0.160545,0.364397
9347,0.200624,0.311534
9348,0.241909,0.401752
9349,0.257275,0.401876
9350,0.257275,0.401876
9351,0.145106,0.356644
9352,0.109352,0.378735
9353,0.0871072,0.354553
9354,0.116568,0.392255
9355,0.203582,0.336426
9356,0.153633,0.436149
9357,0.123911,0.480253
9358,0.153547,0.530898
9359,0.185031,0.519972
9360,0.174111,0.587373
9361,0.154159,0.560499
9362,0.196812,0.521647
9363,0.225136,0.404505
9364,0.219109,0.369911
9365,0.203784,0.334211
9366,0.182678,0.384947
9367,0.154787,0.399683
9368,0.157737,0.352882
9369,0.122604,0.375195
9370,0.106376,0.398487
9371,0.0950183,0.455604
9372,0.0505854,0.471394
9373,0.0127031,0.431744
9374,0.056982,0.445792
9375,0.0860894,0.407701
9376,0.0680508,0.366519
9377,0.0429498,0.378872
9378,0.027952,0.352163
9379,0.0337136,0.354042
9380,0.038377,0.37017
9381,0.0765529,0.394083
9382,0.0765529,0.394083
9383,0.133691,0.370177
9384,0.133691,0.370177
9385,0.0354023,0.368835
9386,0.028893,0.320827
9387,0.028893,0.320827
9388,0.0723071,0.286499
9389,0.0527939,0.313551
9390,0.0117794,0.361404
9391,0.0539998,0.426584
9392,0.0539998,0.426584
9393,0.0567684,0.388651
9394,0.0730742,0.381898
9395,0.0638241,0.321142
9396,0.0136757,0.296135
9397,0.0541631,0.306562
9398,0.025778,0.31365
9399,0.0700472,0.317089
9400,0.0847451,0.25929
9401,0.0691872,0.297834
9402,0.054279,0.254684
9403,0.0669767,0.251169
9404,0.0775699,0.275273
9405,0.0689254,0.225518
9406,0.167825,0.154973
9407,0.167825,0.154973
9408,0.167825,0.154973
9409,0.182296,0.147013
9410,0.182296,0.147013
9411,0.117471,0.172445
9412,0.123438,0.219024
9413,0.14789,0.194554
9414,0.13611,0.257201
9415,0.115146,0.146262
9416,0.115146,0.146262
9417,0.115146,0.146262
9418,0.129947,0.254388
9419,0.129947,0.254388
9420,0.136909,0.14926
9421,0.136909,0.14926
9422,0.136909,0.14926
9423,0.117967,0.131105
9424,0.130392,0.186654
9425,0.113264,0.240457
9426,0.0549499,0.149624
9427,0.0549499,0.149624
9428,0.0549499,0.149624
9429,0.064581,0.188756
9430,0.064581,0.188756
9431,0.064581,0.188756
9432,0.109535,0.241512
9433,0.0487515,0.27303
9434,0.0729988,0.221709
9435,0.0435004,0.180879
9436,0.0435004,0.180879
9437,0.0775876,0.163158
9438,0.122791,0.188764
9439,0.122791,0.188764
9440,0.122791,0.188764
9441,0.098631,0.125667
9442,0.129994,0.177891
9443,0.133796,0.204822
9444,0.117652,0.11773
9445,0.0404976,0.100326
9446,0.0491316,0.109563
9447,0.106195,0.124244
9448,0.106195,0.124244
9449,0.106195,0.124244
9450,0.097814,0.140924
9451,0.0871345,0.190379
9452,0.0645564,0.193931
9453,0.0719895,0.250158
9454,0.10524,0.136056
9455,0.10524,0.136056
9456,0.13587,0.139342
9457,0.13587,0.139342
9458,0.157559,0.110365
9459,0.0594929,0.0897207
9460,0.109958,0.0904604
9461,0.161466,0.120509
9462,0.161466,0.120509
9463,0.261442,0.221668
9464,0.261442,0.221668
9465,0.210251,0.19974
9466,0.210251,0.19974
9467,0.204075,0.222684
9468,0.211194,0.217315
9469,0.228825,0.258646
9470,0.259636,0.224072
9471,0.21211,0.259888
9472,0.215931,0.27371
9473,0.214981,0.25344
9474,0.169558,0.219273
9475,0.197341,0.303771
9476,0.197341,0.303771
9477,0.170609,0.291281
9478,0.144124,0.337799
9479,0.199039,0.288688
9480,0.23682,0.325943
9481,0.23682,0.325943
9482,0.224675,0.333212
9483,0.224675,0.333212
9484,0.268734,0.34523
9485,0.271501,0.422374
9486,0.258227,0.444203
9487,0.196946,0.502842
9488,0.196946,0.502842
9489,0.196946,0.502842
9490,0.279071,0.387251
9491,0.263813,0.402
9492,0.253052,0.336264
9493,0.232558,0.358588
9494,0.230313,0.404141
9495,0.230313,0.404141
9496,0.270375,0.488388
9497,0.270375,0.488388
9498,0.270375,0.488388
9499,0.270375,0.488388
9500,0.270375,0.488388
9501,0.240523,0.540635
9502,0.196395,0.555713
9503,0.182673,0.512343
9504,0.159701,0.575818
9505,0.159701,0.575818
9506,0.193659,0.617648
9507,0.257478,0.60051
9508,0.221467,0.535414
9509,0.249297,0.529763
9510,0.249297,0.529763
9511,0.249297,0.529763
9512,0.246236,0.426713
9513,0.201001,0.471425
9514,0.296088,0.420796
9515,0.296088,0.420796
9516,0.296088,0.420796
9517,0.248562,0.425311
9518,0.231798,0.451363
9519,0.231798,0.451363
9520,0.220086,0.437375
9521,0.189876,0.413329
9522,0.257729,0.417812
9523,0.257729,0.417812
9524,0.166127,0.475436
9525,0.166127,0.475436
9526,0.166127,0.475436
9527,0.166127,0.475436
9528,0.220486,0.477124
9529,0.193447,0.412957
9530,0.254609,0.38314
9531,0.232951,0.448299
9532,0.232951,0.448299
9533,0.232951,0.448299
9534,0.229685,0.411621
9535,0.229685,0.411621
9536,0.170331,0.381827
9537,0.173688,0.386699
9538,0.173688,0.386699
9539,0.178161,0.316943
9540,0.161595,0.32516
9541,0.161595,0.32516
9542,0.210509,0.292786
9543,0.210509,0.292786
9544,0.210509,0.292786
9545,0.231832,0.327173
9546,0.180334,0.311247
9547,0.132285,0.313933
9548,0.132285,0.313933
9549,0.132285,0.313933
9550,0.132285,0.313933
9551,0.145406,0.36494
9552,0.124319,0.383299
9553,0.146374,0.401668
9554,0.125487,0.3928
9555,0.144601,0.361994
9556,0.144601,0.361994
9557,0.144601,0.361994
9558,0.168389,0.402001
9559,0.168389,0.402001
9560,0.135192,0.382098
9561,0.108803,0.366257
9562,0.112217,0.400288
9563,0.112217,0.400288
9564,0.155472,0.504592
9565,0.155325,0.446322
9566,0.209497,0.431675
9567,0.170247,0.454664
9568,0.195953,0.417591
9569,0.212021,0.421336
9570,0.212021,0.421336
9571,0.187855,0.418891
9572,0.187855,0.418891
9573,0.187855,0.418891
9574,0.187855,0.418891
9575,0.187855,0.418891
9576,0.156158,0.397462
9577,0.186471,0.382119
9578,0.186471,0.382119
9579,0.254672,0.317206
9580,0.254672,0.317206
9581,0.231376,0.354397
9582,0.350461,0.31633
9583,0.350461,0.31633
9584,0.350461,0.31633
9585,0.302144,0.322944
9586,0.281339,0.304995
9587,0.303791,0.358577
9588,0.277504,0.36839
9589,0.298011,0.468506
9590,0.316944,0.376267
9591,0.305647,0.478872
9592,0.277867,0.474198
9593,0.312024,0.539249
9594,0.337354,0.478924
9595,0.412301,0.510151
9596,0.412301,0.510151
9597,0.431562,0.49978
9598,0.296005,0.414673
9599,0.275115,0.410978
9600,0.27975,0.363863
9601,0.221658,0.387354
9602,0.236738,0.326167
9603,0.198343,0.27293
9604,0.198343,0.27293
9605,0.134295,0.304894
9606,0.189804,0.341635
9607,0.110481,0.294783
9608,0.110481,0.294783
9609,0.0914501,0.258346
9610,0.0840951,0.275963
9611,0.0840951,0.275963
9612,0.0645702,0.302282
9613,0.0645702,0.302282
9614,0.0798026,0.206971
9615,0.0543255,0.27716
9616,0.0543255,0.27716
9617,0.0505804,0.353499
9618,0.0505804,0.353499
9619,0.115646,0.337135
9620,0.115646,0.337135
9621,0.160793,0.43395
9622,0.135009,0.366885
9623,0.151318,0.412557
9624,0.206262,0.396901
9625,0.211284,0.449529
9626,0.211284,0.449529
9627,0.170763,0.361386
9628,0.248396,0.391463
9629,0.178848,0.426272
9630,0.183058,0.510787
9631,0.183058,0.510787
9632,0.17242,0.441569
9633,0.138779,0.476534
9634,0.138779,0.476534
9635,0.138779,0.476534
9636,0.213352,0.414829
9637,0.276829,0.413868
9638,0.166492,0.326942
9639,0.270896,0.404797
9640,0.270896,0.404797
9641,0.270896,0.404797
9642,0.21576,0.361091
9643,0.164446,0.387616
9644,0.228169,0.38825
9645,0.175565,0.428917
9646,0.221848,0.357915
9647,0.116212,0.354283
9648,0.116212,0.354283
9649,0.116212,0.354283
9650,0.138782,0.349896
9651,0.190051,0.279823
9652,0.190051,0.279823
9653,0.155026,0.262147
9654,0.088944,0.191302
9655,0.088944,0.191302
9656,0.158102,0.250636
9657,0.111759,0.143828
9658,0.172651,0.188933
9659,0.159791,0.113247
9660,0.0830505,0.0507806
9661,0.0149911,0.0199445
9662,0.0105162,0.107573
9663,0.0105162,0.107573
9664,0.0664902,0.153141
9665,0.0664902,0.153141
9666,0.0628034,0.101694
9667,0.0628034,0.101694
9668,0.0487674,0.104751
9669,0.0689624,0.0826934
9670,0.0689624,0.0826934
9671,0.0799606,0.169464
9672,0.0965078,0.175028
9673,0.0536744,0.286624
9674,0.0381015,0.288858
9675,0.0759764,0.267359
9676,0.0759764,0.267359
9677,0.107515,0.237341
9678,0.145162,0.232945
9679,0.145162,0.232945
9680,0.0470544,0.217815
9681,0.0470544,0.217815
9682,0.0470544,0.217815
9683,0.117771,0.184123
9684,0.117771,0.184123
9685,0.0885778,0.114173
9686,0.0191164,0.107391
9687,0.0339963,0.0214362
9688,0.0339963,0.0214362
9689,0.0575673,0.0333604
9690,0.0410477,0.0622794
9691,0.0830833,0.0595403
9692,0.059028,0.0463287
9693,0.0189425,0.0607171
9694,0.00584801,0.0294198
9695,0.0814221,0.0975677
9696,0.127916,0.0616057
9697,0.129046,0.0944303
9698,0.178277,0.103805
9699,0.224551,0.0808826
9700,0.224551,0.0808826
9701,0.254998,0.0753231
9702,0.235572,0.0608386
9703,0.220911,0.0231799
9704,0.220911,0.0231799
9705,0.220911,0.0231799
9706,0.220911,0.0231799
9707,0.220911,0.0231799
9708,0.161089,0.0545065
9709,0.161089,0.0545065
9710,0.161089,0.0545065
9711,0.131238,0.109278
9712,0.131238,0.109278
9713,0.179167,0.111956
9714,0.179167,0.111956
9715,0.165695,0.0689526
9716,0.177236,0.0559666
9717,0.13069,0.122785
9718,0.189079,0.137269
9719,0.189079,0.137269
9720,0.127383,0.152778
9721,0.0990572,0.160366
9722,0.0990572,0.160366
9723,0.117069,0.13333
9724,0.168427,0.234634
9725,0.155532,0.173348
9726,0.150427,0.10242
9727,0.0783355,0.156877
9728,0.113616,0.219703
9729,0.166461,0.229147
9730,0.166461,0.229147
9731,0.163841,0.261133
9732,0.174661,0.197957
9733,0.0874124,0.194282
9734,0.0898223,0.270626
9735,0.114922,0.266757
9736,0.103209,0.293493
9737,0.168387,0.255969
9738,0.188608,0.266171
9739,0.220202,0.202696
9740,0.137255,0.2299
9741,0.141058,0.176741
9742,0.158844,0.188381
9743,0.195718,0.150977
9744,0.195718,0.150977
9745,0.195718,0.150977
9746,0.159185,0.225933
9747,0.150721,0.200686
9748,0.121615,0.177891
9749,0.126953,0.15701
9750,0.126953,0.15701
9751,0.140129,0.181214
9752,0.137499,0.268966
9753,0.130769,0.307771
9754,0.166756,0.32155
9755,0.166756,0.32155
9756,0.168079,0.276399
9757,0.168079,0.276399
9758,0.175169,0.265996
9759,0.129667,0.245945
9760,0.153003,0.2531
9761,0.153875,0.256583
9762,0.0756226,0.330028
9763,0.0398238,0.356405
9764,0.0210934,0.281898
9765,0.0933108,0.261813
9766,0.0933108,0.261813
9767,0.0933108,0.261813
9768,0.0933108,0.261813
9769,0.143754,0.294755
9770,0.143754,0.294755
9771,0.203501,0.272254
9772,0.155388,0.234281
9773,0.131805,0.300093
9774,0.131805,0.300093
9775,0.16765,0.378997
9776,0.190585,0.39218
9777,0.20938,0.335501
9778,0.223785,0.32887
9779,0.223785,0.32887
9780,0.24094,0.359961
9781,0.21868,0.314286
9782,0.21868,0.314286
9783,0.182307,0.363422
9784,0.181423,0.397039
9785,0.185006,0.448225
9786,0.211487,0.322785
9787,0.200918,0.372157
9788,0.205696,0.378755
9789,0.215853,0.350261
9790,0.211686,0.275629
9791,0.316886,0.2527
9792,0.40279,0.259802
9793,0.338462,0.301463
9794,0.340713,0.331963
9795,0.361638,0.334472
9796,0.320779,0.30442
9797,0.25844,0.316889
9798,0.237944,0.310579
9799,0.237944,0.310579
9800,0.20337,0.277118
9801,0.20337,0.277118
9802,0.20486,0.300804
9803,0.220247,0.254449
9804,0.220247,0.254449
9805,0.15035,0.316289
9806,0.168956,0.283377
9807,0.214728,0.320481
9808,0.214728,0.320481
9809,0.196409,0.298982
9810,0.196409,0.298982
9811,0.154884,0.299222
9812,0.0890875,0.322064
9813,0.0890875,0.322064
9814,0.144071,0.368803
9815,0.112474,0.3119
9816,0.112474,0.3119
9817,0.183499,0.294396
9818,0.0788353,0.272263
9819,0.132169,0.33369
9820,0.161907,0.302234
9821,0.0729069,0.289413
9822,0.0729069,0.289413
9823,0.107401,0.298072
9824,0.116615,0.308878
9825,0.127196,0.302017
9826,0.107416,0.241477
9827,0.107416,0.241477
9828,0.0361262,0.225309
9829,0.0392677,0.231136
9830,0.0392677,0.231136
9831,0.0839175,0.315207
9832,0.0846727,0.298556
9833,0.0261967,0.399037
9834,0.0261967,0.399037
9835,0.0381649,0.380067
9836,0.0398621,0.402212
9837,0.0455188,0.473071
9838,0.0357386,0.40623
9839,0.106572,0.438376
9840,0.0858951,0.373963
9841,0.0858951,0.373963
9842,0.0858951,0.373963
9843,0.020375,0.408474
9844,0.020375,0.408474
9845,0.020375,0.408474
9846,0.0516414,0.386456
9847,0.0738054,0.411892
9848,0.0492389,0.418959
9849,0.0350979,0.488592
9850,0.0584574,0.399343
9851,0.0631399,0.403989
9852,0.082978,0.442553
9853,0.0536819,0.478797
9854,0.0536819,0.478797
9855,0.0536819,0.478797
9856,0.0536819,0.478797
9857,0.0210615,0.446435
9858,0.0563576,0.421932
9859,0.0563576,0.421932
9860,0.056991,0.51544
9861,0.056991,0.51544
9862,0.0547572,0.468952
9863,0.0547572,0.468952
9864,0.0437258,0.50818
9865,0.0472996,0.520076
9866,0.0472996,0.520076
9867,0.084827,0.525835
9868,0.17158,0.555557
9869,0.169839,0.489423
9870,0.150873,0.433732
9871,0.199559,0.440148
9872,0.151761,0.42904
9873,0.0948326,0.365954
9874,0.0948326,0.365954
9875,0.150809,0.370441
9876,0.130132,0.405046
9877,0.127757,0.412728
9878,0.184495,0.457291
9879,0.143334,0.382117
9880,0.117938,0.294547
9881,0.171166,0.329873
9882,0.133862,0.343871
9883,0.115736,0.322431
9884,0.142914,0.31739
9885,0.142914,0.31739
9886,0.101828,0.376659
9887,0.146801,0.335975
9888,0.089805,0.349386
9889,0.0329198,0.360534
9890,0.0620439,0.387776
9891,0.0528462,0.341352
9892,0.0396832,0.339048
9893,0.0396832,0.339048
9894,0.0396832,0.339048
9895,0.0313515,0.288045
9896,0.041724,0.326206
9897,0.0391185,0.339984
9898,0.0391185,0.339984
9899,0.0733741,0.317598
9900,0.120088,0.321815
9901,0.145638,0.316423
9902,0.122431,0.320131
9903,0.122431,0.320131
9904,0.122431,0.320131
9905,0.0919875,0.289163
9906,0.0919875,0.289163
9907,0.165747,0.291011
9908,0.165747,0.291011
9909,0.150553,0.297948
9910,0.105986,0.291844
9911,0.164598,0.336089
9912,0.192311,0.336615
9913,0.194721,0.334764
9914,0.258654,0.323454
9915,0.258654,0.323454
9916,0.258654,0.323454
9917,0.239695,0.34958
9918,0.317766,0.274852
9919,0.301788,0.361058
9920,0.301788,0.361058
9921,0.303877,0.334858
9922,0.366717,0.266362
9923,0.338992,0.281393
9924,0.351975,0.351785
9925,0.412847,0.311149
9926,0.352891,0.326876
9927,0.352891,0.326876
9928,0.300794,0.321184
9929,0.300794,0.321184
9930,0.332582,0.44737
9931,0.322568,0.388648
9932,0.354114,0.378084
9933,0.279317,0.474282
9934,0.340244,0.382896
9935,0.276157,0.301376
9936,0.295779,0.450653
9937,0.289294,0.407474
9938,0.212335,0.344805
9939,0.212335,0.344805
9940,0.295675,0.379786
9941,0.279137,0.384316
9942,0.252014,0.38566
9943,0.318564,0.497804
9944,0.270927,0.436283
9945,0.248583,0.458393
9946,0.279433,0.521624
9947,0.316204,0.496302
9948,0.325082,0.471447
9949,0.325082,0.471447
9950,0.325329,0.43935
9951,0.351844,0.449774
9952,0.371089,0.499543
9953,0.355487,0.451041
9954,0.269765,0.40912
9955,0.222737,0.505117
9956,0.222737,0.505117
9957,0.295314,0.53402
9958,0.250744,0.483856
9959,0.306844,0.494492
9960,0.256737,0.50957
9961,0.281261,0.441268
9962,0.308347,0.339274
9963,0.266357,0.312742
9964,0.29021,0.322099
9965,0.354448,0.255467
9966,0.359962,0.319623
9967,0.359962,0.319623
9968,0.359962,0.319623
9969,0.406095,0.350496
9970,0.406095,0.350496
9971,0.406095,0.350496
9972,0.420595,0.388662
9973,0.421785,0.468354
9974,0.39202,0.350999
9975,0.388503,0.34514
9976,0.388503,0.34514
9977,0.456495,0.369991
9978,0.422608,0.38936
9979,0.40316,0.387379
9980,0.387196,0.366574
9981,0.387196,0.366574
9982,0.389385,0.367262
9983,0.389385,0.367262
9984,0.435746,0.317025
9985,0.356572,0.332515
9986,0.412445,0.344808
9987,0.294939,0.342787
9988,0.304547,0.3726
9989,0.341591,0.421336
9990,0.341591,0.421336
9991,0.384587,0.389047
9992,0.412354,0.339706
9993,0.412354,0.339706
9994,0.412354,0.339706
9995,0.410162,0.391134
9996,0.494853,0.32845
9997,0.414264,0.291337
9998,0.38667,0.330188
9999,0.458894,0.255043
10000,0.410683,0.255476
