MDTU,|Tr(Lx)|,|Tr(Ly)|
1,0.107277,0.199495
2,0.107277,0.199495
3,0.107277,0.199495
4,0.107277,0.199495
5,0.107277,0.199495
6,0.107277,0.199495
7,0.131065,0.2568
8,0.118263,0.262773
9,0.118263,0.262773
10,0.143579,0.239733
11,0.143579,0.239733
12,0.163028,0.315181
13,0.155791,0.314829
14,0.150288,0.265151
15,0.147427,0.308518
16,0.147427,0.308518
17,0.147427,0.308518
18,0.174781,0.242387
19,0.174781,0.242387
20,0.174781,0.242387
21,0.174781,0.242387
22,0.154595,0.245533
23,0.154595,0.245533
24,0.154595,0.245533
25,0.154595,0.245533
26,0.215071,0.231354
27,0.215071,0.231354
28,0.215071,0.231354
29,0.215071,0.231354
30,0.215071,0.231354
31,0.181685,0.216208
32,0.181685,0.216208
33,0.181685,0.216208
34,0.136401,0.221286
35,0.136401,0.221286
36,0.105323,0.240578
37,0.105323,0.240578
38,0.132692,0.291967
39,0.132692,0.291967
40,0.124518,0.272069
41,0.0891866,0.25891
42,0.108848,0.293858
43,0.0458446,0.271578
44,0.0458446,0.271578
45,0.0458446,0.271578
46,0.143097,0.229941
47,0.134529,0.289593
48,0.134529,0.289593
49,0.191579,0.276192
50,0.130475,0.356068
51,0.130475,0.356068
52,0.157749,0.380587
53,0.132872,0.397998
54,0.132872,0.397998
55,0.090666,0.379417
56,0.111538,0.32852
57,0.126021,0.360955
58,0.0941092,0.344651
59,0.058851,0.337908
60,0.058851,0.337908
61,0.0284991,0.328746
62,0.0576748,0.306329
63,0.0576748,0.306329
64,0.0482371,0.288284
65,0.0657346,0.278541
66,0.0657346,0.278541
67,0.0657346,0.278541
68,0.0122394,0.20381
69,0.0122394,0.20381
70,0.0455978,0.237857
71,0.016985,0.152521
72,0.016985,0.152521
73,0.016985,0.152521
74,0.016985,0.152521
75,0.0632982,0.0868941
76,0.119448,0.109355
77,0.126916,0.0563818
78,0.15469,0.0133227
79,0.15469,0.0133227
80,0.190139,0.0494713
81,0.167166,0.0990348
82,0.0812028,0.170513
83,0.0812028,0.170513
84,0.12077,0.168064
85,0.12077,0.168064
86,0.132561,0.165506
87,0.108841,0.152162
88,0.186483,0.122731
89,0.146892,0.143857
90,0.146892,0.143857
91,0.146892,0.143857
92,0.143216,0.162682
93,0.114154,0.230513
94,0.137724,0.300017
95,0.137724,0.300017
96,0.210147,0.235937
97,0.202446,0.167464
98,0.212785,0.207417
99,0.212785,0.207417
100,0.156172,0.265401
101,0.154336,0.223244
102,0.191116,0.23866
103,0.191116,0.23866
104,0.185736,0.155406
105,0.118239,0.140171
106,0.140718,0.177309
107,0.140718,0.177309
108,0.158372,0.16083
109,0.187208,0.117052
110,0.167799,0.158452
111,0.108006,0.22694
112,0.131419,0.190272
113,0.13628,0.168949
114,0.113924,0.250664
115,0.0997948,0.294435
116,0.0997948,0.294435
117,0.0997948,0.294435
118,0.0997948,0.294435
119,0.103884,0.339358
120,0.136836,0.274013
121,0.0906103,0.2669
122,0.203471,0.306621
123,0.203471,0.306621
124,0.203471,0.306621
125,0.169566,0.292058
126,0.169566,0.292058
127,0.169566,0.292058
128,0.159479,0.284706
129,0.222507,0.36143
130,0.236368,0.36016
131,0.196481,0.365749
132,0.196481,0.365749
133,0.204117,0.383352
134,0.25265,0.427712
135,0.282782,0.347242
136,0.282782,0.347242
137,0.282782,0.347242
138,0.232744,0.372896
139,0.209484,0.382442
140,0.233929,0.381271
141,0.217078,0.373821
142,0.217078,0.373821
143,0.211344,0.342263
144,0.170352,0.331431
145,0.170352,0.331431
146,0.180115,0.304223
147,0.185645,0.314445
148,0.185645,0.314445
149,0.17285,0.370272
150,0.177435,0.321322
151,0.194354,0.375504
152,0.223444,0.335238
153,0.177052,0.33557
154,0.237086,0.363805
155,0.237086,0.363805
156,0.254716,0.356933
157,0.254716,0.356933
158,0.312358,0.324597
159,0.331375,0.379821
160,0.279552,0.410908
161,0.308089,0.470988
162,0.231761,0.451273
163,0.223105,0.511286
164,0.218608,0.483472
165,0.272271,0.49817
166,0.199606,0.452188
167,0.122806,0.47989
168,0.103924,0.40111
169,0.103924,0.40111
170,0.0371267,0.326516
171,0.081595,0.296855
172,0.135076,0.336903
173,0.108958,0.346355
174,0.166857,0.340595
175,0.157513,0.35996
176,0.100961,0.331832
177,0.145527,0.312637
178,0.145527,0.312637
179,0.212329,0.339905
180,0.260511,0.356484
181,0.337801,0.334417
182,0.255062,0.367189
183,0.255062,0.367189
184,0.259361,0.406205
185,0.223561,0.374611
186,0.277904,0.435575
187,0.277904,0.435575
188,0.277904,0.435575
189,0.170433,0.365949
190,0.153005,0.370677
191,0.203066,0.351968
192,0.144972,0.26535
193,0.190172,0.244635
194,0.186892,0.260112
195,0.207267,0.209858
196,0.19608,0.247941
197,0.138735,0.213061
198,0.144774,0.222419
199,0.115729,0.271286
200,0.130093,0.237752
201,0.128138,0.186769
202,0.180935,0.137295
203,0.180935,0.137295
204,0.211266,0.181687
205,0.20369,0.141982
206,0.193212,0.239693
207,0.249215,0.28381
208,0.269362,0.233662
209,0.268916,0.202961
210,0.226933,0.194265
211,0.268434,0.179516
212,0.268434,0.179516
213,0.260916,0.190803
214,0.305921,0.253683
215,0.305921,0.253683
216,0.388298,0.26916
217,0.397518,0.238154
218,0.397518,0.238154
219,0.307799,0.223669
220,0.246678,0.223288
221,0.256119,0.206143
222,0.298716,0.25582
223,0.325379,0.240101
224,0.31101,0.180877
225,0.245419,0.216302
226,0.245419,0.216302
227,0.205516,0.170461
228,0.205516,0.170461
229,0.240554,0.242122
230,0.207597,0.187036
231,0.178055,0.199728
232,0.20047,0.0973221
233,0.119735,0.139929
234,0.175846,0.124134
235,0.119597,0.0599607
236,0.0926509,0.12542
237,0.0926509,0.12542
238,0.0926509,0.12542
239,0.0926509,0.12542
240,0.134322,0.08685
241,0.123228,0.144905
242,0.123228,0.144905
243,0.213594,0.205814
244,0.213594,0.205814
245,0.194632,0.215859
246,0.194632,0.215859
247,0.194632,0.215859
248,0.206739,0.263764
249,0.289113,0.250389
250,0.304757,0.255678
251,0.231286,0.265289
252,0.295399,0.266757
253,0.331694,0.233361
254,0.366068,0.248037
255,0.410057,0.136669
256,0.393848,0.287394
257,0.305839,0.212156
258,0.309677,0.215677
259,0.256934,0.2311
260,0.256934,0.2311
261,0.256934,0.2311
262,0.256136,0.22903
263,0.225958,0.205966
264,0.296434,0.23876
265,0.280124,0.188432
266,0.258135,0.191452
267,0.253245,0.187556
268,0.253245,0.187556
269,0.256414,0.150454
270,0.279953,0.132646
271,0.318074,0.149918
272,0.290629,0.189944
273,0.290629,0.189944
274,0.258322,0.213657
275,0.252667,0.215149
276,0.307264,0.194148
277,0.211264,0.170294
278,0.202639,0.208817
279,0.229814,0.126924
280,0.262115,0.169705
281,0.235418,0.128294
282,0.277206,0.205001
283,0.3183,0.093549
284,0.290793,0.12019
285,0.356356,0.220425
286,0.315363,0.170331
287,0.315363,0.170331
288,0.277951,0.176836
289,0.289557,0.151866
290,0.289557,0.151866
291,0.288603,0.253183
292,0.286395,0.280915
293,0.325094,0.2644
294,0.325094,0.2644
295,0.309719,0.327351
296,0.309719,0.327351
297,0.34054,0.30167
298,0.368717,0.281995
299,0.390744,0.346636
300,0.36364,0.340039
301,0.387964,0.290504
302,0.425124,0.358364
303,0.425124,0.358364
304,0.468727,0.37156
305,0.427631,0.345992
306,0.455618,0.339988
307,0.484485,0.332708
308,0.373438,0.424692
309,0.382463,0.429136
310,0.365436,0.418562
311,0.365436,0.418562
312,0.365436,0.418562
313,0.310702,0.417031
314,0.310702,0.417031
315,0.310702,0.417031
316,0.310702,0.417031
317,0.384606,0.434389
318,0.320052,0.436749
319,0.279972,0.380555
320,0.322222,0.443806
321,0.285214,0.448201
322,0.27772,0.421968
323,0.3296,0.448837
324,0.310247,0.400876
325,0.354419,0.409408
326,0.354419,0.409408
327,0.373632,0.396549
328,0.373632,0.396549
329,0.404178,0.405036
330,0.441593,0.429513
331,0.435799,0.393068
332,0.435799,0.393068
333,0.385266,0.396424
334,0.350754,0.381049
335,0.363116,0.387873
336,0.409292,0.385261
337,0.409292,0.385261
338,0.338623,0.369208
339,0.352287,0.314482
340,0.37257,0.247045
341,0.422742,0.316975
342,0.435383,0.317338
343,0.443152,0.352964
344,0.365158,0.328053
345,0.365158,0.328053
346,0.363212,0.312674
347,0.402861,0.288464
348,0.402861,0.288464
349,0.446535,0.279407
350,0.378695,0.286115
351,0.432705,0.32477
352,0.281113,0.302957
353,0.281113,0.302957
354,0.324451,0.325516
355,0.345187,0.39748
356,0.303014,0.350911
357,0.303014,0.350911
358,0.284967,0.32417
359,0.312086,0.376498
360,0.312086,0.376498
361,0.330151,0.395956
362,0.351904,0.407836
363,0.309553,0.337127
364,0.309553,0.337127
365,0.317216,0.290074
366,0.345937,0.306972
367,0.401961,0.347714
368,0.372788,0.29903
369,0.363456,0.30205
370,0.335399,0.363498
371,0.320872,0.310207
372,0.411003,0.372317
373,0.400007,0.418038
374,0.438004,0.363144
375,0.390046,0.381159
376,0.390046,0.381159
377,0.418743,0.362794
378,0.418743,0.362794
379,0.383489,0.39924
380,0.329358,0.376979
381,0.38984,0.477921
382,0.422182,0.474837
383,0.39253,0.467875
384,0.39253,0.467875
385,0.365146,0.483963
386,0.421447,0.437924
387,0.421447,0.437924
388,0.421447,0.437924
389,0.372988,0.43563
390,0.379192,0.422789
391,0.379192,0.422789
392,0.379557,0.471012
393,0.351822,0.578613
394,0.351822,0.578613
395,0.356433,0.564306
396,0.367946,0.596312
397,0.347709,0.59049
398,0.354284,0.53674
399,0.343078,0.564534
400,0.343078,0.564534
401,0.343078,0.564534
402,0.343078,0.564534
403,0.304063,0.537676
404,0.318515,0.589071
405,0.318515,0.589071
406,0.314886,0.629259
407,0.314886,0.629259
408,0.314886,0.629259
409,0.314886,0.629259
410,0.227062,0.559711
411,0.324697,0.55548
412,0.406177,0.567945
413,0.40524,0.586244
414,0.427871,0.61197
415,0.52186,0.589132
416,0.52186,0.589132
417,0.475142,0.56631
418,0.378853,0.601488
419,0.408692,0.612558
420,0.408692,0.612558
421,0.473781,0.596064
422,0.473781,0.596064
423,0.517937,0.533098
424,0.515695,0.450615
425,0.554214,0.392839
426,0.554214,0.392839
427,0.554214,0.392839
428,0.554214,0.392839
429,0.530921,0.353302
430,0.530921,0.353302
431,0.514312,0.335007
432,0.453911,0.26247
433,0.453911,0.26247
434,0.431362,0.323913
435,0.466744,0.330825
436,0.564031,0.301989
437,0.55107,0.291539
438,0.59645,0.229069
439,0.59645,0.229069
440,0.529012,0.250595
441,0.512568,0.256869
442,0.467529,0.35168
443,0.468273,0.376155
444,0.468273,0.376155
445,0.468273,0.376155
446,0.468273,0.376155
447,0.420419,0.337882
448,0.420419,0.337882
449,0.441146,0.329438
450,0.441146,0.329438
451,0.41225,0.307432
452,0.408738,0.269011
453,0.397552,0.226208
454,0.397552,0.226208
455,0.320562,0.278583
456,0.374488,0.264592
457,0.397459,0.31042
458,0.397459,0.31042
459,0.397459,0.31042
460,0.362194,0.286027
461,0.390861,0.28138
462,0.391701,0.37039
463,0.391701,0.37039
464,0.409804,0.359958
465,0.394025,0.258778
466,0.435978,0.274769
467,0.414914,0.365773
468,0.414914,0.365773
469,0.289589,0.37986
470,0.327409,0.448135
471,0.322377,0.428919
472,0.347917,0.439292
473,0.343485,0.412156
474,0.343485,0.412156
475,0.36427,0.322892
476,0.368677,0.405136
477,0.368677,0.405136
478,0.299051,0.375233
479,0.340573,0.337162
480,0.350027,0.364578
481,0.350027,0.364578
482,0.358916,0.287539
483,0.346174,0.298002
484,0.280463,0.310347
485,0.28526,0.357911
486,0.313703,0.304443
487,0.270097,0.347803
488,0.283698,0.29621
489,0.254817,0.353329
490,0.233024,0.393915
491,0.248432,0.406485
492,0.261379,0.445777
493,0.261379,0.445777
494,0.253473,0.42198
495,0.253473,0.42198
496,0.267071,0.490436
497,0.253933,0.471307
498,0.246812,0.467501
499,0.258159,0.531118
500,0.2853,0.51117
501,0.29034,0.46727
502,0.29034,0.46727
503,0.29034,0.46727
504,0.32499,0.406511
505,0.338546,0.37172
506,0.42194,0.364282
507,0.35176,0.389558
508,0.400973,0.484883
509,0.435439,0.442098
510,0.440077,0.495726
511,0.498206,0.484885
512,0.513039,0.470085
513,0.487462,0.466276
514,0.507857,0.408177
515,0.517186,0.488526
516,0.531056,0.453476
517,0.531056,0.453476
518,0.479659,0.397825
519,0.465008,0.397008
520,0.481684,0.384864
521,0.481684,0.384864
522,0.481684,0.384864
523,0.396452,0.43644
524,0.4761,0.387418
525,0.4761,0.387418
526,0.423989,0.380779
527,0.416967,0.406461
528,0.485814,0.426784
529,0.485814,0.426784
530,0.489531,0.421671
531,0.475633,0.48903
532,0.475633,0.48903
533,0.392554,0.427071
534,0.459942,0.473622
535,0.528743,0.365181
536,0.528743,0.365181
537,0.528743,0.365181
538,0.545572,0.377935
539,0.545572,0.377935
540,0.545572,0.377935
541,0.477045,0.374387
542,0.477045,0.374387
543,0.410296,0.394103
544,0.410296,0.394103
545,0.410296,0.394103
546,0.241773,0.41179
547,0.199152,0.442746
548,0.199152,0.442746
549,0.163413,0.427814
550,0.144099,0.403325
551,0.217168,0.390275
552,0.217168,0.390275
553,0.157645,0.382497
554,0.157645,0.382497
555,0.211747,0.41056
556,0.232993,0.36746
557,0.264002,0.421473
558,0.271269,0.305364
559,0.250704,0.285239
560,0.311312,0.335322
561,0.316843,0.333914
562,0.312448,0.36546
563,0.312448,0.36546
564,0.269611,0.330595
565,0.24111,0.320772
566,0.23033,0.292689
567,0.23033,0.292689
568,0.224688,0.232077
569,0.208451,0.193811
570,0.202742,0.257408
571,0.196915,0.18194
572,0.162303,0.217597
573,0.0940238,0.195974
574,0.0505684,0.173658
575,0.0302498,0.137833
576,0.0302498,0.137833
577,0.0302498,0.137833
578,0.0626561,0.186558
579,0.0726941,0.119782
580,0.12811,0.153319
581,0.12811,0.153319
582,0.135617,0.245202
583,0.118685,0.243485
584,0.112086,0.222586
585,0.152629,0.324408
586,0.0942436,0.36782
587,0.099289,0.438708
588,0.104517,0.434987
589,0.0629035,0.379966
590,0.133599,0.452377
591,0.0816707,0.433996
592,0.0279036,0.480139
593,0.0279036,0.480139
594,0.0719112,0.520136
595,0.091324,0.481346
596,0.0774994,0.511639
597,0.0648869,0.540127
598,0.075535,0.521477
599,0.075535,0.521477
600,0.0646296,0.512761
601,0.0784911,0.551731
602,0.093799,0.556787
603,0.126045,0.564695
604,0.0863263,0.543835
605,0.0819759,0.539416
606,0.105071,0.484246
607,0.0650585,0.552232
608,0.0650585,0.552232
609,0.0279358,0.47521
610,0.0982136,0.483628
611,0.0982136,0.483628
612,0.139553,0.480692
613,0.125707,0.478681
614,0.125707,0.478681
615,0.117878,0.461165
616,0.129853,0.529542
617,0.129853,0.529542
618,0.12829,0.520213
619,0.12829,0.520213
620,0.193201,0.574993
621,0.193201,0.574993
622,0.274813,0.572022
623,0.196845,0.554844
624,0.125901,0.526827
625,0.0808998,0.550305
626,0.1206,0.540902
627,0.12623,0.55889
628,0.156584,0.585991
629,0.142591,0.62745
630,0.142173,0.567554
631,0.142173,0.567554
632,0.142173,0.567554
633,0.115022,0.527813
634,0.0777957,0.542732
635,0.0801542,0.483824
636,0.0801542,0.483824
637,0.119607,0.518418
638,0.103794,0.551264
639,0.141487,0.527887
640,0.148519,0.534403
641,0.136964,0.536805
642,0.136964,0.536805
643,0.0860607,0.544873
644,0.106778,0.581156
645,0.10433,0.549096
646,0.191794,0.531341
647,0.214443,0.530127
648,0.179193,0.609852
649,0.170443,0.581704
650,0.132282,0.58023
651,0.131757,0.535459
652,0.155836,0.573146
653,0.164156,0.541749
654,0.164156,0.541749
655,0.143677,0.564453
656,0.15082,0.488248
657,0.15082,0.488248
658,0.190279,0.494784
659,0.15293,0.456701
660,0.145852,0.466144
661,0.145852,0.466144
662,0.16007,0.499599
663,0.113506,0.535642
664,0.113506,0.535642
665,0.113506,0.535642
666,0.18666,0.488397
667,0.18666,0.488397
668,0.18666,0.488397
669,0.182177,0.501963
670,0.182177,0.501963
671,0.141282,0.539967
672,0.18774,0.535347
673,0.18774,0.535347
674,0.209092,0.552763
675,0.209092,0.552763
676,0.209092,0.552763
677,0.218037,0.527783
678,0.218037,0.527783
679,0.279746,0.536157
680,0.298709,0.544597
681,0.292093,0.474317
682,0.352122,0.437698
683,0.424083,0.486185
684,0.424083,0.486185
685,0.440157,0.544047
686,0.440157,0.544047
687,0.392983,0.543994
688,0.392983,0.543994
689,0.386275,0.491577
690,0.386275,0.491577
691,0.386275,0.491577
692,0.264886,0.508115
693,0.264886,0.508115
694,0.264825,0.559929
695,0.264825,0.559929
696,0.264825,0.559929
697,0.253768,0.504266
698,0.243854,0.524539
699,0.243979,0.518263
700,0.236767,0.553072
701,0.236767,0.553072
702,0.21467,0.483189
703,0.21961,0.442963
704,0.211541,0.520665
705,0.236537,0.524444
706,0.193411,0.579542
707,0.198478,0.569603
708,0.198478,0.569603
709,0.196138,0.532457
710,0.17776,0.501824
711,0.145133,0.573463
712,0.212942,0.586042
713,0.212942,0.586042
714,0.197758,0.535311
715,0.187051,0.59068
716,0.171734,0.555901
717,0.221259,0.539571
718,0.194562,0.533836
719,0.19084,0.572604
720,0.127263,0.585582
721,0.127263,0.585582
722,0.130818,0.585915
723,0.17022,0.605051
724,0.17022,0.605051
725,0.17022,0.605051
726,0.17022,0.605051
727,0.113207,0.67503
728,0.0588729,0.63833
729,0.0588729,0.63833
730,0.0884551,0.638504
731,0.108244,0.669653
732,0.0653933,0.680168
733,0.0653933,0.680168
734,0.0653933,0.680168
735,0.162177,0.641532
736,0.164713,0.670223
737,0.133937,0.695123
738,0.193615,0.660552
739,0.212933,0.633351
740,0.203765,0.638569
741,0.154294,0.563836
742,0.172325,0.549887
743,0.140459,0.580383
744,0.16576,0.604222
745,0.201347,0.586429
746,0.201347,0.586429
747,0.185643,0.521333
748,0.0964698,0.504261
749,0.0964698,0.504261
750,0.0964698,0.504261
751,0.0654168,0.459856
752,0.0353032,0.455526
753,0.0811129,0.478593
754,0.0868258,0.519351
755,0.0868258,0.519351
756,0.100979,0.50611
757,0.100979,0.50611
758,0.0692366,0.520109
759,0.123261,0.575277
760,0.107834,0.515829
761,0.0815174,0.540455
762,0.122947,0.524051
763,0.0873296,0.476249
764,0.153642,0.469274
765,0.108454,0.433399
766,0.108454,0.433399
767,0.0813035,0.461273
768,0.157038,0.458711
769,0.173041,0.521519
770,0.188837,0.485533
771,0.221322,0.477206
772,0.1378,0.472171
773,0.1378,0.472171
774,0.225498,0.4074
775,0.225498,0.4074
776,0.136958,0.361015
777,0.0798544,0.365866
778,0.143064,0.30315
779,0.17128,0.373267
780,0.17128,0.373267
781,0.17128,0.373267
782,0.163602,0.405755
783,0.169006,0.33172
784,0.0935832,0.353682
785,0.123783,0.342573
786,0.157895,0.418466
787,0.157895,0.418466
788,0.17482,0.460539
789,0.0745673,0.456694
790,0.0745673,0.456694
791,0.0745673,0.456694
792,0.0745673,0.456694
793,0.0832847,0.426875
794,0.0778126,0.425761
795,0.0532168,0.422197
796,0.126777,0.416343
797,0.0881336,0.382904
798,0.117377,0.394133
799,0.133875,0.334109
800,0.161667,0.330602
801,0.161667,0.330602
802,0.252379,0.4291
803,0.250608,0.369917
804,0.195894,0.441414
805,0.254111,0.342109
806,0.254111,0.342109
807,0.254111,0.342109
808,0.254111,0.342109
809,0.254111,0.342109
810,0.254111,0.342109
811,0.261588,0.446213
812,0.311755,0.422341
813,0.408142,0.418688
814,0.345956,0.370233
815,0.407962,0.350875
816,0.366538,0.376088
817,0.310761,0.413421
818,0.310761,0.413421
819,0.310761,0.413421
820,0.281442,0.433404
821,0.364922,0.430722
822,0.303412,0.443829
823,0.40183,0.430035
824,0.39591,0.400705
825,0.441699,0.355767
826,0.383281,0.354508
827,0.459588,0.362782
828,0.435255,0.288977
829,0.435255,0.288977
830,0.458577,0.272518
831,0.431896,0.211842
832,0.416639,0.234023
833,0.4283,0.209498
834,0.4283,0.209498
835,0.4283,0.209498
836,0.438296,0.234873
837,0.473168,0.304875
838,0.403286,0.411906
839,0.465948,0.364439
840,0.465948,0.364439
841,0.465948,0.364439
842,0.465948,0.364439
843,0.479977,0.365764
844,0.441429,0.364408
845,0.449902,0.351223
846,0.39039,0.391691
847,0.39039,0.391691
848,0.384373,0.312888
849,0.399034,0.359059
850,0.420924,0.328114
851,0.504375,0.358319
852,0.508462,0.372555
853,0.51176,0.32754
854,0.542427,0.354841
855,0.491642,0.332123
856,0.486026,0.395086
857,0.468186,0.382691
858,0.47143,0.397094
859,0.47143,0.397094
860,0.47143,0.397094
861,0.484617,0.442972
862,0.486466,0.422019
863,0.488673,0.373923
864,0.554602,0.352508
865,0.554602,0.352508
866,0.554602,0.352508
867,0.574765,0.415908
868,0.55723,0.337583
869,0.55723,0.337583
870,0.55723,0.337583
871,0.533696,0.328061
872,0.533696,0.328061
873,0.517072,0.358917
874,0.497071,0.352349
875,0.407497,0.390296
876,0.407497,0.390296
877,0.407497,0.390296
878,0.448834,0.37568
879,0.442975,0.4108
880,0.43966,0.437498
881,0.43966,0.437498
882,0.43977,0.518957
883,0.43977,0.518957
884,0.44394,0.500498
885,0.513836,0.45535
886,0.511368,0.496477
887,0.511368,0.496477
888,0.522716,0.421801
889,0.522716,0.421801
890,0.472731,0.429531
891,0.472912,0.476366
892,0.500442,0.456875
893,0.530961,0.551497
894,0.505919,0.509355
895,0.538493,0.527423
896,0.457386,0.541092
897,0.523209,0.528448
898,0.523209,0.528448
899,0.510001,0.446224
900,0.510766,0.406744
901,0.478268,0.409011
902,0.464354,0.398668
903,0.464354,0.398668
904,0.517875,0.379673
905,0.516082,0.284358
906,0.558401,0.248187
907,0.558401,0.248187
908,0.558401,0.248187
909,0.462135,0.233512
910,0.462056,0.288864
911,0.462056,0.288864
912,0.456391,0.329287
913,0.462216,0.323596
914,0.553314,0.284405
915,0.60799,0.257372
916,0.60799,0.257372
917,0.60799,0.257372
918,0.576077,0.281472
919,0.576077,0.281472
920,0.557143,0.206948
921,0.557143,0.206948
922,0.501831,0.213961
923,0.48664,0.21173
924,0.49064,0.239745
925,0.49064,0.239745
926,0.427051,0.180437
927,0.427051,0.180437
928,0.413228,0.0950718
929,0.455242,0.107767
930,0.451337,0.168781
931,0.430753,0.138475
932,0.379963,0.159278
933,0.368231,0.212706
934,0.341326,0.288386
935,0.338896,0.278871
936,0.321452,0.296136
937,0.422119,0.246758
938,0.422119,0.246758
939,0.418874,0.296525
940,0.422644,0.259264
941,0.422644,0.259264
942,0.422644,0.259264
943,0.513711,0.333736
944,0.544238,0.268964
945,0.487144,0.306728
946,0.483226,0.356306
947,0.466631,0.371622
948,0.466631,0.371622
949,0.466631,0.371622
950,0.468503,0.402673
951,0.390067,0.313837
952,0.422619,0.368078
953,0.441016,0.383992
954,0.430131,0.340996
955,0.482143,0.343767
956,0.452501,0.385268
957,0.364168,0.437237
958,0.313204,0.441206
959,0.409663,0.440939
960,0.398695,0.423372
961,0.398695,0.423372
962,0.398695,0.423372
963,0.29432,0.408278
964,0.284593,0.445168
965,0.330985,0.461576
966,0.291855,0.473619
967,0.291855,0.473619
968,0.346748,0.509723
969,0.332908,0.491309
970,0.385068,0.455476
971,0.417617,0.445032
972,0.417617,0.445032
973,0.417617,0.445032
974,0.417617,0.445032
975,0.376169,0.415629
976,0.414725,0.445824
977,0.378836,0.421556
978,0.378836,0.421556
979,0.378836,0.421556
980,0.369358,0.437891
981,0.369358,0.437891
982,0.316523,0.413918
983,0.32178,0.423446
984,0.343936,0.375618
985,0.340216,0.423812
986,0.340216,0.423812
987,0.372928,0.495675
988,0.303794,0.553595
989,0.306264,0.529602
990,0.267906,0.592006
991,0.231323,0.532591
992,0.248039,0.495733
993,0.243844,0.513318
994,0.290114,0.502221
995,0.290114,0.502221
996,0.290114,0.502221
997,0.326881,0.513718
998,0.359007,0.533775
999,0.37507,0.473984
1000,0.344611,0.472261
1001,0.419962,0.530367
1002,0.438509,0.519334
1003,0.446201,0.542756
1004,0.374269,0.54845
1005,0.374269,0.54845
1006,0.374269,0.54845
1007,0.353812,0.503347
1008,0.332071,0.518908
1009,0.329682,0.47551
1010,0.329682,0.47551
1011,0.284825,0.439813
1012,0.284825,0.439813
1013,0.249944,0.47029
1014,0.249944,0.47029
1015,0.225852,0.481682
1016,0.25492,0.530803
1017,0.17531,0.516766
1018,0.283016,0.505873
1019,0.319187,0.521946
1020,0.318897,0.505032
1021,0.279846,0.46046
1022,0.205456,0.437592
1023,0.259645,0.473043
1024,0.190426,0.414176
1025,0.190426,0.414176
1026,0.136661,0.388347
1027,0.17549,0.384573
1028,0.17549,0.384573
1029,0.168229,0.379962
1030,0.219579,0.371864
1031,0.219579,0.371864
1032,0.208221,0.330544
1033,0.231911,0.384408
1034,0.232787,0.420453
1035,0.232787,0.420453
1036,0.239254,0.41209
1037,0.253954,0.467485
1038,0.32892,0.386128
1039,0.32892,0.386128
1040,0.32892,0.386128
1041,0.365883,0.393055
1042,0.323283,0.41565
1043,0.421351,0.387101
1044,0.421351,0.387101
1045,0.421351,0.387101
1046,0.396078,0.382862
1047,0.39808,0.440817
1048,0.39808,0.440817
1049,0.358548,0.424411
1050,0.328616,0.416721
1051,0.334221,0.491146
1052,0.369769,0.426598
1053,0.369412,0.444373
1054,0.334296,0.487901
1055,0.315753,0.45142
1056,0.315753,0.45142
1057,0.315753,0.45142
1058,0.313004,0.477862
1059,0.308334,0.483382
1060,0.304975,0.440786
1061,0.304975,0.440786
1062,0.304975,0.440786
1063,0.298399,0.391849
1064,0.250323,0.419495
1065,0.202776,0.488328
1066,0.221192,0.496764
1067,0.221192,0.496764
1068,0.221192,0.496764
1069,0.221192,0.496764
1070,0.221192,0.496764
1071,0.145326,0.365077
1072,0.145326,0.365077
1073,0.15989,0.358862
1074,0.180684,0.432225
1075,0.13573,0.398046
1076,0.13573,0.398046
1077,0.13573,0.398046
1078,0.120678,0.411637
1079,0.130663,0.381424
1080,0.157021,0.36971
1081,0.173559,0.36004
1082,0.16525,0.41103
1083,0.170374,0.42615
1084,0.196592,0.444057
1085,0.175979,0.482394
1086,0.175979,0.482394
1087,0.175979,0.482394
1088,0.175979,0.482394
1089,0.2034,0.436985
1090,0.2034,0.436985
1091,0.161359,0.49296
1092,0.162902,0.45753
1093,0.162902,0.45753
1094,0.169584,0.465709
1095,0.169584,0.465709
1096,0.192914,0.453292
1097,0.192914,0.453292
1098,0.256671,0.449653
1099,0.211533,0.435349
1100,0.250289,0.41902
1101,0.334584,0.43453
1102,0.254333,0.415494
1103,0.269517,0.482966
1104,0.238022,0.478353
1105,0.220887,0.482021
1106,0.205384,0.408602
1107,0.205384,0.408602
1108,0.205384,0.408602
1109,0.205384,0.408602
1110,0.205384,0.408602
1111,0.196563,0.393579
1112,0.284201,0.327909
1113,0.160915,0.358049
1114,0.240532,0.33659
1115,0.221136,0.350135
1116,0.221136,0.350135
1117,0.21017,0.376856
1118,0.268191,0.345141
1119,0.19281,0.326359
1120,0.202158,0.336403
1121,0.202158,0.336403
1122,0.120532,0.29318
1123,0.0625551,0.258576
1124,0.0625551,0.258576
1125,0.0625551,0.258576
1126,0.145131,0.250137
1127,0.145131,0.250137
1128,0.145131,0.250137
1129,0.145131,0.250137
1130,0.145131,0.250137
1131,0.105736,0.20744
1132,0.0622646,0.189147
1133,0.110048,0.254991
1134,0.110048,0.254991
1135,0.0428555,0.251134
1136,0.0428555,0.251134
1137,0.0731883,0.258379
1138,0.0824174,0.232328
1139,0.0151798,0.299125
1140,0.117615,0.261885
1141,0.0994396,0.275061
1142,0.138895,0.235246
1143,0.138895,0.235246
1144,0.0772703,0.250431
1145,0.146561,0.23151
1146,0.0994237,0.243712
1147,0.0994237,0.243712
1148,0.0994237,0.243712
1149,0.154363,0.206649
1150,0.221971,0.216821
1151,0.221971,0.216821
1152,0.203847,0.25957
1153,0.238509,0.25745
1154,0.238509,0.25745
1155,0.238509,0.25745
1156,0.263682,0.242261
1157,0.261273,0.22134
1158,0.241523,0.258202
1159,0.2477,0.242431
1160,0.316288,0.16909
1161,0.316288,0.16909
1162,0.316288,0.16909
1163,0.316288,0.16909
1164,0.316288,0.16909
1165,0.316288,0.16909
1166,0.316288,0.16909
1167,0.273568,0.171668
1168,0.273568,0.171668
1169,0.271209,0.232054
1170,0.251161,0.181443
1171,0.314926,0.181685
1172,0.274594,0.217438
1173,0.274594,0.217438
1174,0.274594,0.217438
1175,0.257331,0.187932
1176,0.229728,0.12179
1177,0.254185,0.0983775
1178,0.254185,0.0983775
1179,0.191123,0.0690065
1180,0.155524,0.0954045
1181,0.107893,0.178074
1182,0.125812,0.126739
1183,0.0834568,0.0635241
1184,0.0911044,0.121874
1185,0.0415143,0.172808
1186,0.00441423,0.258233
1187,0.0693916,0.206233
1188,0.0934624,0.235337
1189,0.138759,0.366788
1190,0.138759,0.366788
1191,0.138759,0.366788
1192,0.0622424,0.369967
1193,0.180558,0.39847
1194,0.180558,0.39847
1195,0.180558,0.39847
1196,0.173665,0.270135
1197,0.173665,0.270135
1198,0.14893,0.238131
1199,0.119296,0.193425
1200,0.0861613,0.201717
1201,0.0699605,0.257384
1202,0.110612,0.250189
1203,0.058908,0.262651
1204,0.0594852,0.282072
1205,0.0830664,0.276814
1206,0.0583823,0.316797
1207,0.0799816,0.401804
1208,0.0799816,0.401804
1209,0.19644,0.421017
1210,0.203731,0.455133
1211,0.24444,0.451695
1212,0.216862,0.468684
1213,0.190369,0.459997
1214,0.232393,0.45816
1215,0.230028,0.466454
1216,0.246819,0.43081
1217,0.187875,0.451849
1218,0.187875,0.451849
1219,0.21578,0.465692
1220,0.21578,0.465692
1221,0.163786,0.42879
1222,0.0997761,0.392829
1223,0.0997761,0.392829
1224,0.0997761,0.392829
1225,0.155838,0.399775
1226,0.155838,0.399775
1227,0.176023,0.404403
1228,0.164416,0.353676
1229,0.164416,0.353676
1230,0.157437,0.358856
1231,0.157437,0.358856
1232,0.188867,0.285828
1233,0.166793,0.329565
1234,0.166793,0.329565
1235,0.121888,0.265079
1236,0.121888,0.265079
1237,0.121888,0.265079
1238,0.0540174,0.254828
1239,0.0952023,0.33434
1240,0.0992081,0.317122
1241,0.0992081,0.317122
1242,0.157352,0.294003
1243,0.139921,0.369828
1244,0.104456,0.404183
1245,0.120707,0.387075
1246,0.11889,0.331231
1247,0.119948,0.295506
1248,0.172809,0.313752
1249,0.144284,0.415
1250,0.0911252,0.410875
1251,0.124922,0.39386
1252,0.124922,0.39386
1253,0.124922,0.39386
1254,0.122655,0.42128
1255,0.128088,0.445328
1256,0.234849,0.487725
1257,0.269682,0.506656
1258,0.350322,0.501222
1259,0.312056,0.477326
1260,0.394741,0.402284
1261,0.347651,0.399653
1262,0.379381,0.370785
1263,0.397007,0.450961
1264,0.490264,0.428398
1265,0.540341,0.417529
1266,0.569277,0.478595
1267,0.561729,0.471697
1268,0.491904,0.472469
1269,0.491904,0.472469
1270,0.601402,0.502478
1271,0.603859,0.508517
1272,0.565625,0.451681
1273,0.565625,0.451681
1274,0.556953,0.37726
1275,0.524978,0.417375
1276,0.524978,0.417375
1277,0.575108,0.304495
1278,0.584947,0.286339
1279,0.596371,0.26882
1280,0.596371,0.26882
1281,0.605106,0.261414
1282,0.631633,0.190737
1283,0.516951,0.17395
1284,0.528105,0.144296
1285,0.594814,0.147621
1286,0.558474,0.211764
1287,0.516057,0.190262
1288,0.472603,0.191673
1289,0.505103,0.271536
1290,0.516162,0.207438
1291,0.53341,0.240827
1292,0.521067,0.240444
1293,0.547323,0.159806
1294,0.575234,0.183567
1295,0.62184,0.200096
1296,0.614881,0.119135
1297,0.589888,0.122856
1298,0.589888,0.122856
1299,0.589888,0.122856
1300,0.576574,0.165206
1301,0.628672,0.136614
1302,0.621827,0.196257
1303,0.600316,0.128287
1304,0.547084,0.17053
1305,0.574307,0.209007
1306,0.544368,0.196917
1307,0.557925,0.259497
1308,0.494487,0.281222
1309,0.550717,0.283007
1310,0.586089,0.295814
1311,0.66577,0.312569
1312,0.643147,0.341172
1313,0.643147,0.341172
1314,0.580821,0.350263
1315,0.580821,0.350263
1316,0.679439,0.402527
1317,0.61302,0.342081
1318,0.5922,0.44235
1319,0.636683,0.425506
1320,0.659748,0.417988
1321,0.623235,0.361137
1322,0.613732,0.447339
1323,0.613732,0.447339
1324,0.570902,0.37505
1325,0.570902,0.37505
1326,0.574161,0.388742
1327,0.622371,0.340074
1328,0.673499,0.322462
1329,0.673499,0.322462
1330,0.673499,0.322462
1331,0.636755,0.312308
1332,0.648173,0.34482
1333,0.599964,0.337011
1334,0.59796,0.350256
1335,0.571062,0.3759
1336,0.604953,0.363183
1337,0.604953,0.363183
1338,0.604953,0.363183
1339,0.616386,0.392489
1340,0.63747,0.310242
1341,0.665441,0.325701
1342,0.679409,0.294532
1343,0.679409,0.294532
1344,0.663281,0.304158
1345,0.665839,0.294324
1346,0.605576,0.259771
1347,0.587477,0.225197
1348,0.551244,0.171614
1349,0.516034,0.147088
1350,0.516034,0.147088
1351,0.494646,0.104187
1352,0.49731,0.0880262
1353,0.495309,0.126325
1354,0.495309,0.126325
1355,0.495309,0.126325
1356,0.507075,0.0749711
1357,0.507075,0.0749711
1358,0.456694,0.0352243
1359,0.458741,0.0169413
1360,0.479621,0.0762447
1361,0.558663,0.0669047
1362,0.470089,0.11701
1363,0.475045,0.13063
1364,0.472963,0.150358
1365,0.478469,0.0720596
1366,0.504823,0.0645462
1367,0.504823,0.0645462
1368,0.504823,0.0645462
1369,0.504823,0.0645462
1370,0.568843,0.0139353
1371,0.518413,0.0871179
1372,0.525967,0.112042
1373,0.529032,0.0744655
1374,0.476997,0.126102
1375,0.476997,0.126102
1376,0.476997,0.126102
1377,0.460159,0.183249
1378,0.460159,0.183249
1379,0.478123,0.238141
1380,0.506522,0.193466
1381,0.511856,0.231226
1382,0.511856,0.231226
1383,0.549393,0.273425
1384,0.480902,0.249594
1385,0.480902,0.249594
1386,0.559193,0.193722
1387,0.559193,0.193722
1388,0.511612,0.2731
1389,0.511612,0.2731
1390,0.522389,0.212645
1391,0.516021,0.201603
1392,0.516021,0.201603
1393,0.533025,0.236865
1394,0.550261,0.247351
1395,0.540273,0.214773
1396,0.540273,0.214773
1397,0.524671,0.220505
1398,0.494551,0.28051
1399,0.494551,0.28051
1400,0.494551,0.28051
1401,0.518966,0.199766
1402,0.472705,0.194067
1403,0.471117,0.171442
1404,0.508747,0.134418
1405,0.519273,0.181042
1406,0.44252,0.259525
1407,0.49463,0.261733
1408,0.550894,0.239417
1409,0.568443,0.173039
1410,0.568443,0.173039
1411,0.568443,0.173039
1412,0.578163,0.127112
1413,0.569597,0.133822
1414,0.552373,0.130723
1415,0.599499,0.181546
1416,0.599499,0.181546
1417,0.582779,0.181454
1418,0.614662,0.157036
1419,0.66784,0.209798
1420,0.576946,0.159056
1421,0.576946,0.159056
1422,0.564252,0.141075
1423,0.564252,0.141075
1424,0.549435,0.109071
1425,0.615099,0.0829243
1426,0.581893,0.0296013
1427,0.599192,0.0625497
1428,0.562047,0.103629
1429,0.59707,0.100078
1430,0.5773,0.10658
1431,0.536583,0.097705
1432,0.562406,0.0841824
1433,0.585508,0.0714187
1434,0.585508,0.0714187
1435,0.575918,0.13729
1436,0.597718,0.15007
1437,0.597718,0.15007
1438,0.627925,0.20218
1439,0.627925,0.20218
1440,0.627925,0.20218
1441,0.626396,0.214252
1442,0.686754,0.270635
1443,0.67117,0.222654
1444,0.639808,0.23791
1445,0.639808,0.23791
1446,0.639808,0.23791
1447,0.587328,0.178659
1448,0.606964,0.231277
1449,0.579201,0.302059
1450,0.59201,0.273386
1451,0.552251,0.326495
1452,0.595042,0.27279
1453,0.578279,0.222853
1454,0.617704,0.150348
1455,0.594974,0.109509
1456,0.588875,0.0837175
1457,0.604538,0.0973007
1458,0.600059,0.136038
1459,0.600059,0.136038
1460,0.600059,0.136038
1461,0.600059,0.136038
1462,0.603616,0.147694
1463,0.603616,0.147694
1464,0.60834,0.163236
1465,0.565987,0.128917
1466,0.602377,0.169755
1467,0.602377,0.169755
1468,0.602377,0.169755
1469,0.594136,0.198508
1470,0.544114,0.208434
1471,0.553538,0.215242
1472,0.541093,0.190839
1473,0.541093,0.190839
1474,0.566485,0.176598
1475,0.515946,0.135556
1476,0.487733,0.145668
1477,0.517023,0.117841
1478,0.469962,0.00459485
1479,0.430519,0.0316345
1480,0.430519,0.0316345
1481,0.432596,0.0817625
1482,0.41292,0.0253735
1483,0.41292,0.0253735
1484,0.40863,0.0364086
1485,0.404197,0.0899494
1486,0.40926,0.109353
1487,0.387947,0.1529
1488,0.40672,0.165973
1489,0.43905,0.158159
1490,0.43905,0.158159
1491,0.43905,0.158159
1492,0.433026,0.18767
1493,0.433026,0.18767
1494,0.409454,0.148153
1495,0.409454,0.148153
1496,0.442439,0.184917
1497,0.466318,0.154418
1498,0.480748,0.13067
1499,0.480748,0.13067
1500,0.455736,0.0890538
1501,0.455736,0.0890538
1502,0.455736,0.0890538
1503,0.476893,0.150853
1504,0.476893,0.150853
1505,0.524891,0.189054
1506,0.524891,0.189054
1507,0.56713,0.180009
1508,0.56713,0.180009
1509,0.470845,0.236927
1510,0.470845,0.236927
1511,0.49371,0.261461
1512,0.509683,0.262383
1513,0.48015,0.271147
1514,0.48015,0.271147
1515,0.423695,0.276523
1516,0.530388,0.243294
1517,0.530388,0.243294
1518,0.530388,0.243294
1519,0.569541,0.271736
1520,0.500802,0.213548
1521,0.475754,0.245985
1522,0.487013,0.27299
1523,0.487013,0.27299
1524,0.487013,0.27299
1525,0.53047,0.267496
1526,0.578477,0.246372
1527,0.577898,0.245662
1528,0.591362,0.176486
1529,0.591362,0.176486
1530,0.591362,0.176486
1531,0.591362,0.176486
1532,0.588527,0.207659
1533,0.658087,0.176466
1534,0.594085,0.285814
1535,0.594085,0.285814
1536,0.594085,0.285814
1537,0.595811,0.308468
1538,0.595811,0.308468
1539,0.620714,0.252334
1540,0.66716,0.292528
1541,0.66716,0.292528
1542,0.619006,0.342561
1543,0.619006,0.342561
1544,0.586087,0.291934
1545,0.586087,0.291934
1546,0.586087,0.291934
1547,0.586087,0.291934
1548,0.524787,0.327207
1549,0.517522,0.343835
1550,0.499236,0.372433
1551,0.537874,0.351062
1552,0.529849,0.325044
1553,0.480249,0.323142
1554,0.498584,0.32728
1555,0.507052,0.325497
1556,0.510654,0.429535
1557,0.461507,0.42844
1558,0.362551,0.404809
1559,0.365661,0.35947
1560,0.389864,0.334494
1561,0.389864,0.334494
1562,0.460517,0.32482
1563,0.373502,0.263017
1564,0.373502,0.263017
1565,0.373502,0.263017
1566,0.373502,0.263017
1567,0.373502,0.263017
1568,0.446535,0.333537
1569,0.533866,0.310896
1570,0.496973,0.233487
1571,0.476669,0.306055
1572,0.476669,0.306055
1573,0.477887,0.286302
1574,0.396287,0.262501
1575,0.374371,0.265665
1576,0.39489,0.30201
1577,0.362915,0.357496
1578,0.314156,0.341588
1579,0.314156,0.341588
1580,0.314156,0.341588
1581,0.355361,0.317482
1582,0.429621,0.335186
1583,0.396898,0.348257
1584,0.396489,0.329075
1585,0.365857,0.446788
1586,0.312437,0.410072
1587,0.334811,0.392214
1588,0.334811,0.392214
1589,0.334811,0.392214
1590,0.334811,0.392214
1591,0.29238,0.345097
1592,0.320582,0.315606
1593,0.266795,0.344123
1594,0.319326,0.400131
1595,0.333522,0.524341
1596,0.285201,0.54497
1597,0.285201,0.54497
1598,0.254072,0.532313
1599,0.329065,0.590011
1600,0.313286,0.472297
1601,0.222317,0.50073
1602,0.239691,0.486937
1603,0.239691,0.486937
1604,0.238372,0.52955
1605,0.238372,0.52955
1606,0.194682,0.516456
1607,0.227061,0.525172
1608,0.227061,0.525172
1609,0.246305,0.505011
1610,0.260206,0.560132
1611,0.321083,0.538151
1612,0.30786,0.538538
1613,0.254882,0.515378
1614,0.263703,0.540226
1615,0.264342,0.505851
1616,0.280505,0.505194
1617,0.34407,0.463558
1618,0.297293,0.443809
1619,0.287194,0.456416
1620,0.274001,0.489841
1621,0.275029,0.385243
1622,0.275029,0.385243
1623,0.275029,0.385243
1624,0.289962,0.347052
1625,0.344252,0.379456
1626,0.391388,0.437696
1627,0.391388,0.437696
1628,0.349147,0.360074
1629,0.381217,0.410403
1630,0.381217,0.410403
1631,0.381217,0.410403
1632,0.344247,0.443042
1633,0.320368,0.40566
1634,0.299444,0.502201
1635,0.239763,0.471792
1636,0.239763,0.471792
1637,0.261732,0.475754
1638,0.256793,0.440994
1639,0.217066,0.435813
1640,0.217066,0.435813
1641,0.312087,0.407013
1642,0.288027,0.449963
1643,0.246979,0.485252
1644,0.227026,0.471791
1645,0.287876,0.431366
1646,0.268173,0.470825
1647,0.268173,0.470825
1648,0.268173,0.470825
1649,0.316317,0.467382
1650,0.242766,0.435516
1651,0.251363,0.429666
1652,0.244964,0.412969
1653,0.244964,0.412969
1654,0.32565,0.419477
1655,0.32144,0.401284
1656,0.32144,0.401284
1657,0.239732,0.418985
1658,0.187855,0.46458
1659,0.230924,0.504201
1660,0.197576,0.477696
1661,0.155859,0.451644
1662,0.187299,0.463215
1663,0.22343,0.431144
1664,0.30287,0.458102
1665,0.30287,0.458102
1666,0.306015,0.473739
1667,0.280218,0.385235
1668,0.280218,0.385235
1669,0.317289,0.407083
1670,0.252607,0.429164
1671,0.252607,0.429164
1672,0.252607,0.429164
1673,0.30692,0.414021
1674,0.30692,0.414021
1675,0.280841,0.431176
1676,0.280841,0.431176
1677,0.280841,0.431176
1678,0.30325,0.487073
1679,0.320838,0.40805
1680,0.32376,0.419118
1681,0.32376,0.419118
1682,0.305967,0.435656
1683,0.305967,0.435656
1684,0.288093,0.43373
1685,0.288093,0.43373
1686,0.281586,0.482881
1687,0.264463,0.398433
1688,0.264463,0.398433
1689,0.352394,0.42575
1690,0.390732,0.454251
1691,0.391498,0.426256
1692,0.391498,0.426256
1693,0.391498,0.426256
1694,0.371097,0.413011
1695,0.371097,0.413011
1696,0.407541,0.480306
1697,0.339395,0.491467
1698,0.339395,0.491467
1699,0.37726,0.517618
1700,0.37726,0.517618
1701,0.399103,0.553718
1702,0.399103,0.553718
1703,0.399103,0.553718
1704,0.386578,0.528071
1705,0.373756,0.556081
1706,0.321142,0.506328
1707,0.310258,0.507914
1708,0.26621,0.564921
1709,0.284728,0.512125
1710,0.283858,0.497341
1711,0.243025,0.541692
1712,0.19489,0.507165
1713,0.235021,0.420693
1714,0.243366,0.462019
1715,0.243366,0.462019
1716,0.301893,0.544144
1717,0.301893,0.544144
1718,0.254203,0.508241
1719,0.29436,0.565247
1720,0.29436,0.565247
1721,0.30932,0.582945
1722,0.288632,0.605483
1723,0.307966,0.596584
1724,0.280814,0.543275
1725,0.361372,0.602468
1726,0.361372,0.602468
1727,0.377007,0.613872
1728,0.404727,0.612282
1729,0.40702,0.563942
1730,0.416577,0.553347
1731,0.416577,0.553347
1732,0.416577,0.553347
1733,0.431882,0.505166
1734,0.420038,0.415489
1735,0.430705,0.41163
1736,0.47156,0.315366
1737,0.493978,0.312169
1738,0.493978,0.312169
1739,0.559606,0.366404
1740,0.584317,0.461522
1741,0.584317,0.461522
1742,0.584317,0.461522
1743,0.542545,0.455865
1744,0.448592,0.530059
1745,0.365756,0.530677
1746,0.476736,0.525815
1747,0.496754,0.51877
1748,0.479122,0.503979
1749,0.479122,0.503979
1750,0.443416,0.545965
1751,0.359054,0.550286
1752,0.360763,0.521978
1753,0.360763,0.521978
1754,0.389535,0.53732
1755,0.318637,0.509213
1756,0.393904,0.567323
1757,0.359123,0.455966
1758,0.398551,0.430134
1759,0.452311,0.397218
1760,0.391566,0.372397
1761,0.391566,0.372397
1762,0.409407,0.397349
1763,0.449961,0.436528
1764,0.423918,0.476023
1765,0.47828,0.437216
1766,0.405647,0.404653
1767,0.377282,0.409833
1768,0.381885,0.467731
1769,0.381885,0.467731
1770,0.433226,0.409189
1771,0.433226,0.409189
1772,0.473992,0.356798
1773,0.473992,0.356798
1774,0.509335,0.33122
1775,0.492423,0.272121
1776,0.492423,0.272121
1777,0.492423,0.272121
1778,0.492423,0.272121
1779,0.528959,0.245096
1780,0.550073,0.20605
1781,0.550073,0.20605
1782,0.575027,0.183189
1783,0.617361,0.205194
1784,0.58306,0.163943
1785,0.555815,0.261785
1786,0.555815,0.261785
1787,0.555815,0.261785
1788,0.589143,0.160257
1789,0.646884,0.180925
1790,0.646884,0.180925
1791,0.646884,0.180925
1792,0.646884,0.180925
1793,0.650939,0.157396
1794,0.618474,0.141481
1795,0.513186,0.116659
1796,0.513186,0.116659
1797,0.556913,0.106193
1798,0.556913,0.106193
1799,0.664541,0.0718126
1800,0.658176,0.143641
1801,0.658176,0.143641
1802,0.672928,0.184119
1803,0.68272,0.202729
1804,0.636441,0.088755
1805,0.650127,0.104214
1806,0.666909,0.00659508
1807,0.674896,0.0380527
1808,0.663432,0.0268345
1809,0.623568,0.0817438
1810,0.612094,0.102151
1811,0.612094,0.102151
1812,0.581069,0.105855
1813,0.523254,0.0491562
1814,0.516345,0.119617
1815,0.593648,0.0760143
1816,0.615521,0.0661343
1817,0.612953,0.149515
1818,0.609136,0.178979
1819,0.509373,0.182381
1820,0.438409,0.166355
1821,0.364726,0.109328
1822,0.36354,0.156988
1823,0.36354,0.156988
1824,0.353393,0.225527
1825,0.345254,0.141642
1826,0.406226,0.181723
1827,0.406226,0.181723
1828,0.404306,0.178819
1829,0.411085,0.219528
1830,0.461802,0.149856
1831,0.461802,0.149856
1832,0.533743,0.127226
1833,0.524645,0.0776008
1834,0.589206,0.0694301
1835,0.554342,0.0550712
1836,0.564051,0.101437
1837,0.547663,0.143107
1838,0.579514,0.191141
1839,0.579514,0.191141
1840,0.506704,0.23298
1841,0.563781,0.197118
1842,0.546127,0.109871
1843,0.474866,0.0486428
1844,0.550049,0.0787765
1845,0.542328,0.092636
1846,0.542328,0.092636
1847,0.531648,0.108164
1848,0.531648,0.108164
1849,0.531648,0.108164
1850,0.473648,0.146597
1851,0.468687,0.152313
1852,0.468687,0.152313
1853,0.468687,0.152313
1854,0.48891,0.177648
1855,0.479782,0.175215
1856,0.517742,0.157244
1857,0.49363,0.172545
1858,0.574873,0.181252
1859,0.515242,0.099158
1860,0.515242,0.099158
1861,0.468023,0.129329
1862,0.467657,0.101489
1863,0.438922,0.0763277
1864,0.461777,0.10813
1865,0.506835,0.182851
1866,0.509054,0.167997
1867,0.451142,0.158849
1868,0.452788,0.124529
1869,0.418348,0.102928
1870,0.411733,0.128432
1871,0.33897,0.136743
1872,0.356286,0.12159
1873,0.356286,0.12159
1874,0.356286,0.12159
1875,0.378029,0.17025
1876,0.430024,0.177948
1877,0.345489,0.20993
1878,0.356012,0.222654
1879,0.269596,0.283108
1880,0.269596,0.283108
1881,0.269596,0.283108
1882,0.364388,0.232022
1883,0.422984,0.24778
1884,0.358714,0.295061
1885,0.358714,0.295061
1886,0.358714,0.295061
1887,0.371411,0.265915
1888,0.39542,0.319331
1889,0.462555,0.314587
1890,0.42777,0.384749
1891,0.473689,0.310362
1892,0.494138,0.296745
1893,0.514573,0.254681
1894,0.523926,0.19372
1895,0.526403,0.213246
1896,0.443821,0.260351
1897,0.443821,0.260351
1898,0.464411,0.204017
1899,0.477473,0.15337
1900,0.445688,0.0722018
1901,0.470179,0.0831356
1902,0.466184,0.0341377
1903,0.466184,0.0341377
1904,0.473013,0.122872
1905,0.473013,0.122872
1906,0.454691,0.0848643
1907,0.454691,0.0848643
1908,0.5155,0.0557857
1909,0.454075,0.0105483
1910,0.509509,0.060454
1911,0.527,0.0841535
1912,0.569602,0.0204333
1913,0.547119,0.0369352
1914,0.54344,0.0720326
1915,0.550128,0.0822142
1916,0.550128,0.0822142
1917,0.522562,0.043779
1918,0.533833,0.0684334
1919,0.430696,0.0777279
1920,0.430696,0.0777279
1921,0.430696,0.0777279
1922,0.437487,0.126461
1923,0.437487,0.126461
1924,0.441171,0.0692987
1925,0.477542,0.116327
1926,0.453107,0.204518
1927,0.460821,0.233586
1928,0.460821,0.233586
1929,0.484272,0.342077
1930,0.398137,0.32442
1931,0.398137,0.32442
1932,0.426318,0.351751
1933,0.426318,0.351751
1934,0.393461,0.358229
1935,0.393461,0.358229
1936,0.451075,0.387723
1937,0.457961,0.280719
1938,0.387609,0.310888
1939,0.387609,0.310888
1940,0.452836,0.280275
1941,0.458351,0.32261
1942,0.436239,0.382237
1943,0.436239,0.382237
1944,0.560977,0.386079
1945,0.560977,0.386079
1946,0.560977,0.386079
1947,0.560977,0.386079
1948,0.453621,0.328012
1949,0.450205,0.41089
1950,0.418033,0.36027
1951,0.367482,0.359029
1952,0.330123,0.428987
1953,0.378222,0.408387
1954,0.46389,0.419189
1955,0.475892,0.409837
1956,0.404568,0.396576
1957,0.435316,0.36887
1958,0.483729,0.289382
1959,0.438879,0.322325
1960,0.514776,0.311031
1961,0.514776,0.311031
1962,0.443891,0.286968
1963,0.458311,0.345886
1964,0.4801,0.328028
1965,0.4801,0.328028
1966,0.454471,0.276275
1967,0.441074,0.275956
1968,0.434415,0.270089
1969,0.42769,0.291595
1970,0.404353,0.185019
1971,0.404353,0.185019
1972,0.379494,0.198237
1973,0.379494,0.198237
1974,0.471379,0.179013
1975,0.427924,0.147507
1976,0.41756,0.197246
1977,0.360621,0.124415
1978,0.352804,0.136385
1979,0.366919,0.0338204
1980,0.33075,0.0571788
1981,0.379897,0.0553924
1982,0.376928,0.0373942
1983,0.317104,0.155423
1984,0.344343,0.189565
1985,0.316594,0.215552
1986,0.339928,0.223988
1987,0.290371,0.20968
1988,0.290371,0.20968
1989,0.290371,0.20968
1990,0.276422,0.246551
1991,0.269404,0.142313
1992,0.261252,0.139658
1993,0.238797,0.0751952
1994,0.274271,0.0677335
1995,0.274271,0.0677335
1996,0.389969,0.0528066
1997,0.331153,0.121832
1998,0.344719,0.139115
1999,0.344719,0.139115
2000,0.389305,0.143446
2001,0.347884,0.247219
2002,0.353267,0.226386
2003,0.353267,0.226386
2004,0.327086,0.193218
2005,0.327086,0.193218
2006,0.342542,0.202775
2007,0.342542,0.202775
2008,0.373663,0.218676
2009,0.315275,0.159109
2010,0.244065,0.227925
2011,0.24315,0.216467
2012,0.273991,0.22611
2013,0.293928,0.181877
2014,0.338632,0.164892
2015,0.297935,0.137983
2016,0.327187,0.192278
2017,0.327187,0.192278
2018,0.291547,0.173425
2019,0.274749,0.198866
2020,0.290954,0.2053
2021,0.290954,0.2053
2022,0.352423,0.18783
2023,0.352423,0.18783
2024,0.280981,0.241935
2025,0.153922,0.247533
2026,0.162246,0.273883
2027,0.119854,0.300945
2028,0.0371625,0.245553
2029,0.0963686,0.222411
2030,0.0963686,0.222411
2031,0.149363,0.208884
2032,0.137791,0.290865
2033,0.108552,0.279026
2034,0.108552,0.279026
2035,0.122425,0.255694
2036,0.18219,0.264499
2037,0.133895,0.289836
2038,0.0692285,0.284072
2039,0.0428317,0.304588
2040,0.0860883,0.303878
2041,0.0860883,0.303878
2042,0.120586,0.342583
2043,0.149734,0.272277
2044,0.217553,0.263724
2045,0.217553,0.263724
2046,0.241338,0.245565
2047,0.282755,0.280368
2048,0.282755,0.280368
2049,0.292902,0.230524
2050,0.26889,0.228363
2051,0.232898,0.238221
2052,0.232898,0.238221
2053,0.249124,0.234613
2054,0.249124,0.234613
2055,0.249124,0.234613
2056,0.229899,0.213068
2057,0.229899,0.213068
2058,0.229899,0.213068
2059,0.239095,0.216623
2060,0.232247,0.220317
2061,0.232247,0.220317
2062,0.148289,0.205456
2063,0.182978,0.142931
2064,0.202232,0.222789
2065,0.252085,0.184701
2066,0.273943,0.169646
2067,0.201939,0.212286
2068,0.201939,0.212286
2069,0.204017,0.237832
2070,0.206628,0.210549
2071,0.129784,0.193795
2072,0.0850307,0.231721
2073,0.137604,0.260406
2074,0.124147,0.231285
2075,0.107384,0.259227
2076,0.107384,0.259227
2077,0.107384,0.259227
2078,0.107384,0.259227
2079,0.150124,0.316661
2080,0.180303,0.306979
2081,0.180303,0.306979
2082,0.180303,0.306979
2083,0.180303,0.306979
2084,0.180303,0.306979
2085,0.227552,0.36402
2086,0.202871,0.389667
2087,0.202871,0.389667
2088,0.202871,0.389667
2089,0.161967,0.378349
2090,0.161967,0.378349
2091,0.161967,0.378349
2092,0.161967,0.378349
2093,0.108254,0.354937
2094,0.108254,0.354937
2095,0.136798,0.285286
2096,0.0411389,0.333183
2097,0.0411389,0.333183
2098,0.0411389,0.333183
2099,0.0451936,0.308893
2100,0.0401133,0.375797
2101,0.0774767,0.395645
2102,0.1206,0.414374
2103,0.1206,0.414374
2104,0.0983133,0.436589
2105,0.0952246,0.467043
2106,0.0743788,0.476237
2107,0.052821,0.45901
2108,0.0684584,0.416282
2109,0.144648,0.417816
2110,0.0926803,0.456918
2111,0.0926803,0.456918
2112,0.0498743,0.429198
2113,0.0439247,0.409473
2114,0.0909962,0.338661
2115,0.0909962,0.338661
2116,0.0886496,0.3927
2117,0.0717125,0.390516
2118,0.0761436,0.418019
2119,0.05581,0.4261
2120,0.113232,0.438316
2121,0.0610242,0.433123
2122,0.0556947,0.399936
2123,0.0366641,0.392504
2124,0.110079,0.401353
2125,0.0708942,0.387714
2126,0.0885674,0.4929
2127,0.0394907,0.45192
2128,0.0485243,0.410132
2129,0.0485243,0.410132
2130,0.0304424,0.394971
2131,0.0390331,0.375015
2132,0.0101169,0.447426
2133,0.0101169,0.447426
2134,0.0544574,0.371014
2135,0.0544574,0.371014
2136,0.110405,0.392871
2137,0.0910242,0.354644
2138,0.128868,0.395032
2139,0.0462287,0.389032
2140,0.14042,0.409436
2141,0.14042,0.409436
2142,0.194494,0.414724
2143,0.194494,0.414724
2144,0.0788169,0.356107
2145,0.0425313,0.447077
2146,0.0498389,0.427659
2147,0.0498389,0.427659
2148,0.0498389,0.427659
2149,0.0906119,0.425715
2150,0.0596832,0.431412
2151,0.0569452,0.403837
2152,0.0569452,0.403837
2153,0.0573107,0.412102
2154,0.0943702,0.446985
2155,0.100625,0.450533
2156,0.0955266,0.440934
2157,0.0797547,0.44014
2158,0.0797547,0.44014
2159,0.135907,0.381278
2160,0.135907,0.381278
2161,0.122689,0.402869
2162,0.163803,0.418176
2163,0.163803,0.418176
2164,0.104104,0.423688
2165,0.117293,0.377264
2166,0.0696163,0.390417
2167,0.0635441,0.347954
2168,0.0635441,0.347954
2169,0.0645272,0.387149
2170,0.0572916,0.359126
2171,0.0404632,0.379487
2172,0.044731,0.413793
2173,0.044731,0.413793
2174,0.0621879,0.42468
2175,0.0592483,0.43058
2176,0.0592483,0.43058
2177,0.0459066,0.469877
2178,0.0602812,0.480414
2179,0.082254,0.501122
2180,0.082254,0.501122
2181,0.0982768,0.535156
2182,0.0982768,0.535156
2183,0.0497254,0.501552
2184,0.117627,0.458197
2185,0.117627,0.458197
2186,0.117627,0.458197
2187,0.0904036,0.497531
2188,0.160101,0.448437
2189,0.160101,0.448437
2190,0.131397,0.462157
2191,0.131397,0.462157
2192,0.136157,0.501922
2193,0.141177,0.552075
2194,0.153295,0.582774
2195,0.167261,0.533974
2196,0.144482,0.550651
2197,0.240772,0.511462
2198,0.243566,0.550111
2199,0.289098,0.533214
2200,0.289098,0.533214
2201,0.226674,0.525953
2202,0.225617,0.538945
2203,0.209111,0.541566
2204,0.213146,0.52676
2205,0.258451,0.509959
2206,0.2786,0.524151
2207,0.323363,0.4981
2208,0.323363,0.4981
2209,0.247763,0.539282
2210,0.218212,0.525529
2211,0.23073,0.501574
2212,0.23073,0.501574
2213,0.263934,0.455444
2214,0.254032,0.470773
2215,0.207591,0.497718
2216,0.178116,0.466506
2217,0.216386,0.488758
2218,0.216386,0.488758
2219,0.13192,0.500993
2220,0.121926,0.522255
2221,0.121926,0.522255
2222,0.162739,0.552195
2223,0.148809,0.5455
2224,0.148809,0.5455
2225,0.0107723,0.558672
2226,0.0107723,0.558672
2227,0.0718885,0.533117
2228,0.0718885,0.533117
2229,0.0877734,0.48896
2230,0.0877734,0.48896
2231,0.0877734,0.48896
2232,0.0877734,0.48896
2233,0.104796,0.425165
2234,0.104796,0.425165
2235,0.141838,0.407135
2236,0.138541,0.373085
2237,0.138541,0.373085
2238,0.138541,0.373085
2239,0.116251,0.363288
2240,0.123177,0.460255
2241,0.132033,0.518719
2242,0.132033,0.518719
2243,0.132033,0.518719
2244,0.14863,0.560144
2245,0.15087,0.517437
2246,0.125812,0.541782
2247,0.1538,0.498929
2248,0.125133,0.549776
2249,0.117955,0.505447
2250,0.12627,0.564931
2251,0.127053,0.5797
2252,0.127053,0.5797
2253,0.127053,0.5797
2254,0.169767,0.578134
2255,0.169767,0.578134
2256,0.169767,0.578134
2257,0.110576,0.577262
2258,0.0810667,0.596471
2259,0.0810667,0.596471
2260,0.187855,0.498198
2261,0.208113,0.56549
2262,0.274906,0.527947
2263,0.265608,0.491348
2264,0.324858,0.441122
2265,0.288353,0.44408
2266,0.317408,0.471278
2267,0.324821,0.524493
2268,0.218615,0.553565
2269,0.280745,0.537725
2270,0.272851,0.517556
2271,0.280074,0.599706
2272,0.234139,0.574277
2273,0.234139,0.574277
2274,0.276589,0.594545
2275,0.294965,0.560183
2276,0.294965,0.560183
2277,0.294965,0.560183
2278,0.265608,0.566527
2279,0.272775,0.572942
2280,0.317943,0.577347
2281,0.443695,0.480051
2282,0.443695,0.480051
2283,0.356881,0.516094
2284,0.356881,0.516094
2285,0.355999,0.57343
2286,0.355999,0.57343
2287,0.318161,0.507393
2288,0.318161,0.507393
2289,0.300551,0.5208
2290,0.300551,0.5208
2291,0.350511,0.528253
2292,0.337646,0.5293
2293,0.31731,0.526066
2294,0.30543,0.506447
2295,0.327416,0.595601
2296,0.413449,0.529866
2297,0.377083,0.494489
2298,0.382716,0.465877
2299,0.343205,0.478576
2300,0.303705,0.387922
2301,0.318652,0.43229
2302,0.327898,0.416006
2303,0.30935,0.475914
2304,0.36998,0.466518
2305,0.392248,0.441749
2306,0.381912,0.378953
2307,0.381912,0.378953
2308,0.387463,0.44778
2309,0.371456,0.445887
2310,0.340685,0.444195
2311,0.34927,0.412859
2312,0.34927,0.412859
2313,0.389049,0.480429
2314,0.439515,0.497389
2315,0.440124,0.494619
2316,0.46507,0.427947
2317,0.46507,0.427947
2318,0.531966,0.494857
2319,0.532118,0.442316
2320,0.532118,0.442316
2321,0.542736,0.420283
2322,0.580941,0.44633
2323,0.580941,0.44633
2324,0.572813,0.429304
2325,0.609429,0.35464
2326,0.571089,0.360698
2327,0.556972,0.386601
2328,0.578583,0.325246
2329,0.585395,0.363531
2330,0.585597,0.400452
2331,0.533528,0.451938
2332,0.526591,0.464656
2333,0.521256,0.453602
2334,0.495137,0.466135
2335,0.550703,0.519404
2336,0.570742,0.543353
2337,0.570742,0.543353
2338,0.562532,0.574458
2339,0.562532,0.574458
2340,0.562532,0.574458
2341,0.568575,0.56217
2342,0.524472,0.472293
2343,0.576607,0.484759
2344,0.469281,0.449657
2345,0.450593,0.44272
2346,0.489768,0.448388
2347,0.46863,0.358361
2348,0.388665,0.413624
2349,0.388665,0.413624
2350,0.31939,0.40816
2351,0.26893,0.370222
2352,0.26893,0.370222
2353,0.185362,0.410793
2354,0.185362,0.410793
2355,0.185362,0.410793
2356,0.23564,0.378479
2357,0.274394,0.452286
2358,0.198312,0.423085
2359,0.198312,0.423085
2360,0.22451,0.33911
2361,0.22451,0.33911
2362,0.16642,0.359346
2363,0.16453,0.355775
2364,0.16453,0.355775
2365,0.0946751,0.3776
2366,0.133742,0.336031
2367,0.0437225,0.391061
2368,0.0583772,0.49096
2369,0.0686734,0.494306
2370,0.0686734,0.494306
2371,0.0863645,0.465109
2372,0.121031,0.441894
2373,0.191893,0.458872
2374,0.191893,0.458872
2375,0.144457,0.438486
2376,0.130981,0.540336
2377,0.182803,0.55388
2378,0.182803,0.55388
2379,0.185392,0.52929
2380,0.195463,0.504142
2381,0.195463,0.504142
2382,0.163718,0.512582
2383,0.163718,0.512582
2384,0.163718,0.512582
2385,0.162077,0.511178
2386,0.174379,0.578534
2387,0.174379,0.578534
2388,0.174379,0.578534
2389,0.0977874,0.561348
2390,0.062819,0.575849
2391,0.062819,0.575849
2392,0.0542067,0.460942
2393,0.0401944,0.520334
2394,0.0744489,0.607798
2395,0.0744489,0.607798
2396,0.11039,0.533675
2397,0.121294,0.585907
2398,0.157661,0.538782
2399,0.157661,0.538782
2400,0.157661,0.538782
2401,0.166959,0.546564
2402,0.166959,0.546564
2403,0.136718,0.534524
2404,0.129007,0.578348
2405,0.129007,0.578348
2406,0.129007,0.578348
2407,0.192665,0.572598
2408,0.167725,0.591437
2409,0.195989,0.578721
2410,0.195989,0.578721
2411,0.194832,0.491676
2412,0.194832,0.491676
2413,0.194832,0.491676
2414,0.131212,0.508921
2415,0.110984,0.582006
2416,0.110984,0.582006
2417,0.0650804,0.524182
2418,0.130249,0.479753
2419,0.130249,0.479753
2420,0.116363,0.481129
2421,0.130543,0.490651
2422,0.100498,0.572422
2423,0.100498,0.572422
2424,0.154153,0.608481
2425,0.0894198,0.581315
2426,0.103595,0.589422
2427,0.164318,0.597112
2428,0.185439,0.589413
2429,0.14517,0.555517
2430,0.14517,0.555517
2431,0.14517,0.555517
2432,0.0901876,0.503663
2433,0.0901876,0.503663
2434,0.105078,0.535339
2435,0.105078,0.535339
2436,0.105078,0.535339
2437,0.0743881,0.558171
2438,0.0980918,0.577623
2439,0.0904284,0.648432
2440,0.0841851,0.65304
2441,0.131828,0.605583
2442,0.0611866,0.576862
2443,0.0890573,0.555671
2444,0.0466682,0.580721
2445,0.101795,0.596083
2446,0.116519,0.555922
2447,0.116519,0.555922
2448,0.110936,0.583416
2449,0.173169,0.510813
2450,0.173169,0.510813
2451,0.173169,0.510813
2452,0.199281,0.582781
2453,0.257659,0.521287
2454,0.257659,0.521287
2455,0.201645,0.556913
2456,0.201645,0.556913
2457,0.200446,0.551382
2458,0.219266,0.498942
2459,0.178974,0.492195
2460,0.178974,0.492195
2461,0.178974,0.492195
2462,0.150678,0.492259
2463,0.179076,0.487148
2464,0.113866,0.476907
2465,0.197576,0.36217
2466,0.188865,0.39043
2467,0.188865,0.39043
2468,0.179441,0.457911
2469,0.1126,0.474851
2470,0.1126,0.474851
2471,0.184092,0.454835
2472,0.14474,0.459867
2473,0.195691,0.484448
2474,0.195691,0.484448
2475,0.195691,0.484448
2476,0.195691,0.484448
2477,0.24503,0.467899
2478,0.28493,0.515886
2479,0.266732,0.468204
2480,0.283657,0.465419
2481,0.283657,0.465419
2482,0.322878,0.437399
2483,0.322878,0.437399
2484,0.301352,0.408224
2485,0.33582,0.398298
2486,0.38494,0.396626
2487,0.327699,0.322132
2488,0.327699,0.322132
2489,0.346781,0.24667
2490,0.411645,0.225267
2491,0.411645,0.225267
2492,0.411645,0.225267
2493,0.411645,0.225267
2494,0.475538,0.30007
2495,0.412422,0.268109
2496,0.412422,0.268109
2497,0.431455,0.185012
2498,0.431455,0.185012
2499,0.440534,0.115911
2500,0.440534,0.115911
2501,0.440534,0.115911
2502,0.440534,0.115911
2503,0.440534,0.115911
2504,0.470606,0.0541689
2505,0.469816,0.0920159
2506,0.495273,0.122044
2507,0.492764,0.196781
2508,0.434936,0.257247
2509,0.369893,0.325004
2510,0.369893,0.325004
2511,0.347235,0.245476
2512,0.426622,0.206024
2513,0.426622,0.206024
2514,0.45046,0.273976
2515,0.371812,0.272483
2516,0.35873,0.223699
2517,0.379439,0.225519
2518,0.402114,0.198271
2519,0.402114,0.198271
2520,0.366638,0.265889
2521,0.366638,0.265889
2522,0.366638,0.265889
2523,0.366638,0.265889
2524,0.418418,0.195089
2525,0.401588,0.171839
2526,0.449633,0.178655
2527,0.511494,0.124172
2528,0.511494,0.124172
2529,0.467322,0.178763
2530,0.467322,0.178763
2531,0.515727,0.211372
2532,0.554478,0.117464
2533,0.554478,0.117464
2534,0.554478,0.117464
2535,0.51477,0.0920844
2536,0.51477,0.0920844
2537,0.4625,0.117615
2538,0.4625,0.117615
2539,0.431572,0.104678
2540,0.484394,0.129882
2541,0.452795,0.156776
2542,0.452795,0.156776
2543,0.452795,0.156776
2544,0.452795,0.156776
2545,0.57021,0.197635
2546,0.502241,0.247794
2547,0.48784,0.185664
2548,0.39905,0.277861
2549,0.39905,0.277861
2550,0.39905,0.277861
2551,0.316241,0.315105
2552,0.316241,0.315105
2553,0.378208,0.38122
2554,0.426722,0.39621
2555,0.426722,0.39621
2556,0.447054,0.39143
2557,0.447054,0.39143
2558,0.393287,0.41102
2559,0.377631,0.430001
2560,0.377631,0.430001
2561,0.370453,0.402079
2562,0.370453,0.402079
2563,0.372428,0.445386
2564,0.403775,0.464743
2565,0.395776,0.417635
2566,0.330661,0.443589
2567,0.330661,0.443589
2568,0.347636,0.372633
2569,0.349085,0.417485
2570,0.311345,0.407639
2571,0.317095,0.34504
2572,0.30444,0.407691
2573,0.256645,0.399457
2574,0.19661,0.519395
2575,0.254959,0.528769
2576,0.229362,0.443946
2577,0.27834,0.530029
2578,0.27834,0.530029
2579,0.238322,0.584636
2580,0.181866,0.546858
2581,0.173249,0.552065
2582,0.173737,0.54318
2583,0.181847,0.482473
2584,0.249171,0.564095
2585,0.178069,0.606957
2586,0.178069,0.606957
2587,0.0683764,0.603865
2588,0.0454963,0.566856
2589,0.174359,0.593719
2590,0.116048,0.532581
2591,0.16998,0.509023
2592,0.234921,0.435848
2593,0.290776,0.450649
2594,0.366047,0.495619
2595,0.310504,0.49818
2596,0.304434,0.573509
2597,0.304434,0.573509
2598,0.265312,0.555369
2599,0.274347,0.580744
2600,0.282353,0.598174
2601,0.272322,0.535571
2602,0.271723,0.544748
2603,0.289072,0.484262
2604,0.351461,0.504359
2605,0.351461,0.504359
2606,0.351461,0.504359
2607,0.288954,0.495134
2608,0.288954,0.495134
2609,0.332394,0.55011
2610,0.2275,0.493671
2611,0.233444,0.494134
2612,0.181854,0.50494
2613,0.157749,0.498683
2614,0.140019,0.47501
2615,0.108703,0.54673
2616,0.125848,0.611438
2617,0.215276,0.5679
2618,0.190227,0.535282
2619,0.185804,0.546902
2620,0.185804,0.546902
2621,0.132697,0.534038
2622,0.132697,0.534038
2623,0.180697,0.552629
2624,0.19477,0.517072
2625,0.213605,0.510948
2626,0.186159,0.567137
2627,0.20455,0.499713
2628,0.220264,0.516842
2629,0.220264,0.516842
2630,0.266239,0.507613
2631,0.268352,0.548419
2632,0.286209,0.538654
2633,0.298499,0.589681
2634,0.281791,0.643654
2635,0.270678,0.625682
2636,0.270678,0.625682
2637,0.22503,0.640788
2638,0.22503,0.640788
2639,0.213604,0.663922
2640,0.250064,0.688165
2641,0.250064,0.688165
2642,0.250064,0.688165
2643,0.35264,0.65763
2644,0.343782,0.620114
2645,0.347717,0.585841
2646,0.347717,0.585841
2647,0.296198,0.533819
2648,0.305322,0.519672
2649,0.305322,0.519672
2650,0.29911,0.504932
2651,0.343714,0.486259
2652,0.323807,0.509611
2653,0.323807,0.509611
2654,0.509833,0.441576
2655,0.445795,0.431069
2656,0.43078,0.396724
2657,0.429,0.394183
2658,0.429,0.394183
2659,0.459139,0.360803
2660,0.42358,0.377566
2661,0.42312,0.354158
2662,0.390329,0.290133
2663,0.386867,0.289342
2664,0.47156,0.247634
2665,0.47156,0.247634
2666,0.523435,0.308995
2667,0.523435,0.308995
2668,0.544446,0.218642
2669,0.510327,0.241254
2670,0.510327,0.241254
2671,0.481665,0.224762
2672,0.476964,0.22083
2673,0.452774,0.283133
2674,0.396075,0.261377
2675,0.495318,0.336964
2676,0.422871,0.264648
2677,0.422871,0.264648
2678,0.393884,0.260805
2679,0.393884,0.260805
2680,0.38806,0.202779
2681,0.296568,0.194544
2682,0.222497,0.187311
2683,0.212677,0.230805
2684,0.224013,0.286694
2685,0.224013,0.286694
2686,0.241055,0.203879
2687,0.235598,0.271761
2688,0.240675,0.311244
2689,0.277362,0.357799
2690,0.245673,0.400439
2691,0.317035,0.367096
2692,0.315814,0.346081
2693,0.287612,0.318307
2694,0.271205,0.380905
2695,0.271205,0.380905
2696,0.327038,0.366246
2697,0.327038,0.366246
2698,0.327038,0.366246
2699,0.327038,0.366246
2700,0.321184,0.334387
2701,0.321184,0.334387
2702,0.350472,0.304354
2703,0.321916,0.353553
2704,0.380408,0.377409
2705,0.420335,0.296879
2706,0.420335,0.296879
2707,0.420335,0.296879
2708,0.423541,0.297885
2709,0.423541,0.297885
2710,0.456002,0.176809
2711,0.452064,0.296142
2712,0.448047,0.252707
2713,0.448047,0.252707
2714,0.448047,0.252707
2715,0.448047,0.252707
2716,0.388394,0.236935
2717,0.362728,0.223751
2718,0.342344,0.2454
2719,0.432826,0.264944
2720,0.391719,0.297345
2721,0.339958,0.268524
2722,0.339958,0.268524
2723,0.299196,0.256668
2724,0.37278,0.305615
2725,0.434763,0.309917
2726,0.396049,0.32908
2727,0.456228,0.355009
2728,0.456228,0.355009
2729,0.477896,0.409361
2730,0.477896,0.409361
2731,0.477896,0.409361
2732,0.477896,0.409361
2733,0.52114,0.347224
2734,0.50005,0.345634
2735,0.488488,0.330439
2736,0.520695,0.344485
2737,0.426876,0.331409
2738,0.446799,0.320266
2739,0.446799,0.320266
2740,0.460307,0.309943
2741,0.495402,0.356669
2742,0.455477,0.319022
2743,0.535581,0.279954
2744,0.535581,0.279954
2745,0.535581,0.279954
2746,0.462419,0.236514
2747,0.517346,0.242358
2748,0.549395,0.279127
2749,0.549395,0.279127
2750,0.553212,0.283731
2751,0.553212,0.283731
2752,0.553212,0.283731
2753,0.430847,0.310767
2754,0.53183,0.303245
2755,0.50364,0.348953
2756,0.50364,0.348953
2757,0.514062,0.258425
2758,0.507388,0.250737
2759,0.507388,0.250737
2760,0.507388,0.250737
2761,0.433114,0.274764
2762,0.433114,0.274764
2763,0.435483,0.230863
2764,0.417583,0.226768
2765,0.410193,0.201232
2766,0.373586,0.20979
2767,0.373586,0.20979
2768,0.373586,0.20979
2769,0.435884,0.250085
2770,0.481732,0.23791
2771,0.481732,0.23791
2772,0.481732,0.23791
2773,0.478736,0.267692
2774,0.469368,0.280962
2775,0.446349,0.278446
2776,0.391121,0.391675
2777,0.391121,0.391675
2778,0.391121,0.391675
2779,0.402838,0.3273
2780,0.402838,0.3273
2781,0.402838,0.3273
2782,0.373137,0.302176
2783,0.42169,0.264343
2784,0.402218,0.212719
2785,0.402218,0.212719
2786,0.399018,0.199452
2787,0.399018,0.199452
2788,0.362533,0.171057
2789,0.397131,0.165338
2790,0.397131,0.165338
2791,0.397131,0.165338
2792,0.372608,0.154807
2793,0.374559,0.169458
2794,0.381393,0.197905
2795,0.399543,0.186151
2796,0.399543,0.186151
2797,0.397981,0.152506
2798,0.412429,0.151736
2799,0.412429,0.151736
2800,0.390567,0.232588
2801,0.395629,0.235206
2802,0.437497,0.258591
2803,0.482118,0.213761
2804,0.433728,0.168947
2805,0.410659,0.167774
2806,0.438532,0.177325
2807,0.488322,0.250893
2808,0.379979,0.309102
2809,0.379979,0.309102
2810,0.33231,0.271586
2811,0.329819,0.340982
2812,0.264336,0.334716
2813,0.323508,0.385302
2814,0.196869,0.424469
2815,0.247393,0.414482
2816,0.213327,0.442982
2817,0.246852,0.40309
2818,0.366664,0.418184
2819,0.364565,0.435972
2820,0.364565,0.435972
2821,0.364565,0.435972
2822,0.352864,0.468486
2823,0.36597,0.453818
2824,0.470094,0.475329
2825,0.410499,0.476753
2826,0.26465,0.505758
2827,0.175056,0.545124
2828,0.195189,0.529729
2829,0.195189,0.529729
2830,0.195189,0.529729
2831,0.195189,0.529729
2832,0.195189,0.529729
2833,0.195189,0.529729
2834,0.264466,0.606535
2835,0.284327,0.538678
2836,0.246924,0.515559
2837,0.222007,0.448264
2838,0.222007,0.448264
2839,0.222007,0.448264
2840,0.222007,0.448264
2841,0.202127,0.425706
2842,0.192286,0.533735
2843,0.235674,0.500385
2844,0.253015,0.574491
2845,0.258342,0.596015
2846,0.258342,0.596015
2847,0.258342,0.596015
2848,0.180158,0.631913
2849,0.153491,0.633409
2850,0.153491,0.633409
2851,0.137502,0.61328
2852,0.137502,0.61328
2853,0.124479,0.601971
2854,0.233148,0.58012
2855,0.176625,0.599009
2856,0.13801,0.627606
2857,0.13801,0.627606
2858,0.13801,0.627606
2859,0.13801,0.627606
2860,0.13801,0.627606
2861,0.136838,0.667389
2862,0.136838,0.667389
2863,0.144943,0.706839
2864,0.0750227,0.659564
2865,0.0165101,0.660246
2866,0.01781,0.648602
2867,0.059844,0.580616
2868,0.0522318,0.621301
2869,0.0522318,0.621301
2870,0.10582,0.648566
2871,0.10582,0.648566
2872,0.0888343,0.595717
2873,0.124782,0.633187
2874,0.167323,0.589022
2875,0.0875183,0.633654
2876,0.124509,0.601903
2877,0.0983314,0.604077
2878,0.085091,0.525555
2879,0.0905849,0.592293
2880,0.108218,0.590572
2881,0.0542137,0.538828
2882,0.0542137,0.538828
2883,0.103761,0.561144
2884,0.102128,0.567811
2885,0.137245,0.625985
2886,0.143371,0.639985
2887,0.143371,0.639985
2888,0.22035,0.592533
2889,0.107832,0.574711
2890,0.12754,0.572581
2891,0.154994,0.575491
2892,0.117042,0.535006
2893,0.138904,0.486625
2894,0.115496,0.474805
2895,0.0934778,0.464678
2896,0.0984557,0.504002
2897,0.0984557,0.504002
2898,0.142859,0.524631
2899,0.187498,0.607301
2900,0.154162,0.597295
2901,0.223441,0.641533
2902,0.151325,0.652186
2903,0.151325,0.652186
2904,0.151325,0.652186
2905,0.151325,0.652186
2906,0.11728,0.614665
2907,0.0930725,0.644174
2908,0.0941816,0.668749
2909,0.156954,0.652659
2910,0.167285,0.664001
2911,0.12765,0.660264
2912,0.0969869,0.640231
2913,0.0619206,0.576523
2914,0.0667928,0.564638
2915,0.0730974,0.549791
2916,0.168535,0.516862
2917,0.155192,0.500602
2918,0.155192,0.500602
2919,0.155192,0.500602
2920,0.147625,0.554608
2921,0.20521,0.512216
2922,0.20521,0.512216
2923,0.171803,0.52212
2924,0.207313,0.558367
2925,0.188079,0.568928
2926,0.188079,0.568928
2927,0.124072,0.535566
2928,0.16166,0.541062
2929,0.168313,0.576494
2930,0.168313,0.576494
2931,0.140677,0.54748
2932,0.15235,0.535716
2933,0.15235,0.535716
2934,0.101907,0.475517
2935,0.138608,0.547132
2936,0.0494475,0.536404
2937,0.0672654,0.483901
2938,0.121848,0.481396
2939,0.0857669,0.483853
2940,0.0857669,0.483853
2941,0.0572603,0.427358
2942,0.0973966,0.396153
2943,0.0739645,0.429637
2944,0.110906,0.516579
2945,0.0963401,0.517351
2946,0.0963401,0.517351
2947,0.0665896,0.528913
2948,0.107829,0.55806
2949,0.107829,0.55806
2950,0.18764,0.468337
2951,0.18764,0.468337
2952,0.18764,0.468337
2953,0.263876,0.465611
2954,0.263876,0.465611
2955,0.272057,0.442531
2956,0.341163,0.436645
2957,0.401698,0.384145
2958,0.417515,0.392692
2959,0.417515,0.392692
2960,0.356405,0.342045
2961,0.487656,0.432446
2962,0.388411,0.421513
2963,0.383946,0.377812
2964,0.359031,0.370626
2965,0.359031,0.370626
2966,0.324228,0.392475
2967,0.324228,0.392475
2968,0.326362,0.333669
2969,0.414944,0.306306
2970,0.414944,0.306306
2971,0.414944,0.306306
2972,0.415997,0.363905
2973,0.460775,0.343843
2974,0.37506,0.215307
2975,0.398973,0.173954
2976,0.367767,0.245914
2977,0.325802,0.29155
2978,0.403221,0.311058
2979,0.403221,0.311058
2980,0.414205,0.299395
2981,0.449179,0.222426
2982,0.38481,0.317599
2983,0.31978,0.3161
2984,0.355828,0.368389
2985,0.292313,0.292891
2986,0.277018,0.364166
2987,0.198187,0.409964
2988,0.198187,0.409964
2989,0.198187,0.409964
2990,0.21049,0.380635
2991,0.21049,0.380635
2992,0.21049,0.380635
2993,0.128568,0.35694
2994,0.0826681,0.373212
2995,0.0958579,0.377279
2996,0.0958579,0.377279
2997,0.0958579,0.377279
2998,0.0958579,0.377279
2999,0.19483,0.354038
3000,0.256092,0.353173
3001,0.256989,0.330221
3002,0.256989,0.330221
3003,0.314343,0.318418
3004,0.352731,0.355058
3005,0.352731,0.355058
3006,0.359003,0.316766
3007,0.359003,0.316766
3008,0.321618,0.293151
3009,0.303726,0.282238
3010,0.303726,0.282238
3011,0.303726,0.282238
3012,0.2765,0.265838
3013,0.311524,0.216771
3014,0.311524,0.216771
3015,0.289833,0.202094
3016,0.29208,0.283867
3017,0.354269,0.350078
3018,0.415418,0.318254
3019,0.415418,0.318254
3020,0.475117,0.343445
3021,0.442622,0.307551
3022,0.399105,0.34897
3023,0.467038,0.302715
3024,0.417903,0.359003
3025,0.376462,0.264326
3026,0.361023,0.295621
3027,0.361023,0.295621
3028,0.384492,0.282886
3029,0.384492,0.282886
3030,0.384492,0.282886
3031,0.382997,0.322866
3032,0.348422,0.312918
3033,0.348422,0.312918
3034,0.380319,0.317691
3035,0.408533,0.392023
3036,0.37199,0.371168
3037,0.323157,0.391015
3038,0.313804,0.393683
3039,0.362679,0.418647
3040,0.414157,0.396028
3041,0.44477,0.385035
3042,0.466937,0.407657
3043,0.470199,0.514206
3044,0.460876,0.448166
3045,0.471903,0.455962
3046,0.471903,0.455962
3047,0.511487,0.492357
3048,0.47379,0.496397
3049,0.447947,0.501136
3050,0.487536,0.51484
3051,0.524134,0.517965
3052,0.524134,0.517965
3053,0.468776,0.537667
3054,0.491612,0.500598
3055,0.405956,0.52112
3056,0.43703,0.459379
3057,0.398609,0.352491
3058,0.398609,0.352491
3059,0.398609,0.352491
3060,0.398609,0.352491
3061,0.477841,0.360299
3062,0.526409,0.380567
3063,0.418654,0.281234
3064,0.433612,0.241833
3065,0.439633,0.190332
3066,0.476005,0.225617
3067,0.476005,0.225617
3068,0.554131,0.202124
3069,0.554131,0.202124
3070,0.443669,0.216819
3071,0.443669,0.216819
3072,0.443669,0.216819
3073,0.442708,0.272165
3074,0.457044,0.285333
3075,0.535892,0.268358
3076,0.453742,0.252858
3077,0.452326,0.258786
3078,0.477418,0.202594
3079,0.477418,0.202594
3080,0.504243,0.155126
3081,0.465883,0.105698
3082,0.370033,0.126015
3083,0.450938,0.0963399
3084,0.464395,0.159102
3085,0.464395,0.159102
3086,0.464395,0.159102
3087,0.464395,0.159102
3088,0.509261,0.126983
3089,0.509261,0.126983
3090,0.528088,0.0747449
3091,0.528088,0.0747449
3092,0.504517,0.0698927
3093,0.519559,0.0321076
3094,0.476077,0.0270984
3095,0.457048,0.0185004
3096,0.477611,0.0952002
3097,0.477611,0.0952002
3098,0.477611,0.0952002
3099,0.540935,0.129252
3100,0.540935,0.129252
3101,0.539054,0.186088
3102,0.538359,0.15671
3103,0.596185,0.148826
3104,0.596185,0.148826
3105,0.602281,0.158179
3106,0.602281,0.158179
3107,0.602281,0.158179
3108,0.595074,0.179268
3109,0.595074,0.179268
3110,0.533653,0.214296
3111,0.514819,0.174619
3112,0.567944,0.189326
3113,0.567944,0.189326
3114,0.600557,0.195718
3115,0.600557,0.195718
3116,0.599951,0.164804
3117,0.613065,0.172409
3118,0.604053,0.204639
3119,0.62269,0.20632
3120,0.594395,0.202322
3121,0.581116,0.19541
3122,0.581116,0.19541
3123,0.588461,0.203553
3124,0.515717,0.168623
3125,0.499365,0.157392
3126,0.55645,0.181553
3127,0.48615,0.160323
3128,0.48615,0.160323
3129,0.512782,0.151391
3130,0.473927,0.192265
3131,0.478001,0.131919
3132,0.529228,0.18051
3133,0.493444,0.251681
3134,0.502916,0.149257
3135,0.501753,0.242584
3136,0.501753,0.242584
3137,0.501753,0.242584
3138,0.494533,0.289648
3139,0.494533,0.289648
3140,0.494533,0.289648
3141,0.494533,0.289648
3142,0.494533,0.289648
3143,0.498637,0.233263
3144,0.49371,0.159019
3145,0.470085,0.201526
3146,0.466356,0.189945
3147,0.443624,0.13423
3148,0.496078,0.117554
3149,0.496078,0.117554
3150,0.533549,0.134687
3151,0.509725,0.116449
3152,0.509725,0.116449
3153,0.513454,0.104762
3154,0.532321,0.0865826
3155,0.530153,0.126403
3156,0.510688,0.157005
3157,0.510688,0.157005
3158,0.546536,0.165793
3159,0.520669,0.143066
3160,0.446137,0.188179
3161,0.446137,0.188179
3162,0.446137,0.188179
3163,0.409597,0.193695
3164,0.387667,0.138098
3165,0.524566,0.153642
3166,0.495958,0.185679
3167,0.517493,0.209998
3168,0.517493,0.209998
3169,0.517493,0.209998
3170,0.464706,0.193645
3171,0.487818,0.13716
3172,0.487818,0.13716
3173,0.564192,0.230503
3174,0.55976,0.190388
3175,0.543478,0.179563
3176,0.543294,0.191074
3177,0.565544,0.184979
3178,0.565544,0.184979
3179,0.559706,0.224055
3180,0.613152,0.231843
3181,0.501787,0.182066
3182,0.579452,0.212577
3183,0.538317,0.268553
3184,0.538317,0.268553
3185,0.598229,0.327591
3186,0.563353,0.26948
3187,0.623264,0.262144
3188,0.623264,0.262144
3189,0.623264,0.262144
3190,0.568674,0.336781
3191,0.545652,0.378908
3192,0.545652,0.378908
3193,0.533282,0.367331
3194,0.576693,0.353605
3195,0.576693,0.353605
3196,0.576693,0.353605
3197,0.576693,0.353605
3198,0.576693,0.353605
3199,0.571544,0.404948
3200,0.592722,0.32358
3201,0.592722,0.32358
3202,0.554222,0.4132
3203,0.554222,0.4132
3204,0.556879,0.373238
3205,0.556879,0.373238
3206,0.556879,0.373238
3207,0.554095,0.363331
3208,0.554095,0.363331
3209,0.554095,0.363331
3210,0.586665,0.355291
3211,0.546342,0.369607
3212,0.53973,0.372195
3213,0.548269,0.332152
3214,0.541898,0.407046
3215,0.541898,0.407046
3216,0.453968,0.391574
3217,0.378659,0.380572
3218,0.378659,0.380572
3219,0.433958,0.388213
3220,0.37142,0.418931
3221,0.444791,0.452748
3222,0.44384,0.489904
3223,0.498165,0.424217
3224,0.486573,0.477769
3225,0.549512,0.406219
3226,0.549512,0.406219
3227,0.533609,0.44925
3228,0.557718,0.430316
3229,0.605808,0.524542
3230,0.605808,0.524542
3231,0.605808,0.524542
3232,0.558528,0.474224
3233,0.572424,0.467256
3234,0.623635,0.457247
3235,0.595081,0.507142
3236,0.595081,0.507142
3237,0.582898,0.488654
3238,0.583969,0.39955
3239,0.604824,0.426652
3240,0.59621,0.366842
3241,0.583834,0.414295
3242,0.568378,0.49429
3243,0.534783,0.444444
3244,0.544532,0.374673
3245,0.544532,0.374673
3246,0.523917,0.430628
3247,0.551526,0.445693
3248,0.540349,0.491993
3249,0.540349,0.491993
3250,0.587572,0.551192
3251,0.569075,0.52019
3252,0.527304,0.48808
3253,0.466327,0.446952
3254,0.466327,0.446952
3255,0.420963,0.402191
3256,0.445558,0.464308
3257,0.445558,0.464308
3258,0.507564,0.435916
3259,0.495775,0.351446
3260,0.483439,0.317949
3261,0.483439,0.317949
3262,0.534427,0.291757
3263,0.515497,0.248453
3264,0.515497,0.248453
3265,0.514439,0.254124
3266,0.514439,0.254124
3267,0.456887,0.245729
3268,0.445843,0.190589
3269,0.445843,0.190589
3270,0.492802,0.257698
3271,0.507541,0.279384
3272,0.51586,0.240768
3273,0.517976,0.2091
3274,0.517976,0.2091
3275,0.471106,0.175446
3276,0.39993,0.226029
3277,0.39993,0.226029
3278,0.486034,0.255952
3279,0.401415,0.288681
3280,0.452505,0.232493
3281,0.497842,0.275097
3282,0.447348,0.26981
3283,0.535095,0.246599
3284,0.535095,0.246599
3285,0.470979,0.214659
3286,0.533429,0.18489
3287,0.533429,0.18489
3288,0.533429,0.18489
3289,0.533429,0.18489
3290,0.533429,0.18489
3291,0.447863,0.201962
3292,0.379205,0.205004
3293,0.378913,0.295237
3294,0.331409,0.260614
3295,0.420302,0.252971
3296,0.420302,0.252971
3297,0.408392,0.226702
3298,0.43354,0.327936
3299,0.43354,0.327936
3300,0.494038,0.314152
3301,0.494038,0.314152
3302,0.49968,0.351976
3303,0.489359,0.419817
3304,0.516286,0.383575
3305,0.516286,0.383575
3306,0.464052,0.411877
3307,0.451596,0.436617
3308,0.463007,0.410927
3309,0.418907,0.505146
3310,0.418907,0.505146
3311,0.359379,0.494639
3312,0.364545,0.420086
3313,0.362971,0.415229
3314,0.309472,0.389666
3315,0.328737,0.454507
3316,0.285696,0.46792
3317,0.311341,0.496281
3318,0.338485,0.560971
3319,0.330551,0.5695
3320,0.330551,0.5695
3321,0.330551,0.5695
3322,0.293871,0.504119
3323,0.321574,0.487692
3324,0.397061,0.451044
3325,0.322959,0.497867
3326,0.322959,0.497867
3327,0.316868,0.5144
3328,0.316868,0.5144
3329,0.25755,0.496888
3330,0.310591,0.438318
3331,0.32517,0.442763
3332,0.370951,0.485279
3333,0.370951,0.485279
3334,0.308748,0.460264
3335,0.275694,0.422377
3336,0.258697,0.500287
3337,0.264066,0.485713
3338,0.240128,0.513691
3339,0.260746,0.501952
3340,0.274113,0.570174
3341,0.274113,0.570174
3342,0.251887,0.487126
3343,0.313837,0.471037
3344,0.313837,0.471037
3345,0.2764,0.459783
3346,0.2764,0.459783
3347,0.362529,0.458616
3348,0.347963,0.458996
3349,0.347963,0.458996
3350,0.393746,0.464381
3351,0.393746,0.464381
3352,0.40185,0.41947
3353,0.448862,0.459487
3354,0.46829,0.423894
3355,0.46829,0.423894
3356,0.470043,0.403624
3357,0.463787,0.457365
3358,0.453274,0.473392
3359,0.453274,0.473392
3360,0.5328,0.479267
3361,0.528185,0.377607
3362,0.556758,0.357593
3363,0.535954,0.380873
3364,0.518397,0.326603
3365,0.505411,0.312967
3366,0.505411,0.312967
3367,0.505411,0.312967
3368,0.533648,0.359349
3369,0.527129,0.377805
3370,0.550112,0.410932
3371,0.550112,0.410932
3372,0.550112,0.410932
3373,0.517931,0.432371
3374,0.584119,0.404156
3375,0.58906,0.401581
3376,0.540028,0.381824
3377,0.512029,0.385778
3378,0.477522,0.38922
3379,0.46454,0.347722
3380,0.48959,0.336315
3381,0.435407,0.31098
3382,0.435999,0.322218
3383,0.402378,0.323874
3384,0.379073,0.253444
3385,0.451149,0.254393
3386,0.447165,0.29583
3387,0.447165,0.29583
3388,0.447165,0.29583
3389,0.447165,0.29583
3390,0.458238,0.349319
3391,0.458238,0.349319
3392,0.4982,0.41308
3393,0.4982,0.41308
3394,0.433331,0.427963
3395,0.44621,0.43758
3396,0.44621,0.43758
3397,0.44621,0.43758
3398,0.436328,0.423207
3399,0.436328,0.423207
3400,0.527038,0.390144
3401,0.527038,0.390144
3402,0.501223,0.311633
3403,0.506225,0.351713
3404,0.506225,0.351713
3405,0.48214,0.3689
3406,0.484047,0.397523
3407,0.47867,0.365814
3408,0.535919,0.339164
3409,0.535919,0.339164
3410,0.515695,0.351155
3411,0.504199,0.381771
3412,0.50404,0.382858
3413,0.496156,0.419315
3414,0.415473,0.372409
3415,0.4118,0.3363
3416,0.443375,0.354716
3417,0.468973,0.366387
3418,0.468973,0.366387
3419,0.484163,0.39851
3420,0.531519,0.464969
3421,0.506289,0.401817
3422,0.506289,0.401817
3423,0.499037,0.445813
3424,0.499037,0.445813
3425,0.485381,0.366851
3426,0.42578,0.41671
3427,0.42578,0.41671
3428,0.470721,0.432243
3429,0.470721,0.432243
3430,0.470721,0.432243
3431,0.477257,0.525811
3432,0.429077,0.551742
3433,0.405618,0.551526
3434,0.405618,0.551526
3435,0.348828,0.532495
3436,0.327852,0.543704
3437,0.294407,0.56816
3438,0.329798,0.500012
3439,0.311027,0.515353
3440,0.311027,0.515353
3441,0.239442,0.470033
3442,0.292438,0.491325
3443,0.309628,0.513243
3444,0.309628,0.513243
3445,0.287577,0.50261
3446,0.274741,0.437412
3447,0.247548,0.436581
3448,0.222472,0.548866
3449,0.222472,0.548866
3450,0.209191,0.487066
3451,0.308352,0.554439
3452,0.315421,0.485824
3453,0.352852,0.567667
3454,0.352852,0.567667
3455,0.318781,0.566491
3456,0.372731,0.596882
3457,0.418053,0.625434
3458,0.35162,0.581277
3459,0.417001,0.603063
3460,0.373481,0.529826
3461,0.367765,0.483909
3462,0.367765,0.483909
3463,0.367765,0.483909
3464,0.367765,0.483909
3465,0.294675,0.474172
3466,0.252193,0.455114
3467,0.33468,0.489485
3468,0.385354,0.409194
3469,0.385354,0.409194
3470,0.373386,0.411273
3471,0.50325,0.385043
3472,0.49918,0.40239
3473,0.49918,0.40239
3474,0.464194,0.353542
3475,0.573455,0.37287
3476,0.498526,0.335996
3477,0.511619,0.426877
3478,0.45317,0.433487
3479,0.456262,0.428833
3480,0.406504,0.408306
3481,0.422969,0.409452
3482,0.422969,0.409452
3483,0.377407,0.4224
3484,0.452303,0.408742
3485,0.457671,0.409357
3486,0.407349,0.372558
3487,0.407349,0.372558
3488,0.407349,0.372558
3489,0.383317,0.404264
3490,0.392722,0.317524
3491,0.43442,0.369779
3492,0.43442,0.369779
3493,0.43442,0.369779
3494,0.43442,0.369779
3495,0.43442,0.369779
3496,0.43442,0.369779
3497,0.340322,0.263247
3498,0.339282,0.296537
3499,0.339282,0.296537
3500,0.331866,0.204284
3501,0.331349,0.226222
3502,0.331349,0.226222
3503,0.367366,0.245949
3504,0.344566,0.230612
3505,0.296056,0.259206
3506,0.296056,0.259206
3507,0.375925,0.2373
3508,0.332381,0.279983
3509,0.332381,0.279983
3510,0.291324,0.251115
3511,0.395718,0.264693
3512,0.362163,0.306178
3513,0.378334,0.27772
3514,0.378334,0.27772
3515,0.371163,0.315159
3516,0.339491,0.278073
3517,0.338791,0.185287
3518,0.327367,0.251934
3519,0.325184,0.328727
3520,0.384208,0.36621
3521,0.328305,0.444226
3522,0.328305,0.444226
3523,0.389155,0.451759
3524,0.323993,0.361074
3525,0.323993,0.361074
3526,0.316378,0.40361
3527,0.292896,0.480425
3528,0.263589,0.356198
3529,0.186803,0.335786
3530,0.144928,0.353645
3531,0.177017,0.250358
3532,0.281623,0.31728
3533,0.281623,0.31728
3534,0.251108,0.374735
3535,0.320844,0.365853
3536,0.320844,0.365853
3537,0.28503,0.369096
3538,0.28503,0.369096
3539,0.296395,0.390594
3540,0.296395,0.390594
3541,0.33821,0.418283
3542,0.341732,0.336864
3543,0.341732,0.336864
3544,0.297373,0.42067
3545,0.353327,0.46217
3546,0.353327,0.46217
3547,0.350762,0.474317
3548,0.319278,0.46125
3549,0.290686,0.49925
3550,0.338009,0.422447
3551,0.288198,0.465421
3552,0.243197,0.449526
3553,0.226864,0.463832
3554,0.316498,0.432915
3555,0.316498,0.432915
3556,0.302634,0.418052
3557,0.28212,0.478781
3558,0.28212,0.478781
3559,0.28212,0.478781
3560,0.28212,0.478781
3561,0.283635,0.476451
3562,0.292786,0.423427
3563,0.274359,0.416037
3564,0.274359,0.416037
3565,0.232894,0.379812
3566,0.225896,0.414185
3567,0.248686,0.462497
3568,0.159341,0.468436
3569,0.159341,0.468436
3570,0.140174,0.431382
3571,0.176747,0.461935
3572,0.170234,0.441494
3573,0.206957,0.434227
3574,0.214451,0.406825
3575,0.214451,0.406825
3576,0.28761,0.450084
3577,0.294369,0.320044
3578,0.182323,0.371965
3579,0.182323,0.371965
3580,0.14103,0.409962
3581,0.171333,0.470126
3582,0.187235,0.529143
3583,0.262376,0.457102
3584,0.262376,0.457102
3585,0.262376,0.457102
3586,0.309037,0.440331
3587,0.274302,0.440578
3588,0.251182,0.49843
3589,0.251182,0.49843
3590,0.225884,0.540585
3591,0.198909,0.543875
3592,0.198909,0.543875
3593,0.198909,0.543875
3594,0.190872,0.573011
3595,0.242272,0.560592
3596,0.27462,0.562273
3597,0.304544,0.629115
3598,0.304544,0.629115
3599,0.325557,0.614365
3600,0.393878,0.633989
3601,0.331001,0.529391
3602,0.391621,0.444029
3603,0.382461,0.375724
3604,0.334682,0.274431
3605,0.313373,0.299866
3606,0.339757,0.288949
3607,0.339757,0.288949
3608,0.339757,0.288949
3609,0.339757,0.288949
3610,0.302191,0.311773
3611,0.302191,0.311773
3612,0.290393,0.331701
3613,0.269926,0.323702
3614,0.287365,0.364768
3615,0.291322,0.420251
3616,0.338973,0.389777
3617,0.338973,0.389777
3618,0.338973,0.389777
3619,0.376022,0.390901
3620,0.296715,0.43358
3621,0.2348,0.405697
3622,0.266731,0.468741
3623,0.302736,0.502051
3624,0.302736,0.502051
3625,0.319969,0.5452
3626,0.357484,0.505645
3627,0.357484,0.505645
3628,0.357484,0.505645
3629,0.357484,0.505645
3630,0.346213,0.477209
3631,0.270436,0.476178
3632,0.333738,0.381511
3633,0.269591,0.376789
3634,0.300147,0.415859
3635,0.278558,0.481512
3636,0.198447,0.425682
3637,0.20918,0.48613
3638,0.20918,0.48613
3639,0.20918,0.48613
3640,0.202101,0.520049
3641,0.12686,0.519376
3642,0.121514,0.521013
3643,0.192563,0.496664
3644,0.192563,0.496664
3645,0.242178,0.517793
3646,0.290939,0.465175
3647,0.288748,0.514145
3648,0.316747,0.534808
3649,0.294733,0.46172
3650,0.295104,0.419185
3651,0.276757,0.463335
3652,0.276757,0.463335
3653,0.166767,0.40945
3654,0.167006,0.457739
3655,0.151557,0.533321
3656,0.151557,0.533321
3657,0.151557,0.533321
3658,0.162607,0.528524
3659,0.162607,0.528524
3660,0.143234,0.509711
3661,0.158914,0.471116
3662,0.235868,0.376958
3663,0.212896,0.395531
3664,0.201105,0.432284
3665,0.201105,0.432284
3666,0.183512,0.593194
3667,0.160951,0.514596
3668,0.188484,0.522163
3669,0.188484,0.522163
3670,0.21729,0.523698
3671,0.193342,0.545731
3672,0.202599,0.517932
3673,0.202599,0.517932
3674,0.190979,0.438356
3675,0.190979,0.438356
3676,0.241678,0.389394
3677,0.241678,0.389394
3678,0.301342,0.368233
3679,0.301342,0.368233
3680,0.301342,0.368233
3681,0.301342,0.368233
3682,0.361631,0.345712
3683,0.361631,0.345712
3684,0.383815,0.341566
3685,0.418649,0.326842
3686,0.312371,0.370763
3687,0.312371,0.370763
3688,0.346661,0.419606
3689,0.346661,0.419606
3690,0.361657,0.416627
3691,0.333832,0.409335
3692,0.333832,0.409335
3693,0.356537,0.417109
3694,0.356537,0.417109
3695,0.356537,0.417109
3696,0.359055,0.444389
3697,0.359055,0.444389
3698,0.359055,0.444389
3699,0.422295,0.428143
3700,0.422295,0.428143
3701,0.422295,0.428143
3702,0.511953,0.337497
3703,0.546378,0.389332
3704,0.546378,0.389332
3705,0.536143,0.332123
3706,0.512781,0.371876
3707,0.499741,0.327305
3708,0.48559,0.264833
3709,0.409967,0.298516
3710,0.42252,0.250831
3711,0.387808,0.303461
3712,0.324092,0.281197
3713,0.311733,0.276884
3714,0.336975,0.230357
3715,0.340341,0.309968
3716,0.340341,0.309968
3717,0.320443,0.296343
3718,0.351249,0.266396
3719,0.440297,0.214183
3720,0.471842,0.20285
3721,0.484131,0.19647
3722,0.393619,0.224932
3723,0.423129,0.211807
3724,0.423129,0.211807
3725,0.515054,0.155813
3726,0.515054,0.155813
3727,0.515054,0.155813
3728,0.533057,0.197127
3729,0.511961,0.219974
3730,0.575176,0.256544
3731,0.552184,0.219038
3732,0.552184,0.219038
3733,0.552184,0.219038
3734,0.552184,0.219038
3735,0.552184,0.219038
3736,0.526193,0.178924
3737,0.534602,0.139047
3738,0.466049,0.040857
3739,0.458166,0.0583056
3740,0.42251,0.0857672
3741,0.464032,0.0741
3742,0.462404,0.127274
3743,0.504624,0.105155
3744,0.51203,0.154958
3745,0.58766,0.18752
3746,0.556515,0.182981
3747,0.556515,0.182981
3748,0.547292,0.148239
3749,0.547292,0.148239
3750,0.579705,0.0996325
3751,0.513911,0.173732
3752,0.513911,0.173732
3753,0.513911,0.173732
3754,0.513911,0.173732
3755,0.475667,0.11018
3756,0.480278,0.100316
3757,0.443677,0.110309
3758,0.443677,0.110309
3759,0.491414,0.149728
3760,0.491414,0.149728
3761,0.491414,0.149728
3762,0.437292,0.152039
3763,0.455128,0.181806
3764,0.512119,0.231214
3765,0.512119,0.231214
3766,0.472059,0.16752
3767,0.505876,0.22204
3768,0.404405,0.255823
3769,0.4153,0.150671
3770,0.360255,0.192943
3771,0.415586,0.172893
3772,0.471583,0.237288
3773,0.471583,0.237288
3774,0.44634,0.160162
3775,0.51026,0.211026
3776,0.436838,0.227798
3777,0.470875,0.205925
3778,0.470875,0.205925
3779,0.382559,0.212354
3780,0.382559,0.212354
3781,0.345074,0.199233
3782,0.345074,0.199233
3783,0.350794,0.158545
3784,0.350794,0.158545
3785,0.43106,0.0652689
3786,0.409308,0.0272518
3787,0.427829,0.0345565
3788,0.440387,0.0211109
3789,0.372936,0.0875961
3790,0.359856,0.0524055
3791,0.312928,0.0268386
3792,0.31081,0.066619
3793,0.335152,0.0661549
3794,0.335152,0.0661549
3795,0.343677,0.0595055
3796,0.413127,0.0464664
3797,0.407501,0.0876149
3798,0.323685,0.0579072
3799,0.270515,0.0698437
3800,0.29128,0.108449
3801,0.245576,0.0694003
3802,0.284242,0.0901768
3803,0.284242,0.0901768
3804,0.362362,0.135231
3805,0.388899,0.0834825
3806,0.388899,0.0834825
3807,0.388899,0.0834825
3808,0.388899,0.0834825
3809,0.405577,0.153585
3810,0.360715,0.110238
3811,0.253573,0.0588023
3812,0.376199,0.0587613
3813,0.288658,0.101368
3814,0.353536,0.0567711
3815,0.353536,0.0567711
3816,0.445166,0.0479964
3817,0.445166,0.0479964
3818,0.349575,0.0835303
3819,0.353963,0.0810858
3820,0.285436,0.0882586
3821,0.300756,0.078679
3822,0.236171,0.0473846
3823,0.231941,0.0569873
3824,0.226547,0.0836398
3825,0.163423,0.104555
3826,0.13932,0.135073
3827,0.11945,0.239544
3828,0.116224,0.246759
3829,0.163452,0.366049
3830,0.170421,0.362731
3831,0.175649,0.316751
3832,0.162077,0.367628
3833,0.151034,0.39333
3834,0.168465,0.367079
3835,0.137932,0.394428
3836,0.150098,0.377368
3837,0.150098,0.377368
3838,0.115137,0.318319
3839,0.109566,0.373984
3840,0.13662,0.342678
3841,0.104977,0.292032
3842,0.104977,0.292032
3843,0.138005,0.332366
3844,0.138241,0.30853
3845,0.119929,0.292971
3846,0.148483,0.319551
3847,0.148483,0.319551
3848,0.164829,0.314797
3849,0.229176,0.355529
3850,0.196995,0.362561
3851,0.196995,0.362561
3852,0.196995,0.362561
3853,0.196995,0.362561
3854,0.231292,0.36463
3855,0.172396,0.38269
3856,0.172396,0.38269
3857,0.204027,0.406264
3858,0.21028,0.44705
3859,0.21028,0.44705
3860,0.20931,0.448388
3861,0.257939,0.456674
3862,0.289626,0.451957
3863,0.289626,0.451957
3864,0.289626,0.451957
3865,0.289626,0.451957
3866,0.289626,0.451957
3867,0.289626,0.451957
3868,0.250437,0.452952
3869,0.250437,0.452952
3870,0.250437,0.452952
3871,0.223059,0.424491
3872,0.223059,0.424491
3873,0.229754,0.381188
3874,0.204124,0.367304
3875,0.193871,0.431905
3876,0.207245,0.462005
3877,0.231449,0.479939
3878,0.231449,0.479939
3879,0.215361,0.570745
3880,0.166728,0.492642
3881,0.116613,0.551525
3882,0.146436,0.55089
3883,0.12032,0.58553
3884,0.12032,0.58553
3885,0.12032,0.58553
3886,0.11197,0.578077
3887,0.152634,0.566595
3888,0.135775,0.600543
3889,0.135775,0.600543
3890,0.170573,0.601455
3891,0.140725,0.585379
3892,0.13754,0.577316
3893,0.162982,0.575135
3894,0.1355,0.520199
3895,0.150018,0.54315
3896,0.150018,0.54315
3897,0.21477,0.617243
3898,0.238193,0.601023
3899,0.292999,0.601275
3900,0.20943,0.61974
3901,0.221425,0.651802
3902,0.221425,0.651802
3903,0.238443,0.579105
3904,0.238443,0.579105
3905,0.299933,0.618838
3906,0.157442,0.664043
3907,0.172817,0.697653
3908,0.172817,0.697653
3909,0.14602,0.677105
3910,0.170162,0.634152
3911,0.228362,0.600562
3912,0.217773,0.573746
3913,0.217773,0.573746
3914,0.192733,0.564823
3915,0.192733,0.564823
3916,0.192733,0.564823
3917,0.192733,0.564823
3918,0.274383,0.59934
3919,0.319822,0.602082
3920,0.319822,0.602082
3921,0.319822,0.602082
3922,0.281847,0.59234
3923,0.281847,0.59234
3924,0.238752,0.557309
3925,0.264092,0.46771
3926,0.280108,0.564665
3927,0.308672,0.59967
3928,0.233135,0.581251
3929,0.266101,0.564459
3930,0.266101,0.564459
3931,0.212227,0.550493
3932,0.222349,0.561787
3933,0.181039,0.463252
3934,0.230918,0.458911
3935,0.279207,0.443748
3936,0.262358,0.438058
3937,0.152209,0.46067
3938,0.148181,0.520073
3939,0.175884,0.467119
3940,0.277742,0.457206
3941,0.277742,0.457206
3942,0.152095,0.460758
3943,0.152095,0.460758
3944,0.211077,0.455487
3945,0.259073,0.422424
3946,0.283665,0.443247
3947,0.283665,0.443247
3948,0.287576,0.528179
3949,0.287576,0.528179
3950,0.208056,0.542617
3951,0.243112,0.567024
3952,0.294336,0.543051
3953,0.258104,0.614709
3954,0.260818,0.614026
3955,0.268193,0.533465
3956,0.268193,0.533465
3957,0.228997,0.551411
3958,0.228997,0.551411
3959,0.228997,0.551411
3960,0.272943,0.585094
3961,0.224409,0.569696
3962,0.221922,0.565405
3963,0.196791,0.546405
3964,0.196791,0.546405
3965,0.184062,0.600255
3966,0.210561,0.627532
3967,0.210561,0.627532
3968,0.210561,0.627532
3969,0.223305,0.628349
3970,0.227234,0.629864
3971,0.206008,0.639823
3972,0.189257,0.634772
3973,0.22119,0.635067
3974,0.176702,0.618664
3975,0.176702,0.618664
3976,0.155915,0.624367
3977,0.155915,0.624367
3978,0.156248,0.591587
3979,0.199876,0.547463
3980,0.199876,0.547463
3981,0.118148,0.567652
3982,0.0626044,0.57362
3983,0.0877433,0.546601
3984,0.0877433,0.546601
3985,0.0775617,0.549139
3986,0.0775617,0.549139
3987,0.036063,0.542968
3988,0.123757,0.556226
3989,0.113602,0.529304
3990,0.118131,0.566304
3991,0.108897,0.512948
3992,0.108897,0.512948
3993,0.164279,0.465184
3994,0.16366,0.453345
3995,0.197474,0.449628
3996,0.216039,0.425117
3997,0.292856,0.466693
3998,0.292856,0.466693
3999,0.277885,0.430543
4000,0.277885,0.430543
4001,0.260601,0.457611
4002,0.28078,0.426759
4003,0.271413,0.441928
4004,0.271413,0.441928
4005,0.251954,0.356677
4006,0.251954,0.356677
4007,0.251954,0.356677
4008,0.251954,0.356677
4009,0.263415,0.41847
4010,0.251568,0.433537
4011,0.243311,0.436928
4012,0.31464,0.556452
4013,0.342354,0.553902
4014,0.342354,0.553902
4015,0.389269,0.572147
4016,0.436899,0.564652
4017,0.436899,0.564652
4018,0.436899,0.564652
4019,0.436899,0.564652
4020,0.356249,0.591051
4021,0.308607,0.566294
4022,0.354121,0.565853
4023,0.368854,0.546885
4024,0.248832,0.554048
4025,0.313781,0.527517
4026,0.308337,0.438128
4027,0.308337,0.438128
4028,0.343122,0.411622
4029,0.259639,0.394538
4030,0.238251,0.527978
4031,0.175976,0.572712
4032,0.217771,0.574806
4033,0.217771,0.574806
4034,0.238017,0.494703
4035,0.276298,0.498411
4036,0.302727,0.401206
4037,0.302727,0.401206
4038,0.302727,0.401206
4039,0.248092,0.433472
4040,0.223708,0.365996
4041,0.227451,0.384842
4042,0.268457,0.435184
4043,0.242857,0.448041
4044,0.314622,0.403496
4045,0.284509,0.396929
4046,0.296574,0.413012
4047,0.328093,0.389491
4048,0.307882,0.362657
4049,0.300985,0.36494
4050,0.300605,0.439273
4051,0.247969,0.391516
4052,0.300023,0.448023
4053,0.300023,0.448023
4054,0.288069,0.391942
4055,0.256314,0.404734
4056,0.256314,0.404734
4057,0.256314,0.404734
4058,0.240046,0.322547
4059,0.276959,0.386037
4060,0.314441,0.350085
4061,0.314441,0.350085
4062,0.279152,0.309338
4063,0.298122,0.324881
4064,0.268971,0.329453
4065,0.27746,0.340674
4066,0.254273,0.336239
4067,0.212211,0.300572
4068,0.205053,0.297203
4069,0.17333,0.311202
4070,0.17333,0.311202
4071,0.0962894,0.275138
4072,0.0962894,0.275138
4073,0.0962894,0.275138
4074,0.0962894,0.275138
4075,0.013029,0.281574
4076,0.0940422,0.288464
4077,0.10406,0.341332
4078,0.10406,0.341332
4079,0.10406,0.341332
4080,0.0985646,0.305908
4081,0.0903736,0.322289
4082,0.0976384,0.322685
4083,0.0976384,0.322685
4084,0.0661222,0.312602
4085,0.0661222,0.312602
4086,0.111423,0.310247
4087,0.163342,0.260107
4088,0.161567,0.269636
4089,0.190993,0.177649
4090,0.20207,0.201558
4091,0.204773,0.220657
4092,0.136243,0.225154
4093,0.136243,0.225154
4094,0.14188,0.211734
4095,0.154126,0.27949
4096,0.169601,0.258135
4097,0.161726,0.349101
4098,0.212418,0.347689
4099,0.212418,0.347689
4100,0.212418,0.347689
4101,0.240257,0.25436
4102,0.315614,0.314086
4103,0.223352,0.300613
4104,0.223352,0.300613
4105,0.223352,0.300613
4106,0.223352,0.300613
4107,0.214826,0.226764
4108,0.164896,0.292191
4109,0.15558,0.196198
4110,0.111535,0.21097
4111,0.147213,0.173112
4112,0.129622,0.14009
4113,0.163902,0.123658
4114,0.156169,0.115254
4115,0.18271,0.142425
4116,0.198591,0.125964
4117,0.170233,0.150248
4118,0.205439,0.190186
4119,0.144625,0.175136
4120,0.0842562,0.165637
4121,0.0844037,0.18817
4122,0.095152,0.223466
4123,0.151152,0.202266
4124,0.151152,0.202266
4125,0.185653,0.277468
4126,0.185653,0.277468
4127,0.260541,0.257966
4128,0.260541,0.257966
4129,0.260541,0.257966
4130,0.272117,0.246461
4131,0.146534,0.304759
4132,0.146534,0.304759
4133,0.0957705,0.309359
4134,0.0670772,0.34643
4135,0.0928605,0.418943
4136,0.0928605,0.418943
4137,0.0928605,0.418943
4138,0.0853453,0.326573
4139,0.0853453,0.326573
4140,0.0932696,0.447795
4141,0.0603331,0.420633
4142,0.0691171,0.394123
4143,0.0691171,0.394123
4144,0.0806852,0.375017
4145,0.0825184,0.363054
4146,0.124935,0.350238
4147,0.124935,0.350238
4148,0.173473,0.399349
4149,0.173473,0.399349
4150,0.234135,0.408886
4151,0.180594,0.3885
4152,0.257819,0.437721
4153,0.162455,0.360871
4154,0.186015,0.498816
4155,0.149981,0.479901
4156,0.130101,0.418976
4157,0.101876,0.430749
4158,0.101876,0.430749
4159,0.0402113,0.450584
4160,0.0402113,0.450584
4161,0.0645249,0.501684
4162,0.0782456,0.512058
4163,0.0644083,0.494396
4164,0.0803736,0.502573
4165,0.0563548,0.521592
4166,0.0563548,0.521592
4167,0.110511,0.53184
4168,0.110511,0.53184
4169,0.118539,0.484108
4170,0.0583159,0.485136
4171,0.0799851,0.514972
4172,0.14474,0.537215
4173,0.0566278,0.483764
4174,0.0354471,0.497707
4175,0.0341947,0.613881
4176,0.0341947,0.613881
4177,0.0341947,0.613881
4178,0.035519,0.640528
4179,0.0385321,0.615683
4180,0.0455742,0.588988
4181,0.0328374,0.614008
4182,0.073492,0.636031
4183,0.073492,0.636031
4184,0.150527,0.624458
4185,0.120739,0.626184
4186,0.120739,0.626184
4187,0.0939526,0.605976
4188,0.126301,0.623321
4189,0.0728634,0.511743
4190,0.0511123,0.49036
4191,0.0817596,0.533721
4192,0.0817596,0.533721
4193,0.083241,0.526907
4194,0.108007,0.56661
4195,0.0860301,0.56864
4196,0.0662069,0.526335
4197,0.0662069,0.526335
4198,0.0540751,0.491257
4199,0.0723447,0.503185
4200,0.0430865,0.516648
4201,0.0430865,0.516648
4202,0.142544,0.546386
4203,0.142544,0.546386
4204,0.142544,0.546386
4205,0.0895537,0.601159
4206,0.110515,0.582103
4207,0.110515,0.582103
4208,0.0785804,0.568167
4209,0.0785804,0.568167
4210,0.110586,0.57437
4211,0.097341,0.611969
4212,0.0679344,0.562201
4213,0.0679344,0.562201
4214,0.120135,0.493335
4215,0.0936922,0.480723
4216,0.172229,0.453123
4217,0.219305,0.463391
4218,0.196685,0.499713
4219,0.244939,0.513248
4220,0.1949,0.523021
4221,0.231716,0.525219
4222,0.231716,0.525219
4223,0.206855,0.493561
4224,0.282555,0.447168
4225,0.313448,0.446866
4226,0.238774,0.417743
4227,0.238774,0.417743
4228,0.293807,0.424444
4229,0.293807,0.424444
4230,0.347547,0.513434
4231,0.382422,0.48737
4232,0.382422,0.48737
4233,0.36846,0.476236
4234,0.320571,0.486899
4235,0.320571,0.486899
4236,0.315095,0.532208
4237,0.315095,0.532208
4238,0.315095,0.532208
4239,0.294104,0.487607
4240,0.294104,0.487607
4241,0.226845,0.458895
4242,0.178576,0.508012
4243,0.169804,0.486583
4244,0.286731,0.546792
4245,0.263501,0.485709
4246,0.263501,0.485709
4247,0.263501,0.485709
4248,0.263501,0.485709
4249,0.263501,0.485709
4250,0.263501,0.485709
4251,0.318017,0.486283
4252,0.292459,0.363645
4253,0.292459,0.363645
4254,0.292459,0.363645
4255,0.291146,0.497282
4256,0.268365,0.429938
4257,0.265031,0.402271
4258,0.210182,0.406458
4259,0.210728,0.448345
4260,0.237695,0.456019
4261,0.179451,0.51738
4262,0.179451,0.51738
4263,0.179451,0.51738
4264,0.2861,0.460292
4265,0.236558,0.441715
4266,0.264984,0.406596
4267,0.264984,0.406596
4268,0.241529,0.381742
4269,0.279645,0.468933
4270,0.270104,0.492653
4271,0.276794,0.580494
4272,0.263125,0.587779
4273,0.27013,0.624688
4274,0.32491,0.607553
4275,0.32491,0.607553
4276,0.37187,0.600048
4277,0.368292,0.617939
4278,0.368292,0.617939
4279,0.407476,0.60588
4280,0.414182,0.546763
4281,0.419941,0.481148
4282,0.412173,0.55673
4283,0.391463,0.536968
4284,0.400033,0.546486
4285,0.311748,0.547688
4286,0.364345,0.587141
4287,0.487998,0.551974
4288,0.571997,0.597144
4289,0.533068,0.562868
4290,0.44928,0.510403
4291,0.44928,0.510403
4292,0.524013,0.50908
4293,0.490908,0.530955
4294,0.490908,0.530955
4295,0.461663,0.488281
4296,0.452606,0.457016
4297,0.452606,0.457016
4298,0.4713,0.495469
4299,0.431932,0.46706
4300,0.431932,0.46706
4301,0.431932,0.46706
4302,0.431932,0.46706
4303,0.361605,0.44045
4304,0.36579,0.478115
4305,0.36579,0.478115
4306,0.407944,0.482418
4307,0.402604,0.488026
4308,0.360829,0.455825
4309,0.360829,0.455825
4310,0.360829,0.455825
4311,0.362392,0.548304
4312,0.388944,0.570601
4313,0.388944,0.570601
4314,0.372191,0.508549
4315,0.428882,0.524641
4316,0.428882,0.524641
4317,0.343649,0.504696
4318,0.343649,0.504696
4319,0.338081,0.497531
4320,0.338081,0.497531
4321,0.338081,0.497531
4322,0.297019,0.520887
4323,0.297019,0.520887
4324,0.297019,0.520887
4325,0.297019,0.520887
4326,0.298857,0.512235
4327,0.298857,0.512235
4328,0.240879,0.598159
4329,0.27122,0.615305
4330,0.27122,0.615305
4331,0.25513,0.557893
4332,0.256423,0.599034
4333,0.2338,0.605187
4334,0.300277,0.619602
4335,0.291108,0.552093
4336,0.299473,0.545389
4337,0.299473,0.545389
4338,0.244323,0.523417
4339,0.243382,0.508436
4340,0.247687,0.520224
4341,0.192754,0.486494
4342,0.158577,0.468384
4343,0.148139,0.393789
4344,0.152612,0.4549
4345,0.185768,0.454978
4346,0.185768,0.454978
4347,0.185768,0.454978
4348,0.21436,0.446721
4349,0.280993,0.402625
4350,0.280993,0.402625
4351,0.197387,0.391609
4352,0.158887,0.398023
4353,0.164666,0.373968
4354,0.152467,0.428441
4355,0.121741,0.519923
4356,0.155175,0.487727
4357,0.0845725,0.547205
4358,0.092373,0.657432
4359,0.106918,0.619693
4360,0.106918,0.619693
4361,0.0703532,0.577302
4362,0.0703532,0.577302
4363,0.0899615,0.572568
4364,0.0899615,0.572568
4365,0.0899615,0.572568
4366,0.0842598,0.561132
4367,0.0944394,0.553937
4368,0.100226,0.543099
4369,0.153694,0.572289
4370,0.218249,0.579326
4371,0.158915,0.600489
4372,0.184693,0.644905
4373,0.138167,0.630332
4374,0.138167,0.630332
4375,0.175376,0.623455
4376,0.178786,0.556417
4377,0.178786,0.556417
4378,0.178786,0.556417
4379,0.163828,0.581456
4380,0.168816,0.577625
4381,0.168816,0.577625
4382,0.0971269,0.585045
4383,0.0224085,0.585333
4384,0.0444995,0.634338
4385,0.029983,0.640027
4386,0.0965071,0.673092
4387,0.0965071,0.673092
4388,0.0574956,0.64327
4389,0.0394939,0.639052
4390,0.0168626,0.624348
4391,0.0499148,0.552081
4392,0.107865,0.551917
4393,0.107865,0.551917
4394,0.127851,0.492136
4395,0.209817,0.533592
4396,0.207915,0.555705
4397,0.207915,0.555705
4398,0.224713,0.531857
4399,0.149919,0.531921
4400,0.171648,0.575479
4401,0.166775,0.615027
4402,0.191281,0.612436
4403,0.216171,0.595474
4404,0.216171,0.595474
4405,0.147778,0.585171
4406,0.162305,0.532281
4407,0.162305,0.532281
4408,0.14004,0.539406
4409,0.155784,0.530696
4410,0.0891373,0.545559
4411,0.0891373,0.545559
4412,0.0891373,0.545559
4413,0.0592419,0.599775
4414,0.116711,0.580462
4415,0.114606,0.54492
4416,0.173762,0.508856
4417,0.174546,0.537248
4418,0.17944,0.587857
4419,0.157552,0.631575
4420,0.123308,0.600011
4421,0.176436,0.645599
4422,0.11626,0.565096
4423,0.153864,0.65101
4424,0.0850178,0.607654
4425,0.04187,0.541643
4426,0.04187,0.541643
4427,0.10095,0.534894
4428,0.0251425,0.511514
4429,0.100523,0.504842
4430,0.079596,0.503094
4431,0.0391706,0.468914
4432,0.106217,0.515503
4433,0.106217,0.515503
4434,0.106217,0.515503
4435,0.0983234,0.494667
4436,0.0983234,0.494667
4437,0.0983234,0.494667
4438,0.110297,0.563024
4439,0.136544,0.548968
4440,0.166023,0.542703
4441,0.125969,0.449857
4442,0.0824177,0.432433
4443,0.0824177,0.432433
4444,0.0824177,0.432433
4445,0.0824177,0.432433
4446,0.126203,0.448165
4447,0.109958,0.478231
4448,0.109257,0.452029
4449,0.00981625,0.386717
4450,0.00981625,0.386717
4451,0.0149019,0.414269
4452,0.10717,0.47547
4453,0.10717,0.47547
4454,0.160837,0.490616
4455,0.23204,0.534245
4456,0.23204,0.534245
4457,0.200923,0.481982
4458,0.200923,0.481982
4459,0.2526,0.526715
4460,0.2526,0.526715
4461,0.222091,0.485976
4462,0.244652,0.505925
4463,0.259674,0.454856
4464,0.293465,0.432764
4465,0.282173,0.437639
4466,0.366883,0.420295
4467,0.329554,0.384993
4468,0.388083,0.436826
4469,0.468022,0.452596
4470,0.453433,0.547925
4471,0.4663,0.418379
4472,0.469499,0.585424
4473,0.455806,0.499483
4474,0.393967,0.525837
4475,0.369388,0.548819
4476,0.422212,0.539062
4477,0.382589,0.507712
4478,0.541111,0.537851
4479,0.453074,0.422261
4480,0.431144,0.414658
4481,0.431144,0.414658
4482,0.421716,0.355377
4483,0.384933,0.306037
4484,0.428401,0.261585
4485,0.449191,0.271785
4486,0.45107,0.232351
4487,0.397837,0.251087
4488,0.40359,0.188666
4489,0.356679,0.256765
4490,0.356679,0.256765
4491,0.356679,0.256765
4492,0.408274,0.257194
4493,0.408274,0.257194
4494,0.386183,0.190136
4495,0.386183,0.190136
4496,0.420731,0.167386
4497,0.435405,0.126166
4498,0.465515,0.0867297
4499,0.462777,0.0488835
4500,0.493077,0.0487088
4501,0.493077,0.0487088
4502,0.493077,0.0487088
4503,0.524569,0.0524286
4504,0.545156,0.0785228
4505,0.544083,0.151078
4506,0.614985,0.157294
4507,0.597575,0.164414
4508,0.582058,0.193724
4509,0.603159,0.174851
4510,0.525596,0.223069
4511,0.579627,0.219482
4512,0.579232,0.260904
4513,0.588204,0.319164
4514,0.588204,0.319164
4515,0.590719,0.302665
4516,0.545317,0.363007
4517,0.528763,0.38313
4518,0.444745,0.455235
4519,0.369121,0.464415
4520,0.364506,0.424908
4521,0.337649,0.41607
4522,0.350842,0.442467
4523,0.305515,0.545729
4524,0.272734,0.549343
4525,0.272734,0.549343
4526,0.272734,0.549343
4527,0.272734,0.549343
4528,0.226284,0.548748
4529,0.240754,0.492175
4530,0.280371,0.490167
4531,0.280371,0.490167
4532,0.280371,0.490167
4533,0.249998,0.488994
4534,0.224497,0.548776
4535,0.254803,0.57472
4536,0.205287,0.601787
4537,0.189393,0.633818
4538,0.146196,0.664848
4539,0.212771,0.672755
4540,0.163724,0.648485
4541,0.163724,0.648485
4542,0.146303,0.630426
4543,0.141914,0.550207
4544,0.140092,0.469125
4545,0.205357,0.519739
4546,0.163444,0.456414
4547,0.170558,0.495191
4548,0.215449,0.406392
4549,0.181784,0.356999
4550,0.212048,0.360766
4551,0.170524,0.452217
4552,0.170524,0.452217
4553,0.170524,0.452217
4554,0.232923,0.400291
4555,0.240701,0.47528
4556,0.240701,0.47528
4557,0.238731,0.398678
4558,0.238731,0.398678
4559,0.238731,0.398678
4560,0.175985,0.385529
4561,0.172888,0.432187
4562,0.26395,0.393445
4563,0.237341,0.354982
4564,0.237341,0.354982
4565,0.292699,0.376669
4566,0.343543,0.412146
4567,0.306214,0.351853
4568,0.283588,0.423239
4569,0.344157,0.393481
4570,0.344157,0.393481
4571,0.344157,0.393481
4572,0.344157,0.393481
4573,0.303114,0.346229
4574,0.279973,0.392712
4575,0.271388,0.339895
4576,0.271388,0.339895
4577,0.271388,0.339895
4578,0.234298,0.401345
4579,0.244604,0.36738
4580,0.321377,0.418812
4581,0.321377,0.418812
4582,0.321377,0.418812
4583,0.299842,0.442732
4584,0.327092,0.425129
4585,0.319427,0.351314
4586,0.437961,0.37818
4587,0.437961,0.37818
4588,0.437961,0.37818
4589,0.396202,0.409108
4590,0.413017,0.416658
4591,0.413017,0.416658
4592,0.342616,0.473532
4593,0.336419,0.499368
4594,0.352248,0.448422
4595,0.261909,0.438077
4596,0.278744,0.441592
4597,0.332367,0.43081
4598,0.332367,0.43081
4599,0.332367,0.43081
4600,0.404867,0.344482
4601,0.384832,0.397209
4602,0.384832,0.397209
4603,0.442256,0.444541
4604,0.442256,0.444541
4605,0.483287,0.463855
4606,0.443847,0.44647
4607,0.443847,0.44647
4608,0.443847,0.44647
4609,0.474756,0.492712
4610,0.526944,0.523929
4611,0.412161,0.496833
4612,0.412161,0.496833
4613,0.394122,0.511341
4614,0.432871,0.525681
4615,0.432871,0.525681
4616,0.375564,0.563836
4617,0.375564,0.563836
4618,0.409796,0.536805
4619,0.409796,0.536805
4620,0.452488,0.48162
4621,0.439582,0.457359
4622,0.41802,0.407912
4623,0.41802,0.407912
4624,0.38951,0.421722
4625,0.435269,0.416257
4626,0.431945,0.389189
4627,0.431945,0.389189
4628,0.431945,0.389189
4629,0.431945,0.389189
4630,0.328697,0.34302
4631,0.328697,0.34302
4632,0.248998,0.369305
4633,0.321986,0.353013
4634,0.307946,0.376128
4635,0.307946,0.376128
4636,0.307946,0.376128
4637,0.307946,0.376128
4638,0.27575,0.40481
4639,0.27575,0.40481
4640,0.301492,0.417502
4641,0.294113,0.476722
4642,0.294113,0.476722
4643,0.294113,0.476722
4644,0.294113,0.476722
4645,0.294113,0.476722
4646,0.294113,0.476722
4647,0.300139,0.501368
4648,0.300139,0.501368
4649,0.287689,0.549575
4650,0.32715,0.531892
4651,0.259512,0.447533
4652,0.259512,0.447533
4653,0.302694,0.481505
4654,0.321314,0.47468
4655,0.306333,0.463322
4656,0.306333,0.463322
4657,0.304265,0.471222
4658,0.308743,0.444612
4659,0.28123,0.487083
4660,0.28123,0.487083
4661,0.28123,0.487083
4662,0.33624,0.48303
4663,0.302517,0.424766
4664,0.276448,0.438974
4665,0.318852,0.465083
4666,0.305737,0.41864
4667,0.309708,0.397217
4668,0.287705,0.454005
4669,0.358441,0.460094
4670,0.369939,0.354127
4671,0.337852,0.281221
4672,0.337852,0.281221
4673,0.332002,0.34981
4674,0.353038,0.41899
4675,0.361045,0.350354
4676,0.345975,0.392666
4677,0.345975,0.392666
4678,0.312132,0.371657
4679,0.312132,0.371657
4680,0.262756,0.310027
4681,0.328354,0.345602
4682,0.296693,0.282977
4683,0.328164,0.299049
4684,0.328164,0.299049
4685,0.339822,0.370675
4686,0.261111,0.35432
4687,0.335197,0.379529
4688,0.315948,0.435331
4689,0.337051,0.400576
4690,0.36916,0.488909
4691,0.438779,0.464883
4692,0.438779,0.464883
4693,0.444867,0.51573
4694,0.452687,0.445766
4695,0.4899,0.399715
4696,0.4899,0.399715
4697,0.407483,0.324848
4698,0.412959,0.259539
4699,0.421121,0.246844
4700,0.406401,0.237921
4701,0.401961,0.363886
4702,0.440653,0.327625
4703,0.490008,0.338527
4704,0.466768,0.386184
4705,0.455736,0.410782
4706,0.45214,0.410189
4707,0.460586,0.399695
4708,0.460586,0.399695
4709,0.502179,0.427414
4710,0.484337,0.485952
4711,0.545334,0.497499
4712,0.517349,0.459308
4713,0.517349,0.459308
4714,0.476699,0.450918
4715,0.426792,0.427153
4716,0.430341,0.467426
4717,0.44588,0.482472
4718,0.435254,0.497635
4719,0.48185,0.409173
4720,0.490001,0.473104
4721,0.504596,0.478614
4722,0.416469,0.498603
4723,0.401938,0.510107
4724,0.484024,0.399106
4725,0.502098,0.330163
4726,0.502098,0.330163
4727,0.508045,0.295916
4728,0.453609,0.299053
4729,0.468061,0.288724
4730,0.431027,0.286747
4731,0.431027,0.286747
4732,0.450747,0.284359
4733,0.497552,0.326442
4734,0.497552,0.326442
4735,0.486374,0.334086
4736,0.568374,0.324364
4737,0.56831,0.385874
4738,0.568056,0.360609
4739,0.499534,0.338975
4740,0.47685,0.391402
4741,0.436712,0.450775
4742,0.436712,0.450775
4743,0.436712,0.450775
4744,0.394769,0.466504
4745,0.402831,0.487636
4746,0.32626,0.468017
4747,0.32626,0.468017
4748,0.280209,0.512318
4749,0.302546,0.453664
4750,0.30752,0.476677
4751,0.272038,0.473107
4752,0.303883,0.511448
4753,0.303883,0.511448
4754,0.303883,0.511448
4755,0.21609,0.479867
4756,0.21609,0.479867
4757,0.278564,0.470144
4758,0.350543,0.447382
4759,0.359625,0.419137
4760,0.377537,0.484579
4761,0.416126,0.517458
4762,0.41724,0.513045
4763,0.41724,0.513045
4764,0.44793,0.526711
4765,0.481086,0.53252
4766,0.481086,0.53252
4767,0.452089,0.537031
4768,0.417178,0.500089
4769,0.456858,0.53339
4770,0.464852,0.522943
4771,0.428413,0.459656
4772,0.35693,0.528272
4773,0.414603,0.546111
4774,0.414603,0.546111
4775,0.414603,0.546111
4776,0.414603,0.546111
4777,0.471108,0.551072
4778,0.454038,0.508735
4779,0.324812,0.580029
4780,0.328057,0.483471
4781,0.328057,0.483471
4782,0.400448,0.505548
4783,0.38382,0.449889
4784,0.445937,0.452487
4785,0.445937,0.452487
4786,0.470623,0.431591
4787,0.470623,0.431591
4788,0.52809,0.462726
4789,0.522816,0.483758
4790,0.522816,0.483758
4791,0.44778,0.470397
4792,0.44778,0.470397
4793,0.44778,0.470397
4794,0.465493,0.432375
4795,0.457233,0.452062
4796,0.446908,0.471816
4797,0.480111,0.462466
4798,0.476899,0.491302
4799,0.466309,0.537903
4800,0.491986,0.506179
4801,0.48542,0.46036
4802,0.48542,0.46036
4803,0.485196,0.482899
4804,0.446855,0.401005
4805,0.377172,0.474634
4806,0.383167,0.460884
4807,0.383167,0.460884
4808,0.369541,0.311362
4809,0.369541,0.311362
4810,0.369541,0.311362
4811,0.409496,0.245365
4812,0.400347,0.315973
4813,0.305613,0.337968
4814,0.305613,0.337968
4815,0.333808,0.327668
4816,0.333808,0.327668
4817,0.333808,0.327668
4818,0.404709,0.267607
4819,0.430119,0.257783
4820,0.381923,0.304217
4821,0.409327,0.412487
4822,0.39126,0.418264
4823,0.397649,0.429614
4824,0.397649,0.429614
4825,0.432715,0.503424
4826,0.432715,0.503424
4827,0.445674,0.532217
4828,0.445674,0.532217
4829,0.383881,0.486951
4830,0.395823,0.556159
4831,0.395823,0.556159
4832,0.419004,0.50163
4833,0.476494,0.489227
4834,0.4428,0.584459
4835,0.440554,0.514344
4836,0.474744,0.469027
4837,0.474744,0.469027
4838,0.474744,0.469027
4839,0.47272,0.448733
4840,0.47272,0.448733
4841,0.47272,0.448733
4842,0.493348,0.490269
4843,0.558104,0.43315
4844,0.541427,0.405144
4845,0.537683,0.413536
4846,0.554746,0.382693
4847,0.569139,0.459883
4848,0.532585,0.454337
4849,0.508162,0.444217
4850,0.551856,0.478461
4851,0.514124,0.498573
4852,0.563587,0.439569
4853,0.546573,0.445161
4854,0.546573,0.445161
4855,0.52439,0.440574
4856,0.50228,0.401638
4857,0.50228,0.401638
4858,0.481142,0.453078
4859,0.465536,0.4818
4860,0.451245,0.499589
4861,0.437133,0.531349
4862,0.436049,0.53015
4863,0.414452,0.55406
4864,0.359319,0.47962
4865,0.359319,0.47962
4866,0.285956,0.516401
4867,0.285956,0.516401
4868,0.346659,0.467917
4869,0.314162,0.514829
4870,0.351547,0.435594
4871,0.378302,0.456889
4872,0.378302,0.456889
4873,0.411585,0.433499
4874,0.411585,0.433499
4875,0.383674,0.430851
4876,0.484437,0.421577
4877,0.58722,0.43739
4878,0.501904,0.479082
4879,0.562193,0.540247
4880,0.562193,0.540247
4881,0.562193,0.540247
4882,0.491346,0.557102
4883,0.491346,0.557102
4884,0.491346,0.557102
4885,0.586742,0.592548
4886,0.522379,0.495551
4887,0.510829,0.561205
4888,0.524118,0.614992
4889,0.524118,0.614992
4890,0.594569,0.569748
4891,0.543514,0.556589
4892,0.543514,0.556589
4893,0.562072,0.559843
4894,0.573372,0.535862
4895,0.569071,0.546322
4896,0.566996,0.506267
4897,0.58325,0.552
4898,0.546777,0.540823
4899,0.546777,0.540823
4900,0.523164,0.572451
4901,0.560829,0.530887
4902,0.560829,0.530887
4903,0.589503,0.430123
4904,0.556311,0.439749
4905,0.516416,0.390873
4906,0.528035,0.441414
4907,0.528035,0.441414
4908,0.527118,0.424495
4909,0.539046,0.438577
4910,0.562113,0.479391
4911,0.561554,0.482025
4912,0.535201,0.465827
4913,0.529943,0.479047
4914,0.529943,0.479047
4915,0.478774,0.475433
4916,0.495006,0.495205
4917,0.383955,0.457768
4918,0.3725,0.444887
4919,0.330561,0.452332
4920,0.371906,0.450958
4921,0.371906,0.450958
4922,0.415188,0.402227
4923,0.455961,0.370938
4924,0.437318,0.399931
4925,0.392505,0.40251
4926,0.482974,0.449847
4927,0.482818,0.48314
4928,0.503889,0.507077
4929,0.595021,0.364449
4930,0.524416,0.407643
4931,0.524416,0.407643
4932,0.516139,0.433046
4933,0.524085,0.32559
4934,0.524085,0.32559
4935,0.452535,0.332152
4936,0.500105,0.334427
4937,0.500105,0.334427
4938,0.500718,0.29183
4939,0.421116,0.268339
4940,0.40309,0.266174
4941,0.431223,0.302445
4942,0.431223,0.302445
4943,0.467843,0.351501
4944,0.537972,0.28381
4945,0.582647,0.252844
4946,0.56333,0.248269
4947,0.533476,0.307375
4948,0.503324,0.333805
4949,0.555895,0.264223
4950,0.540991,0.285285
4951,0.540991,0.285285
4952,0.530359,0.29392
4953,0.532214,0.308769
4954,0.472379,0.332318
4955,0.472379,0.332318
4956,0.472379,0.332318
4957,0.370819,0.397046
4958,0.41831,0.40549
4959,0.3627,0.429836
4960,0.3627,0.429836
4961,0.409055,0.385804
4962,0.427373,0.379192
4963,0.440787,0.377256
4964,0.440787,0.377256
4965,0.454048,0.422211
4966,0.459748,0.419317
4967,0.459748,0.419317
4968,0.4547,0.397912
4969,0.4547,0.397912
4970,0.476953,0.399956
4971,0.476953,0.399956
4972,0.466743,0.41379
4973,0.544262,0.468147
4974,0.556053,0.463407
4975,0.555659,0.501138
4976,0.555659,0.501138
4977,0.54268,0.463164
4978,0.469984,0.512216
4979,0.516012,0.509723
4980,0.507136,0.505472
4981,0.507136,0.505472
4982,0.500101,0.478932
4983,0.500101,0.478932
4984,0.496472,0.443087
4985,0.496472,0.443087
4986,0.496472,0.443087
4987,0.482575,0.459121
4988,0.515127,0.463934
4989,0.553305,0.496772
4990,0.553305,0.496772
4991,0.598317,0.418823
4992,0.589875,0.37638
4993,0.644663,0.410421
4994,0.605191,0.488924
4995,0.565926,0.492011
4996,0.642859,0.535038
4997,0.6276,0.542698
4998,0.60252,0.509891
4999,0.647569,0.522688
5000,0.655604,0.489282
5001,0.661113,0.461842
5002,0.618972,0.405915
5003,0.591112,0.334901
5004,0.652292,0.315822
5005,0.608028,0.331897
5006,0.628986,0.324441
5007,0.628986,0.324441
5008,0.589246,0.339787
5009,0.550588,0.335883
5010,0.539288,0.367373
5011,0.581168,0.37111
5012,0.581168,0.37111
5013,0.566779,0.367034
5014,0.566779,0.367034
5015,0.579604,0.314558
5016,0.512916,0.383028
5017,0.451325,0.380791
5018,0.384281,0.338213
5019,0.343366,0.432959
5020,0.343366,0.432959
5021,0.318936,0.425514
5022,0.371363,0.429131
5023,0.312784,0.436172
5024,0.366296,0.495901
5025,0.38526,0.484909
5026,0.36726,0.533688
5027,0.36726,0.533688
5028,0.386728,0.568189
5029,0.406529,0.565103
5030,0.406529,0.565103
5031,0.451739,0.528748
5032,0.451739,0.528748
5033,0.451739,0.528748
5034,0.409532,0.497941
5035,0.385582,0.549711
5036,0.306755,0.524518
5037,0.306755,0.524518
5038,0.191161,0.540301
5039,0.191161,0.540301
5040,0.191161,0.540301
5041,0.183663,0.536756
5042,0.184969,0.533758
5043,0.184969,0.533758
5044,0.261542,0.504854
5045,0.35858,0.426288
5046,0.363068,0.432981
5047,0.395031,0.392464
5048,0.425568,0.356611
5049,0.472454,0.322377
5050,0.447358,0.330138
5051,0.447358,0.330138
5052,0.447358,0.330138
5053,0.434404,0.30048
5054,0.47474,0.319291
5055,0.410859,0.306892
5056,0.410859,0.306892
5057,0.398799,0.266349
5058,0.350734,0.296968
5059,0.352795,0.236071
5060,0.402814,0.258862
5061,0.344366,0.320296
5062,0.409621,0.278412
5063,0.389708,0.258734
5064,0.389708,0.258734
5065,0.390083,0.296303
5066,0.390083,0.296303
5067,0.390083,0.296303
5068,0.390083,0.296303
5069,0.419189,0.293704
5070,0.470274,0.290113
5071,0.425472,0.35608
5072,0.423849,0.340724
5073,0.423849,0.340724
5074,0.384222,0.40632
5075,0.384222,0.40632
5076,0.394647,0.420593
5077,0.487846,0.364128
5078,0.437134,0.423995
5079,0.437134,0.423995
5080,0.437134,0.423995
5081,0.399137,0.432049
5082,0.435577,0.409001
5083,0.422549,0.418855
5084,0.422549,0.418855
5085,0.440199,0.32318
5086,0.416109,0.359129
5087,0.443055,0.342626
5088,0.430668,0.397283
5089,0.483951,0.391846
5090,0.526417,0.463566
5091,0.456586,0.438121
5092,0.518447,0.421088
5093,0.466884,0.388887
5094,0.466884,0.388887
5095,0.525638,0.369392
5096,0.547504,0.3171
5097,0.494317,0.247043
5098,0.496913,0.275079
5099,0.498337,0.343851
5100,0.515626,0.321701
5101,0.515626,0.321701
5102,0.515626,0.321701
5103,0.44202,0.313405
5104,0.533411,0.375349
5105,0.485061,0.346586
5106,0.485061,0.346586
5107,0.480189,0.384348
5108,0.480189,0.384348
5109,0.435344,0.394841
5110,0.448043,0.374808
5111,0.466325,0.38291
5112,0.463409,0.350302
5113,0.458133,0.339169
5114,0.421212,0.331131
5115,0.488061,0.387265
5116,0.488061,0.387265
5117,0.405066,0.440351
5118,0.405066,0.440351
5119,0.451141,0.445034
5120,0.366746,0.433916
5121,0.297816,0.426466
5122,0.287715,0.456909
5123,0.287715,0.456909
5124,0.287715,0.456909
5125,0.294742,0.466291
5126,0.345117,0.506578
5127,0.280232,0.440011
5128,0.137953,0.398473
5129,0.137953,0.398473
5130,0.129252,0.303523
5131,0.185274,0.330764
5132,0.222403,0.25246
5133,0.289692,0.312107
5134,0.246355,0.269737
5135,0.259195,0.325865
5136,0.298344,0.314052
5137,0.298182,0.285297
5138,0.259424,0.230745
5139,0.311405,0.289334
5140,0.311405,0.289334
5141,0.311405,0.289334
5142,0.328519,0.399922
5143,0.342308,0.458391
5144,0.32628,0.423052
5145,0.32628,0.423052
5146,0.329697,0.343347
5147,0.324591,0.378
5148,0.295466,0.333142
5149,0.245793,0.44202
5150,0.198258,0.386767
5151,0.273284,0.395253
5152,0.226738,0.376919
5153,0.264303,0.345213
5154,0.334359,0.375179
5155,0.332581,0.387802
5156,0.365838,0.356096
5157,0.331305,0.322756
5158,0.376491,0.301764
5159,0.374038,0.283758
5160,0.374038,0.283758
5161,0.372686,0.243213
5162,0.37472,0.258793
5163,0.358904,0.312079
5164,0.370554,0.323994
5165,0.370554,0.323994
5166,0.336398,0.3111
5167,0.332226,0.346417
5168,0.332226,0.346417
5169,0.321409,0.298352
5170,0.321409,0.298352
5171,0.369908,0.288732
5172,0.396327,0.284798
5173,0.393453,0.335299
5174,0.363522,0.361783
5175,0.423033,0.318142
5176,0.423033,0.318142
5177,0.449022,0.399027
5178,0.431069,0.394716
5179,0.418897,0.414258
5180,0.37453,0.442934
5181,0.409639,0.495029
5182,0.398571,0.49451
5183,0.411276,0.443951
5184,0.392432,0.473332
5185,0.392432,0.473332
5186,0.440058,0.510272
5187,0.494539,0.449417
5188,0.419657,0.401857
5189,0.419657,0.401857
5190,0.455492,0.306631
5191,0.376582,0.297639
5192,0.421008,0.337886
5193,0.427631,0.306126
5194,0.459631,0.333213
5195,0.459631,0.333213
5196,0.516585,0.328573
5197,0.556803,0.347988
5198,0.556803,0.347988
5199,0.547543,0.371691
5200,0.624269,0.362935
5201,0.610206,0.345196
5202,0.533087,0.322053
5203,0.546249,0.254334
5204,0.546249,0.254334
5205,0.666886,0.298041
5206,0.639008,0.300018
5207,0.639008,0.300018
5208,0.626453,0.218665
5209,0.6054,0.226041
5210,0.563835,0.189292
5211,0.563835,0.189292
5212,0.55538,0.18715
5213,0.520109,0.196766
5214,0.443303,0.203304
5215,0.461414,0.205804
5216,0.530724,0.24415
5217,0.518961,0.231079
5218,0.518334,0.171437
5219,0.518334,0.171437
5220,0.570116,0.0562703
5221,0.585598,0.022683
5222,0.579722,0.130976
5223,0.536084,0.0972805
5224,0.518222,0.14234
5225,0.518222,0.14234
5226,0.542847,0.157759
5227,0.477773,0.238451
5228,0.474472,0.303817
5229,0.530354,0.295565
5230,0.530354,0.295565
5231,0.446345,0.274986
5232,0.486682,0.301949
5233,0.457691,0.229927
5234,0.449472,0.247162
5235,0.506172,0.289172
5236,0.506172,0.289172
5237,0.506172,0.289172
5238,0.5566,0.256043
5239,0.489316,0.267045
5240,0.489316,0.267045
5241,0.489316,0.267045
5242,0.489316,0.267045
5243,0.473022,0.309584
5244,0.477138,0.35014
5245,0.444452,0.374612
5246,0.468737,0.374162
5247,0.468737,0.374162
5248,0.468737,0.374162
5249,0.534983,0.355372
5250,0.534983,0.355372
5251,0.470223,0.417699
5252,0.425162,0.4156
5253,0.40012,0.487117
5254,0.364413,0.510616
5255,0.350271,0.575094
5256,0.356529,0.509166
5257,0.356529,0.509166
5258,0.393669,0.547149
5259,0.393669,0.547149
5260,0.386104,0.465609
5261,0.386104,0.465609
5262,0.282792,0.518201
5263,0.350874,0.446967
5264,0.365326,0.37228
5265,0.356886,0.431051
5266,0.351835,0.474331
5267,0.364662,0.531068
5268,0.330046,0.482653
5269,0.32057,0.562825
5270,0.32057,0.562825
5271,0.313009,0.589594
5272,0.300579,0.636814
5273,0.267631,0.622697
5274,0.267631,0.622697
5275,0.242603,0.539924
5276,0.234101,0.503093
5277,0.310751,0.510976
5278,0.310751,0.510976
5279,0.293509,0.525184
5280,0.290198,0.555975
5281,0.29763,0.542745
5282,0.248654,0.552804
5283,0.285544,0.559402
5284,0.299248,0.581014
5285,0.317521,0.524779
5286,0.270119,0.525752
5287,0.353703,0.570905
5288,0.317047,0.653157
5289,0.297862,0.657854
5290,0.398787,0.647746
5291,0.371332,0.665189
5292,0.461724,0.627458
5293,0.427595,0.671152
5294,0.500472,0.613911
5295,0.501666,0.607879
5296,0.511614,0.590365
5297,0.511614,0.590365
5298,0.427415,0.571057
5299,0.471097,0.605634
5300,0.432258,0.539416
5301,0.394844,0.536528
5302,0.394844,0.536528
5303,0.42947,0.58861
5304,0.345523,0.535478
5305,0.345523,0.535478
5306,0.312218,0.460765
5307,0.323648,0.496704
5308,0.323648,0.496704
5309,0.28154,0.544316
5310,0.302823,0.586807
5311,0.340485,0.607223
5312,0.326779,0.597718
5313,0.41734,0.596585
5314,0.344411,0.542948
5315,0.378835,0.583659
5316,0.378835,0.583659
5317,0.419695,0.555701
5318,0.402592,0.599502
5319,0.334257,0.597841
5320,0.384041,0.506302
5321,0.379277,0.515644
5322,0.362785,0.585818
5323,0.382412,0.573556
5324,0.364593,0.578374
5325,0.364593,0.578374
5326,0.364593,0.578374
5327,0.364593,0.578374
5328,0.365494,0.614292
5329,0.273655,0.616591
5330,0.253089,0.602767
5331,0.293802,0.611608
5332,0.289984,0.634197
5333,0.271711,0.633758
5334,0.280144,0.608201
5335,0.280144,0.608201
5336,0.280144,0.608201
5337,0.280144,0.608201
5338,0.276608,0.607338
5339,0.247751,0.593612
5340,0.196362,0.576922
5341,0.268692,0.632595
5342,0.283627,0.577011
5343,0.318704,0.575544
5344,0.329539,0.57604
5345,0.404045,0.524584
5346,0.387029,0.478152
5347,0.478303,0.533933
5348,0.478303,0.533933
5349,0.472593,0.485374
5350,0.404164,0.499202
5351,0.404164,0.499202
5352,0.438911,0.457718
5353,0.438911,0.457718
5354,0.43339,0.515922
5355,0.414412,0.519176
5356,0.404104,0.484124
5357,0.404104,0.484124
5358,0.415834,0.503308
5359,0.411136,0.435259
5360,0.422607,0.442907
5361,0.422607,0.442907
5362,0.409933,0.53859
5363,0.422459,0.533478
5364,0.437476,0.460714
5365,0.450255,0.562714
5366,0.450255,0.562714
5367,0.41522,0.562788
5368,0.408771,0.55646
5369,0.408771,0.55646
5370,0.395615,0.496643
5371,0.317408,0.412403
5372,0.317408,0.412403
5373,0.343989,0.497835
5374,0.415109,0.520467
5375,0.415109,0.520467
5376,0.364244,0.47317
5377,0.39936,0.464853
5378,0.395154,0.441473
5379,0.42794,0.436813
5380,0.302574,0.513283
5381,0.340388,0.527235
5382,0.340388,0.527235
5383,0.367829,0.483507
5384,0.35943,0.481993
5385,0.35943,0.481993
5386,0.410467,0.512904
5387,0.406184,0.526581
5388,0.415116,0.592639
5389,0.394954,0.578996
5390,0.405912,0.576537
5391,0.36637,0.542419
5392,0.391232,0.480235
5393,0.390383,0.4861
5394,0.418468,0.470032
5395,0.284048,0.487776
5396,0.177634,0.465989
5397,0.177634,0.465989
5398,0.239314,0.414055
5399,0.203699,0.466828
5400,0.203699,0.466828
5401,0.203699,0.466828
5402,0.203699,0.466828
5403,0.218482,0.42893
5404,0.193103,0.444419
5405,0.134615,0.542713
5406,0.134615,0.542713
5407,0.186916,0.563418
5408,0.177726,0.577998
5409,0.177726,0.577998
5410,0.177726,0.577998
5411,0.17661,0.641161
5412,0.117181,0.599049
5413,0.134602,0.572289
5414,0.0825271,0.596783
5415,0.181554,0.615625
5416,0.250485,0.61443
5417,0.250485,0.61443
5418,0.218701,0.593105
5419,0.308867,0.610582
5420,0.345773,0.59904
5421,0.326373,0.541761
5422,0.339204,0.582752
5423,0.339204,0.582752
5424,0.339204,0.582752
5425,0.474286,0.539808
5426,0.409392,0.5889
5427,0.444183,0.581492
5428,0.439262,0.531233
5429,0.434119,0.597479
5430,0.372273,0.59057
5431,0.381617,0.59749
5432,0.381617,0.59749
5433,0.402601,0.574332
5434,0.377236,0.620341
5435,0.32911,0.586717
5436,0.32911,0.586717
5437,0.32911,0.586717
5438,0.268575,0.61036
5439,0.164632,0.677593
5440,0.108583,0.644539
5441,0.13199,0.64589
5442,0.13199,0.64589
5443,0.145394,0.633429
5444,0.192113,0.593564
5445,0.242391,0.577791
5446,0.24823,0.558448
5447,0.273801,0.582724
5448,0.215072,0.610447
5449,0.314621,0.619048
5450,0.314621,0.619048
5451,0.270321,0.61946
5452,0.258994,0.628401
5453,0.233245,0.630441
5454,0.272471,0.682713
5455,0.232643,0.65796
5456,0.287466,0.629966
5457,0.343796,0.586579
5458,0.209729,0.579823
5459,0.233377,0.582005
5460,0.201835,0.549557
5461,0.302329,0.587386
5462,0.28579,0.578905
5463,0.320058,0.524918
5464,0.320058,0.524918
5465,0.347115,0.529195
5466,0.431955,0.541683
5467,0.420033,0.534652
5468,0.392715,0.57069
5469,0.400588,0.473686
5470,0.400588,0.473686
5471,0.483305,0.42118
5472,0.483305,0.42118
5473,0.483305,0.42118
5474,0.483305,0.42118
5475,0.499818,0.382061
5476,0.487157,0.39243
5477,0.490373,0.390144
5478,0.552981,0.312345
5479,0.578227,0.32447
5480,0.58246,0.309675
5481,0.523497,0.295332
5482,0.524394,0.250297
5483,0.529465,0.286991
5484,0.528343,0.247101
5485,0.535467,0.25357
5486,0.492387,0.245249
5487,0.492387,0.245249
5488,0.492387,0.245249
5489,0.492387,0.245249
5490,0.492387,0.245249
5491,0.492387,0.245249
5492,0.510303,0.249685
5493,0.510303,0.249685
5494,0.480934,0.276187
5495,0.490385,0.246349
5496,0.571532,0.296374
5497,0.540223,0.252508
5498,0.501129,0.25347
5499,0.501129,0.25347
5500,0.488179,0.298722
5501,0.495882,0.310133
5502,0.489767,0.285058
5503,0.469937,0.285374
5504,0.418081,0.285501
5505,0.418081,0.285501
5506,0.418081,0.285501
5507,0.418081,0.285501
5508,0.424994,0.257614
5509,0.453368,0.264012
5510,0.482468,0.297645
5511,0.490133,0.306523
5512,0.461801,0.367771
5513,0.451688,0.299436
5514,0.457608,0.283666
5515,0.428949,0.228995
5516,0.446862,0.228261
5517,0.438531,0.24589
5518,0.473989,0.224651
5519,0.429278,0.222322
5520,0.429278,0.222322
5521,0.504587,0.190712
5522,0.560047,0.253347
5523,0.540519,0.282937
5524,0.523613,0.275114
5525,0.56895,0.294741
5526,0.509169,0.270389
5527,0.535796,0.323064
5528,0.549901,0.361514
5529,0.480741,0.43479
5530,0.489089,0.376726
5531,0.517681,0.397572
5532,0.490567,0.434961
5533,0.461557,0.378339
5534,0.562935,0.400898
5535,0.562935,0.400898
5536,0.544923,0.380943
5537,0.510553,0.373682
5538,0.560015,0.362966
5539,0.560015,0.362966
5540,0.564086,0.381001
5541,0.56992,0.335185
5542,0.548272,0.319033
5543,0.466947,0.320528
5544,0.500819,0.409204
5545,0.500819,0.409204
5546,0.534772,0.357321
5547,0.612945,0.386832
5548,0.540883,0.378006
5549,0.555478,0.408351
5550,0.565527,0.362879
5551,0.550659,0.351116
5552,0.474378,0.34733
5553,0.474361,0.356695
5554,0.449231,0.419717
5555,0.48548,0.342413
5556,0.428177,0.31675
5557,0.428177,0.31675
5558,0.35357,0.310838
5559,0.402346,0.325331
5560,0.295257,0.282889
5561,0.270572,0.265752
5562,0.271095,0.224166
5563,0.284982,0.226499
5564,0.248076,0.263708
5565,0.248076,0.263708
5566,0.247135,0.281487
5567,0.268673,0.263852
5568,0.222562,0.293772
5569,0.259858,0.332321
5570,0.238992,0.35203
5571,0.238992,0.35203
5572,0.270485,0.388054
5573,0.254175,0.372175
5574,0.254357,0.331187
5575,0.287567,0.258023
5576,0.307487,0.216053
5577,0.336877,0.141907
5578,0.336877,0.141907
5579,0.30072,0.181783
5580,0.30072,0.181783
5581,0.30072,0.181783
5582,0.356175,0.162146
5583,0.372582,0.138451
5584,0.379324,0.133621
5585,0.424731,0.0783943
5586,0.433387,0.12304
5587,0.413168,0.123283
5588,0.426992,0.117824
5589,0.426992,0.117824
5590,0.395038,0.113412
5591,0.395038,0.113412
5592,0.391965,0.19571
5593,0.400566,0.234086
5594,0.400566,0.234086
5595,0.432875,0.214838
5596,0.443632,0.236438
5597,0.512324,0.237869
5598,0.437553,0.327484
5599,0.410756,0.301012
5600,0.395186,0.351197
5601,0.395186,0.351197
5602,0.395186,0.351197
5603,0.387256,0.336204
5604,0.387256,0.336204
5605,0.411197,0.327701
5606,0.411197,0.327701
5607,0.379492,0.297203
5608,0.399021,0.335006
5609,0.399021,0.335006
5610,0.38091,0.389733
5611,0.38091,0.389733
5612,0.423831,0.443683
5613,0.384288,0.484703
5614,0.384288,0.484703
5615,0.379114,0.509042
5616,0.336655,0.442619
5617,0.386805,0.47926
5618,0.320475,0.408628
5619,0.320475,0.408628
5620,0.270354,0.429962
5621,0.158976,0.465206
5622,0.143671,0.457243
5623,0.212645,0.390109
5624,0.212645,0.390109
5625,0.245142,0.428059
5626,0.245142,0.428059
5627,0.289014,0.424239
5628,0.30921,0.41641
5629,0.30921,0.41641
5630,0.30921,0.41641
5631,0.298602,0.401306
5632,0.305842,0.444319
5633,0.342636,0.47565
5634,0.342636,0.47565
5635,0.338464,0.420871
5636,0.314581,0.3978
5637,0.374037,0.42861
5638,0.342884,0.473118
5639,0.379496,0.417397
5640,0.432061,0.420925
5641,0.488013,0.347722
5642,0.488013,0.347722
5643,0.488013,0.347722
5644,0.505263,0.340504
5645,0.525755,0.380291
5646,0.498424,0.27878
5647,0.472141,0.316156
5648,0.472141,0.316156
5649,0.472141,0.316156
5650,0.504625,0.286691
5651,0.504625,0.286691
5652,0.468949,0.299154
5653,0.449935,0.312442
5654,0.486644,0.305025
5655,0.487091,0.34175
5656,0.468072,0.354019
5657,0.495382,0.419685
5658,0.468841,0.405753
5659,0.471992,0.375771
5660,0.505217,0.401277
5661,0.505217,0.401277
5662,0.548942,0.380827
5663,0.452877,0.44145
5664,0.437544,0.484488
5665,0.352906,0.506032
5666,0.388959,0.447438
5667,0.367773,0.476066
5668,0.406102,0.474813
5669,0.451283,0.478723
5670,0.420782,0.50571
5671,0.378535,0.488402
5672,0.378179,0.466649
5673,0.499157,0.474334
5674,0.48061,0.466308
5675,0.493554,0.485621
5676,0.493554,0.485621
5677,0.493554,0.485621
5678,0.493554,0.485621
5679,0.493554,0.485621
5680,0.502347,0.512318
5681,0.505643,0.579497
5682,0.459388,0.52104
5683,0.459388,0.52104
5684,0.513742,0.53401
5685,0.542989,0.499173
5686,0.470113,0.497266
5687,0.533123,0.515799
5688,0.431814,0.512917
5689,0.431814,0.512917
5690,0.475296,0.456419
5691,0.450713,0.40376
5692,0.450713,0.40376
5693,0.468149,0.41475
5694,0.470748,0.455735
5695,0.46173,0.497013
5696,0.46173,0.497013
5697,0.413243,0.467699
5698,0.400614,0.447251
5699,0.400614,0.447251
5700,0.459017,0.473335
5701,0.434733,0.44942
5702,0.442289,0.465801
5703,0.442289,0.465801
5704,0.463466,0.504079
5705,0.412137,0.485655
5706,0.412137,0.485655
5707,0.426777,0.496988
5708,0.298792,0.517473
5709,0.298792,0.517473
5710,0.292949,0.440078
5711,0.309127,0.516497
5712,0.35402,0.494636
5713,0.33342,0.506061
5714,0.33342,0.506061
5715,0.350527,0.498868
5716,0.350527,0.498868
5717,0.343891,0.536415
5718,0.343891,0.536415
5719,0.343891,0.536415
5720,0.389072,0.546697
5721,0.362082,0.564242
5722,0.407367,0.523431
5723,0.407367,0.523431
5724,0.407367,0.523431
5725,0.463709,0.500754
5726,0.457255,0.487129
5727,0.457255,0.487129
5728,0.437798,0.529583
5729,0.409907,0.467046
5730,0.482775,0.510664
5731,0.528615,0.477084
5732,0.528615,0.477084
5733,0.424554,0.491735
5734,0.424554,0.491735
5735,0.413983,0.436454
5736,0.418226,0.411229
5737,0.419192,0.426131
5738,0.465689,0.403444
5739,0.464144,0.429721
5740,0.4165,0.411821
5741,0.406144,0.45738
5742,0.341393,0.401068
5743,0.304439,0.462108
5744,0.242605,0.525157
5745,0.242605,0.525157
5746,0.176056,0.522473
5747,0.255653,0.489898
5748,0.19396,0.512162
5749,0.165811,0.498879
5750,0.156694,0.549784
5751,0.105786,0.574909
5752,0.137839,0.520878
5753,0.137839,0.520878
5754,0.14235,0.566139
5755,0.170658,0.599008
5756,0.154798,0.610943
5757,0.1254,0.626173
5758,0.1254,0.626173
5759,0.0864617,0.652057
5760,0.14063,0.57412
5761,0.0811312,0.57564
5762,0.0811312,0.57564
5763,0.112205,0.614506
5764,0.112205,0.614506
5765,0.11851,0.588149
5766,0.11851,0.588149
5767,0.0833865,0.561045
5768,0.0900405,0.590089
5769,0.0900405,0.590089
5770,0.0772337,0.515328
5771,0.120875,0.588868
5772,0.120875,0.588868
5773,0.120875,0.588868
5774,0.0730961,0.578356
5775,0.0689872,0.606826
5776,0.11388,0.637021
5777,0.0897905,0.638333
5778,0.11303,0.634483
5779,0.11303,0.634483
5780,0.193287,0.595937
5781,0.0417198,0.569935
5782,0.0417198,0.569935
5783,0.0820361,0.53779
5784,0.0400853,0.540901
5785,0.0400853,0.540901
5786,0.0400853,0.540901
5787,0.0459725,0.551193
5788,0.0650074,0.591004
5789,0.0650074,0.591004
5790,0.14276,0.597707
5791,0.14276,0.597707
5792,0.11018,0.58883
5793,0.0982617,0.543694
5794,0.0957879,0.55449
5795,0.100319,0.507812
5796,0.127207,0.60084
5797,0.144395,0.637049
5798,0.144395,0.637049
5799,0.218094,0.613406
5800,0.306259,0.575606
5801,0.329296,0.588285
5802,0.329296,0.588285
5803,0.329986,0.543261
5804,0.332609,0.611552
5805,0.289364,0.594082
5806,0.327546,0.649817
5807,0.29922,0.617748
5808,0.267613,0.579055
5809,0.283052,0.571293
5810,0.278847,0.556496
5811,0.236157,0.570612
5812,0.236157,0.570612
5813,0.236157,0.570612
5814,0.236157,0.570612
5815,0.221707,0.557175
5816,0.221707,0.557175
5817,0.221707,0.557175
5818,0.272296,0.531656
5819,0.284797,0.502769
5820,0.284797,0.502769
5821,0.271993,0.486975
5822,0.287418,0.47583
5823,0.326883,0.449924
5824,0.254137,0.445912
5825,0.229094,0.376403
5826,0.17403,0.390996
5827,0.200288,0.380001
5828,0.123976,0.349612
5829,0.123976,0.349612
5830,0.231571,0.372513
5831,0.231269,0.38652
5832,0.248157,0.447442
5833,0.292512,0.470621
5834,0.270907,0.498988
5835,0.270907,0.498988
5836,0.270907,0.498988
5837,0.190957,0.458992
5838,0.223373,0.48936
5839,0.278769,0.467502
5840,0.248175,0.446976
5841,0.248175,0.446976
5842,0.218529,0.464999
5843,0.1469,0.427959
5844,0.145635,0.432687
5845,0.145635,0.432687
5846,0.228414,0.455386
5847,0.215893,0.456982
5848,0.341665,0.454429
5849,0.261377,0.446181
5850,0.252126,0.460891
5851,0.252126,0.460891
5852,0.216264,0.444228
5853,0.209334,0.366627
5854,0.239507,0.393314
5855,0.299885,0.444146
5856,0.268124,0.367672
5857,0.355897,0.389021
5858,0.431539,0.351219
5859,0.487837,0.302887
5860,0.469992,0.373077
5861,0.463471,0.337059
5862,0.463471,0.337059
5863,0.463471,0.337059
5864,0.463471,0.337059
5865,0.49317,0.384413
5866,0.436263,0.371877
5867,0.454145,0.395669
5868,0.42389,0.438627
5869,0.42389,0.438627
5870,0.375326,0.38296
5871,0.290886,0.390962
5872,0.297252,0.381772
5873,0.285095,0.394296
5874,0.373025,0.444652
5875,0.353839,0.469022
5876,0.385285,0.48596
5877,0.349813,0.469273
5878,0.310368,0.544211
5879,0.310368,0.544211
5880,0.310368,0.544211
5881,0.341223,0.626522
5882,0.348802,0.598828
5883,0.360082,0.611278
5884,0.360082,0.611278
5885,0.383813,0.539984
5886,0.334388,0.475052
5887,0.289021,0.582943
5888,0.255377,0.530347
5889,0.255377,0.530347
5890,0.255377,0.530347
5891,0.252975,0.597772
5892,0.210353,0.588275
5893,0.214669,0.555455
5894,0.266904,0.502152
5895,0.373411,0.516639
5896,0.409081,0.48913
5897,0.399754,0.44087
5898,0.370859,0.44702
5899,0.323357,0.500127
5900,0.335432,0.540414
5901,0.335432,0.540414
5902,0.420884,0.558404
5903,0.420884,0.558404
5904,0.420884,0.558404
5905,0.393476,0.557339
5906,0.365338,0.560525
5907,0.370609,0.539719
5908,0.370609,0.539719
5909,0.370609,0.539719
5910,0.379507,0.539261
5911,0.356544,0.540573
5912,0.325092,0.553643
5913,0.36122,0.539761
5914,0.36122,0.539761
5915,0.375527,0.52615
5916,0.338095,0.471074
5917,0.333122,0.364329
5918,0.376351,0.439235
5919,0.430123,0.481702
5920,0.393385,0.485412
5921,0.481058,0.471447
5922,0.481058,0.471447
5923,0.559786,0.446987
5924,0.559786,0.446987
5925,0.433635,0.462189
5926,0.409246,0.430828
5927,0.491384,0.436651
5928,0.491384,0.436651
5929,0.491384,0.436651
5930,0.40144,0.403528
5931,0.381114,0.518008
5932,0.381114,0.518008
5933,0.381114,0.518008
5934,0.464651,0.511142
5935,0.413575,0.502738
5936,0.418108,0.524097
5937,0.418108,0.524097
5938,0.434622,0.483348
5939,0.434622,0.483348
5940,0.434622,0.483348
5941,0.500652,0.466447
5942,0.496746,0.475412
5943,0.512607,0.431607
5944,0.552089,0.449152
5945,0.552089,0.449152
5946,0.451926,0.35297
5947,0.497391,0.385442
5948,0.497391,0.385442
5949,0.497391,0.385442
5950,0.484506,0.375452
5951,0.54938,0.317079
5952,0.577436,0.270183
5953,0.586533,0.224287
5954,0.58788,0.197548
5955,0.616123,0.205402
5956,0.634584,0.209426
5957,0.634584,0.209426
5958,0.634584,0.209426
5959,0.666103,0.278646
5960,0.599195,0.22892
5961,0.611545,0.225492
5962,0.565224,0.221713
5963,0.54363,0.287123
5964,0.54363,0.287123
5965,0.569343,0.297367
5966,0.557417,0.322115
5967,0.580042,0.350455
5968,0.595195,0.338075
5969,0.595195,0.338075
5970,0.561319,0.319308
5971,0.563875,0.277143
5972,0.505528,0.278243
5973,0.505528,0.278243
5974,0.525969,0.211133
5975,0.525969,0.211133
5976,0.565666,0.278273
5977,0.565666,0.278273
5978,0.500298,0.303025
5979,0.444936,0.348316
5980,0.493027,0.352133
5981,0.466188,0.326687
5982,0.463124,0.33251
5983,0.47142,0.332876
5984,0.463887,0.249126
5985,0.496847,0.299324
5986,0.496847,0.299324
5987,0.499595,0.291932
5988,0.499595,0.291932
5989,0.481009,0.313063
5990,0.485113,0.28817
5991,0.485113,0.28817
5992,0.452582,0.29171
5993,0.452582,0.29171
5994,0.449993,0.2958
5995,0.458117,0.268966
5996,0.495401,0.272774
5997,0.489247,0.247384
5998,0.489247,0.247384
5999,0.489247,0.247384
6000,0.489247,0.247384
6001,0.551142,0.229308
6002,0.481711,0.180739
6003,0.481711,0.180739
6004,0.481711,0.180739
6005,0.509849,0.271389
6006,0.495287,0.319418
6007,0.495287,0.319418
6008,0.470419,0.32247
6009,0.540914,0.327263
6010,0.558001,0.300708
6011,0.505415,0.299501
6012,0.505415,0.299501
6013,0.505415,0.299501
6014,0.505415,0.299501
6015,0.443184,0.319617
6016,0.443184,0.319617
6017,0.465097,0.365464
6018,0.470106,0.326748
6019,0.475623,0.317623
6020,0.475623,0.317623
6021,0.475208,0.274913
6022,0.435003,0.228076
6023,0.435003,0.228076
6024,0.435003,0.228076
6025,0.481922,0.200798
6026,0.481922,0.200798
6027,0.481922,0.200798
6028,0.473421,0.243418
6029,0.521898,0.247475
6030,0.519598,0.206927
6031,0.519598,0.206927
6032,0.462149,0.179793
6033,0.462149,0.179793
6034,0.491544,0.157527
6035,0.491544,0.157527
6036,0.483845,0.0940085
6037,0.483845,0.0940085
6038,0.495942,0.0731654
6039,0.535684,0.126547
6040,0.489756,0.116976
6041,0.489756,0.116976
6042,0.442554,0.108105
6043,0.441641,0.0732792
6044,0.463421,0.186756
6045,0.476604,0.172294
6046,0.498395,0.200931
6047,0.500703,0.220316
6048,0.473109,0.197956
6049,0.511795,0.184415
6050,0.49101,0.193092
6051,0.546056,0.3234
6052,0.485524,0.328571
6053,0.485856,0.320519
6054,0.429639,0.246521
6055,0.429639,0.246521
6056,0.429639,0.246521
6057,0.434673,0.248359
6058,0.394454,0.290102
6059,0.394454,0.290102
6060,0.446223,0.282681
6061,0.429857,0.276991
6062,0.389421,0.317954
6063,0.442599,0.268545
6064,0.382482,0.278318
6065,0.382482,0.278318
6066,0.477729,0.291639
6067,0.505323,0.256324
6068,0.505323,0.256324
6069,0.495959,0.337911
6070,0.495959,0.337911
6071,0.482658,0.314191
6072,0.493121,0.255276
6073,0.537487,0.252311
6074,0.51716,0.222915
6075,0.570862,0.24215
6076,0.570862,0.24215
6077,0.611715,0.282641
6078,0.611715,0.282641
6079,0.609977,0.302368
6080,0.615832,0.264838
6081,0.615832,0.264838
6082,0.591773,0.300746
6083,0.605738,0.354508
6084,0.605738,0.354508
6085,0.476953,0.315946
6086,0.476953,0.315946
6087,0.497733,0.32943
6088,0.461489,0.393434
6089,0.448597,0.35944
6090,0.474372,0.368008
6091,0.474372,0.368008
6092,0.492332,0.362595
6093,0.545301,0.33479
6094,0.606303,0.284098
6095,0.599037,0.267861
6096,0.635454,0.238855
6097,0.635454,0.238855
6098,0.608653,0.21949
6099,0.656632,0.214584
6100,0.651476,0.160889
6101,0.62581,0.186484
6102,0.61763,0.137459
6103,0.587903,0.179458
6104,0.587903,0.179458
6105,0.576772,0.14848
6106,0.538676,0.145875
6107,0.529645,0.0850106
6108,0.451341,0.112568
6109,0.513997,0.12024
6110,0.520289,0.121362
6111,0.569863,0.0316996
6112,0.569863,0.0316996
6113,0.457375,0.0390832
6114,0.481811,0.0413958
6115,0.467157,0.0722771
6116,0.473441,0.124864
6117,0.40271,0.174082
6118,0.564695,0.178414
6119,0.564695,0.178414
6120,0.581597,0.167174
6121,0.558404,0.106537
6122,0.491595,0.0777488
6123,0.491595,0.0777488
6124,0.513444,0.0673594
6125,0.483869,0.0375029
6126,0.522565,0.0181895
6127,0.557584,0.0754278
6128,0.544796,0.0957288
6129,0.508591,0.150421
6130,0.568547,0.170306
6131,0.568547,0.170306
6132,0.545404,0.199804
6133,0.545404,0.199804
6134,0.519973,0.147858
6135,0.553564,0.114543
6136,0.570052,0.123862
6137,0.577396,0.141854
6138,0.572832,0.152952
6139,0.53195,0.179277
6140,0.588077,0.122709
6141,0.546321,0.168282
6142,0.569045,0.121788
6143,0.511808,0.173909
6144,0.511808,0.173909
6145,0.523212,0.167901
6146,0.493434,0.0971835
6147,0.493434,0.0971835
6148,0.541036,0.0112967
6149,0.514008,0.0636387
6150,0.555799,0.108721
6151,0.576877,0.112449
6152,0.571529,0.0679677
6153,0.620733,0.0842529
6154,0.620733,0.0842529
6155,0.557671,0.0955766
6156,0.615818,0.0510299
6157,0.632684,0.0616187
6158,0.61421,0.137967
6159,0.61421,0.137967
6160,0.663739,0.138705
6161,0.663739,0.138705
6162,0.663739,0.138705
6163,0.657731,0.134577
6164,0.625685,0.0969125
6165,0.607867,0.0916681
6166,0.538462,0.0982245
6167,0.50841,0.0968049
6168,0.528977,0.14545
6169,0.528977,0.14545
6170,0.528977,0.14545
6171,0.479398,0.124314
6172,0.479398,0.124314
6173,0.472793,0.0926293
6174,0.472793,0.0926293
6175,0.403491,0.0825817
6176,0.403491,0.0825817
6177,0.368421,0.0657273
6178,0.392774,0.0612083
6179,0.309355,0.0424895
6180,0.309355,0.0424895
6181,0.351976,0.0638779
6182,0.439212,0.081727
6183,0.439212,0.081727
6184,0.373693,0.0978538
6185,0.313952,0.14315
6186,0.370411,0.196652
6187,0.370411,0.196652
6188,0.370411,0.196652
6189,0.370411,0.196652
6190,0.460399,0.209191
6191,0.493308,0.206296
6192,0.516263,0.22816
6193,0.528607,0.2666
6194,0.483817,0.248156
6195,0.507564,0.250383
6196,0.507564,0.250383
6197,0.456182,0.248202
6198,0.456182,0.248202
6199,0.367035,0.230273
6200,0.400599,0.242521
6201,0.400599,0.242521
6202,0.384468,0.203342
6203,0.454171,0.178166
6204,0.373138,0.116785
6205,0.316995,0.153839
6206,0.359277,0.215608
6207,0.417015,0.222902
6208,0.319791,0.211738
6209,0.343387,0.255719
6210,0.343387,0.255719
6211,0.370933,0.214089
6212,0.493495,0.237265
6213,0.47267,0.272909
6214,0.498397,0.323149
6215,0.520542,0.393044
6216,0.535232,0.388601
6217,0.493038,0.295573
6218,0.493038,0.295573
6219,0.47929,0.362923
6220,0.455162,0.336317
6221,0.480476,0.40359
6222,0.486061,0.345382
6223,0.492215,0.417262
6224,0.518828,0.392221
6225,0.579868,0.387666
6226,0.506242,0.342486
6227,0.589975,0.337299
6228,0.589975,0.337299
6229,0.589975,0.337299
6230,0.568989,0.39414
6231,0.54647,0.424803
6232,0.54647,0.424803
6233,0.54647,0.424803
6234,0.601379,0.391313
6235,0.545135,0.428082
6236,0.594733,0.441019
6237,0.597932,0.436833
6238,0.551421,0.39034
6239,0.551421,0.39034
6240,0.551421,0.39034
6241,0.551421,0.39034
6242,0.572964,0.363965
6243,0.533001,0.351459
6244,0.533001,0.351459
6245,0.533001,0.351459
6246,0.562556,0.416099
6247,0.562556,0.416099
6248,0.502042,0.348213
6249,0.506895,0.301924
6250,0.502306,0.319055
6251,0.447257,0.27307
6252,0.397967,0.254346
6253,0.397967,0.254346
6254,0.397967,0.254346
6255,0.437377,0.308962
6256,0.437377,0.308962
6257,0.437377,0.308962
6258,0.38972,0.266006
6259,0.461882,0.327235
6260,0.459817,0.254314
6261,0.455924,0.2409
6262,0.484811,0.251687
6263,0.416756,0.20367
6264,0.416756,0.20367
6265,0.491226,0.166388
6266,0.491226,0.166388
6267,0.491226,0.166388
6268,0.453988,0.214021
6269,0.434497,0.110951
6270,0.45712,0.115742
6271,0.42615,0.129824
6272,0.42615,0.129824
6273,0.42615,0.129824
6274,0.42615,0.129824
6275,0.42615,0.129824
6276,0.417933,0.129661
6277,0.417933,0.129661
6278,0.404811,0.122693
6279,0.404811,0.122693
6280,0.410811,0.17327
6281,0.480543,0.15434
6282,0.450607,0.130248
6283,0.450607,0.130248
6284,0.448231,0.157148
6285,0.448231,0.157148
6286,0.383834,0.129658
6287,0.475789,0.183023
6288,0.475789,0.183023
6289,0.475789,0.183023
6290,0.437626,0.155942
6291,0.437626,0.155942
6292,0.471379,0.17693
6293,0.471379,0.17693
6294,0.495186,0.108416
6295,0.49779,0.104174
6296,0.49779,0.104174
6297,0.49779,0.104174
6298,0.466219,0.237731
6299,0.466219,0.237731
6300,0.466219,0.237731
6301,0.464737,0.203247
6302,0.4955,0.214208
6303,0.49675,0.168875
6304,0.49675,0.168875
6305,0.496396,0.174658
6306,0.496396,0.174658
6307,0.496396,0.174658
6308,0.420504,0.205485
6309,0.394011,0.165566
6310,0.356314,0.188026
6311,0.333167,0.192635
6312,0.359371,0.135427
6313,0.442729,0.057766
6314,0.389782,0.108598
6315,0.389782,0.108598
6316,0.389782,0.108598
6317,0.393281,0.153444
6318,0.342724,0.120393
6319,0.465886,0.0769593
6320,0.454201,0.0462884
6321,0.503268,0.0858986
6322,0.488822,0.0697784
6323,0.552744,0.124332
6324,0.552744,0.124332
6325,0.574628,0.091223
6326,0.574628,0.091223
6327,0.590355,0.0593165
6328,0.642724,0.107666
6329,0.554988,0.0668986
6330,0.554988,0.0668986
6331,0.573942,0.0624814
6332,0.601418,0.0234206
6333,0.590925,0.0489109
6334,0.590925,0.0489109
6335,0.551541,0.049084
6336,0.523689,0.101943
6337,0.51169,0.0583824
6338,0.50523,0.0457346
6339,0.510723,0.0200246
6340,0.547519,0.0755256
6341,0.545415,0.120972
6342,0.545415,0.120972
6343,0.540042,0.158127
6344,0.516307,0.191033
6345,0.462647,0.110139
6346,0.487664,0.139014
6347,0.487664,0.139014
6348,0.519027,0.110911
6349,0.473639,0.115368
6350,0.467101,0.19698
6351,0.529336,0.186947
6352,0.542117,0.187634
6353,0.539565,0.0887083
6354,0.502493,0.132745
6355,0.521708,0.148974
6356,0.57187,0.0990295
6357,0.51825,0.177362
6358,0.51825,0.177362
6359,0.582518,0.194362
6360,0.569228,0.181858
6361,0.55207,0.159106
6362,0.55207,0.159106
6363,0.573071,0.199374
6364,0.63333,0.16995
6365,0.664588,0.139328
6366,0.613437,0.182459
6367,0.623221,0.21129
6368,0.625752,0.253195
6369,0.531901,0.224085
6370,0.57029,0.197771
6371,0.57029,0.197771
6372,0.60292,0.238297
6373,0.621459,0.27732
6374,0.621459,0.27732
6375,0.597554,0.259748
6376,0.597554,0.259748
6377,0.597554,0.259748
6378,0.594192,0.238454
6379,0.573442,0.178011
6380,0.569642,0.1593
6381,0.550488,0.15327
6382,0.565872,0.161768
6383,0.434154,0.0900016
6384,0.413098,0.164505
6385,0.455924,0.0107839
6386,0.456529,0.025588
6387,0.480485,0.0108802
6388,0.512334,0.0157354
6389,0.604975,0.116776
6390,0.604975,0.116776
6391,0.539674,0.0989627
6392,0.504233,0.119964
6393,0.504233,0.119964
6394,0.40418,0.081147
6395,0.40418,0.081147
6396,0.337556,0.106068
6397,0.376243,0.150941
6398,0.383673,0.120944
6399,0.409087,0.158356
6400,0.409087,0.158356
6401,0.371406,0.155622
6402,0.387302,0.140238
6403,0.435351,0.143988
6404,0.387536,0.217772
6405,0.387536,0.217772
6406,0.358706,0.271843
6407,0.355627,0.25748
6408,0.342365,0.212309
6409,0.352675,0.236833
6410,0.352675,0.236833
6411,0.367481,0.197714
6412,0.403968,0.165739
6413,0.403968,0.165739
6414,0.41078,0.111468
6415,0.34992,0.1156
6416,0.348608,0.123587
6417,0.329613,0.166754
6418,0.329613,0.166754
6419,0.282938,0.136969
6420,0.320326,0.153188
6421,0.27174,0.14509
6422,0.267674,0.237347
6423,0.247039,0.219984
6424,0.249851,0.193232
6425,0.249851,0.193232
6426,0.249851,0.193232
6427,0.249851,0.193232
6428,0.249851,0.193232
6429,0.249851,0.193232
6430,0.250995,0.189346
6431,0.250995,0.189346
6432,0.249779,0.212586
6433,0.23541,0.162765
6434,0.224657,0.108671
6435,0.224657,0.108671
6436,0.294325,0.15223
6437,0.318445,0.222213
6438,0.318445,0.222213
6439,0.240719,0.255294
6440,0.240719,0.255294
6441,0.28507,0.249607
6442,0.245682,0.195364
6443,0.204975,0.251887
6444,0.24322,0.209594
6445,0.25292,0.228331
6446,0.25292,0.228331
6447,0.24724,0.208113
6448,0.234952,0.281686
6449,0.234952,0.281686
6450,0.250024,0.209356
6451,0.250024,0.209356
6452,0.250024,0.209356
6453,0.224987,0.250136
6454,0.219497,0.29302
6455,0.17537,0.319968
6456,0.26758,0.347497
6457,0.311398,0.277684
6458,0.247614,0.327104
6459,0.297847,0.380414
6460,0.300089,0.310673
6461,0.273166,0.356143
6462,0.229674,0.390025
6463,0.227268,0.351393
6464,0.243513,0.439797
6465,0.243513,0.439797
6466,0.265116,0.385774
6467,0.295982,0.422206
6468,0.295982,0.422206
6469,0.323315,0.433569
6470,0.300513,0.435385
6471,0.300513,0.435385
6472,0.287833,0.461777
6473,0.34088,0.459141
6474,0.275553,0.458136
6475,0.275553,0.458136
6476,0.275553,0.458136
6477,0.273595,0.416761
6478,0.331599,0.410283
6479,0.360179,0.410232
6480,0.380322,0.355171
6481,0.322766,0.356197
6482,0.386247,0.330599
6483,0.386247,0.330599
6484,0.399325,0.370871
6485,0.434301,0.377707
6486,0.442316,0.422242
6487,0.509041,0.369654
6488,0.472744,0.437926
6489,0.472744,0.437926
6490,0.472744,0.437926
6491,0.472744,0.437926
6492,0.482752,0.470004
6493,0.482752,0.470004
6494,0.456094,0.477571
6495,0.410618,0.472805
6496,0.397385,0.505462
6497,0.397385,0.505462
6498,0.397385,0.505462
6499,0.433079,0.496644
6500,0.365265,0.50289
6501,0.448097,0.489837
6502,0.448097,0.489837
6503,0.39155,0.527437
6504,0.434223,0.445226
6505,0.494058,0.468141
6506,0.511605,0.484059
6507,0.450913,0.413527
6508,0.417272,0.437008
6509,0.407231,0.386367
6510,0.407856,0.399468
6511,0.407856,0.399468
6512,0.425905,0.345646
6513,0.403236,0.356437
6514,0.403236,0.356437
6515,0.339345,0.393324
6516,0.297656,0.396212
6517,0.333749,0.499629
6518,0.333749,0.499629
6519,0.333749,0.499629
6520,0.395381,0.51745
6521,0.4398,0.546337
6522,0.442722,0.513643
6523,0.428793,0.478431
6524,0.429453,0.500325
6525,0.437771,0.527953
6526,0.437771,0.527953
6527,0.494004,0.474794
6528,0.434235,0.438184
6529,0.434235,0.438184
6530,0.429296,0.441602
6531,0.377501,0.432959
6532,0.377501,0.432959
6533,0.377501,0.432959
6534,0.371209,0.45198
6535,0.294886,0.501168
6536,0.294886,0.501168
6537,0.294886,0.501168
6538,0.340684,0.425552
6539,0.340684,0.425552
6540,0.340684,0.425552
6541,0.340684,0.425552
6542,0.340684,0.425552
6543,0.340684,0.425552
6544,0.340684,0.425552
6545,0.366657,0.458956
6546,0.285702,0.460931
6547,0.322029,0.533055
6548,0.351993,0.491419
6549,0.300063,0.456781
6550,0.359049,0.394439
6551,0.329932,0.376528
6552,0.332727,0.437074
6553,0.332727,0.437074
6554,0.35392,0.493109
6555,0.421029,0.433617
6556,0.421029,0.433617
6557,0.421029,0.433617
6558,0.421029,0.433617
6559,0.371377,0.444409
6560,0.318522,0.456009
6561,0.318522,0.456009
6562,0.318522,0.456009
6563,0.303089,0.469642
6564,0.318236,0.426406
6565,0.318236,0.426406
6566,0.326485,0.469119
6567,0.308835,0.448103
6568,0.28419,0.480532
6569,0.330121,0.537162
6570,0.275755,0.542081
6571,0.275755,0.542081
6572,0.237349,0.596407
6573,0.229,0.609086
6574,0.267789,0.584851
6575,0.376899,0.578963
6576,0.368243,0.572161
6577,0.368243,0.572161
6578,0.35784,0.577362
6579,0.355822,0.498575
6580,0.381233,0.566056
6581,0.398385,0.541837
6582,0.366597,0.561648
6583,0.311487,0.564339
6584,0.288495,0.493394
6585,0.288495,0.493394
6586,0.288495,0.493394
6587,0.332488,0.521444
6588,0.330216,0.466183
6589,0.267107,0.509468
6590,0.267107,0.509468
6591,0.267107,0.509468
6592,0.267107,0.509468
6593,0.267107,0.509468
6594,0.267107,0.509468
6595,0.235119,0.555248
6596,0.235119,0.555248
6597,0.235119,0.555248
6598,0.235119,0.555248
6599,0.296597,0.533677
6600,0.296597,0.533677
6601,0.339874,0.570193
6602,0.306961,0.534323
6603,0.306961,0.534323
6604,0.26037,0.518407
6605,0.26037,0.518407
6606,0.285571,0.451615
6607,0.290556,0.487958
6608,0.290556,0.487958
6609,0.242361,0.455377
6610,0.248173,0.437382
6611,0.299325,0.377675
6612,0.269133,0.420481
6613,0.290227,0.413422
6614,0.290227,0.413422
6615,0.290227,0.413422
6616,0.340393,0.448551
6617,0.303396,0.487959
6618,0.313158,0.441808
6619,0.245262,0.378703
6620,0.265205,0.397654
6621,0.355409,0.407902
6622,0.376873,0.418679
6623,0.371522,0.401363
6624,0.346258,0.411698
6625,0.383211,0.445076
6626,0.330325,0.414513
6627,0.330325,0.414513
6628,0.316624,0.375991
6629,0.347233,0.378854
6630,0.356007,0.427034
6631,0.266401,0.42853
6632,0.322111,0.430852
6633,0.322111,0.430852
6634,0.299637,0.493178
6635,0.293005,0.474211
6636,0.263416,0.430093
6637,0.30297,0.454133
6638,0.30297,0.454133
6639,0.290831,0.412984
6640,0.3435,0.442496
6641,0.287792,0.452676
6642,0.287792,0.452676
6643,0.246915,0.473112
6644,0.29064,0.498777
6645,0.29064,0.498777
6646,0.253055,0.530003
6647,0.234603,0.568479
6648,0.312424,0.564406
6649,0.312424,0.564406
6650,0.312424,0.564406
6651,0.320206,0.499523
6652,0.338252,0.577644
6653,0.338252,0.577644
6654,0.33267,0.639309
6655,0.267053,0.628292
6656,0.272909,0.660036
6657,0.262823,0.607182
6658,0.262823,0.607182
6659,0.242359,0.624717
6660,0.257814,0.597621
6661,0.230778,0.59137
6662,0.230778,0.59137
6663,0.230778,0.59137
6664,0.230778,0.59137
6665,0.227107,0.597576
6666,0.161836,0.655311
6667,0.205795,0.624056
6668,0.192802,0.611084
6669,0.192802,0.611084
6670,0.263796,0.582115
6671,0.263853,0.535774
6672,0.233681,0.623871
6673,0.23903,0.611505
6674,0.284526,0.619739
6675,0.256145,0.562056
6676,0.149009,0.605293
6677,0.218501,0.645662
6678,0.311381,0.573525
6679,0.276263,0.542488
6680,0.248914,0.551037
6681,0.266006,0.614889
6682,0.336581,0.602761
6683,0.336581,0.602761
6684,0.336581,0.602761
6685,0.35498,0.544078
6686,0.35498,0.544078
6687,0.35498,0.544078
6688,0.391589,0.589882
6689,0.391589,0.589882
6690,0.317722,0.497843
6691,0.36192,0.555976
6692,0.36192,0.555976
6693,0.36192,0.555976
6694,0.305876,0.532841
6695,0.378176,0.574261
6696,0.378176,0.574261
6697,0.378176,0.574261
6698,0.344299,0.548849
6699,0.360943,0.446815
6700,0.37048,0.464239
6701,0.411165,0.432683
6702,0.430585,0.414672
6703,0.419245,0.438297
6704,0.469474,0.432263
6705,0.516794,0.402123
6706,0.502491,0.392572
6707,0.502491,0.392572
6708,0.486977,0.420821
6709,0.556444,0.411282
6710,0.51443,0.45573
6711,0.537196,0.470083
6712,0.581171,0.464871
6713,0.581053,0.495003
6714,0.559442,0.453244
6715,0.572385,0.467051
6716,0.588573,0.470967
6717,0.522916,0.376577
6718,0.592701,0.431554
6719,0.581446,0.46235
6720,0.619836,0.485124
6721,0.619836,0.485124
6722,0.571845,0.410463
6723,0.614927,0.37894
6724,0.59599,0.325108
6725,0.59599,0.325108
6726,0.620247,0.332877
6727,0.610585,0.418006
6728,0.548394,0.321056
6729,0.548394,0.321056
6730,0.548394,0.321056
6731,0.548394,0.321056
6732,0.561986,0.213446
6733,0.561986,0.213446
6734,0.552828,0.283281
6735,0.571684,0.358038
6736,0.571684,0.358038
6737,0.571684,0.358038
6738,0.557144,0.340297
6739,0.57966,0.224066
6740,0.57966,0.224066
6741,0.500858,0.252626
6742,0.505705,0.289276
6743,0.50865,0.271485
6744,0.434533,0.265638
6745,0.428712,0.265166
6746,0.438026,0.285192
6747,0.438026,0.285192
6748,0.438026,0.285192
6749,0.438026,0.285192
6750,0.369287,0.34584
6751,0.395198,0.308683
6752,0.395198,0.308683
6753,0.474841,0.312184
6754,0.458772,0.277031
6755,0.52965,0.297366
6756,0.514478,0.279932
6757,0.474723,0.288898
6758,0.511278,0.260384
6759,0.547656,0.211122
6760,0.539139,0.264236
6761,0.543879,0.256097
6762,0.515448,0.256798
6763,0.515448,0.256798
6764,0.515448,0.256798
6765,0.424872,0.248908
6766,0.376869,0.334
6767,0.390061,0.330403
6768,0.390061,0.330403
6769,0.386665,0.333544
6770,0.461703,0.378172
6771,0.461703,0.378172
6772,0.595137,0.354371
6773,0.546889,0.365112
6774,0.545674,0.409483
6775,0.567646,0.332881
6776,0.549202,0.362017
6777,0.549202,0.362017
6778,0.549202,0.362017
6779,0.571642,0.323981
6780,0.57658,0.303492
6781,0.57658,0.303492
6782,0.574927,0.320844
6783,0.552063,0.286245
6784,0.552063,0.286245
6785,0.623148,0.288504
6786,0.526268,0.33112
6787,0.459936,0.321411
6788,0.4681,0.311773
6789,0.431368,0.351038
6790,0.431368,0.351038
6791,0.41981,0.394837
6792,0.447226,0.424461
6793,0.487122,0.383023
6794,0.489177,0.384344
6795,0.454901,0.3823
6796,0.352631,0.365771
6797,0.352631,0.365771
6798,0.401241,0.3109
6799,0.374411,0.332804
6800,0.40564,0.349282
6801,0.461489,0.382762
6802,0.501699,0.381501
6803,0.478283,0.332214
6804,0.532962,0.320663
6805,0.532962,0.320663
6806,0.557876,0.404906
6807,0.557544,0.436904
6808,0.592084,0.423624
6809,0.556566,0.427014
6810,0.563312,0.447931
6811,0.563312,0.447931
6812,0.563312,0.447931
6813,0.583682,0.419307
6814,0.552819,0.448321
6815,0.521501,0.553039
6816,0.521501,0.553039
6817,0.522344,0.499634
6818,0.433893,0.496392
6819,0.448794,0.405429
6820,0.447394,0.427961
6821,0.447394,0.427961
6822,0.514589,0.458298
6823,0.514589,0.458298
6824,0.580781,0.396855
6825,0.552896,0.415606
6826,0.513811,0.393569
6827,0.540421,0.4171
6828,0.540421,0.4171
6829,0.446082,0.352521
6830,0.446604,0.354796
6831,0.522308,0.363295
6832,0.527972,0.373198
6833,0.527972,0.373198
6834,0.538321,0.367824
6835,0.584227,0.307021
6836,0.524214,0.338207
6837,0.540558,0.302422
6838,0.540558,0.302422
6839,0.528198,0.367632
6840,0.514581,0.347755
6841,0.505885,0.365349
6842,0.505885,0.365349
6843,0.459851,0.359635
6844,0.459851,0.359635
6845,0.459851,0.359635
6846,0.442027,0.411145
6847,0.447064,0.437951
6848,0.37066,0.504916
6849,0.324225,0.440022
6850,0.324225,0.440022
6851,0.324225,0.440022
6852,0.327696,0.413663
6853,0.314659,0.387866
6854,0.375451,0.353905
6855,0.377419,0.310924
6856,0.334138,0.319908
6857,0.345306,0.393255
6858,0.336567,0.385914
6859,0.41522,0.414741
6860,0.41522,0.414741
6861,0.367194,0.445241
6862,0.387044,0.465816
6863,0.399311,0.497811
6864,0.359418,0.527528
6865,0.410219,0.519126
6866,0.410219,0.519126
6867,0.364419,0.605778
6868,0.414768,0.575477
6869,0.356895,0.553015
6870,0.324109,0.595147
6871,0.324109,0.595147
6872,0.297689,0.578304
6873,0.282055,0.616856
6874,0.29086,0.63434
6875,0.301451,0.597211
6876,0.313017,0.620107
6877,0.311757,0.636927
6878,0.311757,0.636927
6879,0.349121,0.613415
6880,0.346074,0.614076
6881,0.346074,0.614076
6882,0.346074,0.614076
6883,0.319913,0.551139
6884,0.347819,0.523427
6885,0.362225,0.519087
6886,0.362225,0.519087
6887,0.362225,0.519087
6888,0.358682,0.514721
6889,0.358682,0.514721
6890,0.357531,0.588784
6891,0.36481,0.509923
6892,0.36481,0.509923
6893,0.36481,0.509923
6894,0.355711,0.583335
6895,0.359789,0.537166
6896,0.341214,0.565937
6897,0.263434,0.594653
6898,0.263434,0.594653
6899,0.265407,0.549222
6900,0.243702,0.460656
6901,0.222301,0.474793
6902,0.222301,0.474793
6903,0.198032,0.371889
6904,0.169085,0.365783
6905,0.169085,0.365783
6906,0.23024,0.362335
6907,0.238719,0.364368
6908,0.238719,0.364368
6909,0.308107,0.390252
6910,0.317862,0.399427
6911,0.351997,0.378445
6912,0.30854,0.454873
6913,0.331454,0.443039
6914,0.32611,0.420212
6915,0.228935,0.370947
6916,0.247859,0.372739
6917,0.247859,0.372739
6918,0.247859,0.372739
6919,0.25065,0.405216
6920,0.25065,0.405216
6921,0.25065,0.405216
6922,0.245641,0.335368
6923,0.245641,0.335368
6924,0.254536,0.408041
6925,0.302915,0.411641
6926,0.297306,0.411698
6927,0.20725,0.475349
6928,0.177255,0.41863
6929,0.177255,0.41863
6930,0.249156,0.427832
6931,0.23144,0.384939
6932,0.155142,0.440492
6933,0.215454,0.466046
6934,0.259854,0.413689
6935,0.259854,0.413689
6936,0.308204,0.432602
6937,0.347722,0.439038
6938,0.276039,0.456118
6939,0.306316,0.522397
6940,0.306316,0.522397
6941,0.306316,0.522397
6942,0.333163,0.576524
6943,0.30215,0.557593
6944,0.302553,0.544361
6945,0.2636,0.557721
6946,0.237443,0.550558
6947,0.215103,0.567182
6948,0.241729,0.502131
6949,0.239944,0.464255
6950,0.266293,0.49196
6951,0.245643,0.394086
6952,0.294533,0.416247
6953,0.283934,0.398572
6954,0.217785,0.364508
6955,0.34738,0.337349
6956,0.34738,0.337349
6957,0.317424,0.377333
6958,0.317424,0.377333
6959,0.248086,0.451129
6960,0.246599,0.485606
6961,0.220555,0.501654
6962,0.323761,0.500842
6963,0.346453,0.497431
6964,0.40294,0.506591
6965,0.40294,0.506591
6966,0.396959,0.529902
6967,0.348403,0.53161
6968,0.333105,0.534718
6969,0.294328,0.491519
6970,0.294328,0.491519
6971,0.409988,0.603874
6972,0.409988,0.603874
6973,0.422905,0.55181
6974,0.447175,0.606647
6975,0.425751,0.539503
6976,0.451859,0.51245
6977,0.476066,0.527927
6978,0.476066,0.527927
6979,0.535365,0.528219
6980,0.459955,0.506978
6981,0.459955,0.506978
6982,0.459955,0.506978
6983,0.459955,0.506978
6984,0.459955,0.506978
6985,0.459955,0.506978
6986,0.459955,0.506978
6987,0.463457,0.49394
6988,0.508143,0.419038
6989,0.49436,0.392726
6990,0.447813,0.480759
6991,0.447813,0.480759
6992,0.444115,0.442514
6993,0.491644,0.51844
6994,0.455743,0.5703
6995,0.540638,0.548146
6996,0.469876,0.577722
6997,0.51186,0.564565
6998,0.533263,0.562446
6999,0.523968,0.559007
7000,0.523968,0.559007
7001,0.523968,0.559007
7002,0.523968,0.559007
7003,0.505316,0.498975
7004,0.505316,0.498975
7005,0.514561,0.478426
7006,0.514561,0.478426
7007,0.552459,0.500091
7008,0.571272,0.489944
7009,0.571272,0.489944
7010,0.571272,0.489944
7011,0.549346,0.492529
7012,0.50245,0.547909
7013,0.50245,0.547909
7014,0.50245,0.547909
7015,0.492569,0.486075
7016,0.546043,0.534696
7017,0.575975,0.554854
7018,0.568347,0.565982
7019,0.568347,0.565982
7020,0.608081,0.537758
7021,0.608206,0.556975
7022,0.622833,0.484197
7023,0.576351,0.447425
7024,0.607682,0.447286
7025,0.607682,0.447286
7026,0.664078,0.500885
7027,0.577349,0.525981
7028,0.584048,0.549199
7029,0.540103,0.438191
7030,0.540103,0.438191
7031,0.540103,0.438191
7032,0.540103,0.438191
7033,0.473798,0.432763
7034,0.493109,0.39268
7035,0.493109,0.39268
7036,0.493109,0.39268
7037,0.421654,0.46473
7038,0.421654,0.46473
7039,0.431891,0.528371
7040,0.431891,0.528371
7041,0.440475,0.523945
7042,0.440475,0.523945
7043,0.467714,0.564284
7044,0.50725,0.500359
7045,0.396485,0.526068
7046,0.396485,0.526068
7047,0.396485,0.526068
7048,0.366551,0.550787
7049,0.399233,0.55433
7050,0.459075,0.574806
7051,0.49858,0.573408
7052,0.477677,0.605544
7053,0.477677,0.605544
7054,0.401861,0.669666
7055,0.434455,0.630737
7056,0.434455,0.630737
7057,0.434455,0.630737
7058,0.434455,0.630737
7059,0.504676,0.586706
7060,0.525885,0.475943
7061,0.494364,0.589343
7062,0.51507,0.518834
7063,0.493417,0.476339
7064,0.558605,0.364875
7065,0.558605,0.364875
7066,0.506136,0.369782
7067,0.522103,0.303425
7068,0.570304,0.316382
7069,0.584446,0.332027
7070,0.541159,0.283209
7071,0.553441,0.285055
7072,0.58078,0.33294
7073,0.641988,0.273421
7074,0.615244,0.333073
7075,0.601515,0.322306
7076,0.616839,0.391722
7077,0.616839,0.391722
7078,0.616839,0.391722
7079,0.552225,0.390103
7080,0.520352,0.346697
7081,0.520352,0.346697
7082,0.499583,0.307662
7083,0.586944,0.328496
7084,0.552826,0.362837
7085,0.477877,0.402951
7086,0.425936,0.383139
7087,0.425936,0.383139
7088,0.401217,0.454033
7089,0.461388,0.392321
7090,0.461388,0.392321
7091,0.461388,0.392321
7092,0.497661,0.432464
7093,0.463527,0.373122
7094,0.405127,0.332343
7095,0.3695,0.21958
7096,0.38508,0.291648
7097,0.38508,0.291648
7098,0.421812,0.346879
7099,0.421812,0.346879
7100,0.429221,0.354121
7101,0.471737,0.429587
7102,0.42552,0.397852
7103,0.4683,0.34555
7104,0.515766,0.308884
7105,0.550212,0.330465
7106,0.550212,0.330465
7107,0.550212,0.330465
7108,0.548361,0.288971
7109,0.549263,0.307721
7110,0.574311,0.254475
7111,0.574311,0.254475
7112,0.574311,0.254475
7113,0.578612,0.223017
7114,0.564899,0.270265
7115,0.537238,0.298219
7116,0.513176,0.280674
7117,0.515677,0.275657
7118,0.549079,0.300435
7119,0.583774,0.269889
7120,0.524425,0.323224
7121,0.543683,0.34506
7122,0.549867,0.367663
7123,0.530522,0.335373
7124,0.531047,0.408737
7125,0.531047,0.408737
7126,0.43597,0.482807
7127,0.394291,0.531172
7128,0.307872,0.404217
7129,0.307872,0.404217
7130,0.248635,0.437515
7131,0.206557,0.429706
7132,0.212991,0.446937
7133,0.171953,0.41735
7134,0.171953,0.41735
7135,0.101417,0.404899
7136,0.0861148,0.441157
7137,0.0697114,0.382507
7138,0.0697114,0.382507
7139,0.0488284,0.410736
7140,0.0497404,0.380595
7141,0.0497404,0.380595
7142,0.0497404,0.380595
7143,0.093151,0.380738
7144,0.0909315,0.455848
7145,0.130362,0.395131
7146,0.130362,0.395131
7147,0.196499,0.448184
7148,0.153743,0.411974
7149,0.201185,0.347619
7150,0.157556,0.346039
7151,0.107913,0.400601
7152,0.0841235,0.338572
7153,0.0610265,0.365663
7154,0.138705,0.395668
7155,0.188953,0.400432
7156,0.197632,0.430862
7157,0.259062,0.457891
7158,0.271909,0.488509
7159,0.271909,0.488509
7160,0.307587,0.436152
7161,0.313775,0.501897
7162,0.321866,0.520783
7163,0.317475,0.51231
7164,0.312734,0.535697
7165,0.312734,0.535697
7166,0.283951,0.554765
7167,0.283951,0.554765
7168,0.222803,0.571551
7169,0.222803,0.571551
7170,0.246607,0.521238
7171,0.246607,0.521238
7172,0.246607,0.521238
7173,0.237407,0.515135
7174,0.228539,0.529771
7175,0.228539,0.529771
7176,0.228539,0.529771
7177,0.235745,0.524392
7178,0.248875,0.542655
7179,0.259967,0.578351
7180,0.259967,0.578351
7181,0.278005,0.590049
7182,0.274644,0.592101
7183,0.319595,0.589961
7184,0.319595,0.589961
7185,0.319595,0.589961
7186,0.319595,0.589961
7187,0.228705,0.492142
7188,0.228705,0.492142
7189,0.228705,0.492142
7190,0.240706,0.574908
7191,0.240706,0.574908
7192,0.210635,0.52145
7193,0.206002,0.522669
7194,0.249764,0.527619
7195,0.215447,0.543772
7196,0.207982,0.53732
7197,0.18668,0.527919
7198,0.211123,0.518558
7199,0.199431,0.555738
7200,0.249133,0.604025
7201,0.192221,0.628824
7202,0.125856,0.584887
7203,0.125856,0.584887
7204,0.105668,0.627894
7205,0.129411,0.601365
7206,0.182754,0.585742
7207,0.182754,0.585742
7208,0.182754,0.585742
7209,0.15303,0.546955
7210,0.192354,0.461512
7211,0.19588,0.486952
7212,0.211751,0.527564
7213,0.211751,0.527564
7214,0.228684,0.546098
7215,0.261679,0.573584
7216,0.301493,0.618594
7217,0.339162,0.633084
7218,0.377801,0.534477
7219,0.377801,0.534477
7220,0.377801,0.534477
7221,0.342049,0.449977
7222,0.382904,0.433545
7223,0.319008,0.380894
7224,0.309192,0.350563
7225,0.286056,0.308661
7226,0.270574,0.338391
7227,0.270574,0.338391
7228,0.270574,0.338391
7229,0.278016,0.435317
7230,0.316203,0.479469
7231,0.356695,0.512336
7232,0.366052,0.485958
7233,0.436418,0.547574
7234,0.371366,0.482789
7235,0.437949,0.466577
7236,0.376762,0.467013
7237,0.364485,0.465114
7238,0.369701,0.478243
7239,0.413355,0.523817
7240,0.327695,0.483391
7241,0.374358,0.446697
7242,0.343621,0.393465
7243,0.312979,0.470882
7244,0.351185,0.470988
7245,0.371642,0.457564
7246,0.418021,0.465794
7247,0.418021,0.465794
7248,0.433747,0.422966
7249,0.472612,0.448963
7250,0.447947,0.454384
7251,0.431572,0.406363
7252,0.421214,0.438975
7253,0.469841,0.44627
7254,0.42815,0.359406
7255,0.42815,0.359406
7256,0.343134,0.357556
7257,0.343134,0.357556
7258,0.400811,0.397565
7259,0.411613,0.343703
7260,0.429135,0.375315
7261,0.339759,0.329813
7262,0.366561,0.360984
7263,0.366561,0.360984
7264,0.366561,0.360984
7265,0.356479,0.401539
7266,0.350299,0.409042
7267,0.372198,0.439745
7268,0.386986,0.462346
7269,0.38676,0.407218
7270,0.34726,0.39685
7271,0.389686,0.379949
7272,0.39709,0.448948
7273,0.382268,0.404413
7274,0.337017,0.442922
7275,0.387988,0.49084
7276,0.387988,0.49084
7277,0.3227,0.423604
7278,0.321643,0.430775
7279,0.447368,0.450871
7280,0.442908,0.460809
7281,0.443526,0.368264
7282,0.476489,0.435344
7283,0.485819,0.455548
7284,0.461305,0.497741
7285,0.417368,0.454036
7286,0.419855,0.492401
7287,0.456576,0.526315
7288,0.42971,0.538264
7289,0.459423,0.499112
7290,0.445122,0.459891
7291,0.436535,0.4916
7292,0.350094,0.517282
7293,0.388608,0.484538
7294,0.323423,0.440901
7295,0.421934,0.387363
7296,0.421934,0.387363
7297,0.443657,0.457401
7298,0.443657,0.457401
7299,0.441742,0.500127
7300,0.381531,0.407809
7301,0.387121,0.438468
7302,0.400925,0.507851
7303,0.439684,0.447211
7304,0.439684,0.447211
7305,0.459478,0.426115
7306,0.450226,0.483044
7307,0.47415,0.499067
7308,0.52523,0.467735
7309,0.571912,0.460514
7310,0.537526,0.387516
7311,0.489804,0.452073
7312,0.485679,0.37666
7313,0.485679,0.37666
7314,0.511675,0.336253
7315,0.503206,0.30459
7316,0.507468,0.242545
7317,0.533156,0.219038
7318,0.514424,0.233937
7319,0.525044,0.269241
7320,0.547777,0.191636
7321,0.547777,0.191636
7322,0.528246,0.0950814
7323,0.5392,0.139195
7324,0.5392,0.139195
7325,0.553303,0.172583
7326,0.553303,0.172583
7327,0.539064,0.16635
7328,0.569402,0.242461
7329,0.627616,0.223197
7330,0.611993,0.287072
7331,0.689681,0.225444
7332,0.588621,0.15903
7333,0.569735,0.151916
7334,0.597735,0.217676
7335,0.597735,0.217676
7336,0.582959,0.240843
7337,0.627677,0.243921
7338,0.643599,0.331965
7339,0.604189,0.35093
7340,0.595057,0.299416
7341,0.595057,0.299416
7342,0.559394,0.359363
7343,0.577215,0.342676
7344,0.577215,0.342676
7345,0.608612,0.379033
7346,0.590734,0.364871
7347,0.590734,0.364871
7348,0.590734,0.364871
7349,0.547609,0.262343
7350,0.54909,0.327024
7351,0.522889,0.241985
7352,0.519382,0.200746
7353,0.485353,0.161352
7354,0.549137,0.188697
7355,0.549137,0.188697
7356,0.555963,0.205326
7357,0.555963,0.205326
7358,0.541466,0.122158
7359,0.522185,0.101837
7360,0.528921,0.0756501
7361,0.5505,0.0433543
7362,0.620463,0.0389717
7363,0.602109,0.0195489
7364,0.564032,0.0761759
7365,0.564032,0.0761759
7366,0.582605,0.0663381
7367,0.608954,0.0671244
7368,0.58601,0.0423352
7369,0.58601,0.0423352
7370,0.549889,0.083189
7371,0.541847,0.0464182
7372,0.547643,0.0515111
7373,0.478623,0.0715285
7374,0.56315,0.0743675
7375,0.56315,0.0743675
7376,0.563181,0.0823406
7377,0.593156,0.0806876
7378,0.514198,0.134954
7379,0.514198,0.134954
7380,0.514198,0.134954
7381,0.60037,0.168041
7382,0.580608,0.109998
7383,0.580608,0.109998
7384,0.540537,0.165028
7385,0.498702,0.135708
7386,0.503723,0.243704
7387,0.503723,0.243704
7388,0.530414,0.147142
7389,0.51385,0.186646
7390,0.499443,0.146849
7391,0.506125,0.215828
7392,0.519167,0.13639
7393,0.550685,0.128128
7394,0.574821,0.128789
7395,0.517435,0.165316
7396,0.517435,0.165316
7397,0.474375,0.118896
7398,0.474375,0.118896
7399,0.523813,0.173981
7400,0.587473,0.177675
7401,0.568237,0.158973
7402,0.582695,0.118489
7403,0.582695,0.118489
7404,0.568025,0.1491
7405,0.547251,0.168121
7406,0.547251,0.168121
7407,0.547251,0.168121
7408,0.543322,0.225782
7409,0.543322,0.225782
7410,0.480733,0.238196
7411,0.585355,0.253952
7412,0.608593,0.196856
7413,0.602075,0.211652
7414,0.58791,0.132621
7415,0.552034,0.210449
7416,0.627873,0.223242
7417,0.576706,0.208817
7418,0.549162,0.196902
7419,0.575354,0.240025
7420,0.575301,0.223314
7421,0.575301,0.223314
7422,0.549401,0.211734
7423,0.516725,0.29116
7424,0.512556,0.280253
7425,0.553248,0.236153
7426,0.526039,0.24334
7427,0.465034,0.211305
7428,0.510115,0.215426
7429,0.440203,0.259541
7430,0.427894,0.22923
7431,0.397511,0.158051
7432,0.397511,0.158051
7433,0.376028,0.157753
7434,0.373499,0.125621
7435,0.342628,0.146613
7436,0.342628,0.146613
7437,0.3342,0.119578
7438,0.3342,0.119578
7439,0.319826,0.154503
7440,0.311294,0.0721114
7441,0.311294,0.0721114
7442,0.311294,0.0721114
7443,0.311294,0.0721114
7444,0.307637,0.0713918
7445,0.338363,0.179848
7446,0.338363,0.179848
7447,0.338363,0.179848
7448,0.387883,0.19608
7449,0.387883,0.19608
7450,0.422526,0.219871
7451,0.422526,0.219871
7452,0.422526,0.219871
7453,0.432973,0.271169
7454,0.432973,0.271169
7455,0.465455,0.268597
7456,0.465455,0.268597
7457,0.477325,0.286013
7458,0.477325,0.286013
7459,0.477325,0.286013
7460,0.424215,0.339837
7461,0.390257,0.280725
7462,0.432215,0.288635
7463,0.483056,0.231184
7464,0.483056,0.231184
7465,0.483056,0.231184
7466,0.455561,0.209055
7467,0.496165,0.231013
7468,0.496165,0.231013
7469,0.476853,0.272793
7470,0.476853,0.272793
7471,0.462626,0.231985
7472,0.462626,0.231985
7473,0.458812,0.233084
7474,0.490839,0.275372
7475,0.478043,0.257159
7476,0.431821,0.219625
7477,0.486066,0.278814
7478,0.47935,0.184859
7479,0.412016,0.233343
7480,0.384682,0.215243
7481,0.371668,0.192563
7482,0.385396,0.240811
7483,0.394683,0.222978
7484,0.394683,0.222978
7485,0.419076,0.218082
7486,0.385816,0.201627
7487,0.385816,0.201627
7488,0.348311,0.205198
7489,0.355033,0.192518
7490,0.339644,0.324037
7491,0.311724,0.273921
7492,0.272044,0.302219
7493,0.2877,0.305968
7494,0.276644,0.289222
7495,0.197903,0.325911
7496,0.197903,0.325911
7497,0.180309,0.359059
7498,0.136687,0.379598
7499,0.13832,0.416292
7500,0.075975,0.426451
7501,0.075975,0.426451
7502,0.0956281,0.487615
7503,0.106471,0.382837
7504,0.140286,0.341391
7505,0.183429,0.322666
7506,0.252138,0.254482
7507,0.252138,0.254482
7508,0.252138,0.254482
7509,0.310897,0.277966
7510,0.310897,0.277966
7511,0.321053,0.250504
7512,0.321053,0.250504
7513,0.318747,0.251553
7514,0.318747,0.251553
7515,0.304464,0.342014
7516,0.246588,0.329294
7517,0.242462,0.302168
7518,0.242462,0.302168
7519,0.259802,0.336546
7520,0.259802,0.336546
7521,0.31868,0.364146
7522,0.31868,0.364146
7523,0.31868,0.364146
7524,0.287048,0.300852
7525,0.296643,0.258575
7526,0.282867,0.278678
7527,0.343286,0.297167
7528,0.343286,0.297167
7529,0.312922,0.241308
7530,0.312922,0.241308
7531,0.346941,0.256272
7532,0.342616,0.191899
7533,0.342616,0.191899
7534,0.400302,0.239297
7535,0.400302,0.239297
7536,0.406416,0.312203
7537,0.358143,0.254571
7538,0.358143,0.254571
7539,0.358143,0.254571
7540,0.388385,0.288114
7541,0.481141,0.261522
7542,0.443338,0.246117
7543,0.448731,0.249217
7544,0.448731,0.249217
7545,0.455045,0.222325
7546,0.515403,0.280911
7547,0.552877,0.243748
7548,0.577345,0.231705
7549,0.514113,0.266954
7550,0.519095,0.225365
7551,0.481598,0.209979
7552,0.431133,0.176545
7553,0.503947,0.250775
7554,0.525157,0.256544
7555,0.525157,0.256544
7556,0.525157,0.256544
7557,0.481151,0.28862
7558,0.495293,0.31934
7559,0.442211,0.323763
7560,0.461998,0.388602
7561,0.401383,0.453086
7562,0.370553,0.441605
7563,0.370553,0.441605
7564,0.463664,0.453875
7565,0.432855,0.453464
7566,0.477096,0.456596
7567,0.477096,0.456596
7568,0.43489,0.39081
7569,0.422451,0.455621
7570,0.446129,0.425863
7571,0.431107,0.387405
7572,0.431107,0.387405
7573,0.365197,0.41477
7574,0.337301,0.427713
7575,0.417752,0.431021
7576,0.361404,0.407618
7577,0.361404,0.407618
7578,0.281665,0.443981
7579,0.257227,0.45277
7580,0.257227,0.45277
7581,0.251899,0.48189
7582,0.313346,0.49449
7583,0.313346,0.49449
7584,0.28131,0.355431
7585,0.426311,0.439183
7586,0.459609,0.407316
7587,0.459609,0.407316
7588,0.459609,0.407316
7589,0.4136,0.359259
7590,0.395663,0.357605
7591,0.428117,0.406438
7592,0.377884,0.423886
7593,0.359848,0.480438
7594,0.352107,0.430746
7595,0.425361,0.353583
7596,0.425361,0.353583
7597,0.425361,0.353583
7598,0.427192,0.422276
7599,0.420607,0.357565
7600,0.420607,0.357565
7601,0.356418,0.31539
7602,0.321308,0.373779
7603,0.312727,0.386656
7604,0.279982,0.391432
7605,0.277649,0.417579
7606,0.293467,0.487142
7607,0.259012,0.464729
7608,0.259012,0.464729
7609,0.314956,0.424782
7610,0.217793,0.476803
7611,0.216124,0.479936
7612,0.216124,0.479936
7613,0.235971,0.528235
7614,0.235971,0.528235
7615,0.271146,0.552537
7616,0.226908,0.545736
7617,0.272939,0.513037
7618,0.210974,0.53699
7619,0.195604,0.503553
7620,0.195604,0.503553
7621,0.195604,0.503553
7622,0.202389,0.59826
7623,0.202389,0.59826
7624,0.245359,0.580554
7625,0.245359,0.580554
7626,0.188858,0.534675
7627,0.191455,0.512914
7628,0.201279,0.463338
7629,0.239634,0.451407
7630,0.239634,0.451407
7631,0.239634,0.451407
7632,0.142124,0.48568
7633,0.0850412,0.492061
7634,0.0850412,0.492061
7635,0.109803,0.514414
7636,0.109803,0.514414
7637,0.109803,0.514414
7638,0.0893124,0.513275
7639,0.167548,0.48472
7640,0.167548,0.48472
7641,0.167548,0.48472
7642,0.188172,0.471049
7643,0.196955,0.41789
7644,0.122088,0.377665
7645,0.136692,0.400698
7646,0.157455,0.461901
7647,0.157455,0.461901
7648,0.0756597,0.492288
7649,0.133735,0.491716
7650,0.153479,0.541741
7651,0.209045,0.524333
7652,0.148761,0.514297
7653,0.148761,0.514297
7654,0.148761,0.514297
7655,0.127099,0.536207
7656,0.0849666,0.534563
7657,0.0849666,0.534563
7658,0.0849666,0.534563
7659,0.159908,0.565631
7660,0.0727554,0.640567
7661,0.023808,0.642865
7662,0.023808,0.642865
7663,0.023808,0.642865
7664,0.0907975,0.604711
7665,0.130488,0.56247
7666,0.0697999,0.563095
7667,0.0766148,0.565979
7668,0.0766148,0.565979
7669,0.0305933,0.552035
7670,0.0495431,0.592889
7671,0.0495431,0.592889
7672,0.0495431,0.592889
7673,0.0495431,0.592889
7674,0.0934238,0.629145
7675,0.151352,0.629021
7676,0.0971755,0.648055
7677,0.0971755,0.648055
7678,0.136777,0.65477
7679,0.136777,0.65477
7680,0.118384,0.595234
7681,0.0899915,0.603053
7682,0.122955,0.599321
7683,0.0728349,0.599347
7684,0.0728349,0.599347
7685,0.129092,0.599945
7686,0.129092,0.599945
7687,0.107536,0.511073
7688,0.107536,0.511073
7689,0.107536,0.511073
7690,0.157925,0.493952
7691,0.157925,0.493952
7692,0.190594,0.541529
7693,0.183953,0.470512
7694,0.322504,0.443302
7695,0.322504,0.443302
7696,0.357118,0.33558
7697,0.357118,0.33558
7698,0.267998,0.311795
7699,0.329153,0.395665
7700,0.310552,0.384973
7701,0.310552,0.384973
7702,0.319442,0.343467
7703,0.326709,0.286946
7704,0.356975,0.328586
7705,0.356783,0.366008
7706,0.422993,0.338355
7707,0.37922,0.417795
7708,0.3304,0.40541
7709,0.247581,0.4761
7710,0.323405,0.463979
7711,0.323405,0.463979
7712,0.323405,0.463979
7713,0.323405,0.463979
7714,0.357937,0.425841
7715,0.357937,0.425841
7716,0.418003,0.447578
7717,0.341646,0.406066
7718,0.397664,0.452502
7719,0.42648,0.31777
7720,0.471393,0.41083
7721,0.380735,0.342034
7722,0.336604,0.392904
7723,0.343276,0.446174
7724,0.298119,0.439426
7725,0.298119,0.439426
7726,0.337428,0.388431
7727,0.365064,0.375803
7728,0.389627,0.442292
7729,0.398322,0.405789
7730,0.376192,0.427553
7731,0.379104,0.387697
7732,0.410276,0.383868
7733,0.470204,0.415988
7734,0.485551,0.452351
7735,0.439959,0.439514
7736,0.469644,0.381755
7737,0.469644,0.381755
7738,0.451137,0.405863
7739,0.451137,0.405863
7740,0.476033,0.409499
7741,0.474992,0.490766
7742,0.471234,0.451049
7743,0.415568,0.409598
7744,0.413672,0.445805
7745,0.404671,0.3886
7746,0.404671,0.3886
7747,0.404671,0.3886
7748,0.404671,0.3886
7749,0.427132,0.358061
7750,0.427132,0.358061
7751,0.474506,0.374987
7752,0.438487,0.384478
7753,0.470264,0.400322
7754,0.400575,0.344726
7755,0.428149,0.294892
7756,0.445344,0.22628
7757,0.418616,0.198459
7758,0.456721,0.267216
7759,0.456721,0.267216
7760,0.492183,0.252905
7761,0.474705,0.241381
7762,0.520663,0.338865
7763,0.520663,0.338865
7764,0.43036,0.362435
7765,0.442197,0.450731
7766,0.394223,0.385055
7767,0.354039,0.321519
7768,0.329146,0.32809
7769,0.279398,0.273688
7770,0.279398,0.273688
7771,0.26046,0.286167
7772,0.26046,0.286167
7773,0.259985,0.245904
7774,0.299763,0.280361
7775,0.311305,0.23853
7776,0.311305,0.23853
7777,0.311305,0.23853
7778,0.322645,0.253117
7779,0.33567,0.278531
7780,0.33567,0.278531
7781,0.363968,0.280981
7782,0.363968,0.280981
7783,0.378373,0.343103
7784,0.414351,0.359397
7785,0.424287,0.401409
7786,0.39636,0.380062
7787,0.415174,0.468706
7788,0.465663,0.444616
7789,0.357441,0.393285
7790,0.411674,0.398606
7791,0.443003,0.409814
7792,0.443003,0.409814
7793,0.445692,0.456929
7794,0.468934,0.447578
7795,0.446502,0.446743
7796,0.470285,0.438525
7797,0.40956,0.503386
7798,0.40956,0.503386
7799,0.432101,0.400596
7800,0.36897,0.478508
7801,0.36897,0.478508
7802,0.412218,0.449869
7803,0.430084,0.464186
7804,0.430084,0.464186
7805,0.374882,0.424066
7806,0.374882,0.424066
7807,0.374882,0.424066
7808,0.347894,0.399738
7809,0.37876,0.31627
7810,0.336554,0.36928
7811,0.38421,0.295192
7812,0.381286,0.372357
7813,0.320538,0.368505
7814,0.239411,0.349241
7815,0.21621,0.351311
7816,0.21621,0.351311
7817,0.21621,0.351311
7818,0.281755,0.423284
7819,0.267883,0.392263
7820,0.268895,0.44247
7821,0.305234,0.446668
7822,0.297757,0.459574
7823,0.297757,0.459574
7824,0.297757,0.459574
7825,0.28745,0.46832
7826,0.321912,0.519819
7827,0.321912,0.519819
7828,0.273278,0.535164
7829,0.263286,0.53148
7830,0.263286,0.53148
7831,0.263286,0.53148
7832,0.280961,0.511671
7833,0.253033,0.498485
7834,0.253033,0.498485
7835,0.253033,0.498485
7836,0.253033,0.498485
7837,0.295205,0.453105
7838,0.345873,0.4311
7839,0.332593,0.405988
7840,0.332593,0.405988
7841,0.332593,0.405988
7842,0.273045,0.426406
7843,0.324912,0.405108
7844,0.268909,0.334589
7845,0.308056,0.36802
7846,0.308056,0.36802
7847,0.308056,0.36802
7848,0.305363,0.35244
7849,0.305363,0.35244
7850,0.28802,0.396245
7851,0.356099,0.422174
7852,0.405617,0.418361
7853,0.369693,0.393051
7854,0.369693,0.393051
7855,0.440903,0.413213
7856,0.428697,0.452273
7857,0.486596,0.455002
7858,0.510727,0.443259
7859,0.510727,0.443259
7860,0.475872,0.477886
7861,0.431108,0.431849
7862,0.431108,0.431849
7863,0.36911,0.455535
7864,0.452514,0.479908
7865,0.452514,0.479908
7866,0.452514,0.479908
7867,0.43409,0.439446
7868,0.40876,0.422044
7869,0.443652,0.355263
7870,0.4743,0.36914
7871,0.452672,0.357943
7872,0.452672,0.357943
7873,0.387399,0.356984
7874,0.410713,0.364381
7875,0.410713,0.364381
7876,0.463575,0.340069
7877,0.502566,0.358664
7878,0.525253,0.411411
7879,0.520038,0.389381
7880,0.516207,0.405502
7881,0.439261,0.448548
7882,0.418047,0.453521
7883,0.384939,0.458816
7884,0.457157,0.419239
7885,0.484404,0.377315
7886,0.486015,0.411378
7887,0.561516,0.442317
7888,0.503307,0.418413
7889,0.483254,0.410252
7890,0.483254,0.410252
7891,0.451647,0.353471
7892,0.408818,0.378138
7893,0.361635,0.498466
7894,0.361635,0.498466
7895,0.361635,0.498466
7896,0.366529,0.448517
7897,0.363108,0.517388
7898,0.363108,0.517388
7899,0.338439,0.585406
7900,0.363567,0.527588
7901,0.267047,0.549854
7902,0.31933,0.52076
7903,0.406516,0.519663
7904,0.429558,0.510802
7905,0.481095,0.529245
7906,0.409948,0.557767
7907,0.35423,0.498868
7908,0.369696,0.458357
7909,0.37656,0.440019
7910,0.444125,0.451144
7911,0.43974,0.508073
7912,0.43974,0.508073
7913,0.400853,0.461021
7914,0.350943,0.395863
7915,0.369825,0.395196
7916,0.342832,0.444011
7917,0.3293,0.486107
7918,0.353902,0.466675
7919,0.402361,0.453007
7920,0.314692,0.477367
7921,0.350811,0.445028
7922,0.319705,0.438635
7923,0.319705,0.438635
7924,0.319705,0.438635
7925,0.319705,0.438635
7926,0.248307,0.409812
7927,0.248307,0.409812
7928,0.243661,0.433605
7929,0.312102,0.470887
7930,0.315714,0.453252
7931,0.308287,0.398568
7932,0.326203,0.443049
7933,0.313493,0.455663
7934,0.261942,0.493814
7935,0.240965,0.448177
7936,0.265043,0.42903
7937,0.265043,0.42903
7938,0.226275,0.34368
7939,0.333851,0.248694
7940,0.348113,0.279866
7941,0.35296,0.332793
7942,0.299998,0.274536
7943,0.267794,0.337618
7944,0.415079,0.326349
7945,0.438665,0.334628
7946,0.42262,0.356062
7947,0.42262,0.356062
7948,0.510398,0.380455
7949,0.408186,0.424187
7950,0.437262,0.414311
7951,0.457804,0.455785
7952,0.419986,0.494426
7953,0.419986,0.494426
7954,0.419986,0.494426
7955,0.445138,0.53163
7956,0.445138,0.53163
7957,0.428487,0.53634
7958,0.366648,0.517291
7959,0.366648,0.517291
7960,0.327068,0.524224
7961,0.338895,0.580764
7962,0.338895,0.580764
7963,0.344895,0.569567
7964,0.373611,0.59767
7965,0.306498,0.541459
7966,0.318115,0.576338
7967,0.385077,0.567829
7968,0.371524,0.609186
7969,0.354101,0.614421
7970,0.354101,0.614421
7971,0.354101,0.614421
7972,0.266569,0.591519
7973,0.266569,0.591519
7974,0.284876,0.563838
7975,0.219331,0.598584
7976,0.238719,0.580728
7977,0.185759,0.609326
7978,0.283372,0.575895
7979,0.217543,0.564535
7980,0.306692,0.61991
7981,0.200613,0.583695
7982,0.21746,0.517773
7983,0.18713,0.593605
7984,0.204173,0.568843
7985,0.204173,0.568843
7986,0.203374,0.605199
7987,0.203374,0.605199
7988,0.253856,0.5587
7989,0.25972,0.478624
7990,0.170543,0.470799
7991,0.170543,0.470799
7992,0.207365,0.483353
7993,0.144807,0.585309
7994,0.189568,0.533429
7995,0.145615,0.542346
7996,0.145615,0.542346
7997,0.145615,0.542346
7998,0.145615,0.542346
7999,0.188688,0.582849
8000,0.225388,0.578724
8001,0.225388,0.578724
8002,0.145971,0.588077
8003,0.145971,0.588077
8004,0.185125,0.558218
8005,0.103402,0.571173
8006,0.102431,0.581398
8007,0.102431,0.581398
8008,0.102431,0.581398
8009,0.0781973,0.604695
8010,0.104352,0.639187
8011,0.0391462,0.652717
8012,0.109001,0.638972
8013,0.181397,0.634496
8014,0.210447,0.671423
8015,0.224923,0.662496
8016,0.187278,0.624366
8017,0.187278,0.624366
8018,0.117542,0.569123
8019,0.144943,0.595887
8020,0.138207,0.62623
8021,0.0716578,0.568823
8022,0.122505,0.581435
8023,0.171828,0.565371
8024,0.228751,0.521424
8025,0.2844,0.530352
8026,0.263946,0.554679
8027,0.263946,0.554679
8028,0.276323,0.470546
8029,0.312496,0.522563
8030,0.321399,0.530351
8031,0.276014,0.442496
8032,0.293438,0.412266
8033,0.293438,0.412266
8034,0.307699,0.387549
8035,0.343214,0.358381
8036,0.343214,0.358381
8037,0.314799,0.411493
8038,0.228039,0.365667
8039,0.228039,0.365667
8040,0.221688,0.394183
8041,0.256516,0.371789
8042,0.297955,0.404999
8043,0.297955,0.404999
8044,0.235745,0.428518
8045,0.177247,0.446908
8046,0.276999,0.378198
8047,0.227168,0.398713
8048,0.30929,0.359147
8049,0.30929,0.359147
8050,0.30929,0.359147
8051,0.30929,0.359147
8052,0.381481,0.313448
8053,0.397612,0.315608
8054,0.397612,0.315608
8055,0.369642,0.365062
8056,0.326014,0.384541
8057,0.294273,0.437643
8058,0.324219,0.482696
8059,0.382443,0.504031
8060,0.429788,0.445208
8061,0.429788,0.445208
8062,0.49554,0.388298
8063,0.405975,0.362271
8064,0.387026,0.374784
8065,0.387026,0.374784
8066,0.360346,0.419177
8067,0.360346,0.419177
8068,0.376274,0.381265
8069,0.371625,0.346703
8070,0.341016,0.429848
8071,0.402695,0.380038
8072,0.351974,0.371362
8073,0.366871,0.264036
8074,0.356506,0.326654
8075,0.319756,0.277408
8076,0.319785,0.375199
8077,0.364225,0.385399
8078,0.388707,0.456997
8079,0.3538,0.452796
8080,0.392096,0.403473
8081,0.365727,0.407079
8082,0.365727,0.407079
8083,0.374673,0.438364
8084,0.401475,0.484924
8085,0.391037,0.525771
8086,0.391037,0.525771
8087,0.32872,0.454736
8088,0.36148,0.502735
8089,0.36148,0.502735
8090,0.380815,0.496655
8091,0.380815,0.496655
8092,0.347964,0.571409
8093,0.356052,0.515383
8094,0.417352,0.492763
8095,0.344603,0.539852
8096,0.344603,0.539852
8097,0.344603,0.539852
8098,0.327714,0.493023
8099,0.320216,0.474031
8100,0.320216,0.474031
8101,0.288819,0.527919
8102,0.181986,0.477404
8103,0.0894841,0.494542
8104,0.131113,0.501149
8105,0.189853,0.508236
8106,0.189853,0.508236
8107,0.17947,0.476321
8108,0.17947,0.476321
8109,0.209656,0.511138
8110,0.220019,0.482998
8111,0.241114,0.563952
8112,0.241114,0.563952
8113,0.187848,0.543478
8114,0.23474,0.554817
8115,0.23474,0.554817
8116,0.322353,0.588854
8117,0.286444,0.527555
8118,0.237643,0.518302
8119,0.237643,0.518302
8120,0.24356,0.434177
8121,0.19192,0.505086
8122,0.19192,0.505086
8123,0.19192,0.505086
8124,0.153682,0.445994
8125,0.153682,0.445994
8126,0.153682,0.445994
8127,0.153682,0.445994
8128,0.16227,0.48331
8129,0.151178,0.548574
8130,0.168554,0.521736
8131,0.212627,0.517191
8132,0.212627,0.517191
8133,0.257433,0.51459
8134,0.277449,0.433969
8135,0.292185,0.46051
8136,0.315965,0.443171
8137,0.315965,0.443171
8138,0.334341,0.415445
8139,0.406125,0.398592
8140,0.375165,0.365263
8141,0.375165,0.365263
8142,0.430175,0.406258
8143,0.519661,0.408948
8144,0.519661,0.408948
8145,0.519661,0.408948
8146,0.519661,0.408948
8147,0.519661,0.408948
8148,0.446246,0.429502
8149,0.446246,0.429502
8150,0.442859,0.399699
8151,0.44328,0.400947
8152,0.38565,0.390898
8153,0.32904,0.350245
8154,0.304468,0.395571
8155,0.303109,0.363443
8156,0.295529,0.342335
8157,0.295529,0.342335
8158,0.331562,0.322773
8159,0.387202,0.326366
8160,0.362659,0.335671
8161,0.38693,0.353441
8162,0.455922,0.355848
8163,0.436975,0.379265
8164,0.478046,0.406907
8165,0.462267,0.385067
8166,0.509493,0.320393
8167,0.482371,0.339299
8168,0.555963,0.298837
8169,0.471178,0.27791
8170,0.518431,0.340435
8171,0.427,0.326697
8172,0.380662,0.292078
8173,0.448813,0.34684
8174,0.448813,0.34684
8175,0.410037,0.412689
8176,0.448338,0.410351
8177,0.448338,0.410351
8178,0.448338,0.410351
8179,0.418753,0.34701
8180,0.463795,0.355611
8181,0.389572,0.381446
8182,0.389572,0.381446
8183,0.445496,0.389337
8184,0.450316,0.41008
8185,0.450316,0.41008
8186,0.455899,0.388149
8187,0.465918,0.416808
8188,0.51373,0.356584
8189,0.454668,0.360747
8190,0.454668,0.360747
8191,0.437998,0.401123
8192,0.455069,0.378509
8193,0.468715,0.393312
8194,0.431435,0.411497
8195,0.396593,0.420281
8196,0.396593,0.420281
8197,0.396593,0.420281
8198,0.493772,0.443767
8199,0.493772,0.443767
8200,0.443773,0.393847
8201,0.477373,0.402556
8202,0.454047,0.357906
8203,0.522672,0.43694
8204,0.500866,0.495615
8205,0.500866,0.495615
8206,0.465572,0.451397
8207,0.465572,0.451397
8208,0.471212,0.504734
8209,0.471212,0.504734
8210,0.509396,0.476051
8211,0.492346,0.579294
8212,0.476898,0.592205
8213,0.417342,0.522433
8214,0.468038,0.581525
8215,0.459694,0.526491
8216,0.55132,0.515306
8217,0.551992,0.381893
8218,0.551992,0.381893
8219,0.551992,0.381893
8220,0.551992,0.381893
8221,0.551992,0.381893
8222,0.507485,0.43652
8223,0.458724,0.400308
8224,0.484231,0.377754
8225,0.504106,0.388
8226,0.500349,0.319896
8227,0.467479,0.333328
8228,0.467479,0.333328
8229,0.536104,0.332074
8230,0.551675,0.30198
8231,0.555025,0.278755
8232,0.494417,0.284992
8233,0.591633,0.285599
8234,0.615794,0.255468
8235,0.558593,0.187929
8236,0.580277,0.23997
8237,0.59502,0.270552
8238,0.587032,0.177944
8239,0.56286,0.172342
8240,0.553552,0.179669
8241,0.503568,0.219951
8242,0.503568,0.219951
8243,0.503568,0.219951
8244,0.512727,0.27186
8245,0.512727,0.27186
8246,0.512727,0.27186
8247,0.394678,0.195771
8248,0.42892,0.150433
8249,0.42892,0.150433
8250,0.42892,0.150433
8251,0.403367,0.0849886
8252,0.403367,0.0849886
8253,0.403367,0.0849886
8254,0.432339,0.082876
8255,0.437726,0.0528211
8256,0.448723,0.0679285
8257,0.378101,0.0839286
8258,0.369501,0.0936566
8259,0.369501,0.0936566
8260,0.316501,0.12228
8261,0.316501,0.12228
8262,0.31092,0.100409
8263,0.300565,0.0282955
8264,0.375193,0.0157466
8265,0.375193,0.0157466
8266,0.375193,0.0157466
8267,0.37526,0.0457016
8268,0.399769,0.0261761
8269,0.399769,0.0261761
8270,0.427631,0.0834357
8271,0.431654,0.0486214
8272,0.431654,0.0486214
8273,0.428987,0.106367
8274,0.428987,0.106367
8275,0.387194,0.119016
8276,0.356425,0.0959327
8277,0.336116,0.0978781
8278,0.244657,0.139868
8279,0.297381,0.226439
8280,0.31892,0.219193
8281,0.341516,0.22078
8282,0.341516,0.22078
8283,0.282659,0.253188
8284,0.282659,0.253188
8285,0.316277,0.22718
8286,0.332788,0.225837
8287,0.332788,0.225837
8288,0.406512,0.193896
8289,0.406512,0.193896
8290,0.383987,0.207903
8291,0.359828,0.187353
8292,0.357455,0.22986
8293,0.360129,0.24222
8294,0.360129,0.24222
8295,0.376111,0.272252
8296,0.376111,0.272252
8297,0.381107,0.235832
8298,0.381107,0.235832
8299,0.374624,0.276567
8300,0.374624,0.276567
8301,0.41202,0.257141
8302,0.422954,0.297368
8303,0.422954,0.297368
8304,0.422954,0.297368
8305,0.409349,0.300526
8306,0.403634,0.314439
8307,0.365389,0.402284
8308,0.365389,0.402284
8309,0.337406,0.44205
8310,0.337406,0.44205
8311,0.325596,0.417381
8312,0.305904,0.384885
8313,0.305904,0.384885
8314,0.305904,0.384885
8315,0.275361,0.430084
8316,0.275361,0.430084
8317,0.284372,0.395889
8318,0.284372,0.395889
8319,0.331312,0.425093
8320,0.265708,0.433496
8321,0.329441,0.396027
8322,0.353431,0.365583
8323,0.35892,0.364415
8324,0.35892,0.364415
8325,0.35892,0.364415
8326,0.362011,0.39883
8327,0.192922,0.408453
8328,0.23586,0.373205
8329,0.23586,0.373205
8330,0.23586,0.373205
8331,0.258084,0.403784
8332,0.27072,0.346401
8333,0.27072,0.346401
8334,0.228546,0.392079
8335,0.293197,0.344445
8336,0.327806,0.388842
8337,0.371992,0.335943
8338,0.371992,0.335943
8339,0.371992,0.335943
8340,0.418346,0.28086
8341,0.394024,0.250909
8342,0.394024,0.250909
8343,0.36196,0.257033
8344,0.36196,0.257033
8345,0.36196,0.257033
8346,0.368685,0.287939
8347,0.412032,0.26323
8348,0.364381,0.283525
8349,0.333585,0.264047
8350,0.326173,0.246303
8351,0.326173,0.246303
8352,0.326173,0.246303
8353,0.35332,0.240115
8354,0.323347,0.262475
8355,0.291227,0.276322
8356,0.306021,0.29431
8357,0.328272,0.21386
8358,0.408606,0.243656
8359,0.417059,0.298699
8360,0.34126,0.256248
8361,0.335784,0.25153
8362,0.392652,0.330186
8363,0.392652,0.330186
8364,0.392652,0.330186
8365,0.367538,0.305526
8366,0.415013,0.34227
8367,0.42032,0.390506
8368,0.42032,0.390506
8369,0.286441,0.382584
8370,0.286441,0.382584
8371,0.291964,0.438874
8372,0.291964,0.438874
8373,0.37538,0.486306
8374,0.37538,0.486306
8375,0.37538,0.486306
8376,0.365258,0.511079
8377,0.368666,0.517902
8378,0.368666,0.517902
8379,0.300918,0.524685
8380,0.30782,0.549631
8381,0.30782,0.549631
8382,0.330063,0.545873
8383,0.356805,0.578143
8384,0.356805,0.578143
8385,0.348826,0.553784
8386,0.380865,0.564987
8387,0.380865,0.564987
8388,0.356483,0.582281
8389,0.356483,0.582281
8390,0.356483,0.582281
8391,0.370199,0.617208
8392,0.338558,0.561973
8393,0.309435,0.566969
8394,0.375376,0.506243
8395,0.375376,0.506243
8396,0.374763,0.572967
8397,0.374763,0.572967
8398,0.410489,0.534157
8399,0.363052,0.535239
8400,0.358565,0.500019
8401,0.396033,0.577666
8402,0.377438,0.54615
8403,0.348335,0.585148
8404,0.418223,0.598764
8405,0.418223,0.598764
8406,0.392874,0.53993
8407,0.397724,0.596928
8408,0.381573,0.574765
8409,0.394615,0.625057
8410,0.394615,0.625057
8411,0.382558,0.597516
8412,0.394668,0.622931
8413,0.423239,0.704205
8414,0.466807,0.648893
8415,0.360643,0.656877
8416,0.374572,0.663828
8417,0.346806,0.582433
8418,0.346806,0.582433
8419,0.393538,0.587791
8420,0.417243,0.547212
8421,0.473183,0.547746
8422,0.449897,0.590635
8423,0.449897,0.590635
8424,0.498637,0.562812
8425,0.528898,0.541826
8426,0.46902,0.579327
8427,0.432764,0.561684
8428,0.419564,0.594564
8429,0.456562,0.608431
8430,0.408343,0.552428
8431,0.442579,0.563901
8432,0.394959,0.503047
8433,0.404186,0.5464
8434,0.392631,0.521226
8435,0.262515,0.504777
8436,0.300286,0.490421
8437,0.300286,0.490421
8438,0.300286,0.490421
8439,0.328137,0.424735
8440,0.305327,0.386429
8441,0.318869,0.398849
8442,0.318869,0.398849
8443,0.326391,0.433778
8444,0.412208,0.47569
8445,0.412208,0.47569
8446,0.412208,0.47569
8447,0.412208,0.47569
8448,0.44672,0.514697
8449,0.507313,0.519404
8450,0.443457,0.474131
8451,0.453827,0.417672
8452,0.417192,0.440888
8453,0.458249,0.411894
8454,0.399891,0.437827
8455,0.399891,0.437827
8456,0.431746,0.464426
8457,0.350136,0.491669
8458,0.350136,0.491669
8459,0.350136,0.491669
8460,0.377432,0.424252
8461,0.411644,0.45488
8462,0.385581,0.430302
8463,0.446077,0.481079
8464,0.446077,0.481079
8465,0.446077,0.481079
8466,0.408213,0.459266
8467,0.408213,0.459266
8468,0.408213,0.459266
8469,0.480369,0.452141
8470,0.480369,0.452141
8471,0.450207,0.395958
8472,0.450207,0.395958
8473,0.391366,0.41217
8474,0.357699,0.420228
8475,0.357699,0.420228
8476,0.385106,0.480109
8477,0.428919,0.421438
8478,0.380883,0.398567
8479,0.323635,0.406715
8480,0.382706,0.435676
8481,0.369188,0.447807
8482,0.369188,0.447807
8483,0.369188,0.447807
8484,0.369188,0.447807
8485,0.359441,0.466213
8486,0.369829,0.454486
8487,0.369829,0.454486
8488,0.352134,0.451258
8489,0.352134,0.451258
8490,0.339624,0.445202
8491,0.281252,0.423665
8492,0.298351,0.423264
8493,0.21273,0.439336
8494,0.21273,0.439336
8495,0.26786,0.3914
8496,0.26786,0.3914
8497,0.220866,0.387248
8498,0.239172,0.430038
8499,0.239172,0.430038
8500,0.206572,0.365035
8501,0.257973,0.323482
8502,0.228779,0.304999
8503,0.255659,0.273962
8504,0.258207,0.305415
8505,0.210442,0.279219
8506,0.28511,0.321678
8507,0.285265,0.228784
8508,0.268078,0.268966
8509,0.335637,0.238682
8510,0.368276,0.216406
8511,0.371954,0.256184
8512,0.368038,0.297864
8513,0.353932,0.368818
8514,0.347847,0.389425
8515,0.362124,0.449021
8516,0.384862,0.420313
8517,0.384862,0.420313
8518,0.389984,0.30536
8519,0.316608,0.325094
8520,0.316608,0.325094
8521,0.357268,0.329993
8522,0.35571,0.409431
8523,0.291289,0.326532
8524,0.287605,0.397121
8525,0.292819,0.462234
8526,0.349058,0.474058
8527,0.349058,0.474058
8528,0.357269,0.472942
8529,0.357269,0.472942
8530,0.405689,0.455993
8531,0.405689,0.455993
8532,0.41713,0.452342
8533,0.399026,0.43794
8534,0.393289,0.359538
8535,0.3796,0.420279
8536,0.3796,0.420279
8537,0.421222,0.438573
8538,0.421222,0.438573
8539,0.376741,0.394388
8540,0.293943,0.375344
8541,0.301703,0.367082
8542,0.301703,0.367082
8543,0.301703,0.367082
8544,0.280503,0.373371
8545,0.249772,0.367911
8546,0.212408,0.413888
8547,0.212408,0.413888
8548,0.212408,0.413888
8549,0.212408,0.413888
8550,0.212408,0.413888
8551,0.212408,0.413888
8552,0.193256,0.350204
8553,0.203148,0.376769
8554,0.257138,0.36469
8555,0.233185,0.347996
8556,0.233185,0.347996
8557,0.179452,0.319271
8558,0.253551,0.327899
8559,0.253551,0.327899
8560,0.194917,0.245335
8561,0.207292,0.229041
8562,0.220099,0.187171
8563,0.287882,0.165431
8564,0.227144,0.0838385
8565,0.227144,0.0838385
8566,0.188658,0.231312
8567,0.188658,0.231312
8568,0.174274,0.281738
8569,0.15948,0.181018
8570,0.19999,0.168187
8571,0.217415,0.105459
8572,0.217415,0.105459
8573,0.206941,0.147027
8574,0.159826,0.108464
8575,0.125413,0.104442
8576,0.112155,0.0969121
8577,0.154017,0.132429
8578,0.10455,0.152208
8579,0.116142,0.148989
8580,0.116142,0.148989
8581,0.202253,0.17817
8582,0.202253,0.17817
8583,0.146853,0.212547
8584,0.180797,0.139801
8585,0.180797,0.139801
8586,0.208298,0.162724
8587,0.208298,0.162724
8588,0.208298,0.162724
8589,0.201279,0.235207
8590,0.218287,0.160125
8591,0.257245,0.156623
8592,0.320909,0.191408
8593,0.320909,0.191408
8594,0.28713,0.159315
8595,0.28713,0.159315
8596,0.28713,0.159315
8597,0.28713,0.159315
8598,0.242935,0.163123
8599,0.231679,0.117341
8600,0.143723,0.113902
8601,0.107769,0.160278
8602,0.107769,0.160278
8603,0.196507,0.1777
8604,0.261883,0.204655
8605,0.29172,0.136603
8606,0.29172,0.136603
8607,0.32775,0.110063
8608,0.32775,0.110063
8609,0.32775,0.110063
8610,0.371817,0.0552687
8611,0.388565,0.0193199
8612,0.361298,0.0859633
8613,0.403586,0.109597
8614,0.403586,0.109597
8615,0.403586,0.109597
8616,0.418401,0.124108
8617,0.418401,0.124108
8618,0.418401,0.124108
8619,0.418401,0.124108
8620,0.382969,0.139001
8621,0.394852,0.172631
8622,0.40926,0.172131
8623,0.375013,0.182371
8624,0.396922,0.274059
8625,0.392293,0.253318
8626,0.34605,0.27853
8627,0.34605,0.27853
8628,0.35669,0.300924
8629,0.35669,0.300924
8630,0.35669,0.300924
8631,0.35669,0.300924
8632,0.410311,0.386717
8633,0.386062,0.264518
8634,0.389001,0.312071
8635,0.313912,0.227339
8636,0.262189,0.222663
8637,0.310955,0.194564
8638,0.252109,0.201435
8639,0.211257,0.216254
8640,0.0945272,0.181065
8641,0.0998286,0.220895
8642,0.113707,0.160913
8643,0.113707,0.160913
8644,0.113707,0.160913
8645,0.214543,0.194833
8646,0.214543,0.194833
8647,0.214543,0.194833
8648,0.214543,0.194833
8649,0.214738,0.201368
8650,0.27675,0.188613
8651,0.27675,0.188613
8652,0.247208,0.241783
8653,0.248289,0.280128
8654,0.248289,0.280128
8655,0.248289,0.280128
8656,0.248289,0.280128
8657,0.186445,0.319333
8658,0.186445,0.319333
8659,0.186445,0.319333
8660,0.259952,0.286684
8661,0.224702,0.247312
8662,0.222048,0.282562
8663,0.222048,0.282562
8664,0.206249,0.169503
8665,0.206249,0.169503
8666,0.206335,0.208805
8667,0.233423,0.279593
8668,0.256006,0.243544
8669,0.259175,0.250677
8670,0.259175,0.250677
8671,0.278199,0.193885
8672,0.263503,0.268992
8673,0.263503,0.268992
8674,0.403329,0.279424
8675,0.433057,0.259023
8676,0.37698,0.267529
8677,0.382837,0.269828
8678,0.393113,0.279247
8679,0.377186,0.252546
8680,0.462331,0.29132
8681,0.438227,0.276838
8682,0.444556,0.28605
8683,0.428644,0.275202
8684,0.428644,0.275202
8685,0.490297,0.274715
8686,0.449408,0.289019
8687,0.449408,0.289019
8688,0.439081,0.235444
8689,0.403757,0.218763
8690,0.432215,0.241733
8691,0.474194,0.242926
8692,0.511995,0.248191
8693,0.511995,0.248191
8694,0.556661,0.22202
8695,0.523002,0.217345
8696,0.461224,0.250257
8697,0.461224,0.250257
8698,0.446448,0.222854
8699,0.461514,0.162612
8700,0.431771,0.195945
8701,0.431771,0.195945
8702,0.413515,0.220146
8703,0.413515,0.220146
8704,0.441269,0.11317
8705,0.45681,0.140845
8706,0.472192,0.0932744
8707,0.410337,0.0999849
8708,0.485685,0.112333
8709,0.524233,0.138054
8710,0.551757,0.166021
8711,0.630383,0.160143
8712,0.628084,0.192175
8713,0.59078,0.178231
8714,0.59078,0.178231
8715,0.537801,0.173887
8716,0.54836,0.170658
8717,0.541264,0.157364
8718,0.541264,0.157364
8719,0.541264,0.157364
8720,0.534668,0.190384
8721,0.507617,0.127838
8722,0.543361,0.218864
8723,0.543361,0.218864
8724,0.487866,0.216544
8725,0.469678,0.178268
8726,0.427475,0.161906
8727,0.414397,0.104138
8728,0.361215,0.167612
8729,0.375129,0.149653
8730,0.363552,0.155386
8731,0.363552,0.155386
8732,0.391727,0.191871
8733,0.465217,0.198307
8734,0.465217,0.198307
8735,0.494423,0.218592
8736,0.494054,0.210352
8737,0.514109,0.239976
8738,0.564983,0.197754
8739,0.505691,0.165764
8740,0.521405,0.158214
8741,0.527187,0.19596
8742,0.527187,0.19596
8743,0.567012,0.22864
8744,0.55608,0.122678
8745,0.547127,0.093424
8746,0.547127,0.093424
8747,0.547127,0.093424
8748,0.513904,0.0721703
8749,0.513904,0.0721703
8750,0.513904,0.0721703
8751,0.505215,0.0398579
8752,0.505215,0.0398579
8753,0.511057,0.0789073
8754,0.552554,0.104245
8755,0.548195,0.14119
8756,0.520914,0.129723
8757,0.497878,0.152369
8758,0.493119,0.230761
8759,0.493119,0.230761
8760,0.513481,0.213546
8761,0.547597,0.278968
8762,0.594629,0.29128
8763,0.569941,0.282801
8764,0.591354,0.232824
8765,0.587065,0.194482
8766,0.60264,0.148708
8767,0.658941,0.197048
8768,0.675334,0.177695
8769,0.655567,0.256013
8770,0.624773,0.203602
8771,0.624773,0.203602
8772,0.534785,0.236779
8773,0.531125,0.110859
8774,0.466826,0.0527944
8775,0.503618,0.0372367
8776,0.57348,0.0587531
8777,0.57348,0.0587531
8778,0.57348,0.0587531
8779,0.544719,0.0460122
8780,0.544719,0.0460122
8781,0.544719,0.0460122
8782,0.583795,0.0405952
8783,0.583795,0.0405952
8784,0.583795,0.0405952
8785,0.501472,0.0559738
8786,0.425228,0.0945747
8787,0.412083,0.0610282
8788,0.428568,0.148009
8789,0.491158,0.183381
8790,0.491158,0.183381
8791,0.469993,0.210031
8792,0.448008,0.159394
8793,0.432939,0.155804
8794,0.461593,0.232991
8795,0.461593,0.232991
8796,0.376097,0.25365
8797,0.323991,0.247232
8798,0.341615,0.315522
8799,0.341615,0.315522
8800,0.384874,0.416231
8801,0.404582,0.467208
8802,0.404582,0.467208
8803,0.396756,0.487743
8804,0.396756,0.487743
8805,0.474993,0.467577
8806,0.43574,0.392561
8807,0.43574,0.392561
8808,0.461098,0.334785
8809,0.449932,0.247636
8810,0.449932,0.247636
8811,0.446019,0.342069
8812,0.49727,0.309803
8813,0.49727,0.309803
8814,0.475614,0.302154
8815,0.475614,0.302154
8816,0.475614,0.302154
8817,0.475614,0.302154
8818,0.475614,0.302154
8819,0.475614,0.302154
8820,0.418446,0.193186
8821,0.468275,0.252164
8822,0.430902,0.204182
8823,0.454317,0.197503
8824,0.406177,0.209033
8825,0.415169,0.205455
8826,0.424126,0.272694
8827,0.454774,0.253833
8828,0.510814,0.222812
8829,0.532863,0.185718
8830,0.562415,0.132478
8831,0.441715,0.219783
8832,0.421989,0.252321
8833,0.421989,0.252321
8834,0.421989,0.252321
8835,0.460628,0.322321
8836,0.460628,0.322321
8837,0.473032,0.296912
8838,0.473032,0.296912
8839,0.402094,0.329599
8840,0.402094,0.329599
8841,0.355456,0.326886
8842,0.280349,0.411649
8843,0.342551,0.387873
8844,0.274266,0.388558
8845,0.275096,0.345429
8846,0.303347,0.354868
8847,0.331545,0.318896
8848,0.331545,0.318896
8849,0.372663,0.298771
8850,0.372663,0.298771
8851,0.458119,0.266872
8852,0.467555,0.257109
8853,0.422275,0.213831
8854,0.443609,0.245361
8855,0.471048,0.270862
8856,0.543995,0.247838
8857,0.543995,0.247838
8858,0.520495,0.322168
8859,0.480483,0.22743
8860,0.437169,0.232023
8861,0.437169,0.232023
8862,0.500289,0.118902
8863,0.500289,0.118902
8864,0.51881,0.197831
8865,0.50062,0.2693
8866,0.464536,0.264029
8867,0.464536,0.264029
8868,0.470907,0.282676
8869,0.470907,0.282676
8870,0.463378,0.176401
8871,0.484103,0.20048
8872,0.48737,0.173754
8873,0.48737,0.173754
8874,0.431155,0.202627
8875,0.431155,0.202627
8876,0.431155,0.202627
8877,0.431155,0.202627
8878,0.431155,0.202627
8879,0.394842,0.231456
8880,0.394842,0.231456
8881,0.377572,0.238002
8882,0.2973,0.237777
8883,0.266462,0.263698
8884,0.266462,0.263698
8885,0.297262,0.295236
8886,0.303666,0.373594
8887,0.24457,0.440216
8888,0.20581,0.388414
8889,0.156126,0.361721
8890,0.156126,0.361721
8891,0.0885069,0.331668
8892,0.150315,0.342792
8893,0.109382,0.31707
8894,0.0861258,0.296095
8895,0.0865786,0.311167
8896,0.0865786,0.311167
8897,0.0865786,0.311167
8898,0.100457,0.300921
8899,0.119469,0.297036
8900,0.09331,0.315274
8901,0.09331,0.315274
8902,0.132894,0.310341
8903,0.202861,0.323426
8904,0.202861,0.323426
8905,0.158517,0.380866
8906,0.194381,0.330571
8907,0.20073,0.325695
8908,0.229701,0.235726
8909,0.229701,0.235726
8910,0.229701,0.235726
8911,0.229701,0.235726
8912,0.200847,0.217528
8913,0.200847,0.217528
8914,0.150641,0.256466
8915,0.215439,0.247881
8916,0.156661,0.26001
8917,0.207271,0.266531
8918,0.207271,0.266531
8919,0.207271,0.266531
8920,0.102422,0.272869
8921,0.102422,0.272869
8922,0.137533,0.283081
8923,0.146157,0.289048
8924,0.124995,0.305324
8925,0.135248,0.319987
8926,0.0871728,0.386866
8927,0.152504,0.343548
8928,0.227517,0.290997
8929,0.227517,0.290997
8930,0.271459,0.30758
8931,0.248265,0.29776
8932,0.298264,0.273165
8933,0.298264,0.273165
8934,0.325852,0.241588
8935,0.42206,0.246655
8936,0.42206,0.246655
8937,0.406172,0.21645
8938,0.370872,0.227508
8939,0.370872,0.227508
8940,0.366637,0.255569
8941,0.411422,0.255922
8942,0.442825,0.246367
8943,0.442825,0.246367
8944,0.420739,0.292277
8945,0.394375,0.274827
8946,0.43146,0.388425
8947,0.440248,0.349179
8948,0.447832,0.348691
8949,0.461069,0.323385
8950,0.472752,0.247475
8951,0.472752,0.247475
8952,0.541824,0.205333
8953,0.528951,0.234346
8954,0.599321,0.194121
8955,0.606715,0.200288
8956,0.631432,0.202646
8957,0.57676,0.161374
8958,0.571888,0.164858
8959,0.604711,0.207738
8960,0.604711,0.207738
8961,0.604711,0.207738
8962,0.591599,0.221205
8963,0.609896,0.264099
8964,0.577254,0.247334
8965,0.558454,0.255244
8966,0.621251,0.275835
8967,0.580833,0.252714
8968,0.53458,0.198616
8969,0.464774,0.185769
8970,0.57786,0.175143
8971,0.57786,0.175143
8972,0.57786,0.175143
8973,0.57786,0.175143
8974,0.559439,0.183509
8975,0.460716,0.192731
8976,0.455209,0.193092
8977,0.430197,0.192748
8978,0.450036,0.213229
8979,0.430658,0.325165
8980,0.430658,0.325165
8981,0.419302,0.355815
8982,0.454312,0.354206
8983,0.374316,0.42815
8984,0.374316,0.42815
8985,0.374316,0.42815
8986,0.398772,0.461557
8987,0.362551,0.501053
8988,0.372456,0.489082
8989,0.372456,0.489082
8990,0.357929,0.504574
8991,0.379672,0.504945
8992,0.379672,0.504945
8993,0.341896,0.524682
8994,0.333541,0.519242
8995,0.347264,0.537283
8996,0.279932,0.466709
8997,0.3406,0.494334
8998,0.294618,0.487366
8999,0.374796,0.430445
9000,0.373131,0.520876
9001,0.357212,0.545152
9002,0.357212,0.545152
9003,0.320103,0.588357
9004,0.320103,0.588357
9005,0.320103,0.588357
9006,0.320103,0.588357
9007,0.320103,0.588357
9008,0.259442,0.548642
9009,0.279917,0.554651
9010,0.338079,0.510459
9011,0.338262,0.531595
9012,0.281899,0.530265
9013,0.3838,0.480728
9014,0.363009,0.452469
9015,0.428047,0.424439
9016,0.3819,0.359212
9017,0.401155,0.394842
9018,0.362912,0.390066
9019,0.362912,0.390066
9020,0.362912,0.390066
9021,0.449283,0.267738
9022,0.449283,0.267738
9023,0.388818,0.218229
9024,0.421652,0.253937
9025,0.453154,0.237501
9026,0.439939,0.22426
9027,0.507762,0.214998
9028,0.477874,0.265976
9029,0.477874,0.265976
9030,0.477874,0.265976
9031,0.44111,0.268763
9032,0.542065,0.309343
9033,0.535943,0.281967
9034,0.535943,0.281967
9035,0.535943,0.281967
9036,0.551902,0.194409
9037,0.551902,0.194409
9038,0.443627,0.243198
9039,0.395006,0.245495
9040,0.45098,0.234388
9041,0.441879,0.304615
9042,0.441879,0.304615
9043,0.454352,0.267842
9044,0.454352,0.267842
9045,0.412752,0.293079
9046,0.395314,0.296834
9047,0.395314,0.296834
9048,0.360328,0.231455
9049,0.409346,0.302536
9050,0.432174,0.281501
9051,0.446924,0.273362
9052,0.479962,0.325152
9053,0.479962,0.325152
9054,0.458607,0.319632
9055,0.441502,0.32858
9056,0.441502,0.32858
9057,0.441283,0.32013
9058,0.516935,0.305997
9059,0.487791,0.327018
9060,0.409616,0.290879
9061,0.409616,0.290879
9062,0.406567,0.290775
9063,0.383652,0.369005
9064,0.404652,0.329371
9065,0.405556,0.41606
9066,0.347355,0.35447
9067,0.336141,0.431089
9068,0.336141,0.431089
9069,0.312114,0.357645
9070,0.312114,0.357645
9071,0.312114,0.357645
9072,0.30455,0.378004
9073,0.343884,0.384549
9074,0.343884,0.384549
9075,0.386363,0.322845
9076,0.386363,0.322845
9077,0.34011,0.286576
9078,0.291566,0.286861
9079,0.241108,0.271414
9080,0.169649,0.30415
9081,0.169649,0.30415
9082,0.208189,0.324911
9083,0.177204,0.340486
9084,0.164627,0.330483
9085,0.133234,0.374232
9086,0.125877,0.359333
9087,0.114523,0.36382
9088,0.130116,0.356188
9089,0.130116,0.356188
9090,0.147053,0.352779
9091,0.119499,0.368353
9092,0.082083,0.39546
9093,0.082083,0.39546
9094,0.0807923,0.426703
9095,0.120884,0.414821
9096,0.120884,0.414821
9097,0.0760034,0.396584
9098,0.0434021,0.407703
9099,0.0828732,0.386005
9100,0.15351,0.301664
9101,0.116227,0.289316
9102,0.0536338,0.267122
9103,0.0345694,0.369723
9104,0.0345694,0.369723
9105,0.0423695,0.328991
9106,0.0423695,0.328991
9107,0.0196317,0.259114
9108,0.0358577,0.193931
9109,0.0569526,0.213576
9110,0.0258349,0.22755
9111,0.0258349,0.22755
9112,0.0700925,0.206231
9113,0.0700925,0.206231
9114,0.0876089,0.183536
9115,0.0769319,0.181827
9116,0.0769319,0.181827
9117,0.0521471,0.11669
9118,0.0521471,0.11669
9119,0.0270856,0.103917
9120,0.0270856,0.103917
9121,0.0935864,0.185434
9122,0.0935864,0.185434
9123,0.0214067,0.19078
9124,0.106914,0.178402
9125,0.120309,0.222164
9126,0.0402214,0.145761
9127,0.101683,0.193627
9128,0.0421916,0.158719
9129,0.00938049,0.168254
9130,0.0817302,0.158222
9131,0.0817302,0.158222
9132,0.0817302,0.158222
9133,0.066474,0.157419
9134,0.10433,0.251603
9135,0.10433,0.251603
9136,0.133557,0.344683
9137,0.133557,0.344683
9138,0.0445017,0.289289
9139,0.0386669,0.266529
9140,0.0386669,0.266529
9141,0.0711679,0.260452
9142,0.0413615,0.266734
9143,0.122844,0.317838
9144,0.135501,0.250413
9145,0.135501,0.250413
9146,0.135501,0.250413
9147,0.148078,0.298633
9148,0.128952,0.326353
9149,0.128952,0.326353
9150,0.139194,0.33916
9151,0.132009,0.34052
9152,0.132009,0.34052
9153,0.132009,0.34052
9154,0.132009,0.34052
9155,0.158357,0.350344
9156,0.0966654,0.392607
9157,0.0966654,0.392607
9158,0.0966654,0.392607
9159,0.0846362,0.353537
9160,0.0846362,0.353537
9161,0.0846362,0.353537
9162,0.111468,0.365312
9163,0.111468,0.365312
9164,0.159449,0.323469
9165,0.159449,0.323469
9166,0.159449,0.323469
9167,0.159449,0.323469
9168,0.229196,0.368243
9169,0.181552,0.364693
9170,0.115657,0.377461
9171,0.144069,0.296621
9172,0.179429,0.259748
9173,0.160527,0.339324
9174,0.174248,0.325673
9175,0.174248,0.325673
9176,0.136049,0.289367
9177,0.139057,0.233541
9178,0.139057,0.233541
9179,0.133163,0.427522
9180,0.133163,0.427522
9181,0.133163,0.427522
9182,0.182469,0.419222
9183,0.151865,0.398985
9184,0.190351,0.417743
9185,0.190351,0.417743
9186,0.205106,0.404657
9187,0.205106,0.404657
9188,0.294642,0.416897
9189,0.318073,0.384554
9190,0.30399,0.368934
9191,0.288421,0.357455
9192,0.312861,0.377065
9193,0.304149,0.388944
9194,0.304149,0.388944
9195,0.304149,0.388944
9196,0.366289,0.378646
9197,0.432116,0.41008
9198,0.420171,0.391104
9199,0.355047,0.281533
9200,0.355047,0.281533
9201,0.364064,0.299627
9202,0.370215,0.335184
9203,0.343717,0.350323
9204,0.298743,0.286454
9205,0.274334,0.351145
9206,0.308278,0.309888
9207,0.308278,0.309888
9208,0.32197,0.319569
9209,0.279995,0.31002
9210,0.279995,0.31002
9211,0.355771,0.311568
9212,0.326183,0.337335
9213,0.305067,0.356015
9214,0.381263,0.336561
9215,0.418296,0.352253
9216,0.418296,0.352253
9217,0.414135,0.366256
9218,0.420027,0.331894
9219,0.420027,0.331894
9220,0.375432,0.34666
9221,0.432119,0.319059
9222,0.467246,0.325159
9223,0.480305,0.389295
9224,0.480305,0.389295
9225,0.516884,0.369304
9226,0.538832,0.430441
9227,0.491419,0.443089
9228,0.399526,0.383769
9229,0.463311,0.394966
9230,0.463311,0.394966
9231,0.447904,0.427033
9232,0.380134,0.455443
9233,0.438768,0.443912
9234,0.438768,0.443912
9235,0.438768,0.443912
9236,0.438768,0.443912
9237,0.416445,0.520161
9238,0.448712,0.541975
9239,0.412576,0.505145
9240,0.451851,0.530525
9241,0.421179,0.407137
9242,0.480792,0.452131
9243,0.473596,0.438185
9244,0.473596,0.438185
9245,0.441373,0.404185
9246,0.368169,0.432689
9247,0.435646,0.454379
9248,0.413435,0.436573
9249,0.404462,0.404341
9250,0.404462,0.404341
9251,0.404462,0.404341
9252,0.425292,0.492403
9253,0.420934,0.402166
9254,0.377247,0.393028
9255,0.393977,0.376809
9256,0.355368,0.390919
9257,0.393909,0.407279
9258,0.341961,0.391907
9259,0.374128,0.364011
9260,0.365681,0.415141
9261,0.415886,0.405961
9262,0.324708,0.390505
9263,0.330299,0.412552
9264,0.367442,0.372013
9265,0.320347,0.38007
9266,0.365804,0.387828
9267,0.385963,0.364486
9268,0.385963,0.364486
9269,0.385963,0.364486
9270,0.45895,0.35419
9271,0.431573,0.451851
9272,0.349218,0.406848
9273,0.349218,0.406848
9274,0.34542,0.423452
9275,0.34542,0.423452
9276,0.404322,0.43012
9277,0.399551,0.417228
9278,0.415314,0.427083
9279,0.38218,0.420461
9280,0.340805,0.433049
9281,0.340805,0.433049
9282,0.398099,0.476868
9283,0.407401,0.461708
9284,0.394084,0.457809
9285,0.426258,0.437961
9286,0.426258,0.437961
9287,0.426258,0.437961
9288,0.408585,0.430468
9289,0.388269,0.464013
9290,0.39668,0.486581
9291,0.349531,0.444791
9292,0.372374,0.571514
9293,0.288078,0.520824
9294,0.288078,0.520824
9295,0.288078,0.520824
9296,0.359601,0.466249
9297,0.356525,0.505665
9298,0.356525,0.505665
9299,0.372186,0.436994
9300,0.372186,0.436994
9301,0.372186,0.436994
9302,0.381887,0.494076
9303,0.317535,0.546199
9304,0.267075,0.480814
9305,0.281613,0.504078
9306,0.266017,0.522027
9307,0.200496,0.585722
9308,0.252069,0.625761
9309,0.293152,0.594854
9310,0.323033,0.597508
9311,0.300541,0.631951
9312,0.278776,0.641645
9313,0.241954,0.610469
9314,0.1864,0.614019
9315,0.1864,0.614019
9316,0.241212,0.562884
9317,0.221974,0.582405
9318,0.180044,0.596504
9319,0.213079,0.597352
9320,0.302333,0.560715
9321,0.302333,0.560715
9322,0.302333,0.560715
9323,0.336285,0.597078
9324,0.273323,0.645819
9325,0.268053,0.5852
9326,0.201067,0.551199
9327,0.174314,0.615283
9328,0.131278,0.567555
9329,0.152836,0.533821
9330,0.169312,0.516762
9331,0.169312,0.516762
9332,0.15821,0.450192
9333,0.18905,0.430096
9334,0.161467,0.448066
9335,0.149045,0.503214
9336,0.137184,0.570627
9337,0.137184,0.570627
9338,0.160233,0.563784
9339,0.113688,0.53138
9340,0.113688,0.53138
9341,0.102544,0.573473
9342,0.102544,0.573473
9343,0.151589,0.492243
9344,0.151589,0.492243
9345,0.13867,0.455061
9346,0.139662,0.534358
9347,0.157485,0.436529
9348,0.205783,0.479647
9349,0.218548,0.495453
9350,0.218548,0.495453
9351,0.157823,0.498845
9352,0.12487,0.487017
9353,0.143588,0.51476
9354,0.190813,0.549892
9355,0.259122,0.541293
9356,0.172265,0.53795
9357,0.133392,0.602171
9358,0.242879,0.607117
9359,0.256213,0.630291
9360,0.302206,0.629629
9361,0.24384,0.659961
9362,0.333924,0.591657
9363,0.309184,0.521856
9364,0.323526,0.582383
9365,0.308839,0.53379
9366,0.260455,0.608836
9367,0.217639,0.618021
9368,0.152571,0.590665
9369,0.133158,0.627771
9370,0.160179,0.57251
9371,0.120666,0.614709
9372,0.103853,0.612689
9373,0.0743105,0.578183
9374,0.0976005,0.605264
9375,0.109295,0.539028
9376,0.082986,0.523665
9377,0.0716783,0.517
9378,0.0415586,0.485521
9379,0.102411,0.481165
9380,0.10652,0.510086
9381,0.0595361,0.570672
9382,0.0595361,0.570672
9383,0.0604768,0.510356
9384,0.0604768,0.510356
9385,0.0369529,0.490125
9386,0.0424199,0.43233
9387,0.0424199,0.43233
9388,0.02887,0.360857
9389,0.0364765,0.395114
9390,0.0459025,0.394261
9391,0.0249019,0.484479
9392,0.0249019,0.484479
9393,0.0543531,0.483401
9394,0.0887916,0.530969
9395,0.0276922,0.488034
9396,0.0585039,0.487193
9397,0.0823166,0.438216
9398,0.0536709,0.472194
9399,0.0769927,0.441436
9400,0.0788027,0.396065
9401,0.114816,0.443173
9402,0.0654251,0.386219
9403,0.074243,0.371071
9404,0.138725,0.355038
9405,0.124533,0.30121
9406,0.232823,0.275463
9407,0.232823,0.275463
9408,0.232823,0.275463
9409,0.220066,0.222908
9410,0.220066,0.222908
9411,0.161585,0.216531
9412,0.178015,0.239882
9413,0.223388,0.187836
9414,0.249875,0.203908
9415,0.200183,0.181513
9416,0.200183,0.181513
9417,0.200183,0.181513
9418,0.179125,0.30196
9419,0.179125,0.30196
9420,0.205719,0.208583
9421,0.205719,0.208583
9422,0.205719,0.208583
9423,0.179696,0.212003
9424,0.202434,0.254791
9425,0.222194,0.251003
9426,0.168191,0.232901
9427,0.168191,0.232901
9428,0.168191,0.232901
9429,0.121766,0.245379
9430,0.121766,0.245379
9431,0.121766,0.245379
9432,0.175046,0.290698
9433,0.149208,0.31265
9434,0.16613,0.282964
9435,0.0728767,0.247684
9436,0.0728767,0.247684
9437,0.0594737,0.200768
9438,0.0518605,0.229508
9439,0.0518605,0.229508
9440,0.0518605,0.229508
9441,0.0681692,0.190575
9442,0.0343044,0.185117
9443,0.115169,0.224186
9444,0.111901,0.143186
9445,0.0517892,0.185826
9446,0.0294705,0.149569
9447,0.0528975,0.189856
9448,0.0528975,0.189856
9449,0.0528975,0.189856
9450,0.0839657,0.207822
9451,0.124484,0.19841
9452,0.125823,0.25434
9453,0.180265,0.280278
9454,0.214226,0.243895
9455,0.214226,0.243895
9456,0.211491,0.253555
9457,0.211491,0.253555
9458,0.274984,0.243143
9459,0.209321,0.168208
9460,0.230379,0.206204
9461,0.269412,0.209852
9462,0.269412,0.209852
9463,0.355982,0.295862
9464,0.355982,0.295862
9465,0.343918,0.302032
9466,0.343918,0.302032
9467,0.32095,0.32891
9468,0.319022,0.323727
9469,0.341386,0.387677
9470,0.3265,0.349908
9471,0.312728,0.322953
9472,0.305412,0.415364
9473,0.347404,0.432268
9474,0.265847,0.418037
9475,0.268151,0.441839
9476,0.268151,0.441839
9477,0.225855,0.414965
9478,0.208634,0.447092
9479,0.301187,0.414213
9480,0.342224,0.45473
9481,0.342224,0.45473
9482,0.334042,0.442301
9483,0.334042,0.442301
9484,0.374688,0.44277
9485,0.430666,0.516021
9486,0.375267,0.498034
9487,0.281011,0.592102
9488,0.281011,0.592102
9489,0.281011,0.592102
9490,0.326748,0.508211
9491,0.375541,0.529015
9492,0.36137,0.473659
9493,0.327211,0.449563
9494,0.358885,0.513304
9495,0.358885,0.513304
9496,0.355513,0.548326
9497,0.355513,0.548326
9498,0.355513,0.548326
9499,0.355513,0.548326
9500,0.355513,0.548326
9501,0.365926,0.545536
9502,0.312439,0.533839
9503,0.317211,0.553114
9504,0.302862,0.53923
9505,0.302862,0.53923
9506,0.425785,0.575315
9507,0.408488,0.611707
9508,0.367939,0.567537
9509,0.32953,0.532397
9510,0.32953,0.532397
9511,0.32953,0.532397
9512,0.328831,0.513558
9513,0.348815,0.573195
9514,0.375402,0.464461
9515,0.375402,0.464461
9516,0.375402,0.464461
9517,0.384505,0.516186
9518,0.368913,0.524802
9519,0.368913,0.524802
9520,0.311073,0.543921
9521,0.311554,0.579247
9522,0.381036,0.547284
9523,0.381036,0.547284
9524,0.31039,0.579154
9525,0.31039,0.579154
9526,0.31039,0.579154
9527,0.31039,0.579154
9528,0.321663,0.59745
9529,0.330888,0.552061
9530,0.337688,0.573553
9531,0.346039,0.6145
9532,0.346039,0.6145
9533,0.346039,0.6145
9534,0.379359,0.511013
9535,0.379359,0.511013
9536,0.328579,0.523027
9537,0.284055,0.533922
9538,0.284055,0.533922
9539,0.242009,0.513735
9540,0.321298,0.46461
9541,0.321298,0.46461
9542,0.394751,0.346385
9543,0.394751,0.346385
9544,0.394751,0.346385
9545,0.418635,0.429965
9546,0.352237,0.415368
9547,0.322961,0.483313
9548,0.322961,0.483313
9549,0.322961,0.483313
9550,0.322961,0.483313
9551,0.364365,0.496093
9552,0.287036,0.500204
9553,0.303658,0.481992
9554,0.288854,0.501168
9555,0.304082,0.506417
9556,0.304082,0.506417
9557,0.304082,0.506417
9558,0.313658,0.513668
9559,0.313658,0.513668
9560,0.288371,0.490846
9561,0.271944,0.495766
9562,0.293635,0.538477
9563,0.293635,0.538477
9564,0.315872,0.581879
9565,0.280524,0.544365
9566,0.324968,0.554026
9567,0.257462,0.565284
9568,0.282048,0.534102
9569,0.27286,0.494669
9570,0.27286,0.494669
9571,0.241097,0.49538
9572,0.241097,0.49538
9573,0.241097,0.49538
9574,0.241097,0.49538
9575,0.241097,0.49538
9576,0.256302,0.491293
9577,0.300757,0.492353
9578,0.300757,0.492353
9579,0.371704,0.433239
9580,0.371704,0.433239
9581,0.382374,0.434309
9582,0.397188,0.400398
9583,0.397188,0.400398
9584,0.397188,0.400398
9585,0.342898,0.376022
9586,0.372508,0.35668
9587,0.347488,0.449326
9588,0.331707,0.371762
9589,0.3685,0.425475
9590,0.370778,0.427782
9591,0.388943,0.501403
9592,0.392527,0.477976
9593,0.349638,0.525351
9594,0.351756,0.490402
9595,0.442647,0.487339
9596,0.442647,0.487339
9597,0.451662,0.452819
9598,0.371087,0.41841
9599,0.34814,0.412279
9600,0.377149,0.377742
9601,0.320978,0.408805
9602,0.332877,0.434537
9603,0.286812,0.350068
9604,0.286812,0.350068
9605,0.192229,0.338706
9606,0.24875,0.361896
9607,0.221678,0.323563
9608,0.221678,0.323563
9609,0.194722,0.224778
9610,0.128813,0.308128
9611,0.128813,0.308128
9612,0.116888,0.300308
9613,0.116888,0.300308
9614,0.0902505,0.246056
9615,0.0355212,0.259396
9616,0.0355212,0.259396
9617,0.0805213,0.339905
9618,0.0805213,0.339905
9619,0.154753,0.360033
9620,0.154753,0.360033
9621,0.146752,0.383158
9622,0.201158,0.341937
9623,0.130336,0.376468
9624,0.23974,0.346881
9625,0.266867,0.419173
9626,0.266867,0.419173
9627,0.203916,0.417312
9628,0.280739,0.451046
9629,0.2587,0.488708
9630,0.273076,0.527805
9631,0.273076,0.527805
9632,0.27117,0.539289
9633,0.31022,0.50146
9634,0.31022,0.50146
9635,0.31022,0.50146
9636,0.289578,0.491336
9637,0.342629,0.449584
9638,0.240222,0.427767
9639,0.336089,0.432112
9640,0.336089,0.432112
9641,0.336089,0.432112
9642,0.296938,0.45883
9643,0.275584,0.499732
9644,0.250811,0.470725
9645,0.1906,0.476635
9646,0.207906,0.456225
9647,0.147554,0.392442
9648,0.147554,0.392442
9649,0.147554,0.392442
9650,0.106644,0.36093
9651,0.0968887,0.3532
9652,0.0968887,0.3532
9653,0.0265253,0.349341
9654,0.044874,0.293686
9655,0.044874,0.293686
9656,0.0698637,0.291353
9657,0.0878635,0.202847
9658,0.14747,0.204209
9659,0.145003,0.0815366
9660,0.0771973,0.0887554
9661,0.0532944,0.0769273
9662,0.0452267,0.178371
9663,0.0452267,0.178371
9664,0.0726681,0.176304
9665,0.0726681,0.176304
9666,0.0479451,0.148464
9667,0.0479451,0.148464
9668,0.0716596,0.159231
9669,0.0939576,0.137131
9670,0.0939576,0.137131
9671,0.0857073,0.170969
9672,0.116329,0.234703
9673,0.169894,0.24133
9674,0.112463,0.256788
9675,0.130547,0.205607
9676,0.130547,0.205607
9677,0.159416,0.18318
9678,0.146111,0.214578
9679,0.146111,0.214578
9680,0.0942047,0.216491
9681,0.0942047,0.216491
9682,0.0942047,0.216491
9683,0.0715662,0.224473
9684,0.0715662,0.224473
9685,0.0520714,0.0941613
9686,0.0244801,0.0656672
9687,0.010208,0.061502
9688,0.010208,0.061502
9689,0.0556251,0.0166154
9690,0.0364976,0.0534053
9691,0.0375618,0.0500752
9692,0.0399653,0.0507716
9693,0.0368136,0.0502509
9694,0.0348857,0.0471984
9695,0.0620685,0.10652
9696,0.0994915,0.111677
9697,0.0824415,0.118493
9698,0.115406,0.0437647
9699,0.150168,0.0528178
9700,0.150168,0.0528178
9701,0.197431,0.076959
9702,0.183883,0.044733
9703,0.133016,0.0190964
9704,0.133016,0.0190964
9705,0.133016,0.0190964
9706,0.133016,0.0190964
9707,0.133016,0.0190964
9708,0.179286,0.0229057
9709,0.179286,0.0229057
9710,0.179286,0.0229057
9711,0.125983,0.0668605
9712,0.125983,0.0668605
9713,0.216014,0.0785669
9714,0.216014,0.0785669
9715,0.203344,0.16146
9716,0.194377,0.175798
9717,0.144685,0.229658
9718,0.182404,0.302568
9719,0.182404,0.302568
9720,0.139995,0.266706
9721,0.151143,0.256818
9722,0.151143,0.256818
9723,0.144399,0.258731
9724,0.173532,0.33413
9725,0.130932,0.355951
9726,0.14667,0.311673
9727,0.170031,0.299643
9728,0.181621,0.356132
9729,0.155117,0.313043
9730,0.155117,0.313043
9731,0.143889,0.356142
9732,0.120892,0.292802
9733,0.0854004,0.23923
9734,0.0834314,0.347212
9735,0.189181,0.354721
9736,0.150638,0.390581
9737,0.278925,0.365665
9738,0.285844,0.351331
9739,0.318431,0.332489
9740,0.235886,0.37866
9741,0.232891,0.301421
9742,0.208181,0.342628
9743,0.213238,0.288868
9744,0.213238,0.288868
9745,0.213238,0.288868
9746,0.204426,0.366663
9747,0.156955,0.3131
9748,0.131374,0.337564
9749,0.162464,0.367256
9750,0.162464,0.367256
9751,0.172192,0.409134
9752,0.180572,0.439138
9753,0.197397,0.457542
9754,0.204258,0.444241
9755,0.204258,0.444241
9756,0.239053,0.368379
9757,0.239053,0.368379
9758,0.23991,0.400247
9759,0.201808,0.365588
9760,0.280086,0.326276
9761,0.220511,0.366017
9762,0.154912,0.453796
9763,0.129952,0.402994
9764,0.148798,0.407425
9765,0.177941,0.360669
9766,0.177941,0.360669
9767,0.177941,0.360669
9768,0.177941,0.360669
9769,0.248625,0.41347
9770,0.248625,0.41347
9771,0.30064,0.386122
9772,0.254467,0.425284
9773,0.200245,0.431316
9774,0.200245,0.431316
9775,0.245952,0.506594
9776,0.254343,0.478858
9777,0.263738,0.459352
9778,0.279193,0.435853
9779,0.279193,0.435853
9780,0.286789,0.502299
9781,0.283751,0.495877
9782,0.283751,0.495877
9783,0.279403,0.500702
9784,0.306368,0.545114
9785,0.273269,0.547282
9786,0.235966,0.480751
9787,0.257438,0.503271
9788,0.286206,0.541857
9789,0.272341,0.482654
9790,0.256611,0.458717
9791,0.299024,0.391272
9792,0.360183,0.422404
9793,0.396379,0.48866
9794,0.433204,0.502271
9795,0.406476,0.529938
9796,0.38772,0.445943
9797,0.357789,0.491857
9798,0.338626,0.47432
9799,0.338626,0.47432
9800,0.352067,0.463519
9801,0.352067,0.463519
9802,0.381879,0.496967
9803,0.338322,0.444383
9804,0.338322,0.444383
9805,0.290948,0.502848
9806,0.288219,0.459878
9807,0.337565,0.523535
9808,0.337565,0.523535
9809,0.260152,0.541042
9810,0.260152,0.541042
9811,0.202828,0.533543
9812,0.188585,0.494036
9813,0.188585,0.494036
9814,0.237294,0.537232
9815,0.22239,0.509353
9816,0.22239,0.509353
9817,0.259232,0.506392
9818,0.160269,0.455086
9819,0.218953,0.49768
9820,0.20286,0.414157
9821,0.122797,0.372206
9822,0.122797,0.372206
9823,0.181137,0.421634
9824,0.154249,0.431627
9825,0.15841,0.425136
9826,0.103982,0.371682
9827,0.103982,0.371682
9828,0.0541402,0.323206
9829,0.0543443,0.295134
9830,0.0543443,0.295134
9831,0.102036,0.393759
9832,0.148695,0.369053
9833,0.0749783,0.443271
9834,0.0749783,0.443271
9835,0.0936333,0.423796
9836,0.0897379,0.513485
9837,0.120029,0.592907
9838,0.0601817,0.5402
9839,0.0938575,0.598746
9840,0.107422,0.549505
9841,0.107422,0.549505
9842,0.107422,0.549505
9843,0.0556437,0.548102
9844,0.0556437,0.548102
9845,0.0556437,0.548102
9846,0.116658,0.495937
9847,0.151928,0.524992
9848,0.158341,0.544052
9849,0.0739109,0.618488
9850,0.0764954,0.537351
9851,0.0661694,0.541348
9852,0.037314,0.607995
9853,0.0606343,0.607622
9854,0.0606343,0.607622
9855,0.0606343,0.607622
9856,0.0606343,0.607622
9857,0.0560919,0.613323
9858,0.0545725,0.616058
9859,0.0545725,0.616058
9860,0.0716378,0.609015
9861,0.0716378,0.609015
9862,0.138108,0.619571
9863,0.138108,0.619571
9864,0.0908223,0.678908
9865,0.0825382,0.691323
9866,0.0825382,0.691323
9867,0.173816,0.672303
9868,0.231764,0.639363
9869,0.249381,0.573262
9870,0.251164,0.556958
9871,0.218524,0.549337
9872,0.147751,0.529454
9873,0.198144,0.473886
9874,0.198144,0.473886
9875,0.211617,0.430518
9876,0.198597,0.50063
9877,0.215492,0.549098
9878,0.221964,0.522825
9879,0.143154,0.412565
9880,0.139016,0.359577
9881,0.180514,0.348584
9882,0.165879,0.418008
9883,0.237413,0.391302
9884,0.208182,0.430069
9885,0.208182,0.430069
9886,0.196578,0.475403
9887,0.240531,0.441733
9888,0.220989,0.495803
9889,0.170584,0.456283
9890,0.211367,0.493169
9891,0.142631,0.47105
9892,0.0694532,0.464895
9893,0.0694532,0.464895
9894,0.0694532,0.464895
9895,0.05381,0.41844
9896,0.142825,0.438754
9897,0.143702,0.409919
9898,0.143702,0.409919
9899,0.206259,0.40487
9900,0.288388,0.351801
9901,0.296802,0.363318
9902,0.285332,0.441334
9903,0.285332,0.441334
9904,0.285332,0.441334
9905,0.276451,0.449114
9906,0.276451,0.449114
9907,0.263563,0.367116
9908,0.263563,0.367116
9909,0.248401,0.387935
9910,0.231846,0.432504
9911,0.268992,0.440629
9912,0.321795,0.433065
9913,0.334081,0.442165
9914,0.378638,0.45006
9915,0.378638,0.45006
9916,0.378638,0.45006
9917,0.429687,0.406187
9918,0.42366,0.387707
9919,0.387922,0.508809
9920,0.387922,0.508809
9921,0.433107,0.422631
9922,0.49049,0.440028
9923,0.44636,0.415323
9924,0.424901,0.446506
9925,0.472291,0.404262
9926,0.45224,0.438017
9927,0.45224,0.438017
9928,0.396555,0.44959
9929,0.396555,0.44959
9930,0.412509,0.474888
9931,0.369655,0.462355
9932,0.433031,0.469478
9933,0.40081,0.54342
9934,0.430723,0.431172
9935,0.377673,0.341412
9936,0.423787,0.446015
9937,0.413355,0.378492
9938,0.329818,0.365517
9939,0.329818,0.365517
9940,0.485125,0.406858
9941,0.42285,0.445275
9942,0.381609,0.436451
9943,0.439481,0.510026
9944,0.409591,0.514862
9945,0.381102,0.551542
9946,0.411,0.613782
9947,0.418925,0.573585
9948,0.429783,0.566636
9949,0.429783,0.566636
9950,0.414881,0.601718
9951,0.488778,0.593802
9952,0.481661,0.574351
9953,0.432985,0.529344
9954,0.363915,0.551023
9955,0.290186,0.532326
9956,0.290186,0.532326
9957,0.360484,0.552224
9958,0.365716,0.514865
9959,0.428496,0.55976
9960,0.350943,0.534171
9961,0.369657,0.467579
9962,0.342937,0.436178
9963,0.352926,0.421125
9964,0.347699,0.430267
9965,0.465446,0.369009
9966,0.496966,0.44751
9967,0.496966,0.44751
9968,0.496966,0.44751
9969,0.42894,0.469249
9970,0.42894,0.469249
9971,0.42894,0.469249
9972,0.460733,0.531618
9973,0.453959,0.537776
9974,0.43541,0.518285
9975,0.444616,0.49088
9976,0.444616,0.49088
9977,0.513668,0.514756
9978,0.468685,0.542282
9979,0.513583,0.547661
9980,0.487609,0.502126
9981,0.487609,0.502126
9982,0.43976,0.516606
9983,0.43976,0.516606
9984,0.49934,0.504487
9985,0.469237,0.524258
9986,0.506511,0.470169
9987,0.433288,0.426816
9988,0.424807,0.465568
9989,0.475298,0.421984
9990,0.475298,0.421984
9991,0.549653,0.381799
9992,0.558488,0.343594
9993,0.558488,0.343594
9994,0.558488,0.343594
9995,0.577359,0.382157
9996,0.5902,0.373906
9997,0.532049,0.361474
9998,0.525534,0.370728
9999,0.569845,0.300291
10000,0.516844,0.305918
