MDTU,plaq,Re(det),Im(det),link
1,2.62239,0.0442611,0.0100034,0.113134
2,2.62239,0.0442611,0.0100034,0.113134
3,2.62239,0.0442611,0.0100034,0.113134
4,2.62239,0.0442611,0.0100034,0.113134
5,2.62239,0.0442611,0.0100034,0.113134
6,2.62239,0.0442611,0.0100034,0.113134
7,2.64937,0.0527302,0.0117317,0.120235
8,2.63473,0.0469679,0.0106788,0.112364
9,2.63473,0.0469679,0.0106788,0.112364
10,2.63157,0.0473207,0.0104045,0.117754
11,2.63157,0.0473207,0.0104045,0.117754
12,2.64478,0.0541568,0.012378,0.125375
13,2.67555,0.055198,0.0122977,0.118974
14,2.70853,0.0614894,0.0134832,0.12396
15,2.71734,0.0637249,0.0141783,0.123995
16,2.71734,0.0637249,0.0141783,0.123995
17,2.71734,0.0637249,0.0141783,0.123995
18,2.70737,0.0623688,0.0136863,0.124872
19,2.70737,0.0623688,0.0136863,0.124872
20,2.70737,0.0623688,0.0136863,0.124872
21,2.70737,0.0623688,0.0136863,0.124872
22,2.7447,0.0652777,0.0146877,0.123532
23,2.7447,0.0652777,0.0146877,0.123532
24,2.7447,0.0652777,0.0146877,0.123532
25,2.7447,0.0652777,0.0146877,0.123532
26,2.78298,0.07427,0.016522,0.124816
27,2.78298,0.07427,0.016522,0.124816
28,2.78298,0.07427,0.016522,0.124816
29,2.78298,0.07427,0.016522,0.124816
30,2.78298,0.07427,0.016522,0.124816
31,2.78913,0.0744934,0.0161226,0.126222
32,2.78913,0.0744934,0.0161226,0.126222
33,2.78913,0.0744934,0.0161226,0.126222
34,2.79894,0.0747867,0.0163167,0.121653
35,2.79894,0.0747867,0.0163167,0.121653
36,2.82358,0.0821757,0.0178373,0.125083
37,2.82358,0.0821757,0.0178373,0.125083
38,2.84985,0.0879334,0.0191515,0.123883
39,2.84985,0.0879334,0.0191515,0.123883
40,2.85165,0.0928801,0.0197429,0.129196
41,2.86223,0.0938746,0.0200387,0.130627
42,2.85463,0.0928103,0.0203833,0.128173
43,2.87849,0.101164,0.021461,0.127219
44,2.87849,0.101164,0.021461,0.127219
45,2.87849,0.101164,0.021461,0.127219
46,2.86671,0.0964449,0.0204304,0.129914
47,2.90778,0.107723,0.0228548,0.121159
48,2.90778,0.107723,0.0228548,0.121159
49,2.95438,0.111949,0.0239442,0.112678
50,2.95958,0.117321,0.0246732,0.117858
51,2.95958,0.117321,0.0246732,0.117858
52,3.01593,0.136572,0.0285287,0.116794
53,2.9843,0.120071,0.0258896,0.111858
54,2.9843,0.120071,0.0258896,0.111858
55,2.99934,0.1248,0.026075,0.115778
56,2.98739,0.119982,0.0259151,0.115524
57,3.01507,0.132088,0.027984,0.116838
58,3.0388,0.139275,0.028735,0.111473
59,3.05246,0.15033,0.031383,0.11223
60,3.05246,0.15033,0.031383,0.11223
61,3.07939,0.174175,0.0352232,0.117028
62,3.08036,0.173105,0.0347493,0.120758
63,3.08036,0.173105,0.0347493,0.120758
64,3.12099,0.188915,0.0389535,0.122498
65,3.11031,0.175407,0.0358439,0.121992
66,3.11031,0.175407,0.0358439,0.121992
67,3.11031,0.175407,0.0358439,0.121992
68,3.13404,0.183641,0.038366,0.125694
69,3.13404,0.183641,0.038366,0.125694
70,3.11726,0.178007,0.0360721,0.129363
71,3.10721,0.167851,0.0345669,0.115291
72,3.10721,0.167851,0.0345669,0.115291
73,3.10721,0.167851,0.0345669,0.115291
74,3.10721,0.167851,0.0345669,0.115291
75,3.09118,0.163366,0.0335246,0.124875
76,3.13807,0.180474,0.0374213,0.122146
77,3.13297,0.174479,0.0359148,0.115023
78,3.13806,0.184853,0.0380446,0.124587
79,3.13806,0.184853,0.0380446,0.124587
80,3.11962,0.167439,0.0347659,0.114763
81,3.14147,0.182268,0.0373747,0.119182
82,3.14828,0.196332,0.041205,0.129686
83,3.14828,0.196332,0.041205,0.129686
84,3.14379,0.199081,0.0416413,0.130564
85,3.14379,0.199081,0.0416413,0.130564
86,3.16945,0.204386,0.0412093,0.127082
87,3.17332,0.2058,0.0419645,0.126013
88,3.18518,0.20823,0.0432213,0.126302
89,3.20698,0.221912,0.0450503,0.127731
90,3.20698,0.221912,0.0450503,0.127731
91,3.20698,0.221912,0.0450503,0.127731
92,3.257,0.251503,0.0516344,0.125151
93,3.24869,0.237352,0.0478641,0.116844
94,3.25512,0.250212,0.0510464,0.117026
95,3.25512,0.250212,0.0510464,0.117026
96,3.28455,0.260374,0.0530298,0.118603
97,3.30132,0.263581,0.0535437,0.11498
98,3.2764,0.250582,0.0523028,0.118387
99,3.2764,0.250582,0.0523028,0.118387
100,3.30053,0.271852,0.0558805,0.123773
101,3.25287,0.23859,0.0481224,0.120777
102,3.25592,0.236863,0.0489749,0.115878
103,3.25592,0.236863,0.0489749,0.115878
104,3.2556,0.226693,0.0458598,0.107743
105,3.2619,0.22816,0.0468174,0.102377
106,3.22916,0.212427,0.0444769,0.102602
107,3.22916,0.212427,0.0444769,0.102602
108,3.24336,0.212172,0.0449117,0.0958791
109,3.21852,0.198806,0.0409957,0.09213
110,3.25122,0.207509,0.0428005,0.0848551
111,3.25619,0.217112,0.0442571,0.0919386
112,3.22622,0.202804,0.0422821,0.0941519
113,3.28359,0.233203,0.0489239,0.0960747
114,3.26608,0.224076,0.0474294,0.0958304
115,3.28676,0.235188,0.0486923,0.0962761
116,3.28676,0.235188,0.0486923,0.0962761
117,3.28676,0.235188,0.0486923,0.0962761
118,3.28676,0.235188,0.0486923,0.0962761
119,3.31632,0.250881,0.0509349,0.0937963
120,3.32575,0.260512,0.0520045,0.09436
121,3.28274,0.230254,0.0457911,0.0907515
122,3.26673,0.221052,0.0463263,0.087576
123,3.26673,0.221052,0.0463263,0.087576
124,3.26673,0.221052,0.0463263,0.087576
125,3.28144,0.245927,0.0498517,0.102472
126,3.28144,0.245927,0.0498517,0.102472
127,3.28144,0.245927,0.0498517,0.102472
128,3.27587,0.248891,0.0504121,0.106569
129,3.34417,0.280095,0.0563899,0.102222
130,3.35757,0.287463,0.0581183,0.0993133
131,3.4292,0.335906,0.0661646,0.0944599
132,3.4292,0.335906,0.0661646,0.0944599
133,3.39538,0.310732,0.0626659,0.0961406
134,3.42063,0.325586,0.0660252,0.0913456
135,3.44304,0.333912,0.0674294,0.0855457
136,3.44304,0.333912,0.0674294,0.0855457
137,3.44304,0.333912,0.0674294,0.0855457
138,3.42472,0.32099,0.0641791,0.0866173
139,3.44707,0.344407,0.0682285,0.0906154
140,3.4311,0.327128,0.0650283,0.0919419
141,3.45519,0.334574,0.0673644,0.085731
142,3.45519,0.334574,0.0673644,0.085731
143,3.42739,0.313522,0.0630776,0.0842996
144,3.4565,0.343318,0.0675862,0.0902072
145,3.4565,0.343318,0.0675862,0.0902072
146,3.43705,0.32236,0.0646302,0.086031
147,3.43776,0.327254,0.0645029,0.0896847
148,3.43776,0.327254,0.0645029,0.0896847
149,3.43539,0.32229,0.0656661,0.0880551
150,3.4488,0.338734,0.0661286,0.0903842
151,3.42117,0.298166,0.0607339,0.0803482
152,3.4576,0.334848,0.0683734,0.0853852
153,3.42075,0.31217,0.0633014,0.0868086
154,3.42186,0.31518,0.0643129,0.089547
155,3.42186,0.31518,0.0643129,0.089547
156,3.44338,0.332235,0.0677259,0.0879702
157,3.44338,0.332235,0.0677259,0.0879702
158,3.44864,0.334237,0.0677582,0.0879883
159,3.45001,0.326923,0.0665994,0.0830103
160,3.4766,0.343595,0.0697824,0.0829045
161,3.43548,0.30805,0.0603316,0.078212
162,3.4547,0.327271,0.0653135,0.0820733
163,3.43542,0.316732,0.0644486,0.0831052
164,3.44947,0.335605,0.0676302,0.0874901
165,3.45551,0.336751,0.0673313,0.0862723
166,3.47743,0.34758,0.0706299,0.0843561
167,3.49458,0.365735,0.0738666,0.0853209
168,3.48297,0.363098,0.0737225,0.0875901
169,3.48297,0.363098,0.0737225,0.0875901
170,3.48858,0.36075,0.072546,0.0827574
171,3.51111,0.390733,0.0781814,0.09063
172,3.55177,0.427128,0.08432,0.0899546
173,3.52391,0.383133,0.0746402,0.0830788
174,3.50198,0.386196,0.0780795,0.0929313
175,3.50565,0.386746,0.0773598,0.0910681
176,3.4662,0.358869,0.0720182,0.0972195
177,3.49514,0.393556,0.0775674,0.10254
178,3.49514,0.393556,0.0775674,0.10254
179,3.51384,0.397608,0.0780526,0.0964108
180,3.47323,0.366494,0.0732237,0.0964107
181,3.46088,0.364725,0.0722975,0.102047
182,3.45987,0.343008,0.0683742,0.0871485
183,3.45987,0.343008,0.0683742,0.0871485
184,3.4212,0.308091,0.0614998,0.0845313
185,3.44392,0.325537,0.0667225,0.0851498
186,3.44081,0.332623,0.0677413,0.0925487
187,3.44081,0.332623,0.0677413,0.0925487
188,3.44081,0.332623,0.0677413,0.0925487
189,3.43453,0.336356,0.0666852,0.0966928
190,3.49014,0.366208,0.0731666,0.0900502
191,3.48431,0.37349,0.0739731,0.0943009
192,3.4567,0.346038,0.0689549,0.0908937
193,3.50523,0.391832,0.0772568,0.0965836
194,3.48611,0.384508,0.077096,0.103279
195,3.45629,0.373037,0.0744576,0.111405
196,3.46159,0.376389,0.0731808,0.114181
197,3.50677,0.416382,0.0835561,0.112265
198,3.49446,0.417302,0.0813984,0.119024
199,3.46406,0.374044,0.0741682,0.106431
200,3.49799,0.409259,0.0795094,0.105766
201,3.49927,0.419665,0.0836042,0.110114
202,3.49122,0.400686,0.0775454,0.10724
203,3.49122,0.400686,0.0775454,0.10724
204,3.46218,0.356117,0.0720033,0.0972864
205,3.44171,0.359672,0.070683,0.108953
206,3.47108,0.377635,0.0763435,0.105312
207,3.48498,0.386021,0.0784696,0.102972
208,3.48472,0.392093,0.0770474,0.107857
209,3.52423,0.417888,0.082965,0.10236
210,3.48014,0.383174,0.0770393,0.105019
211,3.48295,0.376529,0.0756471,0.0977709
212,3.48295,0.376529,0.0756471,0.0977709
213,3.49316,0.379824,0.0766445,0.0961493
214,3.48746,0.372326,0.074563,0.0939617
215,3.48746,0.372326,0.074563,0.0939617
216,3.47456,0.364018,0.0720042,0.0962361
217,3.52577,0.423221,0.0832358,0.105162
218,3.52577,0.423221,0.0832358,0.105162
219,3.51971,0.405789,0.0806173,0.097956
220,3.5528,0.467117,0.0925047,0.110787
221,3.5054,0.430701,0.0824314,0.117328
222,3.52362,0.433736,0.0840361,0.110923
223,3.50893,0.394299,0.0773344,0.0960822
224,3.52964,0.416076,0.0833886,0.0989637
225,3.47949,0.382058,0.0753627,0.105748
226,3.47949,0.382058,0.0753627,0.105748
227,3.48811,0.402448,0.0790204,0.111062
228,3.48811,0.402448,0.0790204,0.111062
229,3.53794,0.442359,0.0865175,0.106449
230,3.53073,0.437051,0.0890966,0.106217
231,3.52858,0.415953,0.0821113,0.101307
232,3.51679,0.416103,0.0810622,0.104636
233,3.50949,0.401406,0.076686,0.100533
234,3.49525,0.393061,0.0770723,0.102712
235,3.48172,0.367366,0.0731666,0.0916199
236,3.48947,0.378909,0.0754614,0.0973888
237,3.48947,0.378909,0.0754614,0.0973888
238,3.48947,0.378909,0.0754614,0.0973888
239,3.48947,0.378909,0.0754614,0.0973888
240,3.4926,0.380197,0.0777753,0.0957183
241,3.53191,0.41182,0.0836124,0.0952971
242,3.53191,0.41182,0.0836124,0.0952971
243,3.55956,0.437154,0.0845548,0.0930626
244,3.55956,0.437154,0.0845548,0.0930626
245,3.57832,0.464701,0.0925301,0.0964084
246,3.57832,0.464701,0.0925301,0.0964084
247,3.57832,0.464701,0.0925301,0.0964084
248,3.55766,0.428854,0.0842184,0.0915649
249,3.54071,0.424628,0.0853852,0.0971752
250,3.51795,0.388565,0.0771681,0.0868671
251,3.50933,0.373213,0.076865,0.081841
252,3.51736,0.383768,0.0761077,0.0849917
253,3.52594,0.393642,0.0773758,0.0856672
254,3.51572,0.388173,0.0782532,0.0868566
255,3.52631,0.401138,0.0792958,0.0899056
256,3.51062,0.379471,0.0757414,0.0860392
257,3.53017,0.393036,0.0782394,0.0836092
258,3.55998,0.429393,0.0856119,0.0885655
259,3.54841,0.432869,0.0829602,0.0946846
260,3.54841,0.432869,0.0829602,0.0946846
261,3.54841,0.432869,0.0829602,0.0946846
262,3.53792,0.414476,0.0805373,0.0916054
263,3.51287,0.380912,0.075843,0.0840414
264,3.54681,0.418603,0.0852603,0.0888444
265,3.50157,0.371901,0.0748594,0.0851009
266,3.50353,0.356921,0.0723537,0.0749607
267,3.5508,0.403604,0.0809499,0.0788901
268,3.5508,0.403604,0.0809499,0.0788901
269,3.56377,0.41997,0.0841091,0.0804136
270,3.49279,0.360101,0.072932,0.0795044
271,3.50246,0.362025,0.0736592,0.0788385
272,3.52103,0.370323,0.075067,0.0757918
273,3.52103,0.370323,0.075067,0.0757918
274,3.54323,0.401081,0.0811529,0.0785468
275,3.54259,0.402994,0.0785137,0.0845868
276,3.55951,0.406082,0.0790368,0.0768359
277,3.52782,0.389899,0.0760969,0.0835161
278,3.52704,0.372921,0.0732196,0.0743761
279,3.50505,0.363097,0.0712887,0.079842
280,3.5092,0.358735,0.0701212,0.0720642
281,3.51632,0.365509,0.0713818,0.0741653
282,3.5205,0.363776,0.0713309,0.0693488
283,3.53651,0.3777,0.0767534,0.0701579
284,3.5493,0.403361,0.0817434,0.0768938
285,3.54677,0.400985,0.0793463,0.0766993
286,3.53529,0.39523,0.0796715,0.0789426
287,3.53529,0.39523,0.0796715,0.0789426
288,3.58348,0.434143,0.0867338,0.0777098
289,3.54224,0.384615,0.0777502,0.070946
290,3.54224,0.384615,0.0777502,0.070946
291,3.55107,0.412498,0.0825506,0.0827818
292,3.5503,0.418459,0.0831175,0.0862389
293,3.59291,0.455784,0.0907719,0.0830298
294,3.59291,0.455784,0.0907719,0.0830298
295,3.5341,0.415554,0.0798271,0.0864355
296,3.5341,0.415554,0.0798271,0.0864355
297,3.55321,0.433659,0.0852612,0.0865089
298,3.54415,0.43364,0.0851017,0.0904702
299,3.56127,0.436329,0.0863746,0.0892522
300,3.54096,0.422499,0.0853851,0.0944265
301,3.57142,0.437355,0.0850855,0.0861396
302,3.57852,0.450747,0.0889405,0.0912238
303,3.57852,0.450747,0.0889405,0.0912238
304,3.54427,0.411883,0.0813011,0.0882523
305,3.5944,0.474368,0.0941198,0.0967322
306,3.59633,0.47912,0.0960379,0.0976533
307,3.60934,0.505731,0.101211,0.0998846
308,3.59693,0.486195,0.09452,0.0967812
309,3.57084,0.458408,0.0868894,0.0978053
310,3.61232,0.496272,0.096652,0.0983738
311,3.61232,0.496272,0.096652,0.0983738
312,3.61232,0.496272,0.096652,0.0983738
313,3.60907,0.494848,0.0963328,0.0995246
314,3.60907,0.494848,0.0963328,0.0995246
315,3.60907,0.494848,0.0963328,0.0995246
316,3.60907,0.494848,0.0963328,0.0995246
317,3.63075,0.514729,0.101708,0.0962331
318,3.65595,0.535477,0.105312,0.0897241
319,3.62531,0.48117,0.0942817,0.0827637
320,3.59785,0.454003,0.0885521,0.0852581
321,3.62904,0.501182,0.0971716,0.0882941
322,3.64578,0.509728,0.101756,0.0841642
323,3.62808,0.481229,0.0942114,0.0793093
324,3.58836,0.451618,0.0891004,0.0804242
325,3.58179,0.445281,0.0870381,0.0821754
326,3.58179,0.445281,0.0870381,0.0821754
327,3.54984,0.420991,0.0822908,0.0844462
328,3.54984,0.420991,0.0822908,0.0844462
329,3.59327,0.448294,0.0880185,0.0798931
330,3.61003,0.471826,0.0925933,0.0845532
331,3.62752,0.4957,0.0972487,0.088371
332,3.62752,0.4957,0.0972487,0.088371
333,3.57198,0.441564,0.0873543,0.089006
334,3.5463,0.411872,0.0805215,0.0859082
335,3.52912,0.401283,0.0810808,0.0896213
336,3.5327,0.390383,0.0772719,0.0822848
337,3.5327,0.390383,0.0772719,0.0822848
338,3.54436,0.411801,0.0812362,0.0890286
339,3.57822,0.437451,0.086152,0.0815718
340,3.5146,0.37349,0.0749008,0.0756744
341,3.5432,0.407555,0.081306,0.0784352
342,3.55277,0.420118,0.0831051,0.0833268
343,3.54572,0.417865,0.0809416,0.0845518
344,3.56754,0.424863,0.0826724,0.0746958
345,3.56754,0.424863,0.0826724,0.0746958
346,3.54141,0.382298,0.0769904,0.0677664
347,3.51919,0.363404,0.0722603,0.0711899
348,3.51919,0.363404,0.0722603,0.0711899
349,3.54719,0.378888,0.076209,0.0656598
350,3.55018,0.391443,0.0783902,0.0712513
351,3.53822,0.372877,0.0744051,0.0670469
352,3.54109,0.376997,0.0740532,0.065709
353,3.54109,0.376997,0.0740532,0.065709
354,3.54734,0.382761,0.075982,0.0663969
355,3.56944,0.392654,0.0794739,0.0642185
356,3.54378,0.381445,0.0753348,0.0692009
357,3.54378,0.381445,0.0753348,0.0692009
358,3.56797,0.405516,0.0804761,0.069387
359,3.58688,0.422106,0.0848723,0.0688771
360,3.58688,0.422106,0.0848723,0.0688771
361,3.56026,0.389912,0.0794853,0.0616285
362,3.57363,0.419888,0.0862214,0.0712932
363,3.55127,0.389153,0.0786838,0.0684283
364,3.55127,0.389153,0.0786838,0.0684283
365,3.5723,0.42947,0.0853951,0.0819459
366,3.55318,0.409432,0.0829758,0.0781155
367,3.54537,0.403996,0.080999,0.0785068
368,3.57898,0.461676,0.0891884,0.0891538
369,3.58289,0.46139,0.0884736,0.0904572
370,3.56688,0.444042,0.0862303,0.0884803
371,3.58904,0.476383,0.0910017,0.0903261
372,3.56373,0.456083,0.0897613,0.0946345
373,3.55575,0.443985,0.08489,0.0923683
374,3.57253,0.475461,0.0902231,0.0947419
375,3.52919,0.426882,0.0834066,0.093259
376,3.52919,0.426882,0.0834066,0.093259
377,3.52858,0.403821,0.0800722,0.0859547
378,3.52858,0.403821,0.0800722,0.0859547
379,3.57186,0.464472,0.0920968,0.0966807
380,3.53192,0.423467,0.0825479,0.0972286
381,3.52701,0.411565,0.0826263,0.0925621
382,3.53503,0.423362,0.0813368,0.0979573
383,3.5599,0.477437,0.0952278,0.107553
384,3.5599,0.477437,0.0952278,0.107553
385,3.4908,0.386632,0.0783851,0.103048
386,3.51077,0.39765,0.079728,0.0997439
387,3.51077,0.39765,0.079728,0.0997439
388,3.51077,0.39765,0.079728,0.0997439
389,3.52107,0.404522,0.0803861,0.0979078
390,3.50872,0.381467,0.076088,0.0902324
391,3.50872,0.381467,0.076088,0.0902324
392,3.50309,0.382779,0.0760737,0.0928299
393,3.50918,0.377597,0.0752923,0.0856387
394,3.50918,0.377597,0.0752923,0.0856387
395,3.54953,0.403777,0.0794635,0.0803546
396,3.57163,0.424449,0.0836296,0.080909
397,3.56369,0.423475,0.084407,0.0843939
398,3.57721,0.438701,0.0853356,0.0851017
399,3.56604,0.423308,0.0852153,0.082382
400,3.56604,0.423308,0.0852153,0.082382
401,3.56604,0.423308,0.0852153,0.082382
402,3.56604,0.423308,0.0852153,0.082382
403,3.57597,0.453003,0.0900814,0.0921568
404,3.55581,0.428529,0.0836805,0.0907811
405,3.55581,0.428529,0.0836805,0.0907811
406,3.55488,0.43109,0.081364,0.0931811
407,3.55488,0.43109,0.081364,0.0931811
408,3.55488,0.43109,0.081364,0.0931811
409,3.55488,0.43109,0.081364,0.0931811
410,3.59292,0.464041,0.0905276,0.0906484
411,3.55478,0.419995,0.0822463,0.0869367
412,3.58059,0.460457,0.0898734,0.0943478
413,3.58569,0.470777,0.0912925,0.0995071
414,3.57355,0.4633,0.0901128,0.103705
415,3.59795,0.476804,0.0940322,0.096976
416,3.59795,0.476804,0.0940322,0.096976
417,3.60439,0.488422,0.0963144,0.100156
418,3.61986,0.498189,0.1005,0.095737
419,3.58534,0.459488,0.0903395,0.0908898
420,3.58534,0.459488,0.0903395,0.0908898
421,3.59404,0.474704,0.0940528,0.0943415
422,3.59404,0.474704,0.0940528,0.0943415
423,3.5928,0.449775,0.0885498,0.0830729
424,3.58851,0.454894,0.090851,0.0880558
425,3.59222,0.458914,0.091098,0.0880944
426,3.59222,0.458914,0.091098,0.0880944
427,3.59222,0.458914,0.091098,0.0880944
428,3.59222,0.458914,0.091098,0.0880944
429,3.63246,0.496056,0.0969783,0.0870501
430,3.63246,0.496056,0.0969783,0.0870501
431,3.61613,0.471116,0.090965,0.0800138
432,3.55393,0.419154,0.0825451,0.0871938
433,3.55393,0.419154,0.0825451,0.0871938
434,3.57706,0.440751,0.0875749,0.086511
435,3.54802,0.420465,0.0844295,0.0913352
436,3.5801,0.459817,0.09122,0.0955022
437,3.56407,0.438888,0.0863154,0.0937128
438,3.5626,0.440668,0.0852832,0.0957495
439,3.5626,0.440668,0.0852832,0.0957495
440,3.58194,0.466391,0.0916024,0.0981092
441,3.58826,0.479154,0.0915798,0.101894
442,3.56695,0.463076,0.0882258,0.10267
443,3.56109,0.468851,0.0897615,0.108893
444,3.56109,0.468851,0.0897615,0.108893
445,3.56109,0.468851,0.0897615,0.108893
446,3.56109,0.468851,0.0897615,0.108893
447,3.60886,0.508375,0.099236,0.107979
448,3.60886,0.508375,0.099236,0.107979
449,3.61066,0.502192,0.098578,0.104912
450,3.61066,0.502192,0.098578,0.104912
451,3.57356,0.46508,0.0895685,0.102094
452,3.57237,0.446445,0.0862157,0.090845
453,3.57406,0.446163,0.0860607,0.0904492
454,3.57406,0.446163,0.0860607,0.0904492
455,3.56709,0.443001,0.0873477,0.0914688
456,3.58695,0.474085,0.093146,0.091193
457,3.52947,0.411878,0.0806356,0.0890931
458,3.52947,0.411878,0.0806356,0.0890931
459,3.52947,0.411878,0.0806356,0.0890931
460,3.53304,0.4276,0.0829659,0.0914409
461,3.56711,0.435024,0.0828661,0.0825858
462,3.57115,0.42766,0.0849589,0.0797327
463,3.57115,0.42766,0.0849589,0.0797327
464,3.56802,0.418171,0.0838091,0.079573
465,3.57558,0.42629,0.0844656,0.0786489
466,3.56358,0.425147,0.0841305,0.0847332
467,3.59442,0.441758,0.0874126,0.0792629
468,3.59442,0.441758,0.0874126,0.0792629
469,3.59855,0.44168,0.0883344,0.0740402
470,3.57169,0.413007,0.0851724,0.0730872
471,3.60638,0.445062,0.0900106,0.0733907
472,3.6171,0.454047,0.0922876,0.0729657
473,3.64063,0.487814,0.0969908,0.0781462
474,3.64063,0.487814,0.0969908,0.0781462
475,3.63343,0.489792,0.0956266,0.0808928
476,3.66286,0.526139,0.103242,0.082515
477,3.66286,0.526139,0.103242,0.082515
478,3.67884,0.552439,0.107595,0.0812759
479,3.67514,0.550094,0.109162,0.0836601
480,3.65245,0.513876,0.101443,0.0808114
481,3.65245,0.513876,0.101443,0.0808114
482,3.65623,0.528916,0.104592,0.085632
483,3.63815,0.505589,0.0980022,0.084895
484,3.68024,0.552915,0.106697,0.085708
485,3.68486,0.578224,0.110906,0.0901129
486,3.6618,0.542344,0.102268,0.0905189
487,3.66332,0.569046,0.106804,0.0973786
488,3.6532,0.563934,0.108254,0.104585
489,3.63636,0.535098,0.100873,0.100684
490,3.58925,0.482057,0.0926415,0.0992412
491,3.63738,0.548419,0.103718,0.106466
492,3.59518,0.489271,0.0967347,0.100322
493,3.59518,0.489271,0.0967347,0.100322
494,3.59232,0.493771,0.0967765,0.104808
495,3.59232,0.493771,0.0967765,0.104808
496,3.62226,0.529388,0.101954,0.103766
497,3.64196,0.547284,0.104849,0.103627
498,3.6788,0.593695,0.115027,0.105667
499,3.6509,0.56739,0.108284,0.11294
500,3.62925,0.549938,0.108214,0.116071
501,3.6539,0.581847,0.113214,0.11427
502,3.6539,0.581847,0.113214,0.11427
503,3.6539,0.581847,0.113214,0.11427
504,3.64175,0.577511,0.110578,0.114867
505,3.65042,0.590096,0.113727,0.11613
506,3.61157,0.5489,0.108383,0.113021
507,3.60246,0.543614,0.106614,0.115247
508,3.58971,0.526688,0.101759,0.111102
509,3.60198,0.530211,0.10026,0.11135
510,3.61236,0.551205,0.105913,0.111814
511,3.6053,0.551735,0.106246,0.111465
512,3.63023,0.592389,0.114231,0.115412
513,3.61074,0.54026,0.104894,0.111728
514,3.58389,0.531432,0.10158,0.113325
515,3.55563,0.516656,0.0959977,0.128298
516,3.56499,0.50597,0.0976339,0.120185
517,3.56499,0.50597,0.0976339,0.120185
518,3.58251,0.530243,0.104428,0.122801
519,3.57066,0.527702,0.102819,0.116068
520,3.55708,0.500693,0.0973636,0.114146
521,3.55708,0.500693,0.0973636,0.114146
522,3.55708,0.500693,0.0973636,0.114146
523,3.5654,0.498907,0.0944916,0.111366
524,3.5401,0.463967,0.0895308,0.113699
525,3.5401,0.463967,0.0895308,0.113699
526,3.56848,0.483675,0.0943553,0.111058
527,3.58019,0.508622,0.099055,0.114036
528,3.61182,0.533705,0.102371,0.104391
529,3.61182,0.533705,0.102371,0.104391
530,3.62744,0.535409,0.104303,0.100393
531,3.66293,0.552086,0.106933,0.0936408
532,3.66293,0.552086,0.106933,0.0936408
533,3.65313,0.563853,0.110641,0.102958
534,3.65096,0.556212,0.108343,0.0974593
535,3.63813,0.527059,0.103963,0.0925676
536,3.63813,0.527059,0.103963,0.0925676
537,3.63813,0.527059,0.103963,0.0925676
538,3.658,0.559833,0.107281,0.098537
539,3.658,0.559833,0.107281,0.098537
540,3.658,0.559833,0.107281,0.098537
541,3.67014,0.572762,0.110854,0.100375
542,3.67014,0.572762,0.110854,0.100375
543,3.62726,0.505265,0.100903,0.0920522
544,3.62726,0.505265,0.100903,0.0920522
545,3.62726,0.505265,0.100903,0.0920522
546,3.63697,0.537327,0.107119,0.103522
547,3.64134,0.530882,0.10161,0.0989207
548,3.64134,0.530882,0.10161,0.0989207
549,3.61469,0.49315,0.0962866,0.0937895
550,3.63595,0.533816,0.102382,0.101906
551,3.64051,0.573379,0.109856,0.116829
552,3.64051,0.573379,0.109856,0.116829
553,3.6292,0.532554,0.104184,0.102435
554,3.6292,0.532554,0.104184,0.102435
555,3.59241,0.469831,0.0923948,0.0958036
556,3.63374,0.507335,0.0968222,0.0915228
557,3.58024,0.451643,0.0887622,0.0906045
558,3.56187,0.439722,0.0868731,0.0928779
559,3.60792,0.463759,0.0900337,0.083274
560,3.60137,0.452323,0.0893154,0.0796167
561,3.58697,0.452468,0.0903455,0.0831519
562,3.55115,0.417761,0.0841942,0.0831593
563,3.55115,0.417761,0.0841942,0.0831593
564,3.54234,0.414312,0.0815508,0.0849915
565,3.59014,0.468056,0.0928892,0.0879171
566,3.57479,0.454702,0.0908967,0.090445
567,3.57479,0.454702,0.0908967,0.090445
568,3.62418,0.526911,0.100437,0.0987972
569,3.64745,0.568579,0.110044,0.0976013
570,3.68155,0.595132,0.114077,0.0928122
571,3.63797,0.518782,0.0992621,0.0876332
572,3.6086,0.489289,0.0936431,0.0840024
573,3.65098,0.559045,0.106764,0.0875985
574,3.61668,0.498727,0.0946345,0.0874296
575,3.64041,0.513649,0.0983886,0.0819151
576,3.64041,0.513649,0.0983886,0.0819151
577,3.64041,0.513649,0.0983886,0.0819151
578,3.61871,0.479866,0.0944936,0.0784844
579,3.60674,0.463433,0.0909485,0.0790029
580,3.60403,0.463685,0.0886333,0.0764039
581,3.60403,0.463685,0.0886333,0.0764039
582,3.66251,0.5394,0.10658,0.0825236
583,3.60511,0.475648,0.0930165,0.0854656
584,3.61754,0.486228,0.0943005,0.0858274
585,3.6168,0.489303,0.0939939,0.0819775
586,3.62853,0.489745,0.0974437,0.0801719
587,3.60138,0.480832,0.0969779,0.09203
588,3.61399,0.498831,0.0998368,0.0903283
589,3.58469,0.468634,0.093039,0.0930364
590,3.56234,0.445913,0.0884965,0.0925214
591,3.62308,0.475837,0.0922946,0.0794287
592,3.59528,0.436764,0.0875437,0.0746622
593,3.59528,0.436764,0.0875437,0.0746622
594,3.60136,0.443305,0.0882949,0.0749835
595,3.57803,0.40773,0.080957,0.0688512
596,3.56458,0.404738,0.0804816,0.0733544
597,3.62194,0.468729,0.0919752,0.0780213
598,3.62826,0.469116,0.0927219,0.0743124
599,3.62826,0.469116,0.0927219,0.0743124
600,3.66409,0.516064,0.0993017,0.0766379
601,3.63754,0.501727,0.0985971,0.0825119
602,3.59873,0.465363,0.0927881,0.0875441
603,3.59614,0.45985,0.0915495,0.0821475
604,3.57879,0.429435,0.0849876,0.0802972
605,3.56132,0.422168,0.0848259,0.0815367
606,3.54882,0.41816,0.0826712,0.085081
607,3.53213,0.408463,0.0805177,0.088729
608,3.53213,0.408463,0.0805177,0.088729
609,3.5872,0.459651,0.0892032,0.0901538
610,3.57383,0.433782,0.0836559,0.0845835
611,3.57383,0.433782,0.0836559,0.0845835
612,3.56596,0.434284,0.0849938,0.0872873
613,3.55592,0.425522,0.0830994,0.0888874
614,3.55592,0.425522,0.0830994,0.0888874
615,3.54551,0.410763,0.0807994,0.0832658
616,3.57697,0.439225,0.0873833,0.0848778
617,3.57697,0.439225,0.0873833,0.0848778
618,3.54322,0.401249,0.0802299,0.0803873
619,3.54322,0.401249,0.0802299,0.0803873
620,3.50808,0.376425,0.0763411,0.0857909
621,3.50808,0.376425,0.0763411,0.0857909
622,3.52991,0.396326,0.0798234,0.0857159
623,3.53422,0.405172,0.0819931,0.0899048
624,3.48281,0.355492,0.0718609,0.0850907
625,3.48508,0.339337,0.0668698,0.0734658
626,3.48901,0.365904,0.0724477,0.0861772
627,3.54279,0.398065,0.0777274,0.0802118
628,3.53016,0.388163,0.0772814,0.0790093
629,3.5446,0.408301,0.0810273,0.0829688
630,3.53919,0.410768,0.0832808,0.08769
631,3.53919,0.410768,0.0832808,0.08769
632,3.53919,0.410768,0.0832808,0.08769
633,3.55433,0.409427,0.0798816,0.0811625
634,3.50013,0.371761,0.0744345,0.0836862
635,3.49338,0.357909,0.0715798,0.0815001
636,3.49338,0.357909,0.0715798,0.0815001
637,3.51245,0.372044,0.0754928,0.0797596
638,3.54427,0.407838,0.0824222,0.0806531
639,3.55225,0.429746,0.0859167,0.0855429
640,3.59989,0.479182,0.0938174,0.0897649
641,3.61117,0.483157,0.0938988,0.0852668
642,3.61117,0.483157,0.0938988,0.0852668
643,3.61518,0.45985,0.0907838,0.0745992
644,3.59867,0.464305,0.0915323,0.0833067
645,3.59265,0.453681,0.0900833,0.0830826
646,3.66086,0.542322,0.104672,0.0929975
647,3.58951,0.438515,0.0878582,0.0809988
648,3.63471,0.490652,0.099788,0.0827622
649,3.609,0.459286,0.090252,0.0784184
650,3.59266,0.447304,0.0896952,0.0815466
651,3.59406,0.456238,0.0906318,0.086098
652,3.58771,0.446893,0.0895048,0.0830646
653,3.58605,0.435212,0.086345,0.0775769
654,3.58605,0.435212,0.086345,0.0775769
655,3.60227,0.447146,0.0900797,0.0776353
656,3.60663,0.451866,0.0861891,0.076252
657,3.60663,0.451866,0.0861891,0.076252
658,3.56531,0.40781,0.0815543,0.0720248
659,3.55731,0.400379,0.0800198,0.0745591
660,3.58438,0.414125,0.0834622,0.068615
661,3.58438,0.414125,0.0834622,0.068615
662,3.61422,0.443959,0.0897746,0.0709137
663,3.63253,0.458069,0.0931917,0.0659419
664,3.63253,0.458069,0.0931917,0.0659419
665,3.63253,0.458069,0.0931917,0.0659419
666,3.62148,0.43837,0.0874748,0.059662
667,3.62148,0.43837,0.0874748,0.059662
668,3.62148,0.43837,0.0874748,0.059662
669,3.64488,0.493827,0.0979343,0.0701982
670,3.64488,0.493827,0.0979343,0.0701982
671,3.62599,0.44401,0.0884686,0.0615373
672,3.59265,0.421314,0.082533,0.0659005
673,3.59265,0.421314,0.082533,0.0659005
674,3.60799,0.455601,0.0891628,0.0702728
675,3.60799,0.455601,0.0891628,0.0702728
676,3.60799,0.455601,0.0891628,0.0702728
677,3.61936,0.477302,0.0955077,0.0717398
678,3.61936,0.477302,0.0955077,0.0717398
679,3.62099,0.465776,0.0922765,0.0713229
680,3.62697,0.480294,0.0929871,0.0741313
681,3.59592,0.450234,0.0876708,0.0764256
682,3.5886,0.450168,0.0894627,0.0807409
683,3.59846,0.45674,0.088805,0.0813855
684,3.59846,0.45674,0.088805,0.0813855
685,3.58128,0.421218,0.0826479,0.0711387
686,3.58128,0.421218,0.0826479,0.0711387
687,3.55835,0.38814,0.0792611,0.0646576
688,3.55835,0.38814,0.0792611,0.0646576
689,3.54491,0.392504,0.0783265,0.0711797
690,3.54491,0.392504,0.0783265,0.0711797
691,3.54491,0.392504,0.0783265,0.0711797
692,3.5642,0.408541,0.0807328,0.0713767
693,3.5642,0.408541,0.0807328,0.0713767
694,3.52802,0.369274,0.0721736,0.064256
695,3.52802,0.369274,0.0721736,0.064256
696,3.52802,0.369274,0.0721736,0.064256
697,3.52593,0.38988,0.0764052,0.0769928
698,3.52642,0.409002,0.0798082,0.0812569
699,3.50956,0.37589,0.0751452,0.0791041
700,3.54126,0.414373,0.0814208,0.081501
701,3.54126,0.414373,0.0814208,0.081501
702,3.59133,0.458035,0.0895774,0.0798231
703,3.58054,0.466993,0.0935751,0.0911587
704,3.57981,0.458238,0.0910987,0.0871349
705,3.56609,0.454126,0.0899468,0.0917381
706,3.57154,0.45031,0.0896008,0.0854211
707,3.59953,0.472517,0.0921464,0.0869347
708,3.59953,0.472517,0.0921464,0.0869347
709,3.58829,0.464773,0.0911355,0.0875641
710,3.5957,0.477291,0.0942473,0.0895946
711,3.58494,0.460273,0.0899288,0.0911638
712,3.57762,0.468446,0.092037,0.0960564
713,3.57762,0.468446,0.092037,0.0960564
714,3.56916,0.45267,0.0886962,0.09268
715,3.53997,0.421909,0.0831134,0.0865362
716,3.53326,0.411902,0.0798595,0.0910787
717,3.47148,0.356857,0.0712242,0.0910747
718,3.49204,0.371063,0.0739841,0.0903232
719,3.49861,0.380469,0.0756873,0.0932038
720,3.50071,0.381063,0.0762176,0.0909665
721,3.50071,0.381063,0.0762176,0.0909665
722,3.53429,0.415391,0.0832174,0.091198
723,3.50264,0.389012,0.0774038,0.0911351
724,3.50264,0.389012,0.0774038,0.0911351
725,3.50264,0.389012,0.0774038,0.0911351
726,3.50264,0.389012,0.0774038,0.0911351
727,3.55526,0.437199,0.0840572,0.0950258
728,3.53605,0.433389,0.0857687,0.09876
729,3.53605,0.433389,0.0857687,0.09876
730,3.60531,0.518154,0.102562,0.104229
731,3.54753,0.437288,0.086527,0.0967292
732,3.56312,0.444365,0.087517,0.0914511
733,3.56312,0.444365,0.087517,0.0914511
734,3.56312,0.444365,0.087517,0.0914511
735,3.59287,0.47627,0.0920183,0.0936012
736,3.58386,0.459998,0.0877989,0.0877667
737,3.59522,0.476999,0.0923187,0.0947641
738,3.58536,0.488328,0.0934892,0.0991902
739,3.61067,0.530834,0.101727,0.103564
740,3.59369,0.502944,0.0947708,0.101938
741,3.55394,0.469626,0.0939344,0.105318
742,3.59486,0.500684,0.0965909,0.0995297
743,3.5704,0.464234,0.0897195,0.0948209
744,3.57031,0.45785,0.0893086,0.0951871
745,3.554,0.436654,0.0845421,0.0879279
746,3.554,0.436654,0.0845421,0.0879279
747,3.59253,0.46974,0.0926305,0.0836121
748,3.59584,0.466746,0.0926139,0.0854574
749,3.59584,0.466746,0.0926139,0.0854574
750,3.59584,0.466746,0.0926139,0.0854574
751,3.56005,0.432728,0.0843511,0.086076
752,3.56239,0.432532,0.0858864,0.0878196
753,3.5913,0.460231,0.0891595,0.0856861
754,3.60033,0.466293,0.0919797,0.0868058
755,3.60033,0.466293,0.0919797,0.0868058
756,3.54812,0.425991,0.0846326,0.0900325
757,3.54812,0.425991,0.0846326,0.0900325
758,3.60306,0.469755,0.0905688,0.0865588
759,3.56797,0.437274,0.0876237,0.089501
760,3.56043,0.430609,0.0857033,0.0844253
761,3.54945,0.409427,0.080407,0.08184
762,3.5678,0.436538,0.0862096,0.0865123
763,3.57886,0.437736,0.086501,0.0836671
764,3.55294,0.39714,0.0790727,0.0727198
765,3.53774,0.404278,0.0800516,0.0850392
766,3.53774,0.404278,0.0800516,0.0850392
767,3.55908,0.415243,0.0818389,0.0796318
768,3.55168,0.407975,0.0804205,0.0783372
769,3.5415,0.377006,0.0755502,0.0668484
770,3.56088,0.409677,0.0816021,0.0743434
771,3.51645,0.37927,0.0740664,0.0806924
772,3.56207,0.418385,0.0818584,0.0797659
773,3.56207,0.418385,0.0818584,0.0797659
774,3.50239,0.368624,0.0743517,0.0810624
775,3.50239,0.368624,0.0743517,0.0810624
776,3.49255,0.35175,0.0693559,0.0786269
777,3.52508,0.397607,0.0788886,0.088755
778,3.49119,0.355279,0.0714963,0.0805329
779,3.49449,0.354812,0.0697036,0.0785831
780,3.49449,0.354812,0.0697036,0.0785831
781,3.49449,0.354812,0.0697036,0.0785831
782,3.50989,0.377313,0.0765543,0.080121
783,3.46889,0.353894,0.0704264,0.0859693
784,3.46167,0.336594,0.0699131,0.0789211
785,3.45411,0.334212,0.0690916,0.081906
786,3.47282,0.347721,0.069916,0.0824164
787,3.47282,0.347721,0.069916,0.0824164
788,3.42975,0.310771,0.0619975,0.0781238
789,3.4572,0.338053,0.0683422,0.0855635
790,3.4572,0.338053,0.0683422,0.0855635
791,3.4572,0.338053,0.0683422,0.0855635
792,3.4572,0.338053,0.0683422,0.0855635
793,3.48084,0.347568,0.0698419,0.0826037
794,3.49521,0.357688,0.0713062,0.0807572
795,3.53799,0.402349,0.0811011,0.0836382
796,3.54525,0.41076,0.0804034,0.0843935
797,3.5306,0.402033,0.0788418,0.0875208
798,3.54214,0.424997,0.0820167,0.0935109
799,3.53823,0.410798,0.0824625,0.0884825
800,3.52647,0.408213,0.0811879,0.0942266
801,3.52647,0.408213,0.0811879,0.0942266
802,3.54585,0.432053,0.0869652,0.0945584
803,3.60681,0.509168,0.0986611,0.104402
804,3.60803,0.525596,0.105082,0.111126
805,3.62806,0.540844,0.107157,0.106511
806,3.62806,0.540844,0.107157,0.106511
807,3.62806,0.540844,0.107157,0.106511
808,3.62806,0.540844,0.107157,0.106511
809,3.62806,0.540844,0.107157,0.106511
810,3.62806,0.540844,0.107157,0.106511
811,3.62807,0.544195,0.104873,0.103128
812,3.60786,0.511918,0.101432,0.0981284
813,3.62413,0.529245,0.103612,0.0985623
814,3.61547,0.499402,0.0966282,0.0885539
815,3.61865,0.506866,0.0986282,0.0884205
816,3.6022,0.468976,0.0919216,0.0849733
817,3.60841,0.506016,0.0998076,0.0959089
818,3.60841,0.506016,0.0998076,0.0959089
819,3.60841,0.506016,0.0998076,0.0959089
820,3.59395,0.480366,0.0933862,0.0973546
821,3.58788,0.483233,0.0929165,0.0994343
822,3.59395,0.477529,0.0928049,0.0907992
823,3.55293,0.456088,0.0889655,0.0995002
824,3.5575,0.450661,0.0870561,0.091168
825,3.53593,0.420866,0.0843098,0.0872372
826,3.51347,0.397561,0.0789686,0.0859087
827,3.55374,0.426228,0.0863279,0.0829704
828,3.59515,0.47104,0.0934049,0.0899711
829,3.59515,0.47104,0.0934049,0.0899711
830,3.5741,0.440647,0.087538,0.0868665
831,3.57705,0.452904,0.0887231,0.0908137
832,3.57238,0.430734,0.0853536,0.0806112
833,3.61003,0.500977,0.0973926,0.0957366
834,3.61003,0.500977,0.0973926,0.0957366
835,3.61003,0.500977,0.0973926,0.0957366
836,3.6145,0.479309,0.0933961,0.0855299
837,3.58913,0.463434,0.0895848,0.092504
838,3.55403,0.432363,0.0854179,0.0918189
839,3.54663,0.411436,0.0815656,0.0852638
840,3.54663,0.411436,0.0815656,0.0852638
841,3.54663,0.411436,0.0815656,0.0852638
842,3.54663,0.411436,0.0815656,0.0852638
843,3.55426,0.414459,0.0849012,0.084513
844,3.55132,0.422539,0.0846241,0.0903689
845,3.55347,0.419745,0.0835827,0.0871748
846,3.54852,0.406566,0.0812437,0.083434
847,3.54852,0.406566,0.0812437,0.083434
848,3.56238,0.41857,0.0819554,0.08277
849,3.5844,0.438525,0.0866451,0.0804769
850,3.58415,0.434288,0.0870112,0.0763612
851,3.6148,0.477636,0.0937893,0.0835733
852,3.55258,0.414767,0.0823476,0.0832646
853,3.58786,0.446881,0.0893094,0.0861167
854,3.51527,0.368921,0.0746211,0.0776678
855,3.54844,0.391908,0.0792518,0.073182
856,3.57427,0.401055,0.0810406,0.0669077
857,3.57379,0.407662,0.0805442,0.0699391
858,3.56532,0.393542,0.0785462,0.066111
859,3.56532,0.393542,0.0785462,0.066111
860,3.56532,0.393542,0.0785462,0.066111
861,3.60927,0.438733,0.0878265,0.0687968
862,3.59846,0.443051,0.0870587,0.076665
863,3.61851,0.479248,0.0965013,0.0815724
864,3.64465,0.490438,0.0961165,0.0761031
865,3.64465,0.490438,0.0961165,0.0761031
866,3.64465,0.490438,0.0961165,0.0761031
867,3.64698,0.507919,0.100022,0.0789008
868,3.62731,0.475027,0.0953489,0.0733764
869,3.62731,0.475027,0.0953489,0.0733764
870,3.62731,0.475027,0.0953489,0.0733764
871,3.62514,0.454565,0.091677,0.0686126
872,3.62514,0.454565,0.091677,0.0686126
873,3.69059,0.54012,0.106351,0.0745544
874,3.65785,0.510685,0.100045,0.0746261
875,3.61189,0.455393,0.0877367,0.0748392
876,3.61189,0.455393,0.0877367,0.0748392
877,3.61189,0.455393,0.0877367,0.0748392
878,3.62628,0.456139,0.0899888,0.0686705
879,3.5982,0.4337,0.0850719,0.0701203
880,3.62601,0.470449,0.0937753,0.074567
881,3.62601,0.470449,0.0937753,0.074567
882,3.63764,0.484441,0.0958735,0.0724459
883,3.63764,0.484441,0.0958735,0.0724459
884,3.67751,0.544334,0.106072,0.0792971
885,3.65518,0.51099,0.101268,0.0803306
886,3.63169,0.477896,0.0955709,0.0783453
887,3.63169,0.477896,0.0955709,0.0783453
888,3.60252,0.455176,0.09133,0.0812958
889,3.60252,0.455176,0.09133,0.0812958
890,3.57676,0.434496,0.0864193,0.0813283
891,3.57819,0.453821,0.0902335,0.0862266
892,3.6102,0.496801,0.0979085,0.0946771
893,3.59634,0.461869,0.0923816,0.0871457
894,3.59377,0.459824,0.0886079,0.0839342
895,3.54187,0.417681,0.0828462,0.0921584
896,3.53297,0.409627,0.0813251,0.0893613
897,3.55732,0.421062,0.0833242,0.0846894
898,3.55732,0.421062,0.0833242,0.0846894
899,3.58191,0.425109,0.0839635,0.076782
900,3.56425,0.416564,0.0844429,0.0794809
901,3.55945,0.395817,0.0798031,0.0694406
902,3.56265,0.406212,0.0808778,0.0733186
903,3.56265,0.406212,0.0808778,0.0733186
904,3.53612,0.369618,0.0756462,0.0668623
905,3.53776,0.39035,0.0785126,0.0778192
906,3.52121,0.382639,0.0765542,0.0827357
907,3.52121,0.382639,0.0765542,0.0827357
908,3.52121,0.382639,0.0765542,0.0827357
909,3.58029,0.439536,0.0861943,0.080525
910,3.60629,0.464592,0.089742,0.0805662
911,3.60629,0.464592,0.089742,0.0805662
912,3.59871,0.480161,0.0950915,0.0871955
913,3.61124,0.514858,0.101532,0.0969373
914,3.58154,0.478096,0.0941015,0.0983183
915,3.61144,0.506444,0.101559,0.100131
916,3.61144,0.506444,0.101559,0.100131
917,3.61144,0.506444,0.101559,0.100131
918,3.63441,0.515518,0.101992,0.0925909
919,3.63441,0.515518,0.101992,0.0925909
920,3.62611,0.515466,0.101502,0.0968877
921,3.62611,0.515466,0.101502,0.0968877
922,3.63491,0.534773,0.104682,0.0986833
923,3.69603,0.627565,0.122254,0.10704
924,3.64799,0.564166,0.107967,0.104417
925,3.64799,0.564166,0.107967,0.104417
926,3.62119,0.542655,0.104747,0.111
927,3.62119,0.542655,0.104747,0.111
928,3.61323,0.536049,0.102078,0.114972
929,3.63286,0.540739,0.102561,0.10771
930,3.63565,0.535209,0.103074,0.103822
931,3.57568,0.46772,0.0897871,0.101732
932,3.57444,0.46564,0.094348,0.101067
933,3.56759,0.448721,0.0902072,0.0964426
934,3.61163,0.502461,0.0970497,0.0999572
935,3.55903,0.437883,0.0858035,0.0927664
936,3.53688,0.415657,0.0812351,0.091223
937,3.50881,0.382918,0.0766488,0.091788
938,3.50881,0.382918,0.0766488,0.091788
939,3.53891,0.411619,0.0808058,0.0886067
940,3.53608,0.403159,0.0801103,0.0903797
941,3.53608,0.403159,0.0801103,0.0903797
942,3.53608,0.403159,0.0801103,0.0903797
943,3.49357,0.373705,0.0750674,0.092825
944,3.51888,0.394843,0.0784141,0.0938063
945,3.54382,0.416277,0.082381,0.0933544
946,3.53103,0.418721,0.0822189,0.102744
947,3.53122,0.434968,0.0856696,0.107282
948,3.53122,0.434968,0.0856696,0.107282
949,3.53122,0.434968,0.0856696,0.107282
950,3.54415,0.449134,0.0889155,0.112449
951,3.52923,0.428169,0.0853583,0.10569
952,3.52944,0.446404,0.087046,0.114572
953,3.53696,0.434828,0.0841352,0.102308
954,3.52953,0.428247,0.0827374,0.0956869
955,3.54681,0.429593,0.0829238,0.0943643
956,3.53853,0.423484,0.0820786,0.0962854
957,3.55353,0.439146,0.0861952,0.100929
958,3.55728,0.430428,0.0852873,0.0926403
959,3.52151,0.412308,0.0806813,0.0979968
960,3.51604,0.393711,0.077691,0.0916289
961,3.51604,0.393711,0.077691,0.0916289
962,3.51604,0.393711,0.077691,0.0916289
963,3.57516,0.456839,0.0893167,0.0935738
964,3.57663,0.442317,0.0851469,0.0839525
965,3.59585,0.475726,0.0926284,0.085639
966,3.59556,0.459738,0.092094,0.0819601
967,3.59556,0.459738,0.092094,0.0819601
968,3.57615,0.440327,0.0874493,0.0844381
969,3.59567,0.476074,0.0950629,0.0907294
970,3.65175,0.525202,0.103696,0.0902057
971,3.62635,0.483157,0.0973841,0.0836794
972,3.62635,0.483157,0.0973841,0.0836794
973,3.62635,0.483157,0.0973841,0.0836794
974,3.62635,0.483157,0.0973841,0.0836794
975,3.6223,0.492763,0.0971927,0.0898538
976,3.5884,0.449725,0.0886319,0.0834017
977,3.57987,0.446198,0.087667,0.0878093
978,3.57987,0.446198,0.087667,0.0878093
979,3.57987,0.446198,0.087667,0.0878093
980,3.62109,0.491036,0.0976615,0.0870531
981,3.62109,0.491036,0.0976615,0.0870531
982,3.62417,0.515214,0.09985,0.095043
983,3.56801,0.44931,0.0900157,0.0890923
984,3.58002,0.480991,0.0942277,0.0948104
985,3.55651,0.443724,0.0865201,0.0934215
986,3.55651,0.443724,0.0865201,0.0934215
987,3.55677,0.447324,0.0866944,0.0977335
988,3.56274,0.454642,0.0881665,0.101492
989,3.59282,0.496854,0.0963399,0.10787
990,3.57296,0.449421,0.090726,0.0940756
991,3.62074,0.513471,0.100205,0.100389
992,3.61444,0.504534,0.0989749,0.0978213
993,3.58464,0.488681,0.0962778,0.104537
994,3.58616,0.498332,0.0952536,0.106726
995,3.58616,0.498332,0.0952536,0.106726
996,3.58616,0.498332,0.0952536,0.106726
997,3.61574,0.534591,0.105292,0.108967
998,3.61161,0.540624,0.10346,0.114461
999,3.58311,0.496891,0.0989236,0.110899
1000,3.58488,0.497533,0.096679,0.112569
1001,3.60998,0.543123,0.105643,0.119796
1002,3.605,0.544696,0.106187,0.123306
1003,3.62325,0.553539,0.105323,0.116439
1004,3.60272,0.526375,0.100949,0.114652
1005,3.60272,0.526375,0.100949,0.114652
1006,3.60272,0.526375,0.100949,0.114652
1007,3.56283,0.465361,0.0918481,0.109904
1008,3.58469,0.500411,0.0978397,0.112767
1009,3.57073,0.483574,0.0933763,0.112131
1010,3.57073,0.483574,0.0933763,0.112131
1011,3.55691,0.474256,0.0932664,0.116211
1012,3.55691,0.474256,0.0932664,0.116211
1013,3.56693,0.477459,0.0917428,0.108952
1014,3.56693,0.477459,0.0917428,0.108952
1015,3.55427,0.469468,0.0919479,0.11421
1016,3.53717,0.436722,0.0864816,0.102642
1017,3.51339,0.413902,0.0824219,0.103722
1018,3.49445,0.404502,0.0814519,0.107405
1019,3.50465,0.412972,0.082496,0.108894
1020,3.50529,0.403805,0.0803616,0.105831
1021,3.48423,0.393139,0.0781371,0.102279
1022,3.48768,0.398503,0.079428,0.105781
1023,3.48407,0.407427,0.0770637,0.107777
1024,3.50646,0.414065,0.082061,0.106237
1025,3.50646,0.414065,0.082061,0.106237
1026,3.52877,0.437353,0.0845729,0.104239
1027,3.50194,0.394016,0.0791978,0.0994355
1028,3.50194,0.394016,0.0791978,0.0994355
1029,3.50719,0.40004,0.0808894,0.0998973
1030,3.48037,0.37907,0.0765376,0.0990476
1031,3.48037,0.37907,0.0765376,0.0990476
1032,3.50726,0.405519,0.0810144,0.102898
1033,3.49982,0.392865,0.07797,0.101737
1034,3.51018,0.40747,0.0800814,0.105222
1035,3.51018,0.40747,0.0800814,0.105222
1036,3.51432,0.398604,0.0780712,0.0958854
1037,3.5369,0.417637,0.0837535,0.0928638
1038,3.51619,0.410694,0.0819504,0.096591
1039,3.51619,0.410694,0.0819504,0.096591
1040,3.51619,0.410694,0.0819504,0.096591
1041,3.55964,0.464504,0.091846,0.101563
1042,3.53935,0.448803,0.089778,0.102627
1043,3.55408,0.450654,0.0895167,0.101329
1044,3.55408,0.450654,0.0895167,0.101329
1045,3.55408,0.450654,0.0895167,0.101329
1046,3.54865,0.436061,0.0844285,0.0937104
1047,3.54823,0.419749,0.0827803,0.0928039
1048,3.54823,0.419749,0.0827803,0.0928039
1049,3.55316,0.429196,0.0857827,0.0952677
1050,3.54759,0.414937,0.0800991,0.0868925
1051,3.54659,0.409089,0.0831773,0.0860785
1052,3.53918,0.419901,0.0831509,0.0943466
1053,3.59331,0.455797,0.0920992,0.0872134
1054,3.56094,0.429926,0.0852669,0.0895525
1055,3.57195,0.442187,0.0855035,0.0897451
1056,3.57195,0.442187,0.0855035,0.0897451
1057,3.57195,0.442187,0.0855035,0.0897451
1058,3.57647,0.4419,0.0875428,0.0867096
1059,3.61434,0.504014,0.0972063,0.0897615
1060,3.59881,0.481645,0.0921147,0.08869
1061,3.59881,0.481645,0.0921147,0.08869
1062,3.59881,0.481645,0.0921147,0.08869
1063,3.59877,0.465717,0.091823,0.0836419
1064,3.62609,0.496218,0.0984407,0.0892365
1065,3.59546,0.456032,0.0882734,0.0839456
1066,3.57463,0.436369,0.0862651,0.0861187
1067,3.57463,0.436369,0.0862651,0.0861187
1068,3.57463,0.436369,0.0862651,0.0861187
1069,3.57463,0.436369,0.0862651,0.0861187
1070,3.57463,0.436369,0.0862651,0.0861187
1071,3.61217,0.472993,0.0921903,0.0832545
1072,3.61217,0.472993,0.0921903,0.0832545
1073,3.58252,0.435683,0.0877264,0.080038
1074,3.60126,0.445061,0.0903594,0.0784749
1075,3.62432,0.467678,0.0943377,0.0718031
1076,3.62432,0.467678,0.0943377,0.0718031
1077,3.62432,0.467678,0.0943377,0.0718031
1078,3.63532,0.499696,0.0989227,0.0830912
1079,3.62589,0.477978,0.0952766,0.0805906
1080,3.64382,0.506262,0.0977641,0.0829857
1081,3.66817,0.544712,0.105935,0.0883581
1082,3.61918,0.490956,0.0965751,0.0885353
1083,3.64411,0.521963,0.101848,0.0905415
1084,3.65429,0.527758,0.102902,0.0885801
1085,3.64855,0.516356,0.100179,0.086405
1086,3.64855,0.516356,0.100179,0.086405
1087,3.64855,0.516356,0.100179,0.086405
1088,3.64855,0.516356,0.100179,0.086405
1089,3.63939,0.502962,0.0999257,0.0849482
1090,3.63939,0.502962,0.0999257,0.0849482
1091,3.65226,0.509985,0.10181,0.0815543
1092,3.67672,0.538511,0.107605,0.0816445
1093,3.67672,0.538511,0.107605,0.0816445
1094,3.66128,0.516923,0.103032,0.0812675
1095,3.66128,0.516923,0.103032,0.0812675
1096,3.66406,0.504367,0.101238,0.0716055
1097,3.66406,0.504367,0.101238,0.0716055
1098,3.65598,0.502751,0.0987637,0.0755588
1099,3.67642,0.52454,0.102628,0.0752997
1100,3.6418,0.49243,0.0975879,0.0766007
1101,3.61196,0.458181,0.090583,0.0746496
1102,3.57686,0.408314,0.0816838,0.0673315
1103,3.58128,0.412532,0.0829906,0.0679157
1104,3.60489,0.437863,0.0880615,0.0686563
1105,3.6026,0.440501,0.0876181,0.0714542
1106,3.58141,0.440142,0.086822,0.0831907
1107,3.58141,0.440142,0.086822,0.0831907
1108,3.58141,0.440142,0.086822,0.0831907
1109,3.58141,0.440142,0.086822,0.0831907
1110,3.58141,0.440142,0.086822,0.0831907
1111,3.56622,0.429758,0.0837324,0.0830566
1112,3.56832,0.423032,0.0838879,0.0807202
1113,3.59185,0.445688,0.0901122,0.0818923
1114,3.55707,0.407216,0.0831732,0.0780734
1115,3.58189,0.431802,0.0880784,0.0776026
1116,3.58189,0.431802,0.0880784,0.0776026
1117,3.56767,0.413586,0.0835027,0.0750609
1118,3.55037,0.420586,0.083633,0.0861293
1119,3.577,0.451022,0.0879535,0.0897142
1120,3.5902,0.448988,0.0876409,0.0825771
1121,3.5902,0.448988,0.0876409,0.0825771
1122,3.58262,0.455751,0.0906061,0.0908835
1123,3.58249,0.45839,0.0889103,0.0945315
1124,3.58249,0.45839,0.0889103,0.0945315
1125,3.58249,0.45839,0.0889103,0.0945315
1126,3.5452,0.426053,0.0841868,0.0920249
1127,3.5452,0.426053,0.0841868,0.0920249
1128,3.5452,0.426053,0.0841868,0.0920249
1129,3.5452,0.426053,0.0841868,0.0920249
1130,3.5452,0.426053,0.0841868,0.0920249
1131,3.57067,0.459841,0.0887818,0.0981369
1132,3.56932,0.429645,0.0849379,0.0860086
1133,3.556,0.425333,0.0832816,0.0877151
1134,3.556,0.425333,0.0832816,0.0877151
1135,3.55407,0.420707,0.0829142,0.0894561
1136,3.55407,0.420707,0.0829142,0.0894561
1137,3.5263,0.390838,0.0790643,0.0850861
1138,3.55146,0.427314,0.0866207,0.0887297
1139,3.54518,0.421064,0.0830168,0.0936955
1140,3.5373,0.404556,0.08131,0.0897592
1141,3.49474,0.356857,0.0731807,0.0795346
1142,3.50244,0.364549,0.07319,0.0796426
1143,3.50244,0.364549,0.07319,0.0796426
1144,3.51459,0.371414,0.0764178,0.0793921
1145,3.46372,0.333048,0.0657994,0.078644
1146,3.50355,0.389011,0.076285,0.0937943
1147,3.50355,0.389011,0.076285,0.0937943
1148,3.50355,0.389011,0.076285,0.0937943
1149,3.48511,0.369965,0.0740793,0.0893695
1150,3.44001,0.326538,0.0652392,0.0865243
1151,3.44001,0.326538,0.0652392,0.0865243
1152,3.45928,0.329262,0.0652631,0.0764775
1153,3.43672,0.318969,0.0644979,0.080608
1154,3.43672,0.318969,0.0644979,0.080608
1155,3.43672,0.318969,0.0644979,0.080608
1156,3.4566,0.339932,0.066776,0.0829607
1157,3.46535,0.349443,0.070411,0.0839798
1158,3.44597,0.336729,0.0662907,0.0904092
1159,3.4363,0.323554,0.0651702,0.0844909
1160,3.45392,0.3405,0.0694394,0.0888651
1161,3.45392,0.3405,0.0694394,0.0888651
1162,3.45392,0.3405,0.0694394,0.0888651
1163,3.45392,0.3405,0.0694394,0.0888651
1164,3.45392,0.3405,0.0694394,0.0888651
1165,3.45392,0.3405,0.0694394,0.0888651
1166,3.45392,0.3405,0.0694394,0.0888651
1167,3.50764,0.39146,0.0797901,0.0863176
1168,3.50764,0.39146,0.0797901,0.0863176
1169,3.4692,0.370176,0.0721117,0.088067
1170,3.45605,0.345509,0.0684649,0.088454
1171,3.41731,0.312186,0.0632199,0.0857054
1172,3.42385,0.341297,0.0681993,0.0949528
1173,3.42385,0.341297,0.0681993,0.0949528
1174,3.42385,0.341297,0.0681993,0.0949528
1175,3.4259,0.341952,0.0693703,0.0993482
1176,3.4207,0.346252,0.0687509,0.097971
1177,3.44177,0.389347,0.0759346,0.100915
1178,3.44177,0.389347,0.0759346,0.100915
1179,3.45059,0.375975,0.0742416,0.0942157
1180,3.47113,0.386766,0.0747893,0.0936857
1181,3.45207,0.364813,0.0733021,0.0888419
1182,3.46729,0.391117,0.0773291,0.0973762
1183,3.4732,0.383962,0.0748306,0.0954533
1184,3.48303,0.380033,0.0737468,0.0923758
1185,3.5159,0.409254,0.081722,0.0971181
1186,3.49271,0.383898,0.0758978,0.0943041
1187,3.48313,0.376915,0.0731492,0.091222
1188,3.48059,0.357029,0.070027,0.0850305
1189,3.46596,0.354264,0.0703698,0.0922316
1190,3.46596,0.354264,0.0703698,0.0922316
1191,3.46596,0.354264,0.0703698,0.0922316
1192,3.48955,0.379447,0.0744848,0.0957154
1193,3.49758,0.373615,0.0739174,0.0901323
1194,3.49758,0.373615,0.0739174,0.0901323
1195,3.49758,0.373615,0.0739174,0.0901323
1196,3.50433,0.374918,0.0752724,0.0851656
1197,3.50433,0.374918,0.0752724,0.0851656
1198,3.53548,0.397397,0.0805258,0.0823741
1199,3.53347,0.392636,0.0774735,0.0785544
1200,3.56993,0.437579,0.0867477,0.0854633
1201,3.58456,0.45766,0.0879752,0.0900035
1202,3.57184,0.452507,0.0893162,0.093514
1203,3.57606,0.434619,0.0855358,0.084495
1204,3.59473,0.459943,0.0915024,0.0866618
1205,3.58952,0.453683,0.0893112,0.0897249
1206,3.57007,0.442766,0.086454,0.0884109
1207,3.59293,0.465434,0.0925702,0.0915742
1208,3.59293,0.465434,0.0925702,0.0915742
1209,3.61052,0.477005,0.0954577,0.0883277
1210,3.62217,0.480852,0.0968052,0.0859306
1211,3.61021,0.460062,0.0913759,0.0797402
1212,3.6175,0.492585,0.096598,0.0894567
1213,3.60553,0.491649,0.0966209,0.0945618
1214,3.57126,0.440254,0.0882466,0.0868333
1215,3.62186,0.520319,0.101853,0.100215
1216,3.58249,0.476472,0.0933088,0.101634
1217,3.58814,0.468555,0.0923233,0.0950194
1218,3.58814,0.468555,0.0923233,0.0950194
1219,3.59588,0.485968,0.0958536,0.098141
1220,3.59588,0.485968,0.0958536,0.098141
1221,3.63294,0.528977,0.104095,0.100325
1222,3.62603,0.523999,0.102062,0.10025
1223,3.62603,0.523999,0.102062,0.10025
1224,3.62603,0.523999,0.102062,0.10025
1225,3.65693,0.557653,0.109029,0.101324
1226,3.65693,0.557653,0.109029,0.101324
1227,3.60782,0.497379,0.0940227,0.0984141
1228,3.57684,0.459318,0.0872505,0.0953877
1229,3.57684,0.459318,0.0872505,0.0953877
1230,3.61145,0.49394,0.0981797,0.0939848
1231,3.61145,0.49394,0.0981797,0.0939848
1232,3.62422,0.497402,0.0970116,0.0894651
1233,3.66676,0.543616,0.107457,0.0892191
1234,3.66676,0.543616,0.107457,0.0892191
1235,3.59135,0.471537,0.0927718,0.094904
1236,3.59135,0.471537,0.0927718,0.094904
1237,3.59135,0.471537,0.0927718,0.094904
1238,3.60565,0.474531,0.0940614,0.0874289
1239,3.57797,0.430919,0.0871341,0.0803262
1240,3.55834,0.411003,0.082669,0.0792781
1241,3.55834,0.411003,0.082669,0.0792781
1242,3.59876,0.467569,0.0913117,0.085302
1243,3.62026,0.475188,0.0937703,0.0818049
1244,3.63315,0.485074,0.0961819,0.0792545
1245,3.61565,0.480173,0.0928472,0.0796148
1246,3.60885,0.456964,0.090107,0.0776259
1247,3.67665,0.529194,0.103572,0.0760647
1248,3.6307,0.492426,0.0958154,0.0816721
1249,3.69696,0.580268,0.114261,0.087989
1250,3.69306,0.55776,0.109537,0.0834864
1251,3.68135,0.534969,0.102993,0.0764455
1252,3.68135,0.534969,0.102993,0.0764455
1253,3.68135,0.534969,0.102993,0.0764455
1254,3.67655,0.538856,0.104796,0.0826537
1255,3.69263,0.572808,0.111537,0.0867805
1256,3.73965,0.646716,0.126651,0.0953367
1257,3.72333,0.615384,0.121554,0.0921641
1258,3.75575,0.675005,0.130026,0.0967057
1259,3.7294,0.636385,0.124004,0.0970644
1260,3.7281,0.66876,0.129777,0.107286
1261,3.72607,0.660656,0.124774,0.103786
1262,3.69066,0.610627,0.114215,0.0992831
1263,3.68109,0.64703,0.119564,0.109834
1264,3.65172,0.588797,0.112813,0.110218
1265,3.65802,0.623691,0.118216,0.112638
1266,3.66751,0.60724,0.115078,0.10407
1267,3.66102,0.575312,0.109041,0.100183
1268,3.60541,0.494453,0.0955529,0.0961636
1269,3.60541,0.494453,0.0955529,0.0961636
1270,3.64458,0.534939,0.103506,0.0913397
1271,3.65706,0.540152,0.106903,0.0896947
1272,3.66284,0.547603,0.10543,0.0916423
1273,3.66284,0.547603,0.10543,0.0916423
1274,3.68292,0.595709,0.115689,0.102302
1275,3.67319,0.572355,0.111145,0.10037
1276,3.67319,0.572355,0.111145,0.10037
1277,3.70312,0.600534,0.117626,0.0958799
1278,3.71042,0.618818,0.118616,0.0991685
1279,3.69009,0.586136,0.112188,0.0967182
1280,3.69009,0.586136,0.112188,0.0967182
1281,3.68173,0.57434,0.113632,0.0970735
1282,3.72082,0.63435,0.122291,0.102294
1283,3.66784,0.565079,0.111929,0.0983337
1284,3.69234,0.594984,0.114238,0.097609
1285,3.71809,0.634755,0.12155,0.10077
1286,3.73249,0.666502,0.127725,0.102714
1287,3.69991,0.594691,0.113508,0.0963841
1288,3.70739,0.598242,0.11608,0.0916721
1289,3.66176,0.531372,0.106205,0.0854715
1290,3.64804,0.516118,0.101486,0.0874266
1291,3.62222,0.486914,0.0966745,0.0849742
1292,3.61319,0.455468,0.0899489,0.0774509
1293,3.60208,0.44822,0.0900639,0.0772373
1294,3.62732,0.475714,0.0931227,0.0789854
1295,3.62203,0.50768,0.0999743,0.0910371
1296,3.63671,0.526577,0.104751,0.0949424
1297,3.61579,0.493723,0.0960588,0.0928185
1298,3.61579,0.493723,0.0960588,0.0928185
1299,3.61579,0.493723,0.0960588,0.0928185
1300,3.63046,0.509782,0.101108,0.092966
1301,3.62188,0.499726,0.0974995,0.0921141
1302,3.66353,0.557318,0.106451,0.0933492
1303,3.65925,0.556793,0.107003,0.0998744
1304,3.66645,0.55993,0.1102,0.0997897
1305,3.69486,0.608901,0.121103,0.103691
1306,3.6672,0.564117,0.10861,0.0974446
1307,3.70675,0.619818,0.120189,0.0981909
1308,3.75318,0.695241,0.131015,0.099772
1309,3.73461,0.67711,0.128587,0.0990138
1310,3.73368,0.640179,0.123218,0.0913124
1311,3.78637,0.718287,0.134446,0.0916912
1312,3.80079,0.740886,0.140332,0.0902549
1313,3.80079,0.740886,0.140332,0.0902549
1314,3.81424,0.768724,0.144772,0.0923115
1315,3.81424,0.768724,0.144772,0.0923115
1316,3.79333,0.683957,0.131149,0.0787077
1317,3.7858,0.668856,0.127696,0.0756608
1318,3.77777,0.652388,0.128219,0.0747372
1319,3.83704,0.726665,0.139838,0.073233
1320,3.80209,0.693553,0.133335,0.0792778
1321,3.84993,0.798908,0.152352,0.0886782
1322,3.84421,0.800335,0.149913,0.0901585
1323,3.84421,0.800335,0.149913,0.0901585
1324,3.82998,0.761986,0.142067,0.0867819
1325,3.82998,0.761986,0.142067,0.0867819
1326,3.81761,0.73077,0.14102,0.0808869
1327,3.82182,0.723575,0.137743,0.0766017
1328,3.76954,0.64987,0.126216,0.0787681
1329,3.76954,0.64987,0.126216,0.0787681
1330,3.76954,0.64987,0.126216,0.0787681
1331,3.81787,0.73624,0.140675,0.0818389
1332,3.76713,0.656786,0.128538,0.0803727
1333,3.74509,0.628962,0.121996,0.0821999
1334,3.72159,0.605698,0.1201,0.0818301
1335,3.72697,0.600397,0.117352,0.0804199
1336,3.73153,0.613737,0.119216,0.083029
1337,3.73153,0.613737,0.119216,0.083029
1338,3.73153,0.613737,0.119216,0.083029
1339,3.7196,0.591962,0.112826,0.0830126
1340,3.72231,0.583953,0.114339,0.0796264
1341,3.74183,0.651556,0.124526,0.0907054
1342,3.72908,0.596238,0.116438,0.07724
1343,3.72908,0.596238,0.116438,0.07724
1344,3.7161,0.560359,0.108547,0.0704573
1345,3.74708,0.595651,0.116547,0.0709013
1346,3.72085,0.570007,0.112616,0.0734959
1347,3.74853,0.626114,0.123306,0.0790198
1348,3.7242,0.58988,0.113768,0.0812145
1349,3.70965,0.597624,0.110979,0.0876872
1350,3.70965,0.597624,0.110979,0.0876872
1351,3.72048,0.594292,0.116087,0.0826698
1352,3.70914,0.574239,0.111694,0.0822481
1353,3.64904,0.490485,0.0967971,0.075503
1354,3.64904,0.490485,0.0967971,0.075503
1355,3.64904,0.490485,0.0967971,0.075503
1356,3.69067,0.553831,0.108009,0.0797411
1357,3.69067,0.553831,0.108009,0.0797411
1358,3.678,0.548676,0.109471,0.0823839
1359,3.69018,0.560888,0.109068,0.0843923
1360,3.68442,0.54802,0.107551,0.0805591
1361,3.67729,0.560414,0.109392,0.0912083
1362,3.70558,0.599045,0.119115,0.0947222
1363,3.70117,0.603662,0.115231,0.0975865
1364,3.72056,0.615949,0.119319,0.0916491
1365,3.67133,0.548721,0.108369,0.0909702
1366,3.65918,0.553153,0.105293,0.096392
1367,3.65918,0.553153,0.105293,0.096392
1368,3.65918,0.553153,0.105293,0.096392
1369,3.65918,0.553153,0.105293,0.096392
1370,3.64874,0.542714,0.103799,0.0976131
1371,3.62688,0.514717,0.0987207,0.0988917
1372,3.60325,0.471545,0.0910231,0.0872977
1373,3.64037,0.526806,0.105098,0.0971552
1374,3.6089,0.511756,0.100555,0.103401
1375,3.6089,0.511756,0.100555,0.103401
1376,3.6089,0.511756,0.100555,0.103401
1377,3.61782,0.518984,0.102009,0.101926
1378,3.61782,0.518984,0.102009,0.101926
1379,3.61448,0.528505,0.105011,0.103142
1380,3.62079,0.531547,0.105147,0.100661
1381,3.5906,0.492734,0.097335,0.101304
1382,3.5906,0.492734,0.097335,0.101304
1383,3.61647,0.526325,0.102072,0.0973637
1384,3.57043,0.466974,0.0913092,0.094388
1385,3.57043,0.466974,0.0913092,0.094388
1386,3.57533,0.486142,0.0935277,0.0969745
1387,3.57533,0.486142,0.0935277,0.0969745
1388,3.5449,0.472647,0.0895139,0.101273
1389,3.5449,0.472647,0.0895139,0.101273
1390,3.5406,0.479914,0.0905242,0.103207
1391,3.54008,0.466394,0.089916,0.100812
1392,3.54008,0.466394,0.089916,0.100812
1393,3.5624,0.521134,0.0977091,0.107352
1394,3.58362,0.495967,0.0944912,0.102563
1395,3.61292,0.496081,0.0969932,0.0924585
1396,3.61292,0.496081,0.0969932,0.0924585
1397,3.63878,0.555946,0.105547,0.100161
1398,3.63631,0.555346,0.10683,0.0971356
1399,3.63631,0.555346,0.10683,0.0971356
1400,3.63631,0.555346,0.10683,0.0971356
1401,3.59501,0.492781,0.0946003,0.0937146
1402,3.59733,0.52064,0.10207,0.105734
1403,3.58149,0.484504,0.0947144,0.0962102
1404,3.59987,0.488824,0.0952091,0.0895235
1405,3.57964,0.463529,0.089001,0.0931392
1406,3.59115,0.482642,0.0930789,0.0933059
1407,3.57339,0.44828,0.0882269,0.0873761
1408,3.5615,0.430619,0.0854579,0.0821843
1409,3.5469,0.42922,0.0854742,0.0898292
1410,3.5469,0.42922,0.0854742,0.0898292
1411,3.5469,0.42922,0.0854742,0.0898292
1412,3.54259,0.430001,0.0854495,0.097412
1413,3.58238,0.455376,0.0893398,0.0879676
1414,3.59736,0.501498,0.0962837,0.101088
1415,3.58572,0.477626,0.0939804,0.098789
1416,3.58572,0.477626,0.0939804,0.098789
1417,3.59797,0.483562,0.0953866,0.092937
1418,3.64584,0.545714,0.104821,0.0992692
1419,3.59948,0.488072,0.0961209,0.100102
1420,3.6104,0.495833,0.0975204,0.0976152
1421,3.6104,0.495833,0.0975204,0.0976152
1422,3.61184,0.515481,0.100821,0.106229
1423,3.61184,0.515481,0.100821,0.106229
1424,3.61974,0.500787,0.0979162,0.0955716
1425,3.62201,0.499638,0.0973705,0.0916254
1426,3.65795,0.546454,0.106332,0.0974609
1427,3.66072,0.538912,0.104335,0.093025
1428,3.63559,0.525347,0.102075,0.0993688
1429,3.63838,0.52348,0.0997005,0.0948625
1430,3.59059,0.463472,0.089844,0.0896894
1431,3.62052,0.501572,0.097672,0.0914954
1432,3.59751,0.474048,0.0909808,0.0947086
1433,3.62766,0.498984,0.0972188,0.0893534
1434,3.62766,0.498984,0.0972188,0.0893534
1435,3.63536,0.520835,0.0984255,0.0957356
1436,3.60229,0.478273,0.0922685,0.0946979
1437,3.60229,0.478273,0.0922685,0.0946979
1438,3.63358,0.514539,0.0997025,0.0953202
1439,3.63358,0.514539,0.0997025,0.0953202
1440,3.63358,0.514539,0.0997025,0.0953202
1441,3.61153,0.50663,0.0991006,0.0956367
1442,3.6155,0.506429,0.095208,0.0945312
1443,3.62409,0.508163,0.100773,0.0957521
1444,3.61848,0.505875,0.0952404,0.0910233
1445,3.61848,0.505875,0.0952404,0.0910233
1446,3.61848,0.505875,0.0952404,0.0910233
1447,3.62498,0.502917,0.0985607,0.0844573
1448,3.58976,0.472771,0.0920509,0.0907497
1449,3.63036,0.518533,0.0997365,0.0917923
1450,3.64601,0.531464,0.103375,0.0898091
1451,3.60802,0.495658,0.0963552,0.0937834
1452,3.65403,0.564509,0.107704,0.0938072
1453,3.62564,0.516359,0.101206,0.0884648
1454,3.63404,0.510921,0.0992086,0.086004
1455,3.63728,0.526418,0.102891,0.0862271
1456,3.63755,0.514873,0.101654,0.0818133
1457,3.59929,0.530716,0.0996171,0.0942468
1458,3.62191,0.546908,0.104398,0.0977406
1459,3.62191,0.546908,0.104398,0.0977406
1460,3.62191,0.546908,0.104398,0.0977406
1461,3.62191,0.546908,0.104398,0.0977406
1462,3.63419,0.531893,0.101963,0.09182
1463,3.63419,0.531893,0.101963,0.09182
1464,3.6017,0.480684,0.094207,0.0897155
1465,3.55918,0.439494,0.0851745,0.0897607
1466,3.57932,0.464256,0.0911183,0.091514
1467,3.57932,0.464256,0.0911183,0.091514
1468,3.57932,0.464256,0.0911183,0.091514
1469,3.55518,0.432844,0.0849113,0.0868243
1470,3.5919,0.460501,0.0907136,0.087247
1471,3.58322,0.465724,0.0900468,0.091875
1472,3.54323,0.414876,0.0811598,0.0879841
1473,3.54323,0.414876,0.0811598,0.0879841
1474,3.57124,0.435903,0.086167,0.0844424
1475,3.60813,0.476131,0.094402,0.0846751
1476,3.57653,0.444824,0.0886705,0.0846501
1477,3.60737,0.470331,0.0943495,0.0777294
1478,3.61554,0.475983,0.0927359,0.0806832
1479,3.61168,0.471842,0.0911522,0.0816301
1480,3.61168,0.471842,0.0911522,0.0816301
1481,3.60384,0.465605,0.0916658,0.0802803
1482,3.63074,0.504538,0.101322,0.089723
1483,3.63074,0.504538,0.101322,0.089723
1484,3.64043,0.517453,0.101952,0.0925238
1485,3.613,0.494811,0.0966833,0.0947041
1486,3.63483,0.531306,0.104251,0.101044
1487,3.627,0.504378,0.0989057,0.0905831
1488,3.64493,0.544031,0.102351,0.0974087
1489,3.6596,0.555973,0.108649,0.0969912
1490,3.6596,0.555973,0.108649,0.0969912
1491,3.6596,0.555973,0.108649,0.0969912
1492,3.60233,0.471137,0.0923427,0.0849783
1493,3.60233,0.471137,0.0923427,0.0849783
1494,3.60624,0.471738,0.0919042,0.0847054
1495,3.60624,0.471738,0.0919042,0.0847054
1496,3.60655,0.467333,0.0914406,0.0854424
1497,3.62676,0.487716,0.0946214,0.083349
1498,3.585,0.428601,0.0859265,0.0770884
1499,3.585,0.428601,0.0859265,0.0770884
1500,3.58495,0.429674,0.0841389,0.0747466
1501,3.58495,0.429674,0.0841389,0.0747466
1502,3.58495,0.429674,0.0841389,0.0747466
1503,3.58474,0.428864,0.0850986,0.0728776
1504,3.58474,0.428864,0.0850986,0.0728776
1505,3.57734,0.432232,0.0855638,0.0785826
1506,3.57734,0.432232,0.0855638,0.0785826
1507,3.62454,0.496097,0.0953891,0.0847528
1508,3.62454,0.496097,0.0953891,0.0847528
1509,3.62431,0.501861,0.0982639,0.0904956
1510,3.62431,0.501861,0.0982639,0.0904956
1511,3.63335,0.509111,0.100115,0.0924002
1512,3.62349,0.492592,0.0969644,0.0887649
1513,3.64853,0.515887,0.101009,0.086362
1514,3.64853,0.515887,0.101009,0.086362
1515,3.62703,0.489275,0.0971675,0.0841049
1516,3.61457,0.461618,0.090651,0.0787408
1517,3.61457,0.461618,0.090651,0.0787408
1518,3.61457,0.461618,0.090651,0.0787408
1519,3.60276,0.455682,0.0904758,0.0809267
1520,3.65971,0.50711,0.103012,0.0808714
1521,3.66039,0.505156,0.0997448,0.0742318
1522,3.65258,0.489661,0.095192,0.0734411
1523,3.65258,0.489661,0.095192,0.0734411
1524,3.65258,0.489661,0.095192,0.0734411
1525,3.66695,0.517384,0.101812,0.0776381
1526,3.67844,0.53251,0.1034,0.0760277
1527,3.67768,0.530709,0.104266,0.0794011
1528,3.65735,0.500077,0.0986823,0.0759613
1529,3.65735,0.500077,0.0986823,0.0759613
1530,3.65735,0.500077,0.0986823,0.0759613
1531,3.65735,0.500077,0.0986823,0.0759613
1532,3.66275,0.514185,0.101332,0.0805917
1533,3.71513,0.57083,0.114116,0.0782745
1534,3.70866,0.558251,0.107854,0.0723172
1535,3.70866,0.558251,0.107854,0.0723172
1536,3.70866,0.558251,0.107854,0.0723172
1537,3.68053,0.529109,0.103615,0.0727522
1538,3.68053,0.529109,0.103615,0.0727522
1539,3.72323,0.59217,0.114634,0.0775636
1540,3.71689,0.623459,0.120485,0.0888895
1541,3.71689,0.623459,0.120485,0.0888895
1542,3.73003,0.626625,0.121283,0.0885997
1543,3.73003,0.626625,0.121283,0.0885997
1544,3.68606,0.555667,0.107902,0.0819789
1545,3.68606,0.555667,0.107902,0.0819789
1546,3.68606,0.555667,0.107902,0.0819789
1547,3.68606,0.555667,0.107902,0.0819789
1548,3.6663,0.514137,0.102223,0.0790842
1549,3.67515,0.527578,0.104186,0.0794332
1550,3.6702,0.51673,0.100499,0.0753101
1551,3.68093,0.534517,0.104569,0.0788526
1552,3.67702,0.546467,0.105503,0.0845135
1553,3.66694,0.534439,0.104796,0.084219
1554,3.61795,0.470249,0.0909429,0.0797468
1555,3.65365,0.513774,0.0998727,0.0854823
1556,3.63414,0.497156,0.0985223,0.0855138
1557,3.67167,0.543367,0.106236,0.088748
1558,3.60453,0.463374,0.0930447,0.082013
1559,3.62965,0.500867,0.0957831,0.0858841
1560,3.60112,0.478993,0.0962201,0.0907836
1561,3.60112,0.478993,0.0962201,0.0907836
1562,3.59675,0.483583,0.0951423,0.0982662
1563,3.60806,0.502187,0.0973125,0.100716
1564,3.60806,0.502187,0.0973125,0.100716
1565,3.60806,0.502187,0.0973125,0.100716
1566,3.60806,0.502187,0.0973125,0.100716
1567,3.60806,0.502187,0.0973125,0.100716
1568,3.6169,0.512704,0.0983833,0.102196
1569,3.58764,0.475937,0.0936507,0.100427
1570,3.59658,0.473674,0.092411,0.0950913
1571,3.58938,0.47362,0.0932921,0.0965574
1572,3.58938,0.47362,0.0932921,0.0965574
1573,3.60927,0.490905,0.0952428,0.0949778
1574,3.5753,0.463619,0.0907457,0.0991084
1575,3.58537,0.487051,0.0958624,0.103706
1576,3.57676,0.474697,0.0931081,0.102199
1577,3.60473,0.502274,0.0976082,0.100115
1578,3.57864,0.469226,0.093633,0.100637
1579,3.57864,0.469226,0.093633,0.100637
1580,3.57864,0.469226,0.093633,0.100637
1581,3.58189,0.46567,0.0911843,0.0962169
1582,3.57605,0.457562,0.0900473,0.0956885
1583,3.56742,0.454512,0.0902573,0.0979319
1584,3.60244,0.503912,0.0970423,0.106026
1585,3.61191,0.518233,0.0994611,0.110035
1586,3.64565,0.543816,0.105873,0.103488
1587,3.59874,0.499047,0.0977523,0.104321
1588,3.59874,0.499047,0.0977523,0.104321
1589,3.59874,0.499047,0.0977523,0.104321
1590,3.59874,0.499047,0.0977523,0.104321
1591,3.54631,0.425997,0.0859525,0.0944789
1592,3.57635,0.468675,0.0911079,0.100779
1593,3.59734,0.493094,0.0937732,0.103581
1594,3.56717,0.442028,0.087596,0.0946879
1595,3.51784,0.409554,0.0803321,0.0979365
1596,3.5688,0.440633,0.0870777,0.092301
1597,3.5688,0.440633,0.0870777,0.092301
1598,3.55226,0.425845,0.0841437,0.091985
1599,3.55306,0.428013,0.0845692,0.0889689
1600,3.52526,0.39333,0.0798075,0.0872904
1601,3.53109,0.40486,0.0799205,0.0891223
1602,3.50609,0.38947,0.0772735,0.0918296
1603,3.50609,0.38947,0.0772735,0.0918296
1604,3.52363,0.39857,0.0791253,0.0905341
1605,3.52363,0.39857,0.0791253,0.0905341
1606,3.52526,0.41315,0.0797248,0.0948047
1607,3.51396,0.411571,0.0830278,0.104155
1608,3.51396,0.411571,0.0830278,0.104155
1609,3.52177,0.405632,0.0811407,0.0950392
1610,3.45143,0.332376,0.0666293,0.0844244
1611,3.48807,0.363067,0.0721591,0.0862058
1612,3.45718,0.330429,0.0658312,0.0842391
1613,3.48525,0.34467,0.0708744,0.0778051
1614,3.50024,0.362497,0.0735125,0.0822589
1615,3.52819,0.387374,0.077771,0.0796301
1616,3.54193,0.386166,0.0770143,0.0719473
1617,3.53794,0.394078,0.07787,0.0735988
1618,3.55638,0.407316,0.0815568,0.0760866
1619,3.52695,0.378569,0.0767662,0.0757404
1620,3.53547,0.389846,0.0784924,0.0784432
1621,3.50972,0.371434,0.0760562,0.0795874
1622,3.50972,0.371434,0.0760562,0.0795874
1623,3.50972,0.371434,0.0760562,0.0795874
1624,3.52034,0.383304,0.0765962,0.0823054
1625,3.55178,0.410497,0.083027,0.0817595
1626,3.5376,0.398394,0.0818872,0.0839237
1627,3.5376,0.398394,0.0818872,0.0839237
1628,3.56041,0.417037,0.0859607,0.0834329
1629,3.53243,0.395904,0.0799406,0.0849514
1630,3.53243,0.395904,0.0799406,0.0849514
1631,3.53243,0.395904,0.0799406,0.0849514
1632,3.53669,0.386352,0.0779646,0.0807272
1633,3.51333,0.381087,0.0786302,0.0873815
1634,3.49932,0.367681,0.0728589,0.0867075
1635,3.52679,0.393998,0.0768097,0.0857259
1636,3.52679,0.393998,0.0768097,0.0857259
1637,3.51604,0.389001,0.0771023,0.0857306
1638,3.53134,0.409739,0.0811645,0.091579
1639,3.53716,0.436628,0.0861904,0.101146
1640,3.53716,0.436628,0.0861904,0.101146
1641,3.5566,0.453343,0.0866779,0.100137
1642,3.58632,0.478553,0.0917783,0.0978434
1643,3.589,0.49714,0.0939858,0.0974483
1644,3.62523,0.551786,0.106069,0.105765
1645,3.62627,0.522015,0.100572,0.0967083
1646,3.61757,0.502292,0.0984892,0.0897218
1647,3.61757,0.502292,0.0984892,0.0897218
1648,3.61757,0.502292,0.0984892,0.0897218
1649,3.62501,0.514369,0.0970031,0.0872325
1650,3.69447,0.61215,0.117286,0.0954163
1651,3.65441,0.570756,0.107316,0.0964992
1652,3.62736,0.534509,0.10307,0.0984596
1653,3.62736,0.534509,0.10307,0.0984596
1654,3.65713,0.590995,0.112479,0.105039
1655,3.6376,0.573465,0.107367,0.102855
1656,3.6376,0.573465,0.107367,0.102855
1657,3.64864,0.574705,0.108524,0.101463
1658,3.65556,0.543094,0.104031,0.0915389
1659,3.67322,0.599661,0.111574,0.0989386
1660,3.64738,0.528398,0.103575,0.0906848
1661,3.63403,0.514676,0.100758,0.0923522
1662,3.59788,0.478108,0.0955468,0.0920103
1663,3.58137,0.45686,0.0901461,0.0905032
1664,3.59642,0.442725,0.0858256,0.0744014
1665,3.59642,0.442725,0.0858256,0.0744014
1666,3.60002,0.465651,0.0928588,0.0862194
1667,3.56024,0.435919,0.0856267,0.0922801
1668,3.56024,0.435919,0.0856267,0.0922801
1669,3.60217,0.450445,0.0904851,0.0811745
1670,3.60591,0.461346,0.0897818,0.0825747
1671,3.60591,0.461346,0.0897818,0.0825747
1672,3.60591,0.461346,0.0897818,0.0825747
1673,3.6227,0.468818,0.0929439,0.0789986
1674,3.6227,0.468818,0.0929439,0.0789986
1675,3.58938,0.429981,0.085972,0.0757426
1676,3.58938,0.429981,0.085972,0.0757426
1677,3.58938,0.429981,0.085972,0.0757426
1678,3.56234,0.404784,0.0809111,0.0757404
1679,3.57215,0.409186,0.0814092,0.071192
1680,3.60355,0.447832,0.0911209,0.0738115
1681,3.60355,0.447832,0.0911209,0.0738115
1682,3.56147,0.419138,0.0828712,0.0793521
1683,3.56147,0.419138,0.0828712,0.0793521
1684,3.5468,0.391798,0.0784031,0.0676777
1685,3.5468,0.391798,0.0784031,0.0676777
1686,3.59929,0.443022,0.087863,0.0733519
1687,3.56568,0.403809,0.0789044,0.072006
1688,3.56568,0.403809,0.0789044,0.072006
1689,3.61628,0.471686,0.0911941,0.0765556
1690,3.60954,0.470412,0.0939714,0.0797399
1691,3.60109,0.429902,0.0834987,0.0689168
1692,3.60109,0.429902,0.0834987,0.0689168
1693,3.60109,0.429902,0.0834987,0.0689168
1694,3.59278,0.434808,0.0854829,0.0722744
1695,3.59278,0.434808,0.0854829,0.0722744
1696,3.62044,0.483839,0.0946005,0.0847845
1697,3.55471,0.406166,0.0809289,0.0780956
1698,3.55471,0.406166,0.0809289,0.0780956
1699,3.58506,0.422248,0.0852887,0.0730895
1700,3.58506,0.422248,0.0852887,0.0730895
1701,3.61487,0.449237,0.090514,0.0675054
1702,3.61487,0.449237,0.090514,0.0675054
1703,3.61487,0.449237,0.090514,0.0675054
1704,3.65049,0.485881,0.101277,0.0714117
1705,3.64765,0.486333,0.098069,0.0742046
1706,3.6585,0.482448,0.0952934,0.0665239
1707,3.64648,0.476635,0.0936711,0.0679509
1708,3.6379,0.462334,0.0895136,0.0653073
1709,3.68833,0.539124,0.105793,0.0782493
1710,3.682,0.549332,0.107278,0.0841228
1711,3.64922,0.505066,0.10079,0.080531
1712,3.68489,0.553457,0.1085,0.0840343
1713,3.63393,0.489105,0.0965287,0.081197
1714,3.64977,0.496632,0.0965152,0.0758735
1715,3.64977,0.496632,0.0965152,0.0758735
1716,3.608,0.458898,0.0894403,0.0773485
1717,3.608,0.458898,0.0894403,0.0773485
1718,3.57714,0.423036,0.0838,0.0768458
1719,3.59444,0.443815,0.0891438,0.0809823
1720,3.59444,0.443815,0.0891438,0.0809823
1721,3.5997,0.439783,0.088879,0.0746271
1722,3.57974,0.430603,0.0852673,0.0813029
1723,3.60204,0.461722,0.0913152,0.0841614
1724,3.63306,0.475016,0.0940179,0.0729283
1725,3.61813,0.463677,0.090701,0.0758872
1726,3.61813,0.463677,0.090701,0.0758872
1727,3.58364,0.432365,0.0855092,0.0785306
1728,3.58339,0.438976,0.0871067,0.0781704
1729,3.58384,0.453264,0.0881781,0.0830485
1730,3.58589,0.469735,0.09084,0.0879007
1731,3.58589,0.469735,0.09084,0.0879007
1732,3.58589,0.469735,0.09084,0.0879007
1733,3.59713,0.473747,0.0937403,0.0888481
1734,3.56824,0.445766,0.0862237,0.0838282
1735,3.58242,0.448702,0.0868162,0.0841082
1736,3.57384,0.426055,0.0848278,0.0810713
1737,3.58089,0.4349,0.086358,0.0806542
1738,3.58089,0.4349,0.086358,0.0806542
1739,3.57445,0.417982,0.0853318,0.075
1740,3.58954,0.451274,0.0888808,0.0866403
1741,3.58954,0.451274,0.0888808,0.0866403
1742,3.58954,0.451274,0.0888808,0.0866403
1743,3.59222,0.469239,0.0928135,0.0916556
1744,3.58879,0.465605,0.0905854,0.0917576
1745,3.61804,0.502009,0.0984974,0.092845
1746,3.58214,0.445868,0.0872989,0.0878967
1747,3.60358,0.478874,0.0939324,0.0909505
1748,3.5976,0.482449,0.0939216,0.0949804
1749,3.5976,0.482449,0.0939216,0.0949804
1750,3.56858,0.449625,0.0891203,0.0925423
1751,3.59883,0.462842,0.0929083,0.0863154
1752,3.6039,0.478134,0.0930989,0.089522
1753,3.6039,0.478134,0.0930989,0.089522
1754,3.61709,0.49327,0.0959978,0.0920593
1755,3.611,0.474435,0.093541,0.0840645
1756,3.61541,0.467751,0.0902654,0.0763633
1757,3.62442,0.476422,0.0927385,0.0778176
1758,3.63976,0.487791,0.0974377,0.0794515
1759,3.64644,0.514235,0.0996077,0.088488
1760,3.64637,0.533141,0.104559,0.0922436
1761,3.64637,0.533141,0.104559,0.0922436
1762,3.63915,0.506973,0.101553,0.0852906
1763,3.65069,0.516241,0.102451,0.0849849
1764,3.67757,0.548977,0.107226,0.0839056
1765,3.66251,0.523903,0.101594,0.0816652
1766,3.68948,0.558234,0.109064,0.0855577
1767,3.69669,0.561845,0.108212,0.0815961
1768,3.71099,0.60134,0.11701,0.0924351
1769,3.71099,0.60134,0.11701,0.0924351
1770,3.69806,0.578206,0.11288,0.0867912
1771,3.69806,0.578206,0.11288,0.0867912
1772,3.67493,0.52832,0.104295,0.0819757
1773,3.67493,0.52832,0.104295,0.0819757
1774,3.71136,0.576627,0.113724,0.080633
1775,3.7206,0.585211,0.115304,0.0796281
1776,3.7206,0.585211,0.115304,0.0796281
1777,3.7206,0.585211,0.115304,0.0796281
1778,3.7206,0.585211,0.115304,0.0796281
1779,3.72594,0.609024,0.117356,0.0847063
1780,3.75053,0.633306,0.123257,0.0823208
1781,3.75053,0.633306,0.123257,0.0823208
1782,3.78689,0.678088,0.130555,0.0820839
1783,3.7743,0.681294,0.13101,0.0857358
1784,3.81364,0.750479,0.141496,0.08871
1785,3.80057,0.741161,0.140882,0.0934825
1786,3.80057,0.741161,0.140882,0.0934825
1787,3.80057,0.741161,0.140882,0.0934825
1788,3.81156,0.776626,0.14551,0.100678
1789,3.7618,0.672917,0.124178,0.0898226
1790,3.7618,0.672917,0.124178,0.0898226
1791,3.7618,0.672917,0.124178,0.0898226
1792,3.7618,0.672917,0.124178,0.0898226
1793,3.83241,0.7801,0.148543,0.0916633
1794,3.84855,0.787822,0.151273,0.0886138
1795,3.82214,0.764418,0.144139,0.0906813
1796,3.82214,0.764418,0.144139,0.0906813
1797,3.8375,0.769255,0.145747,0.0850727
1798,3.8375,0.769255,0.145747,0.0850727
1799,3.84736,0.759197,0.148274,0.080041
1800,3.88937,0.84192,0.161623,0.0824313
1801,3.88937,0.84192,0.161623,0.0824313
1802,3.87445,0.825822,0.157271,0.0842921
1803,3.88333,0.836707,0.157132,0.0844883
1804,3.90266,0.85055,0.160676,0.0784445
1805,3.86238,0.803038,0.154938,0.0817194
1806,3.8344,0.778124,0.14606,0.0862295
1807,3.85219,0.798849,0.150241,0.0859816
1808,3.85763,0.780371,0.148425,0.0815891
1809,3.85185,0.765441,0.14547,0.078216
1810,3.8514,0.792999,0.150034,0.0836425
1811,3.8514,0.792999,0.150034,0.0836425
1812,3.87262,0.856386,0.157951,0.0912625
1813,3.87053,0.884442,0.162672,0.0962956
1814,3.85588,0.803381,0.154268,0.0841509
1815,3.85896,0.812547,0.154128,0.0843744
1816,3.85213,0.822404,0.152251,0.0875983
1817,3.83722,0.76931,0.145796,0.0851596
1818,3.80327,0.694081,0.13478,0.0791775
1819,3.77861,0.677276,0.131952,0.0868322
1820,3.77408,0.649927,0.124235,0.0773266
1821,3.78011,0.666513,0.128157,0.0811954
1822,3.79049,0.676178,0.132845,0.0779531
1823,3.79049,0.676178,0.132845,0.0779531
1824,3.72413,0.588437,0.114218,0.0783839
1825,3.73482,0.621806,0.123046,0.0817266
1826,3.72237,0.593501,0.113482,0.0791774
1827,3.72237,0.593501,0.113482,0.0791774
1828,3.73639,0.615815,0.121097,0.0792724
1829,3.70662,0.571046,0.110451,0.0778369
1830,3.7493,0.647089,0.124239,0.0836284
1831,3.7493,0.647089,0.124239,0.0836284
1832,3.7425,0.659789,0.127071,0.0933092
1833,3.72179,0.641211,0.122655,0.0962184
1834,3.72826,0.619829,0.119798,0.0888207
1835,3.70705,0.570567,0.111588,0.0802951
1836,3.68472,0.535323,0.10486,0.0767938
1837,3.71041,0.556436,0.109435,0.074341
1838,3.71147,0.567263,0.108688,0.0759366
1839,3.71147,0.567263,0.108688,0.0759366
1840,3.69895,0.552349,0.10708,0.0760364
1841,3.67302,0.523556,0.100701,0.0764814
1842,3.69809,0.555882,0.107672,0.0782091
1843,3.66772,0.520043,0.10222,0.0783505
1844,3.64207,0.486439,0.0972759,0.0751767
1845,3.66517,0.534223,0.104277,0.0800736
1846,3.66517,0.534223,0.104277,0.0800736
1847,3.64537,0.524104,0.10157,0.087082
1848,3.64537,0.524104,0.10157,0.087082
1849,3.64537,0.524104,0.10157,0.087082
1850,3.63962,0.534807,0.104679,0.094174
1851,3.66421,0.542908,0.105961,0.0888989
1852,3.66421,0.542908,0.105961,0.0888989
1853,3.66421,0.542908,0.105961,0.0888989
1854,3.68198,0.548404,0.105202,0.0817536
1855,3.68294,0.595467,0.114379,0.099856
1856,3.67808,0.589464,0.113202,0.104282
1857,3.64878,0.540567,0.107484,0.100565
1858,3.67409,0.564675,0.107097,0.0959124
1859,3.60101,0.48966,0.0959751,0.0980079
1860,3.60101,0.48966,0.0959751,0.0980079
1861,3.61938,0.53415,0.101704,0.108094
1862,3.58896,0.482457,0.0923718,0.102168
1863,3.58597,0.489573,0.0963,0.106244
1864,3.58686,0.483198,0.0942312,0.103205
1865,3.5942,0.488635,0.0933311,0.101073
1866,3.61384,0.512537,0.0992831,0.102318
1867,3.61308,0.501974,0.0990987,0.0960151
1868,3.62313,0.52744,0.102605,0.102817
1869,3.61654,0.520505,0.0996941,0.105358
1870,3.58996,0.482085,0.092317,0.100698
1871,3.58342,0.459349,0.092806,0.0957479
1872,3.57791,0.481421,0.092932,0.105353
1873,3.57791,0.481421,0.092932,0.105353
1874,3.57791,0.481421,0.092932,0.105353
1875,3.57879,0.484875,0.0939321,0.104421
1876,3.5844,0.480622,0.0900825,0.102638
1877,3.59448,0.485601,0.0946724,0.0996662
1878,3.61734,0.511145,0.0984464,0.0994888
1879,3.60881,0.502131,0.0977133,0.100904
1880,3.60881,0.502131,0.0977133,0.100904
1881,3.60881,0.502131,0.0977133,0.100904
1882,3.62259,0.51591,0.0984913,0.101983
1883,3.60895,0.507783,0.0995271,0.103804
1884,3.64094,0.534568,0.106456,0.0986066
1885,3.64094,0.534568,0.106456,0.0986066
1886,3.64094,0.534568,0.106456,0.0986066
1887,3.62529,0.512859,0.101632,0.0980775
1888,3.59796,0.479433,0.0959142,0.0946416
1889,3.60043,0.480518,0.0937398,0.0939754
1890,3.60968,0.494364,0.0976845,0.0955575
1891,3.62785,0.50388,0.097512,0.0932166
1892,3.6414,0.536754,0.104582,0.0982229
1893,3.64015,0.53609,0.105398,0.100423
1894,3.61828,0.498438,0.100562,0.095514
1895,3.57853,0.458866,0.0913271,0.0965434
1896,3.60898,0.491982,0.0972834,0.0971691
1897,3.60898,0.491982,0.0972834,0.0971691
1898,3.61113,0.494508,0.0977342,0.0962377
1899,3.62052,0.508196,0.0997887,0.0958009
1900,3.62794,0.506489,0.101037,0.0906522
1901,3.65369,0.531832,0.106381,0.091329
1902,3.65435,0.548203,0.106348,0.0961206
1903,3.65435,0.548203,0.106348,0.0961206
1904,3.66787,0.583071,0.111847,0.104118
1905,3.66787,0.583071,0.111847,0.104118
1906,3.66472,0.565354,0.10712,0.09623
1907,3.66472,0.565354,0.10712,0.09623
1908,3.6863,0.599462,0.113861,0.0942168
1909,3.65605,0.558835,0.107556,0.0955488
1910,3.65206,0.557744,0.109362,0.0991275
1911,3.63495,0.548535,0.10637,0.102168
1912,3.67998,0.617422,0.118115,0.103676
1913,3.67204,0.582374,0.109285,0.0942746
1914,3.65314,0.554682,0.109927,0.0928559
1915,3.65552,0.524385,0.102912,0.0796335
1916,3.65552,0.524385,0.102912,0.0796335
1917,3.62341,0.528744,0.102986,0.0899241
1918,3.63293,0.53866,0.10158,0.0864782
1919,3.64356,0.531289,0.10407,0.0832955
1920,3.64356,0.531289,0.10407,0.0832955
1921,3.64356,0.531289,0.10407,0.0832955
1922,3.64169,0.528405,0.101257,0.0875311
1923,3.64169,0.528405,0.101257,0.0875311
1924,3.64561,0.521146,0.103451,0.0807661
1925,3.69367,0.574358,0.114347,0.0851838
1926,3.655,0.519806,0.0995001,0.0820528
1927,3.65909,0.519934,0.103952,0.0801358
1928,3.65909,0.519934,0.103952,0.0801358
1929,3.657,0.509275,0.0971,0.0764325
1930,3.68048,0.546291,0.104238,0.0832274
1931,3.68048,0.546291,0.104238,0.0832274
1932,3.64643,0.507117,0.0983701,0.0830826
1933,3.64643,0.507117,0.0983701,0.0830826
1934,3.64579,0.500196,0.098022,0.079697
1935,3.64579,0.500196,0.098022,0.079697
1936,3.65034,0.516668,0.100215,0.0865807
1937,3.65904,0.521506,0.100945,0.0837688
1938,3.70439,0.56144,0.108803,0.0797673
1939,3.70439,0.56144,0.108803,0.0797673
1940,3.66518,0.536881,0.101801,0.0797558
1941,3.66126,0.527712,0.104495,0.0874682
1942,3.69678,0.576206,0.108828,0.0864868
1943,3.69678,0.576206,0.108828,0.0864868
1944,3.68837,0.579382,0.113323,0.0925371
1945,3.68837,0.579382,0.113323,0.0925371
1946,3.68837,0.579382,0.113323,0.0925371
1947,3.68837,0.579382,0.113323,0.0925371
1948,3.68766,0.612679,0.118864,0.107543
1949,3.72893,0.660474,0.127195,0.101911
1950,3.70686,0.610611,0.118921,0.0991147
1951,3.74174,0.673635,0.12879,0.10314
1952,3.69783,0.605566,0.115549,0.098114
1953,3.70374,0.598582,0.116037,0.0956987
1954,3.70425,0.588612,0.116247,0.094022
1955,3.68618,0.581561,0.111422,0.0972504
1956,3.67242,0.541368,0.10705,0.0865553
1957,3.65849,0.522298,0.102347,0.0816946
1958,3.62875,0.484646,0.0942739,0.0817724
1959,3.6181,0.466488,0.091291,0.0768
1960,3.59404,0.434442,0.0855558,0.0757608
1961,3.59404,0.434442,0.0855558,0.0757608
1962,3.63345,0.468509,0.0914045,0.0730854
1963,3.69005,0.533378,0.104446,0.0763576
1964,3.68619,0.526728,0.105023,0.0732164
1965,3.68619,0.526728,0.105023,0.0732164
1966,3.74033,0.57553,0.114448,0.06823
1967,3.73603,0.584962,0.116637,0.0716702
1968,3.6682,0.503688,0.100376,0.0730674
1969,3.68573,0.523475,0.104419,0.071523
1970,3.68397,0.524817,0.105693,0.0713071
1971,3.68397,0.524817,0.105693,0.0713071
1972,3.7051,0.53823,0.104615,0.0658473
1973,3.7051,0.53823,0.104615,0.0658473
1974,3.67661,0.509494,0.102849,0.0679593
1975,3.66486,0.502737,0.10111,0.0716536
1976,3.69631,0.538213,0.10425,0.0709537
1977,3.68784,0.517087,0.100692,0.0682595
1978,3.65238,0.495034,0.097927,0.0769768
1979,3.64647,0.4703,0.0920771,0.0682674
1980,3.64134,0.472203,0.0948671,0.0704232
1981,3.67487,0.531725,0.105271,0.0808181
1982,3.61572,0.469491,0.0918585,0.0823108
1983,3.67036,0.545384,0.108725,0.0879974
1984,3.632,0.50336,0.100525,0.0859107
1985,3.63284,0.505856,0.0997334,0.0866287
1986,3.60644,0.483868,0.09529,0.0914701
1987,3.59499,0.464838,0.0925341,0.0878423
1988,3.59499,0.464838,0.0925341,0.0878423
1989,3.59499,0.464838,0.0925341,0.0878423
1990,3.60466,0.486376,0.0942453,0.0898756
1991,3.60296,0.475879,0.0905998,0.0894309
1992,3.57801,0.4511,0.0889254,0.0875807
1993,3.58665,0.476876,0.0941787,0.0965756
1994,3.61869,0.495607,0.098033,0.0906957
1995,3.61869,0.495607,0.098033,0.0906957
1996,3.58985,0.479759,0.093995,0.0955328
1997,3.613,0.491573,0.0970839,0.0882824
1998,3.64521,0.555069,0.105192,0.095286
1999,3.64521,0.555069,0.105192,0.095286
2000,3.62187,0.507579,0.100888,0.0901333
2001,3.58663,0.468462,0.0907376,0.0895679
2002,3.62825,0.513804,0.10239,0.0969281
2003,3.62825,0.513804,0.10239,0.0969281
2004,3.61259,0.504613,0.10085,0.104549
2005,3.61259,0.504613,0.10085,0.104549
2006,3.59179,0.492046,0.0970649,0.107302
2007,3.59179,0.492046,0.0970649,0.107302
2008,3.64022,0.531946,0.101688,0.100698
2009,3.62566,0.529572,0.102959,0.107427
2010,3.62067,0.532139,0.103029,0.103911
2011,3.58804,0.487731,0.0963189,0.101262
2012,3.60469,0.49531,0.0993425,0.0971862
2013,3.6434,0.552899,0.107154,0.0996435
2014,3.66414,0.59333,0.116382,0.105036
2015,3.64671,0.557936,0.108672,0.100436
2016,3.65144,0.55863,0.1063,0.101076
2017,3.65144,0.55863,0.1063,0.101076
2018,3.62861,0.518986,0.103189,0.0959055
2019,3.63178,0.509675,0.0982136,0.0892933
2020,3.62643,0.533725,0.101928,0.0975331
2021,3.62643,0.533725,0.101928,0.0975331
2022,3.56877,0.455363,0.0895016,0.0928147
2023,3.56877,0.455363,0.0895016,0.0928147
2024,3.56983,0.445889,0.0881068,0.0876854
2025,3.57752,0.445999,0.0886678,0.0854888
2026,3.59488,0.461609,0.0884808,0.0821951
2027,3.56898,0.422334,0.0825958,0.0767178
2028,3.5868,0.449415,0.0870314,0.0847248
2029,3.5818,0.448786,0.0900783,0.0884196
2030,3.5818,0.448786,0.0900783,0.0884196
2031,3.56196,0.423176,0.0856037,0.0835745
2032,3.53962,0.412135,0.0815069,0.0867438
2033,3.58046,0.445017,0.0881998,0.0871577
2034,3.58046,0.445017,0.0881998,0.0871577
2035,3.56934,0.442212,0.0855095,0.0901359
2036,3.60331,0.483838,0.0942597,0.0942801
2037,3.60147,0.49792,0.0987769,0.101885
2038,3.56694,0.450144,0.0887183,0.0954759
2039,3.58321,0.470324,0.0918386,0.0981009
2040,3.60611,0.501742,0.0960184,0.104019
2041,3.60611,0.501742,0.0960184,0.104019
2042,3.61196,0.511133,0.097802,0.104313
2043,3.57734,0.486387,0.0952469,0.109587
2044,3.6191,0.53983,0.106409,0.113232
2045,3.6191,0.53983,0.106409,0.113232
2046,3.59216,0.52779,0.103533,0.121393
2047,3.57779,0.489143,0.0966078,0.111719
2048,3.57779,0.489143,0.0966078,0.111719
2049,3.5699,0.478872,0.0938616,0.109297
2050,3.60081,0.532539,0.102302,0.120446
2051,3.56988,0.479581,0.0926897,0.110846
2052,3.56988,0.479581,0.0926897,0.110846
2053,3.55829,0.463298,0.0898016,0.109185
2054,3.55829,0.463298,0.0898016,0.109185
2055,3.55829,0.463298,0.0898016,0.109185
2056,3.57391,0.477826,0.093856,0.107109
2057,3.57391,0.477826,0.093856,0.107109
2058,3.57391,0.477826,0.093856,0.107109
2059,3.60472,0.511861,0.0976722,0.107523
2060,3.53426,0.432492,0.0825908,0.103855
2061,3.53426,0.432492,0.0825908,0.103855
2062,3.53872,0.433824,0.083981,0.102069
2063,3.57002,0.485421,0.094871,0.10956
2064,3.56485,0.453528,0.0890103,0.100404
2065,3.56742,0.462429,0.090893,0.105079
2066,3.53349,0.426794,0.0840041,0.102671
2067,3.55479,0.436553,0.0869666,0.0969927
2068,3.55479,0.436553,0.0869666,0.0969927
2069,3.58638,0.46956,0.0891612,0.0961033
2070,3.61004,0.485874,0.0928552,0.0901292
2071,3.60056,0.466314,0.0908061,0.088359
2072,3.61144,0.497505,0.0969043,0.0928765
2073,3.58712,0.459792,0.089718,0.0888276
2074,3.60947,0.497379,0.0980647,0.0885374
2075,3.56298,0.437845,0.0841537,0.0815561
2076,3.56298,0.437845,0.0841537,0.0815561
2077,3.56298,0.437845,0.0841537,0.0815561
2078,3.56298,0.437845,0.0841537,0.0815561
2079,3.61839,0.480919,0.0914426,0.0797
2080,3.61841,0.484338,0.0941603,0.0846528
2081,3.61841,0.484338,0.0941603,0.0846528
2082,3.61841,0.484338,0.0941603,0.0846528
2083,3.61841,0.484338,0.0941603,0.0846528
2084,3.61841,0.484338,0.0941603,0.0846528
2085,3.65169,0.514477,0.0988284,0.0842447
2086,3.62187,0.484923,0.0958948,0.0822824
2087,3.62187,0.484923,0.0958948,0.0822824
2088,3.62187,0.484923,0.0958948,0.0822824
2089,3.58863,0.483591,0.0943841,0.0904775
2090,3.58863,0.483591,0.0943841,0.0904775
2091,3.58863,0.483591,0.0943841,0.0904775
2092,3.58863,0.483591,0.0943841,0.0904775
2093,3.58232,0.467769,0.0937844,0.0915026
2094,3.58232,0.467769,0.0937844,0.0915026
2095,3.56968,0.449834,0.0890004,0.0918132
2096,3.5986,0.481899,0.0947474,0.0949526
2097,3.5986,0.481899,0.0947474,0.0949526
2098,3.5986,0.481899,0.0947474,0.0949526
2099,3.64778,0.55554,0.106904,0.101224
2100,3.63821,0.534065,0.102884,0.101247
2101,3.64198,0.521623,0.100406,0.0943173
2102,3.61725,0.507186,0.100777,0.100328
2103,3.61725,0.507186,0.100777,0.100328
2104,3.5604,0.437398,0.0852541,0.0930278
2105,3.55694,0.43778,0.0856248,0.0955673
2106,3.58181,0.443802,0.0852643,0.0856179
2107,3.53611,0.404822,0.0792049,0.0889772
2108,3.58629,0.458386,0.0907976,0.0897158
2109,3.60636,0.479232,0.0931308,0.0900629
2110,3.5897,0.470858,0.0918107,0.0919618
2111,3.5897,0.470858,0.0918107,0.0919618
2112,3.58659,0.464058,0.0902667,0.0928379
2113,3.5762,0.45462,0.089382,0.0908982
2114,3.56335,0.426262,0.0837633,0.0837513
2115,3.56335,0.426262,0.0837633,0.0837513
2116,3.57375,0.432059,0.0851579,0.08016
2117,3.52416,0.380995,0.0759377,0.0814021
2118,3.55732,0.410303,0.080816,0.0794649
2119,3.57966,0.432119,0.0829005,0.0789263
2120,3.62962,0.464374,0.0915631,0.0708821
2121,3.63044,0.468453,0.0906269,0.0715575
2122,3.58083,0.413762,0.0821353,0.0697598
2123,3.62695,0.467207,0.0941495,0.0736802
2124,3.62058,0.467998,0.0945192,0.0767863
2125,3.62013,0.466462,0.0923851,0.075438
2126,3.59023,0.445609,0.0877698,0.0802755
2127,3.60868,0.465373,0.0922115,0.0818525
2128,3.56229,0.418801,0.0848129,0.0810895
2129,3.56229,0.418801,0.0848129,0.0810895
2130,3.60184,0.455678,0.0896026,0.0803171
2131,3.59625,0.459211,0.0901786,0.0807819
2132,3.60756,0.46924,0.0917719,0.0827844
2133,3.60756,0.46924,0.0917719,0.0827844
2134,3.62831,0.491178,0.0924934,0.0846084
2135,3.62831,0.491178,0.0924934,0.0846084
2136,3.621,0.491035,0.0950639,0.0866197
2137,3.56736,0.432865,0.0830539,0.0862805
2138,3.52768,0.401763,0.0806777,0.089026
2139,3.53943,0.412105,0.0813737,0.0871104
2140,3.48126,0.370502,0.0735054,0.0941883
2141,3.48126,0.370502,0.0735054,0.0941883
2142,3.48867,0.374479,0.0736174,0.0951272
2143,3.48867,0.374479,0.0736174,0.0951272
2144,3.52023,0.386968,0.0772903,0.0844035
2145,3.53741,0.404047,0.0797761,0.0853511
2146,3.54508,0.402144,0.0797262,0.082557
2147,3.54508,0.402144,0.0797262,0.082557
2148,3.54508,0.402144,0.0797262,0.082557
2149,3.50715,0.370184,0.0745848,0.0830603
2150,3.45556,0.332276,0.0664886,0.0842754
2151,3.49021,0.374813,0.0738565,0.0895832
2152,3.49021,0.374813,0.0738565,0.0895832
2153,3.4902,0.372413,0.0749281,0.0861938
2154,3.51538,0.415059,0.0811077,0.0912942
2155,3.50911,0.42266,0.082678,0.0938047
2156,3.51019,0.418228,0.0823495,0.0977603
2157,3.49487,0.392481,0.0780374,0.0962721
2158,3.49487,0.392481,0.0780374,0.0962721
2159,3.53133,0.424378,0.0845004,0.0934257
2160,3.53133,0.424378,0.0845004,0.0934257
2161,3.55815,0.455431,0.0902144,0.0896448
2162,3.52532,0.413087,0.0815421,0.0897426
2163,3.52532,0.413087,0.0815421,0.0897426
2164,3.53114,0.400891,0.0794473,0.0841913
2165,3.52372,0.403771,0.0802918,0.0835736
2166,3.53979,0.42788,0.0838111,0.0931431
2167,3.56523,0.46061,0.089793,0.0948372
2168,3.56523,0.46061,0.089793,0.0948372
2169,3.57231,0.476654,0.0936047,0.100502
2170,3.53383,0.470286,0.0904702,0.107444
2171,3.51288,0.445982,0.0866397,0.108182
2172,3.54456,0.465954,0.088523,0.101739
2173,3.54456,0.465954,0.088523,0.101739
2174,3.592,0.502797,0.0968558,0.103493
2175,3.56896,0.478088,0.0916896,0.105475
2176,3.56896,0.478088,0.0916896,0.105475
2177,3.57884,0.469397,0.0923877,0.0961619
2178,3.56929,0.436255,0.0880001,0.0895916
2179,3.58702,0.478592,0.092628,0.0968094
2180,3.58702,0.478592,0.092628,0.0968094
2181,3.62957,0.530996,0.103707,0.102198
2182,3.62957,0.530996,0.103707,0.102198
2183,3.61924,0.51742,0.0965049,0.103024
2184,3.584,0.470633,0.0927551,0.0988813
2185,3.584,0.470633,0.0927551,0.0988813
2186,3.584,0.470633,0.0927551,0.0988813
2187,3.59639,0.479013,0.0944633,0.0899702
2188,3.59143,0.463233,0.0885826,0.0897088
2189,3.59143,0.463233,0.0885826,0.0897088
2190,3.61778,0.472847,0.0921725,0.0808787
2191,3.61778,0.472847,0.0921725,0.0808787
2192,3.5563,0.422497,0.0849629,0.0862785
2193,3.58275,0.457281,0.091095,0.0926582
2194,3.60608,0.489714,0.0954554,0.0957694
2195,3.61759,0.514603,0.100264,0.101544
2196,3.59218,0.469317,0.0904402,0.0938916
2197,3.59285,0.46288,0.0921753,0.0906654
2198,3.62212,0.49457,0.0961557,0.0909635
2199,3.65214,0.546111,0.10324,0.0990405
2200,3.65214,0.546111,0.10324,0.0990405
2201,3.66013,0.551255,0.105746,0.096963
2202,3.68017,0.573273,0.111712,0.096772
2203,3.68577,0.591242,0.115999,0.0992638
2204,3.71688,0.634977,0.123674,0.103263
2205,3.70553,0.60424,0.11655,0.0930841
2206,3.63554,0.488307,0.0961639,0.0806944
2207,3.66945,0.541353,0.10454,0.0866028
2208,3.66945,0.541353,0.10454,0.0866028
2209,3.67511,0.555849,0.109496,0.0912468
2210,3.65787,0.524257,0.102435,0.082857
2211,3.67735,0.548485,0.107974,0.0878707
2212,3.67735,0.548485,0.107974,0.0878707
2213,3.65022,0.523758,0.100984,0.0899488
2214,3.69074,0.581963,0.112115,0.0944852
2215,3.66565,0.541017,0.106166,0.0899193
2216,3.67216,0.536136,0.10265,0.0835694
2217,3.64202,0.49744,0.0973305,0.0804232
2218,3.64202,0.49744,0.0973305,0.0804232
2219,3.62527,0.473404,0.094812,0.0767095
2220,3.6246,0.480815,0.0932546,0.0807279
2221,3.6246,0.480815,0.0932546,0.0807279
2222,3.62081,0.477005,0.0943316,0.083996
2223,3.57657,0.439734,0.0856759,0.086685
2224,3.57657,0.439734,0.0856759,0.086685
2225,3.61713,0.472529,0.093626,0.0813467
2226,3.61713,0.472529,0.093626,0.0813467
2227,3.60939,0.461589,0.0908942,0.0810998
2228,3.60939,0.461589,0.0908942,0.0810998
2229,3.6155,0.463701,0.090881,0.0782639
2230,3.6155,0.463701,0.090881,0.0782639
2231,3.6155,0.463701,0.090881,0.0782639
2232,3.6155,0.463701,0.090881,0.0782639
2233,3.60086,0.454109,0.0889441,0.0793901
2234,3.60086,0.454109,0.0889441,0.0793901
2235,3.62221,0.47119,0.0917577,0.0793737
2236,3.64843,0.514926,0.100591,0.0851806
2237,3.64843,0.514926,0.100591,0.0851806
2238,3.64843,0.514926,0.100591,0.0851806
2239,3.67097,0.53781,0.105093,0.0837767
2240,3.63609,0.49717,0.0966677,0.0844205
2241,3.65124,0.526502,0.102054,0.084342
2242,3.65124,0.526502,0.102054,0.084342
2243,3.65124,0.526502,0.102054,0.084342
2244,3.64651,0.510829,0.0984697,0.084403
2245,3.63722,0.477913,0.0953403,0.074165
2246,3.61822,0.471808,0.0927164,0.0815445
2247,3.62548,0.493032,0.0943463,0.0851213
2248,3.61915,0.468886,0.0903745,0.0798992
2249,3.63112,0.479776,0.0954604,0.0766722
2250,3.59756,0.441646,0.0873659,0.073909
2251,3.59801,0.468252,0.0916378,0.0857182
2252,3.59801,0.468252,0.0916378,0.0857182
2253,3.59801,0.468252,0.0916378,0.0857182
2254,3.58431,0.436114,0.0873744,0.0781461
2255,3.58431,0.436114,0.0873744,0.0781461
2256,3.58431,0.436114,0.0873744,0.0781461
2257,3.55488,0.419738,0.0815822,0.0856791
2258,3.57557,0.423969,0.0829713,0.078001
2259,3.57557,0.423969,0.0829713,0.078001
2260,3.619,0.472367,0.0944452,0.0799081
2261,3.55547,0.419388,0.0821505,0.0818848
2262,3.56979,0.434178,0.0869062,0.085482
2263,3.52612,0.402533,0.0808782,0.0940196
2264,3.54482,0.420517,0.0838851,0.0928689
2265,3.50805,0.397551,0.0797061,0.0982914
2266,3.4837,0.375966,0.0738419,0.0990593
2267,3.48266,0.383241,0.0761847,0.104898
2268,3.5045,0.38862,0.0767152,0.0968497
2269,3.52135,0.408429,0.0807824,0.0973412
2270,3.49101,0.38299,0.0757273,0.0992673
2271,3.50288,0.392983,0.0774309,0.0975586
2272,3.51321,0.408935,0.0803561,0.0995043
2273,3.51321,0.408935,0.0803561,0.0995043
2274,3.47322,0.365021,0.0725714,0.0962174
2275,3.46888,0.361919,0.0720397,0.0952986
2276,3.46888,0.361919,0.0720397,0.0952986
2277,3.46888,0.361919,0.0720397,0.0952986
2278,3.46645,0.361404,0.0713022,0.092802
2279,3.48554,0.379428,0.0768417,0.0963805
2280,3.47495,0.366,0.0736633,0.0944254
2281,3.5187,0.400084,0.0783726,0.0900076
2282,3.5187,0.400084,0.0783726,0.0900076
2283,3.49573,0.388817,0.0767856,0.0929775
2284,3.49573,0.388817,0.0767856,0.0929775
2285,3.55548,0.465596,0.0899512,0.104512
2286,3.55548,0.465596,0.0899512,0.104512
2287,3.5429,0.429788,0.0869231,0.0961991
2288,3.5429,0.429788,0.0869231,0.0961991
2289,3.54123,0.448079,0.0887939,0.106068
2290,3.54123,0.448079,0.0887939,0.106068
2291,3.55749,0.441482,0.0850104,0.0950673
2292,3.54055,0.442817,0.0874556,0.102799
2293,3.56967,0.45705,0.0918306,0.0984118
2294,3.57648,0.46243,0.0897379,0.0967555
2295,3.57839,0.448507,0.0881145,0.0901242
2296,3.57627,0.439752,0.0857516,0.088254
2297,3.59645,0.463504,0.0915022,0.0908678
2298,3.58363,0.461858,0.0898422,0.0952105
2299,3.57686,0.450957,0.0890699,0.0920748
2300,3.5678,0.444294,0.0853407,0.0917997
2301,3.57616,0.455221,0.0895267,0.0910606
2302,3.53666,0.40562,0.0815629,0.0879837
2303,3.56749,0.421845,0.0844284,0.0819938
2304,3.54995,0.401157,0.0823675,0.0788142
2305,3.52547,0.394097,0.0760989,0.0836912
2306,3.54085,0.418228,0.0822813,0.089449
2307,3.54085,0.418228,0.0822813,0.089449
2308,3.54162,0.421458,0.0833954,0.0968654
2309,3.52829,0.411407,0.0805684,0.0944621
2310,3.52932,0.422975,0.0806059,0.10215
2311,3.51167,0.40196,0.0799094,0.10028
2312,3.51167,0.40196,0.0799094,0.10028
2313,3.51187,0.398372,0.0792908,0.0974168
2314,3.54671,0.436196,0.0879883,0.0986498
2315,3.53568,0.431135,0.085525,0.10212
2316,3.54553,0.421765,0.0851149,0.0923434
2317,3.54553,0.421765,0.0851149,0.0923434
2318,3.50898,0.382522,0.0763388,0.0895394
2319,3.54465,0.416823,0.0831719,0.089383
2320,3.54465,0.416823,0.0831719,0.089383
2321,3.56259,0.441136,0.0862788,0.0936951
2322,3.58347,0.46857,0.0922317,0.0992668
2323,3.58347,0.46857,0.0922317,0.0992668
2324,3.55915,0.434354,0.0863964,0.0928982
2325,3.58639,0.472321,0.0952973,0.0993549
2326,3.60657,0.490273,0.0971377,0.0947375
2327,3.61587,0.491633,0.0958028,0.0916041
2328,3.584,0.461099,0.0896577,0.0939558
2329,3.55201,0.443735,0.087997,0.101843
2330,3.58249,0.498351,0.0980734,0.112485
2331,3.57747,0.474232,0.092477,0.103672
2332,3.54854,0.457267,0.0896651,0.112023
2333,3.56527,0.475081,0.0932612,0.112505
2334,3.59698,0.496978,0.0972685,0.106546
2335,3.59392,0.503263,0.098,0.112986
2336,3.54687,0.459419,0.0889408,0.113551
2337,3.54687,0.459419,0.0889408,0.113551
2338,3.57978,0.481184,0.0932829,0.108202
2339,3.57978,0.481184,0.0932829,0.108202
2340,3.57978,0.481184,0.0932829,0.108202
2341,3.57995,0.492446,0.0979721,0.107487
2342,3.61678,0.521746,0.101848,0.106283
2343,3.59286,0.490658,0.098418,0.10231
2344,3.58175,0.485828,0.0934192,0.0986738
2345,3.57138,0.457891,0.0871828,0.0962005
2346,3.57815,0.47052,0.0909597,0.0986023
2347,3.5671,0.447233,0.0861249,0.0947739
2348,3.58324,0.470133,0.0930376,0.0987452
2349,3.58324,0.470133,0.0930376,0.0987452
2350,3.59445,0.48507,0.0953265,0.0995987
2351,3.6167,0.505251,0.101875,0.0988128
2352,3.6167,0.505251,0.101875,0.0988128
2353,3.62299,0.514144,0.1035,0.0979603
2354,3.62299,0.514144,0.1035,0.0979603
2355,3.62299,0.514144,0.1035,0.0979603
2356,3.63068,0.508348,0.100302,0.0922632
2357,3.6642,0.544517,0.104688,0.0919913
2358,3.67485,0.549119,0.103955,0.0864288
2359,3.67485,0.549119,0.103955,0.0864288
2360,3.67336,0.545615,0.105917,0.0809161
2361,3.67336,0.545615,0.105917,0.0809161
2362,3.68954,0.568381,0.110412,0.0873785
2363,3.69007,0.56354,0.108205,0.087457
2364,3.69007,0.56354,0.108205,0.087457
2365,3.66412,0.5329,0.101668,0.084666
2366,3.67743,0.547791,0.107266,0.0866937
2367,3.66722,0.531338,0.104086,0.0844964
2368,3.66508,0.520878,0.101179,0.0814897
2369,3.62033,0.480191,0.0964837,0.0865879
2370,3.62033,0.480191,0.0964837,0.0865879
2371,3.58937,0.466985,0.0900232,0.0939073
2372,3.55753,0.428261,0.0853606,0.0879365
2373,3.56173,0.416665,0.0821254,0.0815649
2374,3.56173,0.416665,0.0821254,0.0815649
2375,3.54484,0.40649,0.0809306,0.0830761
2376,3.58237,0.427608,0.0870701,0.0782386
2377,3.53582,0.389358,0.0774095,0.0790614
2378,3.53582,0.389358,0.0774095,0.0790614
2379,3.53064,0.382444,0.0784951,0.0768653
2380,3.55289,0.398468,0.0793542,0.075633
2381,3.55289,0.398468,0.0793542,0.075633
2382,3.55687,0.392753,0.0762487,0.0672068
2383,3.55687,0.392753,0.0762487,0.0672068
2384,3.55687,0.392753,0.0762487,0.0672068
2385,3.55197,0.395002,0.0772093,0.0671721
2386,3.52181,0.370747,0.0732454,0.0717008
2387,3.52181,0.370747,0.0732454,0.0717008
2388,3.52181,0.370747,0.0732454,0.0717008
2389,3.55054,0.40932,0.0793092,0.0792503
2390,3.56527,0.435191,0.0864498,0.0863729
2391,3.56527,0.435191,0.0864498,0.0863729
2392,3.57711,0.463172,0.0929336,0.0980417
2393,3.58186,0.45569,0.0890577,0.0910752
2394,3.55803,0.439517,0.0867825,0.0919824
2395,3.55803,0.439517,0.0867825,0.0919824
2396,3.56915,0.455992,0.0892007,0.0982915
2397,3.55932,0.441237,0.0846695,0.0943553
2398,3.55581,0.434076,0.0879742,0.0904495
2399,3.55581,0.434076,0.0879742,0.0904495
2400,3.55581,0.434076,0.0879742,0.0904495
2401,3.56251,0.439725,0.0853329,0.0919257
2402,3.56251,0.439725,0.0853329,0.0919257
2403,3.56993,0.430924,0.0853687,0.0823808
2404,3.60954,0.476118,0.0945966,0.0883602
2405,3.60954,0.476118,0.0945966,0.0883602
2406,3.60954,0.476118,0.0945966,0.0883602
2407,3.59218,0.463407,0.0911255,0.0904364
2408,3.56373,0.423999,0.0849384,0.0816411
2409,3.58631,0.465407,0.0917558,0.0881312
2410,3.58631,0.465407,0.0917558,0.0881312
2411,3.54811,0.414028,0.0823543,0.08598
2412,3.54811,0.414028,0.0823543,0.08598
2413,3.54811,0.414028,0.0823543,0.08598
2414,3.54564,0.414669,0.0830633,0.0863929
2415,3.53602,0.399864,0.0810575,0.0854338
2416,3.53602,0.399864,0.0810575,0.0854338
2417,3.54236,0.407724,0.0836474,0.08881
2418,3.52976,0.39431,0.0806147,0.0865398
2419,3.52976,0.39431,0.0806147,0.0865398
2420,3.54352,0.422326,0.0836591,0.094156
2421,3.53137,0.415805,0.082967,0.095053
2422,3.54185,0.423393,0.0853178,0.0949101
2423,3.54185,0.423393,0.0853178,0.0949101
2424,3.57414,0.470318,0.0938315,0.104461
2425,3.56884,0.449906,0.0888185,0.0951291
2426,3.54002,0.426436,0.0850207,0.0925743
2427,3.54209,0.437792,0.0842752,0.0934265
2428,3.57371,0.461947,0.090756,0.0904497
2429,3.57412,0.478083,0.0923138,0.0929444
2430,3.57412,0.478083,0.0923138,0.0929444
2431,3.57412,0.478083,0.0923138,0.0929444
2432,3.57577,0.468788,0.0931837,0.0903666
2433,3.57577,0.468788,0.0931837,0.0903666
2434,3.58275,0.465952,0.0901402,0.0907492
2435,3.58275,0.465952,0.0901402,0.0907492
2436,3.58275,0.465952,0.0901402,0.0907492
2437,3.5764,0.464475,0.0922954,0.0935046
2438,3.57994,0.460714,0.0909827,0.0936464
2439,3.57583,0.454868,0.089206,0.0919662
2440,3.60317,0.482979,0.0947703,0.0940228
2441,3.57171,0.438899,0.0882091,0.0887809
2442,3.62216,0.475772,0.0946188,0.081981
2443,3.60364,0.471229,0.0939803,0.0847312
2444,3.59956,0.460683,0.0918115,0.0842607
2445,3.55389,0.414788,0.0808344,0.0838195
2446,3.55586,0.434982,0.0854158,0.0935146
2447,3.55586,0.434982,0.0854158,0.0935146
2448,3.53623,0.419412,0.0826363,0.0952568
2449,3.52223,0.402544,0.0787083,0.0917019
2450,3.52223,0.402544,0.0787083,0.0917019
2451,3.52223,0.402544,0.0787083,0.0917019
2452,3.53468,0.416577,0.0808878,0.0922842
2453,3.53715,0.407105,0.0806749,0.0903179
2454,3.53715,0.407105,0.0806749,0.0903179
2455,3.53201,0.396895,0.0771298,0.0855285
2456,3.53201,0.396895,0.0771298,0.0855285
2457,3.5543,0.434597,0.0849307,0.0908429
2458,3.52131,0.39627,0.0797835,0.0903151
2459,3.5343,0.404002,0.0804312,0.0898042
2460,3.5343,0.404002,0.0804312,0.0898042
2461,3.5343,0.404002,0.0804312,0.0898042
2462,3.53012,0.40714,0.081103,0.0942158
2463,3.52562,0.395822,0.0782759,0.0881774
2464,3.54549,0.425033,0.0835003,0.0922401
2465,3.50782,0.378462,0.0762375,0.0835371
2466,3.51544,0.382825,0.076675,0.0828058
2467,3.51544,0.382825,0.076675,0.0828058
2468,3.55932,0.418961,0.0842625,0.0805244
2469,3.4949,0.35907,0.0713022,0.0788824
2470,3.4949,0.35907,0.0713022,0.0788824
2471,3.48643,0.348147,0.0693454,0.0786269
2472,3.49858,0.361589,0.071528,0.08236
2473,3.46917,0.337592,0.0693327,0.0812155
2474,3.46917,0.337592,0.0693327,0.0812155
2475,3.46917,0.337592,0.0693327,0.0812155
2476,3.46917,0.337592,0.0693327,0.0812155
2477,3.45157,0.32608,0.065975,0.0824747
2478,3.46446,0.333057,0.0655501,0.0805543
2479,3.469,0.333259,0.0671951,0.0792134
2480,3.43085,0.300013,0.0619018,0.0738038
2481,3.43085,0.300013,0.0619018,0.0738038
2482,3.47391,0.327466,0.0658154,0.0730486
2483,3.47391,0.327466,0.0658154,0.0730486
2484,3.41985,0.291275,0.0603044,0.0729727
2485,3.47269,0.34259,0.0693345,0.0786012
2486,3.46369,0.323059,0.0646588,0.0729001
2487,3.45445,0.320499,0.0656222,0.073566
2488,3.45445,0.320499,0.0656222,0.073566
2489,3.47467,0.357302,0.0722574,0.0886663
2490,3.43271,0.321424,0.0644108,0.0868863
2491,3.43271,0.321424,0.0644108,0.0868863
2492,3.43271,0.321424,0.0644108,0.0868863
2493,3.43271,0.321424,0.0644108,0.0868863
2494,3.40511,0.291296,0.0592987,0.0764456
2495,3.41524,0.312993,0.0636416,0.0893139
2496,3.41524,0.312993,0.0636416,0.0893139
2497,3.41013,0.309915,0.0631564,0.088504
2498,3.41013,0.309915,0.0631564,0.088504
2499,3.3974,0.304541,0.0622381,0.0906007
2500,3.3974,0.304541,0.0622381,0.0906007
2501,3.3974,0.304541,0.0622381,0.0906007
2502,3.3974,0.304541,0.0622381,0.0906007
2503,3.3974,0.304541,0.0622381,0.0906007
2504,3.42964,0.3329,0.0683354,0.0971009
2505,3.42009,0.322026,0.0653897,0.0962158
2506,3.42321,0.308316,0.0633268,0.0819291
2507,3.43241,0.324262,0.0657804,0.08896
2508,3.3937,0.293223,0.0599763,0.0882375
2509,3.38912,0.304747,0.0616545,0.0979425
2510,3.38912,0.304747,0.0616545,0.0979425
2511,3.40045,0.311518,0.0631823,0.0982968
2512,3.41037,0.314346,0.0633006,0.0963352
2513,3.41037,0.314346,0.0633006,0.0963352
2514,3.41699,0.32382,0.0635307,0.0995603
2515,3.44064,0.340671,0.0705336,0.0972986
2516,3.43527,0.342008,0.0705308,0.100505
2517,3.43866,0.34096,0.0678785,0.0983723
2518,3.45986,0.35936,0.0722092,0.10031
2519,3.45986,0.35936,0.0722092,0.10031
2520,3.46619,0.37073,0.0736834,0.104512
2521,3.46619,0.37073,0.0736834,0.104512
2522,3.46619,0.37073,0.0736834,0.104512
2523,3.46619,0.37073,0.0736834,0.104512
2524,3.46987,0.365389,0.0733183,0.101056
2525,3.45965,0.357652,0.0738382,0.0970598
2526,3.44856,0.348131,0.0697337,0.099907
2527,3.46782,0.36796,0.0732948,0.0999851
2528,3.46782,0.36796,0.0732948,0.0999851
2529,3.51263,0.402193,0.0792104,0.0934937
2530,3.51263,0.402193,0.0792104,0.0934937
2531,3.50889,0.396069,0.0795142,0.0948146
2532,3.50436,0.379696,0.0760996,0.0882004
2533,3.50436,0.379696,0.0760996,0.0882004
2534,3.50436,0.379696,0.0760996,0.0882004
2535,3.53966,0.426051,0.0868786,0.0964707
2536,3.53966,0.426051,0.0868786,0.0964707
2537,3.54779,0.439998,0.0885276,0.0966437
2538,3.54779,0.439998,0.0885276,0.0966437
2539,3.53045,0.414839,0.08348,0.0935161
2540,3.56186,0.422534,0.0839107,0.0777931
2541,3.54351,0.422665,0.0815588,0.0890168
2542,3.54351,0.422665,0.0815588,0.0890168
2543,3.54351,0.422665,0.0815588,0.0890168
2544,3.54351,0.422665,0.0815588,0.0890168
2545,3.54826,0.413881,0.0809013,0.0813183
2546,3.53433,0.410287,0.0806214,0.0837674
2547,3.51369,0.390186,0.0777468,0.0865096
2548,3.55207,0.435588,0.0861008,0.0948355
2549,3.55207,0.435588,0.0861008,0.0948355
2550,3.55207,0.435588,0.0861008,0.0948355
2551,3.49983,0.393778,0.076695,0.099298
2552,3.49983,0.393778,0.076695,0.099298
2553,3.5078,0.407571,0.0813365,0.100594
2554,3.51666,0.405553,0.0796246,0.0961665
2555,3.51666,0.405553,0.0796246,0.0961665
2556,3.50446,0.392742,0.0774332,0.096263
2557,3.50446,0.392742,0.0774332,0.096263
2558,3.50956,0.396016,0.0773745,0.0954401
2559,3.53665,0.429289,0.0839175,0.101912
2560,3.53665,0.429289,0.0839175,0.101912
2561,3.55411,0.450563,0.0864253,0.0977627
2562,3.55411,0.450563,0.0864253,0.0977627
2563,3.56832,0.45306,0.0886492,0.0969111
2564,3.52906,0.421522,0.0822713,0.0965933
2565,3.53803,0.425461,0.0846066,0.0969535
2566,3.54591,0.416635,0.0814586,0.0907199
2567,3.54591,0.416635,0.0814586,0.0907199
2568,3.55062,0.427244,0.0838597,0.0926832
2569,3.54162,0.420727,0.0809312,0.0923641
2570,3.52999,0.418908,0.0834649,0.0995108
2571,3.53697,0.44981,0.085314,0.10822
2572,3.49964,0.408464,0.0793738,0.106086
2573,3.52361,0.427378,0.0834057,0.106527
2574,3.50974,0.4097,0.0783614,0.10476
2575,3.53981,0.44254,0.0882644,0.108022
2576,3.46547,0.375446,0.0751603,0.107238
2577,3.48256,0.373269,0.0739628,0.0986612
2578,3.48256,0.373269,0.0739628,0.0986612
2579,3.50732,0.393261,0.0768901,0.0974238
2580,3.53054,0.412012,0.0834149,0.0964225
2581,3.48754,0.354492,0.0707888,0.082966
2582,3.51333,0.368493,0.0759711,0.0801423
2583,3.456,0.333964,0.0681359,0.0885445
2584,3.49188,0.374323,0.0747685,0.0915744
2585,3.4812,0.362129,0.0722785,0.089465
2586,3.4812,0.362129,0.0722785,0.089465
2587,3.48962,0.366937,0.074244,0.087271
2588,3.49566,0.379696,0.0755033,0.0908693
2589,3.46803,0.369726,0.0723363,0.0979876
2590,3.4787,0.367302,0.0738662,0.0937375
2591,3.46308,0.363361,0.0744876,0.0990327
2592,3.44208,0.345769,0.0692101,0.0969605
2593,3.48244,0.380257,0.0759771,0.097836
2594,3.50007,0.391158,0.0771836,0.0986741
2595,3.47458,0.356094,0.0725769,0.0910261
2596,3.50981,0.387646,0.0777787,0.0899337
2597,3.50981,0.387646,0.0777787,0.0899337
2598,3.50133,0.381068,0.0780519,0.0914904
2599,3.50362,0.378338,0.0766856,0.0862858
2600,3.48124,0.348371,0.0697165,0.0822215
2601,3.54292,0.389817,0.0780163,0.0753011
2602,3.52353,0.367775,0.0738088,0.0713424
2603,3.51937,0.37706,0.0756896,0.0764715
2604,3.53159,0.390612,0.0785483,0.0771808
2605,3.53159,0.390612,0.0785483,0.0771808
2606,3.53159,0.390612,0.0785483,0.0771808
2607,3.52531,0.393322,0.078484,0.0775755
2608,3.52531,0.393322,0.078484,0.0775755
2609,3.53108,0.377313,0.0763339,0.073485
2610,3.50526,0.36251,0.0732606,0.0788427
2611,3.50468,0.36945,0.0737461,0.0823171
2612,3.46456,0.328974,0.0664975,0.0772733
2613,3.48833,0.37555,0.0748329,0.0951281
2614,3.5222,0.404679,0.0809371,0.093071
2615,3.51221,0.395812,0.0813995,0.0897987
2616,3.52094,0.409895,0.0827607,0.0910909
2617,3.53325,0.400536,0.0806116,0.0835449
2618,3.53833,0.39974,0.0796239,0.0828525
2619,3.52847,0.406897,0.0805063,0.0867607
2620,3.52847,0.406897,0.0805063,0.0867607
2621,3.56063,0.425522,0.0831558,0.0823255
2622,3.56063,0.425522,0.0831558,0.0823255
2623,3.57475,0.445633,0.0899433,0.0848198
2624,3.56527,0.42041,0.0851637,0.0769228
2625,3.56268,0.407633,0.0815014,0.0739494
2626,3.55969,0.408331,0.0832436,0.0767489
2627,3.54141,0.39495,0.080371,0.0794326
2628,3.57481,0.423513,0.0838516,0.0790539
2629,3.57481,0.423513,0.0838516,0.0790539
2630,3.55742,0.408465,0.0799216,0.0784191
2631,3.57855,0.425901,0.0842873,0.0773571
2632,3.5598,0.410007,0.0816167,0.078942
2633,3.54792,0.402406,0.0821692,0.0789236
2634,3.5602,0.411302,0.0824647,0.0792448
2635,3.56817,0.43277,0.0853127,0.0842753
2636,3.56817,0.43277,0.0853127,0.0842753
2637,3.56865,0.414456,0.0823133,0.0757336
2638,3.56865,0.414456,0.0823133,0.0757336
2639,3.56169,0.432267,0.0852816,0.0839409
2640,3.52414,0.388032,0.0771001,0.0804759
2641,3.52414,0.388032,0.0771001,0.0804759
2642,3.52414,0.388032,0.0771001,0.0804759
2643,3.52803,0.39176,0.0763546,0.0796855
2644,3.58441,0.427378,0.0861875,0.0735874
2645,3.54191,0.38145,0.075144,0.0665873
2646,3.54191,0.38145,0.075144,0.0665873
2647,3.58919,0.432889,0.0842988,0.0712456
2648,3.56546,0.432851,0.0858938,0.0779027
2649,3.56546,0.432851,0.0858938,0.0779027
2650,3.58216,0.447558,0.0898468,0.078263
2651,3.5577,0.409598,0.0802928,0.0770001
2652,3.5921,0.442088,0.0867382,0.0735476
2653,3.5921,0.442088,0.0867382,0.0735476
2654,3.59292,0.440647,0.0879858,0.0751754
2655,3.59725,0.451137,0.0882127,0.0766365
2656,3.62205,0.469795,0.0930445,0.0739634
2657,3.58954,0.45492,0.0883577,0.0790379
2658,3.58954,0.45492,0.0883577,0.0790379
2659,3.5787,0.441614,0.0862165,0.0815015
2660,3.62194,0.493964,0.0973882,0.0856668
2661,3.68261,0.579738,0.113197,0.0910736
2662,3.65346,0.525441,0.104433,0.0856297
2663,3.6539,0.535584,0.105152,0.0917462
2664,3.63729,0.542202,0.104245,0.093055
2665,3.63729,0.542202,0.104245,0.093055
2666,3.63558,0.53124,0.106419,0.0875296
2667,3.63558,0.53124,0.106419,0.0875296
2668,3.61677,0.483502,0.0939099,0.0830899
2669,3.65536,0.527817,0.10153,0.0836508
2670,3.65536,0.527817,0.10153,0.0836508
2671,3.67591,0.539121,0.103318,0.0819422
2672,3.65003,0.536746,0.103874,0.0850184
2673,3.60522,0.494448,0.0956147,0.0896636
2674,3.58738,0.45545,0.08978,0.0816499
2675,3.59898,0.448915,0.0880568,0.079114
2676,3.57803,0.434652,0.0852633,0.0821505
2677,3.57803,0.434652,0.0852633,0.0821505
2678,3.59771,0.457557,0.0904176,0.0804455
2679,3.59771,0.457557,0.0904176,0.0804455
2680,3.64028,0.507031,0.0986493,0.0852092
2681,3.61468,0.479725,0.0925387,0.0841255
2682,3.59288,0.450991,0.0893895,0.0839968
2683,3.60415,0.463736,0.0926804,0.0820887
2684,3.64649,0.516493,0.100256,0.0892368
2685,3.64649,0.516493,0.100256,0.0892368
2686,3.58862,0.44542,0.0878475,0.0860275
2687,3.58039,0.44145,0.0873599,0.0851023
2688,3.60306,0.467176,0.0908841,0.0874744
2689,3.62967,0.491113,0.0964355,0.0840164
2690,3.6737,0.542634,0.104243,0.0858536
2691,3.66341,0.534514,0.105028,0.0848351
2692,3.67149,0.52326,0.101814,0.0745288
2693,3.68642,0.529164,0.104462,0.0711442
2694,3.72527,0.603276,0.117386,0.0816749
2695,3.72527,0.603276,0.117386,0.0816749
2696,3.71853,0.617268,0.118355,0.0911184
2697,3.71853,0.617268,0.118355,0.0911184
2698,3.71853,0.617268,0.118355,0.0911184
2699,3.71853,0.617268,0.118355,0.0911184
2700,3.68876,0.584922,0.111318,0.0956192
2701,3.68876,0.584922,0.111318,0.0956192
2702,3.75024,0.667072,0.127476,0.0959091
2703,3.69687,0.585464,0.112394,0.0901415
2704,3.67828,0.569277,0.112282,0.0932465
2705,3.69922,0.571376,0.110141,0.0859524
2706,3.69922,0.571376,0.110141,0.0859524
2707,3.69922,0.571376,0.110141,0.0859524
2708,3.70536,0.587135,0.115262,0.0885769
2709,3.70536,0.587135,0.115262,0.0885769
2710,3.70286,0.571082,0.109454,0.0822687
2711,3.71385,0.561939,0.110772,0.0733792
2712,3.73315,0.591831,0.116555,0.0771855
2713,3.73315,0.591831,0.116555,0.0771855
2714,3.73315,0.591831,0.116555,0.0771855
2715,3.73315,0.591831,0.116555,0.0771855
2716,3.68747,0.568739,0.108685,0.0894867
2717,3.70229,0.589855,0.114114,0.0919685
2718,3.67194,0.547145,0.109249,0.0859701
2719,3.64262,0.50396,0.099585,0.0816353
2720,3.60989,0.469377,0.0941699,0.0844976
2721,3.61799,0.487235,0.0966086,0.0870303
2722,3.61799,0.487235,0.0966086,0.0870303
2723,3.64569,0.517479,0.103452,0.0882019
2724,3.64476,0.525576,0.105611,0.0879549
2725,3.59265,0.45918,0.0915862,0.0881752
2726,3.57537,0.44458,0.0879679,0.0839231
2727,3.56566,0.428798,0.0865331,0.0844699
2728,3.56566,0.428798,0.0865331,0.0844699
2729,3.57285,0.436242,0.0858434,0.0866235
2730,3.57285,0.436242,0.0858434,0.0866235
2731,3.57285,0.436242,0.0858434,0.0866235
2732,3.57285,0.436242,0.0858434,0.0866235
2733,3.59751,0.45857,0.0906103,0.0855998
2734,3.58334,0.434393,0.086176,0.0810947
2735,3.60425,0.454382,0.0894278,0.0794341
2736,3.61577,0.474808,0.0935858,0.0820545
2737,3.60958,0.464378,0.0925735,0.0815526
2738,3.59007,0.43925,0.0865012,0.0778413
2739,3.59007,0.43925,0.0865012,0.0778413
2740,3.59595,0.451023,0.0888287,0.0844295
2741,3.59549,0.452538,0.091486,0.0821246
2742,3.5905,0.435464,0.0875108,0.0754488
2743,3.53205,0.383525,0.077355,0.0736724
2744,3.53205,0.383525,0.077355,0.0736724
2745,3.53205,0.383525,0.077355,0.0736724
2746,3.55478,0.411835,0.0817981,0.0755941
2747,3.5503,0.403355,0.0796115,0.0769541
2748,3.56351,0.413591,0.0823916,0.0791864
2749,3.56351,0.413591,0.0823916,0.0791864
2750,3.57035,0.426894,0.0843891,0.0796963
2751,3.57035,0.426894,0.0843891,0.0796963
2752,3.57035,0.426894,0.0843891,0.0796963
2753,3.59792,0.444697,0.0882673,0.0780707
2754,3.58393,0.435907,0.0861482,0.0811508
2755,3.55804,0.407291,0.0805961,0.078309
2756,3.55804,0.407291,0.0805961,0.078309
2757,3.57395,0.41063,0.082409,0.0743436
2758,3.56979,0.438517,0.0864121,0.0847358
2759,3.56979,0.438517,0.0864121,0.0847358
2760,3.56979,0.438517,0.0864121,0.0847358
2761,3.55904,0.402345,0.079953,0.0734775
2762,3.55904,0.402345,0.079953,0.0734775
2763,3.57562,0.43131,0.0841762,0.0795746
2764,3.57655,0.449504,0.0870519,0.0896176
2765,3.55131,0.422162,0.0843435,0.0859526
2766,3.53418,0.39004,0.0782906,0.0787088
2767,3.53418,0.39004,0.0782906,0.0787088
2768,3.53418,0.39004,0.0782906,0.0787088
2769,3.54294,0.414447,0.0821389,0.0763622
2770,3.52895,0.396194,0.0784014,0.0786592
2771,3.52895,0.396194,0.0784014,0.0786592
2772,3.52895,0.396194,0.0784014,0.0786592
2773,3.55723,0.421363,0.0850148,0.0812213
2774,3.57756,0.468056,0.0925068,0.0886433
2775,3.55739,0.428819,0.0853577,0.0826182
2776,3.55031,0.418062,0.0837017,0.0827298
2777,3.55031,0.418062,0.0837017,0.0827298
2778,3.55031,0.418062,0.0837017,0.0827298
2779,3.52876,0.424016,0.0836508,0.0898658
2780,3.52876,0.424016,0.0836508,0.0898658
2781,3.52876,0.424016,0.0836508,0.0898658
2782,3.48824,0.387121,0.0780527,0.0887722
2783,3.51455,0.415135,0.0806507,0.0931724
2784,3.52754,0.441518,0.0850728,0.0984703
2785,3.52754,0.441518,0.0850728,0.0984703
2786,3.54595,0.430984,0.084424,0.0888127
2787,3.54595,0.430984,0.084424,0.0888127
2788,3.57637,0.463842,0.0900537,0.0921651
2789,3.56306,0.431496,0.0843115,0.0814669
2790,3.56306,0.431496,0.0843115,0.0814669
2791,3.56306,0.431496,0.0843115,0.0814669
2792,3.57569,0.410072,0.0811014,0.0685557
2793,3.55245,0.404191,0.0800248,0.0773243
2794,3.51127,0.362365,0.0730115,0.0744679
2795,3.54709,0.413894,0.0838033,0.0900469
2796,3.54709,0.413894,0.0838033,0.0900469
2797,3.50049,0.370019,0.0748996,0.0857145
2798,3.5126,0.395337,0.0787826,0.0963621
2799,3.5126,0.395337,0.0787826,0.0963621
2800,3.54233,0.425004,0.083538,0.0971719
2801,3.54674,0.435212,0.089345,0.100574
2802,3.55112,0.442292,0.088599,0.102836
2803,3.48372,0.364458,0.0739444,0.0906877
2804,3.49467,0.371596,0.0751516,0.0900255
2805,3.51575,0.39794,0.0769922,0.0961442
2806,3.5208,0.4165,0.0823158,0.103375
2807,3.53792,0.423639,0.0821762,0.0987269
2808,3.54115,0.421312,0.0824857,0.0932688
2809,3.54115,0.421312,0.0824857,0.0932688
2810,3.54735,0.4206,0.0821806,0.0915258
2811,3.54498,0.422813,0.0835339,0.0938764
2812,3.54607,0.418938,0.0825089,0.0906597
2813,3.56736,0.441731,0.0885207,0.090891
2814,3.54057,0.413234,0.0821625,0.0924226
2815,3.54493,0.434584,0.0853068,0.100776
2816,3.56139,0.452781,0.0878781,0.102465
2817,3.52909,0.42264,0.0834395,0.101303
2818,3.53745,0.427563,0.0830502,0.100886
2819,3.53201,0.418227,0.0826189,0.0988589
2820,3.53201,0.418227,0.0826189,0.0988589
2821,3.53201,0.418227,0.0826189,0.0988589
2822,3.5569,0.431129,0.0848292,0.0954693
2823,3.58402,0.453098,0.0890604,0.0906724
2824,3.57225,0.450866,0.0889953,0.0978775
2825,3.56726,0.432005,0.0875052,0.0904255
2826,3.59753,0.459444,0.0917712,0.086963
2827,3.58511,0.436072,0.0866918,0.0815014
2828,3.55035,0.413268,0.0804182,0.0882402
2829,3.55035,0.413268,0.0804182,0.0882402
2830,3.55035,0.413268,0.0804182,0.0882402
2831,3.55035,0.413268,0.0804182,0.0882402
2832,3.55035,0.413268,0.0804182,0.0882402
2833,3.55035,0.413268,0.0804182,0.0882402
2834,3.55136,0.408003,0.0807988,0.0828139
2835,3.56932,0.439177,0.085531,0.0883984
2836,3.54584,0.423231,0.0825206,0.0916096
2837,3.56439,0.441619,0.0872743,0.0929714
2838,3.56439,0.441619,0.0872743,0.0929714
2839,3.56439,0.441619,0.0872743,0.0929714
2840,3.56439,0.441619,0.0872743,0.0929714
2841,3.54846,0.446461,0.0856982,0.100427
2842,3.54245,0.422768,0.0854463,0.0921317
2843,3.51905,0.384061,0.0778679,0.0826285
2844,3.54626,0.41318,0.0815313,0.0859384
2845,3.54358,0.418951,0.0817195,0.0904779
2846,3.54358,0.418951,0.0817195,0.0904779
2847,3.54358,0.418951,0.0817195,0.0904779
2848,3.52206,0.406084,0.0800901,0.094179
2849,3.50946,0.397198,0.0783791,0.0955677
2850,3.50946,0.397198,0.0783791,0.0955677
2851,3.49137,0.374939,0.0731047,0.0916914
2852,3.49137,0.374939,0.0731047,0.0916914
2853,3.47799,0.372335,0.0733298,0.0952286
2854,3.4703,0.359969,0.072179,0.0916713
2855,3.4787,0.361871,0.070681,0.0919724
2856,3.47368,0.360089,0.0718119,0.0917609
2857,3.47368,0.360089,0.0718119,0.0917609
2858,3.47368,0.360089,0.0718119,0.0917609
2859,3.47368,0.360089,0.0718119,0.0917609
2860,3.47368,0.360089,0.0718119,0.0917609
2861,3.457,0.35906,0.0700736,0.0976981
2862,3.457,0.35906,0.0700736,0.0976981
2863,3.46585,0.363144,0.0725263,0.0998797
2864,3.44367,0.338515,0.0661905,0.0957341
2865,3.4213,0.317831,0.0640988,0.0947619
2866,3.47925,0.362015,0.074716,0.0942542
2867,3.48887,0.393392,0.0783991,0.105408
2868,3.48824,0.386022,0.0772292,0.104318
2869,3.48824,0.386022,0.0772292,0.104318
2870,3.498,0.386663,0.0775309,0.0925477
2871,3.498,0.386663,0.0775309,0.0925477
2872,3.53201,0.436049,0.0872755,0.104857
2873,3.52816,0.450306,0.0883855,0.114256
2874,3.52298,0.418067,0.0827818,0.100598
2875,3.49847,0.387162,0.0762439,0.0962007
2876,3.50762,0.385588,0.074954,0.0900245
2877,3.52331,0.396513,0.0785814,0.0901148
2878,3.52967,0.395777,0.079305,0.0884096
2879,3.50791,0.369032,0.0718268,0.0781756
2880,3.52968,0.382108,0.078925,0.0782884
2881,3.53656,0.398898,0.0793338,0.0856759
2882,3.53656,0.398898,0.0793338,0.0856759
2883,3.54815,0.423457,0.0822771,0.0909853
2884,3.56375,0.42761,0.0847861,0.0871026
2885,3.57272,0.449286,0.0875636,0.0898174
2886,3.60996,0.481561,0.0958275,0.0905659
2887,3.60996,0.481561,0.0958275,0.0905659
2888,3.63063,0.512711,0.10105,0.0960849
2889,3.62644,0.502839,0.0975324,0.0923675
2890,3.63405,0.52374,0.104657,0.092449
2891,3.66653,0.560149,0.10927,0.0902043
2892,3.62419,0.51579,0.099957,0.0924088
2893,3.62115,0.498391,0.0976976,0.0887372
2894,3.58426,0.456155,0.0883401,0.08478
2895,3.59979,0.489012,0.0933757,0.09084
2896,3.58577,0.485141,0.0950944,0.0946905
2897,3.58577,0.485141,0.0950944,0.0946905
2898,3.62702,0.514559,0.100928,0.0916262
2899,3.61296,0.482584,0.0967358,0.0811606
2900,3.64006,0.501414,0.0992564,0.0796679
2901,3.65896,0.503036,0.100644,0.0711783
2902,3.67028,0.525713,0.105067,0.0754511
2903,3.67028,0.525713,0.105067,0.0754511
2904,3.67028,0.525713,0.105067,0.0754511
2905,3.67028,0.525713,0.105067,0.0754511
2906,3.62189,0.472581,0.0924065,0.0773546
2907,3.66674,0.519436,0.103273,0.0809944
2908,3.68356,0.538422,0.106199,0.0818724
2909,3.65477,0.494538,0.0985974,0.0753265
2910,3.67766,0.505952,0.100278,0.0716564
2911,3.60433,0.42236,0.085157,0.0655957
2912,3.62172,0.444946,0.0905101,0.0674245
2913,3.63876,0.488131,0.0971455,0.0801952
2914,3.60224,0.46098,0.0902403,0.0855516
2915,3.62558,0.484883,0.0949706,0.0828859
2916,3.58758,0.425058,0.0867489,0.0715988
2917,3.59942,0.443598,0.0863882,0.0709989
2918,3.59942,0.443598,0.0863882,0.0709989
2919,3.59942,0.443598,0.0863882,0.0709989
2920,3.60556,0.436778,0.0863281,0.068674
2921,3.62969,0.458637,0.0906003,0.0679835
2922,3.62969,0.458637,0.0906003,0.0679835
2923,3.64257,0.478355,0.093406,0.0702327
2924,3.62695,0.464928,0.0910097,0.0710985
2925,3.58565,0.416124,0.0840741,0.0688644
2926,3.58565,0.416124,0.0840741,0.0688644
2927,3.63337,0.484498,0.0961978,0.0793767
2928,3.61748,0.471403,0.0923931,0.0813006
2929,3.58573,0.458123,0.0899156,0.09046
2930,3.58573,0.458123,0.0899156,0.09046
2931,3.61578,0.481524,0.095505,0.0890997
2932,3.62152,0.5017,0.0961786,0.0945296
2933,3.62152,0.5017,0.0961786,0.0945296
2934,3.63437,0.517359,0.10008,0.0921903
2935,3.57763,0.452777,0.0889922,0.0883438
2936,3.62066,0.501987,0.0975703,0.0884458
2937,3.63981,0.524639,0.101689,0.0954777
2938,3.61472,0.496459,0.0937886,0.0892465
2939,3.62867,0.547494,0.106018,0.0987549
2940,3.62867,0.547494,0.106018,0.0987549
2941,3.64628,0.575551,0.109712,0.10215
2942,3.62597,0.52751,0.0998026,0.0955244
2943,3.61843,0.503373,0.0995688,0.095668
2944,3.61731,0.484806,0.0935222,0.084483
2945,3.58703,0.457545,0.0897098,0.0869057
2946,3.58703,0.457545,0.0897098,0.0869057
2947,3.5845,0.453236,0.0886805,0.0880305
2948,3.55692,0.428696,0.082629,0.0864522
2949,3.55692,0.428696,0.082629,0.0864522
2950,3.52212,0.387781,0.0767925,0.0836087
2951,3.52212,0.387781,0.0767925,0.0836087
2952,3.52212,0.387781,0.0767925,0.0836087
2953,3.52689,0.385348,0.0766555,0.0805685
2954,3.52689,0.385348,0.0766555,0.0805685
2955,3.54687,0.397204,0.0806259,0.0792607
2956,3.56247,0.411404,0.0816937,0.0789317
2957,3.54652,0.406103,0.0799955,0.0822095
2958,3.58351,0.439958,0.0862053,0.083645
2959,3.58351,0.439958,0.0862053,0.083645
2960,3.56669,0.443177,0.0868884,0.0879489
2961,3.55924,0.422995,0.0828382,0.0862967
2962,3.5561,0.441694,0.0860463,0.0942328
2963,3.54071,0.420931,0.0846159,0.0877825
2964,3.54222,0.42534,0.0837747,0.0878446
2965,3.54222,0.42534,0.0837747,0.0878446
2966,3.52905,0.405489,0.0812114,0.0911661
2967,3.52905,0.405489,0.0812114,0.0911661
2968,3.54285,0.417293,0.0820454,0.0893688
2969,3.52956,0.408462,0.0800607,0.0915175
2970,3.52956,0.408462,0.0800607,0.0915175
2971,3.52956,0.408462,0.0800607,0.0915175
2972,3.53251,0.398906,0.0777155,0.0867403
2973,3.53881,0.414749,0.0830838,0.0932502
2974,3.56774,0.452569,0.0859352,0.0932678
2975,3.53393,0.428217,0.0839543,0.0949116
2976,3.56227,0.460754,0.0898792,0.10104
2977,3.55254,0.448937,0.0864677,0.102322
2978,3.55115,0.450687,0.0868426,0.103672
2979,3.55115,0.450687,0.0868426,0.103672
2980,3.60017,0.504111,0.0973942,0.103389
2981,3.62562,0.506125,0.0977777,0.0931855
2982,3.57895,0.462843,0.0915989,0.0948901
2983,3.58366,0.459685,0.0916061,0.0933126
2984,3.60068,0.476502,0.092982,0.0965851
2985,3.59515,0.477617,0.0933729,0.0979529
2986,3.59641,0.47923,0.0941924,0.0977249
2987,3.60425,0.492702,0.0965751,0.0948121
2988,3.60425,0.492702,0.0965751,0.0948121
2989,3.60425,0.492702,0.0965751,0.0948121
2990,3.61144,0.494879,0.0946799,0.0955366
2991,3.61144,0.494879,0.0946799,0.0955366
2992,3.61144,0.494879,0.0946799,0.0955366
2993,3.6282,0.507518,0.0983288,0.0896798
2994,3.63664,0.496252,0.0969665,0.082461
2995,3.64549,0.503348,0.100029,0.0821949
2996,3.64549,0.503348,0.100029,0.0821949
2997,3.64549,0.503348,0.100029,0.0821949
2998,3.64549,0.503348,0.100029,0.0821949
2999,3.64819,0.514964,0.102505,0.0862697
3000,3.6643,0.524962,0.104106,0.08287
3001,3.67958,0.571736,0.111853,0.0950147
3002,3.67958,0.571736,0.111853,0.0950147
3003,3.67686,0.545714,0.108947,0.0848515
3004,3.6689,0.540849,0.107162,0.0870806
3005,3.6689,0.540849,0.107162,0.0870806
3006,3.6734,0.539833,0.10741,0.0847961
3007,3.6734,0.539833,0.10741,0.0847961
3008,3.67685,0.551584,0.106369,0.0878252
3009,3.72654,0.61723,0.118308,0.0896782
3010,3.72654,0.61723,0.118308,0.0896782
3011,3.72654,0.61723,0.118308,0.0896782
3012,3.68913,0.562961,0.111323,0.0865354
3013,3.67355,0.532643,0.1051,0.0795553
3014,3.67355,0.532643,0.1051,0.0795553
3015,3.71456,0.599511,0.11617,0.0905455
3016,3.70848,0.62107,0.120881,0.0993733
3017,3.69062,0.584988,0.113069,0.0938426
3018,3.68476,0.584487,0.113767,0.0985948
3019,3.68476,0.584487,0.113767,0.0985948
3020,3.7191,0.637081,0.127427,0.0986481
3021,3.72137,0.631263,0.122417,0.0965424
3022,3.70772,0.620911,0.122218,0.100565
3023,3.7078,0.607495,0.116404,0.0955259
3024,3.66859,0.557068,0.107883,0.0927262
3025,3.67513,0.561135,0.109739,0.095528
3026,3.63169,0.51059,0.0977837,0.092936
3027,3.63169,0.51059,0.0977837,0.092936
3028,3.6504,0.552237,0.106785,0.101426
3029,3.6504,0.552237,0.106785,0.101426
3030,3.6504,0.552237,0.106785,0.101426
3031,3.662,0.551769,0.106766,0.0933289
3032,3.65774,0.552686,0.106203,0.0957879
3033,3.65774,0.552686,0.106203,0.0957879
3034,3.6249,0.516349,0.100505,0.0953643
3035,3.66015,0.549371,0.104794,0.0942197
3036,3.65887,0.548283,0.10711,0.0944835
3037,3.64687,0.518944,0.10111,0.0879628
3038,3.62703,0.49166,0.0982934,0.0846237
3039,3.6299,0.523875,0.101798,0.0964329
3040,3.59923,0.500058,0.0987148,0.104688
3041,3.64435,0.57123,0.108861,0.112732
3042,3.60546,0.527829,0.10169,0.111923
3043,3.59461,0.512034,0.0995872,0.111313
3044,3.64949,0.590763,0.112688,0.115782
3045,3.66811,0.579235,0.112658,0.105857
3046,3.66811,0.579235,0.112658,0.105857
3047,3.66037,0.569155,0.111712,0.103248
3048,3.67383,0.563567,0.109762,0.0935972
3049,3.67232,0.555844,0.107498,0.0929293
3050,3.65541,0.541949,0.104716,0.0951017
3051,3.65079,0.52873,0.101114,0.094016
3052,3.65079,0.52873,0.101114,0.094016
3053,3.64484,0.522744,0.0996914,0.0889986
3054,3.6297,0.495392,0.0969935,0.0875957
3055,3.6013,0.457226,0.0898435,0.0829099
3056,3.57117,0.429713,0.083723,0.0853997
3057,3.59063,0.467859,0.0903864,0.0908835
3058,3.59063,0.467859,0.0903864,0.0908835
3059,3.59063,0.467859,0.0903864,0.0908835
3060,3.59063,0.467859,0.0903864,0.0908835
3061,3.5858,0.463658,0.0926021,0.0948301
3062,3.57581,0.447376,0.0894799,0.0913848
3063,3.59094,0.47243,0.0950051,0.0950884
3064,3.61724,0.501032,0.0991003,0.0991182
3065,3.66354,0.557826,0.108986,0.0992504
3066,3.66528,0.579797,0.114296,0.106375
3067,3.66528,0.579797,0.114296,0.106375
3068,3.71636,0.643329,0.125234,0.10896
3069,3.71636,0.643329,0.125234,0.10896
3070,3.75747,0.722742,0.13743,0.110143
3071,3.75747,0.722742,0.13743,0.110143
3072,3.75747,0.722742,0.13743,0.110143
3073,3.71799,0.673719,0.131114,0.11791
3074,3.72591,0.666982,0.131018,0.111846
3075,3.77072,0.719277,0.139426,0.106025
3076,3.70625,0.612253,0.119811,0.0981782
3077,3.69764,0.598218,0.117396,0.0987962
3078,3.67288,0.571119,0.110696,0.0981501
3079,3.67288,0.571119,0.110696,0.0981501
3080,3.66574,0.546877,0.105297,0.093096
3081,3.65865,0.541715,0.105465,0.0931196
3082,3.66139,0.53781,0.104016,0.0896112
3083,3.61206,0.497441,0.098832,0.0956586
3084,3.60371,0.470787,0.0915217,0.0885192
3085,3.60371,0.470787,0.0915217,0.0885192
3086,3.60371,0.470787,0.0915217,0.0885192
3087,3.60371,0.470787,0.0915217,0.0885192
3088,3.6394,0.52143,0.10169,0.0944579
3089,3.6394,0.52143,0.10169,0.0944579
3090,3.60852,0.507132,0.0993099,0.09971
3091,3.60852,0.507132,0.0993099,0.09971
3092,3.62441,0.513808,0.0988231,0.0932829
3093,3.6263,0.486812,0.0938825,0.0821862
3094,3.63537,0.475897,0.0943971,0.0743924
3095,3.63111,0.484556,0.0955313,0.0808286
3096,3.61916,0.485807,0.0952025,0.0852847
3097,3.61916,0.485807,0.0952025,0.0852847
3098,3.61916,0.485807,0.0952025,0.0852847
3099,3.65071,0.51544,0.101897,0.0828808
3100,3.65071,0.51544,0.101897,0.0828808
3101,3.61733,0.485618,0.0953453,0.0819526
3102,3.59882,0.458272,0.0916864,0.0815298
3103,3.57177,0.437384,0.0837672,0.0819782
3104,3.57177,0.437384,0.0837672,0.0819782
3105,3.5731,0.450316,0.0887544,0.0939375
3106,3.5731,0.450316,0.0887544,0.0939375
3107,3.5731,0.450316,0.0887544,0.0939375
3108,3.54538,0.433585,0.0855008,0.100451
3109,3.54538,0.433585,0.0855008,0.100451
3110,3.58034,0.466033,0.0919656,0.0982269
3111,3.57491,0.450942,0.0881168,0.0925718
3112,3.59946,0.479118,0.0968399,0.0951569
3113,3.59946,0.479118,0.0968399,0.0951569
3114,3.58639,0.478173,0.0976597,0.101819
3115,3.58639,0.478173,0.0976597,0.101819
3116,3.61751,0.515055,0.0990995,0.102543
3117,3.61181,0.500687,0.0978049,0.0972134
3118,3.59803,0.487524,0.0957716,0.0984926
3119,3.55997,0.45517,0.0875333,0.0953997
3120,3.55073,0.440354,0.0868911,0.0963756
3121,3.51264,0.401671,0.0794859,0.0968853
3122,3.51264,0.401671,0.0794859,0.0968853
3123,3.54473,0.42878,0.0839166,0.0983535
3124,3.54013,0.402062,0.0796697,0.0849481
3125,3.54748,0.393458,0.0810077,0.0752653
3126,3.50468,0.358925,0.0730716,0.0747905
3127,3.49784,0.366516,0.0738139,0.0840123
3128,3.49784,0.366516,0.0738139,0.0840123
3129,3.48914,0.347493,0.0692153,0.0765313
3130,3.53014,0.379953,0.0749739,0.0745415
3131,3.53169,0.379653,0.0747151,0.0746488
3132,3.55638,0.417914,0.0838828,0.082684
3133,3.5292,0.369214,0.0743487,0.0697863
3134,3.5286,0.391859,0.0780549,0.0814185
3135,3.54126,0.410379,0.0826185,0.0883606
3136,3.54126,0.410379,0.0826185,0.0883606
3137,3.54126,0.410379,0.0826185,0.0883606
3138,3.52022,0.375017,0.0767287,0.0776627
3139,3.52022,0.375017,0.0767287,0.0776627
3140,3.52022,0.375017,0.0767287,0.0776627
3141,3.52022,0.375017,0.0767287,0.0776627
3142,3.52022,0.375017,0.0767287,0.0776627
3143,3.54565,0.414107,0.0793663,0.084511
3144,3.54672,0.415761,0.0822744,0.087674
3145,3.53028,0.414929,0.0809216,0.096242
3146,3.54191,0.411595,0.0814392,0.0892391
3147,3.55124,0.425699,0.0831703,0.089306
3148,3.54093,0.398863,0.0778227,0.0786156
3149,3.54093,0.398863,0.0778227,0.0786156
3150,3.55491,0.408316,0.0790915,0.0775707
3151,3.55791,0.421065,0.0832514,0.0855782
3152,3.55791,0.421065,0.0832514,0.0855782
3153,3.52092,0.416258,0.0813966,0.0899214
3154,3.54501,0.426654,0.083845,0.0895813
3155,3.53981,0.422291,0.0840765,0.0907633
3156,3.58032,0.45402,0.0900742,0.0875975
3157,3.58032,0.45402,0.0900742,0.0875975
3158,3.54174,0.402187,0.0795303,0.0828638
3159,3.54546,0.402216,0.0798967,0.0812207
3160,3.56972,0.432717,0.0857258,0.0861737
3161,3.56972,0.432717,0.0857258,0.0861737
3162,3.56972,0.432717,0.0857258,0.0861737
3163,3.50857,0.385522,0.0753888,0.0899207
3164,3.53965,0.410865,0.082561,0.0915454
3165,3.49542,0.381406,0.077043,0.0956842
3166,3.5389,0.443214,0.0842327,0.100241
3167,3.52137,0.421528,0.0817955,0.0957059
3168,3.52137,0.421528,0.0817955,0.0957059
3169,3.52137,0.421528,0.0817955,0.0957059
3170,3.52042,0.433244,0.0857029,0.101972
3171,3.52304,0.440622,0.0843482,0.103455
3172,3.52304,0.440622,0.0843482,0.103455
3173,3.49206,0.391797,0.0770573,0.0979108
3174,3.5156,0.41775,0.0839067,0.0998975
3175,3.49052,0.397713,0.0786603,0.0976597
3176,3.50415,0.386693,0.0745561,0.0891387
3177,3.5004,0.377461,0.0738649,0.0900657
3178,3.5004,0.377461,0.0738649,0.0900657
3179,3.54156,0.410353,0.0814945,0.0862128
3180,3.54104,0.411146,0.0830867,0.0892669
3181,3.57086,0.435617,0.0869792,0.0855024
3182,3.54794,0.408461,0.0822537,0.0818658
3183,3.52912,0.383907,0.0761585,0.0787357
3184,3.52912,0.383907,0.0761585,0.0787357
3185,3.55425,0.41726,0.0829593,0.0878488
3186,3.52081,0.372968,0.0763214,0.0803896
3187,3.44931,0.341902,0.0691914,0.0941732
3188,3.44931,0.341902,0.0691914,0.0941732
3189,3.44931,0.341902,0.0691914,0.0941732
3190,3.47515,0.359856,0.0716277,0.0941973
3191,3.48817,0.36912,0.073388,0.0906279
3192,3.48817,0.36912,0.073388,0.0906279
3193,3.51303,0.400911,0.0780293,0.0950595
3194,3.4696,0.355836,0.0722145,0.0912031
3195,3.4696,0.355836,0.0722145,0.0912031
3196,3.4696,0.355836,0.0722145,0.0912031
3197,3.4696,0.355836,0.0722145,0.0912031
3198,3.4696,0.355836,0.0722145,0.0912031
3199,3.5191,0.397954,0.0798896,0.0899853
3200,3.50341,0.400778,0.0780316,0.0968319
3201,3.50341,0.400778,0.0780316,0.0968319
3202,3.49871,0.377766,0.0765211,0.0874862
3203,3.49871,0.377766,0.0765211,0.0874862
3204,3.52288,0.4178,0.0826628,0.0914201
3205,3.52288,0.4178,0.0826628,0.0914201
3206,3.52288,0.4178,0.0826628,0.0914201
3207,3.54297,0.442955,0.0845591,0.0933548
3208,3.54297,0.442955,0.0845591,0.0933548
3209,3.54297,0.442955,0.0845591,0.0933548
3210,3.50827,0.423544,0.0830323,0.100169
3211,3.49562,0.404727,0.0783489,0.0977829
3212,3.50209,0.393007,0.0775033,0.0901298
3213,3.47069,0.370774,0.0735135,0.0926173
3214,3.50577,0.382693,0.078199,0.0862504
3215,3.50577,0.382693,0.078199,0.0862504
3216,3.48321,0.376333,0.0774272,0.0939338
3217,3.47364,0.369367,0.0747935,0.096922
3218,3.47364,0.369367,0.0747935,0.096922
3219,3.52426,0.413798,0.0799482,0.100189
3220,3.51242,0.401139,0.0791828,0.0975743
3221,3.5421,0.45128,0.0879941,0.110497
3222,3.53516,0.433211,0.0843204,0.104306
3223,3.52765,0.429179,0.084261,0.105179
3224,3.54903,0.432977,0.0849394,0.0961546
3225,3.53311,0.42364,0.0833075,0.0982318
3226,3.53311,0.42364,0.0833075,0.0982318
3227,3.53861,0.423764,0.0844805,0.0962693
3228,3.53213,0.405707,0.0786744,0.0909572
3229,3.5109,0.372296,0.0728428,0.0835981
3230,3.5109,0.372296,0.0728428,0.0835981
3231,3.5109,0.372296,0.0728428,0.0835981
3232,3.51857,0.399175,0.0778777,0.0934582
3233,3.52292,0.409929,0.0806935,0.0949635
3234,3.54165,0.439375,0.0863713,0.102969
3235,3.58122,0.492465,0.0964422,0.109729
3236,3.58122,0.492465,0.0964422,0.109729
3237,3.59096,0.49015,0.0971858,0.110311
3238,3.63818,0.548938,0.106568,0.107751
3239,3.63867,0.544681,0.107834,0.107214
3240,3.62911,0.542008,0.105487,0.111473
3241,3.60126,0.502628,0.099397,0.105175
3242,3.58661,0.48667,0.093509,0.103469
3243,3.5958,0.499485,0.096792,0.0988926
3244,3.56866,0.455503,0.0890142,0.0940453
3245,3.56866,0.455503,0.0890142,0.0940453
3246,3.58107,0.46373,0.0902805,0.0990691
3247,3.54467,0.442032,0.0864978,0.104072
3248,3.5514,0.445175,0.0871721,0.10333
3249,3.5514,0.445175,0.0871721,0.10333
3250,3.57597,0.460851,0.0891643,0.0980718
3251,3.57371,0.457015,0.0878982,0.0957283
3252,3.59708,0.489565,0.0958723,0.102513
3253,3.619,0.5114,0.100579,0.100905
3254,3.619,0.5114,0.100579,0.100905
3255,3.59577,0.489283,0.0965353,0.0998796
3256,3.61036,0.504159,0.099034,0.102803
3257,3.61036,0.504159,0.099034,0.102803
3258,3.65764,0.578645,0.111881,0.111707
3259,3.62951,0.525158,0.10525,0.103896
3260,3.61689,0.510464,0.100904,0.102957
3261,3.61689,0.510464,0.100904,0.102957
3262,3.63387,0.538559,0.106262,0.104612
3263,3.62396,0.543553,0.105745,0.111377
3264,3.62396,0.543553,0.105745,0.111377
3265,3.62055,0.544832,0.107048,0.111931
3266,3.62055,0.544832,0.107048,0.111931
3267,3.60482,0.516164,0.100403,0.107618
3268,3.58441,0.495698,0.099126,0.105389
3269,3.58441,0.495698,0.099126,0.105389
3270,3.59326,0.501432,0.0999549,0.0998342
3271,3.63609,0.562623,0.111477,0.103818
3272,3.63284,0.587259,0.113188,0.101779
3273,3.65253,0.591815,0.114074,0.103683
3274,3.65253,0.591815,0.114074,0.103683
3275,3.66609,0.574899,0.109361,0.0974756
3276,3.67088,0.569506,0.110244,0.0957959
3277,3.67088,0.569506,0.110244,0.0957959
3278,3.66962,0.580953,0.112291,0.10036
3279,3.67317,0.579419,0.112904,0.0970296
3280,3.66303,0.562584,0.108785,0.0985249
3281,3.6832,0.595065,0.11219,0.097114
3282,3.67214,0.561132,0.109118,0.0907793
3283,3.62983,0.504542,0.0986604,0.0891162
3284,3.62983,0.504542,0.0986604,0.0891162
3285,3.6571,0.569916,0.11121,0.105176
3286,3.64298,0.535672,0.106321,0.0973429
3287,3.64298,0.535672,0.106321,0.0973429
3288,3.64298,0.535672,0.106321,0.0973429
3289,3.64298,0.535672,0.106321,0.0973429
3290,3.64298,0.535672,0.106321,0.0973429
3291,3.61413,0.514996,0.0996579,0.104112
3292,3.63607,0.529932,0.101579,0.0960797
3293,3.6755,0.572356,0.110666,0.0961899
3294,3.6803,0.542516,0.106527,0.0842164
3295,3.67701,0.555547,0.107552,0.0895084
3296,3.67701,0.555547,0.107552,0.0895084
3297,3.69664,0.574961,0.110808,0.086901
3298,3.68171,0.555794,0.107098,0.0897015
3299,3.68171,0.555794,0.107098,0.0897015
3300,3.6902,0.574871,0.111106,0.0927833
3301,3.6902,0.574871,0.111106,0.0927833
3302,3.65366,0.539811,0.106231,0.0932171
3303,3.63678,0.502936,0.0995969,0.089307
3304,3.67319,0.53973,0.104984,0.0877971
3305,3.67319,0.53973,0.104984,0.0877971
3306,3.68401,0.549653,0.104532,0.0859161
3307,3.66648,0.540188,0.105662,0.0841655
3308,3.64904,0.545448,0.104447,0.0926087
3309,3.66506,0.570355,0.108529,0.0972741
3310,3.66506,0.570355,0.108529,0.0972741
3311,3.66023,0.570779,0.109273,0.101705
3312,3.67182,0.573848,0.110563,0.0988958
3313,3.68567,0.577429,0.113293,0.0950764
3314,3.66862,0.561825,0.107568,0.0977492
3315,3.68536,0.568607,0.109896,0.0926157
3316,3.64272,0.535221,0.10599,0.0981136
3317,3.67636,0.577717,0.115105,0.100054
3318,3.67069,0.559365,0.109687,0.094564
3319,3.67859,0.56156,0.110046,0.0902573
3320,3.67859,0.56156,0.110046,0.0902573
3321,3.67859,0.56156,0.110046,0.0902573
3322,3.66048,0.539226,0.102377,0.0910202
3323,3.63978,0.518532,0.100697,0.0914362
3324,3.60544,0.481254,0.0953077,0.0885535
3325,3.6643,0.564013,0.109727,0.0986404
3326,3.6643,0.564013,0.109727,0.0986404
3327,3.67376,0.589694,0.115109,0.0983016
3328,3.67376,0.589694,0.115109,0.0983016
3329,3.67888,0.580138,0.112452,0.0957951
3330,3.69128,0.613121,0.117076,0.0986255
3331,3.73149,0.652846,0.123511,0.100395
3332,3.67652,0.566503,0.109105,0.0983598
3333,3.67652,0.566503,0.109105,0.0983598
3334,3.70175,0.587088,0.115196,0.0916144
3335,3.68243,0.577281,0.111499,0.0983191
3336,3.68934,0.580239,0.113235,0.091587
3337,3.67503,0.585482,0.112304,0.100975
3338,3.64037,0.533821,0.104036,0.0965537
3339,3.63683,0.518815,0.102892,0.0922151
3340,3.60886,0.489338,0.0956381,0.0947257
3341,3.60886,0.489338,0.0956381,0.0947257
3342,3.60172,0.503488,0.0981737,0.106069
3343,3.57981,0.476537,0.0929804,0.0992902
3344,3.57981,0.476537,0.0929804,0.0992902
3345,3.51749,0.411377,0.0817371,0.102262
3346,3.51749,0.411377,0.0817371,0.102262
3347,3.53416,0.412418,0.081531,0.0896407
3348,3.54712,0.429762,0.084062,0.094699
3349,3.54712,0.429762,0.084062,0.094699
3350,3.53317,0.405745,0.0802705,0.0881723
3351,3.53317,0.405745,0.0802705,0.0881723
3352,3.56949,0.435698,0.0862265,0.0860073
3353,3.57587,0.429977,0.0860747,0.0784319
3354,3.56532,0.431107,0.085657,0.0859126
3355,3.56532,0.431107,0.085657,0.0859126
3356,3.5491,0.435855,0.0855136,0.09807
3357,3.57128,0.470147,0.0909178,0.105385
3358,3.52843,0.419333,0.0846771,0.100819
3359,3.52843,0.419333,0.0846771,0.100819
3360,3.53119,0.417607,0.082168,0.098284
3361,3.53989,0.420209,0.0843905,0.0978921
3362,3.52091,0.397724,0.080208,0.090652
3363,3.49777,0.37605,0.0745289,0.0943455
3364,3.49276,0.361461,0.0717754,0.0859737
3365,3.53288,0.405672,0.0805337,0.0890623
3366,3.53288,0.405672,0.0805337,0.0890623
3367,3.53288,0.405672,0.0805337,0.0890623
3368,3.52098,0.38929,0.0765433,0.0883341
3369,3.47518,0.351503,0.0700886,0.087209
3370,3.49786,0.365558,0.0712812,0.086114
3371,3.49786,0.365558,0.0712812,0.086114
3372,3.49786,0.365558,0.0712812,0.086114
3373,3.49897,0.367326,0.0732435,0.0880858
3374,3.53797,0.410694,0.0804417,0.0917127
3375,3.55067,0.429284,0.0842175,0.0945482
3376,3.55518,0.435943,0.0863325,0.0934165
3377,3.56973,0.471203,0.0923628,0.0976499
3378,3.5804,0.475582,0.0948605,0.0994096
3379,3.58795,0.476938,0.0945482,0.0971004
3380,3.55709,0.445896,0.089502,0.0985545
3381,3.53954,0.421337,0.0833551,0.0948976
3382,3.50918,0.394499,0.0800901,0.0952344
3383,3.58842,0.482568,0.0934638,0.100668
3384,3.56899,0.463837,0.0903493,0.100022
3385,3.5775,0.452384,0.089649,0.0935844
3386,3.61131,0.485189,0.094909,0.0893403
3387,3.61131,0.485189,0.094909,0.0893403
3388,3.61131,0.485189,0.094909,0.0893403
3389,3.61131,0.485189,0.094909,0.0893403
3390,3.63263,0.523881,0.103009,0.0918416
3391,3.63263,0.523881,0.103009,0.0918416
3392,3.62102,0.511657,0.0991725,0.0975976
3393,3.62102,0.511657,0.0991725,0.0975976
3394,3.59878,0.484193,0.0941925,0.0971592
3395,3.6356,0.512668,0.101036,0.0958908
3396,3.6356,0.512668,0.101036,0.0958908
3397,3.6356,0.512668,0.101036,0.0958908
3398,3.58995,0.494206,0.0972054,0.10748
3399,3.58995,0.494206,0.0972054,0.10748
3400,3.60529,0.483798,0.0939026,0.0976826
3401,3.60529,0.483798,0.0939026,0.0976826
3402,3.54457,0.428268,0.0842856,0.0944926
3403,3.55349,0.42559,0.083989,0.0879006
3404,3.55349,0.42559,0.083989,0.0879006
3405,3.5443,0.426202,0.0841133,0.0948095
3406,3.58449,0.455404,0.0884767,0.0909408
3407,3.58271,0.449184,0.0889328,0.0884658
3408,3.54488,0.426796,0.0852985,0.0971395
3409,3.54488,0.426796,0.0852985,0.0971395
3410,3.60897,0.508184,0.0973554,0.107423
3411,3.58679,0.479796,0.0939087,0.101446
3412,3.56256,0.442968,0.0900455,0.0991629
3413,3.55416,0.44467,0.0868065,0.103385
3414,3.60917,0.49681,0.0956042,0.0995243
3415,3.55047,0.424172,0.0827401,0.090707
3416,3.56835,0.453921,0.0894311,0.097003
3417,3.57305,0.452885,0.0890737,0.0943297
3418,3.57305,0.452885,0.0890737,0.0943297
3419,3.56566,0.448856,0.0877621,0.0959832
3420,3.59377,0.467863,0.092768,0.0927158
3421,3.58266,0.461677,0.0898252,0.0954695
3422,3.58266,0.461677,0.0898252,0.0954695
3423,3.50253,0.397436,0.078834,0.100457
3424,3.50253,0.397436,0.078834,0.100457
3425,3.53126,0.429122,0.0837383,0.103145
3426,3.53254,0.413706,0.0818972,0.0907304
3427,3.53254,0.413706,0.0818972,0.0907304
3428,3.53717,0.416924,0.0805281,0.095251
3429,3.53717,0.416924,0.0805281,0.095251
3430,3.53717,0.416924,0.0805281,0.095251
3431,3.53411,0.405875,0.078783,0.087733
3432,3.55932,0.439335,0.0859961,0.0929489
3433,3.56139,0.456091,0.0905502,0.103769
3434,3.56139,0.456091,0.0905502,0.103769
3435,3.5416,0.445199,0.0882661,0.105361
3436,3.55797,0.454014,0.0900061,0.106373
3437,3.56222,0.468363,0.0925446,0.105995
3438,3.51484,0.415126,0.0819047,0.104783
3439,3.53245,0.438186,0.0862298,0.105253
3440,3.53245,0.438186,0.0862298,0.105253
3441,3.57725,0.481016,0.0954267,0.107578
3442,3.55829,0.461269,0.0916959,0.105349
3443,3.52512,0.415937,0.0817607,0.0991616
3444,3.52512,0.415937,0.0817607,0.0991616
3445,3.53677,0.427248,0.0839829,0.0984364
3446,3.53288,0.422054,0.0826793,0.0957318
3447,3.51632,0.415799,0.081016,0.0984875
3448,3.51977,0.41446,0.0831417,0.100262
3449,3.51977,0.41446,0.0831417,0.100262
3450,3.53563,0.43733,0.0894183,0.105579
3451,3.54777,0.422717,0.0865001,0.0928374
3452,3.52767,0.384918,0.0748387,0.0834085
3453,3.51192,0.388776,0.0762859,0.0936456
3454,3.51192,0.388776,0.0762859,0.0936456
3455,3.53055,0.40948,0.083209,0.0968565
3456,3.52021,0.399356,0.0787695,0.0925215
3457,3.57591,0.453844,0.0890264,0.0943601
3458,3.56073,0.437541,0.0866534,0.0926612
3459,3.57456,0.442549,0.0880866,0.0881857
3460,3.58153,0.450557,0.0892842,0.086062
3461,3.64796,0.516652,0.100359,0.0883874
3462,3.64796,0.516652,0.100359,0.0883874
3463,3.64796,0.516652,0.100359,0.0883874
3464,3.64796,0.516652,0.100359,0.0883874
3465,3.66876,0.549004,0.108364,0.0888397
3466,3.65829,0.557011,0.109553,0.0942837
3467,3.66886,0.565234,0.108152,0.0918824
3468,3.65125,0.529989,0.100375,0.0899656
3469,3.65125,0.529989,0.100375,0.0899656
3470,3.6604,0.545697,0.105993,0.0934594
3471,3.63702,0.527605,0.10279,0.0983425
3472,3.62718,0.515639,0.100366,0.0960549
3473,3.62718,0.515639,0.100366,0.0960549
3474,3.61657,0.509849,0.100579,0.0921987
3475,3.65162,0.542388,0.106059,0.0915991
3476,3.61535,0.514228,0.0991674,0.0888047
3477,3.60718,0.495561,0.0984779,0.0883225
3478,3.60389,0.491663,0.0960893,0.0936747
3479,3.60682,0.503183,0.0992727,0.0941365
3480,3.60799,0.535449,0.104573,0.0994271
3481,3.61949,0.520331,0.100631,0.0895122
3482,3.61949,0.520331,0.100631,0.0895122
3483,3.60194,0.485355,0.092095,0.0857032
3484,3.6036,0.480235,0.0938105,0.087596
3485,3.59915,0.495498,0.0960587,0.0879837
3486,3.60444,0.480756,0.095454,0.0862399
3487,3.60444,0.480756,0.095454,0.0862399
3488,3.60444,0.480756,0.095454,0.0862399
3489,3.61078,0.486957,0.0983208,0.0864433
3490,3.65332,0.536619,0.103411,0.0914171
3491,3.6263,0.511307,0.101643,0.0938353
3492,3.6263,0.511307,0.101643,0.0938353
3493,3.6263,0.511307,0.101643,0.0938353
3494,3.6263,0.511307,0.101643,0.0938353
3495,3.6263,0.511307,0.101643,0.0938353
3496,3.6263,0.511307,0.101643,0.0938353
3497,3.65914,0.561832,0.106737,0.0944687
3498,3.659,0.571511,0.110369,0.0979572
3499,3.659,0.571511,0.110369,0.0979572
3500,3.62871,0.524731,0.103445,0.0989716
3501,3.59624,0.508447,0.0982625,0.102132
3502,3.59624,0.508447,0.0982625,0.102132
3503,3.58867,0.504547,0.0973308,0.104783
3504,3.59245,0.483959,0.0957489,0.0989639
3505,3.60387,0.477198,0.0950029,0.0895145
3506,3.60387,0.477198,0.0950029,0.0895145
3507,3.57919,0.456578,0.0890511,0.0926218
3508,3.5502,0.423191,0.0842484,0.0864915
3509,3.5502,0.423191,0.0842484,0.0864915
3510,3.54534,0.412676,0.083528,0.084775
3511,3.59416,0.447875,0.0895173,0.0801936
3512,3.56842,0.420473,0.0850428,0.0780761
3513,3.61174,0.450886,0.0917789,0.0732335
3514,3.61174,0.450886,0.0917789,0.0732335
3515,3.57221,0.408208,0.0818548,0.072575
3516,3.60741,0.470741,0.0938455,0.0859868
3517,3.60167,0.46639,0.092206,0.0866427
3518,3.6097,0.449216,0.0910141,0.0735266
3519,3.60823,0.461051,0.0916049,0.0770364
3520,3.64965,0.487579,0.0957906,0.0692919
3521,3.64261,0.470637,0.0940943,0.0691326
3522,3.64261,0.470637,0.0940943,0.0691326
3523,3.64871,0.475604,0.0943894,0.066436
3524,3.63118,0.475797,0.0945356,0.0765036
3525,3.63118,0.475797,0.0945356,0.0765036
3526,3.65241,0.492415,0.0973467,0.0733603
3527,3.65558,0.502621,0.0986709,0.0745833
3528,3.61309,0.460571,0.0927066,0.078049
3529,3.60313,0.470152,0.0928956,0.0862835
3530,3.64588,0.528109,0.103624,0.0921562
3531,3.6691,0.562804,0.109832,0.0963764
3532,3.6316,0.508837,0.0974075,0.0920989
3533,3.6316,0.508837,0.0974075,0.0920989
3534,3.65414,0.52966,0.105218,0.0913717
3535,3.6459,0.545734,0.107176,0.100234
3536,3.6459,0.545734,0.107176,0.100234
3537,3.64911,0.558688,0.109437,0.105836
3538,3.64911,0.558688,0.109437,0.105836
3539,3.63932,0.538451,0.105552,0.103902
3540,3.63932,0.538451,0.105552,0.103902
3541,3.66026,0.55044,0.107224,0.0959908
3542,3.68532,0.579003,0.111615,0.095819
3543,3.68532,0.579003,0.111615,0.095819
3544,3.71291,0.62469,0.119374,0.0970116
3545,3.70605,0.634054,0.121758,0.0986585
3546,3.70605,0.634054,0.121758,0.0986585
3547,3.70364,0.642306,0.120368,0.097536
3548,3.70337,0.627677,0.1196,0.0929931
3549,3.67352,0.570856,0.11031,0.0908375
3550,3.65401,0.541254,0.103341,0.0892295
3551,3.58681,0.48024,0.0929019,0.0885336
3552,3.59649,0.494895,0.0948319,0.0929642
3553,3.61273,0.497234,0.0941317,0.0902836
3554,3.63879,0.543946,0.103961,0.0946457
3555,3.63879,0.543946,0.103961,0.0946457
3556,3.68192,0.620709,0.118315,0.0973635
3557,3.6396,0.547971,0.104978,0.0931791
3558,3.6396,0.547971,0.104978,0.0931791
3559,3.6396,0.547971,0.104978,0.0931791
3560,3.6396,0.547971,0.104978,0.0931791
3561,3.64966,0.548204,0.107925,0.0909194
3562,3.64655,0.525727,0.102936,0.0814418
3563,3.685,0.567893,0.113696,0.0831439
3564,3.685,0.567893,0.113696,0.0831439
3565,3.65391,0.528223,0.106788,0.0862719
3566,3.64366,0.515049,0.101662,0.0873684
3567,3.68622,0.584913,0.115259,0.0917271
3568,3.67082,0.57589,0.112768,0.0981594
3569,3.67082,0.57589,0.112768,0.0981594
3570,3.65478,0.540456,0.104626,0.0868401
3571,3.68192,0.579778,0.112645,0.0860693
3572,3.68518,0.569097,0.112052,0.0856388
3573,3.73383,0.657201,0.122536,0.0941628
3574,3.76408,0.694136,0.131669,0.0927127
3575,3.76408,0.694136,0.131669,0.0927127
3576,3.77148,0.68102,0.132902,0.0865983
3577,3.75446,0.623783,0.123727,0.0780021
3578,3.75336,0.643537,0.126733,0.0860596
3579,3.75336,0.643537,0.126733,0.0860596
3580,3.747,0.648104,0.123549,0.0900161
3581,3.76022,0.652713,0.125081,0.0873216
3582,3.74045,0.636545,0.120943,0.0894829
3583,3.74301,0.656334,0.127347,0.0944142
3584,3.74301,0.656334,0.127347,0.0944142
3585,3.74301,0.656334,0.127347,0.0944142
3586,3.74619,0.647131,0.124079,0.0901776
3587,3.74932,0.643568,0.125851,0.0893598
3588,3.74194,0.642749,0.126978,0.0930724
3589,3.74194,0.642749,0.126978,0.0930724
3590,3.78118,0.713857,0.138842,0.097944
3591,3.77888,0.710365,0.136389,0.0992427
3592,3.77888,0.710365,0.136389,0.0992427
3593,3.77888,0.710365,0.136389,0.0992427
3594,3.73903,0.653787,0.12344,0.0978171
3595,3.7672,0.69906,0.133926,0.0983946
3596,3.73165,0.628404,0.121089,0.0902707
3597,3.73074,0.629926,0.122044,0.0917903
3598,3.73074,0.629926,0.122044,0.0917903
3599,3.68238,0.55915,0.107268,0.0856285
3600,3.70606,0.608377,0.117637,0.0902358
3601,3.71709,0.605421,0.118658,0.0830324
3602,3.74092,0.648326,0.122638,0.079941
3603,3.75178,0.65386,0.126638,0.0860428
3604,3.75853,0.643313,0.124726,0.0821192
3605,3.75911,0.667495,0.127216,0.0905462
3606,3.74774,0.668135,0.12921,0.0971365
3607,3.74774,0.668135,0.12921,0.0971365
3608,3.74774,0.668135,0.12921,0.0971365
3609,3.74774,0.668135,0.12921,0.0971365
3610,3.73508,0.649557,0.126484,0.0940204
3611,3.73508,0.649557,0.126484,0.0940204
3612,3.73447,0.650604,0.127035,0.0951396
3613,3.73789,0.656234,0.127616,0.0972112
3614,3.73832,0.659352,0.128939,0.0990656
3615,3.77926,0.714641,0.137168,0.0962169
3616,3.72755,0.620337,0.12022,0.0920306
3617,3.72755,0.620337,0.12022,0.0920306
3618,3.72755,0.620337,0.12022,0.0920306
3619,3.72766,0.642192,0.126209,0.0978202
3620,3.73441,0.625265,0.121619,0.087554
3621,3.71395,0.609936,0.119278,0.0922373
3622,3.67938,0.579225,0.11041,0.0968702
3623,3.68308,0.57999,0.11526,0.0946015
3624,3.68308,0.57999,0.11526,0.0946015
3625,3.68059,0.569335,0.109745,0.0962871
3626,3.6588,0.535011,0.104385,0.0900948
3627,3.6588,0.535011,0.104385,0.0900948
3628,3.6588,0.535011,0.104385,0.0900948
3629,3.6588,0.535011,0.104385,0.0900948
3630,3.64232,0.498669,0.09636,0.0821775
3631,3.65911,0.520337,0.101328,0.0827519
3632,3.6471,0.51679,0.101251,0.085243
3633,3.66228,0.525715,0.100678,0.0829696
3634,3.63971,0.503421,0.0996024,0.0861367
3635,3.64535,0.525664,0.102955,0.0936482
3636,3.68056,0.569817,0.110424,0.0919479
3637,3.66731,0.567852,0.11139,0.0960675
3638,3.66731,0.567852,0.11139,0.0960675
3639,3.66731,0.567852,0.11139,0.0960675
3640,3.65578,0.566941,0.108888,0.100724
3641,3.71843,0.671326,0.128677,0.103711
3642,3.71943,0.653894,0.123612,0.0997094
3643,3.70602,0.661382,0.126829,0.104881
3644,3.70602,0.661382,0.126829,0.104881
3645,3.62669,0.552503,0.104017,0.101249
3646,3.6218,0.523324,0.101069,0.0997479
3647,3.64401,0.568359,0.108628,0.107668
3648,3.63977,0.561796,0.107906,0.10706
3649,3.66735,0.604704,0.11423,0.109029
3650,3.65928,0.572254,0.11164,0.0963295
3651,3.62561,0.544363,0.105922,0.099468
3652,3.62561,0.544363,0.105922,0.099468
3653,3.62309,0.534897,0.10699,0.0975549
3654,3.59894,0.497448,0.101023,0.0963343
3655,3.58707,0.487588,0.0954457,0.0966934
3656,3.58707,0.487588,0.0954457,0.0966934
3657,3.58707,0.487588,0.0954457,0.0966934
3658,3.5991,0.504118,0.0976626,0.0977976
3659,3.5991,0.504118,0.0976626,0.0977976
3660,3.61243,0.523351,0.0997734,0.0958915
3661,3.67453,0.594036,0.116471,0.0959202
3662,3.63537,0.52244,0.102043,0.0878336
3663,3.64686,0.553175,0.107054,0.0945896
3664,3.61408,0.497664,0.0993988,0.0872373
3665,3.61408,0.497664,0.0993988,0.0872373
3666,3.60793,0.533128,0.103018,0.0958978
3667,3.58185,0.498452,0.0974645,0.0933764
3668,3.55852,0.450328,0.0890474,0.0946978
3669,3.55852,0.450328,0.0890474,0.0946978
3670,3.52953,0.427841,0.0843225,0.0970752
3671,3.49714,0.373506,0.0750544,0.0869271
3672,3.51375,0.384108,0.0766939,0.0844257
3673,3.51375,0.384108,0.0766939,0.0844257
3674,3.5278,0.411687,0.0797583,0.086995
3675,3.5278,0.411687,0.0797583,0.086995
3676,3.50905,0.39789,0.0779802,0.0916214
3677,3.50905,0.39789,0.0779802,0.0916214
3678,3.50302,0.385592,0.0772399,0.0914841
3679,3.50302,0.385592,0.0772399,0.0914841
3680,3.50302,0.385592,0.0772399,0.0914841
3681,3.50302,0.385592,0.0772399,0.0914841
3682,3.48112,0.370241,0.0738892,0.0927751
3683,3.48112,0.370241,0.0738892,0.0927751
3684,3.50071,0.407814,0.0790914,0.100241
3685,3.50562,0.400737,0.0788741,0.0944389
3686,3.47744,0.389737,0.0759965,0.102691
3687,3.47744,0.389737,0.0759965,0.102691
3688,3.46432,0.366356,0.0724958,0.098289
3689,3.46432,0.366356,0.0724958,0.098289
3690,3.464,0.352013,0.0706644,0.0947533
3691,3.47941,0.365993,0.0714303,0.092953
3692,3.47941,0.365993,0.0714303,0.092953
3693,3.46182,0.354561,0.0696801,0.0964959
3694,3.46182,0.354561,0.0696801,0.0964959
3695,3.46182,0.354561,0.0696801,0.0964959
3696,3.40437,0.304402,0.0612526,0.0903987
3697,3.40437,0.304402,0.0612526,0.0903987
3698,3.40437,0.304402,0.0612526,0.0903987
3699,3.42292,0.313778,0.0627372,0.0882017
3700,3.42292,0.313778,0.0627372,0.0882017
3701,3.42292,0.313778,0.0627372,0.0882017
3702,3.47564,0.368666,0.0723502,0.0949711
3703,3.48051,0.370593,0.0736219,0.0958159
3704,3.48051,0.370593,0.0736219,0.0958159
3705,3.47577,0.356098,0.0704058,0.0930105
3706,3.48827,0.377045,0.0742949,0.0955319
3707,3.4961,0.372362,0.0735161,0.0909276
3708,3.50366,0.383703,0.0783182,0.0955107
3709,3.47678,0.355387,0.0701911,0.0887838
3710,3.4801,0.360768,0.0712918,0.0908653
3711,3.46255,0.336614,0.069146,0.0844135
3712,3.48586,0.369509,0.0751629,0.0909826
3713,3.50052,0.387681,0.077355,0.0886129
3714,3.48422,0.363061,0.0735724,0.0870389
3715,3.51929,0.378301,0.0766174,0.0808791
3716,3.51929,0.378301,0.0766174,0.0808791
3717,3.4966,0.354744,0.071534,0.0775676
3718,3.48522,0.335351,0.0681364,0.0697922
3719,3.47297,0.321705,0.0656174,0.0674656
3720,3.47261,0.334562,0.0682653,0.0750586
3721,3.47224,0.341842,0.0688752,0.0792226
3722,3.44409,0.338449,0.0671427,0.0899887
3723,3.45238,0.342444,0.0676614,0.0928229
3724,3.45238,0.342444,0.0676614,0.0928229
3725,3.45925,0.351266,0.069291,0.0915074
3726,3.45925,0.351266,0.069291,0.0915074
3727,3.45925,0.351266,0.069291,0.0915074
3728,3.47444,0.359426,0.071404,0.0902823
3729,3.44828,0.340417,0.0678881,0.0929438
3730,3.45605,0.351048,0.0691553,0.0958338
3731,3.4617,0.349404,0.0692954,0.0916156
3732,3.4617,0.349404,0.0692954,0.0916156
3733,3.4617,0.349404,0.0692954,0.0916156
3734,3.4617,0.349404,0.0692954,0.0916156
3735,3.4617,0.349404,0.0692954,0.0916156
3736,3.46186,0.355626,0.0704833,0.096027
3737,3.49342,0.367045,0.0734871,0.0867078
3738,3.50689,0.385147,0.0768643,0.0869977
3739,3.50693,0.404644,0.0800782,0.0965326
3740,3.47864,0.373309,0.0751486,0.0924887
3741,3.50097,0.385832,0.0776949,0.0890124
3742,3.49405,0.36894,0.0728428,0.0866318
3743,3.48553,0.359379,0.0716938,0.0819875
3744,3.49655,0.367564,0.072658,0.0848677
3745,3.50571,0.370812,0.0738952,0.0791823
3746,3.52778,0.404037,0.0782388,0.0891396
3747,3.52778,0.404037,0.0782388,0.0891396
3748,3.56184,0.442498,0.089126,0.0916767
3749,3.56184,0.442498,0.089126,0.0916767
3750,3.51302,0.377819,0.0749214,0.0775786
3751,3.55091,0.437324,0.0865769,0.0893461
3752,3.55091,0.437324,0.0865769,0.0893461
3753,3.55091,0.437324,0.0865769,0.0893461
3754,3.55091,0.437324,0.0865769,0.0893461
3755,3.50462,0.414368,0.0816223,0.0947692
3756,3.53085,0.435591,0.0852022,0.0952031
3757,3.50422,0.411319,0.0813411,0.0966162
3758,3.50422,0.411319,0.0813411,0.0966162
3759,3.5165,0.413364,0.0806054,0.0943417
3760,3.5165,0.413364,0.0806054,0.0943417
3761,3.5165,0.413364,0.0806054,0.0943417
3762,3.5119,0.415713,0.0809905,0.103622
3763,3.53261,0.434846,0.0857177,0.096775
3764,3.54643,0.438201,0.0871718,0.0948611
3765,3.54643,0.438201,0.0871718,0.0948611
3766,3.53385,0.418536,0.0800406,0.0942747
3767,3.58348,0.466032,0.0921397,0.0945969
3768,3.56999,0.462107,0.0930765,0.0971348
3769,3.53183,0.399906,0.0796764,0.0882561
3770,3.47842,0.358206,0.0707207,0.0901589
3771,3.47904,0.352202,0.0693735,0.0857582
3772,3.49157,0.361396,0.0709839,0.0819024
3773,3.49157,0.361396,0.0709839,0.0819024
3774,3.46957,0.346907,0.0674192,0.0869368
3775,3.49041,0.376535,0.0728436,0.0975608
3776,3.46711,0.352324,0.0710241,0.0911888
3777,3.45086,0.334176,0.0663485,0.0891527
3778,3.45086,0.334176,0.0663485,0.0891527
3779,3.46224,0.354778,0.0711084,0.0938257
3780,3.46224,0.354778,0.0711084,0.0938257
3781,3.4606,0.348811,0.0708406,0.0924475
3782,3.4606,0.348811,0.0708406,0.0924475
3783,3.51023,0.392932,0.0783602,0.092222
3784,3.51023,0.392932,0.0783602,0.092222
3785,3.51933,0.402621,0.081701,0.0942925
3786,3.53978,0.41677,0.0831524,0.0929952
3787,3.53764,0.418414,0.0835143,0.0947951
3788,3.51145,0.387351,0.0752419,0.0912678
3789,3.50019,0.367748,0.0718307,0.0851286
3790,3.5125,0.379634,0.0758849,0.0806354
3791,3.55765,0.439505,0.0876101,0.0898522
3792,3.53346,0.401064,0.0785968,0.0832985
3793,3.51639,0.382256,0.0763637,0.0816125
3794,3.51639,0.382256,0.0763637,0.0816125
3795,3.5494,0.42856,0.0846483,0.0877617
3796,3.54021,0.413123,0.082364,0.0900078
3797,3.53727,0.421563,0.0823516,0.0944131
3798,3.51474,0.40052,0.0795885,0.0980451
3799,3.55117,0.444918,0.0868436,0.0969136
3800,3.51927,0.416176,0.0815629,0.0948588
3801,3.52363,0.447748,0.0869516,0.0988564
3802,3.47957,0.406043,0.0794369,0.105463
3803,3.47957,0.406043,0.0794369,0.105463
3804,3.45214,0.368055,0.0746005,0.101297
3805,3.47256,0.389909,0.0759534,0.107741
3806,3.47256,0.389909,0.0759534,0.107741
3807,3.47256,0.389909,0.0759534,0.107741
3808,3.47256,0.389909,0.0759534,0.107741
3809,3.49743,0.407242,0.0816938,0.1021
3810,3.43418,0.361197,0.0710805,0.104489
3811,3.43673,0.364558,0.0734969,0.103788
3812,3.43404,0.360492,0.0706961,0.107869
3813,3.43237,0.347465,0.0691578,0.101423
3814,3.48225,0.404053,0.0809512,0.104719
3815,3.48225,0.404053,0.0809512,0.104719
3816,3.45873,0.369451,0.0725616,0.0959671
3817,3.45873,0.369451,0.0725616,0.0959671
3818,3.46024,0.394393,0.0767026,0.104762
3819,3.44195,0.387073,0.0748203,0.10577
3820,3.44364,0.382699,0.0738516,0.106184
3821,3.42401,0.339073,0.0684213,0.0932632
3822,3.403,0.330937,0.0667118,0.100027
3823,3.41786,0.338285,0.0670326,0.103931
3824,3.45301,0.359948,0.072224,0.100101
3825,3.4762,0.3788,0.0769178,0.0957675
3826,3.4825,0.378645,0.0748198,0.093072
3827,3.44985,0.343846,0.0691274,0.0925546
3828,3.47322,0.360993,0.072196,0.0923357
3829,3.50167,0.38507,0.076485,0.0908578
3830,3.51196,0.387582,0.07722,0.0901142
3831,3.50067,0.391383,0.0761569,0.0975576
3832,3.49517,0.376706,0.0759156,0.0933227
3833,3.4422,0.350983,0.0682222,0.106151
3834,3.45956,0.355324,0.0709608,0.102078
3835,3.43434,0.332605,0.0672093,0.0976738
3836,3.45288,0.334448,0.0669489,0.0888075
3837,3.45288,0.334448,0.0669489,0.0888075
3838,3.45541,0.349091,0.0693041,0.0964111
3839,3.50432,0.385502,0.0769412,0.0947793
3840,3.49753,0.388324,0.078025,0.0981006
3841,3.51445,0.389425,0.0784656,0.0900149
3842,3.51445,0.389425,0.0784656,0.0900149
3843,3.5182,0.396105,0.07858,0.0910632
3844,3.52888,0.416641,0.0815633,0.0976903
3845,3.51417,0.406055,0.080732,0.0985817
3846,3.46488,0.35912,0.0712835,0.094542
3847,3.46488,0.35912,0.0712835,0.094542
3848,3.50736,0.417531,0.0826036,0.100632
3849,3.48361,0.390449,0.0784058,0.0949605
3850,3.47911,0.381911,0.0749523,0.0905759
3851,3.47911,0.381911,0.0749523,0.0905759
3852,3.47911,0.381911,0.0749523,0.0905759
3853,3.47911,0.381911,0.0749523,0.0905759
3854,3.4672,0.38548,0.0783289,0.102139
3855,3.48218,0.387847,0.0779942,0.0990566
3856,3.48218,0.387847,0.0779942,0.0990566
3857,3.46672,0.376222,0.074316,0.0906297
3858,3.46841,0.366104,0.0738988,0.0890351
3859,3.46841,0.366104,0.0738988,0.0890351
3860,3.44914,0.347362,0.0705197,0.0880564
3861,3.46422,0.359528,0.0723707,0.0890451
3862,3.44371,0.346496,0.069334,0.0874344
3863,3.44371,0.346496,0.069334,0.0874344
3864,3.44371,0.346496,0.069334,0.0874344
3865,3.44371,0.346496,0.069334,0.0874344
3866,3.44371,0.346496,0.069334,0.0874344
3867,3.44371,0.346496,0.069334,0.0874344
3868,3.44689,0.336544,0.0679236,0.081627
3869,3.44689,0.336544,0.0679236,0.081627
3870,3.44689,0.336544,0.0679236,0.081627
3871,3.4742,0.364479,0.0712408,0.08882
3872,3.4742,0.364479,0.0712408,0.08882
3873,3.46739,0.355882,0.0732835,0.0844709
3874,3.46764,0.353797,0.0705598,0.0884429
3875,3.47148,0.364751,0.0737029,0.0870502
3876,3.44164,0.3193,0.0640064,0.0800511
3877,3.43737,0.303635,0.0619417,0.0731853
3878,3.43737,0.303635,0.0619417,0.0731853
3879,3.47351,0.341261,0.0690418,0.0797368
3880,3.45902,0.334161,0.0674156,0.0804275
3881,3.47475,0.338305,0.0679069,0.0764625
3882,3.42838,0.307526,0.0623927,0.0797795
3883,3.47393,0.35375,0.0701507,0.089474
3884,3.47393,0.35375,0.0701507,0.089474
3885,3.47393,0.35375,0.0701507,0.089474
3886,3.47426,0.360144,0.0725655,0.0941014
3887,3.4447,0.345073,0.0706915,0.0992265
3888,3.45255,0.342817,0.069605,0.093651
3889,3.45255,0.342817,0.069605,0.093651
3890,3.46502,0.365926,0.0711254,0.0967985
3891,3.46469,0.351142,0.0692157,0.0922043
3892,3.44647,0.34677,0.0675113,0.0994515
3893,3.44608,0.340758,0.0669084,0.0980187
3894,3.44694,0.348854,0.069615,0.100412
3895,3.46729,0.369495,0.072484,0.10442
3896,3.46729,0.369495,0.072484,0.10442
3897,3.45751,0.370789,0.0735038,0.10917
3898,3.4811,0.383045,0.0771031,0.102439
3899,3.50356,0.418133,0.0828135,0.111799
3900,3.53118,0.456768,0.0888673,0.116572
3901,3.49346,0.421062,0.082122,0.118263
3902,3.49346,0.421062,0.082122,0.118263
3903,3.53046,0.470086,0.0922353,0.11811
3904,3.53046,0.470086,0.0922353,0.11811
3905,3.48733,0.412481,0.0812541,0.110596
3906,3.49204,0.399067,0.0798983,0.10466
3907,3.48657,0.384494,0.0772806,0.100084
3908,3.48657,0.384494,0.0772806,0.100084
3909,3.49753,0.39723,0.0773177,0.105925
3910,3.52804,0.420265,0.082827,0.0999277
3911,3.50795,0.398695,0.0782368,0.100829
3912,3.46833,0.357366,0.0725512,0.0962591
3913,3.46833,0.357366,0.0725512,0.0962591
3914,3.43246,0.332808,0.0678177,0.0938964
3915,3.43246,0.332808,0.0678177,0.0938964
3916,3.43246,0.332808,0.0678177,0.0938964
3917,3.43246,0.332808,0.0678177,0.0938964
3918,3.45457,0.345464,0.0695938,0.0947063
3919,3.44365,0.346791,0.0686723,0.102133
3920,3.44365,0.346791,0.0686723,0.102133
3921,3.44365,0.346791,0.0686723,0.102133
3922,3.44405,0.350844,0.068589,0.104239
3923,3.44405,0.350844,0.068589,0.104239
3924,3.48426,0.38378,0.0755582,0.101309
3925,3.52104,0.4167,0.0805771,0.10154
3926,3.49913,0.373031,0.0731263,0.086876
3927,3.53463,0.410655,0.0815915,0.0913218
3928,3.55605,0.431869,0.087897,0.0906628
3929,3.52733,0.418043,0.0814106,0.0934801
3930,3.52733,0.418043,0.0814106,0.0934801
3931,3.49376,0.356154,0.0711481,0.0770827
3932,3.50105,0.356629,0.0695885,0.0750565
3933,3.51474,0.402449,0.0781462,0.0851144
3934,3.51338,0.38171,0.0762702,0.0840358
3935,3.4735,0.352217,0.0700964,0.0874239
3936,3.46739,0.341355,0.0694391,0.0821429
3937,3.46807,0.341093,0.0672563,0.0804895
3938,3.51011,0.367502,0.074749,0.0803115
3939,3.47433,0.346374,0.0701504,0.0840055
3940,3.47921,0.348046,0.0690011,0.0825639
3941,3.47921,0.348046,0.0690011,0.0825639
3942,3.46615,0.334122,0.0670576,0.0764237
3943,3.46615,0.334122,0.0670576,0.0764237
3944,3.48088,0.346459,0.0698916,0.0781168
3945,3.4447,0.319353,0.0645062,0.0781201
3946,3.49545,0.359614,0.0749009,0.0803378
3947,3.49545,0.359614,0.0749009,0.0803378
3948,3.51236,0.354741,0.0715099,0.0693016
3949,3.51236,0.354741,0.0715099,0.0693016
3950,3.45515,0.310654,0.0638066,0.0698637
3951,3.48324,0.334398,0.0692956,0.0714391
3952,3.54445,0.387929,0.0780355,0.0747565
3953,3.52101,0.361525,0.0744886,0.0707618
3954,3.50078,0.355999,0.0730956,0.0743493
3955,3.52708,0.370215,0.0758074,0.0717229
3956,3.52708,0.370215,0.0758074,0.0717229
3957,3.52162,0.38927,0.0771367,0.0819027
3958,3.52162,0.38927,0.0771367,0.0819027
3959,3.52162,0.38927,0.0771367,0.0819027
3960,3.52223,0.395993,0.0785323,0.0872831
3961,3.55535,0.417785,0.0840232,0.0809101
3962,3.55335,0.417312,0.0835527,0.0839317
3963,3.55949,0.419203,0.0842865,0.0822149
3964,3.55949,0.419203,0.0842865,0.0822149
3965,3.56341,0.430201,0.0830062,0.0825012
3966,3.55635,0.401663,0.0797265,0.0747766
3967,3.55635,0.401663,0.0797265,0.0747766
3968,3.55635,0.401663,0.0797265,0.0747766
3969,3.57949,0.415891,0.0832585,0.0745229
3970,3.58455,0.437381,0.0876689,0.0828449
3971,3.55461,0.427119,0.0842716,0.0895112
3972,3.57285,0.437028,0.0876699,0.0866769
3973,3.56378,0.426175,0.0861034,0.0877527
3974,3.56389,0.426164,0.0846264,0.0876628
3975,3.56389,0.426164,0.0846264,0.0876628
3976,3.57423,0.454314,0.0859868,0.0934451
3977,3.57423,0.454314,0.0859868,0.0934451
3978,3.63416,0.503723,0.0967103,0.0879763
3979,3.66109,0.523828,0.100392,0.0843635
3980,3.66109,0.523828,0.100392,0.0843635
3981,3.66433,0.550973,0.106742,0.0933458
3982,3.68027,0.583946,0.113796,0.0994502
3983,3.63836,0.522975,0.100879,0.0938413
3984,3.63836,0.522975,0.100879,0.0938413
3985,3.65975,0.551026,0.107619,0.095107
3986,3.65975,0.551026,0.107619,0.095107
3987,3.63597,0.539727,0.103703,0.10399
3988,3.67856,0.580754,0.110572,0.100969
3989,3.66628,0.573739,0.106763,0.103032
3990,3.65523,0.572692,0.108298,0.105181
3991,3.60517,0.492675,0.0974335,0.0987333
3992,3.60517,0.492675,0.0974335,0.0987333
3993,3.6252,0.508061,0.0996283,0.0917229
3994,3.60075,0.489372,0.0943887,0.0982219
3995,3.57811,0.459646,0.0897425,0.0981652
3996,3.59395,0.483689,0.0948465,0.0983674
3997,3.5367,0.427549,0.0855704,0.0950649
3998,3.5367,0.427549,0.0855704,0.0950649
3999,3.54162,0.424348,0.0850832,0.0896427
4000,3.54162,0.424348,0.0850832,0.0896427
4001,3.50915,0.394516,0.0787972,0.0866228
4002,3.52712,0.408584,0.0826238,0.0879683
4003,3.53102,0.419645,0.0840777,0.0910804
4004,3.53102,0.419645,0.0840777,0.0910804
4005,3.51125,0.373173,0.0748859,0.0817492
4006,3.51125,0.373173,0.0748859,0.0817492
4007,3.51125,0.373173,0.0748859,0.0817492
4008,3.51125,0.373173,0.0748859,0.0817492
4009,3.54556,0.410681,0.0807352,0.0861253
4010,3.52576,0.40236,0.0814337,0.0923666
4011,3.54811,0.421737,0.0829682,0.0915193
4012,3.54639,0.423339,0.0811018,0.0914477
4013,3.53474,0.428478,0.0851317,0.0970601
4014,3.53474,0.428478,0.0851317,0.0970601
4015,3.56996,0.483379,0.0931835,0.101739
4016,3.55519,0.464047,0.0893562,0.107911
4017,3.55519,0.464047,0.0893562,0.107911
4018,3.55519,0.464047,0.0893562,0.107911
4019,3.55519,0.464047,0.0893562,0.107911
4020,3.53497,0.433101,0.0861931,0.105923
4021,3.57696,0.486133,0.0947963,0.108122
4022,3.52502,0.400335,0.0801725,0.0905437
4023,3.53773,0.428135,0.0840829,0.0949667
4024,3.58428,0.47751,0.0918101,0.0952537
4025,3.55357,0.423751,0.0835761,0.0893492
4026,3.62969,0.522059,0.0995759,0.0926213
4027,3.62969,0.522059,0.0995759,0.0926213
4028,3.60391,0.501234,0.098494,0.0935236
4029,3.60786,0.489103,0.0998903,0.0905012
4030,3.61843,0.494677,0.0991991,0.0858847
4031,3.60184,0.469641,0.0951497,0.0846693
4032,3.61208,0.466668,0.0908155,0.0822576
4033,3.61208,0.466668,0.0908155,0.0822576
4034,3.59602,0.473226,0.0929813,0.0913992
4035,3.61286,0.477077,0.0944252,0.0859397
4036,3.61563,0.504398,0.0987907,0.0976978
4037,3.61563,0.504398,0.0987907,0.0976978
4038,3.61563,0.504398,0.0987907,0.0976978
4039,3.66562,0.561962,0.109212,0.0943319
4040,3.66427,0.541739,0.107512,0.0881485
4041,3.6839,0.574276,0.1124,0.089669
4042,3.69909,0.567291,0.10982,0.0818257
4043,3.64773,0.519299,0.0998619,0.0849471
4044,3.65283,0.494635,0.0966832,0.075836
4045,3.67275,0.536348,0.106576,0.0812365
4046,3.65984,0.543033,0.106512,0.0906109
4047,3.68681,0.54916,0.106888,0.0808955
4048,3.70241,0.589081,0.114364,0.0889182
4049,3.70988,0.606344,0.117905,0.0940929
4050,3.68958,0.591222,0.114357,0.0957441
4051,3.68748,0.582217,0.110271,0.0932767
4052,3.67348,0.546813,0.106356,0.0867756
4053,3.67348,0.546813,0.106356,0.0867756
4054,3.72361,0.597103,0.117178,0.0832884
4055,3.68984,0.585343,0.115007,0.0954163
4056,3.68984,0.585343,0.115007,0.0954163
4057,3.68984,0.585343,0.115007,0.0954163
4058,3.72131,0.62626,0.116605,0.0928636
4059,3.74888,0.66695,0.128407,0.0948601
4060,3.71265,0.608737,0.116088,0.0934582
4061,3.71265,0.608737,0.116088,0.0934582
4062,3.69194,0.580396,0.112148,0.0915409
4063,3.68146,0.564471,0.108655,0.0892487
4064,3.68417,0.559305,0.109918,0.0860856
4065,3.68109,0.541551,0.10443,0.0813953
4066,3.66352,0.503378,0.100123,0.0713078
4067,3.65201,0.486218,0.0962863,0.0690696
4068,3.62991,0.46346,0.0923482,0.071902
4069,3.6318,0.484204,0.0959982,0.0808999
4070,3.6318,0.484204,0.0959982,0.0808999
4071,3.60165,0.455071,0.0888146,0.0827599
4072,3.60165,0.455071,0.0888146,0.0827599
4073,3.60165,0.455071,0.0888146,0.0827599
4074,3.60165,0.455071,0.0888146,0.0827599
4075,3.60231,0.453609,0.0906088,0.0809688
4076,3.58785,0.445308,0.088337,0.0835646
4077,3.58106,0.435652,0.0850061,0.0835483
4078,3.58106,0.435652,0.0850061,0.0835483
4079,3.58106,0.435652,0.0850061,0.0835483
4080,3.61618,0.487096,0.095774,0.0883143
4081,3.62047,0.483887,0.0987079,0.0877002
4082,3.62531,0.495154,0.098626,0.0881037
4083,3.62531,0.495154,0.098626,0.0881037
4084,3.67471,0.57618,0.11203,0.101475
4085,3.67471,0.57618,0.11203,0.101475
4086,3.70972,0.610864,0.120787,0.0964164
4087,3.70621,0.605283,0.119275,0.096539
4088,3.68027,0.578722,0.113101,0.09838
4089,3.65625,0.545914,0.10667,0.0954817
4090,3.6669,0.552496,0.108742,0.0965882
4091,3.63525,0.500379,0.100161,0.0866233
4092,3.62281,0.487565,0.0960161,0.0879802
4093,3.62281,0.487565,0.0960161,0.0879802
4094,3.61632,0.469762,0.0929576,0.0797379
4095,3.66214,0.532231,0.104341,0.0852558
4096,3.58066,0.459284,0.0907751,0.0921773
4097,3.63765,0.530241,0.103665,0.098889
4098,3.62797,0.52596,0.104744,0.100241
4099,3.62797,0.52596,0.104744,0.100241
4100,3.62797,0.52596,0.104744,0.100241
4101,3.58428,0.494292,0.0966675,0.105376
4102,3.62125,0.522782,0.0998944,0.100948
4103,3.62178,0.527653,0.103111,0.106599
4104,3.62178,0.527653,0.103111,0.106599
4105,3.62178,0.527653,0.103111,0.106599
4106,3.62178,0.527653,0.103111,0.106599
4107,3.60503,0.496753,0.0966825,0.0985262
4108,3.60246,0.490487,0.0976957,0.100479
4109,3.61185,0.500122,0.0995109,0.0999033
4110,3.6069,0.503352,0.0996036,0.102128
4111,3.62578,0.522161,0.100887,0.100006
4112,3.61874,0.509047,0.0988166,0.0952289
4113,3.63664,0.521465,0.101271,0.0941638
4114,3.68983,0.594455,0.114192,0.0940464
4115,3.68063,0.56547,0.110169,0.0876446
4116,3.7029,0.649513,0.124883,0.108221
4117,3.65597,0.573626,0.11143,0.101418
4118,3.65846,0.575093,0.112289,0.0999672
4119,3.65355,0.557793,0.111639,0.095632
4120,3.59375,0.4951,0.0970053,0.098898
4121,3.59296,0.488879,0.0960221,0.0997819
4122,3.57602,0.473543,0.0930645,0.0971442
4123,3.57557,0.481061,0.0914375,0.104286
4124,3.57557,0.481061,0.0914375,0.104286
4125,3.59158,0.495455,0.0965498,0.10144
4126,3.59158,0.495455,0.0965498,0.10144
4127,3.55755,0.472269,0.0915482,0.107914
4128,3.55755,0.472269,0.0915482,0.107914
4129,3.55755,0.472269,0.0915482,0.107914
4130,3.54075,0.447778,0.0876861,0.103486
4131,3.58183,0.493992,0.0960113,0.102996
4132,3.58183,0.493992,0.0960113,0.102996
4133,3.55314,0.452933,0.0882927,0.106319
4134,3.54486,0.443896,0.0859569,0.103651
4135,3.54834,0.440761,0.0860308,0.0999895
4136,3.54834,0.440761,0.0860308,0.0999895
4137,3.54834,0.440761,0.0860308,0.0999895
4138,3.57457,0.477117,0.0919094,0.105422
4139,3.57457,0.477117,0.0919094,0.105422
4140,3.57803,0.487624,0.0973802,0.10431
4141,3.61148,0.509718,0.101957,0.0992584
4142,3.60665,0.523428,0.102758,0.10784
4143,3.60665,0.523428,0.102758,0.10784
4144,3.61612,0.520519,0.0994373,0.102469
4145,3.65308,0.550734,0.106024,0.0975697
4146,3.66253,0.547911,0.109668,0.0939196
4147,3.66253,0.547911,0.109668,0.0939196
4148,3.67677,0.587857,0.113886,0.102675
4149,3.67677,0.587857,0.113886,0.102675
4150,3.66135,0.596068,0.1148,0.11158
4151,3.66012,0.598638,0.114682,0.113942
4152,3.66803,0.608695,0.115842,0.108192
4153,3.68694,0.613825,0.119943,0.104208
4154,3.60008,0.506585,0.098746,0.101291
4155,3.62788,0.52482,0.103242,0.0967082
4156,3.62986,0.530698,0.102288,0.102345
4157,3.67249,0.589083,0.113472,0.106428
4158,3.67249,0.589083,0.113472,0.106428
4159,3.65864,0.572994,0.11097,0.107259
4160,3.65864,0.572994,0.11097,0.107259
4161,3.66451,0.60074,0.116142,0.114172
4162,3.64178,0.568499,0.109092,0.111055
4163,3.63992,0.561449,0.11072,0.110122
4164,3.65153,0.568343,0.111154,0.108696
4165,3.67252,0.609077,0.118066,0.115982
4166,3.67252,0.609077,0.118066,0.115982
4167,3.6772,0.622631,0.120061,0.118808
4168,3.6772,0.622631,0.120061,0.118808
4169,3.64766,0.571111,0.108224,0.11252
4170,3.61689,0.520714,0.10183,0.106922
4171,3.59932,0.4992,0.100098,0.1052
4172,3.58936,0.490598,0.0986846,0.10531
4173,3.54273,0.449534,0.0893608,0.109914
4174,3.53446,0.449173,0.0873434,0.113408
4175,3.536,0.443979,0.088852,0.108941
4176,3.536,0.443979,0.088852,0.108941
4177,3.536,0.443979,0.088852,0.108941
4178,3.49019,0.389519,0.0775123,0.101966
4179,3.4857,0.378255,0.07323,0.0978722
4180,3.47449,0.390213,0.0762398,0.106728
4181,3.5045,0.414669,0.0803985,0.10751
4182,3.49916,0.413951,0.0807767,0.112032
4183,3.49916,0.413951,0.0807767,0.112032
4184,3.51683,0.444649,0.085045,0.114304
4185,3.50993,0.417279,0.081152,0.105238
4186,3.50993,0.417279,0.081152,0.105238
4187,3.54307,0.433524,0.0862158,0.0983439
4188,3.51155,0.392291,0.0764016,0.0921522
4189,3.53586,0.425059,0.0838127,0.0973385
4190,3.48345,0.372064,0.0745302,0.0932336
4191,3.49854,0.379696,0.0761894,0.0922526
4192,3.49854,0.379696,0.0761894,0.0922526
4193,3.55098,0.440095,0.0853153,0.0956522
4194,3.5172,0.40065,0.0791866,0.0904827
4195,3.53042,0.405741,0.0805358,0.0893879
4196,3.51574,0.385732,0.0760457,0.0856381
4197,3.51574,0.385732,0.0760457,0.0856381
4198,3.48274,0.34884,0.0706408,0.0805206
4199,3.52357,0.373732,0.0764355,0.0758138
4200,3.52574,0.388899,0.0768999,0.0840875
4201,3.52574,0.388899,0.0768999,0.0840875
4202,3.53872,0.385331,0.0778914,0.0744502
4203,3.53872,0.385331,0.0778914,0.0744502
4204,3.53872,0.385331,0.0778914,0.0744502
4205,3.52313,0.384415,0.0765315,0.0815726
4206,3.53879,0.405369,0.0795571,0.0837767
4207,3.53879,0.405369,0.0795571,0.0837767
4208,3.53857,0.381535,0.0774275,0.0742918
4209,3.53857,0.381535,0.0774275,0.0742918
4210,3.53033,0.396988,0.078415,0.0825584
4211,3.5749,0.431604,0.0860081,0.0813252
4212,3.52167,0.383955,0.0764134,0.0807008
4213,3.52167,0.383955,0.0764134,0.0807008
4214,3.54627,0.415473,0.0827467,0.0825693
4215,3.51916,0.385631,0.0779138,0.0824044
4216,3.51208,0.389294,0.0762105,0.087234
4217,3.52455,0.386079,0.0784102,0.0817389
4218,3.48974,0.350358,0.0707952,0.0797545
4219,3.49741,0.372213,0.0752414,0.089673
4220,3.49046,0.362176,0.0725848,0.0849427
4221,3.45699,0.3397,0.069183,0.088373
4222,3.45699,0.3397,0.069183,0.088373
4223,3.45584,0.33593,0.0671016,0.0864443
4224,3.4313,0.309349,0.0633314,0.081313
4225,3.38148,0.277301,0.0556979,0.0809291
4226,3.39756,0.286276,0.0581493,0.0792317
4227,3.39756,0.286276,0.0581493,0.0792317
4228,3.37802,0.261973,0.0530629,0.0724207
4229,3.37802,0.261973,0.0530629,0.0724207
4230,3.39341,0.274576,0.0557923,0.0755638
4231,3.336,0.243879,0.0499057,0.0759434
4232,3.336,0.243879,0.0499057,0.0759434
4233,3.34077,0.251822,0.0516985,0.0772098
4234,3.3783,0.286529,0.0578566,0.0868483
4235,3.3783,0.286529,0.0578566,0.0868483
4236,3.37471,0.27459,0.0552942,0.0798454
4237,3.37471,0.27459,0.0552942,0.0798454
4238,3.37471,0.27459,0.0552942,0.0798454
4239,3.38283,0.279459,0.0577922,0.0811946
4240,3.38283,0.279459,0.0577922,0.0811946
4241,3.38883,0.276998,0.0559897,0.0782059
4242,3.41146,0.297337,0.0607792,0.082059
4243,3.43089,0.319292,0.0634288,0.0879366
4244,3.47474,0.36042,0.0713058,0.0931142
4245,3.42008,0.306675,0.0612265,0.0836925
4246,3.42008,0.306675,0.0612265,0.0836925
4247,3.42008,0.306675,0.0612265,0.0836925
4248,3.42008,0.306675,0.0612265,0.0836925
4249,3.42008,0.306675,0.0612265,0.0836925
4250,3.42008,0.306675,0.0612265,0.0836925
4251,3.48748,0.387111,0.0777134,0.0989947
4252,3.50414,0.398556,0.0784147,0.0989734
4253,3.50414,0.398556,0.0784147,0.0989734
4254,3.50414,0.398556,0.0784147,0.0989734
4255,3.48718,0.384315,0.0752406,0.0983547
4256,3.51314,0.415002,0.0818119,0.101513
4257,3.49624,0.400786,0.0806738,0.105377
4258,3.51173,0.412179,0.0817197,0.100902
4259,3.5403,0.434518,0.083049,0.100151
4260,3.53644,0.450008,0.087242,0.109705
4261,3.56458,0.479982,0.0936069,0.105435
4262,3.56458,0.479982,0.0936069,0.105435
4263,3.56458,0.479982,0.0936069,0.105435
4264,3.53282,0.438142,0.0832285,0.104143
4265,3.5268,0.436486,0.0837633,0.107719
4266,3.51519,0.401277,0.0776277,0.0981737
4267,3.51519,0.401277,0.0776277,0.0981737
4268,3.50125,0.399826,0.0775777,0.100047
4269,3.51532,0.412092,0.0810385,0.0999779
4270,3.48449,0.381638,0.0745425,0.10168
4271,3.50496,0.385466,0.0774233,0.0932046
4272,3.54164,0.413733,0.0818385,0.0926543
4273,3.52143,0.381679,0.0756435,0.0808021
4274,3.54983,0.415959,0.0838742,0.0866447
4275,3.54983,0.415959,0.0838742,0.0866447
4276,3.51791,0.380645,0.0762858,0.0809996
4277,3.5215,0.378018,0.0770389,0.0784782
4278,3.5215,0.378018,0.0770389,0.0784782
4279,3.49474,0.370712,0.0733932,0.0876971
4280,3.53045,0.395508,0.0793469,0.0874229
4281,3.51561,0.39197,0.0766912,0.092419
4282,3.52069,0.385923,0.0767039,0.0849995
4283,3.52675,0.397429,0.077776,0.0857815
4284,3.56209,0.441191,0.0863593,0.0957621
4285,3.52731,0.414173,0.0816472,0.0980353
4286,3.55519,0.437116,0.0872488,0.0944627
4287,3.50446,0.384551,0.0765426,0.087922
4288,3.50576,0.398195,0.0779875,0.0996859
4289,3.49172,0.378753,0.0759619,0.0965589
4290,3.47954,0.369171,0.0752317,0.100019
4291,3.47954,0.369171,0.0752317,0.100019
4292,3.47998,0.357966,0.0717136,0.0902877
4293,3.4958,0.375451,0.075339,0.0923568
4294,3.4958,0.375451,0.075339,0.0923568
4295,3.49417,0.374363,0.0747818,0.0919664
4296,3.47383,0.364332,0.0732807,0.090848
4297,3.47383,0.364332,0.0732807,0.090848
4298,3.50222,0.369653,0.0752645,0.0864418
4299,3.50335,0.374788,0.0745709,0.0888448
4300,3.50335,0.374788,0.0745709,0.0888448
4301,3.50335,0.374788,0.0745709,0.0888448
4302,3.50335,0.374788,0.0745709,0.0888448
4303,3.5115,0.389843,0.0776244,0.0895534
4304,3.51552,0.395169,0.0781922,0.0911402
4305,3.51552,0.395169,0.0781922,0.0911402
4306,3.5239,0.386603,0.0763871,0.0813881
4307,3.45789,0.324576,0.0658592,0.0759143
4308,3.46187,0.333663,0.0670235,0.0812494
4309,3.46187,0.333663,0.0670235,0.0812494
4310,3.46187,0.333663,0.0670235,0.0812494
4311,3.45026,0.323153,0.0664296,0.0790415
4312,3.46465,0.328392,0.0674945,0.0740507
4313,3.46465,0.328392,0.0674945,0.0740507
4314,3.46811,0.327737,0.0664671,0.073387
4315,3.4821,0.350144,0.0684676,0.0800584
4316,3.4821,0.350144,0.0684676,0.0800584
4317,3.43098,0.309829,0.0629143,0.0798362
4318,3.43098,0.309829,0.0629143,0.0798362
4319,3.45042,0.330201,0.0657722,0.0846397
4320,3.45042,0.330201,0.0657722,0.0846397
4321,3.45042,0.330201,0.0657722,0.0846397
4322,3.4355,0.32989,0.0652213,0.0926138
4323,3.4355,0.32989,0.0652213,0.0926138
4324,3.4355,0.32989,0.0652213,0.0926138
4325,3.4355,0.32989,0.0652213,0.0926138
4326,3.46638,0.35446,0.0704428,0.0936059
4327,3.46638,0.35446,0.0704428,0.0936059
4328,3.45198,0.334869,0.0697697,0.0877647
4329,3.4603,0.342315,0.0700594,0.0874249
4330,3.4603,0.342315,0.0700594,0.0874249
4331,3.46458,0.347178,0.0707487,0.0911624
4332,3.44494,0.322924,0.0668259,0.0844585
4333,3.45316,0.327246,0.0659941,0.0842419
4334,3.47623,0.354187,0.0711475,0.087488
4335,3.4449,0.329318,0.0659986,0.0823354
4336,3.45955,0.341487,0.0680047,0.0820184
4337,3.45955,0.341487,0.0680047,0.0820184
4338,3.47921,0.354986,0.0721316,0.0832638
4339,3.44034,0.327732,0.0663202,0.0842702
4340,3.44748,0.328376,0.0660022,0.0831797
4341,3.46529,0.343767,0.0701168,0.0858812
4342,3.44366,0.328682,0.0654887,0.0876471
4343,3.45776,0.35004,0.0699521,0.0946677
4344,3.43973,0.336159,0.0654644,0.0946819
4345,3.43211,0.324907,0.0656145,0.0886959
4346,3.43211,0.324907,0.0656145,0.0886959
4347,3.43211,0.324907,0.0656145,0.0886959
4348,3.45257,0.325566,0.0644495,0.0814416
4349,3.45294,0.341081,0.0679313,0.0910114
4350,3.45294,0.341081,0.0679313,0.0910114
4351,3.47288,0.351671,0.0717161,0.0894798
4352,3.49776,0.365408,0.0741122,0.0892554
4353,3.48167,0.355717,0.0708337,0.088632
4354,3.55055,0.405817,0.0811023,0.0812602
4355,3.52352,0.382496,0.0766463,0.0815778
4356,3.49453,0.359227,0.0717649,0.0796383
4357,3.52534,0.375669,0.0745171,0.075232
4358,3.52334,0.38079,0.0772249,0.0793425
4359,3.55735,0.415854,0.0827509,0.082494
4360,3.55735,0.415854,0.0827509,0.082494
4361,3.52861,0.398418,0.0791453,0.0871383
4362,3.52861,0.398418,0.0791453,0.0871383
4363,3.52634,0.409138,0.0795346,0.0855998
4364,3.52634,0.409138,0.0795346,0.0855998
4365,3.52634,0.409138,0.0795346,0.0855998
4366,3.54083,0.408246,0.0812826,0.0831667
4367,3.55053,0.430214,0.0840994,0.0830407
4368,3.53892,0.402803,0.0798387,0.0794733
4369,3.59245,0.454896,0.089973,0.0761976
4370,3.59756,0.453962,0.0892458,0.0756459
4371,3.56098,0.396577,0.0794401,0.0716038
4372,3.58122,0.418333,0.0845383,0.0746131
4373,3.53029,0.387896,0.0778497,0.0803842
4374,3.53029,0.387896,0.0778497,0.0803842
4375,3.55065,0.412083,0.0821096,0.082536
4376,3.52333,0.378497,0.0768378,0.0792565
4377,3.52333,0.378497,0.0768378,0.0792565
4378,3.52333,0.378497,0.0768378,0.0792565
4379,3.51921,0.370808,0.0750577,0.0753377
4380,3.50662,0.357202,0.0716863,0.0779097
4381,3.50662,0.357202,0.0716863,0.0779097
4382,3.56745,0.415512,0.0838141,0.080452
4383,3.53211,0.379588,0.0755201,0.0761822
4384,3.56834,0.418466,0.0834311,0.0795763
4385,3.56588,0.417411,0.0832469,0.0804281
4386,3.54745,0.421279,0.081256,0.0908831
4387,3.54745,0.421279,0.081256,0.0908831
4388,3.54194,0.409609,0.0797786,0.0877372
4389,3.56603,0.440416,0.0857799,0.0911317
4390,3.54487,0.416458,0.0812305,0.0874797
4391,3.53437,0.427974,0.084714,0.0948046
4392,3.50979,0.37567,0.0752264,0.0841503
4393,3.50979,0.37567,0.0752264,0.0841503
4394,3.49976,0.382994,0.0759056,0.0915863
4395,3.51919,0.408178,0.0814377,0.0968347
4396,3.48474,0.370924,0.0714364,0.0949303
4397,3.48474,0.370924,0.0714364,0.0949303
4398,3.51057,0.393332,0.0773042,0.0945531
4399,3.50267,0.389918,0.0771478,0.0955922
4400,3.51937,0.395818,0.079544,0.0911502
4401,3.51218,0.396182,0.0798164,0.0922678
4402,3.49944,0.391689,0.0770063,0.0929678
4403,3.49873,0.392351,0.0778785,0.0967493
4404,3.49873,0.392351,0.0778785,0.0967493
4405,3.50858,0.386109,0.0797961,0.0890078
4406,3.52175,0.398753,0.0789861,0.0908962
4407,3.52175,0.398753,0.0789861,0.0908962
4408,3.49228,0.368988,0.0725632,0.0889568
4409,3.53534,0.425823,0.0828209,0.100445
4410,3.5169,0.391905,0.0786704,0.0920139
4411,3.5169,0.391905,0.0786704,0.0920139
4412,3.5169,0.391905,0.0786704,0.0920139
4413,3.53952,0.421302,0.0829245,0.0955791
4414,3.54631,0.429685,0.0837169,0.0966699
4415,3.55071,0.418087,0.083148,0.0868462
4416,3.53338,0.406786,0.0822951,0.0885479
4417,3.5364,0.391563,0.0780251,0.0785554
4418,3.5633,0.404479,0.0815005,0.0734134
4419,3.53331,0.388847,0.0795351,0.0786047
4420,3.50757,0.374739,0.0756902,0.0848708
4421,3.51586,0.370923,0.0732374,0.0772948
4422,3.51689,0.357409,0.0705416,0.0673391
4423,3.56562,0.381764,0.0770231,0.0580257
4424,3.53426,0.354819,0.0699791,0.0582379
4425,3.55498,0.380186,0.0784822,0.0634363
4426,3.55498,0.380186,0.0784822,0.0634363
4427,3.53397,0.35976,0.0732704,0.0622057
4428,3.5415,0.381344,0.0778192,0.0701061
4429,3.53902,0.385827,0.0774017,0.0708459
4430,3.53336,0.37685,0.0755861,0.0715233
4431,3.55734,0.410702,0.0835203,0.0771082
4432,3.57613,0.433399,0.0873963,0.0757459
4433,3.57613,0.433399,0.0873963,0.0757459
4434,3.57613,0.433399,0.0873963,0.0757459
4435,3.60654,0.459425,0.0902192,0.0750058
4436,3.60654,0.459425,0.0902192,0.0750058
4437,3.60654,0.459425,0.0902192,0.0750058
4438,3.61471,0.470437,0.0925217,0.0801535
4439,3.62984,0.482682,0.0952366,0.0784118
4440,3.6277,0.487096,0.0939624,0.0827166
4441,3.60937,0.467689,0.0905663,0.082679
4442,3.62796,0.490003,0.0962521,0.0840591
4443,3.62796,0.490003,0.0962521,0.0840591
4444,3.62796,0.490003,0.0962521,0.0840591
4445,3.62796,0.490003,0.0962521,0.0840591
4446,3.64213,0.507672,0.100548,0.086362
4447,3.60558,0.449912,0.0897614,0.0740474
4448,3.64818,0.493166,0.0967631,0.0738872
4449,3.63629,0.499825,0.0975881,0.083723
4450,3.63629,0.499825,0.0975881,0.083723
4451,3.62908,0.501757,0.0979602,0.0879183
4452,3.63827,0.520769,0.103825,0.0897896
4453,3.63827,0.520769,0.103825,0.0897896
4454,3.67071,0.562975,0.111194,0.0938711
4455,3.64685,0.529936,0.10384,0.0911133
4456,3.64685,0.529936,0.10384,0.0911133
4457,3.61215,0.498857,0.0979923,0.0959979
4458,3.61215,0.498857,0.0979923,0.0959979
4459,3.6121,0.514691,0.100653,0.101451
4460,3.6121,0.514691,0.100653,0.101451
4461,3.60992,0.475465,0.0946001,0.0866651
4462,3.59336,0.455731,0.0903066,0.0854551
4463,3.61208,0.483859,0.0955822,0.0889122
4464,3.61868,0.493025,0.0965307,0.0900653
4465,3.63485,0.51718,0.0996875,0.0929787
4466,3.64664,0.558403,0.112813,0.105696
4467,3.62658,0.522819,0.101771,0.0942677
4468,3.64384,0.526816,0.0999244,0.0939784
4469,3.63175,0.513104,0.0984259,0.0932637
4470,3.63416,0.501659,0.098777,0.0871757
4471,3.65585,0.523776,0.10192,0.0871416
4472,3.60371,0.470328,0.0930372,0.087941
4473,3.61918,0.489227,0.0955166,0.0860764
4474,3.66138,0.521418,0.102707,0.0811692
4475,3.65712,0.497251,0.0987666,0.0727387
4476,3.6645,0.49494,0.0965289,0.0681748
4477,3.66551,0.51988,0.100587,0.0798252
4478,3.68752,0.546878,0.106462,0.0820843
4479,3.68415,0.537758,0.106081,0.0788056
4480,3.67907,0.537084,0.105825,0.07974
4481,3.67907,0.537084,0.105825,0.07974
4482,3.64574,0.522857,0.104123,0.0841119
4483,3.66452,0.542155,0.10457,0.0868516
4484,3.67209,0.532916,0.105835,0.081764
4485,3.69907,0.554287,0.108977,0.0757762
4486,3.65422,0.489129,0.0963222,0.0718748
4487,3.66114,0.50908,0.103491,0.0753773
4488,3.67606,0.526723,0.105415,0.075676
4489,3.70735,0.558364,0.109485,0.0754531
4490,3.70735,0.558364,0.109485,0.0754531
4491,3.70735,0.558364,0.109485,0.0754531
4492,3.7095,0.562107,0.110243,0.0738157
4493,3.7095,0.562107,0.110243,0.0738157
4494,3.68567,0.54126,0.107224,0.0781156
4495,3.68567,0.54126,0.107224,0.0781156
4496,3.73007,0.621184,0.120659,0.0850351
4497,3.74252,0.625919,0.123368,0.0852626
4498,3.78935,0.688105,0.131449,0.0833272
4499,3.79111,0.694803,0.134126,0.0851111
4500,3.81041,0.738671,0.142124,0.0901698
4501,3.81041,0.738671,0.142124,0.0901698
4502,3.81041,0.738671,0.142124,0.0901698
4503,3.73926,0.624526,0.120971,0.085009
4504,3.75036,0.629457,0.122323,0.0830265
4505,3.69861,0.564419,0.10944,0.081965
4506,3.73854,0.605913,0.11858,0.0782349
4507,3.66262,0.528,0.101824,0.0841974
4508,3.65305,0.495519,0.0978044,0.0739621
4509,3.67723,0.527437,0.101778,0.0751582
4510,3.68378,0.527876,0.101875,0.0721366
4511,3.65454,0.500332,0.0994466,0.0734016
4512,3.64735,0.507184,0.0989209,0.0751174
4513,3.6327,0.491441,0.0959396,0.0762186
4514,3.6327,0.491441,0.0959396,0.0762186
4515,3.62857,0.509009,0.0999298,0.0792749
4516,3.63606,0.511703,0.0974593,0.0817271
4517,3.61858,0.473971,0.0937655,0.080578
4518,3.6144,0.440231,0.0888368,0.0645838
4519,3.64013,0.499951,0.0979715,0.0807748
4520,3.58915,0.440971,0.0872891,0.0761978
4521,3.59424,0.456828,0.0899136,0.0820276
4522,3.61717,0.501634,0.0978852,0.0852605
4523,3.58033,0.4654,0.0901884,0.0898342
4524,3.6327,0.527715,0.101764,0.0929113
4525,3.6327,0.527715,0.101764,0.0929113
4526,3.6327,0.527715,0.101764,0.0929113
4527,3.6327,0.527715,0.101764,0.0929113
4528,3.53372,0.417772,0.081765,0.084772
4529,3.57014,0.432228,0.0864719,0.0838658
4530,3.5632,0.431347,0.0841324,0.0885465
4531,3.5632,0.431347,0.0841324,0.0885465
4532,3.5632,0.431347,0.0841324,0.0885465
4533,3.55876,0.421607,0.0852598,0.0826591
4534,3.57217,0.458356,0.0908073,0.093208
4535,3.58695,0.481744,0.0935345,0.0947926
4536,3.60882,0.500554,0.0980834,0.0948788
4537,3.61328,0.498829,0.0975894,0.0952417
4538,3.60732,0.496941,0.0968462,0.0980135
4539,3.6408,0.530448,0.102907,0.096279
4540,3.60193,0.484892,0.0956794,0.0938679
4541,3.60193,0.484892,0.0956794,0.0938679
4542,3.59529,0.478599,0.0944889,0.0910411
4543,3.58647,0.464764,0.0921219,0.0859681
4544,3.55166,0.420058,0.0827499,0.0827307
4545,3.54535,0.419954,0.0818276,0.0832465
4546,3.53103,0.415886,0.0834795,0.0856837
4547,3.51636,0.387941,0.0781463,0.0878466
4548,3.52946,0.402222,0.0799131,0.0901739
4549,3.553,0.439584,0.0863913,0.0975676
4550,3.53473,0.428375,0.0825807,0.101786
4551,3.5346,0.436363,0.0833932,0.104357
4552,3.5346,0.436363,0.0833932,0.104357
4553,3.5346,0.436363,0.0833932,0.104357
4554,3.55348,0.449734,0.0857521,0.0988682
4555,3.57207,0.465694,0.0900022,0.100066
4556,3.57207,0.465694,0.0900022,0.100066
4557,3.49864,0.39664,0.0769426,0.101408
4558,3.49864,0.39664,0.0769426,0.101408
4559,3.49864,0.39664,0.0769426,0.101408
4560,3.51222,0.40349,0.0800502,0.100438
4561,3.49379,0.371642,0.0739389,0.0898619
4562,3.49658,0.386662,0.0769363,0.0972856
4563,3.51431,0.390897,0.0778333,0.0910708
4564,3.51431,0.390897,0.0778333,0.0910708
4565,3.51432,0.397542,0.0790767,0.0958045
4566,3.50363,0.390492,0.077657,0.0975767
4567,3.52104,0.399451,0.0806148,0.0932398
4568,3.51955,0.396917,0.0797938,0.0910531
4569,3.46218,0.349595,0.0693249,0.0908882
4570,3.46218,0.349595,0.0693249,0.0908882
4571,3.46218,0.349595,0.0693249,0.0908882
4572,3.46218,0.349595,0.0693249,0.0908882
4573,3.47567,0.350319,0.0702696,0.0848265
4574,3.46666,0.342645,0.0688196,0.0847531
4575,3.5163,0.380385,0.0753468,0.0831677
4576,3.5163,0.380385,0.0753468,0.0831677
4577,3.5163,0.380385,0.0753468,0.0831677
4578,3.54223,0.41345,0.0830274,0.0878388
4579,3.52981,0.394825,0.0785792,0.0861465
4580,3.55397,0.423936,0.0825466,0.0895915
4581,3.55397,0.423936,0.0825466,0.0895915
4582,3.55397,0.423936,0.0825466,0.0895915
4583,3.54002,0.405246,0.0840231,0.0860878
4584,3.52546,0.407601,0.0801938,0.0948787
4585,3.51448,0.395973,0.0789514,0.0941203
4586,3.50825,0.389838,0.0778204,0.0929394
4587,3.50825,0.389838,0.0778204,0.0929394
4588,3.50825,0.389838,0.0778204,0.0929394
4589,3.48389,0.369498,0.0739404,0.0901202
4590,3.52195,0.408518,0.0827502,0.0942363
4591,3.52195,0.408518,0.0827502,0.0942363
4592,3.53475,0.425043,0.0828238,0.0939139
4593,3.55305,0.433977,0.0873775,0.0912067
4594,3.54748,0.41488,0.0839227,0.0838085
4595,3.56726,0.413659,0.0846233,0.076304
4596,3.52005,0.384761,0.0757764,0.0827347
4597,3.51088,0.396833,0.0782676,0.0870916
4598,3.51088,0.396833,0.0782676,0.0870916
4599,3.51088,0.396833,0.0782676,0.0870916
4600,3.53551,0.42884,0.0836075,0.0901713
4601,3.52392,0.413722,0.0806361,0.0887066
4602,3.52392,0.413722,0.0806361,0.0887066
4603,3.50878,0.403926,0.0792482,0.0905265
4604,3.50878,0.403926,0.0792482,0.0905265
4605,3.5462,0.451664,0.087928,0.0962588
4606,3.49955,0.411582,0.0811824,0.0939476
4607,3.49955,0.411582,0.0811824,0.0939476
4608,3.49955,0.411582,0.0811824,0.0939476
4609,3.50521,0.422294,0.0834595,0.0949288
4610,3.51377,0.410826,0.0810885,0.0887162
4611,3.48342,0.399728,0.0773846,0.0931259
4612,3.48342,0.399728,0.0773846,0.0931259
4613,3.48452,0.371427,0.0740243,0.087844
4614,3.48377,0.382703,0.0767592,0.09666
4615,3.48377,0.382703,0.0767592,0.09666
4616,3.49436,0.378132,0.0758584,0.089418
4617,3.49436,0.378132,0.0758584,0.089418
4618,3.4947,0.391986,0.0765312,0.0983443
4619,3.4947,0.391986,0.0765312,0.0983443
4620,3.48963,0.389478,0.0767035,0.095008
4621,3.50289,0.410678,0.0793643,0.0986419
4622,3.52739,0.439916,0.0851216,0.10263
4623,3.52739,0.439916,0.0851216,0.10263
4624,3.48791,0.39741,0.076719,0.103068
4625,3.47179,0.384822,0.0741412,0.103341
4626,3.45765,0.379856,0.075232,0.107769
4627,3.45765,0.379856,0.075232,0.107769
4628,3.45765,0.379856,0.075232,0.107769
4629,3.45765,0.379856,0.075232,0.107769
4630,3.47759,0.388559,0.0772024,0.10707
4631,3.47759,0.388559,0.0772024,0.10707
4632,3.48792,0.394716,0.0772125,0.101491
4633,3.49081,0.393114,0.0797036,0.101766
4634,3.50201,0.398135,0.0786177,0.10261
4635,3.50201,0.398135,0.0786177,0.10261
4636,3.50201,0.398135,0.0786177,0.10261
4637,3.50201,0.398135,0.0786177,0.10261
4638,3.49183,0.38126,0.0748632,0.0989101
4639,3.49183,0.38126,0.0748632,0.0989101
4640,3.4948,0.374782,0.074358,0.0923224
4641,3.52205,0.391497,0.0769394,0.0873532
4642,3.52205,0.391497,0.0769394,0.0873532
4643,3.52205,0.391497,0.0769394,0.0873532
4644,3.52205,0.391497,0.0769394,0.0873532
4645,3.52205,0.391497,0.0769394,0.0873532
4646,3.52205,0.391497,0.0769394,0.0873532
4647,3.54642,0.405884,0.0817707,0.0824472
4648,3.54642,0.405884,0.0817707,0.0824472
4649,3.51856,0.388995,0.0777409,0.0842391
4650,3.56536,0.433754,0.084037,0.0885376
4651,3.56873,0.437313,0.0857576,0.0881525
4652,3.56873,0.437313,0.0857576,0.0881525
4653,3.53517,0.388371,0.0767025,0.0774397
4654,3.56255,0.421054,0.08504,0.0841056
4655,3.58141,0.451507,0.0901457,0.0899344
4656,3.58141,0.451507,0.0901457,0.0899344
4657,3.57986,0.442115,0.0889512,0.0854383
4658,3.58653,0.462941,0.0918779,0.0913089
4659,3.58097,0.451452,0.0879797,0.0911373
4660,3.58097,0.451452,0.0879797,0.0911373
4661,3.58097,0.451452,0.0879797,0.0911373
4662,3.59805,0.480008,0.0940297,0.091432
4663,3.57863,0.437672,0.0874022,0.0828596
4664,3.56183,0.422518,0.0827131,0.081553
4665,3.59248,0.452203,0.0869166,0.0802788
4666,3.56561,0.440503,0.0854672,0.0851416
4667,3.57174,0.446533,0.0846699,0.0836806
4668,3.55359,0.433893,0.0868796,0.0858319
4669,3.53891,0.424727,0.0821606,0.0901274
4670,3.55913,0.441259,0.0854383,0.0905208
4671,3.53169,0.424589,0.0820742,0.09337
4672,3.53169,0.424589,0.0820742,0.09337
4673,3.5424,0.435235,0.0843723,0.0985759
4674,3.54984,0.436568,0.0876673,0.097266
4675,3.48963,0.376971,0.0755639,0.0964958
4676,3.49077,0.377821,0.0751343,0.0942168
4677,3.49077,0.377821,0.0751343,0.0942168
4678,3.46612,0.362323,0.0726777,0.0943295
4679,3.46612,0.362323,0.0726777,0.0943295
4680,3.52456,0.418322,0.0841597,0.0981314
4681,3.50432,0.391855,0.0782058,0.0976591
4682,3.4914,0.394923,0.0776043,0.105807
4683,3.48589,0.383908,0.0753316,0.103147
4684,3.48589,0.383908,0.0753316,0.103147
4685,3.53007,0.417068,0.0850636,0.0996802
4686,3.5508,0.437783,0.0871138,0.101294
4687,3.53247,0.40605,0.0794888,0.0933514
4688,3.56134,0.433164,0.083725,0.090887
4689,3.53504,0.419107,0.0810054,0.0963946
4690,3.56814,0.461609,0.0906683,0.10006
4691,3.56396,0.451562,0.0896738,0.0982959
4692,3.56396,0.451562,0.0896738,0.0982959
4693,3.53576,0.411649,0.0826538,0.0938147
4694,3.54674,0.408202,0.0811278,0.0857069
4695,3.4994,0.389826,0.0773709,0.0947898
4696,3.4994,0.389826,0.0773709,0.0947898
4697,3.5214,0.411886,0.0809331,0.0931049
4698,3.50968,0.390741,0.0764675,0.0910452
4699,3.52672,0.412334,0.0825404,0.09527
4700,3.54486,0.409062,0.0806646,0.0864076
4701,3.5289,0.415353,0.0829877,0.0935303
4702,3.53184,0.418211,0.0837043,0.0909364
4703,3.53774,0.405827,0.0815946,0.083575
4704,3.54476,0.390687,0.0786613,0.077764
4705,3.54933,0.385025,0.0766543,0.0705855
4706,3.57716,0.43001,0.0851132,0.0809157
4707,3.57495,0.429048,0.0857755,0.0804983
4708,3.57495,0.429048,0.0857755,0.0804983
4709,3.55589,0.414455,0.0814423,0.0853649
4710,3.54871,0.400724,0.080393,0.0825353
4711,3.57715,0.432231,0.0858174,0.0855349
4712,3.55168,0.415446,0.0833168,0.0865976
4713,3.55168,0.415446,0.0833168,0.0865976
4714,3.55808,0.404451,0.0808556,0.0774996
4715,3.57129,0.414111,0.0825505,0.075854
4716,3.57923,0.437932,0.0860974,0.0841717
4717,3.56998,0.436518,0.0852693,0.0880761
4718,3.58574,0.449616,0.0879734,0.0854244
4719,3.60985,0.469203,0.0912878,0.0852687
4720,3.6433,0.521662,0.102422,0.0931847
4721,3.63659,0.508311,0.0980109,0.0909863
4722,3.6817,0.569526,0.111385,0.0906739
4723,3.66751,0.520376,0.101972,0.0792337
4724,3.69688,0.566814,0.110491,0.0866558
4725,3.68787,0.547695,0.107299,0.081011
4726,3.68787,0.547695,0.107299,0.081011
4727,3.69236,0.555733,0.107473,0.0782269
4728,3.68297,0.54466,0.107895,0.0819184
4729,3.67943,0.532596,0.104897,0.0788937
4730,3.70464,0.568902,0.108795,0.0811423
4731,3.70464,0.568902,0.108795,0.0811423
4732,3.69593,0.562147,0.111294,0.082413
4733,3.73527,0.606857,0.121447,0.0808826
4734,3.73527,0.606857,0.121447,0.0808826
4735,3.74578,0.614234,0.118875,0.0797582
4736,3.7387,0.619019,0.121173,0.0863163
4737,3.71366,0.582118,0.112174,0.0819729
4738,3.73654,0.630341,0.11775,0.0881616
4739,3.73435,0.610531,0.117977,0.0838741
4740,3.70795,0.553825,0.106207,0.0740486
4741,3.68978,0.551914,0.105404,0.0796465
4742,3.68978,0.551914,0.105404,0.0796465
4743,3.68978,0.551914,0.105404,0.0796465
4744,3.69037,0.547366,0.104781,0.0791648
4745,3.69621,0.551344,0.110879,0.0765064
4746,3.64765,0.487828,0.094847,0.0734921
4747,3.64765,0.487828,0.094847,0.0734921
4748,3.65475,0.507233,0.101592,0.076883
4749,3.65995,0.501176,0.0994149,0.0739384
4750,3.63842,0.48865,0.0967349,0.0788996
4751,3.65444,0.534738,0.106606,0.0915784
4752,3.7076,0.586681,0.117282,0.0876711
4753,3.7076,0.586681,0.117282,0.0876711
4754,3.7076,0.586681,0.117282,0.0876711
4755,3.70625,0.60008,0.118265,0.0939097
4756,3.70625,0.60008,0.118265,0.0939097
4757,3.72102,0.603685,0.116785,0.0861231
4758,3.70987,0.587322,0.113878,0.0831817
4759,3.70126,0.578547,0.114283,0.0869432
4760,3.71922,0.584876,0.114262,0.078634
4761,3.74279,0.635391,0.120199,0.0825784
4762,3.7329,0.611266,0.121629,0.0811718
4763,3.7329,0.611266,0.121629,0.0811718
4764,3.75411,0.621159,0.122333,0.0750276
4765,3.72047,0.576448,0.112237,0.0763287
4766,3.72047,0.576448,0.112237,0.0763287
4767,3.71981,0.581057,0.112404,0.0769072
4768,3.73772,0.582031,0.115382,0.0697792
4769,3.77289,0.634757,0.124722,0.0740409
4770,3.7755,0.667478,0.129068,0.0840775
4771,3.76256,0.629082,0.119948,0.0752656
4772,3.78056,0.660023,0.127492,0.0780956
4773,3.76332,0.624362,0.119899,0.0734861
4774,3.76332,0.624362,0.119899,0.0734861
4775,3.76332,0.624362,0.119899,0.0734861
4776,3.76332,0.624362,0.119899,0.0734861
4777,3.72111,0.570036,0.109,0.0763412
4778,3.73917,0.6021,0.117226,0.0787059
4779,3.73021,0.586246,0.116606,0.0776194
4780,3.74355,0.615158,0.122041,0.0815508
4781,3.74355,0.615158,0.122041,0.0815508
4782,3.73824,0.616099,0.120698,0.0817372
4783,3.71848,0.584467,0.11568,0.0796794
4784,3.71846,0.574631,0.113256,0.077601
4785,3.71846,0.574631,0.113256,0.077601
4786,3.72732,0.617633,0.118927,0.0895571
4787,3.72732,0.617633,0.118927,0.0895571
4788,3.73366,0.622544,0.120859,0.0888794
4789,3.72003,0.597375,0.116256,0.0855391
4790,3.72003,0.597375,0.116256,0.0855391
4791,3.72969,0.584101,0.115292,0.0767566
4792,3.72969,0.584101,0.115292,0.0767566
4793,3.72969,0.584101,0.115292,0.0767566
4794,3.70963,0.562337,0.109811,0.0762069
4795,3.78213,0.668354,0.127551,0.0818991
4796,3.74197,0.615486,0.116336,0.0822178
4797,3.7435,0.631439,0.122257,0.0862293
4798,3.78624,0.693337,0.133683,0.0871322
4799,3.77957,0.694579,0.133573,0.0897944
4800,3.72951,0.620548,0.12319,0.0871037
4801,3.72861,0.628796,0.123705,0.0901609
4802,3.72861,0.628796,0.123705,0.0901609
4803,3.73089,0.636541,0.122418,0.0912598
4804,3.72738,0.645938,0.122273,0.0922045
4805,3.73607,0.635332,0.122342,0.0888803
4806,3.75034,0.660637,0.125392,0.0903802
4807,3.75034,0.660637,0.125392,0.0903802
4808,3.74092,0.655153,0.127873,0.0986993
4809,3.74092,0.655153,0.127873,0.0986993
4810,3.74092,0.655153,0.127873,0.0986993
4811,3.73879,0.63631,0.122076,0.0906704
4812,3.77151,0.658675,0.124554,0.0816248
4813,3.76323,0.641023,0.124592,0.0792361
4814,3.76323,0.641023,0.124592,0.0792361
4815,3.74552,0.596739,0.113937,0.0702677
4816,3.74552,0.596739,0.113937,0.0702677
4817,3.74552,0.596739,0.113937,0.0702677
4818,3.75418,0.608973,0.117593,0.0667941
4819,3.78296,0.699732,0.13491,0.0830568
4820,3.73947,0.640859,0.123345,0.0868546
4821,3.74483,0.644635,0.126173,0.083619
4822,3.75828,0.645901,0.124424,0.0803501
4823,3.77031,0.685364,0.130359,0.0882899
4824,3.77031,0.685364,0.130359,0.0882899
4825,3.73818,0.634086,0.119849,0.0861822
4826,3.73818,0.634086,0.119849,0.0861822
4827,3.72977,0.619128,0.120871,0.0848372
4828,3.72977,0.619128,0.120871,0.0848372
4829,3.71345,0.608287,0.115832,0.0878547
4830,3.69288,0.576691,0.111727,0.0878273
4831,3.69288,0.576691,0.111727,0.0878273
4832,3.73115,0.654731,0.125159,0.0962919
4833,3.68172,0.565346,0.112106,0.0897031
4834,3.64852,0.526293,0.10208,0.0899739
4835,3.63638,0.513163,0.100371,0.0890963
4836,3.63236,0.487785,0.0981698,0.0806024
4837,3.63236,0.487785,0.0981698,0.0806024
4838,3.63236,0.487785,0.0981698,0.0806024
4839,3.63667,0.488732,0.0968259,0.0739861
4840,3.63667,0.488732,0.0968259,0.0739861
4841,3.63667,0.488732,0.0968259,0.0739861
4842,3.64892,0.493423,0.0964365,0.072244
4843,3.65429,0.486726,0.0957535,0.0680345
4844,3.64544,0.476094,0.094698,0.0674604
4845,3.64534,0.483927,0.096327,0.0721796
4846,3.63261,0.464726,0.0930363,0.068479
4847,3.63012,0.463846,0.0922978,0.0699594
4848,3.59228,0.418773,0.0829238,0.0655509
4849,3.60364,0.435733,0.0881843,0.0684745
4850,3.60052,0.430445,0.0856159,0.0692613
4851,3.56722,0.40572,0.0806851,0.07149
4852,3.60861,0.459743,0.0880492,0.0768811
4853,3.59978,0.449271,0.0897666,0.0780095
4854,3.59978,0.449271,0.0897666,0.0780095
4855,3.61395,0.475897,0.0924162,0.0838352
4856,3.61527,0.47425,0.0926715,0.0816272
4857,3.61527,0.47425,0.0926715,0.0816272
4858,3.60702,0.453337,0.0881473,0.0763893
4859,3.61725,0.464249,0.0917397,0.079927
4860,3.6497,0.4891,0.0976156,0.0740735
4861,3.58704,0.436875,0.08527,0.0784076
4862,3.65508,0.536775,0.105348,0.0920621
4863,3.62529,0.493303,0.0964539,0.0895933
4864,3.64339,0.522464,0.101149,0.0915857
4865,3.64339,0.522464,0.101149,0.0915857
4866,3.64698,0.519482,0.101964,0.0885266
4867,3.64698,0.519482,0.101964,0.0885266
4868,3.61702,0.478153,0.0944167,0.0808447
4869,3.62573,0.504591,0.0960213,0.0842293
4870,3.59377,0.482808,0.0959496,0.0884168
4871,3.56736,0.433596,0.0865097,0.0796922
4872,3.56736,0.433596,0.0865097,0.0796922
4873,3.60679,0.473969,0.0947172,0.0833675
4874,3.60679,0.473969,0.0947172,0.0833675
4875,3.59989,0.46463,0.0917631,0.0828607
4876,3.5748,0.4266,0.0846795,0.0809839
4877,3.57871,0.4462,0.0892469,0.0900878
4878,3.58916,0.464826,0.0916802,0.0865669
4879,3.55386,0.421361,0.0839368,0.0826704
4880,3.55386,0.421361,0.0839368,0.0826704
4881,3.55386,0.421361,0.0839368,0.0826704
4882,3.58051,0.432448,0.0864797,0.0818951
4883,3.58051,0.432448,0.0864797,0.0818951
4884,3.58051,0.432448,0.0864797,0.0818951
4885,3.56559,0.434174,0.0865939,0.0880463
4886,3.58503,0.456555,0.0868367,0.0878198
4887,3.6071,0.447833,0.0903939,0.0751283
4888,3.61306,0.458696,0.0907459,0.0783898
4889,3.61306,0.458696,0.0907459,0.0783898
4890,3.60466,0.454085,0.0899523,0.0795183
4891,3.64046,0.52266,0.101702,0.0912077
4892,3.64046,0.52266,0.101702,0.0912077
4893,3.66645,0.546024,0.103499,0.0861469
4894,3.62529,0.502428,0.0999482,0.0834736
4895,3.62256,0.517888,0.100401,0.089538
4896,3.63714,0.529603,0.102245,0.0927431
4897,3.6299,0.526197,0.100988,0.0983037
4898,3.67733,0.577668,0.111896,0.0927047
4899,3.67733,0.577668,0.111896,0.0927047
4900,3.67404,0.578898,0.111243,0.0949842
4901,3.704,0.619801,0.117862,0.0954969
4902,3.704,0.619801,0.117862,0.0954969
4903,3.674,0.567831,0.108633,0.091472
4904,3.71511,0.61992,0.119681,0.0938201
4905,3.7069,0.603718,0.116263,0.0929542
4906,3.6953,0.608962,0.115028,0.0953201
4907,3.6953,0.608962,0.115028,0.0953201
4908,3.71754,0.624072,0.119331,0.0939805
4909,3.73013,0.645826,0.126337,0.0964289
4910,3.71915,0.619654,0.121291,0.0892968
4911,3.6963,0.575289,0.110881,0.0860255
4912,3.73012,0.615408,0.119231,0.0867063
4913,3.67938,0.574719,0.11202,0.0979228
4914,3.67938,0.574719,0.11202,0.0979228
4915,3.69467,0.578968,0.116829,0.0910525
4916,3.70503,0.614741,0.118643,0.0990446
4917,3.75634,0.702325,0.133716,0.104885
4918,3.74546,0.696728,0.13069,0.104956
4919,3.71625,0.655283,0.123104,0.102083
4920,3.72384,0.652427,0.125664,0.0999924
4921,3.72384,0.652427,0.125664,0.0999924
4922,3.72023,0.642223,0.123453,0.101384
4923,3.71519,0.641813,0.120728,0.100647
4924,3.71085,0.63759,0.119699,0.0990177
4925,3.68987,0.607871,0.115171,0.0999043
4926,3.67915,0.588884,0.116531,0.0987627
4927,3.65164,0.56285,0.108453,0.0957728
4928,3.69466,0.63167,0.119602,0.0944236
4929,3.69508,0.600539,0.118695,0.0912382
4930,3.7383,0.664472,0.127335,0.0914985
4931,3.7383,0.664472,0.127335,0.0914985
4932,3.69493,0.624779,0.118929,0.0964652
4933,3.69399,0.609768,0.119314,0.090378
4934,3.69399,0.609768,0.119314,0.090378
4935,3.65882,0.559065,0.108425,0.0922808
4936,3.71131,0.638388,0.124703,0.0973695
4937,3.71131,0.638388,0.124703,0.0973695
4938,3.68736,0.599382,0.117533,0.0935251
4939,3.70727,0.637742,0.121684,0.0997242
4940,3.71845,0.629158,0.121771,0.0956733
4941,3.69316,0.584788,0.112397,0.0930487
4942,3.69316,0.584788,0.112397,0.0930487
4943,3.69,0.59814,0.116274,0.0996762
4944,3.69647,0.593538,0.112204,0.096608
4945,3.67247,0.586457,0.114741,0.101696
4946,3.67325,0.592296,0.113761,0.108414
4947,3.72013,0.653168,0.124646,0.103844
4948,3.68887,0.613558,0.117296,0.102623
4949,3.67284,0.589422,0.114826,0.108882
4950,3.69389,0.609705,0.11506,0.10511
4951,3.69389,0.609705,0.11506,0.10511
4952,3.65996,0.563393,0.110361,0.103328
4953,3.66352,0.568184,0.108391,0.10332
4954,3.69712,0.592046,0.11457,0.0953176
4955,3.69712,0.592046,0.11457,0.0953176
4956,3.69712,0.592046,0.11457,0.0953176
4957,3.73094,0.621283,0.11966,0.0876413
4958,3.748,0.642356,0.122739,0.0885405
4959,3.71898,0.642613,0.122348,0.0999555
4960,3.71898,0.642613,0.122348,0.0999555
4961,3.69637,0.623463,0.11928,0.106577
4962,3.69576,0.624459,0.119841,0.106405
4963,3.71712,0.651987,0.125637,0.105526
4964,3.71712,0.651987,0.125637,0.105526
4965,3.68231,0.607696,0.115153,0.108946
4966,3.66174,0.560624,0.110127,0.101465
4967,3.66174,0.560624,0.110127,0.101465
4968,3.70418,0.606017,0.117316,0.0989901
4969,3.70418,0.606017,0.117316,0.0989901
4970,3.65556,0.550267,0.106363,0.0966823
4971,3.65556,0.550267,0.106363,0.0966823
4972,3.66772,0.561648,0.107294,0.0952863
4973,3.72101,0.628404,0.120472,0.0927488
4974,3.71738,0.613947,0.120073,0.0892086
4975,3.73613,0.636071,0.122043,0.0915937
4976,3.73613,0.636071,0.122043,0.0915937
4977,3.717,0.619827,0.120445,0.0924447
4978,3.7203,0.640461,0.123946,0.0986715
4979,3.73902,0.650501,0.127509,0.0939745
4980,3.71466,0.620633,0.118555,0.0917245
4981,3.71466,0.620633,0.118555,0.0917245
4982,3.7336,0.638101,0.123193,0.0929015
4983,3.7336,0.638101,0.123193,0.0929015
4984,3.762,0.697499,0.132252,0.0993712
4985,3.762,0.697499,0.132252,0.0993712
4986,3.762,0.697499,0.132252,0.0993712
4987,3.6961,0.604481,0.118066,0.0999771
4988,3.74711,0.689802,0.133078,0.107024
4989,3.70167,0.597973,0.115059,0.0947615
4990,3.70167,0.597973,0.115059,0.0947615
4991,3.74767,0.668447,0.127572,0.0991804
4992,3.72202,0.641452,0.122163,0.103304
4993,3.741,0.669582,0.129154,0.104867
4994,3.78477,0.727993,0.141582,0.099879
4995,3.78682,0.711636,0.135982,0.0945607
4996,3.75188,0.671076,0.129114,0.0971065
4997,3.72719,0.633462,0.125859,0.0973056
4998,3.6859,0.578872,0.113876,0.0965417
4999,3.66369,0.563748,0.111816,0.100856
5000,3.64944,0.535922,0.104878,0.0953843
5001,3.6521,0.541585,0.105467,0.0996552
5002,3.63979,0.536376,0.105514,0.101411
5003,3.64842,0.554626,0.108254,0.103471
5004,3.66221,0.561598,0.109204,0.0999072
5005,3.63672,0.501776,0.0979262,0.0859988
5006,3.66054,0.521512,0.105529,0.0837787
5007,3.66054,0.521512,0.105529,0.0837787
5008,3.63736,0.505815,0.102339,0.089037
5009,3.67895,0.55779,0.110473,0.0905186
5010,3.65606,0.523571,0.102354,0.0863354
5011,3.6487,0.523612,0.102687,0.0894487
5012,3.6487,0.523612,0.102687,0.0894487
5013,3.66093,0.555238,0.109148,0.0949744
5014,3.66093,0.555238,0.109148,0.0949744
5015,3.62804,0.516932,0.102271,0.0967227
5016,3.6169,0.48199,0.0938073,0.085966
5017,3.57838,0.445607,0.088202,0.0886588
5018,3.60967,0.479663,0.0937351,0.0905397
5019,3.60218,0.475626,0.0927473,0.0924374
5020,3.60218,0.475626,0.0927473,0.0924374
5021,3.56827,0.437628,0.0857893,0.0859024
5022,3.60466,0.486341,0.0959433,0.0922763
5023,3.61399,0.501686,0.0966255,0.0977875
5024,3.60197,0.490562,0.0935164,0.0969857
5025,3.60981,0.51099,0.0988541,0.103436
5026,3.63098,0.527344,0.102022,0.100672
5027,3.63098,0.527344,0.102022,0.100672
5028,3.65546,0.577312,0.109193,0.103104
5029,3.64439,0.573377,0.109422,0.0996999
5030,3.64439,0.573377,0.109422,0.0996999
5031,3.6373,0.558021,0.104208,0.0964498
5032,3.6373,0.558021,0.104208,0.0964498
5033,3.6373,0.558021,0.104208,0.0964498
5034,3.62524,0.535044,0.102351,0.0925927
5035,3.62622,0.502792,0.0990424,0.0856147
5036,3.59303,0.467677,0.0915672,0.0879579
5037,3.59303,0.467677,0.0915672,0.0879579
5038,3.59413,0.472804,0.0947251,0.0891427
5039,3.59413,0.472804,0.0947251,0.0891427
5040,3.59413,0.472804,0.0947251,0.0891427
5041,3.59127,0.488666,0.0969504,0.0908464
5042,3.6214,0.506019,0.0990443,0.0879167
5043,3.6214,0.506019,0.0990443,0.0879167
5044,3.599,0.489207,0.0971204,0.0926589
5045,3.63,0.526498,0.102341,0.0921566
5046,3.63457,0.528139,0.102828,0.0927673
5047,3.61085,0.487868,0.0964032,0.0881807
5048,3.59116,0.461989,0.0900579,0.0889095
5049,3.60151,0.487102,0.0956125,0.0962953
5050,3.5719,0.43537,0.0857264,0.0858947
5051,3.5719,0.43537,0.0857264,0.0858947
5052,3.5719,0.43537,0.0857264,0.0858947
5053,3.57018,0.426496,0.0844566,0.0824209
5054,3.51593,0.374737,0.0739446,0.0806588
5055,3.52739,0.382802,0.0771253,0.0776309
5056,3.52739,0.382802,0.0771253,0.0776309
5057,3.51117,0.3631,0.0746646,0.0756064
5058,3.50501,0.380305,0.07557,0.0879004
5059,3.51396,0.383525,0.075759,0.0862396
5060,3.58321,0.462114,0.0900212,0.0912586
5061,3.561,0.449154,0.0901861,0.0994615
5062,3.55076,0.446573,0.0890591,0.102774
5063,3.50052,0.400081,0.0789309,0.103428
5064,3.50052,0.400081,0.0789309,0.103428
5065,3.50586,0.405922,0.0795946,0.105547
5066,3.50586,0.405922,0.0795946,0.105547
5067,3.50586,0.405922,0.0795946,0.105547
5068,3.50586,0.405922,0.0795946,0.105547
5069,3.48632,0.394003,0.0765641,0.10337
5070,3.51574,0.388909,0.076944,0.0887608
5071,3.55514,0.417307,0.0846055,0.0861603
5072,3.53574,0.407497,0.0820939,0.0887909
5073,3.53574,0.407497,0.0820939,0.0887909
5074,3.53592,0.40451,0.0791932,0.0880355
5075,3.53592,0.40451,0.0791932,0.0880355
5076,3.5337,0.408875,0.0820176,0.0931091
5077,3.53445,0.406821,0.0810122,0.0907559
5078,3.50632,0.378597,0.0735154,0.0882864
5079,3.50632,0.378597,0.0735154,0.0882864
5080,3.50632,0.378597,0.0735154,0.0882864
5081,3.49488,0.373606,0.0734944,0.0854953
5082,3.52708,0.405107,0.078451,0.0856901
5083,3.47485,0.338482,0.0675945,0.0787828
5084,3.47485,0.338482,0.0675945,0.0787828
5085,3.50152,0.366272,0.0725493,0.0799016
5086,3.49347,0.367045,0.0734012,0.0818456
5087,3.50477,0.38291,0.0772756,0.0865738
5088,3.48901,0.353447,0.0713198,0.0786534
5089,3.48164,0.344443,0.0707812,0.0750691
5090,3.51047,0.366519,0.0737737,0.0737818
5091,3.48973,0.35856,0.0717486,0.0739457
5092,3.47545,0.346371,0.0705153,0.0747627
5093,3.48648,0.342421,0.0691119,0.0688035
5094,3.48648,0.342421,0.0691119,0.0688035
5095,3.49343,0.350617,0.0698538,0.0677628
5096,3.48334,0.336415,0.0680081,0.0659997
5097,3.48805,0.348821,0.0689065,0.0733795
5098,3.46491,0.316118,0.0644823,0.0676124
5099,3.46477,0.323822,0.0645268,0.0720169
5100,3.4933,0.356726,0.07226,0.0781077
5101,3.4933,0.356726,0.07226,0.0781077
5102,3.4933,0.356726,0.07226,0.0781077
5103,3.54083,0.392091,0.0782135,0.0762058
5104,3.5244,0.374949,0.0736351,0.0733193
5105,3.57643,0.428312,0.0843007,0.0751223
5106,3.57643,0.428312,0.0843007,0.0751223
5107,3.54966,0.40958,0.0820792,0.0793164
5108,3.54966,0.40958,0.0820792,0.0793164
5109,3.55517,0.416404,0.0842649,0.0830846
5110,3.51329,0.362649,0.073302,0.0756161
5111,3.48277,0.350808,0.0702244,0.0825684
5112,3.50336,0.362164,0.0755625,0.0788649
5113,3.54877,0.42132,0.0835866,0.0868321
5114,3.5099,0.407128,0.0827934,0.0933432
5115,3.54254,0.430355,0.0867895,0.0942936
5116,3.54254,0.430355,0.0867895,0.0942936
5117,3.48808,0.378571,0.0758445,0.0945501
5118,3.48808,0.378571,0.0758445,0.0945501
5119,3.55727,0.438401,0.0882535,0.0941964
5120,3.56782,0.465808,0.0919917,0.0985603
5121,3.54365,0.432756,0.0845029,0.0945356
5122,3.55386,0.446553,0.0871862,0.0954518
5123,3.55386,0.446553,0.0871862,0.0954518
5124,3.55386,0.446553,0.0871862,0.0954518
5125,3.54643,0.432402,0.0836153,0.0884104
5126,3.53998,0.421464,0.0822716,0.0903131
5127,3.63095,0.521971,0.103597,0.0961605
5128,3.60094,0.472672,0.0950212,0.0869608
5129,3.60094,0.472672,0.0950212,0.0869608
5130,3.59275,0.473087,0.0919477,0.0845226
5131,3.59932,0.475416,0.0930662,0.0847363
5132,3.60699,0.483899,0.0933865,0.0872338
5133,3.64394,0.53885,0.10418,0.0917478
5134,3.61053,0.478745,0.0939169,0.085627
5135,3.59251,0.481066,0.0948852,0.0897076
5136,3.60877,0.507517,0.0985336,0.0938399
5137,3.61494,0.5036,0.0962641,0.0942516
5138,3.64081,0.51663,0.100516,0.0915113
5139,3.61937,0.520869,0.101923,0.098728
5140,3.61937,0.520869,0.101923,0.098728
5141,3.61937,0.520869,0.101923,0.098728
5142,3.61581,0.517294,0.0981511,0.100904
5143,3.59634,0.47337,0.0947009,0.0913637
5144,3.61624,0.517977,0.101679,0.100501
5145,3.61624,0.517977,0.101679,0.100501
5146,3.62941,0.539378,0.10566,0.106928
5147,3.65388,0.553035,0.107647,0.097787
5148,3.63714,0.542846,0.106815,0.102474
5149,3.67597,0.591974,0.113807,0.104159
5150,3.65374,0.55101,0.108776,0.0956643
5151,3.65412,0.566967,0.109968,0.10488
5152,3.65046,0.593338,0.112379,0.111456
5153,3.65955,0.616799,0.115766,0.122545
5154,3.66318,0.597001,0.114131,0.115545
5155,3.67816,0.630723,0.120937,0.122888
5156,3.65191,0.57679,0.112062,0.113127
5157,3.65872,0.568565,0.110105,0.106174
5158,3.62922,0.537194,0.103158,0.104288
5159,3.60871,0.499299,0.0986865,0.0973823
5160,3.60871,0.499299,0.0986865,0.0973823
5161,3.62161,0.50642,0.0976066,0.0953572
5162,3.61397,0.514081,0.100248,0.0996983
5163,3.61476,0.50997,0.0979779,0.0992067
5164,3.61407,0.505091,0.0996279,0.0948994
5165,3.61407,0.505091,0.0996279,0.0948994
5166,3.63334,0.52281,0.103154,0.0952763
5167,3.63615,0.528491,0.10201,0.0985187
5168,3.63615,0.528491,0.10201,0.0985187
5169,3.62793,0.540138,0.105906,0.108029
5170,3.62793,0.540138,0.105906,0.108029
5171,3.62899,0.553745,0.106778,0.111233
5172,3.64898,0.554075,0.107661,0.0996386
5173,3.66681,0.580823,0.114947,0.106511
5174,3.6696,0.574693,0.110131,0.10068
5175,3.67308,0.564225,0.107366,0.0940011
5176,3.67308,0.564225,0.107366,0.0940011
5177,3.65811,0.533975,0.103286,0.0881566
5178,3.62732,0.480788,0.0938726,0.0822123
5179,3.6414,0.519508,0.101257,0.0922505
5180,3.63508,0.49581,0.0982939,0.086394
5181,3.60977,0.463885,0.0921895,0.0839575
5182,3.58673,0.443524,0.0876448,0.083444
5183,3.62966,0.515103,0.100149,0.0974771
5184,3.63346,0.505534,0.100216,0.090179
5185,3.63346,0.505534,0.100216,0.090179
5186,3.6251,0.488376,0.0979994,0.0859475
5187,3.66012,0.529523,0.103634,0.085866
5188,3.62835,0.498116,0.0952304,0.0867635
5189,3.62835,0.498116,0.0952304,0.0867635
5190,3.62875,0.496248,0.0968435,0.0891146
5191,3.67846,0.569058,0.111846,0.0966649
5192,3.67107,0.551205,0.110228,0.0903856
5193,3.69229,0.591081,0.114649,0.0970928
5194,3.6445,0.539627,0.102395,0.100983
5195,3.6445,0.539627,0.102395,0.100983
5196,3.66091,0.555971,0.109206,0.101246
5197,3.66112,0.542445,0.10519,0.0905797
5198,3.66112,0.542445,0.10519,0.0905797
5199,3.63158,0.504799,0.0987607,0.0908203
5200,3.59542,0.472567,0.0928906,0.0911449
5201,3.56922,0.462796,0.0912061,0.0991082
5202,3.53784,0.451059,0.088652,0.109733
5203,3.54241,0.44827,0.0874732,0.109974
5204,3.54241,0.44827,0.0874732,0.109974
5205,3.54502,0.444516,0.0857862,0.105259
5206,3.52591,0.418006,0.0828651,0.0983694
5207,3.52591,0.418006,0.0828651,0.0983694
5208,3.53533,0.423764,0.0840086,0.0979411
5209,3.49576,0.374159,0.0733328,0.0908737
5210,3.46724,0.351352,0.0702009,0.0920504
5211,3.46724,0.351352,0.0702009,0.0920504
5212,3.51646,0.383812,0.0762844,0.086827
5213,3.52222,0.397652,0.0784919,0.0890403
5214,3.52071,0.390822,0.0780083,0.0878512
5215,3.49854,0.368813,0.0745598,0.0843019
5216,3.49005,0.3603,0.0724819,0.0869014
5217,3.48307,0.346615,0.0687239,0.0794023
5218,3.45027,0.331116,0.0665764,0.0844663
5219,3.45027,0.331116,0.0665764,0.0844663
5220,3.53435,0.397874,0.0805324,0.0841878
5221,3.53504,0.41525,0.0819805,0.0912123
5222,3.52636,0.410646,0.0794543,0.0916534
5223,3.57268,0.447847,0.0887398,0.0909704
5224,3.5453,0.408854,0.0809363,0.0836112
5225,3.5453,0.408854,0.0809363,0.0836112
5226,3.53007,0.400907,0.0786887,0.0883336
5227,3.53665,0.39744,0.0795026,0.0810744
5228,3.52026,0.383708,0.0784705,0.0803864
5229,3.54135,0.424618,0.0840399,0.0869004
5230,3.54135,0.424618,0.0840399,0.0869004
5231,3.52372,0.396473,0.0780304,0.0843471
5232,3.50219,0.36859,0.07498,0.081612
5233,3.52051,0.387976,0.0768155,0.0849859
5234,3.57638,0.455945,0.0899917,0.0936598
5235,3.54331,0.426198,0.0844607,0.0962466
5236,3.54331,0.426198,0.0844607,0.0962466
5237,3.54331,0.426198,0.0844607,0.0962466
5238,3.59739,0.491239,0.0968007,0.102292
5239,3.57141,0.451976,0.0910597,0.0981876
5240,3.57141,0.451976,0.0910597,0.0981876
5241,3.57141,0.451976,0.0910597,0.0981876
5242,3.57141,0.451976,0.0910597,0.0981876
5243,3.6101,0.485268,0.0962759,0.0935589
5244,3.60357,0.490398,0.0963102,0.0984334
5245,3.59703,0.48073,0.0943119,0.0946236
5246,3.58774,0.47167,0.0938688,0.0971025
5247,3.58774,0.47167,0.0938688,0.0971025
5248,3.58774,0.47167,0.0938688,0.0971025
5249,3.57549,0.474927,0.093426,0.104278
5250,3.57549,0.474927,0.093426,0.104278
5251,3.59359,0.484948,0.0952006,0.100651
5252,3.60885,0.495645,0.0968754,0.0952917
5253,3.59104,0.458482,0.0900702,0.0868373
5254,3.57727,0.452433,0.0905579,0.0914246
5255,3.61212,0.495634,0.0971906,0.0924365
5256,3.60313,0.493231,0.0949566,0.0957499
5257,3.60313,0.493231,0.0949566,0.0957499
5258,3.60855,0.485507,0.0958508,0.0944617
5259,3.60855,0.485507,0.0958508,0.0944617
5260,3.63803,0.517079,0.0985742,0.0930944
5261,3.63803,0.517079,0.0985742,0.0930944
5262,3.66246,0.554165,0.109495,0.0948129
5263,3.67304,0.588358,0.113727,0.104628
5264,3.64859,0.542665,0.105421,0.0995822
5265,3.65838,0.55351,0.107366,0.100873
5266,3.70239,0.626197,0.118333,0.105415
5267,3.70572,0.61994,0.116683,0.103601
5268,3.68618,0.598221,0.117949,0.102972
5269,3.67631,0.589916,0.116669,0.103083
5270,3.67631,0.589916,0.116669,0.103083
5271,3.70392,0.607814,0.116498,0.0957843
5272,3.70857,0.602193,0.11655,0.0927892
5273,3.6742,0.5613,0.107493,0.0954127
5274,3.6742,0.5613,0.107493,0.0954127
5275,3.68698,0.596724,0.11634,0.0979819
5276,3.69913,0.612864,0.117816,0.0965463
5277,3.72696,0.656695,0.125333,0.100002
5278,3.72696,0.656695,0.125333,0.100002
5279,3.75326,0.67968,0.131518,0.10416
5280,3.74865,0.68056,0.131117,0.101673
5281,3.7808,0.706015,0.137947,0.0975874
5282,3.76723,0.70292,0.132671,0.102149
5283,3.76247,0.68316,0.131999,0.0976047
5284,3.76271,0.688249,0.131076,0.0938632
5285,3.79291,0.732205,0.141934,0.0980402
5286,3.80287,0.739302,0.14257,0.093363
5287,3.78547,0.695104,0.133198,0.0899964
5288,3.79348,0.728988,0.139094,0.0980004
5289,3.78825,0.719728,0.141615,0.0980514
5290,3.78667,0.721865,0.1386,0.0970685
5291,3.76242,0.658552,0.129969,0.0880299
5292,3.75912,0.658479,0.125593,0.0884128
5293,3.72241,0.591123,0.115817,0.0817999
5294,3.76711,0.627238,0.124337,0.0742683
5295,3.77967,0.646138,0.127428,0.0744263
5296,3.79225,0.658665,0.129359,0.0715315
5297,3.79225,0.658665,0.129359,0.0715315
5298,3.78928,0.682973,0.133732,0.0809978
5299,3.73366,0.60057,0.117205,0.0799149
5300,3.76623,0.641185,0.123145,0.0766098
5301,3.73616,0.604722,0.118733,0.0784477
5302,3.73616,0.604722,0.118733,0.0784477
5303,3.75201,0.606841,0.121112,0.0713679
5304,3.74622,0.61726,0.119126,0.0797085
5305,3.74622,0.61726,0.119126,0.0797085
5306,3.73764,0.60317,0.121347,0.07814
5307,3.72256,0.596252,0.117195,0.0844004
5308,3.72256,0.596252,0.117195,0.0844004
5309,3.6823,0.571504,0.110846,0.0938279
5310,3.70907,0.585104,0.113751,0.0902334
5311,3.66045,0.521971,0.100654,0.0836545
5312,3.70275,0.595619,0.112684,0.0901536
5313,3.66558,0.549289,0.103653,0.090627
5314,3.67052,0.527019,0.100876,0.0795365
5315,3.67773,0.519901,0.102545,0.0747449
5316,3.67773,0.519901,0.102545,0.0747449
5317,3.67801,0.542783,0.106884,0.0804532
5318,3.68237,0.535695,0.104033,0.0766187
5319,3.67491,0.53693,0.104568,0.0797837
5320,3.65865,0.516196,0.104697,0.078899
5321,3.63741,0.502121,0.0983338,0.0831404
5322,3.6679,0.513378,0.102109,0.0758257
5323,3.69198,0.560392,0.110568,0.0854027
5324,3.70043,0.557505,0.108723,0.0791089
5325,3.70043,0.557505,0.108723,0.0791089
5326,3.70043,0.557505,0.108723,0.0791089
5327,3.70043,0.557505,0.108723,0.0791089
5328,3.69696,0.573641,0.110859,0.0859903
5329,3.64717,0.515882,0.101473,0.0847258
5330,3.63988,0.550882,0.106238,0.0967441
5331,3.64379,0.560433,0.107362,0.0984301
5332,3.62505,0.520848,0.102128,0.094269
5333,3.63439,0.546402,0.105615,0.095751
5334,3.65789,0.551969,0.105573,0.0957488
5335,3.65789,0.551969,0.105573,0.0957488
5336,3.65789,0.551969,0.105573,0.0957488
5337,3.65789,0.551969,0.105573,0.0957488
5338,3.64203,0.514486,0.100432,0.0894487
5339,3.62833,0.500758,0.0976013,0.0872019
5340,3.58869,0.482458,0.0927199,0.0936798
5341,3.60138,0.48897,0.0936706,0.0875367
5342,3.61259,0.469077,0.0924112,0.0822084
5343,3.59789,0.453136,0.0868012,0.0799292
5344,3.60856,0.468605,0.0928503,0.0836023
5345,3.60196,0.472601,0.0929976,0.0895404
5346,3.62149,0.510171,0.0997453,0.0968151
5347,3.593,0.455938,0.0924781,0.085872
5348,3.593,0.455938,0.0924781,0.085872
5349,3.62769,0.507924,0.0981382,0.0914879
5350,3.62851,0.517745,0.100453,0.0954619
5351,3.62851,0.517745,0.100453,0.0954619
5352,3.62062,0.513612,0.0983101,0.0936789
5353,3.62062,0.513612,0.0983101,0.0936789
5354,3.65244,0.547463,0.10822,0.0978619
5355,3.64687,0.53526,0.105152,0.0973513
5356,3.6094,0.520141,0.101028,0.10159
5357,3.6094,0.520141,0.101028,0.10159
5358,3.60838,0.513818,0.0981633,0.10181
5359,3.5822,0.485122,0.0957243,0.10724
5360,3.56245,0.4765,0.0948202,0.115346
5361,3.56245,0.4765,0.0948202,0.115346
5362,3.53479,0.44313,0.086776,0.105566
5363,3.53435,0.432865,0.0833994,0.0973362
5364,3.55747,0.444455,0.0868215,0.0947898
5365,3.57708,0.453729,0.0899547,0.0931289
5366,3.57708,0.453729,0.0899547,0.0931289
5367,3.55163,0.429183,0.0850786,0.0932209
5368,3.59002,0.472971,0.0917138,0.0960975
5369,3.59002,0.472971,0.0917138,0.0960975
5370,3.57741,0.473693,0.0919151,0.103337
5371,3.59837,0.483271,0.0923805,0.0982486
5372,3.59837,0.483271,0.0923805,0.0982486
5373,3.60793,0.495335,0.0971647,0.098537
5374,3.63667,0.525468,0.100503,0.0959438
5375,3.63667,0.525468,0.100503,0.0959438
5376,3.60133,0.469543,0.093899,0.0901279
5377,3.62053,0.50794,0.0999415,0.0964969
5378,3.68493,0.57724,0.110812,0.0934109
5379,3.69411,0.565508,0.110117,0.0840826
5380,3.6767,0.551515,0.108147,0.088792
5381,3.65278,0.527824,0.101675,0.0883449
5382,3.65278,0.527824,0.101675,0.0883449
5383,3.59632,0.465598,0.0912506,0.0883493
5384,3.59882,0.454989,0.0919058,0.0826368
5385,3.59882,0.454989,0.0919058,0.0826368
5386,3.57367,0.421457,0.0848008,0.0746683
5387,3.57022,0.420904,0.0843008,0.0796128
5388,3.55129,0.408002,0.0804037,0.0794591
5389,3.55602,0.408736,0.0800201,0.0785927
5390,3.57994,0.457683,0.0914907,0.089061
5391,3.60766,0.490735,0.0970772,0.0924142
5392,3.59181,0.488113,0.0963637,0.101822
5393,3.57311,0.469605,0.091883,0.101593
5394,3.54249,0.42737,0.0857383,0.0965132
5395,3.50508,0.376879,0.0755786,0.0849911
5396,3.5004,0.39509,0.0776746,0.0972777
5397,3.5004,0.39509,0.0776746,0.0972777
5398,3.53246,0.44272,0.0855206,0.105046
5399,3.53755,0.436209,0.0853503,0.105199
5400,3.53755,0.436209,0.0853503,0.105199
5401,3.53755,0.436209,0.0853503,0.105199
5402,3.53755,0.436209,0.0853503,0.105199
5403,3.55629,0.448427,0.0873614,0.0994368
5404,3.52135,0.410126,0.0808349,0.0962683
5405,3.54334,0.421704,0.0825015,0.0878004
5406,3.54334,0.421704,0.0825015,0.0878004
5407,3.58247,0.478703,0.0922957,0.09675
5408,3.61278,0.494123,0.0962696,0.0885724
5409,3.61278,0.494123,0.0962696,0.0885724
5410,3.61278,0.494123,0.0962696,0.0885724
5411,3.6486,0.537126,0.101772,0.0895314
5412,3.65223,0.529873,0.104801,0.0899762
5413,3.63645,0.50662,0.0984141,0.0868013
5414,3.65465,0.532597,0.105658,0.091371
5415,3.62971,0.486325,0.0944183,0.0818912
5416,3.66218,0.514888,0.0997172,0.0789277
5417,3.66218,0.514888,0.0997172,0.0789277
5418,3.64458,0.497284,0.0976989,0.0787605
5419,3.66417,0.501752,0.10204,0.0716618
5420,3.62978,0.466871,0.0917271,0.0700999
5421,3.60325,0.423615,0.0864777,0.0649438
5422,3.62567,0.469479,0.0931104,0.0749641
5423,3.62567,0.469479,0.0931104,0.0749641
5424,3.62567,0.469479,0.0931104,0.0749641
5425,3.62294,0.456623,0.0905933,0.0691903
5426,3.60581,0.462788,0.0934029,0.0805522
5427,3.60153,0.470943,0.0927681,0.0843414
5428,3.61523,0.490128,0.0973275,0.0899239
5429,3.60046,0.467684,0.0925161,0.0868665
5430,3.61201,0.498942,0.0987004,0.0967655
5431,3.6428,0.51179,0.102565,0.085297
5432,3.6428,0.51179,0.102565,0.085297
5433,3.63851,0.53434,0.105303,0.0943671
5434,3.64731,0.513997,0.101137,0.0867813
5435,3.72048,0.615943,0.118898,0.0883724
5436,3.72048,0.615943,0.118898,0.0883724
5437,3.72048,0.615943,0.118898,0.0883724
5438,3.69817,0.590326,0.115791,0.0911071
5439,3.68048,0.579534,0.110877,0.095598
5440,3.65921,0.578497,0.110266,0.108419
5441,3.66878,0.575926,0.109992,0.102707
5442,3.66878,0.575926,0.109992,0.102707
5443,3.68589,0.587743,0.113089,0.100076
5444,3.6857,0.584488,0.111154,0.0984445
5445,3.6697,0.566188,0.111275,0.097601
5446,3.6515,0.547669,0.108514,0.0990745
5447,3.66243,0.549642,0.107052,0.093008
5448,3.65489,0.539251,0.107162,0.0912088
5449,3.64646,0.520681,0.102457,0.0907872
5450,3.64646,0.520681,0.102457,0.0907872
5451,3.6685,0.551058,0.108353,0.0898364
5452,3.60811,0.47842,0.0959259,0.0888134
5453,3.62453,0.522492,0.103519,0.104143
5454,3.64465,0.551654,0.108341,0.103499
5455,3.62763,0.534555,0.104758,0.106594
5456,3.63051,0.565213,0.107943,0.118315
5457,3.61217,0.54043,0.104869,0.112602
5458,3.61228,0.523726,0.103198,0.1083
5459,3.58062,0.490764,0.096842,0.110403
5460,3.56804,0.473102,0.0968497,0.10945
5461,3.59928,0.511319,0.101334,0.106166
5462,3.57733,0.462753,0.0898039,0.0951106
5463,3.57196,0.466036,0.0895289,0.100101
5464,3.57196,0.466036,0.0895289,0.100101
5465,3.59919,0.48268,0.0948312,0.0937432
5466,3.59938,0.458427,0.0913898,0.0837042
5467,3.50864,0.375987,0.0765149,0.0869116
5468,3.49819,0.381417,0.0775853,0.092328
5469,3.52296,0.417441,0.0812827,0.092757
5470,3.52296,0.417441,0.0812827,0.092757
5471,3.53479,0.416945,0.0806209,0.0884049
5472,3.53479,0.416945,0.0806209,0.0884049
5473,3.53479,0.416945,0.0806209,0.0884049
5474,3.53479,0.416945,0.0806209,0.0884049
5475,3.50871,0.406167,0.0802538,0.0992416
5476,3.5393,0.440036,0.0852327,0.0966154
5477,3.58256,0.485941,0.0943742,0.0986449
5478,3.61988,0.510731,0.0975125,0.0941775
5479,3.59197,0.45918,0.089972,0.0878429
5480,3.59631,0.462231,0.0889674,0.0827467
5481,3.60933,0.477129,0.0948936,0.085126
5482,3.64492,0.521024,0.100778,0.0842445
5483,3.59753,0.44134,0.0887061,0.0762791
5484,3.63654,0.503129,0.0978657,0.0870815
5485,3.60521,0.484207,0.096208,0.0913099
5486,3.60593,0.488797,0.0970115,0.0964258
5487,3.60593,0.488797,0.0970115,0.0964258
5488,3.60593,0.488797,0.0970115,0.0964258
5489,3.60593,0.488797,0.0970115,0.0964258
5490,3.60593,0.488797,0.0970115,0.0964258
5491,3.60593,0.488797,0.0970115,0.0964258
5492,3.59177,0.450816,0.0889419,0.0821916
5493,3.59177,0.450816,0.0889419,0.0821916
5494,3.5934,0.446648,0.0875346,0.0786723
5495,3.60173,0.444058,0.0877623,0.0739419
5496,3.60141,0.459359,0.0917096,0.0835289
5497,3.63557,0.467457,0.0927427,0.0702637
5498,3.64393,0.466971,0.09457,0.068382
5499,3.64393,0.466971,0.09457,0.068382
5500,3.65043,0.491229,0.100305,0.0743929
5501,3.63822,0.488287,0.0950843,0.0810115
5502,3.62468,0.481512,0.0955775,0.0807564
5503,3.6037,0.456777,0.0890848,0.0820818
5504,3.60477,0.472576,0.0914646,0.0865908
5505,3.60477,0.472576,0.0914646,0.0865908
5506,3.60477,0.472576,0.0914646,0.0865908
5507,3.60477,0.472576,0.0914646,0.0865908
5508,3.61294,0.465287,0.0898791,0.0852674
5509,3.64265,0.491732,0.0956931,0.0793502
5510,3.63944,0.485511,0.0930971,0.0766658
5511,3.67569,0.533247,0.104884,0.0822926
5512,3.59471,0.433781,0.0860274,0.0748251
5513,3.59337,0.425217,0.0846666,0.0703209
5514,3.63315,0.475373,0.0917575,0.0709859
5515,3.66204,0.502369,0.0951058,0.0724163
5516,3.66467,0.517447,0.0997227,0.0763478
5517,3.68102,0.527921,0.102068,0.0741464
5518,3.66686,0.516988,0.100616,0.0746125
5519,3.63396,0.490603,0.095224,0.0811998
5520,3.63396,0.490603,0.095224,0.0811998
5521,3.62467,0.474913,0.0931778,0.0772494
5522,3.64639,0.489219,0.0964539,0.0736082
5523,3.63832,0.469668,0.0911367,0.0697343
5524,3.67911,0.503272,0.101697,0.0653091
5525,3.68293,0.509625,0.10159,0.0629909
5526,3.73129,0.579164,0.111654,0.0713369
5527,3.68313,0.531645,0.105434,0.0728796
5528,3.72154,0.583807,0.112805,0.0758719
5529,3.74737,0.638923,0.124351,0.0851856
5530,3.7207,0.589678,0.114808,0.0841743
5531,3.71442,0.563818,0.107239,0.0743782
5532,3.70788,0.561388,0.110843,0.0757159
5533,3.70982,0.55593,0.108284,0.0735743
5534,3.71793,0.576744,0.111209,0.078659
5535,3.71793,0.576744,0.111209,0.078659
5536,3.78886,0.683514,0.130959,0.0818512
5537,3.76701,0.655233,0.127884,0.0837729
5538,3.7528,0.635891,0.12213,0.0843559
5539,3.7528,0.635891,0.12213,0.0843559
5540,3.79431,0.682487,0.135154,0.0801825
5541,3.72193,0.599808,0.118558,0.0859225
5542,3.73011,0.612099,0.118012,0.0846228
5543,3.73968,0.606013,0.116861,0.0800736
5544,3.7044,0.56571,0.109588,0.0797208
5545,3.7044,0.56571,0.109588,0.0797208
5546,3.7099,0.554505,0.107431,0.0732205
5547,3.70631,0.555288,0.108322,0.0748683
5548,3.75624,0.638085,0.122621,0.0821572
5549,3.70502,0.571688,0.111996,0.0817587
5550,3.69937,0.567471,0.110401,0.0841211
5551,3.7041,0.586463,0.11253,0.0902786
5552,3.70744,0.596159,0.11504,0.0933749
5553,3.7307,0.622947,0.121102,0.0896659
5554,3.73556,0.638948,0.121082,0.0923793
5555,3.7207,0.641282,0.122984,0.101481
5556,3.7342,0.653258,0.125151,0.0986713
5557,3.7342,0.653258,0.125151,0.0986713
5558,3.66857,0.561862,0.109039,0.0950235
5559,3.70776,0.625101,0.11885,0.0990052
5560,3.65884,0.544361,0.104097,0.0901306
5561,3.67464,0.597915,0.115651,0.100334
5562,3.65227,0.544249,0.10629,0.0965915
5563,3.64173,0.534351,0.106896,0.0943618
5564,3.65326,0.535231,0.104693,0.087556
5565,3.65326,0.535231,0.104693,0.087556
5566,3.65307,0.555958,0.105054,0.0938006
5567,3.6316,0.532775,0.105061,0.0874238
5568,3.64408,0.525826,0.104736,0.0877373
5569,3.6358,0.515358,0.100952,0.0914678
5570,3.64866,0.532703,0.101512,0.0963674
5571,3.64866,0.532703,0.101512,0.0963674
5572,3.5948,0.467212,0.0925251,0.0911793
5573,3.57575,0.457064,0.0898547,0.0922631
5574,3.57625,0.449917,0.089231,0.087649
5575,3.55895,0.419383,0.0830432,0.0823046
5576,3.58467,0.441294,0.0871835,0.0811207
5577,3.58238,0.420097,0.0855935,0.0702239
5578,3.58238,0.420097,0.0855935,0.0702239
5579,3.55273,0.399685,0.0794151,0.0740336
5580,3.55273,0.399685,0.0794151,0.0740336
5581,3.55273,0.399685,0.0794151,0.0740336
5582,3.56944,0.437704,0.0871926,0.0852283
5583,3.62062,0.487702,0.0961549,0.0814669
5584,3.66293,0.565442,0.108156,0.0915816
5585,3.62888,0.50539,0.0975882,0.0877002
5586,3.62132,0.50858,0.0985397,0.0931905
5587,3.59227,0.5013,0.0957484,0.101188
5588,3.56473,0.468549,0.091969,0.102387
5589,3.56473,0.468549,0.091969,0.102387
5590,3.54772,0.454373,0.0885933,0.102135
5591,3.54772,0.454373,0.0885933,0.102135
5592,3.62728,0.530647,0.105497,0.101724
5593,3.60314,0.500368,0.098196,0.100717
5594,3.60314,0.500368,0.098196,0.100717
5595,3.56567,0.449565,0.0887574,0.0962686
5596,3.58408,0.478897,0.0939662,0.100888
5597,3.56832,0.463975,0.0916872,0.0997775
5598,3.57342,0.470917,0.0933292,0.10422
5599,3.56294,0.452074,0.0898624,0.0983817
5600,3.52504,0.406309,0.0798257,0.0943898
5601,3.52504,0.406309,0.0798257,0.0943898
5602,3.52504,0.406309,0.0798257,0.0943898
5603,3.60246,0.496781,0.0980811,0.0995434
5604,3.60246,0.496781,0.0980811,0.0995434
5605,3.59814,0.482746,0.0946127,0.0950723
5606,3.59814,0.482746,0.0946127,0.0950723
5607,3.59317,0.476407,0.0944181,0.0944512
5608,3.62363,0.487502,0.0970917,0.0854302
5609,3.62363,0.487502,0.0970917,0.0854302
5610,3.64205,0.499984,0.0989223,0.0828569
5611,3.64205,0.499984,0.0989223,0.0828569
5612,3.62972,0.487662,0.0963267,0.0850293
5613,3.63995,0.511773,0.100714,0.0904582
5614,3.63995,0.511773,0.100714,0.0904582
5615,3.63038,0.494861,0.0970367,0.0899764
5616,3.63003,0.508035,0.0997038,0.092272
5617,3.62728,0.501911,0.0969892,0.0910992
5618,3.6529,0.553492,0.109734,0.0981104
5619,3.6529,0.553492,0.109734,0.0981104
5620,3.61598,0.495799,0.0939348,0.0900625
5621,3.63842,0.504515,0.0980832,0.0803253
5622,3.65028,0.528271,0.102849,0.0856124
5623,3.59248,0.467705,0.0910683,0.0876452
5624,3.59248,0.467705,0.0910683,0.0876452
5625,3.64262,0.538492,0.102446,0.0926313
5626,3.64262,0.538492,0.102446,0.0926313
5627,3.62675,0.499558,0.0943456,0.0841579
5628,3.605,0.467978,0.0914068,0.0844152
5629,3.605,0.467978,0.0914068,0.0844152
5630,3.605,0.467978,0.0914068,0.0844152
5631,3.64667,0.540045,0.103716,0.0994503
5632,3.61086,0.501361,0.0981972,0.0976704
5633,3.6313,0.524725,0.10112,0.0959096
5634,3.6313,0.524725,0.10112,0.0959096
5635,3.6574,0.554411,0.107082,0.0985449
5636,3.67709,0.575099,0.111621,0.0984914
5637,3.67122,0.570802,0.114171,0.098947
5638,3.65182,0.548579,0.107385,0.0996662
5639,3.66512,0.558518,0.110439,0.095277
5640,3.62807,0.509887,0.100713,0.0944678
5641,3.67794,0.559898,0.108151,0.0897034
5642,3.67794,0.559898,0.108151,0.0897034
5643,3.67794,0.559898,0.108151,0.0897034
5644,3.68031,0.57049,0.112249,0.0951836
5645,3.64353,0.515377,0.102782,0.0900544
5646,3.69507,0.595078,0.113651,0.0974521
5647,3.64611,0.535211,0.10268,0.0980855
5648,3.64611,0.535211,0.10268,0.0980855
5649,3.64611,0.535211,0.10268,0.0980855
5650,3.68597,0.575112,0.111034,0.0950306
5651,3.68597,0.575112,0.111034,0.0950306
5652,3.7241,0.622911,0.119516,0.0932794
5653,3.72023,0.618299,0.119282,0.0921049
5654,3.72687,0.646533,0.12476,0.0956793
5655,3.70774,0.624781,0.11984,0.101156
5656,3.74084,0.659504,0.125695,0.0974554
5657,3.71353,0.621299,0.117693,0.0971839
5658,3.75214,0.679293,0.130971,0.0983915
5659,3.71171,0.612776,0.117497,0.097645
5660,3.70012,0.595543,0.114821,0.0948769
5661,3.70012,0.595543,0.114821,0.0948769
5662,3.66966,0.553076,0.107067,0.0898063
5663,3.6629,0.556212,0.112534,0.0922726
5664,3.65991,0.565922,0.110533,0.094022
5665,3.66539,0.5636,0.108391,0.0942535
5666,3.6375,0.537867,0.103766,0.099064
5667,3.63729,0.517147,0.09836,0.0850884
5668,3.67398,0.537629,0.103183,0.0834021
5669,3.64578,0.495812,0.0970511,0.0767296
5670,3.65865,0.522584,0.101338,0.0809966
5671,3.68692,0.545197,0.107942,0.0770682
5672,3.65102,0.526957,0.0997453,0.0827751
5673,3.62924,0.505564,0.0971203,0.0898845
5674,3.65221,0.524549,0.104744,0.0884598
5675,3.63386,0.510086,0.0996631,0.091028
5676,3.63386,0.510086,0.0996631,0.091028
5677,3.63386,0.510086,0.0996631,0.091028
5678,3.63386,0.510086,0.0996631,0.091028
5679,3.63386,0.510086,0.0996631,0.091028
5680,3.64985,0.515772,0.10226,0.0878809
5681,3.65781,0.501889,0.0955851,0.0782051
5682,3.64757,0.480303,0.0944331,0.0705097
5683,3.64757,0.480303,0.0944331,0.0705097
5684,3.63946,0.475822,0.0953836,0.0745351
5685,3.63105,0.468863,0.0919546,0.0752165
5686,3.65649,0.513938,0.101415,0.0819364
5687,3.60311,0.464159,0.0924806,0.0867453
5688,3.60133,0.461962,0.0895116,0.0857848
5689,3.60133,0.461962,0.0895116,0.0857848
5690,3.55428,0.409687,0.0808243,0.0833426
5691,3.56222,0.429176,0.0839956,0.0892836
5692,3.56222,0.429176,0.0839956,0.0892836
5693,3.57006,0.436299,0.0865057,0.0892564
5694,3.56971,0.433998,0.0859773,0.086252
5695,3.53673,0.417681,0.0837315,0.0931547
5696,3.53673,0.417681,0.0837315,0.0931547
5697,3.51613,0.398992,0.0779328,0.093636
5698,3.53783,0.41177,0.0816007,0.090162
5699,3.53783,0.41177,0.0816007,0.090162
5700,3.51315,0.40347,0.0774487,0.093686
5701,3.52419,0.409631,0.0784666,0.0894497
5702,3.48361,0.387031,0.0765845,0.0977975
5703,3.48361,0.387031,0.0765845,0.0977975
5704,3.51068,0.402106,0.0804576,0.0945113
5705,3.54148,0.41728,0.081712,0.0889346
5706,3.54148,0.41728,0.081712,0.0889346
5707,3.54834,0.436608,0.0837682,0.0989763
5708,3.51086,0.404525,0.0785974,0.097649
5709,3.51086,0.404525,0.0785974,0.097649
5710,3.51593,0.408864,0.0806795,0.0968721
5711,3.5089,0.394094,0.0774645,0.0946983
5712,3.53357,0.42971,0.0850604,0.0953095
5713,3.50485,0.399019,0.0781858,0.0897172
5714,3.50485,0.399019,0.0781858,0.0897172
5715,3.48975,0.384546,0.0773557,0.0930294
5716,3.48975,0.384546,0.0773557,0.0930294
5717,3.45777,0.345439,0.0683278,0.0862627
5718,3.45777,0.345439,0.0683278,0.0862627
5719,3.45777,0.345439,0.0683278,0.0862627
5720,3.46747,0.338234,0.0671906,0.0841045
5721,3.49894,0.372064,0.0737087,0.0800005
5722,3.51418,0.378769,0.0745475,0.0801447
5723,3.51418,0.378769,0.0745475,0.0801447
5724,3.51418,0.378769,0.0745475,0.0801447
5725,3.52086,0.388075,0.0793898,0.079992
5726,3.53082,0.41303,0.0822569,0.0882126
5727,3.53082,0.41303,0.0822569,0.0882126
5728,3.53871,0.420853,0.0841785,0.0923804
5729,3.54727,0.449973,0.088572,0.0982903
5730,3.53633,0.431932,0.0870375,0.0972554
5731,3.56489,0.500731,0.0964971,0.109144
5732,3.56489,0.500731,0.0964971,0.109144
5733,3.51209,0.422297,0.0847505,0.10599
5734,3.51209,0.422297,0.0847505,0.10599
5735,3.53206,0.415815,0.0831606,0.0972311
5736,3.48792,0.393209,0.0779715,0.10461
5737,3.49697,0.419763,0.0826117,0.107267
5738,3.50935,0.405734,0.081749,0.0978508
5739,3.50764,0.399461,0.0805722,0.0980709
5740,3.50996,0.415507,0.0821585,0.10573
5741,3.50569,0.407756,0.0792065,0.103663
5742,3.48866,0.38751,0.0761529,0.101878
5743,3.5041,0.40066,0.0788296,0.0987813
5744,3.48177,0.391402,0.0776042,0.104167
5745,3.48177,0.391402,0.0776042,0.104167
5746,3.49871,0.398076,0.0799089,0.0966319
5747,3.49288,0.391413,0.0780853,0.0910224
5748,3.48932,0.383224,0.0753792,0.0906548
5749,3.47047,0.373874,0.0739028,0.0966297
5750,3.49031,0.371925,0.0749607,0.0888481
5751,3.47789,0.370937,0.0738037,0.0925741
5752,3.46454,0.358013,0.0720728,0.0940667
5753,3.46454,0.358013,0.0720728,0.0940667
5754,3.49589,0.383163,0.0767388,0.0947676
5755,3.46348,0.351736,0.07041,0.0917723
5756,3.47849,0.369567,0.0719605,0.096086
5757,3.47257,0.363501,0.0729702,0.096323
5758,3.47257,0.363501,0.0729702,0.096323
5759,3.44305,0.337109,0.0669127,0.0914555
5760,3.49206,0.37374,0.0737249,0.0901154
5761,3.49752,0.372971,0.0758364,0.0884187
5762,3.49752,0.372971,0.0758364,0.0884187
5763,3.46787,0.348111,0.0710445,0.0896183
5764,3.46787,0.348111,0.0710445,0.0896183
5765,3.50979,0.385252,0.0772204,0.091625
5766,3.50979,0.385252,0.0772204,0.091625
5767,3.52595,0.386433,0.0762537,0.0832771
5768,3.5188,0.372222,0.0732106,0.0777199
5769,3.5188,0.372222,0.0732106,0.0777199
5770,3.52492,0.380749,0.0754201,0.0830511
5771,3.51309,0.380762,0.0769383,0.0842436
5772,3.51309,0.380762,0.0769383,0.0842436
5773,3.51309,0.380762,0.0769383,0.0842436
5774,3.47814,0.343063,0.0694037,0.0787119
5775,3.48629,0.35901,0.0717745,0.0826913
5776,3.46575,0.336288,0.0673675,0.0821365
5777,3.46145,0.327397,0.0667219,0.0765791
5778,3.49279,0.354338,0.0705968,0.0797089
5779,3.49279,0.354338,0.0705968,0.0797089
5780,3.48941,0.358329,0.0708246,0.0817123
5781,3.48941,0.367296,0.07439,0.0901793
5782,3.48941,0.367296,0.07439,0.0901793
5783,3.49254,0.360006,0.0716501,0.0837882
5784,3.50921,0.366975,0.0732428,0.0808905
5785,3.50921,0.366975,0.0732428,0.0808905
5786,3.50921,0.366975,0.0732428,0.0808905
5787,3.51131,0.37374,0.0740472,0.0803254
5788,3.53435,0.40785,0.0785417,0.0894826
5789,3.53435,0.40785,0.0785417,0.0894826
5790,3.56011,0.422702,0.0824722,0.0857284
5791,3.56011,0.422702,0.0824722,0.0857284
5792,3.53671,0.405405,0.079847,0.0872313
5793,3.56278,0.45134,0.08882,0.0933045
5794,3.58694,0.461211,0.0909793,0.0913125
5795,3.61247,0.507945,0.101248,0.102553
5796,3.57323,0.458051,0.0882313,0.0996653
5797,3.55986,0.454936,0.0905712,0.0989517
5798,3.55986,0.454936,0.0905712,0.0989517
5799,3.568,0.446884,0.0886946,0.0918793
5800,3.59712,0.494187,0.0982222,0.10428
5801,3.57299,0.459961,0.088811,0.100594
5802,3.57299,0.459961,0.088811,0.100594
5803,3.61702,0.503314,0.0982453,0.095069
5804,3.60403,0.490316,0.0942785,0.0909785
5805,3.62742,0.506821,0.0990669,0.0924265
5806,3.6629,0.518582,0.101871,0.0817685
5807,3.66797,0.515866,0.102364,0.0791611
5808,3.67765,0.535702,0.10372,0.0783255
5809,3.70958,0.57851,0.115309,0.0788943
5810,3.68876,0.560434,0.110032,0.0804976
5811,3.70313,0.551675,0.109747,0.0761437
5812,3.70313,0.551675,0.109747,0.0761437
5813,3.70313,0.551675,0.109747,0.0761437
5814,3.70313,0.551675,0.109747,0.0761437
5815,3.71635,0.585854,0.112853,0.0815403
5816,3.71635,0.585854,0.112853,0.0815403
5817,3.71635,0.585854,0.112853,0.0815403
5818,3.72546,0.598395,0.116119,0.0843597
5819,3.72016,0.591644,0.116961,0.0803093
5820,3.72016,0.591644,0.116961,0.0803093
5821,3.69436,0.548021,0.106809,0.0768409
5822,3.68677,0.54701,0.109765,0.075037
5823,3.73051,0.592829,0.116582,0.0768032
5824,3.75556,0.620176,0.122592,0.0718766
5825,3.73529,0.605482,0.120086,0.0777609
5826,3.76618,0.670993,0.128316,0.0833122
5827,3.74876,0.655588,0.125711,0.0854591
5828,3.79297,0.748516,0.143052,0.0951122
5829,3.79297,0.748516,0.143052,0.0951122
5830,3.77844,0.714031,0.13875,0.0940068
5831,3.80211,0.78414,0.145841,0.100517
5832,3.78431,0.717779,0.134562,0.0881397
5833,3.7521,0.667198,0.124361,0.0919427
5834,3.73501,0.637844,0.122317,0.0914918
5835,3.73501,0.637844,0.122317,0.0914918
5836,3.73501,0.637844,0.122317,0.0914918
5837,3.75628,0.66266,0.124062,0.09025
5838,3.75063,0.636999,0.123068,0.0824969
5839,3.73228,0.606143,0.11334,0.0797762
5840,3.70882,0.578942,0.112751,0.0824051
5841,3.70882,0.578942,0.112751,0.0824051
5842,3.66993,0.504126,0.100388,0.0697917
5843,3.72059,0.558738,0.109078,0.0717361
5844,3.70338,0.559878,0.110612,0.0781319
5845,3.70338,0.559878,0.110612,0.0781319
5846,3.66674,0.522887,0.103842,0.0798119
5847,3.71828,0.602086,0.119041,0.0873868
5848,3.74633,0.647817,0.128196,0.0893877
5849,3.73695,0.645312,0.125959,0.0921469
5850,3.70505,0.591417,0.115939,0.0875187
5851,3.70505,0.591417,0.115939,0.0875187
5852,3.7281,0.627551,0.122684,0.087606
5853,3.73228,0.627372,0.124644,0.087279
5854,3.70765,0.618713,0.118974,0.0954285
5855,3.70034,0.618913,0.118789,0.0995205
5856,3.71115,0.646578,0.124097,0.10227
5857,3.66377,0.572611,0.110218,0.099379
5858,3.68963,0.614605,0.11888,0.102043
5859,3.66606,0.585131,0.113233,0.10266
5860,3.69642,0.637667,0.119702,0.104802
5861,3.69756,0.646478,0.125482,0.103925
5862,3.69756,0.646478,0.125482,0.103925
5863,3.69756,0.646478,0.125482,0.103925
5864,3.69756,0.646478,0.125482,0.103925
5865,3.66067,0.606646,0.119675,0.103724
5866,3.69017,0.671177,0.126871,0.11422
5867,3.6807,0.632541,0.120126,0.113654
5868,3.62663,0.567784,0.109925,0.110633
5869,3.62663,0.567784,0.109925,0.110633
5870,3.62621,0.545706,0.108284,0.108652
5871,3.63338,0.53597,0.10415,0.0980677
5872,3.59887,0.484533,0.0946202,0.0878331
5873,3.62313,0.518522,0.100575,0.0931747
5874,3.60462,0.506765,0.0998176,0.0956538
5875,3.62885,0.519817,0.100302,0.0864333
5876,3.61765,0.539946,0.105481,0.0947231
5877,3.64913,0.559041,0.108439,0.0935736
5878,3.63528,0.579443,0.11355,0.105173
5879,3.63528,0.579443,0.11355,0.105173
5880,3.63528,0.579443,0.11355,0.105173
5881,3.62288,0.571377,0.110656,0.105505
5882,3.62461,0.579157,0.111536,0.106457
5883,3.6808,0.619571,0.117338,0.109054
5884,3.6808,0.619571,0.117338,0.109054
5885,3.66163,0.581067,0.112952,0.103232
5886,3.63659,0.534323,0.104502,0.0995889
5887,3.65147,0.548158,0.107518,0.0992493
5888,3.62963,0.526851,0.103201,0.101414
5889,3.62963,0.526851,0.103201,0.101414
5890,3.62963,0.526851,0.103201,0.101414
5891,3.64498,0.541979,0.105416,0.0997
5892,3.65777,0.564894,0.108599,0.100887
5893,3.63322,0.548886,0.108258,0.10128
5894,3.65895,0.588905,0.113435,0.101134
5895,3.64912,0.581352,0.11059,0.105421
5896,3.64749,0.541185,0.105852,0.0947434
5897,3.63986,0.536285,0.10507,0.0936292
5898,3.6434,0.545413,0.107669,0.0924442
5899,3.61239,0.50347,0.100094,0.0965582
5900,3.66646,0.548883,0.109063,0.0892407
5901,3.66646,0.548883,0.109063,0.0892407
5902,3.62724,0.516347,0.101115,0.0938484
5903,3.62724,0.516347,0.101115,0.0938484
5904,3.62724,0.516347,0.101115,0.0938484
5905,3.6772,0.590222,0.114977,0.0961661
5906,3.64246,0.554875,0.106386,0.0964351
5907,3.65859,0.552904,0.105634,0.0918914
5908,3.65859,0.552904,0.105634,0.0918914
5909,3.65859,0.552904,0.105634,0.0918914
5910,3.62029,0.480432,0.0938009,0.0817167
5911,3.6203,0.481339,0.0939026,0.0854964
5912,3.6036,0.468334,0.0911658,0.0862696
5913,3.60734,0.476018,0.0940315,0.0884639
5914,3.60734,0.476018,0.0940315,0.0884639
5915,3.63838,0.503606,0.0973791,0.0846163
5916,3.63177,0.478116,0.0938546,0.0781326
5917,3.6284,0.46757,0.0909396,0.0730642
5918,3.63576,0.494456,0.0961027,0.0855458
5919,3.62792,0.483389,0.0942517,0.0818588
5920,3.66713,0.538268,0.105727,0.0870265
5921,3.62173,0.487179,0.09762,0.0892647
5922,3.62173,0.487179,0.09762,0.0892647
5923,3.62786,0.48206,0.0950257,0.0813553
5924,3.62786,0.48206,0.0950257,0.0813553
5925,3.64275,0.505596,0.101631,0.0845877
5926,3.60705,0.454691,0.090743,0.0766893
5927,3.56941,0.42662,0.0838673,0.0795308
5928,3.56941,0.42662,0.0838673,0.0795308
5929,3.56941,0.42662,0.0838673,0.0795308
5930,3.61347,0.475016,0.0942126,0.0828147
5931,3.59469,0.454191,0.0902037,0.0839516
5932,3.59469,0.454191,0.0902037,0.0839516
5933,3.59469,0.454191,0.0902037,0.0839516
5934,3.56928,0.43179,0.0874238,0.0859834
5935,3.56989,0.438583,0.0873848,0.0900131
5936,3.56559,0.452654,0.0896713,0.0984892
5937,3.56559,0.452654,0.0896713,0.0984892
5938,3.5323,0.409246,0.0824147,0.0921084
5939,3.5323,0.409246,0.0824147,0.0921084
5940,3.5323,0.409246,0.0824147,0.0921084
5941,3.58032,0.454785,0.0900347,0.0933269
5942,3.54885,0.428455,0.0859007,0.0955631
5943,3.54909,0.428257,0.0853382,0.0941727
5944,3.58378,0.459568,0.0896373,0.0932771
5945,3.58378,0.459568,0.0896373,0.0932771
5946,3.6164,0.487169,0.096268,0.0891273
5947,3.6052,0.494075,0.0971051,0.100035
5948,3.6052,0.494075,0.0971051,0.100035
5949,3.6052,0.494075,0.0971051,0.100035
5950,3.58903,0.477932,0.0941747,0.100476
5951,3.58833,0.448631,0.0898846,0.0859161
5952,3.60548,0.463817,0.0936861,0.087073
5953,3.60477,0.477389,0.0939348,0.091532
5954,3.59724,0.464858,0.0915753,0.0905151
5955,3.63003,0.498982,0.0988721,0.088713
5956,3.56968,0.429034,0.0856363,0.0818681
5957,3.56968,0.429034,0.0856363,0.0818681
5958,3.56968,0.429034,0.0856363,0.0818681
5959,3.58929,0.446929,0.0884231,0.0842836
5960,3.57721,0.426761,0.0862966,0.0767135
5961,3.58165,0.431639,0.087189,0.0791808
5962,3.59327,0.444696,0.0867116,0.0831343
5963,3.58932,0.432803,0.0848359,0.075946
5964,3.58932,0.432803,0.0848359,0.075946
5965,3.61083,0.440049,0.0873427,0.0675127
5966,3.58135,0.425197,0.0851281,0.074173
5967,3.59205,0.443423,0.0891452,0.0802499
5968,3.58776,0.431082,0.0851267,0.0747461
5969,3.58776,0.431082,0.0851267,0.0747461
5970,3.60591,0.436279,0.0881219,0.0694977
5971,3.59109,0.451371,0.0891277,0.0801601
5972,3.58838,0.42447,0.0847652,0.0719039
5973,3.58838,0.42447,0.0847652,0.0719039
5974,3.58411,0.432333,0.0844832,0.0776836
5975,3.58411,0.432333,0.0844832,0.0776836
5976,3.57357,0.430968,0.084726,0.0826432
5977,3.57357,0.430968,0.084726,0.0826432
5978,3.55835,0.430175,0.0850752,0.0901094
5979,3.57452,0.437991,0.0854632,0.0878115
5980,3.59069,0.440867,0.0878918,0.079164
5981,3.64095,0.51339,0.101841,0.0890438
5982,3.61445,0.471816,0.0942693,0.080193
5983,3.60234,0.456757,0.0899805,0.0800996
5984,3.56412,0.433865,0.0866019,0.0842549
5985,3.60672,0.492336,0.0985461,0.0901983
5986,3.60672,0.492336,0.0985461,0.0901983
5987,3.59474,0.466701,0.0938138,0.0879702
5988,3.59474,0.466701,0.0938138,0.0879702
5989,3.58024,0.462293,0.0895411,0.0854714
5990,3.57343,0.458655,0.0881018,0.0897471
5991,3.57343,0.458655,0.0881018,0.0897471
5992,3.53252,0.415685,0.0825026,0.0880073
5993,3.53252,0.415685,0.0825026,0.0880073
5994,3.56045,0.430223,0.0856509,0.0830761
5995,3.5489,0.429182,0.0864238,0.0832456
5996,3.54612,0.421923,0.0839593,0.0813384
5997,3.58797,0.44971,0.0875216,0.0793712
5998,3.58797,0.44971,0.0875216,0.0793712
5999,3.58797,0.44971,0.0875216,0.0793712
6000,3.58797,0.44971,0.0875216,0.0793712
6001,3.6101,0.47524,0.0946233,0.082368
6002,3.58149,0.462811,0.0906849,0.0900458
6003,3.58149,0.462811,0.0906849,0.0900458
6004,3.58149,0.462811,0.0906849,0.0900458
6005,3.54847,0.43878,0.0863594,0.095213
6006,3.56114,0.446632,0.0886366,0.0945101
6007,3.56114,0.446632,0.0886366,0.0945101
6008,3.54421,0.456778,0.0900855,0.105448
6009,3.52753,0.417701,0.0830085,0.0988113
6010,3.55023,0.45041,0.0872317,0.105023
6011,3.50294,0.402474,0.0795443,0.102716
6012,3.50294,0.402474,0.0795443,0.102716
6013,3.50294,0.402474,0.0795443,0.102716
6014,3.50294,0.402474,0.0795443,0.102716
6015,3.49288,0.379463,0.073411,0.0953667
6016,3.49288,0.379463,0.073411,0.0953667
6017,3.5079,0.41684,0.0818586,0.105847
6018,3.54197,0.442015,0.0876826,0.100025
6019,3.5559,0.431537,0.0857018,0.093377
6020,3.5559,0.431537,0.0857018,0.093377
6021,3.54915,0.431962,0.0847286,0.0925208
6022,3.51548,0.398178,0.0774513,0.0903999
6023,3.51548,0.398178,0.0774513,0.0903999
6024,3.51548,0.398178,0.0774513,0.0903999
6025,3.55612,0.420438,0.0835779,0.0868045
6026,3.55612,0.420438,0.0835779,0.0868045
6027,3.55612,0.420438,0.0835779,0.0868045
6028,3.54814,0.446956,0.0875606,0.0940204
6029,3.51106,0.395627,0.0787296,0.087359
6030,3.57028,0.446477,0.0867548,0.0828742
6031,3.57028,0.446477,0.0867548,0.0828742
6032,3.55488,0.427144,0.0844284,0.0863135
6033,3.55488,0.427144,0.0844284,0.0863135
6034,3.57462,0.440761,0.0884061,0.0864097
6035,3.57462,0.440761,0.0884061,0.0864097
6036,3.58698,0.446671,0.0876149,0.0802702
6037,3.58698,0.446671,0.0876149,0.0802702
6038,3.59832,0.461118,0.0926312,0.0819392
6039,3.59388,0.451198,0.0911809,0.0826582
6040,3.63122,0.504684,0.10024,0.0865128
6041,3.63122,0.504684,0.10024,0.0865128
6042,3.63292,0.524258,0.101644,0.0941208
6043,3.63481,0.525333,0.101919,0.0913708
6044,3.61162,0.50924,0.0979738,0.0946629
6045,3.61969,0.566218,0.107588,0.101033
6046,3.61975,0.513904,0.102075,0.0933924
6047,3.65293,0.554346,0.108374,0.0959952
6048,3.62832,0.526778,0.103479,0.100658
6049,3.66105,0.553514,0.109491,0.0965163
6050,3.66138,0.56194,0.109098,0.100084
6051,3.69333,0.597858,0.115041,0.0977251
6052,3.68865,0.576562,0.112686,0.0932594
6053,3.69858,0.598181,0.11548,0.0968785
6054,3.65391,0.536602,0.104263,0.0934164
6055,3.65391,0.536602,0.104263,0.0934164
6056,3.65391,0.536602,0.104263,0.0934164
6057,3.67304,0.561629,0.108682,0.0925342
6058,3.64544,0.554295,0.106478,0.100915
6059,3.64544,0.554295,0.106478,0.100915
6060,3.6521,0.551934,0.109108,0.0956873
6061,3.6632,0.590508,0.114888,0.103545
6062,3.66473,0.592652,0.114865,0.106588
6063,3.66423,0.592851,0.111534,0.107114
6064,3.67517,0.586846,0.113337,0.0991644
6065,3.67517,0.586846,0.113337,0.0991644
6066,3.66844,0.548742,0.105908,0.0906931
6067,3.64421,0.533717,0.104653,0.096
6068,3.64421,0.533717,0.104653,0.096
6069,3.6608,0.563353,0.108505,0.103098
6070,3.6608,0.563353,0.108505,0.103098
6071,3.66388,0.54874,0.108208,0.0965943
6072,3.6537,0.550986,0.106723,0.10256
6073,3.6623,0.5604,0.110916,0.100009
6074,3.67015,0.570014,0.11069,0.101178
6075,3.69678,0.602086,0.118388,0.100556
6076,3.69678,0.602086,0.118388,0.100556
6077,3.69272,0.573917,0.110951,0.0900701
6078,3.69272,0.573917,0.110951,0.0900701
6079,3.70813,0.611752,0.118248,0.094711
6080,3.70065,0.582785,0.110923,0.0908775
6081,3.70065,0.582785,0.110923,0.0908775
6082,3.69465,0.591967,0.113872,0.093075
6083,3.65418,0.527439,0.100829,0.0884882
6084,3.65418,0.527439,0.100829,0.0884882
6085,3.66095,0.532975,0.106685,0.0901287
6086,3.66095,0.532975,0.106685,0.0901287
6087,3.61847,0.475265,0.0930284,0.0825914
6088,3.59044,0.440143,0.088568,0.0766988
6089,3.6284,0.472822,0.0934263,0.0774665
6090,3.62257,0.455917,0.0910919,0.0725853
6091,3.62257,0.455917,0.0910919,0.0725853
6092,3.60899,0.452028,0.0897847,0.0776389
6093,3.63818,0.505012,0.0972489,0.0865178
6094,3.68667,0.56991,0.109286,0.0916649
6095,3.67397,0.550127,0.107483,0.0869626
6096,3.6292,0.497606,0.0976927,0.0864747
6097,3.6292,0.497606,0.0976927,0.0864747
6098,3.67747,0.559618,0.108735,0.0883479
6099,3.72063,0.592555,0.11483,0.0828519
6100,3.70803,0.606437,0.117725,0.0891344
6101,3.74406,0.636425,0.123109,0.0845223
6102,3.69982,0.576113,0.111062,0.0836854
6103,3.72356,0.595876,0.114878,0.0802964
6104,3.72356,0.595876,0.114878,0.0802964
6105,3.74007,0.612022,0.119603,0.0786214
6106,3.71354,0.564529,0.107398,0.0734296
6107,3.70459,0.5603,0.106933,0.0763042
6108,3.76176,0.632451,0.121202,0.0753479
6109,3.76905,0.655989,0.127464,0.0786426
6110,3.72954,0.592064,0.115128,0.0768515
6111,3.74974,0.621535,0.12164,0.0784823
6112,3.74974,0.621535,0.12164,0.0784823
6113,3.75921,0.654857,0.12766,0.0852559
6114,3.78024,0.650892,0.124236,0.0774073
6115,3.7844,0.678686,0.129808,0.0833616
6116,3.77168,0.666379,0.130012,0.0830371
6117,3.7523,0.650522,0.126293,0.0891421
6118,3.75222,0.653447,0.125302,0.0893297
6119,3.75222,0.653447,0.125302,0.0893297
6120,3.79103,0.705582,0.13548,0.0906324
6121,3.75371,0.64893,0.126677,0.0874976
6122,3.72602,0.636704,0.121464,0.0961955
6123,3.72602,0.636704,0.121464,0.0961955
6124,3.72595,0.616768,0.119652,0.0874988
6125,3.74404,0.659825,0.12527,0.093992
6126,3.70133,0.596187,0.114517,0.0931405
6127,3.70278,0.58782,0.111609,0.0917122
6128,3.68866,0.572469,0.109382,0.0906541
6129,3.69607,0.565268,0.10772,0.0856929
6130,3.65463,0.507475,0.0984378,0.0808843
6131,3.65463,0.507475,0.0984378,0.0808843
6132,3.69331,0.5701,0.112339,0.0899344
6133,3.69331,0.5701,0.112339,0.0899344
6134,3.69498,0.585441,0.1134,0.0926916
6135,3.71638,0.652979,0.128378,0.108382
6136,3.69728,0.611558,0.119406,0.103666
6137,3.74314,0.679519,0.13131,0.107494
6138,3.74297,0.674895,0.130172,0.103896
6139,3.76313,0.7301,0.139994,0.112595
6140,3.73888,0.674188,0.129478,0.106375
6141,3.74951,0.686613,0.131138,0.105204
6142,3.78445,0.755521,0.147141,0.109972
6143,3.72765,0.649626,0.12764,0.10227
6144,3.72765,0.649626,0.12764,0.10227
6145,3.70124,0.615641,0.119907,0.101013
6146,3.69053,0.599552,0.116799,0.10385
6147,3.69053,0.599552,0.116799,0.10385
6148,3.66294,0.583184,0.111787,0.105807
6149,3.60136,0.489938,0.0954892,0.0990558
6150,3.67147,0.563066,0.106584,0.0954769
6151,3.64787,0.527276,0.103127,0.0929306
6152,3.63912,0.533699,0.105212,0.100312
6153,3.63187,0.530971,0.104091,0.10281
6154,3.63187,0.530971,0.104091,0.10281
6155,3.66321,0.547515,0.105683,0.0945795
6156,3.63046,0.529079,0.103422,0.0999529
6157,3.58839,0.466567,0.0914469,0.0935825
6158,3.5904,0.466535,0.0903881,0.0940442
6159,3.5904,0.466535,0.0903881,0.0940442
6160,3.58257,0.471313,0.0935769,0.0990258
6161,3.58257,0.471313,0.0935769,0.0990258
6162,3.58257,0.471313,0.0935769,0.0990258
6163,3.57154,0.464459,0.0931765,0.104618
6164,3.55618,0.450543,0.0891758,0.103972
6165,3.52289,0.420023,0.0830678,0.104832
6166,3.52276,0.418682,0.0826351,0.105416
6167,3.5506,0.453321,0.0903165,0.107156
6168,3.53832,0.436266,0.0852596,0.103591
6169,3.53832,0.436266,0.0852596,0.103591
6170,3.53832,0.436266,0.0852596,0.103591
6171,3.54382,0.446247,0.0891208,0.107983
6172,3.54382,0.446247,0.0891208,0.107983
6173,3.54224,0.451494,0.0887344,0.110605
6174,3.54224,0.451494,0.0887344,0.110605
6175,3.56351,0.478936,0.0932483,0.114069
6176,3.56351,0.478936,0.0932483,0.114069
6177,3.55803,0.491722,0.0965188,0.123334
6178,3.5551,0.482272,0.0938161,0.120863
6179,3.55531,0.481607,0.0914526,0.117587
6180,3.55531,0.481607,0.0914526,0.117587
6181,3.58495,0.501913,0.0979169,0.11674
6182,3.55644,0.472898,0.0931193,0.115152
6183,3.55644,0.472898,0.0931193,0.115152
6184,3.59434,0.504158,0.0982007,0.110489
6185,3.6227,0.542917,0.103564,0.109119
6186,3.64447,0.585577,0.114947,0.111932
6187,3.64447,0.585577,0.114947,0.111932
6188,3.64447,0.585577,0.114947,0.111932
6189,3.64447,0.585577,0.114947,0.111932
6190,3.68487,0.659234,0.126707,0.121438
6191,3.65944,0.599307,0.114804,0.112942
6192,3.69236,0.616667,0.119884,0.0987696
6193,3.64088,0.555882,0.106981,0.102356
6194,3.62844,0.520957,0.10008,0.0947564
6195,3.60035,0.45921,0.0904496,0.080985
6196,3.60035,0.45921,0.0904496,0.080985
6197,3.61755,0.487561,0.0942079,0.084704
6198,3.61755,0.487561,0.0942079,0.084704
6199,3.60528,0.457859,0.0877429,0.0811554
6200,3.58794,0.441554,0.0863503,0.0808423
6201,3.58794,0.441554,0.0863503,0.0808423
6202,3.63058,0.479275,0.0932202,0.0787216
6203,3.61505,0.461981,0.0923379,0.0769709
6204,3.59382,0.432046,0.0869203,0.0735475
6205,3.57923,0.420292,0.0856107,0.0731791
6206,3.61573,0.456684,0.0924849,0.0740316
6207,3.59797,0.442757,0.0891239,0.076722
6208,3.56914,0.422698,0.0853297,0.0804344
6209,3.61018,0.475908,0.0920993,0.0844352
6210,3.61018,0.475908,0.0920993,0.0844352
6211,3.58444,0.455155,0.0893749,0.0868738
6212,3.56738,0.41588,0.0843416,0.0797749
6213,3.58206,0.435394,0.0865807,0.0809794
6214,3.56972,0.416395,0.082247,0.0772669
6215,3.61957,0.483984,0.0949384,0.0837336
6216,3.62565,0.508242,0.101053,0.0912878
6217,3.58276,0.453614,0.0890673,0.0893265
6218,3.58276,0.453614,0.0890673,0.0893265
6219,3.57221,0.441391,0.0881273,0.0859547
6220,3.60902,0.507138,0.0988231,0.0952838
6221,3.57321,0.458061,0.0903255,0.0928949
6222,3.56492,0.431332,0.0850971,0.0859429
6223,3.5942,0.473728,0.0929607,0.0933736
6224,3.5614,0.428343,0.0845929,0.0879562
6225,3.61176,0.477498,0.0928227,0.0856653
6226,3.58503,0.466944,0.0919602,0.0925251
6227,3.52044,0.409439,0.0799878,0.0945995
6228,3.52044,0.409439,0.0799878,0.0945995
6229,3.52044,0.409439,0.0799878,0.0945995
6230,3.54076,0.413213,0.0808146,0.0874411
6231,3.57066,0.459069,0.09068,0.0951717
6232,3.57066,0.459069,0.09068,0.0951717
6233,3.57066,0.459069,0.09068,0.0951717
6234,3.55407,0.42728,0.0830834,0.0880619
6235,3.56798,0.428436,0.0846962,0.086067
6236,3.58331,0.445894,0.0876217,0.08588
6237,3.56372,0.431532,0.0853445,0.0908918
6238,3.5396,0.412199,0.0835548,0.0916286
6239,3.5396,0.412199,0.0835548,0.0916286
6240,3.5396,0.412199,0.0835548,0.0916286
6241,3.5396,0.412199,0.0835548,0.0916286
6242,3.53564,0.406403,0.0805056,0.088767
6243,3.54306,0.406675,0.0813095,0.0848163
6244,3.54306,0.406675,0.0813095,0.0848163
6245,3.54306,0.406675,0.0813095,0.0848163
6246,3.5502,0.425954,0.0845949,0.0905066
6247,3.5502,0.425954,0.0845949,0.0905066
6248,3.56938,0.430363,0.0856913,0.0841229
6249,3.61895,0.49338,0.0951683,0.0938491
6250,3.60574,0.482217,0.0917246,0.0920922
6251,3.59643,0.470832,0.0925702,0.0912287
6252,3.63872,0.525131,0.102503,0.0985218
6253,3.63872,0.525131,0.102503,0.0985218
6254,3.63872,0.525131,0.102503,0.0985218
6255,3.65388,0.546264,0.104206,0.0960705
6256,3.65388,0.546264,0.104206,0.0960705
6257,3.65388,0.546264,0.104206,0.0960705
6258,3.64986,0.546597,0.105157,0.100741
6259,3.6974,0.598216,0.117586,0.0981966
6260,3.70859,0.59246,0.112942,0.0891628
6261,3.6559,0.53104,0.104025,0.08991
6262,3.70143,0.580717,0.112895,0.0884641
6263,3.68462,0.567042,0.11071,0.0946783
6264,3.68462,0.567042,0.11071,0.0946783
6265,3.67599,0.572952,0.109832,0.0990704
6266,3.67599,0.572952,0.109832,0.0990704
6267,3.67599,0.572952,0.109832,0.0990704
6268,3.65825,0.549239,0.107277,0.0975722
6269,3.62628,0.512404,0.102932,0.0966826
6270,3.64634,0.521073,0.101139,0.0884369
6271,3.61008,0.483136,0.0951475,0.0891172
6272,3.61008,0.483136,0.0951475,0.0891172
6273,3.61008,0.483136,0.0951475,0.0891172
6274,3.61008,0.483136,0.0951475,0.0891172
6275,3.61008,0.483136,0.0951475,0.0891172
6276,3.60191,0.480054,0.0953396,0.0924282
6277,3.60191,0.480054,0.0953396,0.0924282
6278,3.60827,0.496051,0.0987538,0.0968179
6279,3.60827,0.496051,0.0987538,0.0968179
6280,3.6099,0.495694,0.0982845,0.0959446
6281,3.59543,0.488628,0.09697,0.0987441
6282,3.58851,0.492067,0.0955773,0.105504
6283,3.58851,0.492067,0.0955773,0.105504
6284,3.61136,0.527204,0.101207,0.105911
6285,3.61136,0.527204,0.101207,0.105911
6286,3.6155,0.532718,0.103703,0.106398
6287,3.63529,0.556121,0.107012,0.105158
6288,3.63529,0.556121,0.107012,0.105158
6289,3.63529,0.556121,0.107012,0.105158
6290,3.64767,0.566324,0.110183,0.105075
6291,3.64767,0.566324,0.110183,0.105075
6292,3.68536,0.621068,0.116787,0.107714
6293,3.68536,0.621068,0.116787,0.107714
6294,3.68365,0.613444,0.117675,0.105087
6295,3.68523,0.627884,0.118908,0.111719
6296,3.68523,0.627884,0.118908,0.111719
6297,3.68523,0.627884,0.118908,0.111719
6298,3.65797,0.599736,0.114618,0.114607
6299,3.65797,0.599736,0.114618,0.114607
6300,3.65797,0.599736,0.114618,0.114607
6301,3.65849,0.58117,0.11141,0.107192
6302,3.6943,0.616672,0.117008,0.10658
6303,3.6828,0.610514,0.116834,0.10944
6304,3.6828,0.610514,0.116834,0.10944
6305,3.67785,0.61274,0.116693,0.110656
6306,3.67785,0.61274,0.116693,0.110656
6307,3.67785,0.61274,0.116693,0.110656
6308,3.64854,0.54227,0.102536,0.0971002
6309,3.71151,0.616794,0.119533,0.094836
6310,3.70986,0.601626,0.120917,0.0910241
6311,3.75047,0.680537,0.131211,0.0926603
6312,3.75969,0.710221,0.135149,0.0955888
6313,3.73798,0.663282,0.12924,0.0934021
6314,3.73045,0.636916,0.122547,0.0903972
6315,3.73045,0.636916,0.122547,0.0903972
6316,3.73045,0.636916,0.122547,0.0903972
6317,3.75223,0.662188,0.126881,0.0901311
6318,3.71781,0.623716,0.121683,0.0969665
6319,3.72781,0.642648,0.121297,0.0990458
6320,3.71616,0.629581,0.118379,0.0998027
6321,3.71191,0.631131,0.121781,0.104861
6322,3.69294,0.59745,0.116364,0.102395
6323,3.66118,0.568341,0.110226,0.106044
6324,3.66118,0.568341,0.110226,0.106044
6325,3.65307,0.528727,0.103458,0.0944567
6326,3.65307,0.528727,0.103458,0.0944567
6327,3.67704,0.559398,0.109992,0.0886036
6328,3.67264,0.534629,0.106099,0.0811928
6329,3.6449,0.497563,0.0994265,0.0803499
6330,3.6449,0.497563,0.0994265,0.0803499
6331,3.66909,0.530583,0.104879,0.0811239
6332,3.64578,0.52344,0.105231,0.0923145
6333,3.57439,0.452975,0.0903294,0.094579
6334,3.57439,0.452975,0.0903294,0.094579
6335,3.59654,0.473429,0.0942273,0.0944218
6336,3.61786,0.510967,0.103168,0.103391
6337,3.61132,0.483786,0.0966512,0.0924101
6338,3.65137,0.516478,0.100454,0.0862354
6339,3.64371,0.508626,0.0996026,0.0856182
6340,3.62449,0.477612,0.0938237,0.0821214
6341,3.6383,0.492658,0.0972779,0.0785108
6342,3.6383,0.492658,0.0972779,0.0785108
6343,3.64264,0.529626,0.105006,0.0900026
6344,3.64689,0.538483,0.104913,0.0912183
6345,3.64325,0.513837,0.101168,0.0870898
6346,3.61371,0.478032,0.0942863,0.0837397
6347,3.61371,0.478032,0.0942863,0.0837397
6348,3.62365,0.480872,0.0957141,0.0852571
6349,3.62185,0.478374,0.0932589,0.0837614
6350,3.64179,0.491482,0.0963646,0.0793125
6351,3.60918,0.469508,0.0943255,0.0879104
6352,3.6071,0.469251,0.0921566,0.08688
6353,3.57895,0.444258,0.0867326,0.0878728
6354,3.58294,0.450985,0.0884249,0.0879208
6355,3.61469,0.475531,0.0943085,0.0850888
6356,3.63562,0.504852,0.100903,0.088814
6357,3.64604,0.524394,0.101308,0.0917334
6358,3.64604,0.524394,0.101308,0.0917334
6359,3.62019,0.495447,0.0957869,0.0899038
6360,3.63623,0.514072,0.100899,0.0913837
6361,3.62764,0.487682,0.0969822,0.084614
6362,3.62764,0.487682,0.0969822,0.084614
6363,3.65027,0.499559,0.0998324,0.0781347
6364,3.68076,0.534261,0.106057,0.0745882
6365,3.66381,0.488776,0.0972665,0.0664377
6366,3.68565,0.518965,0.101149,0.0685948
6367,3.66017,0.510961,0.0995447,0.0773479
6368,3.7089,0.573735,0.112315,0.0807159
6369,3.69481,0.544449,0.105375,0.0766016
6370,3.675,0.530893,0.104779,0.0797074
6371,3.675,0.530893,0.104779,0.0797074
6372,3.67881,0.546077,0.10768,0.0854047
6373,3.63508,0.48986,0.0969607,0.0804287
6374,3.63508,0.48986,0.0969607,0.0804287
6375,3.64312,0.491235,0.0972239,0.0772807
6376,3.64312,0.491235,0.0972239,0.0772807
6377,3.64312,0.491235,0.0972239,0.0772807
6378,3.6734,0.542823,0.104523,0.085644
6379,3.69444,0.580504,0.110309,0.0899791
6380,3.69905,0.596732,0.112899,0.0954242
6381,3.68046,0.593144,0.111636,0.0949721
6382,3.64974,0.545237,0.106792,0.0944475
6383,3.69719,0.665058,0.127208,0.109316
6384,3.65751,0.594686,0.11052,0.103115
6385,3.70187,0.65258,0.126484,0.100443
6386,3.69588,0.618956,0.118196,0.092231
6387,3.7251,0.642769,0.120512,0.0903766
6388,3.71699,0.652308,0.12634,0.0938604
6389,3.66321,0.564091,0.109077,0.0891153
6390,3.66321,0.564091,0.109077,0.0891153
6391,3.68393,0.596415,0.115036,0.0897452
6392,3.62688,0.541471,0.105656,0.0957728
6393,3.62688,0.541471,0.105656,0.0957728
6394,3.6341,0.538856,0.105655,0.0972886
6395,3.6341,0.538856,0.105655,0.0972886
6396,3.65507,0.55643,0.108205,0.0978865
6397,3.63432,0.543474,0.106344,0.0971321
6398,3.64374,0.56108,0.107656,0.0986386
6399,3.67173,0.582996,0.113014,0.0951022
6400,3.67173,0.582996,0.113014,0.0951022
6401,3.64658,0.54446,0.106259,0.0949029
6402,3.65899,0.548551,0.106533,0.0917384
6403,3.65349,0.548648,0.104907,0.0941484
6404,3.65179,0.585416,0.113911,0.0997326
6405,3.65179,0.585416,0.113911,0.0997326
6406,3.62382,0.562544,0.110116,0.0943966
6407,3.57824,0.511565,0.100162,0.0954366
6408,3.58835,0.534699,0.102122,0.10581
6409,3.59802,0.549519,0.103077,0.106212
6410,3.59802,0.549519,0.103077,0.106212
6411,3.60231,0.547853,0.105097,0.103352
6412,3.58855,0.529785,0.0991394,0.102507
6413,3.58855,0.529785,0.0991394,0.102507
6414,3.58042,0.503454,0.0963757,0.0997641
6415,3.56301,0.454426,0.0898251,0.0953403
6416,3.55779,0.446013,0.0867013,0.0949092
6417,3.55633,0.425201,0.0843125,0.0899487
6418,3.55633,0.425201,0.0843125,0.0899487
6419,3.54617,0.418248,0.08447,0.09058
6420,3.55951,0.427542,0.0851203,0.0884558
6421,3.54743,0.412015,0.0813509,0.0861033
6422,3.54971,0.425876,0.083799,0.0904988
6423,3.54259,0.417274,0.0817535,0.0897213
6424,3.54609,0.419639,0.0849007,0.0906896
6425,3.54609,0.419639,0.0849007,0.0906896
6426,3.54609,0.419639,0.0849007,0.0906896
6427,3.54609,0.419639,0.0849007,0.0906896
6428,3.54609,0.419639,0.0849007,0.0906896
6429,3.54609,0.419639,0.0849007,0.0906896
6430,3.53066,0.404142,0.0799354,0.0894691
6431,3.53066,0.404142,0.0799354,0.0894691
6432,3.56268,0.425607,0.0826287,0.0883509
6433,3.52303,0.392577,0.0786813,0.0891838
6434,3.52387,0.395846,0.0803122,0.0885778
6435,3.52387,0.395846,0.0803122,0.0885778
6436,3.5374,0.4128,0.0817783,0.0906766
6437,3.53511,0.418783,0.0835154,0.0926012
6438,3.53511,0.418783,0.0835154,0.0926012
6439,3.502,0.394741,0.0755862,0.0949976
6440,3.502,0.394741,0.0755862,0.0949976
6441,3.53767,0.418631,0.0831922,0.0902166
6442,3.5687,0.449959,0.0888747,0.0908107
6443,3.57608,0.449946,0.0891699,0.0861026
6444,3.55838,0.435531,0.0839182,0.0909756
6445,3.56211,0.436369,0.0858175,0.0858747
6446,3.56211,0.436369,0.0858175,0.0858747
6447,3.60703,0.485866,0.0952981,0.0849002
6448,3.57571,0.437093,0.0875979,0.0775833
6449,3.57571,0.437093,0.0875979,0.0775833
6450,3.53849,0.403651,0.0802933,0.0792468
6451,3.53849,0.403651,0.0802933,0.0792468
6452,3.53849,0.403651,0.0802933,0.0792468
6453,3.58465,0.441626,0.0867404,0.0799887
6454,3.55186,0.391736,0.0794809,0.0709269
6455,3.54917,0.376823,0.0756901,0.0625392
6456,3.55902,0.391705,0.0791724,0.0660101
6457,3.57892,0.415693,0.0834498,0.0693818
6458,3.54049,0.389713,0.0788698,0.0765736
6459,3.56995,0.401746,0.0799072,0.0700081
6460,3.57256,0.434344,0.0861106,0.0868359
6461,3.5399,0.400826,0.0803702,0.0869978
6462,3.57522,0.44326,0.0863348,0.0880947
6463,3.58178,0.463627,0.0910693,0.0955996
6464,3.54536,0.433087,0.0841875,0.0973187
6465,3.54536,0.433087,0.0841875,0.0973187
6466,3.50431,0.392813,0.077253,0.0985196
6467,3.55866,0.454143,0.0876741,0.102862
6468,3.55866,0.454143,0.0876741,0.102862
6469,3.60159,0.517579,0.0993526,0.111685
6470,3.58854,0.495478,0.0940356,0.108317
6471,3.58854,0.495478,0.0940356,0.108317
6472,3.63288,0.537427,0.104726,0.103432
6473,3.63105,0.535799,0.102369,0.103227
6474,3.64535,0.585596,0.114062,0.115569
6475,3.64535,0.585596,0.114062,0.115569
6476,3.64535,0.585596,0.114062,0.115569
6477,3.6674,0.602928,0.115015,0.112391
6478,3.68087,0.622877,0.118336,0.115984
6479,3.64762,0.556527,0.108219,0.105229
6480,3.61553,0.502646,0.0986176,0.099664
6481,3.64067,0.539266,0.103599,0.0989377
6482,3.64439,0.557117,0.108107,0.106707
6483,3.64439,0.557117,0.108107,0.106707
6484,3.66476,0.603144,0.115499,0.113875
6485,3.66607,0.580056,0.111752,0.106897
6486,3.68546,0.600318,0.116938,0.106708
6487,3.68874,0.59405,0.116626,0.0983712
6488,3.69415,0.596816,0.115574,0.0972622
6489,3.69415,0.596816,0.115574,0.0972622
6490,3.69415,0.596816,0.115574,0.0972622
6491,3.69415,0.596816,0.115574,0.0972622
6492,3.70282,0.613647,0.117674,0.0999222
6493,3.70282,0.613647,0.117674,0.0999222
6494,3.68035,0.58799,0.112676,0.100986
6495,3.68224,0.567884,0.113051,0.0918841
6496,3.64782,0.543464,0.105033,0.0980148
6497,3.64782,0.543464,0.105033,0.0980148
6498,3.64782,0.543464,0.105033,0.0980148
6499,3.64174,0.531258,0.105812,0.0971977
6500,3.64381,0.532264,0.105096,0.0964288
6501,3.67308,0.57426,0.112647,0.0989855
6502,3.67308,0.57426,0.112647,0.0989855
6503,3.66459,0.535305,0.105031,0.0883553
6504,3.6795,0.580004,0.115512,0.0983865
6505,3.67035,0.560896,0.112072,0.0916268
6506,3.71329,0.632529,0.122103,0.098625
6507,3.7144,0.615225,0.120619,0.0947415
6508,3.73686,0.650346,0.12461,0.0934222
6509,3.74105,0.688232,0.131345,0.104023
6510,3.7439,0.689684,0.132323,0.107073
6511,3.7439,0.689684,0.132323,0.107073
6512,3.76649,0.735954,0.13676,0.105649
6513,3.7133,0.642794,0.121013,0.104539
6514,3.7133,0.642794,0.121013,0.104539
6515,3.72564,0.653144,0.12398,0.102338
6516,3.6572,0.57494,0.112364,0.107289
6517,3.68918,0.612827,0.119992,0.106515
6518,3.68918,0.612827,0.119992,0.106515
6519,3.68918,0.612827,0.119992,0.106515
6520,3.68348,0.607706,0.117007,0.108824
6521,3.67364,0.596973,0.115488,0.107757
6522,3.6859,0.625477,0.119684,0.11278
6523,3.65396,0.560307,0.109178,0.105771
6524,3.6302,0.521165,0.1017,0.101183
6525,3.61375,0.49829,0.100522,0.0983938
6526,3.61375,0.49829,0.100522,0.0983938
6527,3.59395,0.501362,0.0985527,0.108954
6528,3.58926,0.514067,0.0999938,0.114995
6529,3.58926,0.514067,0.0999938,0.114995
6530,3.55516,0.45242,0.0897966,0.106149
6531,3.56307,0.455399,0.093251,0.101014
6532,3.56307,0.455399,0.093251,0.101014
6533,3.56307,0.455399,0.093251,0.101014
6534,3.51198,0.395994,0.0808605,0.0948397
6535,3.44169,0.354044,0.0718241,0.104689
6536,3.44169,0.354044,0.0718241,0.104689
6537,3.44169,0.354044,0.0718241,0.104689
6538,3.4749,0.388464,0.0761215,0.105904
6539,3.4749,0.388464,0.0761215,0.105904
6540,3.4749,0.388464,0.0761215,0.105904
6541,3.4749,0.388464,0.0761215,0.105904
6542,3.4749,0.388464,0.0761215,0.105904
6543,3.4749,0.388464,0.0761215,0.105904
6544,3.4749,0.388464,0.0761215,0.105904
6545,3.51585,0.435963,0.0864537,0.113068
6546,3.56368,0.491737,0.0979053,0.113214
6547,3.56167,0.496377,0.0957638,0.111841
6548,3.52488,0.460865,0.0888625,0.117834
6549,3.50202,0.426667,0.0840133,0.109716
6550,3.52713,0.432959,0.0844683,0.106721
6551,3.49788,0.388364,0.0750256,0.0977043
6552,3.51715,0.418937,0.0844912,0.10326
6553,3.51715,0.418937,0.0844912,0.10326
6554,3.52252,0.423606,0.08238,0.106051
6555,3.55796,0.454993,0.0873663,0.106086
6556,3.55796,0.454993,0.0873663,0.106086
6557,3.55796,0.454993,0.0873663,0.106086
6558,3.55796,0.454993,0.0873663,0.106086
6559,3.5253,0.416123,0.0829907,0.101507
6560,3.57052,0.45881,0.0899239,0.0990523
6561,3.57052,0.45881,0.0899239,0.0990523
6562,3.57052,0.45881,0.0899239,0.0990523
6563,3.56441,0.463034,0.0879761,0.0987981
6564,3.55626,0.457592,0.0883473,0.0977413
6565,3.55626,0.457592,0.0883473,0.0977413
6566,3.51863,0.417032,0.0818709,0.0941753
6567,3.52243,0.429705,0.0827,0.0971148
6568,3.55629,0.449012,0.0871974,0.100944
6569,3.57302,0.474178,0.0924731,0.0965171
6570,3.53728,0.426994,0.0831545,0.095701
6571,3.53728,0.426994,0.0831545,0.095701
6572,3.57567,0.461199,0.0918584,0.100399
6573,3.54691,0.429906,0.0840599,0.0989702
6574,3.60661,0.493604,0.0964675,0.0976625
6575,3.61763,0.486306,0.0972414,0.0939766
6576,3.60639,0.46869,0.0936753,0.0913621
6577,3.60639,0.46869,0.0936753,0.0913621
6578,3.58991,0.46246,0.0905726,0.0925572
6579,3.58943,0.442879,0.0887563,0.0824988
6580,3.58605,0.442424,0.0873981,0.0866085
6581,3.59304,0.476639,0.0955832,0.0991546
6582,3.61727,0.521784,0.101888,0.107592
6583,3.58278,0.475905,0.0929936,0.101117
6584,3.60519,0.489836,0.0944753,0.0978845
6585,3.60519,0.489836,0.0944753,0.0978845
6586,3.60519,0.489836,0.0944753,0.0978845
6587,3.58747,0.487956,0.0951556,0.105291
6588,3.55283,0.439213,0.0861534,0.0984646
6589,3.55916,0.433903,0.0874448,0.0942912
6590,3.55916,0.433903,0.0874448,0.0942912
6591,3.55916,0.433903,0.0874448,0.0942912
6592,3.55916,0.433903,0.0874448,0.0942912
6593,3.55916,0.433903,0.0874448,0.0942912
6594,3.55916,0.433903,0.0874448,0.0942912
6595,3.57656,0.467536,0.0918911,0.103162
6596,3.57656,0.467536,0.0918911,0.103162
6597,3.57656,0.467536,0.0918911,0.103162
6598,3.57656,0.467536,0.0918911,0.103162
6599,3.54677,0.442633,0.0887209,0.104601
6600,3.54677,0.442633,0.0887209,0.104601
6601,3.53111,0.407086,0.0828371,0.0915093
6602,3.52133,0.392971,0.0797729,0.0888648
6603,3.52133,0.392971,0.0797729,0.0888648
6604,3.55533,0.43429,0.0862127,0.0955245
6605,3.55533,0.43429,0.0862127,0.0955245
6606,3.59722,0.467523,0.0931476,0.0897193
6607,3.60229,0.454989,0.0901557,0.0820829
6608,3.60229,0.454989,0.0901557,0.0820829
6609,3.62369,0.484831,0.0955463,0.08803
6610,3.61265,0.490074,0.0957141,0.0907396
6611,3.6095,0.49457,0.0962621,0.0981586
6612,3.56182,0.43367,0.0857089,0.0939306
6613,3.60205,0.506746,0.0980925,0.1027
6614,3.60205,0.506746,0.0980925,0.1027
6615,3.60205,0.506746,0.0980925,0.1027
6616,3.5815,0.478383,0.0931786,0.102923
6617,3.59526,0.467662,0.0927746,0.0879869
6618,3.59639,0.46284,0.090642,0.0892075
6619,3.5999,0.46779,0.0911983,0.0854251
6620,3.59767,0.474896,0.0944409,0.0911665
6621,3.59134,0.476292,0.0948065,0.0974915
6622,3.61602,0.521706,0.101796,0.104644
6623,3.62216,0.529145,0.099623,0.103759
6624,3.60669,0.51908,0.0983447,0.107339
6625,3.59215,0.507701,0.098692,0.108548
6626,3.62209,0.536127,0.101866,0.104046
6627,3.62209,0.536127,0.101866,0.104046
6628,3.60305,0.520318,0.101772,0.102616
6629,3.62773,0.525765,0.105182,0.100346
6630,3.56932,0.475072,0.093196,0.106322
6631,3.58931,0.500384,0.0964241,0.109336
6632,3.53205,0.462722,0.0899895,0.11714
6633,3.53205,0.462722,0.0899895,0.11714
6634,3.51603,0.442947,0.0856958,0.108945
6635,3.53571,0.472043,0.0921543,0.119353
6636,3.5723,0.495572,0.0976285,0.117649
6637,3.55186,0.491236,0.0964017,0.119458
6638,3.55186,0.491236,0.0964017,0.119458
6639,3.53852,0.461668,0.0903873,0.11634
6640,3.54908,0.483886,0.0917324,0.117225
6641,3.55199,0.469181,0.0910824,0.115822
6642,3.55199,0.469181,0.0910824,0.115822
6643,3.54053,0.453627,0.0895934,0.108741
6644,3.53112,0.456474,0.0898163,0.112987
6645,3.53112,0.456474,0.0898163,0.112987
6646,3.53278,0.435242,0.0855483,0.10144
6647,3.51937,0.417011,0.0833044,0.0996041
6648,3.5147,0.422876,0.083266,0.105265
6649,3.5147,0.422876,0.083266,0.105265
6650,3.5147,0.422876,0.083266,0.105265
6651,3.53173,0.436048,0.0864616,0.0990004
6652,3.50637,0.397797,0.0803383,0.0958301
6653,3.50637,0.397797,0.0803383,0.0958301
6654,3.49575,0.392028,0.0782997,0.100132
6655,3.52213,0.395116,0.0792773,0.0894073
6656,3.53448,0.407686,0.0816874,0.0883271
6657,3.51733,0.370964,0.0749605,0.0764164
6658,3.51733,0.370964,0.0749605,0.0764164
6659,3.55097,0.416974,0.0825392,0.0801864
6660,3.52361,0.383627,0.0772543,0.0791395
6661,3.53081,0.383668,0.0786672,0.0770549
6662,3.53081,0.383668,0.0786672,0.0770549
6663,3.53081,0.383668,0.0786672,0.0770549
6664,3.53081,0.383668,0.0786672,0.0770549
6665,3.56088,0.416521,0.0845349,0.0820097
6666,3.54028,0.394997,0.0788272,0.0798877
6667,3.55017,0.402156,0.0790302,0.0771754
6668,3.55579,0.425648,0.0843294,0.0874519
6669,3.55579,0.425648,0.0843294,0.0874519
6670,3.59161,0.446574,0.0889103,0.0810228
6671,3.58509,0.442663,0.0866281,0.0821717
6672,3.59596,0.450733,0.0893105,0.0805707
6673,3.59955,0.46174,0.0897151,0.0839291
6674,3.63283,0.517554,0.101514,0.0940475
6675,3.64869,0.518064,0.101864,0.0861272
6676,3.65098,0.520331,0.100329,0.0874126
6677,3.63422,0.505831,0.0987598,0.0876849
6678,3.66663,0.525757,0.106072,0.0818548
6679,3.6514,0.514727,0.102364,0.0853659
6680,3.62452,0.473992,0.0930711,0.0757432
6681,3.5914,0.450835,0.0889643,0.0813938
6682,3.56866,0.440877,0.0880222,0.0884974
6683,3.56866,0.440877,0.0880222,0.0884974
6684,3.56866,0.440877,0.0880222,0.0884974
6685,3.5283,0.386529,0.0761613,0.0803268
6686,3.5283,0.386529,0.0761613,0.0803268
6687,3.5283,0.386529,0.0761613,0.0803268
6688,3.55953,0.417596,0.0827984,0.0839838
6689,3.55953,0.417596,0.0827984,0.0839838
6690,3.6271,0.455498,0.0903908,0.0692745
6691,3.62287,0.465875,0.0924366,0.0730938
6692,3.62287,0.465875,0.0924366,0.0730938
6693,3.62287,0.465875,0.0924366,0.0730938
6694,3.62521,0.469833,0.092733,0.0765954
6695,3.63201,0.485602,0.0959168,0.0816171
6696,3.63201,0.485602,0.0959168,0.0816171
6697,3.63201,0.485602,0.0959168,0.0816171
6698,3.65614,0.530899,0.102826,0.0904973
6699,3.67403,0.539716,0.107049,0.0856656
6700,3.6383,0.496547,0.0996032,0.07913
6701,3.67528,0.555747,0.107872,0.0878761
6702,3.66948,0.563886,0.109184,0.0935941
6703,3.66896,0.567989,0.111795,0.0941053
6704,3.66288,0.532264,0.104847,0.0841447
6705,3.67369,0.560894,0.110437,0.0912683
6706,3.67566,0.525841,0.103299,0.076591
6707,3.67566,0.525841,0.103299,0.076591
6708,3.64723,0.524746,0.102876,0.092585
6709,3.65102,0.527569,0.105736,0.0896124
6710,3.66322,0.538474,0.106845,0.0901768
6711,3.64623,0.524147,0.10287,0.0905598
6712,3.65556,0.534289,0.104056,0.0899989
6713,3.67242,0.574253,0.110251,0.0980856
6714,3.62298,0.527214,0.101617,0.0980893
6715,3.6283,0.532017,0.10367,0.101382
6716,3.61289,0.485987,0.094359,0.0911782
6717,3.66159,0.548264,0.109294,0.0917119
6718,3.63972,0.520899,0.0995842,0.0913298
6719,3.63012,0.507744,0.1006,0.0906655
6720,3.65704,0.538962,0.103852,0.0898082
6721,3.65704,0.538962,0.103852,0.0898082
6722,3.65427,0.521836,0.102371,0.0827594
6723,3.62951,0.501969,0.0971649,0.0846868
6724,3.65141,0.530407,0.102135,0.0902949
6725,3.65141,0.530407,0.102135,0.0902949
6726,3.6113,0.496327,0.0977446,0.0953094
6727,3.63733,0.53332,0.102514,0.099359
6728,3.6131,0.50654,0.0982914,0.0987859
6729,3.6131,0.50654,0.0982914,0.0987859
6730,3.6131,0.50654,0.0982914,0.0987859
6731,3.6131,0.50654,0.0982914,0.0987859
6732,3.61889,0.511197,0.100288,0.0978975
6733,3.61889,0.511197,0.100288,0.0978975
6734,3.6277,0.490215,0.0979043,0.0855528
6735,3.5926,0.44126,0.0866426,0.0822774
6736,3.5926,0.44126,0.0866426,0.0822774
6737,3.5926,0.44126,0.0866426,0.0822774
6738,3.63062,0.489313,0.0959871,0.083776
6739,3.64576,0.504979,0.0990126,0.0835319
6740,3.64576,0.504979,0.0990126,0.0835319
6741,3.64017,0.522444,0.100432,0.0903054
6742,3.63642,0.521344,0.101267,0.0968058
6743,3.64952,0.546244,0.106545,0.100619
6744,3.63837,0.525909,0.104117,0.0974286
6745,3.66446,0.55144,0.107826,0.0928361
6746,3.67975,0.56392,0.106262,0.0880283
6747,3.67975,0.56392,0.106262,0.0880283
6748,3.67975,0.56392,0.106262,0.0880283
6749,3.67975,0.56392,0.106262,0.0880283
6750,3.667,0.5508,0.10865,0.0931629
6751,3.64177,0.528428,0.104286,0.0950215
6752,3.64177,0.528428,0.104286,0.0950215
6753,3.66219,0.559596,0.108652,0.095139
6754,3.64122,0.51873,0.0995743,0.0883207
6755,3.62733,0.493309,0.095291,0.0843979
6756,3.65571,0.530424,0.104612,0.0843846
6757,3.65486,0.521929,0.10042,0.0838426
6758,3.65502,0.526548,0.104493,0.0854116
6759,3.63994,0.501176,0.097241,0.0820008
6760,3.65608,0.499689,0.0990351,0.0754322
6761,3.70901,0.566336,0.110813,0.07546
6762,3.71332,0.588706,0.113071,0.0822168
6763,3.71332,0.588706,0.113071,0.0822168
6764,3.71332,0.588706,0.113071,0.0822168
6765,3.69401,0.567931,0.10781,0.0838579
6766,3.698,0.564599,0.108778,0.0793703
6767,3.67713,0.523515,0.104046,0.071996
6768,3.67713,0.523515,0.104046,0.071996
6769,3.66062,0.489882,0.0947213,0.0658764
6770,3.6797,0.513831,0.0996473,0.0695228
6771,3.6797,0.513831,0.0996473,0.0695228
6772,3.64812,0.494871,0.0955382,0.0753374
6773,3.64144,0.491532,0.0966126,0.0781342
6774,3.61177,0.473427,0.0936238,0.0820511
6775,3.63043,0.511362,0.0996534,0.0844408
6776,3.59741,0.468791,0.0912219,0.0818672
6777,3.59741,0.468791,0.0912219,0.0818672
6778,3.59741,0.468791,0.0912219,0.0818672
6779,3.60939,0.479091,0.0958214,0.087481
6780,3.63361,0.523523,0.101325,0.0946055
6781,3.63361,0.523523,0.101325,0.0946055
6782,3.60652,0.49846,0.0972078,0.0941723
6783,3.58822,0.484646,0.0935788,0.101429
6784,3.58822,0.484646,0.0935788,0.101429
6785,3.57964,0.471023,0.0904707,0.100321
6786,3.60267,0.500765,0.0968595,0.104579
6787,3.55013,0.445011,0.0879321,0.10104
6788,3.57696,0.465569,0.0886917,0.0993764
6789,3.55939,0.446667,0.0886249,0.0989543
6790,3.55939,0.446667,0.0886249,0.0989543
6791,3.56658,0.453449,0.0886789,0.0990088
6792,3.54381,0.434495,0.085223,0.101077
6793,3.58225,0.492389,0.0941526,0.107202
6794,3.56621,0.453577,0.0878692,0.09814
6795,3.55612,0.458596,0.0894338,0.10359
6796,3.56232,0.459659,0.08936,0.104953
6797,3.56232,0.459659,0.08936,0.104953
6798,3.57026,0.462738,0.0890586,0.100272
6799,3.58276,0.488221,0.0955582,0.105847
6800,3.62941,0.531717,0.104237,0.103708
6801,3.62429,0.541121,0.102986,0.105294
6802,3.65133,0.579815,0.108976,0.106042
6803,3.64242,0.597137,0.111,0.102755
6804,3.6318,0.569805,0.108772,0.103719
6805,3.6318,0.569805,0.108772,0.103719
6806,3.6294,0.54565,0.104503,0.0977808
6807,3.67229,0.552887,0.107567,0.0907969
6808,3.62209,0.492519,0.0963387,0.0876656
6809,3.55341,0.397894,0.0801764,0.0759874
6810,3.56868,0.419446,0.082085,0.0783389
6811,3.56868,0.419446,0.082085,0.0783389
6812,3.56868,0.419446,0.082085,0.0783389
6813,3.57371,0.423735,0.0857686,0.0821371
6814,3.57921,0.442906,0.0879365,0.0888617
6815,3.5872,0.44553,0.0893515,0.0860955
6816,3.5872,0.44553,0.0893515,0.0860955
6817,3.56395,0.432269,0.087012,0.0897331
6818,3.54033,0.402233,0.0804041,0.0834251
6819,3.52945,0.3919,0.0782531,0.0839519
6820,3.53167,0.389031,0.0791988,0.0826041
6821,3.53167,0.389031,0.0791988,0.0826041
6822,3.55743,0.424288,0.0841776,0.0883979
6823,3.55743,0.424288,0.0841776,0.0883979
6824,3.51286,0.383863,0.0766155,0.0877379
6825,3.55257,0.429615,0.0859543,0.0927024
6826,3.55913,0.450478,0.0887184,0.100523
6827,3.52531,0.414128,0.0819822,0.0981317
6828,3.52531,0.414128,0.0819822,0.0981317
6829,3.54827,0.450034,0.0892069,0.106778
6830,3.49359,0.38088,0.0742547,0.0959535
6831,3.50758,0.389099,0.0774062,0.092755
6832,3.55135,0.413099,0.0815432,0.0847657
6833,3.55135,0.413099,0.0815432,0.0847657
6834,3.57021,0.436549,0.0854385,0.0845103
6835,3.56512,0.435492,0.085162,0.0886467
6836,3.58616,0.444779,0.0874956,0.0817571
6837,3.58266,0.458037,0.0900543,0.0910206
6838,3.58266,0.458037,0.0900543,0.0910206
6839,3.50772,0.378056,0.0750726,0.0886535
6840,3.5413,0.415648,0.0820092,0.0912666
6841,3.51293,0.376293,0.0737197,0.0847107
6842,3.51293,0.376293,0.0737197,0.0847107
6843,3.56182,0.429511,0.0866042,0.0866949
6844,3.56182,0.429511,0.0866042,0.0866949
6845,3.56182,0.429511,0.0866042,0.0866949
6846,3.5856,0.442917,0.0863889,0.0849011
6847,3.59528,0.466924,0.0932751,0.0917345
6848,3.60796,0.473996,0.0943713,0.0893266
6849,3.59256,0.453498,0.0902664,0.0844129
6850,3.59256,0.453498,0.0902664,0.0844129
6851,3.59256,0.453498,0.0902664,0.0844129
6852,3.62747,0.497716,0.099453,0.0872387
6853,3.55843,0.427318,0.0853851,0.0903103
6854,3.55196,0.435279,0.0846478,0.0963395
6855,3.58498,0.469745,0.0930564,0.0933125
6856,3.58899,0.464984,0.0911031,0.0869197
6857,3.58659,0.44951,0.0882787,0.0849246
6858,3.60713,0.477808,0.0914485,0.0865607
6859,3.61507,0.452684,0.0883514,0.0724981
6860,3.61507,0.452684,0.0883514,0.0724981
6861,3.62965,0.474284,0.0935814,0.0757877
6862,3.6337,0.476166,0.0953093,0.0764501
6863,3.61202,0.466157,0.0906466,0.0812047
6864,3.65974,0.510511,0.0986841,0.0788995
6865,3.65075,0.510427,0.0995906,0.0839452
6866,3.65075,0.510427,0.0995906,0.0839452
6867,3.62869,0.490799,0.0961084,0.0856222
6868,3.62708,0.468634,0.0922453,0.0773611
6869,3.60803,0.464236,0.0918492,0.0848178
6870,3.61039,0.473633,0.0942435,0.0880059
6871,3.61039,0.473633,0.0942435,0.0880059
6872,3.64602,0.521662,0.100465,0.0898505
6873,3.62752,0.493594,0.0966379,0.0882517
6874,3.64742,0.505499,0.0993368,0.0816647
6875,3.57034,0.430363,0.086371,0.0839679
6876,3.58429,0.43768,0.0872402,0.0837088
6877,3.57302,0.416344,0.0834936,0.0750495
6878,3.57302,0.416344,0.0834936,0.0750495
6879,3.56304,0.404752,0.0812121,0.0752011
6880,3.5716,0.419387,0.0827763,0.0764892
6881,3.5716,0.419387,0.0827763,0.0764892
6882,3.5716,0.419387,0.0827763,0.0764892
6883,3.52289,0.377942,0.0757656,0.079704
6884,3.54537,0.390899,0.0796753,0.0753733
6885,3.61249,0.462364,0.0923492,0.0793614
6886,3.61249,0.462364,0.0923492,0.0793614
6887,3.61249,0.462364,0.0923492,0.0793614
6888,3.62146,0.463366,0.0921542,0.0753684
6889,3.62146,0.463366,0.0921542,0.0753684
6890,3.58888,0.426693,0.0842011,0.0699831
6891,3.55493,0.407022,0.0817254,0.0760184
6892,3.55493,0.407022,0.0817254,0.0760184
6893,3.55493,0.407022,0.0817254,0.0760184
6894,3.57793,0.41867,0.0853812,0.0736539
6895,3.57953,0.420603,0.0839793,0.0742214
6896,3.58867,0.440506,0.0886446,0.0773741
6897,3.58315,0.448208,0.0894021,0.0831023
6898,3.58315,0.448208,0.0894021,0.0831023
6899,3.60528,0.494076,0.0968216,0.0974596
6900,3.61334,0.501593,0.0970983,0.0961011
6901,3.60623,0.490989,0.0928449,0.0941922
6902,3.60623,0.490989,0.0928449,0.0941922
6903,3.6878,0.583987,0.11281,0.0928736
6904,3.66563,0.530199,0.10369,0.0823736
6905,3.66563,0.530199,0.10369,0.0823736
6906,3.71962,0.608709,0.120404,0.09009
6907,3.71212,0.604497,0.118034,0.0911402
6908,3.71212,0.604497,0.118034,0.0911402
6909,3.67076,0.544034,0.106843,0.0880103
6910,3.70671,0.611411,0.118324,0.0958783
6911,3.66288,0.561478,0.108437,0.0992165
6912,3.64454,0.529034,0.100306,0.0946431
6913,3.66247,0.566243,0.110095,0.102183
6914,3.65484,0.574057,0.11273,0.104419
6915,3.6231,0.542082,0.10384,0.101922
6916,3.63367,0.556552,0.109371,0.104843
6917,3.63367,0.556552,0.109371,0.104843
6918,3.63367,0.556552,0.109371,0.104843
6919,3.61285,0.508047,0.100208,0.0984041
6920,3.61285,0.508047,0.100208,0.0984041
6921,3.61285,0.508047,0.100208,0.0984041
6922,3.59308,0.489471,0.0948636,0.10064
6923,3.59308,0.489471,0.0948636,0.10064
6924,3.61424,0.516197,0.10158,0.101426
6925,3.61549,0.503894,0.0984507,0.0981321
6926,3.57182,0.464138,0.092739,0.0974991
6927,3.59526,0.48686,0.0941637,0.0963575
6928,3.57501,0.502453,0.0951807,0.109875
6929,3.57501,0.502453,0.0951807,0.109875
6930,3.57758,0.509904,0.0994638,0.107242
6931,3.60281,0.526497,0.101749,0.108809
6932,3.59632,0.51387,0.0992964,0.108235
6933,3.56705,0.474449,0.093707,0.104986
6934,3.55975,0.463279,0.0903526,0.102946
6935,3.55975,0.463279,0.0903526,0.102946
6936,3.58185,0.51699,0.0997359,0.110653
6937,3.57662,0.482221,0.0942609,0.104412
6938,3.52209,0.403749,0.0802459,0.0948937
6939,3.56021,0.443309,0.0876499,0.0968565
6940,3.56021,0.443309,0.0876499,0.0968565
6941,3.56021,0.443309,0.0876499,0.0968565
6942,3.52531,0.414568,0.0819726,0.100246
6943,3.51102,0.394864,0.0786268,0.0952899
6944,3.53019,0.402706,0.0799369,0.0910131
6945,3.49275,0.363441,0.071889,0.085752
6946,3.50592,0.375669,0.0754489,0.0866142
6947,3.4495,0.334128,0.0661872,0.0889432
6948,3.44098,0.330676,0.0660074,0.086371
6949,3.45074,0.328815,0.0628115,0.082342
6950,3.45778,0.33206,0.0669588,0.0826348
6951,3.45737,0.3148,0.0644073,0.0717191
6952,3.46732,0.323964,0.0656313,0.0719709
6953,3.48395,0.348231,0.0702292,0.0806497
6954,3.49553,0.340891,0.0673032,0.0682088
6955,3.49579,0.343085,0.0689156,0.071346
6956,3.49579,0.343085,0.0689156,0.071346
6957,3.52112,0.360124,0.072922,0.0680746
6958,3.52112,0.360124,0.072922,0.0680746
6959,3.50501,0.345928,0.0705719,0.0659243
6960,3.49323,0.358473,0.071283,0.0774387
6961,3.48986,0.355569,0.0712726,0.0785506
6962,3.47239,0.337077,0.0686279,0.0777965
6963,3.51495,0.375093,0.0736481,0.0785719
6964,3.51063,0.373289,0.0750339,0.0745442
6965,3.51063,0.373289,0.0750339,0.0745442
6966,3.49383,0.361727,0.0710317,0.0742362
6967,3.54275,0.394488,0.0778477,0.0713182
6968,3.51885,0.363191,0.072901,0.0728796
6969,3.50274,0.373878,0.0739561,0.0851117
6970,3.50274,0.373878,0.0739561,0.0851117
6971,3.55223,0.434118,0.0871714,0.085553
6972,3.55223,0.434118,0.0871714,0.085553
6973,3.52395,0.416971,0.0818184,0.0900111
6974,3.55515,0.425676,0.083068,0.0817852
6975,3.56185,0.421217,0.0833429,0.0827062
6976,3.57097,0.420976,0.084124,0.0752461
6977,3.54078,0.409922,0.0806985,0.0837382
6978,3.54078,0.409922,0.0806985,0.0837382
6979,3.55144,0.400593,0.0806052,0.0752554
6980,3.55793,0.413522,0.0842272,0.0790118
6981,3.55793,0.413522,0.0842272,0.0790118
6982,3.55793,0.413522,0.0842272,0.0790118
6983,3.55793,0.413522,0.0842272,0.0790118
6984,3.55793,0.413522,0.0842272,0.0790118
6985,3.55793,0.413522,0.0842272,0.0790118
6986,3.55793,0.413522,0.0842272,0.0790118
6987,3.53577,0.399945,0.0781085,0.0819875
6988,3.52886,0.405191,0.078963,0.0856424
6989,3.54782,0.423711,0.0824759,0.0820091
6990,3.53664,0.424707,0.0830268,0.0877894
6991,3.53664,0.424707,0.0830268,0.0877894
6992,3.51739,0.389309,0.0746172,0.0795148
6993,3.50889,0.409018,0.0803933,0.0906224
6994,3.53955,0.420167,0.0829945,0.0880726
6995,3.54389,0.429403,0.0864985,0.0851674
6996,3.56043,0.437925,0.0871225,0.0844396
6997,3.56629,0.446492,0.0856796,0.0815349
6998,3.58457,0.447626,0.0905314,0.0789374
6999,3.56329,0.427914,0.0843023,0.0826103
7000,3.56329,0.427914,0.0843023,0.0826103
7001,3.56329,0.427914,0.0843023,0.0826103
7002,3.56329,0.427914,0.0843023,0.0826103
7003,3.56145,0.440266,0.0853828,0.0872608
7004,3.56145,0.440266,0.0853828,0.0872608
7005,3.57365,0.449376,0.0878426,0.0867304
7006,3.57365,0.449376,0.0878426,0.0867304
7007,3.59275,0.468751,0.0917679,0.0817648
7008,3.58546,0.485973,0.0934977,0.0945001
7009,3.58546,0.485973,0.0934977,0.0945001
7010,3.58546,0.485973,0.0934977,0.0945001
7011,3.59843,0.488815,0.093645,0.0921989
7012,3.58953,0.491857,0.0953241,0.0974678
7013,3.58953,0.491857,0.0953241,0.0974678
7014,3.58953,0.491857,0.0953241,0.0974678
7015,3.61403,0.52371,0.103102,0.09759
7016,3.63151,0.532195,0.104502,0.0955067
7017,3.64565,0.563179,0.107413,0.0968347
7018,3.66396,0.597253,0.115202,0.104443
7019,3.66396,0.597253,0.115202,0.104443
7020,3.65508,0.552158,0.107987,0.0940678
7021,3.66069,0.569784,0.10768,0.103777
7022,3.68593,0.577156,0.11186,0.0908576
7023,3.59384,0.484856,0.0932769,0.0933017
7024,3.62515,0.51588,0.0998448,0.0906713
7025,3.62515,0.51588,0.0998448,0.0906713
7026,3.63813,0.534713,0.105319,0.0932718
7027,3.68586,0.582284,0.113468,0.0890624
7028,3.63177,0.516374,0.0988108,0.0888675
7029,3.65883,0.553375,0.107855,0.0947477
7030,3.65883,0.553375,0.107855,0.0947477
7031,3.65883,0.553375,0.107855,0.0947477
7032,3.65883,0.553375,0.107855,0.0947477
7033,3.66211,0.556487,0.107185,0.0956137
7034,3.66473,0.520704,0.102074,0.079285
7035,3.66473,0.520704,0.102074,0.079285
7036,3.66473,0.520704,0.102074,0.079285
7037,3.64143,0.499597,0.0957562,0.0819993
7038,3.64143,0.499597,0.0957562,0.0819993
7039,3.6652,0.532329,0.104457,0.0857083
7040,3.6652,0.532329,0.104457,0.0857083
7041,3.62098,0.491586,0.0932273,0.0904876
7042,3.62098,0.491586,0.0932273,0.0904876
7043,3.67331,0.529004,0.102715,0.0818037
7044,3.70451,0.588491,0.112061,0.0857925
7045,3.70516,0.551926,0.108478,0.0731342
7046,3.70516,0.551926,0.108478,0.0731342
7047,3.70516,0.551926,0.108478,0.0731342
7048,3.67041,0.503668,0.0984302,0.0684829
7049,3.65607,0.467506,0.0927853,0.0599793
7050,3.68377,0.504738,0.098249,0.06308
7051,3.67254,0.497659,0.0981038,0.0668415
7052,3.67938,0.531729,0.103833,0.0792644
7053,3.67938,0.531729,0.103833,0.0792644
7054,3.65864,0.488826,0.0973206,0.0680524
7055,3.66433,0.498692,0.0985897,0.0726327
7056,3.66433,0.498692,0.0985897,0.0726327
7057,3.66433,0.498692,0.0985897,0.0726327
7058,3.66433,0.498692,0.0985897,0.0726327
7059,3.64047,0.464088,0.0925465,0.0632407
7060,3.57928,0.398586,0.0796308,0.0622752
7061,3.60277,0.398406,0.0798682,0.0509975
7062,3.599,0.41631,0.0844978,0.0616475
7063,3.61145,0.455792,0.0909386,0.0757517
7064,3.63732,0.488785,0.0957308,0.0775543
7065,3.63732,0.488785,0.0957308,0.0775543
7066,3.65187,0.519329,0.0987012,0.08588
7067,3.63153,0.507649,0.0983509,0.0886169
7068,3.65648,0.534051,0.105643,0.0901022
7069,3.6239,0.492731,0.0949752,0.086163
7070,3.65739,0.523089,0.101277,0.084927
7071,3.64686,0.530284,0.101566,0.0908154
7072,3.65204,0.541623,0.104924,0.0943942
7073,3.66209,0.542603,0.107904,0.0900238
7074,3.63037,0.519224,0.100667,0.0961882
7075,3.65544,0.530584,0.103457,0.085989
7076,3.65936,0.554485,0.106928,0.0913213
7077,3.65936,0.554485,0.106928,0.0913213
7078,3.65936,0.554485,0.106928,0.0913213
7079,3.68317,0.587972,0.115914,0.0950286
7080,3.68633,0.599814,0.117323,0.0978027
7081,3.68633,0.599814,0.117323,0.0978027
7082,3.67077,0.598173,0.114871,0.104387
7083,3.69786,0.65472,0.125153,0.10538
7084,3.70794,0.692415,0.132424,0.113723
7085,3.68331,0.647301,0.123474,0.106034
7086,3.68982,0.63649,0.12136,0.108147
7087,3.68982,0.63649,0.12136,0.108147
7088,3.66964,0.590175,0.116044,0.103096
7089,3.6924,0.661434,0.124834,0.116464
7090,3.6924,0.661434,0.124834,0.116464
7091,3.6924,0.661434,0.124834,0.116464
7092,3.68142,0.635632,0.120917,0.113861
7093,3.70583,0.663551,0.126111,0.109683
7094,3.69828,0.639658,0.121167,0.110034
7095,3.6869,0.593597,0.1139,0.102757
7096,3.64207,0.537165,0.10389,0.099891
7097,3.64207,0.537165,0.10389,0.099891
7098,3.73076,0.682677,0.130443,0.10943
7099,3.73076,0.682677,0.130443,0.10943
7100,3.73592,0.669886,0.127121,0.101586
7101,3.73491,0.680864,0.13167,0.110523
7102,3.75157,0.66049,0.126116,0.09359
7103,3.7255,0.614179,0.119758,0.0912744
7104,3.7327,0.638423,0.123395,0.0974473
7105,3.72317,0.618139,0.121638,0.0904401
7106,3.72317,0.618139,0.121638,0.0904401
7107,3.72317,0.618139,0.121638,0.0904401
7108,3.75497,0.671444,0.129256,0.0957697
7109,3.74195,0.634693,0.121829,0.0860398
7110,3.75477,0.639621,0.124785,0.0836678
7111,3.75477,0.639621,0.124785,0.0836678
7112,3.75477,0.639621,0.124785,0.0836678
7113,3.79726,0.689584,0.133076,0.0802252
7114,3.8144,0.731268,0.140701,0.085092
7115,3.83991,0.814156,0.153843,0.0980633
7116,3.86475,0.861607,0.164971,0.100749
7117,3.8402,0.837508,0.162092,0.106133
7118,3.86838,0.884399,0.165048,0.105824
7119,3.86354,0.874423,0.169054,0.105046
7120,3.86417,0.846787,0.161652,0.0953794
7121,3.8385,0.786646,0.149301,0.0911035
7122,3.82618,0.74895,0.146112,0.0902724
7123,3.87192,0.824215,0.159106,0.089474
7124,3.87778,0.856801,0.16184,0.0957827
7125,3.87778,0.856801,0.16184,0.0957827
7126,3.82929,0.798768,0.153632,0.0968486
7127,3.80421,0.722671,0.138762,0.0866605
7128,3.80399,0.738915,0.14109,0.0920748
7129,3.80399,0.738915,0.14109,0.0920748
7130,3.82259,0.759418,0.145034,0.092119
7131,3.83491,0.771043,0.151379,0.0868627
7132,3.83816,0.80559,0.155496,0.0974664
7133,3.85597,0.854786,0.162715,0.0997538
7134,3.85597,0.854786,0.162715,0.0997538
7135,3.8308,0.803818,0.150943,0.097303
7136,3.8155,0.763501,0.145457,0.0926292
7137,3.8608,0.830279,0.156914,0.0945047
7138,3.8608,0.830279,0.156914,0.0945047
7139,3.8868,0.859516,0.163556,0.088482
7140,3.88277,0.848803,0.159597,0.086287
7141,3.88277,0.848803,0.159597,0.086287
7142,3.88277,0.848803,0.159597,0.086287
7143,3.9059,0.88391,0.166666,0.0875547
7144,3.88493,0.852101,0.158864,0.0871999
7145,3.87885,0.880376,0.163916,0.0942766
7146,3.87885,0.880376,0.163916,0.0942766
7147,3.87046,0.837083,0.156736,0.0865301
7148,3.91143,0.893754,0.170341,0.0807999
7149,3.83725,0.770624,0.149071,0.0814225
7150,3.85647,0.800692,0.151256,0.0827273
7151,3.84808,0.773406,0.147283,0.0782845
7152,3.85397,0.827085,0.155422,0.0863218
7153,3.83791,0.785245,0.144553,0.0845445
7154,3.8284,0.768554,0.144898,0.0867262
7155,3.79199,0.68736,0.130844,0.0802333
7156,3.81212,0.709097,0.137398,0.076571
7157,3.80112,0.712686,0.13294,0.085093
7158,3.80306,0.703539,0.133845,0.0798187
7159,3.80306,0.703539,0.133845,0.0798187
7160,3.78557,0.669413,0.126497,0.0761825
7161,3.79372,0.689501,0.131353,0.0788198
7162,3.79345,0.689201,0.132243,0.0753158
7163,3.80893,0.717854,0.137551,0.0809285
7164,3.80204,0.714332,0.135914,0.0868645
7165,3.80204,0.714332,0.135914,0.0868645
7166,3.81615,0.759839,0.145531,0.094698
7167,3.81615,0.759839,0.145531,0.094698
7168,3.80687,0.760862,0.143153,0.099932
7169,3.80687,0.760862,0.143153,0.099932
7170,3.79424,0.739284,0.137393,0.0995016
7171,3.79424,0.739284,0.137393,0.0995016
7172,3.79424,0.739284,0.137393,0.0995016
7173,3.79203,0.760206,0.144254,0.104819
7174,3.79063,0.778771,0.147281,0.111945
7175,3.79063,0.778771,0.147281,0.111945
7176,3.79063,0.778771,0.147281,0.111945
7177,3.77731,0.743289,0.143052,0.107798
7178,3.78461,0.739616,0.141362,0.105297
7179,3.74146,0.663286,0.125583,0.100825
7180,3.74146,0.663286,0.125583,0.100825
7181,3.76235,0.69008,0.135365,0.100635
7182,3.84577,0.829582,0.158263,0.10246
7183,3.78803,0.720996,0.134828,0.093071
7184,3.78803,0.720996,0.134828,0.093071
7185,3.78803,0.720996,0.134828,0.093071
7186,3.78803,0.720996,0.134828,0.093071
7187,3.78615,0.701194,0.131506,0.0917592
7188,3.78615,0.701194,0.131506,0.0917592
7189,3.78615,0.701194,0.131506,0.0917592
7190,3.77475,0.69507,0.132954,0.0931703
7191,3.77475,0.69507,0.132954,0.0931703
7192,3.81431,0.743601,0.141184,0.0916419
7193,3.81802,0.759467,0.146358,0.0944724
7194,3.82886,0.752462,0.143196,0.0877733
7195,3.83884,0.78908,0.149433,0.0933159
7196,3.83341,0.760451,0.147645,0.0836554
7197,3.86253,0.815705,0.154105,0.0885875
7198,3.83971,0.791587,0.150796,0.0907513
7199,3.84817,0.793699,0.148601,0.0850111
7200,3.87792,0.8146,0.153905,0.0781499
7201,3.89564,0.865683,0.162746,0.0871076
7202,3.87471,0.85069,0.16152,0.0921917
7203,3.87471,0.85069,0.16152,0.0921917
7204,3.90058,0.926797,0.174496,0.0982011
7205,3.88226,0.860327,0.164678,0.0927203
7206,3.84964,0.815767,0.15734,0.0948351
7207,3.84964,0.815767,0.15734,0.0948351
7208,3.84964,0.815767,0.15734,0.0948351
7209,3.90401,0.9113,0.176051,0.0902638
7210,3.87665,0.883699,0.170377,0.0981516
7211,3.8827,0.845258,0.160042,0.0815746
7212,3.83161,0.772719,0.146214,0.0830121
7213,3.83161,0.772719,0.146214,0.0830121
7214,3.82046,0.723015,0.136162,0.0796255
7215,3.85497,0.801924,0.151501,0.0859933
7216,3.83578,0.748258,0.145868,0.0802694
7217,3.79045,0.686794,0.132949,0.0818264
7218,3.77533,0.649094,0.12575,0.0789539
7219,3.77533,0.649094,0.12575,0.0789539
7220,3.77533,0.649094,0.12575,0.0789539
7221,3.74678,0.594781,0.114619,0.0741397
7222,3.76192,0.628996,0.124406,0.0762009
7223,3.74736,0.635449,0.121562,0.0837453
7224,3.72782,0.640753,0.123637,0.0973514
7225,3.73482,0.626078,0.120159,0.086587
7226,3.72109,0.59666,0.114412,0.0828814
7227,3.72109,0.59666,0.114412,0.0828814
7228,3.72109,0.59666,0.114412,0.0828814
7229,3.71917,0.609154,0.11973,0.0884233
7230,3.72733,0.629146,0.12181,0.0937008
7231,3.68797,0.586663,0.112293,0.0938421
7232,3.69881,0.592066,0.112873,0.0907468
7233,3.67831,0.571192,0.110514,0.0924419
7234,3.67909,0.566911,0.112173,0.094486
7235,3.65431,0.537364,0.103415,0.0917692
7236,3.65985,0.537284,0.105473,0.0907974
7237,3.65636,0.556513,0.110069,0.0998624
7238,3.67699,0.583616,0.113274,0.0977543
7239,3.65521,0.557543,0.108252,0.100552
7240,3.67263,0.577289,0.111586,0.102208
7241,3.62566,0.505896,0.0988304,0.0947587
7242,3.62824,0.49017,0.0960276,0.085521
7243,3.66682,0.549539,0.110418,0.0913276
7244,3.65627,0.523405,0.103205,0.0869998
7245,3.61256,0.466822,0.0914627,0.0817527
7246,3.64426,0.502244,0.0984783,0.0820127
7247,3.64426,0.502244,0.0984783,0.0820127
7248,3.59541,0.459941,0.0907975,0.0869613
7249,3.60254,0.440864,0.0875749,0.0732114
7250,3.63154,0.472634,0.0954714,0.0754556
7251,3.62113,0.45161,0.0890061,0.072184
7252,3.65071,0.481682,0.0949569,0.0698856
7253,3.65595,0.49231,0.0979497,0.0741169
7254,3.68296,0.532005,0.107089,0.0787236
7255,3.68296,0.532005,0.107089,0.0787236
7256,3.69301,0.546017,0.105645,0.077893
7257,3.69301,0.546017,0.105645,0.077893
7258,3.72119,0.603554,0.1173,0.0852633
7259,3.70876,0.571819,0.111424,0.0810878
7260,3.70649,0.553137,0.10952,0.0751984
7261,3.70396,0.564823,0.11172,0.0788682
7262,3.70468,0.563587,0.11017,0.0789058
7263,3.70468,0.563587,0.11017,0.0789058
7264,3.70468,0.563587,0.11017,0.0789058
7265,3.70007,0.564737,0.10972,0.0819617
7266,3.68133,0.544413,0.1056,0.0824335
7267,3.68365,0.564723,0.10915,0.0844605
7268,3.6566,0.530003,0.106817,0.0837289
7269,3.62045,0.502643,0.0983883,0.0944212
7270,3.64153,0.552749,0.10777,0.103439
7271,3.64504,0.554076,0.108065,0.106367
7272,3.65843,0.543871,0.105841,0.0959462
7273,3.66516,0.553882,0.108119,0.0918136
7274,3.67486,0.563652,0.110911,0.0925742
7275,3.64126,0.513116,0.101492,0.0880496
7276,3.64126,0.513116,0.101492,0.0880496
7277,3.62934,0.511035,0.101954,0.0938325
7278,3.6479,0.527285,0.103816,0.0920633
7279,3.6255,0.486906,0.0954614,0.0832793
7280,3.68773,0.572816,0.111022,0.0935316
7281,3.68748,0.571362,0.111732,0.0902643
7282,3.70633,0.592362,0.117733,0.0895345
7283,3.71516,0.610588,0.119911,0.0920647
7284,3.73807,0.655502,0.130174,0.099507
7285,3.72502,0.65223,0.128965,0.102141
7286,3.73818,0.667101,0.127923,0.101851
7287,3.75678,0.679902,0.13015,0.0971289
7288,3.70209,0.617587,0.122203,0.101711
7289,3.69742,0.589278,0.113575,0.093717
7290,3.73423,0.663838,0.128351,0.0998199
7291,3.72518,0.642525,0.125999,0.0993628
7292,3.73797,0.663383,0.131059,0.100341
7293,3.7363,0.638786,0.125323,0.0913688
7294,3.75102,0.671502,0.130938,0.0947107
7295,3.77806,0.705695,0.140179,0.097561
7296,3.77806,0.705695,0.140179,0.097561
7297,3.78128,0.749211,0.142952,0.105426
7298,3.78128,0.749211,0.142952,0.105426
7299,3.77828,0.728665,0.137584,0.102166
7300,3.81581,0.790853,0.152249,0.103719
7301,3.83462,0.806767,0.159292,0.100749
7302,3.80897,0.789797,0.14855,0.106351
7303,3.83062,0.807753,0.151476,0.102733
7304,3.83062,0.807753,0.151476,0.102733
7305,3.79562,0.743695,0.140829,0.100421
7306,3.79534,0.720205,0.136796,0.0938189
7307,3.76122,0.643442,0.123509,0.0836027
7308,3.76334,0.658111,0.130211,0.087086
7309,3.75486,0.658519,0.127713,0.0913235
7310,3.74096,0.636379,0.127457,0.0885348
7311,3.78713,0.707056,0.134632,0.0869258
7312,3.73612,0.620252,0.123356,0.0812844
7313,3.73612,0.620252,0.123356,0.0812844
7314,3.71862,0.597268,0.116056,0.0864461
7315,3.73105,0.607695,0.118383,0.0841562
7316,3.67221,0.54051,0.106013,0.0852912
7317,3.6916,0.554497,0.108484,0.0820118
7318,3.68481,0.566461,0.111087,0.0894416
7319,3.68022,0.547166,0.105544,0.087253
7320,3.66089,0.520305,0.103099,0.0836888
7321,3.66089,0.520305,0.103099,0.0836888
7322,3.65159,0.522491,0.103817,0.0883805
7323,3.61729,0.477011,0.0922412,0.0837928
7324,3.61729,0.477011,0.0922412,0.0837928
7325,3.65348,0.5235,0.102891,0.0874117
7326,3.65348,0.5235,0.102891,0.0874117
7327,3.61603,0.476614,0.0945493,0.08743
7328,3.58241,0.453177,0.0931449,0.0904259
7329,3.61559,0.4939,0.0976524,0.0921159
7330,3.6283,0.498995,0.0949092,0.092702
7331,3.63348,0.499385,0.0995662,0.0890017
7332,3.64746,0.503733,0.097314,0.0849266
7333,3.65223,0.523913,0.102656,0.0899081
7334,3.63883,0.518229,0.100237,0.0924233
7335,3.63883,0.518229,0.100237,0.0924233
7336,3.59579,0.463217,0.0896247,0.0896192
7337,3.60016,0.463475,0.0913909,0.0868719
7338,3.58052,0.428804,0.0880861,0.0805036
7339,3.57005,0.427231,0.0843113,0.0826545
7340,3.57229,0.417685,0.0840778,0.0767707
7341,3.57229,0.417685,0.0840778,0.0767707
7342,3.55972,0.414098,0.082095,0.0826044
7343,3.56428,0.417504,0.0840417,0.0823421
7344,3.56428,0.417504,0.0840417,0.0823421
7345,3.53026,0.376016,0.0749321,0.0761739
7346,3.51276,0.36311,0.071539,0.0761356
7347,3.51276,0.36311,0.071539,0.0761356
7348,3.51276,0.36311,0.071539,0.0761356
7349,3.50097,0.366887,0.0743059,0.0831001
7350,3.5331,0.392547,0.0765684,0.0819098
7351,3.50391,0.361385,0.0713226,0.079691
7352,3.497,0.364022,0.0735825,0.0819175
7353,3.4974,0.372589,0.0750648,0.0882043
7354,3.52787,0.404064,0.078779,0.0926949
7355,3.52787,0.404064,0.078779,0.0926949
7356,3.55952,0.430754,0.0854383,0.0907069
7357,3.55952,0.430754,0.0854383,0.0907069
7358,3.55979,0.431033,0.0847265,0.0888493
7359,3.56336,0.421808,0.0820748,0.0841611
7360,3.54024,0.420039,0.0818277,0.0938695
7361,3.54353,0.419597,0.0816347,0.09057
7362,3.53655,0.405703,0.0804067,0.0849289
7363,3.57969,0.448898,0.0890668,0.0832153
7364,3.54655,0.404106,0.0791763,0.0773049
7365,3.54655,0.404106,0.0791763,0.0773049
7366,3.53114,0.41768,0.0825292,0.0847868
7367,3.49152,0.370984,0.0743373,0.0860991
7368,3.50527,0.411618,0.0804087,0.0967871
7369,3.50527,0.411618,0.0804087,0.0967871
7370,3.53785,0.460364,0.0899959,0.101115
7371,3.48295,0.413113,0.0801679,0.09383
7372,3.47686,0.380269,0.0730878,0.0872168
7373,3.51789,0.425375,0.0832583,0.0917013
7374,3.56419,0.46424,0.0875191,0.0900827
7375,3.56419,0.46424,0.0875191,0.0900827
7376,3.52433,0.41429,0.0807502,0.0866215
7377,3.54366,0.452572,0.0871681,0.0927759
7378,3.53913,0.473659,0.0920889,0.100797
7379,3.53913,0.473659,0.0920889,0.100797
7380,3.53913,0.473659,0.0920889,0.100797
7381,3.53631,0.479597,0.0933797,0.101208
7382,3.52847,0.447043,0.0889135,0.0983465
7383,3.52847,0.447043,0.0889135,0.0983465
7384,3.51578,0.445618,0.0871733,0.0944833
7385,3.55376,0.464242,0.0889007,0.0915163
7386,3.57252,0.498155,0.0954347,0.103842
7387,3.57252,0.498155,0.0954347,0.103842
7388,3.61409,0.561007,0.108099,0.104021
7389,3.62832,0.572864,0.110437,0.101967
7390,3.61995,0.516163,0.100103,0.0978247
7391,3.56945,0.467106,0.092098,0.0989548
7392,3.59009,0.495498,0.098024,0.0992907
7393,3.63267,0.533698,0.104101,0.0949158
7394,3.60188,0.514674,0.0998376,0.0951811
7395,3.60207,0.511773,0.099466,0.0960847
7396,3.60207,0.511773,0.099466,0.0960847
7397,3.55591,0.450382,0.0880412,0.0919063
7398,3.55591,0.450382,0.0880412,0.0919063
7399,3.58276,0.470714,0.0929467,0.0904607
7400,3.60437,0.477035,0.0952251,0.0837048
7401,3.57313,0.441968,0.0877899,0.085952
7402,3.55498,0.431163,0.0849442,0.0873888
7403,3.55498,0.431163,0.0849442,0.0873888
7404,3.57178,0.453218,0.0886855,0.0872467
7405,3.60726,0.477785,0.0942756,0.0864278
7406,3.60726,0.477785,0.0942756,0.0864278
7407,3.60726,0.477785,0.0942756,0.0864278
7408,3.60068,0.465106,0.09293,0.0840156
7409,3.60068,0.465106,0.09293,0.0840156
7410,3.57082,0.442461,0.0868043,0.0888997
7411,3.58154,0.468831,0.092581,0.0983187
7412,3.59408,0.490622,0.0963729,0.103241
7413,3.59384,0.467893,0.0937895,0.0916696
7414,3.55563,0.427449,0.0852857,0.088465
7415,3.59821,0.461875,0.0919765,0.0858952
7416,3.61115,0.464873,0.0918606,0.0792448
7417,3.59184,0.458873,0.091634,0.0821005
7418,3.5954,0.479668,0.0952508,0.08533
7419,3.59665,0.481864,0.0949096,0.0858137
7420,3.62528,0.517407,0.100071,0.0833791
7421,3.62528,0.517407,0.100071,0.0833791
7422,3.58995,0.489075,0.0969803,0.0877858
7423,3.62529,0.512961,0.100511,0.0910864
7424,3.65043,0.574378,0.112294,0.0915592
7425,3.65212,0.547873,0.105477,0.0859852
7426,3.64043,0.592747,0.112364,0.10033
7427,3.57977,0.460435,0.0897823,0.0817165
7428,3.60342,0.480986,0.0929531,0.0819018
7429,3.57689,0.488453,0.0946386,0.0948479
7430,3.59057,0.487581,0.0970537,0.0923361
7431,3.58044,0.474444,0.0937445,0.0905739
7432,3.58044,0.474444,0.0937445,0.0905739
7433,3.58498,0.477008,0.0942558,0.0909818
7434,3.56548,0.435663,0.0860423,0.0848565
7435,3.57286,0.451046,0.089549,0.0891276
7436,3.57286,0.451046,0.089549,0.0891276
7437,3.58815,0.473951,0.0918556,0.0977999
7438,3.58815,0.473951,0.0918556,0.0977999
7439,3.5396,0.417426,0.0821181,0.0925486
7440,3.52709,0.39385,0.0782854,0.0858798
7441,3.52709,0.39385,0.0782854,0.0858798
7442,3.52709,0.39385,0.0782854,0.0858798
7443,3.52709,0.39385,0.0782854,0.0858798
7444,3.52685,0.392263,0.0770651,0.085612
7445,3.52084,0.388933,0.0769074,0.0811644
7446,3.52084,0.388933,0.0769074,0.0811644
7447,3.52084,0.388933,0.0769074,0.0811644
7448,3.53093,0.373867,0.075205,0.0696134
7449,3.53093,0.373867,0.075205,0.0696134
7450,3.533,0.373714,0.0749957,0.0696376
7451,3.533,0.373714,0.0749957,0.0696376
7452,3.533,0.373714,0.0749957,0.0696376
7453,3.52952,0.375032,0.0766277,0.070315
7454,3.52952,0.375032,0.0766277,0.070315
7455,3.57963,0.421244,0.0846051,0.0713742
7456,3.57963,0.421244,0.0846051,0.0713742
7457,3.55998,0.40962,0.0809658,0.0741721
7458,3.55998,0.40962,0.0809658,0.0741721
7459,3.55998,0.40962,0.0809658,0.0741721
7460,3.57199,0.421201,0.0829383,0.07694
7461,3.51275,0.366635,0.0733897,0.0773226
7462,3.53798,0.388219,0.0773628,0.0764404
7463,3.51515,0.369577,0.0717643,0.0793146
7464,3.51515,0.369577,0.0717643,0.0793146
7465,3.51515,0.369577,0.0717643,0.0793146
7466,3.5296,0.386041,0.0763559,0.0787723
7467,3.54568,0.395223,0.0796426,0.0770747
7468,3.54568,0.395223,0.0796426,0.0770747
7469,3.57021,0.412354,0.0814129,0.0736998
7470,3.57021,0.412354,0.0814129,0.0736998
7471,3.56241,0.402628,0.0811602,0.0733151
7472,3.56241,0.402628,0.0811602,0.0733151
7473,3.56885,0.399325,0.0800955,0.0687736
7474,3.56688,0.398441,0.0788027,0.0676905
7475,3.53871,0.388146,0.0780864,0.0755774
7476,3.55912,0.416625,0.0830201,0.0842632
7477,3.52907,0.381578,0.077168,0.0783274
7478,3.56065,0.434985,0.0856958,0.0906696
7479,3.53799,0.40248,0.0811688,0.0838747
7480,3.53329,0.399207,0.0795465,0.0857272
7481,3.53772,0.420212,0.0825496,0.0949778
7482,3.55544,0.432389,0.0860203,0.0945921
7483,3.5497,0.43001,0.0840822,0.0953304
7484,3.5497,0.43001,0.0840822,0.0953304
7485,3.57168,0.43215,0.0861958,0.0851914
7486,3.57819,0.444657,0.0866511,0.0861108
7487,3.57819,0.444657,0.0866511,0.0861108
7488,3.52589,0.382532,0.0761754,0.0801862
7489,3.55267,0.406793,0.0800055,0.0815908
7490,3.50297,0.370596,0.0740137,0.0842706
7491,3.52779,0.381206,0.0758305,0.0776891
7492,3.51667,0.37778,0.0756613,0.0780466
7493,3.497,0.374331,0.076107,0.0887422
7494,3.48024,0.369409,0.0737986,0.0930237
7495,3.50231,0.390608,0.0761317,0.0962512
7496,3.50231,0.390608,0.0761317,0.0962512
7497,3.53935,0.423769,0.0831861,0.0973922
7498,3.52951,0.416397,0.0834997,0.100973
7499,3.50808,0.385892,0.076893,0.0919385
7500,3.52789,0.403772,0.0806333,0.0883211
7501,3.52789,0.403772,0.0806333,0.0883211
7502,3.52969,0.380596,0.0778159,0.0736869
7503,3.51318,0.374084,0.0753645,0.078621
7504,3.53752,0.39881,0.076892,0.0802911
7505,3.50784,0.369587,0.0745413,0.0794524
7506,3.5048,0.361296,0.0737319,0.0771505
7507,3.5048,0.361296,0.0737319,0.0771505
7508,3.5048,0.361296,0.0737319,0.0771505
7509,3.48199,0.348867,0.0697178,0.0820641
7510,3.48199,0.348867,0.0697178,0.0820641
7511,3.44644,0.322573,0.0640045,0.0830388
7512,3.44644,0.322573,0.0640045,0.0830388
7513,3.44606,0.328855,0.0673815,0.0848238
7514,3.44606,0.328855,0.0673815,0.0848238
7515,3.42661,0.317353,0.0635861,0.0864405
7516,3.44557,0.333712,0.0667491,0.0887901
7517,3.40874,0.304388,0.0602967,0.0869113
7518,3.40874,0.304388,0.0602967,0.0869113
7519,3.40997,0.302842,0.0607781,0.0863932
7520,3.40997,0.302842,0.0607781,0.0863932
7521,3.42505,0.310662,0.0634495,0.0854567
7522,3.42505,0.310662,0.0634495,0.0854567
7523,3.42505,0.310662,0.0634495,0.0854567
7524,3.40903,0.321183,0.0642879,0.100237
7525,3.42835,0.326605,0.0661237,0.0945037
7526,3.4336,0.33101,0.0664687,0.0943334
7527,3.42083,0.321478,0.0649608,0.0909948
7528,3.42083,0.321478,0.0649608,0.0909948
7529,3.44283,0.334459,0.0673468,0.0888624
7530,3.44283,0.334459,0.0673468,0.0888624
7531,3.42297,0.33238,0.0670826,0.0982201
7532,3.47279,0.370874,0.074431,0.0992367
7533,3.47279,0.370874,0.074431,0.0992367
7534,3.45888,0.352537,0.0699295,0.0936972
7535,3.45888,0.352537,0.0699295,0.0936972
7536,3.45949,0.363153,0.0716267,0.0975732
7537,3.51693,0.409176,0.0806653,0.0977365
7538,3.51693,0.409176,0.0806653,0.0977365
7539,3.51693,0.409176,0.0806653,0.0977365
7540,3.52106,0.406853,0.0801904,0.0966907
7541,3.47941,0.381001,0.0749764,0.103551
7542,3.49386,0.414339,0.0795853,0.108894
7543,3.48795,0.404447,0.0774856,0.111397
7544,3.48795,0.404447,0.0774856,0.111397
7545,3.46886,0.392932,0.0763492,0.116413
7546,3.49399,0.403658,0.0797872,0.110469
7547,3.49049,0.394377,0.0762676,0.10681
7548,3.46869,0.373212,0.073744,0.103414
7549,3.46899,0.366787,0.0737438,0.101226
7550,3.47865,0.383421,0.0767142,0.105388
7551,3.47876,0.384591,0.0785013,0.107792
7552,3.50243,0.415856,0.0844176,0.110589
7553,3.52228,0.440597,0.0854174,0.117521
7554,3.51432,0.442096,0.0868461,0.121555
7555,3.51432,0.442096,0.0868461,0.121555
7556,3.51432,0.442096,0.0868461,0.121555
7557,3.49759,0.437,0.0863389,0.121393
7558,3.51763,0.441474,0.0872012,0.116188
7559,3.47047,0.370877,0.0732362,0.104134
7560,3.46,0.357925,0.0712414,0.0997957
7561,3.4388,0.334479,0.0664525,0.0942349
7562,3.45299,0.343594,0.0688858,0.0889328
7563,3.45299,0.343594,0.0688858,0.0889328
7564,3.47215,0.361606,0.0734697,0.0943405
7565,3.46853,0.352813,0.0698473,0.0917191
7566,3.45853,0.332165,0.0666285,0.0843123
7567,3.45853,0.332165,0.0666285,0.0843123
7568,3.46398,0.343714,0.0667817,0.0867162
7569,3.45957,0.340301,0.0674652,0.0894485
7570,3.47691,0.347819,0.069293,0.0839088
7571,3.50113,0.370918,0.0760176,0.0852043
7572,3.50113,0.370918,0.0760176,0.0852043
7573,3.49466,0.370605,0.0745048,0.0868813
7574,3.46763,0.345856,0.0695485,0.0875482
7575,3.50236,0.374356,0.0753704,0.0884576
7576,3.47988,0.36009,0.0713447,0.0880905
7577,3.47988,0.36009,0.0713447,0.0880905
7578,3.49518,0.35461,0.071607,0.0802172
7579,3.54389,0.393179,0.0786514,0.0783199
7580,3.54389,0.393179,0.0786514,0.0783199
7581,3.525,0.379552,0.0758677,0.0781293
7582,3.52501,0.390401,0.0760628,0.0856619
7583,3.52501,0.390401,0.0760628,0.0856619
7584,3.51877,0.399397,0.0793268,0.0939733
7585,3.53365,0.410077,0.0804902,0.0901867
7586,3.52011,0.399333,0.0794556,0.0925803
7587,3.52011,0.399333,0.0794556,0.0925803
7588,3.52011,0.399333,0.0794556,0.0925803
7589,3.52798,0.398083,0.079155,0.087575
7590,3.50667,0.389586,0.0768395,0.0949592
7591,3.52332,0.392409,0.0763971,0.0891061
7592,3.5136,0.371202,0.074245,0.0819076
7593,3.50682,0.371501,0.0736609,0.0862883
7594,3.52433,0.395194,0.0788096,0.0862572
7595,3.47664,0.359287,0.070694,0.0890638
7596,3.47664,0.359287,0.070694,0.0890638
7597,3.47664,0.359287,0.070694,0.0890638
7598,3.47892,0.37643,0.0736438,0.092265
7599,3.47747,0.366513,0.0736549,0.089794
7600,3.47747,0.366513,0.0736549,0.089794
7601,3.47119,0.361209,0.0708924,0.0858205
7602,3.48082,0.356991,0.0704743,0.085066
7603,3.55348,0.420187,0.0832064,0.0872361
7604,3.52598,0.414701,0.0827458,0.0984176
7605,3.52318,0.404461,0.0782073,0.0936432
7606,3.5376,0.43072,0.0853468,0.101775
7607,3.5017,0.38729,0.0786924,0.0930714
7608,3.5017,0.38729,0.0786924,0.0930714
7609,3.52655,0.421001,0.0839254,0.101637
7610,3.51802,0.401891,0.0808218,0.0938729
7611,3.52512,0.42224,0.0834063,0.100916
7612,3.52512,0.42224,0.0834063,0.100916
7613,3.50056,0.390878,0.0793349,0.0988535
7614,3.50056,0.390878,0.0793349,0.0988535
7615,3.48884,0.386141,0.0758215,0.102677
7616,3.53779,0.443488,0.0864373,0.110569
7617,3.51487,0.411699,0.0831671,0.106596
7618,3.53034,0.420958,0.0836808,0.102063
7619,3.49582,0.396903,0.0788243,0.107922
7620,3.49582,0.396903,0.0788243,0.107922
7621,3.49582,0.396903,0.0788243,0.107922
7622,3.51784,0.432716,0.0867864,0.117454
7623,3.51784,0.432716,0.0867864,0.117454
7624,3.4657,0.385257,0.0758077,0.114317
7625,3.4657,0.385257,0.0758077,0.114317
7626,3.48544,0.401477,0.0813475,0.11636
7627,3.50264,0.414742,0.0836774,0.114247
7628,3.49069,0.41351,0.082092,0.114793
7629,3.48381,0.395443,0.0793319,0.110734
7630,3.48381,0.395443,0.0793319,0.110734
7631,3.48381,0.395443,0.0793319,0.110734
7632,3.49088,0.41542,0.0819628,0.113674
7633,3.4899,0.38715,0.0773077,0.101022
7634,3.4899,0.38715,0.0773077,0.101022
7635,3.50758,0.412159,0.0825402,0.102504
7636,3.50758,0.412159,0.0825402,0.102504
7637,3.50758,0.412159,0.0825402,0.102504
7638,3.53642,0.444515,0.0877607,0.104422
7639,3.49139,0.401465,0.0776372,0.107457
7640,3.49139,0.401465,0.0776372,0.107457
7641,3.49139,0.401465,0.0776372,0.107457
7642,3.5274,0.434741,0.0845141,0.102716
7643,3.51454,0.39829,0.0789515,0.092962
7644,3.50181,0.377444,0.0741827,0.0861969
7645,3.46496,0.344857,0.0692082,0.0866013
7646,3.44561,0.332367,0.0666041,0.0862501
7647,3.44561,0.332367,0.0666041,0.0862501
7648,3.46806,0.3497,0.0695061,0.088434
7649,3.498,0.363144,0.0724115,0.0822872
7650,3.50039,0.364874,0.0746342,0.0807078
7651,3.52596,0.407126,0.0798414,0.094241
7652,3.50986,0.395256,0.0782484,0.0966368
7653,3.50986,0.395256,0.0782484,0.0966368
7654,3.50986,0.395256,0.0782484,0.0966368
7655,3.51678,0.391342,0.0775844,0.0913831
7656,3.55561,0.425519,0.0827538,0.0900984
7657,3.55561,0.425519,0.0827538,0.0900984
7658,3.55561,0.425519,0.0827538,0.0900984
7659,3.5228,0.395059,0.0785872,0.0911101
7660,3.5574,0.432259,0.0860917,0.0920097
7661,3.58762,0.464731,0.0896603,0.0904728
7662,3.58762,0.464731,0.0896603,0.0904728
7663,3.58762,0.464731,0.0896603,0.0904728
7664,3.59328,0.47536,0.0931966,0.0922154
7665,3.62493,0.522948,0.10176,0.097098
7666,3.61382,0.506647,0.0981232,0.0979207
7667,3.60929,0.508166,0.0979412,0.100347
7668,3.60929,0.508166,0.0979412,0.100347
7669,3.59371,0.500551,0.0967144,0.108781
7670,3.58871,0.505078,0.0965676,0.11617
7671,3.58871,0.505078,0.0965676,0.11617
7672,3.58871,0.505078,0.0965676,0.11617
7673,3.58871,0.505078,0.0965676,0.11617
7674,3.62041,0.525021,0.101388,0.109414
7675,3.60366,0.509971,0.100415,0.10777
7676,3.59952,0.515596,0.10076,0.111445
7677,3.59952,0.515596,0.10076,0.111445
7678,3.59978,0.494526,0.0968414,0.100772
7679,3.59978,0.494526,0.0968414,0.100772
7680,3.6009,0.495557,0.0971152,0.102667
7681,3.64453,0.53642,0.104295,0.0964884
7682,3.61686,0.48626,0.0975111,0.0877084
7683,3.60685,0.491117,0.0980529,0.0962106
7684,3.60685,0.491117,0.0980529,0.0962106
7685,3.60183,0.478378,0.0946341,0.0895061
7686,3.60183,0.478378,0.0946341,0.0895061
7687,3.58629,0.470915,0.0915702,0.0974973
7688,3.58629,0.470915,0.0915702,0.0974973
7689,3.58629,0.470915,0.0915702,0.0974973
7690,3.59138,0.464793,0.0927951,0.0914236
7691,3.59138,0.464793,0.0927951,0.0914236
7692,3.59469,0.480241,0.0955749,0.095959
7693,3.59038,0.475679,0.0939896,0.097766
7694,3.62754,0.517931,0.0997697,0.0997591
7695,3.62754,0.517931,0.0997697,0.0997591
7696,3.61259,0.496172,0.0973709,0.0960011
7697,3.61259,0.496172,0.0973709,0.0960011
7698,3.59596,0.48387,0.0946013,0.099683
7699,3.58827,0.458058,0.0905719,0.089294
7700,3.60756,0.486364,0.0936943,0.0919216
7701,3.60756,0.486364,0.0936943,0.0919216
7702,3.59147,0.46804,0.0938852,0.0905502
7703,3.60046,0.478283,0.0938051,0.0922243
7704,3.62305,0.500065,0.0984546,0.0933929
7705,3.63573,0.522851,0.100662,0.0971458
7706,3.62906,0.495659,0.097406,0.0882712
7707,3.64999,0.538585,0.104294,0.0913852
7708,3.6338,0.510781,0.100288,0.0898207
7709,3.61661,0.499348,0.0960753,0.0891581
7710,3.59761,0.475121,0.093677,0.0910973
7711,3.59761,0.475121,0.093677,0.0910973
7712,3.59761,0.475121,0.093677,0.0910973
7713,3.59761,0.475121,0.093677,0.0910973
7714,3.61667,0.498415,0.0994549,0.0946182
7715,3.61667,0.498415,0.0994549,0.0946182
7716,3.62501,0.496856,0.0959944,0.0909433
7717,3.60668,0.500657,0.0977339,0.101872
7718,3.63617,0.531621,0.1035,0.100691
7719,3.61254,0.52419,0.10005,0.103136
7720,3.59071,0.490085,0.0964296,0.0988734
7721,3.60538,0.489277,0.0965481,0.0938332
7722,3.61037,0.499356,0.0985267,0.0944577
7723,3.59225,0.474881,0.0939413,0.0923024
7724,3.58004,0.443943,0.0872704,0.0847095
7725,3.58004,0.443943,0.0872704,0.0847095
7726,3.57825,0.45757,0.0892863,0.088782
7727,3.56658,0.435557,0.0850768,0.0812455
7728,3.58073,0.474719,0.0915638,0.0964422
7729,3.60892,0.496471,0.0965239,0.0961246
7730,3.59356,0.475884,0.0916478,0.086821
7731,3.57777,0.453723,0.0887073,0.0872513
7732,3.60089,0.488918,0.0959242,0.0901863
7733,3.62824,0.511402,0.100442,0.0894826
7734,3.62249,0.494816,0.098441,0.0887353
7735,3.58845,0.455055,0.0881359,0.0873554
7736,3.65183,0.514882,0.102313,0.0848395
7737,3.65183,0.514882,0.102313,0.0848395
7738,3.62328,0.488016,0.0941683,0.0845554
7739,3.62328,0.488016,0.0941683,0.0845554
7740,3.65151,0.509648,0.100929,0.0816302
7741,3.62597,0.474351,0.0936969,0.0808447
7742,3.59885,0.441435,0.0876683,0.0750321
7743,3.61292,0.466257,0.0936279,0.0813031
7744,3.624,0.4921,0.0963393,0.0876418
7745,3.66881,0.527575,0.104358,0.081445
7746,3.66881,0.527575,0.104358,0.081445
7747,3.66881,0.527575,0.104358,0.081445
7748,3.66881,0.527575,0.104358,0.081445
7749,3.64885,0.496788,0.0999425,0.0766207
7750,3.64885,0.496788,0.0999425,0.0766207
7751,3.65235,0.510758,0.0997695,0.0804176
7752,3.65699,0.528879,0.104696,0.0873008
7753,3.61226,0.475412,0.0947453,0.0875113
7754,3.62559,0.482547,0.0965543,0.0829226
7755,3.63326,0.513845,0.099457,0.0915533
7756,3.62658,0.510163,0.0998853,0.0888714
7757,3.64872,0.534645,0.106222,0.0922387
7758,3.65305,0.542477,0.105714,0.0905291
7759,3.65305,0.542477,0.105714,0.0905291
7760,3.62075,0.514186,0.0998375,0.0893191
7761,3.61817,0.510021,0.0969282,0.0923387
7762,3.6582,0.551405,0.105135,0.093119
7763,3.6582,0.551405,0.105135,0.093119
7764,3.64804,0.544552,0.104436,0.0938821
7765,3.68438,0.590955,0.112528,0.0926111
7766,3.67304,0.573444,0.114176,0.0953696
7767,3.69573,0.611356,0.116231,0.101028
7768,3.64871,0.566375,0.108437,0.101342
7769,3.65596,0.560268,0.110986,0.0996326
7770,3.65596,0.560268,0.110986,0.0996326
7771,3.67354,0.579603,0.112423,0.102204
7772,3.67354,0.579603,0.112423,0.102204
7773,3.69905,0.622707,0.120406,0.105532
7774,3.72539,0.645666,0.125023,0.0991863
7775,3.68484,0.583361,0.114435,0.0944584
7776,3.68484,0.583361,0.114435,0.0944584
7777,3.68484,0.583361,0.114435,0.0944584
7778,3.69217,0.57673,0.112676,0.0876308
7779,3.69283,0.56877,0.111337,0.0876359
7780,3.69283,0.56877,0.111337,0.0876359
7781,3.7042,0.598212,0.11448,0.092624
7782,3.7042,0.598212,0.11448,0.092624
7783,3.68352,0.561955,0.108369,0.0862477
7784,3.69934,0.593429,0.11394,0.0914728
7785,3.70066,0.571942,0.112772,0.084579
7786,3.69239,0.579617,0.112081,0.0899818
7787,3.69466,0.57985,0.1104,0.0901957
7788,3.69368,0.589372,0.114379,0.0954234
7789,3.75515,0.67229,0.130845,0.0957486
7790,3.78511,0.725026,0.137334,0.0976277
7791,3.74373,0.678362,0.128647,0.103214
7792,3.74373,0.678362,0.128647,0.103214
7793,3.71425,0.639432,0.125044,0.10469
7794,3.72762,0.631277,0.12354,0.0948239
7795,3.70603,0.613964,0.121421,0.10021
7796,3.68448,0.590591,0.115016,0.101342
7797,3.67035,0.581194,0.113368,0.104131
7798,3.67035,0.581194,0.113368,0.104131
7799,3.67943,0.598763,0.117423,0.107406
7800,3.676,0.602451,0.117072,0.110986
7801,3.676,0.602451,0.117072,0.110986
7802,3.738,0.672768,0.13069,0.106356
7803,3.76473,0.731918,0.142274,0.112743
7804,3.76473,0.731918,0.142274,0.112743
7805,3.72259,0.668914,0.12739,0.110167
7806,3.72259,0.668914,0.12739,0.110167
7807,3.72259,0.668914,0.12739,0.110167
7808,3.74468,0.702501,0.132665,0.10983
7809,3.80422,0.787923,0.150028,0.108927
7810,3.77311,0.731749,0.138171,0.106654
7811,3.76486,0.703805,0.136343,0.10151
7812,3.79038,0.740356,0.141663,0.100747
7813,3.79325,0.768746,0.14925,0.107967
7814,3.80045,0.753337,0.14313,0.0968958
7815,3.83326,0.791052,0.14543,0.0931367
7816,3.83326,0.791052,0.14543,0.0931367
7817,3.83326,0.791052,0.14543,0.0931367
7818,3.77698,0.694518,0.132841,0.0901989
7819,3.81353,0.770509,0.1467,0.0967586
7820,3.76844,0.672495,0.130241,0.0863013
7821,3.78176,0.723366,0.139887,0.0948222
7822,3.77852,0.744114,0.141085,0.103267
7823,3.77852,0.744114,0.141085,0.103267
7824,3.77852,0.744114,0.141085,0.103267
7825,3.76188,0.687981,0.132106,0.098963
7826,3.69725,0.61545,0.118478,0.105407
7827,3.69725,0.61545,0.118478,0.105407
7828,3.73371,0.65166,0.122843,0.0991851
7829,3.64827,0.531981,0.101831,0.0927915
7830,3.64827,0.531981,0.101831,0.0927915
7831,3.64827,0.531981,0.101831,0.0927915
7832,3.67205,0.561052,0.109334,0.0929749
7833,3.66621,0.541344,0.108685,0.0890908
7834,3.66621,0.541344,0.108685,0.0890908
7835,3.66621,0.541344,0.108685,0.0890908
7836,3.66621,0.541344,0.108685,0.0890908
7837,3.69034,0.579574,0.112446,0.092043
7838,3.6837,0.567598,0.109178,0.0941168
7839,3.69132,0.601588,0.116996,0.101735
7840,3.69132,0.601588,0.116996,0.101735
7841,3.69132,0.601588,0.116996,0.101735
7842,3.7082,0.619429,0.120035,0.0984639
7843,3.69952,0.614044,0.119237,0.100783
7844,3.6855,0.595284,0.114657,0.101344
7845,3.67508,0.563716,0.108302,0.0930987
7846,3.67508,0.563716,0.108302,0.0930987
7847,3.67508,0.563716,0.108302,0.0930987
7848,3.68595,0.570059,0.112295,0.0924479
7849,3.68595,0.570059,0.112295,0.0924479
7850,3.67737,0.549283,0.108712,0.0882111
7851,3.68823,0.568721,0.110636,0.0872551
7852,3.70267,0.583621,0.11316,0.0899336
7853,3.71448,0.609569,0.118178,0.088628
7854,3.71448,0.609569,0.118178,0.088628
7855,3.71979,0.584739,0.114676,0.0823751
7856,3.7585,0.647989,0.123947,0.0852798
7857,3.76459,0.658702,0.126204,0.0882313
7858,3.73249,0.65179,0.124117,0.0999131
7859,3.73249,0.65179,0.124117,0.0999131
7860,3.7286,0.633129,0.12167,0.0948188
7861,3.72309,0.622259,0.121091,0.0891028
7862,3.72309,0.622259,0.121091,0.0891028
7863,3.72937,0.626314,0.120114,0.0912834
7864,3.73724,0.650814,0.126055,0.0939889
7865,3.73724,0.650814,0.126055,0.0939889
7866,3.73724,0.650814,0.126055,0.0939889
7867,3.69788,0.609836,0.115906,0.0989179
7868,3.71175,0.645519,0.123485,0.102588
7869,3.67918,0.567011,0.108691,0.0930745
7870,3.69397,0.595636,0.11537,0.0940246
7871,3.6868,0.59587,0.115892,0.0950906
7872,3.6868,0.59587,0.115892,0.0950906
7873,3.69187,0.585488,0.115189,0.092801
7874,3.68547,0.592476,0.113231,0.0951127
7875,3.68547,0.592476,0.113231,0.0951127
7876,3.65559,0.548065,0.105106,0.0958792
7877,3.66733,0.576306,0.111727,0.10559
7878,3.68885,0.589904,0.114722,0.0995142
7879,3.65828,0.560593,0.108985,0.105221
7880,3.65411,0.557227,0.108697,0.101267
7881,3.64807,0.537498,0.105154,0.0959176
7882,3.66533,0.570772,0.11351,0.103605
7883,3.67334,0.566683,0.112268,0.0937097
7884,3.62597,0.512304,0.100894,0.0965984
7885,3.65173,0.510324,0.0996494,0.0810074
7886,3.68952,0.558372,0.108975,0.0889643
7887,3.66406,0.529312,0.103852,0.0883074
7888,3.70652,0.604993,0.11723,0.0947197
7889,3.69469,0.561739,0.110396,0.0836045
7890,3.69469,0.561739,0.110396,0.0836045
7891,3.71904,0.593301,0.117731,0.0836222
7892,3.68374,0.539953,0.109794,0.0796069
7893,3.69938,0.568571,0.111514,0.085839
7894,3.69938,0.568571,0.111514,0.085839
7895,3.69938,0.568571,0.111514,0.085839
7896,3.68595,0.565496,0.110119,0.089397
7897,3.67322,0.541796,0.104324,0.0866291
7898,3.67322,0.541796,0.104324,0.0866291
7899,3.69901,0.577162,0.111249,0.0873095
7900,3.66976,0.527024,0.104551,0.0821235
7901,3.67863,0.549673,0.10549,0.0850118
7902,3.65738,0.53083,0.105911,0.0855498
7903,3.75799,0.684276,0.126377,0.0894378
7904,3.70238,0.602589,0.116598,0.0899876
7905,3.71943,0.648777,0.12396,0.0950788
7906,3.65164,0.540215,0.105249,0.0943858
7907,3.66488,0.566307,0.113116,0.102417
7908,3.65583,0.539356,0.104698,0.0935996
7909,3.68929,0.585642,0.115796,0.0914755
7910,3.68556,0.565005,0.110532,0.0862003
7911,3.65797,0.536347,0.106362,0.090524
7912,3.65797,0.536347,0.106362,0.090524
7913,3.71716,0.61687,0.115654,0.0917623
7914,3.69733,0.607737,0.113701,0.0953795
7915,3.71111,0.630514,0.119049,0.0941824
7916,3.69253,0.596086,0.113172,0.0928443
7917,3.67973,0.567956,0.108655,0.0903914
7918,3.65108,0.534047,0.103037,0.0937307
7919,3.68141,0.540219,0.106577,0.0819729
7920,3.65338,0.537434,0.10425,0.0910822
7921,3.69302,0.566826,0.10981,0.0861874
7922,3.65844,0.542961,0.1053,0.0935173
7923,3.65844,0.542961,0.1053,0.0935173
7924,3.65844,0.542961,0.1053,0.0935173
7925,3.65844,0.542961,0.1053,0.0935173
7926,3.67547,0.591381,0.116522,0.106103
7927,3.67547,0.591381,0.116522,0.106103
7928,3.66112,0.588043,0.115396,0.110045
7929,3.65201,0.586541,0.114162,0.115307
7930,3.66349,0.589638,0.115487,0.112174
7931,3.62418,0.507464,0.0993326,0.097177
7932,3.60964,0.515057,0.0994128,0.107789
7933,3.61484,0.507542,0.0997855,0.100547
7934,3.62968,0.528585,0.1028,0.102223
7935,3.6447,0.55152,0.106763,0.104924
7936,3.63894,0.583395,0.111675,0.11519
7937,3.63894,0.583395,0.111675,0.11519
7938,3.6129,0.536796,0.106512,0.112518
7939,3.62275,0.551873,0.107579,0.116475
7940,3.62418,0.564783,0.109872,0.116048
7941,3.63635,0.585057,0.109852,0.124628
7942,3.67413,0.642627,0.123223,0.129646
7943,3.62497,0.551835,0.105031,0.116847
7944,3.65379,0.578953,0.112468,0.114309
7945,3.63662,0.560089,0.109497,0.116032
7946,3.6798,0.591679,0.114738,0.104995
7947,3.6798,0.591679,0.114738,0.104995
7948,3.67345,0.555035,0.108657,0.0933867
7949,3.69526,0.580849,0.113373,0.0922956
7950,3.7124,0.605147,0.120331,0.0924307
7951,3.73203,0.621532,0.123016,0.0874513
7952,3.74113,0.638968,0.124165,0.091577
7953,3.74113,0.638968,0.124165,0.091577
7954,3.74113,0.638968,0.124165,0.091577
7955,3.7612,0.651262,0.126977,0.0839685
7956,3.7612,0.651262,0.126977,0.0839685
7957,3.7429,0.650249,0.126374,0.0963279
7958,3.78807,0.712963,0.137664,0.0922999
7959,3.78807,0.712963,0.137664,0.0922999
7960,3.77402,0.691639,0.13035,0.0879803
7961,3.77098,0.695464,0.130447,0.0888041
7962,3.77098,0.695464,0.130447,0.0888041
7963,3.7582,0.678345,0.128407,0.0900692
7964,3.757,0.674989,0.130992,0.0911257
7965,3.76468,0.709088,0.135263,0.0947942
7966,3.7545,0.681184,0.128245,0.0911595
7967,3.7568,0.666753,0.12747,0.0819318
7968,3.7509,0.690049,0.129555,0.0854865
7969,3.73336,0.649442,0.121811,0.0866552
7970,3.73336,0.649442,0.121811,0.0866552
7971,3.73336,0.649442,0.121811,0.0866552
7972,3.72831,0.637566,0.121006,0.0889476
7973,3.72831,0.637566,0.121006,0.0889476
7974,3.72335,0.634866,0.12196,0.0888945
7975,3.72616,0.639787,0.121244,0.0894319
7976,3.73283,0.621852,0.118544,0.0808702
7977,3.71037,0.60162,0.115513,0.08225
7978,3.71303,0.567647,0.110143,0.0712258
7979,3.72025,0.596855,0.113654,0.075742
7980,3.71824,0.563148,0.108554,0.0664845
7981,3.72696,0.59611,0.113641,0.0745815
7982,3.72885,0.592229,0.115018,0.0724683
7983,3.72953,0.625487,0.122592,0.0800771
7984,3.7227,0.608647,0.116672,0.0832809
7985,3.7227,0.608647,0.116672,0.0832809
7986,3.71252,0.566213,0.11019,0.0769944
7987,3.71252,0.566213,0.11019,0.0769944
7988,3.70238,0.569482,0.11228,0.0827124
7989,3.66919,0.51962,0.103011,0.0769038
7990,3.65151,0.511352,0.101334,0.0762974
7991,3.65151,0.511352,0.101334,0.0762974
7992,3.66228,0.508504,0.0987074,0.0753973
7993,3.64961,0.488242,0.0960387,0.0707519
7994,3.64766,0.474956,0.094604,0.0667698
7995,3.61336,0.431304,0.087045,0.0633898
7996,3.61336,0.431304,0.087045,0.0633898
7997,3.61336,0.431304,0.087045,0.0633898
7998,3.61336,0.431304,0.087045,0.0633898
7999,3.62133,0.445339,0.0893933,0.0645894
8000,3.63585,0.476498,0.0946261,0.0709127
8001,3.63585,0.476498,0.0946261,0.0709127
8002,3.61534,0.462541,0.093464,0.0765393
8003,3.61534,0.462541,0.093464,0.0765393
8004,3.62561,0.483316,0.0962854,0.0797015
8005,3.6574,0.512904,0.102318,0.076398
8006,3.65123,0.537351,0.103277,0.0817088
8007,3.65123,0.537351,0.103277,0.0817088
8008,3.65123,0.537351,0.103277,0.0817088
8009,3.64034,0.502438,0.0994047,0.0789756
8010,3.65653,0.536507,0.101868,0.0815852
8011,3.6432,0.515794,0.0989229,0.0819088
8012,3.65146,0.521734,0.102061,0.0840987
8013,3.60672,0.470942,0.091643,0.0894304
8014,3.62986,0.508089,0.0980246,0.0938448
8015,3.59078,0.472027,0.0917777,0.097132
8016,3.59381,0.483671,0.0921008,0.0993374
8017,3.59381,0.483671,0.0921008,0.0993374
8018,3.61453,0.495733,0.0965905,0.0951107
8019,3.66442,0.53097,0.104576,0.0874141
8020,3.64949,0.522183,0.101844,0.0890387
8021,3.641,0.509225,0.0970354,0.0858478
8022,3.64656,0.503618,0.0960267,0.0832957
8023,3.62759,0.490207,0.0977227,0.081256
8024,3.60375,0.468236,0.0926806,0.0864523
8025,3.64041,0.507888,0.100924,0.0836933
8026,3.62566,0.499146,0.0958459,0.0878389
8027,3.62566,0.499146,0.0958459,0.0878389
8028,3.59455,0.477417,0.0943492,0.0929374
8029,3.61669,0.48025,0.0943963,0.0852703
8030,3.61361,0.473448,0.0933051,0.0827434
8031,3.66274,0.552777,0.105593,0.091456
8032,3.63354,0.489902,0.0941411,0.0825402
8033,3.63354,0.489902,0.0941411,0.0825402
8034,3.67235,0.537485,0.105061,0.0840114
8035,3.6383,0.51696,0.101545,0.0903193
8036,3.6383,0.51696,0.101545,0.0903193
8037,3.67128,0.546301,0.105247,0.0868659
8038,3.67584,0.541801,0.106106,0.0849616
8039,3.67584,0.541801,0.106106,0.0849616
8040,3.67364,0.527096,0.103838,0.0776529
8041,3.6969,0.562922,0.110107,0.0819649
8042,3.68376,0.548492,0.109296,0.0823568
8043,3.68376,0.548492,0.109296,0.0823568
8044,3.68345,0.561625,0.111367,0.08454
8045,3.67069,0.540939,0.107556,0.0775412
8046,3.69885,0.583156,0.1142,0.0832987
8047,3.68069,0.565091,0.110192,0.0788541
8048,3.67788,0.53772,0.105226,0.0746275
8049,3.67788,0.53772,0.105226,0.0746275
8050,3.67788,0.53772,0.105226,0.0746275
8051,3.67788,0.53772,0.105226,0.0746275
8052,3.66285,0.542197,0.105553,0.0883558
8053,3.64481,0.52171,0.100434,0.0890648
8054,3.64481,0.52171,0.100434,0.0890648
8055,3.6086,0.480023,0.0921776,0.0887413
8056,3.59601,0.468373,0.0924072,0.0901339
8057,3.61277,0.48945,0.0949404,0.0900138
8058,3.63344,0.510846,0.0988727,0.0903674
8059,3.57568,0.466174,0.0906788,0.0985461
8060,3.56363,0.420339,0.0849902,0.0836719
8061,3.56363,0.420339,0.0849902,0.0836719
8062,3.59113,0.449569,0.0911745,0.0827064
8063,3.58984,0.456015,0.0903293,0.0846878
8064,3.60686,0.476506,0.0916532,0.0890164
8065,3.60686,0.476506,0.0916532,0.0890164
8066,3.60156,0.455092,0.0885269,0.0801487
8067,3.60156,0.455092,0.0885269,0.0801487
8068,3.59185,0.439831,0.0880844,0.0772743
8069,3.64011,0.508837,0.0994405,0.0860907
8070,3.63385,0.505642,0.101835,0.0902727
8071,3.60751,0.475849,0.0907296,0.0875174
8072,3.61977,0.493241,0.0937773,0.0910023
8073,3.60103,0.475199,0.0904304,0.0923699
8074,3.60112,0.485218,0.094656,0.0950817
8075,3.60937,0.494065,0.0977767,0.0962722
8076,3.61041,0.486242,0.0940382,0.0934053
8077,3.6127,0.496674,0.0996851,0.0930437
8078,3.61763,0.499111,0.0971215,0.0947723
8079,3.60609,0.461538,0.0919724,0.082928
8080,3.60595,0.456046,0.0895825,0.0811112
8081,3.59769,0.44313,0.0869573,0.0771454
8082,3.59769,0.44313,0.0869573,0.0771454
8083,3.58812,0.439623,0.0864599,0.079997
8084,3.59536,0.429653,0.0860175,0.0705572
8085,3.5917,0.433483,0.0853595,0.0734645
8086,3.5917,0.433483,0.0853595,0.0734645
8087,3.62771,0.481578,0.09112,0.0809304
8088,3.60023,0.467979,0.094112,0.0872022
8089,3.60023,0.467979,0.094112,0.0872022
8090,3.59281,0.445445,0.0883643,0.0786944
8091,3.59281,0.445445,0.0883643,0.0786944
8092,3.58028,0.431259,0.0872404,0.0795472
8093,3.57404,0.426125,0.0865444,0.0798534
8094,3.57287,0.42766,0.0875184,0.0799743
8095,3.53879,0.376486,0.0754761,0.0708491
8096,3.53879,0.376486,0.0754761,0.0708491
8097,3.53879,0.376486,0.0754761,0.0708491
8098,3.55706,0.411752,0.0803635,0.0796653
8099,3.53603,0.413899,0.0793299,0.0932607
8100,3.53603,0.413899,0.0793299,0.0932607
8101,3.52033,0.39775,0.0798868,0.0885478
8102,3.50795,0.379392,0.0753473,0.0849041
8103,3.51319,0.387,0.0749434,0.0850053
8104,3.5175,0.390172,0.0761689,0.0841225
8105,3.52794,0.387965,0.0792137,0.080055
8106,3.52794,0.387965,0.0792137,0.080055
8107,3.51226,0.370817,0.0755295,0.0800214
8108,3.51226,0.370817,0.0755295,0.0800214
8109,3.51319,0.380855,0.0758889,0.082758
8110,3.48263,0.34465,0.0679381,0.076202
8111,3.52522,0.383828,0.0760005,0.0821306
8112,3.52522,0.383828,0.0760005,0.0821306
8113,3.55989,0.431238,0.0852226,0.0877153
8114,3.56213,0.428592,0.0852818,0.0869687
8115,3.56213,0.428592,0.0852818,0.0869687
8116,3.53401,0.419562,0.0829547,0.0952706
8117,3.55895,0.44712,0.0878388,0.099779
8118,3.50859,0.390738,0.0744152,0.0900944
8119,3.50859,0.390738,0.0744152,0.0900944
8120,3.5855,0.454747,0.0900812,0.0866603
8121,3.53251,0.396756,0.0801957,0.0848291
8122,3.53251,0.396756,0.0801957,0.0848291
8123,3.53251,0.396756,0.0801957,0.0848291
8124,3.52625,0.401785,0.0789648,0.0891259
8125,3.52625,0.401785,0.0789648,0.0891259
8126,3.52625,0.401785,0.0789648,0.0891259
8127,3.52625,0.401785,0.0789648,0.0891259
8128,3.5831,0.465935,0.0913798,0.0947208
8129,3.56429,0.431926,0.0853346,0.0849395
8130,3.58086,0.450602,0.0868055,0.0905488
8131,3.55738,0.416342,0.0812722,0.0816545
8132,3.55738,0.416342,0.0812722,0.0816545
8133,3.51931,0.386458,0.0773018,0.0832869
8134,3.52521,0.388005,0.0781025,0.0823328
8135,3.51028,0.376138,0.0754846,0.0810184
8136,3.49685,0.362081,0.0736264,0.0778821
8137,3.49685,0.362081,0.0736264,0.0778821
8138,3.47003,0.339456,0.0684545,0.0831474
8139,3.45705,0.340266,0.0683523,0.0885423
8140,3.47621,0.352536,0.0709677,0.0873109
8141,3.47621,0.352536,0.0709677,0.0873109
8142,3.51688,0.37744,0.0748805,0.080247
8143,3.47487,0.34777,0.0689773,0.0833019
8144,3.47487,0.34777,0.0689773,0.0833019
8145,3.47487,0.34777,0.0689773,0.0833019
8146,3.47487,0.34777,0.0689773,0.0833019
8147,3.47487,0.34777,0.0689773,0.0833019
8148,3.4925,0.355209,0.0698066,0.0787241
8149,3.4925,0.355209,0.0698066,0.0787241
8150,3.49989,0.357162,0.070695,0.0778694
8151,3.48193,0.348932,0.0697653,0.0816086
8152,3.49305,0.361496,0.0730427,0.0818431
8153,3.52521,0.397086,0.0793671,0.0879398
8154,3.53498,0.400278,0.0800678,0.0847936
8155,3.56864,0.417778,0.0851031,0.0771262
8156,3.52558,0.360737,0.0744157,0.0657016
8157,3.52558,0.360737,0.0744157,0.0657016
8158,3.50003,0.341021,0.069227,0.0669867
8159,3.49243,0.343099,0.0699347,0.0729242
8160,3.50516,0.359939,0.0712325,0.0784755
8161,3.53261,0.398122,0.0776818,0.0854679
8162,3.53723,0.38568,0.0747952,0.0759047
8163,3.55511,0.410573,0.0832583,0.0816291
8164,3.53288,0.389917,0.0779946,0.0828182
8165,3.48987,0.346458,0.0703771,0.0772599
8166,3.48046,0.333088,0.0666668,0.0717432
8167,3.47758,0.349248,0.070802,0.0854747
8168,3.47863,0.348405,0.0686604,0.0828692
8169,3.51716,0.375004,0.0748178,0.0774285
8170,3.47614,0.349785,0.0693629,0.0838045
8171,3.53607,0.393261,0.0786103,0.0738787
8172,3.55275,0.424972,0.0858694,0.0840637
8173,3.54659,0.424693,0.0854804,0.0826916
8174,3.54659,0.424693,0.0854804,0.0826916
8175,3.50604,0.37875,0.0759916,0.0795026
8176,3.50214,0.375998,0.0760664,0.0828682
8177,3.50214,0.375998,0.0760664,0.0828682
8178,3.50214,0.375998,0.0760664,0.0828682
8179,3.4946,0.37573,0.0756151,0.0876938
8180,3.46615,0.360996,0.0721801,0.0894486
8181,3.45028,0.346245,0.0691164,0.0877019
8182,3.45028,0.346245,0.0691164,0.0877019
8183,3.44019,0.325023,0.0642376,0.082271
8184,3.44649,0.343765,0.0693044,0.0865881
8185,3.44649,0.343765,0.0693044,0.0865881
8186,3.44484,0.324181,0.064793,0.0791993
8187,3.43493,0.322779,0.0639613,0.0825564
8188,3.47617,0.349727,0.0675394,0.0809372
8189,3.49652,0.367134,0.0730109,0.0813905
8190,3.49652,0.367134,0.0730109,0.0813905
8191,3.47556,0.333559,0.0679075,0.0749136
8192,3.49639,0.369694,0.073903,0.086591
8193,3.50164,0.381602,0.0769003,0.0898013
8194,3.55189,0.418881,0.0849931,0.0845562
8195,3.52695,0.407426,0.0801674,0.090727
8196,3.52695,0.407426,0.0801674,0.090727
8197,3.52695,0.407426,0.0801674,0.090727
8198,3.55892,0.427972,0.0849089,0.0920823
8199,3.55892,0.427972,0.0849089,0.0920823
8200,3.59647,0.450455,0.08841,0.0842014
8201,3.60557,0.464874,0.091072,0.0855323
8202,3.60554,0.464949,0.0926199,0.0845367
8203,3.60697,0.46504,0.0909282,0.0853076
8204,3.62021,0.469411,0.0928384,0.0795129
8205,3.62021,0.469411,0.0928384,0.0795129
8206,3.59085,0.449228,0.0865796,0.083256
8207,3.59085,0.449228,0.0865796,0.083256
8208,3.60162,0.453787,0.0901498,0.076891
8209,3.60162,0.453787,0.0901498,0.076891
8210,3.61247,0.464647,0.0926773,0.0762927
8211,3.59301,0.449841,0.0907451,0.0853
8212,3.53024,0.411539,0.0822575,0.0929712
8213,3.55652,0.421792,0.0826166,0.0899236
8214,3.54413,0.417534,0.0843017,0.0905863
8215,3.56383,0.444042,0.0868319,0.0956959
8216,3.56611,0.453991,0.0875987,0.0947261
8217,3.57184,0.464811,0.0895975,0.0979491
8218,3.57184,0.464811,0.0895975,0.0979491
8219,3.57184,0.464811,0.0895975,0.0979491
8220,3.57184,0.464811,0.0895975,0.0979491
8221,3.57184,0.464811,0.0895975,0.0979491
8222,3.53843,0.433204,0.0848068,0.103113
8223,3.53894,0.43431,0.085286,0.101463
8224,3.52775,0.418836,0.0822506,0.100679
8225,3.52389,0.414394,0.0808393,0.0991169
8226,3.50462,0.399642,0.0780376,0.101311
8227,3.57134,0.451374,0.0874836,0.0964509
8228,3.57134,0.451374,0.0874836,0.0964509
8229,3.52273,0.412237,0.0801521,0.0992487
8230,3.52064,0.422742,0.0835523,0.107053
8231,3.52788,0.419875,0.0823331,0.102898
8232,3.48553,0.374807,0.07614,0.0949475
8233,3.5014,0.412621,0.0831945,0.10741
8234,3.53254,0.425604,0.0831222,0.0986611
8235,3.55289,0.448655,0.0884623,0.102267
8236,3.48435,0.369153,0.0741826,0.0942592
8237,3.51741,0.400861,0.0783905,0.0952126
8238,3.49574,0.381192,0.0752268,0.0946611
8239,3.50767,0.395963,0.0793459,0.0985689
8240,3.48028,0.360782,0.0715469,0.093248
8241,3.50682,0.388374,0.077982,0.0919158
8242,3.50682,0.388374,0.077982,0.0919158
8243,3.50682,0.388374,0.077982,0.0919158
8244,3.47555,0.356729,0.070885,0.0865712
8245,3.47555,0.356729,0.070885,0.0865712
8246,3.47555,0.356729,0.070885,0.0865712
8247,3.50481,0.399519,0.0778228,0.0964836
8248,3.44955,0.355376,0.0700343,0.097809
8249,3.44955,0.355376,0.0700343,0.097809
8250,3.44955,0.355376,0.0700343,0.097809
8251,3.4895,0.379488,0.0761224,0.0942502
8252,3.4895,0.379488,0.0761224,0.0942502
8253,3.4895,0.379488,0.0761224,0.0942502
8254,3.4845,0.368292,0.0719038,0.0858974
8255,3.43625,0.316106,0.0622879,0.0797645
8256,3.46978,0.33494,0.0661542,0.0779646
8257,3.48191,0.345311,0.0668765,0.0759863
8258,3.45769,0.328218,0.0650404,0.0795977
8259,3.45769,0.328218,0.0650404,0.0795977
8260,3.49883,0.356721,0.0716866,0.0774818
8261,3.49883,0.356721,0.0716866,0.0774818
8262,3.50731,0.352578,0.0694666,0.0680515
8263,3.49954,0.367677,0.0748707,0.0800131
8264,3.47821,0.335909,0.0677299,0.0742763
8265,3.47821,0.335909,0.0677299,0.0742763
8266,3.47821,0.335909,0.0677299,0.0742763
8267,3.46664,0.336144,0.0672315,0.076301
8268,3.51854,0.383911,0.0770064,0.0809535
8269,3.51854,0.383911,0.0770064,0.0809535
8270,3.55029,0.409672,0.0818536,0.076844
8271,3.50565,0.363648,0.0726678,0.0749775
8272,3.50565,0.363648,0.0726678,0.0749775
8273,3.52104,0.401065,0.0780986,0.0885761
8274,3.52104,0.401065,0.0780986,0.0885761
8275,3.53577,0.379622,0.0781339,0.0667665
8276,3.55169,0.3983,0.0804124,0.0702406
8277,3.55509,0.393263,0.0784897,0.0645101
8278,3.57875,0.410359,0.0805028,0.0655344
8279,3.56073,0.393987,0.0786497,0.066237
8280,3.58387,0.412724,0.0833234,0.065774
8281,3.58581,0.417127,0.0845636,0.0679128
8282,3.58581,0.417127,0.0845636,0.0679128
8283,3.60929,0.444682,0.0888197,0.0699601
8284,3.60929,0.444682,0.0888197,0.0699601
8285,3.67672,0.503632,0.0988458,0.0681461
8286,3.62903,0.469358,0.0900516,0.073247
8287,3.62903,0.469358,0.0900516,0.073247
8288,3.67034,0.529485,0.100044,0.0810481
8289,3.67034,0.529485,0.100044,0.0810481
8290,3.66456,0.53865,0.100102,0.0867074
8291,3.66584,0.509337,0.0988325,0.0710273
8292,3.66779,0.524403,0.100231,0.0797301
8293,3.68129,0.553224,0.107561,0.0826409
8294,3.68129,0.553224,0.107561,0.0826409
8295,3.72032,0.598748,0.116249,0.0827778
8296,3.72032,0.598748,0.116249,0.0827778
8297,3.69346,0.559782,0.107863,0.0822452
8298,3.69346,0.559782,0.107863,0.0822452
8299,3.72817,0.59935,0.116226,0.0798392
8300,3.72817,0.59935,0.116226,0.0798392
8301,3.69312,0.555123,0.105607,0.078612
8302,3.68109,0.517763,0.101618,0.0691612
8303,3.68109,0.517763,0.101618,0.0691612
8304,3.68109,0.517763,0.101618,0.0691612
8305,3.67556,0.527329,0.102961,0.0710331
8306,3.69589,0.522175,0.106965,0.0609668
8307,3.6818,0.483159,0.098281,0.0536497
8308,3.6818,0.483159,0.098281,0.0536497
8309,3.74508,0.553727,0.110176,0.0543002
8310,3.74508,0.553727,0.110176,0.0543002
8311,3.71832,0.519125,0.103053,0.0504465
8312,3.74031,0.563426,0.112933,0.0575656
8313,3.74031,0.563426,0.112933,0.0575656
8314,3.74031,0.563426,0.112933,0.0575656
8315,3.76683,0.606844,0.121759,0.064768
8316,3.76683,0.606844,0.121759,0.064768
8317,3.7662,0.620188,0.124376,0.0689514
8318,3.7662,0.620188,0.124376,0.0689514
8319,3.74659,0.615556,0.120443,0.0767441
8320,3.73692,0.608793,0.118517,0.0798602
8321,3.72893,0.60135,0.116246,0.0822056
8322,3.72038,0.580495,0.11513,0.0803769
8323,3.71263,0.569412,0.111186,0.0760045
8324,3.71263,0.569412,0.111186,0.0760045
8325,3.71263,0.569412,0.111186,0.0760045
8326,3.688,0.536355,0.105243,0.0748635
8327,3.6993,0.552777,0.106425,0.0730644
8328,3.64871,0.496675,0.0965316,0.0726819
8329,3.64871,0.496675,0.0965316,0.0726819
8330,3.64871,0.496675,0.0965316,0.0726819
8331,3.66264,0.510594,0.102974,0.0706808
8332,3.68166,0.524671,0.104892,0.0691248
8333,3.68166,0.524671,0.104892,0.0691248
8334,3.68056,0.520577,0.10395,0.0683367
8335,3.62478,0.473141,0.0939955,0.0739278
8336,3.59868,0.467657,0.0927936,0.0819946
8337,3.61941,0.487932,0.0962596,0.0852898
8338,3.61941,0.487932,0.0962596,0.0852898
8339,3.61941,0.487932,0.0962596,0.0852898
8340,3.66425,0.535581,0.105168,0.0876939
8341,3.64657,0.52602,0.100563,0.0901166
8342,3.64657,0.52602,0.100563,0.0901166
8343,3.64437,0.524868,0.102025,0.0910723
8344,3.64437,0.524868,0.102025,0.0910723
8345,3.64437,0.524868,0.102025,0.0910723
8346,3.66787,0.537943,0.105128,0.0865816
8347,3.70719,0.586277,0.115012,0.0869293
8348,3.68793,0.583714,0.113497,0.0962705
8349,3.61811,0.50535,0.0984823,0.0966399
8350,3.67159,0.571729,0.110712,0.0986897
8351,3.67159,0.571729,0.110712,0.0986897
8352,3.67159,0.571729,0.110712,0.0986897
8353,3.68791,0.602438,0.11696,0.103261
8354,3.68641,0.60375,0.115656,0.104168
8355,3.71169,0.59041,0.115551,0.0881155
8356,3.65754,0.552313,0.106421,0.0982495
8357,3.65834,0.544761,0.104039,0.0949523
8358,3.62068,0.48574,0.0962748,0.0845052
8359,3.59944,0.454545,0.0907787,0.0796278
8360,3.61914,0.474867,0.0918623,0.0813608
8361,3.61325,0.476583,0.0929799,0.0835146
8362,3.61064,0.458203,0.0900771,0.0757889
8363,3.61064,0.458203,0.0900771,0.0757889
8364,3.61064,0.458203,0.0900771,0.0757889
8365,3.63738,0.480743,0.0944546,0.0720689
8366,3.62592,0.472766,0.0939994,0.0737181
8367,3.60665,0.462301,0.0892772,0.0766086
8368,3.60665,0.462301,0.0892772,0.0766086
8369,3.62947,0.496234,0.0962748,0.0850559
8370,3.62947,0.496234,0.0962748,0.0850559
8371,3.64295,0.539198,0.103019,0.0968125
8372,3.64295,0.539198,0.103019,0.0968125
8373,3.62568,0.52599,0.102252,0.0949607
8374,3.62568,0.52599,0.102252,0.0949607
8375,3.62568,0.52599,0.102252,0.0949607
8376,3.62631,0.496214,0.0981228,0.0853916
8377,3.60844,0.480378,0.0933425,0.0855477
8378,3.60844,0.480378,0.0933425,0.0855477
8379,3.59406,0.455398,0.0916073,0.0855665
8380,3.61268,0.476128,0.092548,0.0858684
8381,3.61268,0.476128,0.092548,0.0858684
8382,3.654,0.537832,0.104086,0.0914338
8383,3.6072,0.464787,0.0909617,0.0821811
8384,3.6072,0.464787,0.0909617,0.0821811
8385,3.61707,0.489508,0.098083,0.088455
8386,3.63607,0.536914,0.102094,0.098518
8387,3.63607,0.536914,0.102094,0.098518
8388,3.65963,0.555343,0.105885,0.0976845
8389,3.65963,0.555343,0.105885,0.0976845
8390,3.65963,0.555343,0.105885,0.0976845
8391,3.66285,0.562739,0.10965,0.101019
8392,3.67264,0.574801,0.114941,0.102334
8393,3.70263,0.614101,0.117934,0.104168
8394,3.70721,0.641221,0.123356,0.110657
8395,3.70721,0.641221,0.123356,0.110657
8396,3.74036,0.699101,0.132863,0.11238
8397,3.74036,0.699101,0.132863,0.11238
8398,3.73579,0.682008,0.128099,0.108058
8399,3.73835,0.702968,0.134056,0.114248
8400,3.69924,0.64123,0.122365,0.111908
8401,3.71633,0.647604,0.122421,0.104789
8402,3.71969,0.650946,0.128667,0.103831
8403,3.73049,0.652916,0.126307,0.0969892
8404,3.6744,0.574127,0.112653,0.09731
8405,3.6744,0.574127,0.112653,0.09731
8406,3.65043,0.542498,0.106641,0.0936678
8407,3.66924,0.557911,0.110614,0.094758
8408,3.70686,0.610769,0.118931,0.0952816
8409,3.71762,0.645172,0.125728,0.0971398
8410,3.71762,0.645172,0.125728,0.0971398
8411,3.68572,0.593692,0.11925,0.0981432
8412,3.6712,0.570877,0.110954,0.091382
8413,3.69013,0.589814,0.113363,0.0909047
8414,3.66012,0.565529,0.108333,0.0926304
8415,3.6463,0.54541,0.10693,0.0909001
8416,3.67382,0.582292,0.111764,0.090189
8417,3.69832,0.613676,0.115041,0.0899043
8418,3.69832,0.613676,0.115041,0.0899043
8419,3.70933,0.62098,0.11986,0.0875976
8420,3.69335,0.604488,0.11696,0.0862816
8421,3.71339,0.668753,0.126881,0.0962453
8422,3.70728,0.632094,0.120328,0.0970051
8423,3.70728,0.632094,0.120328,0.0970051
8424,3.64803,0.546251,0.104616,0.0930069
8425,3.68819,0.606417,0.115282,0.0982751
8426,3.67567,0.607911,0.116406,0.0988044
8427,3.67758,0.5947,0.115196,0.0926824
8428,3.65182,0.577658,0.11108,0.0997448
8429,3.65414,0.607774,0.112945,0.106154
8430,3.6465,0.603474,0.112757,0.113176
8431,3.63085,0.586841,0.11119,0.111785
8432,3.62916,0.591585,0.11311,0.120434
8433,3.67905,0.628258,0.116804,0.11326
8434,3.65819,0.598049,0.112695,0.11297
8435,3.62972,0.544649,0.105582,0.100616
8436,3.65381,0.602105,0.117129,0.0977978
8437,3.65381,0.602105,0.117129,0.0977978
8438,3.65381,0.602105,0.117129,0.0977978
8439,3.61167,0.563753,0.106989,0.0976462
8440,3.65022,0.615893,0.114527,0.101388
8441,3.61932,0.567215,0.107695,0.0986093
8442,3.61932,0.567215,0.107695,0.0986093
8443,3.63859,0.614235,0.117914,0.104275
8444,3.59915,0.541706,0.10367,0.109273
8445,3.59915,0.541706,0.10367,0.109273
8446,3.59915,0.541706,0.10367,0.109273
8447,3.59915,0.541706,0.10367,0.109273
8448,3.5953,0.510647,0.0987856,0.103418
8449,3.60829,0.536693,0.102766,0.101172
8450,3.59929,0.539724,0.10663,0.104149
8451,3.63185,0.572441,0.110713,0.105251
8452,3.58996,0.508683,0.0980783,0.100302
8453,3.62807,0.544436,0.104294,0.104049
8454,3.60401,0.512144,0.0983565,0.0976153
8455,3.60401,0.512144,0.0983565,0.0976153
8456,3.6335,0.537524,0.103631,0.0945849
8457,3.6158,0.503429,0.0979915,0.0939053
8458,3.6158,0.503429,0.0979915,0.0939053
8459,3.6158,0.503429,0.0979915,0.0939053
8460,3.63503,0.561477,0.107734,0.103681
8461,3.62113,0.536986,0.104959,0.102571
8462,3.61998,0.561543,0.107592,0.107934
8463,3.56703,0.492562,0.0928981,0.106536
8464,3.56703,0.492562,0.0928981,0.106536
8465,3.56703,0.492562,0.0928981,0.106536
8466,3.57817,0.48506,0.0916734,0.106341
8467,3.57817,0.48506,0.0916734,0.106341
8468,3.57817,0.48506,0.0916734,0.106341
8469,3.53775,0.445902,0.085046,0.10155
8470,3.53775,0.445902,0.085046,0.10155
8471,3.54659,0.423746,0.0837741,0.0944724
8472,3.54659,0.423746,0.0837741,0.0944724
8473,3.55934,0.437824,0.0850318,0.0941873
8474,3.58909,0.476028,0.0942796,0.0958619
8475,3.58909,0.476028,0.0942796,0.0958619
8476,3.56227,0.455147,0.0876006,0.097064
8477,3.59739,0.473182,0.0915446,0.0886056
8478,3.58311,0.44697,0.0881015,0.0852569
8479,3.57622,0.444105,0.0862556,0.0867663
8480,3.59664,0.474794,0.0955676,0.0894009
8481,3.59672,0.460516,0.0915073,0.0851933
8482,3.59672,0.460516,0.0915073,0.0851933
8483,3.59672,0.460516,0.0915073,0.0851933
8484,3.59672,0.460516,0.0915073,0.0851933
8485,3.59307,0.451702,0.088738,0.0825765
8486,3.58081,0.450287,0.0894439,0.08759
8487,3.58081,0.450287,0.0894439,0.08759
8488,3.5453,0.408153,0.0790454,0.0839711
8489,3.5453,0.408153,0.0790454,0.0839711
8490,3.58213,0.441187,0.0855551,0.0834783
8491,3.57157,0.455978,0.0904681,0.0938192
8492,3.56046,0.457184,0.0907375,0.0975517
8493,3.57946,0.467441,0.0929193,0.0943017
8494,3.57946,0.467441,0.0929193,0.0943017
8495,3.5527,0.441155,0.0861303,0.0928126
8496,3.5527,0.441155,0.0861303,0.0928126
8497,3.53446,0.401832,0.0804505,0.0852463
8498,3.597,0.470281,0.0932618,0.0916626
8499,3.597,0.470281,0.0932618,0.0916626
8500,3.54508,0.425684,0.0840894,0.0931644
8501,3.58364,0.457653,0.0896804,0.094215
8502,3.58295,0.450668,0.0899593,0.090432
8503,3.64135,0.527486,0.104034,0.0928658
8504,3.62025,0.508496,0.100295,0.0968996
8505,3.64804,0.539844,0.104658,0.0976811
8506,3.61221,0.502578,0.100276,0.0991035
8507,3.61842,0.539095,0.105729,0.105852
8508,3.59478,0.52796,0.103711,0.110255
8509,3.62878,0.537371,0.104187,0.100843
8510,3.63813,0.551529,0.108231,0.107647
8511,3.64732,0.553766,0.107493,0.104444
8512,3.6568,0.592249,0.116207,0.114676
8513,3.64184,0.567868,0.109867,0.112639
8514,3.60783,0.518963,0.102105,0.110847
8515,3.60745,0.533057,0.106029,0.116925
8516,3.62922,0.527111,0.104726,0.104726
8517,3.62922,0.527111,0.104726,0.104726
8518,3.63032,0.560006,0.107993,0.119793
8519,3.61367,0.531619,0.102317,0.112352
8520,3.61367,0.531619,0.102317,0.112352
8521,3.61794,0.526173,0.101367,0.108164
8522,3.61296,0.529491,0.101578,0.111266
8523,3.5941,0.492117,0.0955621,0.102453
8524,3.59039,0.499473,0.0961102,0.107324
8525,3.58245,0.47534,0.0944052,0.101358
8526,3.61449,0.512538,0.0994455,0.102295
8527,3.61449,0.512538,0.0994455,0.102295
8528,3.62805,0.531755,0.104051,0.10343
8529,3.62805,0.531755,0.104051,0.10343
8530,3.589,0.488758,0.0946225,0.107375
8531,3.589,0.488758,0.0946225,0.107375
8532,3.58523,0.492409,0.0980179,0.1068
8533,3.60694,0.499745,0.0983192,0.101191
8534,3.58108,0.489029,0.095091,0.109932
8535,3.54288,0.450227,0.0908997,0.110662
8536,3.54288,0.450227,0.0908997,0.110662
8537,3.55535,0.471853,0.0938411,0.113982
8538,3.55535,0.471853,0.0938411,0.113982
8539,3.58109,0.503707,0.100269,0.116963
8540,3.57339,0.486453,0.0939315,0.11193
8541,3.58695,0.502194,0.097104,0.112381
8542,3.58695,0.502194,0.097104,0.112381
8543,3.58695,0.502194,0.097104,0.112381
8544,3.57586,0.496241,0.0947224,0.117101
8545,3.58868,0.500876,0.0964279,0.111467
8546,3.5835,0.504678,0.0978701,0.118102
8547,3.5835,0.504678,0.0978701,0.118102
8548,3.5835,0.504678,0.0978701,0.118102
8549,3.5835,0.504678,0.0978701,0.118102
8550,3.5835,0.504678,0.0978701,0.118102
8551,3.5835,0.504678,0.0978701,0.118102
8552,3.59956,0.520762,0.100125,0.116191
8553,3.56906,0.496425,0.0988731,0.115045
8554,3.57066,0.493032,0.096637,0.117365
8555,3.54161,0.458041,0.0901393,0.114906
8556,3.54161,0.458041,0.0901393,0.114906
8557,3.54126,0.471632,0.0929486,0.122626
8558,3.57046,0.489868,0.0949755,0.114405
8559,3.57046,0.489868,0.0949755,0.114405
8560,3.56792,0.482338,0.0930841,0.115109
8561,3.54434,0.448478,0.0884151,0.108576
8562,3.55822,0.4601,0.0910873,0.108309
8563,3.54944,0.46769,0.0922611,0.114997
8564,3.54251,0.459721,0.0903512,0.115734
8565,3.54251,0.459721,0.0903512,0.115734
8566,3.55635,0.476565,0.0951135,0.114952
8567,3.55635,0.476565,0.0951135,0.114952
8568,3.52708,0.443196,0.0876862,0.112253
8569,3.53594,0.45929,0.0901411,0.113302
8570,3.54456,0.475369,0.0948666,0.120061
8571,3.53843,0.479381,0.0954319,0.117696
8572,3.53843,0.479381,0.0954319,0.117696
8573,3.55684,0.510831,0.0979808,0.119004
8574,3.51602,0.45664,0.0894195,0.117203
8575,3.5058,0.446665,0.0862162,0.120023
8576,3.49957,0.430793,0.0837903,0.114945
8577,3.47377,0.415576,0.0806163,0.118195
8578,3.47577,0.390053,0.0760263,0.107606
8579,3.43483,0.348577,0.0686138,0.105242
8580,3.43483,0.348577,0.0686138,0.105242
8581,3.45401,0.354454,0.0706909,0.100186
8582,3.45401,0.354454,0.0706909,0.100186
8583,3.42248,0.345276,0.0692518,0.110169
8584,3.40764,0.330315,0.0649094,0.112702
8585,3.40764,0.330315,0.0649094,0.112702
8586,3.40972,0.323238,0.065423,0.105283
8587,3.40972,0.323238,0.065423,0.105283
8588,3.40972,0.323238,0.065423,0.105283
8589,3.44148,0.354543,0.070738,0.106654
8590,3.43676,0.356999,0.0708982,0.108513
8591,3.46226,0.381193,0.0757654,0.109654
8592,3.43743,0.344233,0.0696397,0.102716
8593,3.43743,0.344233,0.0696397,0.102716
8594,3.46965,0.363913,0.072334,0.0966115
8595,3.46965,0.363913,0.072334,0.0966115
8596,3.46965,0.363913,0.072334,0.0966115
8597,3.46965,0.363913,0.072334,0.0966115
8598,3.4986,0.401781,0.0790675,0.103327
8599,3.51634,0.428582,0.0848233,0.108062
8600,3.5116,0.43167,0.0829463,0.110722
8601,3.50199,0.424408,0.0817286,0.108802
8602,3.50199,0.424408,0.0817286,0.108802
8603,3.52504,0.457314,0.0888991,0.111003
8604,3.51455,0.436301,0.0837349,0.107519
8605,3.53277,0.430228,0.0856477,0.102008
8606,3.53277,0.430228,0.0856477,0.102008
8607,3.54525,0.433684,0.0848773,0.0992875
8608,3.54525,0.433684,0.0848773,0.0992875
8609,3.54525,0.433684,0.0848773,0.0992875
8610,3.52178,0.416177,0.0827106,0.101032
8611,3.502,0.395899,0.0781128,0.100299
8612,3.46618,0.369725,0.0732728,0.103523
8613,3.46228,0.365634,0.0719097,0.101242
8614,3.46228,0.365634,0.0719097,0.101242
8615,3.46228,0.365634,0.0719097,0.101242
8616,3.49076,0.383105,0.0763435,0.0981405
8617,3.49076,0.383105,0.0763435,0.0981405
8618,3.49076,0.383105,0.0763435,0.0981405
8619,3.49076,0.383105,0.0763435,0.0981405
8620,3.49056,0.379563,0.0758892,0.0954773
8621,3.53022,0.407212,0.0807065,0.0883015
8622,3.54452,0.414101,0.0829492,0.0873964
8623,3.56348,0.429884,0.0845732,0.0811013
8624,3.51127,0.370779,0.0738248,0.0808932
8625,3.53519,0.391658,0.0771481,0.0816904
8626,3.51975,0.39121,0.078702,0.0875066
8627,3.51975,0.39121,0.078702,0.0875066
8628,3.5274,0.398041,0.0800813,0.0879815
8629,3.5274,0.398041,0.0800813,0.0879815
8630,3.5274,0.398041,0.0800813,0.0879815
8631,3.5274,0.398041,0.0800813,0.0879815
8632,3.55289,0.408801,0.0828757,0.0818247
8633,3.53691,0.398168,0.0805821,0.0836848
8634,3.51762,0.377473,0.0771604,0.0827298
8635,3.4752,0.340338,0.0687475,0.0806006
8636,3.49638,0.366484,0.0728519,0.087223
8637,3.5183,0.407622,0.07912,0.0992133
8638,3.51775,0.407992,0.0802839,0.0983228
8639,3.51984,0.415748,0.0831905,0.101083
8640,3.53816,0.429969,0.0838192,0.100458
8641,3.58421,0.486796,0.0943182,0.10592
8642,3.60914,0.499084,0.0975377,0.100832
8643,3.60914,0.499084,0.0975377,0.100832
8644,3.60914,0.499084,0.0975377,0.100832
8645,3.59884,0.513013,0.102137,0.109247
8646,3.59884,0.513013,0.102137,0.109247
8647,3.59884,0.513013,0.102137,0.109247
8648,3.59884,0.513013,0.102137,0.109247
8649,3.53871,0.441931,0.0866857,0.108355
8650,3.58153,0.49102,0.0951984,0.108793
8651,3.58153,0.49102,0.0951984,0.108793
8652,3.55255,0.459456,0.0895269,0.10514
8653,3.53247,0.420794,0.0828868,0.0983261
8654,3.53247,0.420794,0.0828868,0.0983261
8655,3.53247,0.420794,0.0828868,0.0983261
8656,3.53247,0.420794,0.0828868,0.0983261
8657,3.54709,0.442351,0.0857086,0.0997901
8658,3.54709,0.442351,0.0857086,0.0997901
8659,3.54709,0.442351,0.0857086,0.0997901
8660,3.56873,0.470191,0.091702,0.103431
8661,3.60661,0.511005,0.0979334,0.103303
8662,3.61681,0.505073,0.0977905,0.0989187
8663,3.61681,0.505073,0.0977905,0.0989187
8664,3.63863,0.527299,0.103492,0.0961947
8665,3.63863,0.527299,0.103492,0.0961947
8666,3.60095,0.489761,0.0936688,0.0967189
8667,3.63677,0.509283,0.0990126,0.0905591
8668,3.60556,0.481461,0.0933323,0.0917527
8669,3.62637,0.517908,0.101671,0.0986692
8670,3.62637,0.517908,0.101671,0.0986692
8671,3.64441,0.542058,0.106775,0.0983829
8672,3.61558,0.498358,0.0994219,0.0953537
8673,3.61558,0.498358,0.0994219,0.0953537
8674,3.67498,0.584593,0.113152,0.0983162
8675,3.68735,0.578716,0.109953,0.0960808
8676,3.68944,0.574876,0.112115,0.0905942
8677,3.66685,0.536711,0.101383,0.08585
8678,3.66315,0.517458,0.10281,0.08064
8679,3.65112,0.506668,0.102481,0.0819287
8680,3.66903,0.521711,0.101029,0.0782728
8681,3.68285,0.561489,0.11059,0.0865356
8682,3.67474,0.554197,0.10757,0.0871191
8683,3.67732,0.564141,0.110116,0.0893839
8684,3.67732,0.564141,0.110116,0.0893839
8685,3.6709,0.557365,0.106861,0.0872852
8686,3.70082,0.575485,0.108938,0.0840807
8687,3.70082,0.575485,0.108938,0.0840807
8688,3.68692,0.555783,0.107489,0.082787
8689,3.68683,0.580863,0.112915,0.0926565
8690,3.63993,0.507756,0.100032,0.0868026
8691,3.66989,0.531157,0.102563,0.0818764
8692,3.69361,0.554947,0.107203,0.0789196
8693,3.69361,0.554947,0.107203,0.0789196
8694,3.70774,0.548577,0.107155,0.0686913
8695,3.69836,0.554819,0.109139,0.0763906
8696,3.68662,0.536459,0.104469,0.0773601
8697,3.68662,0.536459,0.104469,0.0773601
8698,3.68662,0.554158,0.107795,0.0838356
8699,3.64996,0.4937,0.0973289,0.073962
8700,3.65306,0.525181,0.102148,0.0854071
8701,3.65306,0.525181,0.102148,0.0854071
8702,3.66739,0.552167,0.105385,0.0891643
8703,3.66739,0.552167,0.105385,0.0891643
8704,3.6866,0.580027,0.112667,0.0899908
8705,3.70576,0.603397,0.116908,0.0842582
8706,3.68782,0.566283,0.110317,0.0785664
8707,3.70267,0.572851,0.110456,0.0799695
8708,3.7135,0.562052,0.110592,0.0688719
8709,3.75726,0.617986,0.118852,0.0653341
8710,3.777,0.621567,0.120781,0.064638
8711,3.77124,0.617432,0.119319,0.0671138
8712,3.78288,0.636248,0.121913,0.0697762
8713,3.79663,0.675816,0.13136,0.0750651
8714,3.79663,0.675816,0.13136,0.0750651
8715,3.81598,0.710362,0.137194,0.0773569
8716,3.80557,0.701127,0.135169,0.0796562
8717,3.78622,0.668883,0.130784,0.0793577
8718,3.78622,0.668883,0.130784,0.0793577
8719,3.78622,0.668883,0.130784,0.0793577
8720,3.76805,0.638621,0.124891,0.0775096
8721,3.77589,0.633877,0.123791,0.0727243
8722,3.75056,0.612022,0.117984,0.0770261
8723,3.75056,0.612022,0.117984,0.0770261
8724,3.69687,0.541555,0.104677,0.075103
8725,3.72533,0.574324,0.112773,0.0737095
8726,3.72975,0.59742,0.117317,0.0806806
8727,3.68974,0.557743,0.106674,0.0842486
8728,3.7063,0.572615,0.110581,0.0805036
8729,3.66885,0.524882,0.103305,0.0801677
8730,3.60935,0.472843,0.0944651,0.0868689
8731,3.60935,0.472843,0.0944651,0.0868689
8732,3.6715,0.535661,0.106786,0.0838854
8733,3.66172,0.509009,0.102034,0.0780158
8734,3.66172,0.509009,0.102034,0.0780158
8735,3.66288,0.522388,0.102069,0.0835392
8736,3.68582,0.55534,0.111058,0.0835001
8737,3.66113,0.515668,0.102175,0.0797567
8738,3.64443,0.525916,0.103288,0.0904896
8739,3.67024,0.567446,0.110218,0.0935954
8740,3.67151,0.544754,0.105958,0.0843232
8741,3.65167,0.510875,0.0997067,0.0837979
8742,3.65167,0.510875,0.0997067,0.0837979
8743,3.65159,0.512755,0.0992368,0.0841658
8744,3.65105,0.506544,0.0982894,0.0811369
8745,3.62095,0.477052,0.0921355,0.0815728
8746,3.62095,0.477052,0.0921355,0.0815728
8747,3.62095,0.477052,0.0921355,0.0815728
8748,3.63897,0.490234,0.0956858,0.0810365
8749,3.63897,0.490234,0.0956858,0.0810365
8750,3.63897,0.490234,0.0956858,0.0810365
8751,3.64442,0.501376,0.0984776,0.0785879
8752,3.64442,0.501376,0.0984776,0.0785879
8753,3.65351,0.530375,0.101631,0.0839078
8754,3.65098,0.524678,0.100753,0.0827711
8755,3.65994,0.547385,0.104115,0.0874065
8756,3.68635,0.590049,0.114736,0.0911585
8757,3.64676,0.527195,0.0995123,0.0883263
8758,3.63518,0.517987,0.0989929,0.0912731
8759,3.63518,0.517987,0.0989929,0.0912731
8760,3.65784,0.56223,0.10736,0.094306
8761,3.6724,0.582587,0.112945,0.0964975
8762,3.67623,0.594026,0.114335,0.100495
8763,3.64301,0.538814,0.102808,0.0924574
8764,3.64791,0.516789,0.10189,0.0873862
8765,3.63677,0.49778,0.0973495,0.0815427
8766,3.61909,0.472548,0.0910337,0.0824855
8767,3.58555,0.441803,0.0880825,0.0791952
8768,3.56959,0.454889,0.0906946,0.087097
8769,3.58447,0.47703,0.0907548,0.0957935
8770,3.55985,0.45801,0.0885831,0.0961916
8771,3.55985,0.45801,0.0885831,0.0961916
8772,3.60761,0.502818,0.0961395,0.100927
8773,3.59896,0.496173,0.0960523,0.100225
8774,3.59983,0.491043,0.0951342,0.0991958
8775,3.56539,0.455147,0.089116,0.0975431
8776,3.56341,0.459771,0.091907,0.102508
8777,3.56341,0.459771,0.091907,0.102508
8778,3.56341,0.459771,0.091907,0.102508
8779,3.51671,0.399001,0.0803211,0.0968643
8780,3.51671,0.399001,0.0803211,0.0968643
8781,3.51671,0.399001,0.0803211,0.0968643
8782,3.48115,0.364942,0.0725767,0.0918343
8783,3.48115,0.364942,0.0725767,0.0918343
8784,3.48115,0.364942,0.0725767,0.0918343
8785,3.49844,0.383397,0.0762581,0.0949798
8786,3.51315,0.39657,0.0773669,0.0937318
8787,3.4955,0.358131,0.0724595,0.0794697
8788,3.4947,0.363301,0.0736364,0.0840835
8789,3.49649,0.368231,0.0740456,0.0857958
8790,3.49649,0.368231,0.0740456,0.0857958
8791,3.50766,0.371276,0.0749117,0.0809078
8792,3.53934,0.401306,0.0815392,0.0819515
8793,3.51071,0.384981,0.0762056,0.0869406
8794,3.51949,0.390387,0.0790306,0.0881574
8795,3.51949,0.390387,0.0790306,0.0881574
8796,3.51834,0.375128,0.0757171,0.079646
8797,3.53924,0.406472,0.0807501,0.0850732
8798,3.53091,0.394359,0.0784992,0.0830089
8799,3.53091,0.394359,0.0784992,0.0830089
8800,3.55471,0.401022,0.079862,0.0744702
8801,3.52083,0.369746,0.0734818,0.0757803
8802,3.52083,0.369746,0.0734818,0.0757803
8803,3.55274,0.405992,0.0813064,0.077558
8804,3.55274,0.405992,0.0813064,0.077558
8805,3.57444,0.403411,0.0817544,0.0679389
8806,3.51805,0.363734,0.0735913,0.0741485
8807,3.51805,0.363734,0.0735913,0.0741485
8808,3.5381,0.387042,0.0780431,0.075385
8809,3.53324,0.387302,0.0800156,0.078561
8810,3.53324,0.387302,0.0800156,0.078561
8811,3.52873,0.388125,0.0772824,0.0814934
8812,3.54671,0.396578,0.0807147,0.0774779
8813,3.54671,0.396578,0.0807147,0.0774779
8814,3.49603,0.3566,0.0720733,0.0783206
8815,3.49603,0.3566,0.0720733,0.0783206
8816,3.49603,0.3566,0.0720733,0.0783206
8817,3.49603,0.3566,0.0720733,0.0783206
8818,3.49603,0.3566,0.0720733,0.0783206
8819,3.49603,0.3566,0.0720733,0.0783206
8820,3.50223,0.361625,0.0719937,0.0786471
8821,3.50726,0.368423,0.0732538,0.0773682
8822,3.52069,0.381317,0.076645,0.0813261
8823,3.50777,0.359644,0.0724274,0.0732655
8824,3.46568,0.318741,0.0654047,0.0703378
8825,3.47238,0.329169,0.066521,0.0716237
8826,3.49866,0.349934,0.0688487,0.073182
8827,3.49649,0.341523,0.0700384,0.0694983
8828,3.48468,0.336785,0.0684888,0.0730667
8829,3.51025,0.373641,0.0747087,0.0794954
8830,3.51331,0.387441,0.0779992,0.0835987
8831,3.52299,0.388187,0.0785804,0.081126
8832,3.52181,0.373193,0.0750244,0.0759918
8833,3.52181,0.373193,0.0750244,0.0759918
8834,3.52181,0.373193,0.0750244,0.0759918
8835,3.57456,0.426119,0.0852367,0.0744759
8836,3.57456,0.426119,0.0852367,0.0744759
8837,3.57408,0.420734,0.0848158,0.0749685
8838,3.57408,0.420734,0.0848158,0.0749685
8839,3.59206,0.467424,0.0922328,0.0870223
8840,3.59206,0.467424,0.0922328,0.0870223
8841,3.5942,0.479429,0.0921484,0.0926639
8842,3.58363,0.447104,0.0888285,0.0804843
8843,3.59568,0.460861,0.0917571,0.0828323
8844,3.5974,0.454612,0.0876724,0.0782763
8845,3.63185,0.501619,0.0980712,0.084479
8846,3.60465,0.473063,0.09516,0.0850985
8847,3.62181,0.480158,0.0971982,0.0831462
8848,3.62181,0.480158,0.0971982,0.0831462
8849,3.63891,0.508664,0.0997258,0.0845356
8850,3.63891,0.508664,0.0997258,0.0845356
8851,3.61929,0.490001,0.0955009,0.0863371
8852,3.62755,0.483793,0.0927681,0.0810602
8853,3.64996,0.516862,0.0994696,0.0855854
8854,3.66493,0.526253,0.101286,0.0824008
8855,3.66169,0.518244,0.101254,0.0819906
8856,3.70762,0.58366,0.114973,0.0871166
8857,3.70762,0.58366,0.114973,0.0871166
8858,3.66102,0.544696,0.105749,0.0946703
8859,3.68027,0.551708,0.108735,0.0876618
8860,3.65386,0.541077,0.106742,0.0954503
8861,3.65386,0.541077,0.106742,0.0954503
8862,3.64715,0.549633,0.105753,0.101934
8863,3.64715,0.549633,0.105753,0.101934
8864,3.67994,0.587559,0.115669,0.10198
8865,3.66516,0.562502,0.110557,0.100685
8866,3.62461,0.508326,0.098152,0.0945943
8867,3.62461,0.508326,0.098152,0.0945943
8868,3.63438,0.513783,0.100373,0.0906189
8869,3.63438,0.513783,0.100373,0.0906189
8870,3.63734,0.537381,0.105144,0.101285
8871,3.6379,0.536989,0.103893,0.0992456
8872,3.64567,0.518632,0.101529,0.0912936
8873,3.64567,0.518632,0.101529,0.0912936
8874,3.6078,0.508201,0.0972792,0.103912
8875,3.6078,0.508201,0.0972792,0.103912
8876,3.6078,0.508201,0.0972792,0.103912
8877,3.6078,0.508201,0.0972792,0.103912
8878,3.6078,0.508201,0.0972792,0.103912
8879,3.65827,0.566703,0.110355,0.102712
8880,3.65827,0.566703,0.110355,0.102712
8881,3.63669,0.55067,0.108666,0.108315
8882,3.66168,0.606072,0.118466,0.116664
8883,3.67404,0.611946,0.118264,0.11541
8884,3.67404,0.611946,0.118264,0.11541
8885,3.64647,0.594829,0.11401,0.123868
8886,3.61637,0.553643,0.106369,0.117247
8887,3.61291,0.542856,0.106443,0.119014
8888,3.60349,0.534779,0.103007,0.115851
8889,3.58793,0.494823,0.0987333,0.109699
8890,3.58793,0.494823,0.0987333,0.109699
8891,3.60101,0.525282,0.10566,0.116469
8892,3.58491,0.481392,0.0959014,0.102185
8893,3.5551,0.458142,0.089095,0.104015
8894,3.55438,0.453733,0.0884262,0.10216
8895,3.53236,0.423131,0.0837786,0.0983094
8896,3.53236,0.423131,0.0837786,0.0983094
8897,3.53236,0.423131,0.0837786,0.0983094
8898,3.55163,0.435438,0.0850677,0.0952894
8899,3.5208,0.424187,0.0842687,0.100358
8900,3.53175,0.436086,0.0860566,0.0984027
8901,3.53175,0.436086,0.0860566,0.0984027
8902,3.50112,0.406669,0.0823363,0.106072
8903,3.46101,0.374661,0.0751893,0.105762
8904,3.46101,0.374661,0.0751893,0.105762
8905,3.42572,0.342972,0.0705028,0.106638
8906,3.38988,0.313799,0.0644055,0.107986
8907,3.42902,0.355575,0.0703829,0.113895
8908,3.45331,0.368417,0.07288,0.109241
8909,3.45331,0.368417,0.07288,0.109241
8910,3.45331,0.368417,0.07288,0.109241
8911,3.45331,0.368417,0.07288,0.109241
8912,3.49465,0.40163,0.078963,0.105424
8913,3.49465,0.40163,0.078963,0.105424
8914,3.49683,0.403555,0.0813199,0.104766
8915,3.51545,0.417341,0.0821742,0.104263
8916,3.51746,0.44615,0.0867778,0.119154
8917,3.50404,0.430726,0.0848785,0.118727
8918,3.50404,0.430726,0.0848785,0.118727
8919,3.50404,0.430726,0.0848785,0.118727
8920,3.52894,0.452826,0.0892529,0.114634
8921,3.52894,0.452826,0.0892529,0.114634
8922,3.57757,0.519586,0.099448,0.114046
8923,3.54636,0.496021,0.0962542,0.116071
8924,3.57019,0.518483,0.103042,0.119031
8925,3.57603,0.508209,0.0976683,0.115128
8926,3.59421,0.524734,0.100781,0.11301
8927,3.59489,0.516602,0.101621,0.111604
8928,3.59827,0.516408,0.100295,0.109363
8929,3.59827,0.516408,0.100295,0.109363
8930,3.62778,0.545397,0.105934,0.109672
8931,3.6404,0.549301,0.106961,0.104554
8932,3.60235,0.501362,0.0956358,0.100472
8933,3.60235,0.501362,0.0956358,0.100472
8934,3.59404,0.492551,0.096336,0.100587
8935,3.59779,0.49672,0.0963586,0.104948
8936,3.59779,0.49672,0.0963586,0.104948
8937,3.58395,0.481299,0.0932979,0.102916
8938,3.56023,0.479181,0.0920786,0.107039
8939,3.56023,0.479181,0.0920786,0.107039
8940,3.56143,0.47676,0.0931447,0.104121
8941,3.54356,0.442402,0.0862231,0.0969112
8942,3.55367,0.44536,0.0893146,0.0982227
8943,3.55367,0.44536,0.0893146,0.0982227
8944,3.54795,0.452202,0.0891791,0.104087
8945,3.56629,0.465133,0.0913991,0.103502
8946,3.57811,0.497231,0.095929,0.112098
8947,3.5445,0.441477,0.0858898,0.10455
8948,3.53789,0.424019,0.0841724,0.0963919
8949,3.5522,0.428025,0.0864526,0.0894102
8950,3.53764,0.422328,0.0833478,0.0935372
8951,3.53764,0.422328,0.0833478,0.0935372
8952,3.5868,0.467927,0.0927906,0.0941323
8953,3.59479,0.47851,0.0917908,0.0975799
8954,3.61023,0.48637,0.0948835,0.0924093
8955,3.64633,0.544419,0.106765,0.0998047
8956,3.65138,0.527974,0.103212,0.0884386
8957,3.63716,0.514486,0.100245,0.0917139
8958,3.65152,0.550152,0.105498,0.100989
8959,3.6668,0.566714,0.11153,0.101635
8960,3.6668,0.566714,0.11153,0.101635
8961,3.6668,0.566714,0.11153,0.101635
8962,3.66446,0.553056,0.105769,0.0950812
8963,3.6366,0.532083,0.103484,0.0993888
8964,3.61021,0.501717,0.0975153,0.10006
8965,3.62187,0.49631,0.0957088,0.0919405
8966,3.57097,0.431736,0.0860838,0.0863947
8967,3.60301,0.445478,0.0884374,0.0750242
8968,3.62104,0.470119,0.0906599,0.0812935
8969,3.58996,0.432845,0.0849047,0.076625
8970,3.61592,0.461993,0.0909009,0.0781989
8971,3.61592,0.461993,0.0909009,0.0781989
8972,3.61592,0.461993,0.0909009,0.0781989
8973,3.61592,0.461993,0.0909009,0.0781989
8974,3.57612,0.417055,0.082514,0.0735054
8975,3.55815,0.393567,0.0799678,0.0699766
8976,3.59362,0.437054,0.0869823,0.0737372
8977,3.56747,0.404944,0.0814201,0.0717182
8978,3.55496,0.401143,0.0804153,0.0762478
8979,3.53619,0.388511,0.0785752,0.0806907
8980,3.53619,0.388511,0.0785752,0.0806907
8981,3.58292,0.442016,0.0876962,0.0840529
8982,3.60692,0.464271,0.0941162,0.0816915
8983,3.57559,0.429076,0.0853382,0.0806822
8984,3.57559,0.429076,0.0853382,0.0806822
8985,3.57559,0.429076,0.0853382,0.0806822
8986,3.5995,0.455938,0.0876209,0.0826882
8987,3.60356,0.466329,0.0932459,0.0868202
8988,3.62751,0.502201,0.0991605,0.0902714
8989,3.62751,0.502201,0.0991605,0.0902714
8990,3.59048,0.468433,0.0909455,0.0918534
8991,3.55616,0.422701,0.0832725,0.0838705
8992,3.55616,0.422701,0.0832725,0.0838705
8993,3.56087,0.421199,0.0828466,0.0828869
8994,3.55991,0.410337,0.0830087,0.0775483
8995,3.55218,0.402742,0.0816812,0.0786881
8996,3.58507,0.436027,0.0869763,0.0798147
8997,3.56371,0.425836,0.0828657,0.0843997
8998,3.56758,0.424703,0.0854442,0.0834682
8999,3.54493,0.399081,0.0787808,0.0789492
9000,3.53196,0.392301,0.0771187,0.0853222
9001,3.50665,0.378214,0.0733947,0.0852897
9002,3.50665,0.378214,0.0733947,0.0852897
9003,3.52845,0.386851,0.0772363,0.0803288
9004,3.52845,0.386851,0.0772363,0.0803288
9005,3.52845,0.386851,0.0772363,0.0803288
9006,3.52845,0.386851,0.0772363,0.0803288
9007,3.52845,0.386851,0.0772363,0.0803288
9008,3.49051,0.36034,0.0723795,0.0839671
9009,3.51825,0.365744,0.0749211,0.0731363
9010,3.54539,0.402481,0.079203,0.0794416
9011,3.5066,0.350538,0.0708317,0.0718073
9012,3.52471,0.376233,0.0759792,0.0765137
9013,3.54772,0.407295,0.0798373,0.0823874
9014,3.56228,0.410608,0.0849039,0.0785476
9015,3.52413,0.386865,0.0780476,0.0820379
9016,3.5306,0.383463,0.0785817,0.0776812
9017,3.54416,0.396739,0.0799364,0.0785787
9018,3.5488,0.396589,0.0787131,0.0732005
9019,3.5488,0.396589,0.0787131,0.0732005
9020,3.5488,0.396589,0.0787131,0.0732005
9021,3.5571,0.38728,0.0766678,0.0671378
9022,3.5571,0.38728,0.0766678,0.0671378
9023,3.56011,0.412464,0.0816033,0.0788808
9024,3.55155,0.392751,0.0782912,0.0742238
9025,3.56918,0.40145,0.0807483,0.0695271
9026,3.56397,0.407987,0.0816077,0.07246
9027,3.54904,0.414461,0.0830025,0.0836739
9028,3.57933,0.457414,0.0892749,0.088407
9029,3.57933,0.457414,0.0892749,0.088407
9030,3.57933,0.457414,0.0892749,0.088407
9031,3.58316,0.456323,0.0923967,0.0862682
9032,3.56814,0.451776,0.0880495,0.0913621
9033,3.59507,0.480368,0.0938085,0.0968244
9034,3.59507,0.480368,0.0938085,0.0968244
9035,3.59507,0.480368,0.0938085,0.0968244
9036,3.5906,0.478442,0.0940329,0.0989321
9037,3.5906,0.478442,0.0940329,0.0989321
9038,3.59684,0.480846,0.0956628,0.0942303
9039,3.62084,0.501623,0.0961104,0.0929496
9040,3.60797,0.496474,0.10031,0.0966397
9041,3.57542,0.467483,0.0922041,0.102777
9042,3.57542,0.467483,0.0922041,0.102777
9043,3.55467,0.447983,0.0883032,0.0977463
9044,3.55467,0.447983,0.0883032,0.0977463
9045,3.58387,0.476428,0.0936184,0.096358
9046,3.57475,0.477869,0.0921362,0.0965574
9047,3.57475,0.477869,0.0921362,0.0965574
9048,3.57742,0.470905,0.0899361,0.0911696
9049,3.58669,0.475173,0.093209,0.0843546
9050,3.59457,0.482744,0.0925216,0.0823597
9051,3.55396,0.403555,0.0786262,0.0677656
9052,3.53275,0.40219,0.0786234,0.0761248
9053,3.53275,0.40219,0.0786234,0.0761248
9054,3.52228,0.375762,0.0734374,0.0727288
9055,3.56082,0.400999,0.0795587,0.0730843
9056,3.56082,0.400999,0.0795587,0.0730843
9057,3.54225,0.399535,0.0788443,0.0776707
9058,3.54773,0.395117,0.0778881,0.0757387
9059,3.5092,0.351707,0.0725168,0.0688607
9060,3.51521,0.361508,0.0729784,0.0717279
9061,3.51521,0.361508,0.0729784,0.0717279
9062,3.52371,0.359666,0.0736554,0.0675009
9063,3.50313,0.352898,0.0717523,0.0722127
9064,3.48916,0.3435,0.0687622,0.07583
9065,3.46516,0.318095,0.0640298,0.0689225
9066,3.47904,0.323272,0.0654851,0.0656946
9067,3.47178,0.304441,0.0625709,0.0548928
9068,3.47178,0.304441,0.0625709,0.0548928
9069,3.48148,0.30544,0.0622019,0.0501353
9070,3.48148,0.30544,0.0622019,0.0501353
9071,3.48148,0.30544,0.0622019,0.0501353
9072,3.50353,0.328283,0.0668798,0.0555066
9073,3.51571,0.353289,0.0712151,0.0640238
9074,3.51571,0.353289,0.0712151,0.0640238
9075,3.5157,0.346802,0.0687901,0.0624926
9076,3.5157,0.346802,0.0687901,0.0624926
9077,3.46877,0.319854,0.0654929,0.0689467
9078,3.4639,0.33083,0.0656744,0.0725353
9079,3.4373,0.302507,0.0604537,0.0720246
9080,3.44781,0.312009,0.0628955,0.0711552
9081,3.44781,0.312009,0.0628955,0.0711552
9082,3.44851,0.318647,0.0633197,0.0789141
9083,3.46541,0.332588,0.0665626,0.0781188
9084,3.44608,0.306512,0.0637573,0.0704501
9085,3.4565,0.326282,0.0660159,0.0796071
9086,3.40764,0.295995,0.0594842,0.0825343
9087,3.44723,0.323289,0.0652321,0.0838833
9088,3.38893,0.290192,0.0587676,0.0884818
9089,3.38893,0.290192,0.0587676,0.0884818
9090,3.45049,0.333903,0.0685262,0.087969
9091,3.46308,0.362822,0.0718742,0.101243
9092,3.5172,0.40841,0.0800961,0.100851
9093,3.5172,0.40841,0.0800961,0.100851
9094,3.50122,0.387985,0.0760862,0.0963602
9095,3.50432,0.395177,0.0783132,0.100739
9096,3.50432,0.395177,0.0783132,0.100739
9097,3.50566,0.393017,0.08003,0.0991641
9098,3.50948,0.399063,0.0823404,0.0969044
9099,3.49683,0.379697,0.0743616,0.0927571
9100,3.48793,0.378339,0.0751801,0.0962454
9101,3.53062,0.432569,0.0871818,0.104593
9102,3.55631,0.47077,0.0917113,0.110014
9103,3.52649,0.44839,0.0881362,0.117006
9104,3.52649,0.44839,0.0881362,0.117006
9105,3.57223,0.503579,0.0972165,0.113353
9106,3.57223,0.503579,0.0972165,0.113353
9107,3.57114,0.525246,0.101269,0.119946
9108,3.5032,0.439482,0.0854282,0.113803
9109,3.54407,0.462501,0.0888022,0.109743
9110,3.5342,0.463288,0.0912306,0.113775
9111,3.5342,0.463288,0.0912306,0.113775
9112,3.56709,0.491081,0.0937462,0.115723
9113,3.56709,0.491081,0.0937462,0.115723
9114,3.5606,0.491326,0.0954727,0.115513
9115,3.55851,0.484484,0.0922786,0.116826
9116,3.55851,0.484484,0.0922786,0.116826
9117,3.52506,0.457021,0.0882521,0.114022
9118,3.52506,0.457021,0.0882521,0.114022
9119,3.53911,0.466985,0.0911274,0.112315
9120,3.53911,0.466985,0.0911274,0.112315
9121,3.49844,0.435843,0.0860832,0.109954
9122,3.49844,0.435843,0.0860832,0.109954
9123,3.52097,0.437553,0.0866635,0.108415
9124,3.52261,0.456157,0.0869655,0.119316
9125,3.53476,0.494383,0.0950067,0.124184
9126,3.56791,0.48184,0.0952104,0.111484
9127,3.53718,0.441766,0.087545,0.108337
9128,3.56624,0.473418,0.0932819,0.109843
9129,3.55726,0.478023,0.0930903,0.11416
9130,3.59744,0.532523,0.102737,0.118434
9131,3.59744,0.532523,0.102737,0.118434
9132,3.59744,0.532523,0.102737,0.118434
9133,3.5945,0.523845,0.103112,0.115412
9134,3.60832,0.524676,0.100782,0.111219
9135,3.60832,0.524676,0.100782,0.111219
9136,3.6302,0.539645,0.105543,0.105782
9137,3.6302,0.539645,0.105543,0.105782
9138,3.5876,0.510835,0.0999184,0.116667
9139,3.5862,0.499029,0.0974967,0.11404
9140,3.5862,0.499029,0.0974967,0.11404
9141,3.61742,0.537712,0.106937,0.113505
9142,3.58437,0.501909,0.100416,0.115891
9143,3.59269,0.483886,0.0948567,0.104025
9144,3.61436,0.512031,0.0996312,0.103271
9145,3.61436,0.512031,0.0996312,0.103271
9146,3.61436,0.512031,0.0996312,0.103271
9147,3.57235,0.452878,0.0902703,0.0941616
9148,3.54618,0.420302,0.0827481,0.0903522
9149,3.54618,0.420302,0.0827481,0.0903522
9150,3.58005,0.444294,0.0865695,0.0834393
9151,3.55061,0.40435,0.0804012,0.0778793
9152,3.55061,0.40435,0.0804012,0.0778793
9153,3.55061,0.40435,0.0804012,0.0778793
9154,3.55061,0.40435,0.0804012,0.0778793
9155,3.54488,0.386451,0.0769768,0.0705835
9156,3.55742,0.418498,0.0822545,0.0803228
9157,3.55742,0.418498,0.0822545,0.0803228
9158,3.55742,0.418498,0.0822545,0.0803228
9159,3.53434,0.402461,0.0805627,0.0830513
9160,3.53434,0.402461,0.0805627,0.0830513
9161,3.53434,0.402461,0.0805627,0.0830513
9162,3.53843,0.393407,0.0769701,0.0773432
9163,3.53843,0.393407,0.0769701,0.0773432
9164,3.52129,0.372479,0.0749765,0.0727197
9165,3.52129,0.372479,0.0749765,0.0727197
9166,3.52129,0.372479,0.0749765,0.0727197
9167,3.52129,0.372479,0.0749765,0.0727197
9168,3.56765,0.413224,0.0843644,0.0706121
9169,3.55936,0.39083,0.0816301,0.0681273
9170,3.56704,0.406416,0.0812949,0.0707585
9171,3.57812,0.405603,0.0829544,0.0660559
9172,3.52364,0.363188,0.0747484,0.0681461
9173,3.49629,0.338747,0.0682316,0.0646596
9174,3.50304,0.347097,0.0706063,0.0676269
9175,3.50304,0.347097,0.0706063,0.0676269
9176,3.50837,0.35849,0.0737313,0.0699957
9177,3.44742,0.316209,0.0646427,0.0720155
9178,3.44742,0.316209,0.0646427,0.0720155
9179,3.45153,0.331224,0.0670141,0.0806931
9180,3.45153,0.331224,0.0670141,0.0806931
9181,3.45153,0.331224,0.0670141,0.0806931
9182,3.4923,0.362078,0.0739266,0.0843362
9183,3.52225,0.382664,0.0769779,0.0825677
9184,3.5076,0.378681,0.0768574,0.089939
9185,3.5076,0.378681,0.0768574,0.089939
9186,3.48308,0.357019,0.0717789,0.0877937
9187,3.48308,0.357019,0.0717789,0.0877937
9188,3.49257,0.372621,0.07329,0.0894593
9189,3.5425,0.425081,0.0829363,0.0932756
9190,3.5023,0.380453,0.0752264,0.0909751
9191,3.53497,0.416473,0.0803564,0.0931264
9192,3.53724,0.412467,0.0815432,0.0906918
9193,3.56085,0.430878,0.085575,0.0893974
9194,3.56085,0.430878,0.085575,0.0893974
9195,3.56085,0.430878,0.085575,0.0893974
9196,3.53292,0.414768,0.0804736,0.0936521
9197,3.56173,0.43983,0.087589,0.0931597
9198,3.55094,0.418787,0.0834364,0.0899334
9199,3.54529,0.407982,0.082387,0.0871857
9200,3.54529,0.407982,0.082387,0.0871857
9201,3.55016,0.411161,0.0819051,0.0854262
9202,3.54348,0.413172,0.0823449,0.0874696
9203,3.50832,0.386953,0.0777651,0.0952424
9204,3.51085,0.386091,0.0776795,0.0889571
9205,3.52272,0.400982,0.0800075,0.0881041
9206,3.5204,0.387687,0.0767441,0.0860023
9207,3.5204,0.387687,0.0767441,0.0860023
9208,3.50117,0.364321,0.0722547,0.0824952
9209,3.51769,0.38328,0.077104,0.0845703
9210,3.51769,0.38328,0.077104,0.0845703
9211,3.50818,0.382448,0.0773695,0.0882365
9212,3.53613,0.39316,0.0779777,0.0798631
9213,3.51539,0.374095,0.0763033,0.0799558
9214,3.54918,0.408763,0.0816098,0.083402
9215,3.55282,0.42089,0.0849708,0.0888126
9216,3.55282,0.42089,0.0849708,0.0888126
9217,3.56042,0.430384,0.0859867,0.0897542
9218,3.58002,0.467101,0.0916729,0.0971093
9219,3.58002,0.467101,0.0916729,0.0971093
9220,3.58914,0.451813,0.0900906,0.0834962
9221,3.60975,0.470276,0.0925645,0.0844574
9222,3.6195,0.46524,0.0923195,0.0770196
9223,3.62195,0.452514,0.0900976,0.0719696
9224,3.62195,0.452514,0.0900976,0.0719696
9225,3.61162,0.453096,0.0881699,0.0736617
9226,3.62813,0.463516,0.0912167,0.0746603
9227,3.62528,0.466159,0.0921099,0.0759385
9228,3.63743,0.494458,0.0997834,0.0821378
9229,3.65347,0.508371,0.0995437,0.0786535
9230,3.65347,0.508371,0.0995437,0.0786535
9231,3.63416,0.510619,0.0992133,0.0909827
9232,3.63289,0.512398,0.103371,0.0912102
9233,3.60927,0.477614,0.0942365,0.0863121
9234,3.60927,0.477614,0.0942365,0.0863121
9235,3.60927,0.477614,0.0942365,0.0863121
9236,3.60927,0.477614,0.0942365,0.0863121
9237,3.60437,0.455307,0.0903062,0.0771116
9238,3.61766,0.485647,0.0943906,0.0904245
9239,3.60435,0.468598,0.0935379,0.0878673
9240,3.57694,0.446746,0.0889769,0.0913279
9241,3.62049,0.485463,0.0955783,0.0880816
9242,3.61354,0.491049,0.0969027,0.0927231
9243,3.57136,0.459521,0.0882166,0.0987209
9244,3.57136,0.459521,0.0882166,0.0987209
9245,3.60537,0.481626,0.0931272,0.0922984
9246,3.59657,0.485235,0.0956834,0.0976092
9247,3.62151,0.50513,0.0992383,0.0980204
9248,3.61309,0.486124,0.0966836,0.0909548
9249,3.61802,0.498905,0.0983073,0.0956144
9250,3.61802,0.498905,0.0983073,0.0956144
9251,3.61802,0.498905,0.0983073,0.0956144
9252,3.61163,0.491516,0.0988287,0.0934104
9253,3.6333,0.505029,0.0985779,0.0859382
9254,3.65417,0.522853,0.101699,0.0839808
9255,3.61837,0.461219,0.0898292,0.0742272
9256,3.69592,0.545774,0.106942,0.0742333
9257,3.70189,0.54925,0.108702,0.0714207
9258,3.70479,0.550287,0.106881,0.0632121
9259,3.72184,0.581911,0.111324,0.0659726
9260,3.72888,0.576495,0.111077,0.0664977
9261,3.6688,0.49417,0.0974061,0.0617058
9262,3.73085,0.576716,0.112973,0.0648644
9263,3.68625,0.540334,0.103589,0.071174
9264,3.65899,0.49047,0.0988622,0.0628986
9265,3.66122,0.499374,0.100532,0.0682409
9266,3.63475,0.485872,0.0969308,0.0738407
9267,3.63769,0.488854,0.0970238,0.0784385
9268,3.63769,0.488854,0.0970238,0.0784385
9269,3.63769,0.488854,0.0970238,0.0784385
9270,3.64327,0.501821,0.0990471,0.0786746
9271,3.65999,0.529369,0.103972,0.0874595
9272,3.69627,0.578266,0.112116,0.0866145
9273,3.69627,0.578266,0.112116,0.0866145
9274,3.68428,0.553479,0.106644,0.0820559
9275,3.68428,0.553479,0.106644,0.0820559
9276,3.70237,0.561437,0.111082,0.0780747
9277,3.72835,0.591416,0.115884,0.0777523
9278,3.74622,0.60178,0.116892,0.0737565
9279,3.71469,0.595187,0.115293,0.0864991
9280,3.7218,0.599579,0.116508,0.0853781
9281,3.7218,0.599579,0.116508,0.0853781
9282,3.70211,0.565415,0.111511,0.0796241
9283,3.67881,0.54852,0.107003,0.0852378
9284,3.67737,0.5616,0.108338,0.0875214
9285,3.64553,0.509391,0.0988965,0.0847931
9286,3.64553,0.509391,0.0988965,0.0847931
9287,3.64553,0.509391,0.0988965,0.0847931
9288,3.6757,0.555237,0.107631,0.0866758
9289,3.69071,0.574407,0.109826,0.0868811
9290,3.65301,0.522696,0.101706,0.0877533
9291,3.62555,0.490247,0.0961001,0.0858166
9292,3.63083,0.513495,0.0982703,0.0904867
9293,3.62043,0.482543,0.0932968,0.0797929
9294,3.62043,0.482543,0.0932968,0.0797929
9295,3.62043,0.482543,0.0932968,0.0797929
9296,3.64921,0.486101,0.0946254,0.0690539
9297,3.63123,0.472953,0.0931192,0.07182
9298,3.63123,0.472953,0.0931192,0.07182
9299,3.6789,0.512097,0.102233,0.0701886
9300,3.6789,0.512097,0.102233,0.0701886
9301,3.6789,0.512097,0.102233,0.0701886
9302,3.71822,0.568865,0.114098,0.0714731
9303,3.68795,0.534594,0.105035,0.0739474
9304,3.66154,0.513463,0.102528,0.0782672
9305,3.66804,0.520618,0.101458,0.0766334
9306,3.70387,0.535893,0.106365,0.069026
9307,3.67513,0.522278,0.102836,0.0753375
9308,3.6884,0.559914,0.109276,0.0839423
9309,3.66075,0.531179,0.103603,0.086251
9310,3.67111,0.549691,0.1069,0.0878397
9311,3.64452,0.516484,0.101211,0.0868667
9312,3.6558,0.520462,0.102154,0.0860141
9313,3.6435,0.523954,0.10105,0.0919918
9314,3.60614,0.484795,0.0947413,0.091358
9315,3.60614,0.484795,0.0947413,0.091358
9316,3.61227,0.483807,0.096162,0.0901941
9317,3.62685,0.498721,0.0963075,0.0903183
9318,3.60728,0.477648,0.0934755,0.0905043
9319,3.55975,0.44518,0.0878386,0.0969519
9320,3.6042,0.489317,0.0953384,0.0962547
9321,3.6042,0.489317,0.0953384,0.0962547
9322,3.6042,0.489317,0.0953384,0.0962547
9323,3.60416,0.496679,0.0976426,0.0997024
9324,3.59133,0.482704,0.0938369,0.0987205
9325,3.63214,0.519186,0.100533,0.0984506
9326,3.63118,0.517043,0.0984988,0.0985014
9327,3.57345,0.47503,0.0924867,0.106478
9328,3.59246,0.493038,0.0953697,0.10743
9329,3.59894,0.48747,0.09271,0.100404
9330,3.55255,0.436125,0.0871842,0.0978743
9331,3.55255,0.436125,0.0871842,0.0978743
9332,3.57652,0.475436,0.0926932,0.104386
9333,3.63136,0.532686,0.105196,0.0997368
9334,3.61517,0.503533,0.0985032,0.0965977
9335,3.61615,0.506446,0.0988208,0.0974569
9336,3.58196,0.465929,0.0932546,0.0975262
9337,3.58196,0.465929,0.0932546,0.0975262
9338,3.59683,0.484433,0.0947187,0.0985123
9339,3.54373,0.427441,0.0838465,0.0979709
9340,3.54373,0.427441,0.0838465,0.0979709
9341,3.5687,0.447014,0.0871244,0.0948987
9342,3.5687,0.447014,0.0871244,0.0948987
9343,3.60416,0.494653,0.0997167,0.0984334
9344,3.60416,0.494653,0.0997167,0.0984334
9345,3.59629,0.481921,0.0930211,0.0963439
9346,3.60906,0.496828,0.0968007,0.0979209
9347,3.58852,0.449857,0.0887567,0.0859354
9348,3.57363,0.43306,0.0862548,0.0840629
9349,3.6385,0.499678,0.100334,0.0846697
9350,3.6385,0.499678,0.100334,0.0846697
9351,3.58674,0.459937,0.092601,0.0923426
9352,3.59122,0.476728,0.0946236,0.0975061
9353,3.5479,0.427211,0.0856869,0.0953687
9354,3.56544,0.446766,0.0873577,0.0962857
9355,3.5566,0.442315,0.0873138,0.098138
9356,3.54543,0.407586,0.0803108,0.0849012
9357,3.57761,0.448026,0.0875876,0.0886179
9358,3.58321,0.453777,0.0925609,0.0901538
9359,3.58571,0.473143,0.0924696,0.0980934
9360,3.60275,0.516766,0.0991722,0.104022
9361,3.58802,0.498063,0.0981505,0.104224
9362,3.56888,0.464117,0.0904362,0.0969609
9363,3.62118,0.519906,0.10144,0.100834
9364,3.55584,0.451408,0.0867711,0.106219
9365,3.59213,0.48252,0.0965652,0.102352
9366,3.56872,0.454309,0.0891733,0.10214
9367,3.59887,0.501772,0.100215,0.108668
9368,3.54276,0.443618,0.0887121,0.11092
9369,3.55047,0.459995,0.0916997,0.112136
9370,3.54036,0.431642,0.0841794,0.102266
9371,3.55694,0.455183,0.088705,0.104096
9372,3.54033,0.426263,0.0823576,0.0940944
9373,3.5538,0.446087,0.0883353,0.0990795
9374,3.572,0.465814,0.0917849,0.100127
9375,3.57994,0.465168,0.0914287,0.0962126
9376,3.56071,0.437838,0.086045,0.0931079
9377,3.54275,0.409401,0.083276,0.0851538
9378,3.59137,0.464557,0.0940969,0.0890389
9379,3.59439,0.474263,0.0939427,0.0924717
9380,3.58559,0.461467,0.0889564,0.091798
9381,3.58235,0.461611,0.0898925,0.0935531
9382,3.58235,0.461611,0.0898925,0.0935531
9383,3.54441,0.420941,0.0819047,0.0908913
9384,3.54441,0.420941,0.0819047,0.0908913
9385,3.60193,0.47853,0.0931958,0.0930943
9386,3.58219,0.46783,0.091266,0.0985349
9387,3.58219,0.46783,0.091266,0.0985349
9388,3.58091,0.47286,0.0917156,0.0983781
9389,3.54816,0.421104,0.0818088,0.0914561
9390,3.54226,0.406282,0.0823992,0.0858246
9391,3.57725,0.448338,0.0878052,0.0911003
9392,3.57725,0.448338,0.0878052,0.0911003
9393,3.58293,0.462132,0.0906504,0.0956226
9394,3.5923,0.474658,0.0924273,0.096543
9395,3.58618,0.457283,0.0895421,0.0895688
9396,3.60529,0.490684,0.0938301,0.0935558
9397,3.63504,0.509405,0.0984721,0.0896186
9398,3.58261,0.471535,0.0943221,0.098991
9399,3.55077,0.441474,0.0857377,0.100327
9400,3.56406,0.461896,0.0920508,0.104785
9401,3.56323,0.46936,0.0939839,0.109078
9402,3.58162,0.495755,0.0988374,0.115303
9403,3.58056,0.491731,0.0959655,0.11407
9404,3.55136,0.455476,0.0872772,0.112239
9405,3.59837,0.504455,0.0977438,0.109881
9406,3.53845,0.433167,0.0857399,0.103745
9407,3.53845,0.433167,0.0857399,0.103745
9408,3.53845,0.433167,0.0857399,0.103745
9409,3.5593,0.447712,0.085899,0.100026
9410,3.5593,0.447712,0.085899,0.100026
9411,3.55496,0.427426,0.0838427,0.0927065
9412,3.55668,0.428234,0.0853326,0.0910098
9413,3.53593,0.415535,0.0825599,0.0935665
9414,3.56132,0.458546,0.0921727,0.0936091
9415,3.53411,0.433624,0.0852193,0.0923644
9416,3.53411,0.433624,0.0852193,0.0923644
9417,3.53411,0.433624,0.0852193,0.0923644
9418,3.53409,0.425008,0.0835497,0.0896122
9419,3.53409,0.425008,0.0835497,0.0896122
9420,3.5574,0.439904,0.0868105,0.0864002
9421,3.5574,0.439904,0.0868105,0.0864002
9422,3.5574,0.439904,0.0868105,0.0864002
9423,3.52928,0.397281,0.0797647,0.0813336
9424,3.53633,0.393634,0.0794458,0.07804
9425,3.54139,0.417217,0.0824634,0.0859512
9426,3.51192,0.383332,0.076384,0.084635
9427,3.51192,0.383332,0.076384,0.084635
9428,3.51192,0.383332,0.076384,0.084635
9429,3.51163,0.377459,0.0744818,0.0814237
9430,3.51163,0.377459,0.0744818,0.0814237
9431,3.51163,0.377459,0.0744818,0.0814237
9432,3.5278,0.389192,0.0770323,0.0797959
9433,3.51724,0.377624,0.0748334,0.0792523
9434,3.53369,0.391985,0.0787665,0.0804963
9435,3.54141,0.416849,0.0833322,0.0911982
9436,3.54141,0.416849,0.0833322,0.0911982
9437,3.53634,0.394069,0.077574,0.0835092
9438,3.54348,0.400617,0.0798478,0.0825662
9439,3.54348,0.400617,0.0798478,0.0825662
9440,3.54348,0.400617,0.0798478,0.0825662
9441,3.54746,0.427606,0.0862198,0.0940909
9442,3.56278,0.436985,0.0871963,0.0885494
9443,3.56096,0.445691,0.0898121,0.0944841
9444,3.46604,0.35639,0.0710698,0.0973955
9445,3.51896,0.387253,0.0771099,0.0880536
9446,3.48968,0.371283,0.0741062,0.0923337
9447,3.52204,0.399044,0.0790193,0.0926955
9448,3.52204,0.399044,0.0790193,0.0926955
9449,3.52204,0.399044,0.0790193,0.0926955
9450,3.47827,0.356402,0.0727869,0.0891899
9451,3.52373,0.394362,0.079327,0.0891931
9452,3.48392,0.360478,0.0730792,0.0876201
9453,3.52903,0.408741,0.081742,0.0907925
9454,3.53966,0.412199,0.0819619,0.0880578
9455,3.53966,0.412199,0.0819619,0.0880578
9456,3.54118,0.411452,0.0821265,0.0876484
9457,3.54118,0.411452,0.0821265,0.0876484
9458,3.55794,0.425203,0.0832949,0.0881813
9459,3.57254,0.435995,0.0884699,0.0884564
9460,3.53366,0.412137,0.0807816,0.0944434
9461,3.51369,0.403112,0.0798462,0.101442
9462,3.51369,0.403112,0.0798462,0.101442
9463,3.53128,0.418095,0.0812981,0.0973633
9464,3.53128,0.418095,0.0812981,0.0973633
9465,3.5417,0.452541,0.0887494,0.1081
9466,3.5417,0.452541,0.0887494,0.1081
9467,3.51504,0.433435,0.0847155,0.11571
9468,3.53489,0.434914,0.0844081,0.10708
9469,3.53984,0.437693,0.084529,0.104732
9470,3.52212,0.422763,0.0827379,0.103926
9471,3.53212,0.41318,0.0813314,0.0943482
9472,3.57038,0.459354,0.089764,0.098427
9473,3.59097,0.462061,0.0909045,0.0928231
9474,3.56353,0.456487,0.090434,0.103331
9475,3.5618,0.445372,0.0891634,0.0964775
9476,3.5618,0.445372,0.0891634,0.0964775
9477,3.58217,0.472327,0.094132,0.102385
9478,3.58604,0.477075,0.0937558,0.102198
9479,3.56266,0.457194,0.0892251,0.100615
9480,3.5477,0.419271,0.083477,0.0918193
9481,3.5477,0.419271,0.083477,0.0918193
9482,3.56146,0.433053,0.0860352,0.0940046
9483,3.56146,0.433053,0.0860352,0.0940046
9484,3.51315,0.386395,0.0762595,0.0894618
9485,3.52657,0.400294,0.0815038,0.0915651
9486,3.52338,0.394163,0.0771812,0.0844667
9487,3.52834,0.395779,0.0784436,0.0823087
9488,3.52834,0.395779,0.0784436,0.0823087
9489,3.52834,0.395779,0.0784436,0.0823087
9490,3.55465,0.418028,0.0814214,0.0836137
9491,3.56195,0.43057,0.0858063,0.0858606
9492,3.50801,0.389002,0.0787689,0.088625
9493,3.48957,0.358265,0.0715216,0.080828
9494,3.48751,0.371776,0.0731709,0.0832577
9495,3.48751,0.371776,0.0731709,0.0832577
9496,3.49767,0.351753,0.0691605,0.0695001
9497,3.49767,0.351753,0.0691605,0.0695001
9498,3.49767,0.351753,0.0691605,0.0695001
9499,3.49767,0.351753,0.0691605,0.0695001
9500,3.49767,0.351753,0.0691605,0.0695001
9501,3.48863,0.382532,0.0761694,0.0839443
9502,3.50015,0.40017,0.0775653,0.0874735
9503,3.51319,0.410863,0.0802736,0.0895797
9504,3.48479,0.402243,0.0758881,0.0867741
9505,3.48479,0.402243,0.0758881,0.0867741
9506,3.4976,0.399057,0.0773821,0.0867942
9507,3.48632,0.36667,0.0714757,0.0779585
9508,3.48962,0.347249,0.0702668,0.0705509
9509,3.53603,0.378191,0.0770072,0.0669611
9510,3.53603,0.378191,0.0770072,0.0669611
9511,3.53603,0.378191,0.0770072,0.0669611
9512,3.49652,0.350527,0.0694729,0.0729841
9513,3.49654,0.367515,0.0738339,0.0824958
9514,3.50686,0.376311,0.0732041,0.0830839
9515,3.50686,0.376311,0.0732041,0.0830839
9516,3.50686,0.376311,0.0732041,0.0830839
9517,3.47124,0.35676,0.0705249,0.0851018
9518,3.52213,0.391787,0.0779432,0.0851723
9519,3.52213,0.391787,0.0779432,0.0851723
9520,3.47565,0.354031,0.0714395,0.086135
9521,3.43547,0.329278,0.0660146,0.091611
9522,3.47391,0.346492,0.0703673,0.0845854
9523,3.47391,0.346492,0.0703673,0.0845854
9524,3.47909,0.358021,0.0722204,0.0828849
9525,3.47909,0.358021,0.0722204,0.0828849
9526,3.47909,0.358021,0.0722204,0.0828849
9527,3.47909,0.358021,0.0722204,0.0828849
9528,3.48224,0.353045,0.0708309,0.0830886
9529,3.46184,0.337966,0.0660991,0.0813045
9530,3.46072,0.329356,0.0665451,0.0785732
9531,3.44306,0.325494,0.0649761,0.084486
9532,3.44306,0.325494,0.0649761,0.084486
9533,3.44306,0.325494,0.0649761,0.084486
9534,3.43754,0.317787,0.0633226,0.0783882
9535,3.43754,0.317787,0.0633226,0.0783882
9536,3.40679,0.296065,0.0594349,0.0814977
9537,3.41612,0.301348,0.0612211,0.0802212
9538,3.41612,0.301348,0.0612211,0.0802212
9539,3.38739,0.280018,0.0575248,0.080629
9540,3.42071,0.318928,0.0647297,0.0900689
9541,3.42071,0.318928,0.0647297,0.0900689
9542,3.48242,0.36445,0.0717593,0.092355
9543,3.48242,0.36445,0.0717593,0.092355
9544,3.48242,0.36445,0.0717593,0.092355
9545,3.4783,0.360811,0.0729832,0.0906442
9546,3.49869,0.410417,0.0809595,0.104313
9547,3.45499,0.363458,0.0716717,0.0979124
9548,3.45499,0.363458,0.0716717,0.0979124
9549,3.45499,0.363458,0.0716717,0.0979124
9550,3.45499,0.363458,0.0716717,0.0979124
9551,3.55354,0.47622,0.093534,0.108171
9552,3.53306,0.435555,0.0845927,0.100161
9553,3.52495,0.441895,0.0859642,0.10361
9554,3.5035,0.419579,0.0840002,0.106494
9555,3.50394,0.392366,0.0770318,0.0942872
9556,3.50394,0.392366,0.0770318,0.0942872
9557,3.50394,0.392366,0.0770318,0.0942872
9558,3.52172,0.39297,0.0788082,0.0865888
9559,3.52172,0.39297,0.0788082,0.0865888
9560,3.5069,0.378212,0.0750096,0.0841712
9561,3.50164,0.381336,0.0755981,0.090246
9562,3.56024,0.450841,0.0870739,0.0975218
9563,3.56024,0.450841,0.0870739,0.0975218
9564,3.56418,0.459636,0.0919436,0.0972739
9565,3.55262,0.422263,0.0857064,0.0915534
9566,3.55571,0.416879,0.082949,0.0857228
9567,3.55159,0.400778,0.0787379,0.0799507
9568,3.59866,0.460719,0.0922138,0.0867766
9569,3.59509,0.468497,0.0912802,0.0933672
9570,3.59509,0.468497,0.0912802,0.0933672
9571,3.58113,0.442187,0.0868763,0.0866741
9572,3.58113,0.442187,0.0868763,0.0866741
9573,3.58113,0.442187,0.0868763,0.0866741
9574,3.58113,0.442187,0.0868763,0.0866741
9575,3.58113,0.442187,0.0868763,0.0866741
9576,3.57579,0.45589,0.0898346,0.0934367
9577,3.56933,0.435072,0.0848589,0.0874468
9578,3.56933,0.435072,0.0848589,0.0874468
9579,3.55743,0.416561,0.081767,0.0825793
9580,3.55743,0.416561,0.081767,0.0825793
9581,3.59149,0.474847,0.0925308,0.0940676
9582,3.62723,0.501045,0.0976656,0.0907616
9583,3.62723,0.501045,0.0976656,0.0907616
9584,3.62723,0.501045,0.0976656,0.0907616
9585,3.60161,0.465263,0.0904465,0.0883989
9586,3.59887,0.465433,0.089009,0.0893706
9587,3.65353,0.529462,0.105439,0.09079
9588,3.69341,0.557388,0.10745,0.0816461
9589,3.71931,0.592054,0.113811,0.0811878
9590,3.70056,0.582542,0.112881,0.0889122
9591,3.72147,0.611691,0.119815,0.0877952
9592,3.7485,0.654746,0.125145,0.0916671
9593,3.75197,0.642736,0.125119,0.0858543
9594,3.7857,0.687055,0.131875,0.0862242
9595,3.81373,0.732962,0.136905,0.090568
9596,3.81373,0.732962,0.136905,0.090568
9597,3.80029,0.706673,0.136811,0.0837673
9598,3.78318,0.69897,0.133374,0.0880404
9599,3.79878,0.738492,0.141178,0.0939366
9600,3.79387,0.757474,0.143442,0.103368
9601,3.79453,0.791653,0.150215,0.113192
9602,3.77194,0.737279,0.139019,0.109796
9603,3.74409,0.698335,0.133277,0.104957
9604,3.74409,0.698335,0.133277,0.104957
9605,3.78221,0.730063,0.138307,0.0996711
9606,3.75051,0.687688,0.131135,0.0980425
9607,3.68816,0.577731,0.110307,0.0909271
9608,3.68816,0.577731,0.110307,0.0909271
9609,3.69925,0.612831,0.117748,0.0943684
9610,3.70464,0.643967,0.125069,0.0988052
9611,3.70464,0.643967,0.125069,0.0988052
9612,3.73571,0.661197,0.124776,0.0925995
9613,3.73571,0.661197,0.124776,0.0925995
9614,3.71834,0.611763,0.116736,0.0846397
9615,3.71889,0.600922,0.115862,0.0836953
9616,3.71889,0.600922,0.115862,0.0836953
9617,3.71491,0.595858,0.116063,0.0837933
9618,3.71491,0.595858,0.116063,0.0837933
9619,3.68808,0.54223,0.105581,0.076576
9620,3.68808,0.54223,0.105581,0.076576
9621,3.6708,0.519497,0.102978,0.0781509
9622,3.66631,0.534789,0.104969,0.0823746
9623,3.64816,0.507776,0.0985544,0.0763671
9624,3.63221,0.490435,0.0958977,0.0780563
9625,3.67444,0.568832,0.107646,0.0874239
9626,3.67444,0.568832,0.107646,0.0874239
9627,3.6671,0.545489,0.104781,0.0871738
9628,3.66214,0.536787,0.103629,0.087012
9629,3.68223,0.565027,0.108481,0.0901691
9630,3.71057,0.614268,0.115808,0.0966036
9631,3.71057,0.614268,0.115808,0.0966036
9632,3.70129,0.602586,0.117243,0.0986781
9633,3.66722,0.576916,0.110477,0.101488
9634,3.66722,0.576916,0.110477,0.101488
9635,3.66722,0.576916,0.110477,0.101488
9636,3.72089,0.661701,0.126506,0.111158
9637,3.69202,0.618794,0.118259,0.106961
9638,3.7164,0.65546,0.125798,0.106403
9639,3.71642,0.639083,0.122997,0.0990775
9640,3.71642,0.639083,0.122997,0.0990775
9641,3.71642,0.639083,0.122997,0.0990775
9642,3.69892,0.612499,0.119608,0.104453
9643,3.64686,0.553772,0.107972,0.102745
9644,3.66625,0.55624,0.108579,0.0935841
9645,3.67166,0.571388,0.11287,0.0925337
9646,3.67394,0.566385,0.108536,0.0955381
9647,3.66619,0.560678,0.107298,0.0968232
9648,3.66619,0.560678,0.107298,0.0968232
9649,3.66619,0.560678,0.107298,0.0968232
9650,3.65312,0.522923,0.100269,0.0853266
9651,3.67473,0.562618,0.109936,0.0912694
9652,3.67473,0.562618,0.109936,0.0912694
9653,3.65013,0.517019,0.100686,0.0832092
9654,3.6369,0.481484,0.0943815,0.0740213
9655,3.6369,0.481484,0.0943815,0.0740213
9656,3.63331,0.487899,0.0960524,0.0749957
9657,3.62266,0.478033,0.0935979,0.0733279
9658,3.58929,0.439565,0.0883557,0.076844
9659,3.6148,0.460379,0.0913659,0.0745871
9660,3.63042,0.476845,0.0958527,0.0771632
9661,3.62653,0.462272,0.0917314,0.0726174
9662,3.61896,0.454052,0.0904003,0.0736804
9663,3.61896,0.454052,0.0904003,0.0736804
9664,3.6223,0.466947,0.0919649,0.0760678
9665,3.6223,0.466947,0.0919649,0.0760678
9666,3.61176,0.460406,0.0910868,0.0772271
9667,3.61176,0.460406,0.0910868,0.0772271
9668,3.60293,0.45019,0.0892187,0.0775595
9669,3.61804,0.462116,0.0904373,0.075004
9670,3.61804,0.462116,0.0904373,0.075004
9671,3.63858,0.479933,0.0953257,0.0735989
9672,3.68226,0.52378,0.104811,0.0720663
9673,3.69039,0.548683,0.108565,0.0771482
9674,3.67892,0.533061,0.104379,0.0777983
9675,3.64148,0.483506,0.0932601,0.0734347
9676,3.64148,0.483506,0.0932601,0.0734347
9677,3.67728,0.517133,0.101733,0.0720856
9678,3.66415,0.504531,0.0986643,0.072422
9679,3.66415,0.504531,0.0986643,0.072422
9680,3.62428,0.455939,0.0906214,0.0697048
9681,3.62428,0.455939,0.0906214,0.0697048
9682,3.62428,0.455939,0.0906214,0.0697048
9683,3.66192,0.503964,0.100181,0.0740751
9684,3.66192,0.503964,0.100181,0.0740751
9685,3.65542,0.495693,0.0990452,0.0722834
9686,3.63548,0.477191,0.096257,0.0738927
9687,3.62394,0.456422,0.0909873,0.0690127
9688,3.62394,0.456422,0.0909873,0.0690127
9689,3.59952,0.42247,0.0853508,0.0645346
9690,3.59123,0.434865,0.0878387,0.0738816
9691,3.57202,0.405254,0.0822131,0.067301
9692,3.59365,0.419154,0.0859979,0.0647917
9693,3.6269,0.476326,0.0953998,0.0774643
9694,3.60979,0.472038,0.0936374,0.0799938
9695,3.56681,0.435321,0.0865015,0.0807181
9696,3.57123,0.426528,0.0864297,0.0779296
9697,3.52577,0.384069,0.0785524,0.0763863
9698,3.56031,0.402562,0.0823474,0.0725269
9699,3.59071,0.444305,0.0880811,0.0794963
9700,3.59071,0.444305,0.0880811,0.0794963
9701,3.51449,0.377044,0.0754752,0.0843436
9702,3.52011,0.371268,0.0741998,0.0760502
9703,3.56434,0.423956,0.0853084,0.0860492
9704,3.56434,0.423956,0.0853084,0.0860492
9705,3.56434,0.423956,0.0853084,0.0860492
9706,3.56434,0.423956,0.0853084,0.0860492
9707,3.56434,0.423956,0.0853084,0.0860492
9708,3.52157,0.394121,0.077014,0.0882567
9709,3.52157,0.394121,0.077014,0.0882567
9710,3.52157,0.394121,0.077014,0.0882567
9711,3.52982,0.389817,0.0787226,0.0819619
9712,3.52982,0.389817,0.0787226,0.0819619
9713,3.54748,0.401938,0.0790735,0.0818346
9714,3.54748,0.401938,0.0790735,0.0818346
9715,3.52047,0.369741,0.0737043,0.0738364
9716,3.54921,0.393895,0.0798338,0.0747619
9717,3.55059,0.407583,0.0796821,0.0815118
9718,3.53582,0.407323,0.0802663,0.0870588
9719,3.53582,0.407323,0.0802663,0.0870588
9720,3.51757,0.378782,0.0753222,0.0778012
9721,3.48635,0.358036,0.0702384,0.0834482
9722,3.48635,0.358036,0.0702384,0.0834482
9723,3.52923,0.395631,0.0765628,0.0837942
9724,3.52513,0.389293,0.0754169,0.0814726
9725,3.48102,0.332352,0.066465,0.0733117
9726,3.48374,0.329466,0.0667463,0.0687161
9727,3.48527,0.335075,0.0699977,0.0727313
9728,3.46582,0.33043,0.0676144,0.0768269
9729,3.50175,0.360563,0.0708502,0.0776164
9730,3.50175,0.360563,0.0708502,0.0776164
9731,3.50718,0.362124,0.072314,0.078624
9732,3.52196,0.388415,0.0768705,0.0843479
9733,3.49265,0.371002,0.0738183,0.088001
9734,3.5038,0.389413,0.0766095,0.0921032
9735,3.49731,0.403288,0.0783946,0.106174
9736,3.52427,0.420736,0.0820537,0.102512
9737,3.5036,0.418592,0.0821477,0.111208
9738,3.48772,0.383657,0.0756275,0.0997109
9739,3.48804,0.395547,0.0784027,0.105296
9740,3.51366,0.418135,0.0826843,0.105181
9741,3.53101,0.437348,0.0854916,0.107449
9742,3.51308,0.423351,0.0815545,0.106982
9743,3.50603,0.41779,0.0812382,0.103667
9744,3.50603,0.41779,0.0812382,0.103667
9745,3.50603,0.41779,0.0812382,0.103667
9746,3.49502,0.38847,0.0757238,0.0978331
9747,3.49776,0.38182,0.0752193,0.0960293
9748,3.47813,0.366946,0.0729394,0.0942994
9749,3.46235,0.35599,0.0705355,0.0919686
9750,3.46235,0.35599,0.0705355,0.0919686
9751,3.47389,0.363614,0.0714894,0.09011
9752,3.46902,0.358301,0.0726429,0.0937039
9753,3.52479,0.389623,0.0777244,0.0856375
9754,3.53099,0.397438,0.0769982,0.085961
9755,3.53099,0.397438,0.0769982,0.085961
9756,3.55884,0.42259,0.0843004,0.0856316
9757,3.55884,0.42259,0.0843004,0.0856316
9758,3.51257,0.389511,0.0774196,0.0905595
9759,3.54905,0.437238,0.0854919,0.0988214
9760,3.52206,0.416897,0.0813092,0.0984063
9761,3.5466,0.426291,0.0832808,0.0935816
9762,3.5242,0.406983,0.0789006,0.0928069
9763,3.53255,0.413717,0.0836367,0.0868077
9764,3.53914,0.429832,0.085469,0.0947278
9765,3.50726,0.404676,0.0796064,0.0995194
9766,3.50726,0.404676,0.0796064,0.0995194
9767,3.50726,0.404676,0.0796064,0.0995194
9768,3.50726,0.404676,0.0796064,0.0995194
9769,3.5386,0.428139,0.0856878,0.100482
9770,3.5386,0.428139,0.0856878,0.100482
9771,3.53046,0.420136,0.0832408,0.0987989
9772,3.53007,0.432272,0.0870305,0.108509
9773,3.55649,0.442676,0.0855771,0.0991023
9774,3.55649,0.442676,0.0855771,0.0991023
9775,3.53862,0.404247,0.0782894,0.0861805
9776,3.55246,0.415507,0.0826481,0.0850355
9777,3.5308,0.394168,0.0779015,0.084429
9778,3.55793,0.428117,0.0832722,0.0875616
9779,3.55793,0.428117,0.0832722,0.0875616
9780,3.54165,0.406989,0.0819383,0.0854965
9781,3.53616,0.412183,0.0826343,0.0892471
9782,3.53616,0.412183,0.0826343,0.0892471
9783,3.52503,0.390235,0.0776862,0.082781
9784,3.51429,0.386843,0.0765608,0.0873039
9785,3.52307,0.398324,0.0779537,0.0917497
9786,3.52242,0.406381,0.0811552,0.0975424
9787,3.55643,0.449711,0.0899634,0.102693
9788,3.55697,0.450854,0.0886366,0.102504
9789,3.61325,0.524961,0.103702,0.110698
9790,3.58665,0.489053,0.0953484,0.109971
9791,3.63032,0.515589,0.0971464,0.0964502
9792,3.61593,0.495103,0.098623,0.0982546
9793,3.60122,0.47762,0.0937745,0.0964549
9794,3.60641,0.494502,0.0948073,0.100022
9795,3.54268,0.418263,0.082806,0.0939347
9796,3.53607,0.40895,0.0821133,0.0912351
9797,3.54536,0.417614,0.0835542,0.090009
9798,3.53674,0.434368,0.085742,0.10361
9799,3.53674,0.434368,0.085742,0.10361
9800,3.52726,0.435844,0.0848046,0.113045
9801,3.52726,0.435844,0.0848046,0.113045
9802,3.52081,0.442671,0.0879604,0.116679
9803,3.54879,0.473921,0.093287,0.11928
9804,3.54879,0.473921,0.093287,0.11928
9805,3.55686,0.472656,0.0931423,0.115108
9806,3.57102,0.496189,0.09877,0.119307
9807,3.59062,0.513323,0.100744,0.119062
9808,3.59062,0.513323,0.100744,0.119062
9809,3.56686,0.490893,0.0967453,0.122685
9810,3.56686,0.490893,0.0967453,0.122685
9811,3.61719,0.5554,0.106802,0.120724
9812,3.59912,0.525299,0.101334,0.117657
9813,3.59912,0.525299,0.101334,0.117657
9814,3.57985,0.491334,0.0966377,0.11273
9815,3.552,0.463071,0.0899298,0.11058
9816,3.552,0.463071,0.0899298,0.11058
9817,3.55961,0.455178,0.0885671,0.105544
9818,3.56914,0.462488,0.0863309,0.105016
9819,3.58466,0.461355,0.0885631,0.0936961
9820,3.55615,0.43774,0.0847531,0.091437
9821,3.57812,0.466046,0.091362,0.0995771
9822,3.57812,0.466046,0.091362,0.0995771
9823,3.56716,0.471534,0.0906914,0.110471
9824,3.55416,0.449399,0.0890739,0.101276
9825,3.53302,0.447326,0.085924,0.110226
9826,3.53948,0.446696,0.0884061,0.104203
9827,3.53948,0.446696,0.0884061,0.104203
9828,3.55527,0.446738,0.0888543,0.0978459
9829,3.53404,0.428585,0.0867165,0.0995572
9830,3.53404,0.428585,0.0867165,0.0995572
9831,3.51872,0.411089,0.0798858,0.095577
9832,3.54181,0.434941,0.0852145,0.0963792
9833,3.55832,0.449908,0.0869527,0.100093
9834,3.55832,0.449908,0.0869527,0.100093
9835,3.55745,0.466759,0.0904735,0.0997976
9836,3.56953,0.460881,0.0912981,0.0983006
9837,3.5462,0.445748,0.0866956,0.0985142
9838,3.52259,0.419398,0.0814772,0.0977243
9839,3.4913,0.378412,0.074347,0.0930201
9840,3.49087,0.368022,0.0755983,0.0902052
9841,3.49087,0.368022,0.0755983,0.0902052
9842,3.49087,0.368022,0.0755983,0.0902052
9843,3.47283,0.372275,0.0735893,0.095792
9844,3.47283,0.372275,0.0735893,0.095792
9845,3.47283,0.372275,0.0735893,0.095792
9846,3.52127,0.391612,0.0783681,0.0875987
9847,3.4984,0.358788,0.0721092,0.0783444
9848,3.48188,0.3563,0.0730644,0.0852545
9849,3.562,0.420894,0.0840925,0.0846845
9850,3.54655,0.407611,0.0812849,0.0854133
9851,3.57965,0.439968,0.0857312,0.0817404
9852,3.56249,0.413453,0.0810808,0.0793146
9853,3.58909,0.431776,0.0880614,0.0746974
9854,3.58909,0.431776,0.0880614,0.0746974
9855,3.58909,0.431776,0.0880614,0.0746974
9856,3.58909,0.431776,0.0880614,0.0746974
9857,3.58306,0.426705,0.0858554,0.0768115
9858,3.57267,0.444949,0.0883269,0.093232
9859,3.57267,0.444949,0.0883269,0.093232
9860,3.57472,0.434971,0.0868626,0.083491
9861,3.57472,0.434971,0.0868626,0.083491
9862,3.54089,0.420366,0.0821953,0.0928471
9863,3.54089,0.420366,0.0821953,0.0928471
9864,3.55007,0.410423,0.080806,0.0838069
9865,3.51027,0.388432,0.0763149,0.0894447
9866,3.51027,0.388432,0.0763149,0.0894447
9867,3.5017,0.386101,0.0780031,0.0912894
9868,3.5545,0.447667,0.0898028,0.0922891
9869,3.55754,0.448978,0.0898221,0.0954242
9870,3.56196,0.45674,0.0884195,0.102524
9871,3.5609,0.436606,0.0867761,0.089492
9872,3.5733,0.435844,0.0870457,0.0862757
9873,3.55859,0.438481,0.086508,0.0931299
9874,3.55859,0.438481,0.086508,0.0931299
9875,3.58011,0.460559,0.0907732,0.0920467
9876,3.58151,0.456513,0.0901399,0.0904285
9877,3.57291,0.443338,0.0871819,0.0901535
9878,3.60999,0.476991,0.0938311,0.085747
9879,3.63717,0.499373,0.0967898,0.0836467
9880,3.6439,0.520249,0.100537,0.0885791
9881,3.64688,0.506451,0.0992693,0.0803354
9882,3.6194,0.467748,0.0920455,0.0782764
9883,3.61328,0.459999,0.0900412,0.0772918
9884,3.619,0.466172,0.091274,0.0771899
9885,3.619,0.466172,0.091274,0.0771899
9886,3.61689,0.467638,0.0920887,0.0795756
9887,3.6046,0.462543,0.0931588,0.0838422
9888,3.5823,0.449907,0.0874871,0.0884772
9889,3.60234,0.46175,0.091025,0.0834311
9890,3.61404,0.49984,0.101378,0.0936818
9891,3.58111,0.471021,0.0945342,0.096881
9892,3.58335,0.461374,0.0929187,0.0948299
9893,3.58335,0.461374,0.0929187,0.0948299
9894,3.58335,0.461374,0.0929187,0.0948299
9895,3.54768,0.429008,0.0872502,0.0945005
9896,3.53367,0.417883,0.0839989,0.0904506
9897,3.55502,0.433345,0.0851044,0.0935359
9898,3.55502,0.433345,0.0851044,0.0935359
9899,3.53611,0.439061,0.088242,0.0995204
9900,3.52641,0.426586,0.0853046,0.0987507
9901,3.48579,0.380858,0.0759411,0.093119
9902,3.48217,0.377287,0.0739714,0.096266
9903,3.48217,0.377287,0.0739714,0.096266
9904,3.48217,0.377287,0.0739714,0.096266
9905,3.47432,0.349627,0.0700284,0.0846431
9906,3.47432,0.349627,0.0700284,0.0846431
9907,3.52924,0.383883,0.0771274,0.0788648
9908,3.52924,0.383883,0.0771274,0.0788648
9909,3.50883,0.371363,0.0740236,0.0820778
9910,3.4812,0.356836,0.0720639,0.0897825
9911,3.4665,0.333947,0.0687723,0.0808567
9912,3.49813,0.378451,0.076478,0.0893593
9913,3.50286,0.377981,0.075547,0.0883067
9914,3.51297,0.388057,0.077472,0.0899548
9915,3.51297,0.388057,0.077472,0.0899548
9916,3.51297,0.388057,0.077472,0.0899548
9917,3.52894,0.388914,0.0780824,0.0811096
9918,3.51923,0.393785,0.0789817,0.0883127
9919,3.56582,0.439012,0.0882655,0.0928156
9920,3.56582,0.439012,0.0882655,0.0928156
9921,3.5327,0.398417,0.0813966,0.0861799
9922,3.51183,0.38636,0.0768064,0.0890661
9923,3.55952,0.425096,0.0846098,0.085893
9924,3.58036,0.443222,0.0876432,0.0852918
9925,3.57405,0.424383,0.0850514,0.0790362
9926,3.56017,0.413965,0.0838726,0.081245
9927,3.56017,0.413965,0.0838726,0.081245
9928,3.53862,0.392134,0.0769886,0.0787339
9929,3.53862,0.392134,0.0769886,0.0787339
9930,3.58858,0.429551,0.0861807,0.0744624
9931,3.53732,0.381078,0.0760355,0.0730798
9932,3.55417,0.401037,0.0783552,0.0745875
9933,3.57295,0.426907,0.0835559,0.0768609
9934,3.59566,0.450995,0.0903914,0.0776158
9935,3.59985,0.462023,0.0909621,0.084305
9936,3.59357,0.456115,0.0899167,0.0815377
9937,3.59269,0.444545,0.0878652,0.077274
9938,3.58568,0.446676,0.0886901,0.0777064
9939,3.58568,0.446676,0.0886901,0.0777064
9940,3.56945,0.440468,0.0869446,0.08127
9941,3.57015,0.425779,0.0848688,0.078402
9942,3.57418,0.415435,0.0803094,0.0682341
9943,3.57833,0.419254,0.0828444,0.0705409
9944,3.5713,0.40543,0.0794732,0.0670784
9945,3.54506,0.38991,0.0767341,0.0724212
9946,3.54187,0.387876,0.0758756,0.0705857
9947,3.53312,0.361425,0.0708035,0.0625912
9948,3.52036,0.349269,0.0701627,0.0608953
9949,3.52036,0.349269,0.0701627,0.0608953
9950,3.53092,0.368788,0.0743551,0.0705197
9951,3.53754,0.387097,0.0786395,0.0793454
9952,3.59528,0.436351,0.0878671,0.0764017
9953,3.54864,0.383095,0.0773135,0.0718641
9954,3.53825,0.389253,0.0770854,0.074581
9955,3.54723,0.39616,0.0796704,0.0741096
9956,3.54723,0.39616,0.0796704,0.0741096
9957,3.55317,0.406656,0.0812034,0.0733979
9958,3.57302,0.410743,0.0819814,0.070011
9959,3.56464,0.398467,0.0808133,0.0677561
9960,3.54931,0.381546,0.0754786,0.0648297
9961,3.56245,0.398913,0.0791446,0.0680961
9962,3.55802,0.384025,0.0778722,0.0643245
9963,3.52644,0.365526,0.0730037,0.0669785
9964,3.54456,0.380736,0.076508,0.0687234
9965,3.55691,0.391734,0.0798056,0.0709103
9966,3.51726,0.356049,0.0726772,0.0684918
9967,3.51726,0.356049,0.0726772,0.0684918
9968,3.51726,0.356049,0.0726772,0.0684918
9969,3.54169,0.384422,0.0783965,0.0750751
9970,3.54169,0.384422,0.0783965,0.0750751
9971,3.54169,0.384422,0.0783965,0.0750751
9972,3.53975,0.373091,0.0754673,0.0680395
9973,3.57373,0.391805,0.0793064,0.0640326
9974,3.54346,0.381974,0.0766102,0.0686234
9975,3.56043,0.395466,0.0788592,0.0704281
9976,3.56043,0.395466,0.0788592,0.0704281
9977,3.52954,0.369085,0.0719037,0.0699789
9978,3.52584,0.375546,0.0727451,0.0738773
9979,3.53032,0.395859,0.0788063,0.0809925
9980,3.53633,0.403798,0.0795044,0.085609
9981,3.53633,0.403798,0.0795044,0.085609
9982,3.56414,0.430512,0.083915,0.0852413
9983,3.56414,0.430512,0.083915,0.0852413
9984,3.5674,0.447921,0.0858319,0.0904721
9985,3.57858,0.462658,0.0901489,0.0937021
9986,3.62898,0.488438,0.0947568,0.083612
9987,3.64108,0.525176,0.101004,0.093959
9988,3.63546,0.517728,0.101958,0.0946511
9989,3.66246,0.534393,0.102074,0.0891018
9990,3.66246,0.534393,0.102074,0.0891018
9991,3.66378,0.522066,0.101454,0.0808535
9992,3.69148,0.558069,0.110692,0.084767
9993,3.69148,0.558069,0.110692,0.084767
9994,3.69148,0.558069,0.110692,0.084767
9995,3.69392,0.56611,0.110233,0.0828054
9996,3.72055,0.618822,0.122064,0.0925089
9997,3.68722,0.585267,0.111208,0.0965193
9998,3.6825,0.564677,0.10848,0.0911006
9999,3.71996,0.599494,0.114026,0.0873589
10000,3.73091,0.609715,0.115158,0.0848485
