MDTU,|det-1|^2,1-Re(det),Im(det)
1,1.81536e+15,-41701599,8585.66
2,6.99657e+12,-2573199,1289.05
3,5.74517e+11,-732103,144.973
4,5.19591e+10,-219641,-187.676
5,5.36045e+09,-69692.9,57.1612
6,9.15046e+08,-28522.7,-21.1987
7,1.97352e+08,-13182.5,2.73591
8,4.53801e+07,-6323.28,-3.51085
9,1.31073e+07,-3352.33,3.39473
10,3.8796e+06,-1818.38,0.318238
11,1.7136e+06,-1199.38,-1.62118
12,610308,-715.712,0.673846
13,281951,-480.257,-0.187305
14,162355,-359.583,0.271492
15,57140.8,-214.069,0.431966
16,32430.8,-157.879,-0.226721
17,19333.9,-121.381,-0.0624396
18,12012.8,-95.3707,-0.103249
19,6248.04,-68.8071,-0.0914913
20,4806.95,-60.7317,-0.22432
21,2631.64,-45.3044,-0.0340106
22,1647.84,-35.1878,-0.0491107
23,1327.12,-30.8359,-0.0457037
24,895.911,-25.2775,0.0428224
25,406.675,-16.8663,0.0337818
26,330.756,-15.0432,0.0431233
27,219.454,-12.0801,-0.0158593
28,197.542,-11.2343,0.0265577
29,249.722,-12.4546,-0.0194932
30,136.344,-9.0473,0.0213952
31,85.3242,-7.31132,-0.0195798
32,58.888,-6.00878,0.0107627
33,59.7048,-5.8291,-0.00645639
34,49.8473,-5.09247,0.000980003
35,26.9011,-3.66623,0.00675429
36,23.6836,-3.37674,-0.0197992
37,16.0411,-2.64962,-0.00447289
38,8.52067,-1.90238,-0.00660253
39,8.58923,-1.81371,0.00809243
40,7.29687,-1.59624,0.00523255
41,3.61042,-0.98101,-0.0086126
42,4.11712,-1.07725,0.00344795
43,3.16701,-0.88125,-0.00248126
44,2.05816,-0.53891,-0.00378553
45,2.05816,-0.53891,-0.00378553
46,3.1734,-0.79485,0.00265234
47,3.12248,-0.81869,0.0031223
48,2.13001,-0.52524,0.000547981
49,1.50332,-0.32797,0.00918271
50,1.43471,-0.32925,-0.00714685
51,1.43471,-0.32925,-0.00714685
52,1.22805,-0.21851,0.00202606
53,1.10162,-0.07057,0.0015657
54,1.10162,-0.07057,0.0015657
55,1.10162,-0.07057,0.0015657
56,1.10162,-0.07057,0.0015657
57,0.943376,0.005939,-0.00150584
58,0.909037,0.084532,0.00222934
59,0.728593,0.11615,0.00182748
60,0.598063,0.161301,0.000611694
61,0.529815,0.238284,-0.00609003
62,0.537866,0.29219,0.00193823
63,0.464132,0.345575,0.00169754
64,0.474285,0.314664,-0.0022681
65,0.44338,0.36534,-0.00520152
66,0.458532,0.359695,0.00200525
67,0.4486,0.263193,0.00169837
68,0.408219,0.417346,0.00195628
69,0.389132,0.419515,-0.00143118
70,0.409867,0.475516,0.00142769
71,0.398287,0.477952,0.00080319
72,0.408924,0.454942,0.000393501
73,0.408924,0.454942,0.000393501
74,0.438134,0.413701,-0.00177331
75,0.413493,0.506317,2.24891e-06
76,0.427271,0.51198,-0.000114009
77,0.427271,0.51198,-0.000114009
78,0.434606,0.507005,-0.00153588
79,0.451721,0.555051,0.000272736
80,0.442927,0.552165,-0.00134874
81,0.445942,0.531189,0.00205821
82,0.43813,0.500033,0.00260158
83,0.43813,0.500033,0.00260158
84,0.469473,0.446232,0.000111546
85,0.469473,0.446232,0.000111546
86,0.432586,0.508535,-0.00271731
87,0.432586,0.508535,-0.00271731
88,0.445426,0.451199,-0.00110852
89,0.449691,0.42871,0.00112519
90,0.458244,0.519735,-0.00372356
91,0.458244,0.519735,-0.00372356
92,0.464368,0.53978,0.00101145
93,0.464045,0.526991,-0.000651148
94,0.464045,0.526991,-0.000651148
95,0.464045,0.526991,-0.000651148
96,0.482468,0.568314,-0.00245647
97,0.471638,0.493309,-0.0021753
98,0.434285,0.459598,-0.00332101
99,0.451356,0.476657,-0.00282826
100,0.451356,0.476657,-0.00282826
101,0.445802,0.551313,-0.0025126
102,0.445802,0.551313,-0.0025126
103,0.445802,0.551313,-0.0025126
104,0.431272,0.536734,0.00100254
105,0.430433,0.52701,0.00651018
106,0.460733,0.544569,0.00209244
107,0.440362,0.543799,-0.00130301
108,0.441847,0.535684,0.00102026
109,0.451223,0.513845,0.00157345
110,0.474317,0.578626,-0.000854212
111,0.474317,0.578626,-0.000854212
112,0.492671,0.600778,0.00157187
113,0.492671,0.600778,0.00157187
114,0.491931,0.582717,-0.000539574
115,0.485499,0.569228,0.00126905
116,0.5024,0.611071,0.00461923
117,0.5024,0.611071,0.00461923
118,0.5024,0.611071,0.00461923
119,0.518746,0.626042,0.00216715
120,0.516049,0.628903,0.00205023
121,0.489586,0.601508,0.00105004
122,0.489586,0.601508,0.00105004
123,0.526992,0.634577,0.000187945
124,0.526992,0.634577,0.000187945
125,0.512046,0.578192,-0.00101915
126,0.512221,0.598442,0.000218011
127,0.512221,0.598442,0.000218011
128,0.512221,0.598442,0.000218011
129,0.515719,0.593737,-0.000157714
130,0.515719,0.593737,-0.000157714
131,0.505318,0.615952,-0.00111671
132,0.505318,0.615952,-0.00111671
133,0.487208,0.581778,0.00400306
134,0.487208,0.581778,0.00400306
135,0.490106,0.566788,-0.0016699
136,0.490106,0.566788,-0.0016699
137,0.494987,0.552883,0.0035082
138,0.456035,0.52176,0.00104543
139,0.445409,0.512182,-3.72927e-05
140,0.445409,0.512182,-3.72927e-05
141,0.460029,0.522018,-0.0036228
142,0.451074,0.530874,0.0022555
143,0.451074,0.530874,0.0022555
144,0.479896,0.545856,0.00194211
145,0.479896,0.545856,0.00194211
146,0.449149,0.545954,0.00105138
147,0.465872,0.538386,-0.00110145
148,0.473568,0.498867,0.00112843
149,0.473568,0.498867,0.00112843
150,0.473568,0.498867,0.00112843
151,0.473568,0.498867,0.00112843
152,0.473568,0.498867,0.00112843
153,0.473568,0.498867,0.00112843
154,0.473568,0.498867,0.00112843
155,0.433274,0.466172,1.14111e-05
156,0.433274,0.466172,1.14111e-05
157,0.439893,0.498279,-0.00145395
158,0.450194,0.514766,0.00162006
159,0.474487,0.511726,-0.00187777
160,0.478592,0.557462,-0.00185077
161,0.473237,0.554698,0.0012895
162,0.473237,0.554698,0.0012895
163,0.473237,0.554698,0.0012895
164,0.473237,0.554698,0.0012895
165,0.475411,0.580707,0.000402072
166,0.455755,0.56531,0.000502755
167,0.484079,0.570722,-0.000808699
168,0.484079,0.570722,-0.000808699
169,0.482611,0.579858,0.00181532
170,0.465842,0.57473,-0.000470849
171,0.465842,0.57473,-0.00047085
172,0.445046,0.488262,0.00342248
173,0.421691,0.492435,-0.00105841
174,0.435489,0.39296,0.0027262
175,0.444928,0.419526,-0.00366789
176,0.434543,0.38597,-0.000269974
177,0.411642,0.377433,-0.00197342
178,0.407644,0.408392,0.000466347
179,0.371988,0.386912,0.00317422
180,0.379488,0.410104,0.00196398
181,0.379488,0.410104,0.00196398
182,0.379488,0.410104,0.00196398
183,0.375013,0.431426,-0.00076836
184,0.38943,0.397812,-0.00271557
185,0.410785,0.421118,-0.00212097
186,0.432586,0.515925,-0.000862384
187,0.402912,0.488859,-0.000170275
188,0.405326,0.486745,0.0012714
189,0.413819,0.443828,0.000887986
190,0.434188,0.51969,-0.00153072
191,0.441228,0.509054,0.00372426
192,0.448468,0.509435,-0.00153167
193,0.475078,0.589168,0.00170264
194,0.461857,0.587308,-0.000976765
195,0.462107,0.590361,-0.000795707
196,0.464495,0.574907,-0.00177415
197,0.453983,0.550911,-0.00287925
198,0.491987,0.59331,0.0017573
199,0.494667,0.60776,-0.00115566
200,0.494664,0.586127,0.00150481
201,0.475067,0.559772,0.00137637
202,0.475067,0.559772,0.00137637
203,0.479469,0.56307,0.00113957
204,0.495788,0.581447,-0.000329627
205,0.492044,0.588751,-0.00175692
206,0.492044,0.588751,-0.00175692
207,0.510237,0.595354,-0.000826952
208,0.493033,0.560785,0.00266362
209,0.518243,0.569935,-0.00126943
210,0.514531,0.627707,0.00108689
211,0.514531,0.627707,0.00108689
212,0.504754,0.591609,0.00115105
213,0.521357,0.62096,-0.000596743
214,0.521357,0.62096,-0.000596743
215,0.521759,0.651705,0.000126595
216,0.559139,0.687348,0.00195091
217,0.548234,0.668445,-0.000394177
218,0.548234,0.668445,-0.000394177
219,0.578775,0.712737,0.00299995
220,0.578775,0.712737,0.00299995
221,0.555895,0.682322,-0.00191074
222,0.555895,0.682322,-0.00191074
223,0.497483,0.588225,0.001074
224,0.558854,0.677057,-0.00056877
225,0.548146,0.643492,-0.000438666
226,0.574423,0.700136,-0.000522683
227,0.567097,0.697842,0.000781651
228,0.520293,0.642106,-0.000121411
229,0.520293,0.642106,-0.000121411
230,0.531164,0.638959,0.000611919
231,0.554407,0.66107,-0.000266744
232,0.554566,0.676694,0.00183046
233,0.554566,0.676694,0.00183046
234,0.547809,0.677366,-0.00109275
235,0.550324,0.658951,-0.000723024
236,0.574689,0.69517,-0.00279448
237,0.599049,0.727262,0.00169009
238,0.614162,0.747741,-0.00135463
239,0.614162,0.747741,-0.00135463
240,0.614162,0.747741,-0.00135463
241,0.614162,0.747741,-0.00135463
242,0.616453,0.754313,-0.000127434
243,0.59865,0.737081,-0.00128377
244,0.633808,0.755731,0.00108593
245,0.633808,0.755731,0.00108593
246,0.60216,0.730405,0.000934303
247,0.584849,0.713058,-0.00047421
248,0.597513,0.718541,-0.00176027
249,0.597513,0.718541,-0.00176027
250,0.565165,0.668569,0.00144606
251,0.589463,0.692916,-5.61711e-05
252,0.589463,0.692916,-5.61711e-05
253,0.570029,0.68642,-0.00174802
254,0.572952,0.704026,-0.00070767
255,0.572952,0.704026,-0.00070767
256,0.53956,0.661499,-0.000729736
257,0.526283,0.648833,-4.8392e-05
258,0.526283,0.648833,-4.8392e-05
259,0.547934,0.676808,-0.00132144
260,0.547934,0.676808,-0.00132144
261,0.547934,0.676808,-0.00132144
262,0.561602,0.672662,-0.00189912
263,0.561602,0.672662,-0.00189912
264,0.561602,0.672662,-0.00189912
265,0.592094,0.706311,-0.0010901
266,0.586081,0.722343,-0.00024681
267,0.593411,0.722514,0.00058382
268,0.608643,0.741195,-0.000585567
269,0.617704,0.742939,6.5063e-05
270,0.567216,0.705292,-0.00126362
271,0.562963,0.700009,0.000226055
272,0.544407,0.672562,1.05886e-05
273,0.566104,0.70221,2.75224e-05
274,0.566104,0.70221,2.75224e-05
275,0.535594,0.655698,-0.00302551
276,0.535594,0.655698,-0.00302551
277,0.531565,0.66432,-0.000786742
278,0.558949,0.692606,0.000808488
279,0.562624,0.700004,0.00151369
280,0.579789,0.717038,-0.000362081
281,0.55087,0.68474,-0.000176897
282,0.541983,0.673209,-0.000444809
283,0.576206,0.710826,0.00211074
284,0.576206,0.710826,0.00211074
285,0.576206,0.710826,0.00211074
286,0.576206,0.710826,0.00211074
287,0.561147,0.698819,-0.00117562
288,0.533407,0.666281,-0.000754349
289,0.536164,0.678032,-0.000752426
290,0.526003,0.664708,0.000741878
291,0.502538,0.639929,0.00148322
292,0.527946,0.668027,0.000687675
293,0.527946,0.668027,0.000687675
294,0.527946,0.668027,0.000687675
295,0.527946,0.668027,0.000687675
296,0.497583,0.59729,0.00105361
297,0.511612,0.6245,0.00225141
298,0.537973,0.658029,-0.00187109
299,0.537973,0.658029,-0.00187109
300,0.537973,0.658029,-0.00187109
301,0.537973,0.658029,-0.00187109
302,0.535419,0.668422,-0.000532638
303,0.568354,0.70394,-0.000667779
304,0.568354,0.70394,-0.000667779
305,0.600095,0.727613,-0.000529136
306,0.600095,0.727613,-0.000529136
307,0.609665,0.732868,-0.00191023
308,0.601409,0.727818,0.00101861
309,0.618195,0.746789,0.00176765
310,0.618195,0.746789,0.00176765
311,0.618195,0.746789,0.00176765
312,0.618195,0.746789,0.00176765
313,0.607398,0.733291,-0.000309689
314,0.642117,0.770983,0.000291812
315,0.662353,0.789132,0.000158435
316,0.610976,0.734173,0.00160275
317,0.610976,0.734173,0.00160275
318,0.660584,0.78279,-0.000105277
319,0.664867,0.790672,0.000924676
320,0.680807,0.80081,-9.91284e-05
321,0.68193,0.800131,0.000135497
322,0.655141,0.777075,-0.000672045
323,0.655141,0.777075,-0.000672045
324,0.676336,0.796603,-0.000665047
325,0.677821,0.796205,0.00110713
326,0.659052,0.782867,0.000209682
327,0.69896,0.815319,0.000723983
328,0.69896,0.815319,0.000723983
329,0.69896,0.815319,0.000723983
330,0.67156,0.788294,0.00135551
331,0.660994,0.784169,0.000224606
332,0.660994,0.784169,0.000224606
333,0.660994,0.784169,0.000224606
334,0.682634,0.800558,-0.000288392
335,0.65677,0.778962,0.00109511
336,0.657084,0.779986,0.00118412
337,0.620749,0.756376,-0.000694751
338,0.664325,0.79223,0.000245944
339,0.664325,0.79223,0.000245944
340,0.664325,0.79223,0.000245944
341,0.645011,0.777134,-0.000620952
342,0.671697,0.797504,-0.00037884
343,0.671697,0.797504,-0.00037884
344,0.671697,0.797504,-0.00037884
345,0.671697,0.797504,-0.00037884
346,0.671697,0.797504,-0.00037884
347,0.698154,0.815516,0.000247072
348,0.696168,0.815064,-0.00138872
349,0.696168,0.815064,-0.00138872
350,0.696168,0.815064,-0.00138872
351,0.683724,0.807014,-0.0012103
352,0.683724,0.807014,-0.0012103
353,0.68431,0.806238,0.000207135
354,0.68431,0.806238,0.000207135
355,0.698831,0.818626,-0.000308758
356,0.685874,0.809234,0.000126734
357,0.707514,0.825593,0.000572488
358,0.699977,0.819951,0.000666626
359,0.691362,0.815395,-0.000855268
360,0.676924,0.805264,0.00081844
361,0.657211,0.784803,0.000997407
362,0.633223,0.764694,-0.000379217
363,0.629658,0.759701,-0.000323625
364,0.645816,0.776992,-0.00121698
365,0.645816,0.776992,-0.00121698
366,0.645816,0.776992,-0.00121698
367,0.645816,0.776992,-0.00121698
368,0.645816,0.776992,-0.00121698
369,0.645816,0.776992,-0.00121698
370,0.645816,0.776992,-0.00121698
371,0.645816,0.776992,-0.00121698
372,0.645816,0.776992,-0.00121698
373,0.645816,0.776992,-0.00121698
374,0.619236,0.748321,0.000281346
375,0.635391,0.764201,0.000425243
376,0.644564,0.767399,0.000116213
377,0.631474,0.755449,8.04161e-06
378,0.650101,0.775473,0.00155267
379,0.650101,0.775473,0.00155267
380,0.663781,0.788485,0.000710775
381,0.663781,0.788485,0.000710775
382,0.654419,0.77815,0.00242629
383,0.618241,0.745693,-0.00104615
384,0.59503,0.708809,-0.00209898
385,0.600529,0.726481,-0.000954143
386,0.600529,0.726481,-0.000954143
387,0.596466,0.726736,-0.00120558
388,0.599415,0.725873,0.000594686
389,0.578381,0.700491,-0.000288944
390,0.580686,0.705649,0.000491743
391,0.570833,0.693378,0.000935646
392,0.587149,0.720104,-0.000161613
393,0.585906,0.715423,-0.00106411
394,0.57453,0.702019,0.00201821
395,0.601998,0.730518,0.000920734
396,0.594373,0.722704,0.00104461
397,0.588885,0.713657,-0.000436267
398,0.588885,0.713657,-0.000436267
399,0.611167,0.733464,0.000383093
400,0.609296,0.738525,0.0010713
401,0.609296,0.738525,0.0010713
402,0.609296,0.738525,0.0010713
403,0.609296,0.738525,0.0010713
404,0.584764,0.721669,-0.00103731
405,0.584764,0.721669,-0.00103731
406,0.584764,0.721669,-0.00103731
407,0.599513,0.729156,0.000358582
408,0.616934,0.74835,-0.000104206
409,0.611616,0.738881,-0.00127715
410,0.612495,0.740425,-0.000545195
411,0.624164,0.744197,-0.000444221
412,0.624164,0.744197,-0.000444221
413,0.65147,0.775835,-0.0010224
414,0.673514,0.79572,0.00132298
415,0.673514,0.79572,0.00132298
416,0.660105,0.783131,0.00104505
417,0.660105,0.783131,0.00104505
418,0.644271,0.768728,8.50719e-05
419,0.664902,0.788558,-0.000190958
420,0.679953,0.803878,8.72357e-05
421,0.679953,0.803878,8.72359e-05
422,0.690444,0.810461,-0.00128527
423,0.690444,0.810461,-0.00128527
424,0.690444,0.810461,-0.00128527
425,0.693855,0.813509,0.00034363
426,0.693855,0.813509,0.00034363
427,0.665259,0.794423,0.00110937
428,0.690166,0.814919,0.000620416
429,0.695127,0.814902,0.000162117
430,0.695127,0.814902,0.000162117
431,0.695127,0.814902,0.000162116
432,0.695127,0.814902,0.000162116
433,0.695127,0.814902,0.000162116
434,0.695127,0.814902,0.000162116
435,0.695127,0.814902,0.000162116
436,0.675498,0.7989,0.000466205
437,0.675498,0.7989,0.000466205
438,0.715392,0.829892,0.00036126
439,0.715392,0.829892,0.00036126
440,0.715392,0.829892,0.00036126
441,0.690804,0.810511,0.000195389
442,0.697124,0.816145,0.00130722
443,0.697124,0.816145,0.00130722
444,0.697124,0.816145,0.00130722
445,0.68322,0.80327,0.00116541
446,0.68322,0.80327,0.00116541
447,0.668355,0.789682,-0.000590286
448,0.668355,0.789682,-0.000590286
449,0.65674,0.77862,0.000121109
450,0.65674,0.77862,0.000121109
451,0.65674,0.77862,0.000121109
452,0.682816,0.802152,-0.00181969
453,0.679159,0.799966,-0.00038831
454,0.679159,0.799966,-0.00038831
455,0.679159,0.799966,-0.00038831
456,0.673127,0.793845,-0.000873688
457,0.694291,0.813118,-0.000162145
458,0.682985,0.805121,-0.000659024
459,0.671373,0.796513,0.00131325
460,0.671373,0.796513,0.00131325
461,0.646368,0.774638,0.000178213
462,0.654493,0.779969,0.00175364
463,0.654493,0.779969,0.00175364
464,0.670302,0.793486,0.000325431
465,0.670302,0.793486,0.000325431
466,0.670302,0.793486,0.000325431
467,0.676368,0.800819,0.000207213
468,0.644595,0.775397,-3.77289e-05
469,0.62759,0.755908,-4.35722e-07
470,0.639848,0.764674,0.00238628
471,0.639848,0.764674,0.00238628
472,0.67256,0.796132,0.000266528
473,0.650495,0.770045,0.000361183
474,0.637172,0.751683,-0.00359363
475,0.637172,0.751683,-0.00359363
476,0.629616,0.74707,-0.000424539
477,0.662762,0.785204,-0.000843831
478,0.615349,0.740941,0.00129131
479,0.615612,0.734237,-0.000694977
480,0.606189,0.727942,0.00153416
481,0.614373,0.732919,-0.000371739
482,0.64113,0.770423,0.000346963
483,0.64113,0.770423,0.000346963
484,0.64113,0.770423,0.000346963
485,0.60952,0.74238,0.000242124
486,0.642494,0.76227,0.000240399
487,0.661483,0.785994,0.000808343
488,0.661483,0.785994,0.000808343
489,0.644591,0.773908,-0.000797285
490,0.644591,0.773908,-0.000797285
491,0.644591,0.773908,-0.000797285
492,0.617067,0.733474,0.000219475
493,0.621774,0.745378,-0.00148954
494,0.646732,0.770373,8.70661e-05
495,0.609715,0.743843,0.000905424
496,0.631929,0.760325,0.000644353
497,0.631929,0.760325,0.000644353
498,0.631929,0.760325,0.000644353
499,0.648803,0.779368,-0.000774383
500,0.648803,0.779368,-0.000774383
501,0.648803,0.779368,-0.000774383
502,0.637939,0.767131,-0.00229431
503,0.637939,0.767131,-0.00229431
504,0.645672,0.780537,-0.000115807
505,0.645672,0.780537,-0.000115807
506,0.638088,0.767329,0.000277201
507,0.623295,0.761397,0.000744157
508,0.592636,0.733972,0.00276723
509,0.592636,0.733972,0.00276723
510,0.619896,0.759116,0.000936118
511,0.619896,0.759116,0.000936118
512,0.644458,0.775327,0.00101892
513,0.644458,0.775327,0.00101892
514,0.644458,0.775327,0.00101892
515,0.644458,0.775327,0.00101892
516,0.664886,0.791284,-0.000421527
517,0.664886,0.791284,-0.000421527
518,0.664886,0.791284,-0.000421527
519,0.664886,0.791284,-0.000421527
520,0.689804,0.812973,-0.000742472
521,0.689804,0.812973,-0.000742472
522,0.6715,0.799603,-0.000421728
523,0.678588,0.803184,-0.000804597
524,0.72855,0.83848,0.000709353
525,0.72855,0.83848,0.000709353
526,0.72855,0.83848,0.000709353
527,0.72855,0.83848,0.000709353
528,0.72855,0.83848,0.000709353
529,0.713069,0.823891,-0.000534666
530,0.696581,0.812699,-0.000493649
531,0.702467,0.810574,-0.00133587
532,0.703736,0.809797,0.000664897
533,0.713004,0.821536,-8.36504e-05
534,0.713004,0.821536,-8.36504e-05
535,0.669301,0.796094,0.00138341
536,0.669301,0.796094,0.00138341
537,0.665694,0.789863,9.38817e-05
538,0.657148,0.781513,0.0016342
539,0.678931,0.799337,0.00197204
540,0.692601,0.811123,0.000659356
541,0.67192,0.798934,-0.00125485
542,0.690212,0.811238,0.000631337
543,0.686545,0.810584,0.00106976
544,0.656935,0.790907,-0.000217871
545,0.636091,0.765131,-3.67491e-05
546,0.66031,0.789832,-0.000791553
547,0.66031,0.789832,-0.000791553
548,0.66972,0.796718,-0.00056675
549,0.665683,0.794484,-0.000553375
550,0.665683,0.794484,-0.000553375
551,0.668424,0.793208,8.38169e-05
552,0.668424,0.793208,8.38169e-05
553,0.653115,0.780117,0.000412967
554,0.668605,0.790196,0.000661641
555,0.674404,0.800398,-0.000530566
556,0.677149,0.799299,0.000745876
557,0.673799,0.793518,0.00198628
558,0.675874,0.793429,0.000830044
559,0.659836,0.782474,0.000406339
560,0.631672,0.759558,0.00143232
561,0.647059,0.771544,-0.00166343
562,0.671398,0.792031,-0.000874549
563,0.68575,0.805919,0.00034677
564,0.684669,0.803107,0.000161592
565,0.688163,0.807836,-0.000587557
566,0.688163,0.807836,-0.000587557
567,0.688163,0.807836,-0.000587557
568,0.671903,0.789519,0.000805818
569,0.687332,0.805929,0.00214807
570,0.686926,0.810223,-0.00040877
571,0.689139,0.812061,0.00205083
572,0.716797,0.830673,0.000883112
573,0.716797,0.830673,0.000883112
574,0.736167,0.84615,-0.000910994
575,0.752603,0.855674,0.000761944
576,0.752603,0.855674,0.000761944
577,0.752603,0.855674,0.000761944
578,0.71004,0.825442,-3.85828e-05
579,0.727448,0.840653,0.000404696
580,0.727448,0.840653,0.000404696
581,0.721587,0.836022,6.12373e-05
582,0.736306,0.845754,-0.000702314
583,0.736306,0.845754,-0.000702314
584,0.717883,0.834086,0.000137408
585,0.717883,0.834086,0.000137408
586,0.711505,0.826098,-0.000714615
587,0.711505,0.826098,-0.000714615
588,0.690935,0.809938,0.00185321
589,0.691781,0.80874,-0.00072018
590,0.691781,0.80874,-0.00072018
591,0.701148,0.818097,0.00041775
592,0.701148,0.818097,0.00041775
593,0.701148,0.818097,0.00041775
594,0.699371,0.814884,-0.000332411
595,0.708818,0.82299,9.011e-05
596,0.693744,0.811293,-4.31047e-05
597,0.693667,0.810603,-0.000687875
598,0.693667,0.810603,-0.000687875
599,0.717955,0.829638,0.000487446
600,0.717955,0.829638,0.000487446
601,0.727094,0.834517,-0.00132057
602,0.724624,0.835019,1.85241e-05
603,0.724624,0.835019,1.85241e-05
604,0.74217,0.847927,-0.000345592
605,0.74217,0.847927,-0.000345592
606,0.733359,0.838217,-0.000276293
607,0.729406,0.837399,-0.000285807
608,0.729406,0.837399,-0.000285807
609,0.729406,0.837399,-0.000285807
610,0.746337,0.849062,-0.00075435
611,0.746337,0.849062,-0.000754351
612,0.746337,0.849062,-0.000754351
613,0.751174,0.854194,0.000733816
614,0.765241,0.863362,-0.000381721
615,0.753483,0.856382,0.000166072
616,0.744655,0.847118,0.000560696
617,0.741727,0.845034,0.000696749
618,0.747993,0.850494,-0.000341174
619,0.747993,0.850494,-0.000341174
620,0.721026,0.832487,-0.000555438
621,0.721026,0.832487,-0.000555438
622,0.698548,0.817538,0.000812453
623,0.698548,0.817538,0.000812453
624,0.690256,0.809604,-0.000271815
625,0.668758,0.790974,0.000294018
626,0.668758,0.790974,0.000294018
627,0.716585,0.830599,-0.00120161
628,0.715217,0.830361,0.000249774
629,0.690401,0.808921,-0.0013251
630,0.696076,0.815961,0.00188189
631,0.698347,0.818463,-0.00120428
632,0.712979,0.82915,-0.00124747
633,0.712979,0.82915,-0.00124747
634,0.717463,0.834808,-0.000500255
635,0.736539,0.849102,-0.000977956
636,0.736539,0.849102,-0.000977956
637,0.736539,0.849102,-0.000977956
638,0.719631,0.835205,-0.00129031
639,0.671479,0.801426,-0.0019732
640,0.649333,0.784122,0.000556179
641,0.663041,0.795568,0.000214738
642,0.662407,0.795575,-0.000826725
643,0.670154,0.799193,0.00102542
644,0.678727,0.805843,0.00137635
645,0.670947,0.797396,-0.00025762
646,0.670947,0.797396,-0.00025762
647,0.669836,0.794666,-0.00184777
648,0.669054,0.796354,-0.00101123
649,0.638084,0.769311,-0.00206774
650,0.640316,0.774604,0.000241151
651,0.613635,0.748805,-9.256e-05
652,0.636617,0.765525,0.000587115
653,0.621569,0.74418,0.000811734
654,0.618617,0.751398,0.00206308
655,0.625749,0.758104,0.000450899
656,0.635622,0.766934,-0.00145439
657,0.618941,0.752105,-6.26664e-05
658,0.61436,0.741806,0.00231274
659,0.60776,0.742237,-0.000205839
660,0.59744,0.725453,-0.000769525
661,0.59744,0.725453,-0.000769525
662,0.60011,0.727299,-0.000165921
663,0.60011,0.727299,-0.000165921
664,0.585997,0.703515,-0.000866491
665,0.585997,0.703515,-0.000866491
666,0.585997,0.703515,-0.000866491
667,0.599283,0.725156,0.0024606
668,0.580059,0.70463,-0.000474105
669,0.580059,0.70463,-0.000474105
670,0.580059,0.70463,-0.000474105
671,0.568432,0.701746,0.0012015
672,0.568432,0.701746,0.0012015
673,0.556969,0.695963,0.0016687
674,0.562215,0.68467,0.00205092
675,0.562215,0.68467,0.00205092
676,0.544852,0.673663,0.00121098
677,0.575703,0.706541,-0.000258365
678,0.575703,0.706541,-0.000258365
679,0.571099,0.708636,0.000139802
680,0.582659,0.721672,-0.000899859
681,0.567914,0.713896,0.00220289
682,0.567914,0.713896,0.00220289
683,0.567914,0.713896,0.00220289
684,0.542175,0.676575,0.00185124
685,0.575944,0.708037,0.000289784
686,0.563272,0.668534,0.00151457
687,0.553818,0.684837,0.000241773
688,0.556445,0.686382,0.00103815
689,0.54929,0.67044,0.000121063
690,0.536488,0.656784,-0.00180167
691,0.561535,0.682716,-0.000771976
692,0.561535,0.682716,-0.000771976
693,0.550644,0.66969,0.000336011
694,0.550644,0.66969,0.000336011
695,0.535529,0.646381,-0.000233154
696,0.517914,0.599974,0.00179425
697,0.537959,0.607718,0.000511809
698,0.489893,0.573437,0.00271506
699,0.500184,0.589201,0.00189663
700,0.531626,0.642102,-0.000420624
701,0.488272,0.591423,-0.00259096
702,0.477022,0.555923,0.00208318
703,0.471976,0.56971,-0.000999922
704,0.509036,0.627243,-0.000901425
705,0.510456,0.58741,-0.00188661
706,0.481281,0.578366,-0.000299483
707,0.526478,0.654042,9.68472e-05
708,0.495994,0.605624,-0.00119167
709,0.526482,0.646755,0.00052825
710,0.513418,0.614179,-0.000170443
711,0.513418,0.614179,-0.000170442
712,0.516204,0.641907,0.000788417
713,0.516204,0.641907,0.000788417
714,0.525686,0.660633,-0.00171102
715,0.523529,0.662504,-0.00119791
716,0.511852,0.643245,-0.00193842
717,0.528562,0.671967,0.00108775
718,0.513796,0.638159,-0.00246164
719,0.540392,0.671543,-0.00115922
720,0.545258,0.674958,4.26565e-06
721,0.561523,0.68937,-0.00245021
722,0.561523,0.68937,-0.00245021
723,0.561523,0.68937,-0.00245021
724,0.550918,0.668969,0.0033646
725,0.547232,0.683511,-0.00225053
726,0.598984,0.732012,0.00108937
727,0.578349,0.702925,0.000913348
728,0.588285,0.718319,-0.00060673
729,0.565431,0.688143,-0.000134071
730,0.565431,0.688143,-0.000134071
731,0.562818,0.693085,0.00131798
732,0.562818,0.693085,0.00131798
733,0.556432,0.689457,-0.00117752
734,0.592075,0.724088,0.000183771
735,0.603396,0.736187,0.000299195
736,0.620759,0.750206,0.00180308
737,0.626682,0.754607,-0.000414021
738,0.661641,0.785912,-0.00028142
739,0.641947,0.762943,7.03972e-05
740,0.644276,0.775596,-0.00163406
741,0.660938,0.788428,0.000522249
742,0.641218,0.774104,0.000964899
743,0.641218,0.774104,0.000964899
744,0.694962,0.812704,-0.000430904
745,0.664287,0.789162,-0.000299785
746,0.664287,0.789162,-0.000299785
747,0.675864,0.799972,-0.0012628
748,0.661513,0.784851,0.000431442
749,0.661513,0.784851,0.000431442
750,0.668984,0.792982,0.000633008
751,0.673118,0.792909,0.000434993
752,0.647744,0.768336,0.00151905
753,0.644084,0.764615,-0.000873164
754,0.644084,0.764615,-0.000873164
755,0.643815,0.758682,-0.00190824
756,0.643815,0.758682,-0.00190824
757,0.643815,0.758682,-0.00190824
758,0.643815,0.758682,-0.00190824
759,0.643815,0.758682,-0.00190824
760,0.660621,0.781816,-0.00103066
761,0.672706,0.793431,-6.27498e-05
762,0.672706,0.793431,-6.27498e-05
763,0.674172,0.7909,8.87388e-05
764,0.674884,0.797171,0.000954061
765,0.690018,0.809246,-0.000432339
766,0.690018,0.809246,-0.000432339
767,0.676614,0.798681,-0.00184953
768,0.676614,0.798681,-0.00184953
769,0.701225,0.812195,-0.00172434
770,0.682352,0.803284,0.000411152
771,0.688778,0.808716,0.000824722
772,0.706523,0.815914,0.000414926
773,0.706523,0.815914,0.000414926
774,0.668422,0.788364,-0.000303683
775,0.661341,0.779866,0.000170466
776,0.691944,0.804296,-0.000832581
777,0.691944,0.804296,-0.000832581
778,0.691944,0.804296,-0.000832581
779,0.650255,0.771222,0.00169325
780,0.63649,0.760663,0.000624398
781,0.654974,0.771717,3.04889e-05
782,0.644864,0.763283,-0.000653759
783,0.642644,0.752573,-0.000319062
784,0.62596,0.739308,0.000911967
785,0.606853,0.728165,-0.00252336
786,0.606853,0.728165,-0.00252336
787,0.586889,0.703489,-0.000853592
788,0.616468,0.737886,-0.000922094
789,0.601881,0.725606,0.00155165
790,0.614606,0.737765,-0.000395942
791,0.600606,0.725503,0.00125813
792,0.622829,0.750895,0.00172032
793,0.622829,0.750895,0.00172032
794,0.582957,0.707003,0.00104439
795,0.610646,0.7305,0.000915306
796,0.613987,0.73361,-0.00123943
797,0.632143,0.756268,-0.00128963
798,0.632143,0.756268,-0.00128963
799,0.632143,0.756268,-0.00128963
800,0.605818,0.725961,0.000795205
801,0.613493,0.73121,-0.0004534
802,0.613493,0.73121,-0.0004534
803,0.626741,0.747323,-0.000328179
804,0.653598,0.77811,2.90187e-05
805,0.653598,0.77811,2.90187e-05
806,0.653598,0.77811,2.90187e-05
807,0.653598,0.77811,2.90187e-05
808,0.653598,0.77811,2.90187e-05
809,0.653598,0.77811,2.90187e-05
810,0.617844,0.743859,-0.000580479
811,0.617844,0.743859,-0.000580479
812,0.623188,0.748348,-0.000650063
813,0.597667,0.723981,0.00156072
814,0.584537,0.705264,-0.000526122
815,0.584537,0.705264,-0.000526122
816,0.586321,0.715182,0.000815838
817,0.586321,0.715182,0.000815838
818,0.570001,0.705349,0.000742493
819,0.570001,0.705349,0.000742493
820,0.576647,0.703568,3.45632e-05
821,0.561986,0.687998,-0.000201914
822,0.579297,0.708735,-5.63512e-05
823,0.561498,0.693471,-0.00039637
824,0.561498,0.693471,-0.00039637
825,0.58932,0.723328,-0.00164057
826,0.606301,0.736089,-0.000717624
827,0.606301,0.736089,-0.000717624
828,0.602666,0.737707,3.33225e-05
829,0.631374,0.758754,-0.000563807
830,0.621036,0.750186,0.00017538
831,0.621036,0.750186,0.00017538
832,0.614481,0.744824,-0.00180384
833,0.616439,0.74001,0.000173846
834,0.63061,0.757846,-0.000811774
835,0.63061,0.757846,-0.000811774
836,0.616471,0.750947,-0.00221282
837,0.616471,0.750947,-0.00221282
838,0.616471,0.750947,-0.00221282
839,0.616471,0.750947,-0.00221282
840,0.637428,0.757529,-0.00141174
841,0.625692,0.748101,-0.00225859
842,0.625692,0.748101,-0.00225859
843,0.59333,0.713646,0.00012809
844,0.644774,0.764073,-0.000583258
845,0.627841,0.752189,-0.000258579
846,0.624585,0.749009,0.00106671
847,0.589246,0.724473,0.000431196
848,0.606726,0.726272,-0.000113462
849,0.606726,0.726272,-0.000113462
850,0.606726,0.726272,-0.000113462
851,0.606726,0.726272,-0.000113462
852,0.577274,0.701802,0.00189538
853,0.601154,0.733091,0.00032704
854,0.620591,0.750902,0.00053672
855,0.620591,0.750902,0.00053672
856,0.620591,0.750902,0.00053672
857,0.630521,0.750048,-0.00241659
858,0.630521,0.750048,-0.00241659
859,0.630521,0.750048,-0.00241659
860,0.607569,0.727361,-0.00231186
861,0.622204,0.745622,-0.000748745
862,0.621657,0.742874,5.31937e-07
863,0.636152,0.76313,0.000298855
864,0.643699,0.768103,-0.000977046
865,0.643699,0.768103,-0.000977046
866,0.643699,0.768103,-0.000977046
867,0.643699,0.768103,-0.000977046
868,0.66489,0.792523,0.000908017
869,0.66489,0.792523,0.000908017
870,0.665636,0.791382,0.000358631
871,0.665636,0.791382,0.000358631
872,0.653573,0.783297,-0.000626965
873,0.662069,0.786617,0.000969392
874,0.687593,0.806998,0.000600205
875,0.700773,0.812368,-4.00083e-05
876,0.697245,0.808532,0.0014429
877,0.697245,0.808532,0.0014429
878,0.697245,0.808532,0.0014429
879,0.697245,0.808532,0.0014429
880,0.697245,0.808532,0.0014429
881,0.744889,0.847771,0.000374627
882,0.744889,0.847771,0.000374627
883,0.706423,0.816265,0.00119128
884,0.706423,0.816265,0.00119128
885,0.734715,0.840172,0.000795753
886,0.728496,0.832137,0.000549285
887,0.734856,0.834548,0.000114237
888,0.734856,0.834548,0.000114237
889,0.722129,0.828979,0.0011988
890,0.715864,0.819675,-9.0358e-06
891,0.715864,0.819675,-9.03574e-06
892,0.715864,0.819675,-9.03574e-06
893,0.672644,0.779277,-0.000516962
894,0.672644,0.779277,-0.000516962
895,0.700342,0.808723,-0.000309625
896,0.690095,0.801943,0.000415919
897,0.690095,0.801943,0.000415919
898,0.710232,0.81941,-0.000333662
899,0.705654,0.817069,0.000970624
900,0.705654,0.817069,0.000970624
901,0.705654,0.817069,0.000970624
902,0.684105,0.79852,-0.00116896
903,0.709756,0.819132,-2.07201e-05
904,0.742332,0.847712,-0.000191579
905,0.740105,0.844755,-1.96639e-05
906,0.732156,0.83896,-0.00212392
907,0.717653,0.829673,0.000577147
908,0.717653,0.829673,0.000577147
909,0.717653,0.829673,0.000577147
910,0.717653,0.829673,0.000577147
911,0.727094,0.836508,3.30834e-05
912,0.727094,0.836508,3.30834e-05
913,0.739967,0.846664,0.000274681
914,0.720816,0.829931,0.0017495
915,0.741492,0.845903,-0.00114769
916,0.741492,0.845903,-0.00114769
917,0.720166,0.831208,-0.000857708
918,0.706225,0.821957,-0.000295614
919,0.705836,0.823056,0.000260406
920,0.672022,0.792369,0.00138123
921,0.700651,0.815528,0.00124801
922,0.700651,0.815528,0.00124801
923,0.65905,0.773843,0.00136846
924,0.654112,0.774331,0.00150346
925,0.652943,0.78006,-0.000210522
926,0.632252,0.74964,-0.000461508
927,0.632252,0.74964,-0.000461508
928,0.635322,0.756725,-0.00173959
929,0.593219,0.720087,0.000352222
930,0.617917,0.748581,-0.00079998
931,0.617917,0.748581,-0.00079998
932,0.601437,0.730505,-0.000652006
933,0.601437,0.730505,-0.000652006
934,0.601437,0.730505,-0.000652006
935,0.584625,0.709439,0.00234385
936,0.599688,0.721462,-0.000495769
937,0.629451,0.751635,0.00230991
938,0.617563,0.740949,-0.00108367
939,0.606144,0.729416,0.000420328
940,0.615154,0.745161,0.000429637
941,0.577171,0.709325,0.00209864
942,0.602779,0.728691,0.000843194
943,0.568239,0.679333,0.00212252
944,0.569165,0.697539,-7.79803e-05
945,0.569165,0.697539,-7.79803e-05
946,0.594447,0.730273,0.000542634
947,0.605866,0.741463,-0.00122804
948,0.578878,0.708146,-0.000195977
949,0.585438,0.720893,-0.000455128
950,0.61956,0.751586,0.000110955
951,0.643316,0.778567,0.00127598
952,0.643316,0.778567,0.00127598
953,0.629306,0.76665,0.00071863
954,0.629306,0.76665,0.00071863
955,0.629306,0.76665,0.00071863
956,0.612699,0.749264,0.00010703
957,0.617537,0.753539,-0.000172133
958,0.617537,0.753539,-0.000172133
959,0.600141,0.73991,-0.00192656
960,0.567339,0.709922,0.000699792
961,0.545962,0.681852,0.00114813
962,0.597602,0.738041,4.89508e-05
963,0.597677,0.738559,-0.000165667
964,0.603446,0.736428,0.00068958
965,0.629003,0.76185,0.00063529
966,0.607768,0.743223,0.0013309
967,0.607768,0.743223,0.0013309
968,0.607768,0.743223,0.0013309
969,0.589212,0.725383,0.000107917
970,0.61932,0.754279,0.000150191
971,0.640187,0.771835,0.000441506
972,0.649487,0.778135,-0.00197579
973,0.634776,0.759898,-0.000988094
974,0.650299,0.778243,-9.75124e-05
975,0.660052,0.788016,0.00099608
976,0.657131,0.78649,-0.000598863
977,0.670764,0.798855,0.000129591
978,0.66406,0.78956,0.000242472
979,0.656497,0.778078,0.0026392
980,0.66593,0.786985,0.00226905
981,0.66593,0.786985,0.00226905
982,0.66593,0.786985,0.00226905
983,0.658319,0.781864,-0.000107336
984,0.645861,0.771538,0.00116459
985,0.63989,0.76757,0.000303032
986,0.659588,0.784113,-0.000203906
987,0.630652,0.760738,0.000679087
988,0.616703,0.746044,-0.000776309
989,0.608101,0.736453,-0.000214642
990,0.626841,0.757311,0.000852934
991,0.631777,0.756232,-0.00244815
992,0.663384,0.789963,-0.000823933
993,0.663688,0.789566,0.001263
994,0.686736,0.806105,3.50664e-05
995,0.675007,0.800941,4.77381e-06
996,0.672275,0.798314,-0.0005421
997,0.697985,0.816939,-0.000501188
998,0.734722,0.845427,0.000561847
999,0.718166,0.830724,0.000431926
1000,0.718166,0.830724,0.000431926
1001,0.69504,0.815405,0.000569717
1002,0.707863,0.82477,-8.34493e-05
1003,0.733178,0.843129,0.00103622
1004,0.717034,0.830756,-0.000585162
1005,0.696373,0.804094,1.63798e-05
1006,0.701465,0.816895,0.000351866
1007,0.734658,0.844628,-0.000132214
1008,0.750509,0.85409,-0.000384311
1009,0.740191,0.845891,0.000931052
1010,0.750959,0.853145,0.000591648
1011,0.756726,0.855956,0.00106828
1012,0.747819,0.847195,-0.00133354
1013,0.768976,0.866088,0.000257909
1014,0.768976,0.866088,0.000257909
1015,0.750821,0.854959,-0.00145746
1016,0.750821,0.854959,-0.00145746
1017,0.754692,0.856661,-0.000326764
1018,0.742581,0.846432,0.000897582
1019,0.742581,0.846432,0.000897582
1020,0.742581,0.846432,0.000897582
1021,0.742581,0.846432,0.000897582
1022,0.736983,0.844014,0.000372999
1023,0.764367,0.865714,-0.000719263
1024,0.751899,0.857097,0.00076696
1025,0.736671,0.84516,0.000845946
1026,0.736671,0.84516,0.000845946
1027,0.736671,0.84516,0.000845946
1028,0.715412,0.831754,0.000353519
1029,0.73193,0.843812,0.0018105
1030,0.73193,0.843812,0.0018105
1031,0.720056,0.835754,-0.000787184
1032,0.720056,0.835754,-0.000787184
1033,0.720056,0.835754,-0.000787184
1034,0.680255,0.80185,-0.000319444
1035,0.673994,0.798895,-0.00163981
1036,0.673994,0.798895,-0.00163981
1037,0.670667,0.794668,-2.33309e-05
1038,0.674677,0.79586,0.00105603
1039,0.66462,0.786565,-5.45821e-05
1040,0.631777,0.766813,0.00069291
1041,0.679526,0.800385,0.000356232
1042,0.655545,0.785369,-0.000641001
1043,0.648508,0.778861,-0.00151084
1044,0.664873,0.791531,-0.000360613
1045,0.690203,0.812943,-0.00107513
1046,0.690203,0.812943,-0.00107513
1047,0.694198,0.817596,0.00118647
1048,0.694198,0.817596,0.00118647
1049,0.692503,0.815836,-0.00199354
1050,0.692503,0.815836,-0.00199354
1051,0.690402,0.814288,0.000706505
1052,0.670784,0.796426,0.00123447
1053,0.680693,0.801706,-0.000101037
1054,0.652574,0.782622,0.000114496
1055,0.660434,0.787608,-0.000809273
1056,0.653715,0.784739,0.00137096
1057,0.636703,0.766276,0.00177365
1058,0.598446,0.724941,-0.00272517
1059,0.598446,0.724941,-0.00272517
1060,0.598446,0.724941,-0.00272517
1061,0.632049,0.755776,-0.00106596
1062,0.639455,0.771801,-0.000280325
1063,0.639455,0.771801,-0.000280325
1064,0.655055,0.784932,0.000815499
1065,0.655055,0.784932,0.000815499
1066,0.655055,0.784932,0.000815499
1067,0.655055,0.784932,0.000815499
1068,0.653029,0.783321,-0.000581949
1069,0.653029,0.783321,-0.000581949
1070,0.653029,0.783321,-0.000581949
1071,0.653029,0.783321,-0.000581948
1072,0.653029,0.783321,-0.000581948
1073,0.669971,0.798494,0.00167382
1074,0.627636,0.760763,0.000597603
1075,0.658489,0.786171,0.000610716
1076,0.617017,0.754058,-0.000977901
1077,0.646193,0.781168,-0.000139961
1078,0.646193,0.781168,-0.000139961
1079,0.622084,0.76227,-0.000939409
1080,0.628237,0.764321,-0.000730674
1081,0.628237,0.764321,-0.000730674
1082,0.633264,0.764531,0.00054736
1083,0.579453,0.718418,-0.00115077
1084,0.584625,0.726024,-0.000851272
1085,0.56649,0.699409,0.000198208
1086,0.567969,0.697215,8.11294e-05
1087,0.567969,0.697215,8.11294e-05
1088,0.560152,0.682359,-0.000752916
1089,0.557235,0.683992,-8.97777e-05
1090,0.557235,0.683992,-8.97777e-05
1091,0.518728,0.6417,-3.8848e-05
1092,0.530114,0.637136,-0.00147706
1093,0.530114,0.637136,-0.00147706
1094,0.530114,0.637136,-0.00147706
1095,0.530114,0.637136,-0.00147706
1096,0.561413,0.662294,0.00188401
1097,0.49876,0.555919,0.00221929
1098,0.511935,0.52983,0.00257103
1099,0.511935,0.52983,0.00257103
1100,0.51949,0.612992,0.000829571
1101,0.49229,0.572844,0.00155618
1102,0.508169,0.614897,0.00282338
1103,0.509412,0.617589,-0.00110322
1104,0.490269,0.600406,-0.00105821
1105,0.505289,0.635561,-0.000712742
1106,0.516486,0.657106,5.14344e-05
1107,0.516486,0.657106,5.14344e-05
1108,0.549322,0.69434,7.77979e-05
1109,0.549322,0.69434,7.77979e-05
1110,0.544841,0.69344,-0.00030487
1111,0.544841,0.69344,-0.00030487
1112,0.506433,0.647662,-1.93577e-05
1113,0.506433,0.647662,-1.93577e-05
1114,0.506433,0.647662,-1.93577e-05
1115,0.505347,0.64444,0.00199661
1116,0.518346,0.653117,0.000958863
1117,0.518346,0.653117,0.000958863
1118,0.547945,0.690457,0.000502885
1119,0.547945,0.690457,0.000502885
1120,0.547945,0.690457,0.000502885
1121,0.547945,0.690457,0.000502886
1122,0.554507,0.687274,0.00282594
1123,0.554507,0.687274,0.00282594
1124,0.513028,0.644309,-0.0018981
1125,0.530496,0.676745,0.000767244
1126,0.532898,0.668318,0.000993057
1127,0.532898,0.668318,0.000993057
1128,0.532898,0.668318,0.000993057
1129,0.553092,0.689721,0.0021847
1130,0.567464,0.703056,0.000452467
1131,0.567464,0.703056,0.000452467
1132,0.567464,0.703056,0.000452467
1133,0.567464,0.703056,0.000452467
1134,0.567464,0.703056,0.000452467
1135,0.558028,0.695544,0.000676124
1136,0.585248,0.714317,0.00126358
1137,0.585248,0.714317,0.00126358
1138,0.593822,0.731678,-0.000924799
1139,0.541148,0.667773,-2.22305e-05
1140,0.586811,0.720791,-0.00214331
1141,0.586267,0.717278,-0.00171425
1142,0.583791,0.720485,-0.000538545
1143,0.582677,0.721811,0.00173549
1144,0.583357,0.715314,0.00184144
1145,0.5716,0.707858,0.000279924
1146,0.575611,0.713905,-0.000244056
1147,0.588229,0.729395,0.000684912
1148,0.610595,0.746233,0.000726688
1149,0.610595,0.746233,0.000726688
1150,0.610595,0.746233,0.000726688
1151,0.581223,0.720371,0.000971075
1152,0.6126,0.743144,0.00082744
1153,0.608972,0.744138,0.000793877
1154,0.621517,0.747835,0.00260112
1155,0.621517,0.747835,0.00260112
1156,0.621517,0.747835,0.00260112
1157,0.621517,0.747835,0.00260112
1158,0.592013,0.72934,-0.000298773
1159,0.587844,0.726603,-0.000948326
1160,0.622768,0.754047,0.000691317
1161,0.603422,0.739745,-0.00121397
1162,0.609423,0.737726,0.000607322
1163,0.633704,0.758481,0.000171889
1164,0.63734,0.762792,-0.000245824
1165,0.644795,0.772415,0.000480341
1166,0.592678,0.723889,0.000227591
1167,0.592678,0.723889,0.000227591
1168,0.592678,0.723889,0.000227591
1169,0.563013,0.690454,-0.000596566
1170,0.585549,0.705246,0.000377782
1171,0.590541,0.712253,0.00120064
1172,0.609901,0.734326,0.0012385
1173,0.55586,0.68461,0.00061041
1174,0.588318,0.717302,-0.000713307
1175,0.588318,0.717302,-0.000713307
1176,0.601376,0.733612,0.000231205
1177,0.589075,0.721759,-0.00117115
1178,0.549962,0.672666,-0.00133218
1179,0.549962,0.672666,-0.00133218
1180,0.565089,0.697431,0.00148409
1181,0.565089,0.697431,0.00148409
1182,0.565089,0.697431,0.00148409
1183,0.553096,0.684157,-0.00158874
1184,0.553096,0.684157,-0.00158874
1185,0.553096,0.684157,-0.00158874
1186,0.56661,0.693845,-0.000435796
1187,0.565476,0.697468,-0.00109114
1188,0.55296,0.658806,-0.000854174
1189,0.548139,0.673361,-0.000202821
1190,0.548139,0.673361,-0.000202821
1191,0.565629,0.684067,0.000943906
1192,0.565629,0.684067,0.000943906
1193,0.568753,0.685788,0.00112076
1194,0.56555,0.6849,-6.05806e-05
1195,0.56555,0.6849,-6.05806e-05
1196,0.545077,0.661977,0.0013446
1197,0.606891,0.731812,-0.000235157
1198,0.606891,0.731812,-0.000235157
1199,0.644554,0.769877,0.000964236
1200,0.644554,0.769877,0.000964236
1201,0.638967,0.767653,-0.00287155
1202,0.626353,0.754834,0.000134915
1203,0.647637,0.777775,3.34316e-05
1204,0.647637,0.777775,3.34316e-05
1205,0.665297,0.790933,9.94258e-05
1206,0.654005,0.774538,0.000318989
1207,0.643949,0.771142,-0.000379378
1208,0.67156,0.794766,-0.00066421
1209,0.67156,0.794766,-0.00066421
1210,0.67156,0.794766,-0.00066421
1211,0.67156,0.794766,-0.00066421
1212,0.622214,0.74969,-0.000238953
1213,0.614081,0.737982,-0.000629468
1214,0.614081,0.737982,-0.000629468
1215,0.624128,0.752136,-0.000883574
1216,0.614402,0.743434,-0.000936122
1217,0.614402,0.743434,-0.000936122
1218,0.603143,0.723107,0.00022385
1219,0.603143,0.723107,0.00022385
1220,0.603143,0.723107,0.00022385
1221,0.603143,0.723107,0.00022385
1222,0.603143,0.723107,0.00022385
1223,0.603143,0.723107,0.00022385
1224,0.603143,0.723107,0.00022385
1225,0.612047,0.734018,-0.00103459
1226,0.612047,0.734018,-0.00103459
1227,0.625822,0.747165,-0.000351397
1228,0.602315,0.734768,-0.000209789
1229,0.570884,0.693219,0.000980452
1230,0.570884,0.693219,0.000980452
1231,0.581569,0.692751,-0.000104162
1232,0.606442,0.724533,0.00121683
1233,0.594821,0.722428,-0.00184609
1234,0.556405,0.692353,-0.00145475
1235,0.547538,0.665755,0.00102859
1236,0.603824,0.731734,0.00078254
1237,0.603824,0.731734,0.00078254
1238,0.603824,0.731734,0.00078254
1239,0.603824,0.731734,0.00078254
1240,0.572483,0.696133,-0.00201624
1241,0.572483,0.696133,-0.00201624
1242,0.559344,0.68188,0.000723349
1243,0.579689,0.713831,-6.39322e-05
1244,0.579689,0.713831,-6.39322e-05
1245,0.587515,0.720173,-0.00195746
1246,0.587515,0.720173,-0.00195746
1247,0.558998,0.682851,0.0015994
1248,0.589689,0.718998,0.000740213
1249,0.589689,0.718998,0.000740213
1250,0.619674,0.752559,0.000769675
1251,0.604659,0.732102,-0.000212101
1252,0.604659,0.732102,-0.000212101
1253,0.602366,0.735322,0.000442829
1254,0.624935,0.763794,0.000291742
1255,0.624935,0.763794,0.000291742
1256,0.649805,0.78424,0.000605244
1257,0.649805,0.78424,0.000605244
1258,0.646989,0.784311,-0.000945987
1259,0.65798,0.792527,0.000347102
1260,0.651249,0.785981,0.00104531
1261,0.669032,0.799975,0.00172095
1262,0.669032,0.799975,0.00172095
1263,0.633009,0.770564,0.000310682
1264,0.656456,0.786418,-0.000344566
1265,0.682411,0.808097,0.000745541
1266,0.665269,0.797343,-0.00152245
1267,0.6843,0.811926,-0.00175501
1268,0.656223,0.791621,-0.0013447
1269,0.638164,0.777927,-0.000207486
1270,0.628358,0.769097,4.43626e-05
1271,0.65187,0.788659,-0.000244975
1272,0.603563,0.751749,-4.051e-05
1273,0.603563,0.751749,-4.051e-05
1274,0.630793,0.769083,0.000331174
1275,0.630793,0.769083,0.000331174
1276,0.630793,0.769083,0.000331174
1277,0.630793,0.769083,0.000331174
1278,0.630793,0.769083,0.000331174
1279,0.630793,0.769083,0.000331174
1280,0.610361,0.753512,-0.000581748
1281,0.619121,0.761832,0.000426565
1282,0.627465,0.766279,-0.000501569
1283,0.61259,0.747578,0.000603944
1284,0.625652,0.762398,0.000735659
1285,0.633011,0.761711,0.000173529
1286,0.601139,0.742374,0.0025466
1287,0.632621,0.767494,-0.000743932
1288,0.639426,0.773036,7.36117e-05
1289,0.639426,0.773036,7.36117e-05
1290,0.65094,0.778701,-0.00115576
1291,0.65094,0.778701,-0.00115576
1292,0.65094,0.778701,-0.00115576
1293,0.665189,0.79127,-0.000370332
1294,0.645571,0.777264,-0.000507535
1295,0.623531,0.751473,-0.000263717
1296,0.623531,0.751473,-0.000263717
1297,0.583931,0.709898,0.00339051
1298,0.591048,0.722388,0.000249027
1299,0.601456,0.725661,-0.00253618
1300,0.601456,0.725661,-0.00253618
1301,0.625015,0.753638,-6.93721e-05
1302,0.616602,0.744757,0.00050132
1303,0.616602,0.744757,0.00050132
1304,0.625078,0.74405,0.00136618
1305,0.637496,0.764417,0.000452586
1306,0.64145,0.764829,0.000997405
1307,0.64145,0.764829,0.000997405
1308,0.599331,0.72635,-0.001499
1309,0.636175,0.765864,0.000738588
1310,0.636175,0.765864,0.000738588
1311,0.659677,0.784674,-0.000869845
1312,0.68559,0.808572,-0.000263348
1313,0.714195,0.828892,-0.000460804
1314,0.708682,0.823572,0.00138463
1315,0.683316,0.806662,-0.000725106
1316,0.690149,0.808666,-0.00118626
1317,0.690149,0.808666,-0.00118626
1318,0.690149,0.808666,-0.00118626
1319,0.685651,0.808075,0.000240994
1320,0.685651,0.808075,0.000240994
1321,0.68733,0.811806,0.000300867
1322,0.68733,0.811806,0.000300867
1323,0.685425,0.808362,0.00104022
1324,0.685425,0.808362,0.00104022
1325,0.669005,0.795707,0.00016556
1326,0.690841,0.810738,-0.000974737
1327,0.690841,0.810738,-0.000974737
1328,0.656227,0.780625,6.55659e-05
1329,0.668611,0.795019,-0.000145302
1330,0.665839,0.793672,-0.000457371
1331,0.668132,0.795638,-0.000548897
1332,0.672534,0.801168,-0.0014754
1333,0.670767,0.799913,0.000332582
1334,0.690444,0.815513,-0.000288394
1335,0.711185,0.828308,-0.0014376
1336,0.707733,0.826857,-9.93732e-05
1337,0.665036,0.795117,-0.000729973
1338,0.694778,0.817288,0.000724645
1339,0.667831,0.795347,-0.000657319
1340,0.646106,0.77399,-0.00176268
1341,0.664308,0.792197,-0.00331949
1342,0.664308,0.792197,-0.00331949
1343,0.649486,0.778883,0.000240174
1344,0.641654,0.773706,0.000968626
1345,0.616838,0.74807,0.00187834
1346,0.616838,0.74807,0.00187834
1347,0.628772,0.757416,0.00386492
1348,0.628772,0.757416,0.00386492
1349,0.628772,0.757416,0.00386492
1350,0.595799,0.734941,0.000208111
1351,0.610818,0.746129,0.000971255
1352,0.649874,0.77946,3.3701e-05
1353,0.640495,0.774988,-0.000467909
1354,0.640495,0.774988,-0.000467909
1355,0.641803,0.767311,-0.00166597
1356,0.642778,0.770698,-0.00168515
1357,0.652484,0.779508,-0.000376423
1358,0.642278,0.772124,-3.00479e-05
1359,0.642278,0.772124,-3.00479e-05
1360,0.642278,0.772124,-3.00479e-05
1361,0.619054,0.742311,-0.00047145
1362,0.619054,0.742311,-0.00047145
1363,0.641794,0.774386,0.000815327
1364,0.641794,0.774386,0.000815327
1365,0.595616,0.727023,0.0011031
1366,0.599333,0.726251,-0.00144082
1367,0.622343,0.755061,-0.000177652
1368,0.626699,0.757898,-0.000174203
1369,0.626699,0.757898,-0.000174203
1370,0.613896,0.739876,-0.0001149
1371,0.613896,0.739876,-0.0001149
1372,0.620441,0.742611,-0.000399626
1373,0.624639,0.743634,0.00159172
1374,0.661314,0.774172,0.000619419
1375,0.665381,0.779687,-0.000149042
1376,0.689863,0.804522,6.06807e-05
1377,0.689863,0.804522,6.06807e-05
1378,0.72915,0.837465,-0.000252806
1379,0.747184,0.851192,-0.000115472
1380,0.747184,0.851192,-0.000115472
1381,0.72366,0.833558,3.39527e-05
1382,0.72366,0.833558,3.39527e-05
1383,0.72366,0.833558,3.39527e-05
1384,0.720215,0.833652,-0.000915006
1385,0.720215,0.833652,-0.000915006
1386,0.681521,0.790349,-0.0016356
1387,0.680449,0.792431,0.00129175
1388,0.665924,0.782145,0.00163216
1389,0.676951,0.794491,-0.000415368
1390,0.64677,0.76356,-8.79696e-05
1391,0.652249,0.763537,-0.00206041
1392,0.639266,0.762674,0.00193343
1393,0.639266,0.762674,0.00193343
1394,0.631033,0.75714,0.00181094
1395,0.631569,0.755098,0.00107902
1396,0.631569,0.755098,0.00107902
1397,0.636403,0.760399,0.000728004
1398,0.615765,0.742386,0.000335506
1399,0.587596,0.715822,-0.000294231
1400,0.622273,0.753232,0.00117813
1401,0.59984,0.729401,0.000110202
1402,0.59984,0.729401,0.000110202
1403,0.59984,0.729401,0.000110202
1404,0.657989,0.787022,-0.000137909
1405,0.634471,0.766858,0.00101482
1406,0.634471,0.766858,0.00101482
1407,0.621358,0.749391,0.00115578
1408,0.608858,0.73904,-0.000800097
1409,0.590302,0.722958,-0.00038766
1410,0.608769,0.740905,0.00112018
1411,0.621686,0.755088,-0.000146101
1412,0.619352,0.7533,-0.00164002
1413,0.619352,0.7533,-0.00164002
1414,0.59518,0.721037,0.000973103
1415,0.59518,0.721037,0.000973103
1416,0.640145,0.76336,0.000715906
1417,0.645982,0.776357,7.09085e-05
1418,0.651298,0.77715,0.000288886
1419,0.643871,0.77626,-0.00077042
1420,0.633527,0.760105,-0.00238349
1421,0.640386,0.769061,0.00154786
1422,0.62371,0.750787,-0.00146944
1423,0.62071,0.733486,-0.00251424
1424,0.62071,0.733486,-0.00251424
1425,0.601297,0.722354,-0.000243373
1426,0.601297,0.722354,-0.000243373
1427,0.588247,0.712944,-0.00294421
1428,0.558261,0.681813,-0.00125201
1429,0.562071,0.689984,0.00351099
1430,0.552998,0.682533,8.93849e-05
1431,0.520192,0.644716,0.00161182
1432,0.515028,0.660763,-0.00238246
1433,0.515028,0.660763,-0.00238246
1434,0.515028,0.660763,-0.00238246
1435,0.538577,0.655784,-0.00116478
1436,0.519379,0.664391,0.000446263
1437,0.563842,0.705546,0.00225022
1438,0.563842,0.705546,0.00225022
1439,0.563842,0.705546,0.00225022
1440,0.590677,0.73521,0.000647028
1441,0.527357,0.67286,0.000704409
1442,0.574789,0.712262,0.00181972
1443,0.574789,0.712262,0.00181972
1444,0.547485,0.673398,-0.000557352
1445,0.549212,0.68316,-0.00110356
1446,0.549212,0.68316,-0.00110356
1447,0.549212,0.68316,-0.00110356
1448,0.586766,0.717047,0.000398192
1449,0.586766,0.717047,0.000398192
1450,0.586766,0.717047,0.000398192
1451,0.579936,0.71066,-0.0018616
1452,0.579936,0.71066,-0.0018616
1453,0.597326,0.728735,-0.000629136
1454,0.584325,0.719135,-0.000765625
1455,0.589462,0.729079,0.00184684
1456,0.590333,0.728189,0.000505913
1457,0.582308,0.722688,9.54619e-05
1458,0.541989,0.664307,0.00131203
1459,0.542175,0.661523,-0.000539952
1460,0.532522,0.667013,-0.00216468
1461,0.515115,0.621202,-0.000718254
1462,0.55364,0.684361,-6.41358e-05
1463,0.55364,0.684361,-6.41358e-05
1464,0.586617,0.724899,-1.99818e-05
1465,0.573701,0.699301,0.0018143
1466,0.604968,0.735742,-0.000905323
1467,0.63834,0.768238,-0.000290946
1468,0.63834,0.768238,-0.000290946
1469,0.642375,0.775226,0.000961517
1470,0.642375,0.775226,0.000961517
1471,0.624232,0.761827,-2.70785e-06
1472,0.620271,0.758338,0.000538037
1473,0.614424,0.744755,-0.00131218
1474,0.614424,0.744755,-0.00131218
1475,0.605269,0.740986,0.00112277
1476,0.594593,0.732888,0.00106827
1477,0.60329,0.739345,-0.000196888
1478,0.60329,0.739345,-0.000196888
1479,0.578089,0.716024,0.00271885
1480,0.62439,0.762036,0.00110216
1481,0.62439,0.762036,0.00110216
1482,0.62439,0.762036,0.00110216
1483,0.594126,0.726952,-0.000370827
1484,0.639262,0.766056,0.00153279
1485,0.639262,0.766056,0.00153279
1486,0.618579,0.742255,0.00072606
1487,0.621049,0.7411,-0.000332661
1488,0.620456,0.741319,0.000167592
1489,0.62734,0.747063,0.00112069
1490,0.62734,0.747063,0.00112069
1491,0.631684,0.750979,-0.00168393
1492,0.644927,0.772302,0.000339155
1493,0.645028,0.77149,0.00331384
1494,0.664948,0.790033,-0.00067712
1495,0.664948,0.790033,-0.00067712
1496,0.664948,0.790033,-0.00067712
1497,0.628807,0.747606,4.07072e-05
1498,0.629436,0.762155,0.000500839
1499,0.591427,0.721794,-0.000865986
1500,0.61926,0.750648,-0.000558667
1501,0.611823,0.745722,0.000564038
1502,0.637081,0.759421,-0.000859228
1503,0.599088,0.725449,2.50897e-05
1504,0.599088,0.725449,2.50897e-05
1505,0.580459,0.712972,0.00177069
1506,0.591407,0.726816,-0.000252821
1507,0.593075,0.721081,0.000317715
1508,0.593075,0.721081,0.000317715
1509,0.601293,0.727463,-1.80084e-05
1510,0.620223,0.748539,0.000571896
1511,0.618615,0.750951,0.000105707
1512,0.618615,0.750951,0.000105707
1513,0.618615,0.750951,0.000105707
1514,0.610203,0.748414,-0.000442331
1515,0.648108,0.776437,0.000837971
1516,0.657522,0.783931,-0.000717639
1517,0.664255,0.78791,-0.00120208
1518,0.660224,0.787106,0.0012725
1519,0.660224,0.787106,0.0012725
1520,0.649577,0.773387,0.0010725
1521,0.631196,0.753945,0.00144751
1522,0.610852,0.731682,0.00082949
1523,0.610852,0.731682,0.00082949
1524,0.58968,0.708269,0.000270332
1525,0.597113,0.72717,0.000732482
1526,0.613247,0.744352,-0.00141547
1527,0.613247,0.744352,-0.00141547
1528,0.593303,0.715894,-0.00050333
1529,0.606085,0.732777,0.000667247
1530,0.606085,0.732777,0.000667247
1531,0.606085,0.732777,0.000667247
1532,0.606085,0.732777,0.000667247
1533,0.619295,0.746452,0.000458505
1534,0.590688,0.721233,-0.000359511
1535,0.556701,0.69248,0.0016061
1536,0.554929,0.67812,0.00042914
1537,0.583656,0.714899,0.00123788
1538,0.584679,0.721905,-0.000759893
1539,0.584679,0.721905,-0.000759893
1540,0.584679,0.721905,-0.000759893
1541,0.581724,0.722546,0.000196173
1542,0.581724,0.722546,0.000196173
1543,0.564124,0.694039,-0.00131488
1544,0.561959,0.681423,-0.00251313
1545,0.561959,0.681423,-0.00251313
1546,0.572295,0.692748,0.000345738
1547,0.561974,0.692694,0.000966545
1548,0.530265,0.6633,9.57374e-05
1549,0.530265,0.6633,9.57374e-05
1550,0.547241,0.687139,-0.00338605
1551,0.547241,0.687139,-0.00338605
1552,0.552786,0.695838,-0.00253043
1553,0.53857,0.680968,0.00166983
1554,0.557423,0.699267,0.000798493
1555,0.586755,0.717818,-0.00196573
1556,0.585653,0.727317,-4.76825e-05
1557,0.538035,0.68264,-0.00153018
1558,0.538035,0.68264,-0.00153018
1559,0.563577,0.705983,-0.00193568
1560,0.53916,0.674646,0.00288332
1561,0.549939,0.681513,0.0012851
1562,0.593511,0.722556,0.00180822
1563,0.593511,0.722556,0.00180822
1564,0.593511,0.722556,0.00180822
1565,0.635191,0.769881,-0.00113784
1566,0.623856,0.757312,0.00185063
1567,0.607588,0.741188,-0.00117589
1568,0.607588,0.741188,-0.00117589
1569,0.627052,0.753208,-0.00168653
1570,0.656948,0.779725,0.0001803
1571,0.656948,0.779725,0.0001803
1572,0.668929,0.793357,8.50348e-05
1573,0.668929,0.793357,8.50348e-05
1574,0.668929,0.793357,8.50348e-05
1575,0.668929,0.793357,8.50348e-05
1576,0.668929,0.793357,8.50348e-05
1577,0.668929,0.793357,8.50348e-05
1578,0.668929,0.793357,8.50348e-05
1579,0.668929,0.793357,8.50348e-05
1580,0.625302,0.756812,-0.000447636
1581,0.623428,0.752127,0.00152675
1582,0.602798,0.726432,-0.000307122
1583,0.613623,0.747176,-0.000548914
1584,0.613623,0.747176,-0.000548914
1585,0.613623,0.747176,-0.000548914
1586,0.613948,0.746358,0.00198245
1587,0.613948,0.746358,0.00198245
1588,0.603139,0.740119,0.000155379
1589,0.623931,0.762196,0.000618741
1590,0.608021,0.743439,0.00154584
1591,0.608021,0.743439,0.00154584
1592,0.62707,0.758016,-0.00082288
1593,0.62707,0.758016,-0.00082288
1594,0.62707,0.758016,-0.00082288
1595,0.637248,0.775056,0.000289139
1596,0.648418,0.784919,0.000202293
1597,0.673094,0.801201,0.000161435
1598,0.640148,0.767085,0.00020629
1599,0.587532,0.732869,0.00014974
1600,0.604303,0.745444,-0.000783965
1601,0.559846,0.698907,-0.00255274
1602,0.559846,0.698907,-0.00255274
1603,0.559557,0.707268,0.00103848
1604,0.559557,0.707268,0.00103848
1605,0.561525,0.701933,0.000606523
1606,0.539691,0.690749,-0.000126319
1607,0.539691,0.690749,-0.000126319
1608,0.56364,0.71273,0.00140741
1609,0.56364,0.71273,0.00140741
1610,0.56364,0.71273,0.00140741
1611,0.54862,0.679902,-0.000704445
1612,0.54862,0.679902,-0.000704445
1613,0.526399,0.665234,-0.00197697
1614,0.57185,0.709773,-0.000108014
1615,0.57185,0.709773,-0.000108014
1616,0.57185,0.709773,-0.000108014
1617,0.523936,0.650545,-0.000223957
1618,0.519876,0.65673,-0.00171164
1619,0.519876,0.65673,-0.00171164
1620,0.519876,0.65673,-0.00171164
1621,0.522339,0.624264,0.00320455
1622,0.51403,0.626979,-0.000131036
1623,0.523767,0.661987,0.000167206
1624,0.520334,0.663113,-0.000393886
1625,0.534042,0.67617,0.00305168
1626,0.525045,0.6554,0.00138879
1627,0.571427,0.71099,-0.00136325
1628,0.571427,0.71099,-0.00136325
1629,0.597523,0.730499,-0.0006995
1630,0.597523,0.730499,-0.0006995
1631,0.597523,0.730499,-0.0006995
1632,0.602664,0.733394,-0.0019184
1633,0.592309,0.728693,-0.000504807
1634,0.575754,0.703417,0.00147911
1635,0.595252,0.720749,0.00245389
1636,0.604001,0.731548,0.000397927
1637,0.604001,0.731548,0.000397927
1638,0.604457,0.722196,0.000178416
1639,0.604457,0.722196,0.000178416
1640,0.606728,0.733902,0.0015707
1641,0.588061,0.721999,0.000372174
1642,0.619431,0.739919,0.000594687
1643,0.634925,0.760572,0.00118723
1644,0.634925,0.760572,0.00118723
1645,0.610677,0.73855,0.00135334
1646,0.597239,0.728953,-0.000770064
1647,0.597239,0.728953,-0.000770064
1648,0.623078,0.742748,-0.00262826
1649,0.635563,0.755318,0.00225779
1650,0.618364,0.751801,-0.00152845
1651,0.62761,0.761941,-0.00116349
1652,0.62761,0.761941,-0.00116349
1653,0.62761,0.761941,-0.00116349
1654,0.604653,0.739894,-0.00132405
1655,0.589917,0.719944,0.000217505
1656,0.589917,0.719944,0.000217505
1657,0.601379,0.727389,0.000550093
1658,0.579677,0.706052,-0.000458741
1659,0.58592,0.718808,0.00181995
1660,0.58592,0.718808,0.00181995
1661,0.600895,0.734484,-0.000166286
1662,0.602387,0.726103,-0.000184233
1663,0.625054,0.751264,-0.000263185
1664,0.596533,0.72625,0.00121818
1665,0.596533,0.72625,0.00121818
1666,0.580086,0.708882,-0.00103316
1667,0.549773,0.669237,-0.00123735
1668,0.549773,0.669237,-0.00123735
1669,0.549773,0.669237,-0.00123735
1670,0.544153,0.672721,0.001758
1671,0.544153,0.672721,0.001758
1672,0.544153,0.672721,0.001758
1673,0.544153,0.672721,0.001758
1674,0.544153,0.672721,0.001758
1675,0.521528,0.651012,7.0793e-05
1676,0.521528,0.651012,7.0793e-05
1677,0.521528,0.651012,7.0793e-05
1678,0.521528,0.651012,7.0793e-05
1679,0.553969,0.68121,-0.00133141
1680,0.531493,0.659152,-0.000132105
1681,0.537578,0.671825,0.000835774
1682,0.537578,0.671825,0.000835774
1683,0.535608,0.672455,0.00030509
1684,0.555579,0.683189,-0.000813636
1685,0.545788,0.688574,-0.0011922
1686,0.549227,0.672205,0.00309339
1687,0.5644,0.708147,-0.00148128
1688,0.5644,0.708147,-0.00148128
1689,0.5644,0.708147,-0.00148128
1690,0.55149,0.685865,-0.00146448
1691,0.55149,0.685865,-0.00146448
1692,0.543389,0.689614,-0.000926244
1693,0.54547,0.691973,-0.000272974
1694,0.54547,0.691973,-0.000272974
1695,0.558877,0.702975,0.00152486
1696,0.558877,0.702975,0.00152486
1697,0.538931,0.683436,5.57283e-05
1698,0.539866,0.680095,-0.00135189
1699,0.557603,0.68315,0.00108695
1700,0.558175,0.680752,0.000484702
1701,0.563443,0.683185,0.000288207
1702,0.56595,0.683462,0.00225894
1703,0.553534,0.636136,0.00016648
1704,0.577744,0.705293,-0.000110184
1705,0.551519,0.671931,0.00231246
1706,0.506802,0.620611,0.00175626
1707,0.518318,0.651071,0.00201881
1708,0.518318,0.651071,0.00201881
1709,0.48804,0.601707,-0.00163351
1710,0.508618,0.620279,0.000199001
1711,0.520843,0.642065,-0.000141191
1712,0.549156,0.675575,-0.00155002
1713,0.531147,0.603349,-0.00234363
1714,0.519831,0.609382,-0.00456118
1715,0.519831,0.609382,-0.00456118
1716,0.531968,0.628678,-0.00157492
1717,0.51601,0.611714,0.000199714
1718,0.523774,0.619081,-0.000359048
1719,0.523774,0.619081,-0.000359048
1720,0.523774,0.619081,-0.000359048
1721,0.521938,0.628566,-0.00110316
1722,0.507493,0.614468,0.00125935
1723,0.548437,0.66434,0.00209006
1724,0.548437,0.66434,0.00209006
1725,0.552278,0.637536,0.00189187
1726,0.537937,0.649237,0.00079821
1727,0.531657,0.644224,0.000654045
1728,0.525304,0.618076,0.00121399
1729,0.542981,0.655261,0.000140684
1730,0.50899,0.596875,-0.00115508
1731,0.505904,0.615577,0.000513837
1732,0.474586,0.56724,-0.000640644
1733,0.470258,0.558172,0.00159485
1734,0.475508,0.522074,0.000404081
1735,0.483602,0.548819,0.00317807
1736,0.483602,0.548819,0.00317807
1737,0.475025,0.546138,-0.00137367
1738,0.475025,0.546138,-0.00137367
1739,0.475025,0.546138,-0.00137367
1740,0.490188,0.519818,-0.00244923
1741,0.528564,0.506894,-0.00340962
1742,0.506174,0.481339,-0.00138928
1743,0.492565,0.515495,-0.000669146
1744,0.519348,0.501813,-0.00267984
1745,0.519348,0.501813,-0.00267984
1746,0.530104,0.442537,-0.000594083
1747,0.509941,0.474427,0.000188349
1748,0.509941,0.474427,0.000188349
1749,0.522112,0.464905,0.0032976
1750,0.532306,0.516999,-0.00073726
1751,0.494439,0.49843,-0.003795
1752,0.511289,0.522315,0.00179713
1753,0.515191,0.579143,-0.00216302
1754,0.520976,0.60962,-0.0012174
1755,0.525573,0.613878,3.65952e-05
1756,0.516806,0.610763,0.00129415
1757,0.538135,0.661511,-4.85759e-06
1758,0.514072,0.636882,-0.00298654
1759,0.520096,0.637319,-0.00164536
1760,0.520096,0.637319,-0.00164536
1761,0.51999,0.642997,-0.00255539
1762,0.544718,0.672691,-0.00123582
1763,0.517428,0.627649,0.000225923
1764,0.531824,0.664493,0.000326858
1765,0.531824,0.664493,0.000326858
1766,0.51298,0.627275,-0.000533526
1767,0.517145,0.618274,-0.00217953
1768,0.517145,0.618274,-0.00217953
1769,0.517145,0.618274,-0.00217953
1770,0.519899,0.634628,0.00019073
1771,0.51813,0.619482,0.00247163
1772,0.51813,0.619482,0.00247163
1773,0.522465,0.623451,-0.00101131
1774,0.543186,0.665416,-0.000254038
1775,0.527814,0.66707,0.00139308
1776,0.527814,0.66707,0.00139308
1777,0.570286,0.709429,-0.00197467
1778,0.600504,0.742245,-0.000396487
1779,0.57991,0.722593,0.00011479
1780,0.605128,0.748014,-0.000884866
1781,0.605128,0.748014,-0.000884866
1782,0.59199,0.73691,0.000395635
1783,0.577011,0.73174,-0.00048203
1784,0.577011,0.73174,-0.00048203
1785,0.587111,0.737375,0.00120988
1786,0.602979,0.744921,0.000855434
1787,0.562675,0.690206,0.00100007
1788,0.573563,0.679775,-0.000208266
1789,0.530468,0.646507,-0.00305254
1790,0.543283,0.679492,-0.000481173
1791,0.541928,0.675607,-1.36905e-05
1792,0.551503,0.679816,0.000220815
1793,0.557584,0.6854,0.00101834
1794,0.543324,0.672916,0.00266886
1795,0.555784,0.693494,-0.00069185
1796,0.515793,0.639595,-0.000564761
1797,0.515793,0.639595,-0.000564761
1798,0.490769,0.578295,0.000921772
1799,0.511805,0.6458,0.00117262
1800,0.488254,0.619967,0.000924246
1801,0.505271,0.633763,0.000107905
1802,0.4626,0.586545,-0.000875364
1803,0.456267,0.542584,0.000104286
1804,0.485685,0.57468,-0.000691767
1805,0.485685,0.57468,-0.000691767
1806,0.485685,0.57468,-0.000691767
1807,0.485685,0.57468,-0.000691767
1808,0.482016,0.566084,-0.00168995
1809,0.466231,0.542301,-0.000529044
1810,0.441794,0.546197,-0.000295239
1811,0.460553,0.515866,-5.59308e-05
1812,0.460553,0.515866,-5.59308e-05
1813,0.456996,0.483945,0.000292897
1814,0.46194,0.51061,-0.00102249
1815,0.455198,0.498359,0.00366917
1816,0.466451,0.515251,0.00218795
1817,0.466451,0.515251,0.00218795
1818,0.454907,0.520542,0.000653939
1819,0.454907,0.520542,0.000653939
1820,0.499914,0.587406,-0.00117553
1821,0.47396,0.541769,-0.000456985
1822,0.495838,0.562722,0.000345804
1823,0.495838,0.562722,0.000345804
1824,0.469224,0.569374,0.00164785
1825,0.476216,0.583108,-0.00113797
1826,0.476216,0.583108,-0.00113797
1827,0.472222,0.539141,-0.00255667
1828,0.483084,0.583727,4.19332e-05
1829,0.474373,0.571293,0.00217631
1830,0.466162,0.532628,0.000700405
1831,0.466162,0.532628,0.000700405
1832,0.466162,0.532628,0.000700405
1833,0.466162,0.532628,0.000700405
1834,0.478386,0.558856,-0.00131295
1835,0.499937,0.607088,0.00174786
1836,0.492605,0.562429,-0.00090174
1837,0.49966,0.58827,0.00101983
1838,0.49966,0.58827,0.00101983
1839,0.512813,0.595817,-0.00366516
1840,0.530275,0.617813,-0.00266618
1841,0.525394,0.609749,0.00174975
1842,0.533919,0.645353,-0.000571499
1843,0.533919,0.645353,-0.000571499
1844,0.5026,0.580839,-0.00217077
1845,0.5026,0.580839,-0.00217077
1846,0.508874,0.604991,-0.00234028
1847,0.503995,0.587136,0.000636343
1848,0.503995,0.587136,0.000636343
1849,0.507398,0.61422,0.000124694
1850,0.502796,0.603483,-0.000136167
1851,0.502796,0.603483,-0.000136168
1852,0.502796,0.603483,-0.000136168
1853,0.512729,0.628425,-0.000744115
1854,0.512729,0.628425,-0.000744115
1855,0.512729,0.628425,-0.000744115
1856,0.492642,0.579625,3.445e-05
1857,0.525898,0.656105,0.00262503
1858,0.505743,0.626709,-0.000397777
1859,0.515587,0.636035,9.48674e-06
1860,0.529553,0.656203,0.00219064
1861,0.529553,0.656203,0.00219064
1862,0.529553,0.656203,0.00219064
1863,0.515339,0.63451,-0.00134994
1864,0.515339,0.63451,-0.00134994
1865,0.505133,0.60972,-0.000756301
1866,0.490112,0.591568,0.0019994
1867,0.474305,0.581662,0.00195736
1868,0.474305,0.581662,0.00195736
1869,0.478152,0.605443,0.000541513
1870,0.478152,0.605443,0.000541513
1871,0.507641,0.64575,-0.000276835
1872,0.507641,0.64575,-0.000276835
1873,0.515581,0.660897,3.3819e-05
1874,0.515581,0.660897,3.3819e-05
1875,0.515581,0.660897,3.3819e-05
1876,0.515581,0.660897,3.3819e-05
1877,0.515581,0.660897,3.3819e-05
1878,0.515581,0.660897,3.3819e-05
1879,0.515581,0.660897,3.3819e-05
1880,0.504562,0.629532,-0.00211753
1881,0.46979,0.614577,0.00126018
1882,0.51088,0.647713,0.000672398
1883,0.51088,0.647713,0.000672398
1884,0.546953,0.685629,-0.000562645
1885,0.517663,0.651185,0.000574482
1886,0.522572,0.640434,-0.000193748
1887,0.522572,0.640434,-0.000193748
1888,0.493845,0.622705,-0.0021295
1889,0.521495,0.647294,-0.00283727
1890,0.487636,0.600442,-0.00116424
1891,0.487636,0.600442,-0.00116424
1892,0.49025,0.59282,0.00343831
1893,0.49025,0.59282,0.00343831
1894,0.4829,0.575246,-0.00222873
1895,0.479144,0.594986,0.000552086
1896,0.491322,0.602197,0.00076798
1897,0.491322,0.602197,0.00076798
1898,0.491195,0.587132,-0.00191298
1899,0.511385,0.627931,0.00128521
1900,0.535837,0.671053,-0.000604918
1901,0.535837,0.671053,-0.000604918
1902,0.532922,0.66968,-0.00299766
1903,0.555479,0.674854,0.00175203
1904,0.55295,0.690287,0.000525341
1905,0.55295,0.690287,0.000525341
1906,0.55295,0.690287,0.000525341
1907,0.573177,0.70724,0.000703538
1908,0.547388,0.67372,-0.0022088
1909,0.585527,0.724426,-0.00102923
1910,0.568197,0.705248,0.00113432
1911,0.578994,0.702936,-0.00142386
1912,0.610839,0.741985,-0.00159009
1913,0.580394,0.708011,-0.000210933
1914,0.570354,0.683062,0.000707885
1915,0.553844,0.676494,-0.00095564
1916,0.554466,0.68849,0.0010322
1917,0.554466,0.68849,0.0010322
1918,0.552048,0.688751,0.00114438
1919,0.552048,0.688751,0.00114438
1920,0.566532,0.698493,-0.00303856
1921,0.569585,0.695864,-0.000308399
1922,0.584628,0.719145,0.00125417
1923,0.584628,0.719145,0.00125417
1924,0.584628,0.719145,0.00125417
1925,0.584628,0.719145,0.00125417
1926,0.584628,0.719145,0.00125417
1927,0.584628,0.719145,0.00125417
1928,0.585634,0.717706,0.00100572
1929,0.573509,0.701806,0.000724415
1930,0.576341,0.702498,0.0014369
1931,0.585673,0.706683,-0.00258854
1932,0.589482,0.710966,0.000550397
1933,0.595963,0.724294,-0.0001424
1934,0.58178,0.705209,-0.000939533
1935,0.602234,0.73002,0.00171305
1936,0.595934,0.719214,0.000789191
1937,0.583582,0.711485,0.00173932
1938,0.638799,0.762407,0.0011178
1939,0.638799,0.762407,0.0011178
1940,0.610633,0.730096,-0.00236709
1941,0.610633,0.730096,-0.00236709
1942,0.610633,0.730096,-0.00236709
1943,0.64929,0.776234,0.000688729
1944,0.60733,0.740055,0.00144322
1945,0.60146,0.736335,-0.000830388
1946,0.625582,0.757411,-0.000793092
1947,0.625582,0.757411,-0.000793092
1948,0.625582,0.757411,-0.000793092
1949,0.662593,0.790728,0.00154362
1950,0.663055,0.790185,0.00102058
1951,0.658441,0.783907,0.000684343
1952,0.640014,0.77323,0.00123259
1953,0.640014,0.77323,0.00123259
1954,0.640014,0.77323,0.00123259
1955,0.640014,0.77323,0.00123259
1956,0.659098,0.787989,-0.000794373
1957,0.659098,0.787989,-0.000794373
1958,0.613613,0.752461,-0.002838
1959,0.625269,0.761074,0.00022683
1960,0.64798,0.779212,0.000930356
1961,0.628307,0.754643,-0.000179385
1962,0.708092,0.823009,-0.00183846
1963,0.68495,0.805029,-0.00065115
1964,0.679072,0.801257,-0.000568446
1965,0.679072,0.801257,-0.000568446
1966,0.726472,0.838037,-0.00112503
1967,0.716837,0.828184,0.000128747
1968,0.716837,0.828184,0.000128747
1969,0.731689,0.838635,-0.000358276
1970,0.723928,0.834699,-0.000513667
1971,0.735555,0.844916,-0.00115214
1972,0.72015,0.832537,-0.00105738
1973,0.72015,0.832537,-0.00105738
1974,0.690558,0.810046,-0.000820122
1975,0.690558,0.810046,-0.000820122
1976,0.690558,0.810046,-0.000820122
1977,0.690558,0.810046,-0.000820122
1978,0.690558,0.810046,-0.000820122
1979,0.721092,0.835961,7.74601e-05
1980,0.721092,0.835961,7.74601e-05
1981,0.721092,0.835961,7.746e-05
1982,0.720582,0.832349,-0.000476795
1983,0.720582,0.832349,-0.000476795
1984,0.731541,0.841303,0.00025704
1985,0.70556,0.821744,0.000465953
1986,0.70556,0.821744,0.000465953
1987,0.714078,0.826838,0.00094236
1988,0.714078,0.826838,0.00094236
1989,0.744594,0.851017,-0.000505757
1990,0.744594,0.851017,-0.000505757
1991,0.744594,0.851017,-0.000505757
1992,0.709546,0.825462,-0.000993383
1993,0.709546,0.825462,-0.000993383
1994,0.709546,0.825462,-0.000993383
1995,0.706981,0.822602,0.000233891
1996,0.706981,0.822602,0.000233891
1997,0.654796,0.782267,0.00103265
1998,0.663229,0.790403,0.00105211
1999,0.663229,0.790403,0.00105211
2000,0.654589,0.785299,0.000460931
2001,0.654589,0.785299,0.000460931
2002,0.684525,0.808196,0.0015602
2003,0.684525,0.808196,0.0015602
2004,0.684525,0.808196,0.0015602
2005,0.684525,0.808196,0.0015602
2006,0.699406,0.818589,-0.000471272
2007,0.699406,0.818589,-0.000471272
2008,0.699406,0.818589,-0.000471272
2009,0.697451,0.816879,0.00024328
2010,0.704014,0.820108,-0.000553485
2011,0.693947,0.815134,-0.000207721
2012,0.693947,0.815134,-0.000207721
2013,0.73898,0.846036,-0.000735423
2014,0.73898,0.846036,-0.000735423
2015,0.73898,0.846036,-0.000735423
2016,0.707155,0.82404,0.000543192
2017,0.72082,0.833813,-0.00115726
2018,0.701828,0.820159,0.000507399
2019,0.689282,0.812541,0.000392379
2020,0.697905,0.819369,-0.00115233
2021,0.689077,0.810086,0.000113021
2022,0.689077,0.810086,0.000113021
2023,0.689077,0.810086,0.000113021
2024,0.699214,0.817931,0.0001536
2025,0.699214,0.817931,0.0001536
2026,0.710077,0.824578,-0.000525962
2027,0.717567,0.831306,-0.000505673
2028,0.673042,0.795311,-0.00133962
2029,0.661979,0.786979,-0.000826047
2030,0.634796,0.76557,-0.000104133
2031,0.623639,0.743853,0.00163839
2032,0.619981,0.744049,-0.000829123
2033,0.619981,0.744049,-0.000829123
2034,0.6368,0.763117,0.000596906
2035,0.6368,0.763117,0.000596906
2036,0.636773,0.76122,-0.000202926
2037,0.605804,0.739657,0.000487577
2038,0.605804,0.739657,0.000487577
2039,0.587597,0.728005,0.000593014
2040,0.578718,0.719494,-0.00012111
2041,0.551639,0.692021,-0.00259074
2042,0.543974,0.67122,-0.00154063
2043,0.531861,0.645906,0.000307015
2044,0.523513,0.612755,0.00234297
2045,0.522133,0.632504,0.000211216
2046,0.552698,0.664453,-0.00251102
2047,0.552698,0.664453,-0.00251102
2048,0.551604,0.662029,0.000561839
2049,0.586593,0.710548,-0.000196847
2050,0.635231,0.760262,-0.00068456
2051,0.640788,0.761256,-0.000416419
2052,0.617937,0.736138,-0.000864136
2053,0.630973,0.750803,0.00174517
2054,0.630973,0.750803,0.00174517
2055,0.597791,0.727202,-0.00104882
2056,0.597791,0.727202,-0.00104882
2057,0.585534,0.690818,-0.000533107
2058,0.608403,0.720134,-0.000214735
2059,0.608403,0.720134,-0.000214735
2060,0.596498,0.714717,0.00141472
2061,0.596498,0.714717,0.00141472
2062,0.608058,0.716401,-0.00148404
2063,0.627365,0.711832,0.00226877
2064,0.596814,0.673576,0.000643605
2065,0.575146,0.693853,6.49003e-06
2066,0.576902,0.702032,0.00272183
2067,0.588617,0.716352,-0.000458929
2068,0.571977,0.699425,0.00211309
2069,0.571279,0.705469,0.000173679
2070,0.553945,0.686257,0.00158781
2071,0.553945,0.686257,0.00158781
2072,0.553945,0.686257,0.00158781
2073,0.553945,0.686257,0.00158781
2074,0.490255,0.608984,0.000350666
2075,0.522789,0.643655,0.00127693
2076,0.519127,0.652282,0.00284204
2077,0.519127,0.652282,0.00284204
2078,0.519127,0.652282,0.00284204
2079,0.528295,0.662163,0.000932982
2080,0.524282,0.659529,0.00130175
2081,0.513117,0.631379,-0.000288705
2082,0.509595,0.637555,-0.000695943
2083,0.508935,0.638996,-0.00048581
2084,0.508935,0.638996,-0.00048581
2085,0.508476,0.634814,-0.00221921
2086,0.529303,0.673917,-0.000897216
2087,0.529303,0.673917,-0.000897216
2088,0.571897,0.711329,0.000382752
2089,0.565698,0.690732,-0.000911979
2090,0.58752,0.721227,-0.000550845
2091,0.58752,0.721227,-0.000550845
2092,0.600639,0.732069,-0.00141778
2093,0.628492,0.755568,0.000106558
2094,0.628492,0.755568,0.000106558
2095,0.598228,0.724165,-0.000751618
2096,0.654512,0.779628,-0.000896439
2097,0.654512,0.779628,-0.000896439
2098,0.654512,0.779628,-0.000896439
2099,0.654512,0.779628,-0.000896439
2100,0.630953,0.757755,-0.000538955
2101,0.613688,0.735258,-0.000839063
2102,0.616437,0.744659,-0.00119643
2103,0.616437,0.744659,-0.00119643
2104,0.598011,0.728018,-0.00208251
2105,0.594886,0.71596,0.000316691
2106,0.604254,0.733053,-0.00231238
2107,0.601326,0.73057,-0.00136913
2108,0.598904,0.731778,0.00104688
2109,0.587511,0.718228,-0.00155112
2110,0.593692,0.72089,0.000410526
2111,0.593692,0.72089,0.000410526
2112,0.593692,0.72089,0.000410526
2113,0.627682,0.750195,0.000962341
2114,0.6184,0.739507,-0.000459568
2115,0.6184,0.739507,-0.000459568
2116,0.6184,0.739507,-0.000459568
2117,0.6184,0.739507,-0.000459568
2118,0.6184,0.739507,-0.000459568
2119,0.629114,0.759508,-0.000974226
2120,0.629114,0.759508,-0.000974226
2121,0.629114,0.759508,-0.000974226
2122,0.611088,0.740263,0.00113228
2123,0.635004,0.754914,-0.00152362
2124,0.635004,0.754914,-0.00152362
2125,0.635004,0.754914,-0.00152362
2126,0.623069,0.750892,0.0012297
2127,0.653941,0.778378,0.00185669
2128,0.605928,0.733155,0.00111608
2129,0.605928,0.733155,0.00111608
2130,0.605928,0.733155,0.00111608
2131,0.605928,0.733155,0.00111608
2132,0.605928,0.733155,0.00111608
2133,0.654978,0.779604,0.000753298
2134,0.644854,0.774606,-0.000239607
2135,0.635352,0.769197,4.84697e-06
2136,0.635963,0.771786,0.000176673
2137,0.646496,0.776129,0.000867591
2138,0.646496,0.776129,0.000867591
2139,0.658561,0.779456,0.000775397
2140,0.658561,0.779456,0.000775397
2141,0.658561,0.779456,0.000775397
2142,0.650516,0.779105,-0.000303333
2143,0.640615,0.766498,0.000302288
2144,0.641248,0.76564,-0.000432511
2145,0.601653,0.737092,7.23912e-05
2146,0.576708,0.715514,-0.000362203
2147,0.600977,0.735986,-0.00156363
2148,0.607751,0.734449,0.00110566
2149,0.628439,0.756062,-0.0014756
2150,0.610288,0.739124,0.000299847
2151,0.578116,0.708172,0.000224341
2152,0.582498,0.716446,-0.00023244
2153,0.622249,0.744087,3.76829e-05
2154,0.630453,0.760049,-0.000302079
2155,0.6608,0.788262,9.49812e-05
2156,0.6608,0.788262,9.49812e-05
2157,0.668216,0.78818,0.00181826
2158,0.705901,0.817357,-0.000269034
2159,0.705901,0.817357,-0.000269034
2160,0.705901,0.817357,-0.000269034
2161,0.678122,0.800607,0.000803831
2162,0.651302,0.777019,-0.000683279
2163,0.688129,0.805824,-0.000103136
2164,0.715053,0.826333,0.000834292
2165,0.715053,0.826333,0.000834292
2166,0.715053,0.826333,0.000834292
2167,0.69831,0.813354,0.00096996
2168,0.703442,0.816895,0.000429944
2169,0.733937,0.841628,0.00163253
2170,0.702859,0.819178,0.000115445
2171,0.718704,0.831578,-0.00039408
2172,0.718704,0.831578,-0.00039408
2173,0.708478,0.825458,-0.000306706
2174,0.705097,0.819245,0.00144235
2175,0.705097,0.819245,0.00144235
2176,0.672618,0.798994,0.000915579
2177,0.662924,0.79519,0.00030656
2178,0.662924,0.79519,0.00030656
2179,0.668994,0.797578,0.00122129
2180,0.673287,0.802105,0.000885689
2181,0.673287,0.802105,0.000885689
2182,0.660699,0.791078,-0.00129314
2183,0.660699,0.791078,-0.00129314
2184,0.681834,0.806313,-9.39168e-05
2185,0.669777,0.791818,-0.000308147
2186,0.669777,0.791818,-0.000308147
2187,0.670892,0.797149,-0.000326803
2188,0.693303,0.810789,0.000989712
2189,0.695735,0.812888,-0.000456457
2190,0.680565,0.799518,-0.00218148
2191,0.70498,0.821354,-0.000176712
2192,0.70498,0.821354,-0.000176712
2193,0.7035,0.817774,-0.0002476
2194,0.700287,0.817325,0.00172089
2195,0.728369,0.835637,-0.00152857
2196,0.714145,0.824377,-0.000122193
2197,0.708761,0.813987,-0.00111601
2198,0.708761,0.813987,-0.00111601
2199,0.708761,0.813987,-0.00111601
2200,0.708761,0.813987,-0.00111601
2201,0.708761,0.813987,-0.00111601
2202,0.662943,0.781973,-0.000570327
2203,0.673136,0.792673,-0.00135535
2204,0.674902,0.792453,-0.00128225
2205,0.674902,0.792453,-0.00128225
2206,0.674902,0.792453,-0.00128225
2207,0.675913,0.796643,-9.72393e-05
2208,0.704274,0.816755,-0.000872755
2209,0.704274,0.816755,-0.000872755
2210,0.666733,0.784446,-0.00144583
2211,0.666733,0.784446,-0.00144583
2212,0.682227,0.799784,-0.000132787
2213,0.664244,0.780285,8.55973e-05
2214,0.677248,0.796792,0.000437158
2215,0.677248,0.796792,0.000437158
2216,0.677668,0.794492,0.000550127
2217,0.685814,0.802271,0.00110506
2218,0.697378,0.808925,0.00099449
2219,0.683899,0.798156,0.000527877
2220,0.684012,0.799598,0.000443075
2221,0.677349,0.797164,0.00011308
2222,0.677349,0.797164,0.00011308
2223,0.673087,0.795084,0.00136256
2224,0.673087,0.795084,0.00136256
2225,0.673087,0.795084,0.00136256
2226,0.673087,0.795084,0.00136256
2227,0.661841,0.782986,0.000231608
2228,0.681006,0.796636,0.000210005
2229,0.688598,0.802559,-0.00108968
2230,0.688598,0.802559,-0.00108968
2231,0.688598,0.802559,-0.00108968
2232,0.721742,0.833364,0.000771957
2233,0.721742,0.833364,0.000771957
2234,0.721742,0.833364,0.000771957
2235,0.721742,0.833364,0.000771957
2236,0.721742,0.833364,0.000771957
2237,0.690864,0.807723,-0.000698575
2238,0.716933,0.825102,-0.000732849
2239,0.716933,0.825102,-0.000732849
2240,0.697219,0.813815,-0.000723598
2241,0.697219,0.813815,-0.000723598
2242,0.671424,0.791823,-0.000291883
2243,0.657542,0.77947,-0.00154459
2244,0.654923,0.771074,0.000696057
2245,0.654923,0.771074,0.000696057
2246,0.654923,0.771074,0.000696057
2247,0.654923,0.771074,0.000696057
2248,0.668779,0.784727,-8.44052e-05
2249,0.695901,0.807437,0.000495864
2250,0.674119,0.788543,0.00020258
2251,0.669894,0.782942,0.000442121
2252,0.675022,0.780627,0.00103252
2253,0.675022,0.780627,0.00103252
2254,0.665703,0.780503,-0.000220649
2255,0.652398,0.767564,-0.000260986
2256,0.640633,0.756425,-0.00130424
2257,0.640633,0.756425,-0.00130424
2258,0.651555,0.774045,0.000877725
2259,0.613435,0.733189,0.0028467
2260,0.613435,0.733189,0.0028467
2261,0.613435,0.733189,0.0028467
2262,0.613435,0.733189,0.0028467
2263,0.625296,0.747216,-0.00035677
2264,0.602279,0.730415,-0.00186096
2265,0.601143,0.732352,-0.000298954
2266,0.601143,0.732352,-0.000298954
2267,0.601143,0.732352,-0.000298954
2268,0.601143,0.732352,-0.000298954
2269,0.601143,0.732352,-0.000298954
2270,0.601143,0.732352,-0.000298954
2271,0.605602,0.739801,-0.00118918
2272,0.620106,0.735781,-0.000838917
2273,0.620106,0.735781,-0.000838917
2274,0.61378,0.739162,0.000925479
2275,0.61378,0.739162,0.000925479
2276,0.60592,0.724706,-0.000530257
2277,0.62772,0.745493,-0.000336089
2278,0.62772,0.745493,-0.000336089
2279,0.608046,0.725466,-0.00168019
2280,0.605329,0.731214,0.00221688
2281,0.59343,0.717651,-0.00102293
2282,0.6141,0.743228,0.0011116
2283,0.6141,0.743228,0.0011116
2284,0.618698,0.745502,-0.00193564
2285,0.618698,0.745502,-0.00193564
2286,0.604691,0.739554,-0.000340204
2287,0.600685,0.724438,0.00122734
2288,0.574372,0.700995,0.00115288
2289,0.580792,0.711162,-0.00123677
2290,0.621715,0.748934,-0.00111623
2291,0.627336,0.756354,0.00108956
2292,0.65082,0.777734,-0.000120484
2293,0.65082,0.777734,-0.000120484
2294,0.65082,0.777734,-0.000120484
2295,0.625157,0.74987,0.000500416
2296,0.613798,0.735879,0.00021789
2297,0.613798,0.735879,0.00021789
2298,0.613798,0.735879,0.00021789
2299,0.599611,0.726591,-0.000498228
2300,0.599609,0.722423,-0.00149437
2301,0.599609,0.722423,-0.00149437
2302,0.570776,0.699973,-0.00245962
2303,0.570776,0.699973,-0.00245962
2304,0.608972,0.749231,0.00099851
2305,0.604089,0.742809,0.00126986
2306,0.604089,0.742809,0.00126986
2307,0.604089,0.742809,0.00126986
2308,0.604089,0.742809,0.00126986
2309,0.64555,0.778008,-0.000411188
2310,0.651537,0.780155,-5.14994e-05
2311,0.644524,0.770573,0.000945315
2312,0.59554,0.725729,-0.00273392
2313,0.592998,0.721419,0.00131463
2314,0.592998,0.721419,0.00131463
2315,0.592998,0.721419,0.00131463
2316,0.592998,0.721419,0.00131463
2317,0.592998,0.721419,0.00131463
2318,0.568945,0.709643,-0.00134756
2319,0.568582,0.700267,-0.000605031
2320,0.608137,0.738271,-0.000360533
2321,0.601241,0.739171,0.000748804
2322,0.596149,0.73162,0.000835697
2323,0.611295,0.741935,0.000397484
2324,0.611295,0.741935,0.000397484
2325,0.611295,0.741935,0.000397484
2326,0.594199,0.7316,-0.000993716
2327,0.594199,0.7316,-0.000993716
2328,0.594199,0.7316,-0.000993716
2329,0.59269,0.732389,0.000526169
2330,0.584251,0.717498,0.000327328
2331,0.584251,0.717498,0.000327328
2332,0.5748,0.706658,-0.000418642
2333,0.532082,0.669978,0.000934818
2334,0.51256,0.62665,-0.000669905
2335,0.538854,0.652554,0.00159189
2336,0.538854,0.652554,0.00159189
2337,0.548045,0.628118,-0.00294601
2338,0.510608,0.602534,0.000518459
2339,0.528337,0.62524,0.000205587
2340,0.528337,0.62524,0.000205587
2341,0.51981,0.598424,-0.00103211
2342,0.524098,0.639542,-0.00294232
2343,0.524098,0.639542,-0.00294232
2344,0.501158,0.593219,-0.00087941
2345,0.512028,0.568772,0.00273917
2346,0.50593,0.588254,-3.45426e-07
2347,0.503846,0.591548,0.00285312
2348,0.524645,0.630511,-0.000488857
2349,0.519677,0.614833,-0.00096053
2350,0.547245,0.609566,-0.000948406
2351,0.549413,0.653082,0.000567237
2352,0.549413,0.653082,0.000567237
2353,0.534639,0.642912,0.00323035
2354,0.534034,0.63607,-0.00120515
2355,0.522559,0.652946,-0.000557065
2356,0.539863,0.672993,0.00181056
2357,0.539863,0.672993,0.00181056
2358,0.537292,0.677833,0.000828551
2359,0.606987,0.742138,-0.00118465
2360,0.573833,0.704435,-0.000873558
2361,0.575197,0.713879,0.000553689
2362,0.546042,0.683319,0.00116897
2363,0.546042,0.683319,0.00116897
2364,0.555777,0.68787,0.00062129
2365,0.54775,0.686405,-0.00197998
2366,0.536435,0.660647,-0.00238668
2367,0.533066,0.658951,0.00110153
2368,0.533066,0.658951,0.00110153
2369,0.495361,0.593167,-0.0014065
2370,0.506227,0.60937,0.000206456
2371,0.513963,0.628156,-0.00196826
2372,0.554517,0.676474,0.000626812
2373,0.566559,0.696203,0.00136608
2374,0.566559,0.696203,0.00136608
2375,0.544337,0.679798,-0.00198892
2376,0.544337,0.679798,-0.00198892
2377,0.542423,0.679768,-0.00243734
2378,0.54071,0.677873,-0.00117598
2379,0.537828,0.677806,-0.00227699
2380,0.553696,0.677459,0.000107021
2381,0.553696,0.677459,0.000107021
2382,0.573011,0.710144,-0.000683826
2383,0.602033,0.742816,2.32736e-05
2384,0.602033,0.742816,2.32736e-05
2385,0.602033,0.742816,2.32736e-05
2386,0.573061,0.708218,0.00140859
2387,0.610598,0.750725,0.00153332
2388,0.561688,0.696311,-0.000656996
2389,0.572957,0.702872,0.0016432
2390,0.572957,0.702872,0.0016432
2391,0.577847,0.710829,-0.000722196
2392,0.544729,0.688127,-0.000252566
2393,0.51543,0.647392,-0.00192308
2394,0.597313,0.736894,-0.00117752
2395,0.582808,0.722936,-0.00105467
2396,0.578782,0.719736,0.000720092
2397,0.578782,0.719736,0.000720092
2398,0.578782,0.719736,0.000720092
2399,0.598099,0.736417,0.000733085
2400,0.587965,0.724044,-0.00150554
2401,0.587965,0.724044,-0.00150554
2402,0.587965,0.724044,-0.00150554
2403,0.58154,0.712173,0.000694001
2404,0.590428,0.721592,-0.000545752
2405,0.590428,0.721592,-0.000545752
2406,0.577821,0.703661,6.96819e-05
2407,0.60459,0.729994,0.00251762
2408,0.60459,0.729994,0.00251762
2409,0.569994,0.703493,-0.00123864
2410,0.553585,0.696625,8.43691e-05
2411,0.553585,0.696625,8.43692e-05
2412,0.553585,0.696625,8.43692e-05
2413,0.565036,0.694204,-0.000590143
2414,0.570573,0.705958,0.00121496
2415,0.575304,0.703024,0.00096041
2416,0.577122,0.688879,-0.00116988
2417,0.578347,0.715718,-8.89251e-05
2418,0.578347,0.715718,-8.89251e-05
2419,0.558636,0.686537,-0.00297224
2420,0.558636,0.686537,-0.00297224
2421,0.588752,0.731319,-0.000962277
2422,0.588752,0.731319,-0.000962277
2423,0.588752,0.731319,-0.000962277
2424,0.583393,0.723207,0.00203838
2425,0.604642,0.741632,0.001392
2426,0.592163,0.72969,0.000745276
2427,0.592163,0.72969,0.000745276
2428,0.592163,0.72969,0.000745276
2429,0.592163,0.72969,0.000745276
2430,0.615184,0.749322,-0.000828464
2431,0.630795,0.76636,-0.000511288
2432,0.651637,0.782408,0.000226345
2433,0.651637,0.782408,0.000226345
2434,0.63097,0.766107,-0.000695735
2435,0.618442,0.739174,-0.000312814
2436,0.618442,0.739174,-0.000312814
2437,0.625382,0.741958,0.000105727
2438,0.619868,0.721483,-0.00245203
2439,0.614955,0.735095,-0.00154647
2440,0.614955,0.735095,-0.00154647
2441,0.622306,0.753384,-0.00104768
2442,0.622306,0.753384,-0.00104768
2443,0.640622,0.760469,-0.000562118
2444,0.638131,0.768397,-0.000614811
2445,0.616066,0.745476,0.00129214
2446,0.598116,0.719399,0.000858112
2447,0.591597,0.719044,-0.000364105
2448,0.602768,0.725869,-0.000583631
2449,0.601721,0.721837,0.000360721
2450,0.635802,0.758059,0.000275271
2451,0.635802,0.758059,0.000275271
2452,0.630813,0.757455,-0.00043599
2453,0.630813,0.757455,-0.00043599
2454,0.67,0.786001,-0.000859751
2455,0.695275,0.81324,-0.0011343
2456,0.678808,0.794462,0.00158652
2457,0.692514,0.807434,-0.000970467
2458,0.700491,0.817869,-0.000532024
2459,0.726765,0.837762,0.000410686
2460,0.726765,0.837762,0.000410686
2461,0.703781,0.821805,0.00130167
2462,0.701524,0.818341,-0.000252609
2463,0.69887,0.819355,0.00144287
2464,0.724618,0.837672,-0.00057932
2465,0.724618,0.837672,-0.00057932
2466,0.713362,0.825701,0.00153677
2467,0.715115,0.82661,0.000227325
2468,0.715115,0.82661,0.000227325
2469,0.715115,0.82661,0.000227325
2470,0.729167,0.838382,0.000679502
2471,0.729167,0.838382,0.000679502
2472,0.734465,0.84043,0.000676721
2473,0.736617,0.841919,0.000277349
2474,0.727027,0.835007,0.00037673
2475,0.744818,0.845716,0.000291973
2476,0.744818,0.845716,0.000291973
2477,0.76324,0.863352,-0.000224555
2478,0.730422,0.837385,0.00113936
2479,0.730422,0.837385,0.00113936
2480,0.722409,0.834321,-0.000134897
2481,0.714623,0.825614,0.00109922
2482,0.714623,0.825614,0.00109922
2483,0.697692,0.81527,0.000243077
2484,0.69545,0.81387,-0.00118896
2485,0.678812,0.799728,-0.000949547
2486,0.685623,0.80101,0.000833431
2487,0.685623,0.80101,0.000833431
2488,0.648026,0.773142,0.00121333
2489,0.648026,0.773142,0.00121333
2490,0.648026,0.773142,0.00121333
2491,0.648026,0.773142,0.00121333
2492,0.657778,0.777244,0.0011031
2493,0.657778,0.777244,0.0011031
2494,0.657778,0.777244,0.0011031
2495,0.657778,0.777244,0.0011031
2496,0.657778,0.777244,0.0011031
2497,0.64456,0.77205,-0.000690619
2498,0.64456,0.77205,-0.000690619
2499,0.649691,0.780744,-7.42169e-05
2500,0.661599,0.786662,0.00118903
2501,0.661599,0.786662,0.00118903
2502,0.686689,0.805867,0.000757212
2503,0.686689,0.805867,0.000757212
2504,0.686689,0.805867,0.000757212
2505,0.678431,0.799431,0.000383811
2506,0.667484,0.790132,0.000310331
2507,0.673742,0.795274,6.13626e-05
2508,0.673742,0.795274,6.13626e-05
2509,0.673742,0.795274,6.13626e-05
2510,0.673742,0.795274,6.13626e-05
2511,0.698926,0.818211,0.000948938
2512,0.67211,0.795796,0.00084703
2513,0.69491,0.81359,-0.00112436
2514,0.69491,0.81359,-0.00112436
2515,0.704751,0.817364,-0.00190563
2516,0.704751,0.817364,-0.00190563
2517,0.673315,0.795404,0.00197844
2518,0.680302,0.794702,-0.00108352
2519,0.681016,0.795423,0.0019619
2520,0.678396,0.78731,-0.000618552
2521,0.659168,0.768513,-0.00145178
2522,0.67823,0.785276,2.31656e-05
2523,0.662809,0.771095,-0.00145833
2524,0.669501,0.782067,-0.000991109
2525,0.669501,0.782067,-0.000991109
2526,0.669501,0.782067,-0.000991109
2527,0.669501,0.782067,-0.000991109
2528,0.677414,0.791868,-0.002425
2529,0.677414,0.791868,-0.002425
2530,0.693728,0.809205,0.000861384
2531,0.665588,0.783324,8.6825e-05
2532,0.665588,0.783324,8.6825e-05
2533,0.665588,0.783324,8.6825e-05
2534,0.665588,0.783324,8.6825e-05
2535,0.665588,0.783324,8.6825e-05
2536,0.665588,0.783324,8.6825e-05
2537,0.667279,0.783877,-0.000810961
2538,0.667279,0.783877,-0.000810961
2539,0.667279,0.783877,-0.000810961
2540,0.689362,0.806209,0.000675353
2541,0.689362,0.806209,0.000675353
2542,0.689362,0.806209,0.000675353
2543,0.689362,0.806209,0.000675353
2544,0.689362,0.806209,0.000675353
2545,0.689362,0.806209,0.000675353
2546,0.689362,0.806209,0.000675353
2547,0.684226,0.798001,-0.00101934
2548,0.679707,0.797353,-0.000155845
2549,0.66238,0.782243,-0.000951242
2550,0.666837,0.783722,-0.0010647
2551,0.639995,0.760404,-0.000777802
2552,0.638631,0.762234,-0.00102795
2553,0.633913,0.76332,-0.00126521
2554,0.60105,0.730468,0.000209667
2555,0.652955,0.774227,-0.000451406
2556,0.669734,0.793341,0.000153089
2557,0.669734,0.793341,0.000153089
2558,0.632452,0.761447,0.000957279
2559,0.606958,0.741541,-0.00181218
2560,0.619175,0.752255,0.00110426
2561,0.619175,0.752255,0.00110426
2562,0.645618,0.773445,-0.00155227
2563,0.645618,0.773445,-0.00155227
2564,0.637845,0.76559,0.000822541
2565,0.665195,0.792758,-0.000348048
2566,0.665195,0.792758,-0.000348048
2567,0.654825,0.780339,0.000157415
2568,0.658737,0.7836,-0.00205353
2569,0.645748,0.769097,0.00140754
2570,0.66995,0.792512,-0.000102706
2571,0.688757,0.804965,-0.00163889
2572,0.714925,0.825037,-0.000276241
2573,0.714925,0.825037,-0.000276241
2574,0.701842,0.813761,-0.000150437
2575,0.701842,0.813761,-0.000150437
2576,0.724168,0.8313,-0.000949718
2577,0.707293,0.810824,0.000425351
2578,0.707293,0.810824,0.000425351
2579,0.707293,0.810824,0.000425351
2580,0.707293,0.810824,0.000425351
2581,0.70229,0.81265,0.00081084
2582,0.70229,0.81265,0.00081084
2583,0.70229,0.81265,0.00081084
2584,0.70229,0.81265,0.00081084
2585,0.690949,0.80673,0.000129011
2586,0.690949,0.80673,0.000129011
2587,0.682848,0.799985,0.000585136
2588,0.682848,0.799985,0.000585136
2589,0.707731,0.821791,-0.00108682
2590,0.707731,0.821791,-0.00108682
2591,0.707731,0.821791,-0.00108682
2592,0.707731,0.821791,-0.00108682
2593,0.705931,0.820964,0.000163332
2594,0.707977,0.821713,-0.000141961
2595,0.707977,0.821713,-0.000141961
2596,0.707977,0.821713,-0.000141961
2597,0.707977,0.821713,-0.000141961
2598,0.696315,0.812181,-0.00168143
2599,0.67527,0.796882,5.12933e-05
2600,0.67527,0.796882,5.12933e-05
2601,0.680407,0.798263,-0.00143963
2602,0.685697,0.802855,-0.000692202
2603,0.685697,0.802855,-0.000692202
2604,0.700557,0.814698,-0.00133049
2605,0.639654,0.75819,-0.000681037
2606,0.653462,0.778068,3.05653e-05
2607,0.653462,0.778068,3.05653e-05
2608,0.669857,0.791475,-0.000950782
2609,0.643579,0.765677,1.26523e-06
2610,0.62171,0.74963,-0.00205783
2611,0.660367,0.78102,0.000452993
2612,0.686071,0.80261,4.53325e-05
2613,0.68734,0.800653,4.9699e-05
2614,0.663848,0.780989,-0.00106651
2615,0.698305,0.809951,-0.000834352
2616,0.715679,0.829702,-0.000655837
2617,0.715679,0.829702,-0.000655837
2618,0.70852,0.821489,-0.0010129
2619,0.690169,0.810808,2.05388e-05
2620,0.728848,0.837864,-0.000270919
2621,0.728848,0.837864,-0.00027092
2622,0.742858,0.84597,0.00136664
2623,0.742858,0.84597,0.00136664
2624,0.734397,0.841149,0.000775987
2625,0.712436,0.822383,0.00130851
2626,0.73839,0.843964,-0.00127684
2627,0.736374,0.841164,0.00030702
2628,0.736374,0.841164,0.00030702
2629,0.711587,0.822781,-0.00155247
2630,0.728331,0.83564,0.000335122
2631,0.735729,0.843365,4.48216e-05
2632,0.730975,0.842155,0.000372862
2633,0.734895,0.844505,0.000609067
2634,0.734895,0.844505,0.000609067
2635,0.734895,0.844505,0.000609067
2636,0.71683,0.830893,-0.000117098
2637,0.71683,0.830893,-0.000117098
2638,0.71683,0.830893,-0.000117098
2639,0.701818,0.822285,0.000466502
2640,0.701818,0.822285,0.000466502
2641,0.701818,0.822285,0.000466502
2642,0.701818,0.822285,0.000466502
2643,0.701818,0.822285,0.000466502
2644,0.711191,0.828366,1.65362e-05
2645,0.739079,0.846885,0.000334722
2646,0.76243,0.86366,0.000546039
2647,0.757761,0.859101,-0.00168229
2648,0.757761,0.859101,-0.00168229
2649,0.745706,0.851787,-0.00062087
2650,0.760492,0.862806,-0.000368958
2651,0.757757,0.862845,-0.000471301
2652,0.757757,0.862845,-0.000471301
2653,0.757757,0.862845,-0.000471301
2654,0.7157,0.832658,0.000725458
2655,0.7157,0.832658,0.000725458
2656,0.7157,0.832658,0.000725458
2657,0.689896,0.809695,0.00152103
2658,0.713597,0.826889,0.000397176
2659,0.713597,0.826889,0.000397176
2660,0.713597,0.826889,0.000397176
2661,0.713597,0.826889,0.000397176
2662,0.713597,0.826889,0.000397176
2663,0.713597,0.826889,0.000397176
2664,0.699306,0.81613,-0.00168179
2665,0.690461,0.811305,0.0011426
2666,0.690461,0.811305,0.0011426
2667,0.690461,0.811305,0.0011426
2668,0.689078,0.806106,0.000941115
2669,0.69718,0.812853,0.000440299
2670,0.708376,0.821402,0.000766116
2671,0.708376,0.821402,0.000766116
2672,0.711564,0.823439,0.000287344
2673,0.742045,0.845823,-0.000774671
2674,0.732129,0.837637,-0.00112952
2675,0.74724,0.850524,0.000113106
2676,0.763424,0.861409,0.000199023
2677,0.754839,0.855586,-0.000312499
2678,0.744078,0.850103,0.000569959
2679,0.744078,0.850103,0.000569959
2680,0.744078,0.850103,0.000569959
2681,0.742572,0.844287,0.00117036
2682,0.742572,0.844287,0.00117036
2683,0.730726,0.836553,-0.000388083
2684,0.730726,0.836553,-0.000388083
2685,0.745553,0.849282,-1.81824e-05
2686,0.759196,0.859398,0.00111986
2687,0.759196,0.859398,0.00111986
2688,0.759196,0.859398,0.00111986
2689,0.76416,0.863768,-0.000645456
2690,0.75368,0.853756,0.000978724
2691,0.743657,0.848156,-0.00109108
2692,0.734003,0.840236,0.00118336
2693,0.734003,0.840236,0.00118336
2694,0.734003,0.840236,0.00118336
2695,0.734003,0.840236,0.00118336
2696,0.734003,0.840236,0.00118336
2697,0.744482,0.848626,-1.17755e-05
2698,0.728375,0.832096,-2.66712e-05
2699,0.718124,0.828211,-0.00133616
2700,0.716346,0.822105,0.000943464
2701,0.723026,0.83095,0.000746103
2702,0.700676,0.813433,-0.0005493
2703,0.700676,0.813433,-0.0005493
2704,0.700606,0.812881,-0.000275307
2705,0.72005,0.831879,-0.00113137
2706,0.72005,0.831879,-0.00113137
2707,0.72005,0.831879,-0.00113137
2708,0.70446,0.816451,-0.00102669
2709,0.716171,0.829912,0.000821739
2710,0.677982,0.801079,-3.41953e-05
2711,0.677812,0.803002,-0.000758194
2712,0.661511,0.787933,-0.000663549
2713,0.661511,0.787933,-0.000663549
2714,0.661511,0.787933,-0.000663549
2715,0.655597,0.786344,-0.000307712
2716,0.655597,0.786344,-0.000307712
2717,0.676748,0.802272,-0.00155843
2718,0.676748,0.802272,-0.00155843
2719,0.676748,0.802272,-0.00155843
2720,0.676748,0.802272,-0.00155843
2721,0.658347,0.790615,0.00127286
2722,0.658347,0.790615,0.00127286
2723,0.658347,0.790615,0.00127286
2724,0.658724,0.786627,-0.00188692
2725,0.675853,0.80276,-0.00142277
2726,0.675853,0.80276,-0.00142277
2727,0.675853,0.80276,-0.00142277
2728,0.675853,0.80276,-0.00142277
2729,0.675853,0.80276,-0.00142277
2730,0.675853,0.80276,-0.00142277
2731,0.675853,0.80276,-0.00142277
2732,0.675853,0.80276,-0.00142277
2733,0.675853,0.80276,-0.00142277
2734,0.623873,0.758787,-0.00137037
2735,0.641017,0.773565,-0.000797207
2736,0.650937,0.783654,0.000498237
2737,0.650937,0.783654,0.000498237
2738,0.624569,0.760738,-0.00095923
2739,0.624697,0.755749,-4.12718e-05
2740,0.606865,0.730312,-0.000450362
2741,0.621169,0.749045,0.00113884
2742,0.590526,0.721801,-0.00053947
2743,0.578764,0.702798,-0.00148092
2744,0.608101,0.737536,0.000752429
2745,0.615703,0.736951,-0.000753698
2746,0.596177,0.726017,-0.000283033
2747,0.596177,0.726017,-0.000283033
2748,0.618488,0.744066,0.000461844
2749,0.610059,0.73081,0.00136395
2750,0.610059,0.73081,0.00136395
2751,0.603335,0.733796,0.00286108
2752,0.60387,0.730694,-0.000579826
2753,0.600763,0.716592,0.0017444
2754,0.586123,0.70918,-0.00175498
2755,0.586123,0.70918,-0.00175498
2756,0.586123,0.70918,-0.00175498
2757,0.589883,0.687141,-0.00121073
2758,0.57746,0.68677,-7.82972e-05
2759,0.57746,0.68677,-7.82972e-05
2760,0.578146,0.685738,-0.000911021
2761,0.57591,0.675199,0.00331218
2762,0.535986,0.661171,-0.00168008
2763,0.535986,0.661171,-0.00168008
2764,0.519111,0.649687,0.000229862
2765,0.543198,0.673445,-0.000826906
2766,0.553943,0.68799,-0.000585651
2767,0.569281,0.710045,-0.000940168
2768,0.600403,0.732688,-0.00206581
2769,0.610873,0.74125,0.00120441
2770,0.639686,0.772452,0.000264566
2771,0.639686,0.772452,0.000264566
2772,0.639686,0.772452,0.000264566
2773,0.606551,0.743618,0.000436636
2774,0.606551,0.743618,0.000436636
2775,0.606551,0.743618,0.000436636
2776,0.642785,0.780611,0.00102683
2777,0.601242,0.744691,0.00165352
2778,0.601242,0.744691,0.00165352
2779,0.601242,0.744691,0.00165352
2780,0.617963,0.758694,2.74645e-05
2781,0.617963,0.758694,2.74644e-05
2782,0.605461,0.737653,-0.000767329
2783,0.575593,0.711818,-0.00160369
2784,0.613874,0.751508,0.00129613
2785,0.582457,0.726406,0.000877984
2786,0.582457,0.726406,0.000877984
2787,0.582457,0.726406,0.000877984
2788,0.569287,0.713621,-6.68663e-05
2789,0.569287,0.713621,-6.68663e-05
2790,0.569287,0.713621,-6.68663e-05
2791,0.569287,0.713621,-6.68664e-05
2792,0.569287,0.713621,-6.68664e-05
2793,0.582932,0.724004,0.000746831
2794,0.581929,0.725145,-0.000471586
2795,0.595945,0.730669,0.00101189
2796,0.580262,0.723839,0.000356432
2797,0.586734,0.724426,-0.000906524
2798,0.591826,0.733335,-0.00172556
2799,0.596095,0.733045,0.000360051
2800,0.618127,0.756291,-0.0023451
2801,0.618127,0.756291,-0.0023451
2802,0.618127,0.756291,-0.0023451
2803,0.636079,0.77536,0.00119384
2804,0.636079,0.77536,0.00119384
2805,0.619501,0.752867,-0.00170512
2806,0.602448,0.732857,-0.00127326
2807,0.60744,0.741847,0.000633418
2808,0.618962,0.760205,-0.00196965
2809,0.618962,0.760205,-0.00196965
2810,0.631569,0.768831,0.000294137
2811,0.64065,0.778304,0.000806323
2812,0.617497,0.757713,6.81406e-05
2813,0.651397,0.784643,-0.000593022
2814,0.624965,0.763278,0.000356786
2815,0.638468,0.77369,-0.000830061
2816,0.629313,0.76694,0.000591819
2817,0.629313,0.76694,0.000591819
2818,0.618909,0.756089,-0.00100703
2819,0.618909,0.756089,-0.00100703
2820,0.63065,0.766367,-0.000413757
2821,0.59589,0.734492,0.000519236
2822,0.608726,0.738342,0.000710418
2823,0.648109,0.774726,0.000108671
2824,0.643148,0.772262,-0.00129149
2825,0.643148,0.772262,-0.00129149
2826,0.594751,0.731525,0.00149709
2827,0.610052,0.74184,-0.00111669
2828,0.635281,0.756486,0.000184715
2829,0.641201,0.771955,-8.7847e-06
2830,0.643393,0.770248,-0.000451179
2831,0.633934,0.765688,-0.0011025
2832,0.63559,0.760089,0.000169419
2833,0.648695,0.777431,0.000363369
2834,0.654938,0.786306,0.00142017
2835,0.644002,0.770704,-0.00160886
2836,0.657296,0.784657,0.000748421
2837,0.657296,0.784657,0.000748421
2838,0.658732,0.785724,-0.000317116
2839,0.656569,0.779812,-0.000125335
2840,0.646648,0.762896,-0.000764669
2841,0.649318,0.775422,0.000698523
2842,0.651663,0.773935,-0.00134962
2843,0.651663,0.773935,-0.00134962
2844,0.651663,0.773935,-0.00134962
2845,0.651663,0.773935,-0.00134962
2846,0.665373,0.785176,-0.000704515
2847,0.640535,0.771222,-0.00129461
2848,0.664618,0.792949,-0.0011471
2849,0.664618,0.792949,-0.0011471
2850,0.63964,0.76968,0.000654556
2851,0.672331,0.797054,0.000289763
2852,0.668205,0.790068,-0.00102763
2853,0.670082,0.793607,-0.000674084
2854,0.670082,0.793607,-0.000674084
2855,0.692904,0.811684,-4.50802e-05
2856,0.723809,0.837738,0.000547356
2857,0.736555,0.84199,0.000241607
2858,0.736555,0.84199,0.000241607
2859,0.687563,0.805766,-0.000413172
2860,0.671273,0.792671,-0.00105419
2861,0.660041,0.781198,-0.00118637
2862,0.654062,0.778866,0.00133241
2863,0.642479,0.769336,0.000181968
2864,0.603569,0.74252,0.000581425
2865,0.603569,0.74252,0.000581425
2866,0.603569,0.74252,0.000581425
2867,0.603569,0.74252,0.000581425
2868,0.632003,0.767522,-0.000885518
2869,0.586532,0.722882,-0.000430748
2870,0.586532,0.722882,-0.000430748
2871,0.625453,0.760659,-0.000976101
2872,0.625453,0.760659,-0.000976101
2873,0.620354,0.757454,0.000467686
2874,0.620354,0.757454,0.000467686
2875,0.620354,0.757454,0.000467686
2876,0.620354,0.757454,0.000467686
2877,0.600964,0.737805,0.000672447
2878,0.600964,0.737805,0.000672447
2879,0.596728,0.740371,0.000152884
2880,0.607096,0.749481,-9.51969e-05
2881,0.594361,0.733238,-0.00023832
2882,0.594361,0.733238,-0.00023832
2883,0.575937,0.714483,0.00179956
2884,0.597846,0.734731,0.00226046
2885,0.572501,0.698483,0.000623488
2886,0.572501,0.698483,0.000623488
2887,0.551518,0.694715,-0.000782398
2888,0.54847,0.690647,0.00196191
2889,0.504384,0.629678,0.00143331
2890,0.502012,0.633555,-5.92333e-05
2891,0.537913,0.678836,0.00146811
2892,0.515206,0.635834,-0.00395836
2893,0.52714,0.671827,0.000399636
2894,0.533605,0.666743,-0.000940414
2895,0.526889,0.653801,0.00122886
2896,0.545288,0.677624,-0.00037939
2897,0.540201,0.68425,0.000110769
2898,0.540201,0.68425,0.000110769
2899,0.50395,0.643484,-0.000746158
2900,0.50395,0.643484,-0.000746158
2901,0.556973,0.699059,0.00182086
2902,0.531299,0.677082,0.00099298
2903,0.538241,0.676339,0.00105982
2904,0.540111,0.679887,0.00087535
2905,0.540111,0.679887,0.00087535
2906,0.531292,0.65632,0.00082591
2907,0.529403,0.664802,0.00112803
2908,0.525159,0.646076,-0.000569133
2909,0.528227,0.654882,-0.0010097
2910,0.525318,0.645581,-0.000656349
2911,0.510086,0.632073,0.00067193
2912,0.559077,0.706075,-0.00107816
2913,0.578864,0.712727,-0.00140479
2914,0.578864,0.712727,-0.00140479
2915,0.578864,0.712727,-0.00140479
2916,0.578864,0.712727,-0.00140479
2917,0.593026,0.726956,0.000158662
2918,0.582594,0.717454,-5.23719e-05
2919,0.581387,0.711435,0.000891935
2920,0.576987,0.697671,-0.000734175
2921,0.580105,0.695865,-0.00121253
2922,0.581496,0.707819,0.00122919
2923,0.581496,0.707819,0.00122919
2924,0.581496,0.707819,0.00122919
2925,0.604276,0.730391,-0.00108027
2926,0.585087,0.707559,0.000682834
2927,0.560719,0.682436,-0.00158834
2928,0.578364,0.712224,0.00204024
2929,0.577714,0.718282,-0.00209528
2930,0.577714,0.718282,-0.00209528
2931,0.577714,0.718282,-0.00209528
2932,0.577714,0.718282,-0.00209528
2933,0.577714,0.718282,-0.00209528
2934,0.540266,0.670887,-0.000733615
2935,0.521137,0.662588,-0.00457359
2936,0.521137,0.662588,-0.00457359
2937,0.535034,0.686763,-0.00149437
2938,0.542459,0.686123,-0.00330989
2939,0.556482,0.690689,0.00021261
2940,0.584433,0.721387,0.000357984
2941,0.585395,0.720807,-0.00151337
2942,0.585395,0.720807,-0.00151337
2943,0.597504,0.729546,0.000263274
2944,0.597504,0.729546,0.000263274
2945,0.595362,0.723609,0.000242832
2946,0.595362,0.723609,0.000242832
2947,0.604091,0.741915,-0.00172744
2948,0.592094,0.726647,-0.000424545
2949,0.631485,0.759304,-0.00195915
2950,0.64667,0.771814,0.00117373
2951,0.64667,0.771814,0.00117373
2952,0.64667,0.771814,0.00117373
2953,0.64667,0.771814,0.00117373
2954,0.648083,0.771813,0.00123354
2955,0.673253,0.794484,0.00172733
2956,0.681588,0.799065,-0.00114263
2957,0.67048,0.792183,0.00160561
2958,0.653665,0.78028,-0.000230974
2959,0.672432,0.796356,0.00125063
2960,0.674289,0.799905,0.000292766
2961,0.674289,0.799905,0.000292766
2962,0.672651,0.798987,-0.000349178
2963,0.654832,0.782809,-0.00140046
2964,0.661885,0.791663,8.15506e-05
2965,0.648198,0.777972,0.00136487
2966,0.646938,0.780017,-0.000515099
2967,0.632365,0.762669,0.000482253
2968,0.665396,0.792316,-0.00165265
2969,0.685013,0.806689,0.00297423
2970,0.694358,0.813786,0.00132971
2971,0.695737,0.817222,0.000458496
2972,0.688184,0.810141,0.000105454
2973,0.667653,0.79475,0.00156564
2974,0.680808,0.801888,0.000520514
2975,0.689057,0.809781,-0.000228679
2976,0.693052,0.813984,-0.000130759
2977,0.701315,0.816721,0.000520852
2978,0.701315,0.816721,0.000520852
2979,0.706425,0.823945,0.00159253
2980,0.706425,0.823945,0.00159253
2981,0.684586,0.80503,0.000831667
2982,0.684586,0.80503,0.000831667
2983,0.662699,0.787687,0.00159312
2984,0.662699,0.787687,0.00159312
2985,0.662699,0.787687,0.00159312
2986,0.647666,0.774952,0.00081806
2987,0.651456,0.78206,0.000939596
2988,0.656786,0.782051,-0.000575845
2989,0.656786,0.782051,-0.000575845
2990,0.656786,0.782051,-0.000575845
2991,0.656786,0.782051,-0.000575844
2992,0.653908,0.780119,-0.000339266
2993,0.678188,0.797861,0.00127397
2994,0.678188,0.797861,0.00127397
2995,0.685811,0.804482,0.000248105
2996,0.665717,0.790216,-0.00158933
2997,0.692358,0.811641,0.00053878
2998,0.683218,0.799195,0.0012228
2999,0.733877,0.842221,0.00130878
3000,0.701526,0.815215,7.18034e-05
