MDTU,abs_delta_S
1,8.208
2,0.6409
3,0.425
4,0.8881
5,0.5517
6,1.345
7,1.605
8,0.9002
9,2.627
10,0.5606
11,0.03826
12,0.726
13,0.0954
14,1.5
15,0.1649
16,0.8092
17,1.014
18,0.58
19,0.7314
20,0.3121
21,0.3994
22,1.005
23,0.5389
24,0.9352
25,0.6883
26,1.823
27,1.482
28,0.1664
29,1.251
30,0.5693
31,1.415
32,2.021
33,0.6466
34,1.538
35,1.445
36,2.008
37,1.19
38,0.7192
39,1.478
40,1.925
41,1.044
42,0.9228
43,0.9764
44,2.023
45,0.03979
46,0.1235
47,0.1951
48,0.2639
49,0.1795
50,0.5795
51,0.916
52,0.9751
53,1.622
54,0.355
55,1.464
56,1.011
57,0.1226
58,1.093
59,0.8342
60,0.7834
61,1.613
62,1.246
63,0.4374
64,0.5807
65,0.5205
66,0.7099
67,0.1667
68,0.801
69,0.3814
70,0.5952
71,1.016
72,0.1497
73,0.6087
74,0.3279
75,0.5518
76,2.384
77,0.1775
78,1.02
79,0.3277
80,1.236
81,0.6946
82,0.1652
83,0.6738
84,1.121
85,0.3116
86,0.5339
87,1.06
88,0.2326
89,0.4191
90,0.0169
91,1.677
92,0.1029
93,0.4303
94,0.9564
95,0.1549
96,0.7445
97,0.4625
98,0.7532
99,0.1576
100,0.8214
101,0.01147
102,0.4622
103,1.014
104,0.4647
105,0.479
106,0.5857
107,1.635
108,0.9158
109,0.176
110,0.09978
111,0.7845
112,0.8314
113,1.3
114,0.7722
115,1.26
116,0.419
117,1.692
118,1.022
119,1.372
120,0.06457
121,0.2299
122,0.644
123,0.2571
124,1.409
125,0.361
126,0.03733
127,0.3344
128,0.2198
129,1.775
130,0.8512
131,1.087
132,1.294
133,1.159
134,0.162
135,0.4774
136,1.238
137,0.3391
138,2.165
139,0.6819
140,1.071
141,0.383
142,1.052
143,0.49
144,0.5346
145,0.8891
146,1.343
147,1.272
148,0.8135
149,0.1757
150,0.416
151,0.767
152,1.044
153,0.06777
154,0.1524
155,0.04384
156,0.04962
157,1.11
158,0.003746
159,0.5358
160,1.64
161,0.925
162,0.8146
163,0.2451
164,0.7276
165,0.3482
166,1.334
167,1.317
168,0.01159
169,0.4927
170,0.157
171,0.9472
172,0.242
173,1.117
174,0.5724
175,2.203
176,2.174
177,0.378
178,0.7347
179,1.002
180,0.4644
181,0.5239
182,0.9206
183,0.2064
184,1.261
185,0.9064
186,0.8466
187,1.308
188,0.1221
189,0.5942
190,0.06564
191,0.3515
192,1.289
193,0.872
194,0.8247
195,0.3947
196,0.3182
197,0.5827
198,0.6585
199,0.7281
200,0.05535
201,1.632
202,0.01951
203,0.4877
204,1.165
205,0.4782
206,0.8157
207,0.9601
208,0.9433
209,0.6776
210,0.3374
211,1.962
212,1.184
213,0.6167
214,1.374
215,0.7588
216,0.6129
217,1.186
218,1.074
219,0.004897
220,0.3024
221,0.8555
222,0.7166
223,0.6856
224,1.735
225,1.201
226,0.4826
227,0.3636
228,0.7943
229,1.327
230,0.3016
231,0.08437
232,0.5062
233,0.5452
234,0.5949
235,0.9977
236,0.3959
237,1.382
238,0.8334
239,1.629
240,0.7253
241,0.03176
242,0.466
243,0.477
244,0.1857
245,0.5692
246,0.6993
247,0.1212
248,0.5547
249,0.5348
250,0.4606
251,0.2861
252,0.07721
253,0.09474
254,0.1821
255,0.5972
256,0.05628
257,0.4978
258,1.286
259,0.353
260,1.131
261,1.012
262,0.739
263,0.3666
264,0.7316
265,1.395
266,1.878
267,0.322
268,0.3934
269,0.04416
270,0.2139
271,0.3678
272,1.346
273,0.6743
274,0.07657
275,0.2158
276,0.1615
277,0.3105
278,0.1586
279,0.8089
280,0.05051
281,0.5613
282,0.2165
283,0.636
284,2.236
285,0.9083
286,0.085
287,2.205
288,0.8986
289,1.661
290,1.31
291,0.528
292,1.165
293,0.6925
294,0.8939
295,0.6051
296,0.1567
297,0.5831
298,1.199
299,0.501
300,0.01865
301,0.3935
302,0.1997
303,0.6846
304,0.2053
305,1.834
306,0.1059
307,0.8211
308,0.2049
309,0.0647
310,1.305
311,0.04332
312,0.1245
313,0.6201
314,0.5386
315,0.4094
316,1.135
317,0.927
318,0.5041
319,0.004714
320,0.916
321,0.7883
322,0.1744
323,0.9682
324,0.3662
325,0.3756
326,1.036
327,0.4682
328,0.8241
329,0.8727
330,0.7019
331,0.02721
332,0.2901
333,0.3191
334,0.03351
335,0.6485
336,0.7083
337,0.0827
338,0.8302
339,0.4003
340,0.4875
341,0.9561
342,1.313
343,0.5222
344,0.05215
345,0.9947
346,0.6897
347,0.3223
348,0.00702
349,0.3869
350,1.061
351,0.5176
352,0.6223
353,0.6754
354,1.161
355,1.192
356,0.5342
357,0.3397
358,0.1482
359,0.1374
360,0.06582
361,0.8532
362,0.222
363,0.6351
364,0.943
365,0.3361
366,1.484
367,0.3153
368,1.195
369,0.6618
370,0.01336
371,0.1835
372,0.004316
373,0.05456
374,0.286
375,0.8378
376,1.622
377,0.2417
378,0.552
379,0.1513
380,0.5398
381,2.188
382,0.3268
383,0.6141
384,0.4994
385,0.4735
386,0.1815
387,0.2628
388,0.1649
389,0.5207
390,0.3158
391,0.3037
392,0.2385
393,1.174
394,0.4448
395,1.042
396,0.9415
397,1.426
398,1.7
399,1.456
400,1.211
401,0.4028
402,0.1124
403,0.2811
404,1.42
405,0.8347
406,0.09434
407,1.785
408,0.5315
409,0.8507
410,0.4748
411,1.834
412,1.856
413,0.0159
414,1.247
415,1.122
416,1.656
417,0.1301
418,0.2451
419,1.146
420,0.3043
421,0.6112
422,1.02
423,0.8374
424,0.6511
425,0.9104
426,0.9214
427,0.2731
428,0.5341
429,1.096
430,0.3745
431,0.4577
432,1.827
433,0.1185
434,1.003
435,1.398
436,1.131
437,1.031
438,0.2759
439,0.1319
440,0.6267
441,1.232
442,1.169
443,0.04262
444,0.5511
445,0.7047
446,0.7364
447,0.9962
448,0.0536
449,0.01406
450,0.0191
451,0.3188
452,0.4822
453,0.3625
454,0.2402
455,0.5032
456,0.8782
457,0.2431
458,0.5393
459,0.5734
460,0.4365
461,0.5463
462,0.1782
463,0.2071
464,1.473
465,0.01602
466,0.2447
467,0.8067
468,0.267
469,0.409
470,0.2353
471,0.8094
472,0.4093
473,0.3632
474,1.65
475,0.21
476,0.2043
477,0.2082
478,0.3066
479,0.1183
480,0.4468
481,0.3124
482,0.3422
483,0.3978
484,0.2823
485,0.2532
486,0.4435
487,1.583
488,0.6241
489,0.3988
490,0.6594
491,0.305
492,0.3554
493,0.04154
494,0.7436
495,0.5545
496,0.0477
497,0.8302
498,0.4602
499,1.407
500,0.6258
501,0.2715
502,0.3676
503,0.1524
504,0.8969
505,0.3113
506,0.4158
507,1.367
508,0.1773
509,0.1201
510,0.3764
511,0.1057
512,0.3722
513,0.8827
514,0.4835
515,0.6217
516,0.7903
517,0.8658
518,1.279
519,0.3878
520,0.8966
521,0.2782
522,0.3758
523,0.6304
524,0.5313
525,0.2558
526,0.4363
527,0.5062
528,0.8097
529,0.9386
530,0.8437
531,0.3312
532,0.2055
533,0.274
534,0.7823
535,0.8484
536,0.5075
537,0.1708
538,0.3546
539,0.3243
540,0.3778
541,1.886
542,0.3403
543,0.5825
544,0.3172
545,0.3748
546,1.51
547,0.5121
548,0.1651
549,0.0505
550,1.124
551,1.145
552,0.08254
553,0.96
554,2.091
555,0.6208
556,0.7906
557,0.5239
558,0.02478
559,0.8497
560,0.1106
561,0.3249
562,0.5162
563,0.5616
564,0.1372
565,0.8492
566,0.03784
567,0.5605
568,1.13
569,0.2145
570,0.4715
571,0.1417
572,0.6382
573,0.4911
574,0.04957
575,1.172
576,0.7227
577,0.5999
578,0.2262
579,0.4896
580,0.5117
581,0.4917
582,0.07324
583,0.3179
584,2.169
585,0.2876
586,0.4026
587,0.2345
588,0.7345
589,1.066
590,0.1697
591,0.9768
592,0.129
593,0.4564
594,0.09462
595,0.2568
596,1.227
597,0.06382
598,0.8182
599,2.077
600,1.172
601,0.1422
602,0.3836
603,0.7868
604,0.1381
605,0.5181
606,0.06566
607,0.8195
608,0.3162
609,0.1755
610,0.08961
611,1.113
612,0.06818
613,0.2929
614,0.1478
615,0.02456
616,0.8305
617,0.375
618,0.7675
619,0.986
620,0.145
621,0.09018
622,0.3925
623,0.4253
624,0.8285
625,0.1555
626,1.374
627,0.7022
628,0.8797
629,1.148
630,0.7583
631,0.04048
632,0.2091
633,0.5185
634,0.2731
635,0.9671
636,0.97
637,1.396
638,0.4588
639,1.718
640,0.2804
641,0.9785
642,0.7635
643,0.6335
644,0.02444
645,0.1273
646,0.365
647,0.1005
648,0.6507
649,1.118
650,0.8798
651,1.774
652,1.048
653,0.9416
654,0.4375
655,0.7099
656,1.679
657,0.015
658,1.976
659,1.553
660,0.282
661,0.3379
662,0.705
663,0.5536
664,0.6786
665,0.3775
666,0.3324
667,0.1687
668,0.3947
669,0.2799
670,0.8093
671,0.06721
672,0.2237
673,1.732
674,0.7027
675,1.714
676,1.561
677,0.6978
678,0.4149
679,0.2155
680,0.7329
681,0.05194
682,1.14
683,0.5391
684,0.6821
685,0.305
686,0.1428
687,0.4639
688,0.05638
689,1.035
690,0.102
691,0.4745
692,0.3778
693,0.07852
694,0.3931
695,0.5544
696,0.03092
697,0.3469
698,0.4966
699,1.25
700,0.1059
701,0.7252
702,1.46
703,1.056
704,0.2255
705,0.8681
706,0.4733
707,1.009
708,0.1171
709,0.5916
710,0.3989
711,1.279
712,0.1512
713,0.358
714,1.209
715,0.07679
716,0.6998
717,0.4895
718,0.623
719,0.3709
720,0.3164
721,0.3305
722,0.2319
723,0.7279
724,0.2375
725,1.22
726,0.2828
727,0.8395
728,0.496
729,0.8764
730,0.9307
731,0.1747
732,1.358
733,0.7646
734,0.4005
735,0.1223
736,1.552
737,0.06034
738,0.5293
739,0.9925
740,0.6917
741,1.009
742,0.05997
743,0.8355
744,0.1753
745,0.161
746,0.01867
747,0.7562
748,0.5729
749,0.8946
750,0.09778
751,1.408
752,0.5199
753,1.191
754,0.2918
755,0.5026
756,0.8904
757,1.569
758,0.7521
759,0.3413
760,0.08671
761,0.1585
762,1.131
763,1.488
764,0.508
765,0.07688
766,0.00263
767,0.8916
768,0.1509
769,0.05553
770,0.6671
771,0.435
772,0.03259
773,0.6619
774,0.4313
775,0.611
776,1.428
777,1.636
778,0.6235
779,0.3871
780,1.318
781,0.5893
782,0.9443
783,1.355
784,0.5383
785,1.217
786,1.048
787,0.3996
788,0.2728
789,0.3434
790,0.8515
791,0.1874
792,0.7542
793,0.9781
794,1.267
795,1.533
796,0.109
797,0.442
798,0.672
799,1.051
800,0.6746
801,0.6487
802,0.5357
803,0.841
804,0.4022
805,0.5156
806,0.4397
807,0.4473
808,0.8842
809,0.4277
810,0.4914
811,0.3721
812,0.09132
813,1.063
814,0.4801
815,0.2115
816,1.445
817,0.5981
818,1.041
819,1.315
820,0.3246
821,0.2675
822,0.3705
823,0.05326
824,1.301
825,0.2197
826,0.1908
827,1.056
828,0.4175
829,0.898
830,1.175
831,1.417
832,0.5423
833,0.2881
834,0.5575
835,1.95
836,0.5757
837,0.9697
838,1.325
839,0.3063
840,0.2906
841,1.601
842,0.06663
843,1.413
844,0.5359
845,0.6958
846,0.2372
847,0.4233
848,0.4471
849,1.254
850,0.3528
851,1.357
852,0.5909
853,0.3731
854,0.2837
855,0.5284
856,1.873
857,0.2531
858,0.6564
859,0.6378
860,0.1443
861,0.257
862,0.01597
863,0.6921
864,0.3048
865,0.4464
866,0.4489
867,1.083
868,2.188
869,0.007769
870,0.9249
871,0.6769
872,1.584
873,0.8491
874,0.7405
875,1.809
876,1.255
877,0.1982
878,0.9419
879,0.03977
880,0.6362
881,1.336
882,0.9504
883,0.0635
884,1.094
885,0.2054
886,0.5126
887,0.5208
888,0.715
889,0.1387
890,0.07368
891,0.3414
892,0.5979
893,0.2853
894,0.6363
895,1.08
896,0.6584
897,0.1816
898,0.2267
899,0.7643
900,0.3877
901,0.08514
902,0.8688
903,0.3778
904,0.3895
905,2.043
906,0.4077
907,1.341
908,0.8993
909,0.3365
910,0.1215
911,0.2862
912,0.7419
913,1.052
914,0.415
915,1.176
916,0.8761
917,0.9858
918,0.608
919,0.8365
920,0.1245
921,0.07264
922,1.282
923,1.021
924,1.032
925,0.4447
926,0.626
927,0.1718
928,0.1964
929,0.4946
930,1.223
931,0.5548
932,0.5842
933,0.1713
934,0.8173
935,0.4117
936,0.01835
937,0.3159
938,0.04534
939,1.463
940,0.1894
941,0.5351
942,0.9476
943,0.5552
944,0.6305
945,0.02808
946,0.3581
947,0.2267
948,1.343
949,0.03091
950,0.1925
951,0.642
952,0.663
953,1.031
954,1.397
955,1.366
956,1.201
957,0.2923
958,0.2647
959,0.06708
960,1.098
961,0.1305
962,0.4563
963,0.5501
964,1.003
965,0.01661
966,0.4832
967,1.327
968,0.3755
969,0.3268
970,0.9521
971,0.9618
972,0.8065
973,0.6612
974,0.67
975,1.338
976,2.198
977,0.8847
978,0.6033
979,1.443
980,0.03858
981,0.7722
982,0.8695
983,0.5739
984,0.03608
985,0.1989
986,0.7099
987,0.5291
988,0.9028
989,0.8933
990,1.107
991,0.03011
992,0.472
993,0.1226
994,1.844
995,0.9544
996,0.1162
997,0.6251
998,0.321
999,0.00577
1000,0.1234
1001,0.5615
1002,1.38
1003,0.5213
1004,0.2766
1005,2
1006,1.493
1007,0.5334
1008,0.6532
1009,0.3132
1010,1.101
1011,0.9371
1012,0.7672
1013,0.03202
1014,0.1781
1015,1.083
1016,1.737
1017,0.39
1018,1.48
1019,0.2405
1020,0.6635
1021,0.2385
1022,0.3523
1023,1.959
1024,0.2206
1025,0.5372
1026,0.2635
1027,0.6473
1028,1.207
1029,0.3477
1030,1.006
1031,0.09864
1032,0.4626
1033,0.2836
1034,0.006798
1035,0.4789
1036,0.7887
1037,0.9349
1038,0.8902
1039,0.5955
1040,0.5126
1041,0.8269
1042,2.288
1043,0.1982
1044,1.591
1045,1.281
1046,0.4651
1047,0.0127
1048,1.263
1049,1.02
1050,0.3971
1051,1.049
1052,0.7261
1053,0.2326
1054,0.1208
1055,0.4648
1056,0.9997
1057,0.5743
1058,0.6405
1059,0.1761
1060,1.169
1061,1.03
1062,1.576
1063,1.718
1064,0.02562
1065,0.2587
1066,1.122
1067,0.9246
1068,0.9802
1069,0.4079
1070,0.3976
1071,0.2698
1072,0.05985
1073,0.7333
1074,0.6621
1075,0.9583
1076,0.8543
1077,0.0701
1078,0.2838
1079,0.03552
1080,0.3382
1081,0.06907
1082,2.387
1083,0.4453
1084,0.3783
1085,0.884
1086,0.3031
1087,1.211
1088,1.789
1089,0.1236
1090,0.6071
1091,0.2634
1092,1.012
1093,0.5352
1094,0.847
1095,0.3356
1096,0.365
1097,0.4246
1098,0.5584
1099,2.27
1100,0.1874
1101,0.02921
1102,0.04325
1103,0.1862
1104,0.502
1105,0.4029
1106,0.08834
1107,1.35
1108,0.02606
1109,0.9969
1110,1.007
1111,0.01193
1112,0.6647
1113,1.362
1114,0.4853
1115,0.1039
1116,0.249
1117,0.9998
1118,0.5293
1119,1.123
1120,0.248
1121,0.3139
1122,0.4414
1123,0.6294
1124,0.3855
1125,1.164
1126,1.424
1127,0.02584
1128,0.307
1129,0.676
1130,0.1608
1131,0.1003
1132,0.5565
1133,1.599
1134,1.836
1135,0.2204
1136,0.001286
1137,1.002
1138,0.1422
1139,0.8282
1140,1.017
1141,0.8892
1142,0.04217
1143,0.7922
1144,0.02262
1145,0.0621
1146,0.808
1147,1.399
1148,0.03686
1149,0.1806
1150,0.2356
1151,0.01785
1152,0.5142
1153,0.6297
1154,1.343
1155,0.08262
1156,0.8469
1157,0.8869
1158,0.6505
1159,0.6128
1160,0.2597
1161,0.2785
1162,0.2465
1163,0.834
1164,0.6166
1165,0.212
1166,0.2945
1167,0.7869
1168,0.81
1169,1.024
1170,0.01298
1171,1.156
1172,0.983
1173,0.1469
1174,0.8615
1175,0.9948
1176,0.1171
1177,0.5366
1178,0.4524
1179,0.3181
1180,0.9897
1181,0.1976
1182,0.8714
1183,0.3592
1184,0.1801
1185,0.7557
1186,0.7041
1187,0.5158
1188,0.1967
1189,0.6166
1190,0.3012
1191,0.2834
1192,0.05481
1193,1.901
1194,0.506
1195,0.1336
1196,1.671
1197,0.7077
1198,0.1153
1199,0.775
1200,0.9245
1201,0.5913
1202,0.5062
1203,0.007013
1204,0.9866
1205,0.8312
1206,0.08061
1207,0.02151
1208,0.4836
1209,0.6231
1210,0.4355
1211,1.111
1212,0.6919
1213,0.1715
1214,0.3774
1215,0.3139
1216,1.03
1217,0.386
1218,0.6945
1219,0.4452
1220,0.8555
1221,1.16
1222,1.324
1223,0.4632
1224,0.4373
1225,0.3807
1226,0.2975
1227,0.709
1228,0.4159
1229,0.06676
1230,0.5562
1231,0.5982
1232,0.893
1233,1.103
1234,1.399
1235,0.03741
1236,1.883
1237,0.02543
1238,0.5486
1239,0.4786
1240,1.543
1241,1.273
1242,0.6189
1243,1.207
1244,0.1285
1245,0.04183
1246,0.5113
1247,0.3621
1248,1.47
1249,0.9612
1250,1.483
1251,0.563
1252,0.8523
1253,1.833
1254,0.5448
1255,0.1254
1256,1.554
1257,2.307
1258,0.9796
1259,0.2775
1260,0.04586
1261,0.3697
1262,0.6443
1263,0.5606
1264,1.159
1265,0.06064
1266,0.7425
1267,1.283
1268,0.8675
1269,0.9175
1270,0.3711
1271,0.4146
1272,0.1265
1273,0.4655
1274,0.2857
1275,0.6812
1276,0.1093
1277,0.2125
1278,0.7256
1279,0.2808
1280,0.08321
1281,0.4218
1282,0.8425
1283,0.5655
1284,0.4221
1285,0.01648
1286,0.5352
1287,0.05466
1288,1.301
1289,0.8256
1290,0.1606
1291,0.7479
1292,0.4528
1293,0.5279
1294,0.2946
1295,0.3394
1296,0.9181
1297,0.05465
1298,0.5017
1299,0.2862
1300,0.7099
1301,0.01721
1302,0.221
1303,0.3851
1304,0.7193
1305,0.5903
1306,0.1862
1307,0.122
1308,0.3488
1309,0.6648
1310,0.6238
1311,1.417
1312,0.4937
1313,0.3299
1314,1.183
1315,1.316
1316,0.2567
1317,0.8624
1318,0.4793
1319,0.5627
1320,0.3966
1321,0.1652
1322,1.31
1323,0.5589
1324,0.4471
1325,0.3018
1326,0.1237
1327,0.8861
1328,0.04829
1329,0.1233
1330,0.4728
1331,0.7016
1332,1.116
1333,1.56
1334,0.4723
1335,0.1274
1336,0.3626
1337,0.1885
1338,1.408
1339,0.05677
1340,0.2061
1341,0.9943
1342,1.658
1343,0.2032
1344,0.271
1345,0.07046
1346,0.09428
1347,0.01327
1348,0.4131
1349,0.4644
1350,1.082
1351,0.7081
1352,0.09854
1353,0.4738
1354,0.4953
1355,0.005306
1356,0.8866
1357,0.6974
1358,0.1992
1359,0.4225
1360,1.635
1361,0.09992
1362,0.9215
1363,0.361
1364,0.7584
1365,0.7724
1366,1.088
1367,0.5006
1368,0.6171
1369,0.1029
1370,1.321
1371,0.5638
1372,0.468
1373,1.014
1374,0.461
1375,0.1725
1376,0.2379
1377,0.5603
1378,0.7342
1379,0.6101
1380,0.8495
1381,0.3773
1382,0.429
1383,0.3972
1384,0.01998
1385,0.446
1386,0.03312
1387,1.385
1388,0.4248
1389,1.555
1390,0.6954
1391,0.5157
1392,0.8928
1393,0.7739
1394,0.1834
1395,1.033
1396,0.1112
1397,0.5127
1398,0.4259
1399,0.2124
1400,0.2612
1401,0.1169
1402,0.06807
1403,0.1354
1404,1.832
1405,0.1748
1406,0.7772
1407,0.7311
1408,0.2331
1409,1.598
1410,0.2456
1411,0.3858
1412,0.8026
1413,0.04298
1414,0.912
1415,0.1757
1416,0.184
1417,1.523
1418,1.441
1419,0.3221
1420,0.3216
1421,0.6097
1422,0.7511
1423,0.5827
1424,0.2054
1425,0.2297
1426,0.6764
1427,0.1535
1428,0.4013
1429,0.1977
1430,0.1544
1431,0.6849
1432,0.3612
1433,0.12
1434,0.2016
1435,1.253
1436,0.8892
1437,1.035
1438,0.9959
1439,0.7921
1440,0.4317
1441,0.1424
1442,0.121
1443,0.1179
1444,1.568
1445,0.3914
1446,0.6716
1447,0.726
1448,0.6775
1449,0.5315
1450,0.3245
1451,0.7319
1452,0.6739
1453,0.7797
1454,0.7238
1455,0.1192
1456,0.5716
1457,0.004548
1458,1.766
1459,0.1771
1460,0.5382
1461,0.7061
1462,0.1995
1463,0.2401
1464,1.1
1465,0.2316
1466,0.6155
1467,0.7424
1468,0.4409
1469,0.7755
1470,0.3084
1471,0.7382
1472,1.029
1473,0.4321
1474,1.125
1475,0.5369
1476,0.3395
1477,0.8405
1478,1.764
1479,0.6411
1480,0.9255
1481,0.04127
1482,0.1185
1483,0.1682
1484,0.4146
1485,0.1876
1486,0.6338
1487,0.5867
1488,1.076
1489,0.1564
1490,0.03493
1491,0.5674
1492,1.007
1493,0.1159
1494,0.1765
1495,0.7845
1496,0.7815
1497,0.2999
1498,0.1835
1499,0.4267
1500,1.306
1501,0.4473
1502,0.4427
1503,0.6228
1504,0.1624
1505,0.04876
1506,0.721
1507,1.971
1508,0.1865
1509,1.065
1510,1.05
1511,0.9621
1512,0.8029
1513,1.246
1514,0.4123
1515,0.4426
1516,1.087
1517,0.6826
1518,2.258
1519,0.1461
1520,0.2163
1521,0.3244
1522,1.605
1523,1.028
1524,0.8087
1525,1.154
1526,0.1916
1527,0.8754
1528,0.01284
1529,0.61
1530,0.5329
1531,0.03055
1532,0.1247
1533,0.02685
1534,0.6406
1535,0.5613
1536,0.2733
1537,0.9635
1538,0.108
1539,0.5154
1540,1.39
1541,0.604
1542,0.2307
1543,0.7307
1544,1.075
1545,0.5921
1546,0.837
1547,0.8329
1548,0.5743
1549,0.06428
1550,0.745
1551,0.9056
1552,0.01879
1553,0.5306
1554,0.3396
1555,0.449
1556,0.7955
1557,0.02133
1558,0.08134
1559,0.5124
1560,0.3023
1561,0.2481
1562,0.8637
1563,0.4469
1564,1.669
1565,0.1196
1566,0.6628
1567,0.9733
1568,0.3336
1569,0.05784
1570,0.2855
1571,0.171
1572,0.4461
1573,1.235
1574,0.5052
1575,0.6382
1576,0.08364
1577,0.4027
1578,0.7032
1579,0.1707
1580,0.1276
1581,0.6276
1582,0.9268
1583,0.2606
1584,0.2582
1585,1.064
1586,0.2379
1587,0.5633
1588,0.5934
1589,0.5062
1590,1.021
1591,0.5973
1592,0.508
1593,0.2888
1594,1.199
1595,0.4788
1596,0.2728
1597,0.2292
1598,0.13
1599,0.6377
1600,0.4526
1601,0.02477
1602,0.6134
1603,0.1962
1604,0.3428
1605,0.6876
1606,0.4136
1607,0.6805
1608,0.5452
1609,0.8338
1610,0.891
1611,0.07483
1612,0.425
1613,0.9174
1614,0.2452
1615,0.1017
1616,0.01192
1617,0.3034
1618,0.1971
1619,0.06855
1620,1.647
1621,0.07191
1622,0.5132
1623,0.7144
1624,0.3429
1625,1.492
1626,0.4963
1627,0.7843
1628,0.9347
1629,0.2547
1630,0.4299
1631,0.07747
1632,1.374
1633,1.383
1634,0.03276
1635,1.26
1636,0.1828
1637,0.35
1638,0.6666
1639,0.2397
1640,0.5162
1641,0.2429
1642,0.04369
1643,0.8106
1644,0.8998
1645,0.4514
1646,0.4694
1647,0.7634
1648,0.5823
1649,0.1425
1650,0.4125
1651,0.261
1652,0.1746
1653,0.08888
1654,0.05032
1655,0.2392
1656,0.6125
1657,0.7854
1658,1.303
1659,0.5341
1660,1.081
1661,0.03097
1662,0.2862
1663,0.8554
1664,0.6348
1665,0.8205
1666,1.913
1667,0.5813
1668,0.7312
1669,0.4635
1670,0.4737
1671,0.3956
1672,1.07
1673,0.06273
1674,0.3046
1675,0.2552
1676,0.9045
1677,0.2692
1678,1.286
1679,0.2053
1680,0.09056
1681,1.239
1682,0.907
1683,0.39
1684,0.8485
1685,1.04
1686,1.389
1687,0.1317
1688,0.1861
1689,0.1824
1690,0.7318
1691,0.5991
1692,2.09
1693,0.1769
1694,1.633
1695,0.7403
1696,0.357
1697,0.1382
1698,0.2372
1699,0.6996
1700,0.1628
1701,0.5432
1702,1.597
1703,0.3891
1704,0.3987
1705,1.986
1706,0.02282
1707,1.305
1708,0.4616
1709,0.2113
1710,0.6178
1711,0.9283
1712,1.161
1713,0.4636
1714,0.6438
1715,0.1934
1716,1.144
1717,1.22
1718,0.2284
1719,0.03894
1720,0.2388
1721,0.2566
1722,0.02287
1723,0.2333
1724,0.3143
1725,0.1436
1726,1.723
1727,0.228
1728,0.4258
1729,0.1347
1730,0.08832
1731,1.148
1732,0.3619
1733,0.5842
1734,0.9802
1735,0.02149
1736,0.4098
1737,0.3174
1738,0.6945
1739,0.1594
1740,0.6334
1741,0.4368
1742,0.2248
1743,0.5074
1744,0.5362
1745,0.3231
1746,0.6012
1747,0.147
1748,0.2171
1749,0.1506
1750,0.611
1751,0.7204
1752,2.475
1753,1.628
1754,0.5274
1755,0.9103
1756,0.004441
1757,0.3059
1758,0.1413
1759,0.4404
1760,1.112
1761,0.3755
1762,0.8507
1763,1.046
1764,1.291
1765,0.246
1766,1.043
1767,1.16
1768,0.2391
1769,0.5219
1770,0.148
1771,0.258
1772,0.6085
1773,0.3085
1774,1.669
1775,0.338
1776,0.5824
1777,0.5772
1778,0.2137
1779,0.1737
1780,0.1728
1781,0.3559
1782,0.1682
1783,0.2124
1784,0.1513
1785,0.1409
1786,1.489
1787,1.538
1788,0.3347
1789,0.3572
1790,0.8271
1791,1.495
1792,0.1989
1793,0.6034
1794,1.326
1795,0.08312
1796,0.7711
1797,0.6858
1798,0.281
1799,0.1461
1800,0.1259
1801,0.6666
1802,0.06999
1803,0.7512
1804,1.715
1805,0.5522
1806,0.7472
1807,1.013
1808,0.5496
1809,1.08
1810,0.9017
1811,1.565
1812,1.663
1813,0.1768
1814,0.2605
1815,1.439
1816,0.9138
1817,1.04
1818,0.03613
1819,1.491
1820,0.03328
1821,0.6435
1822,0.9445
1823,0.3246
1824,0.5628
1825,1.413
1826,0.638
1827,1.398
1828,0.2038
1829,0.5245
1830,0.02553
1831,0.1458
1832,0.06489
1833,0.7798
1834,0.8109
1835,0.1963
1836,0.7018
1837,0.0519
1838,1.229
1839,0.3612
1840,0.8209
1841,0.1112
1842,1.14
1843,0.2802
1844,0.3422
1845,0.7275
1846,0.9667
1847,0.2847
1848,0.5305
1849,0.6579
1850,0.9567
1851,0.1223
1852,0.1162
1853,0.2488
1854,0.3012
1855,1.259
1856,0.3365
1857,0.4004
1858,0.01849
1859,0.503
1860,0.6715
1861,1.146
1862,0.6615
1863,0.2815
1864,0.5492
1865,0.645
1866,1.566
1867,0.4313
1868,0.3608
1869,1.668
1870,0.2975
1871,0.7807
1872,0.4672
1873,0.1863
1874,0.5873
1875,0.5784
1876,0.366
1877,0.02231
1878,0.7726
1879,1.137
1880,0.8032
1881,0.3641
1882,1.487
1883,0.01578
1884,0.1169
1885,0.1194
1886,1.599
1887,0.5145
1888,1.321
1889,0.4217
1890,0.4703
1891,0.5954
1892,0.9403
1893,1.491
1894,1.117
1895,0.08112
1896,0.007522
1897,1.061
1898,0.3194
1899,1.134
1900,1.303
1901,0.2505
1902,0.2582
1903,0.01197
1904,0.3985
1905,1.118
1906,0.5193
1907,0.1581
1908,0.5881
1909,0.167
1910,0.3619
1911,0.6785
1912,0.785
1913,0.1157
1914,1.096
1915,0.5111
1916,0.6994
1917,0.5228
1918,0.309
1919,1.166
1920,0.001234
1921,0.1979
1922,0.07703
1923,1.356
1924,0.92
1925,1.488
1926,0.8373
1927,0.2826
1928,0.5514
1929,0.01575
1930,0.5611
1931,0.6114
1932,0.433
1933,0.4972
1934,0.0638
1935,0.0652
1936,0.9369
1937,0.01796
1938,0.7132
1939,0.0487
1940,0.8268
1941,0.403
1942,1.033
1943,0.5024
1944,1.118
1945,0.03383
1946,0.7585
1947,0.9043
1948,1.16
1949,0.5221
1950,1.205
1951,0.1559
1952,0.9425
1953,1.387
1954,1.744
1955,0.5628
1956,0.4431
1957,0.2084
1958,1.293
1959,0.2523
1960,0.5395
1961,0.2498
1962,0.06695
1963,0.1157
1964,0.05036
1965,0.8586
1966,0.4487
1967,0.1884
1968,0.6482
1969,0.1198
1970,0.5192
1971,0.5553
1972,0.3866
1973,0.1866
1974,0.8381
1975,1.396
1976,0.3857
1977,0.6689
1978,0.7936
1979,1.436
1980,0.5087
1981,0.1268
1982,0.08753
1983,1.058
1984,0.6261
1985,0.2087
1986,0.3671
1987,0.6831
1988,1.485
1989,0.79
1990,0.2611
1991,0.1974
1992,0.3746
1993,0.2415
1994,1.008
1995,1.112
1996,0.3869
1997,0.1125
1998,0.6103
1999,2.508
2000,0.5396
2001,1.908
2002,0.7265
2003,0.3702
2004,0.03035
2005,0.997
2006,0.09193
2007,0.1945
2008,0.2339
2009,0.8617
2010,1.085
2011,1.135
2012,0.3709
2013,0.2831
2014,0.0449
2015,0.6905
2016,0.4389
2017,1.074
2018,0.2958
2019,1.371
2020,0.2363
2021,1.658
2022,0.2791
2023,0.9266
2024,0.0507
2025,0.6246
2026,1.423
2027,1.033
2028,0.3414
2029,0.5583
2030,1.082
2031,0.1928
2032,0.3618
2033,1.222
2034,1.303
2035,1.165
2036,1.053
2037,0.3166
2038,1.212
2039,1.722
2040,0.8427
2041,0.9924
2042,0.2004
2043,0.7
2044,0.03664
2045,0.347
2046,0.4165
2047,1.036
2048,0.8373
2049,0.3889
2050,0.2612
2051,1.334
2052,0.5766
2053,0.6485
2054,0.1467
2055,0.7758
2056,1.112
2057,1.99
2058,1.431
2059,0.04109
2060,0.4897
2061,1.031
2062,0.6028
2063,0.3476
2064,0.3441
2065,1.131
2066,0.4284
2067,0.4413
2068,0.2267
2069,0.4497
2070,0.1266
2071,0.1314
2072,0.02057
2073,0.01973
2074,1.136
2075,0.4486
2076,0.1089
2077,1.663
2078,1.063
2079,1.459
2080,0.226
2081,1.464
2082,0.1869
2083,0.7646
2084,0.8768
2085,0.52
2086,0.4039
2087,0.6249
2088,1.004
2089,0.04518
2090,0.3281
2091,0.6483
2092,1.307
2093,0.8156
2094,0.565
2095,0.5985
2096,1.463
2097,0.3932
2098,1.113
2099,0.7192
2100,0.1496
2101,0.4184
2102,1.462
2103,1.7
2104,0.07782
2105,0.6497
2106,0.3294
2107,0.1377
2108,0.849
2109,0.5714
2110,0.6921
2111,1.303
2112,1.799
2113,0.006875
2114,0.1108
2115,1.192
2116,0.45
2117,1.194
2118,0.2268
2119,0.9684
2120,0.01189
2121,0.8645
2122,0.0587
2123,1.12
2124,0.02208
2125,0.9859
2126,1.513
2127,1.36
2128,0.5453
2129,0.216
2130,0.5674
2131,0.0972
2132,0.1209
2133,0.5633
2134,1.696
2135,0.9555
2136,0.8046
2137,0.1513
2138,0.6969
2139,0.4016
2140,1.497
2141,0.5212
2142,0.1816
2143,0.8604
2144,0.3781
2145,0.3529
2146,0.2423
2147,0.02194
2148,0.4845
2149,0.3125
2150,0.2245
2151,1.328
2152,0.9941
2153,0.4271
2154,0.4286
2155,1.692
2156,0.1323
2157,1.679
2158,1.493
2159,0.9139
2160,0.542
2161,0.293
2162,0.6376
2163,0.3268
2164,0.04016
2165,0.5466
2166,0.6469
2167,0.3418
2168,0.1841
2169,0.3011
2170,0.5132
2171,1.223
2172,1.06
2173,0.5727
2174,1.229
2175,0.07386
2176,0.09354
2177,1.216
2178,0.2177
2179,0.4283
2180,0.8148
2181,0.7541
2182,0.003663
2183,0.2971
2184,0.1903
2185,0.355
2186,0.1076
2187,0.7374
2188,0.1452
2189,1.676
2190,1.395
2191,0.8251
2192,0.6061
2193,0.7201
2194,0.1503
2195,0.3033
2196,0.7727
2197,1.138
2198,0.8236
2199,1.234
2200,1.512
2201,0.7621
2202,1.265
2203,0.1451
2204,0.08132
2205,0.7118
2206,1.016
2207,0.4521
2208,0.5113
2209,0.2347
2210,0.03628
2211,0.9259
2212,0.6601
2213,0.8588
2214,0.4284
2215,0.7532
2216,1.658
2217,0.2538
2218,0.1783
2219,0.07097
2220,0.1708
2221,1.283
2222,0.308
2223,0.3478
2224,0.08966
2225,0.6074
2226,0.5576
2227,0.6899
2228,0.2438
2229,1.247
2230,0.3395
2231,0.705
2232,0.7327
2233,0.01985
2234,1.209
2235,0.2099
2236,0.5932
2237,0.8415
2238,0.1085
2239,0.7888
2240,0.8418
2241,0.2011
2242,0.6255
2243,0.5739
2244,0.8251
2245,1.264
2246,0.2278
2247,1.356
2248,0.4093
2249,0.06578
2250,0.03371
2251,0.7551
2252,1.001
2253,0.4855
2254,0.1398
2255,1.179
2256,0.5192
2257,1.324
2258,1.222
2259,0.06033
2260,0.4192
2261,0.558
2262,0.555
2263,0.2071
2264,0.02849
2265,0.4231
2266,0.6613
2267,0.9061
2268,1.015
2269,0.04451
2270,1.005
2271,0.8969
2272,0.7351
2273,0.1349
2274,0.2766
2275,1.056
2276,0.5217
2277,0.4536
2278,0.6602
2279,0.8443
2280,1.109
2281,0.3879
2282,1.847
2283,0.5329
2284,0.3828
2285,0.03179
2286,0.2632
2287,0.5573
2288,0.06932
2289,1.194
2290,1.665
2291,0.1695
2292,0.4344
2293,0.1466
2294,6.399e-05
2295,0.03285
2296,0.56
2297,0.2156
2298,0.5253
2299,0.03599
2300,0.1348
2301,0.6305
2302,0.5624
2303,0.2711
2304,1.053
2305,0.3854
2306,1.802
2307,1.127
2308,0.5737
2309,0.1268
2310,1.19
2311,0.7441
2312,0.3315
2313,0.7375
2314,0.5015
2315,0.4277
2316,0.8301
2317,0.2283
2318,0.8859
2319,0.5965
2320,0.4811
2321,0.8543
2322,0.5157
2323,1.449
2324,1.148
2325,0.582
2326,0.3113
2327,0.1547
2328,0.3657
2329,0.8436
2330,0.4455
2331,1.226
2332,0.6526
2333,0.485
2334,0.005519
2335,0.02611
2336,0.08078
2337,0.519
2338,0.03983
2339,0.2793
2340,0.1742
2341,1.375
2342,0.8365
2343,0.6121
2344,1.752
2345,0.77
2346,0.1812
2347,0.03662
2348,0.576
2349,0.1833
2350,0.3244
2351,1.069
2352,0.6246
2353,0.4037
2354,0.923
2355,0.35
2356,0.2867
2357,1.033
2358,0.09526
2359,0.04991
2360,0.7105
2361,0.1809
2362,1.906
2363,0.1013
2364,0.2503
2365,0.1989
2366,0.4242
2367,0.04808
2368,0.09001
2369,0.1945
2370,0.7664
2371,0.2002
2372,1.899
2373,0.1894
2374,0.03752
2375,0.2982
2376,1.75
2377,0.5127
2378,1.695
2379,0.6765
2380,0.4439
2381,0.6527
2382,0.5033
2383,0.0279
2384,0.4469
2385,0.0397
2386,0.758
2387,1.406
2388,0.5514
2389,0.6456
2390,0.1898
2391,0.2194
2392,0.5572
2393,0.4957
2394,0.4
2395,0.4137
2396,0.3807
2397,0.1484
2398,0.4654
2399,0.08196
2400,0.3174
2401,1.345
2402,0.2569
2403,0.798
2404,0.655
2405,0.7258
2406,1.122
2407,0.703
2408,0.08577
2409,0.7207
2410,0.2801
2411,0.7912
2412,0.1218
2413,1.837
2414,0.3962
2415,0.4498
2416,0.189
2417,0.2289
2418,1.53
2419,0.3621
2420,0.5362
2421,0.1226
2422,0.1615
2423,1.208
2424,0.3067
2425,0.1639
2426,0.4102
2427,1.037
2428,0.5912
2429,0.001898
2430,0.4789
2431,1.132
2432,0.3837
2433,0.6174
2434,1.595
2435,0.4532
2436,0.3859
2437,0.9456
2438,0.2856
2439,0.5244
2440,0.9954
2441,1.739
2442,1.234
2443,0.4882
2444,0.2209
2445,0.1454
2446,0.5804
2447,0.09262
2448,0.3065
2449,0.8118
2450,1.474
2451,0.8732
2452,0.0917
2453,0.147
2454,0.04936
2455,0.8337
2456,0.9733
2457,0.2147
2458,1.343
2459,0.3081
2460,0.2713
2461,1.86
2462,0.8537
2463,0.4079
2464,0.04899
2465,1.766
2466,0.4686
2467,0.06216
2468,0.03865
2469,0.7534
2470,1.332
2471,0.1821
2472,0.705
2473,0.6925
2474,0.6009
2475,0.1095
2476,0.2477
2477,0.3272
2478,0.5926
2479,0.2348
2480,0.771
2481,0.8221
2482,0.3784
2483,0.7851
2484,0.8227
2485,0.7547
2486,1.287
2487,0.9561
2488,0.02704
2489,0.002636
2490,0.7785
2491,0.9608
2492,0.257
2493,0.9405
2494,0.5218
2495,0.686
2496,1.238
2497,0.403
2498,0.7811
2499,0.2304
2500,0.11
2501,0.2298
2502,1.408
2503,0.3565
2504,0.05968
2505,0.186
2506,0.5753
2507,1.183
2508,0.4271
2509,0.3373
2510,0.2316
2511,0.3784
2512,1.051
2513,0.9014
2514,0.07906
2515,1.709
2516,0.3721
2517,0.9085
2518,0.875
2519,0.2726
2520,1.319
2521,0.422
2522,1.239
2523,1.556
2524,0.2596
2525,1.355
2526,0.4408
2527,0.5396
2528,0.4781
2529,1.057
2530,0.2806
2531,0.5636
2532,1.257
2533,1.095
2534,1.108
2535,0.7641
2536,1.014
2537,0.1766
2538,0.4624
2539,1.769
2540,0.7172
2541,0.2882
2542,0.6511
2543,0.1464
2544,0.7372
2545,0.4366
2546,0.3054
2547,0.7307
2548,0.5056
2549,0.08696
2550,0.8885
2551,0.202
2552,1.328
2553,0.8915
2554,0.4373
2555,0.08434
2556,0.7493
2557,0.7777
2558,1.289
2559,0.09399
2560,0.1396
2561,0.0671
2562,0.3019
2563,0.373
2564,0.1755
2565,0.5605
2566,1.594
2567,0.01128
2568,0.04818
2569,1.166
2570,0.427
2571,0.717
2572,0.3408
2573,0.7902
2574,0.7502
2575,0.5301
2576,0.5966
2577,0.08439
2578,0.2257
2579,0.7596
2580,0.2405
2581,0.0686
2582,1.564
2583,0.4759
2584,0.4854
2585,0.5198
2586,0.197
2587,1.278
2588,0.3319
2589,0.07977
2590,0.553
2591,0.4253
2592,0.1011
2593,1.607
2594,0.2553
2595,1.823
2596,0.01338
2597,0.2347
2598,0.6962
2599,1.557
2600,1.132
2601,1.13
2602,0.802
2603,1.465
2604,0.5277
2605,0.7902
2606,0.5609
2607,1.642
2608,0.4191
2609,0.3071
2610,0.5075
2611,0.1994
2612,0.7573
2613,0.103
2614,0.1573
2615,0.02245
2616,0.04717
2617,0.4692
2618,0.09993
2619,0.6231
2620,0.2374
2621,0.4123
2622,0.5561
2623,0.179
2624,0.4652
2625,0.03808
2626,0.064
2627,0.7947
2628,0.266
2629,1.147
2630,0.3059
2631,1.035
2632,0.7966
2633,2.206
2634,0.3243
2635,0.7159
2636,0.03332
2637,0.3247
2638,0.3355
2639,0.1622
2640,0.7758
2641,0.9524
2642,0.8016
2643,0.06478
2644,1.607
2645,0.2558
2646,0.06491
2647,1.27
2648,1.486
2649,0.8479
2650,0.4599
2651,0.2549
2652,0.5219
2653,1.154
2654,1.012
2655,0.1469
2656,0.9022
2657,0.4795
2658,0.1983
2659,1.101
2660,1.264
2661,0.08337
2662,0.06684
2663,0.2816
2664,0.2189
2665,0.883
2666,0.6082
2667,0.5966
2668,1.261
2669,0.9047
2670,0.6128
2671,0.4795
2672,0.03322
2673,0.2732
2674,0.5812
2675,0.6417
2676,0.03774
2677,0.7937
2678,1.161
2679,0.2106
2680,0.5618
2681,0.7621
2682,0.2529
2683,0.6469
2684,0.4949
2685,0.9734
2686,0.6252
2687,0.005784
2688,0.201
2689,1.249
2690,1.306
2691,0.1198
2692,0.5825
2693,0.6899
2694,0.09834
2695,0.6294
2696,1.335
2697,1.122
2698,0.3654
2699,0.5464
2700,0.3364
2701,0.7462
2702,0.03166
2703,0.8262
2704,0.3658
2705,0.5904
2706,0.8
2707,0.004579
2708,0.6093
2709,0.8758
2710,0.065
2711,0.04196
2712,0.00301
2713,0.09546
2714,0.4964
2715,0.3328
2716,0.5655
2717,0.1018
2718,0.5319
2719,0.5242
2720,0.1781
2721,0.7418
2722,0.526
2723,0.1349
2724,0.6423
2725,1.045
2726,0.6729
2727,1.063
2728,0.8462
2729,0.8431
2730,0.7812
2731,0.07107
2732,0.7008
2733,0.4229
2734,0.1865
2735,0.3226
2736,0.4168
2737,0.556
2738,0.71
2739,1.162
2740,1.241
2741,0.7762
2742,0.05009
2743,0.3896
2744,1.381
2745,0.08784
2746,1.807
2747,0.7246
2748,0.105
2749,0.4859
2750,1.028
2751,0.4328
2752,0.4752
2753,1.122
2754,0.3188
2755,1.226
2756,0.2012
2757,0.4483
2758,0.3284
2759,0.4172
2760,1.197
2761,0.7465
2762,0.3924
2763,1.542
2764,0.4701
2765,0.303
2766,1.08
2767,0.7319
2768,0.1343
2769,0.01359
2770,0.6172
2771,1.136
2772,0.2959
2773,0.186
2774,0.2068
2775,1.429
2776,0.02895
2777,0.6383
2778,0.2624
2779,1.632
2780,0.01033
2781,0.523
2782,0.2608
2783,0.543
2784,1.071
2785,0.08731
2786,0.3115
2787,0.1755
2788,1.282
2789,1.847
2790,0.09845
2791,0.0748
2792,0.7585
2793,0.9554
2794,0.5192
2795,0.6902
2796,1.658
2797,0.496
2798,2.086
2799,0.3766
2800,0.3124
2801,0.9133
2802,0.497
2803,0.1693
2804,0.7438
2805,0.2977
2806,0.7685
2807,1.26
2808,0.291
2809,0.3926
2810,0.04331
2811,0.04319
2812,0.3826
2813,0.5742
2814,0.6881
2815,0.004885
2816,0.3545
2817,0.6362
2818,1.001
2819,0.3535
2820,0.06704
2821,0.3332
2822,0.1934
2823,0.7984
2824,0.6391
2825,0.5654
2826,0.1531
2827,0.2149
2828,0.5272
2829,0.1965
2830,0.8082
2831,0.1603
2832,0.7299
2833,1.202
2834,0.749
2835,1.194
2836,0.8723
2837,0.1763
2838,0.00732
2839,1.058
2840,0.1875
2841,0.8899
2842,0.4364
2843,1.128
2844,0.9522
2845,0.5566
2846,0.9943
2847,0.1709
2848,0.4718
2849,1.163
2850,2.297
2851,0.1863
2852,0.7211
2853,0.2225
2854,1.318
2855,0.5685
2856,0.3933
2857,0.9974
2858,0.6941
2859,0.4257
2860,0.8309
2861,0.5524
2862,1.727
2863,1.025
2864,0.5403
2865,0.629
2866,1.209
2867,0.3857
2868,0.03106
2869,0.4645
2870,0.6217
2871,0.7924
2872,1.455
2873,1.203
2874,0.3574
2875,0.3523
2876,0.1336
2877,1.287
2878,0.182
2879,0.4832
2880,0.1533
2881,0.8621
2882,0.02398
2883,1.046
2884,0.8278
2885,0.229
2886,0.8756
2887,0.334
2888,0.9428
2889,1.188
2890,0.9827
2891,0.5606
2892,0.1317
2893,0.3193
2894,0.4611
2895,0.1779
2896,0.5166
2897,0.4904
2898,0.4215
2899,0.4051
2900,0.8613
2901,0.8881
2902,0.6481
2903,0.7265
2904,0.1999
2905,0.6402
2906,1.317
2907,0.4513
2908,0.4892
2909,0.1904
2910,0.8754
2911,1.942
2912,0.7666
2913,0.5266
2914,0.01154
2915,0.3425
2916,0.852
2917,0.8012
2918,0.484
2919,1.024
2920,1.061
2921,0.7758
2922,0.8748
2923,0.3475
2924,0.5643
2925,0.5314
2926,1.125
2927,1.071
2928,0.248
2929,1.316
2930,0.314
2931,0.1535
2932,1.045
2933,0.812
2934,0.07306
2935,0.6952
2936,0.4885
2937,1.102
2938,0.9803
2939,0.2924
2940,0.02037
2941,0.0657
2942,0.5228
2943,0.3897
2944,0.0422
2945,0.8708
2946,1.801
2947,0.1094
2948,0.9108
2949,0.7597
2950,0.4179
2951,0.7906
2952,0.2396
2953,0.1957
2954,1.001
2955,0.02333
2956,0.1272
2957,0.279
2958,0.4988
2959,1.734
2960,0.02276
2961,0.79
2962,0.3083
2963,0.9582
2964,0.5496
2965,0.7949
2966,0.4548
2967,0.098
2968,0.01715
2969,0.3128
2970,0.895
2971,0.8157
2972,0.1699
2973,0.7108
2974,0.04913
2975,0.5752
2976,0.1223
2977,0.5085
2978,0.1076
2979,0.06806
2980,0.4485
2981,0.6132
2982,0.3789
2983,0.9423
2984,0.644
2985,0.5783
2986,0.5564
2987,0.8057
2988,0.4202
2989,0.6479
2990,0.7791
2991,0.4868
2992,1.067
2993,0.3687
2994,1.024
2995,0.08027
2996,1.041
2997,0.5863
2998,0.01403
2999,0.7948
3000,0.6944
3001,0.3725
3002,0.7157
3003,0.9281
3004,0.5895
3005,0.6911
3006,1.24
3007,0.7066
3008,0.0819
3009,0.04319
3010,0.6411
3011,0.6795
3012,0.2405
3013,1.421
3014,0.4862
3015,0.5701
3016,0.394
3017,0.6034
3018,0.5777
3019,0.478
3020,0.4536
3021,0.3928
3022,0.05034
3023,0.9051
3024,0.5481
3025,1.421
3026,0.2866
3027,0.1705
3028,1.868
3029,0.56
3030,0.7386
3031,0.1095
3032,0.05439
3033,0.5133
3034,0.1064
3035,0.4323
3036,1.071
3037,0.4925
3038,0.8979
3039,0.4949
3040,0.6079
3041,0.9926
3042,0.2129
3043,1.725
3044,1.759
3045,2.272
3046,0.291
3047,0.2388
3048,0.586
3049,0.1819
3050,0.7677
3051,0.9989
3052,0.005464
3053,0.4236
3054,1.549
3055,0.241
3056,0.5612
3057,0.2976
3058,0.8212
3059,1.046
3060,0.3363
3061,0.7133
3062,0.08393
3063,0.02764
3064,1.229
3065,0.2984
3066,0.77
3067,0.4186
3068,0.4894
3069,0.7404
3070,0.6463
3071,0.6294
3072,0.1413
3073,0.1424
3074,0.3966
3075,0.3102
3076,0.04748
3077,0.1138
3078,1.126
3079,0.111
3080,1.317
3081,0.3516
3082,0.5546
3083,0.1926
3084,0.01152
3085,1.938
3086,0.941
3087,1.168
3088,0.1775
3089,1.032
3090,0.3751
3091,1.05
3092,0.1102
3093,0.521
3094,0.5395
3095,0.2937
3096,0.7925
3097,0.9576
3098,0.1566
3099,0.8276
3100,0.4297
3101,0.8882
3102,0.5736
3103,0.1757
3104,0.9324
3105,0.6161
3106,0.0174
3107,0.5097
3108,0.4155
3109,1.257
3110,0.4796
3111,0.255
3112,0.04768
3113,0.6369
3114,0.7951
3115,0.1861
3116,0.6943
3117,0.04214
3118,0.614
3119,0.09434
3120,0.3444
3121,0.4357
3122,0.08614
3123,0.5813
3124,0.03269
3125,0.01966
3126,1.266
3127,0.03233
3128,0.8418
3129,0.9354
3130,0.196
3131,1.664
3132,0.3556
3133,0.007969
3134,0.1947
3135,0.2313
3136,0.2851
3137,1.006
3138,0.2436
3139,0.4199
3140,0.2896
3141,0.144
3142,2.281
3143,0.6137
3144,1.288
3145,0.3028
3146,0.03887
3147,0.1221
3148,0.994
3149,0.9587
3150,0.6143
3151,0.1042
3152,0.7618
3153,0.297
3154,0.05199
3155,1.27
3156,0.6156
3157,0.9833
3158,0.5031
3159,0.5947
3160,0.4867
3161,0.4414
3162,0.8366
3163,0.7371
3164,1.249
3165,0.8816
3166,0.7576
3167,0.4453
3168,0.6615
3169,0.8242
3170,0.5365
3171,0.3796
3172,0.5135
3173,0.4137
3174,0.9824
3175,0.2163
3176,0.03962
3177,0.3838
3178,1.265
3179,0.09908
3180,0.8003
3181,0.317
3182,0.4223
3183,0.4447
3184,0.3664
3185,0.252
3186,0.03807
3187,0.2807
3188,0.5143
3189,0.5163
3190,0.1352
3191,0.4643
3192,0.001817
3193,0.9531
3194,0.2368
3195,0.6629
3196,1.291
3197,0.913
3198,0.5491
3199,2.156
3200,0.5224
3201,0.04715
3202,0.5395
3203,0.8603
3204,0.1474
3205,0.7613
3206,1.211
3207,0.6753
3208,0.01106
3209,0.6389
3210,1.416
3211,0.666
3212,0.1337
3213,0.3222
3214,0.6109
3215,1.007
3216,0.3159
3217,0.4057
3218,0.4427
3219,0.7333
3220,1.223
3221,0.06624
3222,0.8768
3223,0.4083
3224,0.8045
3225,0.1693
3226,0.3349
3227,0.1446
3228,0.04712
3229,1.459
3230,0.7796
3231,0.1123
3232,0.1395
3233,0.2026
3234,0.4561
3235,0.02091
3236,0.3331
3237,0.3341
3238,1.14
3239,3.249e-05
3240,1.364
3241,0.2499
3242,0.285
3243,0.07615
3244,0.2476
3245,0.2187
3246,0.5664
3247,1.149
3248,1.079
3249,0.8217
3250,0.1693
3251,1.684
3252,0.7485
3253,0.9056
3254,0.7785
3255,2.004
3256,0.1287
3257,0.3154
3258,1.088
3259,0.8417
3260,0.6807
3261,0.5735
3262,0.2504
3263,0.1051
3264,0.868
3265,1.086
3266,0.06056
3267,0.4392
3268,0.5948
3269,0.2821
3270,0.3469
3271,0.6883
3272,0.2833
3273,1.012
3274,0.5029
3275,0.6092
3276,1.052
3277,0.2489
3278,0.5629
3279,0.5687
3280,0.2855
3281,1.102
3282,1.08
3283,0.7748
3284,1.394
3285,0.2244
3286,0.579
3287,0.03226
3288,0.9009
3289,0.6603
3290,0.1769
3291,0.1175
3292,0.1306
3293,0.01388
3294,0.9331
3295,0.02719
3296,1.13
3297,0.4821
3298,0.888
3299,0.6107
3300,0.02558
3301,0.868
3302,0.2864
3303,0.4484
3304,0.4362
3305,0.064
3306,0.2445
3307,0.9205
3308,0.8296
3309,0.7253
3310,0.415
3311,0.262
3312,0.7076
3313,0.05848
3314,0.1062
3315,0.6554
3316,0.4553
3317,0.4271
3318,0.5181
3319,0.8044
3320,1.342
3321,0.5914
3322,1.574
3323,0.6021
3324,0.9399
3325,0.8897
3326,0.3094
3327,0.6819
3328,0.9186
3329,0.3876
3330,1.101
3331,0.6748
3332,0.401
3333,0.5421
3334,0.9689
3335,0.1047
3336,0.7046
3337,0.6766
3338,0.6797
3339,0.04016
3340,1.928
3341,0.9321
3342,0.6333
3343,1.345
3344,1.638
3345,1.322
3346,1.998
3347,0.7494
3348,0.6098
3349,0.04689
3350,0.6866
3351,0.4847
3352,0.01477
3353,1.038
3354,0.02069
3355,0.8839
3356,0.2544
3357,0.7345
3358,0.09828
3359,0.1794
3360,0.5279
3361,0.2918
3362,0.4801
3363,0.4316
3364,1.561
3365,0.7421
3366,0.2951
3367,0.6605
3368,0.219
3369,0.9248
3370,0.0619
3371,0.0868
3372,0.7863
3373,0.1929
3374,1.334
3375,0.09063
3376,0.3357
3377,1.528
3378,1.161
3379,0.6526
3380,0.02147
3381,0.8739
3382,0.4389
3383,0.9453
3384,0.2497
3385,0.09896
3386,0.1498
3387,1.268
3388,0.5116
3389,0.1202
3390,0.1539
3391,0.9192
3392,0.2413
3393,0.4918
3394,0.03192
3395,0.3524
3396,0.4565
3397,1.494
3398,1.148
3399,0.1312
3400,1.024
3401,1.399
3402,0.2585
3403,0.4211
3404,1.405
3405,0.454
3406,1.222
3407,0.4115
3408,0.03688
3409,0.0668
3410,0.5941
3411,0.0006283
3412,0.9563
3413,0.04512
3414,0.4075
3415,0.4663
3416,0.519
3417,0.4953
3418,0.1503
3419,0.7185
3420,1.147
3421,0.4172
3422,0.1701
3423,0.2674
3424,0.7818
3425,0.6891
3426,1.097
3427,0.2785
3428,0.6674
3429,0.1997
3430,0.1767
3431,0.7647
3432,0.7718
3433,0.1911
3434,0.9708
3435,0.5148
3436,0.9137
3437,1.357
3438,0.5206
3439,0.09257
3440,0.9681
3441,0.2048
3442,0.9272
3443,0.9492
3444,0.3397
3445,0.9892
3446,0.09169
3447,0.3322
3448,0.07001
3449,0.1596
3450,0.4871
3451,0.7319
3452,0.3645
3453,1.588
3454,0.2506
3455,0.6002
3456,0.01881
3457,0.8938
3458,0.1384
3459,0.2874
3460,0.02412
3461,0.604
3462,0.5001
3463,0.1679
3464,1.063
3465,0.1556
3466,1.118
3467,1.379
3468,0.7454
3469,1.357
3470,0.2727
3471,0.657
3472,0.6857
3473,1.446
3474,0.2993
3475,0.1715
3476,0.2403
3477,0.5659
3478,0.4769
3479,0.4436
3480,0.1629
3481,1.396
3482,0.2642
3483,1.569
3484,0.184
3485,0.4306
3486,0.3458
3487,0.06211
3488,0.1182
3489,2.176
3490,0.9029
3491,0.6401
3492,0.2468
3493,0.2682
3494,0.63
3495,0.5518
3496,0.3597
3497,1.177
3498,0.4297
3499,0.0511
3500,1.296
3501,0.5282
3502,0.1318
3503,1.478
3504,0.7477
3505,0.5698
3506,0.7236
3507,0.08112
3508,0.01165
3509,0.9829
3510,0.9019
3511,0.8042
3512,0.1867
3513,1.145
3514,1.024
3515,1.071
3516,0.4941
3517,0.6103
3518,0.222
3519,2.055
3520,1.141
3521,1.041
3522,0.887
3523,1.084
3524,0.1222
3525,1.265
3526,1.111
3527,0.6926
3528,0.04393
3529,1.088
3530,0.1286
3531,0.05505
3532,0.08285
3533,0.07582
3534,0.6001
3535,0.1332
3536,0.07312
3537,1.342
3538,0.508
3539,0.4113
3540,0.6402
3541,0.01759
3542,0.7158
3543,0.005424
3544,0.6814
3545,0.6592
3546,0.4823
3547,0.2363
3548,0.6491
3549,0.2635
3550,0.001896
3551,0.4517
3552,0.8917
3553,0.01659
3554,1.739
3555,0.3974
3556,0.1429
3557,1.975
3558,0.08016
3559,1.305
3560,2.11
3561,1.539
3562,0.9214
3563,1.033
3564,0.637
3565,0.8088
3566,1.892
3567,0.9198
3568,0.4487
3569,0.2825
3570,1.296
3571,0.4547
3572,0.7507
3573,0.03559
3574,0.4604
3575,1.482
3576,0.7823
3577,0.3212
3578,0.02425
3579,0.6705
3580,0.372
3581,0.567
3582,0.7278
3583,0.01602
3584,0.4999
3585,0.8198
3586,0.517
3587,0.6968
3588,0.9661
3589,0.2128
3590,1.291
3591,0.6482
3592,1.616
3593,0.7892
3594,0.5761
3595,1.57
3596,0.46
3597,1.383
3598,0.2239
3599,1.7
3600,0.6652
3601,0.8925
3602,0.2077
3603,0.6139
3604,0.7615
3605,0.4974
3606,0.7024
3607,0.4732
3608,0.3662
3609,0.0007229
3610,0.8168
3611,1.31
3612,0.2878
3613,1.114
3614,0.9452
3615,0.9526
3616,0.02062
3617,0.2139
3618,0.9498
3619,0.3474
3620,0.9199
3621,0.5266
3622,0.06698
3623,0.2156
3624,0.5402
3625,0.8802
3626,0.3309
3627,0.3342
3628,0.6119
3629,1.338
3630,1.419
3631,0.1581
3632,0.3066
3633,0.2019
3634,0.1
3635,0.4792
3636,1.095
3637,0.3045
3638,0.03378
3639,0.544
3640,0.3971
3641,0.8955
3642,0.3441
3643,0.4813
3644,0.1888
3645,0.858
3646,0.05327
3647,0.09157
3648,1.398
3649,0.6537
3650,0.8672
3651,0.3278
3652,0.3084
3653,0.5863
3654,0.2976
3655,0.3963
3656,0.5331
3657,0.6404
3658,0.0281
3659,0.7543
3660,0.08375
3661,0.8235
3662,0.441
3663,0.06256
3664,0.533
3665,0.31
3666,0.2668
3667,0.6771
3668,0.5057
3669,2.005
3670,1.21
3671,0.1428
3672,0.6818
3673,0.1843
3674,0.4948
3675,0.2261
3676,1.308
3677,0.1803
3678,1.668
3679,0.7809
3680,0.09737
3681,1.097
3682,0.01484
3683,0.3191
3684,0.3393
3685,0.8166
3686,0.4097
3687,0.6462
3688,0.4866
3689,0.2984
3690,0.7544
3691,0.7561
3692,0.1908
3693,0.9938
3694,0.453
3695,0.7357
3696,1.033
3697,0.02408
3698,0.562
3699,0.8656
3700,1.319
3701,0.3337
3702,0.138
3703,0.1192
3704,0.3649
3705,0.123
3706,1.799
3707,0.004019
3708,0.891
3709,0.1402
3710,0.1046
3711,0.2256
3712,1.243
3713,0.896
3714,1.422
3715,0.3216
3716,0.3474
3717,0.4041
3718,0.1845
3719,0.43
3720,0.2805
3721,0.1462
3722,0.08069
3723,0.7648
3724,0.4194
3725,0.201
3726,1.016
3727,0.6184
3728,0.8845
3729,0.1276
3730,0.3883
3731,0.2953
3732,1.024
3733,0.02264
3734,0.3593
3735,0.4705
3736,0.4977
3737,1.36
3738,0.01572
3739,0.6216
3740,0.624
3741,0.6978
3742,0.6285
3743,0.5082
3744,0.5937
3745,0.7058
3746,0.9193
3747,0.1702
3748,0.5616
3749,0.7212
3750,0.5483
3751,0.003355
3752,1.012
3753,1.242
3754,0.7933
3755,0.2317
3756,0.1651
3757,0.8352
3758,0.1325
3759,0.09303
3760,0.6752
3761,0.1846
3762,0.2092
3763,1.167
3764,1.605
3765,0.5587
3766,0.2167
3767,0.3156
3768,0.009269
3769,0.3261
3770,1.855
3771,0.1313
3772,0.843
3773,1.512
3774,0.2599
3775,0.2643
3776,0.3781
3777,0.9395
3778,0.3543
3779,0.2024
3780,0.4014
3781,0.616
3782,0.3203
3783,0.2506
3784,0.5367
3785,0.3012
3786,0.485
3787,1.407
3788,0.01671
3789,0.3537
3790,1.49
3791,0.987
3792,0.7235
3793,1.114
3794,0.436
3795,0.5784
3796,1.318
3797,0.2234
3798,0.4986
3799,0.3093
3800,0.2013
3801,0.406
3802,0.3542
3803,1.198
3804,0.3785
3805,0.1443
3806,0.3526
3807,0.5063
3808,1.006
3809,0.4934
3810,0.4778
3811,0.01237
3812,0.4715
3813,0.7314
3814,0.2896
3815,0.9735
3816,0.2686
3817,1.181
3818,0.1858
3819,1.461
3820,0.6279
3821,0.037
3822,0.6237
3823,0.2232
3824,0.6781
3825,0.4198
3826,0.2704
3827,0.07731
3828,0.8365
3829,0.2831
3830,0.5154
3831,2.258
3832,0.9014
3833,0.5136
3834,0.5905
3835,0.4091
3836,0.5903
3837,0.4108
3838,0.4235
3839,0.9684
3840,0.7342
3841,1.278
3842,0.02222
3843,0.7273
3844,0.6977
3845,0.2497
3846,0.4426
3847,0.7747
3848,1.411
3849,0.2505
3850,0.7384
3851,0.5026
3852,0.1717
3853,0.05533
3854,1.024
3855,0.6796
3856,0.6738
3857,0.64
3858,0.465
3859,1.17
3860,1.268
3861,0.6782
3862,0.3462
3863,0.2399
3864,1.203
3865,0.9853
3866,0.09829
3867,0.4559
3868,0.5566
3869,0.0056
3870,0.5223
3871,0.3754
3872,0.7935
3873,1.74
3874,0.2665
3875,0.2544
3876,0.1815
3877,0.6708
3878,0.1632
3879,0.2826
3880,1.075
3881,1.292
3882,0.8443
3883,0.5918
3884,0.7813
3885,0.4538
3886,0.7115
3887,0.5059
3888,0.7494
3889,0.905
3890,0.007452
3891,1.028
3892,0.6691
3893,0.2886
3894,0.2152
3895,1.046
3896,0.3281
3897,0.03506
3898,0.1673
3899,0.5366
3900,0.4619
3901,0.4428
3902,0.9786
3903,0.2228
3904,0.9093
3905,0.6096
3906,0.1456
3907,0.844
3908,0.4482
3909,0.8772
3910,1.286
3911,0.06889
3912,0.2391
3913,0.1959
3914,0.4249
3915,0.9304
3916,0.4013
3917,0.05903
3918,1.043
3919,0.4669
3920,0.763
3921,0.6488
3922,0.6357
3923,0.2006
3924,0.7563
3925,0.9112
3926,0.261
3927,0.3434
3928,0.002608
3929,1.659
3930,0.5908
3931,0.5611
3932,0.8274
3933,0.1235
3934,1.169
3935,0.3076
3936,1.486
3937,0.9382
3938,0.7225
3939,1.456
3940,0.02185
3941,0.2242
3942,0.2624
3943,0.2447
3944,1.225
3945,0.6722
3946,0.7349
3947,0.8059
3948,0.6547
3949,0.2426
3950,0.8383
3951,0.6126
3952,0.8194
3953,0.1741
3954,1.152
3955,0.8197
3956,0.1844
3957,0.09721
3958,0.6938
3959,0.1701
3960,0.6733
3961,1.057
3962,0.7312
3963,0.2398
3964,0.07217
3965,0.6044
3966,0.8014
3967,0.4047
3968,0.1248
3969,0.4144
3970,0.2328
3971,1.008
3972,0.2566
3973,0.2414
3974,1.028
3975,0.1029
3976,0.2152
3977,0.5417
3978,0.8185
3979,0.48
3980,0.57
3981,0.3475
3982,0.6457
3983,0.7928
3984,0.4732
3985,0.5973
3986,0.9991
3987,0.05244
3988,0.277
3989,0.2747
3990,0.3264
3991,0.1986
3992,0.3758
3993,0.9257
3994,2.429
3995,0.8854
3996,1.435
3997,0.1641
3998,0.3309
3999,1.016
4000,1.242
4001,0.005652
4002,0.8924
4003,1.043
4004,0.3044
4005,0.1473
4006,0.456
4007,1.506
4008,1.16
4009,1.063
4010,1.075
4011,0.1771
4012,0.7543
4013,0.8128
4014,1.971
4015,0.7259
4016,0.6804
4017,1.255
4018,0.4181
4019,0.2218
4020,0.8098
4021,0.9643
4022,0.688
4023,0.4819
4024,0.6012
4025,0.3821
4026,0.08902
4027,0.5902
4028,0.6216
4029,0.2551
4030,1.004
4031,0.3591
4032,0.1281
4033,0.2416
4034,0.1226
4035,1.224
4036,0.9441
4037,0.2259
4038,0.8369
4039,1.536
4040,0.4521
4041,0.1596
4042,1.043
4043,0.9189
4044,0.303
4045,1.036
4046,0.519
4047,0.4296
4048,0.8054
4049,0.1154
4050,1.094
4051,0.5737
4052,1.296
4053,0.2264
4054,1.058
4055,0.8444
4056,0.06272
4057,0.2024
4058,0.3997
4059,2.253
4060,0.09622
4061,0.0167
4062,0.9372
4063,0.6683
4064,0.04331
4065,0.07454
4066,1.145
4067,1.483
4068,0.6803
4069,1.747
4070,0.4802
4071,1.232
4072,0.1326
4073,1.154
4074,0.01257
4075,0.8146
4076,0.918
4077,0.7561
4078,0.1043
4079,0.5571
4080,0.7448
4081,1.491
4082,0.2173
4083,0.4324
4084,0.4154
4085,0.6159
4086,0.2141
4087,0.03498
4088,0.4389
4089,0.7339
4090,0.4985
4091,0.3182
4092,0.4164
4093,0.9292
4094,1.089
4095,0.5322
4096,0.3881
4097,1.038
4098,0.846
4099,0.07347
4100,0.08261
4101,0.7092
4102,0.04292
4103,0.9024
4104,1.311
4105,0.1983
4106,1.151
4107,0.1425
4108,0.4554
4109,0.1361
4110,1.418
4111,0.2328
4112,0.4711
4113,0.3265
4114,0.2157
4115,0.686
4116,0.1653
4117,0.08945
4118,0.3146
4119,0.1535
4120,0.7108
4121,0.762
4122,0.7357
4123,0.7046
4124,0.07536
4125,0.06648
4126,0.4713
4127,0.5284
4128,1.92
4129,0.1122
4130,1.691
4131,0.6097
4132,0.5968
4133,0.7904
4134,0.3147
4135,0.6509
4136,0.5914
4137,0.5957
4138,0.329
4139,0.1447
4140,0.6677
4141,1.092
4142,1.342
4143,1.261
4144,1.775
4145,0.9037
4146,0.4425
4147,0.2834
4148,0.4994
4149,0.2945
4150,0.6796
4151,0.0248
4152,1.557
4153,0.2557
4154,0.02971
4155,0.3819
4156,0.4808
4157,0.1182
4158,0.1247
4159,0.04735
4160,0.6585
4161,0.8172
4162,0.9446
4163,0.4778
4164,1.219
4165,0.07417
4166,0.8682
4167,0.3687
4168,0.4161
4169,0.07328
4170,0.5488
4171,1.139
4172,0.6359
4173,1.319
4174,0.6308
4175,0.3773
4176,1.23
4177,0.4873
4178,0.5741
4179,2.502
4180,0.2233
4181,0.4412
4182,0.4565
4183,0.8289
4184,0.4431
4185,0.8031
4186,0.7962
4187,0.6437
4188,0.314
4189,0.08291
4190,0.02139
4191,0.2012
4192,0.4259
4193,0.3581
4194,1.028
4195,1.356
4196,0.4436
4197,0.7671
4198,0.02995
4199,0.6824
4200,0.5011
4201,0.5324
4202,0.7415
4203,1.442
4204,0.4479
4205,0.2184
4206,0.2878
4207,0.511
4208,0.5102
4209,1.19
4210,0.6936
4211,0.2266
4212,1.181
4213,0.6868
4214,0.1286
4215,0.4527
4216,0.8675
4217,0.2659
4218,0.5993
4219,0.1076
4220,0.1154
4221,0.5424
4222,1.299
4223,0.2928
4224,1.848
4225,1.371
4226,0.01031
4227,2.008
4228,0.1317
4229,0.001753
4230,0.3634
4231,0.5885
4232,0.8146
4233,0.2052
4234,0.4248
4235,0.755
4236,0.1685
4237,1.214
4238,0.6373
4239,0.5057
4240,0.08231
4241,0.7606
4242,1.002
4243,0.9381
4244,0.7752
4245,0.4017
4246,1.046
4247,0.3891
4248,1.894
4249,0.2013
4250,0.09156
4251,0.6916
4252,0.4094
4253,0.4595
4254,0.5361
4255,1.921
4256,1.912
4257,0.04425
4258,0.7139
4259,0.5812
4260,0.5845
4261,0.189
4262,1.621
4263,0.4967
4264,1.267
4265,1.099
4266,1.271
4267,0.936
4268,0.7251
4269,1.009
4270,0.9003
4271,1.524
4272,0.07144
4273,0.5726
4274,0.03122
4275,0.8443
4276,0.5051
4277,0.2207
4278,0.9361
4279,0.291
4280,0.8124
4281,1.688
4282,0.4206
4283,0.2323
4284,0.1308
4285,0.8992
4286,0.6787
4287,1.182
4288,0.5189
4289,0.4837
4290,0.003611
4291,0.2658
4292,0.2602
4293,0.3115
4294,0.2345
4295,0.1769
4296,0.8289
4297,0.1939
4298,0.1125
4299,0.1191
4300,0.06514
4301,1.195
4302,0.2513
4303,0.08806
4304,0.74
4305,1.463
4306,0.04245
4307,0.5021
4308,0.457
4309,1.039
4310,0.9364
4311,0.6032
4312,1.175
4313,1.115
4314,1.058
4315,0.6527
4316,0.5752
4317,1.361
4318,0.3943
4319,0.1229
4320,0.2601
4321,0.512
4322,0.4963
4323,0.5628
4324,0.3534
4325,0.4604
4326,0.2838
4327,0.5998
4328,0.3785
4329,0.2793
4330,0.4433
4331,0.4371
4332,0.4128
4333,0.04837
4334,0.2908
4335,0.3326
4336,0.4131
4337,0.7049
4338,0.3415
4339,0.4672
4340,0.9767
4341,1.17
4342,0.4712
4343,1.898
4344,0.3063
4345,0.4725
4346,0.4183
4347,0.3307
4348,0.4043
4349,0.1876
4350,0.003338
4351,0.08366
4352,0.5616
4353,0.4037
4354,0.4536
4355,2.506
4356,0.2367
4357,0.7911
4358,0.5581
4359,0.8029
4360,0.7171
4361,0.3141
4362,0.005142
4363,0.3008
4364,0.231
4365,0.498
4366,0.9187
4367,0.234
4368,0.3071
4369,0.6885
4370,0.8107
4371,0.4118
4372,0.06939
4373,1.114
4374,0.2565
4375,1.427
4376,1.131
4377,0.02482
4378,0.7989
4379,0.09695
4380,0.136
4381,0.9148
4382,0.7782
4383,0.3518
4384,0.1403
4385,0.8278
4386,0.7625
4387,0.2607
4388,1.299
4389,1.215
4390,1.693
4391,0.02517
4392,0.5988
4393,1.96
4394,0.07276
4395,0.7559
4396,0.1754
4397,0.2196
4398,0.1737
4399,1.262
4400,0.9001
4401,0.937
4402,0.4547
4403,0.4875
4404,1.19
4405,0.1921
4406,1.258
4407,0.2851
4408,0.02603
4409,0.8856
4410,0.1637
4411,0.8911
4412,0.1816
4413,0.6996
4414,0.2751
4415,0.02714
4416,0.6099
4417,0.6013
4418,0.7997
4419,0.3396
4420,0.4006
4421,0.5627
4422,0.4198
4423,0.883
4424,0.6555
4425,0.6062
4426,1.644
4427,0.9905
4428,0.4026
4429,1.568
4430,0.08511
4431,0.4477
4432,1.526
4433,0.131
4434,0.1397
4435,1.102
4436,0.1784
4437,0.2862
4438,1.016
4439,0.9843
4440,1.003
4441,1.601
4442,0.4544
4443,2.017
4444,0.1153
4445,0.3332
4446,1.057
4447,0.003843
4448,0.1032
4449,0.3823
4450,0.6473
4451,0.9731
4452,0.7171
4453,1.329
4454,0.03584
4455,0.04331
4456,0.7792
4457,0.6163
4458,0.4834
4459,0.987
4460,0.958
4461,0.2586
4462,1.385
4463,0.315
4464,0.1176
4465,0.4295
4466,1.923
4467,0.162
4468,0.3779
4469,0.3484
4470,1.262
4471,0.4809
4472,0.7352
4473,0.2052
4474,0.4337
4475,0.1397
4476,0.1576
4477,0.7604
4478,0.8982
4479,0.7142
4480,0.09948
4481,0.2881
4482,0.2783
4483,0.2855
4484,0.2049
4485,0.7898
4486,0.4592
4487,0.7804
4488,0.01978
4489,0.3273
4490,0.9256
4491,0.658
4492,1.345
4493,0.03187
4494,0.3357
4495,0.09745
4496,0.9432
4497,0.4546
4498,0.6719
4499,0.5947
4500,0.2145
4501,0.5033
4502,0.2481
4503,0.02138
4504,0.9265
4505,0.6784
4506,0.4575
4507,0.8319
4508,0.7112
4509,0.07918
4510,0.6487
4511,0.1342
4512,0.5514
4513,0.4361
4514,0.2497
4515,1.257
4516,0.108
4517,1.259
4518,0.6645
4519,0.5321
4520,0.4873
4521,0.08284
4522,0.442
4523,0.3773
4524,0.03135
4525,0.2677
4526,0.4952
4527,0.8397
4528,0.1986
4529,0.6744
4530,0.2616
4531,1.906
4532,0.5253
4533,0.1574
4534,0.08975
4535,0.1144
4536,0.1909
4537,0.1159
4538,0.9507
4539,1.241
4540,0.2046
4541,1
4542,1.266
4543,2.289
4544,0.5068
4545,0.2636
4546,0.3707
4547,0.1823
4548,0.1094
4549,0.9652
4550,1.236
4551,0.3965
4552,0.3349
4553,0.1956
4554,0.02644
4555,0.1078
4556,0.5542
4557,1.641
4558,0.6351
4559,0.8311
4560,0.08308
4561,0.453
4562,0.2811
4563,0.2872
4564,0.778
4565,0.5002
4566,0.2824
4567,0.02901
4568,0.7326
4569,0.5215
4570,0.3261
4571,0.2914
4572,0.4348
4573,0.1238
4574,0.3381
4575,1.03
4576,1.116
4577,0.6063
4578,2.616
4579,0.08226
4580,0.06069
4581,0.6525
4582,1.353
4583,0.8026
4584,1.141
4585,0.6817
4586,0.9355
4587,0.6976
4588,1.24
4589,0.6048
4590,0.1288
4591,0.5512
4592,0.4698
4593,0.4295
4594,0.4983
4595,1.116
4596,0.4587
4597,0.2189
4598,0.389
4599,1.484
4600,0.1128
4601,1.176
4602,0.4475
4603,0.05546
4604,0.2894
4605,0.7833
4606,0.2954
4607,0.573
4608,2.501
4609,0.6492
4610,0.6539
4611,1.029
4612,0.9938
4613,0.2677
4614,0.6033
4615,1.132
4616,1.154
4617,0.5149
4618,0.7459
4619,0.9113
4620,0.9507
4621,0.01379
4622,0.8518
4623,0.2819
4624,0.269
4625,0.6263
4626,0.851
4627,0.8041
4628,1.463
4629,0.5522
4630,0.07352
4631,0.4164
4632,0.9266
4633,0.4397
4634,0.7621
4635,0.4405
4636,0.1614
4637,0.439
4638,1.723
4639,0.66
4640,0.5641
4641,0.4079
4642,0.2173
4643,0.5584
4644,0.2443
4645,1.036
4646,0.9831
4647,1.24
4648,0.7636
4649,1.271
4650,0.9823
4651,0.2244
4652,0.07392
4653,0.9973
4654,0.9512
4655,0.6645
4656,0.7306
4657,0.4939
4658,0.463
4659,0.3996
4660,0.325
4661,0.1354
4662,0.03892
4663,0.9197
4664,0.1588
4665,1.47
4666,0.07099
4667,0.2789
4668,0.3807
4669,0.05837
4670,0.01106
4671,0.1897
4672,1.213
4673,0.1733
4674,0.6289
4675,0.8149
4676,0.128
4677,0.4268
4678,1.181
4679,0.8183
4680,0.5964
4681,0.1858
4682,0.7637
4683,1.278
4684,0.04183
4685,0.8184
4686,0.6694
4687,0.5175
4688,0.4284
4689,0.674
4690,0.2083
4691,1.034
4692,0.01609
4693,0.3831
4694,0.4448
4695,0.4769
4696,0.4398
4697,1.114
4698,0.6755
4699,0.5611
4700,1.886
4701,1.026
4702,1.287
4703,1.006
4704,0.9618
4705,0.5165
4706,0.4952
4707,0.4142
4708,0.7401
4709,0.4449
4710,0.1081
4711,0.7868
4712,0.09179
4713,0.0112
4714,0.3957
4715,0.1942
4716,0.08277
4717,1.304
4718,0.5957
4719,0.4751
4720,0.7454
4721,0.2228
4722,0.5335
4723,1.182
4724,0.1502
4725,2.173
4726,0.2067
4727,0.7417
4728,0.2578
4729,0.3326
4730,0.8836
4731,2.296
4732,0.9184
4733,0.2094
4734,0.4388
4735,1.823
4736,0.9637
4737,0.8528
4738,1.448
4739,0.04327
4740,0.6708
4741,1.111
4742,1.348
4743,0.1685
4744,0.9139
4745,1.986
4746,0.05469
4747,0.4498
4748,0.6939
4749,0.6708
4750,0.3965
4751,0.7432
4752,0.2445
4753,0.7058
4754,0.2164
4755,0.7114
4756,1.266
4757,0.3635
4758,0.794
4759,1.923
4760,0.2915
4761,0.4584
4762,0.1106
4763,0.3517
4764,0.7188
4765,0.7854
4766,0.3492
4767,0.039
4768,0.583
4769,0.9627
4770,0.8104
4771,1.778
4772,0.4856
4773,0.09441
4774,0.4663
4775,0.1128
4776,1.054
4777,0.1521
4778,0.4924
4779,0.1941
4780,0.5079
4781,0.8756
4782,0.1402
4783,0.6664
4784,0.2475
4785,0.08483
4786,0.3433
4787,0.4964
4788,0.1633
4789,1.023
4790,1.516
4791,0.1794
4792,0.6682
4793,1.33
4794,0.04914
4795,1.404
4796,1.112
4797,0.8845
4798,0.1476
4799,1.256
4800,0.9918
4801,0.6248
4802,0.552
4803,0.4851
4804,0.1209
4805,1.184
4806,0.7814
4807,0.255
4808,0.1568
4809,0.8969
4810,0.339
4811,0.6824
4812,0.4878
4813,0.9686
4814,0.5745
4815,0.2781
4816,0.5428
4817,0.1749
4818,0.1673
4819,0.649
4820,0.3627
4821,0.3388
4822,1.979
4823,0.02085
4824,0.8628
4825,0.2639
4826,1.002
4827,0.7759
4828,1.738
4829,0.4391
4830,0.3951
4831,0.7691
4832,1.056
4833,0.8221
4834,2.012
4835,1.576
4836,0.6949
4837,0.1999
4838,0.4243
4839,1.262
4840,0.5291
4841,0.07165
4842,0.2034
4843,0.02006
4844,0.8846
4845,1.206
4846,0.6564
4847,1.005
4848,0.3194
4849,0.01982
4850,0.1092
4851,1.002
4852,1.553
4853,0.3111
4854,0.2298
4855,0.5724
4856,0.866
4857,0.1258
4858,0.001319
4859,0.4584
4860,1.456
4861,0.483
4862,0.6424
4863,0.01338
4864,0.2422
4865,1.148
4866,0.9515
4867,1.321
4868,0.2551
4869,0.3683
4870,0.4845
4871,0.2213
4872,0.1782
4873,0.8493
4874,0.7875
4875,0.7692
4876,0.4128
4877,1.185
4878,0.1527
4879,0.5768
4880,0.1532
4881,0.1343
4882,0.5586
4883,0.7948
4884,0.6742
4885,0.7002
4886,0.1498
4887,0.75
4888,0.2233
4889,0.7339
4890,0.5495
4891,1.865
4892,2.025
4893,0.9591
4894,0.04459
4895,0.6026
4896,1.103
4897,0.4187
4898,0.7846
4899,0.7426
4900,0.279
4901,0.4513
4902,1.161
4903,0.6165
4904,1.207
4905,0.9024
4906,0.4957
4907,0.02066
4908,1.096
4909,1.195
4910,0.694
4911,0.01124
4912,0.1351
4913,0.06918
4914,1.081
4915,0.3216
4916,0.4495
4917,0.9563
4918,0.6457
4919,0.8096
4920,0.3184
4921,0.4615
4922,0.1223
4923,0.2017
4924,0.5252
4925,0.1857
4926,0.1403
4927,0.2777
4928,0.06882
4929,0.2968
4930,0.8657
4931,1.03
4932,0.1935
4933,0.1642
4934,0.586
4935,0.8196
4936,0.6853
4937,1.217
4938,0.08444
4939,0.5378
4940,0.71
4941,0.2823
4942,0.07236
4943,0.3229
4944,0.6265
4945,0.06272
4946,0.1698
4947,0.1632
4948,0.3506
4949,0.3205
4950,1.068
4951,0.5345
4952,0.2688
4953,1.234
4954,0.7692
4955,0.4377
4956,0.1809
4957,0.9211
4958,0.4959
4959,0.3155
4960,1.548
4961,0.5035
4962,0.1757
4963,1.231
4964,0.5552
4965,0.2889
4966,0.9025
4967,0.671
4968,0.6601
4969,1.371
4970,0.1885
4971,0.0571
4972,0.1932
4973,0.3604
4974,0.01857
4975,0.5864
4976,0.7399
4977,0.1864
4978,0.4127
4979,0.4106
4980,1.716
4981,0.1618
4982,1.043
4983,0.3471
4984,0.9316
4985,1.121
4986,0.09749
4987,0.2209
4988,0.2718
4989,2.194
4990,0.699
4991,1.41
4992,0.6274
4993,1.537
4994,0.8637
4995,0.1534
4996,0.2703
4997,0.8535
4998,0.6301
4999,0.06961
5000,0.1157
5001,0.3454
5002,0.4171
5003,0.1369
5004,0.07084
5005,0.6275
5006,0.6946
5007,0.8947
5008,0.1926
5009,0.4095
5010,1.365
5011,1.847
5012,1.331
5013,0.0607
5014,0.5432
5015,0.9028
5016,0.342
5017,0.1626
5018,1.189
5019,0.378
5020,0.8543
5021,0.5536
5022,0.3094
5023,0.6422
5024,0.392
5025,1.18
5026,0.7866
5027,1.525
5028,0.7315
5029,0.4527
5030,0.8302
5031,0.1621
5032,0.1336
5033,0.5846
5034,0.1943
5035,0.5607
5036,1.181
5037,0.2511
5038,0.4797
5039,0.3971
5040,0.6007
5041,0.2083
5042,0.7377
5043,0.3475
5044,0.1899
5045,0.0879
5046,0.1527
5047,0.8957
5048,0.1545
5049,1.015
5050,0.2177
5051,0.3958
5052,0.5137
5053,0.6195
5054,0.4874
5055,1.051
5056,0.7646
5057,0.8302
5058,0.9281
5059,0.4479
5060,0.3928
5061,0.5574
5062,0.4573
5063,0.3124
5064,0.7433
5065,1.459
5066,0.8257
5067,0.2497
5068,0.4504
5069,0.7426
5070,0.005241
5071,0.125
5072,0.406
5073,1
5074,0.08548
5075,1.298
5076,0.358
5077,0.4898
5078,0.1762
5079,0.6221
5080,1.214
5081,0.1211
5082,0.9643
5083,0.7307
5084,0.3839
5085,1.163
5086,0.3807
5087,0.06392
5088,0.4727
5089,0.6995
5090,0.8114
5091,0.5182
5092,0.2586
5093,0.2643
5094,0.0028
5095,0.1118
5096,0.1409
5097,1.029
5098,0.2961
5099,0.2061
5100,0.5466
5101,0.5299
5102,0.1698
5103,0.7417
5104,0.2555
5105,0.8289
5106,0.4563
5107,0.8611
5108,0.7208
5109,0.2146
5110,0.414
5111,0.4616
5112,0.8451
5113,0.2976
5114,1.246
5115,0.2528
5116,0.6472
5117,0.375
5118,1.829
5119,0.502
5120,0.02818
5121,0.2936
5122,0.2926
5123,0.1134
5124,0.7547
5125,0.942
5126,0.9565
5127,0.5456
5128,0.7177
5129,0.4413
5130,0.1086
5131,0.05576
5132,0.6548
5133,0.8936
5134,0.672
5135,0.3324
5136,1.059
5137,0.764
5138,0.4924
5139,0.6967
5140,1.487
5141,1.341
5142,0.9248
5143,0.199
5144,0.06292
5145,0.4048
5146,0.225
5147,0.4178
5148,0.8746
5149,0.2489
5150,0.6004
5151,1.85
5152,1.968
5153,0.3891
5154,1.74
5155,1.347
5156,0.02675
5157,0.3829
5158,1.029
5159,0.8352
5160,0.8135
5161,0.1336
5162,0.2083
5163,0.3501
5164,0.1317
5165,0.5135
5166,0.5386
5167,1.197
5168,0.89
5169,0.7078
5170,0.6273
5171,1.376
5172,0.1196
5173,0.9868
5174,0.2472
5175,0.5999
5176,0.7385
5177,0.4425
5178,0.3281
5179,0.6183
5180,0.4016
5181,0.7831
5182,0.1845
5183,0.5727
5184,0.8439
5185,0.7048
5186,0.05274
5187,1.252
5188,0.7702
5189,0.3809
5190,0.05981
5191,1.712
5192,0.2444
5193,0.1295
5194,0.7655
5195,0.359
5196,0.7092
5197,1.564
5198,0.3249
5199,0.3782
5200,0.04457
5201,1.166
5202,0.3785
5203,0.7134
5204,0.5235
5205,0.05855
5206,0.2972
5207,0.1812
5208,0.1381
5209,0.7946
5210,1.746
5211,1.078
5212,1.007
5213,0.28
5214,0.8379
5215,0.718
5216,0.1247
5217,1.316
5218,0.06166
5219,0.2878
5220,0.6942
5221,1.052
5222,0.5923
5223,0.5816
5224,2.27
5225,0.2217
5226,0.3899
5227,0.6483
5228,0.1834
5229,0.144
5230,0.01056
5231,0.3981
5232,0.2366
5233,0.814
5234,0.4838
5235,1.221
5236,0.6658
5237,0.4256
5238,0.4361
5239,0.05669
5240,0.7348
5241,0.9526
5242,1.756
5243,1.895
5244,0.5349
5245,0.8564
5246,0.5707
5247,0.06558
5248,0.7738
5249,0.9519
5250,0.7669
5251,0.6038
5252,0.4394
5253,0.1574
5254,0.04769
5255,1.901
5256,0.2309
5257,0.2182
5258,0.5621
5259,1.464
5260,0.5826
5261,0.7009
5262,0.5445
5263,0.7044
5264,0.5174
5265,0.134
5266,0.61
5267,0.2519
5268,0.7433
5269,1.385
5270,0.1811
5271,0.3628
5272,0.5015
5273,1.532
5274,1.146
5275,0.7615
5276,0.8983
5277,0.128
5278,0.441
5279,1.023
5280,0.3898
5281,0.3313
5282,0.4321
5283,1.866
5284,0.02933
5285,1.073
5286,0.8155
5287,0.3089
5288,1.289
5289,0.1195
5290,0.8552
5291,0.8314
5292,0.7708
5293,0.9494
5294,1.156
5295,1.394
5296,1.486
5297,1.483
5298,0.8294
5299,0.3244
5300,0.4462
5301,0.1259
5302,0.382
5303,0.2046
5304,0.4426
5305,0.6844
5306,0.8866
5307,1.258
5308,0.8088
5309,0.5661
5310,0.5009
5311,0.158
5312,0.166
5313,0.2176
5314,0.002619
5315,0.9884
5316,0.02357
5317,0.1762
5318,0.5135
5319,0.2158
5320,0.7198
5321,1.158
5322,0.6312
5323,0.2842
5324,0.3818
5325,0.1831
5326,0.3186
5327,0.7018
5328,0.5641
5329,1.278
5330,0.3107
5331,1.258
5332,0.9254
5333,0.9809
5334,1.195
5335,1.216
5336,0.6477
5337,0.6486
5338,0.72
5339,0.1912
5340,0.4387
5341,0.1233
5342,0.7237
5343,0.4377
5344,0.2355
5345,0.07011
5346,0.8691
5347,0.7089
5348,0.7539
5349,0.3741
5350,1.484
5351,0.4204
5352,1.829
5353,1.392
5354,1.245
5355,0.2026
5356,1.342
5357,0.303
5358,0.0464
5359,0.00425
5360,0.01765
5361,1.476
5362,1.324
5363,0.05693
5364,0.9254
5365,0.8393
5366,0.1915
5367,0.1377
5368,1.1
5369,0.0001903
5370,0.2393
5371,0.5298
5372,0.0939
5373,1.211
5374,0.8951
5375,0.9886
5376,0.4905
5377,0.8718
5378,1.049
5379,0.5226
5380,0.52
5381,0.1192
5382,0.3638
5383,0.1857
5384,0.6319
5385,0.5696
5386,0.8907
5387,0.7936
5388,0.1196
5389,0.3688
5390,0.5345
5391,1.802
5392,0.1701
5393,0.3879
5394,0.8782
5395,1.291
5396,0.3101
5397,1.415
5398,1.268
5399,0.7608
5400,0.6337
5401,1.087
5402,0.2422
5403,0.7532
5404,0.5236
5405,0.8463
5406,0.7375
5407,0.5004
5408,0.469
5409,0.1437
5410,0.04379
5411,0.5899
5412,0.1816
5413,0.6768
5414,0.8685
5415,0.04542
5416,0.375
5417,1.885
5418,0.908
5419,0.865
5420,0.3335
5421,1.556
5422,0.526
5423,1.132
5424,0.3787
5425,0.5062
5426,0.09137
5427,0.8038
5428,0.8478
5429,0.9286
5430,1.076
5431,0.6708
5432,0.2604
5433,0.2255
5434,0.3799
5435,0.4489
5436,0.1011
5437,0.4454
5438,0.03466
5439,0.8201
5440,1.008
5441,0.2501
5442,0.8118
5443,0.7024
5444,0.2117
5445,0.04431
5446,0.0481
5447,0.5043
5448,0.5422
5449,0.7255
5450,0.3286
5451,0.3533
5452,0.09422
5453,0.2826
5454,0.6099
5455,0.5048
5456,0.05103
5457,1.424
5458,1.173
5459,0.2121
5460,0.6201
5461,0.8532
5462,1.624
5463,0.3877
5464,0.068
5465,0.1458
5466,0.3595
5467,0.7905
5468,0.7457
5469,0.9398
5470,0.7735
5471,0.3092
5472,0.129
5473,2.31
5474,0.009219
5475,0.5221
5476,1.785
5477,1.16
5478,0.4954
5479,0.0001046
5480,0.1237
5481,0.9064
5482,0.2145
5483,0.2308
5484,0.857
5485,0.9075
5486,0.04866
5487,0.3881
5488,0.7281
5489,0.3625
5490,1.059
5491,1.688
5492,0.7919
5493,0.2516
5494,0.8705
5495,0.4803
5496,1.285
5497,0.8024
5498,0.02528
5499,0.3497
5500,0.2238
5501,0.7993
5502,0.3395
5503,0.4693
5504,0.1298
5505,0.6347
5506,0.7082
5507,1.083
5508,0.399
5509,0.3813
5510,0.1542
5511,0.5648
5512,0.9921
5513,0.3909
5514,1.043
5515,0.9628
5516,0.9731
5517,1.489
5518,0.7236
5519,1.604
5520,0.06273
5521,1.534
5522,0.4297
5523,0.2132
5524,0.6085
5525,0.4738
5526,0.579
5527,0.2509
5528,0.514
5529,0.4819
5530,1.013
5531,1.48
5532,1.214
5533,0.7227
5534,0.08325
5535,0.6295
5536,0.2389
5537,0.871
5538,0.4459
5539,0.01101
5540,0.6594
5541,1.602
5542,0.5626
5543,0.3162
5544,0.01751
5545,0.2448
5546,0.3354
5547,0.08166
5548,0.5746
5549,0.6174
5550,0.04111
5551,1.53
5552,0.8325
5553,0.05119
5554,0.3534
5555,0.3776
5556,0.539
5557,0.1573
5558,0.7442
5559,2.054
5560,0.5803
5561,1.499
5562,0.07165
5563,0.7908
5564,0.3469
5565,0.157
5566,1.214
5567,0.3569
5568,0.2015
5569,1.213
5570,0.4246
5571,0.7759
5572,1.739
5573,0.4737
5574,0.2677
5575,0.3044
5576,0.5311
5577,0.3854
5578,0.2552
5579,0.9953
5580,0.3494
5581,0.3671
5582,0.2191
5583,0.6681
5584,1.046
5585,0.9201
5586,0.7019
5587,1.627
5588,0.8071
5589,0.3067
5590,1.777
5591,0.2873
5592,0.1996
5593,0.00248
5594,0.3895
5595,0.237
5596,0.3464
5597,0.1758
5598,0.832
5599,0.408
5600,0.3495
5601,0.04954
5602,0.05834
5603,0.09873
5604,0.4041
5605,0.895
5606,0.9445
5607,0.5934
5608,0.09127
5609,1.12
5610,0.1023
5611,0.1128
5612,0.4029
5613,1.339
5614,0.8975
5615,0.03691
5616,0.3773
5617,0.9747
5618,0.4455
5619,0.5208
5620,0.239
5621,1.819
5622,0.1382
5623,0.1143
5624,0.161
5625,0.0773
5626,0.9955
5627,0.5434
5628,0.6249
5629,0.5297
5630,0.5432
5631,0.2001
5632,0.6255
5633,1.253
5634,0.9173
5635,0.6734
5636,0.5742
5637,0.7589
5638,0.5193
5639,1.31
5640,0.3701
5641,0.5565
5642,0.3767
5643,0.1519
5644,0.0473
5645,0.2667
5646,0.1708
5647,0.5441
5648,0.4398
5649,0.4666
5650,0.2886
5651,0.3151
5652,0.5284
5653,0.112
5654,0.1214
5655,1.03
5656,1.453
5657,0.5528
5658,0.03026
5659,0.275
5660,0.7216
5661,0.514
5662,1.55
5663,0.2779
5664,1.209
5665,0.08742
5666,0.2432
5667,1.204
5668,0.2182
5669,0.1064
5670,1.042
5671,0.2725
5672,0.3876
5673,0.8028
5674,0.4011
5675,1.205
5676,1.495
5677,0.009822
5678,0.2495
5679,0.1614
5680,1.199
5681,0.08307
5682,0.2632
5683,0.3652
5684,0.1877
5685,0.03128
5686,0.5953
5687,0.783
5688,0.4744
5689,0.5053
5690,0.9418
5691,0.07115
5692,0.02713
5693,0.1607
5694,0.73
5695,0.5758
5696,0.7454
5697,0.8145
5698,0.4384
5699,0.7339
5700,1.495
5701,0.4396
5702,0.6415
5703,0.6457
5704,0.8201
5705,0.1544
5706,0.5832
5707,0.08482
5708,0.8087
5709,0.278
5710,0.6077
5711,0.5236
5712,0.5977
5713,0.8588
5714,0.03496
5715,0.1875
5716,1.105
5717,0.6866
5718,0.1923
5719,0.4193
5720,0.1548
5721,0.4082
5722,0.3262
5723,0.3679
5724,0.07123
5725,0.3009
5726,0.1877
5727,0.3213
5728,0.1667
5729,0.6012
5730,0.3116
5731,0.4196
5732,0.22
5733,0.04467
5734,1.047
5735,0.2108
5736,0.1689
5737,0.2517
5738,0.4824
5739,1.25
5740,1.016
5741,0.9469
5742,0.1569
5743,0.3136
5744,1.006
5745,0.4212
5746,0.3254
5747,0.5845
5748,2.084
5749,0.3605
5750,0.07137
5751,0.3138
5752,0.3104
5753,0.4112
5754,0.4731
5755,0.5416
5756,0.7102
5757,0.2528
5758,0.3218
5759,0.1289
5760,0.9227
5761,0.07068
5762,0.535
5763,0.8196
5764,0.9471
5765,0.4691
5766,0.3258
5767,0.372
5768,0.3491
5769,1.034
5770,1.304
5771,0.1574
5772,0.7956
5773,1.078
5774,0.0467
5775,1.596
5776,0.3997
5777,0.3075
5778,0.5968
5779,0.1761
5780,0.8768
5781,0.2359
5782,0.194
5783,0.2399
5784,0.1695
5785,1.05
5786,0.8316
5787,0.6634
5788,0.4964
5789,0.2693
5790,1.425
5791,0.6325
5792,0.006708
5793,0.6595
5794,0.1032
5795,0.1154
5796,0.9012
5797,0.5078
5798,0.4109
5799,1.027
5800,0.3087
5801,0.1136
5802,0.06255
5803,0.1886
5804,0.8695
5805,0.2618
5806,1.454
5807,0.6998
5808,0.5632
5809,0.3287
5810,0.7488
5811,0.478
5812,2.029
5813,0.5213
5814,0.03349
5815,0.1708
5816,0.804
5817,0.2609
5818,0.5476
5819,0.276
5820,0.2168
5821,0.1821
5822,0.5763
5823,2.181
5824,0.3137
5825,0.1904
5826,1.038
5827,0.4543
5828,0.628
5829,1.006
5830,0.08562
5831,0.03182
5832,0.007326
5833,0.5078
5834,0.05324
5835,0.6663
5836,0.247
5837,0.3203
5838,0.8799
5839,0.8956
5840,0.9034
5841,1.539
5842,0.06248
5843,1.011
5844,1.477
5845,0.03585
5846,0.2424
5847,1.343
5848,1.784
5849,0.06796
5850,0.3496
5851,0.624
5852,0.888
5853,0.7531
5854,0.2354
5855,2.772
5856,0.4775
5857,0.5958
5858,0.5316
5859,0.09198
5860,0.666
5861,0.33
5862,1.318
5863,0.6464
5864,2.047
5865,0.1335
5866,1.285
5867,0.0238
5868,0.4198
5869,0.3415
5870,0.6045
5871,0.8594
5872,1.949
5873,0.4836
5874,1.355
5875,0.6492
5876,0.1755
5877,0.7079
5878,0.4115
5879,0.8321
5880,0.4329
5881,0.5649
5882,1.606
5883,0.2541
5884,0.8805
5885,0.8375
5886,0.5952
5887,0.466
5888,0.7225
5889,0.08809
5890,1.446
5891,0.6304
5892,0.06
5893,1.088
5894,0.9642
5895,0.9418
5896,0.4935
5897,0.7681
5898,0.2229
5899,0.2128
5900,0.08651
5901,0.8524
5902,0.0479
5903,0.9514
5904,0.1048
5905,0.209
5906,0.6263
5907,0.7666
5908,0.2862
5909,0.7312
5910,1.281
5911,0.2453
5912,0.13
5913,0.3322
5914,0.1099
5915,0.2834
5916,1.956
5917,1.351
5918,1.175
5919,0.03407
5920,0.06624
5921,0.5592
5922,0.1272
5923,0.5949
5924,0.3619
5925,0.08975
5926,0.2063
5927,0.3655
5928,0.1723
5929,0.7018
5930,0.1865
5931,0.2312
5932,0.7127
5933,0.4615
5934,0.7997
5935,0.1043
5936,0.6691
5937,0.6606
5938,0.8437
5939,1.174
5940,0.4116
5941,1.154
5942,0.922
5943,0.5664
5944,0.4777
5945,1.45
5946,0.1369
5947,1.755
5948,0.7768
5949,0.159
5950,0.9032
5951,0.4697
5952,0.07187
5953,0.2752
5954,0.02807
5955,0.3279
5956,1.094
5957,0.6814
5958,0.7644
5959,0.3063
5960,0.8643
5961,0.1086
5962,0.5118
5963,0.662
5964,0.5383
5965,0.8783
5966,0.481
5967,0.07564
5968,0.55
5969,0.3201
5970,0.8743
5971,0.478
5972,0.7866
5973,0.3102
5974,0.1987
5975,0.2604
5976,0.1126
5977,1.235
5978,0.6122
5979,0.4815
5980,0.08538
5981,0.1216
5982,1.364
5983,0.5676
5984,0.3339
5985,0.3129
5986,0.1077
5987,0.2238
5988,0.2554
5989,0.632
5990,0.6102
5991,0.3828
5992,0.114
5993,0.01945
5994,0.255
5995,0.09756
5996,0.7514
5997,0.5669
5998,0.6842
5999,0.2999
6000,0.8078
6001,0.3284
6002,0.1122
6003,0.8958
6004,1.033
6005,1.223
6006,0.8383
6007,0.9287
6008,0.008831
6009,0.182
6010,0.3825
6011,0.4674
6012,0.9015
6013,0.1637
6014,0.8544
6015,0.8446
6016,0.2602
6017,0.2101
6018,0.308
6019,0.9901
6020,0.1154
6021,0.09565
6022,0.6388
6023,0.5852
6024,0.8626
6025,0.6027
6026,1.179
6027,0.6298
6028,0.7025
6029,0.2707
6030,0.6456
6031,0.5874
6032,1.071
6033,0.0281
6034,0.4548
6035,0.8316
6036,1.166
6037,0.7819
6038,1.624
6039,0.6874
6040,1.195
6041,0.9708
6042,0.212
6043,0.5677
6044,0.6876
6045,0.3939
6046,0.583
6047,2.213
6048,0.6201
6049,0.2787
6050,0.6164
6051,0.2958
6052,1.082
6053,0.2845
6054,0.7602
6055,0.1516
6056,0.252
6057,0.784
6058,0.106
6059,0.05922
6060,1.096
6061,0.871
6062,0.2061
6063,0.2453
6064,0.5486
6065,0.664
6066,0.3779
6067,1.007
6068,0.1762
6069,1.125
6070,0.5901
6071,0.9687
6072,0.7027
6073,0.7393
6074,0.3157
6075,0.2039
6076,0.5001
6077,0.4147
6078,0.1402
6079,0.6721
6080,0.06665
6081,1.21
6082,0.03742
6083,0.08338
6084,0.8503
6085,0.1466
6086,1.501
6087,0.8324
6088,0.342
6089,0.5108
6090,0.958
6091,1.427
6092,1.568
6093,0.1881
6094,0.3473
6095,0.5074
6096,0.5178
6097,0.3217
6098,0.3625
6099,1.334
6100,0.6991
6101,0.1724
6102,0.1258
6103,0.8531
6104,0.1939
6105,0.3298
6106,0.002378
6107,0.124
6108,0.7491
6109,0.7116
6110,0.2682
6111,0.6558
6112,0.07966
6113,0.3914
6114,0.379
6115,0.9352
6116,1.937
6117,0.4216
6118,0.09292
6119,0.05705
6120,0.3558
6121,0.7026
6122,1.157
6123,0.5918
6124,0.9407
6125,0.1473
6126,0.423
6127,0.6584
6128,1.181
6129,0.1651
6130,0.03924
6131,0.01648
6132,0.6909
6133,0.009727
6134,0.2534
6135,0.3868
6136,0.3447
6137,0.4227
6138,1.091
6139,1.32
6140,0.3709
6141,2.239
6142,1.329
6143,0.7795
6144,0.6958
6145,0.03364
6146,1.663
6147,0.6598
6148,0.3956
6149,0.4211
6150,0.2589
6151,0.2789
6152,0.5688
6153,0.7622
6154,0.5678
6155,0.3494
6156,0.04637
6157,1.552
6158,0.08662
6159,2.167
6160,0.6109
6161,0.6389
6162,0.211
6163,0.02011
6164,0.5325
6165,0.622
6166,0.4005
6167,0.13
6168,0.3741
6169,0.8061
6170,0.5767
6171,0.5519
6172,1.004
6173,1.071
6174,1.785
6175,0.2434
6176,0.1905
6177,0.3063
6178,1.997
6179,0.7713
6180,0.5257
6181,0.4769
6182,0.2898
6183,0.1438
6184,0.3195
6185,1.079
6186,0.6844
6187,0.3124
6188,1.161
6189,0.2671
6190,0.2894
6191,0.516
6192,0.1387
6193,0.9189
6194,0.4466
6195,0.638
6196,0.5361
6197,0.8495
6198,0.6486
6199,0.1906
6200,0.623
6201,0.3017
6202,0.9773
6203,0.9195
6204,0.3057
6205,0.05314
6206,0.158
6207,0.3282
6208,0.2531
6209,0.8603
6210,0.5625
6211,0.9225
6212,0.5004
6213,0.3473
6214,0.08473
6215,0.7195
6216,0.5449
6217,0.05619
6218,0.5262
6219,0.3577
6220,0.7379
6221,0.3854
6222,0.6427
6223,0.9114
6224,0.6656
6225,0.2888
6226,0.5461
6227,1.495
6228,0.0157
6229,1.623
6230,0.6568
6231,1.355
6232,0.1415
6233,0.5464
6234,1.719
6235,1.089
6236,1.298
6237,1.178
6238,0.5037
6239,0.9416
6240,0.0233
6241,1.065
6242,0.255
6243,0.2506
6244,0.5834
6245,0.1496
6246,0.694
6247,0.105
6248,1.323
6249,0.4921
6250,0.5553
6251,0.7617
6252,0.7302
6253,0.3536
6254,0.224
6255,0.02045
6256,0.2996
6257,0.2676
6258,0.1591
6259,1.258
6260,0.1753
6261,0.9066
6262,0.2318
6263,0.4181
6264,0.3541
6265,1.063
6266,0.3414
6267,0.351
6268,1.563
6269,1.009
6270,1.033
6271,1.599
6272,0.1253
6273,1.199
6274,0.8185
6275,0.316
6276,0.5601
6277,0.184
6278,0.5367
6279,1.258
6280,0.3964
6281,0.1685
6282,0.4767
6283,1.453
6284,0.6286
6285,0.1213
6286,0.8531
6287,0.4332
6288,0.2876
6289,0.1241
6290,1.074
6291,0.5788
6292,1.608
6293,0.0847
6294,0.7158
6295,0.3257
6296,0.3965
6297,0.08739
6298,1.087
6299,0.3191
6300,1.201
6301,0.3214
6302,0.00835
6303,0.9396
6304,0.3815
6305,0.02147
6306,1.133
6307,0.3802
6308,0.6322
6309,0.8476
6310,0.528
6311,0.6229
6312,0.0306
6313,0.4041
6314,0.4475
6315,0.3563
6316,0.1955
6317,1.143
6318,0.2134
6319,0.6874
6320,1.263
6321,0.7529
6322,1.309
6323,0.9673
6324,0.1483
6325,0.6956
6326,1.178
6327,0.961
6328,0.3175
6329,0.4602
6330,0.3173
6331,0.4338
6332,1.502
6333,0.3607
6334,0.2956
6335,0.3027
6336,0.8355
6337,0.5499
6338,0.02098
6339,0.4538
6340,0.425
6341,0.3269
6342,0.5397
6343,0.2552
6344,0.6551
6345,0.7623
6346,0.9978
6347,0.3001
6348,1.054
6349,0.1455
6350,0.9429
6351,0.5029
6352,0.1738
6353,0.5101
6354,0.3241
6355,0.6651
6356,0.2936
6357,0.8771
6358,1.466
6359,0.04732
6360,0.7083
6361,0.3281
6362,0.09999
6363,0.3824
6364,0.1082
6365,0.2746
6366,0.2896
6367,0.6604
6368,0.7032
6369,0.6337
6370,0.9217
6371,0.3183
6372,1.415
6373,0.3723
6374,0.1792
6375,0.8587
6376,0.3554
6377,0.5562
6378,0.4081
6379,0.3752
6380,0.1138
6381,0.5182
6382,0.5466
6383,0.897
6384,0.5673
6385,0.7826
6386,0.1377
6387,0.9638
6388,0.4047
6389,0.8429
6390,0.0471
6391,0.493
6392,0.3409
6393,0.4126
6394,0.1009
6395,0.4373
6396,1.176
6397,0.03695
6398,0.4365
6399,0.1827
6400,0.7838
6401,1.315
6402,0.8895
6403,1.903
6404,0.4448
6405,0.1797
6406,0.9178
6407,1.032
6408,1.276
6409,0.26
6410,0.1643
6411,0.2686
6412,0.891
6413,0.08208
6414,1.134
6415,0.3035
6416,0.902
6417,0.9944
6418,0.2903
6419,0.08231
6420,0.04174
6421,0.8217
6422,1.254
6423,0.2883
6424,0.4261
6425,0.07634
6426,0.3416
6427,0.4054
6428,0.0484
6429,1.051
6430,0.4657
6431,0.5929
6432,0.2332
6433,1.379
6434,0.07652
6435,0.7804
6436,0.4069
6437,2.07
6438,0.5524
6439,0.5071
6440,1.354
6441,1.197
6442,0.2439
6443,1.032
6444,0.8034
6445,0.6663
6446,1.533
6447,0.5375
6448,0.7159
6449,0.3882
6450,0.9904
6451,0.2609
6452,0.2399
6453,1.733
6454,0.8882
6455,0.645
6456,1.014
6457,0.1027
6458,0.1087
6459,0.689
6460,0.7311
6461,1.249
6462,0.7174
6463,0.6769
6464,0.5691
6465,1.119
6466,0.4129
6467,0.8202
6468,0.07823
6469,0.2489
6470,0.8116
6471,0.6002
6472,1.318
6473,1.243
6474,1.05
6475,0.5493
6476,0.3459
6477,0.2103
6478,0.1493
6479,0.234
6480,0.5297
6481,0.6461
6482,0.3327
6483,0.9793
6484,0.02939
6485,0.2457
6486,0.7298
6487,1.106
6488,0.5055
6489,0.009112
6490,1.8
6491,1.192
6492,0.3384
6493,0.8814
6494,0.2415
6495,0.3175
6496,0.3648
6497,0.4098
6498,0.8819
6499,1.935
6500,0.2213
6501,0.6743
6502,0.09591
6503,0.3881
6504,0.8043
6505,0.08539
6506,1.681
6507,0.5375
6508,1.342
6509,0.2791
6510,0.1208
6511,0.0676
6512,1.361
6513,0.04376
6514,0.8416
6515,0.5275
6516,0.08519
6517,0.9451
6518,0.1233
6519,0.2401
6520,1.231
6521,0.3564
6522,0.9063
6523,0.8688
6524,0.294
6525,0.7877
6526,0.6191
6527,0.4437
6528,1.69
6529,0.1908
6530,0.7308
6531,0.1218
6532,0.07764
6533,0.01449
6534,0.1624
6535,0.03421
6536,0.0236
6537,0.6766
6538,0.8589
6539,0.5139
6540,1.279
6541,0.102
6542,0.4514
6543,0.2462
6544,0.2134
6545,0.859
6546,0.3701
6547,0.7348
6548,0.02787
6549,1.121
6550,0.05752
6551,0.5958
6552,0.1609
6553,1.562
6554,0.4521
6555,1.174
6556,1.217
6557,0.9393
6558,1.513
6559,0.142
6560,0.3992
6561,0.2501
6562,1.011
6563,0.4396
6564,0.2284
6565,0.6311
6566,0.9614
6567,2.165
6568,1.711
6569,1.435
6570,0.765
6571,0.3792
6572,0.2225
6573,1.026
6574,0.993
6575,0.5327
6576,0.6309
6577,0.3418
6578,1.121
6579,1.005
6580,0.1885
6581,0.6194
6582,0.7773
6583,0.2382
6584,0.6865
6585,1.071
6586,0.4778
6587,0.3714
6588,0.3504
6589,1.357
6590,0.4686
6591,0.2595
6592,0.8302
6593,0.7017
6594,0.101
6595,0.4172
6596,0.1693
6597,0.4011
6598,0.1253
6599,1.402
6600,0.527
6601,0.8448
6602,1.409
6603,0.5247
6604,0.4557
6605,0.937
6606,1.009
6607,2.245
6608,1.643
6609,0.7151
6610,0.8499
6611,0.5797
6612,0.4553
6613,0.603
6614,0.3696
6615,1.097
6616,0.5424
6617,0.73
6618,0.1726
6619,0.3575
6620,0.6337
6621,0.2996
6622,1.127
6623,0.8111
6624,0.03166
6625,0.837
6626,0.1169
6627,2.164
6628,0.3035
6629,0.3089
6630,0.543
6631,1.098
6632,0.564
6633,0.005665
6634,0.919
6635,0.1387
6636,0.1344
6637,1.154
6638,0.7661
6639,1.731
6640,1.411
6641,0.6172
6642,1.571
6643,0.7959
6644,0.1961
6645,1.147
6646,0.695
6647,0.8249
6648,0.419
6649,0.885
6650,0.4536
6651,2.036
6652,0.2525
6653,0.7382
6654,0.1829
6655,1.07
6656,0.5205
6657,0.4799
6658,0.4477
6659,0.9826
6660,0.1596
6661,0.1325
6662,0.6417
6663,1.498
6664,0.3187
6665,0.5281
6666,0.4516
6667,0.5784
6668,0.5339
6669,0.2758
6670,0.1146
6671,0.4305
6672,1.181
6673,0.153
6674,0.09942
6675,0.2813
6676,0.3906
6677,0.1882
6678,0.08552
6679,0.8426
6680,0.4928
6681,0.5427
6682,0.1298
6683,0.3894
6684,0.9757
6685,1.456
6686,0.1536
6687,0.8498
6688,0.6771
6689,0.6702
6690,0.726
6691,0.2041
6692,0.7711
6693,0.04114
6694,1.009
6695,0.5234
6696,0.0707
6697,0.3103
6698,0.342
6699,1.029
6700,0.5566
6701,0.07776
6702,0.2127
6703,0.08979
6704,0.439
6705,0.7129
6706,0.15
6707,0.5556
6708,0.9994
6709,0.5794
6710,0.00523
6711,0.5539
6712,0.5323
6713,0.2448
6714,0.1435
6715,0.1197
6716,0.05532
6717,0.787
6718,0.6333
6719,1
6720,0.3874
6721,0.5254
6722,0.5498
6723,1.237
6724,0.4747
6725,0.9719
6726,0.94
6727,1.414
6728,0.4842
6729,0.6829
6730,0.1826
6731,0.1611
6732,0.719
6733,0.5139
6734,0.2061
6735,0.8024
6736,1.417
6737,0.02617
6738,0.1796
6739,0.8178
6740,0.07253
6741,0.2781
6742,0.4613
6743,0.9227
6744,0.1596
6745,1.724
6746,0.1166
6747,0.6418
6748,0.5193
6749,1.021
6750,0.6412
6751,0.312
6752,0.1501
6753,0.1518
6754,0.918
6755,0.3583
6756,0.7351
6757,0.3707
6758,0.5877
6759,1.417
6760,0.479
6761,0.7946
6762,0.7254
6763,1.495
6764,0.6863
6765,1.41
6766,0.7629
6767,0.5403
6768,0.5967
6769,2.02
6770,0.4977
6771,0.3518
6772,0.8179
6773,0.5463
6774,0.3205
6775,0.08477
6776,0.2651
6777,0.2144
6778,0.04525
6779,0.1973
6780,0.1637
6781,0.3936
6782,0.8269
6783,0.2153
6784,1.088
6785,1.04
6786,0.1017
6787,0.133
6788,0.3913
6789,0.1524
6790,0.882
6791,1.09
6792,0.295
6793,0.3176
6794,0.339
6795,0.9458
6796,1.78
6797,1.613
6798,0.3421
6799,0.5522
6800,0.8216
6801,0.9316
6802,0.7954
6803,0.124
6804,2.339
6805,1.094
6806,1.076
6807,1.243
6808,0.7342
6809,0.3339
6810,0.7391
6811,0.6449
6812,1.346
6813,0.7616
6814,0.261
6815,0.7163
6816,1.982
6817,0.535
6818,0.003902
6819,0.3451
6820,0.7327
6821,0.1533
6822,0.7121
6823,0.4969
6824,1.134
6825,0.09318
6826,0.1606
6827,0.3184
6828,0.8122
6829,0.5612
6830,0.04521
6831,0.7304
6832,1.184
6833,0.9241
6834,0.5997
6835,0.4221
6836,0.5668
6837,0.5873
6838,1.148
6839,1.041
6840,0.3209
6841,0.04053
6842,0.534
6843,0.5203
6844,0.7173
6845,0.3091
6846,0.3191
6847,0.348
6848,0.1799
6849,0.6196
6850,0.3435
6851,0.1953
6852,0.1869
6853,0.3663
6854,0.05579
6855,0.2171
6856,0.5104
6857,0.8296
6858,0.417
6859,1.158
6860,0.3569
6861,0.3509
6862,0.1749
6863,0.04438
6864,0.1911
6865,1.051
6866,0.6204
6867,0.5559
6868,0.9022
6869,0.9897
6870,1.371
6871,0.6294
6872,0.02048
6873,0.02403
6874,0.5246
6875,1.053
6876,0.7716
6877,0.3228
6878,1.749
6879,0.412
6880,1.109
6881,0.692
6882,0.641
6883,0.2249
6884,0.557
6885,0.488
6886,0.5417
6887,0.5848
6888,1.09
6889,0.4155
6890,1.136
6891,1.253
6892,0.3486
6893,0.6282
6894,0.6063
6895,0.0283
6896,0.4164
6897,0.8461
6898,0.5557
6899,0.1949
6900,0.03488
6901,0.4623
6902,0.03706
6903,0.6282
6904,1.797
6905,0.2307
6906,0.3331
6907,1.42
6908,0.1294
6909,0.003897
6910,0.5649
6911,0.286
6912,0.249
6913,0.7507
6914,1.656
6915,0.08949
6916,0.03346
6917,0.4421
6918,1.172
6919,0.5983
6920,0.6549
6921,0.2139
6922,0.5158
6923,0.004736
6924,0.8608
6925,0.7692
6926,0.2227
6927,0.7738
6928,0.3615
6929,1.246
6930,0.2594
6931,0.867
6932,0.9947
6933,0.5562
6934,1.05
6935,0.6577
6936,0.4838
6937,0.8189
6938,0.3954
6939,0.5069
6940,0.0454
6941,0.2257
6942,0.1342
6943,0.6918
6944,1.231
6945,0.4568
6946,0.639
6947,0.8567
6948,0.5143
6949,0.4556
6950,0.04935
6951,1.756
6952,0.7013
6953,0.9147
6954,0.5031
6955,0.2347
6956,0.8739
6957,1.425
6958,1.833
6959,0.6346
6960,0.5618
6961,0.6074
6962,0.7599
6963,0.6711
6964,0.696
6965,1.924
6966,1.09
6967,0.6805
6968,0.4295
6969,0.33
6970,0.6834
6971,0.4104
6972,1.611
6973,0.8385
6974,1.576
6975,0.7944
6976,0.5862
6977,0.657
6978,1.478
6979,0.7532
6980,0.5841
6981,0.1652
6982,0.611
6983,0.1781
6984,1.041
6985,0.2872
6986,0.5498
6987,0.7313
6988,0.5472
6989,0.09715
6990,0.2843
6991,0.2044
6992,0.07028
6993,0.1065
6994,0.8692
6995,0.343
6996,0.4209
6997,0.7889
6998,0.5597
6999,0.7568
7000,1.645
7001,0.1277
7002,0.01432
7003,0.8401
7004,2.231
7005,0.04025
7006,0.76
7007,0.8404
7008,1.051
7009,0.1368
7010,0.08604
7011,0.3606
7012,1.203
7013,0.3215
7014,0.1072
7015,1.251
7016,0.7946
7017,1.356
7018,0.07866
7019,0.3299
7020,0.5475
7021,0.7065
7022,0.4669
7023,0.4103
7024,0.0708
7025,0.3093
7026,0.5556
7027,0.7487
7028,0.2103
7029,0.9254
7030,0.6124
7031,0.9667
7032,0.6099
7033,0.05481
7034,0.4024
7035,0.8052
7036,0.0729
7037,0.7099
7038,1.137
7039,0.0951
7040,0.8635
7041,0.1216
7042,0.3663
7043,0.04263
7044,0.642
7045,0.5151
7046,0.4747
7047,0.2165
7048,2.051
7049,0.01816
7050,0.2049
7051,1.2
7052,0.09658
7053,0.2413
7054,0.6425
7055,0.3515
7056,0.008316
7057,0.2011
7058,0.5878
7059,0.2076
7060,0.6304
7061,0.356
7062,0.6507
7063,0.2174
7064,0.6562
7065,0.4592
7066,0.5249
7067,0.05019
7068,0.9113
7069,0.5641
7070,1.07
7071,0.4361
7072,0.577
7073,0.2861
7074,0.3449
7075,0.5331
7076,0.6402
7077,0.4175
7078,0.7921
7079,0.3702
7080,2.033
7081,0.7284
7082,0.3193
7083,0.3154
7084,1.945
7085,0.4568
7086,1.091
7087,0.1749
7088,0.7083
7089,0.2965
7090,0.2802
7091,0.1692
7092,0.8177
7093,0.4742
7094,0.4347
7095,0.1276
7096,0.5464
7097,0.7513
7098,0.1291
7099,0.2975
7100,1.143
7101,0.05218
7102,0.1357
7103,0.04074
7104,0.9057
7105,1.078
7106,1.238
7107,0.8479
7108,0.2995
7109,0.8874
7110,0.9114
7111,0.1775
7112,0.7948
7113,0.3106
7114,1.233
7115,0.3769
7116,0.8919
7117,0.141
7118,1.368
7119,0.2891
7120,0.3015
7121,0.9487
7122,0.617
7123,0.7164
7124,0.6134
7125,0.5912
7126,0.1801
7127,1.092
7128,0.5294
7129,0.4806
7130,0.1583
7131,1.53
7132,1.002
7133,0.08409
7134,0.8063
7135,0.3245
7136,0.05897
7137,0.2246
7138,1.486
7139,0.2661
7140,0.8251
7141,0.6048
7142,0.6714
7143,0.6523
7144,1.364
7145,1.141
7146,0.2055
7147,0.7069
7148,0.06731
7149,0.05486
7150,0.5306
7151,0.7649
7152,0.04729
7153,0.3605
7154,1.456
7155,0.3732
7156,0.1154
7157,0.404
7158,0.1453
7159,0.8653
7160,0.2633
7161,0.002399
7162,0.7069
7163,1.341
7164,0.8989
7165,0.05109
7166,1.014
7167,1.079
7168,0.1651
7169,0.4
7170,0.5828
7171,0.5569
7172,0.3934
7173,0.3922
7174,0.00702
7175,1.464
7176,0.2106
7177,0.7186
7178,0.03514
7179,1.008
7180,0.5872
7181,0.5111
7182,1.638
7183,0.03513
7184,1.942
7185,0.7664
7186,2.178
7187,1.021
7188,0.6651
7189,0.6762
7190,0.2377
7191,0.19
7192,0.3347
7193,0.6026
7194,0.8796
7195,0.5243
7196,0.3584
7197,1.551
7198,0.3503
7199,0.1596
7200,0.06954
7201,0.7467
7202,0.1997
7203,1.475
7204,0.8794
7205,0.9956
7206,0.7056
7207,0.9939
7208,0.8656
7209,0.7038
7210,0.3081
7211,1.62
7212,0.2832
7213,0.3069
7214,0.9726
7215,0.298
7216,0.04443
7217,0.2458
7218,1.266
7219,0.1359
7220,0.6157
7221,0.1457
7222,0.1625
7223,0.7162
7224,0.4373
7225,0.6474
7226,0.4789
7227,0.0827
7228,0.02145
7229,0.08309
7230,0.3736
7231,0.4151
7232,0.1646
7233,0.3967
7234,1.16
7235,0.2827
7236,0.7204
7237,0.7227
7238,0.06884
7239,0.4357
7240,0.6576
7241,0.5583
7242,0.3112
7243,0.448
7244,0.6321
7245,0.4062
7246,0.3174
7247,0.1062
7248,0.1175
7249,0.02989
7250,0.3417
7251,0.7412
7252,0.827
7253,1.082
7254,0.8155
7255,0.482
7256,0.1148
7257,0.4457
7258,1.031
7259,0.6916
7260,0.2834
7261,0.7559
7262,1.257
7263,0.5033
7264,0.4866
7265,0.377
7266,0.5553
7267,0.9052
7268,0.2905
7269,0.3858
7270,0.1647
7271,0.6821
7272,0.54
7273,0.8662
7274,0.5145
7275,0.234
7276,0.5107
7277,1.118
7278,1.223
7279,0.5051
7280,0.3333
7281,0.4381
7282,0.3962
7283,0.08678
7284,0.178
7285,0.497
7286,0.08166
7287,0.02938
7288,0.2508
7289,0.3516
7290,0.9473
7291,0.5882
7292,1.248
7293,0.1842
7294,0.5364
7295,0.5262
7296,0.03855
7297,0.01814
7298,0.6491
7299,0.4953
7300,0.373
7301,0.5439
7302,0.5141
7303,0.2436
7304,0.2622
7305,0.6067
7306,0.236
7307,0.4397
7308,0.9304
7309,0.7515
7310,0.9308
7311,0.3749
7312,1.038
7313,0.4167
7314,0.2978
7315,0.4732
7316,1.242
7317,0.8315
7318,0.4067
7319,1.727
7320,0.04726
7321,0.8054
7322,1.108
7323,0.4185
7324,0.6305
7325,0.1723
7326,0.9303
7327,0.3904
7328,0.8489
7329,0.07549
7330,0.3206
7331,0.1665
7332,0.3348
7333,0.8281
7334,0.07688
7335,0.3132
7336,0.6687
7337,1.33
7338,0.1944
7339,0.1948
7340,0.227
7341,0.01964
7342,0.2342
7343,1.276
7344,0.9629
7345,0.31
7346,0.8549
7347,0.8296
7348,0.4165
7349,0.1293
7350,0.4342
7351,0.007398
7352,0.1623
7353,0.1157
7354,0.8908
7355,0.06095
7356,0.1083
7357,0.7478
7358,0.4289
7359,0.7798
7360,0.5405
7361,1.546
7362,0.3499
7363,1.476
7364,0.8301
7365,0.223
7366,0.5627
7367,0.1402
7368,0.05115
7369,0.01919
7370,0.7384
7371,0.6405
7372,0.4376
7373,0.07886
7374,0.6695
7375,0.003542
7376,0.2816
7377,0.2845
7378,0.4413
7379,1.755
7380,0.5193
7381,0.01681
7382,0.5377
7383,0.8323
7384,1.154
7385,0.7344
7386,1.511
7387,1.658
7388,0.02364
7389,1.38
7390,0.7328
7391,0.9401
7392,0.0194
7393,0.2655
7394,0.4918
7395,0.3017
7396,0.4631
7397,0.2479
7398,0.7755
7399,0.03349
7400,0.6168
7401,0.1599
7402,0.7258
7403,1.205
7404,0.1256
7405,0.9356
7406,0.5391
7407,0.1546
7408,0.174
7409,1.197
7410,0.963
7411,0.4062
7412,0.6827
7413,0.2174
7414,0.629
7415,0.7475
7416,0.2295
7417,0.8474
7418,0.5449
7419,0.3672
7420,0.1602
7421,0.4011
7422,0.176
7423,0.1673
7424,0.405
7425,0.2741
7426,0.326
7427,0.325
7428,0.8761
7429,0.6903
7430,0.5439
7431,0.1666
7432,1.267
7433,0.4268
7434,0.01106
7435,0.7154
7436,0.5057
7437,0.4605
7438,0.668
7439,0.003031
7440,0.5384
7441,0.8596
7442,1.765
7443,0.2959
7444,0.1017
7445,0.4033
7446,0.02888
7447,0.8908
7448,0.4386
7449,0.8946
7450,0.6052
7451,0.03892
7452,2.073
7453,0.75
7454,0.01082
7455,1.075
7456,1.109
7457,1.26
7458,0.07529
7459,0.4252
7460,0.1789
7461,0.8309
7462,0.534
7463,0.5892
7464,0.5354
7465,0.4904
7466,0.7886
7467,1.315
7468,0.6401
7469,0.6135
7470,1.137
7471,0.397
7472,0.3118
7473,0.3554
7474,0.3159
7475,0.09419
7476,0.2306
7477,0.3677
7478,0.7819
7479,0.6537
7480,0.07345
7481,0.9734
7482,1.656
7483,0.8762
7484,0.2541
7485,0.2847
7486,1.805
7487,0.5867
7488,0.7956
7489,0.5691
7490,0.5089
7491,0.8656
7492,0.8971
7493,0.5355
7494,0.3939
7495,0.2346
7496,0.6037
7497,0.5263
7498,1.002
7499,0.6325
7500,1.29
7501,0.1349
7502,0.8231
7503,0.5136
7504,0.3531
7505,0.02508
7506,0.7988
7507,1.417
7508,0.4744
7509,0.2171
7510,1.074
7511,0.4997
7512,0.5863
7513,1.021
7514,1.236
7515,1.101
7516,1.383
7517,0.08762
7518,2.473
7519,1.735
7520,0.9859
7521,0.4821
7522,1.036
7523,0.455
7524,0.01754
7525,0.1138
7526,1.455
7527,0.6614
7528,0.5537
7529,0.6168
7530,0.2082
7531,0.4954
7532,0.3737
7533,0.633
7534,0.8204
7535,0.2911
7536,0.7029
7537,0.2343
7538,0.1716
7539,0.8993
7540,0.3399
7541,1.411
7542,0.3824
7543,0.3641
7544,0.6332
7545,0.1074
7546,0.2235
7547,0.9933
7548,0.7961
7549,0.03284
7550,0.6825
7551,0.4645
7552,0.4023
7553,0.8396
7554,0.2439
7555,0.6268
7556,0.0486
7557,0.1595
7558,1.084
7559,0.9134
7560,1.092
7561,0.2478
7562,0.54
7563,0.3775
7564,0.4437
7565,0.9981
7566,0.3503
7567,0.6047
7568,1.955
7569,0.8705
7570,0.8259
7571,0.2763
7572,0.2024
7573,0.3023
7574,0.4427
7575,0.524
7576,1.517
7577,0.07836
7578,0.2667
7579,0.1002
7580,0.2072
7581,1.097
7582,0.548
7583,0.4549
7584,0.2586
7585,0.06181
7586,0.996
7587,1.661
7588,0.4052
7589,0.7448
7590,0.736
7591,0.4533
7592,0.5038
7593,1.384
7594,0.2023
7595,0.583
7596,0.2261
7597,0.4728
7598,0.3617
7599,0.6248
7600,1.501
7601,0.8384
7602,0.3901
7603,0.4592
7604,0.7172
7605,0.2377
7606,0.8054
7607,0.9377
7608,0.2607
7609,0.6567
7610,0.4076
7611,0.3201
7612,1.429
7613,1.469
7614,1.23
7615,0.6751
7616,0.2196
7617,0.4004
7618,0.09479
7619,0.6411
7620,0.4476
7621,0.2881
7622,0.5175
7623,1.343
7624,0.5928
7625,0.2145
7626,1.118
7627,0.5476
7628,0.9903
7629,0.05858
7630,0.223
7631,0.126
7632,1.044
7633,1.356
7634,0.5316
7635,0.1086
7636,0.3371
7637,0.1291
7638,0.4018
7639,0.6097
7640,0.04208
7641,0.6912
7642,0.548
7643,0.4943
7644,0.1611
7645,0.3444
7646,0.5643
7647,0.6118
7648,0.1278
7649,0.1808
7650,0.6802
7651,1.069
7652,0.383
7653,1.158
7654,0.5996
7655,0.5361
7656,1.115
7657,0.1807
7658,0.5658
7659,0.1214
7660,1.121
7661,0.7621
7662,0.669
7663,0.3889
7664,1.121
7665,0.5119
7666,0.1718
7667,0.1324
7668,1.174
7669,0.02574
7670,0.1205
7671,0.2495
7672,0.5193
7673,0.3091
7674,0.1826
7675,0.1685
7676,0.3505
7677,0.7676
7678,0.9334
7679,0.06693
7680,0.5814
7681,0.4139
7682,0.3696
7683,0.1643
7684,1.201
7685,0.02788
7686,0.7394
7687,0.5593
7688,0.9297
7689,1.363
7690,1.616
7691,0.6586
7692,0.29
7693,1.18
7694,0.4321
7695,0.07208
7696,0.4787
7697,0.1593
7698,0.03274
7699,0.8532
7700,0.4226
7701,0.4321
7702,0.3693
7703,0.4426
7704,0.8215
7705,0.9969
7706,0.9768
7707,0.1986
7708,1.061
7709,0.5705
7710,1.255
7711,0.4026
7712,0.5967
7713,1.392
7714,1.341
7715,0.1718
7716,0.8132
7717,1.06
7718,0.3656
7719,0.4156
7720,0.3461
7721,0.2838
7722,0.7014
7723,0.8147
7724,0.3353
7725,0.4712
7726,0.7721
7727,0.3252
7728,0.1065
7729,0.5883
7730,1.283
7731,1.11
7732,0.9027
7733,0.1819
7734,0.1009
7735,0.7737
7736,0.276
7737,0.4441
7738,0.3358
7739,0.3565
7740,0.7154
7741,0.8344
7742,0.6914
7743,0.36
7744,0.2617
7745,0.8403
7746,0.3144
7747,0.2746
7748,0.3858
7749,0.7071
7750,1.139
7751,1.765
7752,1.329
7753,0.02903
7754,0.7418
7755,0.01336
7756,0.4146
7757,1.019
7758,1.864
7759,0.4425
7760,0.9068
7761,0.08486
7762,0.8422
7763,0.6396
7764,0.5165
7765,0.196
7766,0.2314
7767,0.6545
7768,0.2923
7769,0.3562
7770,1.256
7771,0.9193
7772,1.096
7773,0.4071
7774,1.092
7775,0.1957
7776,0.3812
7777,0.4883
7778,0.4385
7779,0.6633
7780,0.2305
7781,1.114
7782,0.8185
7783,0.1038
7784,1.759
7785,0.8094
7786,1.341
7787,0.7548
7788,0.2306
7789,0.2506
7790,0.09319
7791,1.69
7792,0.621
7793,0.09727
7794,0.03962
7795,1.277
7796,0.3192
7797,1.268
7798,0.2049
7799,0.5483
7800,0.5808
7801,1.011
7802,0.205
7803,0.1229
7804,0.1666
7805,0.2609
7806,0.7385
7807,0.3209
7808,0.8495
7809,1.034
7810,0.3799
7811,0.9821
7812,1.541
7813,0.738
7814,0.3635
7815,0.3838
7816,0.1708
7817,0.3233
7818,0.6785
7819,0.4898
7820,0.2993
7821,0.1157
7822,0.2189
7823,0.7232
7824,0.7197
7825,0.64
7826,0.03589
7827,0.2827
7828,0.871
7829,0.07749
7830,0.4386
7831,0.4826
7832,0.3164
7833,0.5997
7834,0.7696
7835,0.6529
7836,0.201
7837,1.453
7838,1.011
7839,0.007844
7840,0.516
7841,0.9826
7842,0.2698
7843,0.867
7844,0.6635
7845,0.5908
7846,0.4495
7847,0.04943
7848,1.641
7849,0.8249
7850,0.7575
7851,0.3811
7852,0.05773
7853,0.3141
7854,0.0817
7855,0.9693
7856,0.01751
7857,0.06199
7858,0.08415
7859,0.04696
7860,0.002515
7861,0.629
7862,1.118
7863,0.4069
7864,0.07465
7865,0.01859
7866,0.1269
7867,1.401
7868,0.6487
7869,0.8984
7870,0.782
7871,1.257
7872,0.4855
7873,0.6739
7874,0.557
7875,0.6716
7876,1.776
7877,0.1344
7878,0.2977
7879,0.4093
7880,0.1812
7881,1.475
7882,0.7754
7883,0.4548
7884,0.5765
7885,0.07169
7886,0.5979
7887,0.1489
7888,1.797
7889,0.5426
7890,0.6014
7891,0.1339
7892,0.07631
7893,0.3884
7894,0.4999
7895,0.5579
7896,0.854
7897,1.461
7898,0.1837
7899,0.8752
7900,0.8283
7901,0.8774
7902,1.074
7903,0.9334
7904,1.498
7905,1.402
7906,0.7651
7907,1.229
7908,0.9274
7909,0.9213
7910,0.892
7911,0.01132
7912,0.08759
7913,0.01238
7914,0.008364
7915,0.7774
7916,0.4052
7917,0.8551
7918,0.5888
7919,0.6676
7920,1.124
7921,0.454
7922,0.761
7923,0.7554
7924,0.432
7925,0.6177
7926,0.1821
7927,0.7334
7928,0.04875
7929,0.8072
7930,0.4559
7931,0.9829
7932,0.8058
7933,0.5208
7934,1.953
7935,0.8409
7936,0.8593
7937,1.629
7938,0.2469
7939,0.4485
7940,0.3715
7941,0.6331
7942,1.048
7943,1.113
7944,0.132
7945,0.9638
7946,0.8387
7947,0.1485
7948,0.7816
7949,0.8879
7950,0.7453
7951,0.3915
7952,0.08221
7953,0.6328
7954,0.7962
7955,1.193
7956,0.3684
7957,0.2871
7958,0.8699
7959,0.184
7960,0.1696
7961,0.6422
7962,0.431
7963,0.04768
7964,0.7086
7965,0.01263
7966,1.24
7967,0.565
7968,0.86
7969,0.6152
7970,0.3762
7971,0.1616
7972,0.2638
7973,0.5382
7974,0.7914
7975,0.0617
7976,0.4867
7977,1.342
7978,0.05604
7979,0.1322
7980,0.1541
7981,1.064
7982,0.00178
7983,0.02587
7984,0.8784
7985,1.346
7986,0.1479
7987,0.2542
7988,0.7416
7989,0.1877
7990,0.3204
7991,0.3105
7992,0.5177
7993,0.5217
7994,0.1923
7995,1.878
7996,0.8025
7997,0.5559
7998,0.06577
7999,0.2239
8000,0.6569
8001,0.01356
8002,0.8614
8003,0.3551
8004,1.999
8005,0.7891
8006,0.3078
8007,0.1709
8008,0.2329
8009,0.01477
8010,0.7408
8011,0.2818
8012,0.3037
8013,0.4729
8014,0.07874
8015,0.3363
8016,1.232
8017,1.151
8018,0.6466
8019,0.7601
8020,0.8354
8021,0.4943
8022,1.739
8023,0.2175
8024,0.6143
8025,0.07282
8026,1.656
8027,0.2712
8028,0.4298
8029,0.4855
8030,0.2915
8031,0.7675
8032,0.4809
8033,0.5097
8034,0.143
8035,0.3996
8036,0.2212
8037,0.5641
8038,0.3071
8039,0.04164
8040,0.2857
8041,0.1861
8042,0.04462
8043,0.2684
8044,1.096
8045,0.6554
8046,0.09752
8047,0.5418
8048,0.8067
8049,0.771
8050,1.774
8051,0.1602
8052,0.8324
8053,0.8396
8054,1.159
8055,0.8747
8056,0.8847
8057,0.1325
8058,1.028
8059,1.479
8060,1.056
8061,0.7309
8062,0.2166
8063,0.9406
8064,0.1639
8065,0.08056
8066,0.5004
8067,0.3331
8068,0.6536
8069,0.3642
8070,0.4366
8071,0.5718
8072,1.034
8073,0.3349
8074,0.3724
8075,0.1181
8076,0.908
8077,0.2085
8078,0.4666
8079,1.097
8080,0.9233
8081,0.412
8082,0.1185
8083,1.298
8084,1.813
8085,0.7088
8086,0.4251
8087,0.2012
8088,0.4269
8089,0.3071
8090,0.1188
8091,0.5735
8092,0.5306
8093,0.4841
8094,0.3243
8095,0.07442
8096,0.2214
8097,0.904
8098,0.7301
8099,1.34
8100,0.485
8101,0.07045
8102,1.039
8103,0.7863
8104,1.307
8105,0.337
8106,0.7104
8107,0.6315
8108,0.004708
8109,0.08581
8110,0.2902
8111,0.1653
8112,0.4429
8113,0.03797
8114,1.408
8115,0.3554
8116,0.39
8117,0.4903
8118,0.8128
8119,0.06311
8120,0.2617
8121,1.935
8122,1.57
8123,0.2291
8124,0.557
8125,0.104
8126,1.159
8127,2.111
8128,0.7399
8129,0.7209
8130,0.8534
8131,0.2069
8132,1.188
8133,0.7326
8134,0.1632
8135,0.2337
8136,0.7569
8137,0.1794
8138,0.0113
8139,0.9381
8140,0.4677
8141,1.016
8142,1.247
8143,0.8126
8144,0.6857
8145,0.03134
8146,0.5152
8147,2.173
8148,0.07166
8149,0.2147
8150,0.9242
8151,1.391
8152,0.1932
8153,1.166
8154,0.4259
8155,0.3064
8156,0.3073
8157,0.6885
8158,0.09041
8159,0.1589
8160,0.3021
8161,0.1463
8162,1.226
8163,0.6986
8164,0.9158
8165,0.9855
8166,0.1032
8167,1.107
8168,1.312
8169,1.042
8170,1.131
8171,1.277
8172,1.101
8173,1.298
8174,0.9455
8175,0.3742
8176,0.594
8177,1.398
8178,1.41
8179,0.4719
8180,0.7001
8181,1.244
8182,0.2863
8183,0.8711
8184,0.04165
8185,0.6835
8186,0.787
8187,0.04222
8188,1.44
8189,0.6802
8190,0.4321
8191,0.3882
8192,1.016
8193,0.4405
8194,0.855
8195,1.068
8196,0.6839
8197,0.9517
8198,0.3455
8199,0.09281
8200,0.4265
8201,0.6791
8202,0.3652
8203,0.8178
8204,0.437
8205,0.03748
8206,0.5921
8207,0.2025
8208,1.75
8209,1.02
8210,0.4216
8211,0.55
8212,0.5025
8213,0.7195
8214,0.07242
8215,0.1249
8216,1.503
8217,0.07032
8218,0.6495
8219,0.2712
8220,1.372
8221,0.6032
8222,1.474
8223,0.5574
8224,0.004563
8225,0.6532
8226,0.725
8227,0.2457
8228,0.2754
8229,0.4314
8230,0.9026
8231,0.9435
8232,0.001849
8233,0.677
8234,0.221
8235,0.9863
8236,0.06424
8237,0.09713
8238,0.245
8239,0.6804
8240,0.182
8241,0.5758
8242,0.8103
8243,0.8323
8244,1.175
8245,0.01371
8246,0.7321
8247,0.8962
8248,0.001851
8249,0.7236
8250,0.5198
8251,0.8664
8252,1.08
8253,0.01428
8254,0.3477
8255,0.05603
8256,0.1448
8257,0.3725
8258,1.423
8259,0.6397
8260,0.6583
8261,0.01423
8262,0.6269
8263,0.9611
8264,0.4563
8265,0.05586
8266,0.06958
8267,0.3877
8268,0.02591
8269,0.398
8270,0.7622
8271,0.5336
8272,0.8903
8273,0.39
8274,0.3007
8275,0.2778
8276,1.263
8277,0.1244
8278,0.9366
8279,1.205
8280,0.04591
8281,0.8692
8282,0.5119
8283,1.035
8284,0.1945
8285,1.058
8286,0.1994
8287,0.1694
8288,0.8933
8289,0.5123
8290,0.8574
8291,0.4085
8292,0.4628
8293,0.9327
8294,0.374
8295,1.09
8296,1.074
8297,0.1182
8298,0.8908
8299,1.138
8300,0.2546
8301,0.4499
8302,0.7298
8303,0.2092
8304,0.04409
8305,0.8459
8306,0.368
8307,0.05358
8308,1.347
8309,0.0921
8310,1.495
8311,0.4334
8312,1.509
8313,0.1733
8314,0.5366
8315,0.5602
8316,0.3549
8317,0.125
8318,0.5927
8319,0.4937
8320,0.01585
8321,0.02302
8322,0.5778
8323,0.8877
8324,0.4036
8325,0.8387
8326,0.07797
8327,0.8351
8328,0.3039
8329,0.4915
8330,0.6959
8331,1.831
8332,0.4479
8333,1.997
8334,0.849
8335,0.8677
8336,0.4218
8337,0.858
8338,0.8542
8339,0.9101
8340,1.398
8341,0.2839
8342,0.9701
8343,0.9489
8344,0.5788
8345,0.0549
8346,0.9757
8347,0.2327
8348,0.06202
8349,0.494
8350,0.08844
8351,0.1281
8352,0.07207
8353,0.643
8354,0.3417
8355,0.6571
8356,0.9241
8357,0.1382
8358,0.1186
8359,0.03683
8360,0.124
8361,0.3942
8362,0.04266
8363,0.9372
8364,0.6102
8365,0.001644
8366,0.1363
8367,0.2914
8368,0.2432
8369,0.346
8370,0.0574
8371,0.6444
8372,0.5404
8373,0.3727
8374,0.8106
8375,0.55
8376,0.3393
8377,0.4336
8378,0.5926
8379,1.068
8380,0.0007494
8381,0.07487
8382,0.551
8383,0.747
8384,0.8226
8385,0.3108
8386,0.9695
8387,1.089
8388,0.8823
8389,1.48
8390,0.7748
8391,0.7407
8392,0.8622
8393,1.436
8394,0.6513
8395,0.3665
8396,0.6459
8397,0.6639
8398,0.4661
8399,0.8099
8400,0.4515
8401,0.3192
8402,0.7942
8403,2.088
8404,0.1854
8405,0.3082
8406,0.4305
8407,0.2649
8408,1.702
8409,0.5821
8410,0.9156
8411,1.17
8412,0.04633
8413,0.9635
8414,0.03515
8415,0.5136
8416,1.452
8417,0.7196
8418,0.04602
8419,0.5578
8420,0.717
8421,0.08002
8422,0.6479
8423,0.05309
8424,0.5437
8425,0.5548
8426,0.8767
8427,1.675
8428,0.3771
8429,1.545
8430,0.6454
8431,0.006387
8432,0.2412
8433,0.4809
8434,1.251
8435,0.943
8436,1.121
8437,1.351
8438,0.4264
8439,1.256
8440,1.636
8441,0.4793
8442,0.1887
8443,0.2858
8444,0.8221
8445,0.1401
8446,0.7069
8447,0.8376
8448,0.878
8449,0.01052
8450,0.6713
8451,1.33
8452,0.8359
8453,0.3395
8454,0.882
8455,0.7107
8456,0.3988
8457,0.9709
8458,0.5904
8459,0.04155
8460,0.6846
8461,0.4164
8462,0.624
8463,0.0627
8464,1.328
8465,1.593
8466,0.5357
8467,1.485
8468,1.045
8469,1.254
8470,0.3286
8471,0.5844
8472,0.1073
8473,0.4996
8474,0.5399
8475,0.4446
8476,1.261
8477,0.7036
8478,0.4026
8479,0.8883
8480,0.7282
8481,0.7333
8482,0.849
8483,0.8658
8484,1.289
8485,1.178
8486,0.7635
8487,0.5108
8488,0.3208
8489,0.7375
8490,0.8171
8491,1.272
8492,0.6868
8493,0.3121
8494,0.5615
8495,1.062
8496,0.8042
8497,0.0314
8498,2.091
8499,0.2884
8500,0.03142
8501,1.044
8502,0.6264
8503,1.242
8504,0.7809
8505,0.2359
8506,0.1394
8507,0.5382
8508,0.3541
8509,0.4633
8510,0.6842
8511,0.1089
8512,0.2158
8513,0.2114
8514,1.797
8515,1.303
8516,0.2534
8517,0.8187
8518,0.8333
8519,0.8647
8520,1.08
8521,1.161
8522,0.4018
8523,0.5379
8524,0.3082
8525,0.3255
8526,0.03849
8527,1.057
8528,0.8646
8529,0.6938
8530,0.6055
8531,0.2754
8532,0.417
8533,0.197
8534,0.3523
8535,0.118
8536,0.3916
8537,0.1666
8538,0.5675
8539,0.04121
8540,0.7848
8541,0.4824
8542,0.9654
8543,0.6226
8544,0.4535
8545,0.1981
8546,0.6368
8547,0.4911
8548,0.8192
8549,0.2357
8550,0.3282
8551,0.3188
8552,0.05662
8553,0.5924
8554,0.4611
8555,0.5747
8556,1.644
8557,0.2521
8558,0.1115
8559,0.822
8560,0.3773
8561,1.439
8562,0.6998
8563,0.08513
8564,0.9753
8565,0.4021
8566,0.2924
8567,0.9969
8568,0.312
8569,0.4847
8570,1.866
8571,1.662
8572,0.7537
8573,0.1874
8574,0.1643
8575,0.3369
8576,0.4323
8577,0.01976
8578,1.218
8579,0.2361
8580,0.07456
8581,1.163
8582,2.594
8583,0.1578
8584,0.3855
8585,0.3922
8586,1.073
8587,0.07952
8588,1.278
8589,0.1067
8590,0.7508
8591,1.683
8592,0.155
8593,0.1379
8594,0.672
8595,0.2179
8596,0.9856
8597,0.3005
8598,0.7263
8599,0.05988
8600,0.3237
8601,0.1798
8602,0.3632
8603,0.6793
8604,0.363
8605,0.4815
8606,0.1462
8607,1.141
8608,0.3393
8609,0.537
8610,0.869
8611,1.112
8612,1.102
8613,0.2552
8614,1.393
8615,0.1018
8616,0.6237
8617,0.1864
8618,0.7867
8619,0.1113
8620,0.9282
8621,0.6877
8622,0.6312
8623,0.7225
8624,0.7644
8625,0.02612
8626,0.8285
8627,0.08174
8628,0.7306
8629,0.4503
8630,1.436
8631,1.321
8632,0.2819
8633,0.1903
8634,0.5145
8635,0.2723
8636,0.4838
8637,0.2271
8638,0.4956
8639,0.4951
8640,0.157
8641,1.179
8642,0.1848
8643,0.6702
8644,0.7594
8645,1.624
8646,0.6611
8647,0.435
8648,0.3031
8649,0.2565
8650,0.2917
8651,1.296
8652,0.06482
8653,0.4593
8654,0.9678
8655,0.3561
8656,0.3656
8657,0.1891
8658,0.1142
8659,0.03461
8660,0.04036
8661,0.3068
8662,0.8517
8663,0.9756
8664,0.3319
8665,0.7996
8666,0.09663
8667,0.6919
8668,1.583
8669,0.4081
8670,0.09264
8671,0.4387
8672,0.3359
8673,1.449
8674,0.1396
8675,1.012
8676,1.259
8677,0.1884
8678,0.1707
8679,0.2664
8680,0.5112
8681,0.2557
8682,2.029
8683,1.884
8684,0.13
8685,0.2101
8686,0.6431
8687,1.629
8688,0.2505
8689,0.02976
8690,2.331
8691,0.7714
8692,1.015
8693,0.1093
8694,0.5989
8695,0.04038
8696,0.1867
8697,0.06893
8698,0.6526
8699,0.09327
8700,0.6125
8701,0.7156
8702,0.2559
8703,1.074
8704,0.01065
8705,1.144
8706,0.3865
8707,0.2252
8708,0.4383
8709,1.116
8710,0.9877
8711,0.01534
8712,0.1912
8713,0.05597
8714,0.9739
8715,0.9314
8716,1.62
8717,0.2056
8718,0.7734
8719,0.5854
8720,0.2601
8721,0.9015
8722,1.459
8723,0.6025
8724,0.2517
8725,1.351
8726,0.8224
8727,0.222
8728,0.4285
8729,0.9837
8730,1.361
8731,0.1091
8732,0.8796
8733,0.5628
8734,0.0313
8735,0.3519
8736,0.1379
8737,0.4181
8738,1.84
8739,1.43
8740,1.59
8741,0.825
8742,1.139
8743,0.4367
8744,0.3881
8745,0.7931
8746,0.6044
8747,0.3757
8748,0.2083
8749,1.588
8750,0.05685
8751,1.876
8752,0.4682
8753,1.259
8754,0.2201
8755,0.02742
8756,0.4636
8757,0.4926
8758,0.5865
8759,0.06626
8760,0.2491
8761,0.6427
8762,0.3898
8763,0.6007
8764,0.1789
8765,0.4834
8766,0.8401
8767,0.9411
8768,0.1116
8769,0.615
8770,1.248
8771,0.5265
8772,0.9586
8773,0.6185
8774,0.4368
8775,1.568
8776,0.0179
8777,0.2529
8778,0.09344
8779,0.8033
8780,0.4933
8781,0.02844
8782,0.3907
8783,0.1042
8784,0.1569
8785,0.7802
8786,1.513
8787,0.1152
8788,0.8564
8789,0.6943
8790,0.6358
8791,0.6806
8792,0.7606
8793,0.1975
8794,0.6219
8795,1.082
8796,0.3705
8797,0.001081
8798,1.208
8799,0.7854
8800,0.7311
8801,1.137
8802,0.9166
8803,1.341
8804,0.8386
8805,1.619
8806,0.2916
8807,0.9497
8808,0.1642
8809,0.1448
8810,0.1936
8811,0.3114
8812,1.657
8813,0.1877
8814,0.4324
8815,1.704
8816,0.5462
8817,0.2488
8818,0.7656
8819,0.7704
8820,0.8109
8821,0.1148
8822,0.3116
8823,0.396
8824,0.04024
8825,1.102
8826,0.3198
8827,1.118
8828,0.7355
8829,0.4506
8830,0.5481
8831,1.056
8832,1.053
8833,1.417
8834,0.1439
8835,0.05973
8836,0.1591
8837,0.4044
8838,1.49
8839,0.1558
8840,0.4007
8841,1.332
8842,0.8717
8843,1.736
8844,0.7953
8845,0.6068
8846,0.929
8847,0.8193
8848,0.1306
8849,0.451
8850,1.523
8851,0.1921
8852,0.6015
8853,0.2789
8854,1.08
8855,0.02595
8856,0.5596
8857,0.3873
8858,1.426
8859,0.2377
8860,0.7246
8861,0.06209
8862,0.2748
8863,0.5121
8864,1.563
8865,0.1209
8866,0.3357
8867,0.9161
8868,1.298
8869,1.074
8870,0.4713
8871,0.1728
8872,0.9949
8873,0.2404
8874,0.7737
8875,0.7605
8876,0.4115
8877,0.4787
8878,0.5872
8879,1.189
8880,0.3191
8881,1.059
8882,0.9895
8883,0.2421
8884,0.09014
8885,0.001139
8886,0.5743
8887,0.8502
8888,0.7027
8889,0.4655
8890,1.118
8891,0.06897
8892,0.3656
8893,0.4794
8894,0.6736
8895,0.2648
8896,1.487
8897,0.3514
8898,0.336
8899,0.9397
8900,0.8109
8901,0.7217
8902,1.087
8903,0.4906
8904,1.47
8905,1.965
8906,0.7891
8907,0.6863
8908,0.749
8909,0.1635
8910,0.8683
8911,0.08417
8912,1.203
8913,0.2004
8914,1.111
8915,0.07788
8916,0.3818
8917,0.2359
8918,0.485
8919,0.8893
8920,0.01017
8921,1.499
8922,0.5504
8923,0.922
8924,1.263
8925,0.2466
8926,0.8244
8927,0.3257
8928,0.5005
8929,1.207
8930,0.6048
8931,1.363
8932,1.093
8933,0.04149
8934,0.2735
8935,0.1276
8936,0.406
8937,0.2474
8938,0.1673
8939,0.6235
8940,1.082
8941,0.1427
8942,0.0552
8943,0.2874
8944,0.5316
8945,0.139
8946,0.2819
8947,0.06932
8948,0.1892
8949,0.5456
8950,1.203
8951,0.8365
8952,1.517
8953,0.1458
8954,1.025
8955,1.282
8956,0.1741
8957,0.4419
8958,1.575
8959,0.1657
8960,0.01372
8961,0.3471
8962,0.4065
8963,1.109
8964,0.6198
8965,0.6849
8966,1.97
8967,1.312
8968,0.9878
8969,0.7708
8970,0.6694
8971,0.4384
8972,1.801
8973,0.7872
8974,0.4463
8975,0.4329
8976,1.835
8977,0.04519
8978,0.09487
8979,1.032
8980,0.1599
8981,0.7432
8982,1.771
8983,0.5729
8984,0.218
8985,0.1222
8986,1.061
8987,0.879
8988,0.03484
8989,0.06972
8990,0.6464
8991,0.3704
8992,0.179
8993,0.1026
8994,0.4789
8995,0.4883
8996,0.03118
8997,0.1411
8998,0.9078
8999,0.972
9000,0.3852
9001,0.09256
9002,0.2232
9003,0.6775
9004,0.02837
9005,0.3912
9006,0.3155
9007,1.294
9008,0.6797
9009,0.9944
9010,0.4927
9011,0.4907
9012,0.9792
9013,0.3551
9014,1.677
9015,0.03698
9016,0.3456
9017,0.3841
9018,0.7035
9019,0.6873
9020,0.7027
9021,0.5117
9022,1.425
9023,0.3301
9024,0.2763
9025,0.1783
9026,0.0236
9027,0.7778
9028,0.2907
9029,1.14
9030,0.2861
9031,0.2038
9032,0.7624
9033,1.255
9034,0.01634
9035,0.8114
9036,0.6674
9037,1.134
9038,1.438
9039,0.3795
9040,0.4359
9041,0.5959
9042,0.2366
9043,0.7851
9044,0.9738
9045,0.5217
9046,0.0367
9047,0.3241
9048,0.1881
9049,0.3604
9050,0.1079
9051,0.1076
9052,1.488
9053,0.001303
9054,0.1125
9055,0.6934
9056,0.5527
9057,0.2321
9058,1.15
9059,0.2437
9060,0.3316
9061,0.4833
9062,1.01
9063,0.2419
9064,0.2228
9065,0.4422
9066,0.4356
9067,0.9163
9068,1.065
9069,1.271
9070,0.3907
9071,0.5307
9072,0.684
9073,0.6887
9074,0.2163
9075,0.4459
9076,0.6834
9077,0.2485
9078,1.748
9079,0.9155
9080,0.5928
9081,1.387
9082,0.05501
9083,0.5178
9084,1.118
9085,0.9694
9086,0.4536
9087,0.2675
9088,0.4535
9089,0.03636
9090,0.2808
9091,1.042
9092,0.705
9093,1.355
9094,1.491
9095,0.06693
9096,0.285
9097,0.02543
9098,0.1527
9099,0.9527
9100,1.272
9101,0.7195
9102,0.809
9103,0.4723
9104,0.01016
9105,0.3596
9106,0.1917
9107,1.04
9108,0.3207
9109,0.8676
9110,0.3181
9111,0.5888
9112,1.274
9113,0.727
9114,0.6518
9115,0.08143
9116,0.3995
9117,0.9274
9118,0.4415
9119,1.212
9120,0.4187
9121,0.1568
9122,0.4872
9123,1.018
9124,0.5474
9125,0.3255
9126,0.03195
9127,0.3679
9128,0.4586
9129,0.6851
9130,0.6211
9131,0.08548
9132,1.224
9133,0.2617
9134,1.871
9135,0.3598
9136,1.313
9137,0.1496
9138,0.4504
9139,0.7791
9140,0.4763
9141,0.2519
9142,0.3609
9143,0.4399
9144,0.07392
9145,0.6501
9146,0.6891
9147,0.4481
9148,0.2375
9149,0.424
9150,0.7037
9151,0.5487
9152,0.03447
9153,0.5559
9154,0.8635
9155,1.331
9156,0.7463
9157,1.093
9158,1.037
9159,0.2142
9160,1.045
9161,1.212
9162,0.7936
9163,1.234
9164,0.01746
9165,1.258
9166,0.394
9167,0.4919
9168,0.8302
9169,1.77
9170,0.7712
9171,0.8903
9172,1.546
9173,1.321
9174,0.992
9175,0.5363
9176,0.7298
9177,0.02665
9178,0.3156
9179,0.08113
9180,0.5086
9181,0.2352
9182,1.185
9183,0.02375
9184,0.1659
9185,0.2548
9186,0.003558
9187,0.2049
9188,0.3322
9189,1.008
9190,0.1202
9191,0.04086
9192,0.1577
9193,0.4658
9194,0.2637
9195,0.9654
9196,0.2927
9197,1.512
9198,1.814
9199,0.9216
9200,0.4377
9201,0.227
9202,1.056
9203,0.2453
9204,0.1941
9205,0.1706
9206,0.3407
9207,0.412
9208,0.3168
9209,0.2798
9210,0.1541
9211,1.438
9212,0.5405
9213,1.168
9214,0.8503
9215,1.128
9216,0.9728
9217,0.2541
9218,0.5218
9219,0.9506
9220,0.6368
9221,0.8566
9222,0.6096
9223,0.7719
9224,1.538
9225,0.03327
9226,0.2631
9227,1.403
9228,0.2899
9229,0.2717
9230,0.416
9231,0.2872
9232,0.2231
9233,0.6015
9234,0.6003
9235,0.7288
9236,1.4
9237,0.8399
9238,0.6887
9239,0.7607
9240,0.0673
9241,0.03403
9242,0.2722
9243,0.3418
9244,0.1906
9245,0.173
9246,0.08776
9247,1.28
9248,1.136
9249,0.6929
9250,0.3195
9251,0.3513
9252,0.4506
9253,0.5244
9254,1.018
9255,0.8086
9256,0.3306
9257,0.05284
9258,0.2392
9259,0.9193
9260,0.1418
9261,1.245
9262,0.3225
9263,0.4583
9264,1.626
9265,1.941
9266,0.594
9267,0.3146
9268,0.5906
9269,0.5541
9270,0.01557
9271,0.5461
9272,0.1096
9273,0.1442
9274,0.3592
9275,0.5909
9276,0.3493
9277,0.191
9278,1.589
9279,1.852
9280,1.782
9281,1.327
9282,0.9613
9283,0.5836
9284,0.6332
9285,1.01
9286,0.425
9287,0.938
9288,0.5445
9289,0.1732
9290,1.372
9291,0.134
9292,0.7211
9293,0.2042
9294,1.809
9295,0.1042
9296,0.08136
9297,0.0004138
9298,0.4616
9299,0.7177
9300,0.4588
9301,0.4495
9302,0.79
9303,0.514
9304,0.7972
9305,0.4304
9306,0.4737
9307,1.337
9308,0.5588
9309,0.7499
9310,0.8436
9311,0.6402
9312,0.1133
9313,1.109
9314,0.7188
9315,0.2501
9316,0.9084
9317,0.5985
9318,0.2822
9319,1.267
9320,0.4765
9321,0.6615
9322,0.5477
9323,0.09108
9324,1.25
9325,0.2469
9326,0.1768
9327,0.6902
9328,0.1908
9329,0.3151
9330,0.3275
9331,1.306
9332,0.09628
9333,1.151
9334,0.8723
9335,1.136
9336,0.03277
9337,0.1196
9338,0.1532
9339,0.7023
9340,0.6544
9341,0.007033
9342,0.513
9343,0.3492
9344,0.2836
9345,0.4903
9346,0.1634
9347,0.6925
9348,2.168
9349,0.9887
9350,0.5911
9351,0.05396
9352,0.4625
9353,0.9238
9354,0.181
9355,0.2448
9356,0.4638
9357,0.8467
9358,0.0664
9359,0.6965
9360,0.1969
9361,0.03029
9362,0.6996
9363,1.178
9364,0.4206
9365,1.58
9366,1.072
9367,1.477
9368,0.6376
9369,0.02755
9370,1.43
9371,1.233
9372,0.2041
9373,1.514
9374,0.7061
9375,0.9859
9376,0.8344
9377,0.04003
9378,0.3914
9379,0.5847
9380,0.6797
9381,0.7867
9382,0.09186
9383,0.3497
9384,0.6088
9385,0.7595
9386,0.6138
9387,1.904
9388,0.7137
9389,0.8443
9390,0.2506
9391,0.5724
9392,0.9209
9393,0.07222
9394,0.7967
9395,0.443
9396,0.9367
9397,1.977
9398,0.4927
9399,0.8991
9400,0.01848
9401,2.165
9402,0.3875
9403,0.07298
9404,0.2969
9405,0.751
9406,0.7533
9407,0.9784
9408,0.6709
9409,0.8384
9410,1.445
9411,0.8096
9412,0.4246
9413,0.9968
9414,0.3149
9415,0.1738
9416,1.197
9417,0.7961
9418,0.7861
9419,0.2176
9420,0.544
9421,0.02459
9422,0.6818
9423,0.5488
9424,0.02825
9425,1.385
9426,0.5183
9427,0.706
9428,0.4
9429,0.09295
9430,0.02012
9431,0.004262
9432,0.2526
9433,0.122
9434,0.5583
9435,0.9242
9436,0.05179
9437,1.039
9438,1.073
9439,0.5724
9440,0.8297
9441,0.5191
9442,0.25
9443,0.8694
9444,0.2175
9445,0.9758
9446,1.224
9447,0.4603
9448,0.2202
9449,0.8203
9450,0.3688
9451,0.6383
9452,0.2541
9453,0.3549
9454,0.3558
9455,0.7819
9456,0.08075
9457,0.2331
9458,0.546
9459,0.1043
9460,1.315
9461,0.2425
9462,0.7302
9463,0.8649
9464,1.692
9465,0.2648
9466,0.4445
9467,0.4643
9468,1.097
9469,0.7024
9470,0.291
9471,0.3124
9472,0.3532
9473,0.897
9474,0.7487
9475,0.6002
9476,0.9176
9477,0.2441
9478,0.3952
9479,0.05504
9480,0.8903
9481,0.252
9482,0.09253
9483,0.7637
9484,0.1218
9485,0.2213
9486,0.2826
9487,0.07788
9488,0.2985
9489,0.8083
9490,1.337
9491,0.4664
9492,0.8975
9493,1.448
9494,0.6134
9495,0.7204
9496,0.4824
9497,1.031
9498,1.013
9499,0.1684
9500,1.375
9501,0.2077
9502,1.344
9503,0.4693
9504,0.3387
9505,0.03654
9506,0.06699
9507,0.2082
9508,0.2067
9509,0.1996
9510,0.3576
9511,1.243
9512,0.11
9513,0.0674
9514,0.4083
9515,0.8426
9516,1.027
9517,0.1232
9518,0.6119
9519,0.8048
9520,0.9067
9521,0.3036
9522,0.9624
9523,0.1081
9524,0.253
9525,1.14
9526,0.2746
9527,1.328
9528,0.2699
9529,1.036
9530,0.05431
9531,0.4592
9532,1.104
9533,0.05579
9534,0.7989
9535,1.362
9536,0.1623
9537,0.2555
9538,0.6021
9539,0.4917
9540,0.3221
9541,1.331
9542,0.8201
9543,0.03231
9544,0.5108
9545,0.6662
9546,0.7464
9547,0.9333
9548,0.1716
9549,0.03328
9550,1.708
9551,0.1887
9552,0.003517
9553,0.5786
9554,0.6957
9555,0.924
9556,1.098
9557,0.2899
9558,0.6793
9559,0.4062
9560,0.4982
9561,1.342
9562,0.8699
9563,1.145
9564,0.3134
9565,0.8003
9566,0.3619
9567,1.083
9568,1.417
9569,0.1956
9570,0.7988
9571,0.2286
9572,0.3629
9573,1.126
9574,0.7958
9575,1.388
9576,0.6124
9577,1.262
9578,0.3558
9579,0.459
9580,0.2544
9581,0.2852
9582,0.812
9583,0.5618
9584,1.317
9585,0.505
9586,0.8942
9587,0.6335
9588,0.3426
9589,2.044
9590,0.3904
9591,0.1619
9592,0.1583
9593,0.1385
9594,0.4976
9595,0.06156
9596,2.036
9597,0.4394
9598,0.3517
9599,0.411
9600,0.2756
9601,1.431
9602,0.7122
9603,0.8281
9604,0.1329
9605,0.05442
9606,1.304
9607,0.0401
9608,0.5666
9609,1
9610,0.3204
9611,0.5722
9612,1.069
9613,0.4309
9614,0.7949
9615,0.3192
9616,0.5795
9617,0.963
9618,0.0973
9619,1.232
9620,1.182
9621,0.664
9622,0.432
9623,0.7534
9624,0.3314
9625,0.7825
9626,0.325
9627,0.8127
9628,0.01823
9629,0.0859
9630,0.5492
9631,0.6727
9632,0.6512
9633,0.228
9634,0.1853
9635,0.3247
9636,0.7438
9637,0.01809
9638,0.01752
9639,0.1544
9640,1.457
9641,0.6315
9642,0.03735
9643,0.02273
9644,0.8664
9645,0.3848
9646,0.3252
9647,0.661
9648,0.7936
9649,0.3335
9650,0.8095
9651,0.4682
9652,0.144
9653,0.7998
9654,0.6436
9655,1.232
9656,0.7581
9657,0.6824
9658,0.6135
9659,0.2948
9660,0.5909
9661,0.1681
9662,0.2151
9663,0.2331
9664,0.9326
9665,0.3561
9666,0.9575
9667,1.005
9668,0.8488
9669,0.8879
9670,1.327
9671,1.403
9672,0.5368
9673,0.9055
9674,1.21
9675,0.01241
9676,0.1148
9677,0.2532
9678,0.2295
9679,0.932
9680,0.2599
9681,0.43
9682,0.1835
9683,0.9796
9684,1.039
9685,0.7015
9686,0.1676
9687,0.1514
9688,0.08433
9689,0.2272
9690,0.781
9691,0.3904
9692,0.8171
9693,0.5272
9694,0.9252
9695,0.08728
9696,0.8116
9697,0.3695
9698,1.639
9699,0.1012
9700,0.583
9701,0.9802
9702,0.755
9703,0.27
9704,0.2803
9705,0.02301
9706,0.6396
9707,1.423
9708,0.7774
9709,0.1651
9710,0.06677
9711,0.2467
9712,0.2433
9713,0.3958
9714,0.293
9715,0.09339
9716,0.06622
9717,1.301
9718,0.2735
9719,1.174
9720,0.9529
9721,0.6345
9722,0.2837
9723,0.1812
9724,0.7425
9725,0.4744
9726,0.5651
9727,0.2799
9728,0.0824
9729,0.6574
9730,0.4189
9731,0.04561
9732,0.2163
9733,0.7953
9734,1.669
9735,0.01203
9736,0.6432
9737,0.2737
9738,1.01
9739,0.8486
9740,0.1577
9741,1.41
9742,0.2676
9743,1.645
9744,1.046
9745,0.8297
9746,0.06768
9747,1.525
9748,0.45
9749,0.1392
9750,0.07896
9751,1.446
9752,1.542
9753,0.3606
9754,0.1314
9755,0.4982
9756,1.812
9757,0.1843
9758,0.2937
9759,1.89
9760,0.4392
9761,0.03732
9762,0.3148
9763,0.207
9764,0.3459
9765,0.1165
9766,1.406
9767,0.5343
9768,0.6659
9769,1.304
9770,0.4591
9771,1.041
9772,1.032
9773,1.143
9774,1.21
9775,0.3462
9776,1.771
9777,1.551
9778,1.24
9779,0.5729
9780,1.093
9781,0.3072
9782,0.7745
9783,0.6571
9784,0.853
9785,0.8135
9786,0.09134
9787,0.2813
9788,0.5406
9789,0.4406
9790,0.05899
9791,0.5542
9792,0.177
9793,1.697
9794,1.212
9795,0.05137
9796,0.6545
9797,0.8983
9798,0.9472
9799,0.2148
9800,0.7294
9801,0.9473
9802,0.3306
9803,0.2385
9804,1.387
9805,0.3971
9806,1.2
9807,0.6308
9808,0.1168
9809,1.262
9810,1.063
9811,0.7492
9812,0.6179
9813,0.6522
9814,0.4412
9815,1.069
9816,0.6779
9817,0.1016
9818,1.55
9819,0.5332
9820,0.2015
9821,0.506
9822,0.7527
9823,0.2644
9824,0.154
9825,0.2317
9826,0.6055
9827,1.257
9828,0.7343
9829,0.5762
9830,0.2537
9831,1.389
9832,0.7737
9833,0.1707
9834,0.5734
9835,0.1376
9836,0.1643
9837,0.3096
9838,0.3988
9839,0.5454
9840,0.3208
9841,0.794
9842,0.8292
9843,0.8589
9844,1.109
9845,1.314
9846,0.116
9847,0.2179
9848,0.5453
9849,0.1648
9850,0.74
9851,0.8478
9852,2.668
9853,0.3109
9854,0.3007
9855,0.1295
9856,0.5643
9857,1.285
9858,0.6115
9859,0.115
9860,0.2683
9861,0.09936
9862,0.3825
9863,0.6455
9864,0.1694
9865,0.3518
9866,1.227
9867,0.238
9868,0.3064
9869,0.4553
9870,0.343
9871,0.8737
9872,0.9662
9873,0.3654
9874,0.8522
9875,0.6794
9876,0.3712
9877,1.015
9878,0.3382
9879,0.5277
9880,0.3785
9881,0.1805
9882,0.7142
9883,0.2287
9884,0.2557
9885,0.3309
9886,0.153
9887,0.5622
9888,0.8336
9889,0.3554
9890,0.3418
9891,0.2657
9892,0.1661
9893,1.069
9894,1.588
9895,1.332
9896,0.9491
9897,0.5555
9898,0.1302
9899,0.08096
9900,0.1516
9901,0.2479
9902,0.9554
9903,0.09302
9904,1.451
9905,0.01425
9906,0.1728
9907,0.5149
9908,0.9717
9909,0.562
9910,0.05342
9911,0.3924
9912,0.4722
9913,0.1046
9914,1.611
9915,0.2956
9916,0.5203
9917,0.1727
9918,0.5564
9919,0.2658
9920,0.625
9921,1.011
9922,0.2836
9923,0.004688
9924,1.35
9925,0.2373
9926,0.471
9927,0.9326
9928,0.5894
9929,0.0155
9930,1.191
9931,0.4827
9932,1.03
9933,0.2078
9934,0.378
9935,0.09841
9936,0.1675
9937,0.4553
9938,0.6189
9939,0.3923
9940,0.7531
9941,0.61
9942,0.4772
9943,0.818
9944,0.9716
9945,0.1671
9946,1.208
9947,0.3626
9948,0.9056
9949,0.132
9950,0.4841
9951,1.318
9952,0.8529
9953,0.3381
9954,0.07731
9955,0.6252
9956,0.4031
9957,0.4987
9958,1.574
9959,1.121
9960,1.408
9961,0.5659
9962,0.7565
9963,0.003563
9964,0.398
9965,0.2877
9966,0.3098
9967,0.394
9968,1.318
9969,0.3961
9970,0.00172
9971,0.5292
9972,0.4697
9973,0.1236
9974,0.2416
9975,0.08968
9976,0.2191
9977,0.05862
9978,0.2507
9979,0.2952
9980,1.432
9981,1.089
9982,0.875
9983,1.7
9984,2.874
9985,2.092
9986,0.1555
9987,0.8389
9988,0.6378
9989,0.6362
9990,0.3347
9991,1.548
9992,0.582
9993,0.3696
9994,0.3982
9995,2.154
9996,0.6085
9997,0.3264
9998,1.092
9999,0.4244
10000,1.385
10001,0.6143
10002,0.7623
10003,0.4179
10004,0.333
10005,0.04865
10006,0.6326
10007,0.9274
10008,0.2346
10009,0.7103
10010,1.049
10011,0.9162
10012,0.4249
10013,0.3078
10014,1.21
10015,1.791
10016,0.01082
10017,0.4569
10018,1.064
10019,0.5524
10020,0.5176
10021,0.345
10022,0.1241
10023,1.42
10024,0.08782
10025,0.5886
10026,1.641
10027,0.3866
10028,0.9396
10029,0.1155
10030,0.1985
10031,1.354
10032,0.8783
10033,0.8462
10034,0.8377
10035,0.5708
10036,0.2825
10037,0.06623
10038,0.07462
10039,0.1775
10040,0.242
10041,0.2363
10042,0.2628
10043,0.7677
10044,0.4789
10045,0.03709
10046,0.7969
10047,0.7596
10048,0.4061
10049,1.656
10050,0.2114
10051,0.1299
10052,1.798
10053,0.8427
10054,1.991
10055,0.4936
10056,0.2262
10057,0.4984
10058,0.07994
10059,0.2995
10060,0.4143
10061,0.9715
10062,0.631
10063,0.3697
10064,0.3346
10065,0.6112
10066,0.3201
10067,0.7111
10068,0.1756
10069,0.1416
10070,0.6435
10071,1.081
10072,0.02009
10073,0.6829
10074,0.4027
10075,0.1942
10076,0.6469
10077,0.2856
10078,0.3485
10079,0.5704
10080,0.2319
10081,0.9098
10082,1.266
10083,1.92
10084,0.2759
10085,0.0752
10086,0.4132
10087,0.1819
10088,0.6187
10089,0.1897
10090,0.1978
10091,0.4265
10092,0.1731
10093,0.7085
10094,0.1404
10095,0.513
10096,1.92
10097,0.5221
10098,1.051
10099,1.346
10100,0.7704
10101,0.5208
10102,0.8796
10103,0.2374
10104,0.3094
10105,0.0886
10106,0.9398
10107,1.377
10108,0.6249
10109,0.5811
10110,0.6572
10111,0.9979
10112,0.893
10113,1.186
10114,1.218
10115,1.11
10116,0.4151
10117,0.4641
10118,0.5151
10119,0.4917
10120,0.4646
10121,0.7861
10122,0.616
10123,0.71
10124,0.1349
10125,0.3789
10126,1.251
10127,0.2515
10128,0.1125
10129,0.1304
10130,0.5394
10131,0.2168
10132,1.368
10133,0.5653
10134,0.9106
10135,0.2208
10136,0.1242
10137,0.1287
10138,0.5251
10139,0.456
10140,0.02723
10141,1.028
10142,0.6647
10143,0.6061
10144,0.8799
10145,0.7742
10146,1.218
10147,1.732
10148,1.076
10149,1.023
10150,0.03424
10151,1.755
10152,0.869
10153,1.04
10154,0.5314
10155,0.1171
10156,1.292
10157,1.229
10158,0.9482
10159,0.03232
10160,0.8799
10161,0.9664
10162,0.2077
10163,0.2531
10164,0.3743
10165,0.8475
10166,0.08402
10167,0.6401
10168,0.3613
10169,0.6464
10170,0.7518
10171,1.783
10172,0.4389
10173,0.7281
10174,0.1765
10175,0.5758
10176,0.1121
10177,0.04139
10178,0.2984
10179,1.354
10180,1.342
10181,1.944
10182,0.8529
10183,1.019
10184,0.01407
10185,0.05351
10186,1.39
10187,0.1734
10188,0.2601
10189,0.9323
10190,1.359
10191,0.3348
10192,0.1548
10193,0.2324
10194,1.605
10195,0.1532
10196,0.4998
10197,0.7002
10198,0.0966
10199,0.04097
10200,0.6134
10201,0.7686
10202,0.684
10203,0.5279
10204,0.0697
10205,1.714
10206,0.283
10207,0.6924
10208,0.4567
10209,0.7859
10210,0.3811
10211,0.6329
10212,0.3389
10213,0.2287
10214,0.5846
10215,0.2264
10216,0.1546
10217,0.3514
10218,0.7272
10219,0.4893
10220,0.2681
10221,0.005493
10222,1.025
10223,0.5888
10224,0.1042
10225,0.4252
10226,0.8159
10227,0.3791
10228,0.1148
10229,0.3067
10230,0.382
10231,0.3762
10232,1.303
10233,0.3709
10234,0.6339
10235,0.2022
10236,0.1518
10237,0.4946
10238,0.0501
10239,0.4531
10240,0.8993
10241,1.554
10242,0.1015
10243,0.2005
10244,0.2797
10245,0.6512
10246,1.802
10247,0.8541
10248,0.8933
10249,0.3522
10250,0.661
10251,0.0008492
10252,0.8993
10253,0.2913
10254,0.1803
10255,0.8692
10256,0.04308
10257,0.6424
10258,0.2481
10259,0.6729
10260,1.441
10261,1.221
10262,0.0859
10263,0.2152
10264,1.223
10265,0.2535
10266,0.3879
10267,0.5785
10268,0.3571
10269,0.04964
10270,0.1051
10271,0.1897
10272,0.4602
10273,0.2357
10274,0.1193
10275,1.396
10276,0.2403
10277,1.593
10278,0.2986
10279,0.3262
10280,0.5242
10281,0.1676
10282,0.9204
10283,0.7392
10284,0.5876
10285,0.0121
10286,0.4011
10287,0.1665
10288,0.09589
10289,0.3828
10290,0.1355
10291,0.8626
10292,1.378
10293,0.5941
10294,0.0008084
10295,1.003
10296,0.7866
10297,0.006754
10298,0.7369
10299,1.311
10300,0.2319
10301,0.7041
10302,1.038
10303,0.6135
10304,0.04678
10305,0.4929
10306,0.2489
10307,0.2954
10308,0.7236
10309,0.9191
10310,0.8072
10311,1.922
10312,0.3186
10313,1.136
10314,0.8374
10315,1.217
10316,0.153
10317,0.3666
10318,0.7074
10319,0.5811
10320,0.1684
10321,0.06121
10322,0.02831
10323,0.4952
10324,0.2455
10325,0.7678
10326,0.7521
10327,1.147
10328,0.1981
10329,0.888
10330,0.3598
10331,0.08829
10332,0.4628
10333,0.2623
10334,0.2995
10335,1.308
10336,0.9954
10337,0.4796
10338,2.034
10339,0.3811
10340,0.03405
10341,0.1567
10342,0.7186
10343,0.144
10344,0.1661
10345,0.7485
10346,0.9104
10347,0.02689
10348,0.9061
10349,0.223
10350,0.2409
10351,0.1978
10352,0.2167
10353,0.6384
10354,0.3535
10355,0.6324
10356,0.6772
10357,0.8411
10358,0.4089
10359,1.004
10360,0.02798
10361,0.1326
10362,0.8991
10363,0.9432
10364,1.057
10365,0.4869
10366,1.248
10367,0.4596
10368,0.545
10369,0.04305
10370,0.6136
10371,0.8113
10372,1.437
10373,1.148
10374,0.3233
10375,0.4776
10376,0.365
10377,1.48
10378,1.029
10379,0.6388
10380,0.2353
10381,0.6442
10382,1.815
10383,0.4367
10384,0.3905
10385,0.09723
10386,1.43
10387,0.7558
10388,0.4039
10389,1.181
10390,1.255
10391,0.1379
10392,0.857
10393,1.36
10394,0.5639
10395,0.009459
10396,0.1118
10397,0.8186
10398,0.8444
10399,0.0625
10400,0.03676
10401,0.1801
10402,0.2416
10403,0.3652
10404,0.1061
10405,0.5398
10406,1.497
10407,0.1915
10408,0.03804
10409,0.9707
10410,1.444
10411,1.149
10412,0.3035
10413,0.7073
10414,1.284
10415,1.078
10416,0.3727
10417,0.3231
10418,0.8235
10419,0.5852
10420,0.9533
10421,0.6942
10422,1.46
10423,1.106
10424,0.02422
10425,0.02294
10426,0.7247
10427,0.9329
10428,0.7669
10429,0.3356
10430,0.8094
10431,0.6955
10432,0.3428
10433,0.8606
10434,2.28
10435,2.111
10436,0.1097
10437,0.5882
10438,1.046
10439,1.756
10440,1.1
10441,0.7251
10442,0.6004
10443,0.9151
10444,0.836
10445,1.359
10446,0.1319
10447,0.4461
10448,0.6495
10449,0.1456
10450,0.3257
10451,0.1675
10452,0.6939
10453,0.374
10454,0.04484
10455,0.1478
10456,0.6182
10457,0.2883
10458,0.3765
10459,0.3639
10460,0.5401
10461,0.9014
10462,2.087
10463,0.4736
10464,1.667
10465,1.518
10466,0.7331
10467,0.6597
10468,0.2533
10469,0.4125
10470,0.4562
10471,0.02333
10472,1.252
10473,0.5236
10474,0.3747
10475,0.984
10476,0.4117
10477,0.08604
10478,0.4705
10479,0.6501
10480,0.2276
10481,0.2552
10482,0.9311
10483,0.8587
10484,0.5738
10485,0.9093
10486,0.6158
10487,0.6189
10488,1.862
10489,1.201
10490,0.4509
10491,1.762
10492,0.3466
10493,0.6918
10494,0.6358
10495,0.7195
10496,0.06046
10497,0.9221
10498,0.2128
10499,1.851
10500,0.4045
10501,1.58
10502,0.4613
10503,1.363
10504,0.2012
10505,0.1549
10506,0.5777
10507,0.1653
10508,0.003927
10509,0.5828
10510,0.5744
10511,0.02378
10512,0.2626
10513,1.143
10514,0.3386
10515,0.296
10516,0.6162
10517,0.5302
10518,0.4968
10519,0.07395
10520,0.2404
10521,0.009469
10522,0.1471
10523,0.1205
10524,0.75
10525,0.2296
10526,0.1714
10527,0.7695
10528,0.01432
10529,0.03368
10530,0.001803
10531,0.3211
10532,0.07451
10533,0.2372
10534,1.995
10535,1.337
10536,1.404
10537,0.6842
10538,0.9972
10539,0.4862
10540,0.2812
10541,1.636
10542,0.6955
10543,0.1805
10544,0.07307
10545,0.6585
10546,2.259
10547,0.4062
10548,0.8609
10549,0.608
10550,0.9959
10551,0.2857
10552,0.3159
10553,0.09498
10554,0.2082
10555,0.3602
10556,0.2906
10557,0.3961
10558,1.838
10559,0.637
10560,0.6532
10561,0.173
10562,1.658
10563,0.4806
10564,0.4863
10565,0.1888
10566,0.03773
10567,0.1132
10568,0.9492
10569,0.493
10570,0.7119
10571,0.211
10572,0.7756
10573,0.2543
10574,0.7206
10575,0.5706
10576,1.256
10577,0.7735
10578,1.058
10579,0.4206
10580,0.09906
10581,0.1202
10582,0.8149
10583,1.549
10584,0.7173
10585,1.041
10586,0.3312
10587,0.02729
10588,0.352
10589,0.4016
10590,0.1261
10591,0.7012
10592,0.03682
10593,0.4379
10594,0.07754
10595,1.036
10596,0.05816
10597,0.1962
10598,0.09584
10599,0.005798
10600,0.933
10601,1.755
10602,0.408
10603,0.5673
10604,0.5771
10605,0.7072
10606,0.1834
10607,1.501
10608,0.7951
10609,1.356
10610,0.414
10611,0.8756
10612,0.5323
10613,0.8263
10614,0.2284
10615,0.1643
10616,0.7616
10617,1.063
10618,0.1764
10619,0.09273
10620,0.07797
10621,0.2105
10622,1.258
10623,0.346
10624,1.107
10625,0.6799
10626,0.02026
10627,0.4127
10628,1.639
10629,0.09205
10630,0.4842
10631,1.122
10632,0.3498
10633,0.1468
10634,1.044
10635,0.01757
10636,0.9369
10637,0.3113
10638,0.0281
10639,0.1022
10640,0.805
10641,0.01198
10642,0.6114
10643,0.7486
10644,0.003737
10645,0.4199
10646,0.3049
10647,1.193
10648,0.4749
10649,0.8969
10650,0.35
10651,0.5957
10652,0.5078
10653,1.008
10654,0.3668
10655,1.882
10656,1.078
10657,0.9158
10658,0.2274
10659,0.763
10660,0.8261
10661,0.05608
10662,1.068
10663,0.4788
10664,1.854
10665,0.4961
10666,0.3328
10667,0.6371
10668,0.1706
10669,1.597
10670,0.05881
10671,1.121
10672,0.1645
10673,0.9373
10674,0.3309
10675,0.4018
10676,0.5158
10677,1.328
10678,1.033
10679,1.199
10680,0.6177
10681,0.9217
10682,0.1191
10683,0.4246
10684,0.8334
10685,1.21
10686,0.4707
10687,0.3631
10688,0.575
10689,1.156
10690,0.7205
10691,0.5786
10692,0.8169
10693,1.228
10694,0.8619
10695,0.3936
10696,1.287
10697,0.3937
10698,1.342
10699,0.7509
10700,0.556
10701,0.5751
10702,1.006
10703,0.8077
10704,0.3475
10705,0.1773
10706,0.9881
10707,0.07479
10708,0.6931
10709,0.5696
10710,1.623
10711,0.2127
10712,1.002
10713,0.3353
10714,0.04123
10715,0.4025
10716,0.5191
10717,0.08301
10718,0.2998
10719,0.5387
10720,0.1251
10721,1.067
10722,1.272
10723,0.5147
10724,0.16
10725,0.6466
10726,0.1296
10727,0.2845
10728,0.8309
10729,0.2537
10730,0.2394
10731,0.1185
10732,1.22
10733,0.9324
10734,0.1908
10735,0.5975
10736,0.4508
10737,0.6209
10738,0.004195
10739,0.2493
10740,0.3315
10741,0.5819
10742,0.491
10743,0.4725
10744,0.6386
10745,0.5864
10746,1.271
10747,0.3352
10748,0.4862
10749,1.647
10750,0.2842
10751,0.5768
10752,0.3612
10753,1.029
10754,0.09476
10755,0.5311
10756,0.3192
10757,0.01645
10758,0.0203
10759,0.00558
10760,0.2213
10761,0.9409
10762,0.3665
10763,0.05492
10764,0.1086
10765,0.8221
10766,0.05246
10767,0.4279
10768,0.3269
10769,0.07416
10770,1.561
10771,0.9544
10772,0.6933
10773,0.8625
10774,0.8695
10775,0.6358
10776,0.8981
10777,0.3222
10778,0.76
10779,0.1586
10780,0.09928
10781,1.099
10782,0.6598
10783,0.133
10784,0.66
10785,0.2895
10786,0.7699
10787,1.234
10788,0.06594
10789,0.1989
10790,0.2685
10791,1.072
10792,0.5672
10793,0.4707
10794,0.4588
10795,1.451
10796,0.2229
10797,1.408
10798,0.4399
10799,2.169
10800,0.1249
10801,0.7413
10802,0.1927
10803,0.5372
10804,0.03078
10805,0.1473
10806,0.2345
10807,0.363
10808,0.3819
10809,0.04263
10810,0.2727
10811,0.8119
10812,0.07067
10813,0.2371
10814,0.5512
10815,0.214
10816,0.5591
10817,0.1752
10818,0.436
10819,1.137
10820,0.4697
10821,0.1526
10822,0.1539
10823,0.3414
10824,0.5213
10825,0.7466
10826,0.0643
10827,1.432
10828,0.4851
10829,1.22
10830,1.282
10831,1.169
10832,0.04452
10833,0.2464
10834,0.4252
10835,0.8482
10836,0.6792
10837,0.6475
10838,1.243
10839,0.4943
10840,0.2922
10841,0.6097
10842,0.7776
10843,0.3732
10844,0.8247
10845,1.077
10846,0.937
10847,0.6321
10848,0.985
10849,0.2173
10850,0.8216
10851,0.6398
10852,0.1439
10853,0.2643
10854,0.5354
10855,0.1394
10856,0.6348
10857,1.721
10858,0.3082
10859,0.1327
10860,0.6106
10861,1.113
10862,0.6373
10863,0.5166
10864,0.6457
10865,0.7359
10866,0.4685
10867,0.8513
10868,0.2952
10869,0.4551
10870,0.6091
10871,0.1586
10872,0.3969
10873,0.7475
10874,0.5647
10875,0.6344
10876,0.3544
10877,0.6887
10878,0.7933
10879,0.5602
10880,0.003754
10881,0.113
10882,0.1166
10883,0.8015
10884,0.8078
10885,0.4514
10886,1.449
10887,0.2589
10888,0.0165
10889,0.6988
10890,0.7307
10891,0.04991
10892,1.381
10893,0.2273
10894,1.349
10895,0.3974
10896,0.8508
10897,1.598
10898,0.9102
10899,0.7
10900,0.5078
10901,0.2182
10902,0.8689
10903,0.119
10904,0.2597
10905,1.032
10906,0.1205
10907,1.34
10908,0.6368
10909,0.3587
10910,0.6745
10911,1.159
10912,0.2774
10913,0.5634
10914,0.6895
10915,0.5776
10916,0.1762
10917,1.171
10918,1.317
10919,0.6688
10920,0.3303
10921,0.4698
10922,0.0644
10923,0.07492
10924,0.5345
10925,0.009823
10926,1.154
10927,0.8694
10928,0.3347
10929,1.075
10930,0.331
10931,0.8044
10932,1.221
10933,0.4184
10934,0.8933
10935,1.1
10936,2.049
10937,0.1309
10938,0.2212
10939,1.464
10940,0.3068
10941,0.01297
10942,0.2894
10943,0.3131
10944,0.7091
10945,0.3695
10946,0.0635
10947,0.09987
10948,1.803
10949,0.2862
10950,0.5255
10951,2.335
10952,0.7664
10953,0.3239
10954,0.2357
10955,0.1316
10956,0.07274
10957,0.3727
10958,0.2989
10959,0.05958
10960,0.6397
10961,0.3041
10962,0.1225
10963,0.06166
10964,0.549
10965,0.3478
10966,0.9078
10967,0.272
10968,0.5904
10969,0.7359
10970,1.016
10971,1.375
10972,0.4085
10973,1.128
10974,0.275
10975,0.8923
10976,0.5448
10977,0.6534
10978,0.2335
10979,0.8119
10980,0.3021
10981,0.243
10982,0.5942
10983,0.3973
10984,1.004
10985,0.8877
10986,0.4707
10987,0.3656
10988,0.3923
10989,0.4173
10990,0.79
10991,0.2651
10992,0.119
10993,0.2312
10994,0.3341
10995,1.097
10996,0.6817
10997,0.5125
10998,1.06
10999,0.7817
11000,0.1703
11001,1.415
11002,0.9394
11003,0.8168
11004,0.446
11005,0.8926
11006,0.5514
11007,0.952
11008,0.9099
11009,0.3496
11010,0.6306
11011,0.6426
11012,1.109
11013,0.1693
11014,0.7425
11015,0.7083
11016,0.1207
11017,1.638
11018,0.6587
11019,1.126
11020,0.3638
11021,1.171
11022,0.9594
11023,0.618
11024,0.02362
11025,0.3442
11026,0.2639
11027,0.4015
11028,0.2211
11029,1.613
11030,0.1655
11031,0.03668
11032,0.8439
11033,0.1446
11034,0.3581
11035,0.1199
11036,0.07958
11037,0.6874
11038,0.01341
11039,0.6984
11040,1.301
11041,0.9202
11042,0.5661
11043,0.1562
11044,0.8789
11045,1.673
11046,1.305
11047,0.1476
11048,0.5928
11049,0.6699
11050,0.4334
11051,0.2742
11052,0.7752
11053,1.015
11054,1.77
11055,0.4394
11056,0.2575
11057,0.8246
11058,0.6185
11059,0.2744
11060,0.7777
11061,0.7385
11062,0.1393
11063,0.2038
11064,0.2986
11065,1.612
11066,1.087
11067,0.2658
11068,0.4866
11069,0.06172
11070,0.2992
11071,0.005634
11072,0.5698
11073,0.4155
11074,0.8675
11075,0.03098
11076,1.275
11077,0.2134
11078,0.0174
11079,0.03077
11080,1.79
11081,0.1039
11082,0.7297
11083,0.9654
11084,0.2594
11085,0.9844
11086,0.3845
11087,0.2097
11088,0.2901
11089,1.218
11090,0.8678
11091,1.855
11092,0.1279
11093,0.118
11094,0.3295
11095,0.3785
11096,0.7682
11097,0.5771
11098,0.7423
11099,0.3737
11100,0.9273
11101,0.03187
11102,0.01288
11103,0.04093
11104,0.741
11105,1.355
11106,0.1787
11107,0.3465
11108,1.018
11109,0.9302
11110,0.9394
11111,0.2127
11112,0.6941
11113,0.1723
11114,0.3977
11115,0.01277
11116,0.223
11117,0.563
11118,0.4475
11119,0.7944
11120,0.1627
11121,0.855
11122,1.085
11123,0.8237
11124,1.089
11125,0.3303
11126,0.4837
11127,0.3036
11128,0.5883
11129,1.157
11130,0.1235
11131,1.332
11132,0.3274
11133,0.1181
11134,0.1282
11135,0.7798
11136,0.3781
11137,0.832
11138,0.1823
11139,0.7598
11140,0.3354
11141,0.1126
11142,0.3098
11143,1.555
11144,0.3664
11145,0.3394
11146,1.473
11147,0.05856
11148,0.1216
11149,0.6241
11150,0.3536
11151,0.8386
11152,0.06257
11153,0.08504
11154,0.3965
11155,0.1728
11156,0.6252
11157,0.3343
11158,0.7941
11159,0.9428
11160,0.6331
11161,0.9817
11162,0.3942
11163,0.04862
11164,1.06
11165,0.1267
11166,0.8251
11167,0.9218
11168,1.142
11169,1.509
11170,0.4138
11171,0.407
11172,0.2006
11173,1.635
11174,0.7211
11175,0.5351
11176,0.939
11177,1.251
11178,1.355
11179,0.1029
11180,0.5238
11181,0.7278
11182,0.05158
11183,0.6665
11184,1.047
11185,1.535
11186,0.4986
11187,0.5888
11188,0.5809
11189,1.312
11190,0.1365
11191,0.457
11192,0.285
11193,1.525
11194,0.1918
11195,0.5984
11196,0.73
11197,1.026
11198,0.5807
11199,0.4943
11200,1.329
11201,0.6475
11202,1.361
11203,0.2137
11204,0.2203
11205,0.2176
11206,0.821
11207,0.3457
11208,0.1413
11209,0.5469
11210,0.2231
11211,0.1979
11212,0.8083
11213,0.4916
11214,1.486
11215,0.5026
11216,0.7863
11217,1.945
11218,1.224
11219,0.4276
11220,0.4814
11221,0.7282
11222,1.571
11223,0.2343
11224,0.44
11225,0.1048
11226,1.937
11227,0.2256
11228,0.5173
11229,0.9838
11230,0.5449
11231,0.04132
11232,0.0329
11233,0.5577
11234,0.2409
11235,0.4826
11236,0.5365
11237,1.035
11238,1.266
11239,0.5954
11240,1.759
11241,0.7521
11242,0.08983
11243,1.411
11244,0.2084
11245,0.2682
11246,0.3546
11247,0.8398
11248,1.045
11249,0.03532
11250,0.7083
11251,0.7767
11252,0.00336
11253,0.5095
11254,1.273
11255,0.8214
11256,0.8714
11257,0.1048
11258,0.4482
11259,0.5661
11260,0.7604
11261,0.1887
11262,0.7123
11263,1.057
11264,1.215
11265,0.1857
11266,0.0474
11267,0.07224
11268,0.487
11269,0.5815
11270,1.343
11271,1.135
11272,0.3141
11273,0.2525
11274,0.6054
11275,0.3157
11276,0.1727
11277,0.2756
11278,0.294
11279,1.281
11280,0.2858
11281,0.1228
11282,1.419
11283,0.4828
11284,0.4097
11285,0.0762
11286,0.9582
11287,0.9822
11288,0.4526
11289,0.5463
11290,0.5284
11291,0.3144
11292,0.1319
11293,0.9802
11294,0.9389
11295,1.607
11296,0.4844
11297,0.1187
11298,0.1506
11299,0.08642
11300,0.00742
11301,0.2496
11302,0.4145
11303,0.782
11304,0.3925
11305,1.586
11306,0.4226
11307,0.9591
11308,0.3662
11309,0.02301
11310,0.6078
11311,1.349
11312,0.1091
11313,0.009681
11314,0.1711
11315,0.6462
11316,0.8038
11317,0.3936
11318,1.128
11319,0.1734
11320,1.326
11321,0.2681
11322,1.034
11323,0.2365
11324,0.1414
11325,0.4856
11326,0.3157
11327,0.7419
11328,0.1785
11329,1.356
11330,0.5846
11331,0.2781
11332,0.2979
11333,1.029
11334,1.048
11335,0.6968
11336,1.197
11337,0.4122
11338,0.7704
11339,0.6865
11340,0.1507
11341,0.01172
11342,0.4365
11343,1.435
11344,0.9595
11345,0.5833
11346,0.7715
11347,1.235
11348,1.8
11349,0.02228
11350,0.3295
11351,0.5584
11352,0.1601
11353,0.6292
11354,0.09453
11355,0.9212
11356,0.1116
11357,0.09716
11358,0.01003
11359,0.7972
11360,1.893
11361,1.143
11362,0.477
11363,1.121
11364,0.623
11365,0.513
11366,1.826
11367,0.2851
11368,0.1953
11369,0.2692
11370,1.165
11371,0.0385
11372,1.756
11373,0.6296
11374,0.6037
11375,0.3262
11376,0.6827
11377,0.5528
11378,0.528
11379,0.1379
11380,0.6166
11381,0.5813
11382,0.2639
11383,0.7932
11384,0.8217
11385,0.01841
11386,0.1021
11387,0.1605
11388,1.325
11389,1.532
11390,0.873
11391,0.7071
11392,0.6307
11393,0.2284
11394,0.3636
11395,0.7083
11396,1.917
11397,0.6196
11398,0.3941
11399,0.3855
11400,0.9997
11401,1.108
11402,0.08969
11403,0.3648
11404,0.4715
11405,0.9363
11406,0.1825
11407,0.01091
11408,1.476
11409,0.09384
11410,0.002108
11411,1.55
11412,0.0008381
11413,1.009
11414,0.4591
11415,0.8257
11416,0.2042
11417,0.7186
11418,0.2027
11419,1.084
11420,0.2195
11421,0.3137
11422,0.3482
11423,0.02606
11424,0.4587
11425,0.4422
11426,0.8944
11427,0.1823
11428,0.5992
11429,0.2862
11430,0.4666
11431,0.9869
11432,0.105
11433,0.1664
11434,0.5461
11435,1.496
11436,0.15
11437,0.05203
11438,0.4635
11439,0.1417
11440,0.07472
11441,0.5471
11442,0.1161
11443,0.3892
11444,0.4046
11445,1.01
11446,0.6796
11447,0.7863
11448,0.1089
11449,0.6557
11450,0.07647
11451,0.3971
11452,0.3263
11453,0.7305
11454,0.2947
11455,0.1072
11456,0.3772
11457,1.44
11458,1.404
11459,1.137
11460,0.6775
11461,0.2499
11462,0.5223
11463,0.9878
11464,0.1442
11465,1.723
11466,1.415
11467,0.0285
11468,0.7489
11469,0.4601
11470,0.04876
11471,1.127
11472,1.243
11473,0.3107
11474,0.5717
11475,0.4802
11476,0.3005
11477,0.1571
11478,0.3352
11479,1.171
11480,0.7887
11481,0.5463
11482,0.4852
11483,0.2833
11484,0.9365
11485,0.5972
11486,0.4293
11487,0.3846
11488,0.07984
11489,0.3463
11490,0.806
11491,0.9238
11492,0.553
11493,0.04705
11494,0.6056
11495,0.1976
11496,0.9984
11497,0.7863
11498,0.1387
11499,0.3088
11500,0.7542
11501,0.4908
11502,0.9713
11503,0.5144
11504,0.0541
11505,0.6189
11506,0.4339
11507,0.4017
11508,1.304
11509,0.7117
11510,0.5207
11511,0.06517
11512,0.8094
11513,1.444
11514,0.6198
11515,0.7314
11516,0.05215
11517,0.2778
11518,1.757
11519,0.4694
11520,0.5262
11521,1.521
11522,0.5121
11523,1.182
11524,0.3787
11525,0.606
11526,1.276
11527,0.7792
11528,0.6519
11529,0.5866
11530,1.09
11531,1.175
11532,0.7928
11533,0.479
11534,1.107
11535,0.5866
11536,0.9736
11537,0.1779
11538,0.3968
11539,0.2314
11540,0.9333
11541,0.5153
11542,0.7951
11543,1.051
11544,1.157
11545,0.7631
11546,0.0282
11547,0.2409
11548,0.4871
11549,0.484
11550,0.09384
11551,0.2963
11552,0.2998
11553,0.3794
11554,0.1215
11555,0.3822
11556,0.558
11557,0.4897
11558,0.2892
11559,0.7166
11560,0.7464
11561,0.9917
11562,0.4568
11563,1.29
11564,1.228
11565,0.9662
11566,1.851
11567,1.063
11568,0.3706
11569,0.3152
11570,0.07798
11571,0.8802
11572,0.7554
11573,0.489
11574,0.04387
11575,0.312
11576,0.489
11577,0.03039
11578,0.2107
11579,0.6323
11580,0.3715
11581,1.01
11582,0.001939
11583,0.8967
11584,0.4294
11585,0.4658
11586,0.1507
11587,0.6912
11588,0.2769
11589,0.8486
11590,0.7246
11591,0.5167
11592,1.221
11593,0.01682
11594,0.7441
11595,0.1561
11596,0.2676
11597,1.905
11598,0.04812
11599,1.296
11600,0.6519
11601,0.5915
11602,1.345
11603,0.515
11604,0.6065
11605,1.61
11606,1.001
11607,1.742
11608,0.7731
11609,0.2028
11610,0.5201
11611,0.1554
11612,0.04976
11613,1.3
11614,0.3604
11615,0.9269
11616,0.7176
11617,0.1803
11618,1.113
11619,1.473
11620,0.6993
11621,0.2511
11622,0.0865
11623,0.1181
11624,0.009702
11625,0.6512
11626,1.586
11627,0.03835
11628,0.002608
11629,0.73
11630,1.027
11631,0.3309
11632,0.2702
11633,1.027
11634,0.2831
11635,0.6603
11636,1.018
11637,0.2569
11638,0.4486
11639,0.2546
11640,0.5841
11641,0.7383
11642,1.417
11643,0.6731
11644,1.318
11645,0.6324
11646,0.4155
11647,0.607
11648,0.6129
11649,0.6892
11650,0.9626
11651,0.4382
11652,0.6004
11653,0.2207
11654,0.1441
11655,0.2276
11656,0.1839
11657,0.1613
11658,0.01864
11659,0.3914
11660,0.2647
11661,0.7401
11662,0.4334
11663,1.224
11664,1.377
11665,1.263
11666,0.1923
11667,0.08021
11668,1.579
11669,0.2585
11670,0.1798
11671,0.6525
11672,0.663
11673,0.7057
11674,0.0555
11675,0.2385
11676,0.09371
11677,1.567
11678,0.7519
11679,0.1816
11680,0.3708
11681,0.2416
11682,1.452
11683,0.5335
11684,0.9502
11685,0.5755
11686,0.1615
11687,0.4601
11688,0.5582
11689,1.38
11690,1.248
11691,0.08194
11692,0.5638
11693,0.2129
11694,1.29
11695,0.3613
11696,0.6701
11697,0.2713
11698,1.436
11699,1.026
11700,1.31
11701,0.9649
11702,0.2545
11703,1.112
11704,0.8674
11705,0.7947
11706,0.3458
11707,0.5281
11708,0.9492
11709,0.03222
11710,0.7529
11711,1.388
11712,0.5908
11713,0.1452
11714,0.3216
11715,0.73
11716,0.5605
11717,0.009996
11718,0.9507
11719,0.4275
11720,0.4639
11721,0.8982
11722,0.3732
11723,0.07972
11724,0.2603
11725,0.4012
11726,0.1644
11727,0.4474
11728,0.8669
11729,0.4215
11730,1.073
11731,0.263
11732,0.7291
11733,0.4363
11734,0.4912
11735,0.3472
11736,0.6598
11737,1.109
11738,0.5263
11739,0.4264
11740,0.7886
11741,1.198
11742,1.109
11743,0.7082
11744,0.517
11745,1.115
11746,1.095
11747,0.5556
11748,0.2539
11749,0.03392
11750,0.04627
11751,0.3247
11752,1.674
11753,0.4249
11754,1.18
11755,1.181
11756,1.171
11757,0.4153
11758,0.2693
11759,0.37
11760,0.7482
11761,1.365
11762,0.3534
11763,0.7
11764,0.4215
11765,0.3387
11766,0.321
11767,0.5338
11768,1.15
11769,0.04737
11770,1.126
11771,0.6135
11772,0.8352
11773,0.3515
11774,2.201
11775,0.5281
11776,0.7266
11777,0.1727
11778,0.7974
11779,0.1713
11780,0.4825
11781,0.3158
11782,1.504
11783,0.587
11784,0.6795
11785,1.037
11786,0.7206
11787,0.1286
11788,0.5271
11789,0.2787
11790,0.8841
11791,0.3378
11792,0.02619
11793,1.124
11794,0.7422
11795,0.824
11796,0.01881
11797,0.07846
11798,0.7828
11799,0.06341
11800,0.5257
11801,0.4535
11802,0.1204
11803,0.4096
11804,0.2713
11805,1.299
11806,0.06538
11807,1.057
11808,0.6366
11809,0.2258
11810,1.639
11811,1.083
11812,0.7911
11813,0.7779
11814,0.03706
11815,0.8658
11816,0.8209
11817,0.1242
11818,0.4795
11819,0.3818
11820,1.97
11821,0.5717
11822,0.6949
11823,0.1175
11824,0.66
11825,0.5044
11826,0.1088
11827,1.012
11828,1.541
11829,0.02496
11830,1.062
11831,0.03386
11832,0.3777
11833,0.9128
11834,0.1957
11835,0.2002
11836,0.2701
11837,0.8967
11838,0.02303
11839,0.4091
11840,0.1277
11841,0.5101
11842,0.509
11843,0.02153
11844,1.073
11845,0.5068
11846,0.152
11847,0.7209
11848,0.8194
11849,0.3785
11850,0.6676
11851,0.2505
11852,0.04217
11853,0.07902
11854,0.8826
11855,0.9477
11856,0.6994
11857,0.9703
11858,0.6348
11859,0.7534
11860,0.2327
11861,0.0213
11862,0.3825
11863,0.1028
11864,0.1595
11865,0.4516
11866,0.1568
11867,0.001988
11868,0.441
11869,0.2253
11870,0.6962
11871,0.8322
11872,0.02172
11873,1.074
11874,0.5613
11875,0.09374
11876,0.1615
11877,0.439
11878,0.7962
11879,0.4577
11880,0.4498
11881,1.203
11882,0.1198
11883,0.5525
11884,0.5529
11885,0.1826
11886,0.3338
11887,1.008
11888,0.1967
11889,0.9997
11890,0.1596
11891,0.1979
11892,0.7768
11893,0.9997
11894,1.515
11895,0.04214
11896,0.02335
11897,0.4998
11898,0.5708
11899,0.9926
11900,0.242
11901,0.1225
11902,0.2051
11903,0.4275
11904,0.06212
11905,1.016
11906,0.3607
11907,0.7007
11908,0.9375
11909,1.059
11910,0.873
11911,0.3362
11912,0.6557
11913,0.5827
11914,0.05277
11915,1.16
11916,1.087
11917,0.572
11918,1.376
11919,1.087
11920,0.09983
11921,1.142
11922,0.6041
11923,1.026
11924,0.5019
11925,1.249
11926,0.3219
11927,0.383
11928,0.146
11929,0.7018
11930,0.667
11931,0.267
11932,0.288
11933,0.7437
11934,0.5434
11935,0.2696
11936,0.5748
11937,0.3841
11938,1.145
11939,0.7604
11940,0.3043
11941,0.1998
11942,0.2897
11943,0.01875
11944,0.1571
11945,0.4672
11946,0.1188
11947,0.3373
11948,0.4151
11949,0.3191
11950,0.2389
11951,0.1575
11952,1.08
11953,0.3118
11954,0.07207
11955,1.743
11956,0.3938
11957,0.05106
11958,0.01053
11959,0.5084
11960,0.9321
11961,0.2477
11962,1.577
11963,1.637
11964,0.1219
11965,0.8332
11966,0.09199
11967,0.3691
11968,0.3143
11969,1.151
11970,1.051
11971,0.4568
11972,0.6654
11973,0.5789
11974,0.1515
11975,0.9848
11976,0.3356
11977,0.5365
11978,0.1592
11979,0.9527
11980,0.7121
11981,0.5787
11982,0.4653
11983,0.04964
11984,0.2486
11985,0.2419
11986,0.7962
11987,0.7816
11988,0.3073
11989,0.3041
11990,0.1017
11991,0.4196
11992,0.5089
11993,0.1352
11994,0.3966
11995,0.7681
11996,0.4686
11997,0.08989
11998,0.06855
11999,0.4306
12000,0.564
12001,0.4475
12002,1.69
12003,0.5337
12004,0.5355
12005,0.422
12006,1.34
12007,0.7865
12008,0.7746
12009,0.5239
12010,0.9792
12011,0.2638
12012,1.132
12013,0.2616
12014,0.3361
12015,0.4759
12016,0.7755
12017,0.8619
12018,0.6825
12019,1.525
12020,0.6278
12021,0.4102
12022,0.48
12023,1.481
12024,0.2837
12025,0.7519
12026,0.8173
12027,0.2468
12028,0.7979
12029,0.5227
12030,0.2611
12031,0.5032
12032,0.03425
12033,0.06699
12034,1.471
12035,0.6018
12036,0.982
12037,0.6631
12038,0.8714
12039,0.1849
12040,1.453
12041,1.195
12042,0.1632
12043,1.465
12044,0.1134
12045,2.167
12046,0.0002775
12047,0.1806
12048,0.165
12049,0.301
12050,0.4599
12051,0.5192
12052,0.9434
12053,0.4524
12054,0.3069
12055,0.1339
12056,0.6631
12057,1.769
12058,0.3073
12059,0.3474
12060,0.6225
12061,1.059
12062,0.2967
12063,0.6801
12064,0.2026
12065,0.8947
12066,0.5425
12067,1.515
12068,0.9057
12069,0.3217
12070,0.7445
12071,0.4436
12072,0.219
12073,0.3979
12074,0.4173
12075,0.5214
12076,1.239
12077,0.341
12078,0.4367
12079,0.712
12080,0.6075
12081,1.717
12082,0.7998
12083,0.3029
12084,0.9186
12085,0.7222
12086,0.7681
12087,0.1156
12088,0.5557
12089,1.252
12090,0.06363
12091,0.4896
12092,0.537
12093,0.7796
12094,0.09934
12095,0.5025
12096,1.003
12097,0.06937
12098,1.383
12099,1.268
12100,0.6253
12101,0.1355
12102,1.83
12103,0.8809
12104,0.02692
12105,0.1366
12106,0.387
12107,0.1088
12108,0.9836
12109,0.374
12110,0.9508
12111,0.1137
12112,0.3669
12113,0.6058
12114,0.9658
12115,0.6417
12116,1.038
12117,0.5627
12118,1.385
12119,1.13
12120,1.078
12121,0.2752
12122,0.8301
12123,0.4867
12124,0.1133
12125,1.109
12126,0.28
12127,0.348
12128,0.1654
12129,0.8045
12130,0.04134
12131,0.159
12132,0.386
12133,2.123
12134,0.5124
12135,0.4367
12136,0.7577
12137,0.2527
12138,1.792
12139,0.807
12140,0.4405
12141,0.8279
12142,1.19
12143,0.1351
12144,0.926
12145,0.1163
12146,0.8338
12147,0.4131
12148,1.398
12149,0.9691
12150,1.519
12151,0.08183
12152,0.2383
12153,1.076
12154,0.1726
12155,0.4074
12156,0.289
12157,0.7465
12158,0.3741
12159,0.2626
12160,1.495
12161,0.4791
12162,0.562
12163,1.28
12164,0.2355
12165,0.5385
12166,0.1283
12167,1.667
12168,0.4892
12169,0.348
12170,0.1854
12171,0.4658
12172,0.3041
12173,0.04612
12174,0.9024
12175,0.6565
12176,0.3433
12177,0.1988
12178,0.2475
12179,0.984
12180,1.607
12181,0.2238
12182,1.556
12183,1.793
12184,0.9699
12185,1.108
12186,0.167
12187,0.2832
12188,0.1952
12189,0.6625
12190,0.7649
12191,0.6782
12192,0.1744
12193,0.3541
12194,0.676
12195,1.464
12196,1.868
12197,0.4503
12198,0.7557
12199,0.5394
12200,0.01591
12201,0.06242
12202,1.374
12203,0.1378
12204,1.451
12205,0.02129
12206,0.1138
12207,0.9395
12208,0.7776
12209,0.1732
12210,2.787
12211,0.181
12212,0.1323
12213,0.7205
12214,0.1984
12215,0.0384
12216,0.004754
12217,0.8692
12218,0.07202
12219,0.2517
12220,1.397
12221,0.5099
12222,0.8663
12223,0.3777
12224,0.162
12225,0.0203
12226,0.1755
12227,0.6991
12228,0.4655
12229,1.203
12230,0.5294
12231,0.6209
12232,0.2551
12233,0.6415
12234,0.7024
12235,0.08697
12236,0.5255
12237,0.8873
12238,0.736
12239,2.672
12240,0.8298
12241,1.764
12242,0.8391
12243,0.3211
12244,0.2787
12245,0.05379
12246,0.1537
12247,0.9072
12248,0.1343
12249,0.01157
12250,1.619
12251,0.9822
12252,1.347
12253,0.4571
12254,0.6963
12255,0.1554
12256,0.6699
12257,0.9207
12258,0.4455
12259,0.682
12260,0.6647
12261,1.394
12262,0.5762
12263,0.3295
12264,0.06187
12265,0.1866
12266,0.1913
12267,0.2044
12268,0.639
12269,0.5237
12270,0.776
12271,0.1395
12272,0.5447
12273,0.07158
12274,0.7238
12275,0.4387
12276,0.307
12277,0.6386
12278,0.07738
12279,0.1525
12280,0.6612
12281,0.06076
12282,0.7454
12283,0.1041
12284,0.2605
12285,0.2556
12286,0.6668
12287,0.3524
12288,1.2
12289,0.3177
12290,0.02199
12291,0.1031
12292,0.008915
12293,1.258
12294,0.4027
12295,0.4371
12296,1.531
12297,0.2091
12298,0.3476
12299,0.2154
12300,0.923
12301,0.3956
12302,0.6364
12303,1.274
12304,0.8722
12305,0.4796
12306,0.846
12307,0.1559
12308,1.018
12309,0.3456
12310,0.1362
12311,0.258
12312,0.3735
12313,1.015
12314,0.05347
12315,0.8378
12316,1.638
12317,0.1338
12318,0.6785
12319,0.3079
12320,0.415
12321,0.07237
12322,0.4398
12323,0.5328
12324,1.527
12325,0.04348
12326,0.1835
12327,0.326
12328,0.08504
12329,0.0255
12330,0.339
12331,0.3604
12332,0.04754
12333,0.08622
12334,1.114
12335,0.7952
12336,0.9821
12337,0.1383
12338,0.332
12339,0.9244
12340,0.5148
12341,0.4013
12342,0.3408
12343,1.24
12344,0.7184
12345,1.258
12346,0.1296
12347,0.3383
12348,0.1883
12349,1.271
12350,0.7183
12351,0.03758
12352,0.3193
12353,0.405
12354,1.119
12355,0.4073
12356,0.7875
12357,0.8861
12358,0.6919
12359,0.1195
12360,0.1482
12361,0.588
12362,1.475
12363,1.448
12364,0.9953
12365,0.4103
12366,1.411
12367,0.6491
12368,0.1667
12369,0.636
12370,1.683
12371,0.2758
12372,0.3674
12373,1.762
12374,0.2333
12375,0.05417
12376,0.3571
12377,0.9954
12378,1.313
12379,0.8179
12380,0.1043
12381,0.1839
12382,0.9601
12383,1.221
12384,1.16
12385,0.2766
12386,0.5849
12387,0.8196
12388,0.5727
12389,1.56
12390,1.395
12391,0.02912
12392,0.06044
12393,0.112
12394,0.7487
12395,0.6499
12396,0.1353
12397,0.6637
12398,0.003072
12399,0.7187
12400,0.1829
12401,0.008471
12402,0.1023
12403,0.4449
12404,0.2362
12405,0.7344
12406,0.1538
12407,0.4984
12408,0.4712
12409,0.06596
12410,0.8374
12411,0.7099
12412,0.8118
12413,0.3941
12414,0.6532
12415,0.3621
12416,0.2842
12417,0.09389
12418,0.6738
12419,0.4095
12420,0.417
12421,0.9041
12422,0.02455
12423,1.028
12424,0.0695
12425,0.4745
12426,0.5248
12427,0.6452
12428,1.077
12429,0.3788
12430,0.6847
12431,0.2279
12432,0.1094
12433,1.444
12434,0.4522
12435,0.06852
12436,0.9742
12437,1.415
12438,0.7371
12439,0.8036
12440,1.008
12441,0.07177
12442,1.361
12443,0.5874
12444,1.061
12445,0.2325
12446,1.914
12447,0.0411
12448,0.7379
12449,1.01
12450,0.8616
12451,0.2662
12452,0.5323
12453,0.06806
12454,0.04598
12455,0.1061
12456,0.2387
12457,0.6036
12458,0.6926
12459,0.3217
12460,0.2158
12461,0.1891
12462,0.4444
12463,0.9285
12464,0.3381
12465,0.3906
12466,0.01333
12467,0.5494
12468,0.452
12469,0.2315
12470,0.03414
12471,0.0214
12472,0.8472
12473,1.173
12474,1.039
12475,0.1338
12476,0.07097
12477,0.6985
12478,0.6144
12479,0.5178
12480,0.5152
12481,1.318
12482,0.3863
12483,0.28
12484,0.1116
12485,0.6719
12486,0.07047
12487,0.2606
12488,0.3747
12489,1.128
12490,0.3499
12491,0.01399
12492,0.8204
12493,0.5596
12494,0.4675
12495,0.07132
12496,1.647
12497,0.3141
12498,0.2627
12499,1.443
12500,1.199
12501,0.4671
12502,1.11
12503,0.4344
12504,1.217
12505,0.6242
12506,0.2819
12507,0.2422
12508,0.5261
12509,1.189
12510,1.378
12511,0.1507
12512,0.4637
12513,0.6679
12514,0.09842
12515,0.08614
12516,0.002827
12517,0.7213
12518,0.6308
12519,0.3622
12520,0.02681
12521,0.3116
12522,0.2909
12523,0.4225
12524,1.119
12525,1.319
12526,1.403
12527,0.07986
12528,0.3222
12529,1.273
12530,1.036
12531,0.7919
12532,0.7662
12533,0.3584
12534,0.3126
12535,1.008
12536,0.6763
12537,0.142
12538,0.1253
12539,0.6417
12540,0.7897
12541,0.06154
12542,0.8424
12543,0.7067
12544,0.09994
12545,0.6127
12546,0.3857
12547,0.03206
12548,0.3691
12549,0.3677
12550,1.663
12551,0.3635
12552,0.3102
12553,0.9158
12554,0.4815
12555,0.5058
12556,1.06
12557,0.9489
12558,0.9832
12559,1.002
12560,0.008686
12561,0.6472
12562,0.6634
12563,1.076
12564,0.4567
12565,0.3359
12566,1.1
12567,0.09232
12568,1.307
12569,0.1962
12570,0.1253
12571,1.191
12572,0.05297
12573,0.5947
12574,0.3177
12575,0.7455
12576,0.5173
12577,0.6918
12578,0.9081
12579,0.0338
12580,1.133
12581,0.2189
12582,0.5073
12583,0.905
12584,0.4527
12585,0.5274
12586,0.3619
12587,1.701
12588,0.404
12589,0.05715
12590,0.1425
12591,1.055
12592,0.2004
12593,0.1828
12594,1.099
12595,0.7933
12596,0.5623
12597,0.05523
12598,0.9385
12599,0.02536
12600,0.788
12601,0.7761
12602,0.5733
12603,0.9021
12604,0.5549
12605,1.496
12606,0.965
12607,0.3419
12608,0.8895
12609,1.426
12610,1.363
12611,0.2845
12612,0.2365
12613,1.06
12614,0.1327
12615,0.8568
12616,0.8094
12617,0.9624
12618,0.6944
12619,0.2211
12620,0.05401
12621,0.5716
12622,1.024
12623,0.7127
12624,1.327
12625,0.7465
12626,0.2836
12627,0.7141
12628,0.08003
12629,1.606
12630,0.2609
12631,0.632
12632,0.7078
12633,0.3499
12634,2.307
12635,0.4711
12636,0.169
12637,1.255
12638,0.6566
12639,1.021
12640,0.09796
12641,0.1211
12642,0.1302
12643,0.4798
12644,0.4096
12645,1.033
12646,0.1994
12647,0.2129
12648,0.3702
12649,0.7657
12650,0.2127
12651,0.5464
12652,0.2108
12653,0.6924
12654,0.3093
12655,0.01361
12656,0.421
12657,0.2479
12658,0.8493
12659,0.6569
12660,0.9465
12661,0.6417
12662,0.0387
12663,1.067
12664,1.294
12665,0.3528
12666,0.5633
12667,0.01631
12668,0.8695
12669,0.09834
12670,0.607
12671,0.2182
12672,0.146
12673,1.306
12674,0.2076
12675,0.8264
12676,0.6208
12677,0.4403
12678,0.5147
12679,0.1649
12680,0.7554
12681,1.313
12682,0.4328
12683,0.2683
12684,0.548
12685,0.8291
12686,0.01408
12687,0.6832
12688,0.154
12689,0.3724
12690,0.07044
12691,0.8981
12692,0.3418
12693,0.8525
12694,0.7641
12695,1.446
12696,0.2546
12697,0.9866
12698,0.8513
12699,0.4482
12700,0.475
12701,1.18
12702,0.3615
12703,0.4543
12704,0.5464
12705,0.5981
12706,0.825
12707,0.2467
12708,1.168
12709,0.009117
12710,0.6972
12711,0.797
12712,0.4941
12713,1.18
12714,0.5459
12715,0.9104
12716,0.1052
12717,0.8472
12718,0.5322
12719,0.8083
12720,0.03571
12721,1.519
12722,0.6734
12723,0.9662
12724,1.028
12725,0.8807
12726,1.098
12727,0.8047
12728,0.3891
12729,0.9619
12730,0.07745
12731,0.6571
12732,0.1811
12733,1.568
12734,0.4237
12735,0.5758
12736,0.9711
12737,0.4322
12738,0.7477
12739,0.1239
12740,0.3917
12741,0.837
12742,1.674
12743,0.4127
12744,0.02841
12745,0.03246
12746,0.3733
12747,1.481
12748,0.4438
12749,1.115
12750,0.2458
12751,1.167
12752,1.268
12753,0.6374
12754,0.2918
12755,0.8702
12756,0.186
12757,0.2773
12758,0.0252
12759,1.033
12760,0.1998
12761,0.125
12762,0.7911
12763,1.178
12764,0.4774
12765,0.6159
12766,0.5092
12767,0.1722
12768,0.2379
12769,0.3699
12770,0.448
12771,1.015
12772,1.42
12773,1.301
12774,0.9805
12775,0.4893
12776,0.0006763
12777,1.035
12778,0.9958
12779,1.003
12780,0.5968
12781,0.08321
12782,0.2483
12783,1.013
12784,0.3188
12785,0.9169
12786,0.2472
12787,0.2368
12788,0.4359
12789,0.3532
12790,0.3539
12791,0.2405
12792,0.9156
12793,0.1254
12794,1.763
12795,1.017
12796,0.5271
12797,0.302
12798,2.046
12799,0.9108
12800,0.09041
12801,0.3348
12802,0.2267
12803,0.7279
12804,0.1604
12805,0.006937
12806,1.131
12807,0.9351
12808,0.08518
12809,0.9605
12810,1.379
12811,0.7764
12812,0.09398
12813,0.6583
12814,0.2339
12815,0.1843
12816,0.04163
12817,0.1307
12818,0.8556
12819,0.5627
12820,0.44
12821,0.3106
12822,1.142
12823,1.376
12824,1.11
12825,0.2222
12826,1.279
12827,1.508
12828,0.4795
12829,0.8046
12830,0.6407
12831,1.088
12832,0.5308
12833,0.4522
12834,0.9357
12835,0.3203
12836,0.6324
12837,0.8138
12838,1.377
12839,1.208
12840,0.4191
12841,0.7378
12842,0.7038
12843,0.4324
12844,1.009
12845,1.049
12846,0.8933
12847,0.1667
12848,0.4346
12849,0.4008
12850,0.5428
12851,0.3749
12852,0.3062
12853,0.4352
12854,1.322
12855,1.003
12856,0.5354
12857,0.25
12858,0.9873
12859,0.2495
12860,0.1941
12861,0.6555
12862,0.4485
12863,0.5647
12864,0.2636
12865,0.5554
12866,0.05242
12867,1.267
12868,1.45
12869,0.6615
12870,0.1368
12871,0.9222
12872,1.196
12873,0.3006
12874,1.064
12875,0.1046
12876,0.2049
12877,0.2643
12878,0.2716
12879,1.833
12880,0.2924
12881,1.143
12882,0.6973
12883,0.2757
12884,0.215
12885,0.5959
12886,0.46
12887,0.3202
12888,0.03558
12889,0.9332
12890,0.2444
12891,0.4543
12892,0.1145
12893,0.4543
12894,1.04
12895,0.9058
12896,1.081
12897,0.3671
12898,1.629
12899,0.5198
12900,0.1175
12901,0.7699
12902,0.6273
12903,0.6244
12904,1.104
12905,0.0907
12906,1.076
12907,0.7291
12908,0.3314
12909,1.014
12910,0.5708
12911,1.204
12912,0.08395
12913,0.06529
12914,0.4911
12915,0.3575
12916,0.7066
12917,0.3716
12918,0.2042
12919,0.662
12920,0.2153
12921,1.323
12922,0.1221
12923,0.523
12924,0.504
12925,0.6042
12926,0.1374
12927,0.4877
12928,0.3143
12929,0.4889
12930,0.3538
12931,0.04225
12932,0.3045
12933,1.282
12934,1.515
12935,0.2399
12936,0.6679
12937,0.3246
12938,0.5974
12939,1.433
12940,0.4725
12941,0.255
12942,0.02947
12943,1.05
12944,1.114
12945,0.008591
12946,0.1913
12947,0.5136
12948,0.2062
12949,0.1962
12950,0.9482
12951,0.1865
12952,0.0596
12953,0.2995
12954,0.8914
12955,0.2376
12956,0.9031
12957,0.9363
12958,0.54
12959,0.5563
12960,0.4265
12961,1.395
12962,0.691
12963,1.237
12964,0.3459
12965,0.04416
12966,1.586
12967,1.543
12968,0.8323
12969,0.4631
12970,0.4288
12971,0.3546
12972,1.122
12973,1.726
12974,0.6821
12975,0.06472
12976,0.7805
12977,0.863
12978,0.6899
12979,1.155
12980,0.2511
12981,0.136
12982,0.09317
12983,0.04893
12984,0.01908
12985,0.7511
12986,1.669
12987,0.7792
12988,0.2384
12989,0.08406
12990,0.7188
12991,0.5484
12992,0.8361
12993,2.292
12994,0.6012
12995,0.4231
12996,0.8159
12997,0.2182
12998,0.06761
12999,0.4582
13000,0.1699
13001,0.6919
13002,1.779
13003,0.3093
13004,1.02
13005,0.1488
13006,0.5009
13007,0.5167
13008,0.2988
13009,1.063
13010,1.013
13011,0.327
13012,0.1446
13013,0.451
13014,0.003682
13015,0.05718
13016,0.9691
13017,1.467
13018,0.9014
13019,0.5648
13020,1.907
13021,0.6131
13022,0.6207
13023,0.4242
13024,0.08245
13025,0.7645
13026,0.06299
13027,0.2587
13028,0.9007
13029,0.4287
13030,0.7391
13031,0.3998
13032,1.411
13033,0.3243
13034,1.892
13035,0.6311
13036,0.8846
13037,0.05543
13038,0.8401
13039,0.7883
13040,0.583
13041,0.1592
13042,0.7098
13043,5.616e-05
13044,1.012
13045,1.087
13046,0.8282
13047,0.5009
13048,0.4603
13049,0.7547
13050,0.7315
13051,0.4467
13052,0.00441
13053,0.1193
13054,0.15
13055,0.3679
13056,1.821
13057,0.5936
13058,0.2922
13059,0.9347
13060,0.4705
13061,0.9301
13062,0.1712
13063,0.3148
13064,0.1522
13065,0.4705
13066,0.4784
13067,0.2225
13068,0.4793
13069,0.3029
13070,1.143
13071,0.2641
13072,0.2168
13073,1.034
13074,1.042
13075,0.4266
13076,1.056
13077,0.01338
13078,0.5684
13079,0.8489
13080,0.2886
13081,0.5314
13082,0.4087
13083,0.05534
13084,0.3294
13085,0.594
13086,1.007
13087,0.2356
13088,1.103
13089,0.755
13090,0.0004276
13091,0.5975
13092,0.08239
13093,1.862
13094,1.001
13095,0.8045
13096,0.9064
13097,0.2615
13098,0.09509
13099,0.824
13100,0.2558
13101,0.2965
13102,0.2174
13103,0.8182
13104,0.3786
13105,0.5406
13106,0.3315
13107,1.299
13108,1.336
13109,1.043
13110,0.9142
13111,0.6765
13112,0.6706
13113,0.501
13114,0.9864
13115,1.194
13116,0.743
13117,0.1452
13118,0.6253
13119,0.5599
13120,1.927
13121,0.5044
13122,0.4754
13123,0.7842
13124,0.3781
13125,1.412
13126,1.072
13127,0.006079
13128,0.1221
13129,0.6878
13130,0.6662
13131,0.614
13132,1.905
13133,0.2916
13134,0.7155
13135,0.6176
13136,0.8342
13137,0.2782
13138,0.5043
13139,1.807
13140,0.3661
13141,0.3694
13142,0.6032
13143,0.8408
13144,0.3984
13145,0.7836
13146,0.5879
13147,1.14
13148,1.082
13149,0.03854
13150,0.1485
13151,0.01499
13152,0.6309
13153,0.146
13154,0.3673
13155,0.9493
13156,0.8629
13157,0.09682
13158,0.2066
13159,0.07452
13160,0.6291
13161,0.4442
13162,0.5298
13163,0.2039
13164,0.033
13165,0.9457
13166,0.1018
13167,1.88
13168,0.4641
13169,0.02345
13170,0.1944
13171,0.548
13172,0.772
13173,0.7118
13174,0.3799
13175,0.04545
13176,0.1215
13177,0.6504
13178,0.4904
13179,0.8331
13180,0.1042
13181,0.2395
13182,1.322
13183,0.3605
13184,0.8503
13185,0.4632
13186,0.8829
13187,0.3328
13188,0.2986
13189,0.1268
13190,0.2562
13191,0.5144
13192,0.2485
13193,1.79
13194,0.3046
13195,1.083
13196,1.268
13197,0.4312
13198,0.3816
13199,1.289
13200,0.4074
13201,0.8135
13202,0.7648
13203,0.6634
13204,0.2478
13205,0.2614
13206,0.2562
13207,0.1252
13208,0.2876
13209,0.5292
13210,0.1471
13211,0.7683
13212,0.06118
13213,0.6365
13214,0.809
13215,0.7165
13216,1.2
13217,0.4679
13218,0.0786
13219,0.861
13220,0.2666
13221,0.6334
13222,0.3344
13223,1.001
13224,0.006466
13225,1.156
13226,0.1391
13227,0.6961
13228,0.5589
13229,0.595
13230,0.3981
13231,0.5882
13232,0.815
13233,0.01359
13234,1.511
13235,0.4644
13236,0.44
13237,0.5141
13238,0.387
13239,0.3479
13240,0.8908
13241,0.6251
13242,0.3095
13243,0.08606
13244,1.619
13245,0.2199
13246,0.3454
13247,0.3506
13248,0.6522
13249,0.3167
13250,0.1897
13251,0.9329
13252,0.6107
13253,0.4498
13254,0.1413
13255,0.5938
13256,0.2206
13257,0.6036
13258,0.0944
13259,0.3006
13260,0.09407
13261,0.353
13262,0.8267
13263,0.305
13264,0.9275
13265,0.813
13266,1.074
13267,0.8416
13268,0.5666
13269,0.5825
13270,1.181
13271,0.2143
13272,0.1016
13273,0.8035
13274,0.6487
13275,0.2176
13276,0.04377
13277,1.243
13278,0.2869
13279,0.2501
13280,0.8861
13281,1.312
13282,1.131
13283,0.883
13284,0.9297
13285,0.07709
13286,0.6822
13287,0.2647
13288,0.8245
13289,0.5758
13290,0.2893
13291,0.2675
13292,1.373
13293,0.3201
13294,0.0122
13295,0.4672
13296,0.6906
13297,0.2761
13298,1.483
13299,0.6915
13300,0.03298
13301,0.6358
13302,1.059
13303,0.6982
13304,0.3101
13305,1.73
13306,0.5557
13307,0.5875
13308,0.4205
13309,0.06629
13310,0.7201
13311,0.7359
13312,1.093
13313,0.9602
13314,0.408
13315,1.718
13316,0.3025
13317,0.4228
13318,0.1856
13319,0.001403
13320,0.7463
13321,1.531
13322,1.126
13323,0.06267
13324,1.159
13325,1.217
13326,0.03824
13327,0.9797
13328,0.4944
13329,1.262
13330,0.4762
13331,0.3188
13332,0.5695
13333,0.29
13334,0.2887
13335,0.9361
13336,0.05612
13337,0.6226
13338,0.5915
13339,0.1177
13340,0.5735
13341,0.09366
13342,0.1929
13343,0.01258
13344,0.7146
13345,0.04651
13346,0.3499
13347,0.05237
13348,0.4852
13349,0.5482
13350,0.6385
13351,0.1182
13352,0.3197
13353,0.6264
13354,0.666
13355,0.4052
13356,0.3494
13357,0.6193
13358,0.1719
13359,0.516
13360,0.07298
13361,0.2091
13362,1.287
13363,0.6667
13364,1.528
13365,0.09208
13366,1.197
13367,0.8991
13368,0.2029
13369,0.7664
13370,0.7222
13371,0.006594
13372,1.059
13373,0.7059
13374,0.6224
13375,0.1322
13376,0.6875
13377,0.553
13378,0.2201
13379,0.9825
13380,0.2801
13381,0.9653
13382,0.1909
13383,1.862
13384,0.2724
13385,0.103
13386,0.7627
13387,0.9889
13388,0.1066
13389,0.1057
13390,0.06004
13391,0.2693
13392,0.0983
13393,0.3525
13394,0.1829
13395,0.1558
13396,0.5055
13397,0.07787
13398,0.02943
13399,0.2993
13400,0.01303
13401,0.1383
13402,0.3942
13403,0.131
13404,0.5117
13405,0.6012
13406,0.9347
13407,1.368
13408,1.167
13409,0.5909
13410,0.928
13411,0.6389
13412,0.6251
13413,0.07241
13414,0.8882
13415,1.123
13416,0.1703
13417,0.002646
13418,0.6871
13419,0.1477
13420,0.8078
13421,0.2475
13422,0.9002
13423,0.02796
13424,0.4801
13425,0.9084
13426,0.2572
13427,0.2103
13428,0.3312
13429,1.02
13430,0.4667
13431,1.242
13432,1.296
13433,1.411
13434,0.6759
13435,0.1191
13436,0.5369
13437,0.9151
13438,0.3461
13439,0.3938
13440,0.1782
13441,0.1834
13442,0.3519
13443,0.316
13444,0.424
13445,0.1185
13446,0.7279
13447,0.2995
13448,1.098
13449,0.7144
13450,1.109
13451,1.163
13452,0.464
13453,0.1594
13454,0.8614
13455,1.662
13456,0.1688
13457,0.2994
13458,0.4008
13459,1.19
13460,0.1625
13461,0.5805
13462,1.379
13463,0.2984
13464,0.3841
13465,0.7532
13466,0.5649
13467,0.07669
13468,1.01
13469,0.09893
13470,0.06463
13471,0.3786
13472,1.438
13473,0.3089
13474,0.03232
13475,1.658
13476,2.149
13477,1.531
13478,1.16
13479,0.6059
13480,1.351
13481,0.2841
13482,0.03689
13483,0.01477
13484,0.104
13485,0.08604
13486,1.046
13487,1.025
13488,0.6641
13489,0.2253
13490,0.06584
13491,1.331
13492,0.6439
13493,1.375
13494,0.3764
13495,0.7726
13496,0.7578
13497,0.3535
13498,0.8646
13499,0.6555
13500,0.8743
13501,0.5317
13502,1.467
13503,0.0449
13504,1.069
13505,0.03714
13506,0.4829
13507,1.756
13508,0.05461
13509,0.4165
13510,1.343
13511,0.5046
13512,0.9577
13513,0.2984
13514,0.09667
13515,0.5047
13516,1.677
13517,0.9836
13518,0.776
13519,0.1555
13520,0.7986
13521,0.1233
13522,0.2132
13523,1.554
13524,0.4143
13525,0.3168
13526,0.5973
13527,0.3258
13528,0.3212
13529,0.09552
13530,0.1703
13531,0.3144
13532,0.6974
13533,0.3309
13534,0.6485
13535,0.7584
13536,0.9158
13537,0.7907
13538,0.2609
13539,0.8683
13540,1.615
13541,0.4733
13542,1.348
13543,0.5182
13544,0.4038
13545,1.178
13546,0.7586
13547,0.07367
13548,0.5806
13549,0.1986
13550,0.05587
13551,0.09233
13552,1.09
13553,0.681
13554,0.428
13555,1.272
13556,0.1606
13557,0.5507
13558,0.2448
13559,1.069
13560,0.07522
13561,0.8135
13562,0.07864
13563,0.4764
13564,0.08476
13565,1.396
13566,0.6701
13567,1.246
13568,1.06
13569,0.02037
13570,1.492
13571,0.7469
13572,0.8811
13573,0.8382
13574,0.1499
13575,0.2824
13576,0.7704
13577,1.393
13578,0.8985
13579,1.286
13580,0.02607
13581,0.1113
13582,0.1431
13583,0.5258
13584,0.06628
13585,0.3886
13586,0.7599
13587,0.8952
13588,0.5011
13589,0.8142
13590,0.6872
13591,1.054
13592,1.034
13593,0.5039
13594,1.712
13595,1.545
13596,0.3976
13597,1.059
13598,0.08867
13599,1.314
13600,0.7378
13601,1.618
13602,0.7506
13603,0.2096
13604,1.646
13605,0.1565
13606,0.1693
13607,1.455
13608,0.7156
13609,0.533
13610,0.7114
13611,0.994
13612,0.7359
13613,0.6997
13614,0.01336
13615,0.285
13616,0.3038
13617,0.2926
13618,0.361
13619,0.9986
13620,0.1846
13621,0.9125
13622,0.6423
13623,1.182
13624,0.1681
13625,0.01391
13626,0.07968
13627,0.7031
13628,0.6606
13629,0.1565
13630,0.3805
13631,0.8636
13632,0.3342
13633,0.4881
13634,0.2316
13635,0.2177
13636,1.135
13637,0.2969
13638,0.5897
13639,1.121
13640,0.5062
13641,0.05827
13642,0.93
13643,0.6658
13644,0.1637
13645,0.7593
13646,0.07297
13647,0.9004
13648,0.3258
13649,1.402
13650,0.0926
13651,0.5492
13652,0.4468
13653,0.273
13654,1.702
13655,0.006049
13656,0.04444
13657,0.4756
13658,1.596
13659,0.4656
13660,0.4624
13661,0.6532
13662,0.9726
13663,0.2379
13664,0.7714
13665,0.8317
13666,0.742
13667,0.1613
13668,1.155
13669,0.4047
13670,0.02501
13671,0.08029
13672,1.6
13673,0.4366
13674,0.07539
13675,0.7576
13676,0.257
13677,0.06946
13678,0.178
13679,0.5202
13680,0.4409
13681,1.688
13682,0.227
13683,0.6973
13684,1.777
13685,0.09794
13686,0.6183
13687,0.6076
13688,0.6794
13689,0.6312
13690,0.804
13691,0.2555
13692,0.1351
13693,0.3444
13694,0.2682
13695,0.6338
13696,0.2292
13697,0.764
13698,0.7561
13699,0.4489
13700,0.3116
13701,0.6036
13702,0.34
13703,1.165
13704,0.02989
13705,1.324
13706,0.7662
13707,0.3479
13708,0.7097
13709,0.3623
13710,0.2299
13711,0.5359
13712,0.1536
13713,0.5413
13714,0.6265
13715,0.5666
13716,0.4526
13717,1.1
13718,0.0276
13719,0.4981
13720,0.1669
13721,0.1586
13722,1.023
13723,0.8902
13724,0.2651
13725,0.5387
13726,0.205
13727,0.6468
13728,1.543
13729,0.3623
13730,1.702
13731,0.1939
13732,0.3093
13733,0.5859
13734,0.548
13735,0.9351
13736,1.181
13737,0.6696
13738,0.06992
13739,0.1685
13740,0.259
13741,0.9002
13742,0.04837
13743,0.1038
13744,0.6265
13745,0.3313
13746,0.3313
13747,0.2753
13748,0.2822
13749,0.4636
13750,0.1001
13751,0.1366
13752,0.106
13753,0.5562
13754,0.5157
13755,0.2083
13756,0.3038
13757,0.7987
13758,0.1501
13759,0.2514
13760,1.432
13761,0.5958
13762,0.4239
13763,0.3168
13764,0.8738
13765,0.6008
13766,0.683
13767,0.2996
13768,0.8782
13769,1.213
13770,0.231
13771,0.4336
13772,0.1992
13773,0.2749
13774,0.2577
13775,0.01749
13776,0.3967
13777,0.9806
13778,0.6972
13779,0.275
13780,0.5397
13781,0.5205
13782,0.507
13783,0.6261
13784,0.2141
13785,0.7172
13786,0.8803
13787,0.8455
13788,0.001863
13789,0.1264
13790,0.6784
13791,0.5243
13792,0.3269
13793,0.2849
13794,0.6257
13795,1.532
13796,0.4504
13797,0.1381
13798,0.7586
13799,0.4122
13800,1.039
13801,0.4616
13802,1.241
13803,0.01115
13804,1.491
13805,0.2414
13806,0.514
13807,0.9205
13808,0.8815
13809,0.5572
13810,0.6501
13811,0.8456
13812,0.6449
13813,0.5717
13814,0.09083
13815,1.097
13816,0.747
13817,0.1865
13818,0.5223
13819,0.01217
13820,0.504
13821,0.8164
13822,0.03929
13823,0.1028
13824,1.051
13825,0.03986
13826,0.3173
13827,0.2888
13828,1.098
13829,0.2231
13830,0.4536
13831,0.0959
13832,0.8708
13833,1.054
13834,0.463
13835,0.2744
13836,1.006
13837,1.176
13838,0.2411
13839,0.9532
13840,1.356
13841,0.3754
13842,0.6314
13843,0.8416
13844,0.5277
13845,0.7334
13846,0.9737
13847,0.01013
13848,0.1871
13849,1.131
13850,0.9322
13851,0.3358
13852,1.341
13853,0.7081
13854,0.9855
13855,1.059
13856,1.244
13857,0.1041
13858,0.364
13859,0.1641
13860,1.437
13861,1.178
13862,0.7675
13863,0.7654
13864,0.4243
13865,0.5555
13866,1.276
13867,1.62
13868,1.143
13869,0.3817
13870,0.1702
13871,0.1562
13872,0.2905
13873,0.2411
13874,1.404
13875,0.2527
13876,1.301
13877,0.07682
13878,0.5372
13879,0.7321
13880,0.6075
13881,0.9476
13882,0.1774
13883,0.08102
13884,0.6083
13885,0.1463
13886,0.508
13887,1.055
13888,0.9186
13889,2.046
13890,0.3197
13891,0.211
13892,0.09164
13893,0.0815
13894,0.0007274
13895,0.8142
13896,1.168
13897,0.7233
13898,1.033
13899,0.3779
13900,0.7634
13901,0.9326
13902,0.5799
13903,0.058
13904,0.1456
13905,0.8801
13906,0.1874
13907,0.958
13908,0.27
13909,0.5593
13910,0.1292
13911,0.1055
13912,0.6655
13913,0.3676
13914,0.4119
13915,0.6374
13916,0.6899
13917,1.312
13918,0.997
13919,0.4625
13920,0.1387
13921,0.1682
13922,0.5814
13923,0.1482
13924,0.8458
13925,0.6377
13926,0.02965
13927,0.9272
13928,1.032
13929,1.123
13930,0.1131
13931,0.3531
13932,0.6407
13933,0.1907
13934,0.5126
13935,0.4343
13936,1.172
13937,0.6895
13938,0.4753
13939,0.388
13940,0.07737
13941,0.2385
13942,0.7666
13943,0.5305
13944,1.227
13945,0.6225
13946,0.4148
13947,0.7251
13948,0.06932
13949,0.3181
13950,0.2526
13951,0.6894
13952,0.08234
13953,0.8967
13954,0.6174
13955,0.2626
13956,0.1642
13957,0.6668
13958,1.125
13959,0.8045
13960,0.2597
13961,1.131
13962,0.2895
13963,0.6788
13964,0.0003035
13965,0.5346
13966,1.144
13967,0.302
13968,0.08022
13969,1.418
13970,0.2245
13971,0.5293
13972,0.7716
13973,0.3485
13974,0.3769
13975,1.126
13976,0.7922
13977,0.7851
13978,0.1886
13979,0.2763
13980,0.8979
13981,0.8595
13982,1.485
13983,0.1498
13984,0.5608
13985,0.146
13986,0.3982
13987,0.7207
13988,0.7468
13989,0.6943
13990,0.4122
13991,0.45
13992,0.2813
13993,0.2628
13994,1.614
13995,0.3718
13996,0.02705
13997,0.221
13998,0.5206
13999,0.7797
14000,0.4342
14001,0.9236
14002,0.05933
14003,0.1411
14004,0.4983
14005,0.005496
14006,0.03557
14007,0.5379
14008,0.6367
14009,0.2912
14010,0.4074
14011,1.047
14012,0.008524
14013,0.4339
14014,0.7116
14015,0.1321
14016,0.9819
14017,1.137
14018,0.4575
14019,0.7725
14020,0.05584
14021,0.8008
14022,0.09314
14023,0.2541
14024,1.153
14025,0.7496
14026,0.4069
14027,1.379
14028,0.4929
14029,0.1143
14030,0.01471
14031,0.2766
14032,0.5312
14033,1.109
14034,0.4138
14035,0.1296
14036,0.3211
14037,0.8456
14038,0.8419
14039,0.3275
14040,0.4381
14041,0.7437
14042,0.9108
14043,1.076
14044,0.4619
14045,0.3393
14046,1.226
14047,0.5237
14048,0.02096
14049,1.026
14050,0.3957
14051,0.4372
14052,1.394
14053,0.2342
14054,0.7352
14055,0.4827
14056,0.03862
14057,0.5361
14058,0.1592
14059,0.8591
14060,1.073
14061,0.08557
14062,1.403
14063,0.7434
14064,0.4529
14065,0.1811
14066,0.2386
14067,0.1425
14068,0.2554
14069,1.773
14070,0.01527
14071,0.4065
14072,0.2609
14073,0.7258
14074,0.8258
14075,0.1364
14076,0.7358
14077,0.2208
14078,0.5237
14079,1.117
14080,0.2818
14081,0.01896
14082,0.7303
14083,1.002
14084,1.166
14085,0.816
14086,0.3643
14087,0.316
14088,0.6314
14089,0.2801
14090,0.2621
14091,0.9606
14092,2.186
14093,0.6261
14094,0.1631
14095,0.7214
14096,0.7414
14097,0.5141
14098,0.07922
14099,0.1257
14100,0.9252
14101,1.215
14102,0.7805
14103,0.9599
14104,0.5342
14105,0.5131
14106,0.4852
14107,1.075
14108,0.1729
14109,0.9688
14110,0.6092
14111,0.8713
14112,0.7299
14113,0.6349
14114,0.2428
14115,0.1599
14116,0.9211
14117,1.49
14118,0.1907
14119,1.432
14120,1.749
14121,0.3554
14122,0.8196
14123,0.8558
14124,0.1306
14125,0.4338
14126,0.06859
14127,1.953
14128,1.105
14129,0.3554
14130,0.2308
14131,0.5591
14132,1.311
14133,0.1932
14134,1.179
14135,2.438
14136,0.5116
14137,0.6089
14138,0.4991
14139,1.002
14140,0.7354
14141,0.0613
14142,0.9015
14143,0.1681
14144,0.4235
14145,1.192
14146,0.4722
14147,1.228
14148,0.06797
14149,1.287
14150,0.3352
14151,0.4627
14152,0.5737
14153,1.161
14154,0.1733
14155,0.2614
14156,1.658
14157,0.3823
14158,0.4802
14159,1.527
14160,0.974
14161,0.3572
14162,1.186
14163,0.05086
14164,0.9941
14165,0.7532
14166,0.2634
14167,0.3792
14168,0.5957
14169,0.5178
14170,1.026
14171,0.1289
14172,0.5442
14173,0.2572
14174,1.094
14175,0.02992
14176,0.4207
14177,0.2305
14178,0.3135
14179,0.5231
14180,1.307
14181,0.4246
14182,1.276
14183,0.1258
14184,0.1218
14185,0.07018
14186,1.361
14187,0.2296
14188,0.2488
14189,0.5541
14190,0.0243
14191,0.9206
14192,0.3738
14193,0.04322
14194,1.342
14195,0.9974
14196,0.05812
14197,0.5144
14198,0.2364
14199,0.8258
14200,0.2458
14201,0.06911
14202,0.429
14203,1.594
14204,0.3209
14205,0.00252
14206,0.3459
14207,1.199
14208,0.4689
14209,0.2084
14210,0.6545
14211,0.06143
14212,0.3661
14213,1.289
14214,0.5677
14215,0.1641
14216,0.2532
14217,0.5026
14218,0.401
14219,0.5934
14220,1.047
14221,0.3181
14222,1.369
14223,0.5839
14224,0.4559
14225,2.748
14226,0.4168
14227,0.922
14228,0.8718
14229,0.5189
14230,0.6098
14231,0.521
14232,0.06838
14233,0.8431
14234,0.1982
14235,0.1191
14236,0.1243
14237,0.732
14238,0.403
14239,0.3413
14240,0.3277
14241,0.8528
14242,0.5894
14243,0.2632
14244,0.2655
14245,0.7412
14246,1.113
14247,0.03679
14248,0.1516
14249,0.7024
14250,1.063
14251,0.04223
14252,0.8662
14253,0.7543
14254,0.4931
14255,0.2705
14256,0.9816
14257,1.128
14258,0.102
14259,1.061
14260,0.2746
14261,0.01332
14262,0.09972
14263,0.8537
14264,0.1641
14265,0.4179
14266,0.3269
14267,0.8543
14268,0.1085
14269,0.04856
14270,0.6846
14271,0.2486
14272,0.6803
14273,0.5704
14274,0.4806
14275,2.09
14276,0.3951
14277,0.8435
14278,0.1463
14279,1.04
14280,0.6041
14281,0.9557
14282,0.2556
14283,0.2268
14284,0.3565
14285,0.4357
14286,0.2496
14287,0.888
14288,0.7294
14289,1.423
14290,0.173
14291,0.5973
14292,0.7454
14293,0.5922
14294,0.9563
14295,1.283
14296,0.2255
14297,0.6303
14298,0.489
14299,0.08853
14300,0.07442
14301,0.5285
14302,1.333
14303,0.0247
14304,0.6364
14305,0.5249
14306,0.3961
14307,1.234
14308,0.9188
14309,0.7776
14310,0.6772
14311,0.6051
14312,1.41
14313,0.721
14314,0.4508
14315,0.02914
14316,0.2629
14317,0.3907
14318,0.3876
14319,0.8165
14320,1.439
14321,1.426
14322,0.4723
14323,0.404
14324,1.861
14325,0.2653
14326,0.2832
14327,0.2251
14328,0.1555
14329,1.427
14330,0.5024
14331,0.966
14332,0.3245
14333,0.1763
14334,0.7249
14335,0.6172
14336,0.08941
14337,1.086
14338,1.011
14339,1.036
14340,0.7195
14341,0.4715
14342,0.5855
14343,0.3302
14344,0.1811
14345,1.102
14346,0.3389
14347,0.1385
14348,0.1428
14349,0.4331
14350,0.2481
14351,1.328
14352,0.2115
14353,0.5563
14354,0.5168
14355,0.793
14356,1.077
14357,0.753
14358,0.9619
14359,0.7572
14360,1.541
14361,0.5194
14362,0.472
14363,0.147
14364,0.7549
14365,0.2812
14366,1.669
14367,0.7154
14368,0.09905
14369,1.532
14370,1.568
14371,0.1137
14372,0.1305
14373,0.5104
14374,1.195
14375,0.01759
14376,0.1374
14377,0.4633
14378,0.6546
14379,0.6597
14380,0.05499
14381,0.2638
14382,1.354
14383,0.8425
14384,0.4206
14385,0.227
14386,0.03451
14387,0.192
14388,0.8816
14389,0.2844
14390,0.001559
14391,1.15
14392,0.169
14393,1.082
14394,0.5985
14395,0.2882
14396,1.116
14397,0.4883
14398,0.4191
14399,0.1284
14400,0.9354
14401,0.0521
14402,0.1183
14403,0.7974
14404,0.6168
14405,0.4806
14406,0.6925
14407,0.2059
14408,0.4207
14409,0.09055
14410,1.483
14411,0.1265
14412,0.2634
14413,0.2345
14414,0.43
14415,0.4185
14416,0.2758
14417,0.2009
14418,0.2501
14419,1.4
14420,1.382
14421,0.3073
14422,0.4906
14423,0.454
14424,0.6882
14425,1.165
14426,0.2625
14427,0.6203
14428,0.01212
14429,0.4874
14430,0.7326
14431,0.01729
14432,0.854
14433,0.6302
14434,1.319
14435,0.611
14436,0.07724
14437,1.139
14438,0.4114
14439,0.2328
14440,1.208
14441,0.03264
14442,0.6236
14443,0.05582
14444,0.6422
14445,0.3299
14446,0.5838
14447,1.002
14448,0.2139
14449,0.4174
14450,1.068
14451,0.5179
14452,0.4135
14453,0.3633
14454,0.2187
14455,0.04967
14456,1.327
14457,0.1297
14458,1.057
14459,0.2152
14460,0.7207
14461,0.6589
14462,0.529
14463,0.5465
14464,0.6412
14465,0.2141
14466,0.2776
14467,0.5133
14468,0.3657
14469,1.025
14470,0.9328
14471,0.2307
14472,0.7709
14473,0.3561
14474,0.01787
14475,0.2693
14476,0.3107
14477,1.93
14478,0.2801
14479,0.08392
14480,0.092
14481,0.02753
14482,1.972
14483,0.5347
14484,0.1123
14485,0.8148
14486,0.462
14487,0.4457
14488,1.073
14489,1.277
14490,0.5975
14491,1.554
14492,0.3204
14493,0.2285
14494,0.3083
14495,0.6371
14496,0.6542
14497,1.706
14498,0.3505
14499,0.4595
14500,0.2382
14501,0.9071
14502,0.1241
14503,0.3743
14504,0.04285
14505,1.489
14506,0.1122
14507,0.07972
14508,0.2263
14509,0.3172
14510,0.3567
14511,0.5211
14512,1.126
14513,0.365
14514,0.2183
14515,0.0242
14516,0.2354
14517,0.7362
14518,0.5508
14519,0.3816
14520,0.3535
14521,2.061
14522,0.4315
14523,1.002
14524,0.7688
14525,0.7278
14526,0.7645
14527,0.09845
14528,0.5439
14529,0.06756
14530,0.1343
14531,0.7386
14532,0.454
14533,0.7724
14534,0.1
14535,0.5272
14536,0.06479
14537,2.215
14538,0.2739
14539,0.04132
14540,0.2498
14541,1.498
14542,0.07469
14543,1.002
14544,0.6237
14545,0.5226
14546,0.9021
14547,0.5666
14548,0.009808
14549,0.5109
14550,0.9678
14551,0.9505
14552,0.5164
14553,0.5942
14554,0.873
14555,0.2011
14556,0.1575
14557,0.1678
14558,0.4102
14559,0.05257
14560,0.4263
14561,0.2636
14562,1.149
14563,0.4217
14564,0.9613
14565,0.9274
14566,0.7625
14567,0.5026
14568,0.6264
14569,0.2006
14570,0.7933
14571,1.044
14572,1.308
14573,0.6792
14574,0.5864
14575,0.3997
14576,0.4409
14577,0.219
14578,0.5678
14579,0.9355
14580,0.7196
14581,0.1582
14582,0.2486
14583,0.3697
14584,0.1945
14585,0.3484
14586,0.1639
14587,0.09586
14588,0.8478
14589,0.1113
14590,0.1452
14591,1.084
14592,0.7984
14593,0.9563
14594,0.1933
14595,2.221
14596,0.6144
14597,0.6754
14598,1.722
14599,0.1925
14600,0.3784
14601,0.2738
14602,0.2618
14603,0.9041
14604,0.2832
14605,0.5676
14606,0.5226
14607,1.656
14608,1.569
14609,0.08026
14610,1.114
14611,2.121
14612,0.6985
14613,1.153
14614,0.3296
14615,0.533
14616,0.154
14617,0.1363
14618,1.24
14619,0.3211
14620,0.7576
14621,0.8035
14622,1.385
14623,0.08055
14624,0.7759
14625,0.1952
14626,0.5401
14627,0.5755
14628,1.287
14629,0.4677
14630,1.826
14631,0.8573
14632,1.555
14633,0.4473
14634,0.9516
14635,0.09464
14636,1.055
14637,0.5712
14638,0.1742
14639,0.226
14640,0.7401
14641,0.48
14642,0.2132
14643,0.124
14644,0.9783
14645,0.5187
14646,0.4081
14647,0.157
14648,0.7148
14649,1.631
14650,1.224
14651,0.1822
14652,0.006772
14653,1.09
14654,1.701
14655,0.537
14656,1.046
14657,1.169
14658,0.4786
14659,0.4919
14660,1.127
14661,0.05845
14662,0.8077
14663,1.005
14664,0.01059
14665,0.5463
14666,0.6153
14667,0.9108
14668,0.5676
14669,1.147
14670,1.354
14671,0.396
14672,1.536
14673,0.5217
14674,0.4686
14675,1.098
14676,2.172
14677,1.411
14678,0.03586
14679,0.3723
14680,0.1487
14681,0.4515
14682,0.0133
14683,0.0665
14684,0.2785
14685,0.5465
14686,0.2526
14687,0.6235
14688,0.04937
14689,0.4935
14690,0.7111
14691,1.17
14692,0.448
14693,0.5966
14694,0.2514
14695,0.7719
14696,0.2327
14697,0.2803
14698,0.2182
14699,0.8857
14700,0.6215
14701,0.659
14702,1.304
14703,0.429
14704,0.3247
14705,0.1229
14706,0.3438
14707,0.29
14708,1.179
14709,0.3269
14710,0.4254
14711,0.4762
14712,0.57
14713,0.4525
14714,0.09911
14715,0.4994
14716,1.158
14717,0.5882
14718,0.6185
14719,0.1395
14720,2.424
14721,0.4528
14722,0.7444
14723,0.1947
14724,0.8265
14725,1.544
14726,0.4591
14727,0.02476
14728,0.8478
14729,0.1491
14730,0.9871
14731,0.533
14732,0.9776
14733,0.2733
14734,0.7087
14735,0.2268
14736,0.5787
14737,0.9384
14738,0.05004
14739,1.172
14740,0.2302
14741,0.6999
14742,0.2188
14743,0.6613
14744,0.2998
14745,0.7306
14746,0.1493
14747,1.907
14748,0.05543
14749,0.008163
14750,0.4222
14751,0.3173
14752,0.6798
14753,0.5304
14754,0.5023
14755,0.6079
14756,1.717
14757,1.765
14758,0.2293
14759,0.6178
14760,1.027
14761,0.4085
14762,0.9407
14763,0.3512
14764,0.824
14765,0.9642
14766,0.5633
14767,1.158
14768,0.1435
14769,0.05925
14770,0.3137
14771,0.4251
14772,1.506
14773,0.2142
14774,0.8264
14775,0.4242
14776,0.9748
14777,1.148
14778,0.9341
14779,0.896
14780,0.4847
14781,0.2308
14782,1.534
14783,0.6242
14784,0.01136
14785,0.4433
14786,0.09132
14787,1.359
14788,1.27
14789,1.016
14790,0.6133
14791,0.6274
14792,0.9025
14793,0.07829
14794,0.02183
14795,0.7016
14796,0.1647
14797,0.2931
14798,0.4901
14799,0.8121
14800,0.3693
14801,1.018
14802,0.4797
14803,0.06433
14804,0.2896
14805,0.7044
14806,0.1959
14807,0.05706
14808,0.4856
14809,0.135
14810,0.7779
14811,0.8888
14812,1.05
14813,0.5267
14814,0.0148
14815,0.6417
14816,0.3011
14817,1.479
14818,1.352
14819,0.351
14820,1.308
14821,0.04404
14822,0.04925
14823,1.571
14824,0.5995
14825,0.07427
14826,0.1845
14827,0.4158
14828,0.1709
14829,0.1078
14830,1.209
14831,1.165
14832,1.36
14833,0.8414
14834,0.1511
14835,2.091
14836,0.05629
14837,0.2646
14838,0.2176
14839,1.19
14840,0.7458
14841,0.2676
14842,0.8122
14843,0.6146
14844,0.9311
14845,0.362
14846,0.04866
14847,1.041
14848,0.4004
14849,0.9353
14850,0.1824
14851,0.1645
14852,0.9389
14853,0.161
14854,0.6734
14855,0.1967
14856,0.5983
14857,0.05628
14858,0.3012
14859,0.2696
14860,0.3845
14861,0.7157
14862,0.872
14863,0.7916
14864,0.941
14865,2.246
14866,0.222
14867,0.5878
14868,0.1533
14869,1.929
14870,0.6427
14871,0.09955
14872,0.697
14873,0.9905
14874,0.7916
14875,0.2053
14876,0.1623
14877,0.4232
14878,0.07241
14879,0.1485
14880,0.8615
14881,0.03982
14882,0.7308
14883,0.06576
14884,1.097
14885,0.7241
14886,0.2586
14887,0.5643
14888,0.7764
14889,0.7942
14890,0.9005
14891,0.023
14892,0.4791
14893,0.03759
14894,0.05976
14895,0.6318
14896,0.5161
14897,0.1961
14898,0.4605
14899,0.8807
14900,0.6027
14901,0.1301
14902,1.128
14903,0.6426
14904,1.114
14905,0.8207
14906,0.07736
14907,0.9913
14908,0.5159
14909,0.1857
14910,0.1083
14911,0.799
14912,0.1321
14913,1.128
14914,0.6611
14915,0.8969
14916,0.5295
14917,1.13
14918,0.8672
14919,0.448
14920,0.9987
14921,0.6324
14922,1.009
14923,0.9982
14924,0.1458
14925,0.4578
14926,0.1662
14927,0.231
14928,0.8992
14929,0.4503
14930,0.07351
14931,0.06043
14932,0.132
14933,0.525
14934,1.173
14935,0.6777
14936,0.6013
14937,0.03428
14938,0.2927
14939,0.5236
14940,0.405
14941,1.104
14942,1.258
14943,0.37
14944,0.7302
14945,1.429
14946,2.168
14947,1.216
14948,1.897
14949,0.5075
14950,1.016
14951,0.6477
14952,0.1772
14953,0.6103
14954,1.227
14955,0.02252
14956,0.6632
14957,0.2696
14958,0.02516
14959,0.5229
14960,0.618
14961,0.4573
14962,0.7692
14963,0.3901
14964,0.3096
14965,1.106
14966,0.4998
14967,1.37
14968,0.3371
14969,0.5116
14970,0.5511
14971,1.962
14972,0.6625
14973,1.534
14974,0.223
14975,0.1453
14976,1.307
14977,0.2737
14978,0.1681
14979,0.2971
14980,0.3862
14981,0.3495
14982,0.7115
14983,0.6092
14984,1.143
14985,2.475
14986,0.01914
14987,0.405
14988,0.2593
14989,1.201
14990,0.5153
14991,0.379
14992,1.24
14993,0.2693
14994,0.4577
14995,0.2988
14996,1.079
14997,0.7318
14998,0.637
14999,0.8253
15000,0.3023
15001,0.1805
15002,0.1749
15003,0.4192
15004,0.2797
15005,0.03059
15006,0.703
15007,0.2352
15008,0.07737
15009,0.9488
15010,1.702
15011,0.4445
15012,1.374
15013,0.9118
15014,0.05393
15015,0.1923
15016,2.338
15017,0.6658
15018,0.8403
15019,0.759
15020,0.7327
15021,1.124
15022,1.687
15023,0.6477
15024,0.5739
15025,0.1118
15026,0.08265
15027,0.9449
15028,0.405
15029,0.4092
15030,0.4088
15031,1.097
15032,0.3112
15033,0.1724
15034,1.157
15035,0.5667
15036,1.28
15037,0.1815
15038,1.764
15039,0.06546
15040,0.6517
15041,0.5235
15042,0.9021
15043,0.516
15044,0.371
15045,0.1728
15046,0.9214
15047,1.057
15048,0.3266
15049,0.8087
15050,0.4221
15051,0.8488
15052,0.5783
15053,1.339
15054,0.1656
15055,0.2494
15056,0.0052
15057,1.583
15058,0.211
15059,0.5793
15060,0.9116
15061,0.9633
15062,0.5158
15063,0.3084
15064,0.5653
15065,0.2256
15066,1.565
15067,1.052
15068,0.2921
15069,0.9918
15070,0.3202
15071,0.498
15072,0.8707
15073,0.4193
15074,0.8234
15075,0.8541
15076,0.1132
15077,1.054
15078,0.6826
15079,0.08273
15080,0.9245
15081,1.011
15082,1.056
15083,2.083
15084,0.6344
15085,0.2553
15086,0.1549
15087,0.1666
15088,0.615
15089,0.03435
15090,0.2242
15091,1.637
15092,0.472
15093,1.77
15094,0.3125
15095,2.333
15096,0.04532
15097,0.2111
15098,0.4395
15099,0.1864
15100,0.05939
15101,0.07256
15102,0.8875
15103,0.07475
15104,0.4549
15105,0.5051
15106,0.04961
15107,0.7027
15108,0.986
15109,0.04317
15110,0.5945
15111,1.085
15112,0.8031
15113,2.082
15114,0.9716
15115,0.4268
15116,0.4167
15117,0.5767
15118,0.4771
15119,0.4736
15120,0.2484
15121,1.212
15122,1.253
15123,0.6267
15124,0.7516
15125,0.259
15126,1.618
15127,0.4941
15128,0.03646
15129,0.402
15130,0.1412
15131,0.7034
15132,0.6177
15133,0.264
15134,0.9781
15135,0.5784
15136,0.2212
15137,0.07019
15138,1.508
15139,1.027
15140,0.7611
15141,0.2649
15142,0.8138
15143,0.2032
15144,0.8113
15145,0.4917
15146,0.9687
15147,0.3238
15148,0.6006
15149,0.3539
15150,1.396
15151,0.1524
15152,1.495
15153,0.6731
15154,0.995
15155,0.3398
15156,0.3283
15157,0.1526
15158,1.617
15159,0.004458
15160,1.845
15161,0.5406
15162,0.1239
15163,0.8947
15164,1.531
15165,2.468
15166,0.5099
15167,0.08016
15168,1.148
15169,1.614
15170,0.8267
15171,0.1188
15172,0.7425
15173,0.9878
15174,1.003
15175,0.7616
15176,0.05223
15177,0.1253
15178,0.7063
15179,0.04946
15180,0.08323
15181,0.3386
15182,0.6049
15183,0.9077
15184,1.123
15185,0.6591
15186,1.367
15187,0.6036
15188,1.046
15189,0.2486
15190,0.6618
15191,0.3477
15192,0.3455
15193,0.138
15194,0.3728
15195,0.03724
15196,0.5368
15197,1.082
15198,1.478
15199,0.2489
15200,0.01348
15201,1.089
15202,1.408
15203,0.0263
15204,0.8237
15205,0.07426
15206,0.001523
15207,0.1089
15208,0.2004
15209,1.099
15210,0.8677
15211,0.6049
15212,1.374
15213,0.2568
15214,0.7505
15215,0.176
15216,1.221
15217,1.524
15218,1.204
15219,0.8263
15220,0.0002201
15221,0.0377
15222,0.1607
15223,0.8233
15224,0.5061
15225,0.2768
15226,0.6729
15227,0.3233
15228,0.1525
15229,0.5948
15230,0.598
15231,1.527
15232,0.557
15233,0.1603
15234,0.1394
15235,0.4927
15236,0.3193
15237,0.002835
15238,0.8066
15239,0.5108
15240,0.7265
15241,0.9477
15242,0.745
15243,1.698
15244,0.356
15245,0.3804
15246,0.9459
15247,1.089
15248,0.01115
15249,0.1486
15250,0.3341
15251,2.094
15252,0.4663
15253,0.4743
15254,0.2973
15255,0.03724
15256,0.5764
15257,0.1551
15258,0.8385
15259,0.103
15260,0.1541
15261,0.2956
15262,0.2202
15263,0.3905
15264,1.108
15265,0.9961
15266,0.5702
15267,0.8045
15268,0.6797
15269,0.06289
15270,1.362
15271,0.4239
15272,0.595
15273,1.241
15274,0.313
15275,0.7621
15276,0.7263
15277,0.01312
15278,1.304
15279,0.5086
15280,0.5778
15281,0.6617
15282,0.8594
15283,0.9356
15284,1.696
15285,0.2761
15286,0.3606
15287,1.079
15288,1.058
15289,1.518
15290,0.1086
15291,0.2519
15292,1.083
15293,0.4813
15294,0.8994
15295,0.5731
15296,0.7371
15297,1.1
15298,0.2213
15299,0.3967
15300,0.3223
15301,0.1679
15302,0.4969
15303,0.3837
15304,1.018
15305,1.251
15306,0.157
15307,1.291
15308,1.163
15309,0.6363
15310,1.499
15311,0.1309
15312,0.4687
15313,0.05999
15314,0.5571
15315,0.6817
15316,1.208
15317,0.1544
15318,0.815
15319,0.1653
15320,0.349
15321,0.4092
15322,0.2355
15323,0.9446
15324,0.6271
15325,0.9049
15326,0.5477
15327,0.9149
15328,0.3163
15329,0.6539
15330,0.7828
15331,1.914
15332,0.3269
15333,0.2344
15334,0.7262
15335,0.546
15336,0.8075
15337,1.124
15338,0.3782
15339,0.334
15340,0.2636
15341,0.8766
15342,1.098
15343,1.277
15344,1.443
15345,0.9383
15346,0.02082
15347,0.6766
15348,0.5312
15349,1.382
15350,1.439
15351,0.8987
15352,0.6629
15353,1.043
15354,0.4755
15355,0.9358
15356,0.2681
15357,0.4819
15358,1.156
15359,0.3381
15360,0.8285
15361,0.1681
15362,0.179
15363,0.4299
15364,0.2042
15365,0.3281
15366,0.02605
15367,0.1673
15368,0.2161
15369,0.4692
15370,0.7762
15371,0.1781
15372,0.4542
15373,0.932
15374,1.501
15375,0.2227
15376,1.999
15377,0.532
15378,0.0275
15379,0.5363
15380,0.3019
15381,0.3496
15382,0.4497
15383,0.1649
15384,0.7302
15385,0.9408
15386,0.9114
15387,1.254
15388,1.376
15389,0.3292
15390,1.691
15391,1.024
15392,1.2
15393,0.8665
15394,0.04022
15395,0.03429
15396,0.3843
15397,1.322
15398,0.549
15399,0.7027
15400,0.5796
15401,0.08802
15402,0.7858
15403,0.1454
15404,1.015
15405,0.6982
15406,1.496
15407,0.4979
15408,0.562
15409,1.145
15410,0.2161
15411,0.1808
15412,0.4303
15413,1.308
15414,0.1548
15415,0.4272
15416,1.034
15417,0.8517
15418,0.5934
15419,0.7127
15420,0.3982
15421,0.5353
15422,0.1909
15423,0.4056
15424,0.8793
15425,0.3174
15426,1.333
15427,1.4
15428,0.0823
15429,0.5664
15430,0.7127
15431,0.9316
15432,1.022
15433,1.324
15434,0.08396
15435,0.03668
15436,1.946
15437,0.1959
15438,1.452
15439,1.085
15440,1.2
15441,1.697
15442,0.03364
15443,0.3495
15444,0.3707
15445,0.4837
15446,0.1096
15447,0.6081
15448,0.3892
15449,0.2968
15450,0.5914
15451,0.7117
15452,0.8513
15453,0.05958
15454,0.102
15455,1.824
15456,0.1443
15457,1.737
15458,0.6198
15459,0.9487
15460,0.6502
15461,1.686
15462,1.836
15463,0.4567
15464,0.1607
15465,0.6218
15466,1.955
15467,0.01691
15468,0.4844
15469,0.09816
15470,0.2226
15471,0.881
15472,0.2276
15473,0.4312
15474,0.2304
15475,1.291
15476,0.07314
15477,0.2837
15478,0.349
15479,0.5963
15480,0.2159
15481,0.3419
15482,1.308
15483,0.776
15484,0.7523
15485,1.55
15486,1.33
15487,0.1706
15488,0.9292
15489,0.4871
15490,0.05883
15491,0.4718
15492,1.09
15493,0.5217
15494,0.5327
15495,0.6178
15496,0.7234
15497,1.14
15498,0.9589
15499,0.5685
15500,0.7836
15501,0.07593
15502,0.1222
15503,0.335
15504,1.359
15505,0.04772
15506,0.9809
15507,0.3917
15508,0.1396
15509,0.5762
15510,0.1933
15511,0.7732
15512,0.3763
15513,1.125
15514,0.3676
15515,0.07691
15516,1.337
15517,0.8505
15518,0.4519
15519,1.073
15520,0.8395
15521,0.7534
15522,0.6657
15523,0.03754
15524,0.2956
15525,0.2547
15526,0.3816
15527,0.6682
15528,0.007961
15529,0.007503
15530,0.4421
15531,0.03963
15532,0.5598
15533,0.7862
15534,1.64
15535,1.58
15536,0.2477
15537,0.3082
15538,1.132
15539,0.02438
15540,0.08084
15541,1.093
15542,0.701
15543,0.2681
15544,0.6292
15545,0.05543
15546,0.1059
15547,0.9608
15548,0.7526
15549,0.4921
15550,0.8961
15551,1.268
15552,0.03988
15553,0.5056
15554,0.6413
15555,0.3334
15556,0.9498
15557,0.4325
15558,0.9666
15559,0.1947
15560,1.259
15561,0.9337
15562,0.7878
15563,0.1953
15564,0.9401
15565,0.7467
15566,0.3155
15567,0.06848
15568,2.494
15569,0.8517
15570,0.3398
15571,0.1877
15572,0.00449
15573,0.2026
15574,0.09486
15575,1.224
15576,0.1821
15577,0.8898
15578,1.186
15579,0.5478
15580,0.05057
15581,0.465
15582,0.3845
15583,0.4798
15584,0.08017
15585,0.1293
15586,0.5505
15587,0.2132
15588,0.5429
15589,0.7076
15590,0.2955
15591,1.545
15592,0.4115
15593,0.1776
15594,1.629
15595,0.105
15596,1.684
15597,0.09383
15598,0.5493
15599,0.3914
15600,0.4971
15601,0.5753
15602,0.2684
15603,1.844
15604,1.622
15605,0.3844
15606,0.2436
15607,0.689
15608,0.2706
15609,0.6533
15610,0.9696
15611,1.235
15612,0.2878
15613,0.1296
15614,1.28
15615,0.6033
15616,1.562
15617,0.08388
15618,0.7508
15619,0.1371
15620,0.6172
15621,0.2178
15622,0.5735
15623,0.09496
15624,0.6134
15625,0.3423
15626,0.436
15627,0.2418
15628,1.261
15629,1.23
15630,0.304
15631,0.254
15632,0.7522
15633,0.7208
15634,0.9181
15635,0.2645
15636,1.515
15637,0.1686
15638,0.4155
15639,0.305
15640,0.04644
15641,0.8321
15642,0.1526
15643,0.4513
15644,0.9388
15645,0.5024
15646,0.03213
15647,0.8723
15648,0.5242
15649,0.06081
15650,0.05961
15651,0.9358
15652,0.4029
15653,1.182
15654,0.684
15655,1.085
15656,0.18
15657,0.4253
15658,0.5316
15659,0.8203
15660,1.625
15661,1.42
15662,0.4446
15663,0.3715
15664,0.002059
15665,0.8481
15666,0.8477
15667,1.595
15668,0.8016
15669,0.7952
15670,1.157
15671,1.511
15672,0.4102
15673,0.01859
15674,0.6345
15675,0.7613
15676,0.5001
15677,0.9021
15678,1.846
15679,0.881
15680,1.09
15681,0.08939
15682,0.5286
15683,0.04587
15684,1.408
15685,0.0575
15686,1.143
15687,1.013
15688,0.4491
15689,0.3228
15690,0.07646
15691,0.04489
15692,0.4446
15693,0.4397
15694,0.04908
15695,1.252
15696,0.3056
15697,0.538
15698,0.897
15699,0.9673
15700,0.9596
15701,0.5963
15702,1.143
15703,0.2843
15704,0.4593
15705,0.08965
15706,0.0942
15707,1.661
15708,1.288
15709,1.423
15710,0.07521
15711,0.00174
15712,1.297
15713,0.2672
15714,0.8591
15715,0.1206
15716,0.1792
15717,0.04346
15718,0.5871
15719,0.2726
15720,0.2499
15721,2.242
15722,0.04351
15723,1.085
15724,1.583
15725,0.6174
15726,0.1455
15727,0.299
15728,0.3022
15729,0.02763
15730,1.545
15731,1.036
15732,1.121
15733,0.5984
15734,1.043
15735,0.8399
15736,1.426
15737,0.4512
15738,0.1953
15739,0.8887
15740,0.3304
15741,1.586
15742,0.7157
15743,0.5078
15744,1.086
15745,1.167
15746,0.7262
15747,0.4553
15748,0.9568
15749,1.526
15750,0.6003
15751,0.172
15752,0.4384
15753,1.573
15754,0.01203
15755,0.7108
15756,0.1084
15757,0.1838
15758,0.3861
15759,1.676
15760,0.5185
15761,0.5025
15762,1.387
15763,0.1353
15764,0.77
15765,0.6967
15766,0.03757
15767,1.371
15768,1.377
15769,0.9566
15770,1.05
15771,0.9137
15772,0.334
15773,0.3845
15774,0.7737
15775,0.5501
15776,1.619
15777,0.56
15778,0.3141
15779,0.2814
15780,1.635
15781,1.017
15782,1.08
15783,0.9978
15784,0.9924
15785,1.799
15786,0.7961
15787,0.8101
15788,0.2893
15789,0.5872
15790,0.3351
15791,0.8435
15792,0.08601
15793,0.3667
15794,0.1728
15795,0.4278
15796,1.414
15797,0.7946
15798,0.02112
15799,1.035
15800,0.2255
15801,0.5461
15802,0.1689
15803,0.6263
15804,1.174
15805,0.4178
15806,1.115
15807,0.2061
15808,0.1972
15809,0.006621
15810,0.8638
15811,0.9903
15812,0.2053
15813,0.04776
15814,0.7537
15815,0.177
15816,0.1317
15817,0.1946
15818,0.1077
15819,0.07996
15820,0.3868
15821,0.2447
15822,0.1084
15823,1.136
15824,0.2498
15825,0.2342
15826,0.5318
15827,0.4333
15828,0.4147
15829,0.2783
15830,0.1453
15831,0.5605
15832,0.7905
15833,0.4834
15834,2.02
15835,0.2136
15836,0.5748
15837,0.1223
15838,0.2791
15839,0.1969
15840,1.549
15841,1.127
15842,0.1961
15843,0.02715
15844,0.6898
15845,1.062
15846,0.3995
15847,0.8888
15848,0.4445
15849,0.09132
15850,0.9887
15851,0.2317
15852,1.692
15853,0.1758
15854,0.1643
15855,0.3876
15856,0.332
15857,0.6616
15858,0.5516
15859,0.09671
15860,0.2309
15861,0.03358
15862,0.07925
15863,1.952
15864,0.324
15865,1.495
15866,0.151
15867,0.9476
15868,0.4245
15869,1.102
15870,0.4032
15871,0.6219
15872,0.2852
15873,0.07903
15874,0.6764
15875,0.503
15876,0.05423
15877,0.0398
15878,0.3423
15879,0.07497
15880,0.1983
15881,0.9006
15882,0.3379
15883,1.131
15884,1.888
15885,0.4698
15886,1.018
15887,1.011
15888,1.273
15889,0.9621
15890,1.465
15891,0.04434
15892,0.557
15893,0.7072
15894,0.09666
15895,1.319
15896,0.08343
15897,0.8403
15898,0.3555
15899,0.7754
15900,0.2521
15901,1.286
15902,0.9933
15903,1.283
15904,0.9221
15905,0.812
15906,0.1494
15907,0.5856
15908,1.14
15909,0.116
15910,1.539
15911,0.4234
15912,0.8989
15913,0.9637
15914,0.3116
15915,0.5234
15916,0.4211
15917,0.5483
15918,0.1735
15919,0.537
15920,0.4644
15921,0.4125
15922,0.4519
15923,1.438
15924,0.7216
15925,0.737
15926,0.4108
15927,0.6922
15928,0.2831
15929,0.1663
15930,1.068
15931,0.1575
15932,0.1479
15933,0.7153
15934,0.73
15935,0.07947
15936,0.7195
15937,0.5108
15938,1.576
15939,1.801
15940,1.243
15941,1.447
15942,0.2645
15943,0.1875
15944,0.4701
15945,0.2094
15946,0.3702
15947,0.2086
15948,0.07293
15949,0.4439
15950,1.067
15951,0.3689
15952,0.656
15953,1.08
15954,0.4792
15955,0.4057
15956,0.9101
15957,0.7806
15958,0.08534
15959,0.1955
15960,0.482
15961,0.2629
15962,0.3525
15963,0.9136
15964,0.004711
15965,0.6633
15966,0.6467
15967,1.237
15968,1.28
15969,1.043
15970,0.8109
15971,0.05626
15972,0.5775
15973,0.5459
15974,0.4267
15975,0.2168
15976,0.513
15977,0.6544
15978,0.2684
15979,0.4494
15980,0.3751
15981,0.9492
15982,0.2414
15983,0.3411
15984,0.7329
15985,1.227
15986,1.094
15987,1.113
15988,0.4145
15989,0.1806
15990,0.4703
15991,1.399
15992,0.7905
15993,0.3437
15994,0.801
15995,1.192
15996,0.8287
15997,1.357
15998,1.533
15999,0.4407
16000,0.622
16001,0.6582
16002,0.5087
16003,0.6175
16004,0.5036
16005,0.5568
16006,0.8009
16007,0.654
16008,0.1983
16009,0.2982
16010,0.5791
16011,0.3356
16012,0.1177
16013,0.7325
16014,0.5744
16015,0.4058
16016,0.2616
16017,1.183
16018,0.3559
16019,0.367
16020,0.585
16021,0.02036
16022,0.04938
16023,1.124
16024,0.2207
16025,0.4083
16026,0.04844
16027,0.1385
16028,1.11
16029,0.08117
16030,0.4521
16031,0.1603
16032,1.159
16033,0.3297
16034,0.5758
16035,1.077
16036,0.2312
16037,0.6846
16038,0.6325
16039,1.509
16040,1.372
16041,0.5525
16042,0.2522
16043,1.127
16044,0.07127
16045,1.505
16046,0.1433
16047,0.3809
16048,0.9423
16049,0.7277
16050,1.698
16051,0.1726
16052,0.9775
16053,0.3875
16054,0.6694
16055,0.2957
16056,1.046
16057,0.2679
16058,0.2244
16059,0.1393
16060,0.6197
16061,0.4366
16062,0.8589
16063,0.3179
16064,0.1689
16065,0.0747
16066,0.01114
16067,0.2084
16068,1.63
16069,0.39
16070,0.9831
16071,0.8595
16072,0.4087
16073,0.4243
16074,0.4845
16075,0.1184
16076,0.4135
16077,0.3076
16078,0.5366
16079,1.071
16080,0.9459
16081,0.4668
16082,0.76
16083,0.3565
16084,0.3336
16085,1.077
16086,0.2164
16087,1.007
16088,0.1879
16089,1.247
16090,0.5172
16091,1.272
16092,1.717
16093,0.6183
16094,0.2645
16095,1.302
16096,0.159
16097,0.0109
16098,0.3556
16099,0.6316
16100,1.449
16101,1.118
16102,0.6565
16103,0.33
16104,0.1054
16105,1.108
16106,1.075
16107,0.981
16108,1.201
16109,0.1082
16110,0.7828
16111,0.4825
16112,0.1522
16113,0.2381
16114,1.514
16115,0.4494
16116,0.1771
16117,0.2825
16118,0.83
16119,0.4688
16120,0.6296
16121,0.1014
16122,0.3314
16123,1.131
16124,0.266
16125,0.3231
16126,0.9065
16127,0.09081
16128,0.4355
16129,0.5641
16130,0.002494
16131,1.028
16132,0.2362
16133,0.796
16134,0.3029
16135,0.2836
16136,1.054
16137,1.323
16138,0.6908
16139,0.3638
16140,1.852
16141,0.6688
16142,0.4517
16143,1.42
16144,0.5307
16145,0.4697
16146,0.1744
16147,0.1034
16148,1.087
16149,0.941
16150,0.4469
16151,0.06055
16152,1.064
16153,0.6391
16154,0.4092
16155,0.5008
16156,1.49
16157,1.322
16158,0.02811
16159,0.6337
16160,0.008502
16161,0.6278
16162,1.486
16163,0.3776
16164,0.9393
16165,0.1381
16166,0.2043
16167,0.1097
16168,0.4561
16169,1.436
16170,0.4275
16171,0.5498
16172,0.6891
16173,0.1081
16174,0.507
16175,0.882
16176,0.7443
16177,1.4
16178,0.8295
16179,0.7158
16180,0.04245
16181,0.3433
16182,0.5074
16183,0.5818
16184,0.01128
16185,0.08108
16186,0.4423
16187,0.1454
16188,0.6177
16189,0.1302
16190,0.2635
16191,0.8849
16192,0.461
16193,1.159
16194,1.207
16195,0.6159
16196,0.7095
16197,0.1525
16198,0.4538
16199,0.3124
16200,0.01321
16201,1.15
16202,0.06805
16203,0.6239
16204,0.7065
16205,0.7178
16206,1.252
16207,1.51
16208,1.04
16209,0.1414
16210,0.2546
16211,0.3611
16212,0.002607
16213,0.358
16214,0.2776
16215,0.8937
16216,1.633
16217,0.08632
16218,0.001167
16219,0.09254
16220,0.8693
16221,0.2656
16222,0.216
16223,0.2342
16224,0.01723
16225,0.3725
16226,0.1407
16227,0.6453
16228,1.109
16229,2.265
16230,0.2538
16231,0.6498
16232,0.2252
16233,0.05322
16234,0.3856
16235,1.08
16236,0.003644
16237,1.299
16238,0.3633
16239,0.849
16240,0.7028
16241,0.4767
16242,0.9438
16243,0.8053
16244,0.3579
16245,0.6398
16246,1.011
16247,0.3298
16248,1.427
16249,0.06238
16250,0.04134
16251,0.2139
16252,0.3246
16253,0.1873
16254,0.9102
16255,0.1957
16256,0.3875
16257,0.4063
16258,0.08927
16259,1.493
16260,0.305
16261,0.4561
16262,1.309
16263,1.099
16264,0.2855
16265,0.1015
16266,0.06256
16267,0.7753
16268,2.593
16269,0.3781
16270,0.4594
16271,0.5071
16272,1.004
16273,0.5841
16274,0.445
16275,1.14
16276,1.187
16277,1.052
16278,0.4038
16279,0.2169
16280,0.8139
16281,0.0357
16282,0.478
16283,0.4206
16284,0.6515
16285,0.111
16286,0.6933
16287,1.463
16288,0.7103
16289,0.09957
16290,0.2682
16291,0.3346
16292,0.7746
16293,0.04508
16294,0.2961
16295,0.5344
16296,0.3286
16297,0.07335
16298,0.7746
16299,0.4391
16300,0.04375
16301,0.7935
16302,1.089
16303,0.8123
16304,0.04631
16305,0.8716
16306,0.01118
16307,0.1031
16308,1.01
16309,1.163
16310,0.5017
16311,0.1933
16312,0.8379
16313,0.7174
16314,0.4513
16315,0.3509
16316,1.352
16317,0.5495
16318,0.8014
16319,0.862
16320,1.096
16321,0.6323
16322,1.003
16323,0.2881
16324,1.471
16325,0.2867
16326,0.3896
16327,1.098
16328,0.9788
16329,0.3794
16330,0.2524
16331,0.2003
16332,0.1546
16333,0.9259
16334,0.515
16335,0.504
16336,0.7038
16337,0.2168
16338,0.7682
16339,0.3589
16340,0.1664
16341,0.04405
16342,0.1724
16343,0.03825
16344,1.472
16345,1.055
16346,0.4228
16347,0.3818
16348,0.7101
16349,0.8593
16350,0.2667
16351,1.109
16352,1.479
16353,0.1982
16354,0.03627
16355,0.388
16356,0.6444
16357,1.014
16358,1.005
16359,0.2703
16360,0.1453
16361,0.7838
16362,0.03263
16363,1.104
16364,0.4559
16365,0.2446
16366,0.9548
16367,0.1616
16368,0.3441
16369,0.64
16370,0.9991
16371,0.3845
16372,0.657
16373,0.5303
16374,1.102
16375,0.7818
16376,1.84
16377,0.6496
16378,0.06494
16379,0.03553
16380,0.9382
16381,0.5631
16382,0.217
16383,0.568
16384,1.976
16385,0.357
16386,1.464
16387,1.533
16388,0.6802
16389,0.08575
16390,0.2872
16391,0.2645
16392,0.3319
16393,0.7657
16394,0.1601
16395,0.2401
16396,0.6824
16397,0.5035
16398,0.3694
16399,0.3557
16400,0.4741
16401,0.1843
16402,0.06024
16403,0.9056
16404,0.5356
16405,1.349
16406,0.7195
16407,0.0814
16408,0.8591
16409,0.079
16410,0.2642
16411,1.459
16412,1.184
16413,0.8855
16414,0.5317
16415,1.653
16416,0.8483
16417,0.03727
16418,0.11
16419,1.164
16420,0.4642
16421,0.1815
16422,0.005206
16423,0.5217
16424,1.179
16425,0.2702
16426,1.439
16427,0.0112
16428,0.7648
16429,0.1888
16430,0.8549
16431,0.9869
16432,0.957
16433,0.1977
16434,0.5625
16435,1.203
16436,0.04871
16437,0.3975
16438,0.143
16439,1.119
16440,0.5111
16441,0.7981
16442,0.6886
16443,0.0008126
16444,0.3934
16445,0.7024
16446,0.7747
16447,0.4416
16448,1.527
16449,0.3943
16450,0.1656
16451,0.03345
16452,1.578
16453,0.6591
16454,0.9121
16455,0.1462
16456,0.5226
16457,0.2815
16458,1.05
16459,0.2322
16460,0.1383
16461,0.7693
16462,1.11
16463,0.4326
16464,0.3354
16465,0.361
16466,0.6829
16467,0.7286
16468,0.4877
16469,1.22
16470,0.2006
16471,0.4777
16472,0.5677
16473,0.1351
16474,0.2253
16475,0.5987
16476,0.5501
16477,1.134
16478,0.2313
16479,0.4227
16480,0.1869
16481,0.3303
16482,0.453
16483,0.8167
16484,0.0734
16485,0.08831
16486,0.8976
16487,0.7034
16488,0.09587
16489,0.414
16490,0.03457
16491,0.3782
16492,0.4752
16493,0.6533
16494,0.7274
16495,0.4441
16496,0.1369
16497,0.5611
16498,0.449
16499,0.1929
16500,1.905
16501,0.832
16502,0.3885
16503,0.09836
16504,1.895
16505,0.3144
16506,1.262
16507,0.5642
16508,0.6362
16509,0.3689
16510,1.097
16511,0.9877
16512,0.0848
16513,0.04925
16514,1.508
16515,0.7612
16516,0.1454
16517,0.3582
16518,0.1601
16519,0.4861
16520,0.3943
16521,0.01714
16522,0.1005
16523,1.389
16524,0.593
16525,0.3902
16526,0.9844
16527,1.119
16528,0.4058
16529,0.2237
16530,0.1561
16531,0.6363
16532,1.084
16533,0.1338
16534,0.3304
16535,0.4516
16536,1.012
16537,0.328
16538,0.2504
16539,0.6033
16540,1.253
16541,0.2213
16542,0.01621
16543,0.5965
16544,0.8006
16545,0.3379
16546,1.182
16547,1.696
16548,0.9485
16549,0.3347
16550,0.6097
16551,0.4673
16552,0.982
16553,0.2693
16554,0.4254
16555,0.5223
16556,1.121
16557,0.1245
16558,1.142
16559,0.6135
16560,1.592
16561,0.05354
16562,0.832
16563,0.3503
16564,0.1661
16565,0.173
16566,0.5876
16567,0.3905
16568,0.1589
16569,0.9273
16570,0.5863
16571,0.07994
16572,1.428
16573,0.01025
16574,0.1991
16575,0.6856
16576,0.3933
16577,0.2835
16578,0.3512
16579,1.644
16580,1.689
16581,0.1681
16582,0.5711
16583,1.674
16584,0.2265
16585,0.338
16586,0.1061
16587,0.2578
16588,0.8756
16589,0.09284
16590,1.018
16591,0.2264
16592,1.482
16593,0.4131
16594,0.3395
16595,1.278
16596,0.7122
16597,0.6721
16598,0.05324
16599,0.1408
16600,0.4767
16601,0.6916
16602,0.3502
16603,0.03009
16604,1.142
16605,0.4111
16606,0.9266
16607,1.253
16608,0.5819
16609,0.6304
16610,0.1727
16611,0.7862
16612,1.163
16613,0.6189
16614,0.4268
16615,0.2055
16616,0.3524
16617,0.2001
16618,0.5212
16619,1.367
16620,0.6018
16621,0.661
16622,1.243
16623,0.03555
16624,1.817
16625,1.08
16626,0.792
16627,0.8054
16628,0.5352
16629,0.8293
16630,1.671
16631,0.7537
16632,0.3982
16633,0.5625
16634,0.2249
16635,0.2342
16636,0.2744
16637,0.5884
16638,1.057
16639,0.3386
16640,0.4802
16641,0.3911
16642,0.6882
16643,0.3741
16644,0.5717
16645,0.414
16646,0.03186
16647,0.0323
16648,0.4642
16649,0.9304
16650,0.1533
16651,0.3443
16652,0.5928
16653,0.3688
16654,0.7914
16655,0.06537
16656,0.02504
16657,0.9299
16658,1.143
16659,0.8448
16660,0.1471
16661,0.06157
16662,0.8356
16663,0.3161
16664,1.796
16665,0.1298
16666,0.4591
16667,0.9854
16668,1.152
16669,0.2431
16670,0.1575
16671,1.049
16672,0.5788
16673,0.8544
16674,0.8188
16675,0.6421
16676,0.01623
16677,0.07819
16678,0.5221
16679,0.3632
16680,2.333
16681,0.07599
16682,0.4051
16683,0.2644
16684,0.6141
16685,0.912
16686,1.55
16687,0.6721
16688,1.767
16689,0.3458
16690,0.2785
16691,0.007663
16692,1.444
16693,0.05114
16694,0.5174
16695,0.8543
16696,0.07349
16697,1.375
16698,0.1794
16699,0.321
16700,0.1577
16701,1.572
16702,0.09539
16703,0.5366
16704,0.4051
16705,0.7108
16706,1.01
16707,0.1806
16708,0.4948
16709,0.4008
16710,0.2978
16711,0.2594
16712,1.013
16713,0.0581
16714,1.193
16715,0.6043
16716,0.07763
16717,0.2894
16718,1.5
16719,0.4632
16720,0.001799
16721,0.9509
16722,0.4974
16723,1.124
16724,0.9671
16725,1.421
16726,0.5298
16727,1.298
16728,0.5599
16729,0.2584
16730,1.765
16731,0.6298
16732,0.01912
16733,0.6888
16734,0.7545
16735,0.05971
16736,1.644
16737,1.426
16738,0.3717
16739,0.03873
16740,1.47
16741,2.274
16742,0.4318
16743,1.172
16744,0.02653
16745,1.058
16746,0.1264
16747,1.042
16748,0.6473
16749,0.3624
16750,0.3099
16751,0.4335
16752,0.7192
16753,0.1894
16754,0.9516
16755,0.5823
16756,1.572
16757,1.656
16758,0.6731
16759,1.149
16760,0.1496
16761,0.02418
16762,0.4313
16763,0.05445
16764,1.073
16765,0.1159
16766,1.123
16767,0.6424
16768,0.7431
16769,0.4365
16770,0.001133
16771,0.7511
16772,0.539
16773,0.681
16774,0.7681
16775,0.4575
16776,0.0456
16777,0.5863
16778,0.3651
16779,0.2678
16780,1.461
16781,0.07189
16782,0.07289
16783,0.4782
16784,0.8385
16785,1.083
16786,0.5213
16787,0.8976
16788,0.6053
16789,0.1316
16790,0.4002
16791,0.4524
16792,0.9665
16793,0.61
16794,1.2
16795,0.3191
16796,0.244
16797,0.7333
16798,0.1306
16799,0.2816
16800,1.5
16801,0.3359
16802,0.4094
16803,2.118
16804,0.6248
16805,1.102
16806,0.365
16807,0.3064
16808,0.145
16809,0.05639
16810,0.1654
16811,0.8406
16812,1.05
16813,0.6675
16814,1.613
16815,0.4125
16816,0.07969
16817,0.3103
16818,0.5744
16819,0.1665
16820,0.6639
16821,0.3527
16822,1.142
16823,0.1683
16824,0.8201
16825,0.6035
16826,0.5688
16827,0.1182
16828,0.3633
16829,0.1073
16830,1.025
16831,1.9
16832,1.653
16833,0.8336
16834,0.06896
16835,2.251
16836,0.3184
16837,1.379
16838,0.6395
16839,0.09723
16840,0.1065
16841,0.2642
16842,0.006696
16843,0.7848
16844,0.06065
16845,0.3671
16846,0.06577
16847,0.2091
16848,0.1443
16849,1.405
16850,0.8559
16851,0.18
16852,0.01345
16853,1.732
16854,0.4418
16855,0.5879
16856,0.4548
16857,0.2597
16858,0.8014
16859,0.1291
16860,0.2287
16861,0.7227
16862,0.0001773
16863,0.4412
16864,1.205
16865,0.2374
16866,0.6869
16867,0.601
16868,0.036
16869,0.5958
16870,0.3206
16871,1.233
16872,0.7746
16873,0.05813
16874,0.5567
16875,0.4422
16876,0.03951
16877,0.5421
16878,1.13
16879,0.08075
16880,0.0157
16881,0.5205
16882,0.114
16883,0.3404
16884,0.09363
16885,0.2081
16886,0.6111
16887,1.513
16888,0.3589
16889,1.642
16890,1.028
16891,0.3074
16892,1.079
16893,0.09522
16894,1.1
16895,0.401
16896,1.001
16897,0.5058
16898,0.4481
16899,0.2984
16900,0.1955
16901,0.5423
16902,0.7095
16903,0.5135
16904,1.019
16905,0.06868
16906,0.1429
16907,0.2838
16908,0.08896
16909,0.232
16910,0.5297
16911,0.641
16912,1.635
16913,1.127
16914,0.1153
16915,0.8663
16916,0.6356
16917,0.5946
16918,0.9607
16919,0.298
16920,1.109
16921,0.6253
16922,0.4072
16923,0.1593
16924,0.5293
16925,0.7907
16926,0.2108
16927,0.6671
16928,0.4744
16929,0.3257
16930,0.8941
16931,0.1377
16932,0.5535
16933,0.7267
16934,0.1965
16935,0.002529
16936,0.4971
16937,1.57
16938,0.4258
16939,0.9118
16940,0.2207
16941,0.02747
16942,0.03377
16943,0.616
16944,0.4053
16945,1.345
16946,0.7742
16947,0.005076
16948,0.3433
16949,1.263
16950,0.05586
16951,0.9376
16952,1.142
16953,0.2825
16954,0.6405
16955,0.2867
16956,0.3966
16957,0.4221
16958,0.04086
16959,0.3503
16960,0.8204
16961,0.1518
16962,1.055
16963,0.6073
16964,0.5121
16965,0.06672
16966,0.272
16967,0.1761
16968,1.505
16969,0.3608
16970,0.577
16971,0.4782
16972,1.107
16973,1.188
16974,0.1095
16975,0.2235
16976,1.178
16977,0.589
16978,0.6109
16979,0.09004
16980,0.4506
16981,0.8423
16982,1.729
16983,0.5252
16984,1.219
16985,0.5896
16986,0.1875
16987,0.1715
16988,0.7557
16989,1.094
16990,1.676
16991,0.3746
16992,0.8838
16993,0.4063
16994,0.1067
16995,0.7161
16996,1.573
16997,0.6508
16998,0.08943
16999,0.1247
17000,2.374
17001,0.5133
17002,0.9133
17003,0.5995
17004,0.1411
17005,0.151
17006,0.7616
17007,0.6998
17008,0.7856
17009,0.3452
17010,0.8074
17011,0.6971
17012,0.3639
17013,1.881
17014,1.269
17015,0.08629
17016,0.1454
17017,0.3267
17018,0.1793
17019,0.2281
17020,1.764
17021,0.2305
17022,0.252
17023,0.357
17024,0.1138
17025,1.332
17026,0.9055
17027,0.4814
17028,0.193
17029,0.9652
17030,0.7721
17031,0.6902
17032,0.05034
17033,0.2717
17034,1.498
17035,0.517
17036,0.5226
17037,0.4649
17038,0.705
17039,0.766
17040,0.9709
17041,0.4361
17042,1.151
17043,0.3367
17044,1.24
17045,0.5911
17046,0.05852
17047,0.2214
17048,0.3458
17049,0.09309
17050,0.263
17051,0.1184
17052,1.607
17053,1.273
17054,0.2567
17055,0.8527
17056,1.241
17057,0.5047
17058,0.1088
17059,0.0002368
17060,0.5696
17061,0.269
17062,0.4946
17063,0.1628
17064,1.501
17065,0.02852
17066,1.27
17067,0.2577
17068,0.2128
17069,0.1318
17070,0.5192
17071,0.6923
17072,0.01209
17073,0.8799
17074,0.1368
17075,0.3913
17076,0.1036
17077,1.046
17078,1.169
17079,0.02077
17080,0.7446
17081,0.03438
17082,0.02732
17083,0.9569
17084,0.2605
17085,0.8527
17086,0.5334
17087,0.5227
17088,1.159
17089,0.6655
17090,0.2211
17091,0.125
17092,0.169
17093,0.1169
17094,0.1755
17095,0.2037
17096,0.393
17097,0.8517
17098,1.213
17099,0.1308
17100,0.2092
17101,1.056
17102,0.6697
17103,1.148
17104,0.3242
17105,1.056
17106,0.04374
17107,0.4818
17108,0.2234
17109,0.3273
17110,0.7861
17111,0.08437
17112,0.3471
17113,0.6605
17114,0.6786
17115,0.7057
17116,0.1994
17117,0.3106
17118,0.752
17119,0.1103
17120,0.6869
17121,1.82
17122,0.6422
17123,1.298
17124,0.709
17125,0.2357
17126,1.189
17127,0.05416
17128,0.1735
17129,0.5395
17130,0.08768
17131,0.71
17132,0.6491
17133,0.323
17134,0.7042
17135,0.8703
17136,0.1063
17137,0.9172
17138,1.176
17139,1.642
17140,0.4611
17141,0.7018
17142,0.8827
17143,1.348
17144,0.4864
17145,1.023
17146,1.265
17147,0.7181
17148,1.178
17149,0.02496
17150,0.4576
17151,0.2091
17152,0.08269
17153,1.203
17154,0.6332
17155,0.2969
17156,0.3472
17157,0.5559
17158,0.5986
17159,0.4276
17160,0.8858
17161,1.337
17162,0.2911
17163,1.218
17164,0.8596
17165,1.028
17166,0.5184
17167,1.815
17168,0.2182
17169,0.2842
17170,0.8855
17171,0.439
17172,1.266
17173,1.214
17174,0.2916
17175,0.4922
17176,0.1873
17177,1.029
17178,0.2403
17179,0.8321
17180,0.5546
17181,0.1347
17182,0.8736
17183,1.308
17184,0.9542
17185,0.2489
17186,0.5595
17187,0.856
17188,1.456
17189,0.7671
17190,1.289
17191,0.9379
17192,0.6856
17193,0.05889
17194,0.3366
17195,0.6825
17196,0.1711
17197,0.8001
17198,1.468
17199,0.7765
17200,0.5399
17201,1.008
17202,0.1846
17203,0.7119
17204,0.8539
17205,0.8681
17206,0.007608
17207,0.3394
17208,0.7124
17209,0.6277
17210,0.1365
17211,0.0769
17212,0.1746
17213,1.203
17214,0.9903
17215,1.596
17216,0.7826
17217,1.064
17218,0.2397
17219,0.3125
17220,0.01827
17221,0.5989
17222,0.8586
17223,0.3564
17224,0.3484
17225,0.5979
17226,1.069
17227,0.6183
17228,0.01817
17229,0.5392
17230,1.078
17231,0.4464
17232,0.8278
17233,0.7312
17234,0.04611
17235,0.9433
17236,0.2465
17237,0.2299
17238,0.7372
17239,0.7737
17240,0.7306
17241,1.135
17242,0.5592
17243,0.9023
17244,1.532
17245,0.05779
17246,0.4535
17247,0.8917
17248,0.8021
17249,0.01783
17250,0.4169
17251,0.1452
17252,0.0352
17253,0.3269
17254,0.6483
17255,1.039
17256,0.5834
17257,0.1218
17258,0.1351
17259,1.612
17260,0.8104
17261,1.385
17262,1.486
17263,0.9197
17264,0.1135
17265,0.8227
17266,0.1735
17267,0.02397
17268,2.115
17269,0.6939
17270,0.1038
17271,0.1251
17272,0.5531
17273,0.6203
17274,0.5137
17275,0.2653
17276,1.218
17277,0.7367
17278,0.1346
17279,0.249
17280,1.67
17281,0.3492
17282,0.5027
17283,0.4846
17284,0.08223
17285,0.5216
17286,1.403
17287,0.4516
17288,0.1557
17289,0.485
17290,0.02819
17291,1.221
17292,0.06079
17293,0.03239
17294,0.05301
17295,1.237
17296,0.03264
17297,1.714
17298,0.5172
17299,0.822
17300,0.7446
17301,0.5817
17302,0.6198
17303,0.9065
17304,0.08488
17305,0.4814
17306,0.1749
17307,0.581
17308,0.2552
17309,1.633
17310,0.2896
17311,0.7425
17312,0.3582
17313,0.8125
17314,0.8
17315,0.4597
17316,0.3657
17317,0.7896
17318,1.428
17319,0.4212
17320,0.7128
17321,0.1053
17322,0.4241
17323,0.2806
17324,0.5538
17325,0.06425
17326,1.1
17327,1.125
17328,0.4779
17329,0.3376
17330,0.3219
17331,0.3224
17332,1.72
17333,0.5249
17334,0.3657
17335,0.00836
17336,0.7154
17337,0.4592
17338,0.6973
17339,0.1538
17340,0.9459
17341,0.7745
17342,0.9398
17343,0.3757
17344,0.05578
17345,0.6417
17346,0.3309
17347,1.689
17348,0.1756
17349,2.341
17350,0.5806
17351,0.3606
17352,0.06864
17353,0.3541
17354,0.2958
17355,0.03055
17356,0.4007
17357,0.3417
17358,1.444
17359,0.4591
17360,0.2711
17361,0.3503
17362,0.636
17363,1.24
17364,0.02364
17365,0.2194
17366,0.1069
17367,0.5678
17368,1.407
17369,0.4133
17370,1.103
17371,1.088
17372,0.1293
17373,0.3029
17374,0.7501
17375,0.8442
17376,1.176
17377,0.9219
17378,1.024
17379,1.236
17380,0.433
17381,1.028
17382,0.795
17383,1.385
17384,0.6534
17385,0.06639
17386,0.5794
17387,0.6174
17388,0.5372
17389,1.24
17390,1.004
17391,1.121
17392,0.4511
17393,0.8229
17394,0.299
17395,0.1613
17396,0.1631
17397,0.3935
17398,0.8994
17399,0.7796
17400,0.5551
17401,0.2426
17402,0.039
17403,0.4515
17404,0.7161
17405,0.1154
17406,0.7315
17407,0.1411
17408,0.7161
17409,0.5593
17410,0.3342
17411,0.7516
17412,0.08266
17413,0.1546
17414,0.49
17415,0.08551
17416,0.7606
17417,0.7037
17418,1.116
17419,0.07349
17420,2.025
17421,0.2093
17422,0.1043
17423,1.067
17424,1.03
17425,0.5604
17426,0.4647
17427,0.5399
17428,0.9847
17429,0.6368
17430,0.3059
17431,0.1965
17432,1.093
17433,0.457
17434,0.6629
17435,0.3201
17436,1.21
17437,0.3659
17438,0.7368
17439,0.7192
17440,0.04649
17441,0.08891
17442,0.1141
17443,0.7443
17444,0.1533
17445,0.495
17446,1.431
17447,0.5592
17448,0.9455
17449,0.3635
17450,0.08148
17451,1.081
17452,0.9378
17453,1.216
17454,0.6177
17455,0.4167
17456,0.2453
17457,1.714
17458,0.009647
17459,1.36
17460,0.2204
17461,0.7104
17462,0.2699
17463,0.2929
17464,0.02502
17465,1.166
17466,1.302
17467,0.7603
17468,0.2403
17469,0.7467
17470,1.779
17471,0.4073
17472,1.181
17473,0.8948
17474,0.07911
17475,0.7617
17476,0.4985
17477,0.2417
17478,0.9098
17479,0.3888
17480,0.2128
17481,0.6907
17482,0.5757
17483,0.3469
17484,0.01701
17485,2.1
17486,0.3043
17487,0.9638
17488,0.1659
17489,0.05019
17490,0.443
17491,0.3006
17492,0.03583
17493,0.213
17494,1.761
17495,0.4165
17496,0.7085
17497,0.08559
17498,1.008
17499,0.4119
17500,0.3438
17501,0.6648
17502,0.04032
17503,0.7012
17504,0.6591
17505,0.07579
17506,0.9639
17507,0.5902
17508,0.2664
17509,0.7679
17510,0.1615
17511,1.018
17512,0.4298
17513,0.2716
17514,1.15
17515,0.9395
17516,1.332
17517,0.5157
17518,1.011
17519,0.3597
17520,0.5417
17521,0.1746
17522,0.6919
17523,1.315
17524,1.848
17525,1.112
17526,0.06425
17527,0.9749
17528,0.8587
17529,0.05541
17530,0.4268
17531,0.1355
17532,0.1035
17533,1.689
17534,0.01401
17535,0.4153
17536,1.221
17537,1.49
17538,0.212
17539,0.4574
17540,0.09288
17541,0.6808
17542,0.2639
17543,0.5474
17544,0.387
17545,0.9223
17546,0.4722
17547,0.4331
17548,0.2776
17549,0.08219
17550,0.1222
17551,0.1128
17552,1.194
17553,0.5371
17554,0.4531
17555,0.424
17556,0.6771
17557,0.004876
17558,0.05545
17559,0.6353
17560,1.024
17561,1.827
17562,1.325
17563,0.9068
17564,0.2854
17565,0.4428
17566,0.9511
17567,0.9199
17568,0.1119
17569,0.4337
17570,0.01073
17571,0.3897
17572,0.618
17573,0.5965
17574,0.5161
17575,0.1334
17576,0.4097
17577,0.5421
17578,0.0921
17579,0.873
17580,0.5679
17581,0.1967
17582,1.258
17583,0.1589
17584,0.7448
17585,0.7284
17586,0.5675
17587,1.471
17588,0.2582
17589,0.4218
17590,0.1468
17591,0.1758
17592,2.014
17593,0.1417
17594,0.06482
17595,0.2378
17596,0.4299
17597,1.643
17598,0.3397
17599,0.02212
17600,0.454
17601,0.09184
17602,0.1956
17603,0.5759
17604,1.195
17605,0.2621
17606,0.6494
17607,1.05
17608,0.5473
17609,0.9215
17610,0.7247
17611,1.42
17612,0.6541
17613,1.538
17614,0.08444
17615,0.002209
17616,0.354
17617,0.5702
17618,0.9042
17619,0.6403
17620,1.019
17621,0.03387
17622,0.6373
17623,0.5297
17624,0.2381
17625,0.02447
17626,1.154
17627,0.2331
17628,0.8788
17629,0.3552
17630,1.75
17631,0.9607
17632,0.9847
17633,0.2218
17634,0.07042
17635,0.3124
17636,0.1792
17637,0.6684
17638,0.5114
17639,1.755
17640,0.5564
17641,0.6402
17642,0.007975
17643,0.9113
17644,0.5326
17645,0.6309
17646,0.5737
17647,0.729
17648,0.5777
17649,0.8271
17650,1.264
17651,0.4454
17652,0.0918
17653,0.7642
17654,0.1698
17655,0.5959
17656,0.3051
17657,0.02883
17658,1.395
17659,0.7779
17660,0.8771
17661,0.8936
17662,0.6205
17663,0.0287
17664,0.225
17665,0.1868
17666,0.3794
17667,0.4291
17668,0.2132
17669,0.3439
17670,0.9872
17671,1.248
17672,2.122
17673,0.6269
17674,0.408
17675,0.1885
17676,0.3403
17677,0.05514
17678,1.371
17679,1.247
17680,1.17
17681,0.09367
17682,0.3059
17683,0.2144
17684,0.5824
17685,0.8018
17686,0.8409
17687,0.9575
17688,0.1805
17689,1.523
17690,0.8545
17691,0.5104
17692,0.3554
17693,0.09546
17694,1.277
17695,1.281
17696,1.458
17697,0.7122
17698,0.8328
17699,0.4197
17700,0.1305
17701,1.216
17702,1.186
17703,0.327
17704,0.5806
17705,1.266
17706,0.2079
17707,0.4155
17708,0.8494
17709,0.5706
17710,2.407
17711,1.636
17712,0.1869
17713,0.2806
17714,1.306
17715,0.1679
17716,0.2351
17717,1.167
17718,0.1942
17719,0.7525
17720,0.3857
17721,0.5411
17722,0.6732
17723,1.374
17724,1.001
17725,0.7924
17726,0.8157
17727,0.02599
17728,0.0304
17729,0.725
17730,0.4865
17731,0.5796
17732,0.9787
17733,0.528
17734,0.596
17735,0.7946
17736,0.2331
17737,0.6312
17738,0.1776
17739,0.8492
17740,0.7722
17741,0.9926
17742,0.4741
17743,0.2192
17744,0.08536
17745,0.5349
17746,0.9499
17747,0.3123
17748,0.4015
17749,0.6363
17750,0.4594
17751,0.3829
17752,0.2091
17753,1.006
17754,1.176
17755,0.9815
17756,0.4696
17757,0.3478
17758,0.859
17759,0.04369
17760,0.007587
17761,0.2453
17762,0.5144
17763,0.09
17764,0.1431
17765,0.4747
17766,0.669
17767,0.7279
17768,1.434
17769,0.04482
17770,1.371
17771,0.9
17772,0.1934
17773,0.5133
17774,1.621
17775,0.275
17776,0.9284
17777,0.9945
17778,0.4411
17779,1.059
17780,0.5217
17781,0.5947
17782,0.2938
17783,0.756
17784,0.06291
17785,1.702
17786,1.41
17787,0.7869
17788,0.1881
17789,0.8211
17790,0.7395
17791,0.3653
17792,1.362
17793,0.7029
17794,0.911
17795,0.01694
17796,0.374
17797,2.033
17798,0.7932
17799,0.3127
17800,0.5304
17801,0.3731
17802,0.6178
17803,0.8707
17804,0.02384
17805,0.02648
17806,1.099
17807,0.523
17808,0.2166
17809,0.1991
17810,0.8996
17811,1.489
17812,0.6649
17813,0.7754
17814,0.05187
17815,0.6982
17816,0.677
17817,0.5481
17818,0.3086
17819,1.137
17820,0.03817
17821,0.05925
17822,0.5237
17823,0.3797
17824,1.104
17825,0.59
17826,0.3783
17827,0.4086
17828,1.37
17829,0.1693
17830,0.02329
17831,0.7808
17832,1.07
17833,0.9569
17834,0.3491
17835,1.546
17836,1.226
17837,0.766
17838,1.14
17839,0.5374
17840,0.02565
17841,1.154
17842,0.1157
17843,1.32
17844,1.251
17845,1.137
17846,0.8131
17847,0.9819
17848,0.8646
17849,0.6902
17850,0.7562
17851,0.2339
17852,0.4232
17853,0.7014
17854,0.4029
17855,0.1339
17856,0.004398
17857,1.268
17858,0.823
17859,0.1138
17860,0.2976
17861,0.7235
17862,0.2851
17863,0.2447
17864,0.458
17865,0.5267
17866,0.1006
17867,0.8998
17868,0.7265
17869,0.6689
17870,0.4074
17871,0.2915
17872,0.09293
17873,0.1764
17874,0.4586
17875,0.2129
17876,0.4284
17877,0.09845
17878,0.3983
17879,0.7194
17880,0.5652
17881,0.7435
17882,1.438
17883,1.854
17884,1.024
17885,0.2052
17886,0.2665
17887,0.2312
17888,1.235
17889,1.584
17890,0.332
17891,0.3929
17892,0.9176
17893,0.675
17894,0.4836
17895,0.4137
17896,0.187
17897,1.826
17898,0.2513
17899,0.03742
17900,0.09485
17901,0.7061
17902,0.366
17903,0.5496
17904,0.04999
17905,0.001896
17906,0.7414
17907,0.3412
17908,0.3291
17909,1.138
17910,0.1659
17911,0.2602
17912,0.1199
17913,0.591
17914,0.5838
17915,1.794
17916,0.6396
17917,0.8139
17918,1.044
17919,0.9534
17920,0.05134
17921,0.8473
17922,0.2194
17923,0.04311
17924,0.6197
17925,0.2847
17926,0.3716
17927,1.218
17928,0.09878
17929,0.8551
17930,0.2428
17931,0.6196
17932,0.0748
17933,0.1071
17934,0.06968
17935,0.4545
17936,1.087
17937,0.7131
17938,0.1614
17939,1.699
17940,0.5788
17941,0.0588
17942,0.1248
17943,1.006
17944,0.7466
17945,0.23
17946,0.4408
17947,0.1567
17948,0.5156
17949,0.3875
17950,0.06759
17951,0.5317
17952,0.1292
17953,0.3341
17954,0.4399
17955,0.2201
17956,0.09574
17957,0.729
17958,0.5508
17959,0.1366
17960,0.1537
17961,0.1169
17962,0.2631
17963,0.5506
17964,1.28
17965,0.2631
17966,0.1983
17967,1.142
17968,0.6818
17969,0.1741
17970,0.1904
17971,2.391
17972,1.083
17973,0.835
17974,0.04413
17975,1.098
17976,0.8372
17977,0.6717
17978,0.5748
17979,0.3035
17980,0.4968
17981,0.3853
17982,0.5185
17983,1.437
17984,0.6642
17985,0.8902
17986,0.213
17987,0.009
17988,0.05175
17989,0.3435
17990,1.788
17991,0.3662
17992,1.02
17993,0.6653
17994,0.7471
17995,1.571
17996,0.04481
17997,0.3917
17998,0.6594
17999,0.5604
18000,0.9439
18001,0.4694
18002,0.2153
18003,1.318
18004,0.8102
18005,0.2209
18006,1.105
18007,0.3164
18008,0.1142
18009,0.5395
18010,1.043
18011,0.2432
18012,0.272
18013,1.201
18014,0.7261
18015,0.4895
18016,0.1135
18017,0.4051
18018,0.02375
18019,0.05143
18020,0.7745
18021,0.2187
18022,0.657
18023,0.07802
18024,0.7382
18025,0.3488
18026,0.9639
18027,0.3725
18028,0.03135
18029,1.085
18030,0.3804
18031,0.2792
18032,2.003
18033,0.7998
18034,0.1922
18035,0.06531
18036,1.546
18037,0.04797
18038,0.1938
18039,0.2067
18040,1.152
18041,0.5927
18042,1.297
18043,0.92
18044,0.4856
18045,0.8724
18046,0.05503
18047,0.7721
18048,0.05051
18049,0.05001
18050,0.2875
18051,0.5831
18052,0.2578
18053,0.2034
18054,0.5591
18055,0.4302
18056,0.6111
18057,0.5331
18058,0.7998
18059,1.131
18060,0.4034
18061,0.07209
18062,1.245
18063,0.241
18064,0.3656
18065,0.2261
18066,0.1009
18067,0.6382
18068,0.3941
18069,1.362
18070,0.5906
18071,0.03937
18072,0.6184
18073,0.5118
18074,0.311
18075,0.8718
18076,0.09225
18077,0.4156
18078,1.144
18079,0.7887
18080,0.08006
18081,0.6561
18082,0.1823
18083,0.6293
18084,0.581
18085,0.8024
18086,0.04773
18087,0.088
18088,0.668
18089,0.5606
18090,0.1056
18091,1.466
18092,0.9266
18093,0.7811
18094,0.589
18095,0.2041
18096,0.1194
18097,1.014
18098,0.7439
18099,0.8839
18100,0.1674
18101,0.1555
18102,0.8074
18103,0.06071
18104,0.8804
18105,0.387
18106,0.007231
18107,0.1049
18108,0.4395
18109,0.7383
18110,0.6335
18111,0.4932
18112,0.6471
18113,0.04335
18114,0.7619
18115,0.2069
18116,0.307
18117,1.486
18118,0.4178
18119,0.9987
18120,0.1401
18121,0.4933
18122,0.3617
18123,0.3192
18124,0.4331
18125,0.9298
18126,1.014
18127,1.177
18128,0.1929
18129,0.6321
18130,1.345
18131,0.5883
18132,0.223
18133,1.438
18134,0.1522
18135,0.3659
18136,0.8563
18137,1.75
18138,0.3513
18139,0.6331
18140,0.7875
18141,0.1233
18142,0.2731
18143,0.258
18144,0.2157
18145,0.08731
18146,0.3947
18147,0.7308
18148,0.1188
18149,0.8682
18150,0.3068
18151,0.001633
18152,0.6306
18153,0.8542
18154,0.7712
18155,0.9065
18156,0.3066
18157,0.08502
18158,1.099
18159,0.4467
18160,0.6974
18161,0.6977
18162,0.4824
18163,1.097
18164,0.7189
18165,0.125
18166,0.6057
18167,0.4062
18168,0.365
18169,1.072
18170,0.94
18171,0.4963
18172,0.04675
18173,0.6983
18174,0.04509
18175,0.4143
18176,1.008
18177,0.0372
18178,0.7563
18179,1.22
18180,0.2978
18181,0.3229
18182,0.677
18183,0.4264
18184,0.5143
18185,0.3832
18186,0.1037
18187,0.1033
18188,1.869
18189,0.1947
18190,0.7716
18191,1.313
18192,0.4546
18193,0.08609
18194,0.8871
18195,0.9966
18196,0.09329
18197,1.003
18198,0.72
18199,0.2029
18200,1.572
18201,0.5761
18202,0.06697
18203,1.056
18204,0.7445
18205,0.5759
18206,0.04692
18207,0.1997
18208,0.004574
18209,0.8964
18210,0.5058
18211,0.8088
18212,0.1441
18213,0.8393
18214,1.322
18215,0.7705
18216,0.3645
18217,0.5021
18218,0.3596
18219,0.3598
18220,1.099
18221,0.105
18222,0.128
18223,1.475
18224,0.6448
18225,0.3594
18226,0.659
18227,0.5095
18228,0.1254
18229,0.532
18230,0.1617
18231,0.4529
18232,0.4319
18233,0.1095
18234,0.09095
18235,1.155
18236,0.9732
18237,0.03204
18238,0.3358
18239,0.437
18240,0.1519
18241,0.2029
18242,0.5284
18243,0.09855
18244,0.1719
18245,0.5141
18246,1.422
18247,0.7495
18248,0.581
18249,0.5882
18250,0.6012
18251,0.01301
18252,1.22
18253,0.1983
18254,0.9682
18255,0.2185
18256,0.7005
18257,0.1516
18258,0.6328
18259,0.07012
18260,0.4688
18261,0.837
18262,0.1374
18263,0.141
18264,1.211
18265,0.1035
18266,1.047
18267,0.9315
18268,0.1568
18269,0.2041
18270,0.5463
18271,0.385
18272,0.86
18273,0.3131
18274,0.01674
18275,0.6358
18276,0.3969
18277,0.5859
18278,0.4133
18279,0.09954
18280,0.8435
18281,0.6027
18282,0.6436
18283,1.319
18284,0.3492
18285,0.496
18286,0.167
18287,0.4121
18288,0.1573
18289,0.9111
18290,0.1076
18291,0.3315
18292,0.3165
18293,0.9508
18294,0.9881
18295,0.647
18296,1.247
18297,0.9474
18298,0.847
18299,1.061
18300,1.392
18301,0.2723
18302,0.6332
18303,0.1979
18304,0.4076
18305,0.5529
18306,0.2512
18307,0.4883
18308,0.6003
18309,0.07606
18310,0.8965
18311,0.4583
18312,0.2337
18313,0.3971
18314,0.3664
18315,0.7498
18316,0.6541
18317,0.5678
18318,0.5355
18319,0.2806
18320,0.0741
18321,0.358
18322,0.731
18323,0.6238
18324,0.7427
18325,1.49
18326,1.241
18327,0.2033
18328,0.09689
18329,1.563
18330,0.04236
18331,0.378
18332,0.2323
18333,0.6312
18334,0.4526
18335,0.5346
18336,0.3295
18337,0.5232
18338,0.0204
18339,0.0233
18340,0.08177
18341,0.07227
18342,0.2425
18343,1.239
18344,0.2546
18345,0.3898
18346,0.7145
18347,0.7191
18348,0.5065
18349,0.3029
18350,0.5917
18351,1.787
18352,0.9658
18353,1.236
18354,1.125
18355,0.3025
18356,0.07546
18357,0.5991
18358,0.4824
18359,0.6911
18360,0.212
18361,0.1762
18362,0.5579
18363,0.8387
18364,0.4577
18365,0.2889
18366,0.09774
18367,0.6706
18368,0.3804
18369,0.1019
18370,0.4173
18371,0.2016
18372,0.7128
18373,0.0682
18374,1.294
18375,0.1762
18376,0.528
18377,0.7752
18378,0.4349
18379,0.8531
18380,0.009655
18381,0.4839
18382,1.046
18383,0.8977
18384,1.071
18385,0.544
18386,0.6536
18387,0.3764
18388,0.4225
18389,0.4225
18390,0.0552
18391,0.02792
18392,0.4662
18393,0.4292
18394,0.08513
18395,0.166
18396,0.201
18397,0.6611
18398,0.02306
18399,0.5408
18400,0.145
18401,0.1416
18402,1.015
18403,0.01946
18404,0.813
18405,1.153
18406,1.039
18407,1.087
18408,0.05751
18409,0.6114
18410,0.8373
18411,0.9933
18412,0.2251
18413,0.1818
18414,0.2395
18415,0.2125
18416,0.8398
18417,0.08876
18418,0.1022
18419,0.8097
18420,0.01213
18421,0.5297
18422,0.7215
18423,1.257
18424,0.6594
18425,1.465
18426,0.5649
18427,0.6207
18428,1.485
18429,1.136
18430,0.4534
18431,1.648
18432,1.085
18433,0.4254
18434,0.267
18435,0.2292
18436,1.35
18437,0.1297
18438,1.361
18439,0.006091
18440,0.8956
18441,0.002441
18442,0.3027
18443,0.5978
18444,1.007
18445,0.6112
18446,0.07599
18447,0.03167
18448,0.8666
18449,1.317
18450,0.0991
18451,0.6825
18452,0.5229
18453,0.4622
18454,0.366
18455,0.4286
18456,1.353
18457,0.243
18458,0.1557
18459,0.7782
18460,0.8225
18461,0.3941
18462,1.2
18463,0.5772
18464,0.6798
18465,0.6575
18466,0.6303
18467,0.3406
18468,1.421
18469,0.5747
18470,0.8769
18471,1.71
18472,1.253
18473,0.2965
18474,0.1021
18475,0.8905
18476,1.561
18477,0.09626
18478,0.8069
18479,0.9791
18480,0.7675
18481,0.3903
18482,0.1929
18483,0.17
18484,0.7512
18485,0.2635
18486,0.7652
18487,0.09015
18488,1.861
18489,0.6378
18490,0.08501
18491,0.461
18492,0.8279
18493,0.9717
18494,0.05522
18495,0.264
18496,1.09
18497,1.052
18498,0.364
18499,0.1848
18500,0.3818
18501,0.766
18502,0.3681
18503,0.123
18504,0.604
18505,0.5531
18506,0.1457
18507,0.4401
18508,1.259
18509,0.4269
18510,0.8195
18511,0.0785
18512,0.09418
18513,0.139
18514,0.3556
18515,0.9966
18516,0.03953
18517,0.1905
18518,0.0504
18519,0.7483
18520,0.4396
18521,0.6999
18522,0.8872
18523,0.4034
18524,0.2869
18525,0.1664
18526,0.5255
18527,1.092
18528,1.18
18529,0.2962
18530,0.1857
18531,0.001417
18532,0.208
18533,0.5326
18534,0.637
18535,0.3482
18536,1.304
18537,0.1372
18538,1.225
18539,0.4394
18540,0.2311
18541,0.2357
18542,0.009378
18543,0.3039
18544,0.6415
18545,0.1218
18546,0.4071
18547,0.4692
18548,1.195
18549,0.494
18550,0.9679
18551,1.668
18552,0.182
18553,0.7389
18554,0.592
18555,0.2227
18556,0.9686
18557,0.4642
18558,1.232
18559,0.07114
18560,0.09316
18561,0.3842
18562,0.5418
18563,0.2965
18564,0.08565
18565,1.083
18566,0.6712
18567,0.8053
18568,0.5838
18569,0.01807
18570,0.977
18571,1.43
18572,0.6263
18573,0.2923
18574,0.09757
18575,0.3511
18576,0.9049
18577,0.2799
18578,0.751
18579,0.4838
18580,0.3712
18581,0.5518
18582,0.2947
18583,0.1991
18584,0.6548
18585,0.1616
18586,0.561
18587,0.8196
18588,0.4472
18589,1.102
18590,0.3119
18591,0.9711
18592,0.3505
18593,0.3175
18594,1.837
18595,0.1871
18596,1.464
18597,0.3668
18598,0.88
18599,0.7412
18600,1.114
18601,0.9111
18602,0.8623
18603,0.06581
18604,0.0752
18605,0.6643
18606,0.1822
18607,0.4686
18608,0.03006
18609,0.8002
18610,0.4558
18611,0.4628
18612,1.285
18613,0.2959
18614,0.1888
18615,0.7684
18616,0.5684
18617,1.169
18618,0.334
18619,0.3987
18620,0.6855
18621,0.2627
18622,0.7324
18623,1.804
18624,0.147
18625,0.269
18626,1.291
18627,0.2044
18628,0.3877
18629,0.5199
18630,0.988
18631,1.079
18632,0.1932
18633,1.015
18634,0.04959
18635,0.5756
18636,0.2141
18637,0.686
18638,0.2897
18639,0.9488
18640,0.2852
18641,0.2392
18642,0.01858
18643,0.9718
18644,0.08313
18645,0.5887
18646,0.8696
18647,0.4284
18648,0.4444
18649,1.362
18650,0.848
18651,1.155
18652,0.04422
18653,0.02966
18654,0.4606
18655,1.549
18656,0.7452
18657,0.2708
18658,0.1957
18659,0.2727
18660,0.1171
18661,0.6537
18662,0.5971
18663,0.5859
18664,1.933
18665,0.5687
18666,1.419
18667,0.4391
18668,1.245
18669,0.2387
18670,1.165
18671,0.5534
18672,0.01983
18673,0.4519
18674,0.8169
18675,0.04205
18676,0.03057
18677,0.005879
18678,0.6369
18679,0.8023
18680,0.16
18681,0.5003
18682,1.349
18683,0.02496
18684,0.4463
18685,0.06269
18686,0.8936
18687,1.451
18688,0.6081
18689,0.5956
18690,0.06719
18691,0.02022
18692,0.5321
18693,0.8136
18694,1.079
18695,0.07365
18696,0.3406
18697,1.372
18698,0.3191
18699,0.7992
18700,1.293
18701,0.763
18702,0.2521
18703,0.399
18704,0.09811
18705,0.5538
18706,0.6931
18707,0.3667
18708,0.5692
18709,1.426
18710,0.3797
18711,0.5374
18712,0.7904
18713,0.04231
18714,0.3366
18715,0.1019
18716,1.021
18717,0.1419
18718,0.1769
18719,1.889
18720,0.2576
18721,0.9145
18722,0.2804
18723,0.4949
18724,0.4283
18725,0.7609
18726,0.442
18727,0.5705
18728,0.3907
18729,0.3835
18730,0.001141
18731,0.2242
18732,1.29
18733,1.088
18734,0.5966
18735,0.3437
18736,0.01044
18737,0.8111
18738,0.3727
18739,1.239
18740,0.2223
18741,1.276
18742,1.174
18743,0.1084
18744,0.05456
18745,1.366
18746,0.01654
18747,0.3439
18748,0.3872
18749,0.06051
18750,0.4288
18751,0.9087
18752,0.1786
18753,0.4579
18754,1.416
18755,1.076
18756,0.5492
18757,0.5172
18758,1.109
18759,0.3209
18760,1.077
18761,0.4707
18762,0.3158
18763,1.425
18764,0.3108
18765,0.87
18766,0.9524
18767,0.4367
18768,1.123
18769,0.9544
18770,0.5428
18771,0.9008
18772,0.01443
18773,0.3231
18774,0.6468
18775,0.42
18776,0.9083
18777,1.09
18778,0.1469
18779,1.104
18780,0.2084
18781,0.3946
18782,0.911
18783,1.544
18784,0.9895
18785,0.02451
18786,0.6285
18787,1.153
18788,0.5748
18789,0.5286
18790,1.287
18791,0.8766
18792,0.2384
18793,0.01931
18794,0.1858
18795,0.7188
18796,0.8377
18797,0.7546
18798,0.01023
18799,1.217
18800,0.4951
18801,1.915
18802,0.6697
18803,0.1481
18804,0.5123
18805,0.1377
18806,0.4344
18807,0.7727
18808,0.4337
18809,1.594
18810,0.216
18811,0.1301
18812,0.5127
18813,1.002
18814,0.5315
18815,0.3445
18816,0.2325
18817,0.0777
18818,0.4944
18819,0.01156
18820,0.7675
18821,0.4529
18822,0.3701
18823,0.1818
18824,0.6653
18825,1.007
18826,0.6692
18827,0.0484
18828,0.4946
18829,0.05959
18830,2.528
18831,0.01204
18832,0.4936
18833,0.2571
18834,0.6665
18835,0.3561
18836,0.1079
18837,0.6641
18838,1.099
18839,0.3796
18840,1.285
18841,1.328
18842,0.01444
18843,1.029
18844,0.2095
18845,0.7727
18846,0.3529
18847,0.4161
18848,0.2197
18849,0.7706
18850,0.1552
18851,0.5684
18852,1.011
18853,0.8986
18854,0.3938
18855,1.328
18856,0.07065
18857,0.8796
18858,0.7617
18859,0.137
18860,0.4309
18861,1.458
18862,0.1306
18863,1.419
18864,1.167
18865,0.3415
18866,0.1235
18867,0.3175
18868,0.4525
18869,0.132
18870,0.04125
18871,1.017
18872,0.4709
18873,0.04358
18874,0.3227
18875,0.28
18876,0.6444
18877,1.239
18878,0.7804
18879,0.09765
18880,0.4465
18881,1.884
18882,0.2645
18883,1.561
18884,1.434
18885,0.081
18886,0.1398
18887,1.417
18888,0.2769
18889,0.6307
18890,0.1359
18891,0.2915
18892,0.5852
18893,0.6403
18894,0.3853
18895,0.9707
18896,0.8389
18897,0.8764
18898,0.775
18899,0.3293
18900,0.2735
18901,1.199
18902,0.5476
18903,0.3007
18904,0.8213
18905,0.4584
18906,0.2931
18907,0.8695
18908,0.7034
18909,0.3346
18910,0.1229
18911,0.6711
18912,0.9928
18913,0.9374
18914,0.2233
18915,1.285
18916,0.1864
18917,0.5656
18918,0.5331
18919,0.5036
18920,0.0531
18921,0.861
18922,0.2863
18923,0.5501
18924,1.021
18925,0.9217
18926,0.3145
18927,0.1318
18928,0.2653
18929,0.3463
18930,0.7624
18931,0.3013
18932,0.09918
18933,1.602
18934,1.606
18935,0.5027
18936,0.1651
18937,0.167
18938,1.337
18939,0.1516
18940,0.1968
18941,0.4059
18942,1.063
18943,1.032
18944,0.3456
18945,0.2291
18946,0.6093
18947,0.4813
18948,0.5652
18949,0.05084
18950,0.01327
18951,0.1338
18952,1.026
18953,1.392
18954,0.03183
18955,1
18956,0.3016
18957,0.05301
18958,1.324
18959,0.1398
18960,0.4407
18961,0.7236
18962,0.461
18963,1.058
18964,0.4332
18965,0.2237
18966,1.165
18967,0.159
18968,0.8236
18969,0.4414
18970,0.4761
18971,0.2216
18972,0.2745
18973,0.474
18974,0.4167
18975,0.401
18976,0.3989
18977,0.5131
18978,0.3016
18979,0.1751
18980,1.061
18981,1.351
18982,0.7318
18983,0.4343
18984,0.5769
18985,0.6939
18986,0.4708
18987,0.2835
18988,0.419
18989,0.2173
18990,1.722
18991,0.5194
18992,1.173
18993,0.6637
18994,1.725
18995,0.4156
18996,0.3322
18997,0.2023
18998,1.142
18999,0.5183
19000,0.05124
19001,0.1969
19002,0.3159
19003,0.6894
19004,0.6823
19005,0.697
19006,0.3377
19007,0.37
19008,0.7926
19009,1.219
19010,0.4605
19011,0.894
19012,1.159
19013,0.357
19014,1.083
19015,0.2085
19016,0.03598
19017,0.8432
19018,0.5418
19019,1.324
19020,0.6149
19021,0.7978
19022,0.5914
19023,0.1043
19024,0.03388
19025,0.05451
19026,1.172
19027,0.9929
19028,0.6153
19029,1.756
19030,0.05064
19031,0.5519
19032,1.483
19033,0.6292
19034,0.7987
19035,0.09147
19036,0.06511
19037,0.3478
19038,0.1966
19039,1.33
19040,0.9448
19041,1.48
19042,0.06496
19043,0.08419
19044,0.3458
19045,1.422
19046,0.0112
19047,0.9
19048,0.04866
19049,0.5826
19050,0.2603
19051,0.01987
19052,0.1232
19053,0.6128
19054,0.4564
19055,0.2127
19056,0.1854
19057,0.8269
19058,0.5817
19059,0.5194
19060,0.1915
19061,0.5651
19062,0.9278
19063,0.1122
19064,0.3628
19065,0.3338
19066,0.8302
19067,0.4284
19068,0.1277
19069,0.4443
19070,0.7393
19071,0.01034
19072,0.2898
19073,0.1558
19074,0.3723
19075,0.1122
19076,1.171
19077,2.258
19078,0.1127
19079,0.4771
19080,1.005
19081,0.005297
19082,0.4103
19083,0.497
19084,0.2645
19085,0.6437
19086,0.6107
19087,0.9341
19088,0.03036
19089,0.004768
19090,1.122
19091,0.206
19092,0.0661
19093,0.7365
19094,1.161
19095,0.06758
19096,0.1337
19097,0.562
19098,0.4848
19099,1
19100,0.4565
19101,1.079
19102,0.6399
19103,0.5067
19104,1.07
19105,0.6609
19106,0.2637
19107,1.066
19108,0.3274
19109,0.4746
19110,0.5654
19111,0.4083
19112,1.082
19113,1.524
19114,1.088
19115,0.2212
19116,0.4792
19117,1.289
19118,0.3388
19119,0.7836
19120,0.3666
19121,1.261
19122,0.3062
19123,0.6528
19124,1.479
19125,0.6467
19126,0.4708
19127,0.9663
19128,1.943
19129,0.1491
19130,0.08291
19131,0.6532
19132,0.07209
19133,0.5814
19134,0.04656
19135,0.1477
19136,0.3912
19137,0.9717
19138,0.4328
19139,0.8838
19140,0.4355
19141,0.5937
19142,0.4404
19143,0.8694
19144,1.834
19145,2.263
19146,1.194
19147,0.1431
19148,0.4451
19149,0.2364
19150,0.82
19151,0.23
19152,0.4167
19153,1.266
19154,0.7459
19155,1.307
19156,0.302
19157,0.5405
19158,0.251
19159,1.502
19160,0.3489
19161,0.3922
19162,0.1207
19163,0.4682
19164,1.076
19165,0.9587
19166,0.1669
19167,0.113
19168,0.4062
19169,1.377
19170,0.7593
19171,0.7851
19172,0.2202
19173,1.723
19174,0.1311
19175,0.3713
19176,0.6616
19177,1.951
19178,0.6932
19179,0.223
19180,0.344
19181,0.1289
19182,1.044
19183,0.906
19184,1.298
19185,0.5825
19186,1.33
19187,0.1253
19188,0.5553
19189,0.2298
19190,1.044
19191,0.3038
19192,0.7958
19193,1.154
19194,0.7408
19195,0.7531
19196,0.1012
19197,0.8813
19198,0.2159
19199,0.5736
19200,0.746
19201,0.2573
19202,0.6469
19203,0.138
19204,0.4865
19205,0.3661
19206,0.7103
19207,0.1284
19208,0.7811
19209,0.03174
19210,0.2334
19211,0.7774
19212,1.365
19213,0.01816
19214,1.185
19215,1.434
19216,1.463
19217,0.4301
19218,0.2442
19219,1.655
19220,0.142
19221,0.4444
19222,0.3108
19223,0.24
19224,0.1799
19225,1.257
19226,1.73
19227,1.008
19228,1.292
19229,1.551
19230,0.1457
19231,0.3376
19232,1.13
19233,1.371
19234,0.0123
19235,0.6284
19236,1.416
19237,0.5982
19238,0.1553
19239,0.3468
19240,0.1988
19241,0.3583
19242,0.04376
19243,0.3446
19244,0.05282
19245,0.9357
19246,0.2689
19247,0.1031
19248,0.6631
19249,0.5541
19250,0.3463
19251,0.2887
19252,0.8634
19253,0.1862
19254,0.9658
19255,0.9817
19256,1.075
19257,0.8553
19258,0.5685
19259,0.5471
19260,0.02247
19261,0.7306
19262,0.2116
19263,0.4525
19264,0.1583
19265,0.4707
19266,2.076
19267,0.3665
19268,0.4651
19269,1.091
19270,0.4807
19271,0.2216
19272,0.8341
19273,0.6117
19274,0.1397
19275,0.568
19276,0.6181
19277,0.1313
19278,0.91
19279,0.2611
19280,0.005809
19281,0.09031
19282,0.1474
19283,0.7493
19284,0.6404
19285,0.3421
19286,1.026
19287,0.9352
19288,0.5799
19289,0.4791
19290,1.398
19291,0.9209
19292,0.242
19293,1.339
19294,0.7734
19295,0.4769
19296,0.2861
19297,0.4801
19298,0.5415
19299,0.1547
19300,0.1991
19301,0.7214
19302,0.08833
19303,0.4752
19304,0.5253
19305,0.05332
19306,1.331
19307,0.7022
19308,0.753
19309,0.5302
19310,0.767
19311,0.3979
19312,0.1621
19313,1.558
19314,0.3329
19315,0.1854
19316,1.903
19317,0.7375
19318,0.2763
19319,1.241
19320,0.2501
19321,0.4543
19322,1.241
19323,0.09701
19324,1.3
19325,0.2193
19326,2.034
19327,0.8966
19328,0.9141
19329,1.337
19330,1.374
19331,0.3803
19332,0.7444
19333,1.259
19334,0.06226
19335,0.07909
19336,0.8691
19337,0.6409
19338,0.9219
19339,1.12
19340,1.095
19341,1.581
19342,0.6284
19343,0.133
19344,0.4189
19345,1.043
19346,0.08455
19347,1.753
19348,0.4662
19349,0.8847
19350,0.3153
19351,0.7752
19352,0.5736
19353,0.6038
19354,0.2867
19355,0.8626
19356,0.635
19357,0.8159
19358,0.5485
19359,0.09346
19360,0.6526
19361,1.294
19362,1.48
19363,0.3118
19364,0.8598
19365,0.04889
19366,0.327
19367,0.3244
19368,0.3067
19369,2.131
19370,0.665
19371,0.3532
19372,0.2122
19373,0.4362
19374,0.5798
19375,0.864
19376,1.02
19377,0.4856
19378,1.038
19379,0.398
19380,0.8612
19381,0.7328
19382,0.6506
19383,0.6641
19384,0.7301
19385,0.419
19386,0.2779
19387,1.293
19388,0.2997
19389,0.6346
19390,1.29
19391,0.3052
19392,1.966
19393,1.296
19394,0.1304
19395,0.5236
19396,0.2335
19397,0.4505
19398,0.5836
19399,0.3638
19400,0.3817
19401,0.2159
19402,1.161
19403,0.2885
19404,0.4731
19405,1.263
19406,0.00987
19407,0.9031
19408,0.4562
19409,0.1766
19410,0.4535
19411,1.442
19412,1.29
19413,1.304
19414,1.101
19415,0.776
19416,0.01848
19417,0.3727
19418,0.3059
19419,0.2037
19420,0.1307
19421,0.6042
19422,0.244
19423,0.07135
19424,0.01935
19425,0.5536
19426,1.525
19427,0.6476
19428,0.1018
19429,0.04368
19430,0.7185
19431,0.1781
19432,1.012
19433,0.5856
19434,0.4639
19435,0.4203
19436,0.566
19437,0.2472
19438,0.99
19439,0.06929
19440,0.4076
19441,0.4953
19442,0.5214
19443,0.001665
19444,0.08556
19445,0.3132
19446,0.09641
19447,0.7177
19448,0.78
19449,0.06619
19450,0.7175
19451,1.653
19452,0.0969
19453,1.104
19454,1.598
19455,0.5005
19456,0.08041
19457,0.8642
19458,0.6694
19459,0.3707
19460,0.0367
19461,0.3852
19462,0.838
19463,0.2578
19464,0.9777
19465,1.286
19466,0.1894
19467,0.4825
19468,0.2464
19469,0.2659
19470,0.331
19471,0.1349
19472,0.2221
19473,0.1242
19474,0.7207
19475,0.3669
19476,1.037
19477,0.1149
19478,0.1368
19479,0.4418
19480,0.4918
19481,1.248
19482,1.041
19483,2.141
19484,0.07267
19485,0.3037
19486,0.7845
19487,0.8618
19488,0.9297
19489,0.5689
19490,0.121
19491,0.4154
19492,0.1403
19493,0.8703
19494,1.547
19495,0.1437
19496,1.315
19497,0.8456
19498,0.4614
19499,0.4357
19500,0.03282
19501,1.119
19502,0.05643
19503,0.4617
19504,0.4704
19505,1.129
19506,0.5942
19507,0.021
19508,1.287
19509,0.1418
19510,0.5699
19511,1.104
19512,0.1647
19513,0.5751
19514,0.6321
19515,0.05674
19516,0.7037
19517,0.651
19518,0.4853
19519,0.1236
19520,0.508
19521,0.3054
19522,1.566
19523,0.3029
19524,0.04845
19525,0.1968
19526,0.137
19527,0.6515
19528,0.5427
19529,0.2695
19530,0.887
19531,0.5965
19532,1.358
19533,0.07068
19534,0.08161
19535,0.4698
19536,0.5219
19537,0.9717
19538,0.6186
19539,0.4408
19540,0.9183
19541,1.62
19542,0.5096
19543,0.2265
19544,0.1468
19545,0.5413
19546,0.6804
19547,0.5305
19548,0.4149
19549,0.03785
19550,0.1517
19551,0.5041
19552,0.9082
19553,0.2644
19554,2.088
19555,0.9599
19556,1.142
19557,0.389
19558,1.333
19559,0.6152
19560,1.23
19561,0.8355
19562,0.7011
19563,0.4034
19564,0.2731
19565,1.271
19566,0.1282
19567,0.3777
19568,1.865
19569,0.4311
19570,0.7978
19571,0.4356
19572,0.2003
19573,0.3688
19574,0.6042
19575,1.147
19576,1.108
19577,1.37
19578,0.07428
19579,0.6512
19580,0.5086
19581,0.7689
19582,0.5571
19583,1.057
19584,0.9163
19585,0.9086
19586,1.264
19587,0.4171
19588,0.06199
19589,0.696
19590,1.127
19591,0.2655
19592,0.4209
19593,0.1583
19594,0.2154
19595,0.8748
19596,0.4701
19597,0.851
19598,1.336
19599,0.4939
19600,0.2458
19601,0.03255
19602,1.191
19603,0.2666
19604,0.5295
19605,0.5958
19606,0.08906
19607,0.5367
19608,0.3561
19609,0.2745
19610,0.4987
19611,0.8784
19612,1.085
19613,0.5204
19614,1.112
19615,1.533
19616,0.3739
19617,0.1213
19618,0.1439
19619,0.2352
19620,0.4541
19621,1.812
19622,0.3562
19623,0.5493
19624,0.2745
19625,0.9208
19626,1.421
19627,0.6077
19628,0.06738
19629,0.4391
19630,0.007337
19631,0.3911
19632,1.104
19633,0.4058
19634,0.1285
19635,0.458
19636,0.1652
19637,0.1085
19638,0.7038
19639,1.212
19640,0.4576
19641,0.6734
19642,0.196
19643,0.6195
19644,0.6758
19645,1.555
19646,1.992
19647,0.2111
19648,0.4741
19649,0.8834
19650,0.4847
19651,1.018
19652,0.02346
19653,1.52
19654,0.9467
19655,0.7679
19656,0.7355
19657,0.3246
19658,1.246
19659,0.03414
19660,0.4284
19661,1.215
19662,0.2171
19663,0.9066
19664,0.08426
19665,1.796
19666,1.569
19667,0.241
19668,0.7161
19669,0.4382
19670,0.8383
19671,0.1073
19672,0.1591
19673,0.2566
19674,0.6178
19675,1.245
19676,0.8093
19677,1.61
19678,0.1302
19679,1.271
19680,0.08559
19681,0.6775
19682,0.1305
19683,0.436
19684,1.715
19685,0.5463
19686,2.107
19687,0.368
19688,1.507
19689,0.7011
19690,0.9741
19691,0.5695
19692,1.015
19693,0.01082
19694,0.5575
19695,0.5454
19696,0.7652
19697,0.7222
19698,0.09031
19699,0.3758
19700,0.3414
19701,0.5357
19702,0.08691
19703,0.3367
19704,0.2115
19705,1.058
19706,0.3758
19707,0.3142
19708,0.01637
19709,0.4554
19710,0.09341
19711,0.8589
19712,0.6083
19713,0.658
19714,0.7241
19715,0.2735
19716,0.5826
19717,1.442
19718,0.2771
19719,0.415
19720,0.6284
19721,0.3039
19722,0.7717
19723,0.203
19724,0.4124
19725,1.875
19726,0.4573
19727,0.09987
19728,0.1626
19729,0.3861
19730,0.4792
19731,0.6063
19732,0.4181
19733,0.802
19734,0.5009
19735,0.7562
19736,0.5364
19737,0.9205
19738,1.341
19739,0.4462
19740,0.6516
19741,0.5222
19742,0.7273
19743,1.174
19744,0.2801
19745,0.2348
19746,0.06312
19747,0.1221
19748,0.977
19749,0.1038
19750,0.3591
19751,0.9255
19752,1.471
19753,1.903
19754,0.358
19755,1.003
19756,0.5154
19757,0.1278
19758,0.8116
19759,1.097
19760,0.4936
19761,0.6394
19762,1.011
19763,1.079
19764,0.3364
19765,0.1997
19766,1.108
19767,0.3407
19768,1.026
19769,0.475
19770,1.449
19771,1.409
19772,0.00572
19773,0.8871
19774,0.2852
19775,1.642
19776,0.3089
19777,0.3375
19778,0.01387
19779,0.4666
19780,0.792
19781,1.034
19782,0.1175
19783,0.1712
19784,0.2265
19785,1.379
19786,0.6684
19787,0.5398
19788,0.4864
19789,1.613
19790,0.03164
19791,0.7348
19792,0.05108
19793,1.104
19794,0.5183
19795,0.00554
19796,0.6571
19797,0.3658
19798,0.07576
19799,0.1389
19800,0.6922
19801,0.7924
19802,0.09047
19803,1.011
19804,1.058
19805,1.149
19806,0.3976
19807,1.928
19808,0.3415
19809,1.011
19810,0.5797
19811,0.6918
19812,0.3262
19813,0.8109
19814,0.3523
19815,0.5312
19816,0.05639
19817,0.6722
19818,0.3074
19819,0.5427
19820,0.06009
19821,0.1037
19822,0.1365
19823,0.2869
19824,0.06896
19825,0.7834
19826,0.03236
19827,0.1047
19828,0.1917
19829,0.6037
19830,0.6306
19831,0.4758
19832,0.1821
19833,0.2166
19834,0.9264
19835,0.05828
19836,0.821
19837,0.01305
19838,0.07921
19839,1.639
19840,1.535
19841,0.8188
19842,0.3265
19843,1.845
19844,0.7465
19845,1.379
19846,0.5726
19847,0.6871
19848,0.6377
19849,1.097
19850,0.8565
19851,0.601
19852,0.09856
19853,0.2948
19854,0.3143
19855,0.5652
19856,1.087
19857,1.078
19858,0.1034
19859,1.713
19860,0.5004
19861,1.335
19862,0.5919
19863,0.07667
19864,1.069
19865,0.6668
19866,0.9459
19867,1.061
19868,0.1045
19869,0.2756
19870,0.7101
19871,1.58
19872,0.147
19873,1.007
19874,0.3543
19875,0.3945
19876,0.7078
19877,1.774
19878,1.454
19879,0.3001
19880,1.455
19881,0.5627
19882,0.3348
19883,0.6933
19884,0.04529
19885,0.8039
19886,0.3438
19887,0.1533
19888,0.1685
19889,0.2248
19890,1.427
19891,0.6227
19892,1.321
19893,0.0638
19894,0.06445
19895,0.002342
19896,1.859
19897,1.301
19898,0.9635
19899,0.2716
19900,0.04337
19901,0.8397
19902,0.4038
19903,0.0482
19904,0.5915
19905,1.258
19906,0.5976
19907,0.9587
19908,0.01492
19909,0.4598
19910,0.5154
19911,1.202
19912,1.255
19913,1.24
19914,0.5597
19915,0.6832
19916,0.1738
19917,1.181
19918,0.4607
19919,0.7036
19920,1.093
19921,0.6648
19922,0.5047
19923,0.4698
19924,0.09231
19925,0.8255
19926,0.9532
19927,0.38
19928,0.09305
19929,0.6755
19930,0.5582
19931,0.2398
19932,1.394
19933,0.514
19934,0.2408
19935,0.3731
19936,0.05992
19937,1.335
19938,1.188
19939,1.371
19940,0.1119
19941,0.6568
19942,1.341
19943,0.407
19944,0.3564
19945,0.02643
19946,1.881
19947,0.04967
19948,0.2376
19949,0.2964
19950,0.3669
19951,0.1919
19952,1.091
19953,1.201
19954,0.02578
19955,0.9966
19956,0.4719
19957,1.893
19958,1.368
19959,0.2105
19960,0.04319
19961,0.5285
19962,0.7691
19963,0.372
19964,0.001051
19965,1.132
19966,0.4788
19967,0.4463
19968,0.07866
19969,0.2608
19970,0.1748
19971,0.6169
19972,0.5705
19973,1.088
19974,0.5465
19975,0.6628
19976,0.06845
19977,1.706
19978,1.286
19979,0.5007
19980,0.6803
19981,0.3455
19982,0.5877
19983,0.3554
19984,0.1817
19985,1.029
19986,0.6088
19987,0.6973
19988,0.7161
19989,0.0143
19990,0.4119
19991,0.5138
19992,0.0115
19993,1.045
19994,0.3431
19995,0.9119
19996,1.508
19997,0.6483
19998,0.008881
19999,0.3818
20000,0.6335
