t,e^(-dS)
1,3670.19
2,0.526818
3,1.52959
4,2.43051
5,0.57597
6,0.26054
7,4.97786
8,0.406488
9,0.072295
10,0.570866
11,1.039
12,0.48384
13,0.909009
14,0.22313
15,0.847978
16,0.445214
17,2.75661
18,0.559898
19,0.481235
20,1.36629
21,0.670722
22,0.366045
23,0.58339
24,0.392507
25,1.99033
26,0.16154
27,0.227183
28,0.846707
29,0.286218
30,0.565921
31,0.242926
32,0.132523
33,0.523824
34,0.21481
35,0.235746
36,0.134257
37,0.304221
38,2.05279
39,0.228093
40,0.145876
41,0.352044
42,0.397405
43,0.376665
44,0.132258
45,0.960991
46,0.883822
47,0.822752
48,1.302
49,1.19662
50,0.560178
51,0.400116
52,0.377155
53,0.197503
54,1.42618
55,0.231309
56,0.363855
57,0.884617
58,0.335209
59,2.30297
60,0.45685
61,0.199289
62,0.287653
63,1.54868
64,0.559507
65,1.68287
66,2.03379
67,1.1814
68,0.44888
69,0.682905
70,1.81339
71,0.36204
72,1.16149
73,1.83804
74,0.720435
75,1.73638
76,0.0921811
77,0.837361
78,0.360595
79,0.720579
80,0.290544
81,0.499274
82,1.17963
83,0.509768
84,0.325954
85,0.732274
86,0.586314
87,0.346456
88,1.26188
89,0.657638
90,0.983242
91,0.186934
92,0.902217
93,0.650314
94,0.384274
95,1.16754
96,2.10539
97,0.629707
98,2.12379
99,0.854191
100,0.439815
101,0.988596
102,0.629896
103,0.362765
104,0.628324
105,1.61446
106,0.556716
107,0.194952
108,0.400196
109,0.838618
110,1.10493
111,0.456348
112,0.435439
113,0.272532
114,0.461996
115,0.283654
116,1.52044
117,0.184151
118,0.359874
119,3.94323
120,0.93747
121,0.794613
122,1.90408
123,1.29317
124,0.244388
125,0.696979
126,0.963358
127,0.715767
128,0.802679
129,0.169483
130,0.426902
131,0.337227
132,0.274172
133,0.3138
134,0.850441
135,0.620394
136,0.289964
137,0.712411
138,0.11475
139,0.505655
140,0.342666
141,0.681813
142,0.349239
143,0.612626
144,0.585904
145,0.411026
146,0.261061
147,3.56798
148,0.443304
149,1.19208
150,1.51589
151,0.464404
152,0.352044
153,0.934475
154,1.16463
155,0.957107
156,1.05087
157,3.03436
158,0.996261
159,1.70881
160,0.19398
161,0.396531
162,0.442816
163,1.27775
164,0.483067
165,0.705958
166,0.263421
167,0.267938
168,1.01166
169,1.63673
170,1.17
171,2.57848
172,1.27379
173,0.32726
174,0.56417
175,0.110471
176,0.113722
177,0.685231
178,0.479649
179,0.367144
180,1.59106
181,1.6886
182,0.39828
183,1.22924
184,0.283371
185,0.403976
186,2.33171
187,3.69877
188,1.12987
189,0.552004
190,0.936468
191,0.703632
192,0.275546
193,2.39169
194,2.2812
195,0.673882
196,0.727457
197,1.79087
198,1.93189
199,0.482825
200,0.946154
201,0.195538
202,1.0197
203,0.614037
204,0.311923
205,1.61317
206,0.44233
207,0.382855
208,0.389341
209,0.507834
210,0.713623
211,7.11354
212,0.306052
213,0.539723
214,0.253093
215,0.468228
216,1.84578
217,0.305441
218,2.92706
219,1.00491
220,0.739042
221,0.425071
222,0.48841
223,1.98496
224,0.1764
225,0.300893
226,0.617177
227,0.695169
228,2.21289
229,3.76972
230,1.35202
231,1.08803
232,0.602782
233,0.579726
234,1.81285
235,0.368727
236,0.673074
237,0.251076
238,0.434569
239,5.09877
240,0.484179
241,1.03227
242,0.627507
243,1.61123
244,1.20406
245,0.565978
246,2.01234
247,0.885857
248,0.574245
249,0.585786
250,1.58502
251,0.751187
252,1.08027
253,1.09937
254,0.833518
255,1.81702
256,0.945274
257,1.6451
258,0.276374
259,0.702577
260,0.32271
261,0.363491
262,0.477591
263,0.693087
264,0.481139
265,4.03497
266,0.152896
267,1.37988
268,1.48201
269,0.956801
270,0.807429
271,0.692256
272,0.260279
273,0.509513
274,0.926288
275,1.24085
276,0.850867
277,0.73308
278,1.17187
279,0.445348
280,1.05181
281,1.75295
282,1.24172
283,0.529406
284,0.106885
285,2.4801
286,0.918512
287,0.110251
288,2.45616
289,0.189949
290,0.26982
291,0.589783
292,3.20592
293,1.99871
294,0.409057
295,0.54602
296,1.16964
297,0.558165
298,3.3168
299,0.605924
300,1.01882
301,0.674691
302,1.22104
303,1.98298
304,0.814403
305,0.159773
306,0.899515
307,0.439947
308,1.2274
309,1.06684
310,0.271173
311,0.957605
312,1.13258
313,1.85911
314,0.583565
315,1.50591
316,0.321422
317,0.395739
318,0.604049
319,1.00473
320,2.49927
321,0.454617
322,1.19053
323,0.379766
324,1.44224
325,1.45586
326,0.354871
327,0.626128
328,0.43863
329,0.417822
330,0.495643
331,1.02758
332,1.33656
333,1.37589
334,1.03408
335,0.522829
336,0.492481
337,1.08622
338,0.435962
339,0.670119
340,0.61416
341,0.384389
342,0.269012
343,1.68573
344,1.05353
345,0.369834
346,1.99312
347,0.724481
348,1.00704
349,1.47241
350,0.34611
351,0.595949
352,0.536709
353,1.96482
354,0.313173
355,0.303613
356,0.586138
357,1.40453
358,1.15974
359,0.871622
360,1.06803
361,0.426049
362,0.800915
363,0.529882
364,0.389458
365,0.714552
366,0.226729
367,0.72957
368,0.302704
369,1.93828
370,0.986729
371,0.832352
372,0.995693
373,1.05608
374,1.33109
375,0.432661
376,0.197503
377,1.27341
378,1.73672
379,1.16335
380,0.582865
381,0.112141
382,1.38652
383,0.541128
384,0.606895
385,1.6056
386,0.834018
387,0.768896
388,0.847978
389,1.68321
390,0.729205
391,1.35486
392,1.26934
393,0.309128
394,1.56018
395,0.352748
396,2.56382
397,4.16202
398,0.182684
399,0.233167
400,0.297899
401,0.668446
402,0.893687
403,0.754953
404,0.241714
405,2.30412
406,1.09893
407,0.167797
408,1.70148
409,0.427116
410,1.60769
411,6.25887
412,0.156297
413,1.01603
414,0.287366
415,0.325628
416,0.190901
417,1.13894
418,0.782626
419,0.317906
420,1.35568
421,1.84264
422,2.77319
423,2.31035
424,0.521472
425,0.402363
426,0.397962
427,0.761017
428,1.70591
429,0.334205
430,0.687633
431,1.58043
432,0.160896
433,0.888252
434,0.366777
435,0.247091
436,3.09875
437,0.35665
438,1.31772
439,0.876429
440,0.534352
441,0.291709
442,0.310677
443,1.04354
444,1.73516
445,0.494257
446,0.478835
447,2.70797
448,1.05506
449,0.986038
450,0.981081
451,0.727021
452,0.617424
453,0.695934
454,1.2715
455,0.604593
456,0.41553
457,1.2752
458,1.71481
459,0.563606
460,0.646294
461,1.72685
462,1.19506
463,0.812938
464,0.229237
465,0.984108
466,0.782939
467,0.446329
468,1.30604
469,0.664314
470,1.26529
471,0.445125
472,1.50576
473,0.695447
474,5.20698
475,1.23368
476,0.815218
477,0.812045
478,0.735945
479,1.12558
480,0.639672
481,0.731689
482,0.710206
483,0.671796
484,1.32618
485,0.776313
486,0.641786
487,0.205358
488,0.535743
489,1.49004
490,1.93363
491,1.35663
492,0.700893
493,0.959311
494,0.475399
495,0.574359
496,1.04886
497,2.29378
498,1.58439
499,0.244877
500,0.534833
501,0.762235
502,0.692394
503,1.16463
504,0.407832
505,1.3652
506,0.659812
507,0.25487
508,0.837528
509,1.12761
510,1.45703
511,0.899695
512,1.45092
513,2.41742
514,1.62174
515,0.537031
516,0.453709
517,0.420715
518,0.278315
519,0.678548
520,0.407954
521,1.32075
522,0.68674
523,0.532379
524,0.58784
525,1.29149
526,0.646424
527,0.602782
528,0.444992
529,0.391175
530,0.430116
531,1.39264
532,0.81424
533,1.31521
534,0.457353
535,0.428099
536,0.601999
537,0.84299
538,0.701454
539,0.723033
540,0.685368
541,0.151677
542,1.40537
543,1.79051
544,0.728185
545,0.687427
546,0.22091
547,1.66879
548,0.847809
549,0.950754
550,0.324977
551,0.318224
552,0.920775
553,2.6117
554,0.123564
555,1.86042
556,0.453573
557,0.592206
558,1.02509
559,2.33895
560,1.11695
561,0.7226
562,0.596784
563,1.75348
564,0.871796
565,2.33778
566,1.03857
567,1.75155
568,0.323033
569,0.806945
570,0.624065
571,0.867882
572,0.528242
573,0.611953
574,1.05082
575,3.22844
576,0.48544
577,0.548867
578,1.25383
579,1.63166
580,0.599476
581,1.63509
582,0.929378
583,0.727676
584,0.114292
585,1.33322
586,1.49571
587,1.26428
588,0.479745
589,2.90374
590,1.18495
591,0.376514
592,1.13769
593,1.57838
594,0.909719
595,0.773523
596,0.293171
597,0.938174
598,0.441225
599,7.98049
600,0.309747
601,0.867448
602,0.681404
603,2.19636
604,0.871012
605,1.67883
606,1.06786
607,2.26936
608,1.3719
609,1.19184
610,0.914288
611,0.328572
612,0.934092
613,1.34031
614,0.862604
615,0.975739
616,0.435831
617,0.687289
618,0.464172
619,0.373066
620,0.865022
621,1.09437
622,0.675366
623,0.653574
624,0.436704
625,0.855987
626,0.253093
627,0.495494
628,2.41018
629,0.317271
630,0.468462
631,0.960328
632,1.23257
633,0.595413
634,1.31403
635,2.63031
636,0.379083
637,4.03901
638,0.632042
639,0.179425
640,1.32366
641,0.375874
642,0.466032
643,1.88419
644,1.02474
645,1.13576
646,0.694197
647,0.904385
648,1.91688
649,0.326933
650,0.414866
651,0.169653
652,0.350638
653,0.390003
654,1.54883
655,0.491693
656,0.18656
657,0.985112
658,0.138623
659,4.72563
660,0.754274
661,1.402
662,2.02385
663,0.574877
664,0.507327
665,0.685573
666,0.7172
667,1.18376
668,0.673882
669,0.755859
670,0.44517
671,0.934999
672,1.2507
673,0.17693
674,2.0192
675,5.55112
676,0.209926
677,2.00933
678,1.51422
679,0.806138
680,2.08111
681,0.949386
682,3.12677
683,1.71446
684,0.505554
685,1.35663
686,1.1535
687,1.59026
688,1.058
689,2.81511
690,1.10738
691,0.622196
692,0.685368
693,0.924484
694,0.674961
695,1.7409
696,0.969553
697,1.41468
698,0.608596
699,0.286505
700,0.899515
701,0.484228
702,0.232236
703,0.347844
704,1.25295
705,0.419748
706,1.60528
707,2.74286
708,0.889496
709,0.553441
710,1.49018
711,0.278315
712,0.859676
713,0.699073
714,0.298496
715,1.07982
716,0.496685
717,0.612933
718,0.536333
719,1.44904
720,1.37218
721,1.39166
722,0.793025
723,0.482922
724,0.788597
725,3.38719
726,1.32684
727,0.431926
728,0.608962
729,0.416279
730,2.53628
731,1.19089
732,0.257175
733,0.46552
734,0.669985
735,0.884883
736,0.211824
737,1.0622
738,0.589017
739,2.69797
740,0.500724
741,0.364583
742,1.0618
743,0.433658
744,1.1916
745,1.17468
746,0.981503
747,0.469447
748,0.563888
749,0.408771
750,0.906848
751,0.244632
752,0.59458
753,0.303917
754,0.746918
755,0.604956
756,2.4361
757,0.208253
758,2.12145
759,0.710846
760,1.09058
761,0.853423
762,3.09875
763,0.225824
764,0.601698
765,0.926001
766,0.997373
767,0.409999
768,0.859934
769,0.945984
770,0.513195
771,0.647265
772,0.967935
773,1.93847
774,1.53926
775,0.542808
776,0.239788
777,0.194758
778,0.536065
779,1.4727
780,0.26767
781,0.554715
782,2.57101
783,3.87676
784,1.71309
785,0.296117
786,0.350638
787,0.670588
788,0.761245
789,0.709354
790,0.426774
791,1.20611
792,0.470387
793,0.376025
794,0.281675
795,0.215887
796,1.11516
797,1.55582
798,1.95815
799,0.349588
800,0.50936
801,0.522725
802,1.70864
803,2.31868
804,0.668847
805,0.597142
806,0.64423
807,1.56408
808,0.413044
809,0.652007
810,0.611769
811,0.689285
812,0.912726
813,0.345418
814,0.618722
815,0.809369
816,0.235746
817,1.81866
818,2.83205
819,0.268474
820,0.722816
821,0.76529
822,0.690389
823,0.948133
824,0.272259
825,0.80276
826,1.21022
827,2.87485
828,0.658691
829,0.407384
830,3.23814
831,0.24244
832,0.581409
833,1.33389
834,0.572639
835,0.142274
836,0.562311
837,0.379197
838,0.265803
839,0.736166
840,0.747815
841,4.95799
842,1.0689
843,0.243412
844,0.585142
845,2.00531
846,0.788834
847,0.654882
848,0.63948
849,0.285361
850,0.702718
851,0.257432
852,0.553829
853,0.688596
854,1.32803
855,0.589547
856,0.153662
857,0.77639
858,0.518715
859,1.89231
860,0.865628
861,0.773368
862,0.984157
863,1.99791
864,0.737271
865,0.639928
866,0.63833
867,0.338578
868,0.112141
869,1.0078
870,2.52162
871,0.50819
872,0.205153
873,2.33754
874,0.476875
875,6.10434
876,3.50784
877,0.820206
878,0.389886
879,0.96101
880,1.88929
881,0.262895
882,0.386586
883,0.938474
884,0.334874
885,1.22802
886,0.598936
887,1.68337
888,0.489192
889,1.14878
890,0.928969
891,1.40692
892,0.549965
893,1.33016
894,1.88948
895,0.339596
896,0.517679
897,0.833935
898,1.25445
899,2.14749
900,1.47359
901,0.918384
902,2.38405
903,0.685368
904,0.677395
905,0.129639
906,0.665178
907,0.261584
908,2.45788
909,1.40004
910,1.12919
911,0.751112
912,0.476208
913,2.86337
914,1.51437
915,3.24138
916,0.416404
917,0.373141
918,0.544439
919,0.433224
920,1.13258
921,1.07534
922,3.60384
923,0.360235
924,0.356294
925,0.641017
926,0.534726
927,0.842148
928,1.21701
929,1.63984
930,0.294346
931,0.574187
932,1.79356
933,0.842569
934,0.441622
935,1.50938
936,1.01852
937,1.37149
938,0.955672
939,4.3189
940,0.827455
941,1.70762
942,0.38767
943,0.573957
944,0.532326
945,0.972311
946,0.699003
947,0.79716
948,0.261061
949,1.03139
950,0.824894
951,0.526239
952,1.94061
953,2.80387
954,0.247338
955,0.255125
956,0.300893
957,0.746545
958,0.767436
959,1.06938
960,2.99816
961,1.1394
962,1.57822
963,0.576892
964,0.366777
965,1.01675
966,0.616806
967,3.76972
968,0.686946
969,1.38652
970,2.59115
971,2.6164
972,0.446418
973,1.93712
974,1.95424
975,3.81141
976,0.111025
977,2.42226
978,0.547004
979,0.236218
980,1.03933
981,0.461996
982,0.419161
983,0.563324
984,1.03674
985,0.819632
986,2.03379
987,1.6974
988,0.405433
989,0.409303
990,0.330549
991,0.970339
992,0.623754
993,0.884617
994,0.158183
995,0.385043
996,0.890297
997,1.86843
998,0.725423
999,1.00579
1000,1.13134
1001,1.7533
1002,0.251579
1003,0.593748
1004,0.758358
1005,0.135335
1006,0.224698
1007,0.586607
1008,1.92168
1009,0.731104
1010,0.332538
1011,0.391762
1012,2.15373
1013,1.03254
1014,1.19494
1015,0.338578
1016,0.176048
1017,0.677057
1018,0.227638
1019,1.27188
1020,1.94158
1021,0.787809
1022,1.42234
1023,0.140999
1024,1.24682
1025,1.71121
1026,0.768358
1027,0.523457
1028,0.299093
1029,0.706311
1030,2.73464
1031,1.10367
1032,1.5882
1033,1.3279
1034,0.993225
1035,1.6143
1036,2.20053
1037,2.54696
1038,2.43562
1039,1.81394
1040,0.598936
1041,2.28622
1042,0.101469
1043,1.21921
1044,0.203722
1045,0.277759
1046,0.628072
1047,1.01278
1048,0.282804
1049,0.360595
1050,1.4875
1051,0.350288
1052,0.483792
1053,1.26188
1054,0.886211
1055,0.628261
1056,0.36799
1057,1.77589
1058,0.527029
1059,1.19256
1060,0.310677
1061,0.357007
1062,0.206801
1063,0.179425
1064,1.02595
1065,0.772055
1066,0.325628
1067,0.39669
1068,0.375236
1069,0.665045
1070,1.48825
1071,0.763532
1072,0.941906
1073,0.480321
1074,0.515767
1075,2.60726
1076,2.34973
1077,0.932301
1078,1.32817
1079,1.03616
1080,1.40242
1081,0.933261
1082,0.091905
1083,0.640632
1084,0.685025
1085,0.413127
1086,1.35405
1087,3.35684
1088,0.167127
1089,1.13156
1090,0.544929
1091,0.768434
1092,0.363491
1093,0.585552
1094,0.428699
1095,1.39878
1096,0.694197
1097,1.52898
1098,0.572124
1099,0.103312
1100,1.20611
1101,0.971212
1102,1.0442
1103,1.20466
1104,1.65202
1105,0.668379
1106,1.09236
1107,0.25924
1108,0.974277
1109,0.369022
1110,0.365313
1111,0.988141
1112,0.514428
1113,0.256148
1114,0.615513
1115,0.901315
1116,1.28274
1117,0.367953
1118,0.589017
1119,3.07406
1120,0.78036
1121,1.36875
1122,0.643135
1123,0.532911
1124,0.68011
1125,0.312235
1126,0.240749
1127,0.974491
1128,1.35934
1129,1.966
1130,0.851462
1131,0.904566
1132,0.573212
1133,0.202099
1134,0.159454
1135,1.24658
1136,1.00129
1137,0.367144
1138,1.15281
1139,0.436835
1140,0.361678
1141,2.43318
1142,0.958707
1143,2.20825
1144,1.02288
1145,1.06407
1146,0.445749
1147,0.246844
1148,1.03755
1149,0.834769
1150,0.790097
1151,0.982308
1152,1.6723
1153,0.532752
1154,0.261061
1155,0.920701
1156,0.428742
1157,2.42759
1158,1.9165
1159,1.84559
1160,1.29654
1161,1.32115
1162,0.781531
1163,0.434309
1164,0.539777
1165,0.808965
1166,0.744904
1167,0.455254
1168,2.24791
1169,0.359155
1170,0.987104
1171,0.314743
1172,0.374187
1173,1.15824
1174,0.422528
1175,0.369797
1176,1.12423
1177,1.71018
1178,1.57208
1179,0.72753
1180,2.69043
1181,1.21847
1182,0.418365
1183,1.43218
1184,0.835187
1185,0.469682
1186,0.494553
1187,0.597023
1188,0.821437
1189,1.85262
1190,1.35148
1191,0.753218
1192,1.05634
1193,0.149419
1194,0.602902
1195,1.14294
1196,0.188059
1197,0.492776
1198,1.12221
1199,0.460704
1200,0.39673
1201,1.80634
1202,1.65898
1203,0.993012
1204,0.372842
1205,0.435526
1206,0.922553
1207,1.02174
1208,1.6219
1209,0.536279
1210,0.646941
1211,0.32923
1212,0.500624
1213,1.18708
1214,1.45849
1215,0.730592
1216,0.357007
1217,1.47108
1218,0.499324
1219,0.640696
1220,2.35255
1221,0.313486
1222,0.266069
1223,0.629267
1224,0.645778
1225,1.46331
1226,1.34649
1227,2.03196
1228,0.659746
1229,1.06904
1230,1.74403
1231,0.5498
1232,0.409426
1233,0.331874
1234,4.05115
1235,1.03812
1236,0.152133
1237,1.02576
1238,0.577758
1239,0.61965
1240,0.213739
1241,0.27999
1242,0.538537
1243,0.299093
1244,0.879414
1245,0.959033
1246,1.66746
1247,0.696213
1248,0.229925
1249,2.61483
1250,4.40614
1251,0.569498
1252,2.34503
1253,6.25262
1254,0.579958
1255,1.1336
1256,4.73035
1257,0.0995595
1258,0.375461
1259,1.31983
1260,0.955176
1261,1.4473
1262,1.90465
1263,0.570866
1264,0.3138
1265,1.06252
1266,0.475923
1267,0.277204
1268,0.42
1269,2.50302
1270,0.689975
1271,0.660604
1272,1.13485
1273,1.59281
1274,1.33069
1275,1.97625
1276,0.896461
1277,0.80856
1278,2.06597
1279,0.755179
1280,1.08677
1281,0.655865
1282,2.32217
1283,0.568076
1284,1.52516
1285,0.983655
1286,0.585552
1287,1.05618
1288,0.272259
1289,0.437972
1290,1.17422
1291,2.11256
1292,1.57271
1293,0.589842
1294,0.744829
1295,1.4041
1296,0.399277
1297,1.05617
1298,1.65153
1299,0.751112
1300,2.03379
1301,1.01736
1302,1.24732
1303,0.680383
1304,0.487093
1305,1.80453
1306,1.20466
1307,1.12975
1308,0.705534
1309,0.514376
1310,0.535904
1311,0.24244
1312,0.610364
1313,0.718996
1314,0.306358
1315,0.268206
1316,0.7736
1317,0.422148
1318,0.619217
1319,1.75541
1320,0.672603
1321,0.847724
1322,0.26982
1323,1.74875
1324,0.63948
1325,1.35229
1326,0.883645
1327,0.41226
1328,1.04947
1329,1.13122
1330,0.623255
1331,2.01698
1332,0.327588
1333,4.75882
1334,1.60368
1335,1.13587
1336,1.43706
1337,0.828201
1338,4.08777
1339,0.944811
1340,1.22888
1341,2.70283
1342,0.19052
1343,0.816115
1344,1.31128
1345,0.931965
1346,1.09887
1347,0.986818
1348,0.661596
1349,0.628512
1350,0.338917
1351,0.492579
1352,0.906159
1353,0.622632
1354,1.64099
1355,0.994708
1356,0.412054
1357,0.497878
1358,1.22043
1359,1.52577
1360,0.194952
1361,0.90491
1362,0.397922
1363,0.696979
1364,0.468415
1365,0.461903
1366,0.33689
1367,0.606167
1368,1.85354
1369,1.10838
1370,0.266868
1371,0.569043
1372,0.626254
1373,0.362765
1374,0.630653
1375,1.18827
1376,1.26858
1377,0.571038
1378,0.479889
1379,1.84062
1380,0.427629
1381,1.45834
1382,0.65116
1383,0.6722
1384,1.02018
1385,0.640184
1386,1.03367
1387,0.250324
1388,0.653901
1389,4.73509
1390,0.498875
1391,0.597082
1392,0.409508
1393,0.461211
1394,1.20129
1395,0.355938
1396,0.89476
1397,0.598876
1398,1.53097
1399,0.808641
1400,0.770127
1401,0.889674
1402,1.07044
1403,0.873366
1404,0.160093
1405,0.839625
1406,0.459691
1407,2.07736
1408,0.792074
1409,0.202301
1410,1.27839
1411,0.679906
1412,0.448162
1413,0.957931
1414,0.40172
1415,1.19208
1416,1.20202
1417,0.218057
1418,0.236691
1419,1.38002
1420,0.724988
1421,0.543514
1422,0.471847
1423,1.79087
1424,0.814322
1425,0.794772
1426,0.508444
1427,0.857701
1428,0.669449
1429,0.820616
1430,1.16696
1431,1.98357
1432,0.69684
1433,1.1275
1434,1.22336
1435,0.285647
1436,0.410984
1437,0.355226
1438,0.369391
1439,0.452893
1440,0.649404
1441,1.15304
1442,0.886034
1443,0.888785
1444,0.208462
1445,1.47905
1446,0.51089
1447,0.48384
1448,1.96895
1449,1.70148
1450,1.38334
1451,0.480994
1452,0.509717
1453,0.458544
1454,0.484906
1455,1.1266
1456,0.564621
1457,0.995462
1458,0.171016
1459,0.837696
1460,1.71292
1461,0.493565
1462,1.22079
1463,0.786549
1464,0.332871
1465,0.793263
1466,0.540371
1467,2.10097
1468,0.643457
1469,2.17168
1470,1.36125
1471,2.09217
1472,0.357364
1473,1.54049
1474,0.324652
1475,1.7107
1476,0.712126
1477,2.31753
1478,5.83573
1479,1.89857
1480,0.396333
1481,1.04213
1482,0.888252
1483,1.18317
1484,1.51377
1485,1.20635
1486,0.530572
1487,1.79805
1488,2.93292
1489,1.16929
1490,0.965673
1491,1.76368
1492,0.365313
1493,0.890564
1494,0.838199
1495,0.456348
1496,0.457719
1497,1.34972
1498,0.832352
1499,0.652659
1500,0.270901
1501,1.56408
1502,0.6423
1503,0.53644
1504,0.850101
1505,1.04997
1506,0.486266
1507,0.139317
1508,1.20502
1509,0.344728
1510,2.85765
1511,0.38209
1512,0.448028
1513,0.287653
1514,1.51029
1515,1.55675
1516,0.337227
1517,0.505301
1518,0.104559
1519,1.15731
1520,1.24147
1521,0.722961
1522,0.20089
1523,2.79547
1524,2.24499
1525,0.315373
1526,1.21119
1527,0.416695
1528,0.987242
1529,0.543351
1530,0.5869
1531,1.03102
1532,1.13281
1533,0.973507
1534,0.526976
1535,0.570467
1536,1.31429
1537,2.62085
1538,0.897628
1539,0.597262
1540,0.249075
1541,0.546621
1542,0.793978
1543,0.481572
1544,2.92999
1545,0.553164
1546,2.30943
1547,2.29998
1548,0.563099
1549,1.06639
1550,0.474734
1551,2.47342
1552,1.01897
1553,0.588252
1554,1.40439
1555,0.638266
1556,0.451356
1557,1.02156
1558,1.08474
1559,1.66929
1560,1.35297
1561,0.780282
1562,0.421599
1563,1.56346
1564,0.188435
1565,1.12705
1566,1.94022
1567,0.377834
1568,1.39598
1569,0.943801
1570,0.751638
1571,0.842822
1572,0.64012
1573,3.43838
1574,0.603385
1575,0.528242
1576,0.919762
1577,1.49586
1578,2.02021
1579,0.843074
1580,0.880205
1581,0.533872
1582,0.395818
1583,0.770589
1584,0.772441
1585,0.345073
1586,0.788282
1587,1.75646
1588,0.552446
1589,1.65898
1590,0.360235
1591,0.550295
1592,1.66196
1593,1.33482
1594,3.3168
1595,0.619526
1596,0.761245
1597,1.25759
1598,1.13883
1599,0.528507
1600,0.635972
1601,1.02508
1602,1.8467
1603,1.21677
1604,0.70978
1605,0.502781
1606,1.51225
1607,0.506364
1608,1.72495
1609,0.434395
1610,0.410245
1611,1.0777
1612,0.65377
1613,0.399557
1614,1.27788
1615,0.903301
1616,1.01199
1617,0.738304
1618,1.21787
1619,0.933747
1620,0.192627
1621,1.07456
1622,0.598577
1623,0.489486
1624,0.709709
1625,0.224922
1626,1.64263
1627,0.456439
1628,0.392704
1629,1.29007
1630,1.5371
1631,0.925455
1632,0.253093
1633,0.250825
1634,0.967771
1635,0.283654
1636,1.20057
1637,0.704688
1638,0.513451
1639,1.27087
1640,0.596784
1641,0.78435
1642,1.04466
1643,0.444591
1644,2.45911
1645,1.57051
1646,0.625377
1647,0.466079
1648,1.79015
1649,0.867188
1650,0.661993
1651,0.770281
1652,0.839793
1653,1.09295
1654,1.05161
1655,1.27023
1656,1.84504
1657,2.19328
1658,0.271715
1659,0.586197
1660,0.339256
1661,0.969505
1662,1.33136
1663,2.35232
1664,1.88664
1665,2.27164
1666,0.147637
1667,1.78836
1668,0.481331
1669,0.629078
1670,0.622694
1671,0.673276
1672,0.343009
1673,1.06474
1674,1.35608
1675,0.774762
1676,0.404744
1677,0.76399
1678,0.276374
1679,0.814403
1680,1.09479
1681,0.289674
1682,2.47688
1683,0.677057
1684,0.428057
1685,0.353455
1686,4.01084
1687,1.14077
1688,0.830191
1689,1.20009
1690,2.07882
1691,1.82048
1692,0.123687
1693,1.19351
1694,0.195343
1695,0.476971
1696,0.699772
1697,1.14821
1698,1.26769
1699,0.496784
1700,1.1768
1701,0.580886
1702,0.202503
1703,0.677666
1704,1.48989
1705,0.137243
1706,0.977438
1707,3.68769
1708,0.630274
1709,0.809531
1710,1.85484
1711,0.395225
1712,0.313173
1713,0.629015
1714,1.9037
1715,0.824152
1716,0.318542
1717,0.29523
1718,0.795806
1719,1.03971
1720,0.787572
1721,0.773678
1722,0.97739
1723,1.26276
1724,0.7303
1725,0.866234
1726,5.60131
1727,1.25609
1728,1.53081
1729,0.873978
1730,0.915468
1731,0.317271
1732,1.43606
1733,1.79356
1734,0.375236
1735,0.978739
1736,0.663783
1737,0.728039
1738,0.499324
1739,1.17281
1740,1.88401
1741,1.54775
1742,0.798676
1743,1.66097
1744,1.7095
1745,0.723901
1746,1.82431
1747,0.863294
1748,1.24247
1749,1.16253
1750,0.542808
1751,0.486558
1752,0.084163
1753,0.196322
1754,0.590137
1755,2.48507
1756,1.00445
1757,0.73646
1758,1.15177
1759,0.643779
1760,0.328901
1761,0.686946
1762,0.427116
1763,0.35134
1764,0.274996
1765,0.781922
1766,0.352396
1767,0.313486
1768,1.27011
1769,0.593392
1770,0.862431
1771,1.29434
1772,1.83767
1773,0.734548
1774,5.30686
1775,0.713195
1776,1.79033
1777,0.561468
1778,0.807591
1779,0.840549
1780,0.841306
1781,1.42746
1782,1.18317
1783,1.23664
1784,1.16335
1785,1.15131
1786,0.225598
1787,0.21481
1788,1.39752
1789,0.699633
1790,2.28668
1791,0.224249
1792,0.819632
1793,0.546949
1794,0.265537
1795,1.08667
1796,0.462504
1797,0.503687
1798,0.755028
1799,1.15731
1800,1.13417
1801,1.9476
1802,0.932403
1803,0.4718
1804,0.179964
1805,0.575682
1806,2.11108
1807,0.363128
1808,1.73256
1809,0.339596
1810,2.46379
1811,0.209088
1812,0.189569
1813,0.837947
1814,0.770666
1815,0.237165
1816,0.400998
1817,0.353455
1818,1.03679
1819,0.225147
1820,0.967268
1821,0.52545
1822,0.388874
1823,0.722816
1824,0.569612
1825,0.243412
1826,0.528348
1827,0.247091
1828,0.815625
1829,0.591851
1830,1.02586
1831,0.864331
1832,1.06704
1833,0.458498
1834,2.24993
1835,1.21689
1836,2.01738
1837,0.949424
1838,0.292585
1839,0.69684
1840,2.27254
1841,1.11762
1842,3.12677
1843,0.755633
1844,0.710206
1845,0.483115
1846,0.380336
1847,1.32936
1848,0.588311
1849,0.517938
1850,0.384159
1851,1.13009
1852,1.12322
1853,0.779736
1854,0.73993
1855,0.283938
1856,0.714266
1857,1.49242
1858,0.98168
1859,0.604714
1860,1.95717
1861,0.317906
1862,1.9377
1863,0.754651
1864,1.73187
1865,0.524663
1866,0.208879
1867,0.649664
1868,0.697118
1869,0.188624
1870,0.742673
1871,0.458085
1872,0.626755
1873,1.20478
1874,0.555826
1875,0.560795
1876,1.44196
1877,1.02256
1878,2.16539
1879,0.32078
1880,0.447893
1881,0.694822
1882,4.4238
1883,1.01591
1884,1.12401
1885,1.12682
1886,0.202099
1887,0.597799
1888,3.74717
1889,0.655931
1890,1.60047
1891,1.81376
1892,2.56075
1893,0.225147
1894,0.32726
1895,0.922083
1896,1.00755
1897,0.34611
1898,1.3763
1899,3.10806
1900,3.68032
1901,0.778411
1902,0.772441
1903,1.01204
1904,1.48959
1905,0.326933
1906,0.594937
1907,0.853764
1908,1.80056
1909,0.8462
1910,0.696352
1911,0.507377
1912,0.45612
1913,0.890742
1914,0.334205
1915,1.66712
1916,0.496883
1917,1.68674
1918,1.36206
1919,3.20913
1920,0.998767
1921,1.21884
1922,0.925862
1923,0.257689
1924,2.50929
1925,0.225824
1926,2.31012
1927,1.32657
1928,1.73568
1929,0.984373
1930,0.570581
1931,0.542591
1932,0.64856
1933,0.608231
1934,0.938193
1935,0.93688
1936,2.55206
1937,1.01812
1938,2.04051
1939,0.952467
1940,0.437447
1941,0.668312
1942,2.80948
1943,0.605077
1944,0.326933
1945,0.966736
1946,0.468368
1947,2.4702
1948,3.18993
1949,0.593273
1950,0.299692
1951,0.855645
1952,2.56639
1953,0.249824
1954,0.17482
1955,0.569612
1956,0.642043
1957,0.811882
1958,0.274446
1959,0.777012
1960,0.58304
1961,1.28377
1962,1.06924
1963,0.890742
1964,1.05165
1965,0.423755
1966,0.638458
1967,1.20732
1968,0.522986
1969,0.887098
1970,1.68068
1971,0.5739
1972,1.47197
1973,1.20515
1974,2.31197
1975,0.247585
1976,1.47064
1977,0.512272
1978,0.452214
1979,0.237877
1980,0.601277
1981,1.13519
1982,0.916191
1983,0.347149
1984,1.8703
1985,1.23208
1986,0.69274
1987,1.98001
1988,4.41497
1989,2.2034
1990,0.770204
1991,1.21823
1992,1.45441
1993,0.785449
1994,0.364948
1995,0.328901
1996,0.679159
1997,0.893597
1998,0.543188
1999,0.0814309
2000,1.71532
2001,0.148377
2002,0.483599
2003,1.44802
2004,0.970106
2005,0.368985
2006,0.912169
2007,1.2147
2008,0.791441
2009,0.422443
2010,0.337902
2011,3.11117
2012,1.44904
2013,1.32724
2014,0.956093
2015,0.501325
2016,1.551
2017,0.341639
2018,0.743936
2019,0.253853
2020,1.26655
2021,0.19052
2022,1.32194
2023,0.395897
2024,1.05201
2025,0.535476
2026,0.24099
2027,2.80948
2028,0.710775
2029,0.572181
2030,2.95057
2031,0.824647
2032,1.43591
2033,3.39397
2034,0.271715
2035,3.20592
2036,0.34889
2037,0.728622
2038,3.3602
2039,0.178708
2040,0.430546
2041,0.370686
2042,1.22189
2043,0.496585
2044,1.03732
2045,0.706805
2046,0.659351
2047,2.81792
2048,0.432878
2049,0.677802
2050,0.770127
2051,0.263421
2052,0.561805
2053,0.522829
2054,1.15801
2055,0.460335
2056,0.328901
2057,0.136695
2058,0.23907
2059,1.04195
2060,0.61281
2061,0.35665
2062,0.547277
2063,0.706381
2064,0.708858
2065,0.32271
2066,1.5348
2067,0.6432
2068,0.79716
2069,0.637819
2070,1.13496
2071,1.14042
2072,1.02078
2073,0.980463
2074,0.321101
2075,0.638521
2076,1.11505
2077,0.189569
2078,0.345418
2079,4.30166
2080,0.797718
2081,0.231309
2082,1.20551
2083,2.14813
2084,0.416112
2085,1.68203
2086,0.667711
2087,0.535315
2088,2.72918
2089,0.955825
2090,0.720291
2091,0.522934
2092,3.69507
2093,2.26053
2094,0.56836
2095,0.549635
2096,4.3189
2097,0.674894
2098,3.04348
2099,2.05279
2100,1.16137
2101,0.658099
2102,0.231772
2103,0.182684
2104,1.08093
2105,0.522202
2106,1.39013
2107,1.14763
2108,0.427843
2109,0.564734
2110,0.500524
2111,0.271715
2112,0.165464
2113,0.993149
2114,1.11717
2115,0.303613
2116,0.637628
2117,0.303007
2118,0.79708
2119,0.37969
2120,1.01196
2121,0.421262
2122,1.06046
2123,0.32628
2124,0.978162
2125,0.373103
2126,4.54033
2127,0.256661
2128,0.579668
2129,0.805735
2130,0.566998
2131,0.907375
2132,0.886123
2133,0.569327
2134,0.183416
2135,0.38462
2136,0.447267
2137,1.16335
2138,0.498127
2139,0.669248
2140,0.223801
2141,0.593808
2142,1.19913
2143,0.422993
2144,0.685162
2145,0.702647
2146,0.784821
2147,0.978299
2148,0.616005
2149,1.36684
2150,0.798916
2151,3.77349
2152,0.370056
2153,0.652398
2154,1.53511
2155,0.184151
2156,0.876078
2157,0.18656
2158,0.224698
2159,0.400957
2160,0.581584
2161,1.34044
2162,0.528559
2163,0.721228
2164,1.04098
2165,1.72737
2166,1.90961
2167,0.71049
2168,1.20214
2169,1.35134
2170,0.598577
2171,0.294346
2172,0.346456
2173,0.564001
2174,3.41781
2175,1.07666
2176,1.09805
2177,0.296413
2178,0.804367
2179,0.651616
2180,2.25872
2181,2.1257
2182,1.00367
2183,0.74297
2184,0.826711
2185,0.701173
2186,0.897987
2187,0.478356
2188,0.864849
2189,0.187121
2190,0.247833
2191,2.28211
2192,0.545474
2193,0.486704
2194,1.16218
2195,0.738378
2196,2.16561
2197,3.12052
2198,2.27869
2199,3.43494
2200,4.53579
2201,0.466685
2202,0.282239
2203,1.15616
2204,0.921899
2205,0.49076
2206,0.36204
2207,0.636291
2208,0.599715
2209,0.790808
2210,1.03695
2211,0.396175
2212,1.93499
2213,2.36033
2214,0.651551
2215,2.12379
2216,0.19052
2217,0.775847
2218,1.19518
2219,0.93149
2220,0.84299
2221,0.277204
2222,0.734915
2223,1.41595
2224,1.0938
2225,1.83565
2226,0.572582
2227,0.501626
2228,0.783644
2229,0.287366
2230,0.712126
2231,2.02385
2232,0.48061
2233,1.02005
2234,0.298496
2235,1.23355
2236,0.552556
2237,0.431063
2238,1.1146
2239,2.20075
2240,0.430934
2241,0.817831
2242,0.534994
2243,0.563324
2244,2.28211
2245,0.282522
2246,0.796284
2247,0.257689
2248,1.50576
2249,0.936337
2250,0.966852
2251,2.12782
2252,0.367512
2253,0.615389
2254,1.15004
2255,0.307586
2256,0.594996
2257,0.266069
2258,3.39397
2259,1.06219
2260,0.657573
2261,0.572353
2262,0.574072
2263,1.23011
2264,0.971912
2265,0.655013
2266,0.51618
2267,0.404097
2268,0.362402
2269,1.04552
2270,0.366045
2271,0.407832
2272,0.479458
2273,0.873803
2274,1.31864
2275,0.347844
2276,0.593511
2277,0.635337
2278,0.516748
2279,0.429858
2280,0.329889
2281,0.67848
2282,0.15771
2283,0.5869
2284,0.681949
2285,1.0323
2286,1.30109
2287,0.572753
2288,1.07178
2289,3.30026
2290,5.28567
2291,0.844087
2292,1.54404
2293,0.863639
2294,1.00006
2295,0.967684
2296,1.75067
2297,0.806058
2298,0.591378
2299,0.96465
2300,1.14431
2301,0.532326
2302,1.75488
2303,0.76254
2304,0.34889
2305,1.4702
2306,0.164969
2307,0.324004
2308,1.77482
2309,0.88091
2310,0.304221
2311,0.475162
2312,1.39306
2313,0.478308
2314,1.6512
2315,1.53373
2316,0.436006
2317,0.795885
2318,0.412343
2319,0.550736
2320,1.61785
2321,0.425581
2322,0.597082
2323,4.25885
2324,3.15188
2325,1.78961
2326,0.732494
2327,1.16731
2328,1.44152
2329,0.430159
2330,0.640504
2331,0.293464
2332,0.52069
2333,1.62418
2334,1.00553
2335,0.974228
2336,0.922397
2337,0.595115
2338,0.960953
2339,1.3222
2340,0.840129
2341,0.25284
2342,0.433224
2343,0.542211
2344,5.76612
2345,0.463013
2346,1.19865
2347,1.0373
2348,1.77891
2349,1.20117
2350,0.722961
2351,0.343352
2352,1.8675
2353,0.667844
2354,0.397325
2355,1.41907
2356,0.750737
2357,0.355938
2358,1.09994
2359,0.951315
2360,2.03501
2361,0.834519
2362,0.148674
2363,0.903662
2364,1.28441
2365,0.819632
2366,1.52837
2367,0.953058
2368,0.913922
2369,0.823246
2370,2.15201
2371,0.818567
2372,0.149718
2373,0.827455
2374,0.963175
2375,0.742153
2376,0.173774
2377,0.598876
2378,0.183599
2379,0.508393
2380,0.64153
2381,0.520638
2382,1.65417
2383,0.972486
2384,0.639608
2385,1.0405
2386,2.134
2387,0.245122
2388,0.576143
2389,1.90713
2390,0.827125
2391,0.803
2392,0.572811
2393,0.609144
2394,0.67032
2395,0.661199
2396,0.683383
2397,1.15998
2398,0.627884
2399,0.921309
2400,0.728039
2401,0.26054
2402,0.773446
2403,0.450229
2404,1.92514
2405,2.06638
2406,3.07099
2407,2.0198
2408,0.917805
2409,0.486412
2410,1.32326
2411,2.20604
2412,1.12953
2413,0.159295
2414,1.48617
2415,0.637756
2416,1.20804
2417,1.25722
2418,0.216536
2419,1.43634
2420,0.584967
2421,1.13043
2422,0.850867
2423,0.298794
2424,0.735871
2425,0.848827
2426,0.663518
2427,0.354517
2428,0.553662
2429,0.998104
2430,0.619464
2431,0.322388
2432,1.46771
2433,0.539345
2434,0.202909
2435,0.635591
2436,0.679839
2437,0.388446
2438,1.33056
2439,1.68944
2440,0.369576
2441,5.69165
2442,0.291126
2443,1.62938
2444,1.2472
2445,0.864676
2446,0.559674
2447,0.91154
2448,1.35866
2449,0.444058
2450,0.229008
2451,0.417613
2452,0.912379
2453,0.863294
2454,0.951838
2455,2.30182
2456,0.377834
2457,0.806783
2458,0.261061
2459,0.734842
2460,0.762388
2461,0.155673
2462,2.34832
2463,0.665045
2464,0.952191
2465,5.84742
2466,1.59776
2467,0.939733
2468,0.962087
2469,0.470763
2470,0.263949
2471,0.833518
2472,2.02385
2473,0.500324
2474,0.548318
2475,0.896282
2476,0.780594
2477,1.38708
2478,0.552888
2479,0.790729
2480,0.46255
2481,0.439508
2482,1.45995
2483,0.456074
2484,0.439244
2485,2.12697
2486,3.6219
2487,0.384389
2488,1.02741
2489,1.00264
2490,2.1782
2491,2.61379
2492,1.29305
2493,2.56126
2494,0.593451
2495,0.503586
2496,0.289964
2497,1.49631
2498,0.457902
2499,0.794216
2500,1.11628
2501,0.794693
2502,0.244632
2503,0.700122
2504,1.0615
2505,0.830274
2506,0.562536
2507,0.306358
2508,1.53281
2509,0.713695
2510,0.793263
2511,1.45995
2512,0.349588
2513,0.406001
2514,0.923984
2515,0.181047
2516,1.45078
2517,0.403128
2518,2.39888
2519,0.761397
2520,3.73968
2521,0.655734
2522,3.45216
2523,0.210978
2524,0.77136
2525,0.257947
2526,1.55395
2527,1.71532
2528,1.61301
2529,0.347497
2530,1.32392
2531,1.75699
2532,0.284506
2533,0.33454
2534,0.330219
2535,2.14706
2536,0.362765
2537,1.19315
2538,0.62977
2539,0.170503
2540,0.488117
2541,0.749612
2542,1.91765
2543,0.863812
2544,0.478452
2545,1.54744
2546,0.736829
2547,2.07653
2548,0.603144
2549,0.916714
2550,0.411272
2551,0.817095
2552,0.265007
2553,2.43879
2554,1.54852
2555,0.919119
2556,0.472697
2557,0.459462
2558,0.275546
2559,0.910292
2560,1.14981
2561,1.0694
2562,1.35243
2563,1.45208
2564,1.19184
2565,0.570924
2566,0.203112
2567,0.988783
2568,0.952962
2569,0.311611
2570,0.652464
2571,2.04828
2572,0.711201
2573,2.20384
2574,2.11742
2575,0.588546
2576,1.81593
2577,1.08805
2578,0.797957
2579,0.467854
2580,1.27188
2581,1.07101
2582,0.209297
2583,1.60946
2584,0.615451
2585,0.594639
2586,0.821191
2587,0.278594
2588,1.39361
2589,1.08304
2590,0.575222
2591,0.653574
2592,0.903843
2593,4.98783
2594,1.29085
2595,0.16154
2596,0.986709
2597,0.790808
2598,0.498476
2599,0.210767
2600,3.10185
2601,3.09566
2602,0.448431
2603,0.231078
2604,0.58996
2605,0.453754
2606,0.570695
2607,0.193592
2608,1.52059
2609,0.735577
2610,0.601999
2611,1.22067
2612,2.13251
2613,1.10849
2614,0.854448
2615,0.9778
2616,1.0483
2617,0.625502
2618,0.904901
2619,0.536279
2620,0.788676
2621,0.662126
2622,0.573441
2623,0.836106
2624,0.628009
2625,0.962636
2626,1.06609
2627,0.451717
2628,0.766439
2629,0.317588
2630,0.73646
2631,0.355226
2632,2.21799
2633,0.11014
2634,0.723033
2635,0.488752
2636,1.03388
2637,1.38362
2638,0.714981
2639,0.850271
2640,0.460335
2641,0.385814
2642,0.448611
2643,0.937274
2644,0.200488
2645,0.774297
2646,0.937152
2647,3.56085
2648,0.226276
2649,2.33474
2650,1.58392
2651,1.29033
2652,0.593392
2653,0.315373
2654,0.363491
2655,1.15824
2656,0.405676
2657,0.619093
2658,0.820124
2659,3.00717
2660,3.53955
2661,1.08694
2662,0.935345
2663,1.32525
2664,0.803402
2665,0.41354
2666,0.54433
2667,1.81593
2668,3.52895
2669,0.404663
2670,0.541832
2671,1.61527
2672,1.03378
2673,0.760941
2674,1.78818
2675,0.526397
2676,1.03846
2677,2.21156
2678,3.19312
2679,0.810098
2680,0.570182
2681,0.466685
2682,1.28775
2683,0.523667
2684,0.609632
2685,2.64693
2686,0.535154
2687,1.0058
2688,0.817912
2689,0.286791
2690,3.69138
2691,0.887098
2692,1.79051
2693,0.501626
2694,0.906341
2695,0.532911
2696,0.263158
2697,0.325628
2698,1.44109
2699,0.579031
2700,0.714337
2701,0.474165
2702,0.968836
2703,0.437709
2704,1.44167
2705,0.554106
2706,2.22554
2707,1.00459
2708,0.543731
2709,0.416529
2710,1.06716
2711,0.958908
2712,1.00301
2713,0.908955
2714,0.608718
2715,0.716914
2716,1.76033
2717,0.90321
2718,0.587488
2719,0.592029
2720,0.836859
2721,0.476256
2722,1.69215
2723,1.14442
2724,1.90085
2725,0.351692
2726,1.95991
2727,2.89504
2728,0.429042
2729,0.430374
2730,0.457856
2731,1.07366
2732,2.01536
2733,0.655144
2734,0.829859
2735,0.724264
2736,1.5171
2737,1.74368
2738,0.491644
2739,0.31286
2740,0.289095
2741,2.1732
2742,0.951144
2743,1.47639
2744,0.251327
2745,1.09181
2746,0.164146
2747,0.484518
2748,1.11071
2749,0.615143
2750,2.79547
2751,0.64869
2752,0.621761
2753,3.07099
2754,1.37548
2755,3.40757
2756,0.817749
2757,0.638713
2758,1.38874
2759,1.51771
2760,0.302099
2761,0.474023
2762,1.48053
2763,0.213953
2764,0.62494
2765,0.738599
2766,0.339596
2767,0.480994
2768,0.874328
2769,0.986502
2770,0.539453
2771,0.321101
2772,0.743862
2773,1.20442
2774,1.22974
2775,4.17452
2776,0.971465
2777,1.89326
2778,1.30005
2779,0.195538
2780,1.01038
2781,0.59274
2782,0.770435
2783,0.581003
2784,0.342666
2785,0.916393
2786,0.732348
2787,1.19184
2788,0.277482
2789,0.15771
2790,1.10346
2791,1.07767
2792,2.13507
2793,0.384658
2794,0.594996
2795,0.501476
2796,0.19052
2797,0.608962
2798,0.124183
2799,0.68619
2800,1.3667
2801,0.401198
2802,1.64378
2803,0.844256
2804,2.10392
2805,0.742524
2806,0.463708
2807,0.283654
2808,1.33776
2809,0.675299
2810,0.957614
2811,1.04414
2812,1.46609
2813,0.563155
2814,1.98993
2815,0.995127
2816,1.42547
2817,0.5293
2818,0.367512
2819,1.42404
2820,0.935158
2821,0.716627
2822,1.21337
2823,0.450048
2824,0.527767
2825,0.568133
2826,1.16544
2827,0.806622
2828,0.590255
2829,1.21714
2830,0.44566
2831,0.851888
2832,0.481957
2833,0.300592
2834,0.472839
2835,3.30026
2836,2.39241
2837,1.1928
2838,1.00735
2839,0.347149
2840,1.20623
2841,2.43489
2842,0.646359
2843,0.32368
2844,0.385891
2845,0.573154
2846,2.70283
2847,0.842906
2848,0.623878
2849,0.312547
2850,0.10056
2851,1.20478
2852,0.486217
2853,0.800515
2854,3.73594
2855,0.566374
2856,0.674826
2857,2.71122
2858,2.00191
2859,0.653312
2860,2.29538
2861,0.575567
2862,0.177817
2863,2.7871
2864,1.71652
2865,0.533125
2866,0.298496
2867,0.679974
2868,0.969417
2869,1.59122
2870,0.537031
2871,0.452757
2872,0.2334
2873,0.300292
2874,0.699493
2875,0.703069
2876,0.87494
2877,0.276098
2878,0.833601
2879,0.616806
2880,1.16567
2881,0.422274
2882,1.02427
2883,0.35134
2884,0.43701
2885,0.795329
2886,0.416612
2887,1.39654
2888,0.389536
2889,0.30483
2890,0.374299
2891,0.570866
2892,0.876604
2893,0.726658
2894,1.58582
2895,0.837026
2896,0.596545
2897,0.612381
2898,0.656062
2899,1.49945
2900,0.422612
2901,0.411437
2902,1.9119
2903,0.483599
2904,0.818813
2905,0.527187
2906,0.267938
2907,0.6368
2908,1.63101
2909,1.20973
2910,0.416695
2911,0.143417
2912,0.46459
2913,0.59061
2914,0.988526
2915,1.40846
2916,2.34433
2917,0.44879
2918,0.616313
2919,0.359155
2920,0.34611
2921,2.17233
2922,2.3984
2923,0.706452
2924,0.568758
2925,0.587781
2926,0.324652
2927,0.342666
2928,0.78036
2929,3.72848
2930,1.36889
2931,1.16591
2932,0.351692
2933,0.443969
2934,0.929545
2935,0.498975
2936,0.613546
2937,3.01018
2938,0.375199
2939,0.74647
2940,1.02058
2941,1.06791
2942,0.592858
2943,0.67726
2944,0.958678
2945,0.418617
2946,0.165134
2947,0.896372
2948,0.402202
2949,0.467807
2950,1.51877
2951,2.20472
2952,0.786943
2953,0.822259
2954,2.721
2955,1.0236
2956,1.13564
2957,1.32181
2958,0.607259
2959,5.66326
2960,0.977497
2961,2.2034
2962,1.36111
2963,0.383583
2964,0.577181
2965,0.451626
2966,1.57586
2967,1.10296
2968,1.0173
2969,0.731396
2970,2.44734
2971,2.26076
2972,1.18519
2973,0.491251
2974,0.952057
2975,0.562592
2976,0.884883
2977,0.601397
2978,0.897987
2979,1.07043
2980,1.56596
2981,1.84633
2982,1.46068
2983,2.56588
2984,1.90408
2985,0.560851
2986,0.573269
2987,2.23826
2988,0.656915
2989,0.523143
2990,0.458819
2991,0.61459
2992,2.90665
2993,1.44585
2994,0.359155
2995,1.08358
2996,2.83205
2997,0.556382
2998,0.986068
2999,0.451672
3000,0.499374
3001,0.68901
3002,2.04562
3003,0.395304
3004,0.554605
3005,0.501025
3006,3.45561
3007,0.493319
3008,0.921364
3009,0.957729
3010,1.89857
3011,0.50687
3012,0.786235
3013,0.241472
3014,1.62613
3015,0.565469
3016,1.4829
3017,1.82832
3018,1.78194
3019,0.620022
3020,1.57397
3021,0.675164
3022,0.950906
3023,0.404501
3024,0.578047
3025,0.241472
3026,0.750812
3027,1.1859
3028,0.154432
3029,1.75067
3030,0.477782
3031,1.11572
3032,1.0559
3033,0.598517
3034,0.899065
3035,0.649015
3036,2.9183
3037,1.6364
3038,2.45444
3039,0.609632
3040,0.544493
3041,0.370612
3042,1.23726
3043,0.178173
3044,0.172217
3045,0.103106
3046,1.33776
3047,0.787572
3048,0.556549
3049,0.833685
3050,0.464079
3051,0.368284
3052,0.994551
3053,0.654686
3054,4.70676
3055,0.785842
3056,0.570524
3057,0.742598
3058,0.439903
3059,0.35134
3060,0.714409
3061,0.490024
3062,0.919496
3063,1.02803
3064,0.292585
3065,0.742004
3066,2.15977
3067,0.657967
3068,0.612994
3069,2.09677
3070,0.523981
3071,1.87648
3072,0.868229
3073,1.15304
3074,0.672603
3075,1.3637
3076,0.95363
3077,1.12053
3078,0.324328
3079,1.11739
3080,0.267938
3081,0.703561
3082,0.574302
3083,0.824812
3084,1.01159
3085,0.143992
3086,2.56254
3087,0.310988
3088,0.837361
3089,0.356294
3090,0.687221
3091,0.349938
3092,1.1165
3093,0.593926
3094,0.58304
3095,1.34138
3096,2.20891
3097,0.383813
3098,0.855046
3099,0.437097
3100,1.5368
3101,0.411396
3102,1.77464
3103,1.19208
3104,0.393608
3105,1.85169
3106,1.01755
3107,0.600676
3108,1.51513
3109,0.284506
3110,1.61543
3111,0.774916
3112,1.04883
3113,0.52893
3114,2.21466
3115,1.20454
3116,0.499424
3117,1.04304
3118,0.541182
3119,1.09893
3120,0.708645
3121,0.646812
3122,0.917466
3123,0.559171
3124,1.03323
3125,1.01985
3126,0.281957
3127,0.968187
3128,0.430934
3129,2.54823
3130,1.21653
3131,5.28039
3132,0.700753
3133,1.008
3134,1.21495
3135,0.793501
3136,0.751939
3137,2.73464
3138,1.27583
3139,1.52181
3140,0.748563
3141,0.865888
3142,0.102182
3143,0.541344
3144,0.275822
3145,0.738747
3146,1.03964
3147,1.12987
3148,2.70202
3149,2.6083
3150,0.541019
3151,0.901045
3152,0.466825
3153,1.34582
3154,0.949338
3155,0.280832
3156,1.85077
3157,0.374075
3158,1.65384
3159,1.81249
3160,0.614651
3161,1.55488
3162,0.433181
3163,0.4785
3164,0.286791
3165,0.41412
3166,0.46879
3167,0.640632
3168,0.516077
3169,0.438586
3170,1.71001
3171,0.684135
3172,0.598398
3173,1.5124
3174,0.374411
3175,0.805494
3176,1.04042
3177,1.46785
3178,0.282239
3179,1.10415
3180,0.449194
3181,0.728331
3182,0.655537
3183,0.641017
3184,1.44253
3185,0.777245
3186,0.962646
3187,0.755255
3188,0.597919
3189,0.596724
3190,1.14477
3191,1.5909
3192,1.00182
3193,0.385544
3194,1.26719
3195,0.515355
3196,0.274996
3197,0.401318
3198,0.577469
3199,0.115787
3200,1.68607
3201,0.953944
3202,0.58304
3203,0.423035
3204,0.862949
3205,2.14106
3206,0.297899
3207,0.509004
3208,1.01112
3209,0.527873
3210,0.242683
3211,1.94644
3212,0.874852
3213,1.38016
3214,0.542862
3215,2.73738
3216,0.729132
3217,1.50035
3218,0.6423
3219,2.08194
3220,3.39736
3221,1.06848
3222,2.4032
3223,1.50426
3224,0.447312
3225,1.18448
3226,1.3978
3227,0.865368
3228,1.04825
3229,0.232469
3230,0.458589
3231,0.893776
3232,0.869793
3233,1.22458
3234,0.63375
3235,0.979307
3236,0.716699
3237,1.39668
3238,0.319819
3239,1.00003
3240,3.91181
3241,1.2839
3242,1.32976
3243,0.926677
3244,1.28095
3245,0.803563
3246,0.567565
3247,0.316954
3248,0.339935
3249,0.439684
3250,1.18448
3251,0.18563
3252,0.473076
3253,2.47342
3254,0.459094
3255,0.134795
3256,1.13735
3257,0.729497
3258,0.33689
3259,0.430977
3260,1.97526
3261,1.77447
3262,0.778489
3263,0.900234
3264,0.41979
3265,0.337564
3266,1.06243
3267,0.644552
3268,1.81267
3269,1.32591
3270,0.706876
3271,0.502429
3272,1.3275
3273,0.363491
3274,0.604774
3275,0.543786
3276,0.349239
3277,0.779658
3278,1.75576
3279,0.566261
3280,0.751638
3281,0.332206
3282,0.339596
3283,0.460796
3284,4.03094
3285,1.25157
3286,1.78425
3287,0.968255
3288,0.406204
3289,1.93537
3290,0.837864
3291,0.889141
3292,1.13951
3293,0.986216
3294,0.393332
3295,0.973176
3296,3.09566
3297,0.617485
3298,2.43026
3299,1.84172
3300,1.02591
3301,0.41979
3302,0.750962
3303,0.638649
3304,0.646488
3305,0.938005
3306,1.27698
3307,2.51055
3308,0.436224
3309,0.484179
3310,0.66034
3311,0.769511
3312,0.492826
3313,0.943197
3314,0.899245
3315,1.92591
3316,1.57665
3317,0.652398
3318,0.595651
3319,0.447356
3320,0.261323
3321,1.80652
3322,0.207215
3323,0.54766
3324,0.390667
3325,0.410779
3326,1.36261
3327,1.97763
3328,0.399077
3329,1.47344
3330,3.00717
3331,1.96364
3332,1.49332
3333,1.71961
3334,0.3795
3335,0.900595
3336,0.494306
3337,1.96718
3338,1.97329
3339,0.960636
3340,0.145439
3341,0.393726
3342,0.530837
3343,0.26054
3344,0.194368
3345,0.266602
3346,7.37429
3347,2.11573
3348,0.54346
3349,1.04801
3350,1.98695
3351,1.62369
3352,1.01488
3353,0.354162
3354,0.979523
3355,2.42032
3356,0.775382
3357,0.479745
3358,0.906395
3359,0.835772
3360,0.589842
3361,0.746918
3362,0.618722
3363,1.53972
3364,0.209926
3365,2.10034
3366,0.744457
3367,1.93576
3368,0.803322
3369,0.396611
3370,1.06386
3371,0.91686
3372,0.455527
3373,0.824564
3374,0.263421
3375,1.09486
3376,0.714838
3377,0.216969
3378,0.313173
3379,0.52069
3380,0.978759
3381,0.417321
3382,1.551
3383,2.57359
3384,0.779034
3385,1.10402
3386,0.86088
3387,3.55374
3388,0.599536
3389,0.886743
3390,0.857358
3391,0.398838
3392,1.2729
3393,0.611525
3394,0.968584
3395,0.702999
3396,0.633497
3397,4.45488
3398,0.317271
3399,0.877042
3400,0.359155
3401,0.246844
3402,1.29499
3403,1.52364
3404,4.07553
3405,0.635083
3406,0.29464
3407,0.662656
3408,1.03757
3409,1.06908
3410,0.552059
3411,1.00063
3412,0.384312
3413,0.955883
3414,1.50306
3415,0.627319
3416,0.595115
3417,0.609388
3418,1.16218
3419,2.05135
3420,0.317588
3421,1.51771
3422,1.18542
3423,0.765367
3424,0.457582
3425,1.99192
3426,0.333871
3427,0.756918
3428,0.513041
3429,1.22104
3430,0.838031
3431,2.14835
3432,0.46218
3433,0.82605
3434,0.37878
3435,1.6733
3436,2.49353
3437,3.88452
3438,1.68304
3439,1.09699
3440,0.379804
3441,1.22728
3442,2.52742
3443,2.58364
3444,1.40453
3445,0.371874
3446,0.912388
3447,0.717344
3448,1.07252
3449,1.17304
3450,0.614406
3451,2.07903
3452,1.43979
3453,0.204334
3454,0.778334
3455,0.548702
3456,0.981366
3457,0.409098
3458,0.87075
3459,0.750212
3460,0.976169
3461,0.546621
3462,0.60647
3463,1.18282
3464,0.345418
3465,0.855901
3466,0.326933
3467,0.25183
3468,2.10728
3469,0.257432
3470,1.31351
3471,0.518404
3472,1.98516
3473,0.23551
3474,1.34891
3475,0.8424
3476,1.27163
3477,1.76103
3478,0.620705
3479,0.641722
3480,0.849676
3481,0.247585
3482,0.76782
3483,0.208253
3484,0.831936
3485,1.53818
3486,1.41312
3487,1.06408
3488,1.12547
3489,0.113495
3490,0.405392
3491,1.89667
3492,1.27992
3493,0.764755
3494,0.532592
3495,0.575912
3496,1.4329
3497,3.24463
3498,1.5368
3499,0.950184
3500,0.273624
3501,1.69588
3502,0.876516
3503,0.228093
3504,0.473454
3505,1.76791
3506,2.06184
3507,0.922083
3508,1.01172
3509,0.374224
3510,2.46428
3511,0.447446
3512,0.829693
3513,0.318224
3514,0.359155
3515,0.342666
3516,1.63902
3517,1.84098
3518,0.800915
3519,0.128093
3520,0.319499
3521,0.353101
3522,0.41189
3523,0.33824
3524,1.12998
3525,0.282239
3526,0.32923
3527,0.500274
3528,0.957021
3529,0.33689
3530,0.879326
3531,1.05659
3532,1.08638
3533,0.926983
3534,1.8223
3535,0.87529
3536,1.07586
3537,0.261323
3538,1.66196
3539,1.50878
3540,0.527187
3541,0.982564
3542,0.488801
3543,0.994591
3544,1.97664
3545,1.93325
3546,0.617362
3547,1.26655
3548,1.91382
3549,1.30148
3550,0.998106
3551,1.57098
3552,2.43927
3553,1.01673
3554,0.175696
3555,0.672065
3556,1.15361
3557,7.20662
3558,0.922969
3559,0.271173
3560,0.121238
3561,0.214596
3562,2.51281
3563,0.355938
3564,0.528877
3565,0.445392
3566,0.15077
3567,0.398599
3568,0.638458
3569,0.753897
3570,0.273624
3571,0.634638
3572,2.11848
3573,1.03623
3574,0.631031
3575,0.227183
3576,2.1865
3577,0.725278
3578,0.976042
3579,0.511453
3580,1.45063
3581,0.567225
3582,0.48297
3583,1.01615
3584,1.64856
3585,0.44052
3586,0.596307
3587,0.498177
3588,0.380564
3589,0.808318
3590,0.274996
3591,0.522986
3592,0.198692
3593,2.20163
3594,0.562086
3595,0.208045
3596,0.631284
3597,0.250825
3598,0.799395
3599,0.182684
3600,0.514171
3601,2.44123
3602,0.812451
3603,0.541236
3604,0.466965
3605,1.64444
3606,0.495395
3607,0.623005
3608,0.693364
3609,0.999277
3610,0.441843
3611,3.70617
3612,1.33349
3613,3.04652
3614,0.388602
3615,0.385737
3616,1.02083
3617,1.2385
3618,0.386818
3619,1.41538
3620,2.50904
3621,0.59061
3622,1.06927
3623,0.806058
3624,0.582632
3625,2.41138
3626,1.39222
3627,0.715911
3628,1.84393
3629,0.26237
3630,0.241956
3631,0.853764
3632,0.735945
3633,1.22373
3634,0.904837
3635,1.61478
3636,0.33454
3637,0.737492
3638,1.03436
3639,0.580422
3640,1.4875
3641,0.408403
3642,1.41072
3643,1.61818
3644,1.2078
3645,2.35844
3646,0.948124
3647,0.912497
3648,0.247091
3649,0.520118
3650,0.420126
3651,0.720507
3652,0.734621
3653,1.79733
3654,0.742598
3655,1.48632
3656,1.70421
3657,1.89724
3658,0.972291
3659,0.47034
3660,0.919661
3661,0.438893
3662,0.643393
3663,1.06456
3664,1.70404
3665,1.36343
3666,0.765826
3667,1.96816
3668,1.65815
3669,0.13466
3670,3.35348
3671,1.1535
3672,1.97743
3673,1.20238
3674,0.609693
3675,1.2537
3676,0.27036
3677,0.83502
3678,0.188624
3679,2.18344
3680,1.10227
3681,0.333871
3682,1.01495
3683,1.37589
3684,0.712269
3685,2.26279
3686,1.50637
3687,0.524033
3688,0.614713
3689,0.742004
3690,2.12634
3691,0.469494
3692,0.826298
3693,0.370167
3694,0.635718
3695,2.08694
3696,0.355938
3697,0.976208
3698,0.570068
3699,0.420799
3700,0.267403
3701,0.716269
3702,0.871099
3703,0.88763
3704,0.694266
3705,1.13088
3706,6.0436
3707,0.995989
3708,0.410245
3709,1.1505
3710,1.11027
3711,1.25307
3712,0.288517
3713,2.44978
3714,0.241231
3715,1.37933
3716,0.706523
3717,1.49795
3718,0.83152
3719,0.650509
3720,1.32379
3721,0.863985
3722,0.92248
3723,0.465427
3724,0.657441
3725,1.22262
3726,0.36204
3727,0.538806
3728,0.412921
3729,0.880205
3730,0.678209
3731,0.744308
3732,0.359155
3733,0.977614
3734,0.698165
3735,0.62469
3736,0.607927
3737,0.256661
3738,0.984403
3739,0.537084
3740,1.86638
3741,0.497679
3742,0.533391
3743,1.6623
3744,1.81068
3745,0.493713
3746,0.398798
3747,0.843496
3748,1.75348
3749,2.0569
3750,0.577931
3751,1.00336
3752,0.363491
3753,0.288806
3754,0.45235
3755,1.26074
3756,0.847809
3757,0.433788
3758,0.875903
3759,0.911166
3760,0.509055
3761,0.831437
3762,1.23269
3763,3.21234
3764,0.20089
3765,0.571952
3766,0.805171
3767,0.729351
3768,0.990774
3769,1.38555
3770,6.3917
3771,1.14031
3772,0.430417
3773,0.220469
3774,1.2968
3775,1.30252
3776,0.685162
3777,2.5587
3778,0.701664
3779,1.22434
3780,1.49391
3781,0.540101
3782,0.725931
3783,1.2848
3784,0.584674
3785,1.35148
3786,1.62418
3787,4.08369
3788,1.01685
3789,0.702086
3790,0.225373
3791,0.372693
3792,0.485052
3793,3.04652
3794,0.646618
3795,0.560795
3796,0.26767
3797,0.799795
3798,1.64641
3799,0.733961
3800,0.817667
3801,0.66631
3802,0.701735
3803,0.301797
3804,0.684888
3805,1.15523
3806,0.702858
3807,0.602722
3808,2.73464
3809,1.63788
3810,0.620146
3811,1.01245
3812,0.624065
3813,0.481235
3814,1.33589
3815,0.377759
3816,1.30813
3817,0.306972
3818,0.83044
3819,0.232004
3820,1.87367
3821,1.03769
3822,0.535958
3823,0.799955
3824,0.50758
3825,0.657178
3826,1.31049
3827,0.925603
3828,0.433224
3829,0.753444
3830,0.597262
3831,0.104559
3832,0.406001
3833,1.6713
3834,0.55405
3835,0.664248
3836,0.554161
3837,0.66312
3838,0.654751
3839,0.37969
3840,0.479889
3841,0.278594
3842,0.978025
3843,0.483212
3844,0.497729
3845,0.779034
3846,1.55675
3847,0.460842
3848,0.243899
3849,0.778411
3850,0.477878
3851,0.604956
3852,1.18732
3853,0.946173
3854,2.78431
3855,0.50682
3856,1.96168
3857,1.89648
3858,1.59201
3859,0.310367
3860,3.55374
3861,0.50753
3862,0.707371
3863,0.786707
3864,0.300292
3865,0.373327
3866,0.906386
3867,1.57759
3868,0.573154
3869,1.00562
3870,0.593155
3871,0.687014
3872,2.21112
3873,0.17552
3874,0.766056
3875,0.775382
3876,1.19901
3877,0.511299
3878,0.849421
3879,1.32657
3880,2.92999
3881,3.64006
3882,0.429858
3883,0.55333
3884,0.45781
3885,0.63521
3886,2.03704
3887,0.602963
3888,0.47265
3889,2.47193
3890,0.992576
3891,0.357722
3892,0.512169
3893,1.33456
3894,1.24011
3895,2.84624
3896,0.720291
3897,1.03568
3898,1.18211
3899,0.584733
3900,0.630085
3901,0.642236
3902,0.375837
3903,1.24957
3904,0.402806
3905,0.543568
3906,0.864503
3907,0.429987
3908,1.56549
3909,0.415946
3910,3.61828
3911,1.07132
3912,0.787336
3913,1.21641
3914,0.653835
3915,0.394396
3916,0.669449
3917,1.06081
3918,0.352396
3919,1.59504
3920,2.1447
3921,0.522673
3922,0.529565
3923,1.22214
3924,2.13038
3925,2.48731
3926,0.770281
3927,1.40973
3928,1.00261
3929,0.190329
3930,0.553884
3931,0.570581
3932,2.28736
3933,1.13145
3934,3.21877
3935,0.735209
3936,0.226276
3937,0.391332
3938,0.485537
3939,0.233167
3940,0.978387
3941,0.799155
3942,0.769203
3943,0.782939
3944,0.293758
3945,1.95854
3946,2.08527
3947,0.446686
3948,0.519598
3949,1.27456
3950,2.31243
3951,0.54194
3952,2.26914
3953,0.840213
3954,0.316004
3955,0.440564
3956,1.2025
3957,1.10209
3958,0.499674
3959,0.84358
3960,0.510023
3961,0.347497
3962,2.07757
3963,0.786785
3964,1.07484
3965,0.546402
3966,0.4487
3967,0.667177
3968,0.882673
3969,0.660737
3970,0.792312
3971,0.364948
3972,1.29253
3973,0.785527
3974,0.357722
3975,1.10838
3976,0.80638
3977,0.581758
3978,2.2671
3979,0.618783
3980,0.565525
3981,0.706452
3982,1.90732
3983,0.452576
3984,0.623005
3985,0.550295
3986,0.368211
3987,0.948911
3988,0.758054
3989,0.7598
3990,0.721517
3991,0.819878
3992,1.45616
3993,0.396254
3994,0.0881249
3995,0.412549
3996,0.238115
3997,0.848657
3998,0.718277
3999,0.36204
4000,3.46253
4001,1.00567
4002,2.44098
4003,0.352396
4004,0.737566
4005,1.1587
4006,1.57775
4007,4.50866
4008,0.313486
4009,2.89504
4010,2.92999
4011,1.19375
4012,0.47034
4013,2.25421
4014,0.139317
4015,0.483889
4016,1.97467
4017,0.285076
4018,0.658296
4019,1.24832
4020,0.444947
4021,2.62295
4022,0.50258
4023,1.61915
4024,0.548153
4025,0.682427
4026,1.0931
4027,1.80435
4028,0.537084
4029,0.774839
4030,2.72918
4031,0.698305
4032,1.13667
4033,1.27328
4034,1.13043
4035,3.40076
4036,0.38903
4037,0.797798
4038,0.433051
4039,0.21524
4040,1.57161
4041,0.852485
4042,2.83772
4043,0.398958
4044,0.738599
4045,2.81792
4046,0.595115
4047,1.53664
4048,0.446909
4049,0.89101
4050,0.334874
4051,0.563437
4052,0.273624
4053,0.797399
4054,0.347149
4055,0.429815
4056,1.06473
4057,0.816768
4058,0.670521
4059,0.105084
4060,1.101
4061,1.01684
4062,0.391723
4063,0.512579
4064,1.04426
4065,1.07739
4066,0.318224
4067,0.226956
4068,0.506465
4069,0.174296
4070,1.6164
4071,0.291709
4072,0.875815
4073,3.17085
4074,0.987509
4075,0.442816
4076,2.50428
4077,0.469494
4078,0.900955
4079,0.572868
4080,0.474829
4081,0.225147
4082,0.804689
4083,1.54095
4084,1.51498
4085,0.540155
4086,0.807268
4087,1.0356
4088,1.551
4089,0.480033
4090,1.64625
4091,0.727457
4092,0.659416
4093,0.394869
4094,0.336553
4095,0.587311
4096,0.678345
4097,0.354162
4098,2.33031
4099,1.07624
4100,0.92071
4101,0.492038
4102,1.04385
4103,2.46551
4104,0.26955
4105,1.21933
4106,0.31632
4107,0.867188
4108,0.634194
4109,0.872755
4110,4.12885
4111,0.792312
4112,0.624315
4113,1.38611
4114,0.805977
4115,1.98576
4116,1.17975
4117,0.914434
4118,0.730081
4119,0.857701
4120,0.491251
4121,2.14256
4122,0.47917
4123,2.02304
4124,1.07827
4125,1.06874
4126,0.62419
4127,1.69622
4128,0.146607
4129,0.893865
4130,0.184335
4131,0.543514
4132,0.550571
4133,0.453663
4134,0.730008
4135,0.521576
4136,1.80652
4137,0.551177
4138,1.38958
4139,1.15569
4140,0.512887
4141,0.335545
4142,0.261323
4143,3.52895
4144,0.169483
4145,0.405068
4146,0.642428
4147,0.753218
4148,0.606895
4149,0.744904
4150,0.50682
4151,0.975505
4152,0.210767
4153,1.29137
4154,1.03016
4155,0.682563
4156,0.618289
4157,0.888518
4158,0.882762
4159,0.953754
4160,0.517627
4161,0.441667
4162,0.388835
4163,0.620146
4164,3.3838
4165,1.07699
4166,0.419706
4167,1.44585
4168,1.51604
4169,1.07603
4170,0.577643
4171,3.12364
4172,0.529459
4173,3.73968
4174,0.532166
4175,1.45834
4176,0.292293
4177,0.614283
4178,0.563212
4179,0.081921
4180,1.2502
4181,0.643264
4182,0.633497
4183,0.436529
4184,1.55753
4185,0.447938
4186,0.45104
4187,0.525345
4188,0.730519
4189,0.920434
4190,1.02162
4191,0.817749
4192,1.53097
4193,0.699003
4194,0.357722
4195,3.88064
4196,0.641722
4197,0.464358
4198,1.0304
4199,0.505403
4200,0.605864
4201,0.587194
4202,0.476399
4203,0.236454
4204,0.638969
4205,0.803804
4206,0.749912
4207,0.599895
4208,0.600375
4209,0.304221
4210,0.499774
4211,1.25433
4212,0.306972
4213,0.503184
4214,0.879326
4215,1.57255
4216,0.42
4217,0.766516
4218,1.82084
4219,0.897987
4220,0.89101
4221,0.581351
4222,3.66563
4223,0.746171
4224,0.157552
4225,0.253853
4226,1.01036
4227,0.134257
4228,0.876604
4229,1.00175
4230,0.695308
4231,1.80128
4232,0.442816
4233,1.22777
4234,0.653901
4235,0.470011
4236,0.844931
4237,0.297007
4238,0.528718
4239,0.603083
4240,0.920986
4241,0.467386
4242,2.72372
4243,0.391371
4244,0.460612
4245,0.669181
4246,0.35134
4247,0.677666
4248,0.150469
4249,1.22299
4250,0.912507
4251,1.99691
4252,0.664049
4253,1.58328
4254,0.585025
4255,0.14646
4256,6.76661
4257,0.956715
4258,0.489731
4259,0.559227
4260,0.557384
4261,0.827787
4262,0.197701
4263,0.608536
4264,0.281675
4265,0.333204
4266,0.280551
4267,2.54976
4268,0.484276
4269,2.74286
4270,0.406448
4271,0.217839
4272,0.931052
4273,0.564057
4274,0.969262
4275,0.429858
4276,1.65715
4277,1.24695
4278,2.55002
4279,0.747516
4280,2.25331
4281,0.184889
4282,0.656653
4283,1.2615
4284,0.877393
4285,0.406895
4286,1.97131
4287,0.306665
4288,1.68018
4289,0.616498
4290,1.00362
4291,1.30447
4292,1.29719
4293,0.732348
4294,0.790966
4295,0.837864
4296,0.436529
4297,0.82374
4298,0.893597
4299,1.12648
4300,1.06731
4301,3.30356
4302,1.2857
4303,1.09205
4304,2.09594
4305,0.231541
4306,1.04336
4307,1.65219
4308,1.57933
4309,2.82639
4310,0.392037
4311,1.82796
4312,3.23814
4313,0.327915
4314,0.347149
4315,0.520638
4316,0.562592
4317,0.256404
4318,1.48335
4319,1.13077
4320,0.770974
4321,0.599296
4322,0.608779
4323,0.569612
4324,0.702296
4325,0.631031
4326,1.32817
4327,0.548921
4328,1.46009
4329,0.756313
4330,0.641915
4331,0.645907
4332,1.51104
4333,1.04956
4334,1.3375
4335,1.39459
4336,1.5115
4337,2.02364
4338,0.710703
4339,0.626755
4340,0.376552
4341,0.310367
4342,0.624253
4343,0.149868
4344,1.35839
4345,0.623442
4346,0.658165
4347,0.718421
4348,0.667444
4349,1.20635
4350,1.00334
4351,0.919744
4352,0.570296
4353,0.667844
4354,0.635337
4355,0.081594
4356,0.789228
4357,0.453346
4358,1.74735
4359,2.232
4360,2.04848
4361,0.730446
4362,1.00516
4363,0.740226
4364,0.793739
4365,1.64543
4366,0.399037
4367,1.26364
4368,1.35948
4369,0.502329
4370,0.444547
4371,1.50953
4372,0.932963
4373,0.328243
4374,1.2924
4375,0.240028
4376,0.32271
4377,1.02513
4378,2.22309
4379,0.907601
4380,1.14568
4381,0.400597
4382,0.459232
4383,0.703421
4384,0.869097
4385,2.28828
4386,0.466499
4387,0.770512
4388,3.66563
4389,3.37029
4390,0.183967
4391,1.02549
4392,0.549471
4393,0.140858
4394,1.07547
4395,2.12953
4396,0.839121
4397,0.80284
4398,0.840549
4399,0.283087
4400,0.406529
4401,2.55231
4402,0.634638
4403,0.61416
4404,0.304221
4405,1.21179
4406,0.284222
4407,1.3299
4408,0.974306
4409,0.412467
4410,1.17786
4411,0.410204
4412,1.19913
4413,0.496784
4414,1.31666
4415,0.973225
4416,1.84025
4417,0.548099
4418,0.449464
4419,0.712055
4420,1.49272
4421,0.569669
4422,0.657178
4423,0.41354
4424,0.519182
4425,0.54542
4426,5.17583
4427,2.69258
4428,1.49571
4429,0.208462
4430,1.08884
4431,0.639096
4432,0.217404
4433,1.13997
4434,1.14993
4435,0.332206
4436,0.836608
4437,1.33136
4438,0.36204
4439,0.373701
4440,0.366777
4441,0.201695
4442,0.634829
4443,0.133054
4444,0.891099
4445,1.39543
4446,2.87772
4447,0.996164
4448,0.901947
4449,1.46565
4450,0.523457
4451,0.37791
4452,2.04848
4453,0.264742
4454,0.964795
4455,1.04426
4456,0.458773
4457,0.539939
4458,1.62158
4459,2.68317
4460,0.383659
4461,0.772132
4462,0.250324
4463,1.37026
4464,1.12479
4465,1.53649
4466,0.146168
4467,0.850441
4468,0.685299
4469,0.705816
4470,3.53248
4471,1.61753
4472,0.47941
4473,0.814484
4474,1.54296
4475,0.869619
4476,1.1707
4477,0.467479
4478,0.407302
4479,0.489584
4480,1.1046
4481,0.749687
4482,0.75707
4483,0.751638
4484,1.2274
4485,0.453936
4486,1.58281
4487,0.458223
4488,1.01998
4489,0.720867
4490,0.396294
4491,0.517886
4492,0.26054
4493,1.03238
4494,0.714838
4495,1.10236
4496,0.38938
4497,0.634702
4498,0.510737
4499,0.551728
4500,0.806945
4501,1.65417
4502,0.780282
4503,1.02161
4504,0.395937
4505,0.507428
4506,0.632864
4507,0.435222
4508,2.03643
4509,1.0824
4510,1.91305
4511,0.874415
4512,1.73568
4513,0.646553
4514,1.28364
4515,0.284506
4516,0.897628
4517,0.283938
4518,1.94352
4519,0.58737
4520,1.62791
4521,0.920498
4522,0.64275
4523,0.68571
4524,1.03185
4525,1.30695
4526,0.609449
4527,0.43184
4528,1.21969
4529,1.96285
4530,1.29901
4531,0.148674
4532,0.591378
4533,0.854362
4534,1.0939
4535,1.1212
4536,0.826215
4537,0.890564
4538,0.38647
4539,0.289095
4540,0.814973
4541,0.367879
4542,0.281957
4543,0.101368
4544,1.65997
4545,0.768281
4546,0.690251
4547,0.833351
4548,0.896372
4549,0.380907
4550,3.44182
4551,0.67267
4552,1.3978
4553,0.822341
4554,1.02679
4555,1.11382
4556,0.574532
4557,0.193786
4558,1.88721
4559,0.43557
4560,1.08663
4561,0.635718
4562,1.32459
4563,1.33269
4564,0.459324
4565,0.606409
4566,1.32631
4567,1.02943
4568,0.480658
4569,1.68455
4570,0.721733
4571,1.3383
4572,1.54465
4573,0.883557
4574,0.713124
4575,0.357007
4576,0.327588
4577,0.545365
4578,0.0730947
4579,0.921032
4580,0.941115
4581,1.92034
4582,0.258464
4583,0.448162
4584,0.319499
4585,0.505756
4586,0.39239
4587,0.497779
4588,0.289384
4589,0.546184
4590,0.87915
4591,0.576258
4592,0.625127
4593,0.650834
4594,0.607563
4595,3.05262
4596,0.632105
4597,0.803402
4598,0.677734
4599,0.226729
4600,1.11941
4601,0.30851
4602,0.639224
4603,0.94605
4604,1.33563
4605,0.456896
4606,0.744234
4607,0.563831
4608,0.082003
4609,0.522464
4610,0.520014
4611,0.357364
4612,0.370167
4613,0.765137
4614,0.547004
4615,3.10185
4616,0.315373
4617,1.67347
4618,2.10834
4619,0.402001
4620,0.38647
4621,0.986305
4622,2.34386
4623,0.754349
4624,1.30866
4625,1.87068
4626,0.426988
4627,0.44749
4628,0.231541
4629,0.575682
4630,1.07629
4631,0.659416
4632,0.395897
4633,0.64423
4634,0.466685
4635,0.643714
4636,0.850952
4637,1.55116
4638,5.60131
4639,0.516851
4640,0.568872
4641,0.665045
4642,1.24272
4643,1.74787
4644,0.783253
4645,2.81792
4646,0.374149
4647,3.45561
4648,0.465986
4649,0.280551
4650,0.374449
4651,1.25157
4652,0.928746
4653,0.368874
4654,2.58881
4655,0.514531
4656,0.48162
4657,1.63869
4658,1.58883
4659,0.670588
4660,0.722527
4661,0.873366
4662,0.961828
4663,0.398639
4664,1.1721
4665,4.34924
4666,1.07357
4667,0.756616
4668,0.683383
4669,1.06011
4670,0.989001
4671,0.827207
4672,3.36356
4673,0.840885
4674,1.87555
4675,0.442684
4676,1.13655
4677,0.652594
4678,0.306972
4679,2.26664
4680,0.550791
4681,1.20418
4682,0.465939
4683,0.278594
4684,0.959033
4685,0.441137
4686,1.95307
4687,1.67783
4688,0.651551
4689,0.509666
4690,1.23158
4691,0.355582
4692,1.01622
4693,1.46682
4694,1.56018
4695,0.620705
4696,1.5524
4697,3.04652
4698,0.508902
4699,1.7526
4700,0.151677
4701,2.78988
4702,0.276098
4703,0.365679
4704,0.382204
4705,0.596605
4706,1.64083
4707,0.660869
4708,2.09615
4709,1.56033
4710,1.11416
4711,2.19636
4712,0.912297
4713,0.988862
4714,0.673209
4715,0.823493
4716,1.08629
4717,0.271444
4718,1.8143
4719,0.621823
4720,0.474544
4721,1.24957
4722,0.586548
4723,0.306665
4724,0.860536
4725,0.113836
4726,0.813264
4727,0.476304
4728,1.29408
4729,1.39459
4730,0.413292
4731,0.100661
4732,0.399157
4733,0.811071
4734,0.64481
4735,0.16154
4736,0.381479
4737,0.42622
4738,0.23504
4739,0.957653
4740,1.9558
4741,0.32923
4742,0.259759
4743,1.18353
4744,0.400957
4745,0.137243
4746,1.05621
4747,1.568
4748,2.00151
4749,1.9558
4750,0.67267
4751,0.47559
4752,0.783096
4753,0.493713
4754,0.805413
4755,0.490956
4756,0.281957
4757,1.43835
4758,0.452033
4759,0.146168
4760,1.33843
4761,0.632295
4762,0.895297
4763,0.703491
4764,2.05197
4765,0.455937
4766,1.41793
4767,1.03977
4768,0.558221
4769,2.61876
4770,0.44468
4771,0.168976
4772,0.615328
4773,0.90991
4774,0.627319
4775,1.11941
4776,0.348541
4777,0.858902
4778,0.611158
4779,0.823576
4780,0.601758
4781,0.416612
4782,0.869184
4783,0.513554
4784,0.78075
4785,0.918668
4786,0.709425
4787,0.608718
4788,1.17739
4789,0.359515
4790,0.219588
4791,1.1965
4792,0.51263
4793,3.78104
4794,1.05037
4795,0.245613
4796,0.328901
4797,2.42177
4798,0.862776
4799,0.284791
4800,0.370908
4801,1.86787
4802,0.575797
4803,0.615636
4804,1.12851
4805,0.306052
4806,0.457765
4807,1.29046
4808,0.854875
4809,0.407832
4810,0.712482
4811,0.505403
4812,0.613976
4813,0.379614
4814,0.562986
4815,0.757221
4816,0.581119
4817,1.19113
4818,0.845946
4819,1.91363
4820,1.4372
4821,0.712625
4822,0.138207
4823,0.979366
4824,0.421979
4825,1.302
4826,0.367144
4827,2.17255
4828,0.175872
4829,0.644616
4830,1.48453
4831,2.15782
4832,0.347844
4833,0.439508
4834,7.47826
4835,0.206801
4836,0.499124
4837,0.818813
4838,0.654228
4839,0.283087
4840,1.6974
4841,0.930857
4842,1.22556
4843,1.02026
4844,0.412879
4845,0.299392
4846,1.92784
4847,2.73191
4848,0.726585
4849,1.02002
4850,1.11539
4851,0.367144
4852,4.72563
4853,1.36493
4854,1.25835
4855,0.56417
4856,0.420631
4857,0.881791
4858,0.998682
4859,0.632295
4860,4.28877
4861,0.61693
4862,1.90104
4863,0.986709
4864,1.27405
4865,3.15188
4866,0.386161
4867,0.266868
4868,0.774839
4869,1.44528
4870,1.62336
4871,0.801476
4872,0.836775
4873,0.427714
4874,2.19789
4875,2.15804
4876,0.661795
4877,0.305746
4878,1.16498
4879,0.561693
4880,1.16556
4881,0.874328
4882,0.572009
4883,0.451672
4884,1.96246
4885,0.496486
4886,0.86088
4887,2.117
4888,0.799875
4889,2.08319
4890,1.73239
4891,6.45594
4892,0.131994
4893,0.383238
4894,1.0456
4895,0.547387
4896,0.331874
4897,1.51998
4898,2.19153
4899,2.10139
4900,1.32181
4901,0.6368
4902,0.313173
4903,0.539831
4904,3.34344
4905,0.405595
4906,0.609144
4907,0.979552
4908,0.334205
4909,3.30356
4910,0.499574
4911,1.0113
4912,0.873629
4913,0.933159
4914,2.94763
4915,0.724988
4916,0.637947
4917,0.384312
4918,0.524295
4919,0.445036
4920,1.37493
4921,1.58645
4922,0.884883
4923,1.22348
4924,0.591437
4925,1.20406
4926,0.869097
4927,1.32009
4928,0.933495
4929,1.34555
4930,2.37667
4931,2.80107
4932,0.82407
4933,0.848572
4934,1.79679
4935,2.26959
4936,0.503939
4937,0.296117
4938,0.919027
4939,0.584032
4940,0.491644
4941,0.754047
4942,1.07504
4943,0.724046
4944,0.534459
4945,0.939206
4946,1.18507
4947,1.17727
4948,0.704265
4949,0.725786
4950,0.343695
4951,1.70659
4952,1.30839
4953,0.291126
4954,0.463384
4955,1.54914
4956,0.834519
4957,0.398081
4958,0.609023
4959,1.37094
4960,0.212673
4961,1.6545
4962,0.83887
4963,0.292
4964,0.573957
4965,1.33496
4966,0.405555
4967,1.95619
4968,1.93499
4969,3.93929
4970,1.20744
4971,0.9445
4972,0.824317
4973,0.697397
4974,0.981601
4975,1.79751
4976,0.477162
4977,1.2049
4978,0.661861
4979,0.663252
4980,5.56223
4981,0.850611
4982,0.352396
4983,1.41496
4984,2.53857
4985,0.325954
4986,1.1024
4987,0.801797
4988,1.31232
4989,0.11147
4990,0.497082
4991,0.244143
4992,1.87274
4993,0.215025
4994,0.421599
4995,0.857787
4996,0.763151
4997,0.425922
4998,0.532539
4999,1.07209
5000,1.12266
5001,0.707937
5002,0.658955
5003,0.872057
5004,0.931611
5005,0.533925
5006,0.499274
5007,0.40873
5008,0.824812
5009,0.663982
5010,0.255381
5011,0.15771
5012,0.264213
5013,0.941106
5014,0.580886
5015,0.405433
5016,0.710348
5017,1.17657
5018,3.2838
5019,0.685231
5020,2.34973
5021,0.574877
5022,0.733887
5023,0.526134
5024,1.47994
5025,0.307279
5026,0.45539
5027,4.59514
5028,0.481187
5029,0.635909
5030,0.435962
5031,0.850356
5032,1.14294
5033,0.557329
5034,0.823411
5035,1.7519
5036,3.25763
5037,0.777945
5038,1.61559
5039,0.672267
5040,1.82339
5041,0.811963
5042,0.478213
5043,1.41552
5044,0.827042
5045,0.915852
5046,1.16498
5047,0.408322
5048,1.16707
5049,0.362402
5050,1.24321
5051,0.673141
5052,1.67146
5053,1.858
5054,0.614221
5055,0.349588
5056,0.46552
5057,2.29378
5058,0.395304
5059,1.56502
5060,0.675164
5061,0.572696
5062,0.63299
5063,0.731689
5064,0.475542
5065,0.232469
5066,2.28348
5067,1.28364
5068,1.56894
5069,0.475875
5070,0.994773
5071,0.882497
5072,0.66631
5073,0.367879
5074,0.918072
5075,0.273077
5076,0.699073
5077,1.63199
5078,1.19268
5079,1.86284
5080,0.297007
5081,0.885945
5082,2.62295
5083,0.481572
5084,1.468
5085,0.312547
5086,1.46331
5087,0.93808
5088,0.623317
5089,2.01275
5090,0.444236
5091,0.595592
5092,1.29512
5093,0.767743
5094,0.997204
5095,1.11829
5096,1.15131
5097,0.357364
5098,1.3446
5099,1.22888
5100,1.72737
5101,1.69876
5102,1.18507
5103,0.476304
5104,1.29111
5105,2.2908
5106,0.633624
5107,0.422697
5108,0.486363
5109,0.806864
5110,0.661001
5111,0.630274
5112,2.32821
5113,1.34662
5114,3.47641
5115,1.28763
5116,0.52351
5117,0.687289
5118,0.160574
5119,0.605319
5120,1.02858
5121,0.745575
5122,1.33991
5123,1.12008
5124,0.470152
5125,0.389847
5126,0.384235
5127,1.72564
5128,0.487873
5129,0.6432
5130,0.897089
5131,0.945766
5132,1.92476
5133,0.40918
5134,0.510686
5135,0.7172
5136,2.88349
5137,0.465799
5138,1.63624
5139,0.498227
5140,0.22605
5141,0.261584
5142,2.52136
5143,1.22018
5144,0.939019
5145,0.66711
5146,0.798516
5147,0.658494
5148,0.417029
5149,0.779658
5150,0.548592
5151,0.157237
5152,7.15635
5153,1.47565
5154,5.69734
5155,3.84587
5156,0.973605
5157,1.46653
5158,2.79827
5159,0.433788
5160,0.443304
5161,0.87494
5162,1.23158
5163,0.704618
5164,0.876604
5165,0.598398
5166,1.71361
5167,0.302099
5168,0.410656
5169,0.492727
5170,1.87255
5171,0.252587
5172,1.12705
5173,0.372768
5174,0.780984
5175,0.548867
5176,0.47783
5177,0.642428
5178,1.38833
5179,1.85577
5180,1.49421
5181,0.456987
5182,1.20262
5183,0.564001
5184,0.43003
5185,2.02344
5186,0.948627
5187,0.285932
5188,2.1602
5189,1.4636
5190,1.06163
5191,0.180504
5192,0.783174
5193,0.878535
5194,0.465101
5195,0.698374
5196,2.03236
5197,4.77789
5198,1.38389
5199,0.685093
5200,1.04558
5201,0.311611
5202,1.46009
5203,0.489975
5204,0.592443
5205,0.943131
5206,1.34608
5207,1.19865
5208,1.14809
5209,0.451762
5210,0.17447
5211,0.340275
5212,2.73738
5213,1.32313
5214,2.31151
5215,2.05033
5216,0.882762
5217,0.268206
5218,0.940203
5219,0.749912
5220,0.499474
5221,0.349239
5222,0.553054
5223,1.7889
5224,0.103312
5225,0.801156
5226,0.677125
5227,0.522934
5228,0.832435
5229,1.15488
5230,1.01062
5231,1.48899
5232,0.789307
5233,0.443082
5234,0.616436
5235,3.39058
5236,0.513862
5237,0.653378
5238,0.646553
5239,1.05833
5240,0.479601
5241,0.385737
5242,0.172734
5243,0.150318
5244,0.585728
5245,2.35467
5246,0.56513
5247,0.936524
5248,0.461257
5249,0.386007
5250,0.464451
5251,0.54673
5252,0.644423
5253,1.17046
5254,0.953429
5255,0.149419
5256,1.25973
5257,1.24384
5258,0.570011
5259,0.231309
5260,0.558445
5261,0.496139
5262,0.580132
5263,0.494405
5264,1.67766
5265,1.14339
5266,0.543351
5267,0.777322
5268,2.10286
5269,0.250324
5270,0.834352
5271,0.695726
5272,1.6512
5273,0.216103
5274,0.317906
5275,0.466965
5276,0.407261
5277,1.13655
5278,0.643393
5279,0.359515
5280,0.677192
5281,0.71799
5282,1.54049
5283,0.154741
5284,1.02976
5285,0.341981
5286,0.442418
5287,1.36193
5288,0.275546
5289,0.887364
5290,0.425198
5291,0.435439
5292,2.16149
5293,0.386973
5294,0.314743
5295,0.248081
5296,4.41938
5297,0.226956
5298,0.436311
5299,1.3832
5300,1.56236
5301,0.881703
5302,1.46521
5303,1.22703
5304,1.55675
5305,0.504393
5306,2.42686
5307,0.284222
5308,0.445392
5309,1.76138
5310,1.65021
5311,1.17117
5312,0.847046
5313,0.804447
5314,0.997384
5315,2.68693
5316,1.02385
5317,1.19268
5318,0.598398
5319,1.24085
5320,0.48685
5321,0.314114
5322,0.531953
5323,1.3287
5324,0.682632
5325,0.832685
5326,1.3752
5327,2.01738
5328,1.75786
5329,0.278594
5330,0.732934
5331,0.284222
5332,0.396373
5333,0.374973
5334,0.302704
5335,0.296413
5336,1.91114
5337,0.522777
5338,0.486752
5339,0.825967
5340,1.55069
5341,0.883998
5342,0.484955
5343,0.645519
5344,1.26554
5345,0.932291
5346,0.419329
5347,0.492185
5348,0.470528
5349,1.45368
5350,0.226729
5351,0.656784
5352,6.22766
5353,0.248578
5354,0.287941
5355,0.816605
5356,0.261323
5357,0.738599
5358,0.95466
5359,0.995759
5360,1.01781
5361,4.37541
5362,3.75843
5363,0.94466
5364,0.396373
5365,0.432013
5366,0.82572
5367,1.14763
5368,0.332871
5369,1.00019
5370,0.787179
5371,0.588723
5372,0.910374
5373,0.297899
5374,2.44758
5375,0.372097
5376,0.61232
5377,0.418198
5378,0.350288
5379,1.68641
5380,1.68203
5381,1.1266
5382,0.69503
5383,0.830523
5384,1.88118
5385,0.565752
5386,2.43683
5387,2.21134
5388,1.12705
5389,1.446
5390,1.70659
5391,0.164969
5392,0.84358
5393,0.67848
5394,0.41553
5395,0.274996
5396,0.733374
5397,0.242926
5398,0.281394
5399,0.467292
5400,0.530625
5401,2.96536
5402,0.784899
5403,2.12379
5404,1.68809
5405,2.33101
5406,2.0907
5407,1.64938
5408,0.625628
5409,0.866148
5410,1.04476
5411,0.554383
5412,0.833935
5413,0.508241
5414,0.41958
5415,1.04647
5416,1.45499
5417,0.151829
5418,0.40333
5419,0.421052
5420,0.716412
5421,0.210978
5422,0.590964
5423,3.10185
5424,1.46038
5425,1.65898
5426,1.09567
5427,0.447625
5428,0.428356
5429,0.395106
5430,0.340957
5431,0.511299
5432,0.770743
5433,0.798117
5434,1.46214
5435,0.63833
5436,1.10639
5437,1.56111
5438,0.965934
5439,2.27073
5440,0.364948
5441,0.778723
5442,2.25196
5443,0.495395
5444,0.809207
5445,1.04531
5446,0.953038
5447,0.603928
5448,0.581468
5449,0.484082
5450,0.719931
5451,0.702366
5452,0.910083
5453,1.32657
5454,1.84025
5455,1.65665
5456,1.05235
5457,0.240749
5458,0.309437
5459,0.808884
5460,0.537891
5461,2.34715
5462,0.197109
5463,0.678616
5464,0.93426
5465,1.15696
5466,0.698025
5467,2.2045
5468,0.474402
5469,0.390706
5470,0.461395
5471,0.734034
5472,1.13769
5473,0.0992613
5474,1.00926
5475,0.593273
5476,0.167797
5477,0.313486
5478,0.609327
5479,1.0001
5480,0.883645
5481,2.4754
5482,0.806945
5483,0.793898
5484,0.424433
5485,0.403532
5486,0.952505
5487,1.47418
5488,2.07114
5489,1.43692
5490,0.346802
5491,0.184889
5492,0.452983
5493,1.28608
5494,2.3881
5495,0.618598
5496,0.276651
5497,2.23089
5498,1.0256
5499,0.7049
5500,1.25082
5501,2.22398
5502,0.712126
5503,0.62544
5504,0.878271
5505,0.530094
5506,0.49253
5507,2.95353
5508,1.49033
5509,0.682973
5510,0.857101
5511,0.568474
5512,0.370797
5513,0.676448
5514,0.352396
5515,0.381822
5516,0.37791
5517,0.225598
5518,0.485003
5519,0.201091
5520,0.939197
5521,0.215671
5522,1.5368
5523,0.807995
5524,0.544167
5525,1.60609
5526,1.78425
5527,0.7781
5528,0.598098
5529,0.617609
5530,0.363128
5531,0.227638
5532,0.297007
5533,0.48544
5534,1.08681
5535,0.532858
5536,1.26985
5537,0.418533
5538,0.640248
5539,0.98905
5540,0.517162
5541,0.201493
5542,0.569726
5543,0.728914
5544,1.01766
5545,1.27737
5546,1.3985
5547,0.921585
5548,1.77642
5549,1.8541
5550,0.959724
5551,0.216536
5552,2.29906
5553,0.950098
5554,1.4239
5555,0.685505
5556,0.583331
5557,1.17035
5558,0.475114
5559,7.79903
5560,0.55973
5561,0.223353
5562,0.930857
5563,2.20516
5564,0.706876
5565,0.854704
5566,0.297007
5567,1.42889
5568,1.22324
5569,0.297304
5570,0.654031
5571,0.460289
5572,0.175696
5573,0.622694
5574,0.765137
5575,1.35581
5576,1.7008
5577,1.4702
5578,0.774762
5579,0.369613
5580,0.705111
5581,1.44354
5582,0.803241
5583,1.95053
5584,0.35134
5585,2.50954
5586,0.495643
5587,0.196518
5588,0.44615
5589,1.35893
5590,0.169145
5591,0.750287
5592,0.819058
5593,1.00248
5594,0.677395
5595,1.26744
5596,0.70723
5597,0.838786
5598,0.435178
5599,0.664979
5600,0.705041
5601,1.05079
5602,0.943329
5603,0.905987
5604,1.49795
5605,0.408608
5606,0.388874
5607,1.81013
5608,1.09556
5609,0.32628
5610,0.902759
5611,0.893329
5612,0.668379
5613,0.262108
5614,0.407587
5615,1.0376
5616,1.45834
5617,2.65037
5618,1.56127
5619,0.594045
5620,0.787415
5621,0.162188
5622,1.14821
5623,1.12109
5624,0.851292
5625,0.925612
5626,0.369539
5627,0.58077
5628,1.86806
5629,1.69842
5630,1.72151
5631,1.22152
5632,1.86918
5633,0.285647
5634,0.399596
5635,0.509972
5636,1.77571
5637,0.468181
5638,1.68085
5639,0.26982
5640,1.44788
5641,0.573212
5642,1.45747
5643,0.859074
5644,1.04844
5645,0.765903
5646,0.84299
5647,0.580364
5648,0.644165
5649,0.627131
5650,0.749312
5651,0.729716
5652,1.69622
5653,1.11851
5654,0.88568
5655,0.357007
5656,0.233868
5657,0.575337
5658,0.970193
5659,0.759572
5660,0.485974
5661,1.67197
5662,0.212248
5663,0.757373
5664,3.35013
5665,0.916292
5666,0.784115
5667,0.299992
5668,0.803965
5669,0.899065
5670,0.352748
5671,0.761473
5672,0.678684
5673,0.448073
5674,0.669583
5675,3.33676
5676,0.224249
5677,0.990226
5678,1.28338
5679,1.17515
5680,0.301496
5681,1.08662
5682,1.30109
5683,1.4408
5684,1.20647
5685,0.969204
5686,0.551397
5687,0.457033
5688,0.622258
5689,0.603325
5690,0.389925
5691,1.07374
5692,0.973235
5693,0.851547
5694,0.481909
5695,0.562255
5696,2.10728
5697,2.25805
5698,0.645068
5699,0.480033
5700,4.45934
5701,1.55209
5702,1.89933
5703,0.524295
5704,2.27073
5705,1.16696
5706,0.55811
5707,0.918678
5708,0.445437
5709,1.32049
5710,1.8362
5711,0.592384
5712,0.550075
5713,2.36033
5714,1.03558
5715,0.829029
5716,0.331211
5717,0.503284
5718,1.21203
5719,1.5209
5720,0.856586
5721,0.664846
5722,1.38569
5723,0.692186
5724,0.931248
5725,1.35107
5726,0.828863
5727,0.725206
5728,1.1814
5729,0.548153
5730,0.732274
5731,0.65731
5732,1.24608
5733,0.956313
5734,2.84909
5735,1.23467
5736,1.184
5737,0.777478
5738,0.6173
5739,0.286505
5740,0.36204
5741,2.57771
5742,0.85479
5743,0.730811
5744,0.365679
5745,1.52379
5746,0.722238
5747,0.557384
5748,8.03655
5749,0.697328
5750,0.931117
5751,0.730665
5752,1.36397
5753,0.662854
5754,0.623068
5755,0.581817
5756,0.491546
5757,0.776623
5758,0.724843
5759,0.879062
5760,2.51607
5761,0.93176
5762,0.585669
5763,0.440608
5764,0.387864
5765,0.625565
5766,1.38514
5767,0.689354
5768,0.705323
5769,2.81229
5770,0.271444
5771,0.854362
5772,0.45131
5773,0.340275
5774,1.04781
5775,0.202706
5776,0.670521
5777,1.36002
5778,0.550571
5779,0.838534
5780,2.4032
5781,0.78986
5782,1.2141
5783,1.27112
5784,0.844087
5785,2.85765
5786,0.435352
5787,0.515097
5788,1.6428
5789,0.763914
5790,0.240508
5791,0.531262
5792,1.00673
5793,0.51711
5794,0.901947
5795,0.89101
5796,0.406082
5797,0.601818
5798,0.663053
5799,0.35808
5800,0.734401
5801,0.892615
5802,0.939366
5803,0.828118
5804,0.419161
5805,0.769665
5806,0.233634
5807,0.496685
5808,0.569384
5809,0.719859
5810,2.11446
5811,0.620022
5812,0.131467
5813,0.593748
5814,1.03406
5815,1.18625
5816,2.23446
5817,0.770358
5818,1.7291
5819,1.31785
5820,0.805091
5821,1.19973
5822,1.77944
5823,0.112929
5824,0.730738
5825,0.826628
5826,2.82356
5827,0.634892
5828,1.87386
5829,0.365679
5830,0.917943
5831,1.03233
5832,0.992701
5833,0.601818
5834,0.948152
5835,0.513605
5836,0.781141
5837,0.725931
5838,0.414824
5839,2.4488
5840,0.40519
5841,0.214596
5842,1.06447
5843,0.363855
5844,0.228322
5845,1.0365
5846,0.784742
5847,0.261061
5848,0.167965
5849,0.934298
5850,0.70497
5851,1.86638
5852,0.411478
5853,0.470904
5854,0.790255
5855,0.0625368
5856,0.620332
5857,0.551121
5858,0.587664
5859,0.912123
5860,0.51376
5861,0.718924
5862,0.26767
5863,0.523929
5864,0.129122
5865,0.875027
5866,0.276651
5867,1.02409
5868,1.52166
5869,0.710703
5870,1.83034
5871,0.423416
5872,0.142416
5873,0.61656
5874,0.257947
5875,0.522464
5876,0.839037
5877,0.492678
5878,0.662656
5879,0.435135
5880,0.648625
5881,0.568417
5882,0.200689
5883,0.775614
5884,0.414576
5885,0.432791
5886,0.551452
5887,1.59361
5888,0.485537
5889,0.915678
5890,4.2461
5891,0.532379
5892,0.941765
5893,2.96833
5894,0.381288
5895,0.389925
5896,1.63804
5897,0.463894
5898,1.2497
5899,0.808318
5900,0.917126
5901,0.42639
5902,1.04907
5903,2.58933
5904,0.900505
5905,0.811395
5906,0.534566
5907,0.46459
5908,0.751112
5909,0.481331
5910,0.277759
5911,1.278
5912,0.878095
5913,1.39403
5914,1.11617
5915,0.753218
5916,0.141423
5917,0.258981
5918,0.308819
5919,0.966504
5920,1.06848
5921,0.571666
5922,0.880558
5923,1.81285
5924,0.696352
5925,1.0939
5926,0.813589
5927,0.69385
5928,1.18803
5929,0.495692
5930,0.829859
5931,0.793581
5932,0.490319
5933,0.630337
5934,2.22487
5935,1.10993
5936,0.512169
5937,0.516541
5938,0.430116
5939,0.309128
5940,1.50923
5941,0.315373
5942,0.397723
5943,1.76191
5944,1.61236
5945,0.23457
5946,0.872057
5947,0.172907
5948,0.459875
5949,1.17234
5950,0.405271
5951,0.62519
5952,0.930652
5953,1.31679
5954,1.02847
5955,1.38805
5956,2.98619
5957,0.505908
5958,0.465613
5959,0.736166
5960,0.421346
5961,0.897089
5962,0.599416
5963,0.515819
5964,0.58374
5965,2.4068
5966,0.618165
5967,0.92715
5968,0.57695
5969,1.37727
5970,0.417154
5971,1.61285
5972,0.45539
5973,0.7333
5974,1.21982
5975,1.29745
5976,1.11918
5977,0.290835
5978,0.542157
5979,0.617856
5980,0.918163
5981,1.1293
5982,0.255636
5983,0.566884
5984,0.716125
5985,0.731323
5986,1.11371
5987,1.25082
5988,0.774607
5989,1.88137
5990,0.543242
5991,0.681949
5992,1.12075
5993,1.01964
5994,0.774916
5995,0.907048
5996,0.471706
5997,0.567281
5998,0.504494
5999,0.740892
6000,0.445838
6001,1.38874
6002,1.11874
6003,0.408281
6004,2.80948
6005,0.294346
6006,0.432445
6007,0.395067
6008,1.00887
6009,1.19961
6010,0.682154
6011,0.626629
6012,0.40596
6013,1.17786
6014,2.34996
6015,0.429729
6016,0.770897
6017,0.810503
6018,0.734915
6019,0.37154
6020,0.89101
6021,1.10037
6022,1.89421
6023,0.556994
6024,0.422063
6025,0.547332
6026,0.307586
6027,1.87724
6028,0.495345
6029,1.31088
6030,1.90713
6031,1.7993
6032,2.9183
6033,0.972291
6034,0.634575
6035,0.435352
6036,0.311611
6037,0.457536
6038,0.197109
6039,0.502882
6040,0.302704
6041,0.37878
6042,1.23615
6043,0.566828
6044,0.502781
6045,0.674421
6046,0.558221
6047,0.109372
6048,0.537891
6049,0.756767
6050,1.85225
6051,1.3442
6052,0.338917
6053,1.3291
6054,0.467573
6055,0.859332
6056,0.777245
6057,2.19022
6058,0.899425
6059,1.06101
6060,0.334205
6061,2.3893
6062,0.813752
6063,1.278
6064,0.577758
6065,0.514788
6066,1.45922
6067,2.73738
6068,1.19268
6069,0.324652
6070,0.554272
6071,0.379576
6072,2.0192
6073,2.09447
6074,1.37122
6075,0.815544
6076,1.64889
6077,0.660538
6078,1.1505
6079,0.510635
6080,0.935523
6081,0.298197
6082,1.03813
6083,0.920001
6084,0.427287
6085,0.863639
6086,0.222907
6087,0.435004
6088,0.710348
6089,0.600015
6090,0.383659
6091,4.16618
6092,4.79704
6093,1.20695
6094,0.706593
6095,0.602059
6096,0.59583
6097,0.724916
6098,0.695934
6099,0.263421
6100,0.497032
6101,0.841642
6102,0.881791
6103,2.34691
6104,1.21397
6105,0.719068
6106,1.00238
6107,0.88338
6108,0.472792
6109,0.490858
6110,0.764755
6111,0.519027
6112,0.92343
6113,0.67611
6114,0.684546
6115,2.54772
6116,6.93791
6117,1.5244
6118,0.911266
6119,1.05871
6120,0.700613
6121,0.495296
6122,0.314428
6123,0.55333
6124,2.56177
6125,0.863035
6126,1.52653
6127,0.517679
6128,3.25763
6129,0.847809
6130,1.04002
6131,0.983655
6132,0.501125
6133,1.00977
6134,0.776157
6135,1.47226
6136,0.708433
6137,0.655275
6138,2.97725
6139,0.267135
6140,1.44904
6141,0.106565
6142,0.264742
6143,0.458635
6144,0.498675
6145,0.96692
6146,0.189569
6147,1.93441
6148,0.673276
6149,1.52364
6150,0.7719
6151,1.32168
6152,0.566204
6153,2.14299
6154,0.566771
6155,1.41822
6156,0.954689
6157,0.211824
6158,1.09048
6159,0.114521
6160,1.84209
6161,0.527873
6162,1.23491
6163,1.02031
6164,1.70318
6165,1.86265
6166,0.669985
6167,1.13883
6168,0.687908
6169,0.446596
6170,1.78015
6171,0.575855
6172,0.366411
6173,0.342666
6174,0.167797
6175,1.27558
6176,1.20985
6177,0.736166
6178,0.135742
6179,0.462412
6180,1.69164
6181,1.61107
6182,0.748413
6183,0.866061
6184,0.726512
6185,0.339935
6186,1.98258
6187,0.731689
6188,0.313173
6189,0.765597
6190,0.748713
6191,0.596903
6192,0.870489
6193,2.50653
6194,0.6398
6195,0.528348
6196,1.70933
6197,0.427629
6198,0.522777
6199,0.826463
6200,1.86451
6201,0.73956
6202,0.376326
6203,2.50804
6204,1.35757
6205,0.948247
6206,1.17117
6207,0.720219
6208,0.77639
6209,0.423035
6210,0.569783
6211,2.51557
6212,1.64938
6213,0.706593
6214,1.08842
6215,0.486996
6216,1.72444
6217,0.94536
6218,0.590846
6219,0.699283
6220,0.478117
6221,0.680179
6222,0.525871
6223,0.401961
6224,0.513965
6225,0.749162
6226,0.579204
6227,0.224249
6228,1.01582
6229,0.197306
6230,0.518508
6231,0.257947
6232,0.868055
6233,1.72702
6234,0.179245
6235,2.9713
6236,3.66197
6237,0.307894
6238,1.65483
6239,0.390003
6240,1.02357
6241,2.90084
6242,1.29046
6243,1.2848
6244,0.557998
6245,1.16137
6246,0.499574
6247,0.900325
6248,0.266335
6249,0.611341
6250,1.74246
6251,0.466872
6252,0.481813
6253,0.702156
6254,1.25107
6255,0.979758
6256,1.34932
6257,0.765214
6258,1.17246
6259,0.284222
6260,0.839205
6261,2.47589
6262,0.793105
6263,0.658296
6264,1.4249
6265,0.345418
6266,1.40692
6267,0.703984
6268,0.209507
6269,2.74286
6270,0.355938
6271,0.202099
6272,0.882232
6273,0.301496
6274,2.2671
6275,0.729059
6276,0.571152
6277,1.20202
6278,0.584674
6279,0.284222
6280,0.672738
6281,0.844931
6282,1.61075
6283,4.27592
6284,1.87498
6285,1.12896
6286,0.426092
6287,0.648431
6288,0.750062
6289,0.883292
6290,0.341639
6291,1.7839
6292,0.200288
6293,0.918788
6294,0.488801
6295,1.385
6296,0.67267
6297,0.91632
6298,0.337227
6299,0.726803
6300,0.300893
6301,1.37906
6302,1.00838
6303,2.55896
6304,0.682836
6305,1.0217
6306,0.322066
6307,1.46258
6308,0.531421
6309,2.33404
6310,0.589783
6311,0.536387
6312,1.03107
6313,0.667577
6314,0.639224
6315,0.700263
6316,0.822423
6317,0.318861
6318,1.23788
6319,0.502882
6320,0.282804
6321,0.470999
6322,0.27009
6323,2.63083
6324,0.862172
6325,0.498775
6326,0.307894
6327,0.38251
6328,0.727967
6329,0.631157
6330,0.728112
6331,0.648042
6332,4.49066
6333,1.43433
6334,0.744085
6335,0.738821
6336,0.433658
6337,0.577008
6338,1.0212
6339,0.63521
6340,0.65377
6341,1.38666
6342,0.582923
6343,0.774762
6344,0.51939
6345,0.466592
6346,0.36869
6347,1.34999
6348,0.348541
6349,0.86459
6350,0.389497
6351,1.65351
6352,0.840465
6353,0.600436
6354,1.38279
6355,1.94468
6356,0.745575
6357,0.415988
6358,0.230847
6359,1.04846
6360,0.492481
6361,0.720291
6362,1.10516
6363,0.682222
6364,1.11427
6365,0.759876
6366,0.748563
6367,1.93557
6368,0.494999
6369,0.530625
6370,0.397842
6371,0.727385
6372,4.11649
6373,1.45107
6374,0.835939
6375,0.423713
6376,0.700893
6377,0.573384
6378,1.50396
6379,1.45528
6380,1.12053
6381,0.595592
6382,0.578915
6383,0.407791
6384,0.567054
6385,0.457216
6386,1.14763
6387,2.62164
6388,1.49885
6389,2.32309
6390,0.953992
6391,1.63722
6392,0.71113
6393,0.661927
6394,0.904023
6395,0.645778
6396,0.30851
6397,1.03764
6398,0.646294
6399,0.833018
6400,2.18978
6401,0.268474
6402,0.410861
6403,0.149121
6404,1.56018
6405,1.19686
6406,2.50378
6407,0.356294
6408,0.279152
6409,0.771052
6410,0.848487
6411,0.764449
6412,0.410245
6413,1.08554
6414,0.321744
6415,0.73823
6416,2.46453
6417,0.369945
6418,1.33683
6419,0.920986
6420,1.04262
6421,2.27436
6422,0.285361
6423,0.749537
6424,1.53127
6425,1.07933
6426,1.4072
6427,0.66671
6428,1.04959
6429,0.349588
6430,1.59313
6431,0.552722
6432,1.26263
6433,3.97093
6434,0.926334
6435,0.458223
6436,0.665711
6437,0.126186
6438,1.73742
6439,0.60224
6440,0.258205
6441,3.31017
6442,0.783566
6443,0.356294
6444,0.447804
6445,1.94702
6446,0.215887
6447,0.584207
6448,0.488752
6449,1.47432
6450,0.371428
6451,0.770358
6452,0.786707
6453,0.176753
6454,2.43075
6455,1.90599
6456,2.75661
6457,1.10816
6458,1.11483
6459,0.502078
6460,0.481379
6461,0.286791
6462,0.488019
6463,0.50819
6464,0.566035
6465,0.326606
6466,0.661728
6467,0.440344
6468,1.08137
6469,1.28261
6470,0.444147
6471,1.82248
6472,3.73594
6473,0.288517
6474,2.85765
6475,1.73204
6476,0.707583
6477,0.810341
6478,0.861311
6479,1.26364
6480,0.588782
6481,1.90808
6482,1.39473
6483,0.375574
6484,1.02983
6485,1.27852
6486,2.07467
6487,0.33088
6488,0.603204
6489,0.990929
6490,0.165299
6491,0.303613
6492,0.71291
6493,0.414203
6494,1.27316
6495,1.37369
6496,1.44023
6497,0.663783
6498,0.413996
6499,0.144424
6500,1.2477
6501,0.509513
6502,1.10066
6503,0.678345
6504,0.447401
6505,0.918154
6506,5.37092
6507,0.584207
6508,0.261323
6509,0.756464
6510,1.1284
6511,0.934634
6512,0.256404
6513,1.04473
6514,0.43102
6515,1.69469
6516,1.08892
6517,0.388641
6518,0.883998
6519,1.27138
6520,0.292
6521,0.700192
6522,0.404016
6523,0.419455
6524,1.34178
6525,0.45489
6526,0.538429
6527,0.641658
6528,0.18452
6529,1.21022
6530,0.481524
6531,0.885325
6532,1.08073
6533,1.0146
6534,1.17633
6535,0.966369
6536,0.976676
6537,1.96718
6538,0.423628
6539,0.598158
6540,0.278315
6541,0.90303
6542,1.57051
6543,0.781766
6544,0.807833
6545,2.3608
6546,0.690665
6547,0.479601
6548,0.972515
6549,0.325954
6550,1.05921
6551,0.551121
6552,1.17457
6553,0.209716
6554,0.636291
6555,0.309128
6556,0.296117
6557,0.390901
6558,0.220248
6559,0.867621
6560,1.49063
6561,0.778723
6562,0.363855
6563,0.644294
6564,1.25659
6565,0.532006
6566,0.382357
6567,0.11475
6568,0.180685
6569,0.238115
6570,0.465334
6571,1.46112
6572,0.800515
6573,2.78988
6574,0.370464
6575,1.70353
6576,1.8793
6577,1.40748
6578,0.325954
6579,0.366045
6580,0.828201
6581,0.538267
6582,0.459645
6583,0.788045
6584,0.503335
6585,0.342666
6586,0.620146
6587,0.689768
6588,1.41964
6589,0.257432
6590,1.59776
6591,0.771437
6592,2.29378
6593,0.495742
6594,0.903933
6595,1.51771
6596,1.18448
6597,0.669583
6598,1.13349
6599,0.246104
6600,1.69384
6601,0.429643
6602,0.244388
6603,0.591733
6604,0.634004
6605,2.55231
6606,2.74286
6607,0.105928
6608,0.193399
6609,0.489143
6610,0.427458
6611,0.560066
6612,0.634258
6613,0.547168
6614,0.691011
6615,2.99517
6616,0.581351
6617,2.07508
6618,0.841474
6619,1.42975
6620,0.530625
6621,1.34932
6622,0.324004
6623,0.444369
6624,1.03217
6625,2.30943
6626,0.889674
6627,0.114865
6628,0.73823
6629,0.734254
6630,0.581003
6631,0.333537
6632,1.75769
6633,0.994351
6634,0.398918
6635,1.14878
6636,0.87424
6637,0.315373
6638,0.464822
6639,0.177107
6640,0.243899
6641,1.85373
6642,0.207837
6643,0.451175
6644,0.82193
6645,3.14873
6646,2.00371
6647,0.438279
6648,0.657704
6649,0.412714
6650,1.57397
6651,0.13055
6652,0.776856
6653,0.477973
6654,1.20069
6655,0.343009
6656,0.594223
6657,1.61591
6658,1.56471
6659,2.67139
6660,1.17304
6661,1.14168
6662,1.89971
6663,0.223577
6664,0.727094
6665,1.69571
6666,1.57082
6667,0.560795
6668,0.586314
6669,0.758965
6670,1.12142
6671,0.650184
6672,0.306972
6673,1.16532
6674,1.10453
6675,0.754802
6676,0.676651
6677,0.828449
6678,0.918035
6679,2.3224
6680,1.63689
6681,1.72065
6682,1.1386
6683,0.677463
6684,0.376928
6685,0.233167
6686,0.857615
6687,0.4275
6688,1.96816
6689,1.95463
6690,0.48384
6691,1.22642
6692,2.16214
6693,0.959695
6694,0.364583
6695,0.592503
6696,1.07326
6697,0.733227
6698,0.710348
6699,0.357364
6700,0.573154
6701,1.08086
6702,1.23701
6703,0.914123
6704,0.644681
6705,0.49022
6706,0.860708
6707,0.573728
6708,0.3681
6709,1.78497
6710,1.00524
6711,0.574704
6712,0.587253
6713,1.27737
6714,0.866321
6715,1.12716
6716,1.05688
6717,0.455208
6718,1.88382
6719,2.71828
6720,0.67882
6721,0.591319
6722,0.577065
6723,3.44526
6724,1.60753
6725,0.378363
6726,2.55998
6727,0.243169
6728,0.61619
6729,0.50515
6730,1.20033
6731,0.851207
6732,2.05238
6733,0.598158
6734,1.22888
6735,0.448252
6736,0.24244
6737,0.974169
6738,0.835604
6739,0.441402
6740,1.07523
6741,0.757221
6742,0.630464
6743,0.397444
6744,1.17304
6745,0.178351
6746,1.12367
6747,0.526344
6748,0.594937
6749,0.360235
6750,0.52666
6751,0.731982
6752,1.16195
6753,0.85916
6754,2.50428
6755,0.698863
6756,0.479458
6757,1.44875
6758,0.555604
6759,0.24244
6760,0.619402
6761,2.21356
6762,2.06556
6763,4.45934
6764,0.503435
6765,0.244143
6766,0.466312
6767,0.582573
6768,0.550626
6769,0.132655
6770,0.607927
6771,1.42162
6772,2.26574
6773,0.579088
6774,0.725786
6775,1.08847
6776,1.30356
6777,0.807026
6778,1.04629
6779,0.820944
6780,0.848997
6781,0.674624
6782,0.437403
6783,0.8063
6784,0.33689
6785,2.82922
6786,0.903301
6787,0.875465
6788,0.676177
6789,1.16463
6790,0.413954
6791,0.336216
6792,1.34313
6793,0.727894
6794,0.712482
6795,0.388369
6796,5.92986
6797,0.199289
6798,0.710277
6799,0.575682
6800,2.27414
6801,0.393923
6802,0.451401
6803,1.13202
6804,0.096424
6805,0.334874
6806,0.340957
6807,0.288517
6808,0.479889
6809,0.716125
6810,0.477544
6811,1.9058
6812,0.260279
6813,0.466919
6814,0.770281
6815,0.488557
6816,0.137793
6817,0.585669
6818,1.00391
6819,1.41213
6820,2.08069
6821,0.857872
6822,0.490613
6823,1.64362
6824,0.321744
6825,0.91103
6826,1.17422
6827,0.727312
6828,0.44388
6829,0.570524
6830,1.04625
6831,2.07591
6832,0.306052
6833,0.396888
6834,0.548976
6835,1.52516
6836,0.567338
6837,1.79912
6838,0.317271
6839,0.353101
6840,1.37837
6841,0.96028
6842,0.586255
6843,1.68253
6844,2.04889
6845,0.734107
6846,0.726803
6847,1.41623
6848,0.835354
6849,0.53816
6850,1.40987
6851,1.21568
6852,0.829527
6853,0.693295
6854,0.945738
6855,1.24247
6856,0.600255
6857,0.436224
6858,1.5174
6859,0.314114
6860,0.699842
6861,1.42035
6862,0.839541
6863,0.95659
6864,0.82605
6865,0.349588
6866,1.85967
6867,0.573556
6868,2.46502
6869,2.69043
6870,3.93929
6871,0.532911
6872,0.979728
6873,1.02432
6874,0.591792
6875,0.34889
6876,0.462273
6877,1.38099
6878,0.173948
6879,1.50983
6880,0.329889
6881,0.500574
6882,0.526765
6883,0.798596
6884,0.572925
6885,1.62905
6886,0.581758
6887,0.557217
6888,0.336216
6889,0.66001
6890,0.321101
6891,0.285647
6892,1.41708
6893,0.533551
6894,1.83363
6895,0.972097
6896,0.659416
6897,0.429085
6898,0.573671
6899,1.21519
6900,1.0355
6901,0.629833
6902,1.03776
6903,0.533551
6904,0.165796
6905,1.25948
6906,0.716699
6907,0.241714
6908,0.878622
6909,0.996111
6910,0.568417
6911,0.751263
6912,1.28274
6913,2.11848
6914,0.190901
6915,0.914397
6916,1.03403
6917,1.55597
6918,3.22844
6919,0.549745
6920,1.92495
6921,1.2385
6922,1.67498
6923,0.995275
6924,2.36505
6925,2.15804
6926,1.24945
6927,0.461257
6928,0.696631
6929,3.47641
6930,0.771514
6931,0.42021
6932,0.369834
6933,0.573384
6934,0.349938
6935,0.518041
6936,1.62223
6937,0.440916
6938,0.673411
6939,0.60236
6940,1.04645
6941,0.797957
6942,1.14362
6943,0.500674
6944,3.42465
6945,0.633307
6946,1.89459
6947,0.424561
6948,0.597919
6949,0.634067
6950,1.05059
6951,5.78923
6952,0.49594
6953,2.49603
6954,1.65384
6955,0.790808
6956,2.39624
6957,0.240508
6958,0.159933
6959,1.88627
6960,0.570182
6961,0.544765
6962,0.467713
6963,0.511146
6964,0.498576
6965,0.146022
6966,0.336216
6967,0.506364
6968,0.650834
6969,0.718924
6970,0.504897
6971,0.663385
6972,0.199688
6973,2.3129
6974,0.206801
6975,2.21311
6976,0.556438
6977,0.518404
6978,4.38417
6979,0.470857
6980,0.557607
6981,1.17963
6982,0.542808
6983,0.836859
6984,0.353101
6985,1.33269
6986,1.73291
6987,0.481283
6988,1.72841
6989,0.90742
6990,0.752541
6991,0.815136
6992,0.932133
6993,1.11238
6994,2.385
6995,1.40917
6996,0.656456
6997,2.20097
6998,0.57138
6999,0.469165
7000,5.18101
7001,1.13621
7002,0.985782
7003,0.431667
7004,0.107421
7005,0.960549
7006,0.467666
7007,2.31729
7008,0.349588
7009,1.1466
7010,1.08985
7011,1.43419
7012,0.300292
7013,1.3792
7014,1.11316
7015,0.286218
7016,0.451762
7017,3.88064
7018,1.08184
7019,0.718996
7020,0.578394
7021,0.493368
7022,0.626943
7023,0.663451
7024,1.07337
7025,0.733961
7026,0.573728
7027,2.11425
7028,0.810341
7029,2.52288
7030,0.542048
7031,0.380336
7032,1.84025
7033,1.05634
7034,0.668713
7035,0.446999
7036,1.07562
7037,2.03379
7038,0.32078
7039,1.09977
7040,0.421684
7041,1.1293
7042,1.44239
7043,1.04355
7044,0.526239
7045,0.597441
7046,1.60753
7047,1.24172
7048,0.128606
7049,1.01833
7050,0.814729
7051,0.301194
7052,0.907937
7053,1.2729
7054,0.525976
7055,0.703632
7056,0.991718
7057,0.817831
7058,0.555548
7059,1.23072
7060,1.87836
7061,0.700473
7062,0.52168
7063,0.804608
7064,1.92745
7065,1.58281
7066,1.69029
7067,1.05147
7068,2.48755
7069,0.568872
7070,0.343009
7071,0.646553
7072,1.78069
7073,0.751187
7074,0.708291
7075,1.70421
7076,1.89686
7077,0.658691
7078,0.452893
7079,0.690596
7080,0.130942
7081,0.482681
7082,0.726658
7083,1.37081
7084,0.142987
7085,1.57901
7086,0.33588
7087,0.839541
7088,0.492481
7089,1.34514
7090,1.32339
7091,0.84434
7092,2.26528
7093,0.622383
7094,0.647459
7095,1.1361
7096,1.72702
7097,2.11975
7098,0.878886
7099,0.742673
7100,0.318861
7101,0.949158
7102,1.14534
7103,1.04158
7104,0.404259
7105,0.340275
7106,0.289964
7107,0.428313
7108,1.34918
7109,0.411725
7110,2.4878
7111,0.837361
7112,0.451672
7113,0.733007
7114,0.291417
7115,1.45776
7116,0.409876
7117,1.15142
7118,3.92749
7119,0.748937
7120,1.35189
7121,0.387244
7122,1.85336
7123,0.488508
7124,1.8467
7125,1.80615
7126,0.835187
7127,0.335545
7128,1.69791
7129,1.61704
7130,1.17152
7131,0.216536
7132,2.72372
7133,0.919349
7134,0.446507
7135,1.38334
7136,1.06074
7137,0.798836
7138,0.226276
7139,1.30487
7140,0.438191
7141,1.83089
7142,1.95698
7143,0.520846
7144,3.91181
7145,3.1299
7146,0.81424
7147,0.493171
7148,0.934905
7149,1.05639
7150,0.588252
7151,0.46538
7152,1.04843
7153,1.43405
7154,0.233167
7155,0.688528
7156,1.12232
7157,0.667644
7158,1.15639
7159,2.37572
7160,1.30122
7161,0.997604
7162,0.493171
7163,0.261584
7164,0.407017
7165,1.05242
7166,0.362765
7167,0.339935
7168,0.847809
7169,0.67032
7170,0.558333
7171,1.74525
7172,1.48201
7173,0.675569
7174,1.00704
7175,4.32322
7176,0.810098
7177,0.487434
7178,1.03576
7179,0.364948
7180,0.555882
7181,1.66712
7182,5.14487
7183,1.03575
7184,0.143417
7185,0.464683
7186,0.113268
7187,0.360235
7188,0.514222
7189,0.508546
7190,1.26833
7191,1.20925
7192,1.39752
7193,0.547387
7194,0.414949
7195,0.59197
7196,0.698794
7197,0.212036
7198,1.41949
7199,0.852485
7200,1.07201
7201,0.473928
7202,1.22104
7203,0.228779
7204,2.40945
7205,2.70635
7206,0.493812
7207,0.37013
7208,0.420799
7209,0.494702
7210,1.36084
7211,0.197899
7212,1.32737
7213,0.735724
7214,0.378099
7215,0.742301
7216,0.956543
7217,0.782079
7218,0.281957
7219,1.14557
7220,0.540263
7221,1.15685
7222,1.17645
7223,0.488605
7224,0.645778
7225,0.523405
7226,0.619464
7227,0.920627
7228,0.978778
7229,1.08664
7230,0.688252
7231,0.660274
7232,1.17892
7233,1.48691
7234,0.313486
7235,1.32671
7236,0.486558
7237,0.48544
7238,1.07126
7239,0.646812
7240,0.518093
7241,0.572181
7242,1.36506
7243,0.638905
7244,0.531475
7245,0.666177
7246,0.728039
7247,0.899245
7248,0.889141
7249,1.03034
7250,1.40734
7251,2.09845
7252,2.28645
7253,0.338917
7254,2.26031
7255,0.617547
7256,0.891544
7257,0.640376
7258,0.35665
7259,0.500774
7260,0.753218
7261,0.469588
7262,3.51486
7263,1.65417
7264,0.614713
7265,1.4579
7266,0.5739
7267,0.404461
7268,0.74789
7269,0.679906
7270,1.17904
7271,0.505554
7272,0.582748
7273,0.420547
7274,1.6728
7275,1.26364
7276,1.66646
7277,3.05873
7278,0.294346
7279,1.65715
7280,0.716555
7281,0.645261
7282,0.672872
7283,0.916879
7284,0.836942
7285,0.608353
7286,1.08509
7287,0.971047
7288,0.778178
7289,0.703561
7290,0.387787
7291,1.80074
7292,0.287078
7293,1.20226
7294,1.70984
7295,0.590846
7296,0.962184
7297,1.01831
7298,0.522516
7299,0.609388
7300,0.688665
7301,1.72271
7302,0.598039
7303,1.27583
7304,1.29979
7305,0.545147
7306,0.789781
7307,0.64423
7308,0.394396
7309,0.471659
7310,2.53654
7311,1.45485
7312,0.354162
7313,0.659219
7314,0.74245
7315,1.60512
7316,3.46253
7317,2.29676
7318,0.665844
7319,0.177817
7320,0.953839
7321,2.23759
7322,0.330219
7323,0.658033
7324,0.532326
7325,0.841727
7326,0.394435
7327,1.47757
7328,0.427885
7329,1.07841
7330,0.725713
7331,0.846623
7332,0.715481
7333,0.436879
7334,0.926001
7335,0.731104
7336,0.512374
7337,3.78104
7338,1.21458
7339,0.822999
7340,0.796921
7341,0.980552
7342,0.791204
7343,3.58228
7344,0.381784
7345,0.733447
7346,0.425326
7347,0.436224
7348,1.51664
7349,1.13803
7350,1.54373
7351,1.00743
7352,1.17621
7353,0.890742
7354,0.410327
7355,0.94087
7356,0.897358
7357,0.473407
7358,1.53557
7359,0.458498
7360,1.71687
7361,4.69266
7362,1.41893
7363,4.37541
7364,2.29355
7365,1.24982
7366,0.569669
7367,0.869184
7368,0.950136
7369,0.980993
7370,2.09258
7371,0.527029
7372,1.54899
7373,0.924169
7374,1.95326
7375,1.00355
7376,1.32525
7377,0.75239
7378,0.6432
7379,0.172907
7380,1.68085
7381,1.01695
7382,0.58409
7383,0.435048
7384,0.315373
7385,2.08423
7386,0.220689
7387,0.19052
7388,1.02392
7389,0.251579
7390,2.0809
7391,0.390589
7392,1.01959
7393,1.30408
7394,1.63526
7395,1.35216
7396,1.58899
7397,0.780438
7398,2.17168
7399,1.03406
7400,0.539669
7401,0.852229
7402,0.483937
7403,0.299692
7404,1.13383
7405,0.39235
7406,0.583273
7407,0.856758
7408,0.840297
7409,3.31017
7410,2.61954
7411,0.666177
7412,0.505251
7413,1.24284
7414,0.533125
7415,0.473549
7416,0.794931
7417,2.33357
7418,0.5799
7419,0.692671
7420,0.851973
7421,0.669583
7422,1.19244
7423,1.18211
7424,0.666977
7425,0.760256
7426,0.721805
7427,0.722527
7428,0.416404
7429,0.501426
7430,1.72271
7431,1.18128
7432,0.281675
7433,1.53235
7434,0.989001
7435,2.045
7436,0.603083
7437,0.630968
7438,1.95033
7439,0.996974
7440,1.71326
7441,0.423331
7442,0.171187
7443,0.743862
7444,0.903301
7445,1.49676
7446,0.971533
7447,2.43708
7448,1.55053
7449,0.408771
7450,1.83162
7451,1.03969
7452,0.125808
7453,0.472367
7454,0.989238
7455,0.341298
7456,0.329889
7457,0.283654
7458,1.0782
7459,0.653639
7460,1.1959
7461,0.435657
7462,0.586255
7463,0.554771
7464,1.70813
7465,0.612381
7466,2.20031
7467,3.72475
7468,1.89667
7469,0.541452
7470,0.32078
7471,0.672334
7472,1.36588
7473,1.42675
7474,1.37149
7475,1.09877
7476,1.25936
7477,1.44441
7478,2.18562
7479,1.92264
7480,1.07621
7481,0.377796
7482,0.190901
7483,0.416362
7484,0.775614
7485,0.75224
7486,6.07997
7487,0.55616
7488,2.21577
7489,0.566035
7490,0.601156
7491,0.420799
7492,0.40775
7493,1.7083
7494,0.674421
7495,0.790887
7496,1.82887
7497,1.69266
7498,0.367144
7499,0.531262
7500,0.275271
7501,0.873803
7502,0.439068
7503,1.6713
7504,1.42347
7505,1.0254
7506,2.22287
7507,0.24244
7508,1.60705
7509,1.24247
7510,2.92706
7511,1.64823
7512,0.556382
7513,0.360235
7514,0.290544
7515,3.00717
7516,0.250825
7517,1.09157
7518,11.858
7519,0.1764
7520,2.68022
7521,0.617485
7522,0.354871
7523,0.634448
7524,0.982613
7525,0.892436
7526,0.2334
7527,0.516128
7528,1.73968
7529,0.539669
7530,1.23146
7531,0.609327
7532,0.688183
7533,0.530996
7534,2.27141
7535,1.3379
7536,0.495147
7537,1.26402
7538,1.1872
7539,0.406854
7540,1.40481
7541,0.243899
7542,0.682222
7543,0.694822
7544,0.53089
7545,1.11338
7546,0.799715
7547,0.370353
7548,0.451085
7549,1.03339
7550,0.505352
7551,1.59122
7552,1.49526
7553,2.31544
7554,1.27622
7555,1.87161
7556,0.952562
7557,1.17292
7558,2.95648
7559,2.49278
7560,0.335545
7561,1.2812
7562,0.582748
7563,0.685573
7564,1.55846
7565,0.368579
7566,1.41949
7567,0.546238
7568,0.141564
7569,0.418742
7570,2.28394
7571,1.31824
7572,0.816768
7573,0.739116
7574,1.55691
7575,0.592147
7576,0.219369
7577,1.08151
7578,0.765903
7579,0.904656
7580,0.812857
7581,0.333871
7582,0.578105
7583,1.57602
7584,1.29512
7585,1.06376
7586,0.369354
7587,0.189949
7588,1.4996
7589,0.474829
7590,0.479026
7591,1.5735
7592,1.655
7593,0.250574
7594,0.81685
7595,1.7914
7596,0.797638
7597,1.60448
7598,1.43577
7599,0.535368
7600,4.48617
7601,0.432402
7602,0.676989
7603,0.631789
7604,2.04869
7605,0.788439
7606,0.446909
7607,0.391527
7608,0.770512
7609,0.51856
7610,1.50321
7611,1.37727
7612,0.239548
7613,0.230156
7614,0.292293
7615,1.96423
7616,1.24558
7617,1.49242
7618,0.909564
7619,1.89857
7620,1.56455
7621,0.749687
7622,1.67783
7623,3.83052
7624,1.80905
7625,0.806945
7626,3.05873
7627,0.578336
7628,2.69204
7629,1.06033
7630,1.24982
7631,0.881615
7632,0.352044
7633,0.257689
7634,1.70165
7635,1.11472
7636,0.713837
7637,1.1378
7638,0.669115
7639,1.83988
7640,1.04298
7641,0.500975
7642,1.72979
7643,0.609998
7644,0.851207
7645,0.708645
7646,0.568758
7647,1.84375
7648,0.880029
7649,1.19818
7650,0.506516
7651,2.91247
7652,1.46668
7653,0.314114
7654,0.549031
7655,1.70933
7656,0.327915
7657,0.834686
7658,1.76086
7659,1.12908
7660,0.325954
7661,0.466685
7662,0.512221
7663,0.677802
7664,0.325954
7665,1.66846
7666,0.842148
7667,1.14156
7668,0.309128
7669,1.02607
7670,0.886477
7671,1.28338
7672,0.594937
7673,1.3622
7674,0.833101
7675,1.18353
7676,0.704336
7677,0.464126
7678,0.393215
7679,1.06922
7680,1.78854
7681,1.51271
7682,0.691011
7683,0.848487
7684,0.300893
7685,0.972505
7686,0.4774
7687,0.571609
7688,0.394672
7689,0.255892
7690,0.198692
7691,1.93209
7692,0.748264
7693,0.307279
7694,0.649144
7695,1.07474
7696,0.619588
7697,0.85274
7698,1.03328
7699,2.34715
7700,1.52592
7701,1.54049
7702,0.691218
7703,0.642364
7704,2.27391
7705,2.70987
7706,0.376514
7707,1.21969
7708,0.34611
7709,0.565243
7710,0.285076
7711,1.49571
7712,1.81612
7713,0.248578
7714,0.261584
7715,0.842148
7716,2.25511
7717,0.346456
7718,1.44138
7719,0.659944
7720,0.707442
7721,0.752917
7722,0.495891
7723,0.442772
7724,0.715124
7725,0.624253
7726,0.462042
7727,1.38431
7728,0.898975
7729,1.80092
7730,0.277204
7731,0.329559
7732,0.405473
7733,0.833685
7734,0.904023
7735,0.461303
7736,1.31785
7737,1.55909
7738,0.714766
7739,1.42832
7740,0.488996
7741,0.434135
7742,0.500874
7743,1.43333
7744,0.769742
7745,2.31706
7746,0.730227
7747,0.759876
7748,1.47079
7749,0.493072
7750,0.320139
7751,0.171187
7752,0.264742
7753,0.971387
7754,0.476256
7755,1.01345
7756,1.51377
7757,0.360956
7758,0.155051
7759,1.55659
7760,2.47639
7761,1.08856
7762,2.32147
7763,1.89572
7764,1.67615
7765,0.822012
7766,1.26036
7767,1.92418
7768,1.3395
7769,0.700333
7770,3.51135
7771,0.398798
7772,0.334205
7773,1.50245
7774,0.335545
7775,0.822259
7776,0.683041
7777,1.62954
7778,1.55038
7779,0.515149
7780,0.794136
7781,0.328243
7782,2.2671
7783,1.10938
7784,0.172217
7785,0.445125
7786,3.82286
7787,0.470105
7788,0.794057
7789,0.778334
7790,0.91102
7791,0.18452
7792,1.86079
7793,1.10216
7794,0.961155
7795,0.278873
7796,0.72673
7797,3.55374
7798,1.2274
7799,0.577931
7800,1.78747
7801,2.74835
7802,0.814647
7803,0.884352
7804,1.18128
7805,0.770358
7806,0.47783
7807,1.37837
7808,2.33848
7809,0.355582
7810,0.68393
7811,0.374524
7812,0.214167
7813,0.478069
7814,0.695239
7815,1.46785
7816,1.18625
7817,0.723757
7818,1.97092
7819,0.612749
7820,0.741337
7821,0.890742
7822,1.24471
7823,0.485197
7824,0.486898
7825,1.89648
7826,1.03654
7827,1.32671
7828,2.3893
7829,0.925436
7830,0.644939
7831,1.62028
7832,0.728768
7833,0.548976
7834,0.463198
7835,1.9211
7836,0.817912
7837,0.233868
7838,2.74835
7839,0.992187
7840,0.596903
7841,0.374337
7842,1.3097
7843,0.42021
7844,0.515046
7845,0.553884
7846,1.56753
7847,0.951772
7848,0.193786
7849,0.438279
7850,0.468837
7851,0.68311
7852,1.05943
7853,0.730446
7854,1.08513
7855,0.379348
7856,1.01766
7857,1.06395
7858,1.08779
7859,0.954126
7860,0.997488
7861,0.533125
7862,0.326933
7863,1.50215
7864,1.07751
7865,0.981582
7866,0.880822
7867,0.24635
7868,0.522725
7869,2.45567
7870,0.45749
7871,0.284506
7872,0.615389
7873,0.509717
7874,0.572925
7875,0.51089
7876,0.169314
7877,0.87424
7878,0.742524
7879,0.664115
7880,0.834268
7881,0.228779
7882,2.17146
7883,1.57586
7884,0.561861
7885,0.930819
7886,0.549965
7887,0.861655
7888,0.165796
7889,0.581235
7890,0.548044
7891,1.14328
7892,0.926529
7893,0.678141
7894,0.606591
7895,0.57241
7896,2.34902
7897,0.232004
7898,0.832185
7899,0.416779
7900,0.436791
7901,0.415863
7902,0.341639
7903,0.393215
7904,0.223577
7905,0.246104
7906,0.465287
7907,0.292585
7908,2.52793
7909,0.398001
7910,0.409835
7911,0.988744
7912,1.09154
7913,0.987696
7914,0.991671
7915,2.17581
7916,1.4996
7917,2.35161
7918,1.80182
7919,1.94955
7920,3.07714
7921,0.635083
7922,0.467199
7923,0.469823
7924,1.54034
7925,0.539183
7926,0.833518
7927,0.480273
7928,0.952419
7929,0.446105
7930,0.633877
7931,2.67219
7932,0.44673
7933,0.594045
7934,0.141848
7935,0.431322
7936,0.423458
7937,5.09877
7938,0.781219
7939,1.56596
7940,0.689699
7941,1.88344
7942,0.350638
7943,0.328572
7944,0.876341
7945,0.381441
7946,0.432272
7947,0.862
7948,2.18497
7949,0.411519
7950,0.474592
7951,1.4792
7952,0.921079
7953,0.531103
7954,2.2171
7955,0.30331
7956,1.44542
7957,1.33256
7958,0.418993
7959,0.831936
7960,1.18483
7961,0.526134
7962,0.649859
7963,0.953439
7964,0.492333
7965,1.01271
7966,0.289384
7967,0.56836
7968,0.423162
7969,0.540533
7970,0.686465
7971,1.17539
7972,0.768127
7973,0.583798
7974,2.20648
7975,0.940165
7976,1.62694
7977,0.261323
7978,1.05764
7979,0.876166
7980,0.857186
7981,0.345073
7982,1.00178
7983,0.974462
7984,0.415447
7985,0.260279
7986,0.862517
7987,1.28943
7988,0.476351
7989,1.20647
7990,0.725859
7991,0.73308
7992,1.67816
7993,0.593511
7994,0.825059
7995,0.152896
7996,0.448207
7997,0.573556
7998,0.936346
7999,0.799395
8000,1.9288
8001,1.01365
8002,0.42257
8003,1.42632
8004,0.135471
8005,2.20141
8006,0.735062
8007,0.842906
8008,0.792233
8009,1.01488
8010,0.476732
8011,1.32551
8012,1.35486
8013,1.60464
8014,1.08192
8015,0.714409
8016,0.291709
8017,0.31632
8018,0.523824
8019,0.46762
8020,0.433701
8021,0.609998
8022,0.175696
8023,1.24297
8024,0.541019
8025,0.929768
8026,5.23832
8027,0.762464
8028,0.650639
8029,0.615389
8030,0.747142
8031,0.464172
8032,1.61753
8033,0.600676
8034,1.15373
8035,1.49123
8036,0.801556
8037,1.75786
8038,1.35948
8039,1.04252
8040,0.751488
8041,1.20454
8042,0.956361
8043,1.30787
8044,0.334205
8045,0.519234
8046,1.10243
8047,1.7191
8048,0.446329
8049,0.46255
8050,0.169653
8051,1.17375
8052,0.435004
8053,0.431883
8054,0.3138
8055,0.416987
8056,0.412838
8057,0.875903
8058,0.357722
8059,0.227865
8060,0.347844
8061,0.481475
8062,1.24185
8063,0.390394
8064,1.1781
8065,0.9226
8066,0.606288
8067,0.716699
8068,0.52017
8069,1.43936
8070,0.64623
8071,0.564508
8072,0.355582
8073,1.3978
8074,0.689079
8075,0.888607
8076,2.47936
8077,0.811801
8078,0.627131
8079,2.99517
8080,2.51758
8081,0.662324
8082,0.888252
8083,3.66197
8084,0.163164
8085,2.03155
8086,0.653704
8087,1.22287
8088,0.652529
8089,0.735577
8090,1.12614
8091,1.77447
8092,0.588252
8093,0.616252
8094,1.38306
8095,1.07726
8096,0.801396
8097,0.404947
8098,0.481861
8099,3.81904
8100,0.615697
8101,0.931974
8102,0.353808
8103,2.19526
8104,0.270631
8105,1.40074
8106,0.491448
8107,0.531794
8108,1.00472
8109,1.0896
8110,1.33669
8111,1.17975
8112,1.55722
8113,0.962742
8114,0.244632
8115,1.42675
8116,1.47698
8117,0.612443
8118,0.443614
8119,1.06514
8120,1.29914
8121,0.144424
8122,0.208045
8123,1.25747
8124,1.74543
8125,0.901225
8126,0.3138
8127,0.121117
8128,0.477162
8129,0.486314
8130,2.34762
8131,0.813101
8132,3.28051
8133,0.480658
8134,0.849421
8135,1.26327
8136,2.13166
8137,0.835772
8138,0.988764
8139,2.55512
8140,1.59632
8141,2.76212
8142,0.287366
8143,2.25376
8144,0.503737
8145,1.03184
8146,1.67397
8147,8.7846
8148,0.930847
8149,0.806783
8150,0.396849
8151,4.01887
8152,0.824317
8153,0.311611
8154,0.653182
8155,0.736092
8156,0.73543
8157,0.502329
8158,1.09462
8159,0.853082
8160,0.739264
8161,1.15754
8162,3.40757
8163,0.497281
8164,0.400196
8165,0.373253
8166,1.10871
8167,0.330549
8168,0.269281
8169,0.352748
8170,0.32271
8171,3.58587
8172,3.00717
8173,0.273077
8174,0.388485
8175,0.687839
8176,1.81122
8177,0.247091
8178,0.244143
8179,0.623816
8180,0.496536
8181,0.288229
8182,1.33149
8183,2.38954
8184,1.04253
8185,1.9808
8186,2.1968
8187,0.958659
8188,0.236928
8189,0.506516
8190,0.649144
8191,0.678277
8192,0.36204
8193,0.643714
8194,0.425283
8195,0.343695
8196,0.504645
8197,2.59011
8198,0.707866
8199,0.911367
8200,0.65279
8201,0.507073
8202,1.4408
8203,0.441402
8204,1.54806
8205,0.963214
8206,0.553164
8207,1.22446
8208,0.173774
8209,0.360595
8210,1.5244
8211,1.73325
8212,1.65285
8213,2.05341
8214,0.93014
8215,0.882585
8216,0.222462
8217,1.07285
8218,1.91458
8219,0.762464
8220,0.253599
8221,0.547058
8222,0.229008
8223,0.572696
8224,1.00457
8225,0.520378
8226,2.06473
8227,0.782157
8228,0.759268
8229,0.649599
8230,0.405514
8231,0.389263
8232,1.00185
8233,1.96796
8234,0.801717
8235,0.372954
8236,1.06635
8237,0.907438
8238,0.782705
8239,1.97467
8240,0.833601
8241,0.562255
8242,0.444725
8243,0.435048
8244,0.308819
8245,1.0138
8246,2.07944
8247,2.45027
8248,0.998151
8249,0.485003
8250,0.594639
8251,2.37833
8252,0.339596
8253,1.01438
8254,0.706311
8255,1.05763
8256,0.865195
8257,0.68901
8258,0.24099
8259,0.527451
8260,0.517731
8261,1.01433
8262,1.8718
8263,2.61457
8264,1.57822
8265,0.945672
8266,1.07206
8267,0.678616
8268,1.02625
8269,0.671662
8270,0.466639
8271,0.58649
8272,2.43586
8273,0.677057
8274,0.7403
8275,0.757448
8276,0.282804
8277,0.883027
8278,2.55129
8279,0.299692
8280,1.04698
8281,2.385
8282,0.599356
8283,0.355226
8284,0.823246
8285,0.347149
8286,0.819222
8287,1.18459
8288,0.409303
8289,1.66913
8290,2.35702
8291,1.50456
8292,0.629519
8293,0.39349
8294,1.45354
8295,2.97427
8296,0.341639
8297,0.888518
8298,0.410327
8299,3.12052
8300,0.775227
8301,1.56816
8302,0.482005
8303,1.23269
8304,1.04508
8305,0.429171
8306,0.692117
8307,0.94783
8308,0.260019
8309,0.912014
8310,0.224249
8311,1.54249
8312,0.221131
8313,0.840885
8314,0.584733
8315,1.75102
8316,1.42604
8317,0.882497
8318,1.80887
8319,0.610364
8320,0.984275
8321,0.977243
8322,0.561131
8323,0.411601
8324,0.667911
8325,0.432272
8326,1.08109
8327,0.433831
8328,0.737935
8329,1.63477
8330,0.498625
8331,0.160253
8332,1.56502
8333,7.36692
8334,0.427843
8335,0.419916
8336,0.655865
8337,0.424009
8338,2.34949
8339,0.402484
8340,0.247091
8341,0.752842
8342,0.379045
8343,0.387167
8344,0.560571
8345,1.05643
8346,0.376928
8347,0.792391
8348,1.06398
8349,0.610181
8350,1.09247
8351,1.13667
8352,0.930466
8353,1.90218
8354,0.710561
8355,0.518352
8356,0.396888
8357,1.14821
8358,0.888163
8359,0.96384
8360,0.88338
8361,0.674219
8362,1.04358
8363,2.55282
8364,1.8408
8365,1.00165
8366,0.872581
8367,0.747217
8368,0.784115
8369,1.4134
8370,0.944216
8371,0.524977
8372,1.71669
8373,1.45165
8374,0.444591
8375,0.57695
8376,1.40396
8377,0.648171
8378,1.80868
8379,0.343695
8380,0.999251
8381,1.07774
8382,1.73499
8383,2.11066
8384,2.27641
8385,0.73286
8386,2.63663
8387,2.9713
8388,0.41383
8389,0.227638
8390,0.460796
8391,0.47678
8392,0.422232
8393,0.237877
8394,1.91803
8395,1.44268
8396,0.524191
8397,1.94235
8398,0.627445
8399,0.444903
8400,1.57067
8401,0.72673
8402,0.451943
8403,0.123935
8404,1.2037
8405,0.734768
8406,0.650184
8407,0.767283
8408,0.182319
8409,0.558724
8410,0.400276
8411,0.310367
8412,1.04742
8413,0.381555
8414,1.03578
8415,1.6713
8416,0.234102
8417,2.05361
8418,1.0471
8419,0.572467
8420,0.488215
8421,1.08331
8422,0.523143
8423,1.05452
8424,1.72237
8425,1.74159
8426,2.40296
8427,5.3388
8428,1.45805
8429,4.68797
8430,0.524453
8431,0.993633
8432,1.27278
8433,1.61753
8434,0.286218
8435,0.389458
8436,0.325954
8437,0.258981
8438,1.53173
8439,3.51135
8440,0.194758
8441,1.61494
8442,0.828035
8443,1.33083
8444,0.439508
8445,0.869271
8446,0.493171
8447,0.432748
8448,2.40608
8449,0.989535
8450,0.511044
8451,0.264477
8452,2.30689
8453,0.712126
8454,2.41573
8455,0.4913
8456,0.671125
8457,0.378742
8458,0.554106
8459,1.04243
8460,0.504292
8461,1.51649
8462,1.86638
8463,0.939225
8464,0.265007
8465,4.91848
8466,0.585259
8467,0.226502
8468,2.8434
8469,3.50433
8470,1.38902
8471,0.55744
8472,1.11327
8473,0.606773
8474,1.71584
8475,1.55987
8476,3.52895
8477,0.494801
8478,0.668579
8479,2.43099
8480,0.482777
8481,0.480321
8482,2.33731
8483,2.37691
8484,0.275546
8485,0.307894
8486,0.466032
8487,0.600015
8488,0.725568
8489,0.478308
8490,0.441711
8491,0.280271
8492,1.98735
8493,1.36629
8494,0.570353
8495,0.345764
8496,2.23491
8497,0.969088
8498,0.123564
8499,0.749462
8500,0.969068
8501,0.352044
8502,0.534513
8503,0.288806
8504,0.457994
8505,1.26605
8506,1.14958
8507,0.583798
8508,1.4249
8509,0.629204
8510,0.504494
8511,0.89682
8512,1.24085
8513,0.80945
8514,0.165796
8515,0.271715
8516,1.2884
8517,2.26755
8518,0.434613
8519,0.421178
8520,2.94468
8521,0.313173
8522,0.669115
8523,0.583973
8524,1.36097
8525,0.722166
8526,1.03924
8527,0.347497
8528,0.42122
8529,0.499674
8530,1.83217
8531,0.759268
8532,0.659021
8533,0.821191
8534,1.42234
8535,1.12524
8536,0.675974
8537,0.846538
8538,0.566941
8539,0.959628
8540,2.19197
8541,1.61996
8542,0.380831
8543,0.536548
8544,1.57381
8545,0.820288
8546,0.528982
8547,0.611953
8548,0.440784
8549,1.26579
8550,1.38847
8551,0.727021
8552,1.05825
8553,0.552998
8554,1.58582
8555,0.562874
8556,0.193206
8557,0.777167
8558,0.894491
8559,0.439552
8560,0.68571
8561,0.237165
8562,0.496685
8563,0.918393
8564,2.65196
8565,1.49496
8566,0.74647
8567,2.70987
8568,1.36615
8569,0.615882
8570,0.154741
8571,0.189759
8572,0.470622
8573,1.20611
8574,1.17857
8575,0.71398
8576,1.5408
8577,0.980434
8578,0.295821
8579,0.789702
8580,0.928152
8581,0.312547
8582,0.0747206
8583,1.17093
8584,0.68011
8585,1.48023
8586,2.92414
8587,1.08277
8588,3.58945
8589,1.1126
8590,0.471989
8591,0.185816
8592,1.16766
8593,0.871186
8594,0.510686
8595,1.24346
8596,0.373215
8597,1.35053
8598,0.483695
8599,0.941878
8600,0.723467
8601,1.19698
8602,0.695447
8603,0.506972
8604,0.695586
8605,0.617856
8606,1.15743
8607,3.1299
8608,0.712269
8609,0.584499
8610,0.419371
8611,3.04043
8612,3.01018
8613,0.774762
8614,0.248329
8615,1.10716
8616,0.535958
8617,0.829942
8618,2.19614
8619,0.89467
8620,0.395265
8621,0.502731
8622,0.531953
8623,2.05958
8624,2.14771
8625,0.974218
8626,2.28988
8627,0.921512
8628,0.48162
8629,1.56878
8630,0.237877
8631,0.266868
8632,1.32565
8633,1.20961
8634,0.597799
8635,0.761626
8636,0.616436
8637,1.25496
8638,0.609205
8639,1.64066
8640,0.854704
8641,0.307586
8642,0.831271
8643,0.511606
8644,0.467947
8645,0.197109
8646,0.516283
8647,1.54496
8648,1.35405
8649,0.773755
8650,0.746993
8651,0.273624
8652,0.937236
8653,1.58297
8654,2.63215
8655,1.42775
8656,1.44138
8657,1.20816
8658,1.12098
8659,0.965982
8660,0.960444
8661,1.35907
8662,0.426689
8663,2.65276
8664,1.39361
8665,0.449509
8666,1.10145
8667,0.500624
8668,0.205358
8669,0.664912
8670,1.09707
8671,0.644874
8672,0.714695
8673,0.234805
8674,1.14981
8675,2.7511
8676,0.283938
8677,1.20732
8678,0.843074
8679,0.766133
8680,1.66729
8681,1.29137
8682,0.131467
8683,0.151981
8684,1.13883
8685,0.810503
8686,1.90237
8687,0.196126
8688,1.28467
8689,0.970678
8690,0.0971985
8691,0.462365
8692,0.362402
8693,0.896461
8694,0.549416
8695,0.960424
8696,0.829693
8697,0.933392
8698,0.52069
8699,0.910948
8700,1.84504
8701,0.488899
8702,1.29162
8703,0.341639
8704,0.989407
8705,0.318542
8706,0.679431
8707,1.25257
8708,0.645132
8709,3.05262
8710,2.68505
8711,1.01546
8712,0.825967
8713,0.945568
8714,0.377607
8715,0.394002
8716,0.197899
8717,1.22826
8718,0.461441
8719,1.79571
8720,0.770974
8721,2.4633
8722,0.232469
8723,0.547441
8724,0.777478
8725,0.258981
8726,2.27596
8727,1.24857
8728,1.53495
8729,0.373925
8730,0.256404
8731,0.896641
8732,0.414949
8733,0.569612
8734,1.03179
8735,1.42177
8736,1.14786
8737,1.51907
8738,0.158817
8739,0.239309
8740,0.203926
8741,0.438235
8742,0.320139
8743,1.54759
8744,0.678345
8745,2.21024
8746,0.546402
8747,0.686808
8748,1.23158
8749,0.204334
8750,1.0585
8751,0.153202
8752,0.626128
8753,0.283938
8754,0.802439
8755,0.972953
8756,0.629015
8757,0.611036
8758,0.556271
8759,1.0685
8760,1.28287
8761,0.525871
8762,0.677192
8763,0.548428
8764,1.1959
8765,1.62158
8766,0.431667
8767,0.390198
8768,0.894402
8769,0.540641
8770,0.287078
8771,1.693
8772,0.383429
8773,0.538752
8774,0.646101
8775,0.208462
8776,0.982259
8777,0.776546
8778,0.910793
8779,0.447849
8780,0.610608
8781,1.02885
8782,0.676583
8783,0.901045
8784,1.16988
8785,0.458314
8786,4.54033
8787,1.1221
8788,0.424688
8789,0.499424
8790,0.529512
8791,0.506313
8792,0.467386
8793,0.82078
8794,1.86246
8795,0.338917
8796,0.690389
8797,0.99892
8798,3.34678
8799,2.19328
8800,0.481379
8801,0.32078
8802,0.399876
8803,0.261584
8804,0.432315
8805,0.198097
8806,1.33857
8807,2.58493
8808,0.848572
8809,0.865195
8810,0.823987
8811,0.732421
8812,0.19071
8813,0.828863
8814,1.54095
8815,0.181954
8816,0.579146
8817,0.779736
8818,0.465055
8819,0.462828
8820,0.444458
8821,1.12165
8822,1.36561
8823,0.673007
8824,1.04106
8825,3.01018
8826,0.726294
8827,0.326933
8828,0.479266
8829,0.637246
8830,0.578047
8831,2.87485
8832,0.34889
8833,0.24244
8834,1.15477
8835,1.06155
8836,0.852911
8837,0.667377
8838,4.4371
8839,1.16859
8840,0.669851
8841,0.263949
8842,0.41824
8843,0.176224
8844,0.451446
8845,0.545092
8846,2.53198
8847,0.44074
8848,0.877569
8849,0.636991
8850,0.218057
8851,1.21179
8852,0.547989
8853,0.756616
8854,0.339596
8855,0.974384
8856,0.571438
8857,1.473
8858,0.240268
8859,0.788439
8860,2.06391
8861,0.939798
8862,0.759724
8863,0.599236
8864,4.77312
8865,0.886123
8866,1.39892
8867,0.400076
8868,0.273077
8869,0.341639
8870,0.62419
8871,1.18863
8872,0.36976
8873,1.27176
8874,0.461303
8875,0.467433
8876,0.662656
8877,0.619588
8878,0.555882
8879,0.304526
8880,1.37589
8881,0.346802
8882,0.371763
8883,0.784978
8884,0.913803
8885,1.00114
8886,0.563099
8887,0.427329
8888,0.495246
8889,0.627821
8890,0.326933
8891,1.0714
8892,1.44138
8893,1.61511
8894,0.50987
8895,0.767359
8896,0.22605
8897,1.42106
8898,0.714623
8899,0.390745
8900,2.24993
8901,2.05793
8902,0.337227
8903,1.6333
8904,4.34924
8905,0.140156
8906,2.20141
8907,0.503435
8908,2.11488
8909,0.849166
8910,2.38286
8911,1.08781
8912,0.300292
8913,0.818403
8914,0.32923
8915,0.925075
8916,0.682632
8917,1.26605
8918,1.62418
8919,0.410943
8920,1.01022
8921,0.223353
8922,0.576719
8923,0.397723
8924,0.282804
8925,0.781453
8926,2.28051
8927,0.722022
8928,0.606227
8929,0.299093
8930,1.83089
8931,0.255892
8932,0.335209
8933,0.959359
8934,0.760712
8935,1.1361
8936,0.66631
8937,1.28069
8938,0.845946
8939,0.536065
8940,0.338917
8941,1.15338
8942,1.05675
8943,1.33296
8944,0.587664
8945,0.870228
8946,0.754349
8947,0.933028
8948,1.20828
8949,1.72564
8950,0.300292
8951,0.433224
8952,4.55853
8953,0.864331
8954,2.7871
8955,0.277482
8956,1.19017
8957,0.642814
8958,0.207008
8959,1.18022
8960,0.986374
8961,0.706735
8962,1.50155
8963,0.329889
8964,0.538052
8965,1.98357
8966,0.139457
8967,0.269281
8968,2.68532
8969,2.16149
8970,1.95307
8971,0.645068
8972,0.165134
8973,0.455117
8974,0.639992
8975,1.54172
8976,6.26513
8977,0.955816
8978,0.909491
8979,0.356294
8980,0.852229
8981,0.47559
8982,0.170163
8983,0.563888
8984,0.804125
8985,1.12998
8986,0.34611
8987,2.40849
8988,0.96576
8989,1.07221
8990,1.90866
8991,1.44831
8992,0.836106
8993,1.10805
8994,0.619464
8995,0.613669
8996,1.03167
8997,0.868402
8998,0.403411
8999,2.64323
9000,1.46991
9001,1.09698
9002,0.799955
9003,0.507885
9004,0.972029
9005,0.676245
9006,0.729424
9007,3.64735
9008,1.97329
9009,0.369945
9010,0.610975
9011,0.612198
9012,0.375611
9013,1.42632
9014,0.186934
9015,1.03767
9016,0.707796
9017,1.46829
9018,0.49485
9019,0.502932
9020,2.0192
9021,1.66812
9022,0.240508
9023,1.39111
9024,0.758585
9025,1.19518
9026,0.976676
9027,0.459416
9028,0.74774
9029,0.319819
9030,0.751187
9031,0.815625
9032,0.466545
9033,0.285076
9034,0.983793
9035,2.25106
9036,0.513041
9037,0.321744
9038,0.237402
9039,1.46155
9040,1.54635
9041,0.551066
9042,0.789307
9043,0.456074
9044,2.64799
9045,1.68489
9046,0.963965
9047,0.723178
9048,1.20695
9049,0.697397
9050,0.897717
9051,0.897987
9052,0.225824
9053,1.0013
9054,0.893597
9055,2.00051
9056,0.575394
9057,1.26125
9058,0.316637
9059,0.783723
9060,0.717774
9061,1.62142
9062,2.7456
9063,1.27367
9064,0.800275
9065,1.55613
9066,1.54589
9067,0.399996
9068,0.344728
9069,0.280551
9070,0.676583
9071,0.588193
9072,1.98179
9073,0.502229
9074,1.24147
9075,0.640248
9076,1.9806
9077,0.77997
9078,0.174122
9079,0.400316
9080,0.552777
9081,0.249824
9082,1.05655
9083,1.67833
9084,0.326933
9085,0.379311
9086,0.635337
9087,1.30669
9088,0.6354
9089,1.03703
9090,0.755179
9091,0.352748
9092,0.494109
9093,0.257947
9094,4.44153
9095,0.935261
9096,1.32976
9097,1.02576
9098,1.16498
9099,0.385698
9100,0.280271
9101,0.486996
9102,2.24566
9103,0.623566
9104,0.989891
9105,1.43276
9106,0.825554
9107,2.82922
9108,0.725641
9109,0.419958
9110,0.72753
9111,0.554993
9112,0.279711
9113,0.483357
9114,1.91899
9115,0.921797
9116,0.670655
9117,2.52793
9118,1.55504
9119,0.297601
9120,0.657902
9121,0.854875
9122,0.614344
9123,0.361317
9124,0.578452
9125,0.722166
9126,0.968555
9127,1.4447
9128,0.632168
9129,0.50404
9130,0.537353
9131,1.08924
9132,0.294052
9133,0.769742
9134,0.15397
9135,0.697816
9136,0.269012
9137,1.16137
9138,0.637373
9139,0.458819
9140,1.61011
9141,1.28647
9142,0.697049
9143,0.644101
9144,0.928746
9145,1.91573
9146,0.502028
9147,1.56534
9148,1.26807
9149,0.654424
9150,0.494751
9151,0.5777
9152,0.966117
9153,0.573556
9154,0.421684
9155,3.78483
9156,2.10918
9157,0.335209
9158,2.82074
9159,1.23887
9160,2.8434
9161,0.297601
9162,0.452214
9163,3.43494
9164,0.982692
9165,0.284222
9166,1.4829
9167,1.63542
9168,0.435962
9169,0.170333
9170,0.462458
9171,0.410533
9172,0.213099
9173,0.266868
9174,0.370834
9175,1.70967
9176,2.07467
9177,0.973702
9178,1.37108
9179,0.922074
9180,0.601337
9181,0.790413
9182,0.305746
9183,0.97653
9184,1.18046
9185,1.2902
9186,0.996448
9187,1.2274
9188,1.39403
9189,0.364948
9190,1.12772
9191,1.04171
9192,1.17081
9193,1.59329
9194,0.768204
9195,0.380831
9196,1.34004
9197,0.220469
9198,0.163001
9199,2.51331
9200,0.645519
9201,1.25483
9202,0.347844
9203,0.78247
9204,1.21422
9205,0.843159
9206,0.711272
9207,0.662324
9208,1.37273
9209,0.755935
9210,1.16661
9211,0.237402
9212,0.582457
9213,0.310988
9214,0.427287
9215,0.32368
9216,0.378023
9217,1.2893
9218,0.593451
9219,0.386509
9220,1.89042
9221,0.424603
9222,0.543568
9223,0.462134
9224,0.21481
9225,1.03383
9226,0.768665
9227,0.245858
9228,1.33629
9229,1.31219
9230,0.65968
9231,0.750362
9232,0.800035
9233,1.82485
9234,0.548647
9235,2.07259
9236,0.246597
9237,2.31614
9238,0.502229
9239,2.13977
9240,1.06962
9241,0.966543
9242,1.31285
9243,1.40748
9244,1.20998
9245,0.841138
9246,1.09173
9247,0.278037
9248,3.11429
9249,0.500124
9250,0.726512
9251,1.42091
9252,0.637246
9253,0.59191
9254,2.76765
9255,0.445481
9256,1.3918
9257,0.948532
9258,1.27023
9259,2.50753
9260,0.867795
9261,0.287941
9262,1.38057
9263,0.632358
9264,0.196715
9265,0.14356
9266,1.81122
9267,0.730081
9268,1.80507
9269,0.574589
9270,1.01569
9271,0.579204
9272,0.896193
9273,0.865715
9274,0.698235
9275,1.80561
9276,0.705182
9277,0.826133
9278,0.20413
9279,0.156923
9280,0.168301
9281,0.265272
9282,0.382395
9283,0.557886
9284,0.53089
9285,0.364219
9286,0.65377
9287,0.39141
9288,0.580132
9289,1.1891
9290,0.253599
9291,1.14339
9292,0.486217
9293,0.815299
9294,0.163818
9295,1.10982
9296,1.08476
9297,1.00041
9298,1.58661
9299,0.487873
9300,0.632042
9301,1.56753
9302,0.453845
9303,0.598098
9304,0.450589
9305,1.53787
9306,0.622694
9307,0.262632
9308,1.74857
9309,0.472414
9310,2.32472
9311,1.89686
9312,1.11997
9313,3.03133
9314,0.487337
9315,0.778723
9316,0.403169
9317,0.549635
9318,1.32604
9319,0.281675
9320,1.61043
9321,1.9377
9322,1.72927
9323,0.912945
9324,3.49034
9325,1.28005
9326,1.19339
9327,1.99411
9328,1.21022
9329,1.3704
9330,0.720723
9331,0.270901
9332,0.90821
9333,0.31632
9334,2.39241
9335,0.321101
9336,0.967761
9337,0.887275
9338,0.857958
9339,2.01839
9340,1.92399
9341,0.992992
9342,0.598697
9343,0.705252
9344,1.3279
9345,0.612443
9346,1.17751
9347,0.500324
9348,8.74078
9349,0.37206
9350,0.553718
9351,1.05544
9352,1.58804
9353,2.51884
9354,0.834435
9355,1.27737
9356,1.5901
9357,0.428828
9358,1.06865
9359,2.00672
9360,1.21762
9361,1.03075
9362,2.01295
9363,0.307894
9364,1.52288
9365,0.205975
9366,0.342323
9367,0.228322
9368,0.528559
9369,1.02793
9370,4.1787
9371,0.291417
9372,0.815381
9373,4.54487
9374,2.02607
9375,0.373103
9376,2.30343
9377,0.960761
9378,1.47905
9379,0.557273
9380,1.97329
9381,0.455345
9382,0.912233
9383,1.41864
9384,1.83822
9385,0.4679
9386,0.54129
9387,6.71269
9388,0.489828
9389,2.32635
9390,0.778334
9391,0.56417
9392,0.398161
9393,1.07489
9394,0.450814
9395,1.55737
9396,0.391919
9397,7.22105
9398,1.63673
9399,0.406936
9400,0.98169
9401,0.11475
9402,0.678752
9403,0.929619
9404,0.743118
9405,0.471894
9406,0.47081
9407,2.6602
9408,0.511248
9409,0.432402
9410,0.235746
9411,0.445036
9412,0.654031
9413,0.369059
9414,0.729862
9415,1.18982
9416,3.31017
9417,0.451085
9418,0.455618
9419,0.804447
9420,1.72288
9421,0.97571
9422,0.505706
9423,0.577643
9424,0.972145
9425,3.99483
9426,1.67917
9427,0.493615
9428,0.67032
9429,1.09741
9430,0.980081
9431,0.995747
9432,0.776779
9433,0.885148
9434,0.572181
9435,0.396849
9436,0.949528
9437,2.82639
9438,2.92414
9439,0.56417
9440,2.29263
9441,1.68051
9442,0.778801
9443,0.419203
9444,1.24297
9445,0.376891
9446,3.40076
9447,0.631094
9448,1.24633
9449,0.4403
9450,0.691564
9451,0.52819
9452,1.2893
9453,0.701244
9454,1.42732
9455,2.18562
9456,0.922424
9457,0.792074
9458,0.579262
9459,0.900955
9460,0.268474
9461,0.784664
9462,2.0755
9463,0.421094
9464,5.43033
9465,0.767359
9466,0.641145
9467,0.628575
9468,2.99517
9469,2.01859
9470,1.33776
9471,0.731689
9472,0.702437
9473,0.407791
9474,0.472981
9475,1.82248
9476,0.399477
9477,1.27647
9478,1.48468
9479,1.05658
9480,2.43586
9481,0.777245
9482,0.911622
9483,0.465939
9484,1.12953
9485,1.2477
9486,0.753821
9487,1.08099
9488,1.34784
9489,0.445615
9490,3.8076
9491,1.59424
9492,0.407587
9493,4.2546
9494,0.541507
9495,0.486558
9496,1.61996
9497,2.80387
9498,0.363128
9499,0.845016
9500,0.25284
9501,0.812451
9502,0.2608
9503,0.62544
9504,0.712696
9505,1.03722
9506,1.06928
9507,1.23146
9508,0.813264
9509,1.22091
9510,0.699353
9511,3.466
9512,0.895834
9513,1.06972
9514,1.50426
9515,0.43059
9516,0.35808
9517,0.884087
9518,0.542319
9519,2.23625
9520,0.403855
9521,0.738156
9522,2.61797
9523,0.897538
9524,1.28788
9525,3.12677
9526,1.316
9527,0.265007
9528,0.763456
9529,0.354871
9530,0.947138
9531,0.631789
9532,3.01621
9533,1.05738
9534,0.449823
9535,3.90399
9536,1.17621
9537,1.29111
9538,0.54766
9539,1.63509
9540,0.724626
9541,0.264213
9542,0.440388
9543,0.968206
9544,1.66662
9545,0.513657
9546,2.10939
9547,2.54289
9548,0.842316
9549,1.03384
9550,0.181228
9551,1.20768
9552,0.996489
9553,0.560683
9554,2.00511
9555,2.51935
9556,0.333537
9557,1.33629
9558,0.506972
9559,0.666177
9560,1.64576
9561,0.261323
9562,0.418993
9563,0.318224
9564,1.36807
9565,0.449194
9566,0.696352
9567,2.95353
9568,0.24244
9569,0.822341
9570,2.22287
9571,0.795647
9572,1.43749
9573,3.0833
9574,0.45122
9575,0.249574
9576,0.542048
9577,0.283087
9578,0.700613
9579,1.58249
9580,0.775382
9581,1.33003
9582,0.443969
9583,0.570182
9584,0.267938
9585,0.603506
9586,0.408935
9587,1.88419
9588,0.709922
9589,0.12951
9590,1.47757
9591,0.850526
9592,0.853594
9593,0.870663
9594,0.607988
9595,0.940297
9596,0.13055
9597,1.55178
9598,1.42148
9599,1.50833
9600,1.31732
9601,0.23907
9602,2.03847
9603,2.28897
9604,1.14214
9605,1.05593
9606,0.271444
9607,1.04091
9608,1.76227
9609,2.71828
9610,0.725859
9611,0.564283
9612,0.343352
9613,0.649924
9614,0.451626
9615,0.72673
9616,0.560178
9617,0.381746
9618,1.10219
9619,0.291709
9620,0.306665
9621,1.94255
9622,0.649209
9623,0.470763
9624,1.39292
9625,2.18693
9626,1.38403
9627,0.443659
9628,0.981935
9629,0.917686
9630,1.73187
9631,1.95952
9632,1.91784
9633,1.25609
9634,0.830855
9635,1.38362
9636,2.10392
9637,1.01825
9638,1.01767
9639,1.16696
9640,0.232934
9641,0.531794
9642,0.963339
9643,0.977526
9644,2.37833
9645,1.46932
9646,1.38431
9647,0.516335
9648,2.21134
9649,0.716412
9650,0.445081
9651,1.59712
9652,0.865888
9653,2.2251
9654,0.525398
9655,3.42808
9656,0.468556
9657,0.505403
9658,1.84688
9659,1.34286
9660,1.80561
9661,0.845269
9662,0.806461
9663,0.792074
9664,0.393529
9665,0.700403
9666,2.60518
9667,0.366045
9668,0.427928
9669,0.411519
9670,3.76972
9671,0.245858
9672,0.584616
9673,2.47317
9674,0.298197
9675,1.01249
9676,0.891544
9677,1.28814
9678,0.794931
9679,2.53958
9680,0.771129
9681,1.53726
9682,1.20141
9683,2.66339
9684,2.82639
9685,0.495841
9686,0.845692
9687,0.859504
9688,1.08799
9689,1.25508
9690,0.457948
9691,0.676786
9692,0.441711
9693,0.590255
9694,2.52237
9695,1.0912
9696,0.444147
9697,0.69108
9698,0.194174
9699,0.903752
9700,1.7914
9701,2.66499
9702,2.12761
9703,0.763379
9704,0.755557
9705,1.02328
9706,0.527503
9707,0.24099
9708,0.459599
9709,1.17951
9710,1.06905
9711,0.781375
9712,1.27545
9713,1.48557
9714,0.746022
9715,0.910838
9716,1.06846
9717,0.272259
9718,0.760712
9719,0.309128
9720,2.59322
9721,0.530201
9722,1.32803
9723,0.834268
9724,0.475923
9725,0.622258
9726,0.568303
9727,0.755859
9728,1.08589
9729,0.518197
9730,0.65777
9731,1.04667
9732,0.805494
9733,0.451446
9734,0.188435
9735,1.0121
9736,0.525608
9737,1.31482
9738,0.364219
9739,0.428014
9740,0.854106
9741,0.244143
9742,0.765214
9743,5.18101
9744,2.84624
9745,0.43618
9746,0.934559
9747,0.217621
9748,1.56831
9749,1.14935
9750,1.08216
9751,0.23551
9752,0.213953
9753,0.697258
9754,0.876867
9755,0.607623
9756,0.163327
9757,1.20238
9758,0.7455
9759,0.151072
9760,1.55147
9761,1.03803
9762,0.729935
9763,1.22998
9764,1.41326
9765,1.12356
9766,0.245122
9767,1.70625
9768,1.94624
9769,0.271444
9770,0.631852
9771,0.353101
9772,0.356294
9773,3.13616
9774,0.298197
9775,0.707371
9776,0.170163
9777,4.71618
9778,0.289384
9779,0.563888
9780,0.335209
9781,0.735503
9782,0.460934
9783,0.518352
9784,2.34668
9785,0.443304
9786,0.912707
9787,0.754802
9788,0.582399
9789,0.64365
9790,0.942716
9791,1.74055
9792,0.83778
9793,0.183232
9794,0.297601
9795,0.949927
9796,0.519702
9797,0.407261
9798,0.387825
9799,0.806703
9800,0.482198
9801,0.387787
9802,0.718493
9803,0.787809
9804,4.00282
9805,0.672267
9806,0.301194
9807,1.87911
9808,1.12389
9809,3.53248
9810,0.345418
9811,0.472745
9812,0.539075
9813,1.91976
9814,0.643264
9815,0.343352
9816,1.96974
9817,0.903391
9818,0.212248
9819,0.586724
9820,0.817504
9821,0.602902
9822,0.471093
9823,0.767666
9824,1.16649
9825,0.793184
9826,1.83217
9827,0.284506
9828,0.479841
9829,0.56203
9830,1.28879
9831,0.249325
9832,2.16777
9833,0.843074
9834,0.563606
9835,0.871447
9836,1.17857
9837,0.73374
9838,0.671125
9839,1.7253
9840,1.37823
9841,0.452033
9842,0.436398
9843,0.423628
9844,0.329889
9845,0.268743
9846,0.890475
9847,1.24346
9848,0.579668
9849,0.848063
9850,2.09594
9851,0.428356
9852,14.4111
9853,0.732787
9854,0.7403
9855,0.878535
9856,0.568758
9857,0.276651
9858,1.84319
9859,1.12187
9860,0.764678
9861,1.10446
9862,1.46594
9863,0.5244
9864,0.844171
9865,0.703421
9866,0.293171
9867,0.788203
9868,0.736092
9869,0.634258
9870,0.709638
9871,0.417404
9872,0.380526
9873,1.44109
9874,2.3448
9875,1.97269
9876,0.689906
9877,0.362402
9878,0.713053
9879,0.58996
9880,0.684888
9881,1.19782
9882,0.489584
9883,1.25696
9884,1.29137
9885,1.39222
9886,0.85813
9887,1.75453
9888,0.434482
9889,1.42675
9890,0.71049
9891,1.30434
9892,1.18069
9893,0.343352
9894,4.89395
9895,0.263949
9896,2.58338
9897,1.74281
9898,1.13906
9899,0.922231
9900,0.859332
9901,0.780438
9902,0.384658
9903,0.911175
9904,0.234336
9905,1.01435
9906,0.841306
9907,1.67347
9908,0.378439
9909,0.570068
9910,0.947982
9911,0.675434
9912,0.623629
9913,0.900685
9914,5.00782
9915,1.34393
9916,0.594342
9917,0.84139
9918,0.573269
9919,1.30447
9920,0.535261
9921,0.363855
9922,1.3279
9923,0.995323
9924,0.25924
9925,1.26782
9926,0.624378
9927,2.54111
9928,1.80291
9929,0.98462
9930,0.303917
9931,1.62044
9932,2.80107
9933,0.812369
9934,0.685231
9935,1.10342
9936,0.845777
9937,0.634258
9938,0.538537
9939,1.48038
9940,0.470904
9941,0.543351
9942,0.620518
9943,0.441313
9944,0.378477
9945,1.18187
9946,3.34678
9947,0.695865
9948,2.47342
9949,0.876341
9950,0.616252
9951,3.73594
9952,0.426177
9953,1.40228
9954,0.925603
9955,0.535154
9956,0.668245
9957,0.60732
9958,4.82591
9959,0.325954
9960,0.244632
9961,1.76103
9962,0.469306
9963,0.996443
9964,0.671662
9965,0.749987
9966,0.733594
9967,0.674354
9968,0.26767
9969,0.672939
9970,1.00172
9971,0.589076
9972,1.59951
9973,0.883733
9974,0.78537
9975,1.09382
9976,0.803241
9977,1.06037
9978,1.28492
9979,0.744383
9980,0.238831
9981,0.336553
9982,0.416862
9983,5.47395
9984,0.0564726
9985,0.12344
9986,0.855987
9987,0.432186
9988,0.528454
9989,1.88929
9990,0.715553
9991,0.212673
9992,1.78961
9993,1.44716
9994,1.48914
9995,0.116019
9996,1.83767
9997,1.38597
9998,0.335545
9999,0.654162
10000,0.250324
10001,1.84836
10002,2.1432
10003,0.658428
10004,0.71677
10005,0.952514
10006,1.8825
10007,2.52793
10008,0.790887
10009,2.0346
10010,0.350288
10011,0.400036
10012,1.52944
10013,1.36043
10014,0.298197
10015,0.166793
10016,0.989238
10017,1.57917
10018,2.89794
10019,0.575567
10020,0.595949
10021,1.41199
10022,0.883292
10023,4.13712
10024,0.915926
10025,0.555104
10026,5.16033
10027,0.679363
10028,0.390784
10029,0.890921
10030,0.81996
10031,0.258205
10032,0.415489
10033,0.429042
10034,2.31105
10035,0.565073
10036,0.753897
10037,1.06847
10038,0.928096
10039,0.837361
10040,1.27379
10041,1.26655
10042,0.768896
10043,0.464079
10044,1.6143
10045,0.963589
10046,0.450724
10047,2.13742
10048,1.50095
10049,0.190901
10050,1.23541
10051,1.13871
10052,0.16563
10053,2.32263
10054,0.136559
10055,0.610425
10056,0.797559
10057,0.607502
10058,0.923172
10059,0.741189
10060,0.660803
10061,0.378515
10062,1.87949
10063,0.690942
10064,0.715624
10065,1.84264
10066,1.37727
10067,0.491104
10068,0.838953
10069,0.867968
10070,0.52545
10071,0.339256
10072,0.98011
10073,0.50515
10074,0.668513
10075,1.21434
10076,0.523667
10077,1.33056
10078,1.41694
10079,0.565299
10080,0.793025
10081,2.48383
10082,0.281957
10083,0.146607
10084,0.758889
10085,1.0781
10086,1.51165
10087,1.19949
10088,0.538644
10089,1.20889
10090,0.820534
10091,0.65279
10092,1.18898
10093,2.03094
10094,0.869011
10095,0.598697
10096,0.146607
10097,0.593273
10098,2.86051
10099,0.260279
10100,0.462828
10101,1.68337
10102,0.414949
10103,0.788676
10104,1.36261
10105,0.915212
10106,0.390706
10107,0.252334
10108,1.86806
10109,0.559283
10110,0.518301
10111,2.71258
10112,0.409426
10113,0.305441
10114,3.38042
10115,0.329559
10116,0.660274
10117,0.628701
10118,0.597441
10119,0.611586
10120,0.628386
10121,2.19482
10122,0.540101
10123,2.03399
10124,0.873803
10125,0.684614
10126,0.286218
10127,1.28595
10128,0.893597
10129,0.877744
10130,1.71498
10131,0.805091
10132,3.92749
10133,0.56819
10134,2.48581
10135,0.801877
10136,0.883203
10137,1.13735
10138,0.591496
10139,0.633814
10140,1.0276
10141,2.79547
10142,0.514428
10143,0.545474
10144,2.41066
10145,0.461072
10146,0.295821
10147,0.17693
10148,0.340957
10149,0.359515
10150,0.96634
10151,5.78345
10152,0.419371
10153,0.353455
10154,1.70131
10155,1.12423
10156,0.274721
10157,0.292585
10158,0.387438
10159,1.03285
10160,0.414824
10161,0.38045
10162,1.23084
10163,1.28801
10164,1.45397
10165,0.428485
10166,0.919413
10167,0.52724
10168,0.69677
10169,0.523929
10170,0.471517
10171,0.168133
10172,1.551
10173,0.482825
10174,0.838199
10175,0.562255
10176,1.11862
10177,0.959455
10178,0.742004
10179,0.258205
10180,0.261323
10181,0.14313
10182,2.34644
10183,0.360956
10184,0.986029
10185,0.947896
10186,0.249075
10187,0.840801
10188,0.770974
10189,0.393647
10190,0.256918
10191,0.715481
10192,0.856586
10193,0.792629
10194,4.97786
10195,0.857958
10196,1.64839
10197,0.496486
10198,0.907919
10199,0.959858
10200,0.541507
10201,0.463662
10202,0.504595
10203,1.69537
10204,1.07219
10205,0.180144
10206,1.32711
10207,0.500374
10208,0.63337
10209,0.455709
10210,0.68311
10211,1.88306
10212,0.712554
10213,0.795567
10214,0.557329
10215,0.797399
10216,0.856758
10217,1.42106
10218,0.48326
10219,1.63117
10220,0.764831
10221,1.00551
10222,0.358796
10223,0.554993
10224,0.901045
10225,0.653639
10226,2.26121
10227,1.46097
10228,1.12165
10229,1.35893
10230,1.46521
10231,0.686465
10232,0.271715
10233,1.44904
10234,0.530519
10235,0.816932
10236,1.16393
10237,0.609815
10238,1.05138
10239,1.57318
10240,0.406854
10241,0.211401
10242,1.10683
10243,1.22201
10244,0.756011
10245,0.52142
10246,0.164969
10247,0.425666
10248,0.409303
10249,1.42219
10250,1.93673
10251,1.00085
10252,2.45788
10253,0.747291
10254,1.19758
10255,0.419287
10256,0.957835
10257,0.526028
10258,0.780282
10259,1.95991
10260,0.236691
10261,0.294935
10262,1.0897
10263,1.24011
10264,0.294346
10265,0.77608
10266,1.47388
10267,1.78336
10268,0.699703
10269,0.951572
10270,0.900234
10271,0.827207
10272,0.631157
10273,1.26579
10274,0.887541
10275,4.03901
10276,0.786392
10277,4.91848
10278,1.34797
10279,0.721661
10280,1.68911
10281,1.18246
10282,0.39836
10283,0.477496
10284,0.555659
10285,0.987973
10286,0.669583
10287,1.18116
10288,1.10064
10289,1.46638
10290,1.14511
10291,0.422063
10292,0.252082
10293,0.552059
10294,0.999192
10295,0.366777
10296,2.19592
10297,1.00678
10298,0.478595
10299,0.26955
10300,0.793025
10301,0.494553
10302,2.82356
10303,0.541452
10304,1.04789
10305,0.610852
10306,1.28261
10307,1.34366
10308,0.485003
10309,0.398878
10310,0.446105
10311,0.146314
10312,0.727166
10313,3.11429
10314,0.432834
10315,3.37704
10316,0.85813
10317,1.44282
10318,2.02871
10319,1.788
10320,0.845016
10321,1.06312
10322,0.972087
10323,0.609449
10324,1.27826
10325,0.464033
10326,2.12145
10327,0.317588
10328,0.820288
10329,0.411478
10330,0.697816
10331,1.0923
10332,0.629519
10333,0.76928
10334,1.34918
10335,0.27036
10336,0.369576
10337,1.61543
10338,0.130811
10339,1.46389
10340,0.966523
10341,0.854961
10342,2.05156
10343,0.865888
10344,0.846962
10345,2.11383
10346,0.402363
10347,1.02725
10348,0.404097
10349,0.800115
10350,1.27239
10351,0.820534
10352,1.24197
10353,0.528137
10354,1.42404
10355,1.88212
10356,0.508038
10357,0.431236
10358,1.50516
10359,2.72918
10360,1.02838
10361,0.875815
10362,0.406936
10363,2.56819
10364,0.347497
10365,0.614528
10366,0.287078
10367,0.631536
10368,0.579842
10369,0.957863
10370,0.541398
10371,0.44428
10372,0.23764
10373,0.317271
10374,0.723757
10375,1.6122
10376,0.694197
10377,0.227638
10378,2.79827
10379,1.89421
10380,0.790334
10381,1.90446
10382,0.162838
10383,0.646165
10384,1.47772
10385,0.907347
10386,0.239309
10387,2.12931
10388,0.667711
10389,3.25763
10390,3.50784
10391,0.871186
10392,0.424433
10393,3.89619
10394,0.568986
10395,0.990586
10396,1.11829
10397,0.441049
10398,0.429815
10399,0.939413
10400,1.03744
10401,1.19734
10402,0.78537
10403,0.694058
10404,0.899335
10405,0.582865
10406,0.223801
10407,1.21106
10408,1.03877
10409,2.63979
10410,4.23761
10411,0.316954
10412,1.35459
10413,2.02851
10414,0.276927
10415,0.340275
10416,1.45165
10417,1.3814
10418,2.27846
10419,0.556994
10420,2.59426
10421,0.499474
10422,0.232236
10423,0.33088
10424,1.02452
10425,1.02321
10426,0.48447
10427,0.393411
10428,2.15308
10429,0.714909
10430,2.24656
10431,0.498825
10432,1.40889
10433,0.422908
10434,0.102284
10435,0.121117
10436,0.896103
10437,1.80074
10438,0.35134
10439,0.172734
10440,3.00417
10441,0.484276
10442,0.548592
10443,2.49702
10444,0.433441
10445,0.256918
10446,0.876429
10447,0.64012
10448,0.522307
10449,1.15673
10450,0.722022
10451,0.845777
10452,0.499624
10453,1.45354
10454,0.95615
10455,0.862604
10456,0.538914
10457,0.749537
10458,1.45718
10459,0.694961
10460,0.58269
10461,2.46305
10462,0.124059
10463,0.622756
10464,5.29626
10465,0.21915
10466,2.08152
10467,1.93421
10468,1.28827
10469,1.51059
10470,1.57807
10471,1.0236
10472,0.285932
10473,0.592384
10474,1.45455
10475,0.373813
10476,0.662523
10477,1.08985
10478,0.62469
10479,1.91573
10480,0.796443
10481,1.29072
10482,0.39412
10483,2.36009
10484,0.563381
10485,0.402806
10486,1.85114
10487,1.85688
10488,0.155362
10489,3.32344
10490,1.56972
10491,0.171701
10492,0.707088
10493,1.99731
10494,0.529512
10495,2.05341
10496,0.941331
10497,0.397683
10498,0.808318
10499,6.36618
10500,1.49855
10501,0.205975
10502,1.58613
10503,0.255892
10504,0.817749
10505,1.16754
10506,0.561188
10507,1.17975
10508,1.00393
10509,0.558333
10510,0.563043
10511,0.976501
10512,0.769049
10513,0.318861
10514,1.40298
10515,1.34447
10516,0.539993
10517,0.588487
10518,1.64345
10519,0.928718
10520,0.786313
10521,1.00951
10522,1.15847
10523,0.886477
10524,0.472367
10525,0.794851
10526,1.18697
10527,2.15869
10528,0.985782
10529,1.03425
10530,1.0018
10531,1.37864
10532,0.928198
10533,0.788834
10534,0.136014
10535,0.262632
10536,0.245613
10537,1.98219
10538,0.368911
10539,1.62613
10540,0.754877
10541,5.13459
10542,2.00471
10543,1.19782
10544,1.07581
10545,1.93189
10546,9.57351
10547,0.666177
10548,0.422781
10549,0.544439
10550,0.369391
10551,1.33069
10552,0.729132
10553,0.909391
10554,1.23146
10555,1.43362
10556,0.747815
10557,0.672939
10558,0.159135
10559,0.528877
10560,0.520378
10561,1.18887
10562,0.19052
10563,0.618412
10564,0.614897
10565,0.827952
10566,1.03845
10567,0.892972
10568,0.387051
10569,0.610791
10570,2.03786
10571,0.809774
10572,0.460427
10573,0.775459
10574,2.05567
10575,0.565186
10576,0.284791
10577,2.16734
10578,2.8806
10579,0.656653
10580,0.905688
10581,1.12772
10582,0.442684
10583,4.70676
10584,2.04889
10585,2.83205
10586,1.39264
10587,0.973079
10588,0.70328
10589,0.669248
10590,1.1344
10591,0.49599
10592,1.03751
10593,0.64539
10594,0.92539
10595,0.354871
10596,1.05988
10597,1.21677
10598,1.10058
10599,0.994219
10600,0.393372
10601,0.172907
10602,1.50381
10603,1.7635
10604,0.561524
10605,0.493023
10606,0.832435
10607,0.222907
10608,2.21466
10609,0.257689
10610,1.51286
10611,0.416612
10612,0.587253
10613,0.437666
10614,1.25659
10615,0.848487
10616,0.466919
10617,0.345418
10618,0.838283
10619,0.91144
10620,0.924992
10621,1.2343
10622,0.284222
10623,0.707512
10624,0.330549
10625,0.506668
10626,1.02047
10627,1.51089
10628,0.194174
10629,0.91206
10630,1.62288
10631,0.325628
10632,1.41878
10633,1.15812
10634,0.352044
10635,1.01773
10636,0.391841
10637,1.3652
10638,0.972291
10639,1.1076
10640,0.447088
10641,1.01205
10642,0.542591
10643,0.473028
10644,0.99627
10645,0.657113
10646,0.737197
10647,0.30331
10648,0.621947
10649,0.407832
10650,0.704688
10651,0.551177
10652,1.66163
10653,0.364948
10654,0.692948
10655,0.152285
10656,0.340275
10657,0.400196
10658,1.25533
10659,2.1447
10660,0.437753
10661,0.945463
10662,0.343695
10663,0.619526
10664,0.156609
10665,0.608901
10666,1.39487
10667,0.528824
10668,0.843159
10669,0.202503
10670,0.942886
10671,0.325954
10672,0.848318
10673,0.391684
10674,1.39222
10675,0.669115
10676,1.67498
10677,0.265007
10678,0.355938
10679,0.301496
10680,0.539183
10681,0.397842
10682,1.12648
10683,1.52898
10684,2.30113
10685,3.35348
10686,0.624565
10687,1.43778
10688,0.562705
10689,0.314743
10690,0.486509
10691,1.78354
10692,0.441799
10693,0.292878
10694,2.36765
10695,0.674624
10696,0.276098
10697,1.48246
10698,0.261323
10699,0.471942
10700,0.573498
10701,0.562649
10702,0.365679
10703,0.445882
10704,1.41552
10705,1.19399
10706,0.372283
10707,1.07766
10708,1.99991
10709,1.76756
10710,0.197306
10711,0.808399
10712,0.367144
10713,0.715124
10714,1.04209
10715,0.668646
10716,0.595056
10717,0.920342
10718,1.34959
10719,0.583506
10720,0.882409
10721,0.344039
10722,0.280271
10723,0.59768
10724,1.17351
10725,1.90904
10726,0.878447
10727,1.3291
10728,2.29538
10729,1.28879
10730,0.7871
10731,0.888252
10732,0.29523
10733,0.393608
10734,0.826298
10735,1.81757
10736,0.637118
10737,1.8606
10738,0.995814
10739,1.28313
10740,0.717846
10741,1.78944
10742,0.612014
10743,0.623442
10744,1.89383
10745,0.556326
10746,0.280551
10747,0.715195
10748,0.614959
10749,0.192627
10750,0.752616
10751,1.78033
10752,0.69684
10753,2.79827
10754,0.909591
10755,1.7008
10756,1.37603
10757,0.983685
10758,1.02051
10759,0.994436
10760,1.2477
10761,0.390276
10762,0.693156
10763,0.946561
10764,1.11472
10765,0.439508
10766,1.05386
10767,1.53403
10768,0.721156
10769,1.07698
10770,0.209926
10771,2.59711
10772,2.00031
10773,0.422105
10774,0.419161
10775,1.88853
10776,0.407343
10777,1.38016
10778,0.467666
10779,0.853338
10780,0.905489
10781,0.333204
10782,0.516955
10783,0.875465
10784,1.93479
10785,1.33576
10786,0.463059
10787,0.291126
10788,0.936187
10789,1.22006
10790,0.764525
10791,0.342323
10792,0.567111
10793,0.624565
10794,1.58217
10795,0.234336
10796,1.2497
10797,0.244632
10798,1.55255
10799,0.114292
10800,0.882585
10801,0.476494
10802,0.824729
10803,0.584382
10804,1.03126
10805,0.863035
10806,0.790966
10807,1.43764
10808,0.682563
10809,0.958266
10810,0.761321
10811,0.444014
10812,0.931769
10813,0.788912
10814,0.576258
10815,1.23862
10816,0.571723
10817,1.19148
10818,1.54651
10819,0.32078
10820,1.59951
10821,1.16486
10822,0.857358
10823,0.710775
10824,0.593748
10825,2.10981
10826,0.937724
10827,4.18706
10828,0.615636
10829,0.29523
10830,0.277482
10831,0.310677
10832,0.956456
10833,0.78161
10834,1.5299
10835,0.428185
10836,0.507022
10837,0.523353
10838,0.288517
10839,1.63935
10840,0.746619
10841,0.543514
10842,2.17624
10843,0.688528
10844,0.438366
10845,0.340616
10846,0.391801
10847,0.531475
10848,0.373439
10849,0.804689
10850,0.439728
10851,0.527398
10852,0.865974
10853,1.30252
10854,0.585435
10855,1.14958
10856,0.530041
10857,0.178887
10858,0.734768
10859,1.14191
10860,1.84154
10861,0.328572
10862,0.528718
10863,1.67632
10864,1.90732
10865,0.479074
10866,0.62594
10867,2.34269
10868,0.744383
10869,0.634385
10870,0.54384
10871,0.853338
10872,0.672401
10873,0.473549
10874,1.75892
10875,1.88589
10876,1.42533
10877,0.502229
10878,0.45235
10879,0.571095
10880,0.996253
10881,0.893151
10882,0.889941
10883,0.448655
10884,0.445838
10885,0.636736
10886,0.234805
10887,0.7719
10888,0.983635
10889,2.01134
10890,2.07653
10891,1.05118
10892,0.251327
10893,1.25521
10894,0.2595
10895,0.672065
10896,0.427073
10897,0.202301
10898,2.48482
10899,0.496585
10900,0.601818
10901,1.24384
10902,0.419413
10903,0.887808
10904,1.29654
10905,0.356294
10906,1.12806
10907,3.81904
10908,0.528982
10909,0.698584
10910,0.509411
10911,3.18674
10912,1.31969
10913,0.56927
10914,0.501827
10915,0.561244
10916,1.19268
10917,3.22522
10918,3.73221
10919,0.512323
10920,0.718708
10921,0.625127
10922,1.06652
10923,0.927818
10924,1.70659
10925,1.00987
10926,0.315373
10927,2.38548
10928,1.39752
10929,0.341298
10930,1.39236
10931,0.447356
10932,0.294935
10933,0.658099
10934,2.44318
10935,0.332871
10936,0.128864
10937,0.877306
10938,1.24757
10939,4.32322
10940,1.35907
10941,1.01305
10942,0.748713
10943,0.731177
10944,2.03216
10945,1.44701
10946,1.06556
10947,0.904955
10948,0.164804
10949,0.751112
10950,1.6913
10951,10.3295
10952,2.15201
10953,0.723323
10954,1.26579
10955,0.876692
10956,0.929843
10957,1.45165
10958,0.741634
10959,1.06139
10960,0.527451
10961,1.3554
10962,1.13032
10963,0.940203
10964,1.73152
10965,0.70624
10966,0.403411
10967,1.31259
10968,0.554106
10969,0.479074
10970,0.36204
10971,0.25284
10972,1.50456
10973,0.32368
10974,0.759572
10975,0.409712
10976,1.72426
10977,0.520274
10978,1.26301
10979,0.444014
10980,0.739264
10981,1.27507
10982,0.552004
10983,0.672132
10984,0.366411
10985,2.42954
10986,0.624565
10987,1.44138
10988,0.675501
10989,0.658823
10990,0.453845
10991,0.767129
10992,0.887808
10993,0.793581
10994,1.39668
10995,0.333871
10996,0.505756
10997,0.598996
10998,2.88637
10999,0.457627
11000,0.843412
11001,0.242926
11002,2.55845
11003,0.441843
11004,1.56205
11005,0.409589
11006,0.576143
11007,2.59089
11008,0.402564
11009,0.70497
11010,0.532272
11011,0.525923
11012,0.329889
11013,0.844256
11014,2.10118
11015,0.492481
11016,0.8863
11017,5.14487
11018,0.517524
11019,0.324328
11020,0.69503
11021,0.310057
11022,0.383123
11023,0.539021
11024,1.0239
11025,1.41086
11026,0.76805
11027,1.49406
11028,1.24745
11029,0.199289
11030,1.17998
11031,1.03736
11032,0.43003
11033,1.15558
11034,0.699003
11035,1.12738
11036,1.08283
11037,1.98854
11038,0.98668
11039,2.01053
11040,3.67297
11041,0.398439
11042,0.567735
11043,1.16906
11044,0.415239
11045,0.187683
11046,0.271173
11047,0.862776
11048,0.552777
11049,0.51176
11050,0.648301
11051,1.31548
11052,2.17103
11053,0.362402
11054,0.170333
11055,0.644423
11056,1.29369
11057,0.43841
11058,0.538752
11059,1.31574
11060,0.459462
11061,2.09279
11062,1.14947
11063,0.815625
11064,0.741856
11065,0.199488
11066,0.337227
11067,0.766592
11068,1.62678
11069,1.06366
11070,0.741411
11071,1.00565
11072,0.565639
11073,1.51513
11074,2.38095
11075,0.969495
11076,0.279431
11077,0.807833
11078,0.982751
11079,0.969699
11080,0.16696
11081,1.10949
11082,0.482054
11083,0.380831
11084,0.771514
11085,0.373663
11086,1.46888
11087,1.23331
11088,1.33656
11089,0.295821
11090,2.38167
11091,6.3917
11092,0.879941
11093,0.888696
11094,0.719283
11095,1.46009
11096,0.463847
11097,0.561524
11098,0.476018
11099,0.688183
11100,0.39562
11101,0.968632
11102,1.01296
11103,0.959896
11104,2.09803
11105,0.257947
11106,0.836357
11107,0.707159
11108,0.361317
11109,0.394475
11110,0.390862
11111,0.808399
11112,0.499524
11113,0.841727
11114,0.671864
11115,0.987311
11116,1.24982
11117,0.569498
11118,1.5644
11119,0.451852
11120,0.849846
11121,2.35137
11122,2.95944
11123,2.27892
11124,0.336553
11125,0.718708
11126,0.616498
11127,0.738156
11128,1.80092
11129,0.314428
11130,0.883822
11131,3.78861
11132,1.38736
11133,1.12536
11134,0.879677
11135,2.18104
11136,1.45951
11137,0.435178
11138,1.19997
11139,2.13785
11140,0.715052
11141,0.893508
11142,0.733594
11143,0.211189
11144,0.693225
11145,1.4041
11146,0.229237
11147,0.943122
11148,0.885502
11149,1.86657
11150,0.702156
11151,0.432315
11152,1.06457
11153,0.918476
11154,0.67267
11155,1.18863
11156,1.86862
11157,1.39696
11158,2.21245
11159,0.389536
11160,0.530943
11161,0.374674
11162,1.4832
11163,0.952543
11164,0.346456
11165,0.880998
11166,0.438191
11167,0.397802
11168,0.31918
11169,0.221131
11170,0.661133
11171,1.5023
11172,1.22214
11173,0.194952
11174,2.05669
11175,0.585611
11176,0.391019
11177,0.286218
11178,0.257947
11179,1.10838
11180,0.592266
11181,2.07052
11182,0.949728
11183,1.94741
11184,0.350989
11185,4.64133
11186,0.60738
11187,0.554993
11188,1.78765
11189,0.269281
11190,0.872406
11191,0.63318
11192,0.752014
11193,0.217621
11194,1.21143
11195,1.81921
11196,2.07508
11197,0.358438
11198,0.559507
11199,0.609998
11200,0.264742
11201,0.523353
11202,0.256404
11203,0.807591
11204,1.24645
11205,0.804447
11206,0.439991
11207,0.707725
11208,1.15177
11209,0.578741
11210,1.24995
11211,0.820452
11212,0.445615
11213,0.611647
11214,0.226276
11215,0.604956
11216,0.455527
11217,0.142987
11218,0.294052
11219,0.652072
11220,0.617918
11221,2.07135
11222,0.207837
11223,1.26402
11224,0.644036
11225,0.900505
11226,0.144136
11227,0.798037
11228,0.596128
11229,2.6746
11230,1.72444
11231,0.959522
11232,0.967635
11233,0.572524
11234,0.78592
11235,1.62028
11236,1.71001
11237,0.355226
11238,0.281957
11239,0.551342
11240,0.172217
11241,0.471376
11242,0.914087
11243,0.243899
11244,1.23171
11245,1.30761
11246,0.701454
11247,0.431797
11248,0.351692
11249,0.965296
11250,2.03054
11251,0.459921
11252,1.00337
11253,0.600796
11254,0.27999
11255,2.27368
11256,0.418365
11257,1.11049
11258,1.56549
11259,0.567735
11260,0.467479
11261,0.828035
11262,0.490515
11263,0.347497
11264,0.29671
11265,0.830523
11266,0.953706
11267,0.930308
11268,1.62743
11269,0.559059
11270,3.83052
11271,0.321422
11272,1.36903
11273,0.776856
11274,0.545856
11275,0.729278
11276,1.18851
11277,1.31732
11278,0.745276
11279,0.277759
11280,1.33083
11281,0.884441
11282,0.241956
11283,0.617053
11284,0.663849
11285,0.926631
11286,0.383583
11287,2.67032
11288,1.5724
11289,0.579088
11290,1.69622
11291,0.730227
11292,1.14099
11293,0.375236
11294,2.55717
11295,4.98783
11296,0.616067
11297,1.12603
11298,1.16253
11299,0.917209
11300,0.992607
11301,1.28351
11302,0.660671
11303,2.18584
11304,0.675366
11305,0.204743
11306,1.52592
11307,0.383238
11308,1.44224
11309,0.977253
11310,0.544548
11311,0.2595
11312,0.896641
11313,0.990366
11314,0.842737
11315,1.90828
11316,0.447625
11317,0.674624
11318,0.32368
11319,0.840801
11320,0.265537
11321,0.764831
11322,0.355582
11323,0.789386
11324,0.868142
11325,1.62515
11326,1.37122
11327,0.476208
11328,1.19542
11329,0.257689
11330,1.79427
11331,1.32062
11332,1.34703
11333,0.357364
11334,0.350638
11335,2.00732
11336,0.302099
11337,1.51014
11338,0.462828
11339,0.503335
11340,1.16265
11341,1.01179
11342,0.646294
11343,0.238115
11344,0.383084
11345,0.558054
11346,0.462319
11347,0.290835
11348,0.165299
11349,0.977966
11350,0.719283
11351,0.572124
11352,0.852059
11353,1.87611
11354,1.09914
11355,0.398041
11356,0.894402
11357,1.10204
11358,1.01008
11359,2.21932
11360,0.150619
11361,3.13616
11362,0.620643
11363,0.325954
11364,1.86451
11365,0.598697
11366,0.161057
11367,0.751939
11368,1.21568
11369,0.76399
11370,3.20592
11371,0.962232
11372,5.78923
11373,0.532805
11374,1.82887
11375,1.38569
11376,1.97921
11377,1.73811
11378,0.589783
11379,1.14786
11380,1.85262
11381,0.559171
11382,1.302
11383,0.452395
11384,0.439684
11385,1.01858
11386,1.10749
11387,0.851718
11388,3.76219
11389,0.216103
11390,0.417697
11391,0.493072
11392,0.532219
11393,0.795806
11394,0.695169
11395,0.492481
11396,0.147047
11397,1.85818
11398,0.674287
11399,1.47035
11400,0.36799
11401,3.0283
11402,1.09384
11403,1.44023
11404,0.624065
11405,2.55053
11406,0.833185
11407,1.01097
11408,0.22855
11409,0.910428
11410,0.997894
11411,0.212248
11412,1.00084
11413,0.364583
11414,0.631852
11415,0.437928
11416,0.815299
11417,0.487434
11418,1.22471
11419,0.33824
11420,0.80292
11421,0.730738
11422,1.41652
11423,0.974277
11424,0.632105
11425,0.642621
11426,0.408853
11427,0.833351
11428,1.82066
11429,0.751112
11430,0.627131
11431,0.37273
11432,1.11071
11433,0.846707
11434,0.579204
11435,0.224024
11436,1.16183
11437,0.9493
11438,0.629078
11439,0.867882
11440,1.07758
11441,1.72823
11442,1.12311
11443,0.677599
11444,1.4987
11445,0.364219
11446,1.97309
11447,2.19526
11448,0.89682
11449,0.519079
11450,0.926381
11451,1.4875
11452,0.721589
11453,0.481668
11454,0.744755
11455,0.898346
11456,0.685779
11457,0.236928
11458,0.245613
11459,0.32078
11460,0.507885
11461,0.778879
11462,0.593155
11463,0.372395
11464,0.865715
11465,0.17853
11466,0.242926
11467,1.02891
11468,0.472886
11469,1.58423
11470,1.04997
11471,0.324004
11472,0.288517
11473,0.732934
11474,1.77128
11475,0.61866
11476,0.740448
11477,1.17011
11478,0.715195
11479,3.22522
11480,2.20053
11481,0.579088
11482,0.615574
11483,0.753294
11484,0.391997
11485,0.55035
11486,0.650965
11487,1.46903
11488,0.923264
11489,0.7073
11490,0.446641
11491,0.397008
11492,0.575222
11493,0.95404
11494,0.545747
11495,0.820698
11496,2.71394
11497,0.455527
11498,1.14878
11499,0.734328
11500,0.470387
11501,1.63362
11502,2.64138
11503,0.597859
11504,1.05559
11505,0.538537
11506,1.54326
11507,0.669181
11508,0.271444
11509,0.490809
11510,0.594105
11511,1.06734
11512,0.445125
11513,0.235982
11514,1.85856
11515,0.481235
11516,1.05353
11517,1.32022
11518,5.79503
11519,1.59903
11520,0.590846
11521,0.218493
11522,0.599236
11523,3.26089
11524,0.684751
11525,0.545529
11526,0.279152
11527,0.458773
11528,1.91918
11529,0.556215
11530,2.97427
11531,0.308819
11532,2.20957
11533,0.619402
11534,3.02527
11535,0.556215
11536,0.377721
11537,0.837026
11538,0.672469
11539,0.793422
11540,0.393254
11541,0.597321
11542,0.451536
11543,2.86051
11544,0.314428
11545,2.14492
11546,1.0286
11547,0.78592
11548,1.62759
11549,0.616313
11550,0.910428
11551,1.34487
11552,0.740966
11553,0.684272
11554,0.885591
11555,0.682359
11556,0.572353
11557,1.63183
11558,1.33536
11559,0.48841
11560,0.47407
11561,0.370946
11562,0.633307
11563,0.275271
11564,0.292878
11565,0.380526
11566,0.15708
11567,2.89504
11568,0.69032
11569,1.37053
11570,0.924983
11571,2.41138
11572,0.469823
11573,1.63068
11574,1.04485
11575,0.731982
11576,1.63068
11577,0.970067
11578,0.810017
11579,1.88193
11580,1.44991
11581,0.364219
11582,1.00194
11583,0.407914
11584,1.53634
11585,1.59329
11586,0.860106
11587,0.500975
11588,1.31903
11589,2.33637
11590,0.484518
11591,0.596486
11592,3.39058
11593,1.01696
11594,0.475162
11595,0.855474
11596,0.765214
11597,0.148823
11598,1.0493
11599,0.273624
11600,1.91918
11601,0.553496
11602,0.26054
11603,1.67364
11604,0.545256
11605,0.199888
11606,0.367512
11607,0.17517
11608,2.16647
11609,0.816442
11610,0.594461
11611,1.16813
11612,0.951458
11613,0.272532
11614,0.697397
11615,0.395779
11616,2.04951
11617,0.83502
11618,0.328572
11619,0.229237
11620,2.01234
11621,0.777945
11622,1.09035
11623,0.888607
11624,0.990345
11625,1.91784
11626,0.204743
11627,0.962376
11628,1.00261
11629,2.07508
11630,0.35808
11631,0.718277
11632,1.31023
11633,0.35808
11634,1.32724
11635,0.516696
11636,2.76765
11637,0.773446
11638,0.638521
11639,0.775227
11640,1.79338
11641,0.477926
11642,0.24244
11643,0.510125
11644,0.26767
11645,0.531315
11646,0.66001
11647,0.544983
11648,1.84578
11649,1.99212
11650,0.381899
11651,0.645197
11652,0.548592
11653,1.24695
11654,1.155
11655,1.25558
11656,0.832019
11657,0.851037
11658,0.981533
11659,0.67611
11660,0.767436
11661,0.477066
11662,1.54249
11663,3.40076
11664,0.252334
11665,0.282804
11666,1.21203
11667,1.08351
11668,0.206181
11669,0.772209
11670,1.19698
11671,0.520742
11672,0.515303
11673,2.02526
11674,1.05707
11675,0.787809
11676,0.910547
11677,0.20867
11678,0.47147
11679,0.833935
11680,0.690182
11681,1.27328
11682,4.27165
11683,0.586548
11684,0.386664
11685,0.562424
11686,1.17527
11687,1.58423
11688,1.74752
11689,3.9749
11690,0.287078
11691,1.08539
11692,0.569043
11693,1.23726
11694,3.63279
11695,0.69677
11696,0.511657
11697,1.31167
11698,0.237877
11699,0.358438
11700,3.70617
11701,2.62453
11702,1.28982
11703,3.04043
11704,2.38071
11705,2.21378
11706,1.41312
11707,1.69571
11708,2.58364
11709,1.03274
11710,2.12315
11711,4.00683
11712,1.80543
11713,1.15627
11714,0.724988
11715,0.481909
11716,0.570924
11717,0.990054
11718,0.38647
11719,1.53342
11720,0.628826
11721,2.45518
11722,1.45237
11723,1.08298
11724,1.29732
11725,0.669516
11726,1.17869
11727,1.56424
11728,0.420252
11729,1.52425
11730,0.341981
11731,0.768742
11732,2.07321
11733,0.646424
11734,1.63428
11735,0.706664
11736,0.516955
11737,0.329889
11738,1.69266
11739,0.652855
11740,0.454481
11741,0.301797
11742,0.329889
11743,0.49253
11744,1.67699
11745,3.04957
11746,0.33454
11747,0.573728
11748,1.28904
11749,1.0345
11750,1.04736
11751,0.722744
11752,0.187496
11753,0.653835
11754,0.307279
11755,0.306972
11756,0.310057
11757,1.51483
11758,0.763914
11759,0.690734
11760,0.473218
11761,3.91572
11762,0.702296
11763,0.496585
11764,1.52425
11765,0.712696
11766,1.37851
11767,0.586373
11768,0.316637
11769,0.953734
11770,3.0833
11771,0.541452
11772,2.30528
11773,0.703632
11774,0.110692
11775,0.589724
11776,0.48355
11777,1.18851
11778,2.21976
11779,0.842569
11780,0.617238
11781,1.37136
11782,0.222239
11783,0.555993
11784,0.50687
11785,0.354517
11786,2.05567
11787,1.13724
11788,0.590314
11789,1.32141
11790,2.4208
11791,0.713338
11792,1.02654
11793,0.324977
11794,2.10055
11795,0.438673
11796,0.981366
11797,0.924539
11798,0.457124
11799,1.06546
11800,0.591141
11801,0.6354
11802,1.12795
11803,0.663916
11804,0.762388
11805,0.272804
11806,1.06756
11807,2.87772
11808,0.529088
11809,1.25332
11810,5.15002
11811,0.338578
11812,0.453346
11813,0.45937
11814,0.963618
11815,0.420715
11816,2.27254
11817,0.883203
11818,0.619093
11819,1.46492
11820,0.139457
11821,0.564565
11822,2.00351
11823,0.889141
11824,0.516851
11825,1.65599
11826,1.11494
11827,0.363491
11828,4.66926
11829,1.02527
11830,0.345764
11831,0.966707
11832,1.45893
11833,0.401399
11834,0.822259
11835,1.22165
11836,0.763303
11837,0.407914
11838,1.0233
11839,0.664248
11840,1.13621
11841,1.66546
11842,0.601096
11843,1.02176
11844,0.341981
11845,1.65997
11846,0.858988
11847,2.05628
11848,0.440696
11849,1.46009
11850,0.512938
11851,0.778411
11852,0.958707
11853,1.08223
11854,0.413706
11855,2.57977
11856,2.01254
11857,0.378969
11858,0.530041
11859,2.12421
11860,1.262
11861,1.02153
11862,0.682154
11863,1.10827
11864,1.17292
11865,1.57082
11866,0.854875
11867,0.998014
11868,1.55426
11869,0.798277
11870,0.498476
11871,0.435091
11872,1.02196
11873,0.341639
11874,0.570467
11875,1.09827
11876,0.850867
11877,0.644681
11878,0.45104
11879,1.58043
11880,0.637756
11881,3.33009
11882,0.887098
11883,0.575509
11884,0.575279
11885,1.20033
11886,1.39626
11887,0.364948
11888,0.821437
11889,2.71747
11890,0.852485
11891,0.820452
11892,0.459875
11893,2.71747
11894,0.219808
11895,0.958736
11896,1.02362
11897,0.606652
11898,0.565073
11899,0.370612
11900,0.785056
11901,0.884706
11902,0.814566
11903,1.53342
11904,1.06409
11905,2.76212
11906,0.697188
11907,0.496238
11908,2.55359
11909,0.346802
11910,0.417697
11911,1.39962
11912,0.519079
11913,0.558389
11914,1.05419
11915,0.313486
11916,0.337227
11917,0.564396
11918,0.252587
11919,0.337227
11920,1.10498
11921,0.31918
11922,1.8296
11923,0.358438
11924,0.605379
11925,0.286791
11926,0.724771
11927,1.46668
11928,0.864158
11929,0.495692
11930,0.513246
11931,1.30604
11932,1.33376
11933,0.475352
11934,0.58077
11935,0.763685
11936,0.562817
11937,1.46829
11938,0.318224
11939,0.467479
11940,0.73764
11941,0.818895
11942,0.748488
11943,0.981425
11944,0.854619
11945,0.626755
11946,0.887985
11947,1.40116
11948,0.660274
11949,0.726803
11950,1.26985
11951,0.854277
11952,2.94468
11953,0.732128
11954,0.930466
11955,0.174995
11956,1.4826
11957,0.950222
11958,0.989525
11959,1.66263
11960,0.393726
11961,1.28108
11962,0.206594
11963,0.194563
11964,1.12964
11965,0.434656
11966,1.09635
11967,1.44643
11968,1.3693
11969,3.16135
11970,2.86051
11971,1.57901
11972,1.94527
11973,0.560515
11974,0.859418
11975,2.67728
11976,0.714909
11977,1.71001
11978,0.852826
11979,2.5927
11980,0.490613
11981,1.78372
11982,0.627947
11983,0.951572
11984,1.28223
11985,0.785135
11986,0.45104
11987,0.457673
11988,0.73543
11989,1.3554
11990,1.10705
11991,0.65731
11992,1.66346
11993,1.14477
11994,0.672603
11995,0.463894
11996,0.625878
11997,1.09405
11998,0.933747
11999,1.53818
12000,0.568929
12001,1.5644
12002,5.41948
12003,0.586431
12004,0.585377
12005,0.655734
12006,0.261846
12007,0.455436
12008,2.16972
12009,0.592206
12010,2.66233
12011,0.768127
12012,0.322388
12013,0.769819
12014,0.714552
12015,0.621326
12016,0.460473
12017,2.36765
12018,0.505352
12019,0.217621
12020,0.533765
12021,1.50712
12022,1.61607
12023,4.39734
12024,0.752993
12025,0.47147
12026,0.441622
12027,1.27992
12028,0.450274
12029,0.592918
12030,1.29836
12031,1.65401
12032,0.96633
12033,0.935205
12034,4.35359
12035,1.8254
12036,0.374561
12037,0.515252
12038,0.418365
12039,0.831187
12040,0.233868
12041,0.302704
12042,1.17727
12043,0.231078
12044,1.12008
12045,0.114521
12046,0.999723
12047,0.834769
12048,1.17939
12049,1.35121
12050,0.631347
12051,0.594996
12052,0.389302
12053,0.6361
12054,1.35921
12055,0.874678
12056,1.9408
12057,0.170503
12058,0.73543
12059,1.41538
12060,0.536601
12061,0.346802
12062,0.743267
12063,0.506566
12064,0.816605
12065,0.40873
12066,0.581293
12067,0.219808
12068,0.404259
12069,1.37947
12070,0.474972
12071,0.641722
12072,1.24483
12073,0.671729
12074,1.51786
12075,0.593689
12076,0.289674
12077,1.40635
12078,0.646165
12079,2.03806
12080,0.544711
12081,5.5678
12082,2.2251
12083,1.35378
12084,2.50578
12085,0.485683
12086,0.463894
12087,0.890831
12088,1.74316
12089,0.285932
12090,1.0657
12091,1.63166
12092,0.584499
12093,0.458589
12094,0.905435
12095,1.65285
12096,0.366777
12097,0.932981
12098,0.250825
12099,0.281394
12100,0.535101
12101,1.14511
12102,0.160414
12103,0.41441
12104,1.02729
12105,0.872319
12106,0.679091
12107,1.11494
12108,0.373962
12109,0.687977
12110,0.386432
12111,1.12042
12112,1.44325
12113,1.83272
12114,2.62689
12115,1.89971
12116,2.82356
12117,0.569669
12118,0.250324
12119,3.09566
12120,2.9388
12121,1.31679
12122,0.436006
12123,0.614651
12124,1.11997
12125,0.329889
12126,1.32313
12127,0.706099
12128,1.17986
12129,0.447312
12130,1.04221
12131,1.17234
12132,0.679771
12133,0.119672
12134,1.66929
12135,0.646165
12136,0.468743
12137,1.2875
12138,0.166627
12139,0.446195
12140,1.55348
12141,0.436966
12142,0.304221
12143,1.14465
12144,0.396135
12145,1.12333
12146,2.30205
12147,0.661596
12148,0.247091
12149,2.63557
12150,4.56766
12151,0.921429
12152,0.787966
12153,0.340957
12154,1.18839
12155,0.665378
12156,0.749012
12157,2.1096
12158,1.45368
12159,1.30031
12160,4.45934
12161,1.61462
12162,0.570068
12163,3.59664
12164,1.26554
12165,0.583623
12166,0.879589
12167,0.188813
12168,0.613117
12169,0.706099
12170,0.830772
12171,1.59329
12172,0.737787
12173,1.0472
12174,0.405595
12175,0.518663
12176,0.709425
12177,1.21994
12178,0.78075
12179,0.373813
12180,0.200488
12181,0.799475
12182,0.210978
12183,0.16646
12184,0.379121
12185,0.330219
12186,1.18175
12187,0.753369
12188,0.82267
12189,0.515561
12190,0.46538
12191,0.50753
12192,0.839961
12193,0.701805
12194,0.508648
12195,0.231309
12196,0.154432
12197,0.637437
12198,0.469682
12199,0.583098
12200,0.984216
12201,1.06441
12202,0.253093
12203,0.871273
12204,0.234336
12205,1.02152
12206,0.892436
12207,0.390823
12208,0.459508
12209,0.840969
12210,0.0616058
12211,1.19842
12212,1.14145
12213,0.486509
12214,1.21945
12215,0.962328
12216,0.995257
12217,2.385
12218,1.07468
12219,1.28621
12220,0.247338
12221,1.66512
12222,0.420505
12223,0.685436
12224,1.17586
12225,0.979905
12226,1.19184
12227,2.01194
12228,1.59281
12229,0.300292
12230,1.69791
12231,0.537461
12232,1.29059
12233,0.526502
12234,0.495395
12235,1.09086
12236,0.59126
12237,0.411766
12238,0.479026
12239,0.0691139
12240,2.29286
12241,0.171358
12242,2.31428
12243,0.725351
12244,1.32141
12245,1.05526
12246,0.857529
12247,0.403653
12248,1.14374
12249,0.988497
12250,0.198097
12251,0.374486
12252,0.260019
12253,1.57949
12254,0.498426
12255,0.856073
12256,0.51176
12257,0.39824
12258,0.640504
12259,0.505605
12260,0.514428
12261,0.248081
12262,0.56203
12263,0.719283
12264,1.06382
12265,0.829776
12266,1.21082
12267,0.815136
12268,0.52782
12269,0.592325
12270,0.460243
12271,1.1497
12272,0.580016
12273,0.930922
12274,2.06225
12275,1.55069
12276,0.735651
12277,1.89383
12278,1.08045
12279,0.858559
12280,0.516231
12281,1.06264
12282,0.474544
12283,1.10971
12284,0.770666
12285,0.774452
12286,0.513349
12287,0.702999
12288,0.301194
12289,1.37396
12290,1.02223
12291,1.1086
12292,1.00895
12293,0.284222
12294,1.49586
12295,0.645907
12296,0.216319
12297,1.23257
12298,1.41567
12299,1.24036
12300,0.397325
12301,0.673276
12302,0.529194
12303,0.279711
12304,2.39217
12305,1.61543
12306,2.33031
12307,0.855645
12308,0.361317
12309,1.41284
12310,0.872668
12311,0.772595
12312,0.688321
12313,2.75936
12314,0.947934
12315,0.432661
12316,5.14487
12317,0.874765
12318,0.507377
12319,1.36056
12320,1.51437
12321,1.07505
12322,0.644165
12323,1.7037
12324,0.217186
12325,0.957452
12326,1.20141
12327,1.38542
12328,0.918476
12329,1.02583
12330,0.712482
12331,0.697397
12332,0.953572
12333,0.917392
12334,0.328243
12335,0.451491
12336,2.67006
12337,0.870837
12338,0.717487
12339,0.396769
12340,1.6733
12341,1.49377
12342,0.711201
12343,0.289384
12344,2.05115
12345,0.284222
12346,0.878447
12347,1.40256
12348,0.828366
12349,3.56442
12350,2.05094
12351,0.963117
12352,0.726658
12353,0.666977
12354,0.326606
12355,0.665445
12356,2.19789
12357,0.41226
12358,1.99751
12359,1.12693
12360,1.15974
12361,1.80038
12362,0.228779
12363,0.23504
12364,0.369613
12365,1.50727
12366,0.243899
12367,1.91382
12368,1.1814
12369,1.88891
12370,0.185816
12371,1.31758
12372,1.44398
12373,0.171701
12374,1.26276
12375,1.05566
12376,0.699703
12377,0.369576
12378,0.269012
12379,0.441358
12380,0.900955
12381,0.832019
12382,0.382855
12383,3.39058
12384,0.313486
12385,0.758358
12386,1.79481
12387,0.440608
12388,0.564001
12389,0.210136
12390,0.247833
12391,1.02955
12392,0.94135
12393,0.894044
12394,0.472981
12395,0.522098
12396,0.873454
12397,0.514943
12398,0.996933
12399,0.487385
12400,0.832851
12401,0.991565
12402,1.10772
12403,0.640888
12404,0.789623
12405,2.08423
12406,0.857443
12407,0.607502
12408,1.60192
12409,1.06818
12410,0.432834
12411,2.03379
12412,0.444058
12413,0.674287
12414,1.92168
12415,1.43634
12416,0.752616
12417,0.910383
12418,0.509768
12419,0.663982
12420,1.5174
12421,0.404906
12422,0.975749
12423,0.357722
12424,1.07197
12425,0.622196
12426,0.591674
12427,0.524558
12428,2.93586
12429,0.684683
12430,0.504241
12431,0.796204
12432,1.11561
12433,0.235982
12434,0.636227
12435,0.933775
12436,0.377494
12437,0.242926
12438,2.08987
12439,2.23357
12440,2.74012
12441,1.07441
12442,0.256404
12443,0.55577
12444,2.88926
12445,0.79255
12446,0.147489
12447,1.04196
12448,2.09154
12449,2.7456
12450,0.422486
12451,1.305
12452,0.587253
12453,1.07043
12454,1.04705
12455,1.11193
12456,1.2696
12457,0.546839
12458,0.500274
12459,0.724916
12460,1.24085
12461,1.20816
12462,1.55955
12463,2.53071
12464,1.40228
12465,1.47787
12466,1.01342
12467,0.577296
12468,0.636354
12469,1.26049
12470,0.966436
12471,1.02163
12472,0.428613
12473,3.23167
12474,2.82639
12475,0.874765
12476,1.07355
12477,2.01073
12478,0.540965
12479,1.67833
12480,1.67397
12481,0.26767
12482,0.679567
12483,1.32313
12484,0.894402
12485,0.510737
12486,1.07301
12487,1.29771
12488,0.687495
12489,3.08947
12490,1.41893
12491,0.986107
12492,0.440256
12493,1.74997
12494,1.596
12495,1.07392
12496,0.192627
12497,1.36903
12498,0.768973
12499,0.236218
12500,3.3168
12501,0.626817
12502,3.03436
12503,0.647653
12504,3.37704
12505,1.86675
12506,0.754349
12507,1.27405
12508,0.590905
12509,3.2838
12510,0.252082
12511,0.860106
12512,1.58995
12513,0.512784
12514,0.906268
12515,0.917466
12516,0.997177
12517,0.48612
12518,0.532166
12519,0.696143
12520,0.973546
12521,1.36561
12522,0.74759
12523,0.655406
12524,0.326606
12525,0.267403
12526,0.245858
12527,0.923246
12528,0.724553
12529,0.27999
12530,0.354871
12531,2.20759
12532,2.15157
12533,0.698794
12534,1.36697
12535,0.364948
12536,0.508495
12537,0.867621
12538,1.13349
12539,0.526397
12540,2.20274
12541,1.06347
12542,2.32193
12543,0.493269
12544,0.904892
12545,1.84541
12546,1.47064
12547,0.968448
12548,0.691356
12549,1.44441
12550,0.189569
12551,0.695239
12552,0.7333
12553,0.400196
12554,0.617856
12555,0.603023
12556,0.346456
12557,0.387167
12558,0.374112
12559,0.367144
12560,0.991352
12561,0.52351
12562,0.515097
12563,0.340957
12564,0.63337
12565,0.714695
12566,0.332871
12567,1.09672
12568,3.69507
12569,0.821848
12570,0.882232
12571,3.29037
12572,0.948408
12573,1.81249
12574,0.727821
12575,0.474497
12576,0.596128
12577,1.99731
12578,0.40329
12579,1.03438
12580,3.10496
12581,0.803402
12582,1.6608
12583,0.404542
12584,1.57255
12585,0.590137
12586,0.696352
12587,0.182501
12588,0.667644
12589,1.05881
12590,1.15315
12591,2.87198
12592,0.818403
12593,0.832935
12594,0.333204
12595,2.21068
12596,1.7547
12597,0.946267
12598,2.55614
12599,0.974959
12600,2.19899
12601,2.17298
12602,0.563662
12603,0.405717
12604,1.74177
12605,0.224024
12606,2.62479
12607,1.40762
12608,0.410861
12609,0.240268
12610,0.255892
12611,0.75239
12612,0.789386
12613,0.346456
12614,0.875728
12615,0.424518
12616,2.24656
12617,0.381975
12618,0.499374
12619,1.24745
12620,0.947423
12621,0.564621
12622,0.359155
12623,0.490319
12624,0.265272
12625,0.474023
12626,0.753068
12627,0.489633
12628,0.923089
12629,0.200689
12630,0.770358
12631,1.88137
12632,2.02952
12633,0.704759
12634,0.0995595
12635,0.624315
12636,0.844509
12637,0.285076
12638,0.518612
12639,0.360235
12640,0.906685
12641,0.885945
12642,1.13906
12643,0.618907
12644,1.50622
12645,0.355938
12646,0.819222
12647,0.808237
12648,0.690596
12649,0.465008
12650,0.808399
12651,0.579031
12652,1.23467
12653,1.99851
12654,0.733961
12655,1.0137
12656,1.52348
12657,0.780438
12658,0.427714
12659,1.9288
12660,0.388097
12661,1.89971
12662,1.03946
12663,2.90665
12664,0.274172
12665,1.42305
12666,1.75646
12667,0.983822
12668,0.419161
12669,1.10334
12670,0.544983
12671,0.803965
12672,1.1572
12673,0.270901
12674,1.23072
12675,2.28508
12676,0.537514
12677,1.55317
12678,0.59768
12679,1.17928
12680,0.469823
12681,0.269012
12682,0.64869
12683,0.764678
12684,1.72979
12685,0.436442
12686,0.986019
12687,1.9802
12688,0.857272
12689,1.45121
12690,0.931984
12691,0.407343
12692,1.40748
12693,0.426348
12694,0.465753
12695,0.23551
12696,0.775227
12697,0.372842
12698,0.42686
12699,0.638777
12700,0.621885
12701,0.307279
12702,0.696631
12703,0.634892
12704,0.579031
12705,0.549855
12706,0.438235
12707,0.781375
12708,0.310988
12709,0.990924
12710,0.497978
12711,2.21887
12712,0.61012
12713,3.25437
12714,0.57932
12715,0.402363
12716,1.11093
12717,2.33311
12718,1.70267
12719,0.445615
12720,1.03636
12721,0.218931
12722,0.509972
12723,0.380526
12724,0.357722
12725,2.41259
12726,2.99816
12727,0.447222
12728,1.47565
12729,2.61666
12730,1.08053
12731,0.518352
12732,1.19854
12733,0.208462
12734,0.65462
12735,0.562255
12736,0.378666
12737,0.64908
12738,0.473454
12739,1.1319
12740,0.675907
12741,2.30943
12742,0.187496
12743,0.661861
12744,0.97199
12745,1.03299
12746,1.45252
12747,0.22741
12748,1.55862
12749,3.04957
12750,1.27864
12751,0.311299
12752,0.281394
12753,1.89156
12754,0.746918
12755,0.418868
12756,1.20442
12757,1.31956
12758,1.02552
12759,0.355938
12760,1.22116
12761,0.882497
12762,0.453346
12763,0.307894
12764,1.61188
12765,1.85132
12766,0.600976
12767,1.18792
12768,0.788282
12769,0.690803
12770,0.638905
12771,0.362402
12772,0.241714
12773,3.67297
12774,2.66579
12775,1.63117
12776,0.999324
12777,0.355226
12778,0.369428
12779,0.366777
12780,1.8163
12781,1.08677
12782,0.780126
12783,2.75385
12784,0.727021
12785,2.50152
12786,1.28044
12787,0.789149
12788,1.54635
12789,0.702437
12790,0.701945
12791,1.27188
12792,0.400276
12793,0.882144
12794,0.17153
12795,0.361678
12796,0.590314
12797,0.739338
12798,0.129251
12799,0.402202
12800,0.913557
12801,1.39766
12802,1.25445
12803,2.07073
12804,0.851803
12805,0.993087
12806,3.09875
12807,0.392547
12808,1.08891
12809,0.382701
12810,0.25183
12811,0.460059
12812,0.910301
12813,0.517731
12814,0.791441
12815,0.831686
12816,0.959225
12817,1.13963
12818,0.425028
12819,1.75541
12820,0.644036
12821,0.733007
12822,3.13303
12823,3.95903
12824,0.329559
12825,0.800755
12826,3.59304
12827,4.51769
12828,1.61527
12829,0.447267
12830,1.89781
12831,0.33689
12832,0.588134
12833,1.57177
12834,2.549
12835,1.37754
12836,0.531315
12837,0.443171
12838,0.252334
12839,0.298794
12840,0.657638
12841,0.478165
12842,0.494702
12843,1.54095
12844,0.364583
12845,0.350288
12846,0.409303
12847,1.1814
12848,0.647524
12849,0.669784
12850,0.581119
12851,1.45485
12852,1.35825
12853,0.647135
12854,0.266602
12855,0.366777
12856,0.585435
12857,1.28403
12858,0.372581
12859,0.77919
12860,0.823576
12861,0.519182
12862,0.638585
12863,0.568531
12864,1.30161
12865,1.74264
12866,1.05382
12867,0.281675
12868,0.23457
12869,0.516077
12870,0.872145
12871,2.51482
12872,3.30686
12873,0.740374
12874,0.345073
12875,1.11027
12876,1.2274
12877,0.767743
12878,0.762159
12879,0.159933
12880,0.74647
12881,0.318861
12882,2.00832
12883,1.31745
12884,1.23986
12885,0.551066
12886,0.631284
12887,1.3774
12888,1.03622
12889,0.393293
12890,0.783174
12891,0.634892
12892,1.12131
12893,0.634892
12894,0.353455
12895,0.404218
12896,2.94763
12897,1.44354
12898,0.196126
12899,0.594639
12900,1.12468
12901,2.15955
12902,0.534032
12903,0.535583
12904,3.01621
12905,0.913292
12906,0.340957
12907,0.482343
12908,1.39292
12909,0.362765
12910,0.565073
12911,0.299992
12912,1.08757
12913,0.936796
12914,0.611953
12915,1.42975
12916,0.493319
12917,0.68963
12918,1.22654
12919,0.515819
12920,1.24023
12921,0.266335
12922,1.12987
12923,1.68708
12924,1.65533
12925,1.82979
12926,0.871622
12927,0.614037
12928,0.7303
12929,0.613301
12930,1.42447
12931,1.04316
12932,1.35595
12933,3.60384
12934,0.219808
12935,0.786707
12936,1.95014
12937,0.722816
12938,1.81739
12939,0.238592
12940,1.604
12941,1.29046
12942,0.97096
12943,2.85765
12944,0.328243
12945,0.991446
12946,0.825885
12947,0.598338
12948,0.81367
12949,1.21677
12950,0.387438
12951,0.829859
12952,0.942141
12953,1.34918
12954,0.410081
12955,0.788518
12956,0.405311
12957,0.392076
12958,0.582748
12959,0.573326
12960,1.53189
12961,0.247833
12962,1.99571
12963,0.290254
12964,1.41326
12965,1.04515
12966,0.204743
12967,0.213739
12968,2.2986
12969,0.62933
12970,0.65129
12971,0.701454
12972,0.325628
12973,0.177995
12974,0.505554
12975,1.06686
12976,0.458177
12977,2.37026
12978,0.501626
12979,0.315058
12980,0.777945
12981,0.872843
12982,1.09765
12983,1.05015
12984,1.01926
12985,0.471847
12986,0.188435
12987,2.17973
12988,1.26922
12989,0.919376
12990,0.487337
12991,0.577874
12992,0.433397
12993,0.101064
12994,1.82431
12995,0.655013
12996,0.442241
12997,0.803965
12998,1.06995
12999,1.58123
13000,0.843749
13001,0.500624
13002,5.92393
13003,1.36247
13004,0.360595
13005,0.861741
13006,0.605985
13007,0.596486
13008,0.741708
13009,0.345418
13010,0.363128
13011,1.3868
13012,1.15558
13013,0.636991
13014,1.00369
13015,0.944424
13016,2.63557
13017,4.33621
13018,0.406001
13019,1.7591
13020,0.148525
13021,0.541669
13022,0.537568
13023,0.654293
13024,0.920857
13025,0.465567
13026,1.06502
13027,0.772055
13028,0.406285
13029,1.53526
13030,0.477544
13031,1.49153
13032,0.243899
13033,0.723033
13034,0.15077
13035,0.532006
13036,2.42202
13037,0.946078
13038,0.431667
13039,0.454617
13040,1.7914
13041,0.852826
13042,0.491743
13043,0.999944
13044,0.363491
13045,2.96536
13046,0.436835
13047,0.605985
13048,0.631094
13049,2.12697
13050,0.481187
13051,0.639736
13052,0.9956
13053,0.887541
13054,0.860708
13055,0.692186
13056,0.161864
13057,0.552335
13058,1.33937
13059,2.54645
13060,0.62469
13061,0.394514
13062,1.18673
13063,0.729935
13064,0.858817
13065,0.62469
13066,1.61349
13067,1.2492
13068,1.61494
13069,1.35378
13070,0.318861
13071,0.767897
13072,0.805091
13073,0.355582
13074,0.352748
13075,1.53204
13076,2.87485
13077,1.01347
13078,0.566431
13079,0.427885
13080,0.749312
13081,0.587781
13082,0.664514
13083,0.946163
13084,0.719355
13085,1.81122
13086,0.365313
13087,1.26567
13088,3.01319
13089,0.470011
13090,0.999572
13091,1.81757
13092,0.920913
13093,0.155362
13094,0.367512
13095,0.447312
13096,2.4754
13097,1.29888
13098,1.09976
13099,2.2796
13100,0.774297
13101,1.34514
13102,0.804608
13103,0.441225
13104,0.684819
13105,0.582399
13106,1.39306
13107,0.272804
13108,0.262895
13109,0.352396
13110,0.400837
13111,1.96698
13112,0.511402
13113,0.605924
13114,0.372917
13115,0.303007
13116,0.475685
13117,1.15627
13118,0.535101
13119,0.571266
13120,6.86887
13121,0.603868
13122,1.60866
13123,0.456485
13124,1.45951
13125,0.243655
13126,0.342323
13127,1.0061
13128,0.88506
13129,0.502681
13130,0.513657
13131,0.541182
13132,0.148823
13133,1.33857
13134,0.488948
13135,0.539237
13136,0.434222
13137,1.32075
13138,0.603928
13139,6.09214
13140,0.693433
13141,1.44687
13142,0.547058
13143,0.431365
13144,1.48944
13145,0.456759
13146,1.8002
13147,0.319819
13148,0.338917
13149,0.962193
13150,1.16009
13151,1.0151
13152,0.532113
13153,1.1572
13154,0.692602
13155,2.5839
13156,0.421937
13157,0.907719
13158,0.813345
13159,1.07737
13160,0.533071
13161,0.641337
13162,0.588723
13163,0.815544
13164,0.967539
13165,0.388408
13166,1.10716
13167,0.15259
13168,0.628701
13169,1.02373
13170,0.823329
13171,0.578105
13172,0.462088
13173,0.49076
13174,1.46214
13175,1.0465
13176,0.885591
13177,0.521837
13178,0.612381
13179,0.4347
13180,0.901045
13181,1.27061
13182,0.266602
13183,0.697328
13184,0.427287
13185,1.58915
13186,2.4179
13187,1.39487
13188,1.34797
13189,0.88091
13190,1.29201
13191,0.597859
13192,0.77997
13193,0.16696
13194,0.737418
13195,2.95353
13196,0.281394
13197,1.5391
13198,0.682768
13199,0.275546
13200,0.665378
13201,0.443304
13202,0.465427
13203,0.515097
13204,0.780516
13205,1.29875
13206,0.773987
13207,0.88232
13208,0.750062
13209,0.589076
13210,0.863208
13211,0.463801
13212,1.06309
13213,0.529141
13214,2.24566
13215,0.488459
13216,0.301194
13217,0.626316
13218,1.08177
13219,2.36553
13220,0.765979
13221,0.530784
13222,0.715767
13223,0.367512
13224,1.00649
13225,3.1772
13226,1.14924
13227,0.498526
13228,0.571838
13229,1.81303
13230,1.48899
13231,0.555326
13232,2.25918
13233,1.01368
13234,0.220689
13235,1.59106
13236,0.644036
13237,0.598039
13238,1.47256
13239,0.706169
13240,0.410327
13241,0.535208
13242,1.36274
13243,0.917539
13244,0.198097
13245,0.802599
13246,0.707937
13247,0.704265
13248,1.91976
13249,0.728549
13250,1.20889
13251,2.54187
13252,1.84172
13253,0.637756
13254,1.15177
13255,0.552225
13256,1.24682
13257,1.82869
13258,0.909919
13259,0.740374
13260,0.910219
13261,1.42333
13262,0.437491
13263,1.35663
13264,0.395541
13265,0.443525
13266,0.341639
13267,0.43102
13268,0.567451
13269,1.79051
13270,0.306972
13271,0.807106
13272,0.903391
13273,2.23334
13274,0.522725
13275,1.24309
13276,1.04474
13277,0.288517
13278,0.750587
13279,0.778723
13280,0.41226
13281,0.269281
13282,0.32271
13283,0.41354
13284,0.394672
13285,1.08014
13286,1.97823
13287,0.767436
13288,2.28074
13289,1.77855
13290,1.33549
13291,0.76529
13292,0.253346
13293,1.37727
13294,0.987874
13295,0.626755
13296,0.501275
13297,0.758737
13298,0.226956
13299,1.99671
13300,1.03353
13301,1.88853
13302,2.88349
13303,0.49748
13304,1.36356
13305,0.177284
13306,1.74316
13307,0.555715
13308,1.52272
13309,1.06854
13310,0.486704
13311,2.08736
13312,0.335209
13313,0.382816
13314,0.664979
13315,0.179425
13316,1.35324
13317,1.52623
13318,1.20394
13319,0.998598
13320,2.10918
13321,4.6228
13322,0.324328
13323,0.939253
13324,0.3138
13325,0.296117
13326,0.962482
13327,0.375424
13328,0.609937
13329,0.283087
13330,0.621139
13331,1.37548
13332,0.565808
13333,0.748264
13334,0.749237
13335,2.55002
13336,0.945426
13337,0.536548
13338,1.8067
13339,0.888963
13340,0.56355
13341,0.910592
13342,1.21276
13343,1.01266
13344,0.489388
13345,0.954555
13346,0.704759
13347,1.05377
13348,1.6245
13349,1.73014
13350,1.89364
13351,0.888518
13352,0.726367
13353,0.534513
13354,1.94644
13355,1.4996
13356,0.705111
13357,0.538321
13358,1.18756
13359,0.596903
13360,0.929619
13361,0.811314
13362,0.276098
13363,1.9478
13364,0.216969
13365,1.09645
13366,0.302099
13367,0.406936
13368,1.22495
13369,0.464683
13370,2.05896
13371,0.993428
13372,0.346802
13373,2.02567
13374,1.86339
13375,0.876166
13376,0.502832
13377,0.575222
13378,0.802439
13379,0.374374
13380,0.755708
13381,0.380869
13382,0.826215
13383,0.155362
13384,0.76155
13385,0.902127
13386,0.466405
13387,0.371986
13388,0.898885
13389,0.899695
13390,0.941727
13391,1.30905
13392,1.10329
13393,1.42262
13394,1.20069
13395,0.85573
13396,0.603204
13397,1.08098
13398,1.02987
13399,1.34891
13400,1.01312
13401,0.870837
13402,0.674219
13403,1.13997
13404,0.599476
13405,0.548153
13406,0.392704
13407,0.254616
13408,0.311299
13409,0.553829
13410,0.395344
13411,0.527873
13412,0.535208
13413,1.0751
13414,0.411396
13415,3.07406
13416,1.18566
13417,0.997357
13418,1.98794
13419,1.15917
13420,0.445838
13421,0.78075
13422,0.406488
13423,0.972427
13424,0.618722
13425,0.403169
13426,0.773214
13427,0.810341
13428,0.718062
13429,0.360595
13430,1.59472
13431,3.46253
13432,0.273624
13433,0.243899
13434,0.508698
13435,0.887719
13436,0.584558
13437,0.400477
13438,0.707442
13439,0.674489
13440,1.19506
13441,0.832435
13442,0.70335
13443,1.37163
13444,1.52806
13445,1.12581
13446,2.07073
13447,1.34918
13448,0.333537
13449,0.489486
13450,0.329889
13451,3.19952
13452,1.59042
13453,1.17281
13454,2.36647
13455,5.26984
13456,1.18388
13457,0.741263
13458,1.49302
13459,0.304221
13460,1.17645
13461,1.78693
13462,0.25183
13463,1.3477
13464,1.46829
13465,2.12379
13466,0.568417
13467,0.926177
13468,2.7456
13469,0.905806
13470,0.937414
13471,0.684819
13472,0.237402
13473,0.734254
13474,1.03285
13475,0.19052
13476,0.116601
13477,0.216319
13478,0.313486
13479,0.545583
13480,0.258981
13481,0.752691
13482,0.963782
13483,0.985339
13484,0.901225
13485,0.917558
13486,0.35134
13487,2.7871
13488,0.514737
13489,0.798277
13490,0.936281
13491,0.264213
13492,0.52524
13493,0.25284
13494,1.45703
13495,0.461811
13496,0.468696
13497,0.702226
13498,0.42122
13499,0.519182
13500,0.417154
13501,1.70182
13502,0.230616
13503,0.956093
13504,0.343352
13505,1.03784
13506,0.616992
13507,0.172734
13508,1.05613
13509,1.51664
13510,0.261061
13511,0.603747
13512,0.383775
13513,0.742004
13514,0.907856
13515,1.65649
13516,0.186934
13517,2.67407
13518,0.460243
13519,1.16824
13520,0.449958
13521,0.883998
13522,1.23763
13523,0.211401
13524,0.660803
13525,1.37273
13526,1.81721
13527,0.72195
13528,1.37878
13529,0.9089
13530,1.18566
13531,0.730227
13532,2.00852
13533,0.718277
13534,1.91267
13535,2.13486
13536,0.400196
13537,0.453527
13538,1.2981
13539,0.419664
13540,5.02789
13541,0.622943
13542,3.84972
13543,0.595592
13544,1.4975
13545,0.307894
13546,2.13528
13547,1.07645
13548,0.559563
13549,0.819878
13550,0.945662
13551,0.911804
13552,2.97427
13553,0.506111
13554,0.651811
13555,0.280271
13556,0.851633
13557,1.73447
13558,0.782861
13559,0.343352
13560,0.927539
13561,0.443304
13562,0.924373
13563,0.621015
13564,0.918733
13565,0.247585
13566,1.95443
13567,0.287653
13568,0.346456
13569,0.979836
13570,0.224922
13571,2.11045
13572,2.41355
13573,0.432488
13574,0.860794
13575,1.32631
13576,0.462828
13577,4.02691
13578,0.40718
13579,0.276374
13580,0.974267
13581,0.89467
13582,0.866667
13583,1.69181
13584,1.06853
13585,0.678005
13586,0.467713
13587,2.44783
13588,1.65054
13589,0.442994
13590,1.98814
13591,2.8691
13592,2.81229
13593,0.60417
13594,0.180504
13595,0.213312
13596,0.671931
13597,0.346802
13598,0.915148
13599,0.268743
13600,0.478165
13601,0.198295
13602,2.11827
13603,0.810909
13604,0.19282
13605,0.855132
13606,1.18448
13607,4.28448
13608,0.488899
13609,0.586842
13610,0.490956
13611,0.370093
13612,0.479074
13613,0.496734
13614,0.986729
13615,0.752014
13616,1.355
13617,0.746321
13618,0.696979
13619,0.368395
13620,1.20274
13621,2.49054
13622,0.526081
13623,0.306665
13624,1.18305
13625,1.01401
13626,1.08294
13627,0.495048
13628,0.516541
13629,0.855132
13630,0.68352
13631,2.37168
13632,1.39682
13633,1.62922
13634,0.793263
13635,0.804367
13636,0.321422
13637,0.743118
13638,0.554494
13639,0.325954
13640,1.65898
13641,0.943395
13642,0.394554
13643,1.94605
13644,1.17786
13645,2.13678
13646,0.929629
13647,2.46059
13648,1.38514
13649,0.246104
13650,1.09702
13651,0.577412
13652,1.5633
13653,0.761093
13654,0.182319
13655,1.00607
13656,0.956533
13657,1.60898
13658,0.202706
13659,1.59297
13660,0.62977
13661,1.92168
13662,0.378099
13663,0.788282
13664,0.462365
13665,0.435309
13666,2.10013
13667,1.17504
13668,3.17402
13669,1.49885
13670,0.9753
13671,0.922849
13672,0.201897
13673,0.64623
13674,0.927382
13675,0.46879
13676,1.29305
13677,0.932897
13678,1.19483
13679,0.594402
13680,0.643457
13681,0.184889
13682,1.25483
13683,0.497928
13684,0.169145
13685,1.1029
13686,0.53886
13687,0.544656
13688,1.97269
13689,0.531953
13690,2.23446
13691,0.774529
13692,1.14465
13693,0.708645
13694,1.30761
13695,0.530572
13696,0.795169
13697,2.14685
13698,0.469494
13699,0.63833
13700,1.36561
13701,0.546839
13702,0.71177
13703,0.311923
13704,1.03034
13705,0.266069
13706,2.15157
13707,1.41609
13708,0.491792
13709,1.43663
13710,1.25847
13711,1.70899
13712,1.16602
13713,0.581991
13714,0.534459
13715,0.567451
13716,0.635972
13717,0.332871
13718,0.972777
13719,1.64559
13720,0.846284
13721,1.17187
13722,0.359515
13723,2.43562
13724,0.767129
13725,1.71378
13726,1.22753
13727,0.523719
13728,0.213739
13729,0.696074
13730,0.182319
13731,1.21397
13732,0.733961
13733,0.556605
13734,0.578105
13735,0.392547
13736,0.306972
13737,0.511913
13738,0.932468
13739,1.18353
13740,0.771823
13741,0.406488
13742,0.952781
13743,1.10938
13744,1.87105
13745,0.71799
13746,0.71799
13747,0.759344
13748,0.754123
13749,1.58979
13750,1.10528
13751,1.14637
13752,1.11182
13753,1.74403
13754,0.597082
13755,0.811963
13756,1.355
13757,0.449913
13758,0.860622
13759,1.28582
13760,0.238831
13761,1.81448
13762,0.654489
13763,0.728476
13764,0.417363
13765,0.548373
13766,0.505099
13767,0.741115
13768,2.40656
13769,0.297304
13770,0.793739
13771,0.648171
13772,0.819386
13773,1.3164
13774,1.29395
13775,1.01764
13776,1.48691
13777,0.375086
13778,2.00812
13779,1.31653
13780,0.582923
13781,0.594223
13782,1.6603
13783,0.534673
13784,1.23875
13785,0.488117
13786,0.414658
13787,2.32914
13788,0.998139
13789,0.881262
13790,1.97072
13791,0.59197
13792,0.721156
13793,0.752089
13794,1.86955
13795,4.62742
13796,0.637373
13797,0.871012
13798,0.468322
13799,1.51014
13800,0.353808
13801,0.630274
13802,0.289095
13803,1.01121
13804,0.225147
13805,0.785527
13806,1.67197
13807,0.39832
13808,0.414161
13809,0.572811
13810,0.521994
13811,0.4293
13812,0.524715
13813,1.77128
13814,1.09508
13815,0.333871
13816,0.473786
13817,1.20502
13818,0.593155
13819,0.987904
13820,0.604109
13821,0.44202
13822,0.961472
13823,0.902307
13824,0.349588
13825,0.960924
13826,1.37341
13827,1.33482
13828,0.333537
13829,1.24995
13830,0.635337
13831,1.10065
13832,2.38882
13833,0.348541
13834,0.629393
13835,1.31574
13836,0.365679
13837,0.30851
13838,0.785763
13839,0.385505
13840,0.257689
13841,1.45557
13842,0.531847
13843,0.43102
13844,0.58996
13845,0.480273
13846,0.377683
13847,1.01018
13848,0.829361
13849,3.09875
13850,0.393687
13851,0.714766
13852,3.82286
13853,0.492579
13854,0.373253
13855,0.346802
13856,0.288229
13857,1.10971
13858,0.694891
13859,1.17833
13860,0.23764
13861,0.307894
13862,0.464172
13863,0.465148
13864,0.654228
13865,0.573785
13866,0.279152
13867,0.197899
13868,3.13616
13869,1.46477
13870,1.18554
13871,1.16906
13872,0.74789
13873,1.27265
13874,0.245613
13875,1.2875
13876,0.272259
13877,1.07985
13878,0.584382
13879,0.480898
13880,1.83584
13881,0.38767
13882,0.837445
13883,0.922175
13884,0.544275
13885,1.15754
13886,1.66196
13887,2.87198
13888,0.399077
13889,0.129251
13890,0.726367
13891,0.809774
13892,1.09597
13893,0.921733
13894,1.00073
13895,0.442994
13896,0.310988
13897,0.485149
13898,0.355938
13899,0.685299
13900,2.14556
13901,0.393529
13902,0.559954
13903,0.94365
13904,1.15673
13905,2.41114
13906,0.829112
13907,0.383659
13908,0.763379
13909,0.571609
13910,1.13792
13911,1.11127
13912,0.514016
13913,0.692394
13914,1.50968
13915,0.528665
13916,0.501626
13917,0.269281
13918,2.71014
13919,1.58804
13920,1.14878
13921,1.18317
13922,0.559115
13923,1.15974
13924,2.32984
13925,0.528507
13926,1.03009
13927,2.52742
13928,0.356294
13929,0.325302
13930,1.11974
13931,1.42347
13932,1.89781
13933,0.82638
13934,0.598936
13935,1.54388
13936,0.309747
13937,0.501827
13938,1.6085
13939,1.47403
13940,1.08044
13941,1.26934
13942,0.46459
13943,0.588311
13944,3.41098
13945,0.536601
13946,1.51407
13947,0.484276
13948,0.933028
13949,0.72753
13950,0.776779
13951,1.99252
13952,0.920959
13953,0.407914
13954,0.539345
13955,1.30031
13956,1.17845
13957,1.94799
13958,0.324652
13959,0.447312
13960,1.29654
13961,0.32271
13962,1.33576
13963,0.507225
13964,0.999697
13965,0.585904
13966,0.318542
13967,0.739338
13968,1.08353
13969,0.242198
13970,1.2517
13971,0.589017
13972,0.462273
13973,0.705746
13974,1.45776
13975,0.324328
13976,0.452847
13977,0.456074
13978,1.20756
13979,0.758585
13980,0.407424
13981,2.36198
13982,0.226502
13983,0.86088
13984,1.75207
13985,1.1572
13986,0.671528
13987,0.486412
13988,0.473881
13989,0.499424
13990,1.51014
13991,0.637628
13992,1.32485
13993,0.768896
13994,0.19909
13995,0.689492
13996,1.02742
13997,1.24732
13998,1.68304
13999,2.18082
14000,0.647783
14001,2.51834
14002,1.06113
14003,0.868402
14004,1.64592
14005,0.994519
14006,1.03621
14007,0.583973
14008,1.89023
14009,0.747366
14010,1.50291
14011,0.350989
14012,0.991512
14013,1.54326
14014,0.490858
14015,0.876253
14016,0.374599
14017,0.32078
14018,0.632864
14019,0.461857
14020,1.05743
14021,2.22732
14022,1.09762
14023,0.775614
14024,0.315688
14025,0.472556
14026,0.665711
14027,0.25183
14028,1.63706
14029,0.89199
14030,0.985398
14031,1.31864
14032,0.587899
14033,0.329889
14034,1.51255
14035,1.13837
14036,0.725351
14037,0.4293
14038,2.32077
14039,1.3875
14040,1.54976
14041,2.1037
14042,0.402202
14043,0.340957
14044,0.630085
14045,1.40396
14046,3.40757
14047,0.592325
14048,1.02118
14049,2.78988
14050,0.673209
14051,0.645842
14052,0.248081
14053,0.791204
14054,2.0859
14055,1.62044
14056,1.03938
14057,0.585025
14058,1.17257
14059,0.423543
14060,2.92414
14061,0.917989
14062,0.245858
14063,2.10307
14064,1.57287
14065,0.834352
14066,1.26947
14067,1.15315
14068,0.774607
14069,0.169823
14070,0.984846
14071,0.665977
14072,0.770358
14073,0.483937
14074,2.28371
14075,1.14614
14076,0.479122
14077,0.801877
14078,0.592325
14079,0.32726
14080,0.754425
14081,0.981219
14082,0.481764
14083,0.367144
14084,0.311611
14085,0.442197
14086,0.694683
14087,1.37163
14088,1.88024
14089,1.32326
14090,0.769434
14091,2.61326
14092,0.112365
14093,0.534673
14094,0.849506
14095,2.05731
14096,0.476446
14097,0.598039
14098,1.08244
14099,0.881879
14100,0.396452
14101,0.29671
14102,2.18256
14103,2.61144
14104,0.586138
14105,0.598637
14106,0.615574
14107,2.92999
14108,0.841222
14109,0.379538
14110,1.83896
14111,0.418407
14112,0.481957
14113,0.529988
14114,1.27481
14115,0.852229
14116,2.51205
14117,0.225373
14118,1.2101
14119,0.238831
14120,0.173948
14121,0.700893
14122,0.440608
14123,0.424943
14124,0.877569
14125,1.54311
14126,0.933709
14127,0.141848
14128,0.331211
14129,0.700893
14130,0.793898
14131,0.571723
14132,0.26955
14133,1.21313
14134,0.307586
14135,0.0873353
14136,0.599536
14137,0.543949
14138,0.607077
14139,0.367144
14140,0.479314
14141,1.06322
14142,0.40596
14143,1.18305
14144,1.5273
14145,0.303613
14146,1.60352
14147,0.292878
14148,1.07033
14149,0.276098
14150,1.39822
14151,1.58836
14152,1.77482
14153,0.313173
14154,1.18922
14155,0.769973
14156,5.2488
14157,0.68229
14158,0.61866
14159,0.217186
14160,2.64852
14161,0.699633
14162,3.27396
14163,0.950412
14164,0.370056
14165,0.470857
14166,0.768434
14167,1.46112
14168,1.8143
14169,1.67833
14170,0.358438
14171,0.879062
14172,0.580306
14173,0.773214
14174,0.334874
14175,0.970523
14176,0.656587
14177,1.25923
14178,0.730884
14179,0.59268
14180,0.270631
14181,0.654031
14182,3.58228
14183,0.881791
14184,1.12953
14185,0.932226
14186,0.256404
14187,1.2581
14188,1.28249
14189,1.74037
14190,1.0246
14191,0.39828
14192,1.45325
14193,0.957701
14194,3.82669
14195,0.368837
14196,0.943537
14197,0.597859
14198,0.789465
14199,2.28371
14200,1.27864
14201,0.933224
14202,0.65116
14203,0.203112
14204,1.37837
14205,0.997483
14206,1.41326
14207,0.301496
14208,0.62569
14209,0.811882
14210,0.519702
14211,1.06336
14212,0.693433
14213,0.275546
14214,0.566828
14215,0.848657
14216,0.776313
14217,1.65301
14218,1.49332
14219,0.552446
14220,0.350989
14221,0.72753
14222,0.254361
14223,1.79302
14224,0.633877
14225,0.0640558
14226,0.659153
14227,0.397723
14228,2.39121
14229,1.68018
14230,0.54346
14231,0.593926
14232,1.07077
14233,2.32356
14234,1.21921
14235,1.12648
14236,0.883115
14237,0.480946
14238,1.49631
14239,0.710846
14240,0.720579
14241,2.34621
14242,0.55466
14243,1.30109
14244,1.30408
14245,2.09845
14246,0.328572
14247,0.963879
14248,1.16369
14249,2.01859
14250,0.345418
14251,1.04313
14252,0.420547
14253,0.47034
14254,0.61073
14255,1.31062
14256,0.374711
14257,0.32368
14258,0.90303
14259,0.34611
14260,1.316
14261,0.986768
14262,0.905091
14263,0.425836
14264,1.17833
14265,0.658428
14266,1.38666
14267,0.425581
14268,0.897179
14269,1.04976
14270,0.504292
14271,1.28223
14272,0.506465
14273,0.565299
14274,0.618412
14275,0.123687
14276,0.673613
14277,2.32449
14278,0.863898
14279,0.353455
14280,0.546566
14281,0.384543
14282,1.29124
14283,0.79708
14284,0.700122
14285,0.646812
14286,0.779112
14287,2.43026
14288,0.482198
14289,0.24099
14290,0.841138
14291,0.550295
14292,2.10728
14293,0.553109
14294,0.384312
14295,0.277204
14296,0.798117
14297,0.532432
14298,0.613239
14299,0.915276
14300,1.07726
14301,0.589489
14302,0.263685
14303,0.975603
14304,0.529194
14305,0.591615
14306,1.48602
14307,0.291126
14308,2.50628
14309,0.459508
14310,0.508038
14311,0.54602
14312,0.244143
14313,0.486266
14314,1.56957
14315,1.02957
14316,1.3007
14317,0.676583
14318,0.678684
14319,0.441976
14320,0.237165
14321,0.240268
14322,0.623566
14323,0.667644
14324,0.155517
14325,1.30382
14326,0.753369
14327,0.798436
14328,1.16824
14329,0.240028
14330,1.65268
14331,0.380602
14332,0.722889
14333,0.838366
14334,0.484373
14335,0.539453
14336,0.914471
14337,0.337564
14338,0.363855
14339,2.81792
14340,2.05341
14341,1.6024
14342,1.79589
14343,0.71878
14344,0.834352
14345,0.332206
14346,1.4034
14347,0.870663
14348,0.866927
14349,1.54203
14350,1.28159
14351,0.265007
14352,1.23553
14353,0.573326
14354,1.67665
14355,2.21002
14356,0.340616
14357,2.12336
14358,2.61666
14359,0.468978
14360,4.66926
14361,1.68102
14362,0.623754
14363,1.15835
14364,0.470058
14365,0.754877
14366,0.188435
14367,0.488996
14368,0.905697
14369,0.216103
14370,0.208462
14371,1.12042
14372,1.1394
14373,0.600255
14374,0.302704
14375,1.01775
14376,1.14729
14377,0.629204
14378,0.51965
14379,0.517006
14380,0.946495
14381,0.768127
14382,0.258205
14383,0.430633
14384,0.656653
14385,0.796921
14386,1.03511
14387,1.21167
14388,0.41412
14389,0.752466
14390,1.00156
14391,0.316637
14392,1.18412
14393,0.338917
14394,1.81939
14395,0.749612
14396,0.327588
14397,1.62954
14398,1.52059
14399,1.13701
14400,0.392429
14401,0.949234
14402,1.12558
14403,0.450499
14404,0.539669
14405,0.618412
14406,0.500324
14407,1.22863
14408,0.656587
14409,0.913429
14410,0.226956
14411,0.881174
14412,1.30135
14413,0.790966
14414,0.650509
14415,1.51968
14416,0.758965
14417,1.2225
14418,1.28415
14419,0.246597
14420,0.251076
14421,0.73543
14422,0.612259
14423,0.635083
14424,0.50248
14425,0.311923
14426,0.769126
14427,1.85949
14428,0.987953
14429,0.614221
14430,0.480658
14431,1.01744
14432,2.34902
14433,0.532485
14434,0.267403
14435,0.542808
14436,1.0803
14437,0.320139
14438,1.50893
14439,0.792312
14440,0.298794
14441,0.967887
14442,0.536011
14443,1.05741
14444,0.526134
14445,0.718996
14446,0.557775
14447,0.367144
14448,0.807429
14449,0.658757
14450,0.343695
14451,0.59577
14452,1.5121
14453,0.695378
14454,0.803563
14455,0.951543
14456,0.265272
14457,0.878359
14458,2.87772
14459,1.24011
14460,2.05587
14461,0.51742
14462,1.69723
14463,0.578973
14464,1.89876
14465,1.23875
14466,0.7576
14467,1.6708
14468,0.693711
14469,0.358796
14470,0.393451
14471,1.25948
14472,0.462597
14473,0.700403
14474,0.982289
14475,0.763914
14476,0.732934
14477,0.145148
14478,0.755708
14479,1.08754
14480,1.09636
14481,1.02791
14482,0.139178
14483,1.70694
14484,0.893776
14485,0.442728
14486,1.58725
14487,1.56158
14488,0.341981
14489,0.278873
14490,1.81757
14491,0.211401
14492,0.725859
14493,0.795726
14494,1.36111
14495,0.528824
14496,0.519858
14497,0.181591
14498,1.41978
14499,0.631599
14500,0.788045
14501,0.403693
14502,1.13213
14503,0.687771
14504,1.04378
14505,0.225598
14506,0.893865
14507,1.08298
14508,0.797479
14509,1.37328
14510,0.699982
14511,1.68388
14512,0.324328
14513,0.694197
14514,0.803884
14515,1.0245
14516,0.790255
14517,0.47893
14518,0.576488
14519,1.46463
14520,1.42404
14521,0.127327
14522,0.649534
14523,2.72372
14524,2.15718
14525,2.07052
14526,2.14792
14527,0.906241
14528,0.58048
14529,1.06989
14530,0.874328
14531,2.093
14532,0.635083
14533,0.461903
14534,0.904837
14535,0.590255
14536,0.937264
14537,0.109154
14538,1.31508
14539,1.04219
14540,1.28377
14541,0.223577
14542,0.928031
14543,0.367144
14544,1.86582
14545,0.592977
14546,0.405717
14547,0.567451
14548,1.00986
14549,0.599955
14550,0.379918
14551,0.386548
14552,1.67598
14553,1.81158
14554,0.417697
14555,1.22275
14556,0.854277
14557,0.845523
14558,0.663518
14559,1.05398
14560,1.53158
14561,0.768281
14562,0.316954
14563,0.655931
14564,2.61509
14565,0.395581
14566,0.466499
14567,1.65301
14568,0.534513
14569,1.22214
14570,0.45235
14571,0.352044
14572,0.27036
14573,1.9723
14574,1.79751
14575,1.49138
14576,1.55411
14577,0.803322
14578,0.566771
14579,0.39239
14580,2.05361
14581,1.1714
14582,1.28223
14583,0.690942
14584,1.2147
14585,0.705816
14586,1.1781
14587,1.1006
14588,0.428356
14589,1.11773
14590,1.15627
14591,0.33824
14592,0.450048
14593,0.384312
14594,0.824235
14595,0.108501
14596,0.540965
14597,0.508953
14598,0.178708
14599,0.824894
14600,0.684956
14601,1.31495
14602,0.769665
14603,0.404906
14604,0.753369
14605,1.76403
14606,1.68641
14607,5.23832
14608,0.208253
14609,0.922876
14610,0.328243
14611,0.119912
14612,0.497331
14613,3.16768
14614,0.719211
14615,0.586842
14616,1.16649
14617,1.14603
14618,3.45561
14619,0.725351
14620,2.13315
14621,0.447759
14622,3.99483
14623,1.08388
14624,0.460289
14625,1.21555
14626,1.71618
14627,0.562424
14628,3.6219
14629,0.626441
14630,0.161057
14631,0.424306
14632,0.211189
14633,0.639352
14634,0.386123
14635,0.9097
14636,2.87198
14637,0.564847
14638,0.840129
14639,0.797718
14640,2.09615
14641,0.618783
14642,1.23763
14643,0.88338
14644,0.37595
14645,1.67984
14646,1.50396
14647,0.854704
14648,2.04378
14649,0.195734
14650,3.40076
14651,1.19985
14652,0.993251
14653,2.97427
14654,0.182501
14655,1.71087
14656,0.35134
14657,0.310677
14658,0.61965
14659,0.611464
14660,0.324004
14661,0.943225
14662,2.24274
14663,0.366045
14664,1.01065
14665,1.72685
14666,1.85021
14667,0.402202
14668,1.76403
14669,0.317588
14670,0.258205
14671,0.673007
14672,4.64597
14673,0.593511
14674,0.625878
14675,0.333537
14676,0.113949
14677,0.243899
14678,1.03651
14679,0.689147
14680,1.16032
14681,0.636672
14682,1.01339
14683,1.06876
14684,0.756918
14685,1.7272
14686,0.776779
14687,0.536065
14688,1.05061
14689,0.610486
14690,0.491104
14691,3.22199
14692,0.638905
14693,0.550681
14694,0.777711
14695,0.462134
14696,1.262
14697,0.755557
14698,1.24384
14699,0.412425
14700,0.537138
14701,1.93286
14702,0.271444
14703,1.53572
14704,1.38362
14705,0.884352
14706,1.4103
14707,0.748264
14708,0.307586
14709,1.38666
14710,0.653508
14711,0.621139
14712,1.76827
14713,1.57224
14714,0.905643
14715,0.606895
14716,0.314114
14717,0.555326
14718,0.538752
14719,0.869793
14720,0.0885666
14721,1.57271
14722,2.10518
14723,0.823082
14724,0.437578
14725,4.68329
14726,1.58265
14727,0.975544
14728,2.33451
14729,0.861483
14730,0.372656
14731,0.586842
14732,0.376213
14733,1.31429
14734,0.492284
14735,0.79708
14736,1.78372
14737,0.391253
14738,0.951191
14739,0.309747
14740,0.794375
14741,0.496635
14742,1.24458
14743,1.93731
14744,1.34959
14745,0.48162
14746,0.861311
14747,6.73286
14748,0.946078
14749,1.0082
14750,0.655603
14751,1.37341
14752,1.97348
14753,0.58837
14754,0.605137
14755,0.544493
14756,0.179604
14757,0.171187
14758,0.79509
14759,1.85484
14760,0.35808
14761,1.50456
14762,2.56177
14763,0.703843
14764,0.438673
14765,0.381288
14766,0.569327
14767,0.314114
14768,0.866321
14769,1.06104
14770,0.730738
14771,1.52974
14772,0.221795
14773,1.23887
14774,0.437622
14775,0.654293
14776,0.377268
14777,3.15188
14778,2.54492
14779,2.44978
14780,0.615882
14781,1.25961
14782,0.215671
14783,0.53569
14784,1.01142
14785,0.641915
14786,0.912726
14787,0.256918
14788,0.280832
14789,0.36204
14790,0.541561
14791,0.533978
14792,0.405555
14793,1.08144
14794,1.02207
14795,0.495791
14796,0.848148
14797,0.745948
14798,1.63248
14799,2.25263
14800,0.691218
14801,0.361317
14802,0.618969
14803,1.06644
14804,1.33589
14805,0.494405
14806,1.21641
14807,1.05872
14808,1.62515
14809,1.14454
14810,0.45937
14811,0.411149
14812,0.349938
14813,0.590551
14814,1.01491
14815,0.526397
14816,0.740004
14817,0.227865
14818,0.258722
14819,0.703984
14820,0.27036
14821,0.956916
14822,0.951943
14823,4.81146
14824,0.549086
14825,1.0771
14826,1.20262
14827,1.51558
14828,1.18637
14829,1.11382
14830,0.298496
14831,0.311923
14832,3.89619
14833,2.31961
14834,0.859762
14835,0.123564
14836,0.945265
14837,0.767513
14838,1.24309
14839,0.304221
14840,0.474355
14841,1.30682
14842,2.25286
14843,0.540857
14844,2.5373
14845,0.696282
14846,0.952505
14847,0.353101
14848,1.49242
14849,0.392468
14850,0.833268
14851,1.1788
14852,0.391058
14853,0.851292
14854,0.509972
14855,1.21738
14856,0.549745
14857,0.945274
14858,0.73993
14859,1.30944
14860,0.680791
14861,2.04562
14862,2.39169
14863,0.453119
14864,0.390237
14865,0.105822
14866,0.800915
14867,0.555548
14868,0.857872
14869,0.145293
14870,0.525871
14871,1.10467
14872,2.00772
14873,0.371391
14874,0.453119
14875,0.814403
14876,1.17621
14877,0.654948
14878,0.930149
14879,0.862
14880,0.422528
14881,0.960962
14882,0.481524
14883,0.936356
14884,2.99517
14885,2.06287
14886,0.772132
14887,0.568758
14888,2.17363
14889,0.451943
14890,0.406366
14891,1.02327
14892,1.61462
14893,1.03831
14894,1.06158
14895,0.531634
14896,0.596844
14897,1.21665
14898,1.58487
14899,0.414493
14900,0.547332
14901,0.878008
14902,3.08947
14903,1.90142
14904,0.328243
14905,0.440123
14906,0.925557
14907,2.69474
14908,0.596963
14909,1.20406
14910,1.11438
14911,2.22332
14912,0.876253
14913,3.08947
14914,0.516283
14915,2.45199
14916,1.69808
14917,3.09566
14918,0.420126
14919,1.56518
14920,0.368358
14921,0.531315
14922,2.74286
14923,0.368542
14924,1.15696
14925,0.632674
14926,1.18081
14927,0.793739
14928,0.406895
14929,0.637437
14930,1.07628
14931,1.06229
14932,0.876341
14933,1.69046
14934,0.309437
14935,1.96934
14936,0.548099
14937,1.03487
14938,0.746246
14939,0.592384
14940,0.666977
14941,0.331542
14942,3.51838
14943,0.690734
14944,2.0755
14945,4.17452
14946,0.114406
14947,0.296413
14948,0.150018
14949,1.66113
14950,0.36204
14951,0.523248
14952,1.19387
14953,1.84098
14954,0.293171
14955,1.02278
14956,1.94099
14957,0.763685
14958,0.975154
14959,1.68691
14960,1.85521
14961,1.5798
14962,2.15804
14963,0.676989
14964,1.36288
14965,0.33088
14966,0.606652
14967,3.93535
14968,0.713837
14969,0.599536
14970,0.576316
14971,0.140577
14972,0.515561
14973,0.215671
14974,0.800115
14975,0.864763
14976,0.270631
14977,0.76056
14978,0.845269
14979,0.74297
14980,1.47138
14981,1.41836
14982,0.490907
14983,1.83896
14984,3.13616
14985,0.084163
14986,1.01932
14987,1.4993
14988,0.771592
14989,0.300893
14990,0.597321
14991,1.46082
14992,0.289384
14993,1.30905
14994,0.632737
14995,0.741708
14996,2.94174
14997,0.481042
14998,0.528877
14999,0.438104
15000,1.35297
15001,0.834853
15002,0.839541
15003,0.657573
15004,1.32273
15005,0.969873
15006,2.0198
15007,0.790413
15008,0.925547
15009,2.58261
15010,0.182319
15011,0.641145
15012,0.253093
15013,2.4888
15014,0.947498
15015,1.21203
15016,0.0965205
15017,1.94605
15018,0.431581
15019,0.468134
15020,2.08069
15021,0.324977
15022,0.185074
15023,1.91114
15024,0.563324
15025,0.894223
15026,1.08616
15027,2.57256
15028,0.666977
15029,1.50561
15030,0.664447
15031,0.333871
15032,1.36506
15033,1.18815
15034,0.314428
15035,0.567395
15036,0.278037
15037,0.834018
15038,0.171358
15039,1.06765
15040,1.9188
15041,1.68793
15042,2.46477
15043,0.596903
15044,1.44918
15045,0.841306
15046,0.397962
15047,0.347497
15048,1.38625
15049,0.445437
15050,0.655668
15051,0.427928
15052,1.783
15053,0.262108
15054,0.847385
15055,0.779268
15056,1.00521
15057,4.86954
15058,0.809774
15059,0.56029
15060,0.401881
15061,0.381631
15062,0.597023
15063,1.36125
15064,0.56819
15065,1.25307
15066,0.209088
15067,0.349239
15068,0.746694
15069,0.370908
15070,0.726004
15071,0.607745
15072,0.418658
15073,1.5209
15074,0.438937
15075,0.425666
15076,1.11986
15077,0.348541
15078,1.97902
15079,0.9206
15080,2.52061
15081,0.363855
15082,2.87485
15083,0.124556
15084,1.88589
15085,0.774684
15086,1.16754
15087,0.846538
15088,0.540641
15089,0.966233
15090,1.25132
15091,0.194563
15092,0.623754
15093,0.170333
15094,1.36684
15095,0.0970043
15096,0.955692
15097,0.809693
15098,1.55193
15099,0.829942
15100,1.06119
15101,1.07526
15102,2.42905
15103,0.927975
15104,1.57602
15105,1.65715
15106,0.9516
15107,2.0192
15108,0.373066
15109,0.957749
15110,1.81212
15111,2.95944
15112,2.23245
15113,0.124681
15114,0.378477
15115,0.652594
15116,0.659219
15117,1.78015
15118,1.61139
15119,1.60576
15120,0.780048
15121,0.297601
15122,3.50083
15123,1.87142
15124,2.12039
15125,0.771823
15126,0.198295
15127,1.63902
15128,1.03713
15129,0.668981
15130,0.868316
15131,0.4949
15132,0.539183
15133,0.767974
15134,0.376025
15135,0.560795
15136,0.801556
15137,0.932217
15138,0.221352
15139,0.35808
15140,0.467152
15141,0.767283
15142,0.443171
15143,0.816115
15144,0.44428
15145,0.611586
15146,0.379576
15147,1.38237
15148,0.548482
15149,0.701945
15150,0.247585
15151,0.858645
15152,0.224249
15153,0.510125
15154,0.369723
15155,1.40467
15156,0.720147
15157,0.858473
15158,0.198493
15159,0.995552
15160,0.158025
15161,0.582399
15162,0.883468
15163,0.40873
15164,0.216319
15165,0.0847542
15166,1.66512
15167,0.922969
15168,0.317271
15169,0.19909
15170,0.437491
15171,0.887985
15172,2.10118
15173,0.372395
15174,0.366777
15175,0.466919
15176,0.949111
15177,1.13349
15178,0.493467
15179,0.951743
15180,1.08679
15181,0.712767
15182,1.83107
15183,2.47862
15184,3.07406
15185,0.517317
15186,3.92356
15187,0.546839
15188,0.35134
15189,0.779892
15190,0.515922
15191,1.41581
15192,0.707866
15193,1.14798
15194,0.688803
15195,1.03794
15196,0.584616
15197,0.338917
15198,0.228093
15199,0.779658
15200,1.01357
15201,0.336553
15202,0.244632
15203,0.974043
15204,0.438805
15205,0.92843
15206,1.00152
15207,0.89682
15208,0.818403
15209,0.333204
15210,0.419916
15211,0.546129
15212,0.253093
15213,0.773523
15214,2.11806
15215,1.19244
15216,0.294935
15217,0.217839
15218,3.33342
15219,0.437666
15220,1.00022
15221,1.03842
15222,1.17433
15223,0.438981
15224,0.602842
15225,0.758206
15226,1.95991
15227,0.723757
15228,0.858559
15229,0.551673
15230,0.54991
15231,0.217186
15232,0.572925
15233,1.17386
15234,0.86988
15235,1.63673
15236,0.726658
15237,0.997169
15238,2.24028
15239,0.600015
15240,0.483599
15241,0.387632
15242,2.10644
15243,5.46301
15244,0.700473
15245,0.683588
15246,0.38833
15247,0.336553
15248,0.988912
15249,0.861914
15250,1.39668
15251,0.123193
15252,0.627319
15253,0.622321
15254,0.742821
15255,0.963445
15256,0.561918
15257,1.16777
15258,0.432359
15259,0.902127
15260,0.857186
15261,0.744085
15262,0.802358
15263,0.676718
15264,3.0283
15265,2.7077
15266,0.565412
15267,0.447312
15268,1.97329
15269,0.939047
15270,0.256148
15271,1.52791
15272,1.81303
15273,3.45907
15274,0.73125
15275,0.466685
15276,0.483695
15277,1.01321
15278,0.271444
15279,0.601337
15280,1.78211
15281,0.515973
15282,2.36174
15283,2.54874
15284,0.183416
15285,1.31798
15286,0.697258
15287,0.339935
15288,2.8806
15289,0.21915
15290,0.897089
15291,1.28647
15292,0.338578
15293,1.61818
15294,2.45813
15295,0.563775
15296,0.4785
15297,0.332871
15298,0.801476
15299,0.672536
15300,0.724481
15301,1.18282
15302,0.608414
15303,0.681336
15304,2.76765
15305,3.49384
15306,1.17
15307,0.274996
15308,3.19952
15309,0.529247
15310,0.223353
15311,0.877306
15312,0.625815
15313,1.06183
15314,0.572868
15315,0.505756
15316,3.34678
15317,1.16696
15318,0.442639
15319,1.17975
15320,0.705393
15321,0.664181
15322,1.26554
15323,0.388835
15324,1.87217
15325,0.404582
15326,1.72927
15327,0.400557
15328,1.37204
15329,1.92303
15330,2.18759
15331,0.147489
15332,0.721156
15333,0.791045
15334,2.06721
15335,1.72633
15336,2.2423
15337,3.07714
15338,0.685093
15339,1.39654
15340,0.768281
15341,0.416196
15342,0.333537
15343,0.278873
15344,0.236218
15345,0.391292
15346,1.02104
15347,0.508342
15348,1.70097
15349,0.251076
15350,0.237165
15351,0.407099
15352,0.515355
15353,0.352396
15354,1.60882
15355,0.392272
15356,0.764831
15357,0.617609
15358,0.314743
15359,0.713124
15360,0.436704
15361,0.845269
15362,1.19602
15363,0.650574
15364,1.22654
15365,0.720291
15366,1.02639
15367,1.18211
15368,0.805655
15369,0.625502
15370,0.460151
15371,0.836859
15372,1.57491
15373,0.393765
15374,0.222907
15375,0.800355
15376,0.135471
15377,0.587429
15378,1.02788
15379,0.584908
15380,0.739412
15381,1.4185
15382,0.637819
15383,1.17928
15384,2.0755
15385,0.390315
15386,0.401961
15387,0.285361
15388,0.252587
15389,0.719499
15390,0.184335
15391,2.78431
15392,0.301194
15393,0.42042
15394,1.04104
15395,1.03488
15396,1.46859
15397,0.266602
15398,1.73152
15399,0.495246
15400,1.78532
15401,1.09201
15402,0.455755
15403,0.864676
15404,0.362402
15405,2.01013
15406,0.224024
15407,0.607806
15408,0.570068
15409,3.14244
15410,0.805655
15411,0.834602
15412,0.650314
15413,3.69877
15414,0.856586
15415,1.53296
15416,0.355582
15417,0.426689
15418,0.552446
15419,0.490319
15420,0.671528
15421,0.585494
15422,1.21034
15423,0.666577
15424,0.415073
15425,1.37355
15426,3.7924
15427,0.246597
15428,1.08578
15429,1.76191
15430,0.490319
15431,0.393923
15432,2.77875
15433,0.266069
15434,0.919468
15435,0.963985
15436,0.142844
15437,1.21641
15438,4.27165
15439,0.337902
15440,0.301194
15441,0.183232
15442,0.96692
15443,0.705041
15444,1.44875
15445,1.62206
15446,0.896193
15447,1.83694
15448,1.4758
15449,0.743193
15450,0.553552
15451,0.490809
15452,0.42686
15453,0.94216
15454,1.10738
15455,6.1966
15456,0.865628
15457,0.176048
15458,0.538052
15459,2.58235
15460,0.521941
15461,0.185259
15462,0.159454
15463,0.63337
15464,0.851547
15465,1.86228
15466,0.141564
15467,0.983232
15468,0.616067
15469,0.906504
15470,1.24932
15471,2.41331
15472,1.25558
15473,0.649729
15474,0.794216
15475,3.63642
15476,0.929471
15477,1.32803
15478,1.41765
15479,1.81539
15480,1.24098
15481,0.710419
15482,0.27036
15483,0.460243
15484,2.12187
15485,0.212248
15486,0.264477
15487,1.18602
15488,2.53248
15489,1.62759
15490,1.06059
15491,0.623878
15492,0.336216
15493,1.68489
15494,1.70353
15495,0.539129
15496,0.4851
15497,0.319819
15498,0.383314
15499,1.76562
15500,0.456759
15501,0.926881
15502,0.884971
15503,1.39794
15504,0.256918
15505,1.04888
15506,0.374973
15507,0.675907
15508,0.869706
15509,0.56203
15510,0.824235
15511,0.461534
15512,1.45688
15513,0.324652
15514,1.44426
15515,0.925973
15516,0.262632
15517,2.34082
15518,0.636418
15519,2.92414
15520,0.431926
15521,2.12421
15522,0.513914
15523,1.03825
15524,1.34393
15525,0.775149
15526,1.46463
15527,1.95072
15528,0.992071
15529,1.00753
15530,0.642685
15531,1.04043
15532,0.571323
15533,2.19504
15534,0.19398
15535,4.85496
15536,1.28108
15537,1.36097
15538,0.322388
15539,0.975915
15540,0.922341
15541,2.98321
15542,0.496089
15543,0.764831
15544,0.533018
15545,0.946078
15546,0.899515
15547,0.382587
15548,2.12251
15549,1.63575
15550,0.408158
15551,0.281394
15552,1.04069
15553,1.65798
15554,0.526607
15555,0.716484
15556,0.386818
15557,1.54111
15558,0.380374
15559,0.823082
15560,0.283938
15561,0.393097
15562,2.19855
15563,1.21568
15564,0.390589
15565,2.11003
15566,0.729424
15567,1.07088
15568,0.082579
15569,0.426689
15570,0.711913
15571,1.20647
15572,0.99552
15573,1.22458
15574,0.9095
15575,0.294052
15576,1.19973
15577,0.410738
15578,0.305441
15579,0.57822
15580,1.05187
15581,0.628135
15582,0.680791
15583,1.61575
15584,0.922959
15585,0.87871
15586,1.73412
15587,0.807995
15588,0.581061
15589,0.492826
15590,1.3438
15591,0.213312
15592,0.662656
15593,1.19435
15594,0.196126
15595,1.11071
15596,5.38706
15597,1.09837
15598,0.577354
15599,1.47905
15600,0.608292
15601,0.562536
15602,0.764602
15603,0.158183
15604,0.197503
15605,0.680859
15606,1.27583
15607,0.502078
15608,1.31075
15609,0.520326
15610,2.63689
15611,0.290835
15612,0.749912
15613,1.13837
15614,0.278037
15615,0.547004
15616,0.209716
15617,0.919542
15618,0.471989
15619,0.871883
15620,1.85373
15621,1.24334
15622,0.56355
15623,1.09961
15624,0.541507
15625,0.710135
15626,0.646618
15627,0.785213
15628,0.283371
15629,0.292293
15630,1.35527
15631,0.775692
15632,2.12166
15633,2.05608
15634,0.399277
15635,1.30278
15636,0.219808
15637,1.18365
15638,0.66001
15639,0.737123
15640,1.04754
15641,0.435135
15642,0.858473
15643,0.6368
15644,2.55691
15645,1.65268
15646,0.968381
15647,0.417989
15648,1.68911
15649,1.0627
15650,0.942132
15651,0.392272
15652,1.49616
15653,3.26089
15654,0.504595
15655,2.95944
15656,0.83527
15657,0.653574
15658,1.70165
15659,0.4403
15660,5.07842
15661,0.241714
15662,1.55987
15663,1.44991
15664,1.00206
15665,0.428228
15666,0.428399
15667,0.202909
15668,0.448611
15669,0.451491
15670,0.314428
15671,0.220689
15672,0.663518
15673,0.981582
15674,1.88608
15675,0.467059
15676,1.64889
15677,0.405717
15678,0.157867
15679,0.414368
15680,0.336216
15681,0.914489
15682,0.58943
15683,0.955166
15684,0.244632
15685,1.05919
15686,0.318861
15687,0.363128
15688,0.638202
15689,1.38099
15690,0.92639
15691,0.956103
15692,1.55987
15693,0.64423
15694,0.952105
15695,0.285932
15696,0.736681
15697,1.71258
15698,0.407791
15699,0.380108
15700,2.61065
15701,0.550846
15702,0.318861
15703,0.752541
15704,0.631726
15705,0.914251
15706,1.09878
15707,0.189949
15708,0.275822
15709,0.24099
15710,1.07811
15711,1.00174
15712,0.273351
15713,0.76552
15714,2.36103
15715,0.886388
15716,0.835939
15717,1.04442
15718,0.555937
15719,0.761397
15720,0.778879
15721,0.106246
15722,0.957423
15723,0.337902
15724,0.205358
15725,0.539345
15726,0.86459
15727,0.741559
15728,1.35283
15729,0.972748
15730,0.213312
15731,0.354871
15732,0.325954
15733,1.81921
15734,0.352396
15735,2.31614
15736,0.240268
15737,1.5702
15738,0.822588
15739,0.41119
15740,0.718636
15741,0.204743
15742,2.04562
15743,1.66163
15744,0.337564
15745,0.311299
15746,2.06721
15747,0.634258
15748,2.60335
15749,0.217404
15750,0.548647
15751,0.841979
15752,1.55022
15753,0.207422
15754,0.988042
15755,2.03562
15756,0.897269
15757,1.20178
15758,0.679703
15759,0.187121
15760,1.67951
15761,0.605016
15762,0.249824
15763,0.873454
15764,0.463013
15765,0.498227
15766,0.963127
15767,0.253853
15768,3.96299
15769,0.384197
15770,2.85765
15771,0.401038
15772,0.716054
15773,0.680791
15774,0.461303
15775,1.73343
15776,0.198097
15777,1.75067
15778,0.730446
15779,0.754726
15780,5.12946
15781,2.76489
15782,0.339596
15783,0.36869
15784,0.370686
15785,0.165464
15786,0.451085
15787,0.444814
15788,1.33549
15789,1.79894
15790,1.39808
15791,0.430202
15792,1.08982
15793,1.44296
15794,0.841306
15795,0.651942
15796,0.243169
15797,2.21356
15798,1.02134
15799,0.355226
15800,1.25295
15801,0.579204
15802,1.184
15803,1.87068
15804,0.309128
15805,0.658494
15806,0.327915
15807,1.22888
15808,1.21799
15809,0.993401
15810,2.37216
15811,0.371465
15812,1.22789
15813,0.953363
15814,0.470622
15815,0.83778
15816,0.876604
15817,0.823164
15818,0.897897
15819,1.08324
15820,1.47226
15821,0.782939
15822,1.11449
15823,0.321101
15824,0.778957
15825,1.2639
15826,0.587546
15827,1.54234
15828,0.660538
15829,1.32088
15830,0.864763
15831,1.75155
15832,0.453618
15833,0.616683
15834,0.132655
15835,1.23813
15836,0.562817
15837,0.884883
15838,1.32194
15839,1.21762
15840,0.21246
15841,3.08638
15842,0.82193
15843,0.973215
15844,0.501676
15845,0.345764
15846,0.670655
15847,0.411149
15848,1.55971
15849,0.912726
15850,0.37206
15851,0.793184
15852,5.43033
15853,0.838786
15854,0.848487
15855,1.47344
15856,0.717487
15857,0.516025
15858,0.576027
15859,1.10154
15860,0.793819
15861,0.966978
15862,1.08247
15863,0.14199
15864,1.38265
15865,0.224249
15866,0.859848
15867,2.57951
15868,0.654097
15869,0.332206
15870,0.668178
15871,1.86246
15872,0.751864
15873,1.08224
15874,0.508444
15875,0.604714
15876,1.05573
15877,1.0406
15878,0.710135
15879,1.07785
15880,0.820124
15881,2.46108
15882,0.713267
15883,0.32271
15884,0.151374
15885,1.59967
15886,0.361317
15887,0.363855
15888,0.27999
15889,0.38209
15890,0.231078
15891,1.04534
15892,0.572925
15893,0.493023
15894,1.10149
15895,0.267403
15896,0.919955
15897,0.431581
15898,1.42689
15899,0.46052
15900,1.28672
15901,0.276374
15902,2.70013
15903,0.277204
15904,0.397683
15905,0.443969
15906,1.16114
15907,1.79607
15908,0.319819
15909,0.890475
15910,0.214596
15911,0.654817
15912,0.407017
15913,2.62138
15914,1.36561
15915,0.592503
15916,1.52364
15917,1.73031
15918,0.840717
15919,1.71087
15920,1.59106
15921,0.661993
15922,0.636418
15923,0.237402
15924,0.485974
15925,0.478547
15926,0.66312
15927,0.500474
15928,1.32724
15929,0.846792
15930,0.343695
15931,0.854277
15932,1.1594
15933,0.489045
15934,2.07508
15935,1.08271
15936,2.05341
15937,1.66662
15938,0.206801
15939,6.0557
15940,3.466
15941,4.25034
15942,1.30278
15943,0.829029
15944,1.60015
15945,1.23294
15946,1.44802
15947,0.81172
15948,0.929666
15949,1.55877
15950,0.344039
15951,0.691495
15952,0.518923
15953,0.339596
15954,0.619279
15955,0.66651
15956,0.402484
15957,0.458131
15958,0.9182
15959,1.21592
15960,1.61931
15961,0.768819
15962,0.702929
15963,0.401078
15964,1.00472
15965,1.94119
15966,0.523771
15967,3.44526
15968,3.59664
15969,2.83772
15970,2.24993
15971,1.05787
15972,1.78158
15973,0.57932
15974,0.652659
15975,1.2421
15976,0.598697
15977,1.92399
15978,0.764602
15979,1.56737
15980,1.45514
15981,0.387051
15982,0.785527
15983,1.40649
15984,0.480513
15985,3.41098
15986,0.334874
15987,0.328572
15988,1.51361
15989,0.834769
15990,1.60047
15991,4.05115
15992,0.453618
15993,0.709142
15994,0.44888
15995,0.303613
15996,0.436617
15997,0.257432
15998,0.215887
15999,0.643586
16000,0.53687
16001,0.517783
16002,0.601277
16003,0.539291
16004,0.604351
16005,1.74508
16006,0.448925
16007,0.519962
16008,1.21933
16009,0.742153
16010,1.78443
16011,1.39878
16012,0.888963
16013,2.08027
16014,1.77606
16015,1.5005
16016,1.29901
16017,0.306358
16018,0.700543
16019,1.4434
16020,0.557106
16021,0.979846
16022,0.951819
16023,0.324977
16024,1.24695
16025,0.664779
16026,0.952715
16027,0.870663
16028,0.329559
16029,0.922037
16030,0.636291
16031,1.17386
16032,0.3138
16033,0.719139
16034,0.562255
16035,0.340616
16036,0.793581
16037,0.504292
16038,0.531262
16039,0.221131
16040,0.253599
16041,0.575509
16042,0.777089
16043,0.324004
16044,1.07387
16045,0.222017
16046,1.15408
16047,1.4636
16048,0.38973
16049,0.483019
16050,0.183049
16051,0.841474
16052,0.376251
16053,1.47329
16054,0.512016
16055,0.744011
16056,2.84624
16057,1.30722
16058,1.25157
16059,0.869967
16060,0.538106
16061,0.64623
16062,0.423628
16063,1.37424
16064,0.844593
16065,0.928022
16066,0.988922
16067,1.23171
16068,0.19593
16069,1.47698
16070,0.374149
16071,0.423374
16072,0.664514
16073,0.654228
16074,0.616005
16075,1.12569
16076,0.661332
16077,1.36016
16078,0.584733
16079,0.342666
16080,2.57513
16081,1.59488
16082,0.467666
16083,0.700122
16084,0.71634
16085,2.93586
16086,1.2416
16087,0.365313
16088,1.20671
16089,0.287366
16090,0.596188
16091,3.56798
16092,5.5678
16093,0.53886
16094,0.76759
16095,0.271987
16096,1.17234
16097,0.989159
16098,1.42704
16099,0.53174
16100,0.234805
16101,0.326933
16102,0.518663
16103,1.39097
16104,1.11115
16105,0.330219
16106,0.341298
16107,0.374936
16108,3.32344
16109,0.897448
16110,0.457124
16111,0.617238
16112,0.858817
16113,1.26884
16114,0.220028
16115,0.638011
16116,0.837696
16117,1.32644
16118,0.436049
16119,1.59808
16120,0.532805
16121,1.10672
16122,0.717918
16123,3.09875
16124,1.30474
16125,0.723901
16126,0.403936
16127,1.09506
16128,0.646941
16129,0.568872
16130,0.997509
16131,0.357722
16132,1.26643
16133,0.45113
16134,1.35378
16135,0.753068
16136,0.348541
16137,0.266335
16138,0.501175
16139,0.69503
16140,0.156923
16141,1.95189
16142,0.636545
16143,0.241714
16144,1.70012
16145,0.62519
16146,0.839961
16147,1.10893
16148,2.96536
16149,0.390237
16150,1.56346
16151,0.941247
16152,2.89794
16153,0.527767
16154,0.664181
16155,1.65004
16156,0.225373
16157,3.75092
16158,0.972281
16159,1.88457
16160,0.991534
16161,0.533765
16162,0.226276
16163,1.45878
16164,0.390901
16165,0.871012
16166,0.815218
16167,0.896103
16168,0.63375
16169,0.237877
16170,0.652137
16171,0.577065
16172,1.99192
16173,1.11416
16174,0.6023
16175,2.41573
16176,0.475067
16177,0.246597
16178,2.29217
16179,2.04582
16180,1.04336
16181,1.40959
16182,0.602059
16183,0.558891
16184,0.988783
16185,1.08446
16186,1.55628
16187,1.1565
16188,0.539183
16189,1.13906
16190,1.30148
16191,0.412755
16192,0.630653
16193,0.3138
16194,0.299093
16195,1.85132
16196,0.49189
16197,0.858559
16198,0.63521
16199,0.731689
16200,1.0133
16201,0.316637
16202,0.934214
16203,0.535851
16204,0.493368
16205,0.487824
16206,0.285932
16207,0.22091
16208,2.82922
16209,1.15189
16210,1.28995
16211,1.43491
16212,0.997396
16213,0.699073
16214,1.31996
16215,0.409139
16216,0.195343
16217,1.09016
16218,1.00117
16219,1.09696
16220,0.419245
16221,1.30421
16222,1.2411
16223,0.791204
16224,0.982918
16225,0.68901
16226,1.15108
16227,0.524505
16228,0.329889
16229,0.10383
16230,0.775847
16231,0.52215
16232,0.798357
16233,0.948171
16234,0.680042
16235,0.339596
16236,0.996363
16237,3.66563
16238,0.695378
16239,0.427843
16240,0.495197
16241,0.620829
16242,0.389146
16243,0.446954
16244,0.699143
16245,0.527398
16246,0.363855
16247,0.719068
16248,4.16618
16249,0.939526
16250,0.959503
16251,0.807429
16252,0.722816
16253,1.20599
16254,0.402444
16255,0.822259
16256,0.678752
16257,0.66611
16258,0.914599
16259,0.224698
16260,0.737123
16261,1.57791
16262,0.27009
16263,0.333204
16264,0.751638
16265,1.10683
16266,0.939357
16267,0.460566
16268,0.0747953
16269,0.685162
16270,0.631663
16271,1.66047
16272,2.72918
16273,0.557607
16274,0.640824
16275,3.12677
16276,0.305135
16277,2.86337
16278,1.4975
16279,0.80501
16280,0.443126
16281,0.96493
16282,1.61285
16283,1.52288
16284,0.521263
16285,0.894939
16286,0.499924
16287,0.231541
16288,2.0346
16289,0.905227
16290,0.764755
16291,1.39738
16292,0.460888
16293,1.04611
16294,0.743713
16295,1.70642
16296,0.719931
16297,0.929276
16298,0.460888
16299,1.55131
16300,1.04472
16301,0.452259
16302,0.336553
16303,0.443836
16304,0.954746
16305,0.418282
16306,1.01124
16307,1.1086
16308,0.364219
16309,0.312547
16310,0.6055
16311,1.21325
16312,0.432618
16313,2.0491
16314,1.57035
16315,1.42035
16316,3.86515
16317,1.73239
16318,0.4487
16319,0.422317
16320,0.334205
16321,0.531368
16322,2.72645
16323,0.749687
16324,0.229696
16325,1.33202
16326,1.47639
16327,0.333537
16328,0.375762
16329,1.46141
16330,1.28711
16331,0.818485
16332,0.856758
16333,0.396175
16334,1.67364
16335,0.604109
16336,0.494702
16337,0.805091
16338,0.463847
16339,0.698444
16340,0.846707
16341,0.956906
16342,0.841642
16343,1.03899
16344,4.35794
16345,0.348192
16346,0.65521
16347,0.682632
16348,2.03419
16349,2.36151
16350,0.765903
16351,0.329889
16352,0.227865
16353,1.21921
16354,0.96438
16355,0.678412
16356,0.524977
16357,0.362765
16358,2.73191
16359,0.763151
16360,1.15639
16361,2.18978
16362,0.967897
16363,0.331542
16364,1.57759
16365,0.783018
16366,2.59815
16367,0.850781
16368,0.708858
16369,1.89648
16370,0.368211
16371,1.46888
16372,0.518404
16373,0.588428
16374,0.332206
16375,0.457582
16376,0.158817
16377,0.522255
16378,1.06709
16379,1.03617
16380,0.391332
16381,1.75611
16382,0.80493
16383,0.566658
16384,0.138623
16385,1.42904
16386,0.231309
16387,0.215887
16388,1.97427
16389,0.917824
16390,1.33269
16391,0.76759
16392,1.39361
16393,0.465008
16394,1.17363
16395,1.27138
16396,0.505403
16397,0.604412
16398,0.691149
16399,0.700683
16400,0.622445
16401,0.831686
16402,1.06209
16403,2.47342
16404,1.70847
16405,0.2595
16406,0.486996
16407,1.0848
16408,0.423543
16409,0.92404
16410,1.30239
16411,0.232469
16412,3.26742
16413,0.412508
16414,0.587605
16415,0.191475
16416,0.428142
16417,1.03797
16418,0.895834
16419,0.312235
16420,0.628638
16421,0.834018
16422,1.00522
16423,0.593511
16424,0.307586
16425,0.763227
16426,0.237165
16427,1.01126
16428,0.465427
16429,1.2078
16430,2.35114
16431,0.37273
16432,0.384043
16433,0.820616
16434,0.569783
16435,0.300292
16436,0.952457
16437,1.4881
16438,0.866754
16439,0.326606
16440,0.599835
16441,0.450184
16442,1.99093
16443,1.00081
16444,0.674759
16445,2.01859
16446,0.460842
16447,1.55519
16448,0.217186
16449,1.48335
16450,1.1801
16451,0.967103
16452,0.206387
16453,0.517317
16454,0.40168
16455,0.863985
16456,1.68641
16457,1.32512
16458,0.349938
16459,0.792788
16460,1.14832
16461,0.463337
16462,3.03436
16463,0.64882
16464,1.3985
16465,0.696979
16466,0.50515
16467,0.482584
16468,1.62857
16469,0.29523
16470,0.81824
16471,1.61236
16472,0.566828
16473,1.14465
16474,1.2527
16475,1.81975
16476,1.73343
16477,3.10806
16478,1.26024
16479,1.52608
16480,1.20551
16481,0.718708
16482,1.57302
16483,0.441887
16484,0.929229
16485,1.09233
16486,0.407547
16487,2.02061
16488,1.10062
16489,0.661001
16490,0.966021
16491,0.685093
16492,1.60834
16493,0.520326
16494,0.483164
16495,0.641401
16496,0.872057
16497,0.570581
16498,1.56674
16499,0.824564
16500,0.148823
16501,0.435178
16502,1.47477
16503,0.906323
16504,0.150318
16505,0.730227
16506,0.283087
16507,0.568815
16508,0.5293
16509,1.44614
16510,0.333871
16511,2.68505
16512,0.918696
16513,0.951943
16514,0.221352
16515,0.467106
16516,0.864676
16517,1.43075
16518,1.17363
16519,1.62596
16520,0.674152
16521,1.01729
16522,1.10572
16523,4.01084
16524,0.552667
16525,0.676921
16526,0.373663
16527,0.326606
16528,0.666443
16529,0.799555
16530,1.16894
16531,1.88948
16532,0.33824
16533,1.14316
16534,1.39152
16535,0.636609
16536,0.363491
16537,1.38819
16538,1.28454
16539,1.82814
16540,3.50083
16541,1.2477
16542,1.01634
16543,1.81575
16544,0.449059
16545,1.402
16546,3.26089
16547,0.183416
16548,0.387322
16549,1.39752
16550,0.543514
16551,1.59568
16552,0.374561
16553,0.763914
16554,0.653508
16555,1.6859
16556,3.06792
16557,1.13258
16558,0.31918
16559,1.84688
16560,0.203518
16561,0.947868
16562,0.435178
16563,1.41949
16564,0.846962
16565,1.18887
16566,1.79966
16567,0.676718
16568,0.853082
16569,0.39562
16570,1.79733
16571,1.08322
16572,4.17035
16573,1.0103
16574,0.819468
16575,0.503788
16576,0.674826
16577,1.32777
16578,1.42077
16579,0.193206
16580,0.184704
16581,1.18305
16582,0.564904
16583,0.187496
16584,1.2542
16585,1.40214
16586,1.11193
16587,1.29408
16588,0.416612
16589,0.911339
16590,0.361317
16591,0.797399
16592,0.227183
16593,0.661596
16594,0.712126
16595,0.278594
16596,0.490564
16597,0.510635
16598,0.948152
16599,0.868663
16600,0.620829
16601,1.99691
16602,1.41935
16603,0.970358
16604,0.31918
16605,1.50848
16606,2.52591
16607,3.50083
16608,1.78944
16609,0.532379
16610,1.18851
16611,0.455573
16612,0.312547
16613,1.85688
16614,0.652594
16615,1.22814
16616,1.42248
16617,1.22152
16618,1.68405
16619,0.25487
16620,0.547825
16621,0.516335
16622,0.288517
16623,1.03619
16624,0.162513
16625,0.339596
16626,0.452938
16627,2.23759
16628,0.585552
16629,2.29171
16630,0.188059
16631,0.470622
16632,1.48914
16633,0.569783
16634,0.798596
16635,1.2639
16636,1.31574
16637,1.8011
16638,2.87772
16639,0.712767
16640,0.61866
16641,0.676313
16642,0.50248
16643,0.687908
16644,0.564565
16645,1.51286
16646,0.968642
16647,0.968216
16648,0.628638
16649,0.394396
16650,1.16567
16651,1.411
16652,0.552777
16653,0.691564
16654,2.20648
16655,0.936721
16656,0.975271
16657,0.394593
16658,3.13616
16659,0.429643
16660,1.15847
16661,1.0635
16662,2.3062
16663,1.37177
16664,6.0255
16665,1.1386
16666,1.58265
16667,0.37329
16668,0.316004
16669,1.2752
16670,1.17058
16671,2.85479
16672,0.560571
16673,0.425538
16674,2.26778
16675,0.526186
16676,1.01636
16677,0.924789
16678,1.68556
16679,1.43792
16680,0.0970043
16681,0.926825
16682,0.66691
16683,1.30265
16684,0.541128
16685,0.40172
16686,0.212248
16687,1.95835
16688,0.170845
16689,1.41312
16690,1.32115
16691,0.992366
16692,0.235982
16693,0.950146
16694,0.596068
16695,0.425581
16696,1.07626
16697,0.25284
16698,1.1965
16699,0.725423
16700,1.17081
16701,0.20763
16702,0.909018
16703,0.584733
16704,1.49945
16705,0.491251
16706,0.364219
16707,1.19794
16708,0.609693
16709,0.669784
16710,0.74245
16711,1.29615
16712,2.75385
16713,1.05982
16714,3.29696
16715,0.546457
16716,1.08072
16717,0.748713
16718,0.22313
16719,0.629267
16720,0.998203
16721,0.386393
16722,0.60811
16723,0.324977
16724,0.380184
16725,0.241472
16726,1.69859
16727,0.273077
16728,0.571266
16729,0.772286
16730,0.171187
16731,0.532698
16732,1.0193
16733,1.99132
16734,0.470246
16735,1.06153
16736,0.193206
16737,0.240268
16738,1.4502
16739,1.03949
16740,0.229925
16741,9.7182
16742,0.649339
16743,0.309747
16744,0.973819
16745,0.347149
16746,0.881262
16747,0.352748
16748,0.523457
16749,1.43677
16750,0.73352
16751,1.54265
16752,2.05279
16753,1.20852
16754,0.386123
16755,0.558612
16756,0.20763
16757,0.190901
16758,0.510125
16759,0.316954
16760,0.861052
16761,1.02447
16762,1.53926
16763,1.05596
16764,2.92414
16765,0.890564
16766,0.325302
16767,0.526028
16768,0.475637
16769,0.646294
16770,0.998868
16771,0.471847
16772,0.583331
16773,0.506111
16774,2.15567
16775,1.58012
16776,1.04666
16777,1.79733
16778,0.694127
16779,1.30709
16780,0.232004
16781,1.07454
16782,0.929703
16783,0.619898
16784,0.432359
16785,0.338578
16786,0.593748
16787,0.407547
16788,0.545911
16789,0.876692
16790,0.670186
16791,0.6361
16792,2.62873
16793,0.543351
16794,0.301194
16795,0.726803
16796,1.27634
16797,2.08194
16798,0.877569
16799,1.32525
16800,0.22313
16801,1.3992
16802,0.664049
16803,0.120272
16804,1.86787
16805,0.332206
16806,0.694197
16807,1.35853
16808,0.865022
16809,1.05801
16810,0.847555
16811,0.431452
16812,0.349938
16813,0.512989
16814,0.199289
16815,1.51059
16816,1.08295
16817,1.36383
16818,0.563043
16819,0.846623
16820,0.51484
16821,0.702788
16822,0.31918
16823,0.8451
16824,0.440388
16825,1.82851
16826,0.566204
16827,1.12547
16828,1.43807
16829,1.11327
16830,2.7871
16831,0.149569
16832,0.191475
16833,2.30159
16834,1.07139
16835,9.49723
16836,0.727312
16837,0.25183
16838,1.89553
16839,0.907347
16840,1.11238
16841,1.30239
16842,0.993326
16843,0.456211
16844,1.06253
16845,1.44354
16846,0.936346
16847,1.23257
16848,0.865628
16849,4.07553
16850,0.424901
16851,0.83527
16852,0.98664
16853,0.17693
16854,1.5555
16855,1.8002
16856,0.634575
16857,1.29654
16858,0.4487
16859,0.878886
16860,1.25696
16861,0.48544
16862,0.999823
16863,1.55457
16864,0.299692
16865,0.788676
16866,0.503133
16867,1.82394
16868,0.96464
16869,1.81448
16870,0.725713
16871,0.291417
16872,2.16972
16873,1.05985
16874,0.573097
16875,1.55613
16876,0.96126
16877,1.71961
16878,0.323033
16879,0.922424
16880,0.984423
16881,1.68287
16882,0.892258
16883,1.40551
16884,0.91062
16885,1.23134
16886,0.542754
16887,4.54033
16888,0.698444
16889,0.193592
16890,0.357722
16891,0.735356
16892,0.339935
16893,0.909173
16894,0.332871
16895,0.66965
16896,0.367512
16897,0.603023
16898,1.56534
16899,0.742004
16900,0.822423
16901,0.581409
16902,0.49189
16903,0.598398
16904,0.360956
16905,1.07109
16906,0.866841
16907,0.752917
16908,0.914882
16909,1.26112
16910,0.588782
16911,1.89838
16912,0.194952
16913,0.324004
16914,1.12221
16915,0.420505
16916,1.88815
16917,0.551783
16918,0.382625
16919,0.742301
16920,0.329889
16921,0.535101
16922,1.5026
16923,0.85274
16924,0.589017
16925,2.20494
16926,0.809936
16927,1.94858
16928,0.622258
16929,0.722022
16930,0.408976
16931,0.87136
16932,1.73933
16933,2.06824
16934,0.821601
16935,0.997474
16936,1.64395
16937,0.208045
16938,1.53081
16939,0.4018
16940,1.24695
16941,1.02785
16942,1.03435
16943,0.540101
16944,1.49975
16945,0.26054
16946,2.16886
16947,1.00509
16948,1.40959
16949,0.282804
16950,0.945672
16951,2.55384
16952,0.31918
16953,1.32644
16954,1.89743
16955,1.33202
16956,1.48676
16957,1.52516
16958,1.04171
16959,0.704477
16960,2.27141
16961,0.85916
16962,2.87198
16963,1.83547
16964,0.599236
16965,1.069
16966,0.761854
16967,0.838534
16968,4.50415
16969,0.697118
16970,0.561581
16971,1.61317
16972,0.330549
16973,0.30483
16974,0.896282
16975,0.799715
16976,0.307894
16977,1.80219
16978,0.542862
16979,1.09422
16980,1.56925
16981,2.3217
16982,0.177462
16983,1.6908
16984,0.295526
16985,0.554549
16986,1.20623
16987,1.18708
16988,2.1291
16989,0.334874
16990,0.187121
16991,1.45441
16992,2.42008
16993,0.66611
16994,0.898795
16995,0.488654
16996,0.207422
16997,0.521628
16998,1.09355
16999,0.882762
17000,0.0931076
17001,0.598517
17002,2.49253
17003,1.82121
17004,1.15154
17005,1.163
17006,0.466919
17007,0.496685
17008,0.455846
17009,1.41227
17010,0.446016
17011,0.498027
17012,1.43893
17013,0.152438
17014,0.281113
17015,0.917328
17016,1.1565
17017,1.38639
17018,0.835855
17019,1.25621
17020,0.171358
17021,0.794136
17022,0.777245
17023,1.42904
17024,1.12053
17025,0.263949
17026,0.40434
17027,0.617918
17028,1.21288
17029,0.380907
17030,0.462042
17031,0.501476
17032,1.05163
17033,0.762083
17034,0.223577
17035,0.596307
17036,0.592977
17037,1.59185
17038,2.02385
17039,0.464869
17040,0.378742
17041,1.54666
17042,0.31632
17043,1.40032
17044,0.289384
17045,0.553718
17046,0.943159
17047,1.24782
17048,0.707654
17049,1.09756
17050,1.30083
17051,1.12569
17052,0.200488
17053,0.27999
17054,1.29266
17055,0.426262
17056,0.289095
17057,0.603687
17058,1.11494
17059,0.999763
17060,0.565752
17061,1.30866
17062,0.609815
17063,1.1768
17064,0.222907
17065,1.02893
17066,0.280832
17067,0.772827
17068,1.23714
17069,1.14088
17070,1.68068
17071,0.500424
17072,0.987983
17073,2.41066
17074,0.872145
17075,1.4789
17076,1.10916
17077,0.35134
17078,0.310677
17079,0.979444
17080,0.474924
17081,1.03498
17082,1.0277
17083,2.60361
17084,0.770666
17085,2.34597
17086,0.586607
17087,0.592918
17088,0.3138
17089,0.514016
17090,1.24745
17091,1.13315
17092,1.18412
17093,1.12401
17094,1.19184
17095,1.22593
17096,0.675029
17097,0.426689
17098,0.297304
17099,1.13974
17100,1.23269
17101,0.347844
17102,1.95365
17103,0.317271
17104,1.38292
17105,0.347844
17106,0.957203
17107,0.617671
17108,1.25032
17109,0.720867
17110,0.455618
17111,1.08803
17112,1.41496
17113,1.93576
17114,0.507327
17115,0.493763
17116,0.819222
17117,0.733007
17118,0.471423
17119,0.895565
17120,1.98754
17121,0.162026
17122,0.526134
17123,0.273077
17124,0.492136
17125,1.26579
17126,0.304526
17127,0.947281
17128,0.840717
17129,0.58304
17130,0.916054
17131,2.03399
17132,0.522516
17133,1.38127
17134,0.494504
17135,0.418826
17136,0.899155
17137,0.399636
17138,0.30851
17139,0.193592
17140,1.58582
17141,0.495692
17142,0.413665
17143,0.259759
17144,0.614836
17145,2.78153
17146,0.282239
17147,0.487678
17148,3.24787
17149,0.975349
17150,0.632801
17151,0.811314
17152,0.920637
17153,0.300292
17154,1.88363
17155,1.34568
17156,0.706664
17157,0.573556
17158,0.549581
17159,0.652072
17160,2.42492
17161,0.262632
17162,1.3379
17163,0.295821
17164,0.423331
17165,0.357722
17166,0.595473
17167,0.162838
17168,1.24384
17169,1.3287
17170,2.4242
17171,0.644681
17172,3.54664
17173,3.36693
17174,1.33857
17175,1.63591
17176,0.829195
17177,0.357364
17178,0.786392
17179,0.435135
17180,1.74124
17181,0.873978
17182,0.417446
17183,0.27036
17184,0.38512
17185,1.28261
17186,0.571495
17187,0.424858
17188,0.233167
17189,0.464358
17190,3.62916
17191,0.391449
17192,0.503788
17193,0.94281
17194,0.714194
17195,0.505352
17196,1.18661
17197,0.449284
17198,4.34055
17199,0.460013
17200,0.582807
17201,2.74012
17202,0.831437
17203,0.490711
17204,2.34879
17205,2.38238
17206,0.992421
17207,1.4041
17208,2.03888
17209,0.533818
17210,0.872406
17211,0.925982
17212,1.19077
17213,0.300292
17214,0.371465
17215,0.202706
17216,0.457216
17217,0.345073
17218,0.786864
17219,0.731616
17220,0.981896
17221,0.549416
17222,2.35985
17223,0.700192
17224,0.705816
17225,0.549965
17226,0.343352
17227,1.85577
17228,0.981994
17229,0.583215
17230,2.9388
17231,0.639928
17232,0.43701
17233,2.07757
17234,0.954937
17235,2.56844
17236,0.781531
17237,1.25847
17238,0.478452
17239,0.461303
17240,2.07633
17241,0.321422
17242,0.571666
17243,0.405636
17244,0.216103
17245,0.943848
17246,1.57381
17247,0.409958
17248,0.448386
17249,1.01799
17250,0.659087
17251,0.864849
17252,0.965412
17253,0.721156
17254,0.522934
17255,2.82639
17256,1.79212
17257,1.12953
17258,0.873629
17259,0.199488
17260,0.44468
17261,0.250324
17262,0.226276
17263,0.398639
17264,0.892704
17265,0.439244
17266,0.840717
17267,0.976315
17268,0.120633
17269,0.499624
17270,0.901406
17271,0.882409
17272,0.575164
17273,1.85949
17274,0.598278
17275,1.30382
17276,0.295821
17277,0.478691
17278,0.874065
17279,1.28274
17280,5.31217
17281,0.705252
17282,0.604895
17283,0.615944
17284,1.08571
17285,0.59357
17286,0.245858
17287,0.636609
17288,0.855816
17289,1.62418
17290,0.972204
17291,0.294935
17292,0.941021
17293,0.968129
17294,1.05444
17295,0.290254
17296,0.967887
17297,0.180144
17298,1.67732
17299,0.439552
17300,0.474924
17301,1.78908
17302,0.538052
17303,0.403936
17304,0.918623
17305,1.61834
17306,0.839541
17307,0.559339
17308,0.774762
17309,0.195343
17310,1.33589
17311,2.10118
17312,1.43075
17313,0.443747
17314,0.449329
17315,0.631473
17316,1.44152
17317,2.20252
17318,4.17035
17319,0.656259
17320,0.49027
17321,1.11104
17322,1.52821
17323,1.32392
17324,1.73985
17325,1.06636
17326,0.332871
17327,0.324652
17328,0.620084
17329,0.713481
17330,0.724771
17331,0.724408
17332,5.58453
17333,1.69029
17334,0.693711
17335,0.991675
17336,2.045
17337,0.631789
17338,0.497928
17339,1.16626
17340,2.57513
17341,0.460934
17342,0.390706
17343,1.45601
17344,1.05737
17345,0.526397
17346,1.39222
17347,0.184704
17348,0.838953
17349,0.0962314
17350,1.78711
17351,0.697258
17352,1.07105
17353,1.4249
17354,1.3442
17355,0.969912
17356,1.49287
17357,0.710561
17358,0.235982
17359,0.631852
17360,1.31141
17361,0.704477
17362,0.529406
17363,0.289384
17364,0.976637
17365,1.24533
17366,0.898616
17367,1.76438
17368,4.08369
17369,0.661464
17370,0.331874
17371,0.33689
17372,0.87871
17373,0.738673
17374,2.11721
17375,2.32612
17376,0.30851
17377,0.397763
17378,2.78431
17379,0.290544
17380,1.54188
17381,0.357722
17382,2.21444
17383,3.99483
17384,0.520274
17385,0.935766
17386,0.560234
17387,1.8541
17388,1.71121
17389,0.289384
17390,2.72918
17391,0.325954
17392,0.636927
17393,0.439156
17394,1.34851
17395,0.851037
17396,0.849506
17397,1.48216
17398,0.406814
17399,2.1806
17400,1.74212
17401,0.784585
17402,0.961751
17403,0.636672
17404,2.04644
17405,0.89101
17406,0.481187
17407,1.15154
17408,0.488654
17409,0.571609
17410,0.715911
17411,0.471611
17412,1.08617
17413,0.856758
17414,1.63232
17415,1.08927
17416,0.467386
17417,0.494751
17418,0.327588
17419,0.929145
17420,0.131994
17421,0.811152
17422,1.10993
17423,0.344039
17424,0.357007
17425,0.570981
17426,0.628324
17427,0.582807
17428,0.373551
17429,0.528982
17430,0.73646
17431,0.821601
17432,2.98321
17433,1.57933
17434,0.515355
17435,0.726076
17436,3.35348
17437,0.693572
17438,2.08924
17439,2.05279
17440,1.04759
17441,1.09298
17442,1.12086
17443,2.10497
17444,1.16567
17445,0.609571
17446,4.18288
17447,0.571666
17448,0.388485
17449,0.695239
17450,1.08489
17451,0.339256
17452,0.391488
17453,0.296413
17454,0.539183
17455,0.659219
17456,0.78247
17457,5.55112
17458,0.990399
17459,0.256661
17460,0.802198
17461,0.491448
17462,0.763456
17463,0.746097
17464,1.02534
17465,0.311611
17466,3.67664
17467,0.467526
17468,0.786392
17469,2.11003
17470,0.168807
17471,1.50275
17472,0.306972
17473,2.44685
17474,1.08232
17475,2.14191
17476,0.607441
17477,0.785292
17478,0.402605
17479,0.67787
17480,0.808318
17481,0.501225
17482,1.77837
17483,1.41468
17484,1.01716
17485,0.122456
17486,0.73764
17487,2.62164
17488,1.18046
17489,1.05147
17490,0.642107
17491,1.35067
17492,1.03648
17493,0.808156
17494,0.171873
17495,1.51664
17496,0.492382
17497,1.08936
17498,0.364948
17499,0.662391
17500,1.4103
17501,0.514376
17502,0.960482
17503,0.49599
17504,0.517317
17505,1.07874
17506,0.381403
17507,0.554216
17508,0.766133
17509,0.463986
17510,1.17527
17511,0.361317
17512,1.53695
17513,1.31206
17514,0.316637
17515,0.390823
17516,0.263949
17517,0.597082
17518,0.363855
17519,0.697886
17520,0.581758
17521,0.839793
17522,0.500624
17523,0.268474
17524,0.157552
17525,0.328901
17526,1.06636
17527,2.6509
17528,2.36009
17529,1.05697
17530,0.652594
17531,1.14511
17532,0.901676
17533,5.41406
17534,1.01411
17535,0.660142
17536,0.294935
17537,0.225373
17538,0.808965
17539,1.57996
17540,1.09733
17541,1.97546
17542,0.76805
17543,1.72875
17544,0.679091
17545,0.397604
17546,0.623629
17547,1.54203
17548,0.7576
17549,0.921097
17550,0.884971
17551,1.11941
17552,0.303007
17553,1.71104
17554,1.57318
17555,1.52806
17556,1.96816
17557,0.995136
17558,1.05702
17559,0.529777
17560,0.359155
17561,0.160896
17562,0.265803
17563,0.403814
17564,1.33029
17565,0.642236
17566,0.386316
17567,2.50904
17568,1.1184
17569,0.648107
17570,0.989327
17571,1.47654
17572,1.85521
17573,1.81575
17574,0.596844
17575,0.875115
17576,0.663849
17577,0.581526
17578,1.09647
17579,2.39408
17580,1.76456
17581,1.21738
17582,3.51838
17583,0.853082
17584,2.10602
17585,2.07176
17586,0.566941
17587,0.229696
17588,0.772441
17589,1.5247
17590,0.863467
17591,0.838786
17592,0.133454
17593,0.867882
17594,0.937236
17595,0.78836
17596,0.650574
17597,5.17066
17598,0.711984
17599,0.978123
17600,0.635083
17601,0.912251
17602,1.21604
17603,1.77873
17604,0.302704
17605,1.29966
17606,0.522359
17607,0.349938
17608,0.57851
17609,2.51306
17610,0.48447
17611,0.241714
17612,0.51991
17613,0.21481
17614,1.08811
17615,0.997793
17616,0.701875
17617,0.565412
17618,2.46996
17619,1.89705
17620,0.360956
17621,1.03445
17622,0.528718
17623,0.588782
17624,0.788124
17625,0.975827
17626,0.315373
17627,0.792074
17628,0.415281
17629,0.701033
17630,0.173774
17631,0.382625
17632,2.67701
17633,1.24832
17634,1.07296
17635,0.731689
17636,1.19626
17637,0.512528
17638,0.599655
17639,0.172907
17640,0.573269
17641,0.527187
17642,0.992057
17643,0.402001
17644,1.70336
17645,0.532113
17646,0.563437
17647,2.07301
17648,0.561188
17649,2.28668
17650,0.282522
17651,1.56111
17652,1.09615
17653,0.465706
17654,1.18507
17655,0.551066
17656,0.73705
17657,0.971582
17658,0.247833
17659,0.45937
17660,0.415988
17661,2.44391
17662,1.85986
17663,0.971708
17664,1.25232
17665,0.82961
17666,1.46141
17667,0.651095
17668,0.807995
17669,0.709
17670,0.372619
17671,0.287078
17672,0.119792
17673,1.8718
17674,1.50381
17675,0.828201
17676,0.711557
17677,0.946353
17678,0.253853
17679,0.287366
17680,0.310367
17681,0.910583
17682,1.35785
17683,1.23912
17684,1.79033
17685,0.448521
17686,2.31845
17687,0.383851
17688,0.834853
17689,0.218057
17690,0.425496
17691,0.600255
17692,0.700893
17693,1.10016
17694,0.278873
17695,3.60024
17696,0.232701
17697,2.03847
17698,0.43483
17699,0.657244
17700,0.877656
17701,0.296413
17702,3.27396
17703,0.721084
17704,0.559563
17705,0.281957
17706,0.812288
17707,1.51513
17708,2.33824
17709,1.76933
17710,0.0900851
17711,0.194758
17712,1.20551
17713,0.75533
17714,0.270901
17715,1.18282
17716,0.790492
17717,3.21234
17718,1.21434
17719,0.471187
17720,1.47064
17721,0.582108
17722,0.510074
17723,0.253093
17724,0.367512
17725,0.452757
17726,2.26076
17727,0.974345
17728,1.03087
17729,0.484325
17730,1.62661
17731,1.78532
17732,0.375799
17733,0.589783
17734,0.551011
17735,2.21356
17736,1.26251
17737,1.87987
17738,1.19435
17739,0.427757
17740,2.16452
17741,0.370612
17742,1.60657
17743,1.24508
17744,0.918182
17745,0.585728
17746,2.58545
17747,0.731762
17748,0.669315
17749,1.88948
17750,0.631663
17751,1.46653
17752,0.811314
17753,0.365679
17754,3.24138
17755,0.374749
17756,0.625252
17757,1.41595
17758,2.3608
17759,1.04466
17760,1.00762
17761,1.278
17762,0.597859
17763,0.913931
17764,0.866667
17765,1.60753
17766,0.512221
17767,2.07073
17768,0.238354
17769,1.04584
17770,0.253853
17771,2.4596
17772,1.21337
17773,1.6708
17774,0.197701
17775,0.759572
17776,0.395186
17777,0.369908
17778,0.643328
17779,0.346802
17780,1.68489
17781,0.551728
17782,1.34152
17783,0.469541
17784,0.939028
17785,0.182319
17786,0.244143
17787,0.455254
17788,1.20695
17789,2.273
17790,2.09489
17791,1.44095
17792,0.256148
17793,2.0196
17794,0.402122
17795,0.983203
17796,0.687977
17797,0.130942
17798,0.452395
17799,1.36711
17800,1.69961
17801,0.688596
17802,0.539129
17803,2.38858
17804,0.976442
17805,1.02683
17806,3.00116
17807,0.59274
17808,1.24185
17809,0.819468
17810,0.406732
17811,0.225598
17812,0.514325
17813,0.46052
17814,1.05324
17815,0.49748
17816,0.508139
17817,1.72996
17818,1.36152
17819,0.32078
17820,0.962549
17821,1.06104
17822,0.592325
17823,0.684067
17824,0.331542
17825,1.80399
17826,0.685025
17827,1.50471
17828,0.254107
17829,1.18448
17830,1.02356
17831,0.458039
17832,0.343009
17833,0.384082
17834,1.41779
17835,0.213099
17836,3.40757
17837,2.15114
17838,0.319819
17839,0.584265
17840,1.02598
17841,0.315373
17842,1.12266
17843,0.267135
17844,0.286218
17845,3.1174
17846,2.25489
17847,2.66952
17848,2.37406
17849,1.99411
17850,2.13017
17851,1.26352
17852,0.654948
17853,2.01657
17854,1.49616
17855,0.874678
17856,0.995612
17857,0.281394
17858,0.439112
17859,0.892436
17860,0.742598
17861,0.485052
17862,0.751939
17863,0.782939
17864,0.632547
17865,1.69334
17866,1.10583
17867,0.406651
17868,0.483599
17869,0.512272
17870,0.665378
17871,1.33843
17872,1.09738
17873,0.838283
17874,1.58186
17875,0.808237
17876,1.5348
17877,0.906241
17878,1.48929
17879,0.487044
17880,0.568246
17881,0.475447
17882,0.237402
17883,0.156609
17884,2.78431
17885,1.22777
17886,0.766056
17887,0.793581
17888,0.290835
17889,0.205153
17890,1.39375
17891,1.48127
17892,2.50328
17893,0.509156
17894,0.61656
17895,0.661199
17896,1.20563
17897,0.161057
17898,1.2857
17899,0.963271
17900,1.09949
17901,0.493565
17902,0.693503
17903,0.577181
17904,1.05126
17905,0.998106
17906,0.476446
17907,0.710917
17908,1.38972
17909,0.320459
17910,1.18046
17911,1.29719
17912,1.12738
17913,0.553773
17914,0.557775
17915,0.166294
17916,0.527503
17917,0.443126
17918,0.352044
17919,0.385428
17920,1.05268
17921,0.428571
17922,1.24533
17923,1.04405
17924,0.538106
17925,1.32936
17926,1.45005
17927,0.295821
17928,1.10382
17929,0.425241
17930,0.784428
17931,1.85818
17932,1.07767
17933,0.898436
17934,0.932692
17935,0.634765
17936,0.337227
17937,2.04031
17938,0.850952
17939,0.182866
17940,1.7839
17941,1.06056
17942,1.13292
17943,0.365679
17944,0.473975
17945,0.794534
17946,0.643521
17947,0.854961
17948,1.67464
17949,1.47329
17950,1.06993
17951,0.587605
17952,0.878798
17953,0.715982
17954,0.644101
17955,1.2462
17956,0.9087
17957,2.07301
17958,0.576488
17959,1.14637
17960,0.857529
17961,0.889674
17962,1.30096
17963,1.73429
17964,0.278037
17965,1.30096
17966,0.820124
17967,0.31918
17968,0.505706
17969,0.840213
17970,1.20973
17971,0.0915381
17972,0.338578
17973,0.433874
17974,0.95683
17975,0.333537
17976,2.30989
17977,0.510839
17978,1.77678
17979,1.35459
17980,0.608475
17981,1.47006
17982,0.595413
17983,4.20805
17984,0.514685
17985,2.43562
17986,0.808156
17987,0.99104
17988,1.05311
17989,1.40987
17990,0.167294
17991,0.693364
17992,2.77319
17993,1.94507
17994,2.11087
17995,0.207837
17996,0.956179
17997,0.675907
17998,0.517162
17999,1.75137
18000,0.389107
18001,1.59903
18002,1.24023
18003,0.26767
18004,0.444769
18005,1.2472
18006,0.331211
18007,1.37218
18008,0.89208
18009,1.71515
18010,0.352396
18011,0.784115
18012,0.761854
18013,3.32344
18014,2.067
18015,1.6315
18016,0.892704
18017,0.66691
18018,1.02403
18019,0.94987
18020,2.16951
18021,0.803563
18022,1.929
18023,0.924946
18024,0.477973
18025,0.705534
18026,0.381403
18027,1.45136
18028,1.03185
18029,0.337902
18030,0.683588
18031,0.756389
18032,7.41126
18033,0.449419
18034,1.21191
18035,0.936777
18036,4.69266
18037,0.953162
18038,0.823823
18039,1.22961
18040,0.316004
18041,0.552833
18042,0.273351
18043,2.50929
18044,0.615328
18045,0.417947
18046,0.946457
18047,0.462042
18048,0.950744
18049,1.05128
18050,1.33309
18051,0.558165
18052,0.77275
18053,1.22556
18054,0.571723
18055,1.53757
18056,1.84246
18057,1.70421
18058,0.449419
18059,0.32271
18060,0.668045
18061,1.07475
18062,0.287941
18063,0.785842
18064,1.44138
18065,0.797638
18066,0.904023
18067,0.528242
18068,1.48305
18069,0.256148
18070,1.80507
18071,0.961395
18072,0.538806
18073,1.66829
18074,1.36479
18075,2.39121
18076,1.09664
18077,0.659944
18078,0.318542
18079,0.454435
18080,1.08335
18081,0.518871
18082,0.833351
18083,0.532965
18084,0.559339
18085,2.23089
18086,0.953391
18087,1.09199
18088,0.512733
18089,0.570866
18090,1.11138
18091,0.230847
18092,0.395897
18093,0.457902
18094,1.80219
18095,0.815381
18096,1.12682
18097,0.362765
18098,0.475257
18099,2.42032
18100,0.845861
18101,0.855987
18102,2.24207
18103,1.06259
18104,0.414617
18105,1.47256
18106,1.00726
18107,0.900415
18108,0.644359
18109,0.477926
18110,0.530731
18111,0.610669
18112,1.90999
18113,0.957576
18114,0.466779
18115,1.22986
18116,0.735651
18117,0.226276
18118,1.51862
18119,0.368358
18120,0.869271
18121,0.610608
18122,0.696491
18123,0.72673
18124,0.648496
18125,0.394633
18126,2.75661
18127,0.308202
18128,0.824564
18129,0.531475
18130,3.83819
18131,1.80092
18132,1.24982
18133,4.21226
18134,0.858817
18135,0.693572
18136,0.424731
18137,5.7546
18138,0.703773
18139,1.88344
18140,0.454981
18141,0.883998
18142,0.761017
18143,0.772595
18144,1.24073
18145,1.09123
18146,1.48394
18147,0.481524
18148,0.887985
18149,0.419706
18150,1.35907
18151,0.998368
18152,0.532272
18153,0.425624
18154,2.16236
18155,0.403936
18156,0.735945
18157,1.08874
18158,0.333204
18159,1.56315
18160,0.497878
18161,2.00913
18162,1.61996
18163,0.333871
18164,2.05217
18165,1.13315
18166,1.83253
18167,1.5011
18168,0.694197
18169,0.342323
18170,0.390628
18171,0.608779
18172,1.04786
18173,0.49743
18174,0.955911
18175,0.660803
18176,2.74012
18177,1.0379
18178,2.13038
18179,0.29523
18180,0.74245
18181,1.38113
18182,1.96796
18183,0.652855
18184,0.597919
18185,1.46697
18186,1.10927
18187,1.10882
18188,0.154278
18189,1.21495
18190,0.462273
18191,0.269012
18192,1.57554
18193,1.0899
18194,2.42808
18195,2.70906
18196,0.910929
18197,0.366777
18198,0.486752
18199,1.22495
18200,0.20763
18201,1.77909
18202,1.06926
18203,2.87485
18204,0.474972
18205,0.562199
18206,0.954164
18207,1.22104
18208,1.00458
18209,2.45076
18210,0.603023
18211,0.445392
18212,1.155
18213,0.432013
18214,3.75092
18215,0.462782
18216,0.694544
18217,0.605258
18218,0.697955
18219,1.43304
18220,3.00116
18221,0.900325
18222,0.879853
18223,0.228779
18224,0.524767
18225,0.698095
18226,0.517368
18227,0.600796
18228,1.1336
18229,0.587429
18230,0.850696
18231,0.635782
18232,0.649274
18233,1.11572
18234,0.913063
18235,0.315058
18236,0.377872
18237,1.03256
18238,0.714766
18239,0.645971
18240,1.16404
18241,0.81636
18242,0.589547
18243,1.10357
18244,0.842063
18245,1.67213
18246,0.241231
18247,0.472603
18248,0.559339
18249,0.555326
18250,1.82431
18251,1.01309
18252,0.29523
18253,1.21933
18254,0.379766
18255,0.803723
18256,0.496337
18257,0.859332
18258,1.88288
18259,1.07264
18260,0.625753
18261,0.433008
18262,1.14729
18263,1.15142
18264,0.297899
18265,0.901676
18266,2.84909
18267,0.393962
18268,0.854875
18269,1.22642
18270,0.579088
18271,1.46961
18272,0.423162
18273,0.731177
18274,1.01688
18275,0.529512
18276,0.672401
18277,0.556605
18278,0.661464
18279,1.10466
18280,0.430202
18281,1.82705
18282,0.525398
18283,0.267403
18284,0.705252
18285,0.608962
18286,0.8462
18287,0.662258
18288,1.17035
18289,0.402082
18290,0.897987
18291,1.39306
18292,1.37232
18293,0.386432
18294,0.372283
18295,0.523614
18296,0.287366
18297,0.387748
18298,2.33264
18299,0.34611
18300,0.248578
18301,0.761626
18302,0.53089
18303,1.21884
18304,0.665245
18305,0.575279
18306,1.28557
18307,0.613669
18308,1.82267
18309,0.926761
18310,0.407995
18311,0.632358
18312,0.791599
18313,0.672267
18314,1.44253
18315,0.472461
18316,1.92341
18317,0.566771
18318,0.585377
18319,1.32392
18320,0.928579
18321,0.699073
18322,0.481427
18323,1.86601
18324,0.475827
18325,0.225373
18326,0.289095
18327,0.816033
18328,0.907656
18329,0.209507
18330,0.958525
18331,1.45936
18332,1.2615
18333,1.87987
18334,1.5724
18335,0.585904
18336,1.39027
18337,1.68742
18338,0.979807
18339,1.02357
18340,0.921484
18341,1.07495
18342,0.784664
18343,3.45216
18344,1.28995
18345,1.47669
18346,2.04316
18347,2.05259
18348,0.602601
18349,0.738673
18350,0.553386
18351,0.167462
18352,0.380679
18353,0.290544
18354,0.324652
18355,1.35324
18356,1.07838
18357,0.549306
18358,0.6173
18359,0.501025
18360,0.808965
18361,1.19268
18362,0.57241
18363,0.432272
18364,1.58043
18365,0.749087
18366,0.906885
18367,1.95541
18368,0.683588
18369,0.90312
18370,0.658823
18371,0.817422
18372,0.49027
18373,0.934074
18374,0.274172
18375,0.83845
18376,0.589783
18377,0.460612
18378,0.647329
18379,0.426092
18380,0.990391
18381,0.616375
18382,0.35134
18383,2.45395
18384,0.342666
18385,1.72288
18386,1.92245
18387,1.45703
18388,0.655406
18389,0.655406
18390,0.946296
18391,0.972466
18392,0.627382
18393,1.53603
18394,1.08886
18395,0.847046
18396,0.817912
18397,0.516283
18398,1.02333
18399,0.582282
18400,1.15604
18401,0.867968
18402,2.75936
18403,1.01965
18404,0.443525
18405,0.315688
18406,2.82639
18407,0.337227
18408,1.0592
18409,1.84301
18410,0.432878
18411,2.70013
18412,1.25245
18413,1.19937
18414,0.787021
18415,1.23677
18416,0.431797
18417,1.09282
18418,1.1076
18419,0.444992
18420,1.0122
18421,0.588782
18422,0.486023
18423,0.284506
18424,1.93363
18425,0.231078
18426,1.75927
18427,0.537568
18428,0.226502
18429,0.321101
18430,1.57365
18431,0.192434
18432,0.337902
18433,0.653508
18434,0.765673
18435,1.25759
18436,0.25924
18437,0.878359
18438,0.256404
18439,0.993928
18440,2.4488
18441,1.00244
18442,1.35351
18443,1.81811
18444,0.365313
18445,1.84264
18446,1.07895
18447,0.968826
18448,0.420378
18449,0.267938
18450,1.10418
18451,0.505352
18452,1.68691
18453,0.629896
18454,0.693503
18455,1.53511
18456,0.258464
18457,0.784272
18458,1.16848
18459,0.459232
18460,0.439332
18461,0.674287
18462,0.301194
18463,1.78104
18464,0.506718
18465,1.92996
18466,1.87817
18467,0.711343
18468,0.241472
18469,0.562874
18470,0.416071
18471,0.180866
18472,0.285647
18473,0.743416
18474,1.10749
18475,2.43635
18476,0.209926
18477,1.10105
18478,0.446239
18479,0.375649
18480,0.464172
18481,0.676854
18482,0.824564
18483,1.1853
18484,2.11954
18485,1.30148
18486,0.465241
18487,0.913794
18488,0.155517
18489,0.528454
18490,1.08873
18491,1.58566
18492,0.436966
18493,2.64243
18494,1.05677
18495,1.30213
18496,0.336216
18497,0.349239
18498,0.694891
18499,1.20298
18500,1.46492
18501,0.464869
18502,1.44499
18503,0.884264
18504,0.546621
18505,0.575164
18506,0.864417
18507,0.643972
18508,0.283938
18509,1.5325
18510,0.440652
18511,1.08166
18512,1.09876
18513,1.14912
18514,0.700753
18515,0.369132
18516,1.04032
18517,1.20985
18518,1.05169
18519,0.47317
18520,0.644294
18521,0.496635
18522,0.411807
18523,1.49691
18524,1.33229
18525,1.18105
18526,0.59126
18527,0.335545
18528,0.307279
18529,1.34474
18530,0.830523
18531,0.998584
18532,1.23121
18533,1.70336
18534,0.528877
18535,1.41652
18536,0.271444
18537,0.871796
18538,3.40417
18539,0.644423
18540,0.79366
18541,0.790018
18542,1.00942
18543,1.35513
18544,0.526502
18545,1.12953
18546,1.50245
18547,1.59871
18548,0.302704
18549,0.610181
18550,0.37988
18551,0.188624
18552,1.19961
18553,0.477639
18554,1.8076
18555,1.24945
18556,0.379614
18557,0.628638
18558,0.291709
18559,1.07373
18560,0.911048
18561,0.680995
18562,0.5817
18563,1.34514
18564,1.08942
18565,2.95353
18566,0.511095
18567,0.446954
18568,0.557775
18569,0.982092
18570,0.376439
18571,0.239309
18572,0.534566
18573,0.746545
18574,1.10249
18575,0.703913
18576,0.404582
18577,0.755859
18578,2.11912
18579,0.616436
18580,0.689906
18581,0.575912
18582,1.34272
18583,0.819468
18584,0.519546
18585,1.17539
18586,0.570638
18587,0.440608
18588,0.639416
18589,0.332206
18590,1.36602
18591,0.378666
18592,0.704336
18593,0.727967
18594,0.159295
18595,0.829361
18596,4.32322
18597,1.44311
18598,0.414783
18599,0.476542
18600,3.04652
18601,0.402082
18602,0.42219
18603,1.06802
18604,0.927558
18605,0.514634
18606,0.833435
18607,0.625878
18608,0.970387
18609,2.22599
18610,0.633941
18611,1.58852
18612,0.276651
18613,1.34434
18614,0.827952
18615,2.15631
18616,0.566431
18617,0.310677
18618,1.39654
18619,0.671192
18620,1.98476
18621,0.768973
18622,2.08007
18623,6.07389
18624,0.863294
18625,0.764143
18626,0.274996
18627,0.815136
18628,0.678616
18629,0.59458
18630,0.372321
18631,0.339935
18632,1.21313
18633,2.75936
18634,0.95162
18635,0.562367
18636,1.23875
18637,0.503586
18638,0.748488
18639,2.58261
18640,0.751864
18641,1.27023
18642,0.981592
18643,0.378401
18644,1.08668
18645,0.555048
18646,2.38596
18647,0.651551
18648,0.641209
18649,0.256148
18650,0.428271
18651,3.17402
18652,1.04521
18653,0.970776
18654,0.630905
18655,0.21246
18656,0.474639
18657,0.762769
18658,1.21616
18659,0.761321
18660,0.889496
18661,1.92264
18662,1.81684
18663,0.556605
18664,0.144713
18665,0.566261
18666,0.241956
18667,0.644616
18668,0.287941
18669,1.2696
18670,0.311923
18671,1.73916
18672,0.980365
18673,0.636418
18674,0.441799
18675,1.04295
18676,0.969893
18677,1.0059
18678,1.89061
18679,0.448297
18680,0.852144
18681,0.606349
18682,0.2595
18683,0.975349
18684,0.639992
18685,0.939235
18686,0.40918
18687,0.234336
18688,0.544384
18689,1.81412
18690,1.0695
18691,1.02043
18692,0.58737
18693,0.443259
18694,0.339935
18695,1.07643
18696,0.711343
18697,0.253599
18698,0.726803
18699,2.22376
18700,3.6437
18701,0.466266
18702,0.777167
18703,0.670991
18704,1.10308
18705,1.73985
18706,1.99991
18707,1.44296
18708,1.76685
18709,0.240268
18710,0.684067
18711,0.584265
18712,0.453663
18713,1.04322
18714,0.714194
18715,0.90312
18716,0.360235
18717,0.867708
18718,1.19351
18719,6.61275
18720,0.772904
18721,0.400717
18722,0.755481
18723,0.609632
18724,0.651616
18725,0.467246
18726,1.55582
18727,0.565243
18728,1.47802
18729,1.46741
18730,1.00114
18731,0.799155
18732,0.275271
18733,0.33689
18734,0.550681
18735,1.41016
18736,1.01049
18737,2.25038
18738,0.688872
18739,0.289674
18740,0.800675
18741,0.279152
18742,0.309128
18743,1.11449
18744,1.05608
18745,0.255125
18746,0.983596
18747,0.709
18748,0.678955
18749,1.06238
18750,1.53541
18751,0.403048
18752,1.19554
18753,0.632611
18754,0.242683
18755,2.93292
18756,1.73187
18757,1.67732
18758,0.329889
18759,0.725496
18760,2.93586
18761,1.60111
18762,1.37136
18763,4.15786
18764,0.73286
18765,0.418952
18766,0.385814
18767,0.646165
18768,0.325302
18769,0.385043
18770,1.72082
18771,0.406245
18772,1.01453
18773,0.723901
18774,0.523719
18775,0.657047
18776,0.403209
18777,2.97427
18778,1.15824
18779,0.331542
18780,0.811882
18781,1.48379
18782,0.402122
18783,0.213525
18784,2.68989
18785,1.02481
18786,1.8748
18787,0.315688
18788,0.562817
18789,1.69656
18790,0.276098
18791,0.416196
18792,1.26922
18793,1.0195
18794,0.83044
18795,0.487337
18796,0.432705
18797,0.470199
18798,0.989822
18799,0.296117
18800,0.60951
18801,0.147342
18802,1.95365
18803,0.862345
18804,0.599116
18805,0.87136
18806,0.647653
18807,0.461765
18808,0.648107
18809,0.203112
18810,0.805735
18811,0.878008
18812,1.66979
18813,0.367144
18814,1.70148
18815,0.708575
18816,0.79255
18817,1.0808
18818,1.63951
18819,1.01163
18820,0.464172
18821,1.57287
18822,0.690665
18823,0.833768
18824,0.514119
18825,2.73738
18826,1.95267
18827,0.952753
18828,1.63984
18829,0.942151
18830,0.0798185
18831,1.01211
18832,0.610425
18833,0.773291
18834,0.513503
18835,1.42775
18836,0.897717
18837,0.514737
18838,0.333204
18839,1.4617
18840,3.61467
18841,0.265007
18842,1.01454
18843,0.357364
18844,1.23306
18845,0.461765
18846,0.702647
18847,1.51604
18848,0.80276
18849,0.462735
18850,1.16789
18851,1.76544
18852,0.363855
18853,0.407139
18854,1.4826
18855,3.77349
18856,1.07321
18857,0.414949
18858,0.466872
18859,1.14683
18860,0.649924
18861,0.232701
18862,1.13951
18863,4.13299
18864,3.21234
18865,0.710703
18866,0.883822
18867,0.727967
18868,0.636036
18869,1.14111
18870,1.04211
18871,0.361678
18872,0.62444
18873,1.04454
18874,1.38085
18875,1.32313
18876,0.524977
18877,0.289674
18878,2.18235
18879,0.906966
18880,0.639864
18881,0.151981
18882,1.30278
18883,0.209926
18884,0.238354
18885,1.08437
18886,0.869532
18887,4.12473
18888,0.75813
18889,0.532219
18890,1.14557
18891,0.747142
18892,1.79535
18893,1.89705
18894,1.47006
18895,0.378818
18896,0.432186
18897,2.40224
18898,0.460704
18899,1.38999
18900,1.31456
18901,0.301496
18902,0.578336
18903,0.7403
18904,0.439859
18905,1.58154
18906,0.745948
18907,0.419161
18908,0.4949
18909,1.39738
18910,0.884352
18911,0.511146
18912,0.370538
18913,0.391645
18914,0.799875
18915,3.61467
18916,1.2049
18917,0.568019
18918,1.70421
18919,0.604351
18920,0.948285
18921,2.36553
18922,1.33149
18923,1.73343
18924,0.360235
18925,2.51356
18926,1.36957
18927,0.876516
18928,0.766976
18929,1.41383
18930,0.466545
18931,1.35161
18932,1.10427
18933,0.201493
18934,0.200689
18935,0.604895
18936,0.847809
18937,0.8462
18938,0.262632
18939,0.859332
18940,0.821355
18941,0.666377
18942,0.345418
18943,0.356294
18944,1.41284
18945,0.795249
18946,0.543731
18947,0.617979
18948,0.568246
18949,1.05215
18950,1.01336
18951,0.874765
18952,0.358438
18953,4.02289
18954,0.968671
18955,0.367879
18956,0.739634
18957,0.948371
18958,0.266069
18959,0.869532
18960,0.643586
18961,0.485003
18962,1.58566
18963,0.347149
18964,1.54218
18965,0.799555
18966,0.311923
18967,0.852996
18968,0.438849
18969,1.55488
18970,0.621201
18971,1.24807
18972,0.759952
18973,1.60641
18974,0.659219
18975,0.66965
18976,0.671058
18977,1.67046
18978,0.739634
18979,1.19137
18980,0.34611
18981,0.258981
18982,2.07882
18983,0.647718
18984,0.561637
18985,0.499624
18986,0.624502
18987,0.753143
18988,0.657704
18989,1.24272
18990,0.178708
18991,1.68102
18992,0.309437
18993,1.94196
18994,0.178173
18995,0.659944
18996,0.717344
18997,1.22422
18998,0.31918
18999,0.595532
19000,1.05258
19001,0.821273
19002,1.37149
19003,0.501877
19004,1.97842
19005,2.00772
19006,1.40172
19007,0.690734
19008,0.452666
19009,0.295526
19010,1.58487
19011,0.409016
19012,0.3138
19013,0.699772
19014,0.338578
19015,0.811801
19016,0.96466
19017,2.32379
19018,0.5817
19019,3.75843
19020,0.540695
19021,0.450319
19022,1.80652
19023,1.10993
19024,0.966688
19025,1.05602
19026,0.309747
19027,2.69905
19028,1.85021
19029,0.172734
19030,1.05194
19031,1.73655
19032,0.226956
19033,0.533018
19034,0.449913
19035,1.09578
19036,0.936964
19037,0.70624
19038,0.821519
19039,0.264477
19040,0.388757
19041,0.227638
19042,0.937105
19043,0.919257
19044,1.41312
19045,0.241231
19046,1.01126
19047,0.40657
19048,1.04986
19049,0.558445
19050,0.77082
19051,0.980326
19052,1.13111
19053,0.541832
19054,1.57838
19055,0.808399
19056,1.2037
19057,0.437403
19058,1.78908
19059,0.594877
19060,0.82572
19061,1.75962
19062,0.395423
19063,0.893865
19064,0.695726
19065,0.716197
19066,2.29378
19067,0.651551
19068,1.13621
19069,0.641273
19070,2.09447
19071,1.01039
19072,0.748413
19073,0.85573
19074,0.689147
19075,0.893865
19076,3.22522
19077,0.104559
19078,1.1193
19079,0.62058
19080,0.366045
19081,0.994717
19082,0.663451
19083,1.64378
19084,0.76759
19085,0.525345
19086,1.84172
19087,0.392939
19088,0.970096
19089,1.00478
19090,0.325628
19091,1.22875
19092,0.936037
19093,0.478787
19094,3.19312
19095,1.06992
19096,0.874852
19097,0.570068
19098,1.62385
19099,0.367879
19100,0.633497
19101,0.339935
19102,1.89629
19103,1.6598
19104,0.343009
19105,0.516386
19106,0.768204
19107,2.90374
19108,0.720795
19109,1.60737
19110,1.76015
19111,1.50426
19112,0.338917
19113,0.217839
19114,0.33689
19115,1.24757
19116,0.619279
19117,0.275546
19118,1.40326
19119,0.456759
19120,1.44282
19121,3.52895
19122,0.736239
19123,1.92091
19124,0.227865
19125,0.523771
19126,1.60127
19127,2.6282
19128,0.143273
19129,1.16079
19130,1.08644
19131,0.520378
19132,1.07475
19133,1.78854
19134,1.04766
19135,0.86269
19136,0.676245
19137,0.378439
19138,0.64869
19139,2.42008
19140,0.646941
19141,0.55228
19142,1.55333
19143,0.419203
19144,6.25887
19145,0.104038
19146,0.303007
19147,0.866667
19148,0.64076
19149,0.789465
19150,0.440432
19151,0.794534
19152,0.659219
19153,3.54664
19154,2.10834
19155,0.270631
19156,0.739338
19157,0.582457
19158,0.778022
19159,4.49066
19160,1.41751
19161,0.675569
19162,0.8863
19163,0.626128
19164,2.93292
19165,0.383391
19166,0.846284
19167,0.893151
19168,1.5011
19169,0.252334
19170,2.13678
19171,0.456074
19172,0.802358
19173,5.60131
19174,0.87713
19175,0.689837
19176,1.93789
19177,0.142132
19178,0.499974
19179,0.800115
19180,0.708929
19181,0.879062
19182,0.352044
19183,2.47441
19184,0.273077
19185,0.5585
19186,3.78104
19187,0.882232
19188,1.74246
19189,1.25835
19190,0.352044
19191,1.355
19192,0.45122
19193,0.315373
19194,0.476732
19195,2.12357
19196,1.1065
19197,2.41404
19198,0.805816
19199,0.563493
19200,0.47426
19201,0.773136
19202,1.90961
19203,0.871099
19204,0.614774
19205,1.4421
19206,2.0346
19207,0.879502
19208,0.457902
19209,0.968758
19210,1.26289
19211,0.459599
19212,0.255381
19213,1.01833
19214,0.305746
19215,4.19545
19216,0.231541
19217,0.650444
19218,1.2766
19219,0.191092
19220,0.867621
19221,0.641209
19222,0.73286
19223,1.27125
19224,1.1971
19225,0.284506
19226,5.64065
19227,0.364948
19228,3.64006
19229,0.212036
19230,1.15685
19231,1.40158
19232,0.323033
19233,0.253853
19234,1.01238
19235,0.533445
19236,4.12061
19237,1.81884
19238,0.856158
19239,0.706947
19240,1.21994
19241,0.698863
19242,1.04473
19243,0.708504
19244,1.05424
19245,2.549
19246,1.30852
19247,0.902037
19248,1.9408
19249,0.574589
19250,1.41383
19251,1.33469
19252,0.421726
19253,1.20466
19254,2.62689
19255,0.374674
19256,0.341298
19257,0.425156
19258,1.76562
19259,0.578625
19260,1.02272
19261,0.48162
19262,0.809288
19263,0.636036
19264,1.17152
19265,1.60111
19266,0.125431
19267,0.693156
19268,0.628072
19269,0.33588
19270,1.61721
19271,1.24807
19272,0.434265
19273,0.542428
19274,1.14993
19275,0.566658
19276,1.8554
19277,1.14031
19278,0.402524
19279,0.770204
19280,1.00583
19281,1.09451
19282,0.862949
19283,2.11552
19284,0.527082
19285,1.4079
19286,0.358438
19287,2.54772
19288,0.559954
19289,0.619341
19290,0.247091
19291,2.51155
19292,1.27379
19293,0.262108
19294,0.461441
19295,0.620705
19296,1.33123
19297,1.61624
19298,1.71858
19299,0.856672
19300,0.819468
19301,0.486071
19302,0.915459
19303,0.621761
19304,0.591378
19305,1.05477
19306,0.264213
19307,2.01819
19308,0.470952
19309,0.588487
19310,0.464404
19311,1.4887
19312,1.17598
19313,0.210557
19314,0.716842
19315,0.830772
19316,0.149121
19317,2.0907
19318,0.758585
19319,0.289095
19320,0.778723
19321,1.57507
19322,3.45907
19323,1.10187
19324,0.272532
19325,0.803081
19326,0.130811
19327,0.407954
19328,0.400877
19329,0.262632
19330,0.253093
19331,0.683656
19332,0.475019
19333,0.283938
19334,1.06424
19335,0.923957
19336,0.419329
19337,1.89819
19338,0.397763
19339,0.32628
19340,0.33454
19341,0.205769
19342,0.533445
19343,1.14225
19344,0.65777
19345,0.352396
19346,1.08823
19347,0.173253
19348,0.627382
19349,0.412838
19350,1.37067
19351,2.17103
19352,1.77464
19353,0.54673
19354,0.750737
19355,0.422063
19356,0.529935
19357,0.442241
19358,0.577816
19359,0.910774
19360,0.52069
19361,0.274172
19362,0.227638
19363,0.732128
19364,0.423247
19365,0.952286
19366,1.3868
19367,0.722961
19368,1.35893
19369,0.118719
19370,1.94449
19371,1.42362
19372,0.808803
19373,1.54682
19374,0.56001
19375,0.421473
19376,0.360595
19377,0.615328
19378,0.354162
19379,1.48884
19380,0.422655
19381,0.480562
19382,0.521733
19383,1.94274
19384,0.481861
19385,0.657704
19386,1.32035
19387,0.274446
19388,0.74104
19389,1.88627
19390,0.275271
19391,0.736976
19392,0.140016
19393,0.273624
19394,0.877744
19395,1.68809
19396,1.26301
19397,0.637309
19398,1.79248
19399,0.69503
19400,1.46477
19401,0.805816
19402,0.313173
19403,0.749387
19404,1.60496
19405,3.53601
19406,0.990179
19407,0.405311
19408,1.57807
19409,0.838115
19410,0.6354
19411,4.22915
19412,0.275271
19413,0.271444
19414,0.332538
19415,2.17276
19416,1.01865
19417,1.45165
19418,0.73646
19419,1.22593
19420,1.13963
19421,0.546511
19422,1.27634
19423,0.931136
19424,1.01954
19425,1.7395
19426,0.217621
19427,0.5233
19428,0.90321
19429,0.95726
19430,0.487483
19431,1.19494
19432,0.363491
19433,0.556772
19434,1.59026
19435,0.65685
19436,1.76121
19437,0.780984
19438,0.371577
19439,1.07175
19440,1.50321
19441,0.609388
19442,1.68438
19443,1.00167
19444,0.917998
19445,0.731104
19446,1.10121
19447,0.487873
19448,2.18147
19449,0.935953
19450,0.487971
19451,0.191475
19452,1.10175
19453,0.331542
19454,0.202301
19455,0.606227
19456,1.08373
19457,2.37311
19458,0.512016
19459,1.44875
19460,1.03738
19461,0.680315
19462,0.432575
19463,1.29408
19464,0.376175
19465,0.276374
19466,1.20852
19467,1.62012
19468,1.27941
19469,1.3046
19470,0.718205
19471,0.873803
19472,0.800835
19473,0.883203
19474,0.486412
19475,0.692879
19476,0.354517
19477,0.891455
19478,1.1466
19479,0.642878
19480,1.63526
19481,3.48337
19482,0.353101
19483,0.117537
19484,0.929908
19485,0.738082
19486,2.19131
19487,0.422401
19488,0.394672
19489,0.566148
19490,0.886034
19491,0.660076
19492,1.15062
19493,0.418826
19494,0.212886
19495,1.15454
19496,0.268474
19497,2.32938
19498,0.6304
19499,1.54604
19500,1.03336
19501,3.06179
19502,0.945133
19503,1.58677
19504,0.624752
19505,0.323356
19506,0.552004
19507,1.02122
19508,0.276098
19509,1.15235
19510,1.76809
19511,0.331542
19512,0.848148
19513,1.77731
19514,0.531475
19515,0.94484
19516,2.02122
19517,0.521524
19518,0.615513
19519,0.883733
19520,0.601698
19521,0.736829
19522,0.208879
19523,0.738673
19524,0.952705
19525,1.2175
19526,0.87197
19527,0.521263
19528,1.72065
19529,0.763761
19530,2.42784
19531,0.550736
19532,3.88841
19533,0.93176
19534,1.08503
19535,1.59967
19536,0.593392
19537,0.378439
19538,0.538698
19539,0.643521
19540,0.399197
19541,5.05309
19542,0.600736
19543,1.2542
19544,1.15812
19545,0.581991
19546,0.506414
19547,1.69978
19548,0.660406
19549,0.962857
19550,1.16381
19551,0.604049
19552,2.47985
19553,0.767666
19554,0.123935
19555,0.382931
19556,0.31918
19557,1.4755
19558,0.263685
19559,0.540533
19560,0.292293
19561,0.433658
19562,2.01597
19563,1.49691
19564,0.761017
19565,0.280551
19566,0.879677
19567,0.685436
19568,0.154896
19569,0.649794
19570,0.450319
19571,1.54589
19572,0.818485
19573,0.691564
19574,1.82979
19575,0.317588
19576,0.330219
19577,0.254107
19578,1.07711
19579,0.52142
19580,1.66296
19581,2.15739
19582,1.7456
19583,0.347497
19584,2.50002
19585,2.48085
19586,0.282522
19587,1.51755
19588,1.06395
19589,0.498576
19590,3.08638
19591,1.30408
19592,0.656456
19593,0.853594
19594,0.806219
19595,0.416945
19596,0.62494
19597,0.426988
19598,3.8038
19599,0.610242
19600,1.27864
19601,1.03309
19602,0.303917
19603,0.765979
19604,1.69808
19605,1.81448
19606,1.09315
19607,1.71035
19608,0.700403
19609,0.759952
19610,1.64658
19611,0.415447
19612,2.95944
19613,1.6827
19614,0.328901
19615,4.63205
19616,1.45339
19617,1.12896
19618,0.865974
19619,0.790413
19620,1.57476
19621,0.163327
19622,0.700333
19623,0.577354
19624,1.31587
19625,0.3982
19626,0.241472
19627,0.544602
19628,1.0697
19629,0.644616
19630,1.00736
19631,1.47861
19632,0.331542
19633,0.666443
19634,1.13712
19635,0.632547
19636,0.847724
19637,1.1146
19638,2.02142
19639,0.297601
19640,0.632801
19641,0.509972
19642,1.21653
19643,0.538213
19644,0.508749
19645,0.211189
19646,7.33018
19647,1.23504
19648,1.60657
19649,0.413375
19650,1.62369
19651,0.361317
19652,1.02374
19653,0.218712
19654,2.57719
19655,2.15524
19656,0.479266
19657,1.38348
19658,0.287653
19659,0.966436
19660,0.651551
19661,0.29671
19662,1.24247
19663,2.47589
19664,1.08791
19665,0.165961
19666,0.208253
19667,1.27252
19668,0.488654
19669,1.54991
19670,0.432445
19671,0.898256
19672,1.17246
19673,0.773678
19674,0.539129
19675,0.287941
19676,0.44517
19677,5.00281
19678,1.13906
19679,0.280551
19680,1.08936
19681,1.96895
19682,0.877656
19683,0.646618
19684,5.55668
19685,0.579088
19686,0.121602
19687,0.692117
19688,0.221574
19689,0.496039
19690,0.377532
19691,1.76738
19692,0.362402
19693,0.989238
19694,1.7463
19695,0.57961
19696,2.14942
19697,0.485683
19698,1.09451
19699,0.68674
19700,0.710775
19701,0.585259
19702,0.91676
19703,1.40032
19704,1.23553
19705,0.347149
19706,1.45616
19707,1.36916
19708,0.983763
19709,0.634194
19710,1.09791
19711,0.423628
19712,0.544275
19713,0.517886
19714,2.06287
19715,1.31456
19716,0.558445
19717,0.236454
19718,0.757979
19719,0.66034
19720,0.533445
19721,0.737935
19722,0.462227
19723,0.816278
19724,0.662059
19725,0.153355
19726,1.5798
19727,1.10503
19728,0.849931
19729,1.47123
19730,0.619279
19731,0.545365
19732,0.658296
19733,0.448431
19734,0.605985
19735,0.469447
19736,0.58485
19737,0.39832
19738,0.261584
19739,1.56236
19740,0.521211
19741,1.68573
19742,2.06949
19743,3.23491
19744,0.755708
19745,1.26466
19746,0.938831
19747,1.12987
19748,0.376439
19749,1.10938
19750,0.698305
19751,0.396333
19752,0.229696
19753,0.149121
19754,0.699073
19755,0.366777
19756,1.67431
19757,1.13633
19758,0.444147
19759,0.333871
19760,0.610425
19761,0.527609
19762,0.363855
19763,0.339935
19764,0.714337
19765,1.22104
19766,0.330219
19767,0.711272
19768,0.358438
19769,1.60801
19770,4.25885
19771,0.244388
19772,1.00574
19773,0.411848
19774,0.751864
19775,0.193592
19776,0.734254
19777,1.40144
19778,1.01397
19779,1.59456
19780,0.452938
19781,0.355582
19782,0.889141
19783,0.842653
19784,0.797319
19785,0.25183
19786,0.512528
19787,0.582865
19788,1.62645
19789,0.199289
19790,1.03215
19791,0.479601
19792,1.05241
19793,3.01621
19794,0.595532
19795,0.994475
19796,1.92919
19797,1.44167
19798,1.0787
19799,1.14901
19800,0.500474
19801,0.452757
19802,1.09469
19803,2.74835
19804,0.347149
19805,0.316954
19806,0.671931
19807,0.145439
19808,0.710703
19809,0.363855
19810,1.7855
19811,0.500674
19812,1.38569
19813,0.444458
19814,1.42234
19815,0.587899
19816,0.94517
19817,1.95854
19818,1.35988
19819,0.581177
19820,1.06193
19821,0.901496
19822,1.14625
19823,1.33229
19824,1.07139
19825,0.45685
19826,0.968158
19827,1.11038
19828,1.21131
19829,1.82887
19830,0.532272
19831,0.621388
19832,0.833518
19833,0.805252
19834,0.395977
19835,0.943386
19836,0.439991
19837,0.987035
19838,1.08243
19839,0.194174
19840,0.215456
19841,0.44096
19842,1.38611
19843,0.158025
19844,0.474023
19845,3.97093
19846,1.77287
19847,1.98794
19848,0.528507
19849,0.333871
19850,2.3549
19851,0.548263
19852,0.906141
19853,1.34286
19854,0.7303
19855,0.568246
19856,0.337227
19857,0.340275
19858,0.901766
19859,0.180324
19860,0.606288
19861,3.8
19862,1.80742
19863,0.926195
19864,0.343352
19865,0.513349
19866,0.38833
19867,0.34611
19868,1.11016
19869,0.759117
19870,0.491595
19871,0.205975
19872,0.863294
19873,0.365313
19874,1.42518
19875,0.674017
19876,2.02952
19877,0.169653
19878,0.233634
19879,0.740744
19880,4.28448
19881,1.75541
19882,1.39766
19883,2.00031
19884,0.95572
19885,0.44758
19886,0.709071
19887,1.16567
19888,1.18353
19889,1.25207
19890,0.240028
19891,0.536494
19892,0.266868
19893,1.06588
19894,1.06657
19895,0.997661
19896,0.155828
19897,0.272259
19898,0.381555
19899,1.31206
19900,1.04432
19901,0.43184
19902,0.667778
19903,1.04938
19904,0.553496
19905,0.284222
19906,0.55013
19907,0.383391
19908,1.01503
19909,1.58376
19910,1.67431
19911,0.300592
19912,0.285076
19913,0.289384
19914,0.57138
19915,0.504998
19916,1.18982
19917,3.25763
19918,0.630842
19919,0.494801
19920,0.335209
19921,0.514376
19922,1.65649
19923,1.59967
19924,1.0967
19925,0.438016
19926,2.594
19927,0.683861
19928,1.09752
19929,1.96502
19930,0.572238
19931,0.786785
19932,0.248081
19933,0.598098
19934,0.785999
19935,1.45223
19936,0.94184
19937,0.263158
19938,3.28051
19939,0.253853
19940,1.1184
19941,0.518508
19942,0.261584
19943,0.665644
19944,0.700192
19945,0.973916
19946,6.56006
19947,0.951543
19948,0.788518
19949,1.34501
19950,0.692879
19951,0.825389
19952,2.97725
19953,0.300893
19954,0.974549
19955,2.70906
19956,1.60304
19957,0.150619
19958,0.254616
19959,0.810179
19960,1.04414
19961,0.589489
19962,0.46343
19963,0.689354
19964,0.99895
19965,0.322388
19966,0.619526
19967,0.639992
19968,1.08184
19969,0.770435
19970,1.19101
19971,0.539615
19972,1.76915
19973,2.96833
19974,1.7272
19975,1.94022
19976,1.07085
19977,0.181591
19978,0.276374
19979,1.64988
19980,0.506465
19981,0.707866
19982,1.79984
19983,1.42675
19984,0.833851
19985,0.357364
19986,1.83822
19987,0.497928
19988,0.488654
19989,1.0144
19990,0.662391
19991,0.598218
19992,0.988566
19993,0.351692
19994,1.40931
19995,2.48905
19996,0.221352
19997,0.522934
19998,0.991158
19999,1.46492
20000,0.530731
