MDTU,plaq,Re(det),Im(det),link
1,2.33153,0.0127829,0.003841,0.0661254
2,2.33153,0.0127829,0.003841,0.0661254
3,2.34068,0.0129937,0.00378117,0.0637294
4,2.37002,0.0140257,0.00412319,0.0616869
5,2.37002,0.0140257,0.00412319,0.0616869
6,2.35547,0.0134154,0.00405636,0.0620734
7,2.35547,0.0134154,0.00405636,0.0620734
8,2.39108,0.0154132,0.00441012,0.0660232
9,2.39092,0.0156841,0.00447702,0.0688136
10,2.41628,0.0174787,0.00499943,0.0720388
11,2.4186,0.0178222,0.00512357,0.0789382
12,2.44456,0.0196494,0.00575601,0.0801378
13,2.44456,0.0196494,0.00575601,0.0801378
14,2.44456,0.0196494,0.00575601,0.0801378
15,2.46034,0.0210312,0.00592629,0.0812211
16,2.48866,0.0232153,0.00663412,0.0813766
17,2.52586,0.0265156,0.00738365,0.0864045
18,2.51925,0.0259083,0.00754271,0.0870164
19,2.55438,0.0292452,0.00815083,0.0851143
20,2.58588,0.0325278,0.00897318,0.0877171
21,2.58588,0.0325278,0.00897318,0.0877171
22,2.58588,0.0325278,0.00897318,0.0877171
23,2.58588,0.0325278,0.00897318,0.0877171
24,2.58837,0.033364,0.00925578,0.0926885
25,2.62341,0.0384066,0.0103586,0.0979151
26,2.62341,0.0384066,0.0103586,0.0979151
27,2.62341,0.0384066,0.0103586,0.0979151
28,2.62341,0.0384066,0.0103586,0.0979151
29,2.62064,0.0386552,0.010815,0.101117
30,2.59707,0.0365568,0.0102045,0.105752
31,2.59707,0.0365568,0.0102045,0.105752
32,2.59707,0.0365568,0.0102045,0.105752
33,2.59707,0.0365568,0.0102045,0.105752
34,2.59707,0.0365568,0.0102045,0.105752
35,2.59707,0.0365568,0.0102045,0.105752
36,2.61113,0.0376616,0.0103731,0.104619
37,2.61113,0.0376616,0.0103731,0.104619
38,2.61429,0.0399539,0.0110958,0.117117
39,2.63456,0.0433368,0.0119336,0.11483
40,2.65891,0.0461813,0.0127716,0.113979
41,2.65392,0.0470647,0.0128326,0.121095
42,2.65392,0.0470647,0.0128326,0.121095
43,2.65392,0.0470647,0.0128326,0.121095
44,2.65392,0.0470647,0.0128326,0.121095
45,2.69529,0.0527486,0.0140606,0.124858
46,2.71159,0.0554315,0.0147791,0.128693
47,2.73389,0.0557813,0.0152275,0.116116
48,2.73389,0.0557813,0.0152275,0.116116
49,2.73389,0.0557813,0.0152275,0.116116
50,2.73389,0.0557813,0.0152275,0.116116
51,2.73487,0.0555878,0.0149772,0.109646
52,2.73487,0.0555878,0.0149772,0.109646
53,2.73487,0.0555878,0.0149772,0.109646
54,2.73471,0.056806,0.0157453,0.115054
55,2.73471,0.056806,0.0157453,0.115054
56,2.7799,0.0654843,0.0176505,0.12131
57,2.78281,0.0652106,0.0173725,0.11284
58,2.78281,0.0652106,0.0173725,0.11284
59,2.78281,0.0652106,0.0173725,0.11284
60,2.78281,0.0652106,0.0173725,0.11284
61,2.78281,0.0652106,0.0173725,0.11284
62,2.78281,0.0652106,0.0173725,0.11284
63,2.78281,0.0652106,0.0173725,0.11284
64,2.78281,0.0652106,0.0173725,0.11284
65,2.78281,0.0652106,0.0173725,0.11284
66,2.78281,0.0652106,0.0173725,0.11284
67,2.78281,0.0652106,0.0173725,0.11284
68,2.78281,0.0652106,0.0173725,0.11284
69,2.7925,0.0662138,0.0171594,0.11287
70,2.81573,0.0700583,0.0187082,0.112815
71,2.81573,0.0700583,0.0187082,0.112815
72,2.82393,0.072155,0.0191047,0.113543
73,2.82393,0.072155,0.0191047,0.113543
74,2.83747,0.0767375,0.020437,0.115132
75,2.83747,0.0767375,0.020437,0.115132
76,2.83747,0.0767375,0.020437,0.115132
77,2.8786,0.0885799,0.0227855,0.121862
78,2.90796,0.0979675,0.0257882,0.133462
79,2.94577,0.109201,0.0285825,0.132756
80,2.91387,0.100663,0.0254164,0.133718
81,2.91387,0.100663,0.0254164,0.133718
82,2.94742,0.112594,0.0282278,0.140632
83,2.94742,0.112594,0.0282278,0.140632
84,2.92745,0.10882,0.0283633,0.14288
85,2.92745,0.10882,0.0283633,0.14288
86,2.92269,0.103754,0.0265218,0.140661
87,2.92269,0.103754,0.0265218,0.140661
88,2.95816,0.116689,0.0298431,0.143651
89,2.95816,0.116689,0.0298431,0.143651
90,2.95816,0.116689,0.0298431,0.143651
91,2.9716,0.123817,0.031801,0.147843
92,2.95748,0.120007,0.0309352,0.15105
93,2.95748,0.120007,0.0309352,0.15105
94,2.98486,0.12741,0.0325698,0.146526
95,2.98446,0.127692,0.0326581,0.142091
96,2.96961,0.121919,0.0304894,0.132706
97,2.96961,0.121919,0.0304894,0.132706
98,3.05158,0.151369,0.0379752,0.136856
99,3.04926,0.151735,0.0380679,0.136218
100,3.08747,0.159908,0.0402545,0.134777
101,3.08747,0.159908,0.0402545,0.134777
102,3.08187,0.163183,0.0410929,0.13608
103,3.07351,0.157133,0.0386871,0.134009
104,3.07269,0.14663,0.0371449,0.12114
105,3.10231,0.166062,0.0419606,0.125821
106,3.0696,0.1495,0.0373797,0.124049
107,3.0696,0.1495,0.0373797,0.124049
108,3.0696,0.1495,0.0373797,0.124049
109,3.0696,0.1495,0.0373797,0.124049
110,3.09505,0.160056,0.0387011,0.124427
111,3.09505,0.160056,0.0387011,0.124427
112,3.10504,0.163151,0.0406987,0.115981
113,3.13588,0.172412,0.0430595,0.120751
114,3.13588,0.172412,0.0430595,0.120751
115,3.16275,0.183044,0.0448713,0.113878
116,3.18799,0.198209,0.0488573,0.116327
117,3.19849,0.192189,0.047336,0.106442
118,3.19849,0.192189,0.047336,0.106442
119,3.19849,0.192189,0.047336,0.106442
120,3.16927,0.175851,0.0434756,0.103897
121,3.21251,0.19286,0.0475212,0.101455
122,3.21251,0.19286,0.0475212,0.101455
123,3.21251,0.19286,0.0475212,0.101455
124,3.22905,0.199041,0.0496239,0.0995094
125,3.22905,0.199041,0.0496239,0.0995094
126,3.22516,0.20802,0.05063,0.109322
127,3.20805,0.20488,0.0514005,0.114554
128,3.20805,0.20488,0.0514005,0.114554
129,3.20805,0.20488,0.0514005,0.114554
130,3.19416,0.1956,0.0478366,0.113059
131,3.19416,0.1956,0.0478366,0.113059
132,3.19955,0.196155,0.0485982,0.11082
133,3.22968,0.214957,0.0522455,0.112575
134,3.23086,0.21742,0.0533848,0.11314
135,3.23119,0.215967,0.053733,0.117636
136,3.23119,0.215967,0.053733,0.117636
137,3.23066,0.215405,0.0521696,0.116797
138,3.23066,0.215405,0.0521696,0.116797
139,3.27685,0.238849,0.0587516,0.117678
140,3.28876,0.245637,0.0597543,0.112918
141,3.28876,0.245637,0.0597543,0.112918
142,3.28588,0.242736,0.0582884,0.113947
143,3.29904,0.247924,0.0601071,0.111021
144,3.27121,0.232334,0.0558516,0.112592
145,3.25743,0.220018,0.053953,0.107215
146,3.25743,0.220018,0.053953,0.107215
147,3.25743,0.220018,0.053953,0.107215
148,3.26749,0.215845,0.0533468,0.098695
149,3.25702,0.221055,0.0551107,0.102463
150,3.3086,0.25373,0.0627288,0.105805
151,3.29972,0.240839,0.0594553,0.102699
152,3.29972,0.240839,0.0594553,0.102699
153,3.32046,0.265368,0.0652689,0.110848
154,3.28799,0.247967,0.0610548,0.110147
155,3.28799,0.247967,0.0610548,0.110147
156,3.29296,0.239948,0.0596907,0.105928
157,3.31434,0.26869,0.065016,0.115259
158,3.31434,0.26869,0.065016,0.115259
159,3.31138,0.2572,0.0628143,0.109074
160,3.31138,0.2572,0.0628143,0.109074
161,3.31138,0.2572,0.0628143,0.109074
162,3.32304,0.255004,0.0623891,0.0988751
163,3.32304,0.255004,0.0623891,0.0988751
164,3.33829,0.258958,0.0620065,0.0947353
165,3.35303,0.268134,0.0668876,0.0989895
166,3.35303,0.268134,0.0668876,0.0989895
167,3.37434,0.286898,0.0690007,0.0982908
168,3.36478,0.287097,0.0684035,0.106435
169,3.36478,0.287097,0.0684035,0.106435
170,3.34763,0.284024,0.0685766,0.110866
171,3.34763,0.284024,0.0685766,0.110866
172,3.35122,0.273069,0.0661793,0.107244
173,3.35122,0.273069,0.0661793,0.107244
174,3.35587,0.275416,0.0676797,0.105053
175,3.38163,0.2978,0.0708576,0.107599
176,3.41766,0.318287,0.0775037,0.105227
177,3.41766,0.318287,0.0775037,0.105227
178,3.35463,0.269384,0.0644444,0.0966671
179,3.35463,0.269384,0.0644444,0.0966671
180,3.41061,0.299682,0.0722632,0.090654
181,3.44797,0.339865,0.0805266,0.10316
182,3.41647,0.308756,0.0739272,0.0952074
183,3.41081,0.307314,0.075384,0.0966436
184,3.39101,0.293068,0.071604,0.0982468
185,3.39101,0.293068,0.071604,0.0982468
186,3.45099,0.343764,0.0820505,0.103451
187,3.4405,0.343079,0.0803698,0.106483
188,3.44832,0.350784,0.0825218,0.110634
189,3.43139,0.328757,0.0766177,0.102461
190,3.43157,0.33225,0.0791639,0.106018
191,3.45543,0.347507,0.0799987,0.107473
192,3.45268,0.344787,0.081704,0.104133
193,3.46281,0.354231,0.0834697,0.106683
194,3.49467,0.375034,0.0900047,0.102028
195,3.49467,0.375034,0.0900047,0.102028
196,3.50019,0.379957,0.0917464,0.103856
197,3.49553,0.382412,0.0925884,0.108831
198,3.49553,0.382412,0.0925884,0.108831
199,3.49553,0.382412,0.0925884,0.108831
200,3.52568,0.421852,0.0992015,0.113816
201,3.5315,0.420352,0.097605,0.115142
202,3.5315,0.420352,0.097605,0.115142
203,3.51424,0.406124,0.0966253,0.115144
204,3.51501,0.398103,0.094815,0.109073
205,3.51501,0.398103,0.094815,0.109073
206,3.48051,0.386569,0.0918188,0.11477
207,3.48051,0.386569,0.0918188,0.11477
208,3.47316,0.374273,0.0877313,0.110848
209,3.50675,0.418119,0.0973495,0.116915
210,3.50675,0.418119,0.0973495,0.116915
211,3.49961,0.400593,0.0939341,0.112593
212,3.51055,0.410671,0.0959462,0.110748
213,3.51055,0.410671,0.0959462,0.110748
214,3.48977,0.391655,0.0914619,0.110175
215,3.45992,0.359343,0.084367,0.109065
216,3.4588,0.357544,0.085893,0.110356
217,3.46397,0.37277,0.0886425,0.119582
218,3.45697,0.367994,0.0860713,0.119806
219,3.45697,0.367994,0.0860713,0.119806
220,3.45218,0.357747,0.0848005,0.11323
221,3.44974,0.344826,0.0837745,0.107348
222,3.44974,0.344826,0.0837745,0.107348
223,3.42046,0.323571,0.0769874,0.108694
224,3.41342,0.313125,0.0749023,0.10352
225,3.42849,0.318184,0.0762515,0.0992933
226,3.40369,0.298966,0.0730126,0.0949153
227,3.43059,0.32053,0.0785052,0.0976445
228,3.40264,0.304468,0.0732452,0.0995206
229,3.40264,0.304468,0.0732452,0.0995206
230,3.42794,0.325936,0.0767316,0.0978256
231,3.42823,0.321515,0.0774604,0.0934337
232,3.44983,0.333863,0.0791865,0.0947368
233,3.44983,0.333863,0.0791865,0.0947368
234,3.47138,0.360759,0.0860544,0.0977504
235,3.4854,0.373004,0.0901731,0.098758
236,3.47378,0.363733,0.086263,0.0965074
237,3.47038,0.365523,0.0875976,0.0992022
238,3.45763,0.345916,0.0821984,0.0948099
239,3.45763,0.345916,0.0821984,0.0948099
240,3.45763,0.345916,0.0821984,0.0948099
241,3.52207,0.38907,0.0928603,0.09182
242,3.50367,0.360844,0.0849941,0.0857278
243,3.51735,0.379156,0.0905468,0.0899848
244,3.54312,0.416981,0.097985,0.09917
245,3.54122,0.416399,0.0996219,0.0972767
246,3.54122,0.416399,0.0996219,0.0972767
247,3.52239,0.399231,0.0932625,0.099536
248,3.5261,0.396076,0.0946649,0.0964128
249,3.5261,0.396076,0.0946649,0.0964128
250,3.49493,0.373982,0.0883137,0.0998758
251,3.52792,0.403691,0.0953186,0.103716
252,3.50759,0.398337,0.0943974,0.109575
253,3.51793,0.414941,0.100425,0.111716
254,3.59519,0.461051,0.106656,0.0986207
255,3.57111,0.437743,0.103602,0.0969561
256,3.56779,0.436518,0.102226,0.0979228
257,3.57837,0.454928,0.106983,0.102107
258,3.59189,0.47172,0.112201,0.10372
259,3.5705,0.482591,0.112857,0.121273
260,3.53017,0.425331,0.0990104,0.115237
261,3.56492,0.454499,0.104508,0.111223
262,3.56492,0.454499,0.104508,0.111223
263,3.56492,0.454499,0.104508,0.111223
264,3.56492,0.454499,0.104508,0.111223
265,3.54614,0.426351,0.101443,0.105117
266,3.58671,0.474016,0.112803,0.108751
267,3.58671,0.474016,0.112803,0.108751
268,3.52627,0.409338,0.0984721,0.104076
269,3.53494,0.416874,0.100601,0.101784
270,3.53494,0.416874,0.100601,0.101784
271,3.57686,0.455389,0.105046,0.0973658
272,3.57686,0.455389,0.105046,0.0973658
273,3.55255,0.446725,0.103573,0.107913
274,3.57329,0.473141,0.107337,0.1138
275,3.58634,0.500559,0.116507,0.112668
276,3.59484,0.505952,0.116152,0.113537
277,3.62111,0.51391,0.119078,0.103875
278,3.62111,0.51391,0.119078,0.103875
279,3.63662,0.527739,0.121769,0.103181
280,3.61237,0.492011,0.114693,0.0986173
281,3.61552,0.511827,0.12115,0.102026
282,3.61357,0.498401,0.118877,0.0959476
283,3.58739,0.453412,0.107681,0.0924324
284,3.57809,0.459423,0.106092,0.0936539
285,3.59799,0.517677,0.120674,0.111991
286,3.57941,0.463369,0.111336,0.0979441
287,3.58897,0.462001,0.106784,0.0956286
288,3.59474,0.479024,0.112436,0.0959986
289,3.55297,0.451971,0.102853,0.101145
290,3.58686,0.470039,0.111054,0.0994162
291,3.6014,0.489075,0.115547,0.100501
292,3.62417,0.534541,0.12488,0.100684
293,3.62417,0.534541,0.12488,0.100684
294,3.63067,0.526501,0.123305,0.0970587
295,3.6133,0.52972,0.125592,0.102053
296,3.60531,0.550935,0.122862,0.108453
297,3.60531,0.550935,0.122862,0.108453
298,3.58497,0.503983,0.116303,0.10656
299,3.60219,0.526393,0.118124,0.103246
300,3.60219,0.526393,0.118124,0.103246
301,3.59223,0.515111,0.117792,0.106914
302,3.5776,0.504722,0.115692,0.112524
303,3.55488,0.443537,0.104423,0.104353
304,3.56013,0.453675,0.107411,0.113394
305,3.5722,0.468466,0.109743,0.10789
306,3.5722,0.468466,0.109743,0.10789
307,3.56873,0.436898,0.101995,0.100584
308,3.56873,0.436898,0.101995,0.100584
309,3.56873,0.436898,0.101995,0.100584
310,3.56933,0.429981,0.104572,0.0917524
311,3.56933,0.429981,0.104572,0.0917524
312,3.57346,0.429942,0.101214,0.0893812
313,3.57346,0.429942,0.101214,0.0893812
314,3.57759,0.430799,0.101877,0.0889008
315,3.56755,0.406009,0.0978395,0.0810659
316,3.56755,0.406009,0.0978395,0.0810659
317,3.58642,0.439679,0.106271,0.0886272
318,3.62474,0.472109,0.10947,0.0869343
319,3.62346,0.491868,0.115455,0.0892604
320,3.56885,0.418662,0.0995833,0.0838901
321,3.56885,0.418662,0.0995833,0.0838901
322,3.56885,0.418662,0.0995833,0.0838901
323,3.56885,0.418662,0.0995833,0.0838901
324,3.58051,0.425852,0.102673,0.0783289
325,3.58051,0.425852,0.102673,0.0783289
326,3.59292,0.420693,0.100725,0.0772431
327,3.57779,0.429539,0.101911,0.088577
328,3.58821,0.435531,0.104988,0.0871619
329,3.57438,0.421754,0.101133,0.0876674
330,3.57438,0.421754,0.101133,0.0876674
331,3.54761,0.399602,0.0952439,0.0854067
332,3.5231,0.358393,0.0872039,0.075718
333,3.5231,0.358393,0.0872039,0.075718
334,3.53509,0.377691,0.0922503,0.0793551
335,3.53509,0.377691,0.0922503,0.0793551
336,3.53509,0.377691,0.0922503,0.0793551
337,3.53509,0.377691,0.0922503,0.0793551
338,3.51786,0.36743,0.0869738,0.0805654
339,3.50661,0.345169,0.0830658,0.0727905
340,3.51124,0.34506,0.0829375,0.0717435
341,3.52355,0.352435,0.0853047,0.067068
342,3.52355,0.352435,0.0853047,0.067068
343,3.47564,0.324704,0.0779753,0.0733602
344,3.47564,0.324704,0.0779753,0.0733602
345,3.46767,0.332288,0.0796971,0.0807476
346,3.42994,0.306187,0.0745579,0.0823848
347,3.42994,0.306187,0.0745579,0.0823848
348,3.42994,0.306187,0.0745579,0.0823848
349,3.4561,0.313269,0.0761462,0.0798396
350,3.43746,0.305123,0.0747171,0.0839821
351,3.45902,0.326743,0.0800843,0.0885104
352,3.44985,0.319155,0.0787907,0.0852001
353,3.49303,0.356497,0.0851677,0.0909562
354,3.46968,0.336249,0.0792898,0.0908808
355,3.44747,0.322595,0.0777146,0.0947311
356,3.43912,0.324558,0.07728,0.0940155
357,3.43912,0.324558,0.07728,0.0940155
358,3.43912,0.324558,0.07728,0.0940155
359,3.43688,0.32572,0.077856,0.0995826
360,3.45593,0.353761,0.083995,0.106267
361,3.45593,0.353761,0.083995,0.106267
362,3.48308,0.376797,0.0905187,0.105917
363,3.46529,0.351888,0.0847348,0.100215
364,3.47101,0.36514,0.0876031,0.102852
365,3.43704,0.332403,0.079535,0.0999971
366,3.46114,0.33248,0.0794354,0.0863342
367,3.46114,0.33248,0.0794354,0.0863342
368,3.47211,0.337761,0.08054,0.0854158
369,3.46504,0.331877,0.080403,0.0884733
370,3.46457,0.344592,0.0815768,0.0962106
371,3.47235,0.354319,0.0826452,0.0970292
372,3.47235,0.354319,0.0826452,0.0970292
373,3.47235,0.354319,0.0826452,0.0970292
374,3.46538,0.346355,0.0813492,0.0994627
375,3.46538,0.346355,0.0813492,0.0994627
376,3.46572,0.348411,0.0833691,0.0996459
377,3.49821,0.368291,0.0880362,0.0963695
378,3.49821,0.368291,0.0880362,0.0963695
379,3.49096,0.372572,0.0876624,0.103555
380,3.49877,0.38805,0.0919856,0.110504
381,3.47719,0.386919,0.0921389,0.119497
382,3.50797,0.414455,0.0987443,0.123775
383,3.48424,0.397118,0.0926449,0.119304
384,3.48394,0.395588,0.0925076,0.115427
385,3.52266,0.431771,0.103504,0.112578
386,3.52266,0.431771,0.103504,0.112578
387,3.54655,0.432288,0.100469,0.102285
388,3.55934,0.467439,0.109494,0.116695
389,3.55934,0.467439,0.109494,0.116695
390,3.53983,0.425781,0.100298,0.105798
391,3.52995,0.398036,0.0936152,0.094616
392,3.52995,0.398036,0.0936152,0.094616
393,3.52995,0.398036,0.0936152,0.094616
394,3.51961,0.372601,0.0882629,0.0866837
395,3.50747,0.375185,0.0905905,0.0945825
396,3.50747,0.375185,0.0905905,0.0945825
397,3.50735,0.369539,0.0863036,0.0921194
398,3.50735,0.369539,0.0863036,0.0921194
399,3.52784,0.38324,0.0898034,0.0897965
400,3.52784,0.38324,0.0898034,0.0897965
401,3.52784,0.38324,0.0898034,0.0897965
402,3.53813,0.402856,0.0959654,0.0948538
403,3.53318,0.422111,0.0984442,0.10535
404,3.55697,0.430377,0.100463,0.0990695
405,3.51731,0.398497,0.0944541,0.0978426
406,3.53742,0.408,0.0982019,0.0949116
407,3.53742,0.408,0.0982019,0.0949116
408,3.60224,0.471745,0.108743,0.0983931
409,3.60138,0.473969,0.109607,0.0967282
410,3.59205,0.454418,0.10215,0.0902944
411,3.61452,0.485424,0.107964,0.0908104
412,3.60435,0.491291,0.114582,0.0925911
413,3.60435,0.491291,0.114582,0.0925911
414,3.63573,0.512434,0.117556,0.0965398
415,3.62886,0.527696,0.119023,0.104444
416,3.64218,0.532696,0.124158,0.10432
417,3.64717,0.523019,0.119076,0.0977376
418,3.66097,0.543816,0.124222,0.102989
419,3.66642,0.564438,0.129395,0.106966
420,3.66642,0.564438,0.129395,0.106966
421,3.64468,0.536881,0.126047,0.0995849
422,3.64468,0.536881,0.126047,0.0995849
423,3.68747,0.575882,0.134579,0.102956
424,3.63095,0.523141,0.121448,0.103984
425,3.63095,0.523141,0.121448,0.103984
426,3.64915,0.533699,0.123875,0.102191
427,3.6383,0.529785,0.121707,0.101029
428,3.6383,0.529785,0.121707,0.101029
429,3.71521,0.657785,0.150374,0.108934
430,3.71521,0.657785,0.150374,0.108934
431,3.68885,0.587763,0.135653,0.0998128
432,3.731,0.654808,0.154397,0.103753
433,3.731,0.654808,0.154397,0.103753
434,3.72342,0.676582,0.153361,0.109379
435,3.73353,0.702477,0.157772,0.111762
436,3.74531,0.714941,0.158805,0.116333
437,3.75053,0.713316,0.163171,0.119045
438,3.75053,0.713316,0.163171,0.119045
439,3.75053,0.713316,0.163171,0.119045
440,3.76762,0.741049,0.170912,0.118694
441,3.76762,0.741049,0.170912,0.118694
442,3.72776,0.669151,0.153753,0.114498
443,3.71262,0.638962,0.144768,0.11434
444,3.7597,0.713922,0.160536,0.115759
445,3.76347,0.703765,0.162142,0.113704
446,3.70362,0.610232,0.136723,0.110234
447,3.70362,0.610232,0.136723,0.110234
448,3.70362,0.610232,0.136723,0.110234
449,3.70868,0.619541,0.139875,0.111966
450,3.70868,0.619541,0.139875,0.111966
451,3.66903,0.587765,0.136581,0.116676
452,3.69913,0.631177,0.145231,0.11918
453,3.6969,0.626413,0.146659,0.119052
454,3.72961,0.653139,0.146021,0.109472
455,3.72274,0.639844,0.150293,0.109807
456,3.6971,0.613308,0.141836,0.113321
457,3.71532,0.664026,0.150961,0.121656
458,3.6768,0.591385,0.137784,0.117038
459,3.67517,0.580765,0.134783,0.11118
460,3.67517,0.580765,0.134783,0.11118
461,3.66862,0.577476,0.133107,0.114099
462,3.66188,0.551288,0.128253,0.103369
463,3.68575,0.588234,0.138402,0.10877
464,3.68106,0.582273,0.135707,0.107817
465,3.67104,0.574392,0.132835,0.107501
466,3.63355,0.523119,0.122122,0.106352
467,3.63355,0.523119,0.122122,0.106352
468,3.602,0.490016,0.117077,0.108279
469,3.602,0.490016,0.117077,0.108279
470,3.62077,0.511309,0.117143,0.110039
471,3.6359,0.527821,0.12207,0.104052
472,3.6394,0.540759,0.127213,0.107323
473,3.6394,0.540759,0.127213,0.107323
474,3.61015,0.488278,0.116575,0.100085
475,3.61841,0.501094,0.114642,0.0971635
476,3.61841,0.501094,0.114642,0.0971635
477,3.61841,0.501094,0.114642,0.0971635
478,3.65815,0.546528,0.125473,0.105728
479,3.63492,0.550567,0.12522,0.114145
480,3.65479,0.574482,0.132155,0.111197
481,3.63155,0.540968,0.128326,0.109175
482,3.63803,0.526857,0.12257,0.107269
483,3.6609,0.553972,0.126274,0.0985635
484,3.63001,0.516346,0.119129,0.0983808
485,3.62028,0.496983,0.116191,0.0937031
486,3.62028,0.496983,0.116191,0.0937031
487,3.61551,0.484886,0.11517,0.0893804
488,3.60505,0.479774,0.113775,0.0929674
489,3.57431,0.441236,0.10388,0.0941285
490,3.57907,0.45028,0.104199,0.0960143
491,3.58516,0.456218,0.108948,0.0978349
492,3.52916,0.404983,0.0959659,0.101058
493,3.52916,0.404983,0.0959659,0.101058
494,3.55911,0.432073,0.10342,0.0979479
495,3.53656,0.411288,0.0967863,0.10241
496,3.53802,0.41679,0.098464,0.103098
497,3.57983,0.457295,0.108181,0.103845
498,3.5596,0.433629,0.101867,0.103082
499,3.55033,0.421287,0.0988868,0.0950632
500,3.56316,0.426628,0.100418,0.0965888
501,3.56316,0.426628,0.100418,0.0965888
502,3.57975,0.447849,0.104899,0.097705
503,3.566,0.424431,0.0999548,0.0907576
504,3.58205,0.447996,0.106442,0.0950808
505,3.58205,0.447996,0.106442,0.0950808
506,3.59657,0.457622,0.106456,0.0942376
507,3.56888,0.434569,0.0993341,0.0969377
508,3.54206,0.423304,0.100654,0.0986496
509,3.5538,0.439342,0.101694,0.101534
510,3.54672,0.425705,0.101796,0.104185
511,3.5088,0.390005,0.0916189,0.100285
512,3.5088,0.390005,0.0916189,0.100285
513,3.5332,0.421655,0.0977321,0.103926
514,3.5191,0.394759,0.0926137,0.099948
515,3.55197,0.41786,0.099931,0.0994961
516,3.56296,0.428593,0.103264,0.0990893
517,3.55897,0.427084,0.102219,0.0993805
518,3.53943,0.418211,0.0995848,0.105403
519,3.56777,0.44118,0.104786,0.104734
520,3.56777,0.44118,0.104786,0.104734
521,3.56777,0.44118,0.104786,0.104734
522,3.53007,0.415173,0.0982154,0.107486
523,3.53007,0.415173,0.0982154,0.107486
524,3.54675,0.426838,0.100569,0.10385
525,3.54675,0.426838,0.100569,0.10385
526,3.54554,0.42155,0.0994077,0.100045
527,3.57059,0.444305,0.10323,0.101384
528,3.52595,0.404921,0.0949634,0.104124
529,3.53891,0.435412,0.104017,0.109724
530,3.55897,0.4517,0.107886,0.110297
531,3.58208,0.471725,0.111414,0.108063
532,3.60203,0.502255,0.117608,0.110323
533,3.58939,0.485688,0.111215,0.101007
534,3.58939,0.485688,0.111215,0.101007
535,3.58939,0.485688,0.111215,0.101007
536,3.61424,0.5035,0.117421,0.103663
537,3.61992,0.508449,0.121714,0.0992591
538,3.65015,0.5329,0.125771,0.0934617
539,3.64468,0.527596,0.124595,0.0973931
540,3.60854,0.486186,0.113506,0.0963663
541,3.57217,0.447151,0.105636,0.0974179
542,3.56431,0.425143,0.102371,0.0942403
543,3.56431,0.425143,0.102371,0.0942403
544,3.57852,0.444971,0.10332,0.0972707
545,3.57342,0.4373,0.10158,0.092232
546,3.55709,0.432832,0.102749,0.0979735
547,3.55709,0.432832,0.102749,0.0979735
548,3.54684,0.412463,0.0971392,0.0948129
549,3.53746,0.393857,0.09213,0.0863452
550,3.59349,0.451813,0.107962,0.0883156
551,3.56818,0.417875,0.0968618,0.0870404
552,3.56818,0.417875,0.0968618,0.0870404
553,3.55001,0.385447,0.0916763,0.082032
554,3.55001,0.385447,0.0916763,0.082032
555,3.56406,0.397575,0.0958365,0.0796251
556,3.56086,0.392533,0.0935431,0.078405
557,3.5888,0.430798,0.100903,0.084857
558,3.5846,0.414957,0.0963899,0.0767917
559,3.61348,0.443101,0.104483,0.0792899
560,3.59958,0.419039,0.100436,0.0743498
561,3.61683,0.451577,0.105606,0.0767982
562,3.6565,0.49328,0.117582,0.0781812
563,3.66087,0.488053,0.118906,0.0780872
564,3.65491,0.488175,0.11548,0.0783861
565,3.6641,0.504346,0.116754,0.0836806
566,3.65821,0.522485,0.120861,0.0928525
567,3.65821,0.522485,0.120861,0.0928525
568,3.64904,0.504806,0.117142,0.093004
569,3.64904,0.504806,0.117142,0.093004
570,3.66771,0.525238,0.123557,0.0912806
571,3.6205,0.472027,0.111846,0.0913794
572,3.6465,0.4899,0.115116,0.0808715
573,3.65127,0.496875,0.116683,0.0788902
574,3.63712,0.467408,0.107847,0.0761949
575,3.62687,0.458024,0.107448,0.0783219
576,3.62687,0.458024,0.107448,0.0783219
577,3.61976,0.452801,0.104255,0.0843169
578,3.66601,0.491763,0.114648,0.0774027
579,3.63893,0.457109,0.107372,0.0735061
580,3.65233,0.476225,0.111473,0.0750237
581,3.65233,0.476225,0.111473,0.0750237
582,3.65233,0.476225,0.111473,0.0750237
583,3.64658,0.473799,0.112075,0.0742181
584,3.64658,0.473799,0.112075,0.0742181
585,3.67369,0.51762,0.118341,0.0747343
586,3.68801,0.537641,0.125007,0.0818204
587,3.68801,0.537641,0.125007,0.0818204
588,3.66187,0.495318,0.11658,0.0785039
589,3.66123,0.509976,0.119608,0.0835613
590,3.67972,0.533916,0.122535,0.0842556
591,3.69406,0.547411,0.126426,0.0819594
592,3.65399,0.49405,0.115409,0.0822879
593,3.63454,0.479354,0.113265,0.0845724
594,3.63454,0.479354,0.113265,0.0845724
595,3.64222,0.476536,0.112622,0.0837488
596,3.64222,0.476536,0.112622,0.0837488
597,3.65828,0.485037,0.113811,0.0765395
598,3.65828,0.485037,0.113811,0.0765395
599,3.61184,0.438512,0.104503,0.0807143
600,3.61184,0.438512,0.104503,0.0807143
601,3.61184,0.438512,0.104503,0.0807143
602,3.6755,0.51684,0.119385,0.0800842
603,3.64694,0.486754,0.113945,0.0842607
604,3.63863,0.489861,0.113336,0.0873007
605,3.67869,0.519288,0.121664,0.082135
606,3.64805,0.493772,0.11748,0.0868887
607,3.65533,0.509768,0.120993,0.0902422
608,3.65533,0.509768,0.120993,0.0902422
609,3.65533,0.509768,0.120993,0.0902422
610,3.67257,0.540524,0.127077,0.0953618
611,3.67257,0.540524,0.127077,0.0953618
612,3.64611,0.514685,0.118136,0.0898667
613,3.64611,0.514685,0.118136,0.0898667
614,3.6557,0.511845,0.118488,0.0916121
615,3.62735,0.495638,0.115592,0.0926209
616,3.62032,0.495745,0.117083,0.0968995
617,3.60025,0.457009,0.107875,0.0919699
618,3.57339,0.421357,0.100571,0.0863244
619,3.55874,0.42109,0.098427,0.0936158
620,3.57465,0.435238,0.104234,0.0900545
621,3.57465,0.435238,0.104234,0.0900545
622,3.57465,0.435238,0.104234,0.0900545
623,3.53573,0.402747,0.0945017,0.0949633
624,3.56109,0.43753,0.104648,0.103276
625,3.49589,0.384369,0.0908748,0.104894
626,3.49589,0.384369,0.0908748,0.104894
627,3.54802,0.434437,0.103036,0.104154
628,3.56862,0.457808,0.109225,0.111979
629,3.59159,0.477952,0.109889,0.112064
630,3.5674,0.459895,0.105078,0.109042
631,3.55776,0.442633,0.104164,0.105395
632,3.58599,0.462977,0.109694,0.104587
633,3.58499,0.467831,0.111929,0.10448
634,3.6545,0.557845,0.132336,0.111018
635,3.65519,0.548973,0.128867,0.105797
636,3.68833,0.594552,0.139602,0.104453
637,3.67803,0.584695,0.134167,0.101496
638,3.63651,0.51608,0.119705,0.0953959
639,3.63651,0.51608,0.119705,0.0953959
640,3.61556,0.47595,0.109051,0.0847987
641,3.61556,0.47595,0.109051,0.0847987
642,3.61556,0.47595,0.109051,0.0847987
643,3.62297,0.487807,0.115643,0.0883922
644,3.60805,0.483248,0.114043,0.0925446
645,3.61598,0.505724,0.117276,0.102673
646,3.63232,0.52617,0.124018,0.104589
647,3.65785,0.555962,0.128874,0.103456
648,3.66178,0.557723,0.12686,0.102702
649,3.70295,0.609955,0.14075,0.107249
650,3.66254,0.575684,0.133478,0.11038
651,3.74719,0.713367,0.159987,0.109246
652,3.72785,0.643011,0.14826,0.104363
653,3.74824,0.649636,0.148719,0.0967907
654,3.77318,0.704126,0.158141,0.102872
655,3.7542,0.671671,0.153255,0.105683
656,3.74749,0.663595,0.152398,0.103016
657,3.70353,0.581023,0.131509,0.0921255
658,3.70588,0.562652,0.130251,0.0858054
659,3.70588,0.562652,0.130251,0.0858054
660,3.70046,0.564695,0.129992,0.0898231
661,3.70046,0.564695,0.129992,0.0898231
662,3.70046,0.564695,0.129992,0.0898231
663,3.71197,0.575989,0.133496,0.088695
664,3.71485,0.575746,0.131,0.0873781
665,3.75355,0.616793,0.141927,0.0865064
666,3.75355,0.616793,0.141927,0.0865064
667,3.75363,0.631578,0.145924,0.091858
668,3.72512,0.596653,0.137326,0.0932029
669,3.72512,0.596653,0.137326,0.0932029
670,3.734,0.626945,0.143053,0.0969994
671,3.734,0.626945,0.143053,0.0969994
672,3.734,0.626945,0.143053,0.0969994
673,3.734,0.626945,0.143053,0.0969994
674,3.78059,0.677841,0.153701,0.0913646
675,3.78479,0.679643,0.153253,0.0894841
676,3.80982,0.742465,0.167059,0.0957365
677,3.80991,0.735803,0.167094,0.0975004
678,3.84994,0.801025,0.177941,0.0983198
679,3.87008,0.842237,0.190826,0.0994384
680,3.82499,0.713346,0.167096,0.0820467
681,3.85799,0.78148,0.179955,0.090216
682,3.82505,0.730977,0.166713,0.0889027
683,3.83368,0.737717,0.170886,0.0865648
684,3.85388,0.783552,0.184951,0.0926625
685,3.85388,0.783552,0.184951,0.0926625
686,3.82143,0.73893,0.171948,0.0937474
687,3.84441,0.801847,0.182253,0.101847
688,3.80592,0.701151,0.158247,0.0903406
689,3.84457,0.759148,0.169703,0.088736
690,3.81512,0.72469,0.167924,0.0939643
691,3.81512,0.72469,0.167924,0.0939643
692,3.8026,0.722515,0.165854,0.0921853
693,3.75953,0.671632,0.151102,0.0970026
694,3.77999,0.699116,0.155314,0.0946364
695,3.75736,0.634736,0.14323,0.0855541
696,3.7721,0.654609,0.145923,0.0911584
697,3.76646,0.663252,0.15152,0.0952218
698,3.77607,0.663495,0.154115,0.0889162
699,3.79582,0.725561,0.167816,0.0980346
700,3.79331,0.725083,0.166293,0.100065
701,3.7651,0.705176,0.163288,0.101567
702,3.77975,0.74292,0.164646,0.109042
703,3.77591,0.708347,0.158223,0.0983668
704,3.77591,0.708347,0.158223,0.0983668
705,3.72712,0.638904,0.146504,0.101427
706,3.76553,0.667391,0.151317,0.0958628
707,3.76553,0.667391,0.151317,0.0958628
708,3.7729,0.667682,0.151536,0.0972246
709,3.78125,0.685277,0.156792,0.0970673
710,3.76635,0.693148,0.158797,0.104112
711,3.76635,0.693148,0.158797,0.104112
712,3.76635,0.693148,0.158797,0.104112
713,3.75934,0.682379,0.157243,0.102792
714,3.70878,0.604246,0.137111,0.0980432
715,3.68285,0.557148,0.127642,0.090001
716,3.68285,0.557148,0.127642,0.090001
717,3.72736,0.588251,0.138233,0.0852167
718,3.69094,0.566124,0.132384,0.0961225
719,3.62655,0.476087,0.111516,0.0865705
720,3.62655,0.476087,0.111516,0.0865705
721,3.62655,0.476087,0.111516,0.0865705
722,3.64571,0.501821,0.118096,0.0895475
723,3.65679,0.50611,0.115895,0.0861027
724,3.65679,0.50611,0.115895,0.0861027
725,3.63479,0.480417,0.111113,0.0843214
726,3.63983,0.492761,0.113364,0.0938968
727,3.64592,0.506064,0.118533,0.0921262
728,3.64222,0.512112,0.119585,0.0968799
729,3.64222,0.512112,0.119585,0.0968799
730,3.65293,0.513882,0.119557,0.094014
731,3.60304,0.475224,0.111648,0.100032
732,3.58672,0.452575,0.107861,0.093723
733,3.60941,0.48651,0.117165,0.103125
734,3.60941,0.48651,0.117165,0.103125
735,3.60941,0.48651,0.117165,0.103125
736,3.60941,0.48651,0.117165,0.103125
737,3.60941,0.48651,0.117165,0.103125
738,3.64265,0.498524,0.117062,0.0918317
739,3.64265,0.498524,0.117062,0.0918317
740,3.64265,0.498524,0.117062,0.0918317
741,3.62535,0.496233,0.116265,0.0964183
742,3.59879,0.474382,0.111271,0.0960753
743,3.6042,0.472228,0.111724,0.0915073
744,3.6407,0.501717,0.117311,0.0896052
745,3.61582,0.481386,0.115701,0.0949903
746,3.65546,0.509906,0.120092,0.0894004
747,3.64618,0.507182,0.119744,0.091715
748,3.64618,0.507182,0.119744,0.091715
749,3.64701,0.497372,0.115504,0.0884046
750,3.62198,0.464365,0.109948,0.0875552
751,3.65382,0.514423,0.121336,0.0938325
752,3.60521,0.448226,0.106536,0.0853863
753,3.62665,0.467872,0.10996,0.0843077
754,3.62665,0.467872,0.10996,0.0843077
755,3.64301,0.499297,0.115647,0.0884396
756,3.62063,0.48646,0.115897,0.0951473
757,3.61349,0.472912,0.109049,0.0881338
758,3.64633,0.487555,0.114216,0.0841441
759,3.64072,0.481154,0.113694,0.08304
760,3.64072,0.481154,0.113694,0.08304
761,3.63335,0.485441,0.113545,0.0885691
762,3.65939,0.494967,0.117068,0.0794423
763,3.65939,0.494967,0.117068,0.0794423
764,3.65939,0.494967,0.117068,0.0794423
765,3.6671,0.49397,0.114806,0.074929
766,3.63785,0.485827,0.113921,0.0839371
767,3.63785,0.485827,0.113921,0.0839371
768,3.64246,0.482442,0.117616,0.0829356
769,3.64819,0.497203,0.120118,0.087919
770,3.65026,0.527196,0.124303,0.098832
771,3.65026,0.527196,0.124303,0.098832
772,3.63331,0.511706,0.11972,0.100777
773,3.63331,0.511706,0.11972,0.100777
774,3.63774,0.511131,0.119558,0.099149
775,3.67587,0.565984,0.130612,0.100762
776,3.676,0.584442,0.13754,0.108805
777,3.65201,0.536613,0.122792,0.100552
778,3.6776,0.571179,0.12819,0.104493
779,3.66489,0.561732,0.13559,0.104388
780,3.70034,0.611689,0.140588,0.0990313
781,3.65475,0.520934,0.123069,0.0945443
782,3.59937,0.44402,0.103119,0.0838752
783,3.62521,0.458107,0.1094,0.0790076
784,3.62521,0.458107,0.1094,0.0790076
785,3.5912,0.424777,0.0987277,0.0782572
786,3.60864,0.462756,0.107786,0.0902771
787,3.61068,0.453887,0.108391,0.0838446
788,3.61068,0.453887,0.108391,0.0838446
789,3.61068,0.453887,0.108391,0.0838446
790,3.61068,0.453887,0.108391,0.0838446
791,3.58195,0.433767,0.10237,0.0874916
792,3.63886,0.507756,0.12025,0.0932934
793,3.65113,0.521626,0.124491,0.0939266
794,3.69123,0.581378,0.138436,0.099387
795,3.67948,0.562654,0.132328,0.0942653
796,3.67948,0.562654,0.132328,0.0942653
797,3.67948,0.562654,0.132328,0.0942653
798,3.67592,0.582143,0.131047,0.0998335
799,3.67405,0.561461,0.130489,0.102735
800,3.71939,0.624422,0.141425,0.103401
801,3.70123,0.604448,0.136402,0.103615
802,3.75821,0.666219,0.153986,0.101723
803,3.75821,0.666219,0.153986,0.101723
804,3.70627,0.579687,0.13649,0.097329
805,3.74584,0.620866,0.141702,0.0956518
806,3.70682,0.571709,0.132215,0.0936764
807,3.75232,0.644599,0.147041,0.0980077
808,3.75232,0.644599,0.147041,0.0980077
809,3.77646,0.6663,0.15282,0.093012
810,3.75609,0.644824,0.149129,0.0950726
811,3.70336,0.562657,0.12983,0.0887538
812,3.70336,0.562657,0.12983,0.0887538
813,3.70336,0.562657,0.12983,0.0887538
814,3.76004,0.654378,0.146654,0.0947097
815,3.73683,0.621082,0.141321,0.0939133
816,3.73712,0.635175,0.14653,0.101481
817,3.70811,0.591987,0.134563,0.0969204
818,3.75164,0.655632,0.151563,0.0983917
819,3.76353,0.640275,0.148652,0.0875944
820,3.77227,0.645437,0.150582,0.0857678
821,3.75679,0.624847,0.147179,0.0838545
822,3.79513,0.687743,0.157304,0.0868086
823,3.79871,0.698422,0.162151,0.0913649
824,3.77236,0.657688,0.151542,0.0915487
825,3.78986,0.67487,0.153367,0.0854506
826,3.78986,0.67487,0.153367,0.0854506
827,3.76469,0.680962,0.157489,0.100261
828,3.7516,0.649489,0.150228,0.0969927
829,3.7155,0.606311,0.145149,0.0977867
830,3.71851,0.63838,0.148139,0.109985
831,3.71851,0.63838,0.148139,0.109985
832,3.72866,0.685022,0.153125,0.11938
833,3.73202,0.684597,0.154963,0.121149
834,3.71581,0.647612,0.149287,0.114809
835,3.6982,0.63775,0.147628,0.117821
836,3.6982,0.63775,0.147628,0.117821
837,3.74009,0.685614,0.158766,0.114952
838,3.7721,0.720274,0.164525,0.108991
839,3.74281,0.66385,0.152953,0.104423
840,3.74281,0.66385,0.152953,0.104423
841,3.74993,0.67229,0.156985,0.107642
842,3.74552,0.655493,0.148231,0.104837
843,3.6799,0.534915,0.122261,0.0903069
844,3.69633,0.550725,0.13048,0.0885455
845,3.66769,0.524754,0.122288,0.0902376
846,3.69315,0.559904,0.129611,0.0918319
847,3.65384,0.515024,0.119152,0.0887378
848,3.69102,0.559613,0.13017,0.0898886
849,3.66942,0.553875,0.128354,0.0956876
850,3.65331,0.509325,0.1185,0.0878468
851,3.65331,0.509325,0.1185,0.0878468
852,3.6585,0.524196,0.122244,0.0933547
853,3.67398,0.54586,0.127141,0.0954914
854,3.70183,0.576341,0.131911,0.0944517
855,3.66968,0.560775,0.133937,0.0992162
856,3.71661,0.638014,0.144164,0.102561
857,3.71661,0.638014,0.144164,0.102561
858,3.67688,0.581998,0.131121,0.103035
859,3.68573,0.601052,0.136257,0.106348
860,3.68573,0.601052,0.136257,0.106348
861,3.69016,0.591007,0.134901,0.107916
862,3.67085,0.561364,0.130102,0.106236
863,3.67085,0.561364,0.130102,0.106236
864,3.67085,0.561364,0.130102,0.106236
865,3.67085,0.561364,0.130102,0.106236
866,3.67085,0.561364,0.130102,0.106236
867,3.70314,0.609478,0.138699,0.107454
868,3.70815,0.595928,0.142544,0.101793
869,3.69453,0.560114,0.129569,0.0932045
870,3.72674,0.60179,0.136274,0.0910554
871,3.72674,0.60179,0.136274,0.0910554
872,3.6949,0.567526,0.131588,0.0913045
873,3.69118,0.555041,0.126015,0.0894834
874,3.7143,0.595662,0.138715,0.0907855
875,3.7143,0.595662,0.138715,0.0907855
876,3.67399,0.567988,0.134119,0.102355
877,3.67399,0.567988,0.134119,0.102355
878,3.67399,0.567988,0.134119,0.102355
879,3.6438,0.499491,0.116115,0.0918669
880,3.67615,0.541088,0.125205,0.0936232
881,3.67615,0.541088,0.125205,0.0936232
882,3.6593,0.518061,0.122554,0.0928938
883,3.65965,0.517893,0.118945,0.089426
884,3.71096,0.589148,0.140348,0.0970501
885,3.71096,0.589148,0.140348,0.0970501
886,3.69403,0.600774,0.144077,0.108091
887,3.68506,0.596222,0.136712,0.112318
888,3.66831,0.567443,0.1302,0.110739
889,3.66962,0.552115,0.127927,0.100934
890,3.64328,0.522252,0.119258,0.105554
891,3.63928,0.516304,0.122408,0.105715
892,3.63928,0.516304,0.122408,0.105715
893,3.65343,0.549901,0.128591,0.10342
894,3.67429,0.585279,0.134902,0.11175
895,3.69177,0.607212,0.140265,0.115238
896,3.68197,0.56956,0.1314,0.106181
897,3.65047,0.539864,0.123235,0.107026
898,3.67194,0.57753,0.134588,0.10961
899,3.67194,0.57753,0.134588,0.10961
900,3.67194,0.57753,0.134588,0.10961
901,3.69293,0.608791,0.141792,0.114093
902,3.69293,0.608791,0.141792,0.114093
903,3.71314,0.62837,0.14442,0.106247
904,3.66765,0.555394,0.130079,0.101559
905,3.64734,0.525909,0.122077,0.0984193
906,3.64734,0.525909,0.122077,0.0984193
907,3.64931,0.539772,0.125708,0.0977289
908,3.6486,0.521114,0.120724,0.0952499
909,3.6486,0.521114,0.120724,0.0952499
910,3.61427,0.474081,0.108346,0.0924972
911,3.65124,0.500743,0.117308,0.0863922
912,3.6682,0.52554,0.121286,0.0904282
913,3.72617,0.571635,0.13269,0.0830442
914,3.70857,0.55204,0.13081,0.0812607
915,3.67872,0.527129,0.122118,0.0860669
916,3.67872,0.527129,0.122118,0.0860669
917,3.72134,0.583178,0.136452,0.0855823
918,3.72134,0.583178,0.136452,0.0855823
919,3.73131,0.598751,0.140771,0.089687
920,3.75571,0.635502,0.148218,0.0914835
921,3.76002,0.649516,0.152085,0.095126
922,3.74215,0.627336,0.146039,0.0934596
923,3.74215,0.627336,0.146039,0.0934596
924,3.74669,0.611397,0.140665,0.0826896
925,3.76337,0.635948,0.144808,0.0833081
926,3.71192,0.563995,0.131291,0.081803
927,3.71192,0.563995,0.131291,0.081803
928,3.75952,0.645413,0.145783,0.0918353
929,3.68542,0.527495,0.124199,0.0834276
930,3.69898,0.56462,0.130961,0.0922567
931,3.6643,0.533219,0.126781,0.0944069
932,3.6643,0.533219,0.126781,0.0944069
933,3.67512,0.546997,0.127119,0.0967975
934,3.67512,0.546997,0.127119,0.0967975
935,3.68574,0.552787,0.126586,0.0931651
936,3.66653,0.52768,0.124558,0.0916327
937,3.69899,0.566118,0.134256,0.0911517
938,3.67154,0.513938,0.123194,0.0853895
939,3.66584,0.516399,0.120884,0.0902959
940,3.66846,0.538783,0.125325,0.095399
941,3.66846,0.538783,0.125325,0.095399
942,3.67803,0.529835,0.120782,0.0874822
943,3.72407,0.615334,0.142746,0.0950169
944,3.72407,0.615334,0.142746,0.0950169
945,3.73942,0.631244,0.143078,0.0972659
946,3.74364,0.66968,0.155251,0.107362
947,3.71391,0.606326,0.139836,0.0994808
948,3.69488,0.56913,0.135683,0.0955293
949,3.69088,0.57292,0.134011,0.100576
950,3.69088,0.57292,0.134011,0.100576
951,3.73405,0.622318,0.147732,0.0943636
952,3.73279,0.605677,0.140152,0.0924364
953,3.73525,0.604244,0.141094,0.0865126
954,3.73525,0.604244,0.141094,0.0865126
955,3.74468,0.61571,0.143297,0.0904804
956,3.73596,0.604646,0.139683,0.0918175
957,3.74109,0.648727,0.150497,0.101378
958,3.74109,0.648727,0.150497,0.101378
959,3.74109,0.648727,0.150497,0.101378
960,3.72318,0.615512,0.144066,0.0978107
961,3.72318,0.615512,0.144066,0.0978107
962,3.74744,0.633765,0.149356,0.091786
963,3.74744,0.633765,0.149356,0.091786
964,3.76564,0.659372,0.145514,0.0943428
965,3.80026,0.711332,0.159905,0.0939237
966,3.80026,0.711332,0.159905,0.0939237
967,3.80262,0.695273,0.157391,0.0897332
968,3.81716,0.737265,0.168231,0.0940814
969,3.81379,0.700891,0.162674,0.0863211
970,3.81379,0.700891,0.162674,0.0863211
971,3.78854,0.679766,0.156458,0.0917101
972,3.75862,0.630048,0.150489,0.0864647
973,3.76498,0.652519,0.14728,0.092105
974,3.7753,0.642175,0.147503,0.0830368
975,3.7753,0.642175,0.147503,0.0830368
976,3.7753,0.642175,0.147503,0.0830368
977,3.81085,0.700465,0.163002,0.087994
978,3.73497,0.602626,0.138707,0.0888022
979,3.74416,0.608107,0.143569,0.0865958
980,3.76263,0.648202,0.151388,0.0891823
981,3.7639,0.628359,0.142124,0.0821495
982,3.7639,0.628359,0.142124,0.0821495
983,3.72659,0.594034,0.135755,0.0864884
984,3.72659,0.594034,0.135755,0.0864884
985,3.73755,0.610381,0.141092,0.0898419
986,3.71895,0.603246,0.140921,0.0951263
987,3.71895,0.603246,0.140921,0.0951263
988,3.71895,0.603246,0.140921,0.0951263
989,3.75218,0.638151,0.15007,0.0922114
990,3.73617,0.623291,0.145477,0.0922777
991,3.75082,0.640068,0.149828,0.0919173
992,3.74823,0.641558,0.148214,0.0924394
993,3.75158,0.647725,0.148411,0.0932874
994,3.74598,0.612162,0.142254,0.0848237
995,3.74369,0.626916,0.142378,0.0938802
996,3.74611,0.614583,0.141459,0.0891218
997,3.73496,0.611139,0.138549,0.0894105
998,3.70775,0.575541,0.136678,0.0891277
999,3.69043,0.547989,0.126207,0.0824505
1000,3.69043,0.547989,0.126207,0.0824505
1001,3.69043,0.547989,0.126207,0.0824505
1002,3.69043,0.547989,0.126207,0.0824505
1003,3.69043,0.547989,0.126207,0.0824505
1004,3.71889,0.627002,0.142925,0.0953473
1005,3.69509,0.588659,0.137615,0.095358
1006,3.71668,0.595472,0.137451,0.0916939
1007,3.66668,0.538666,0.129558,0.0936624
1008,3.67053,0.555742,0.13009,0.0991042
1009,3.67053,0.555742,0.13009,0.0991042
1010,3.67053,0.555742,0.13009,0.0991042
1011,3.67053,0.555742,0.13009,0.0991042
1012,3.67053,0.555742,0.13009,0.0991042
1013,3.64786,0.523387,0.123258,0.100231
1014,3.67229,0.560375,0.131463,0.10138
1015,3.67229,0.560375,0.131463,0.10138
1016,3.65734,0.538175,0.124278,0.0998938
1017,3.6619,0.546586,0.125246,0.104448
1018,3.6619,0.546586,0.125246,0.104448
1019,3.6619,0.546586,0.125246,0.104448
1020,3.68378,0.574106,0.133981,0.103097
1021,3.68378,0.574106,0.133981,0.103097
1022,3.68378,0.574106,0.133981,0.103097
1023,3.73287,0.632213,0.148521,0.101013
1024,3.67728,0.555055,0.129679,0.0987699
1025,3.70686,0.61624,0.142773,0.109439
1026,3.65264,0.554877,0.128234,0.111046
1027,3.65264,0.554877,0.128234,0.111046
1028,3.65264,0.554877,0.128234,0.111046
1029,3.67297,0.568958,0.134134,0.105425
1030,3.63671,0.525098,0.121828,0.106227
1031,3.63011,0.522846,0.124133,0.109583
1032,3.63011,0.522846,0.124133,0.109583
1033,3.63152,0.535117,0.125936,0.11277
1034,3.64106,0.558676,0.129789,0.111031
1035,3.61152,0.525761,0.120823,0.106347
1036,3.62482,0.520682,0.122718,0.108417
1037,3.62482,0.520682,0.122718,0.108417
1038,3.59102,0.494583,0.117638,0.111097
1039,3.58886,0.486304,0.114558,0.105433
1040,3.58886,0.486304,0.114558,0.105433
1041,3.59978,0.492174,0.115909,0.105906
1042,3.55851,0.444888,0.104308,0.107835
1043,3.55851,0.444888,0.104308,0.107835
1044,3.56247,0.454477,0.107727,0.107271
1045,3.53388,0.42066,0.0991469,0.106763
1046,3.50382,0.390694,0.092525,0.110197
1047,3.50382,0.390694,0.092525,0.110197
1048,3.51852,0.416707,0.0961466,0.116485
1049,3.51852,0.416707,0.0961466,0.116485
1050,3.49391,0.398734,0.0925266,0.118282
1051,3.51775,0.421816,0.0962467,0.117071
1052,3.51775,0.421816,0.0962467,0.117071
1053,3.51775,0.421816,0.0962467,0.117071
1054,3.51775,0.421816,0.0962467,0.117071
1055,3.54424,0.438019,0.104473,0.115275
1056,3.54424,0.438019,0.104473,0.115275
1057,3.53046,0.409832,0.0967539,0.101413
1058,3.522,0.387233,0.0954765,0.0949602
1059,3.51967,0.394607,0.0951827,0.0993069
1060,3.51967,0.394607,0.0951827,0.0993069
1061,3.51967,0.394607,0.0951827,0.0993069
1062,3.53403,0.397359,0.0940734,0.0939754
1063,3.53403,0.397359,0.0940734,0.0939754
1064,3.53403,0.397359,0.0940734,0.0939754
1065,3.52974,0.390082,0.093579,0.0930248
1066,3.52084,0.380559,0.0913733,0.0885557
1067,3.52735,0.387875,0.0929309,0.0946452
1068,3.52275,0.381838,0.0910234,0.0942802
1069,3.54546,0.399345,0.0946172,0.0895367
1070,3.53433,0.389653,0.0929813,0.0900838
1071,3.54967,0.411393,0.0965191,0.0937197
1072,3.55366,0.4139,0.0958829,0.0942598
1073,3.53116,0.394323,0.0944099,0.0922644
1074,3.53116,0.394323,0.0944099,0.0922644
1075,3.53116,0.394323,0.0944099,0.0922644
1076,3.50353,0.371418,0.090946,0.0948557
1077,3.4865,0.361693,0.0869737,0.0911627
1078,3.4865,0.361693,0.0869737,0.0911627
1079,3.4865,0.361693,0.0869737,0.0911627
1080,3.4865,0.361693,0.0869737,0.0911627
1081,3.4865,0.361693,0.0869737,0.0911627
1082,3.50789,0.39069,0.0913702,0.0993787
1083,3.45915,0.353776,0.0841987,0.0935722
1084,3.46677,0.352107,0.0836786,0.0884897
1085,3.45031,0.343878,0.0825474,0.092451
1086,3.42665,0.332051,0.0777352,0.0911768
1087,3.47352,0.354559,0.0852822,0.0893562
1088,3.47352,0.354559,0.0852822,0.0893562
1089,3.48105,0.360472,0.0844466,0.0891847
1090,3.47546,0.366979,0.0876412,0.0977795
1091,3.48346,0.367415,0.0882475,0.0956218
1092,3.5203,0.395693,0.0924783,0.0939368
1093,3.52748,0.387468,0.0927342,0.0880053
1094,3.52748,0.387468,0.0927342,0.0880053
1095,3.53961,0.419835,0.0995377,0.103024
1096,3.54935,0.412315,0.0964164,0.0918772
1097,3.55271,0.4333,0.103007,0.0993527
1098,3.55271,0.4333,0.103007,0.0993527
1099,3.55271,0.4333,0.103007,0.0993527
1100,3.57348,0.444605,0.10451,0.100268
1101,3.56279,0.431555,0.102626,0.0962949
1102,3.55599,0.431028,0.101068,0.100858
1103,3.51571,0.39444,0.0918051,0.10255
1104,3.53781,0.41813,0.0990851,0.105102
1105,3.53781,0.41813,0.0990851,0.105102
1106,3.473,0.362032,0.0848796,0.103313
1107,3.52086,0.388435,0.0909246,0.0961142
1108,3.48337,0.356324,0.0846384,0.0926344
1109,3.46308,0.331145,0.0783915,0.090797
1110,3.46686,0.343464,0.0816523,0.095344
1111,3.4715,0.342758,0.0825819,0.0922969
1112,3.48248,0.357901,0.0884409,0.0933151
1113,3.48204,0.353886,0.0862926,0.095018
1114,3.48204,0.353886,0.0862926,0.095018
1115,3.4629,0.331955,0.0811135,0.0899799
1116,3.46758,0.343088,0.0829628,0.0939929
1117,3.49246,0.371854,0.0889584,0.0971951
1118,3.47403,0.353027,0.0848656,0.0975319
1119,3.48843,0.370165,0.0880852,0.103831
1120,3.48843,0.370165,0.0880852,0.103831
1121,3.48843,0.370165,0.0880852,0.103831
1122,3.52627,0.39974,0.095922,0.0999608
1123,3.50337,0.370607,0.0874008,0.09623
1124,3.50337,0.370607,0.0874008,0.09623
1125,3.50337,0.370607,0.0874008,0.09623
1126,3.5175,0.395033,0.0930111,0.0990834
1127,3.51139,0.393719,0.0959212,0.097029
1128,3.47815,0.364332,0.0876203,0.102686
1129,3.50072,0.389844,0.0928766,0.107464
1130,3.47373,0.365657,0.0867342,0.103506
1131,3.49867,0.408676,0.0953447,0.110391
1132,3.52867,0.427417,0.10227,0.105061
1133,3.52867,0.427417,0.10227,0.105061
1134,3.5344,0.436815,0.103071,0.111068
1135,3.49301,0.404401,0.0947766,0.116583
1136,3.50269,0.405132,0.0939878,0.113956
1137,3.48225,0.389913,0.0911854,0.115907
1138,3.47358,0.362066,0.0854631,0.106073
1139,3.47026,0.362526,0.0836308,0.101459
1140,3.4545,0.351467,0.0841431,0.10878
1141,3.45548,0.345693,0.0841028,0.101665
1142,3.44326,0.326613,0.0771234,0.0968713
1143,3.45075,0.33871,0.0810052,0.100653
1144,3.45075,0.33871,0.0810052,0.100653
1145,3.42156,0.315193,0.0755342,0.099863
1146,3.40993,0.296169,0.0723193,0.0908287
1147,3.39348,0.274238,0.0658359,0.0794134
1148,3.39348,0.274238,0.0658359,0.0794134
1149,3.39277,0.284563,0.0679764,0.0883713
1150,3.4329,0.326487,0.079046,0.101782
1151,3.42652,0.332151,0.0802919,0.101762
1152,3.43997,0.322126,0.0779777,0.0933182
1153,3.43997,0.322126,0.0779777,0.0933182
1154,3.4051,0.293087,0.0721248,0.092309
1155,3.39965,0.28633,0.0699313,0.0890696
1156,3.41026,0.309168,0.0744924,0.0992593
1157,3.46019,0.328838,0.0809748,0.0877505
1158,3.46019,0.328838,0.0809748,0.0877505
1159,3.42823,0.309358,0.0755281,0.0908846
1160,3.43202,0.329163,0.0787409,0.0978631
1161,3.41042,0.302511,0.0716192,0.0940405
1162,3.41577,0.29146,0.071177,0.0843431
1163,3.41577,0.29146,0.071177,0.0843431
1164,3.421,0.302457,0.0725275,0.0884852
1165,3.41906,0.301796,0.0721632,0.0906986
1166,3.42881,0.310315,0.0773013,0.0935411
1167,3.39944,0.299637,0.0716135,0.0989478
1168,3.39719,0.293529,0.071515,0.0980568
1169,3.43401,0.304522,0.0730801,0.0863729
1170,3.43588,0.30903,0.076169,0.0880198
1171,3.37416,0.276897,0.0646712,0.093635
1172,3.38279,0.271877,0.0651763,0.0870442
1173,3.38279,0.271877,0.0651763,0.0870442
1174,3.41389,0.304261,0.0731293,0.0933857
1175,3.41389,0.304261,0.0731293,0.0933857
1176,3.42274,0.313582,0.0747227,0.0920356
1177,3.42274,0.313582,0.0747227,0.0920356
1178,3.42274,0.313582,0.0747227,0.0920356
1179,3.43931,0.335018,0.0796614,0.0996589
1180,3.41098,0.308692,0.0734608,0.0990372
1181,3.41098,0.308692,0.0734608,0.0990372
1182,3.41098,0.308692,0.0734608,0.0990372
1183,3.41098,0.308692,0.0734608,0.0990372
1184,3.41394,0.307282,0.0744137,0.0982692
1185,3.42387,0.326782,0.0784212,0.10508
1186,3.40542,0.306451,0.0743001,0.103005
1187,3.39942,0.296048,0.0724535,0.0977495
1188,3.39942,0.296048,0.0724535,0.0977495
1189,3.42716,0.321055,0.0785879,0.0999598
1190,3.44483,0.334334,0.0806807,0.10113
1191,3.43378,0.330585,0.0815889,0.103213
1192,3.4269,0.338415,0.0830128,0.109168
1193,3.4269,0.338415,0.0830128,0.109168
1194,3.4269,0.338415,0.0830128,0.109168
1195,3.42527,0.327093,0.0789728,0.107043
1196,3.42527,0.327093,0.0789728,0.107043
1197,3.42527,0.327093,0.0789728,0.107043
1198,3.42708,0.329955,0.0789601,0.106324
1199,3.46571,0.360662,0.0861866,0.107217
1200,3.4789,0.372963,0.0904675,0.108388
1201,3.47848,0.363086,0.0867103,0.10063
1202,3.47848,0.363086,0.0867103,0.10063
1203,3.43175,0.329412,0.0786803,0.0972224
1204,3.45478,0.348102,0.0821067,0.0941857
1205,3.47206,0.340554,0.0798404,0.0899558
1206,3.4739,0.34523,0.0805557,0.0879828
1207,3.4739,0.34523,0.0805557,0.0879828
1208,3.44885,0.323157,0.0757074,0.0865073
1209,3.46224,0.337891,0.0823739,0.0949626
1210,3.42508,0.310815,0.0758655,0.0951958
1211,3.42228,0.315175,0.0760788,0.0988266
1212,3.46346,0.350209,0.0829991,0.100412
1213,3.48359,0.37371,0.0905509,0.108149
1214,3.48359,0.37371,0.0905509,0.108149
1215,3.50578,0.389097,0.0938938,0.106865
1216,3.49731,0.378388,0.0919449,0.103829
1217,3.48424,0.374259,0.0899329,0.10334
1218,3.49277,0.388704,0.0933393,0.108462
1219,3.47087,0.367612,0.086912,0.108115
1220,3.51683,0.407686,0.0941398,0.109777
1221,3.53752,0.438223,0.100568,0.113796
1222,3.53934,0.445179,0.108695,0.113049
1223,3.49683,0.394252,0.0943089,0.111862
1224,3.52436,0.430224,0.103618,0.112813
1225,3.54747,0.449388,0.107303,0.117193
1226,3.54287,0.45435,0.108461,0.113661
1227,3.56862,0.48138,0.111337,0.116738
1228,3.51377,0.415379,0.0972826,0.109491
1229,3.54496,0.456308,0.106334,0.11193
1230,3.51004,0.429692,0.100659,0.110377
1231,3.52747,0.419105,0.0973911,0.105669
1232,3.49447,0.408166,0.0922066,0.106885
1233,3.46551,0.379785,0.0907706,0.116285
1234,3.45666,0.358547,0.0841312,0.102818
1235,3.48569,0.390696,0.0916411,0.109204
1236,3.48623,0.385683,0.0897508,0.110698
1237,3.45733,0.375824,0.0889768,0.113855
1238,3.45733,0.375824,0.0889768,0.113855
1239,3.45828,0.359147,0.0848594,0.103792
1240,3.48553,0.370637,0.0888704,0.102383
1241,3.42974,0.329493,0.077412,0.0977599
1242,3.41577,0.31816,0.0757485,0.0973492
1243,3.45436,0.334574,0.0795584,0.0913319
1244,3.46799,0.345087,0.0834921,0.0939987
1245,3.46623,0.348576,0.0817208,0.101169
1246,3.46623,0.348576,0.0817208,0.101169
1247,3.46623,0.348576,0.0817208,0.101169
1248,3.46508,0.337852,0.0806428,0.0961265
1249,3.48986,0.357659,0.0870921,0.0960512
1250,3.48574,0.351833,0.0826641,0.0912057
1251,3.49153,0.367807,0.0889917,0.0964512
1252,3.49151,0.371074,0.0868797,0.099723
1253,3.49151,0.371074,0.0868797,0.099723
1254,3.51864,0.388077,0.0911732,0.0970133
1255,3.5062,0.384331,0.0895396,0.0984605
1256,3.51547,0.378928,0.0902455,0.0910208
1257,3.51547,0.378928,0.0902455,0.0910208
1258,3.53575,0.408152,0.0976666,0.0946817
1259,3.53575,0.408152,0.0976666,0.0946817
1260,3.53291,0.441491,0.104581,0.101322
1261,3.52453,0.452554,0.102193,0.10766
1262,3.53642,0.452761,0.104367,0.10791
1263,3.52897,0.419013,0.0981217,0.0999955
1264,3.50355,0.398487,0.0948401,0.0984398
1265,3.50355,0.398487,0.0948401,0.0984398
1266,3.51899,0.431114,0.101407,0.108743
1267,3.50152,0.410924,0.0992674,0.111003
1268,3.53539,0.432958,0.101368,0.10842
1269,3.53252,0.42375,0.0967103,0.104232
1270,3.51922,0.416699,0.0968401,0.109328
1271,3.51922,0.416699,0.0968401,0.109328
1272,3.50373,0.398307,0.0946889,0.104088
1273,3.48291,0.371825,0.0877364,0.103021
1274,3.48842,0.376333,0.0896086,0.101377
1275,3.48573,0.380082,0.0903606,0.103189
1276,3.48573,0.380082,0.0903606,0.103189
1277,3.51925,0.399421,0.093435,0.104604
1278,3.5333,0.415719,0.0972415,0.104426
1279,3.50656,0.393045,0.0907681,0.0977264
1280,3.53717,0.399661,0.0932409,0.0924626
1281,3.51577,0.393941,0.0948237,0.0970061
1282,3.52068,0.397622,0.0931576,0.0946163
1283,3.52049,0.392757,0.0934845,0.0924796
1284,3.52049,0.392757,0.0934845,0.0924796
1285,3.5392,0.411007,0.100271,0.0933461
1286,3.55056,0.417479,0.0974367,0.093467
1287,3.56292,0.454971,0.103518,0.0943003
1288,3.56885,0.430099,0.100414,0.0866531
1289,3.55241,0.417808,0.100361,0.088622
1290,3.55241,0.417808,0.100361,0.088622
1291,3.55118,0.404438,0.0963305,0.085663
1292,3.5777,0.445778,0.105183,0.0977223
1293,3.53285,0.387958,0.0934987,0.0895908
1294,3.55066,0.412109,0.0973315,0.0924462
1295,3.56089,0.425859,0.102687,0.0955925
1296,3.59078,0.453672,0.108311,0.09469
1297,3.60857,0.49429,0.114972,0.10364
1298,3.60857,0.49429,0.114972,0.10364
1299,3.60857,0.49429,0.114972,0.10364
1300,3.63163,0.507455,0.117764,0.101295
1301,3.62197,0.49473,0.115869,0.0987982
1302,3.62197,0.49473,0.115869,0.0987982
1303,3.62884,0.49437,0.119027,0.09619
1304,3.59757,0.464843,0.111223,0.0969726
1305,3.6376,0.505544,0.120016,0.0942044
1306,3.66974,0.567312,0.132115,0.105375
1307,3.68185,0.594851,0.137857,0.114042
1308,3.68185,0.594851,0.137857,0.114042
1309,3.67466,0.57888,0.135295,0.109342
1310,3.67466,0.57888,0.135295,0.109342
1311,3.67298,0.552836,0.131926,0.0980487
1312,3.70151,0.580885,0.133557,0.0946148
1313,3.70293,0.574823,0.134655,0.0919485
1314,3.65265,0.506708,0.119269,0.0854713
1315,3.62004,0.462168,0.109546,0.0835346
1316,3.62965,0.480703,0.114908,0.0874575
1317,3.71241,0.567012,0.133937,0.0851886
1318,3.68844,0.566923,0.134662,0.0974297
1319,3.66251,0.525123,0.122675,0.095449
1320,3.70041,0.575174,0.133829,0.0960819
1321,3.65179,0.522606,0.120297,0.0965546
1322,3.56522,0.426136,0.100767,0.0944376
1323,3.56522,0.426136,0.100767,0.0944376
1324,3.59241,0.452091,0.107808,0.0941742
1325,3.59306,0.472594,0.111491,0.101843
1326,3.54237,0.417595,0.0961613,0.0983439
1327,3.54237,0.417595,0.0961613,0.0983439
1328,3.54237,0.417595,0.0961613,0.0983439
1329,3.55445,0.440629,0.103372,0.107966
1330,3.55445,0.440629,0.103372,0.107966
1331,3.61524,0.507616,0.122365,0.11089
1332,3.61524,0.507616,0.122365,0.11089
1333,3.59104,0.469697,0.111088,0.105988
1334,3.61826,0.524163,0.11931,0.115375
1335,3.59534,0.491789,0.115358,0.112167
1336,3.59534,0.491789,0.115358,0.112167
1337,3.59534,0.491789,0.115358,0.112167
1338,3.57573,0.471755,0.111985,0.113447
1339,3.57732,0.491302,0.113684,0.118786
1340,3.5699,0.480934,0.112535,0.120875
1341,3.54227,0.45304,0.103981,0.12293
1342,3.59417,0.510983,0.118221,0.122507
1343,3.57399,0.48113,0.113244,0.116253
1344,3.59386,0.504311,0.119038,0.120287
1345,3.55735,0.457583,0.107133,0.119144
1346,3.55139,0.449937,0.105849,0.115992
1347,3.57704,0.465763,0.111008,0.108797
1348,3.60435,0.501257,0.117917,0.111098
1349,3.56894,0.452407,0.106837,0.103673
1350,3.56894,0.452407,0.106837,0.103673
1351,3.56894,0.452407,0.106837,0.103673
1352,3.56894,0.452407,0.106837,0.103673
1353,3.59443,0.475562,0.113895,0.102969
1354,3.59851,0.4836,0.114424,0.104235
1355,3.59851,0.4836,0.114424,0.104235
1356,3.60059,0.463406,0.108944,0.0961796
1357,3.60059,0.463406,0.108944,0.0961796
1358,3.60795,0.469012,0.111826,0.0947832
1359,3.60178,0.469667,0.108601,0.0944933
1360,3.54889,0.40278,0.0945902,0.0886816
1361,3.56354,0.404509,0.0977491,0.0823342
1362,3.56261,0.394804,0.0923103,0.0790461
1363,3.54578,0.380898,0.0896958,0.0794617
1364,3.57915,0.404909,0.0973517,0.0775095
1365,3.57542,0.40379,0.0969719,0.0789743
1366,3.56854,0.39637,0.0934144,0.078929
1367,3.56854,0.39637,0.0934144,0.078929
1368,3.61129,0.453408,0.10966,0.0825369
1369,3.56555,0.420573,0.0990583,0.0883316
1370,3.56555,0.420573,0.0990583,0.0883316
1371,3.61856,0.48569,0.114785,0.0943288
1372,3.60357,0.475439,0.112117,0.0988656
1373,3.60357,0.475439,0.112117,0.0988656
1374,3.59163,0.458427,0.105705,0.0948445
1375,3.53726,0.403332,0.0959133,0.0949911
1376,3.53907,0.402139,0.0955234,0.0933167
1377,3.52859,0.394071,0.091773,0.091757
1378,3.52065,0.394675,0.0933359,0.0957122
1379,3.54638,0.400959,0.0965826,0.0882529
1380,3.60427,0.480075,0.119313,0.0973141
1381,3.61123,0.469211,0.112745,0.0924162
1382,3.5915,0.459684,0.108632,0.0972661
1383,3.5915,0.459684,0.108632,0.0972661
1384,3.6044,0.471844,0.109471,0.0962601
1385,3.64235,0.545666,0.128092,0.103374
1386,3.62431,0.512223,0.11985,0.100429
1387,3.63435,0.506635,0.116728,0.0895126
1388,3.62577,0.506861,0.118724,0.0988345
1389,3.62249,0.502154,0.118184,0.0977442
1390,3.59066,0.479893,0.112144,0.103638
1391,3.59783,0.491948,0.114531,0.100833
1392,3.616,0.497159,0.116847,0.095133
1393,3.616,0.497159,0.116847,0.095133
1394,3.62648,0.504478,0.120331,0.0929905
1395,3.61394,0.500664,0.115632,0.09632
1396,3.61394,0.500664,0.115632,0.09632
1397,3.61394,0.500664,0.115632,0.09632
1398,3.63458,0.522841,0.119735,0.0962026
1399,3.66572,0.572994,0.134203,0.10264
1400,3.66237,0.582139,0.131539,0.106595
1401,3.66237,0.582139,0.131539,0.106595
1402,3.66237,0.582139,0.131539,0.106595
1403,3.69609,0.640866,0.148867,0.112044
1404,3.64373,0.550594,0.127095,0.102991
1405,3.65342,0.573989,0.130846,0.106708
1406,3.65342,0.573989,0.130846,0.106708
1407,3.6749,0.575267,0.135285,0.104255
1408,3.62389,0.495999,0.114684,0.0941316
1409,3.65017,0.534721,0.120403,0.0947486
1410,3.67402,0.547612,0.129216,0.0933846
1411,3.66746,0.546846,0.129523,0.0969235
1412,3.672,0.566199,0.129228,0.0992146
1413,3.71841,0.61503,0.140929,0.0981911
1414,3.71841,0.61503,0.140929,0.0981911
1415,3.70724,0.594066,0.135174,0.0997155
1416,3.69657,0.604409,0.141258,0.104996
1417,3.69657,0.604409,0.141258,0.104996
1418,3.7088,0.605992,0.140259,0.101608
1419,3.71514,0.608188,0.138514,0.0998006
1420,3.70558,0.598891,0.134514,0.0944762
1421,3.68072,0.533896,0.121743,0.0884287
1422,3.68072,0.533896,0.121743,0.0884287
1423,3.68072,0.533896,0.121743,0.0884287
1424,3.68072,0.533896,0.121743,0.0884287
1425,3.69482,0.566744,0.130142,0.0936112
1426,3.68881,0.568761,0.129636,0.0954039
1427,3.62467,0.487017,0.113659,0.0916776
1428,3.60682,0.44787,0.10388,0.0834854
1429,3.5748,0.417919,0.0980957,0.0815751
1430,3.57652,0.424288,0.0987238,0.0821105
1431,3.57652,0.424288,0.0987238,0.0821105
1432,3.59371,0.450157,0.108167,0.0851327
1433,3.59371,0.450157,0.108167,0.0851327
1434,3.56415,0.402013,0.0956789,0.0806681
1435,3.54204,0.388925,0.093087,0.0782828
1436,3.54204,0.388925,0.093087,0.0782828
1437,3.5948,0.427076,0.102196,0.0783171
1438,3.63018,0.471103,0.111508,0.0791259
1439,3.60926,0.459531,0.107588,0.0809094
1440,3.65591,0.499404,0.116624,0.0760631
1441,3.65029,0.488166,0.113896,0.0745628
1442,3.59924,0.437381,0.103466,0.0754806
1443,3.59924,0.437381,0.103466,0.0754806
1444,3.61348,0.458741,0.108791,0.0785676
1445,3.62179,0.459038,0.105964,0.0754785
1446,3.62179,0.459038,0.105964,0.0754785
1447,3.60595,0.439242,0.102686,0.0779971
1448,3.58757,0.424083,0.0988573,0.075879
1449,3.52594,0.381036,0.0896694,0.0852853
1450,3.57321,0.429841,0.100042,0.0871045
1451,3.53953,0.404646,0.093316,0.0916906
1452,3.54525,0.422318,0.10039,0.0950589
1453,3.54644,0.411788,0.0968185,0.0909302
1454,3.56679,0.424881,0.101133,0.0898996
1455,3.55495,0.413905,0.0991664,0.0916416
1456,3.55495,0.413905,0.0991664,0.0916416
1457,3.55495,0.413905,0.0991664,0.0916416
1458,3.55223,0.407359,0.0990549,0.0893267
1459,3.5204,0.390212,0.094102,0.0961486
1460,3.5204,0.390212,0.094102,0.0961486
1461,3.5204,0.390212,0.094102,0.0961486
1462,3.52813,0.402859,0.0964073,0.0966991
1463,3.54711,0.426869,0.100865,0.101724
1464,3.55839,0.433226,0.101578,0.0999325
1465,3.53086,0.420011,0.0978708,0.0990002
1466,3.58156,0.445017,0.103345,0.0950331
1467,3.56222,0.430723,0.101751,0.0973667
1468,3.54718,0.407758,0.0975229,0.094721
1469,3.54989,0.413638,0.0982748,0.0943844
1470,3.56788,0.428419,0.101723,0.0907941
1471,3.57391,0.438337,0.101245,0.0971302
1472,3.57391,0.438337,0.101245,0.0971302
1473,3.57391,0.438337,0.101245,0.0971302
1474,3.52051,0.376722,0.0889127,0.090536
1475,3.56317,0.438121,0.103923,0.102163
1476,3.54854,0.416555,0.0968399,0.096819
1477,3.54854,0.416555,0.0968399,0.096819
1478,3.54854,0.416555,0.0968399,0.096819
1479,3.58803,0.467026,0.107922,0.102837
1480,3.56694,0.473159,0.11082,0.113515
1481,3.56694,0.473159,0.11082,0.113515
1482,3.57768,0.483389,0.11032,0.108491
1483,3.56096,0.448639,0.101,0.10252
1484,3.55826,0.428083,0.100947,0.0974093
1485,3.55826,0.428083,0.100947,0.0974093
1486,3.59052,0.459934,0.108875,0.0990052
1487,3.57467,0.441374,0.10651,0.0997463
1488,3.54621,0.40835,0.100305,0.0943515
1489,3.54197,0.395746,0.0951328,0.0911407
1490,3.54197,0.395746,0.0951328,0.0911407
1491,3.55186,0.432293,0.103497,0.100246
1492,3.56857,0.452337,0.108758,0.100679
1493,3.58458,0.464189,0.109502,0.0958131
1494,3.56042,0.436265,0.105079,0.0947914
1495,3.51563,0.376978,0.0891604,0.0876777
1496,3.54866,0.397431,0.0950261,0.081374
1497,3.53661,0.389264,0.0931855,0.08767
1498,3.51768,0.372172,0.0888592,0.0837618
1499,3.4986,0.367745,0.0883639,0.0893117
1500,3.51243,0.385268,0.0940964,0.093185
1501,3.49644,0.367582,0.0877773,0.0930566
1502,3.49644,0.367582,0.0877773,0.0930566
1503,3.47667,0.37048,0.0882239,0.0968362
1504,3.51752,0.386257,0.092368,0.0919463
1505,3.47283,0.329465,0.0792471,0.0853758
1506,3.47283,0.329465,0.0792471,0.0853758
1507,3.45124,0.317925,0.0759574,0.0870124
1508,3.44164,0.307009,0.0742647,0.0870808
1509,3.46903,0.327171,0.0786665,0.0853308
1510,3.46903,0.327171,0.0786665,0.0853308
1511,3.48045,0.334348,0.0800758,0.0806411
1512,3.47329,0.329775,0.0809033,0.0830115
1513,3.47106,0.340322,0.0805897,0.0924386
1514,3.47106,0.340322,0.0805897,0.0924386
1515,3.44879,0.332796,0.0789614,0.0973393
1516,3.42483,0.302439,0.0750732,0.0886926
1517,3.43772,0.31014,0.073194,0.0860381
1518,3.43146,0.286814,0.0707376,0.0762638
1519,3.47129,0.320574,0.0766448,0.0788194
1520,3.47058,0.327953,0.0794709,0.0822457
1521,3.45075,0.320458,0.0755908,0.0859637
1522,3.45075,0.320458,0.0755908,0.0859637
1523,3.4675,0.326611,0.0770762,0.0852901
1524,3.43531,0.294871,0.0706365,0.0784258
1525,3.47137,0.347706,0.0817784,0.0914736
1526,3.48447,0.34323,0.0816644,0.0835263
1527,3.51798,0.375364,0.0883269,0.086573
1528,3.52909,0.392578,0.0944265,0.0919041
1529,3.50697,0.368392,0.0905258,0.0925597
1530,3.51794,0.385901,0.0924452,0.098821
1531,3.52384,0.397599,0.0937262,0.101313
1532,3.49249,0.365364,0.0863598,0.0965546
1533,3.51105,0.373292,0.090183,0.0932596
1534,3.50239,0.376565,0.0893306,0.0944081
1535,3.50239,0.376565,0.0893306,0.0944081
1536,3.47404,0.344516,0.0809597,0.0936973
1537,3.47897,0.3521,0.085305,0.0920923
1538,3.47897,0.3521,0.085305,0.0920923
1539,3.45055,0.318707,0.0756583,0.0890731
1540,3.48224,0.348359,0.0830476,0.0925985
1541,3.46909,0.340358,0.0814385,0.0935535
1542,3.46841,0.33077,0.0789569,0.0889167
1543,3.48238,0.344991,0.0806316,0.0879318
1544,3.47744,0.353666,0.0828657,0.0917978
1545,3.45304,0.318839,0.0759513,0.0822608
1546,3.44651,0.319458,0.0774108,0.0830189
1547,3.46505,0.332259,0.0803453,0.0862054
1548,3.46045,0.32847,0.080433,0.0844589
1549,3.47496,0.354406,0.0845199,0.0951933
1550,3.50852,0.392306,0.0938792,0.10271
1551,3.45844,0.346088,0.081939,0.100276
1552,3.46476,0.36291,0.0872411,0.110861
1553,3.47568,0.375778,0.0896673,0.111927
1554,3.48476,0.380025,0.0900041,0.111396
1555,3.48476,0.380025,0.0900041,0.111396
1556,3.47158,0.378276,0.0885836,0.112821
1557,3.47158,0.378276,0.0885836,0.112821
1558,3.49105,0.388782,0.0923833,0.107831
1559,3.4854,0.388004,0.0903564,0.105924
1560,3.52279,0.407039,0.0935736,0.10478
1561,3.48525,0.395138,0.0917964,0.114753
1562,3.49525,0.39944,0.0966188,0.114994
1563,3.50424,0.404107,0.0977063,0.109395
1564,3.51606,0.405867,0.0961876,0.113319
1565,3.46797,0.36597,0.0884575,0.115072
1566,3.46797,0.36597,0.0884575,0.115072
1567,3.4799,0.367832,0.0880654,0.104974
1568,3.48702,0.379115,0.0913537,0.109354
1569,3.47666,0.366302,0.0878405,0.106557
1570,3.47666,0.366302,0.0878405,0.106557
1571,3.47666,0.366302,0.0878405,0.106557
1572,3.51893,0.399661,0.0936071,0.106175
1573,3.51893,0.399661,0.0936071,0.106175
1574,3.50274,0.386523,0.0916185,0.103051
1575,3.52716,0.406504,0.0944133,0.101293
1576,3.53675,0.417327,0.0992788,0.100268
1577,3.51069,0.390804,0.0934323,0.10052
1578,3.51069,0.390804,0.0934323,0.10052
1579,3.55601,0.443068,0.106707,0.105894
1580,3.55601,0.443068,0.106707,0.105894
1581,3.51366,0.416445,0.09783,0.109797
1582,3.51925,0.406658,0.0951925,0.105561
1583,3.52648,0.412927,0.0995367,0.105805
1584,3.56165,0.447463,0.103549,0.103399
1585,3.60669,0.4769,0.109717,0.100131
1586,3.62609,0.492974,0.11596,0.0951062
1587,3.6273,0.495559,0.116655,0.0966946
1588,3.64544,0.514723,0.12138,0.0951028
1589,3.63455,0.499592,0.115514,0.0928767
1590,3.62685,0.486208,0.114824,0.0935024
1591,3.63424,0.5226,0.121903,0.102835
1592,3.63189,0.538305,0.127493,0.10885
1593,3.6567,0.546576,0.126773,0.108456
1594,3.6567,0.546576,0.126773,0.108456
1595,3.64297,0.545963,0.129487,0.107761
1596,3.64297,0.545963,0.129487,0.107761
1597,3.62843,0.522062,0.12251,0.108354
1598,3.62654,0.503177,0.11851,0.103998
1599,3.59637,0.478351,0.112571,0.102335
1600,3.59637,0.478351,0.112571,0.102335
1601,3.59937,0.495044,0.11647,0.100632
1602,3.59937,0.495044,0.11647,0.100632
1603,3.61948,0.503723,0.119417,0.0940954
1604,3.56534,0.429092,0.101778,0.0953391
1605,3.5852,0.44341,0.103935,0.0925381
1606,3.61141,0.467912,0.109761,0.0943286
1607,3.56709,0.429387,0.101806,0.0960392
1608,3.56709,0.429387,0.101806,0.0960392
1609,3.59051,0.453765,0.106132,0.0942432
1610,3.59025,0.452772,0.105592,0.0904375
1611,3.58911,0.471489,0.107342,0.0943053
1612,3.61943,0.475265,0.111451,0.0912206
1613,3.59289,0.455704,0.105076,0.0898593
1614,3.62268,0.474028,0.109312,0.0826609
1615,3.60743,0.449809,0.104496,0.0831241
1616,3.63588,0.465446,0.110961,0.076243
1617,3.65418,0.496919,0.116143,0.0810227
1618,3.61946,0.475785,0.112856,0.0884645
1619,3.61946,0.475785,0.112856,0.0884645
1620,3.63364,0.487441,0.113471,0.0872808
1621,3.63618,0.487634,0.114267,0.0872331
1622,3.62078,0.487308,0.112936,0.0958372
1623,3.64726,0.522008,0.122415,0.0967562
1624,3.65454,0.539754,0.127013,0.10408
1625,3.64594,0.532978,0.123855,0.106128
1626,3.64594,0.532978,0.123855,0.106128
1627,3.65781,0.532497,0.125023,0.0978237
1628,3.65781,0.532497,0.125023,0.0978237
1629,3.65772,0.539421,0.125303,0.101773
1630,3.64371,0.516818,0.121933,0.0986182
1631,3.64371,0.516818,0.121933,0.0986182
1632,3.65796,0.535975,0.12438,0.101802
1633,3.63652,0.514009,0.120485,0.102132
1634,3.64086,0.55501,0.130543,0.105645
1635,3.65272,0.562342,0.1299,0.105466
1636,3.63814,0.546815,0.125847,0.111098
1637,3.64803,0.57358,0.128338,0.112368
1638,3.65665,0.576701,0.132432,0.110416
1639,3.65493,0.596506,0.137072,0.113814
1640,3.60535,0.542377,0.120514,0.111398
1641,3.63711,0.561063,0.129829,0.105753
1642,3.64967,0.600307,0.134008,0.110891
1643,3.6267,0.560578,0.127341,0.102238
1644,3.60444,0.51754,0.119207,0.103941
1645,3.63981,0.536619,0.123868,0.102896
1646,3.61469,0.488667,0.117939,0.0996829
1647,3.58129,0.455569,0.107284,0.0985333
1648,3.6139,0.495168,0.115591,0.097204
1649,3.61967,0.500573,0.118383,0.101089
1650,3.56487,0.43042,0.0993143,0.0895944
1651,3.57949,0.423464,0.100412,0.0860531
1652,3.57949,0.423464,0.100412,0.0860531
1653,3.60999,0.447927,0.106704,0.0839665
1654,3.61463,0.448674,0.10731,0.0822899
1655,3.54072,0.362601,0.0877933,0.0716742
1656,3.55357,0.391038,0.0946467,0.0826427
1657,3.51369,0.367072,0.0880727,0.0863963
1658,3.53172,0.370388,0.0905744,0.0784252
1659,3.55953,0.41655,0.10025,0.0913137
1660,3.55953,0.41655,0.10025,0.0913137
1661,3.52573,0.382465,0.0906055,0.092067
1662,3.55337,0.408972,0.0973072,0.0948777
1663,3.51322,0.378752,0.0908665,0.0948963
1664,3.52976,0.389266,0.0941099,0.091341
1665,3.52976,0.389266,0.0941099,0.091341
1666,3.58311,0.421996,0.101124,0.0826809
1667,3.57275,0.41396,0.0960162,0.0803851
1668,3.55842,0.402703,0.0969522,0.0844151
1669,3.55842,0.402703,0.0969522,0.0844151
1670,3.55666,0.393505,0.0945284,0.0815351
1671,3.58919,0.423491,0.101233,0.0782228
1672,3.56275,0.398309,0.0955936,0.0799954
1673,3.57322,0.414806,0.097666,0.0821602
1674,3.57711,0.419318,0.0973728,0.0811549
1675,3.54374,0.376669,0.0900038,0.0758979
1676,3.54374,0.376669,0.0900038,0.0758979
1677,3.54313,0.380303,0.0905775,0.076622
1678,3.5454,0.380873,0.0934132,0.0786902
1679,3.5454,0.380873,0.0934132,0.0786902
1680,3.5454,0.380873,0.0934132,0.0786902
1681,3.51612,0.355858,0.0859514,0.0761668
1682,3.52495,0.371378,0.0892965,0.0806324
1683,3.55531,0.408804,0.0979939,0.0850276
1684,3.49329,0.349483,0.0836612,0.0843275
1685,3.5288,0.382865,0.0932125,0.0892712
1686,3.53273,0.407689,0.0956324,0.0948067
1687,3.49412,0.356804,0.0889478,0.0861837
1688,3.49412,0.356804,0.0889478,0.0861837
1689,3.51927,0.386659,0.0913783,0.0865272
1690,3.49785,0.334976,0.0810282,0.0741446
1691,3.49785,0.334976,0.0810282,0.0741446
1692,3.50577,0.334527,0.0824674,0.0705341
1693,3.51278,0.354862,0.0850213,0.0760819
1694,3.53018,0.389303,0.0917832,0.0870286
1695,3.5162,0.361418,0.0850023,0.08082
1696,3.5162,0.361418,0.0850023,0.08082
1697,3.50709,0.382532,0.092957,0.0942303
1698,3.50709,0.382532,0.092957,0.0942303
1699,3.51034,0.387364,0.0912312,0.0980666
1700,3.51437,0.385112,0.0926836,0.0948042
1701,3.4966,0.377465,0.0906876,0.0994954
1702,3.53203,0.421404,0.100709,0.108736
1703,3.51544,0.400373,0.094446,0.104717
1704,3.51544,0.400373,0.094446,0.104717
1705,3.52856,0.411255,0.0974928,0.102418
1706,3.56827,0.461369,0.105726,0.103541
1707,3.57121,0.461113,0.109168,0.0966527
1708,3.57121,0.461113,0.109168,0.0966527
1709,3.56641,0.442907,0.100987,0.0940593
1710,3.56641,0.442907,0.100987,0.0940593
1711,3.54185,0.428948,0.100711,0.0983252
1712,3.54563,0.410898,0.0981671,0.0912424
1713,3.57341,0.447766,0.107073,0.0996777
1714,3.55851,0.422623,0.0982695,0.0943726
1715,3.56308,0.428231,0.0985813,0.0940021
1716,3.57598,0.427139,0.10236,0.0888012
1717,3.5356,0.39224,0.0919208,0.092179
1718,3.5356,0.39224,0.0919208,0.092179
1719,3.5356,0.39224,0.0919208,0.092179
1720,3.56866,0.429745,0.101149,0.0967525
1721,3.60403,0.472609,0.110529,0.0986325
1722,3.61337,0.471017,0.10796,0.0899127
1723,3.5983,0.436375,0.102811,0.0819983
1724,3.5983,0.436375,0.102811,0.0819983
1725,3.57282,0.421961,0.10034,0.0907673
1726,3.57282,0.421961,0.10034,0.0907673
1727,3.59654,0.432547,0.103729,0.0830702
1728,3.58943,0.431891,0.103107,0.0865617
1729,3.61301,0.480495,0.112211,0.0995008
1730,3.57034,0.44884,0.107282,0.106446
1731,3.55933,0.440613,0.102007,0.107935
1732,3.56539,0.428372,0.100809,0.10005
1733,3.56539,0.428372,0.100809,0.10005
1734,3.55299,0.426931,0.102303,0.100809
1735,3.54164,0.406825,0.0943047,0.0952807
1736,3.54164,0.406825,0.0943047,0.0952807
1737,3.58168,0.459576,0.109291,0.101905
1738,3.5669,0.442368,0.103274,0.100176
1739,3.55502,0.432863,0.0978782,0.102348
1740,3.55502,0.432863,0.0978782,0.102348
1741,3.55844,0.431426,0.100619,0.10169
1742,3.59899,0.482915,0.111888,0.106346
1743,3.60361,0.479866,0.109997,0.101971
1744,3.59458,0.47234,0.109879,0.103032
1745,3.53393,0.400821,0.096218,0.0927299
1746,3.55112,0.405548,0.0975034,0.0885527
1747,3.55112,0.405548,0.0975034,0.0885527
1748,3.55846,0.415759,0.0976679,0.0912074
1749,3.51949,0.38378,0.0893554,0.0928805
1750,3.51949,0.38378,0.0893554,0.0928805
1751,3.52079,0.395148,0.0946566,0.0953257
1752,3.56066,0.42174,0.0983171,0.0925443
1753,3.54914,0.40799,0.0968416,0.0917684
1754,3.54914,0.40799,0.0968416,0.0917684
1755,3.52665,0.389267,0.0920905,0.0935653
1756,3.51346,0.376038,0.0869092,0.0931437
1757,3.5277,0.399283,0.0937011,0.0961222
1758,3.53857,0.402298,0.0947232,0.0954252
1759,3.5244,0.380578,0.0905633,0.0883132
1760,3.55424,0.408363,0.0977375,0.0913735
1761,3.54988,0.414177,0.0984085,0.0952183
1762,3.51987,0.383869,0.0925091,0.0973066
1763,3.51759,0.382134,0.0920182,0.0934797
1764,3.57704,0.436355,0.1022,0.0955068
1765,3.54231,0.397737,0.093356,0.088731
1766,3.54772,0.410738,0.0954145,0.093282
1767,3.54772,0.410738,0.0954145,0.093282
1768,3.54772,0.410738,0.0954145,0.093282
1769,3.54772,0.410738,0.0954145,0.093282
1770,3.52038,0.372652,0.0886591,0.0853811
1771,3.53679,0.403858,0.0978543,0.0967525
1772,3.52022,0.388774,0.0920782,0.0988161
1773,3.49661,0.361974,0.0865155,0.0961498
1774,3.52274,0.383786,0.092856,0.0930049
1775,3.5072,0.392494,0.0927706,0.105118
1776,3.48689,0.383188,0.0897066,0.108353
1777,3.49408,0.391399,0.0922577,0.101784
1778,3.49408,0.391399,0.0922577,0.101784
1779,3.5201,0.41753,0.0965388,0.104006
1780,3.48612,0.393979,0.0929122,0.109849
1781,3.48612,0.393979,0.0929122,0.109849
1782,3.48612,0.393979,0.0929122,0.109849
1783,3.54651,0.448279,0.104551,0.115093
1784,3.54651,0.448279,0.104551,0.115093
1785,3.54651,0.448279,0.104551,0.115093
1786,3.54651,0.448279,0.104551,0.115093
1787,3.49932,0.407274,0.0967372,0.11836
1788,3.49932,0.407274,0.0967372,0.11836
1789,3.53385,0.419914,0.0988642,0.10826
1790,3.53385,0.419914,0.0988642,0.10826
1791,3.54417,0.416642,0.100578,0.100838
1792,3.52418,0.400238,0.0949769,0.101511
1793,3.55121,0.415986,0.0991366,0.097458
1794,3.55121,0.415986,0.0991366,0.097458
1795,3.55121,0.415986,0.0991366,0.097458
1796,3.52492,0.389079,0.0960034,0.0916351
1797,3.5652,0.427435,0.102177,0.0953693
1798,3.55381,0.419743,0.0993149,0.0976704
1799,3.58192,0.447765,0.103801,0.0980585
1800,3.60213,0.467148,0.11212,0.0962908
1801,3.60674,0.480358,0.116046,0.100114
1802,3.59375,0.489354,0.11462,0.110041
1803,3.62667,0.522567,0.121706,0.116119
1804,3.62067,0.533487,0.12387,0.116367
1805,3.59861,0.49196,0.111937,0.110556
1806,3.56281,0.451572,0.103358,0.112393
1807,3.57198,0.459662,0.110189,0.10699
1808,3.62675,0.538678,0.121857,0.117901
1809,3.62675,0.538678,0.121857,0.117901
1810,3.59603,0.496133,0.115423,0.114514
1811,3.59603,0.496133,0.115423,0.114514
1812,3.56884,0.466128,0.109744,0.112974
1813,3.58794,0.482124,0.111156,0.112825
1814,3.59399,0.506819,0.115709,0.119223
1815,3.63686,0.539915,0.123309,0.115206
1816,3.63236,0.521097,0.122905,0.104862
1817,3.61707,0.502089,0.117723,0.10242
1818,3.61707,0.502089,0.117723,0.10242
1819,3.61755,0.490554,0.11543,0.0990283
1820,3.58768,0.462973,0.10899,0.101759
1821,3.58768,0.462973,0.10899,0.101759
1822,3.62908,0.507811,0.118493,0.10266
1823,3.6364,0.505913,0.120914,0.0948329
1824,3.68604,0.560704,0.132557,0.0956393
1825,3.66854,0.534788,0.126359,0.0912775
1826,3.65828,0.500845,0.11839,0.0836252
1827,3.63305,0.477608,0.112461,0.0809796
1828,3.63257,0.487376,0.116183,0.0867835
1829,3.63257,0.487376,0.116183,0.0867835
1830,3.62426,0.486896,0.114992,0.0880796
1831,3.62426,0.486896,0.114992,0.0880796
1832,3.62426,0.486896,0.114992,0.0880796
1833,3.65603,0.535558,0.124691,0.0962563
1834,3.66815,0.535842,0.125688,0.0934483
1835,3.65217,0.50751,0.119409,0.0889665
1836,3.62109,0.479253,0.111939,0.0910897
1837,3.62109,0.479253,0.111939,0.0910897
1838,3.62569,0.476296,0.113262,0.0857723
1839,3.67587,0.55639,0.128946,0.095162
1840,3.68311,0.568269,0.129894,0.0999043
1841,3.67867,0.549038,0.124744,0.0944912
1842,3.69144,0.552965,0.128987,0.0891012
1843,3.6907,0.560051,0.12913,0.0899858
1844,3.6907,0.560051,0.12913,0.0899858
1845,3.71338,0.612209,0.142223,0.0918731
1846,3.70992,0.605287,0.142947,0.0925268
1847,3.68695,0.553076,0.129486,0.0896198
1848,3.68695,0.553076,0.129486,0.0896198
1849,3.6968,0.585857,0.135257,0.0908874
1850,3.68127,0.578108,0.134573,0.0996404
1851,3.61221,0.503034,0.119557,0.10389
1852,3.61221,0.503034,0.119557,0.10389
1853,3.5937,0.474579,0.114193,0.107415
1854,3.58008,0.470922,0.110954,0.107056
1855,3.57538,0.448505,0.104457,0.101296
1856,3.57538,0.448505,0.104457,0.101296
1857,3.5729,0.460892,0.108211,0.103598
1858,3.61934,0.518505,0.120973,0.106079
1859,3.62303,0.510469,0.119798,0.108476
1860,3.62238,0.501007,0.118714,0.102982
1861,3.59586,0.476072,0.108724,0.105233
1862,3.61714,0.495779,0.113479,0.100914
1863,3.62199,0.499742,0.114999,0.102448
1864,3.66528,0.576866,0.133433,0.114748
1865,3.66704,0.568428,0.131165,0.111055
1866,3.66574,0.559026,0.129953,0.112377
1867,3.68775,0.576543,0.135002,0.104031
1868,3.6694,0.575478,0.131815,0.113012
1869,3.62544,0.532505,0.1221,0.112198
1870,3.61843,0.552043,0.128189,0.119037
1871,3.61843,0.552043,0.128189,0.119037
1872,3.60225,0.538835,0.12528,0.12326
1873,3.62854,0.569607,0.131613,0.124695
1874,3.62854,0.569607,0.131613,0.124695
1875,3.5876,0.514777,0.118025,0.118012
1876,3.5876,0.514777,0.118025,0.118012
1877,3.60637,0.533593,0.123275,0.117863
1878,3.58585,0.509796,0.118123,0.117909
1879,3.58585,0.509796,0.118123,0.117909
1880,3.58585,0.509796,0.118123,0.117909
1881,3.58585,0.509796,0.118123,0.117909
1882,3.58585,0.509796,0.118123,0.117909
1883,3.56924,0.468119,0.108833,0.104561
1884,3.56125,0.458981,0.11047,0.107958
1885,3.56125,0.458981,0.11047,0.107958
1886,3.56125,0.458981,0.11047,0.107958
1887,3.57545,0.463795,0.111381,0.108192
1888,3.58143,0.476042,0.109962,0.109056
1889,3.58143,0.476042,0.109962,0.109056
1890,3.57619,0.465678,0.108792,0.108816
1891,3.57619,0.465678,0.108792,0.108816
1892,3.5711,0.457048,0.108349,0.105151
1893,3.59491,0.493738,0.115599,0.110568
1894,3.5207,0.400931,0.0964103,0.101625
1895,3.53003,0.408606,0.0953019,0.0999044
1896,3.55669,0.434433,0.103856,0.103971
1897,3.55669,0.434433,0.103856,0.103971
1898,3.57317,0.462318,0.106155,0.109291
1899,3.59258,0.492773,0.114985,0.110808
1900,3.56783,0.46184,0.109498,0.110372
1901,3.56783,0.46184,0.109498,0.110372
1902,3.56783,0.46184,0.109498,0.110372
1903,3.60914,0.521726,0.120716,0.118146
1904,3.5999,0.53433,0.121335,0.120338
1905,3.61731,0.570149,0.130507,0.130246
1906,3.59325,0.523086,0.118989,0.124708
1907,3.60959,0.516712,0.120766,0.117169
1908,3.58893,0.498264,0.117259,0.118013
1909,3.58893,0.498264,0.117259,0.118013
1910,3.57723,0.48338,0.113281,0.119368
1911,3.59517,0.509349,0.119595,0.12177
1912,3.59517,0.509349,0.119595,0.12177
1913,3.62176,0.527252,0.122832,0.115084
1914,3.56993,0.485719,0.116624,0.122697
1915,3.56993,0.485719,0.116624,0.122697
1916,3.58149,0.504852,0.117658,0.124684
1917,3.58149,0.504852,0.117658,0.124684
1918,3.55273,0.473788,0.112203,0.127196
1919,3.55273,0.473788,0.112203,0.127196
1920,3.51795,0.435607,0.0993176,0.120579
1921,3.55437,0.473997,0.110952,0.121413
1922,3.52507,0.441193,0.102597,0.119988
1923,3.5773,0.469858,0.111947,0.111123
1924,3.55981,0.470847,0.112029,0.118021
1925,3.56871,0.482808,0.114699,0.122332
1926,3.56956,0.47166,0.112531,0.117697
1927,3.53734,0.444325,0.104175,0.120511
1928,3.5272,0.425802,0.101034,0.107507
1929,3.4947,0.411249,0.094437,0.121136
1930,3.4947,0.411249,0.094437,0.121136
1931,3.4947,0.411249,0.094437,0.121136
1932,3.47661,0.394498,0.0926643,0.113601
1933,3.46139,0.395115,0.0934956,0.118254
1934,3.44873,0.381827,0.090198,0.11963
1935,3.45384,0.390822,0.0913435,0.117793
1936,3.45384,0.390822,0.0913435,0.117793
1937,3.47979,0.41428,0.0963237,0.121169
1938,3.47529,0.439129,0.101714,0.127971
1939,3.47529,0.439129,0.101714,0.127971
1940,3.50808,0.457327,0.10652,0.122921
1941,3.51997,0.449649,0.103526,0.118123
1942,3.52361,0.446873,0.104317,0.11984
1943,3.54094,0.490945,0.112918,0.132706
1944,3.54094,0.490945,0.112918,0.132706
1945,3.54094,0.490945,0.112918,0.132706
1946,3.55414,0.487906,0.11528,0.124524
1947,3.55414,0.487906,0.11528,0.124524
1948,3.53,0.485685,0.113263,0.128653
1949,3.53131,0.48323,0.109739,0.123557
1950,3.54707,0.479702,0.111882,0.117498
1951,3.52783,0.458801,0.10625,0.115943
1952,3.51164,0.435022,0.103393,0.114449
1953,3.50219,0.425259,0.0983738,0.113
1954,3.50219,0.425259,0.0983738,0.113
1955,3.46705,0.363821,0.0883041,0.103159
1956,3.48547,0.378589,0.0882036,0.103779
1957,3.49209,0.385165,0.0914236,0.103551
1958,3.48446,0.371006,0.0862957,0.101723
1959,3.48446,0.371006,0.0862957,0.101723
1960,3.46993,0.354299,0.0834134,0.0975061
1961,3.5198,0.398563,0.093952,0.102829
1962,3.53135,0.402496,0.094087,0.100204
1963,3.51215,0.390263,0.0929353,0.101545
1964,3.51215,0.390263,0.0929353,0.101545
1965,3.51765,0.395547,0.0938706,0.100119
1966,3.51683,0.4041,0.0940889,0.103721
1967,3.53339,0.418044,0.098856,0.10017
1968,3.49877,0.390936,0.0925944,0.104953
1969,3.49877,0.390936,0.0925944,0.104953
1970,3.52749,0.427518,0.102135,0.114433
1971,3.54446,0.447907,0.104251,0.116302
1972,3.52538,0.424463,0.101314,0.116744
1973,3.51308,0.409902,0.096063,0.10833
1974,3.49511,0.384689,0.0914005,0.103819
1975,3.47562,0.358976,0.0870888,0.101234
1976,3.47134,0.350137,0.0830574,0.0993278
1977,3.47134,0.350137,0.0830574,0.0993278
1978,3.49053,0.385132,0.0916506,0.1044
1979,3.47497,0.375486,0.0887424,0.105532
1980,3.45488,0.344204,0.0846477,0.100258
1981,3.44252,0.330909,0.0798394,0.102193
1982,3.45003,0.331588,0.0809857,0.100637
1983,3.45003,0.331588,0.0809857,0.100637
1984,3.48609,0.372179,0.0881487,0.103448
1985,3.54806,0.420282,0.0985162,0.102428
1986,3.55926,0.436803,0.103385,0.104047
1987,3.55101,0.433461,0.100636,0.103015
1988,3.56234,0.448731,0.106021,0.106924
1989,3.5887,0.488893,0.112882,0.118852
1990,3.5887,0.488893,0.112882,0.118852
1991,3.5887,0.488893,0.112882,0.118852
1992,3.58972,0.486812,0.113315,0.110635
1993,3.58426,0.481553,0.11355,0.111874
1994,3.57022,0.464682,0.112415,0.109167
1995,3.54421,0.429135,0.100801,0.109255
1996,3.54421,0.429135,0.100801,0.109255
1997,3.59078,0.46886,0.107959,0.104015
1998,3.59078,0.46886,0.107959,0.104015
1999,3.59078,0.46886,0.107959,0.104015
2000,3.63436,0.54032,0.125292,0.113547
2001,3.63436,0.54032,0.125292,0.113547
2002,3.63436,0.54032,0.125292,0.113547
2003,3.6265,0.556436,0.127665,0.113598
2004,3.63176,0.544681,0.126333,0.110764
2005,3.57118,0.451145,0.10379,0.0988008
2006,3.57118,0.451145,0.10379,0.0988008
2007,3.60762,0.514976,0.119362,0.106748
2008,3.58833,0.481949,0.113163,0.108728
2009,3.58616,0.486495,0.113756,0.10675
2010,3.63046,0.516458,0.121092,0.101661
2011,3.62195,0.51439,0.120204,0.106154
2012,3.62195,0.51439,0.120204,0.106154
2013,3.63244,0.523155,0.119979,0.105205
2014,3.62395,0.52484,0.117591,0.109229
2015,3.61549,0.512035,0.121356,0.109697
2016,3.6352,0.537691,0.124367,0.114558
2017,3.6352,0.537691,0.124367,0.114558
2018,3.6352,0.537691,0.124367,0.114558
2019,3.60504,0.511943,0.120104,0.116964
2020,3.63652,0.553485,0.129479,0.118398
2021,3.6111,0.527395,0.121853,0.122476
2022,3.60871,0.516123,0.120639,0.11862
2023,3.57251,0.464445,0.106239,0.112364
2024,3.57908,0.469843,0.109677,0.109065
2025,3.60466,0.488064,0.115875,0.10488
2026,3.5585,0.443266,0.106476,0.104901
2027,3.58001,0.470662,0.110048,0.108217
2028,3.60821,0.473539,0.109475,0.0976782
2029,3.60821,0.473539,0.109475,0.0976782
2030,3.59239,0.438043,0.104623,0.0859002
2031,3.59239,0.438043,0.104623,0.0859002
2032,3.56854,0.422917,0.100721,0.0881348
2033,3.56854,0.422917,0.100721,0.0881348
2034,3.57934,0.434098,0.100759,0.0906227
2035,3.63332,0.488655,0.115675,0.0891716
2036,3.60881,0.484455,0.115195,0.100628
2037,3.63905,0.525466,0.12208,0.103922
2038,3.63442,0.526502,0.118024,0.106856
2039,3.63442,0.526502,0.118024,0.106856
2040,3.59413,0.484415,0.111927,0.107187
2041,3.62083,0.519272,0.121785,0.114501
2042,3.62083,0.519272,0.121785,0.114501
2043,3.62083,0.519272,0.121785,0.114501
2044,3.62083,0.519272,0.121785,0.114501
2045,3.62093,0.525788,0.121748,0.116878
2046,3.64049,0.550898,0.125789,0.114904
2047,3.63773,0.555597,0.130706,0.120979
2048,3.62941,0.547293,0.12464,0.123897
2049,3.62853,0.5496,0.126013,0.126021
2050,3.62316,0.538039,0.123891,0.118736
2051,3.68516,0.608269,0.140851,0.118175
2052,3.66065,0.579457,0.134307,0.115542
2053,3.66506,0.552518,0.127508,0.100683
2054,3.65143,0.541911,0.126409,0.103894
2055,3.67653,0.573786,0.134836,0.103459
2056,3.66938,0.551689,0.126481,0.104195
2057,3.63941,0.527452,0.123873,0.106378
2058,3.61441,0.500375,0.118121,0.109209
2059,3.59372,0.489327,0.113993,0.11456
2060,3.53395,0.426492,0.100853,0.113412
2061,3.5916,0.50408,0.11991,0.118523
2062,3.61738,0.531618,0.123481,0.118056
2063,3.56685,0.460753,0.110708,0.114126
2064,3.56685,0.460753,0.110708,0.114126
2065,3.58508,0.492238,0.117564,0.11807
2066,3.5664,0.474968,0.109795,0.122249
2067,3.54148,0.45464,0.105662,0.126433
2068,3.5555,0.457478,0.110318,0.119885
2069,3.55699,0.464248,0.110788,0.121647
2070,3.55699,0.464248,0.110788,0.121647
2071,3.56661,0.477305,0.112346,0.118246
2072,3.54792,0.44289,0.104697,0.111148
2073,3.54363,0.444091,0.106286,0.116772
2074,3.5269,0.428225,0.101393,0.114574
2075,3.52504,0.423704,0.0997495,0.111219
2076,3.49772,0.403751,0.0956237,0.116341
2077,3.49758,0.389078,0.091376,0.111664
2078,3.57945,0.482869,0.111871,0.116012
2079,3.54201,0.440171,0.103072,0.115543
2080,3.54201,0.440171,0.103072,0.115543
2081,3.54201,0.440171,0.103072,0.115543
2082,3.53441,0.426405,0.0992873,0.111525
2083,3.55032,0.462571,0.109607,0.122701
2084,3.55032,0.462571,0.109607,0.122701
2085,3.55517,0.500824,0.117575,0.134723
2086,3.55517,0.500824,0.117575,0.134723
2087,3.55517,0.500824,0.117575,0.134723
2088,3.55616,0.494992,0.113895,0.130481
2089,3.56771,0.50701,0.116325,0.128716
2090,3.56763,0.518665,0.117611,0.135196
2091,3.55334,0.486918,0.111606,0.123009
2092,3.55334,0.486918,0.111606,0.123009
2093,3.58167,0.529708,0.121383,0.124659
2094,3.59569,0.548202,0.121418,0.12684
2095,3.59732,0.518698,0.119533,0.119405
2096,3.61001,0.515936,0.116735,0.117394
2097,3.61375,0.513157,0.11586,0.112617
2098,3.62049,0.507758,0.121525,0.101992
2099,3.59436,0.477907,0.113501,0.0967175
2100,3.58638,0.468375,0.110284,0.0999276
2101,3.58638,0.468375,0.110284,0.0999276
2102,3.60337,0.478262,0.11306,0.0958766
2103,3.62019,0.504969,0.115759,0.101565
2104,3.60924,0.497126,0.117632,0.103095
2105,3.63011,0.52734,0.119862,0.110015
2106,3.59824,0.477752,0.110441,0.102089
2107,3.57998,0.440426,0.101226,0.0972384
2108,3.57998,0.440426,0.101226,0.0972384
2109,3.58891,0.433194,0.0997657,0.089296
2110,3.61722,0.466728,0.109385,0.0877924
2111,3.63402,0.492361,0.113806,0.0925987
2112,3.62069,0.473069,0.111236,0.0898247
2113,3.65975,0.530695,0.125704,0.0949815
2114,3.62897,0.507252,0.117284,0.0993469
2115,3.63799,0.522033,0.120996,0.105165
2116,3.66171,0.564789,0.132575,0.109349
2117,3.64234,0.545231,0.129106,0.112234
2118,3.61166,0.521569,0.12003,0.115486
2119,3.61166,0.521569,0.12003,0.115486
2120,3.60213,0.515709,0.121193,0.119848
2121,3.60213,0.515709,0.121193,0.119848
2122,3.62538,0.549447,0.125636,0.12699
2123,3.61379,0.531178,0.120166,0.120873
2124,3.59325,0.528351,0.122848,0.131327
2125,3.5642,0.474342,0.110694,0.121059
2126,3.5642,0.474342,0.110694,0.121059
2127,3.50956,0.411479,0.0954551,0.116005
2128,3.50956,0.411479,0.0954551,0.116005
2129,3.51926,0.436895,0.10051,0.122182
2130,3.54629,0.449804,0.106147,0.116134
2131,3.54478,0.442287,0.104801,0.114844
2132,3.53978,0.436997,0.100969,0.113734
2133,3.54436,0.447587,0.10354,0.110822
2134,3.57816,0.479426,0.112284,0.11325
2135,3.57816,0.479426,0.112284,0.11325
2136,3.54192,0.433676,0.101699,0.110025
2137,3.54192,0.433676,0.101699,0.110025
2138,3.54049,0.437959,0.10356,0.108614
2139,3.54049,0.437959,0.10356,0.108614
2140,3.55926,0.467917,0.107165,0.118348
2141,3.53792,0.449427,0.103411,0.120651
2142,3.52844,0.431042,0.104087,0.118056
2143,3.53366,0.441477,0.103653,0.119387
2144,3.53366,0.441477,0.103653,0.119387
2145,3.52895,0.436925,0.102586,0.115338
2146,3.49201,0.391105,0.0927878,0.112523
2147,3.49201,0.391105,0.0927878,0.112523
2148,3.49201,0.391105,0.0927878,0.112523
2149,3.48869,0.381276,0.0917906,0.108568
2150,3.52841,0.410992,0.0973549,0.107414
2151,3.50335,0.38342,0.0931292,0.100322
2152,3.50335,0.38342,0.0931292,0.100322
2153,3.50335,0.38342,0.0931292,0.100322
2154,3.5145,0.411038,0.0988589,0.105078
2155,3.5145,0.411038,0.0988589,0.105078
2156,3.53827,0.413033,0.0969619,0.0978109
2157,3.54866,0.436414,0.10364,0.103512
2158,3.57767,0.453785,0.109365,0.0967765
2159,3.5529,0.431472,0.100919,0.101123
2160,3.5529,0.431472,0.100919,0.101123
2161,3.50496,0.382058,0.0910515,0.098327
2162,3.50248,0.400073,0.0951057,0.110303
2163,3.50248,0.400073,0.0951057,0.110303
2164,3.50248,0.400073,0.0951057,0.110303
2165,3.49413,0.382077,0.0903258,0.102063
2166,3.52026,0.388943,0.0930019,0.0957806
2167,3.49119,0.374069,0.0915187,0.100449
2168,3.49119,0.374069,0.0915187,0.100449
2169,3.50078,0.374865,0.0894982,0.100215
2170,3.48761,0.378221,0.0887353,0.107286
2171,3.43935,0.330084,0.0793401,0.101643
2172,3.46292,0.352551,0.0845193,0.105546
2173,3.42302,0.328646,0.0798163,0.108027
2174,3.45899,0.34977,0.0812119,0.101261
2175,3.46563,0.366767,0.0860185,0.108235
2176,3.45904,0.358013,0.0848066,0.11114
2177,3.45904,0.358013,0.0848066,0.11114
2178,3.45904,0.358013,0.0848066,0.11114
2179,3.46759,0.365742,0.0897577,0.108776
2180,3.47124,0.367383,0.0867758,0.108439
2181,3.47124,0.367383,0.0867758,0.108439
2182,3.50292,0.385967,0.091552,0.103013
2183,3.51836,0.387263,0.0943298,0.0984754
2184,3.51836,0.387263,0.0943298,0.0984754
2185,3.47431,0.369355,0.0857245,0.104967
2186,3.51265,0.405438,0.0942112,0.109909
2187,3.51265,0.405438,0.0942112,0.109909
2188,3.55482,0.441205,0.102619,0.105691
2189,3.49032,0.390879,0.0919086,0.111105
2190,3.49032,0.390879,0.0919086,0.111105
2191,3.49032,0.390879,0.0919086,0.111105
2192,3.49032,0.390879,0.0919086,0.111105
2193,3.52363,0.417606,0.0993276,0.113218
2194,3.59019,0.502043,0.117927,0.113497
2195,3.59829,0.503111,0.118968,0.112859
2196,3.55493,0.445284,0.104046,0.107246
2197,3.55298,0.448878,0.102668,0.106391
2198,3.56587,0.441515,0.103231,0.098974
2199,3.58913,0.438917,0.102137,0.0885617
2200,3.56363,0.424551,0.0987129,0.0968143
2201,3.55623,0.431026,0.10252,0.0984486
2202,3.55623,0.431026,0.10252,0.0984486
2203,3.5355,0.390048,0.0920104,0.0893225
2204,3.5355,0.390048,0.0920104,0.0893225
2205,3.58307,0.447122,0.106785,0.0965878
2206,3.57478,0.421309,0.0995148,0.0852303
2207,3.57478,0.421309,0.0995148,0.0852303
2208,3.57478,0.421309,0.0995148,0.0852303
2209,3.57376,0.427818,0.100415,0.0915727
2210,3.60733,0.467934,0.111226,0.0936609
2211,3.61411,0.491273,0.116621,0.103786
2212,3.63486,0.525823,0.125615,0.11096
2213,3.63486,0.525823,0.125615,0.11096
2214,3.63486,0.525823,0.125615,0.11096
2215,3.6195,0.489488,0.115778,0.0978705
2216,3.63938,0.502583,0.116936,0.093237
2217,3.66098,0.533399,0.121709,0.0953322
2218,3.66098,0.533399,0.121709,0.0953322
2219,3.64938,0.522961,0.122681,0.0979664
2220,3.66154,0.538575,0.12759,0.0961897
2221,3.68395,0.559465,0.130811,0.0970631
2222,3.60975,0.482147,0.112481,0.0984417
2223,3.61342,0.477793,0.115043,0.0949711
2224,3.55111,0.415227,0.0961118,0.0932754
2225,3.55111,0.415227,0.0961118,0.0932754
2226,3.5679,0.416212,0.0975065,0.0860845
2227,3.57989,0.428052,0.101167,0.0846978
2228,3.57989,0.428052,0.101167,0.0846978
2229,3.57989,0.428052,0.101167,0.0846978
2230,3.52754,0.379577,0.0917311,0.086344
2231,3.52754,0.379577,0.0917311,0.086344
2232,3.56737,0.417153,0.099404,0.085231
2233,3.57276,0.432299,0.104378,0.0916333
2234,3.58047,0.437374,0.100238,0.0886087
2235,3.60021,0.459269,0.108909,0.0923523
2236,3.57748,0.449658,0.10549,0.0990119
2237,3.57748,0.449658,0.10549,0.0990119
2238,3.61386,0.478094,0.110364,0.0947245
2239,3.59522,0.450939,0.10577,0.0913471
2240,3.59762,0.456956,0.106844,0.0917271
2241,3.57362,0.434893,0.101485,0.0935033
2242,3.57362,0.434893,0.101485,0.0935033
2243,3.60351,0.456125,0.107289,0.09113
2244,3.60351,0.456125,0.107289,0.09113
2245,3.60351,0.456125,0.107289,0.09113
2246,3.61822,0.485939,0.114432,0.0994343
2247,3.64843,0.523915,0.122119,0.101989
2248,3.6092,0.496409,0.114835,0.108467
2249,3.6092,0.496409,0.114835,0.108467
2250,3.6092,0.496409,0.114835,0.108467
2251,3.6092,0.496409,0.114835,0.108467
2252,3.6575,0.56599,0.133041,0.108352
2253,3.64665,0.534081,0.123215,0.105811
2254,3.62653,0.523373,0.121284,0.11514
2255,3.62012,0.521909,0.120835,0.112312
2256,3.60599,0.492348,0.112472,0.107407
2257,3.60599,0.492348,0.112472,0.107407
2258,3.60599,0.492348,0.112472,0.107407
2259,3.57245,0.469949,0.109151,0.110822
2260,3.61052,0.521159,0.121133,0.113199
2261,3.58447,0.492312,0.113007,0.118412
2262,3.58447,0.492312,0.113007,0.118412
2263,3.55864,0.458965,0.10718,0.114983
2264,3.55864,0.458965,0.10718,0.114983
2265,3.55864,0.458965,0.10718,0.114983
2266,3.52725,0.430441,0.102423,0.11995
2267,3.56655,0.46613,0.108056,0.118225
2268,3.56278,0.465066,0.107458,0.114053
2269,3.56278,0.465066,0.107458,0.114053
2270,3.58079,0.479839,0.113263,0.112732
2271,3.53944,0.423155,0.100345,0.106908
2272,3.51995,0.42688,0.0994738,0.117711
2273,3.56893,0.475939,0.110653,0.118797
2274,3.53357,0.417249,0.0980567,0.105991
2275,3.55038,0.424067,0.0997228,0.102207
2276,3.55287,0.434364,0.103311,0.106742
2277,3.52727,0.418305,0.0981782,0.109514
2278,3.53773,0.445235,0.107982,0.116646
2279,3.49068,0.400917,0.0948351,0.117384
2280,3.52687,0.42903,0.100261,0.115913
2281,3.51886,0.43149,0.0992971,0.120035
2282,3.52839,0.440408,0.105149,0.120184
2283,3.49523,0.407805,0.0971303,0.1236
2284,3.49523,0.407805,0.0971303,0.1236
2285,3.52536,0.432872,0.103324,0.123435
2286,3.52536,0.432872,0.103324,0.123435
2287,3.48309,0.375383,0.0912241,0.107729
2288,3.51079,0.399755,0.0941479,0.107602
2289,3.5087,0.382231,0.0919302,0.0977164
2290,3.49664,0.375118,0.0916758,0.0982356
2291,3.49664,0.375118,0.0916758,0.0982356
2292,3.479,0.348875,0.0842738,0.0924574
2293,3.479,0.348875,0.0842738,0.0924574
2294,3.479,0.348875,0.0842738,0.0924574
2295,3.50087,0.380274,0.0918531,0.0994778
2296,3.50087,0.380274,0.0918531,0.0994778
2297,3.46442,0.351853,0.0849783,0.100656
2298,3.46442,0.351853,0.0849783,0.100656
2299,3.46442,0.351853,0.0849783,0.100656
2300,3.50526,0.370865,0.087109,0.0906326
2301,3.49583,0.368716,0.089171,0.0947377
2302,3.49033,0.37186,0.087479,0.0982152
2303,3.50823,0.38337,0.0912467,0.0952264
2304,3.47305,0.354672,0.0844428,0.0972429
2305,3.47305,0.354672,0.0844428,0.0972429
2306,3.48076,0.361491,0.0854792,0.10178
2307,3.48076,0.361491,0.0854792,0.10178
2308,3.48208,0.361944,0.0860584,0.100279
2309,3.48208,0.361944,0.0860584,0.100279
2310,3.4615,0.359562,0.0855153,0.106538
2311,3.50391,0.398385,0.0923635,0.107514
2312,3.50192,0.394494,0.0928957,0.106171
2313,3.49699,0.378241,0.0916696,0.101297
2314,3.49699,0.378241,0.0916696,0.101297
2315,3.50354,0.394878,0.0924999,0.107248
2316,3.50354,0.394878,0.0924999,0.107248
2317,3.48451,0.387975,0.0934348,0.116995
2318,3.51758,0.40656,0.0954706,0.108448
2319,3.51758,0.40656,0.0954706,0.108448
2320,3.5355,0.42202,0.101471,0.107191
2321,3.5439,0.436878,0.101833,0.112236
2322,3.5562,0.448959,0.106644,0.109812
2323,3.5582,0.448263,0.104628,0.105278
2324,3.60897,0.495148,0.115116,0.106567
2325,3.60897,0.495148,0.115116,0.106567
2326,3.60571,0.480544,0.112889,0.100198
2327,3.5999,0.479633,0.112372,0.104243
2328,3.65126,0.544278,0.126595,0.106424
2329,3.65126,0.544278,0.126595,0.106424
2330,3.6477,0.536947,0.127214,0.106022
2331,3.64538,0.540742,0.126716,0.108741
2332,3.6331,0.532954,0.123765,0.111187
2333,3.63388,0.533222,0.122918,0.112041
2334,3.60677,0.500055,0.117032,0.110478
2335,3.5929,0.483732,0.112725,0.107551
2336,3.58698,0.463389,0.107504,0.101661
2337,3.60031,0.458256,0.109622,0.0922555
2338,3.60031,0.458256,0.109622,0.0922555
2339,3.60031,0.458256,0.109622,0.0922555
2340,3.60031,0.458256,0.109622,0.0922555
2341,3.62126,0.47928,0.109297,0.0923417
2342,3.62126,0.47928,0.109297,0.0923417
2343,3.61753,0.473486,0.11229,0.0935694
2344,3.61753,0.473486,0.11229,0.0935694
2345,3.59991,0.459755,0.10612,0.0963426
2346,3.62237,0.496615,0.1149,0.100886
2347,3.60053,0.466318,0.11022,0.0990909
2348,3.60281,0.473638,0.110919,0.0994578
2349,3.6053,0.478124,0.112439,0.0967224
2350,3.56934,0.463529,0.105489,0.105647
2351,3.56934,0.463529,0.105489,0.105647
2352,3.60021,0.488376,0.112879,0.104574
2353,3.60021,0.488376,0.112879,0.104574
2354,3.58358,0.46196,0.108377,0.100006
2355,3.6167,0.500335,0.116044,0.103817
2356,3.6167,0.500335,0.116044,0.103817
2357,3.62015,0.524553,0.124107,0.113514
2358,3.62015,0.524553,0.124107,0.113514
2359,3.62015,0.524553,0.124107,0.113514
2360,3.65228,0.552963,0.12734,0.109472
2361,3.59752,0.493133,0.113838,0.109912
2362,3.63992,0.542622,0.125727,0.107396
2363,3.63992,0.542622,0.125727,0.107396
2364,3.61458,0.521951,0.123053,0.113166
2365,3.63283,0.524373,0.119943,0.107924
2366,3.63283,0.524373,0.119943,0.107924
2367,3.63283,0.524373,0.119943,0.107924
2368,3.59981,0.482415,0.111354,0.105697
2369,3.59,0.471596,0.112009,0.0985458
2370,3.61825,0.487963,0.110902,0.094632
2371,3.61012,0.4866,0.112064,0.0982629
2372,3.62367,0.497839,0.115798,0.0960165
2373,3.61707,0.490494,0.114133,0.0892957
2374,3.61707,0.490494,0.114133,0.0892957
2375,3.61845,0.468591,0.109702,0.0852011
2376,3.63025,0.503617,0.119134,0.09349
2377,3.57541,0.442333,0.102851,0.0934185
2378,3.57541,0.442333,0.102851,0.0934185
2379,3.61645,0.484944,0.112836,0.09212
2380,3.61645,0.484944,0.112836,0.09212
2381,3.59208,0.46034,0.108311,0.0983509
2382,3.59208,0.46034,0.108311,0.0983509
2383,3.58506,0.448632,0.10519,0.096699
2384,3.55713,0.416302,0.0970484,0.0955713
2385,3.55713,0.416302,0.0970484,0.0955713
2386,3.52849,0.393307,0.0936175,0.0950246
2387,3.52849,0.393307,0.0936175,0.0950246
2388,3.54683,0.393336,0.0924417,0.0871279
2389,3.54683,0.393336,0.0924417,0.0871279
2390,3.55339,0.423358,0.0998421,0.0930499
2391,3.54265,0.401544,0.0980212,0.0888748
2392,3.54265,0.401544,0.0980212,0.0888748
2393,3.59481,0.447044,0.106204,0.0902913
2394,3.53962,0.407707,0.09692,0.0982702
2395,3.56519,0.438956,0.10669,0.104148
2396,3.59541,0.487575,0.114071,0.112659
2397,3.58926,0.47134,0.112393,0.106784
2398,3.59483,0.470127,0.110674,0.0990338
2399,3.55753,0.460294,0.107634,0.106942
2400,3.54579,0.423227,0.100883,0.0998744
2401,3.55317,0.454779,0.1044,0.112356
2402,3.50654,0.402482,0.0948725,0.106419
2403,3.50654,0.402482,0.0948725,0.106419
2404,3.50654,0.402482,0.0948725,0.106419
2405,3.55138,0.474066,0.108784,0.115363
2406,3.53046,0.414297,0.10071,0.100499
2407,3.54264,0.434189,0.100918,0.106383
2408,3.55291,0.453108,0.106513,0.101449
2409,3.55291,0.453108,0.106513,0.101449
2410,3.53538,0.435865,0.101981,0.108796
2411,3.56671,0.462672,0.110217,0.106952
2412,3.56671,0.462672,0.110217,0.106952
2413,3.561,0.449607,0.106486,0.103249
2414,3.561,0.449607,0.106486,0.103249
2415,3.561,0.449607,0.106486,0.103249
2416,3.56845,0.452544,0.103807,0.103195
2417,3.56845,0.452544,0.103807,0.103195
2418,3.56845,0.452544,0.103807,0.103195
2419,3.59071,0.497131,0.112511,0.105872
2420,3.53676,0.438832,0.103499,0.106861
2421,3.48882,0.380647,0.0916929,0.101641
2422,3.55291,0.430312,0.102751,0.100369
2423,3.53956,0.421678,0.0997192,0.0994441
2424,3.53474,0.425812,0.100373,0.101948
2425,3.54661,0.438174,0.100777,0.105528
2426,3.56139,0.45153,0.105605,0.104639
2427,3.49681,0.391145,0.0911702,0.106829
2428,3.53606,0.424245,0.102095,0.104015
2429,3.53606,0.424245,0.102095,0.104015
2430,3.51398,0.412472,0.0972476,0.110476
2431,3.51398,0.412472,0.0972476,0.110476
2432,3.52214,0.42325,0.0986453,0.111242
2433,3.49833,0.399796,0.0926572,0.114586
2434,3.49275,0.399513,0.0921194,0.116791
2435,3.47409,0.368915,0.0870782,0.110227
2436,3.48304,0.373,0.0876533,0.105451
2437,3.49638,0.382554,0.0914558,0.103842
2438,3.49871,0.372188,0.0890253,0.0995014
2439,3.52158,0.406048,0.0950714,0.107027
2440,3.5027,0.389561,0.092273,0.10402
2441,3.51991,0.394032,0.0938194,0.102016
2442,3.53288,0.409324,0.0974219,0.0980202
2443,3.51959,0.386492,0.0909119,0.095603
2444,3.49127,0.368083,0.0873623,0.0981745
2445,3.49127,0.368083,0.0873623,0.0981745
2446,3.47554,0.348731,0.085045,0.0950766
2447,3.49283,0.369688,0.0865615,0.0994743
2448,3.49283,0.369688,0.0865615,0.0994743
2449,3.49283,0.369688,0.0865615,0.0994743
2450,3.52741,0.386895,0.091541,0.0923621
2451,3.52741,0.386895,0.091541,0.0923621
2452,3.52937,0.404804,0.0959027,0.101686
2453,3.51712,0.390226,0.0918897,0.100669
2454,3.51712,0.390226,0.0918897,0.100669
2455,3.51712,0.390226,0.0918897,0.100669
2456,3.50891,0.376906,0.0887614,0.0951026
2457,3.49745,0.37416,0.0884898,0.0960763
2458,3.50595,0.382193,0.0908664,0.0985446
2459,3.5539,0.435369,0.101426,0.101656
2460,3.53966,0.420588,0.100237,0.0994782
2461,3.53966,0.420588,0.100237,0.0994782
2462,3.5353,0.405526,0.0951105,0.0917412
2463,3.53681,0.408707,0.0972167,0.0949766
2464,3.486,0.36452,0.0870709,0.0944787
2465,3.486,0.36452,0.0870709,0.0944787
2466,3.486,0.36452,0.0870709,0.0944787
2467,3.52756,0.401893,0.0922616,0.0928199
2468,3.52283,0.401696,0.0951745,0.094478
2469,3.5096,0.389137,0.0917358,0.0980886
2470,3.48897,0.365847,0.0877125,0.0967753
2471,3.44714,0.335073,0.078822,0.0932711
2472,3.47834,0.348449,0.0816909,0.0850034
2473,3.46145,0.342434,0.080467,0.0918982
2474,3.46145,0.342434,0.080467,0.0918982
2475,3.42386,0.303113,0.0730683,0.0947361
2476,3.44739,0.334208,0.0791595,0.100484
2477,3.49434,0.370472,0.086021,0.0976551
2478,3.49847,0.371955,0.0872517,0.0990033
2479,3.50474,0.380321,0.090455,0.100338
2480,3.54988,0.434756,0.101551,0.106985
2481,3.54988,0.434756,0.101551,0.106985
2482,3.53549,0.437078,0.102022,0.116728
2483,3.5175,0.417682,0.0991932,0.115191
2484,3.5175,0.417682,0.0991932,0.115191
2485,3.52816,0.427309,0.0995418,0.114164
2486,3.52816,0.427309,0.0995418,0.114164
2487,3.55207,0.454354,0.107132,0.11496
2488,3.55207,0.454354,0.107132,0.11496
2489,3.54554,0.438078,0.103356,0.109574
2490,3.52962,0.413035,0.0979108,0.10872
2491,3.56814,0.447834,0.10499,0.102987
2492,3.58598,0.447646,0.106221,0.094721
2493,3.58751,0.45793,0.108294,0.0980153
2494,3.58516,0.446956,0.102692,0.0899096
2495,3.60172,0.45688,0.105319,0.0912402
2496,3.60418,0.470482,0.10757,0.0949363
2497,3.60878,0.487253,0.115513,0.101688
2498,3.60036,0.47279,0.111929,0.0994002
2499,3.60529,0.459498,0.108929,0.0904698
2500,3.60529,0.459498,0.108929,0.0904698
2501,3.60529,0.459498,0.108929,0.0904698
2502,3.60083,0.467314,0.110214,0.0954389
2503,3.60083,0.467314,0.110214,0.0954389
2504,3.61642,0.483454,0.111924,0.0946605
2505,3.65422,0.532715,0.123922,0.0975975
2506,3.65422,0.532715,0.123922,0.0975975
2507,3.6576,0.525716,0.122559,0.0956978
2508,3.69383,0.587622,0.133336,0.102994
2509,3.66477,0.564649,0.128389,0.106807
2510,3.63774,0.523248,0.121135,0.102516
2511,3.61901,0.484483,0.11151,0.092649
2512,3.60165,0.458107,0.108258,0.0921988
2513,3.60165,0.458107,0.108258,0.0921988
2514,3.59817,0.46671,0.109415,0.0943451
2515,3.63208,0.498691,0.116899,0.0941317
2516,3.6115,0.463717,0.109193,0.0921622
2517,3.6115,0.463717,0.109193,0.0921622
2518,3.60982,0.482292,0.114032,0.100465
2519,3.655,0.542522,0.127385,0.0990553
2520,3.655,0.542522,0.127385,0.0990553
2521,3.70128,0.597095,0.140067,0.103253
2522,3.68168,0.574766,0.133182,0.103926
2523,3.69127,0.596296,0.135891,0.104742
2524,3.64632,0.521694,0.122979,0.0983977
2525,3.64632,0.521694,0.122979,0.0983977
2526,3.6574,0.534188,0.122295,0.098294
2527,3.61477,0.482569,0.11278,0.0980558
2528,3.64034,0.50151,0.115662,0.0947417
2529,3.64636,0.516477,0.122545,0.100173
2530,3.60876,0.475876,0.111773,0.0949358
2531,3.6083,0.498168,0.114548,0.10562
2532,3.6083,0.498168,0.114548,0.10562
2533,3.6083,0.498168,0.114548,0.10562
2534,3.6083,0.498168,0.114548,0.10562
2535,3.60766,0.498588,0.116798,0.109444
2536,3.60288,0.489106,0.112098,0.10684
2537,3.62951,0.529826,0.12082,0.108492
2538,3.65793,0.542247,0.124722,0.102186
2539,3.67675,0.555162,0.126565,0.100474
2540,3.66615,0.56232,0.127308,0.10367
2541,3.66615,0.56232,0.127308,0.10367
2542,3.6503,0.558997,0.128318,0.109577
2543,3.6503,0.558997,0.128318,0.109577
2544,3.65073,0.535969,0.123986,0.101078
2545,3.65064,0.523663,0.118746,0.0945544
2546,3.65064,0.523663,0.118746,0.0945544
2547,3.61759,0.487254,0.115365,0.0923182
2548,3.61759,0.487254,0.115365,0.0923182
2549,3.61759,0.487254,0.115365,0.0923182
2550,3.60076,0.472397,0.112023,0.0881157
2551,3.58679,0.437278,0.100634,0.0855736
2552,3.58679,0.437278,0.100634,0.0855736
2553,3.56841,0.425065,0.100886,0.0857063
2554,3.57774,0.427464,0.101928,0.0868284
2555,3.571,0.413126,0.0969507,0.0793359
2556,3.60555,0.452105,0.104807,0.0852296
2557,3.59673,0.453127,0.106132,0.0904864
2558,3.59673,0.453127,0.106132,0.0904864
2559,3.62313,0.486134,0.113748,0.0943812
2560,3.60015,0.468147,0.112298,0.100061
2561,3.60015,0.468147,0.112298,0.100061
2562,3.63265,0.486102,0.115374,0.0905257
2563,3.63746,0.505593,0.11782,0.0967064
2564,3.62355,0.483745,0.111279,0.0932822
2565,3.67641,0.574403,0.130393,0.104208
2566,3.67641,0.574403,0.130393,0.104208
2567,3.66293,0.548153,0.126994,0.105179
2568,3.66293,0.548153,0.126994,0.105179
2569,3.64813,0.531286,0.121222,0.104834
2570,3.6758,0.569803,0.13469,0.106447
2571,3.71363,0.628601,0.143591,0.107276
2572,3.71177,0.585168,0.136303,0.0944629
2573,3.70544,0.590972,0.13397,0.0966795
2574,3.7005,0.59498,0.137196,0.102755
2575,3.66522,0.555383,0.127936,0.106
2576,3.70042,0.633568,0.144315,0.116899
2577,3.70042,0.633568,0.144315,0.116899
2578,3.64958,0.565295,0.130746,0.119291
2579,3.64958,0.565295,0.130746,0.119291
2580,3.64958,0.565295,0.130746,0.119291
2581,3.64598,0.546772,0.125733,0.117775
2582,3.68164,0.570712,0.130877,0.108207
2583,3.62692,0.496655,0.114516,0.102373
2584,3.60723,0.488594,0.113147,0.103142
2585,3.60537,0.47134,0.110536,0.0962653
2586,3.60244,0.474757,0.110957,0.0946677
2587,3.60168,0.456997,0.110735,0.0909654
2588,3.59793,0.468677,0.110674,0.0982833
2589,3.62168,0.47984,0.111203,0.0921549
2590,3.61405,0.480438,0.113566,0.0970191
2591,3.63731,0.503562,0.118308,0.0914945
2592,3.63474,0.506711,0.119354,0.096402
2593,3.6072,0.470239,0.111627,0.0936861
2594,3.59854,0.464841,0.11179,0.0945081
2595,3.6025,0.457157,0.109697,0.0829352
2596,3.6025,0.457157,0.109697,0.0829352
2597,3.57532,0.442969,0.1043,0.0900234
2598,3.62531,0.494644,0.115221,0.0896639
2599,3.58344,0.433833,0.100374,0.0843958
2600,3.58178,0.429498,0.102504,0.084544
2601,3.56184,0.420122,0.0968994,0.0827955
2602,3.59012,0.451134,0.105174,0.0902058
2603,3.56519,0.429983,0.100274,0.0881976
2604,3.54055,0.392751,0.094839,0.0853308
2605,3.5849,0.433072,0.102771,0.0836023
2606,3.5849,0.433072,0.102771,0.0836023
2607,3.62499,0.514085,0.119158,0.0971904
2608,3.58163,0.445822,0.105505,0.0924317
2609,3.58621,0.446955,0.105065,0.0911255
2610,3.57245,0.452346,0.107799,0.094872
2611,3.62077,0.489653,0.113781,0.0965145
2612,3.54823,0.416725,0.0972118,0.0959437
2613,3.57795,0.442816,0.104171,0.0970589
2614,3.56919,0.431477,0.100847,0.096729
2615,3.56166,0.434079,0.105776,0.101201
2616,3.51493,0.395591,0.0931594,0.101735
2617,3.53665,0.417997,0.102239,0.105239
2618,3.52704,0.42357,0.101287,0.111175
2619,3.50425,0.393049,0.0958466,0.108943
2620,3.49432,0.385619,0.0926811,0.107799
2621,3.51931,0.407545,0.0967346,0.107865
2622,3.49744,0.379818,0.0915891,0.103478
2623,3.49333,0.368139,0.0884292,0.0995794
2624,3.50518,0.382968,0.0919226,0.104114
2625,3.46974,0.367121,0.0874421,0.109507
2626,3.50804,0.399601,0.0936713,0.110999
2627,3.48569,0.377264,0.0902117,0.109921
2628,3.50047,0.393486,0.0932286,0.110922
2629,3.48117,0.378109,0.0890264,0.110668
2630,3.48117,0.378109,0.0890264,0.110668
2631,3.51954,0.405653,0.0960832,0.10904
2632,3.51819,0.398812,0.0952723,0.103469
2633,3.50975,0.382287,0.089912,0.0955747
2634,3.55734,0.426415,0.101873,0.100888
2635,3.55734,0.426415,0.101873,0.100888
2636,3.56713,0.445297,0.103977,0.107037
2637,3.56713,0.445297,0.103977,0.107037
2638,3.59596,0.484847,0.113673,0.112306
2639,3.5814,0.466384,0.107217,0.111689
2640,3.57226,0.467947,0.110532,0.116148
2641,3.61452,0.505777,0.117101,0.11425
2642,3.61551,0.509225,0.116867,0.111112
2643,3.63191,0.524474,0.126384,0.106826
2644,3.60798,0.499582,0.115349,0.105042
2645,3.59555,0.497842,0.113627,0.109522
2646,3.60686,0.488013,0.115516,0.103158
2647,3.60808,0.515943,0.119208,0.109099
2648,3.60202,0.4956,0.111926,0.102998
2649,3.60202,0.4956,0.111926,0.102998
2650,3.64283,0.532762,0.121803,0.105216
2651,3.62051,0.505947,0.115141,0.104842
2652,3.62051,0.505947,0.115141,0.104842
2653,3.62051,0.505947,0.115141,0.104842
2654,3.65028,0.534135,0.124273,0.101694
2655,3.65028,0.534135,0.124273,0.101694
2656,3.63645,0.526407,0.121205,0.104188
2657,3.63855,0.506948,0.118193,0.0955384
2658,3.57244,0.438398,0.103199,0.0931807
2659,3.55866,0.416263,0.0986433,0.0896089
2660,3.55866,0.416263,0.0986433,0.0896089
2661,3.60882,0.480061,0.111477,0.0997131
2662,3.62219,0.480525,0.113534,0.0934089
2663,3.65182,0.528447,0.121935,0.100655
2664,3.62852,0.491999,0.119124,0.0933991
2665,3.62852,0.491999,0.119124,0.0933991
2666,3.62041,0.490704,0.114933,0.0991035
2667,3.59094,0.456048,0.108048,0.0982621
2668,3.58791,0.471776,0.111814,0.101888
2669,3.56206,0.430218,0.101625,0.0966109
2670,3.57072,0.445661,0.10348,0.0981286
2671,3.52695,0.394365,0.0953085,0.096074
2672,3.51393,0.393328,0.0934679,0.103413
2673,3.51393,0.393328,0.0934679,0.103413
2674,3.51393,0.393328,0.0934679,0.103413
2675,3.51727,0.410236,0.0948616,0.110534
2676,3.53468,0.428797,0.102687,0.110048
2677,3.54181,0.423801,0.0986687,0.104614
2678,3.59716,0.482814,0.112232,0.106687
2679,3.58994,0.476328,0.110751,0.105832
2680,3.58994,0.476328,0.110751,0.105832
2681,3.59563,0.483694,0.111043,0.107806
2682,3.59563,0.483694,0.111043,0.107806
2683,3.56788,0.458538,0.108836,0.108278
2684,3.56788,0.458538,0.108836,0.108278
2685,3.56788,0.458538,0.108836,0.108278
2686,3.58923,0.475441,0.111929,0.106242
2687,3.59186,0.483044,0.111869,0.107894
2688,3.59051,0.472221,0.108242,0.105561
2689,3.61797,0.502731,0.115742,0.104348
2690,3.61287,0.497631,0.116921,0.101591
2691,3.62423,0.491707,0.113331,0.0983244
2692,3.66433,0.561156,0.12872,0.106779
2693,3.66433,0.561156,0.12872,0.106779
2694,3.69604,0.611337,0.141485,0.117663
2695,3.69463,0.606538,0.141962,0.114054
2696,3.67141,0.554125,0.128016,0.101677
2697,3.67703,0.577255,0.132467,0.105687
2698,3.67703,0.577255,0.132467,0.105687
2699,3.62096,0.5065,0.116767,0.104476
2700,3.62532,0.555018,0.12415,0.12075
2701,3.62571,0.579107,0.135543,0.130315
2702,3.63221,0.56423,0.132077,0.119609
2703,3.63221,0.56423,0.132077,0.119609
2704,3.64825,0.57554,0.133191,0.121279
2705,3.68788,0.602592,0.138834,0.11314
2706,3.68788,0.602592,0.138834,0.11314
2707,3.6884,0.607611,0.141037,0.115756
2708,3.6884,0.607611,0.141037,0.115756
2709,3.65901,0.584968,0.134102,0.117344
2710,3.65901,0.584968,0.134102,0.117344
2711,3.65349,0.574733,0.133428,0.1176
2712,3.6726,0.569739,0.131434,0.108368
2713,3.64201,0.555938,0.130625,0.112887
2714,3.67463,0.610739,0.139832,0.113991
2715,3.67183,0.619702,0.140293,0.116437
2716,3.69611,0.628926,0.143949,0.113712
2717,3.69783,0.595808,0.140566,0.104507
2718,3.73623,0.641224,0.147542,0.0998347
2719,3.70573,0.598893,0.141997,0.0983341
2720,3.68107,0.579121,0.132337,0.106407
2721,3.66879,0.545935,0.129191,0.101021
2722,3.70657,0.604862,0.140604,0.107044
2723,3.66671,0.557549,0.129365,0.107866
2724,3.69586,0.584813,0.135536,0.105238
2725,3.69295,0.561609,0.132778,0.09728
2726,3.68917,0.537853,0.126207,0.0885457
2727,3.69802,0.566637,0.131686,0.0943918
2728,3.64616,0.500419,0.116613,0.0907971
2729,3.64964,0.534049,0.122906,0.101171
2730,3.64964,0.534049,0.122906,0.101171
2731,3.67395,0.555756,0.125476,0.100091
2732,3.66642,0.537899,0.125195,0.0982081
2733,3.64104,0.499599,0.118089,0.0944123
2734,3.65449,0.509885,0.120737,0.0872901
2735,3.68325,0.535709,0.126839,0.0823955
2736,3.63748,0.511265,0.12135,0.0913563
2737,3.6307,0.497812,0.116627,0.087082
2738,3.62423,0.474731,0.109783,0.0771114
2739,3.58583,0.447827,0.108177,0.0825251
2740,3.60687,0.463149,0.106494,0.0811963
2741,3.61934,0.485271,0.112104,0.0869757
2742,3.63493,0.501376,0.115688,0.0824972
2743,3.63677,0.494294,0.116734,0.0844107
2744,3.66476,0.521186,0.121462,0.0848718
2745,3.66476,0.521186,0.121462,0.0848718
2746,3.62172,0.46609,0.111689,0.0825862
2747,3.63788,0.494278,0.116527,0.0862573
2748,3.62425,0.49647,0.118438,0.0889968
2749,3.63558,0.47259,0.111823,0.0760403
2750,3.62581,0.474273,0.109314,0.0852123
2751,3.62782,0.496293,0.116671,0.0908968
2752,3.62782,0.496293,0.116671,0.0908968
2753,3.65492,0.532832,0.123878,0.0981092
2754,3.66161,0.52556,0.123729,0.0929362
2755,3.64288,0.493176,0.11711,0.0859942
2756,3.64288,0.493176,0.11711,0.0859942
2757,3.64288,0.493176,0.11711,0.0859942
2758,3.64242,0.491883,0.116928,0.0870652
2759,3.64242,0.491883,0.116928,0.0870652
2760,3.64009,0.490044,0.115115,0.0850636
2761,3.64009,0.490044,0.115115,0.0850636
2762,3.57221,0.431197,0.102876,0.0884821
2763,3.57221,0.431197,0.102876,0.0884821
2764,3.62072,0.462984,0.1087,0.0838427
2765,3.62858,0.475312,0.110099,0.086418
2766,3.62221,0.464265,0.111049,0.0857345
2767,3.63952,0.48098,0.114546,0.0835837
2768,3.63952,0.48098,0.114546,0.0835837
2769,3.63952,0.48098,0.114546,0.0835837
2770,3.65753,0.487274,0.114126,0.0769191
2771,3.62799,0.463383,0.107968,0.0818592
2772,3.64785,0.493311,0.115112,0.0855772
2773,3.62674,0.48865,0.11533,0.0919869
2774,3.65676,0.501675,0.122606,0.0838453
2775,3.66091,0.519259,0.122502,0.0892723
2776,3.61889,0.484097,0.114839,0.098245
2777,3.64891,0.528209,0.12338,0.104593
2778,3.64214,0.515147,0.121968,0.0968475
2779,3.64214,0.515147,0.121968,0.0968475
2780,3.65361,0.54553,0.126234,0.105296
2781,3.64603,0.535745,0.123026,0.107016
2782,3.65775,0.555073,0.131772,0.106425
2783,3.60668,0.484888,0.113643,0.101313
2784,3.60886,0.489539,0.117324,0.100448
2785,3.60886,0.489539,0.117324,0.100448
2786,3.60886,0.489539,0.117324,0.100448
2787,3.62566,0.501932,0.118359,0.100994
2788,3.62354,0.499201,0.11767,0.101936
2789,3.63579,0.517325,0.118878,0.103873
2790,3.63579,0.517325,0.118878,0.103873
2791,3.6108,0.496606,0.116974,0.107557
2792,3.5861,0.477363,0.109772,0.11152
2793,3.61338,0.49755,0.117199,0.105694
2794,3.63115,0.542544,0.124417,0.114138
2795,3.63522,0.570972,0.129391,0.12385
2796,3.62477,0.529035,0.124633,0.119972
2797,3.63384,0.524929,0.119281,0.11078
2798,3.63384,0.524929,0.119281,0.11078
2799,3.66314,0.57968,0.135683,0.116393
2800,3.66314,0.57968,0.135683,0.116393
2801,3.66314,0.57968,0.135683,0.116393
2802,3.63738,0.54562,0.128214,0.117926
2803,3.65698,0.546608,0.127649,0.106836
2804,3.69265,0.60143,0.141061,0.112395
2805,3.6625,0.563773,0.128228,0.107699
2806,3.69097,0.57923,0.131892,0.103301
2807,3.68888,0.585841,0.134833,0.102974
2808,3.67907,0.578106,0.133996,0.104197
2809,3.69373,0.589083,0.136196,0.105112
2810,3.70431,0.59757,0.135014,0.0997671
2811,3.68114,0.562219,0.130586,0.0998598
2812,3.66591,0.543409,0.127115,0.0979902
2813,3.66748,0.533717,0.124292,0.0935601
2814,3.66465,0.534572,0.121245,0.0939347
2815,3.67963,0.530114,0.123159,0.0858685
2816,3.69201,0.551772,0.125834,0.0872429
2817,3.6585,0.536254,0.123811,0.096373
2818,3.64868,0.524252,0.120675,0.0943437
2819,3.64243,0.504289,0.117152,0.0945617
2820,3.63679,0.527166,0.121319,0.10705
2821,3.60403,0.498902,0.11743,0.113321
2822,3.60403,0.498902,0.11743,0.113321
2823,3.60403,0.498902,0.11743,0.113321
2824,3.63436,0.527328,0.123546,0.110896
2825,3.65798,0.565042,0.13394,0.113984
2826,3.65798,0.565042,0.13394,0.113984
2827,3.64663,0.522768,0.124294,0.100262
2828,3.63083,0.507137,0.118254,0.102162
2829,3.63083,0.507137,0.118254,0.102162
2830,3.62166,0.490695,0.114578,0.0999142
2831,3.6382,0.512687,0.119769,0.100746
2832,3.62058,0.478642,0.112891,0.0914848
2833,3.62058,0.478642,0.112891,0.0914848
2834,3.64185,0.517998,0.123179,0.0985374
2835,3.6517,0.528704,0.120912,0.0952837
2836,3.67546,0.578892,0.134382,0.107187
2837,3.67546,0.578892,0.134382,0.107187
2838,3.6264,0.50675,0.116495,0.0960156
2839,3.61313,0.528831,0.12474,0.106193
2840,3.61313,0.528831,0.12474,0.106193
2841,3.6323,0.545046,0.123429,0.106339
2842,3.61729,0.528607,0.123224,0.115804
2843,3.66658,0.576913,0.130789,0.114112
2844,3.65203,0.556279,0.128976,0.112559
2845,3.65203,0.556279,0.128976,0.112559
2846,3.67873,0.636026,0.145156,0.12093
2847,3.64602,0.584879,0.131383,0.110225
2848,3.64746,0.597618,0.136179,0.116519
2849,3.67432,0.616428,0.136263,0.110213
2850,3.67579,0.610781,0.139841,0.111645
2851,3.6235,0.519523,0.122591,0.106103
2852,3.6731,0.590885,0.135574,0.106615
2853,3.65259,0.583927,0.136669,0.106356
2854,3.66236,0.587451,0.133579,0.111909
2855,3.64666,0.591717,0.133368,0.116964
2856,3.64666,0.591717,0.133368,0.116964
2857,3.63305,0.539313,0.126179,0.112411
2858,3.64044,0.530941,0.122211,0.106589
2859,3.64044,0.530941,0.122211,0.106589
2860,3.66362,0.561537,0.131398,0.108533
2861,3.62966,0.534786,0.122727,0.114561
2862,3.62848,0.502651,0.116632,0.0997094
2863,3.62848,0.502651,0.116632,0.0997094
2864,3.66908,0.559025,0.12863,0.10213
2865,3.70325,0.594975,0.135811,0.0939701
2866,3.70202,0.593745,0.138881,0.09518
2867,3.69289,0.573066,0.135036,0.0958556
2868,3.69289,0.573066,0.135036,0.0958556
2869,3.71743,0.613344,0.144814,0.101782
2870,3.71743,0.613344,0.144814,0.101782
2871,3.68498,0.585582,0.137386,0.106345
2872,3.68498,0.585582,0.137386,0.106345
2873,3.70643,0.595285,0.137776,0.100432
2874,3.70291,0.612613,0.140973,0.108165
2875,3.70833,0.638333,0.144168,0.113164
2876,3.70833,0.638333,0.144168,0.113164
2877,3.70815,0.618818,0.143978,0.10965
2878,3.69441,0.611281,0.142895,0.113046
2879,3.70497,0.645839,0.147656,0.125142
2880,3.6768,0.567547,0.131875,0.107794
2881,3.68039,0.589969,0.136009,0.112691
2882,3.70314,0.590476,0.136496,0.101146
2883,3.72912,0.644961,0.149446,0.106993
2884,3.67317,0.562297,0.131513,0.103479
2885,3.67909,0.570831,0.1347,0.104189
2886,3.66436,0.530813,0.121737,0.0934428
2887,3.70696,0.572378,0.132679,0.0922765
2888,3.66619,0.522152,0.121737,0.0911629
2889,3.66619,0.522152,0.121737,0.0911629
2890,3.64229,0.489839,0.115711,0.0895112
2891,3.64371,0.48617,0.113737,0.0877801
2892,3.64371,0.48617,0.113737,0.0877801
2893,3.62706,0.478512,0.114438,0.0902859
2894,3.65814,0.527017,0.123428,0.0990748
2895,3.68599,0.537706,0.126287,0.0903879
2896,3.6776,0.53462,0.127839,0.0890507
2897,3.6776,0.53462,0.127839,0.0890507
2898,3.67992,0.53122,0.123126,0.0872494
2899,3.67992,0.53122,0.123126,0.0872494
2900,3.67193,0.526089,0.122475,0.0854252
2901,3.65872,0.509384,0.123015,0.0840325
2902,3.65872,0.509384,0.123015,0.0840325
2903,3.66832,0.533592,0.124285,0.093416
2904,3.65098,0.511293,0.12128,0.0913547
2905,3.62181,0.487033,0.114483,0.097186
2906,3.60288,0.474495,0.112246,0.100361
2907,3.60106,0.459048,0.109492,0.0930872
2908,3.61157,0.494515,0.117282,0.104084
2909,3.61897,0.500194,0.118037,0.103284
2910,3.57065,0.460594,0.107068,0.107941
2911,3.57065,0.460594,0.107068,0.107941
2912,3.54293,0.434053,0.103697,0.112274
2913,3.55444,0.445648,0.102247,0.1133
2914,3.54769,0.450968,0.10514,0.114668
2915,3.57393,0.484913,0.112325,0.116781
2916,3.53301,0.439049,0.106244,0.12093
2917,3.53301,0.439049,0.106244,0.12093
2918,3.58874,0.500854,0.116728,0.11897
2919,3.54766,0.442727,0.10236,0.107591
2920,3.58593,0.490181,0.114949,0.11552
2921,3.59429,0.484811,0.114035,0.110456
2922,3.57113,0.46047,0.109135,0.110753
2923,3.58877,0.487296,0.117337,0.109439
2924,3.58877,0.487296,0.117337,0.109439
2925,3.64636,0.551696,0.129858,0.110489
2926,3.58034,0.465698,0.109549,0.106962
2927,3.59446,0.46122,0.109032,0.0980466
2928,3.59446,0.46122,0.109032,0.0980466
2929,3.56296,0.446786,0.104409,0.105655
2930,3.55037,0.433089,0.101575,0.105381
2931,3.57112,0.445473,0.10512,0.100394
2932,3.59424,0.474547,0.111308,0.101274
2933,3.56544,0.435323,0.103626,0.0975956
2934,3.54794,0.41224,0.0967346,0.0948977
2935,3.57724,0.451401,0.105307,0.102849
2936,3.57335,0.439849,0.104973,0.0964028
2937,3.57335,0.439849,0.104973,0.0964028
2938,3.55329,0.41932,0.100015,0.0923427
2939,3.55329,0.41932,0.100015,0.0923427
2940,3.55193,0.410055,0.098886,0.087962
2941,3.59012,0.446219,0.105709,0.0879607
2942,3.59012,0.446219,0.105709,0.0879607
2943,3.59012,0.446219,0.105709,0.0879607
2944,3.59012,0.446219,0.105709,0.0879607
2945,3.58944,0.444453,0.104764,0.0850631
2946,3.60003,0.440529,0.106076,0.0806331
2947,3.59965,0.431584,0.104255,0.0769697
2948,3.62616,0.447485,0.105181,0.0739589
2949,3.61198,0.420754,0.0981986,0.0691604
2950,3.60053,0.405702,0.0956721,0.0658144
2951,3.60406,0.399306,0.0948144,0.0604813
2952,3.57413,0.400625,0.0967672,0.0751073
2953,3.55394,0.384015,0.0931189,0.0747584
2954,3.6305,0.44737,0.108901,0.0716562
2955,3.60039,0.445538,0.105263,0.0779571
2956,3.60039,0.445538,0.105263,0.0779571
2957,3.61724,0.464506,0.109765,0.082474
2958,3.62574,0.473523,0.113664,0.0849655
2959,3.6417,0.499649,0.114771,0.0868537
2960,3.61865,0.491531,0.112512,0.0976727
2961,3.62989,0.5038,0.118217,0.0996554
2962,3.62292,0.493237,0.116331,0.091651
2963,3.62292,0.493237,0.116331,0.091651
2964,3.62738,0.49149,0.113527,0.093758
2965,3.6478,0.50169,0.117134,0.0868
2966,3.64985,0.526393,0.122201,0.0962962
2967,3.63881,0.502582,0.116942,0.0941154
2968,3.64928,0.524037,0.121668,0.098546
2969,3.63292,0.488847,0.116558,0.0900504
2970,3.61943,0.50036,0.116798,0.100902
2971,3.61058,0.473822,0.110771,0.0969742
2972,3.62286,0.494322,0.117913,0.0994553
2973,3.60171,0.454382,0.10706,0.0932795
2974,3.61317,0.475106,0.109472,0.0963381
2975,3.57798,0.446567,0.107616,0.101197
2976,3.59616,0.479136,0.111733,0.102107
2977,3.5827,0.465047,0.109133,0.105811
2978,3.62943,0.534797,0.126282,0.113511
2979,3.58715,0.479427,0.113435,0.111826
2980,3.58154,0.472396,0.110813,0.112026
2981,3.58154,0.472396,0.110813,0.112026
2982,3.58154,0.472396,0.110813,0.112026
2983,3.58154,0.472396,0.110813,0.112026
2984,3.53764,0.429015,0.0995758,0.110237
2985,3.50427,0.395417,0.0925296,0.106498
2986,3.50427,0.395417,0.0925296,0.106498
2987,3.51154,0.394817,0.0921096,0.0997317
2988,3.50743,0.381527,0.091303,0.0911593
2989,3.53686,0.435825,0.101613,0.0995691
2990,3.54423,0.417764,0.0954759,0.102202
2991,3.55506,0.41884,0.0994711,0.0962331
2992,3.55543,0.420393,0.10023,0.0983588
2993,3.56326,0.412193,0.0942337,0.0878868
2994,3.51135,0.3584,0.0851041,0.0805578
2995,3.52689,0.379828,0.0907889,0.087546
2996,3.55,0.422906,0.0998919,0.0996242
2997,3.56682,0.433317,0.102782,0.0968238
2998,3.59424,0.469981,0.109827,0.100254
2999,3.59424,0.469981,0.109827,0.100254
3000,3.58484,0.462892,0.108763,0.102987
