MDTU,	delS_RMS
10,	0.122781
20,	0.0186677
30,	0.0340582
40,	0.108603
50,	0.803687
60,	0.707634
70,	2.18363
80,	1.33714
90,	1.33059
100,	1.05414
110,	1.24956
120,	0.612105
130,	0.961845
140,	0.866598
150,	1.02843
160,	0.778264
170,	1.17919
180,	0.657625
190,	1.01205
200,	1.26151
210,	0.850637
220,	0.932622
230,	1.03003
240,	1.15538
250,	1.3697
260,	0.980834
270,	0.799786
280,	0.581374
290,	0.933268
300,	0.681526
310,	1.65584
320,	0.753865
330,	0.985094
340,	1.36002
350,	1.0815
360,	0.695444
370,	1.03112
380,	0.742387
390,	1.22942
400,	0.8075
410,	1.20688
420,	0.746308
430,	1.36651
440,	0.843618
450,	1.53126
460,	0.642899
470,	1.10176
480,	1.13776
490,	1.35449
500,	0.964491
510,	1.64682
520,	1.16766
530,	1.15944
540,	0.879077
550,	1.11149
560,	1.57935
570,	0.624935
580,	0.883053
590,	0.965952
600,	1.01339
610,	1.0695
620,	0.590302
630,	1.09197
640,	1.00423
650,	1.28097
660,	1.39114
670,	1.4817
680,	0.804479
690,	0.884428
700,	0.791204
710,	1.93301
720,	1.21106
730,	1.11625
740,	1.68112
750,	0.669898
760,	1.37454
770,	1.42296
780,	0.963408
790,	2.01596
800,	2.1627
810,	1.13528
820,	1.0022
830,	1.16776
840,	0.856719
850,	1.16399
860,	0.960454
870,	0.544009
880,	0.478801
890,	1.24614
900,	0.821279
910,	1.15386
920,	0.923813
930,	0.797855
940,	0.94463
950,	1.117
960,	0.672068
970,	0.979271
980,	0.931259
990,	0.71412
1000,	0.985969
1010,	1.22078
1020,	0.695939
1030,	1.26208
1040,	0.740413
1050,	1.15119
1060,	0.576724
1070,	1.18439
1080,	1.46219
1090,	0.837339
1100,	0.944278
1110,	0.840541
1120,	1.50617
1130,	0.710618
1140,	0.849589
1150,	1.07474
	
	
	
	
	
	
	
	
	
	
	
	
	
	
	
	
	
	
	
	
	
	
	
	
	
	
	
	
	
	
	
	
	
	
	
	
	
	
	
	
	
	
	
	
	
	
	
	
	
	
	
	
	
	
	
	
	
	
	
	
	
	
	
	
	
	
	
	
	
	
	
	
	
	
	
	
	
	
	
	
	
	
	
	
	
	
	
	
	
	
	
	
	
	
	
	
	
	
	
	
	
	
	
	
	
	
	
	
	
	
	
	
	
	
	
	
	
	
	
	
	
	
	
	
	
	
	
	
	
	
	
	
	
	
	
	
	
	
	
	
	
	
	
	
	
	
	
	
	
	
	
	
	
	
	
	
	
	
	
	
	
	
	
	
	
	
	
	
	
	
	
	
	
	
	
	
	
	
	
	
	
	
	
	
	
	
	
	
	
	
	
	
	
	
	
	
	
	
	
	
	
	
	
	
	
	
	
	
	
	
	
	
	
	
	
	
	
	
	
	
	
	
	
	
	
	
	
	
	
	
	
	
	
	
	
	
	
	
	
	
	
	
	
	
	
	
	
	
	
	
	
	
	
	
	
	
	
	
	
	
	
	
	
	
	
	
	
	
	
	
	
	
	
	
	
	
	
	
	
	
	
	
	
	
	
	
	
	
	
	
	
	
	
